episode,step,scenario,scenario_template,scenario_variant,ball_x,ball_y,ball_controller,ball_controller_team,last_goal,reward_p0,team_reward_left_step,team_reward_right_step,actions
1088,1,default,default,0,50.0,37.5,-1,,,-0.0008123455096660763,0.004868561201926757,0.012311988743682648,"[{""move_vx"": 0.0, ""move_vy"": 5.0, ""kick_power"": 0.0, ""kick_dir"": null}, {""move_vx"": 0.0, ""move_vy"": 5.8, ""kick_power"": 0.0, ""kick_dir"": null}, {""move_vx"": 3.8183766184073566, ""move_vy"": 3.8183766184073566, ""kick_power"": 0.0, ""kick_dir"": null}, {""move_vx"": -5.4, ""move_vy"": 0.0, ""kick_power"": 0.0, ""kick_dir"": null}, {""move_vx"": 0.0, ""move_vy"": 0.0, ""kick_power"": 0.0, ""kick_dir"": null}, {""move_vx"": 0.0, ""move_vy"": 6.1, ""kick_power"": 0.0, ""kick_dir"": null}, {""move_vx"": 6.0, ""move_vy"": 0.0, ""kick_power"": 0.0, ""kick_dir"": null}, {""move_vx"": -4.242640687119285, ""move_vy"": -4.242640687119285, ""kick_power"": 0.0, ""kick_dir"": null}, {""move_vx"": 0.0, ""move_vy"": 0.0, ""kick_power"": 0.9, ""kick_dir"": [-0.999999941176474, 0.0]}, {""move_vx"": 5.85986680023054, ""move_vy"": -1.2891706960507183, ""kick_power"": 0.0, ""kick_dir"": null}, {""move_vx"": -4.242640687119285, ""move_vy"": -4.242640687119285, ""kick_power"": 0.0, ""kick_dir"": null}, {""move_vx"": -0.0, ""move_vy"": 0.0, ""kick_power"": 0.7, ""kick_dir"": [-0.9999999750000007, 0.0]}, {""move_vx"": -0.0, ""move_vy"": 0.0, ""kick_power"": 0.0, ""kick_dir"": null}, {""move_vx"": -0.0, ""move_vy"": 0.0, ""kick_power"": 0.4, ""kick_dir"": [-0.9977581441361324, 0.06692280235059424]}, {""move_vx"": -0.0, ""move_vy"": 0.0, ""kick_power"": 0.4, ""kick_dir"": [-0.9958432716251319, -0.09108322606327426]}, {""move_vx"": -0.0, ""move_vy"": 0.0, ""kick_power"": 0.0, ""kick_dir"": null}, {""move_vx"": -4.242640687119285, ""move_vy"": 4.242640687119285, ""kick_power"": 0.0, ""kick_dir"": null}, {""move_vx"": -0.0, ""move_vy"": 6.0, ""kick_power"": 0.0, ""kick_dir"": null}, {""move_vx"": -0.0, ""move_vy"": 0.0, ""kick_power"": 0.9, ""kick_dir"": [-0.99999980000004, 0.0]}, {""move_vx"": 6.4, ""move_vy"": 0.0, ""kick_power"": 0.0, ""kick_dir"": null}, {""move_vx"": -6.300000000000001, ""move_vy"": 0.0, ""kick_power"": 0.0, ""kick_dir"": null}, {""move_vx"": -4.197950719565732, ""move_vy"": -5.247438399457165, ""kick_power"": 0.0, ""kick_dir"": null}]"
1088,2,default,default,0,50.0,37.5,-1,,,-0.0016019753258937528,-0.00046145290928938066,0.000757331276683813,"[{""move_vx"": 0.0, ""move_vy"": 0.0, ""kick_power"": 0.0, ""kick_dir"": null}, {""move_vx"": 0.0, ""move_vy"": 0.0, ""kick_power"": 0.0, ""kick_dir"": null}, {""move_vx"": 3.8183766184073566, ""move_vy"": 3.8183766184073566, ""kick_power"": 0.0, ""kick_dir"": null}, {""move_vx"": -5.4, ""move_vy"": 0.0, ""kick_power"": 0.0, ""kick_dir"": null}, {""move_vx"": -4.6617078006711425, ""move_vy"": 1.6041759196427976, ""kick_power"": 0.0, ""kick_dir"": null}, {""move_vx"": 0.0, ""move_vy"": 6.1, ""kick_power"": 0.0, ""kick_dir"": null}, {""move_vx"": 6.0, ""move_vy"": 0.0, ""kick_power"": 0.0, ""kick_dir"": null}, {""move_vx"": -4.242640687119285, ""move_vy"": -4.242640687119285, ""kick_power"": 0.0, ""kick_dir"": null}, {""move_vx"": 0.0, ""move_vy"": 0.0, ""kick_power"": 0.9, ""kick_dir"": [-0.99998288996626, -0.005839531938696623]}, {""move_vx"": 5.85986680023054, ""move_vy"": -1.2891706960507183, ""kick_power"": 0.0, ""kick_dir"": null}, {""move_vx"": -4.242640687119285, ""move_vy"": -4.242640687119285, ""kick_power"": 0.0, ""kick_dir"": null}, {""move_vx"": -0.0, ""move_vy"": 0.0, ""kick_power"": 0.7, ""kick_dir"": [-0.9999999750000007, 0.0]}, {""move_vx"": 4.1012193308819755, ""move_vy"": 4.1012193308819755, ""kick_power"": 0.0, ""kick_dir"": null}, {""move_vx"": 3.8183766184073566, ""move_vy"": 3.8183766184073566, ""kick_power"": 0.0, ""kick_dir"": null}, {""move_vx"": -0.0, ""move_vy"": 0.0, ""kick_power"": 0.4, ""kick_dir"": [-0.9958785881669581, -0.09069626929141575]}, {""move_vx"": -0.0, ""move_vy"": 0.0, ""kick_power"": 0.0, ""kick_dir"": null}, {""move_vx"": -4.242640687119285, ""move_vy"": 4.242640687119285, ""kick_power"": 0.0, ""kick_dir"": null}, {""move_vx"": -0.0, ""move_vy"": 0.0, ""kick_power"": 0.6, ""kick_dir"": [-0.9999810502425042, -0.006153729539953959]}, {""move_vx"": -0.0, ""move_vy"": 0.0, ""kick_power"": 0.9, ""kick_dir"": [-0.9978120006332224, -0.06611227891618145]}, {""move_vx"": 6.4, ""move_vy"": 0.0, ""kick_power"": 0.0, ""kick_dir"": null}, {""move_vx"": -5.4, ""move_vy"": 0.0, ""kick_power"": 0.0, ""kick_dir"": null}, {""move_vx"": -6.377484657179315, ""move_vy"": 0.5363668962962158, ""kick_power"": 0.0, ""kick_dir"": null}]"
1088,3,default,default,0,50.0,37.5,-1,,,-0.002400493760546121,0.0056314211549008866,0.007430814562313522,"[{""move_vx"": 0.0, ""move_vy"": 0.0, ""kick_power"": 0.0, ""kick_dir"": null}, {""move_vx"": 0.0, ""move_vy"": 0.0, ""kick_power"": 0.0, ""kick_dir"": null}, {""move_vx"": 3.8183766184073566, ""move_vy"": 3.8183766184073566, ""kick_power"": 0.0, ""kick_dir"": null}, {""move_vx"": -5.4, ""move_vy"": 0.0, ""kick_power"": 0.0, ""kick_dir"": null}, {""move_vx"": 4.6617078006713175, ""move_vy"": -1.60417591964229, ""kick_power"": 0.0, ""kick_dir"": null}, {""move_vx"": 0.0, ""move_vy"": 6.1, ""kick_power"": 0.0, ""kick_dir"": null}, {""move_vx"": 6.0, ""move_vy"": 0.0, ""kick_power"": 0.0, ""kick_dir"": null}, {""move_vx"": -4.242640687119285, ""move_vy"": -4.242640687119285, ""kick_power"": 0.0, ""kick_dir"": null}, {""move_vx"": 0.0, ""move_vy"": 0.0, ""kick_power"": 0.9, ""kick_dir"": [-0.9999997912141791, 0.0005478246594676671]}, {""move_vx"": 5.85986680023054, ""move_vy"": -1.2891706960507183, ""kick_power"": 0.0, ""kick_dir"": null}, {""move_vx"": -4.242640687119285, ""move_vy"": -4.242640687119285, ""kick_power"": 0.0, ""kick_dir"": null}, {""move_vx"": -4.5, ""move_vy"": 0.0, ""kick_power"": 0.0, ""kick_dir"": null}, {""move_vx"": -5.554263660706225, ""move_vy"": 1.6703757623236428, ""kick_power"": 0.0, ""kick_dir"": null}, {""move_vx"": -0.0, ""move_vy"": 0.0, ""kick_power"": 0.4, ""kick_dir"": [-0.9979917802459013, 0.0633433675906114]}, {""move_vx"": -0.0, ""move_vy"": 0.0, ""kick_power"": 0.4, ""kick_dir"": [-0.9959139814487185, -0.09030679436735349]}, {""move_vx"": 4.1012193308819755, ""move_vy"": 4.1012193308819755, ""kick_power"": 0.0, ""kick_dir"": null}, {""move_vx"": -4.242640687119285, ""move_vy"": 4.242640687119285, ""kick_power"": 0.0, ""kick_dir"": null}, {""move_vx"": -0.0, ""move_vy"": 6.0, ""kick_power"": 0.0, ""kick_dir"": null}, {""move_vx"": -0.0, ""move_vy"": 0.0, ""kick_power"": 0.9, ""kick_dir"": [-0.9984879172220475, -0.05496843752376078]}, {""move_vx"": 6.4, ""move_vy"": 0.0, ""kick_power"": 0.0, ""kick_dir"": null}, {""move_vx"": -7.199999999999999, ""move_vy"": 0.0, ""kick_power"": 0.0, ""kick_dir"": null}, {""move_vx"": -4.075509961131224, ""move_vy"": -5.343090730721329, ""kick_power"": 0.0, ""kick_dir"": null}]"
1088,4,default,default,0,50.0,37.5,-1,,,-0.0032004937383321394,-0.0011195282034518346,0.001977635059245422,"[{""move_vx"": 0.0, ""move_vy"": 0.0, ""kick_power"": 0.0, ""kick_dir"": null}, {""move_vx"": 0.0, ""move_vy"": 0.0, ""kick_power"": 0.0, ""kick_dir"": null}, {""move_vx"": 3.8183766184073566, ""move_vy"": 3.8183766184073566, ""kick_power"": 0.0, ""kick_dir"": null}, {""move_vx"": -5.4, ""move_vy"": 0.0, ""kick_power"": 0.0, ""kick_dir"": null}, {""move_vx"": -4.661707800671298, ""move_vy"": 1.6041759196423442, ""kick_power"": 0.0, ""kick_dir"": null}, {""move_vx"": 0.0, ""move_vy"": 6.1, ""kick_power"": 0.0, ""kick_dir"": null}, {""move_vx"": 6.0, ""move_vy"": 0.0, ""kick_power"": 0.0, ""kick_dir"": null}, {""move_vx"": -4.242640687119285, ""move_vy"": -4.242640687119285, ""kick_power"": 0.0, ""kick_dir"": null}, {""move_vx"": 0.0, ""move_vy"": 0.0, ""kick_power"": 0.9, ""kick_dir"": [-0.99998288996626, -0.005839531938694925]}, {""move_vx"": 5.85986680023054, ""move_vy"": -1.2891706960507183, ""kick_power"": 0.0, ""kick_dir"": null}, {""move_vx"": -4.242640687119285, ""move_vy"": -4.242640687119285, ""kick_power"": 0.0, ""kick_dir"": null}, {""move_vx"": -0.0, ""move_vy"": 0.0, ""kick_power"": 0.7, ""kick_dir"": [-0.9999999749624443, 0.0]}, {""move_vx"": -5.554263660706225, ""move_vy"": 1.6703757623236422, ""kick_power"": 0.0, ""kick_dir"": null}, {""move_vx"": 3.8183766184073566, ""move_vy"": 3.8183766184073566, ""kick_power"": 0.0, ""kick_dir"": null}, {""move_vx"": -0.0, ""move_vy"": 0.0, ""kick_power"": 0.4, ""kick_dir"": [-0.9959494507180108, -0.08991477681161206]}, {""move_vx"": 4.1012193308819755, ""move_vy"": 4.1012193308819755, ""kick_power"": 0.0, ""kick_dir"": null}, {""move_vx"": -4.242640687119285, ""move_vy"": 4.242640687119285, ""kick_power"": 0.0, ""kick_dir"": null}, {""move_vx"": -0.0, ""move_vy"": 0.0, ""kick_power"": 0.6, ""kick_dir"": [-0.9999242535763992, -0.012306760044017396]}, {""move_vx"": -0.0, ""move_vy"": 0.0, ""kick_power"": 0.9, ""kick_dir"": [-0.9937699670513795, -0.11144918142511813]}, {""move_vx"": -0.0, ""move_vy"": 0.0, ""kick_power"": 0.0, ""kick_dir"": null}, {""move_vx"": -7.199999999999999, ""move_vy"": 0.0, ""kick_power"": 0.0, ""kick_dir"": null}, {""move_vx"": -6.373357176551107, ""move_vy"": 0.5833680657222404, ""kick_power"": 0.0, ""kick_dir"": null}]"
1088,5,default,default,0,50.0,37.5,-1,,,-0.004000493716121142,0.005883424138591193,0.005497588359900733,"[{""move_vx"": 0.0, ""move_vy"": 0.0, ""kick_power"": 0.0, ""kick_dir"": null}, {""move_vx"": 0.0, ""move_vy"": 0.0, ""kick_power"": 0.0, ""kick_dir"": null}, {""move_vx"": 3.8183766184073566, ""move_vy"": 3.8183766184073566, ""kick_power"": 0.0, ""kick_dir"": null}, {""move_vx"": -5.4, ""move_vy"": 0.0, ""kick_power"": 0.0, ""kick_dir"": null}, {""move_vx"": 4.6617078006713175, ""move_vy"": -1.60417591964229, ""kick_power"": 0.0, ""kick_dir"": null}, {""move_vx"": 4.013381069998366, ""move_vy"": 4.180286758941156, ""kick_power"": 0.0, ""kick_dir"": null}, {""move_vx"": 6.0, ""move_vy"": 0.0, ""kick_power"": 0.0, ""kick_dir"": null}, {""move_vx"": -4.242640687119285, ""move_vy"": -4.242640687119285, ""kick_power"": 0.0, ""kick_dir"": null}, {""move_vx"": 0.0, ""move_vy"": 0.0, ""kick_power"": 0.9, ""kick_dir"": [-0.9999997912141791, 0.0005478246594676671]}, {""move_vx"": 5.85986680023054, ""move_vy"": -1.2891706960507183, ""kick_power"": 0.0, ""kick_dir"": null}, {""move_vx"": -4.242640687119285, ""move_vy"": -4.242640687119285, ""kick_power"": 0.0, ""kick_dir"": null}, {""move_vx"": -0.0, ""move_vy"": 0.0, ""kick_power"": 0.7, ""kick_dir"": [-0.9999999750124937, 0.0]}, {""move_vx"": 4.1012193308819755, ""move_vy"": 4.1012193308819755, ""kick_power"": 0.0, ""kick_dir"": null}, {""move_vx"": -0.0, ""move_vy"": 0.0, ""kick_power"": 0.4, ""kick_dir"": [-0.998204707893325, 0.05989438026586646]}, {""move_vx"": -0.0, ""move_vy"": 0.0, ""kick_power"": 0.4, ""kick_dir"": [-0.9959849951930271, -0.08952019182880062]}, {""move_vx"": 4.1012193308819755, ""move_vy"": 4.1012193308819755, ""kick_power"": 0.0, ""kick_dir"": null}, {""move_vx"": -4.242640687119285, ""move_vy"": 4.242640687119285, ""kick_power"": 0.0, ""kick_dir"": null}, {""move_vx"": -0.0, ""move_vy"": 6.0, ""kick_power"": 0.0, ""kick_dir"": null}, {""move_vx"": -0.0, ""move_vy"": 0.0, ""kick_power"": 0.9, ""kick_dir"": [0.9503758868910936, -0.3111037680564784]}, {""move_vx"": -6.4, ""move_vy"": 0.0, ""kick_power"": 0.0, ""kick_dir"": null}, {""move_vx"": -7.199999999999999, ""move_vy"": 0.0, ""kick_power"": 0.0, ""kick_dir"": null}, {""move_vx"": -6.4, ""move_vy"": 0.0, ""kick_power"": 0.0, ""kick_dir"": null}]"
1088,6,default,default,0,50.0,37.5,-1,,,-0.0048004936939131295,-0.0027107360414545052,-0.00567516779641662,"[{""move_vx"": 0.0, ""move_vy"": 0.0, ""kick_power"": 0.0, ""kick_dir"": null}, {""move_vx"": 0.0, ""move_vy"": 0.0, ""kick_power"": 0.0, ""kick_dir"": null}, {""move_vx"": 3.8183766184073566, ""move_vy"": 3.8183766184073566, ""kick_power"": 0.0, ""kick_dir"": null}, {""move_vx"": -5.4, ""move_vy"": 0.0, ""kick_power"": 0.0, ""kick_dir"": null}, {""move_vx"": -4.661707800671298, ""move_vy"": 1.6041759196423442, ""kick_power"": 0.0, ""kick_dir"": null}, {""move_vx"": 0.0, ""move_vy"": 6.1, ""kick_power"": 0.0, ""kick_dir"": null}, {""move_vx"": 6.0, ""move_vy"": 0.0, ""kick_power"": 0.0, ""kick_dir"": null}, {""move_vx"": -4.242640687119285, ""move_vy"": -4.242640687119285, ""kick_power"": 0.0, ""kick_dir"": null}, {""move_vx"": 0.0, ""move_vy"": 0.0, ""kick_power"": 0.9, ""kick_dir"": [-0.99998288996626, -0.005839531938694925]}, {""move_vx"": 5.85986680023054, ""move_vy"": -1.2891706960507183, ""kick_power"": 0.0, ""kick_dir"": null}, {""move_vx"": 0.0, ""move_vy"": 0.0, ""kick_power"": 0.0, ""kick_dir"": null}, {""move_vx"": -0.0, ""move_vy"": 0.0, ""kick_power"": 0.7, ""kick_dir"": [-0.9999999750089239, 0.0]}, {""move_vx"": 4.1012193308819755, ""move_vy"": 4.1012193308819755, ""kick_power"": 0.0, ""kick_dir"": null}, {""move_vx"": 3.8183766184073566, ""move_vy"": 3.8183766184073566, ""kick_power"": 0.0, ""kick_dir"": null}, {""move_vx"": -0.0, ""move_vy"": 0.0, ""kick_power"": 0.4, ""kick_dir"": [-0.9960206140617573, -0.08912301430254366]}, {""move_vx"": 4.1012193308819755, ""move_vy"": 4.1012193308819755, ""kick_power"": 0.0, ""kick_dir"": null}, {""move_vx"": -4.242640687119285, ""move_vy"": 4.242640687119285, ""kick_power"": 0.0, ""kick_dir"": null}, {""move_vx"": -0.0, ""move_vy"": 0.0, ""kick_power"": 0.6, ""kick_dir"": [-0.9998296139685743, -0.018458392873266248]}, {""move_vx"": -0.0, ""move_vy"": 0.0, ""kick_power"": 0.9, ""kick_dir"": [0.9478231796823335, -0.31879632884700293]}, {""move_vx"": 6.4, ""move_vy"": 0.0, ""kick_power"": 0.0, ""kick_dir"": null}, {""move_vx"": -7.199999999999999, ""move_vy"": 0.0, ""kick_power"": 0.0, ""kick_dir"": null}, {""move_vx"": -6.4, ""move_vy"": 0.0, ""kick_power"": 0.0, ""kick_dir"": null}]"
1088,7,default,default,0,50.0,37.5,-1,,,-0.0056004936717081715,-0.001678646814971581,-0.003307651557817258,"[{""move_vx"": 0.0, ""move_vy"": 0.0, ""kick_power"": 0.0, ""kick_dir"": null}, {""move_vx"": 0.0, ""move_vy"": 0.0, ""kick_power"": 0.0, ""kick_dir"": null}, {""move_vx"": 3.8183766184073566, ""move_vy"": 3.8183766184073566, ""kick_power"": 0.0, ""kick_dir"": null}, {""move_vx"": -5.4, ""move_vy"": 0.0, ""kick_power"": 0.0, ""kick_dir"": null}, {""move_vx"": 4.6617078006713175, ""move_vy"": -1.60417591964229, ""kick_power"": 0.0, ""kick_dir"": null}, {""move_vx"": 0.0, ""move_vy"": 0.0, ""kick_power"": 0.7, ""kick_dir"": [0.9735617533252371, 0.22842390939375787]}, {""move_vx"": 6.0, ""move_vy"": 0.0, ""kick_power"": 0.0, ""kick_dir"": null}, {""move_vx"": -4.242640687119285, ""move_vy"": -4.242640687119285, ""kick_power"": 0.0, ""kick_dir"": null}, {""move_vx"": 0.0, ""move_vy"": 0.0, ""kick_power"": 0.9, ""kick_dir"": [-0.9999997912141791, 0.0005478246594676671]}, {""move_vx"": 4.242640687119285, ""move_vy"": -4.242640687119285, ""kick_power"": 0.0, ""kick_dir"": null}, {""move_vx"": 0.0, ""move_vy"": 0.0, ""kick_power"": 0.0, ""kick_dir"": null}, {""move_vx"": -0.0, ""move_vy"": 0.0, ""kick_power"": 0.7, ""kick_dir"": [-0.9999999750587786, 0.0]}, {""move_vx"": 4.1012193308819755, ""move_vy"": 4.1012193308819755, ""kick_power"": 0.0, ""kick_dir"": null}, {""move_vx"": -0.0, ""move_vy"": 0.0, ""kick_power"": 0.4, ""kick_dir"": [-0.9983984568450022, 0.05657293530693564]}, {""move_vx"": -0.0, ""move_vy"": -5.4, ""kick_power"": 0.0, ""kick_dir"": null}, {""move_vx"": 4.1012193308819755, ""move_vy"": 4.1012193308819755, ""kick_power"": 0.0, ""kick_dir"": null}, {""move_vx"": -4.242640687119285, ""move_vy"": 4.242640687119285, ""kick_power"": 0.0, ""kick_dir"": null}, {""move_vx"": -0.0, ""move_vy"": 6.0, ""kick_power"": 0.0, ""kick_dir"": null}, {""move_vx"": -0.0, ""move_vy"": 0.0, ""kick_power"": 0.9, ""kick_dir"": [0.9451338724107643, -0.3266830891852344]}, {""move_vx"": 6.4, ""move_vy"": 0.0, ""kick_power"": 0.0, ""kick_dir"": null}, {""move_vx"": -5.4, ""move_vy"": 0.0, ""kick_power"": 0.0, ""kick_dir"": null}, {""move_vx"": -6.4, ""move_vy"": 0.0, ""kick_power"": 0.0, ""kick_dir"": null}]"
1088,8,default,default,0,50.0,37.5,-1,,,-0.006400493649506127,-0.0055008951152516975,-0.005302293531280649,"[{""move_vx"": 0.0, ""move_vy"": 0.0, ""kick_power"": 0.0, ""kick_dir"": null}, {""move_vx"": 0.0, ""move_vy"": 0.0, ""kick_power"": 0.0, ""kick_dir"": null}, {""move_vx"": 3.8183766184073566, ""move_vy"": 3.8183766184073566, ""kick_power"": 0.0, ""kick_dir"": null}, {""move_vx"": -5.4, ""move_vy"": 0.0, ""kick_power"": 0.0, ""kick_dir"": null}, {""move_vx"": -4.661707800671298, ""move_vy"": 1.6041759196423442, ""kick_power"": 0.0, ""kick_dir"": null}, {""move_vx"": 0.0, ""move_vy"": 6.1, ""kick_power"": 0.0, ""kick_dir"": null}, {""move_vx"": 6.0, ""move_vy"": 0.0, ""kick_power"": 0.0, ""kick_dir"": null}, {""move_vx"": -4.242640687119285, ""move_vy"": -4.242640687119285, ""kick_power"": 0.0, ""kick_dir"": null}, {""move_vx"": 0.0, ""move_vy"": 0.0, ""kick_power"": 0.9, ""kick_dir"": [-0.99998288996626, -0.005839531938694925]}, {""move_vx"": 4.242640687119285, ""move_vy"": -4.242640687119285, ""kick_power"": 0.0, ""kick_dir"": null}, {""move_vx"": 0.0, ""move_vy"": 0.0, ""kick_power"": 0.0, ""kick_dir"": null}, {""move_vx"": -0.0, ""move_vy"": 0.0, ""kick_power"": 0.7, ""kick_dir"": [-0.9999999750338714, 0.0]}, {""move_vx"": 4.1012193308819755, ""move_vy"": 4.1012193308819755, ""kick_power"": 0.0, ""kick_dir"": null}, {""move_vx"": 3.8183766184073566, ""move_vy"": 3.8183766184073566, ""kick_power"": 0.0, ""kick_dir"": null}, {""move_vx"": -0.0, ""move_vy"": -5.4, ""kick_power"": 0.0, ""kick_dir"": null}, {""move_vx"": 4.1012193308819755, ""move_vy"": 4.1012193308819755, ""kick_power"": 0.0, ""kick_dir"": null}, {""move_vx"": -4.242640687119285, ""move_vy"": 4.242640687119285, ""kick_power"": 0.0, ""kick_dir"": null}, {""move_vx"": -0.0, ""move_vy"": 0.0, ""kick_power"": 0.6, ""kick_dir"": [-0.9996971636511911, -0.024607930182183515]}, {""move_vx"": -0.0, ""move_vy"": 0.0, ""kick_power"": 0.9, ""kick_dir"": [0.9381758071086383, -0.346158971276775]}, {""move_vx"": 6.4, ""move_vy"": 0.0, ""kick_power"": 0.0, ""kick_dir"": null}, {""move_vx"": -7.199999999999999, ""move_vy"": 0.0, ""kick_power"": 0.0, ""kick_dir"": null}, {""move_vx"": -6.4, ""move_vy"": 0.0, ""kick_power"": 0.0, ""kick_dir"": null}]"
1088,9,default,default,0,50.0,37.5,20,B,,-0.007200493627307137,-0.0022805677126748153,2.7471381408196147,"[{""move_vx"": 0.0, ""move_vy"": 0.0, ""kick_power"": 0.0, ""kick_dir"": null}, {""move_vx"": 0.0, ""move_vy"": 0.0, ""kick_power"": 0.0, ""kick_dir"": null}, {""move_vx"": 3.8183766184073566, ""move_vy"": 3.8183766184073566, ""kick_power"": 0.0, ""kick_dir"": null}, {""move_vx"": -5.4, ""move_vy"": 0.0, ""kick_power"": 0.0, ""kick_dir"": null}, {""move_vx"": 4.6617078006713175, ""move_vy"": -1.60417591964229, ""kick_power"": 0.0, ""kick_dir"": null}, {""move_vx"": 0.0, ""move_vy"": 0.0, ""kick_power"": 0.7, ""kick_dir"": [0.9749064697970319, 0.22261479067389042]}, {""move_vx"": 6.0, ""move_vy"": 0.0, ""kick_power"": 0.0, ""kick_dir"": null}, {""move_vx"": -4.242640687119285, ""move_vy"": -4.242640687119285, ""kick_power"": 0.0, ""kick_dir"": null}, {""move_vx"": 0.0, ""move_vy"": 0.0, ""kick_power"": 0.9, ""kick_dir"": [-0.9999997912141791, 0.0005478246594676671]}, {""move_vx"": 4.242640687119285, ""move_vy"": -4.242640687119285, ""kick_power"": 0.0, ""kick_dir"": null}, {""move_vx"": 0.0, ""move_vy"": 0.0, ""kick_power"": 0.0, ""kick_dir"": null}, {""move_vx"": -0.0, ""move_vy"": 0.0, ""kick_power"": 0.7, ""kick_dir"": [-0.9999999750089148, 0.0]}, {""move_vx"": 4.1012193308819755, ""move_vy"": 4.1012193308819755, ""kick_power"": 0.0, ""kick_dir"": null}, {""move_vx"": -0.0, ""move_vy"": 0.0, ""kick_power"": 0.4, ""kick_dir"": [-0.9985744944838766, 0.0533755992767171]}, {""move_vx"": -0.0, ""move_vy"": -5.4, ""kick_power"": 0.0, ""kick_dir"": null}, {""move_vx"": 4.1012193308819755, ""move_vy"": 4.1012193308819755, ""kick_power"": 0.0, ""kick_dir"": null}, {""move_vx"": -4.242640687119285, ""move_vy"": 4.242640687119285, ""kick_power"": 0.0, ""kick_dir"": null}, {""move_vx"": -0.0, ""move_vy"": 0.0, ""kick_power"": 0.6, ""kick_dir"": [-0.9996971636511911, -0.024607930182183515]}, {""move_vx"": -0.0, ""move_vy"": 0.0, ""kick_power"": 0.9, ""kick_dir"": [0.9309300306036965, -0.36519742263382066]}, {""move_vx"": 6.4, ""move_vy"": 0.0, ""kick_power"": 0.0, ""kick_dir"": null}, {""move_vx"": -5.4, ""move_vy"": 0.0, ""kick_power"": 0.0, ""kick_dir"": null}, {""move_vx"": -6.4, ""move_vy"": 0.0, ""kick_power"": 0.0, ""kick_dir"": null}]"
1088,10,default,default,0,50.166097062362226,37.142473353340534,20,B,,-0.009045891021654762,-0.011054848405828642,0.29750520705110517,"[{""move_vx"": 3.5355339059327373, ""move_vy"": 3.5355339059327373, ""kick_power"": 0.0, ""kick_dir"": null}, {""move_vx"": 4.6639132771621705, ""move_vy"": 2.933941537098247, ""kick_power"": 0.0, ""kick_dir"": null}, {""move_vx"": -5.4, ""move_vy"": 0.0, ""kick_power"": 0.0, ""kick_dir"": null}, {""move_vx"": -5.4, ""move_vy"": 0.0, ""kick_power"": 0.0, ""kick_dir"": null}, {""move_vx"": 5.8, ""move_vy"": 0.0, ""kick_power"": 0.0, ""kick_dir"": null}, {""move_vx"": 0.0, ""move_vy"": 0.0, ""kick_power"": 0.7, ""kick_dir"": [0.9749064697970319, 0.22261479067389042]}, {""move_vx"": 5.674147100821862, ""move_vy"": 2.7375271100456473, ""kick_power"": 0.0, ""kick_dir"": null}, {""move_vx"": -4.242640687119285, ""move_vy"": -4.242640687119285, ""kick_power"": 0.0, ""kick_dir"": null}, {""move_vx"": 3.6839235303300724, ""move_vy"": -4.473335715400802, ""kick_power"": 0.0, ""kick_dir"": null}, {""move_vx"": 5.87676804361838, ""move_vy"": -1.2097922803133603, ""kick_power"": 0.0, ""kick_dir"": null}, {""move_vx"": 0.0, ""move_vy"": 0.0, ""kick_power"": 0.0, ""kick_dir"": null}, {""move_vx"": -0.0, ""move_vy"": 0.0, ""kick_power"": 0.9, ""kick_dir"": [-0.9451323942748304, 0.32668750856657675]}, {""move_vx"": -5.599667465732881, ""move_vy"": 1.5111996139533306, ""kick_power"": 0.0, ""kick_dir"": null}, {""move_vx"": -5.4, ""move_vy"": 0.0, ""kick_power"": 0.0, ""kick_dir"": null}, {""move_vx"": -0.0, ""move_vy"": -5.4, ""kick_power"": 0.0, ""kick_dir"": null}, {""move_vx"": 4.1012193308819755, ""move_vy"": 4.1012193308819755, ""kick_power"": 0.0, ""kick_dir"": null}, {""move_vx"": -4.242640687119285, ""move_vy"": 4.242640687119285, ""kick_power"": 0.0, ""kick_dir"": null}, {""move_vx"": -4.242640687119285, ""move_vy"": -4.242640687119285, ""kick_power"": 0.0, ""kick_dir"": null}, {""move_vx"": 4.242640687119285, ""move_vy"": 4.242640687119285, ""kick_power"": 0.0, ""kick_dir"": null}, {""move_vx"": -0.0, ""move_vy"": 0.0, ""kick_power"": 0.9, ""kick_dir"": [0.2054592936205263, 0.9786652695140703]}, {""move_vx"": -5.603417625826555, ""move_vy"": -2.1451598799568026, ""kick_power"": 0.0, ""kick_dir"": null}, {""move_vx"": -6.4, ""move_vy"": 0.0, ""kick_power"": 0.0, ""kick_dir"": null}]"
1088,11,default,default,0,49.64644311694017,37.360034122344565,20,B,,-0.004544145974671027,0.034972240935360006,0.28395029524432597,"[{""move_vx"": 4.711752752163746, ""move_vy"": -0.6015696156533855, ""kick_power"": 0.0, ""kick_dir"": null}, {""move_vx"": 6.639710067332736, ""move_vy"": 3.5729329998980273, ""kick_power"": 0.0, ""kick_dir"": null}, {""move_vx"": -5.4, ""move_vy"": 0.0, ""kick_power"": 0.0, ""kick_dir"": null}, {""move_vx"": 0.0, ""move_vy"": 5.4, ""kick_power"": 0.0, ""kick_dir"": null}, {""move_vx"": 0.0, ""move_vy"": -5.8, ""kick_power"": 0.0, ""kick_dir"": null}, {""move_vx"": 0.0, ""move_vy"": 0.0, ""kick_power"": 0.7, ""kick_dir"": [0.9749064697970319, 0.22261479067389042]}, {""move_vx"": 6.0, ""move_vy"": 0.0, ""kick_power"": 0.0, ""kick_dir"": null}, {""move_vx"": -4.242640687119285, ""move_vy"": 4.242640687119285, ""kick_power"": 0.0, ""kick_dir"": null}, {""move_vx"": 3.884700157298791, ""move_vy"": -5.09245811842206, ""kick_power"": 0.0, ""kick_dir"": null}, {""move_vx"": 5.355581240750691, ""move_vy"": 2.7051339289800955, ""kick_power"": 0.0, ""kick_dir"": null}, {""move_vx"": 0.0, ""move_vy"": 0.0, ""kick_power"": 0.0, ""kick_dir"": null}, {""move_vx"": -0.0, ""move_vy"": 0.0, ""kick_power"": 0.0, ""kick_dir"": null}, {""move_vx"": -5.603505078635729, ""move_vy"": 1.4969070892021281, ""kick_power"": 0.0, ""kick_dir"": null}, {""move_vx"": -5.4, ""move_vy"": 0.0, ""kick_power"": 0.0, ""kick_dir"": null}, {""move_vx"": -0.0, ""move_vy"": -5.4, ""kick_power"": 0.0, ""kick_dir"": null}, {""move_vx"": 4.1012193308819755, ""move_vy"": 4.1012193308819755, ""kick_power"": 0.0, ""kick_dir"": null}, {""move_vx"": -4.242640687119285, ""move_vy"": 4.242640687119285, ""kick_power"": 0.0, ""kick_dir"": null}, {""move_vx"": -7.498447138278542, ""move_vy"": -0.15261230108466733, ""kick_power"": 0.0, ""kick_dir"": null}, {""move_vx"": 4.242640687119285, ""move_vy"": 4.242640687119285, ""kick_power"": 0.0, ""kick_dir"": null}, {""move_vx"": -0.0, ""move_vy"": 0.0, ""kick_power"": 0.9, ""kick_dir"": [0.08859466084291541, 0.9960674082331145]}, {""move_vx"": -7.199971386698116, ""move_vy"": 0.020298540055718375, ""kick_power"": 0.0, ""kick_dir"": null}, {""move_vx"": -0.0, ""move_vy"": 0.0, ""kick_power"": 0.9, ""kick_dir"": [0.995055179209023, 0.09932257068616024]}]"
1088,12,default,default,0,49.16644502449363,37.361387358348274,20,B,,-0.000248052193470261,0.02681511596897073,0.2864795158791564,"[{""move_vx"": 5.999890631438092, ""move_vy"": -0.03622721051119873, ""kick_power"": 0.0, ""kick_dir"": null}, {""move_vx"": 4.6564520097292466, ""move_vy"": 2.9457689456385503, ""kick_power"": 0.0, ""kick_dir"": null}, {""move_vx"": -5.4, ""move_vy"": 0.0, ""kick_power"": 0.0, ""kick_dir"": null}, {""move_vx"": 0.0, ""move_vy"": 0.0, ""kick_power"": 0.4, ""kick_dir"": [-0.7686540495874493, -0.6396645891196299]}, {""move_vx"": 4.555681321445834, ""move_vy"": -3.099333427921161, ""kick_power"": 0.0, ""kick_dir"": null}, {""move_vx"": 0.0, ""move_vy"": 0.0, ""kick_power"": 0.7, ""kick_dir"": [0.9749064697970319, 0.22261479067389042]}, {""move_vx"": 6.0, ""move_vy"": 0.0, ""kick_power"": 0.0, ""kick_dir"": null}, {""move_vx"": -4.242640687119285, ""move_vy"": 4.242640687119285, ""kick_power"": 0.0, ""kick_dir"": null}, {""move_vx"": -6.1, ""move_vy"": 0.0, ""kick_power"": 0.0, ""kick_dir"": null}, {""move_vx"": 5.870296694953442, ""move_vy"": -1.2408129243438322, ""kick_power"": 0.0, ""kick_dir"": null}, {""move_vx"": 0.0, ""move_vy"": 0.0, ""kick_power"": 0.0, ""kick_dir"": null}, {""move_vx"": -0.0, ""move_vy"": 0.0, ""kick_power"": 0.0, ""kick_dir"": null}, {""move_vx"": -5.602539744627021, ""move_vy"": 1.5005160478564026, ""kick_power"": 0.0, ""kick_dir"": null}, {""move_vx"": -5.4, ""move_vy"": 0.0, ""kick_power"": 0.0, ""kick_dir"": null}, {""move_vx"": -0.0, ""move_vy"": -5.4, ""kick_power"": 0.0, ""kick_dir"": null}, {""move_vx"": 5.8, ""move_vy"": 0.0, ""kick_power"": 0.0, ""kick_dir"": null}, {""move_vx"": -4.242640687119285, ""move_vy"": 4.242640687119285, ""kick_power"": 0.0, ""kick_dir"": null}, {""move_vx"": -7.498447138278542, ""move_vy"": -0.1526123010846675, ""kick_power"": 0.0, ""kick_dir"": null}, {""move_vx"": 4.242640687119285, ""move_vy"": 4.242640687119285, ""kick_power"": 0.0, ""kick_dir"": null}, {""move_vx"": -0.0, ""move_vy"": 0.0, ""kick_power"": 0.9, ""kick_dir"": [-0.010049995532988196, 0.9999491761075732]}, {""move_vx"": -7.199971386698116, ""move_vy"": 0.020298540055719173, ""kick_power"": 0.0, ""kick_dir"": null}, {""move_vx"": -0.0, ""move_vy"": 0.0, ""kick_power"": 0.9, ""kick_dir"": [0.9920586699342526, 0.12577513772711377]}]"
1088,13,default,default,0,48.6864469320471,37.36274059435199,20,B,,0.004048041383288531,0.03050831086684273,0.2913731462497916,"[{""move_vx"": 5.999890950111016, ""move_vy"": -0.036174393926121734, ""kick_power"": 0.0, ""kick_dir"": null}, {""move_vx"": 0.0, ""move_vy"": 0.0, ""kick_power"": 0.0, ""kick_dir"": null}, {""move_vx"": -5.4, ""move_vy"": 0.0, ""kick_power"": 0.0, ""kick_dir"": null}, {""move_vx"": 0.0, ""move_vy"": 0.0, ""kick_power"": 0.4, ""kick_dir"": [-0.776505097934793, -0.6301108386095222]}, {""move_vx"": 4.536638367243633, ""move_vy"": -3.127141238392188, ""kick_power"": 0.0, ""kick_dir"": null}, {""move_vx"": 0.0, ""move_vy"": 0.0, ""kick_power"": 0.7, ""kick_dir"": [0.9749064697970319, 0.22261479067389042]}, {""move_vx"": 4.242640687119285, ""move_vy"": -4.242640687119285, ""kick_power"": 0.0, ""kick_dir"": null}, {""move_vx"": -4.242640687119285, ""move_vy"": 4.242640687119285, ""kick_power"": 0.0, ""kick_dir"": null}, {""move_vx"": 3.6311334483615485, ""move_vy"": -4.516292160632431, ""kick_power"": 0.0, ""kick_dir"": null}, {""move_vx"": 5.3423170555292625, ""move_vy"": 2.731235705354108, ""kick_power"": 0.0, ""kick_dir"": null}, {""move_vx"": 0.0, ""move_vy"": 0.0, ""kick_power"": 0.0, ""kick_dir"": null}, {""move_vx"": -0.0, ""move_vy"": 0.0, ""kick_power"": 0.0, ""kick_dir"": null}, {""move_vx"": -5.60410185762305, ""move_vy"": 1.4946713248690744, ""kick_power"": 0.0, ""kick_dir"": null}, {""move_vx"": -5.4, ""move_vy"": 0.0, ""kick_power"": 0.0, ""kick_dir"": null}, {""move_vx"": -0.0, ""move_vy"": -5.4, ""kick_power"": 0.0, ""kick_dir"": null}, {""move_vx"": 5.8, ""move_vy"": 0.0, ""kick_power"": 0.0, ""kick_dir"": null}, {""move_vx"": -4.242640687119285, ""move_vy"": 4.242640687119285, ""kick_power"": 0.0, ""kick_dir"": null}, {""move_vx"": -7.498447138278542, ""move_vy"": -0.1526123010846677, ""kick_power"": 0.0, ""kick_dir"": null}, {""move_vx"": 4.242640687119285, ""move_vy"": 4.242640687119285, ""kick_power"": 0.0, ""kick_dir"": null}, {""move_vx"": -6.4, ""move_vy"": 0.0, ""kick_power"": 0.0, ""kick_dir"": null}, {""move_vx"": -7.199971386698117, ""move_vy"": 0.020298540055719995, ""kick_power"": 0.0, ""kick_dir"": null}, {""move_vx"": -0.0, ""move_vy"": 0.0, ""kick_power"": 0.9, ""kick_dir"": [0.9886179616725324, 0.15044707554433084]}]"
1088,14,default,default,0,48.20644883960056,37.3640938303557,20,B,,0.008344134752335856,0.022035421186306716,0.2850603888254042,"[{""move_vx"": 5.999891273592229, ""move_vy"": -0.03612070143044892, ""kick_power"": 0.0, ""kick_dir"": null}, {""move_vx"": 0.0, ""move_vy"": 0.0, ""kick_power"": 0.0, ""kick_dir"": null}, {""move_vx"": -5.4, ""move_vy"": 0.0, ""kick_power"": 0.0, ""kick_dir"": null}, {""move_vx"": -5.4, ""move_vy"": 0.0, ""kick_power"": 0.0, ""kick_dir"": null}, {""move_vx"": 0.0, ""move_vy"": 0.0, ""kick_power"": 0.6, ""kick_dir"": [0.9744648802617265, -0.22453991403139087]}, {""move_vx"": 0.0, ""move_vy"": 0.0, ""kick_power"": 0.7, ""kick_dir"": [0.9749064697970319, 0.22261479067389042]}, {""move_vx"": 6.0, ""move_vy"": 0.0, ""kick_power"": 0.0, ""kick_dir"": null}, {""move_vx"": -4.242640687119285, ""move_vy"": 4.242640687119285, ""kick_power"": 0.0, ""kick_dir"": null}, {""move_vx"": 3.5840851759114583, ""move_vy"": -4.55371918895003, ""kick_power"": 0.0, ""kick_dir"": null}, {""move_vx"": 5.863471684851134, ""move_vy"": -1.2726742713471533, ""kick_power"": 0.0, ""kick_dir"": null}, {""move_vx"": 0.0, ""move_vy"": 0.0, ""kick_power"": 0.0, ""kick_dir"": null}, {""move_vx"": -0.0, ""move_vy"": 0.0, ""kick_power"": 0.0, ""kick_dir"": null}, {""move_vx"": -5.605655825300307, ""move_vy"": 1.4888326864616905, ""kick_power"": 0.0, ""kick_dir"": null}, {""move_vx"": -3.8183766184073566, ""move_vy"": -3.8183766184073566, ""kick_power"": 0.0, ""kick_dir"": null}, {""move_vx"": -0.0, ""move_vy"": -5.4, ""kick_power"": 0.0, ""kick_dir"": null}, {""move_vx"": 5.8, ""move_vy"": 0.0, ""kick_power"": 0.0, ""kick_dir"": null}, {""move_vx"": -0.0, ""move_vy"": 0.0, ""kick_power"": 0.9, ""kick_dir"": [0.04626279345438327, -0.9989290318116235]}, {""move_vx"": -7.498447138278541, ""move_vy"": -0.15261230108466786, ""kick_power"": 0.0, ""kick_dir"": null}, {""move_vx"": 4.242640687119285, ""move_vy"": 4.242640687119285, ""kick_power"": 0.0, ""kick_dir"": null}, {""move_vx"": -0.0, ""move_vy"": 0.0, ""kick_power"": 0.9, ""kick_dir"": [-0.04626279345438327, 0.9989290318116235]}, {""move_vx"": -7.199971386698116, ""move_vy"": 0.020298540055720824, ""kick_power"": 0.0, ""kick_dir"": null}, {""move_vx"": -0.0, ""move_vy"": 0.0, ""kick_power"": 0.9, ""kick_dir"": [0.9848389911158554, 0.17347035700900662]}]"
1088,15,default,default,0,47.726450747154026,37.36544706635941,20,B,,0.012640227910307368,0.029067761631275606,0.2836187789305117,"[{""move_vx"": 5.9998916020154685, ""move_vy"": -0.036066106862967934, ""kick_power"": 0.0, ""kick_dir"": null}, {""move_vx"": 0.0, ""move_vy"": 0.0, ""kick_power"": 0.0, ""kick_dir"": null}, {""move_vx"": 0.0, ""move_vy"": 0.0, ""kick_power"": 0.4, ""kick_dir"": [-0.969349027003263, 0.24568743622354464]}, {""move_vx"": -5.4, ""move_vy"": 0.0, ""kick_power"": 0.0, ""kick_dir"": null}, {""move_vx"": 0.0, ""move_vy"": 0.0, ""kick_power"": 0.0, ""kick_dir"": null}, {""move_vx"": 0.0, ""move_vy"": 0.0, ""kick_power"": 0.7, ""kick_dir"": [0.9749064697970319, 0.22261479067389042]}, {""move_vx"": 6.0, ""move_vy"": 0.0, ""kick_power"": 0.0, ""kick_dir"": null}, {""move_vx"": -4.242640687119285, ""move_vy"": 4.242640687119285, ""kick_power"": 0.0, ""kick_dir"": null}, {""move_vx"": 3.5351547096197358, ""move_vy"": -4.591808595646533, ""kick_power"": 0.0, ""kick_dir"": null}, {""move_vx"": 5.328562416711876, ""move_vy"": 2.7579743601429088, ""kick_power"": 0.0, ""kick_dir"": null}, {""move_vx"": 0.0, ""move_vy"": 0.0, ""kick_power"": 0.0, ""kick_dir"": null}, {""move_vx"": -0.0, ""move_vy"": 0.0, ""kick_power"": 0.0, ""kick_dir"": null}, {""move_vx"": -5.6072016640291835, ""move_vy"": 1.483000168209144, ""kick_power"": 0.0, ""kick_dir"": null}, {""move_vx"": -5.4, ""move_vy"": 0.0, ""kick_power"": 0.0, ""kick_dir"": null}, {""move_vx"": -0.0, ""move_vy"": -5.4, ""kick_power"": 0.0, ""kick_dir"": null}, {""move_vx"": 5.8, ""move_vy"": 0.0, ""kick_power"": 0.0, ""kick_dir"": null}, {""move_vx"": -0.0, ""move_vy"": 0.0, ""kick_power"": 0.9, ""kick_dir"": [0.04626279345438327, -0.9989290318116235]}, {""move_vx"": -0.0, ""move_vy"": 0.0, ""kick_power"": 0.6, ""kick_dir"": [-0.9997929358325793, -0.02034830648691278]}, {""move_vx"": 4.242640687119285, ""move_vy"": 4.242640687119285, ""kick_power"": 0.0, ""kick_dir"": null}, {""move_vx"": -0.0, ""move_vy"": 0.0, ""kick_power"": 0.9, ""kick_dir"": [-0.04626279345438327, 0.9989290318116235]}, {""move_vx"": -7.199971386698116, ""move_vy"": 0.020298540055721674, ""kick_power"": 0.0, ""kick_dir"": null}, {""move_vx"": -0.0, ""move_vy"": 0.0, ""kick_power"": 0.9, ""kick_dir"": [0.9808090330021737, 0.19497038276923823]}]"
1088,16,default,default,0,47.24645265470749,37.36680030236312,20,B,,0.01693632085373924,0.022085992884218128,0.2926442269519553,"[{""move_vx"": 5.99989193551996, ""move_vy"": -0.03601058292437779, ""kick_power"": 0.0, ""kick_dir"": null}, {""move_vx"": 0.0, ""move_vy"": 0.0, ""kick_power"": 0.0, ""kick_dir"": null}, {""move_vx"": -5.4, ""move_vy"": 0.0, ""kick_power"": 0.0, ""kick_dir"": null}, {""move_vx"": -5.4, ""move_vy"": 0.0, ""kick_power"": 0.0, ""kick_dir"": null}, {""move_vx"": 5.220725194053452, ""move_vy"": -2.526663501176117, ""kick_power"": 0.0, ""kick_dir"": null}, {""move_vx"": 0.0, ""move_vy"": 0.0, ""kick_power"": 0.7, ""kick_dir"": [0.9749064697970319, 0.22261479067389042]}, {""move_vx"": 6.0, ""move_vy"": 0.0, ""kick_power"": 0.0, ""kick_dir"": null}, {""move_vx"": -4.242640687119285, ""move_vy"": 4.242640687119285, ""kick_power"": 0.0, ""kick_dir"": null}, {""move_vx"": 3.4842382092860498, ""move_vy"": -4.630562503730095, ""kick_power"": 0.0, ""kick_dir"": null}, {""move_vx"": 5.328562416711876, ""move_vy"": 2.7579743601429088, ""kick_power"": 0.0, ""kick_dir"": null}, {""move_vx"": 0.0, ""move_vy"": 0.0, ""kick_power"": 0.0, ""kick_dir"": null}, {""move_vx"": -0.0, ""move_vy"": 0.0, ""kick_power"": 0.0, ""kick_dir"": null}, {""move_vx"": -5.608739390267941, ""move_vy"": 1.4771738056358827, ""kick_power"": 0.0, ""kick_dir"": null}, {""move_vx"": -3.8183766184073566, ""move_vy"": -3.8183766184073566, ""kick_power"": 0.0, ""kick_dir"": null}, {""move_vx"": -0.0, ""move_vy"": -5.4, ""kick_power"": 0.0, ""kick_dir"": null}, {""move_vx"": 5.8, ""move_vy"": 0.0, ""kick_power"": 0.0, ""kick_dir"": null}, {""move_vx"": -0.0, ""move_vy"": 0.0, ""kick_power"": 0.9, ""kick_dir"": [0.04626279345438327, -0.9989290318116235]}, {""move_vx"": -5.780447314497457, ""move_vy"": 1.608237807141449, ""kick_power"": 0.0, ""kick_dir"": null}, {""move_vx"": -4.242640687119285, ""move_vy"": 4.242640687119285, ""kick_power"": 0.0, ""kick_dir"": null}, {""move_vx"": -0.0, ""move_vy"": 0.0, ""kick_power"": 0.9, ""kick_dir"": [-0.04626279345438327, 0.9989290318116235]}, {""move_vx"": -7.199971386698117, ""move_vy"": 0.020298540055722538, ""kick_power"": 0.0, ""kick_dir"": null}, {""move_vx"": -0.0, ""move_vy"": 0.0, ""kick_power"": 0.9, ""kick_dir"": [0.9765996396070021, 0.2150650115449821]}]"
1088,17,default,default,0,48.446450270265665,37.36510875735847,20,B,,0.00540306161107235,-0.06878633606972515,0.3151845624076891,"[{""move_vx"": 0.0, ""move_vy"": -5.0, ""kick_power"": 0.0, ""kick_dir"": null}, {""move_vx"": 0.0, ""move_vy"": 0.0, ""kick_power"": 0.0, ""kick_dir"": null}, {""move_vx"": -5.4, ""move_vy"": 0.0, ""kick_power"": 0.0, ""kick_dir"": null}, {""move_vx"": -5.4, ""move_vy"": 0.0, ""kick_power"": 0.0, ""kick_dir"": null}, {""move_vx"": 4.433859669450559, ""move_vy"": -3.2712365294517878, ""kick_power"": 0.0, ""kick_dir"": null}, {""move_vx"": 4.313351365237939, ""move_vy"": 4.313351365237939, ""kick_power"": 0.0, ""kick_dir"": null}, {""move_vx"": 6.0, ""move_vy"": 0.0, ""kick_power"": 0.0, ""kick_dir"": null}, {""move_vx"": -4.242640687119285, ""move_vy"": 4.242640687119285, ""kick_power"": 0.0, ""kick_dir"": null}, {""move_vx"": 3.4312249800590293, ""move_vy"": -4.669980742596151, ""kick_power"": 0.0, ""kick_dir"": null}, {""move_vx"": 5.848787649991994, ""move_vy"": -1.3385376443347163, ""kick_power"": 0.0, ""kick_dir"": null}, {""move_vx"": 0.0, ""move_vy"": 0.0, ""kick_power"": 0.0, ""kick_dir"": null}, {""move_vx"": -0.0, ""move_vy"": 0.0, ""kick_power"": 0.0, ""kick_dir"": null}, {""move_vx"": -5.610269020562202, ""move_vy"": 1.4713536342157965, ""kick_power"": 0.0, ""kick_dir"": null}, {""move_vx"": 5.4, ""move_vy"": 0.0, ""kick_power"": 0.0, ""kick_dir"": null}, {""move_vx"": -0.0, ""move_vy"": -5.4, ""kick_power"": 0.0, ""kick_dir"": null}, {""move_vx"": 5.8, ""move_vy"": 0.0, ""kick_power"": 0.0, ""kick_dir"": null}, {""move_vx"": -0.0, ""move_vy"": 0.0, ""kick_power"": 0.9, ""kick_dir"": [0.04626279345438327, -0.9989290318116235]}, {""move_vx"": -4.242640687119285, ""move_vy"": -4.242640687119285, ""kick_power"": 0.0, ""kick_dir"": null}, {""move_vx"": 4.242640687119285, ""move_vy"": 4.242640687119285, ""kick_power"": 0.0, ""kick_dir"": null}, {""move_vx"": -0.0, ""move_vy"": 0.0, ""kick_power"": 0.9, ""kick_dir"": [-0.04626279345438327, 0.9989290318116235]}, {""move_vx"": -0.0, ""move_vy"": 0.0, ""kick_power"": 0.0, ""kick_dir"": null}, {""move_vx"": -0.0, ""move_vy"": 0.0, ""kick_power"": 0.9, ""kick_dir"": [0.9692795393884462, 0.2459613509061261]}]"
1088,18,default,default,0,46.766454562260954,37.368153538366826,20,B,,0.0204389427784996,0.08501691481333251,0.27059403046112307,"[{""move_vx"": 5.99998918110879, ""move_vy"": 0.011394146631657656, ""kick_power"": 0.0, ""kick_dir"": null}, {""move_vx"": 0.0, ""move_vy"": 0.0, ""kick_power"": 0.0, ""kick_dir"": null}, {""move_vx"": -5.4, ""move_vy"": 0.0, ""kick_power"": 0.0, ""kick_dir"": null}, {""move_vx"": -5.4, ""move_vy"": 0.0, ""kick_power"": 0.0, ""kick_dir"": null}, {""move_vx"": 4.48902610004119, ""move_vy"": -3.19511262292098, ""kick_power"": 0.0, ""kick_dir"": null}, {""move_vx"": 0.0, ""move_vy"": 0.0, ""kick_power"": 0.7, ""kick_dir"": [0.9756826120912641, 0.21918807042562655]}, {""move_vx"": 0.0, ""move_vy"": 6.0, ""kick_power"": 0.0, ""kick_dir"": null}, {""move_vx"": -4.242640687119285, ""move_vy"": -4.242640687119285, ""kick_power"": 0.0, ""kick_dir"": null}, {""move_vx"": 3.5874396438083576, ""move_vy"": -4.551076993639214, ""kick_power"": 0.0, ""kick_dir"": null}, {""move_vx"": 5.243787000025382, ""move_vy"": 1.289456435233393, ""kick_power"": 0.0, ""kick_dir"": null}, {""move_vx"": 0.0, ""move_vy"": 0.0, ""kick_power"": 0.0, ""kick_dir"": null}, {""move_vx"": -0.0, ""move_vy"": 0.0, ""kick_power"": 0.0, ""kick_dir"": null}, {""move_vx"": -5.606362984849326, ""move_vy"": 1.486167582108876, ""kick_power"": 0.0, ""kick_dir"": null}, {""move_vx"": -6.406450259943343, ""move_vy"": 0.9735476705697979, ""kick_power"": 0.0, ""kick_dir"": null}, {""move_vx"": -0.0, ""move_vy"": -5.4, ""kick_power"": 0.0, ""kick_dir"": null}, {""move_vx"": 5.8, ""move_vy"": 0.0, ""kick_power"": 0.0, ""kick_dir"": null}, {""move_vx"": -0.0, ""move_vy"": 0.0, ""kick_power"": 0.9, ""kick_dir"": [0.04626279345438327, -0.9989290318116235]}, {""move_vx"": -4.242640687119285, ""move_vy"": -4.242640687119285, ""kick_power"": 0.0, ""kick_dir"": null}, {""move_vx"": -4.242640687119285, ""move_vy"": 4.242640687119285, ""kick_power"": 0.0, ""kick_dir"": null}, {""move_vx"": -0.0, ""move_vy"": 0.0, ""kick_power"": 0.9, ""kick_dir"": [-0.04626279345438327, 0.9989290318116235]}, {""move_vx"": -7.199971386698116, ""move_vy"": 0.02029854005572342, ""kick_power"": 0.0, ""kick_dir"": null}, {""move_vx"": -6.4, ""move_vy"": 0.0, ""kick_power"": 0.0, ""kick_dir"": null}]"
1088,19,default,default,0,46.34645623137023,37.36933761987008,20,B,,0.023377311580110038,0.02241000964358765,0.30143159892449023,"[{""move_vx"": 0.0, ""move_vy"": -5.0, ""kick_power"": 0.0, ""kick_dir"": null}, {""move_vx"": 0.0, ""move_vy"": 0.0, ""kick_power"": 0.0, ""kick_dir"": null}, {""move_vx"": 5.391157344303129, ""move_vy"": 0.3089053074429847, ""kick_power"": 0.0, ""kick_dir"": null}, {""move_vx"": -5.4, ""move_vy"": 0.0, ""kick_power"": 0.0, ""kick_dir"": null}, {""move_vx"": 4.409984990112299, ""move_vy"": -3.303351689872609, ""kick_power"": 0.0, ""kick_dir"": null}, {""move_vx"": 0.0, ""move_vy"": 0.0, ""kick_power"": 0.7, ""kick_dir"": [0.9756826120912641, 0.21918807042562655]}, {""move_vx"": 6.0, ""move_vy"": 0.0, ""kick_power"": 0.0, ""kick_dir"": null}, {""move_vx"": -4.242640687119285, ""move_vy"": 4.242640687119285, ""kick_power"": 0.0, ""kick_dir"": null}, {""move_vx"": 3.381109414422282, ""move_vy"": -4.706391837459456, ""kick_power"": 0.0, ""kick_dir"": null}, {""move_vx"": 4.242640687119285, ""move_vy"": 4.242640687119285, ""kick_power"": 0.0, ""kick_dir"": null}, {""move_vx"": 0.0, ""move_vy"": 0.0, ""kick_power"": 0.0, ""kick_dir"": null}, {""move_vx"": -0.0, ""move_vy"": 0.0, ""kick_power"": 0.9, ""kick_dir"": [-0.9454639532860074, -0.32572670130892967]}, {""move_vx"": -5.611826662463996, ""move_vy"": 1.4654014843919734, ""kick_power"": 0.0, ""kick_dir"": null}, {""move_vx"": -6.413649173118707, ""move_vy"": 0.9249347458895267, ""kick_power"": 0.0, ""kick_dir"": null}, {""move_vx"": -0.0, ""move_vy"": -5.4, ""kick_power"": 0.0, ""kick_dir"": null}, {""move_vx"": 5.8, ""move_vy"": 0.0, ""kick_power"": 0.0, ""kick_dir"": null}, {""move_vx"": -5.419877785234548, ""move_vy"": 2.5738929257296346, ""kick_power"": 0.0, ""kick_dir"": null}, {""move_vx"": -4.242640687119285, ""move_vy"": -4.242640687119285, ""kick_power"": 0.0, ""kick_dir"": null}, {""move_vx"": 4.242640687119285, ""move_vy"": 4.242640687119285, ""kick_power"": 0.0, ""kick_dir"": null}, {""move_vx"": -0.0, ""move_vy"": 0.0, ""kick_power"": 0.9, ""kick_dir"": [-0.04626279345438327, 0.9989290318116235]}, {""move_vx"": -6.299974963360854, ""move_vy"": 0.017761222548792067, ""kick_power"": 0.0, ""kick_dir"": null}, {""move_vx"": -6.370040733886178, ""move_vy"": 0.618531364306487, ""kick_power"": 0.0, ""kick_dir"": null}]"
1088,20,default,default,0,45.92645790047951,37.370521701373335,20,B,,0.026287513935811753,0.020419264228789983,0.2969523861230683,"[{""move_vx"": 0.0, ""move_vy"": -5.0, ""kick_power"": 0.0, ""kick_dir"": null}, {""move_vx"": 0.0, ""move_vy"": 0.0, ""kick_power"": 0.0, ""kick_dir"": null}, {""move_vx"": -3.8183766184073566, ""move_vy"": 3.8183766184073566, ""kick_power"": 0.0, ""kick_dir"": null}, {""move_vx"": -5.4, ""move_vy"": 0.0, ""kick_power"": 0.0, ""kick_dir"": null}, {""move_vx"": 4.388781669244443, ""move_vy"": -3.3314704650805402, ""kick_power"": 0.0, ""kick_dir"": null}, {""move_vx"": 0.0, ""move_vy"": 0.0, ""kick_power"": 0.7, ""kick_dir"": [0.9756826120912641, 0.21918807042562655]}, {""move_vx"": 4.067007114894577, ""move_vy"": 4.811387858757273, ""kick_power"": 0.0, ""kick_dir"": null}, {""move_vx"": 5.625022988322367, ""move_vy"": -2.0878497026474196, ""kick_power"": 0.0, ""kick_dir"": null}, {""move_vx"": 3.3312520907258296, ""move_vy"": -4.741812365334037, ""kick_power"": 0.0, ""kick_dir"": null}, {""move_vx"": 5.833331809645131, ""move_vy"": -1.4043646245125463, ""kick_power"": 0.0, ""kick_dir"": null}, {""move_vx"": 0.0, ""move_vy"": 0.0, ""kick_power"": 0.0, ""kick_dir"": null}, {""move_vx"": -0.0, ""move_vy"": 0.0, ""kick_power"": 0.0, ""kick_dir"": null}, {""move_vx"": -5.613160591027536, ""move_vy"": 1.460283595516777, ""kick_power"": 0.0, ""kick_dir"": null}, {""move_vx"": 5.4, ""move_vy"": 0.0, ""kick_power"": 0.0, ""kick_dir"": null}, {""move_vx"": -0.0, ""move_vy"": -5.4, ""kick_power"": 0.0, ""kick_dir"": null}, {""move_vx"": 5.8, ""move_vy"": 0.0, ""kick_power"": 0.0, ""kick_dir"": null}, {""move_vx"": -5.935182307479095, ""move_vy"": -0.8795515772182596, ""kick_power"": 0.0, ""kick_dir"": null}, {""move_vx"": -4.242640687119285, ""move_vy"": -4.242640687119285, ""kick_power"": 0.0, ""kick_dir"": null}, {""move_vx"": -4.242640687119285, ""move_vy"": 4.242640687119285, ""kick_power"": 0.0, ""kick_dir"": null}, {""move_vx"": -0.0, ""move_vy"": 0.0, ""kick_power"": 0.9, ""kick_dir"": [-0.13683426656016792, 0.9905936950671288]}, {""move_vx"": -6.299974963360854, ""move_vy"": 0.017761222548792067, ""kick_power"": 0.0, ""kick_dir"": null}, {""move_vx"": -0.0, ""move_vy"": 0.0, ""kick_power"": 0.9, ""kick_dir"": [0.9580296601275713, 0.28666880298272546]}]"
1088,21,default,default,0,45.50645956958879,37.37170578287659,20,B,,0.02916867140190275,0.009385420589909843,0.31108207594215687,"[{""move_vx"": 0.0, ""move_vy"": -5.0, ""kick_power"": 0.0, ""kick_dir"": null}, {""move_vx"": 0.0, ""move_vy"": 0.0, ""kick_power"": 0.0, ""kick_dir"": null}, {""move_vx"": -3.8183766184073566, ""move_vy"": 3.8183766184073566, ""kick_power"": 0.0, ""kick_dir"": null}, {""move_vx"": -5.4, ""move_vy"": 0.0, ""kick_power"": 0.0, ""kick_dir"": null}, {""move_vx"": 4.366820875895894, ""move_vy"": -3.360204672016246, ""kick_power"": 0.0, ""kick_dir"": null}, {""move_vx"": 0.0, ""move_vy"": 0.0, ""kick_power"": 0.7, ""kick_dir"": [0.9756826120912641, 0.21918807042562655]}, {""move_vx"": 6.0, ""move_vy"": 0.0, ""kick_power"": 0.0, ""kick_dir"": null}, {""move_vx"": -4.242640687119285, ""move_vy"": 4.242640687119285, ""kick_power"": 0.0, ""kick_dir"": null}, {""move_vx"": 3.279416118447478, ""move_vy"": -4.777808589936067, ""kick_power"": 0.0, ""kick_dir"": null}, {""move_vx"": 5.833331809645131, ""move_vy"": -1.4043646245125463, ""kick_power"": 0.0, ""kick_dir"": null}, {""move_vx"": 0.0, ""move_vy"": 0.0, ""kick_power"": 0.0, ""kick_dir"": null}, {""move_vx"": -0.0, ""move_vy"": -5.0, ""kick_power"": 0.0, ""kick_dir"": null}, {""move_vx"": -5.614489387294124, ""move_vy"": 1.455166286017394, ""kick_power"": 0.0, ""kick_dir"": null}, {""move_vx"": -6.418213136985858, ""move_vy"": 0.8927150319234917, ""kick_power"": 0.0, ""kick_dir"": null}, {""move_vx"": -0.0, ""move_vy"": -5.4, ""kick_power"": 0.0, ""kick_dir"": null}, {""move_vx"": -6.753605282173669, ""move_vy"": -1.6823839313890026, ""kick_power"": 0.0, ""kick_dir"": null}, {""move_vx"": -5.410005724166348, ""move_vy"": 2.5945785909251904, ""kick_power"": 0.0, ""kick_dir"": null}, {""move_vx"": -4.242640687119285, ""move_vy"": -4.242640687119285, ""kick_power"": 0.0, ""kick_dir"": null}, {""move_vx"": 4.242640687119285, ""move_vy"": 4.242640687119285, ""kick_power"": 0.0, ""kick_dir"": null}, {""move_vx"": -0.0, ""move_vy"": 0.0, ""kick_power"": 0.9, ""kick_dir"": [-0.23766338908296658, 0.9713473121872221]}, {""move_vx"": -6.299974963360854, ""move_vy"": 0.017761222548792067, ""kick_power"": 0.0, ""kick_dir"": null}, {""move_vx"": -0.0, ""move_vy"": 0.0, ""kick_power"": 0.9, ""kick_dir"": [0.9490027700646688, 0.31526746115030346]}]"
1088,22,default,default,0,45.08646123869807,37.37288986437984,20,B,,0.03201987516238273,0.008174340071005265,0.3195437384654847,"[{""move_vx"": 0.0, ""move_vy"": -5.0, ""kick_power"": 0.0, ""kick_dir"": null}, {""move_vx"": 6.183450792011518, ""move_vy"": 4.314688436349965, ""kick_power"": 0.0, ""kick_dir"": null}, {""move_vx"": -3.8183766184073566, ""move_vy"": 3.8183766184073566, ""kick_power"": 0.0, ""kick_dir"": null}, {""move_vx"": -5.4, ""move_vy"": 0.0, ""kick_power"": 0.0, ""kick_dir"": null}, {""move_vx"": 4.3440638987095905, ""move_vy"": -3.3895735489775154, ""kick_power"": 0.0, ""kick_dir"": null}, {""move_vx"": 0.0, ""move_vy"": 0.0, ""kick_power"": 0.7, ""kick_dir"": [0.9756826120912641, 0.21918807042562655]}, {""move_vx"": 6.0, ""move_vy"": 0.0, ""kick_power"": 0.0, ""kick_dir"": null}, {""move_vx"": 0.0, ""move_vy"": 6.0, ""kick_power"": 0.0, ""kick_dir"": null}, {""move_vx"": 0.0, ""move_vy"": 0.0, ""kick_power"": 0.4, ""kick_dir"": [-0.9974345604953588, 0.07158326740175108]}, {""move_vx"": 5.833331809645131, ""move_vy"": -1.404364624512546, ""kick_power"": 0.0, ""kick_dir"": null}, {""move_vx"": 0.0, ""move_vy"": 0.0, ""kick_power"": 0.0, ""kick_dir"": null}, {""move_vx"": -0.0, ""move_vy"": 0.0, ""kick_power"": 0.0, ""kick_dir"": null}, {""move_vx"": -5.615813051543021, ""move_vy"": 1.4500495750556475, ""kick_power"": 0.0, ""kick_dir"": null}, {""move_vx"": -6.41970901525054, ""move_vy"": 0.881893508033116, ""kick_power"": 0.0, ""kick_dir"": null}, {""move_vx"": -0.0, ""move_vy"": 0.0, ""kick_power"": 0.9, ""kick_dir"": [-0.9248866036519514, 0.38024299297837755]}, {""move_vx"": -6.160049465663638, ""move_vy"": -3.2396590222702644, ""kick_power"": 0.0, ""kick_dir"": null}, {""move_vx"": -5.410005724166348, ""move_vy"": 2.594578590925191, ""kick_power"": 0.0, ""kick_dir"": null}, {""move_vx"": -4.242640687119285, ""move_vy"": -4.242640687119285, ""kick_power"": 0.0, ""kick_dir"": null}, {""move_vx"": -4.242640687119285, ""move_vy"": 4.242640687119285, ""kick_power"": 0.0, ""kick_dir"": null}, {""move_vx"": -0.0, ""move_vy"": 0.0, ""kick_power"": 0.9, ""kick_dir"": [-0.3090909017332885, 0.9510322468223187]}, {""move_vx"": -6.299974963360854, ""move_vy"": 0.017761222548792067, ""kick_power"": 0.0, ""kick_dir"": null}, {""move_vx"": -0.0, ""move_vy"": 0.0, ""kick_power"": 0.9, ""kick_dir"": [0.9442281109069449, 0.32929182995770534]}]"
1088,23,default,default,0,44.66646290780735,37.3740739458831,20,B,,0.03484018511432747,0.01196138942457545,0.32377213010502953,"[{""move_vx"": 0.0, ""move_vy"": -5.0, ""kick_power"": 0.0, ""kick_dir"": null}, {""move_vx"": 6.142176404485734, ""move_vy"": 4.373244678288502, ""kick_power"": 0.0, ""kick_dir"": null}, {""move_vx"": 5.394873684139318, ""move_vy"": 0.23524015852115676, ""kick_power"": 0.0, ""kick_dir"": null}, {""move_vx"": -5.4, ""move_vy"": 0.0, ""kick_power"": 0.0, ""kick_dir"": null}, {""move_vx"": 4.32046949432663, ""move_vy"": -3.419596957039381, ""kick_power"": 0.0, ""kick_dir"": null}, {""move_vx"": 0.0, ""move_vy"": 0.0, ""kick_power"": 0.7, ""kick_dir"": [0.9756826120912641, 0.21918807042562655]}, {""move_vx"": 6.0, ""move_vy"": 0.0, ""kick_power"": 0.0, ""kick_dir"": null}, {""move_vx"": 0.0, ""move_vy"": 6.0, ""kick_power"": 0.0, ""kick_dir"": null}, {""move_vx"": 0.0, ""move_vy"": 0.0, ""kick_power"": 0.4, ""kick_dir"": [-0.9983348505069787, 0.0576835344804265]}, {""move_vx"": 5.833331809645131, ""move_vy"": -1.4043646245125458, ""kick_power"": 0.0, ""kick_dir"": null}, {""move_vx"": 0.0, ""move_vy"": 0.0, ""kick_power"": 0.0, ""kick_dir"": null}, {""move_vx"": -0.0, ""move_vy"": 0.0, ""kick_power"": 0.9, ""kick_dir"": [-0.9460599837055429, -0.3239914784705457]}, {""move_vx"": -5.6171315840968585, ""move_vy"": 1.4449334818397408, ""kick_power"": 0.0, ""kick_dir"": null}, {""move_vx"": -6.421169147309666, ""move_vy"": 0.8711984743090738, ""kick_power"": 0.0, ""kick_dir"": null}, {""move_vx"": -0.0, ""move_vy"": -5.4, ""kick_power"": 0.0, ""kick_dir"": null}, {""move_vx"": -6.173628717346454, ""move_vy"": -3.213706343204861, ""kick_power"": 0.0, ""kick_dir"": null}, {""move_vx"": -5.410005724166348, ""move_vy"": 2.5945785909251913, ""kick_power"": 0.0, ""kick_dir"": null}, {""move_vx"": -4.242640687119285, ""move_vy"": -4.242640687119285, ""kick_power"": 0.0, ""kick_dir"": null}, {""move_vx"": -7.286948620277161, ""move_vy"": -1.7749309297662206, ""kick_power"": 0.0, ""kick_dir"": null}, {""move_vx"": -0.0, ""move_vy"": 0.0, ""kick_power"": 0.9, ""kick_dir"": [-0.3702837093315447, 0.9289184708041449]}, {""move_vx"": -6.299974963360854, ""move_vy"": 0.017761222548792067, ""kick_power"": 0.0, ""kick_dir"": null}, {""move_vx"": -0.0, ""move_vy"": 0.0, ""kick_power"": 0.9, ""kick_dir"": [0.9338561186623728, 0.35764868517345266]}]"
1088,24,default,default,0,44.24646457691663,37.37525802738635,20,B,,0.03762862895346716,0.001498476483002071,0.31566223548502625,"[{""move_vx"": 0.0, ""move_vy"": -5.0, ""kick_power"": 0.0, ""kick_dir"": null}, {""move_vx"": 0.0, ""move_vy"": 0.0, ""kick_power"": 0.0, ""kick_dir"": null}, {""move_vx"": -3.8183766184073566, ""move_vy"": 3.8183766184073566, ""kick_power"": 0.0, ""kick_dir"": null}, {""move_vx"": -5.4, ""move_vy"": 0.0, ""kick_power"": 0.0, ""kick_dir"": null}, {""move_vx"": 4.29599368916484, ""move_vy"": -3.450295381942807, ""kick_power"": 0.0, ""kick_dir"": null}, {""move_vx"": 0.0, ""move_vy"": 0.0, ""kick_power"": 0.7, ""kick_dir"": [0.9756826120912641, 0.21918807042562655]}, {""move_vx"": 6.0, ""move_vy"": 0.0, ""kick_power"": 0.0, ""kick_dir"": null}, {""move_vx"": 0.0, ""move_vy"": 6.0, ""kick_power"": 0.0, ""kick_dir"": null}, {""move_vx"": 0.0, ""move_vy"": 0.0, ""kick_power"": 0.4, ""kick_dir"": [-0.9990730715420829, 0.04304484612154175]}, {""move_vx"": 5.833331809645131, ""move_vy"": -1.4043646245125458, ""kick_power"": 0.0, ""kick_dir"": null}, {""move_vx"": 0.0, ""move_vy"": 0.0, ""kick_power"": 0.0, ""kick_dir"": null}, {""move_vx"": -0.0, ""move_vy"": 0.0, ""kick_power"": 0.0, ""kick_dir"": null}, {""move_vx"": -0.0, ""move_vy"": 0.0, ""kick_power"": 0.0, ""kick_dir"": null}, {""move_vx"": -6.422594363852053, ""move_vy"": 0.8606286292099872, ""kick_power"": 0.0, ""kick_dir"": null}, {""move_vx"": -0.0, ""move_vy"": -5.4, ""kick_power"": 0.0, ""kick_dir"": null}, {""move_vx"": -4.545080236812295, ""move_vy"": -1.9097501514434532, ""kick_power"": 0.0, ""kick_dir"": null}, {""move_vx"": -5.410005724166348, ""move_vy"": 2.5945785909251917, ""kick_power"": 0.0, ""kick_dir"": null}, {""move_vx"": -4.242640687119285, ""move_vy"": -4.242640687119285, ""kick_power"": 0.0, ""kick_dir"": null}, {""move_vx"": 6.0, ""move_vy"": 0.0, ""kick_power"": 0.0, ""kick_dir"": null}, {""move_vx"": -0.0, ""move_vy"": 0.0, ""kick_power"": 0.9, ""kick_dir"": [-0.42262762087087763, 0.9063031906620754]}, {""move_vx"": -6.299974963360854, ""move_vy"": 0.017761222548792067, ""kick_power"": 0.0, ""kick_dir"": null}, {""move_vx"": -0.0, ""move_vy"": 0.0, ""kick_power"": 0.9, ""kick_dir"": [0.9318638513150875, 0.3628079212386397]}]"
1088,25,default,default,0,43.82646624602591,37.376442108889606,20,B,,0.0403842012642356,0.014390218066286648,0.3214520118215212,"[{""move_vx"": 0.0, ""move_vy"": -5.0, ""kick_power"": 0.0, ""kick_dir"": null}, {""move_vx"": 6.029592769895183, ""move_vy"": 4.527207862383583, ""kick_power"": 0.0, ""kick_dir"": null}, {""move_vx"": 5.395875203046037, ""move_vy"": 0.2110232052474002, ""kick_power"": 0.0, ""kick_dir"": null}, {""move_vx"": 5.4, ""move_vy"": 0.0, ""kick_power"": 0.0, ""kick_dir"": null}, {""move_vx"": 4.2705895635550055, ""move_vy"": -3.4816899315784946, ""kick_power"": 0.0, ""kick_dir"": null}, {""move_vx"": 0.0, ""move_vy"": 0.0, ""kick_power"": 0.7, ""kick_dir"": [0.9756826120912641, 0.21918807042562655]}, {""move_vx"": 6.0, ""move_vy"": 0.0, ""kick_power"": 0.0, ""kick_dir"": null}, {""move_vx"": 0.0, ""move_vy"": 6.0, ""kick_power"": 0.0, ""kick_dir"": null}, {""move_vx"": 0.0, ""move_vy"": 0.0, ""kick_power"": 0.4, ""kick_dir"": [-0.9996181426264841, 0.02763018439236077]}, {""move_vx"": 5.833331809645131, ""move_vy"": -1.4043646245125454, ""kick_power"": 0.0, ""kick_dir"": null}, {""move_vx"": 0.0, ""move_vy"": 0.0, ""kick_power"": 0.0, ""kick_dir"": null}, {""move_vx"": -0.0, ""move_vy"": 0.0, ""kick_power"": 0.9, ""kick_dir"": [-0.945165058287345, -0.32659299366440564]}, {""move_vx"": -0.0, ""move_vy"": 0.0, ""kick_power"": 0.9, ""kick_dir"": [0.047153818358438356, 0.9988875358013245]}, {""move_vx"": -6.42398547724872, ""move_vy"": 0.8501826792504852, ""kick_power"": 0.0, ""kick_dir"": null}, {""move_vx"": -0.0, ""move_vy"": -5.4, ""kick_power"": 0.0, ""kick_dir"": null}, {""move_vx"": -4.545080236812298, ""move_vy"": -1.909750151443443, ""kick_power"": 0.0, ""kick_dir"": null}, {""move_vx"": -0.0, ""move_vy"": 0.0, ""kick_power"": 0.9, ""kick_dir"": [0.46746292498960246, -0.884012454250616]}, {""move_vx"": -4.242640687119285, ""move_vy"": -4.242640687119285, ""kick_power"": 0.0, ""kick_dir"": null}, {""move_vx"": -7.289403636576784, ""move_vy"": -1.7648214139286629, ""kick_power"": 0.0, ""kick_dir"": null}, {""move_vx"": -0.0, ""move_vy"": 0.0, ""kick_power"": 0.9, ""kick_dir"": [-0.46746292498960246, 0.884012454250616]}, {""move_vx"": -6.299974963360854, ""move_vy"": 0.017761222548792067, ""kick_power"": 0.0, ""kick_dir"": null}, {""move_vx"": -0.0, ""move_vy"": 0.0, ""kick_power"": 0.9, ""kick_dir"": [0.9362521674185443, 0.35132849249563214]}]"
1088,26,default,default,0,43.40646791513519,37.37762619039286,20,B,,0.043105862619140026,0.011256472877154023,0.3257773576459589,"[{""move_vx"": 0.0, ""move_vy"": -5.0, ""kick_power"": 0.0, ""kick_dir"": null}, {""move_vx"": 5.979637438446753, ""move_vy"": 4.592987710056055, ""kick_power"": 0.0, ""kick_dir"": null}, {""move_vx"": 5.395840891127078, ""move_vy"": 0.2118987438399583, ""kick_power"": 0.0, ""kick_dir"": null}, {""move_vx"": 0.0, ""move_vy"": 0.0, ""kick_power"": 0.4, ""kick_dir"": [-0.48592040100130146, -0.8740029716404192]}, {""move_vx"": 4.2442070165408206, ""move_vy"": -3.513802328069361, ""kick_power"": 0.0, ""kick_dir"": null}, {""move_vx"": 0.0, ""move_vy"": 0.0, ""kick_power"": 0.0, ""kick_dir"": null}, {""move_vx"": 6.0, ""move_vy"": 0.0, ""kick_power"": 0.0, ""kick_dir"": null}, {""move_vx"": 0.0, ""move_vy"": 6.0, ""kick_power"": 0.0, ""kick_dir"": null}, {""move_vx"": 0.0, ""move_vy"": 0.0, ""kick_power"": 0.4, ""kick_dir"": [-0.9999349188851699, 0.011402332288200298]}, {""move_vx"": 5.833331809645131, ""move_vy"": -1.4043646245125454, ""kick_power"": 0.0, ""kick_dir"": null}, {""move_vx"": 0.0, ""move_vy"": 0.0, ""kick_power"": 0.0, ""kick_dir"": null}, {""move_vx"": -0.0, ""move_vy"": 0.0, ""kick_power"": 0.0, ""kick_dir"": null}, {""move_vx"": -5.299884745316767, ""move_vy"": 2.356103072099907, ""kick_power"": 0.0, ""kick_dir"": null}, {""move_vx"": -3.8183766184073566, ""move_vy"": -3.8183766184073566, ""kick_power"": 0.0, ""kick_dir"": null}, {""move_vx"": -0.0, ""move_vy"": -5.4, ""kick_power"": 0.0, ""kick_dir"": null}, {""move_vx"": -4.5450802368123036, ""move_vy"": -1.9097501514434319, ""kick_power"": 0.0, ""kick_dir"": null}, {""move_vx"": -0.0, ""move_vy"": 0.0, ""kick_power"": 0.9, ""kick_dir"": [0.46746292498960246, -0.884012454250616]}, {""move_vx"": -4.242640687119285, ""move_vy"": -4.242640687119285, ""kick_power"": 0.0, ""kick_dir"": null}, {""move_vx"": -7.289403636576784, ""move_vy"": -1.7648214139286638, ""kick_power"": 0.0, ""kick_dir"": null}, {""move_vx"": -6.4, ""move_vy"": 0.0, ""kick_power"": 0.0, ""kick_dir"": null}, {""move_vx"": -6.299974963360854, ""move_vy"": 0.017761222548792067, ""kick_power"": 0.0, ""kick_dir"": null}, {""move_vx"": -0.0, ""move_vy"": 0.0, ""kick_power"": 0.9, ""kick_dir"": [0.934357444935265, 0.3563369028057076]}]"
1088,27,default,default,0,42.98646958424447,37.378810271896114,20,B,,0.04579253869293407,0.013593777117492736,0.33017338452276995,"[{""move_vx"": 0.0, ""move_vy"": -5.0, ""kick_power"": 0.0, ""kick_dir"": null}, {""move_vx"": 5.926289017215113, ""move_vy"": 4.661619727566325, ""kick_power"": 0.0, ""kick_dir"": null}, {""move_vx"": 5.395805935432521, ""move_vy"": 0.21278699948817678, ""kick_power"": 0.0, ""kick_dir"": null}, {""move_vx"": 5.4, ""move_vy"": 0.0, ""kick_power"": 0.0, ""kick_dir"": null}, {""move_vx"": 4.2167925094865675, ""move_vy"": -3.5466548932674535, ""kick_power"": 0.0, ""kick_dir"": null}, {""move_vx"": 0.0, ""move_vy"": 0.0, ""kick_power"": 0.7, ""kick_dir"": [0.9756826120912641, 0.21918807042562655]}, {""move_vx"": 6.0, ""move_vy"": 0.0, ""kick_power"": 0.0, ""kick_dir"": null}, {""move_vx"": 0.0, ""move_vy"": 6.0, ""kick_power"": 0.0, ""kick_dir"": null}, {""move_vx"": 2.8907676803821936, ""move_vy"": -5.022498105331423, ""kick_power"": 0.0, ""kick_dir"": null}, {""move_vx"": 5.833331809645131, ""move_vy"": -1.4043646245125452, ""kick_power"": 0.0, ""kick_dir"": null}, {""move_vx"": 0.0, ""move_vy"": 0.0, ""kick_power"": 0.0, ""kick_dir"": null}, {""move_vx"": -0.0, ""move_vy"": 0.0, ""kick_power"": 0.9, ""kick_dir"": [-0.9451651027882343, -0.3265928648781286]}, {""move_vx"": -5.6224830715696035, ""move_vy"": 1.4239677348568118, ""kick_power"": 0.0, ""kick_dir"": null}, {""move_vx"": -3.8183766184073566, ""move_vy"": -3.8183766184073566, ""kick_power"": 0.0, ""kick_dir"": null}, {""move_vx"": -0.0, ""move_vy"": -5.4, ""kick_power"": 0.0, ""kick_dir"": null}, {""move_vx"": -4.54508023681231, ""move_vy"": -1.909750151443418, ""kick_power"": 0.0, ""kick_dir"": null}, {""move_vx"": -0.0, ""move_vy"": 0.0, ""kick_power"": 0.9, ""kick_dir"": [0.39781092899388854, -0.9174671957917062]}, {""move_vx"": -7.497790286647841, ""move_vy"": 0.18204619592099414, ""kick_power"": 0.0, ""kick_dir"": null}, {""move_vx"": -7.289403636576784, ""move_vy"": -1.7648214139286647, ""kick_power"": 0.0, ""kick_dir"": null}, {""move_vx"": -6.4, ""move_vy"": 0.0, ""kick_power"": 0.0, ""kick_dir"": null}, {""move_vx"": -6.299974963360854, ""move_vy"": 0.017761222548792067, ""kick_power"": 0.0, ""kick_dir"": null}, {""move_vx"": -0.0, ""move_vy"": 0.0, ""kick_power"": 0.9, ""kick_dir"": [0.9322583780003045, 0.36179294043957094]}]"
1088,28,default,default,0,42.56647125335375,37.37999435339937,20,B,,0.048443119397757244,0.008612810662854485,0.3288887009888073,"[{""move_vx"": 0.0, ""move_vy"": -5.0, ""kick_power"": 0.0, ""kick_dir"": null}, {""move_vx"": 5.8691984047613825, ""move_vy"": 4.733298013599657, ""kick_power"": 0.0, ""kick_dir"": null}, {""move_vx"": 5.3957703168732065, ""move_vy"": 0.21368829530420108, ""kick_power"": 0.0, ""kick_dir"": null}, {""move_vx"": 5.4, ""move_vy"": 0.0, ""kick_power"": 0.0, ""kick_dir"": null}, {""move_vx"": 4.188288786462007, ""move_vy"": -3.5802705262586803, ""kick_power"": 0.0, ""kick_dir"": null}, {""move_vx"": 7.439580029704131, ""move_vy"": 1.6713090622704914, ""kick_power"": 0.0, ""kick_dir"": null}, {""move_vx"": 6.0, ""move_vy"": 0.0, ""kick_power"": 0.0, ""kick_dir"": null}, {""move_vx"": 0.0, ""move_vy"": 6.0, ""kick_power"": 0.0, ""kick_dir"": null}, {""move_vx"": 4.313351365237939, ""move_vy"": 4.313351365237939, ""kick_power"": 0.0, ""kick_dir"": null}, {""move_vx"": 5.833331809645132, ""move_vy"": -1.4043646245125452, ""kick_power"": 0.0, ""kick_dir"": null}, {""move_vx"": 0.0, ""move_vy"": 0.0, ""kick_power"": 0.0, ""kick_dir"": null}, {""move_vx"": -0.0, ""move_vy"": 0.0, ""kick_power"": 0.0, ""kick_dir"": null}, {""move_vx"": -0.0, ""move_vy"": 0.0, ""kick_power"": 0.0, ""kick_dir"": null}, {""move_vx"": -3.8183766184073566, ""move_vy"": -3.8183766184073566, ""kick_power"": 0.0, ""kick_dir"": null}, {""move_vx"": -0.0, ""move_vy"": -5.4, ""kick_power"": 0.0, ""kick_dir"": null}, {""move_vx"": -4.545080236812308, ""move_vy"": -1.9097501514434205, ""kick_power"": 0.0, ""kick_dir"": null}, {""move_vx"": -0.0, ""move_vy"": 0.0, ""kick_power"": 0.9, ""kick_dir"": [0.32054128161886486, -0.9472343237422585]}, {""move_vx"": -4.242640687119285, ""move_vy"": -4.242640687119285, ""kick_power"": 0.0, ""kick_dir"": null}, {""move_vx"": -7.289403636576784, ""move_vy"": -1.7648214139286655, ""kick_power"": 0.0, ""kick_dir"": null}, {""move_vx"": -6.4, ""move_vy"": 0.0, ""kick_power"": 0.0, ""kick_dir"": null}, {""move_vx"": -6.299974963360854, ""move_vy"": 0.017761222548792067, ""kick_power"": 0.0, ""kick_dir"": null}, {""move_vx"": -0.0, ""move_vy"": 0.0, ""kick_power"": 0.9, ""kick_dir"": [0.9299211370477822, 0.36775873218870325]}]"
1088,29,default,default,0,42.146472922463026,37.38117843490262,20,B,,0.05162420673600673,0.005839377828187468,0.3277516396561853,"[{""move_vx"": 3.5355339059327373, ""move_vy"": -3.5355339059327373, ""kick_power"": 0.0, ""kick_dir"": null}, {""move_vx"": 5.807968296201445, ""move_vy"": 4.808232967558756, ""kick_power"": 0.0, ""kick_dir"": null}, {""move_vx"": 5.395734015580936, ""move_vy"": 0.21460296620231148, ""kick_power"": 0.0, ""kick_dir"": null}, {""move_vx"": 5.4, ""move_vy"": 0.0, ""kick_power"": 0.0, ""kick_dir"": null}, {""move_vx"": 0.0, ""move_vy"": -5.8, ""kick_power"": 0.0, ""kick_dir"": null}, {""move_vx"": 7.440270362495229, ""move_vy"": 1.668233177039445, ""kick_power"": 0.0, ""kick_dir"": null}, {""move_vx"": 6.0, ""move_vy"": 0.0, ""kick_power"": 0.0, ""kick_dir"": null}, {""move_vx"": 0.0, ""move_vy"": 6.0, ""kick_power"": 0.0, ""kick_dir"": null}, {""move_vx"": 4.313351365237939, ""move_vy"": 4.313351365237939, ""kick_power"": 0.0, ""kick_dir"": null}, {""move_vx"": 5.833331809645131, ""move_vy"": -1.404364624512545, ""kick_power"": 0.0, ""kick_dir"": null}, {""move_vx"": 0.0, ""move_vy"": 0.0, ""kick_power"": 0.0, ""kick_dir"": null}, {""move_vx"": -4.499999603640156, ""move_vy"": 0.0018887134335170256, ""kick_power"": 0.0, ""kick_dir"": null}, {""move_vx"": -0.0, ""move_vy"": 0.0, ""kick_power"": 0.0, ""kick_dir"": null}, {""move_vx"": -3.8183766184073566, ""move_vy"": -3.8183766184073566, ""kick_power"": 0.0, ""kick_dir"": null}, {""move_vx"": -0.0, ""move_vy"": -5.4, ""kick_power"": 0.0, ""kick_dir"": null}, {""move_vx"": -4.545080236812307, ""move_vy"": -1.9097501514434239, ""kick_power"": 0.0, ""kick_dir"": null}, {""move_vx"": 4.242640687119285, ""move_vy"": -4.242640687119285, ""kick_power"": 0.0, ""kick_dir"": null}, {""move_vx"": -4.242640687119285, ""move_vy"": -4.242640687119285, ""kick_power"": 0.0, ""kick_dir"": null}, {""move_vx"": -7.289403636576784, ""move_vy"": -1.7648214139286664, ""kick_power"": 0.0, ""kick_dir"": null}, {""move_vx"": -6.4, ""move_vy"": 0.0, ""kick_power"": 0.0, ""kick_dir"": null}, {""move_vx"": -6.299974963360854, ""move_vy"": 0.017761222548792067, ""kick_power"": 0.0, ""kick_dir"": null}, {""move_vx"": -0.0, ""move_vy"": 0.0, ""kick_power"": 0.9, ""kick_dir"": [0.9273042063388389, 0.3743083025742608]}]"
1088,30,default,default,0,41.726474591572305,37.38236251640588,20,B,,0.054208627451411646,0.00205379082767167,0.33243663136778173,"[{""move_vx"": 0.0, ""move_vy"": -5.0, ""kick_power"": 0.0, ""kick_dir"": null}, {""move_vx"": 5.742144832436476, ""move_vy"": 4.886652506913406, ""kick_power"": 0.0, ""kick_dir"": null}, {""move_vx"": 5.395697010867785, ""move_vy"": 0.21553135946410945, ""kick_power"": 0.0, ""kick_dir"": null}, {""move_vx"": 5.4, ""move_vy"": 0.0, ""kick_power"": 0.0, ""kick_dir"": null}, {""move_vx"": 0.0, ""move_vy"": -5.8, ""kick_power"": 0.0, ""kick_dir"": null}, {""move_vx"": 7.4409622934747635, ""move_vy"": 1.6651441820715662, ""kick_power"": 0.0, ""kick_dir"": null}, {""move_vx"": 4.242640687119285, ""move_vy"": -4.242640687119285, ""kick_power"": 0.0, ""kick_dir"": null}, {""move_vx"": 0.0, ""move_vy"": 6.0, ""kick_power"": 0.0, ""kick_dir"": null}, {""move_vx"": 4.313351365237939, ""move_vy"": 4.313351365237939, ""kick_power"": 0.0, ""kick_dir"": null}, {""move_vx"": 5.833331809645131, ""move_vy"": -1.4043646245125447, ""kick_power"": 0.0, ""kick_dir"": null}, {""move_vx"": 0.0, ""move_vy"": 0.0, ""kick_power"": 0.0, ""kick_dir"": null}, {""move_vx"": -0.0, ""move_vy"": 0.0, ""kick_power"": 0.9, ""kick_dir"": [-0.9450713995873337, -0.32686391751928123]}, {""move_vx"": -0.0, ""move_vy"": 0.0, ""kick_power"": 0.0, ""kick_dir"": null}, {""move_vx"": -3.8183766184073566, ""move_vy"": -3.8183766184073566, ""kick_power"": 0.0, ""kick_dir"": null}, {""move_vx"": -0.0, ""move_vy"": -5.4, ""kick_power"": 0.0, ""kick_dir"": null}, {""move_vx"": -4.545080236812305, ""move_vy"": -1.9097501514434276, ""kick_power"": 0.0, ""kick_dir"": null}, {""move_vx"": -5.403957867076942, ""move_vy"": 2.607151581871914, ""kick_power"": 0.0, ""kick_dir"": null}, {""move_vx"": -4.242640687119285, ""move_vy"": -4.242640687119285, ""kick_power"": 0.0, ""kick_dir"": null}, {""move_vx"": -4.242640687119285, ""move_vy"": 4.242640687119285, ""kick_power"": 0.0, ""kick_dir"": null}, {""move_vx"": -6.4, ""move_vy"": 0.0, ""kick_power"": 0.0, ""kick_dir"": null}, {""move_vx"": -6.299974963360854, ""move_vy"": 0.017761222548792067, ""kick_power"": 0.0, ""kick_dir"": null}, {""move_vx"": -0.0, ""move_vy"": 0.0, ""kick_power"": 0.9, ""kick_dir"": [0.924356127089473, 0.38153051778264063]}]"
1088,31,default,default,0,41.24647649912577,37.38371575240958,20,B,,0.057285940983171746,0.0016655590304084874,0.3342868569235302,"[{""move_vx"": 0.0, ""move_vy"": -5.0, ""kick_power"": 0.0, ""kick_dir"": null}, {""move_vx"": 5.671207514855738, ""move_vy"": 4.968803208363539, ""kick_power"": 0.0, ""kick_dir"": null}, {""move_vx"": 5.395659281182824, ""move_vy"": 0.2164738353373382, ""kick_power"": 0.0, ""kick_dir"": null}, {""move_vx"": 0.0, ""move_vy"": 0.0, ""kick_power"": 0.9, ""kick_dir"": [0.7543595924966782, 0.6564613593395233]}, {""move_vx"": 0.0, ""move_vy"": -5.8, ""kick_power"": 0.0, ""kick_dir"": null}, {""move_vx"": 7.441655834926288, ""move_vy"": 1.6620419472767614, ""kick_power"": 0.0, ""kick_dir"": null}, {""move_vx"": 6.0, ""move_vy"": 0.0, ""kick_power"": 0.0, ""kick_dir"": null}, {""move_vx"": 0.0, ""move_vy"": 6.0, ""kick_power"": 0.0, ""kick_dir"": null}, {""move_vx"": 4.313351365237939, ""move_vy"": 4.313351365237939, ""kick_power"": 0.0, ""kick_dir"": null}, {""move_vx"": 5.833331809645131, ""move_vy"": -1.4043646245125445, ""kick_power"": 0.0, ""kick_dir"": null}, {""move_vx"": 0.0, ""move_vy"": 0.0, ""kick_power"": 0.0, ""kick_dir"": null}, {""move_vx"": -0.0, ""move_vy"": 0.0, ""kick_power"": 0.0, ""kick_dir"": null}, {""move_vx"": -0.0, ""move_vy"": 0.0, ""kick_power"": 0.0, ""kick_dir"": null}, {""move_vx"": -3.8183766184073566, ""move_vy"": -3.8183766184073566, ""kick_power"": 0.0, ""kick_dir"": null}, {""move_vx"": -0.0, ""move_vy"": -5.4, ""kick_power"": 0.0, ""kick_dir"": null}, {""move_vx"": -4.545080236812315, ""move_vy"": -1.909750151443405, ""kick_power"": 0.0, ""kick_dir"": null}, {""move_vx"": -0.0, ""move_vy"": 0.0, ""kick_power"": 0.9, ""kick_dir"": [0.07163468102550656, -0.9974307075046325]}, {""move_vx"": -4.242640687119285, ""move_vy"": -4.242640687119285, ""kick_power"": 0.0, ""kick_dir"": null}, {""move_vx"": -7.2801097863401045, ""move_vy"": -1.8027760534339925, ""kick_power"": 0.0, ""kick_dir"": null}, {""move_vx"": -4.525483399593904, ""move_vy"": 4.525483399593904, ""kick_power"": 0.0, ""kick_dir"": null}, {""move_vx"": -7.199971386698116, ""move_vy"": 0.020298540055716883, ""kick_power"": 0.0, ""kick_dir"": null}, {""move_vx"": -0.0, ""move_vy"": 0.0, ""kick_power"": 0.0, ""kick_dir"": null}]"
1088,32,default,default,0,40.766478406679234,37.38506898841329,20,B,,0.06032079679329059,-0.00285307738987478,0.3390720346167736,"[{""move_vx"": 0.0, ""move_vy"": -5.0, ""kick_power"": 0.0, ""kick_dir"": null}, {""move_vx"": 5.58328165239308, ""move_vy"": 5.067402292106952, ""kick_power"": 0.0, ""kick_dir"": null}, {""move_vx"": 0.0, ""move_vy"": 0.0, ""kick_power"": 0.0, ""kick_dir"": null}, {""move_vx"": 5.4, ""move_vy"": 0.0, ""kick_power"": 0.0, ""kick_dir"": null}, {""move_vx"": 0.0, ""move_vy"": -5.8, ""kick_power"": 0.0, ""kick_dir"": null}, {""move_vx"": 0.0, ""move_vy"": 0.0, ""kick_power"": 0.4, ""kick_dir"": [-0.9819405599852936, 0.1891891162640098]}, {""move_vx"": 6.0, ""move_vy"": 0.0, ""kick_power"": 0.0, ""kick_dir"": null}, {""move_vx"": 0.0, ""move_vy"": 6.0, ""kick_power"": 0.0, ""kick_dir"": null}, {""move_vx"": 4.313351365237939, ""move_vy"": 4.313351365237939, ""kick_power"": 0.0, ""kick_dir"": null}, {""move_vx"": 5.833331809645131, ""move_vy"": -1.404364624512544, ""kick_power"": 0.0, ""kick_dir"": null}, {""move_vx"": 0.0, ""move_vy"": 0.0, ""kick_power"": 0.0, ""kick_dir"": null}, {""move_vx"": -3.5355339059327373, ""move_vy"": -3.5355339059327373, ""kick_power"": 0.0, ""kick_dir"": null}, {""move_vx"": -4.1012193308819755, ""move_vy"": 4.1012193308819755, ""kick_power"": 0.0, ""kick_dir"": null}, {""move_vx"": -3.8183766184073566, ""move_vy"": -3.8183766184073566, ""kick_power"": 0.0, ""kick_dir"": null}, {""move_vx"": -0.0, ""move_vy"": -5.4, ""kick_power"": 0.0, ""kick_dir"": null}, {""move_vx"": -4.545080236812314, ""move_vy"": -1.9097501514434065, ""kick_power"": 0.0, ""kick_dir"": null}, {""move_vx"": -5.403957867076943, ""move_vy"": 2.6071515818719133, ""kick_power"": 0.0, ""kick_dir"": null}, {""move_vx"": -5.339947873253943, ""move_vy"": 1.9937293474618571, ""kick_power"": 0.0, ""kick_dir"": null}, {""move_vx"": -4.242640687119285, ""move_vy"": 4.242640687119285, ""kick_power"": 0.0, ""kick_dir"": null}, {""move_vx"": -4.525483399593904, ""move_vy"": 4.525483399593904, ""kick_power"": 0.0, ""kick_dir"": null}, {""move_vx"": -7.199971386698116, ""move_vy"": 0.02029854005571783, ""kick_power"": 0.0, ""kick_dir"": null}, {""move_vx"": -0.0, ""move_vy"": 0.0, ""kick_power"": 0.9, ""kick_dir"": [0.9036965976917178, 0.4281731300715582]}]"
1088,33,default,default,0,40.2864803142327,37.386422224417,20,B,,0.06331161627035571,-0.001321513205222287,0.32876761415222805,"[{""move_vx"": 0.0, ""move_vy"": -5.0, ""kick_power"": 0.0, ""kick_dir"": null}, {""move_vx"": 5.487284681677971, ""move_vy"": 5.1711997468887505, ""kick_power"": 0.0, ""kick_dir"": null}, {""move_vx"": 5.395033539488486, ""move_vy"": 0.23154504484948682, ""kick_power"": 0.0, ""kick_dir"": null}, {""move_vx"": 5.4, ""move_vy"": 0.0, ""kick_power"": 0.0, ""kick_dir"": null}, {""move_vx"": 0.0, ""move_vy"": -5.8, ""kick_power"": 0.0, ""kick_dir"": null}, {""move_vx"": 7.442350999301948, ""move_vy"": 1.6589263404953518, ""kick_power"": 0.0, ""kick_dir"": null}, {""move_vx"": 6.0, ""move_vy"": 0.0, ""kick_power"": 0.0, ""kick_dir"": null}, {""move_vx"": 0.0, ""move_vy"": 6.0, ""kick_power"": 0.0, ""kick_dir"": null}, {""move_vx"": 4.313351365237939, ""move_vy"": 4.313351365237939, ""kick_power"": 0.0, ""kick_dir"": null}, {""move_vx"": 5.833331809645131, ""move_vy"": -1.404364624512544, ""kick_power"": 0.0, ""kick_dir"": null}, {""move_vx"": 0.0, ""move_vy"": 0.0, ""kick_power"": 0.0, ""kick_dir"": null}, {""move_vx"": -0.0, ""move_vy"": 0.0, ""kick_power"": 0.0, ""kick_dir"": null}, {""move_vx"": -0.0, ""move_vy"": 0.0, ""kick_power"": 0.9, ""kick_dir"": [0.1017330001070815, 0.9948115991155991]}, {""move_vx"": -3.8183766184073566, ""move_vy"": -3.8183766184073566, ""kick_power"": 0.0, ""kick_dir"": null}, {""move_vx"": 3.8183766184073566, ""move_vy"": 3.8183766184073566, ""kick_power"": 0.0, ""kick_dir"": null}, {""move_vx"": -4.545080236812312, ""move_vy"": -1.9097501514434092, ""kick_power"": 0.0, ""kick_dir"": null}, {""move_vx"": -0.0, ""move_vy"": 0.0, ""kick_power"": 0.9, ""kick_dir"": [0.01798122795166477, -0.9998380710487734]}, {""move_vx"": -5.353536287535358, ""move_vy"": 1.9569489564222462, ""kick_power"": 0.0, ""kick_dir"": null}, {""move_vx"": 4.242640687119285, ""move_vy"": 4.242640687119285, ""kick_power"": 0.0, ""kick_dir"": null}, {""move_vx"": -4.525483399593904, ""move_vy"": 4.525483399593904, ""kick_power"": 0.0, ""kick_dir"": null}, {""move_vx"": -7.199971386698116, ""move_vy"": 0.02029854005571879, ""kick_power"": 0.0, ""kick_dir"": null}, {""move_vx"": -0.0, ""move_vy"": 0.0, ""kick_power"": 0.9, ""kick_dir"": [0.8840001779286962, 0.46748631213032343]}]"
1088,34,default,default,0,39.80648222178616,37.38777546042071,20,B,,0.06625675881378343,-0.004877253723983092,0.3399865187429694,"[{""move_vx"": 0.0, ""move_vy"": -5.0, ""kick_power"": 0.0, ""kick_dir"": null}, {""move_vx"": 5.382126460010664, ""move_vy"": 5.2805600809434114, ""kick_power"": 0.0, ""kick_dir"": null}, {""move_vx"": 5.394982309978718, ""move_vy"": 0.2327356333196462, ""kick_power"": 0.0, ""kick_dir"": null}, {""move_vx"": 5.4, ""move_vy"": 0.0, ""kick_power"": 0.0, ""kick_dir"": null}, {""move_vx"": 0.0, ""move_vy"": -5.8, ""kick_power"": 0.0, ""kick_dir"": null}, {""move_vx"": 0.0, ""move_vy"": 0.0, ""kick_power"": 0.4, ""kick_dir"": [-0.9664141368559369, 0.2569892910512068]}, {""move_vx"": 6.0, ""move_vy"": 0.0, ""kick_power"": 0.0, ""kick_dir"": null}, {""move_vx"": 0.0, ""move_vy"": 6.0, ""kick_power"": 0.0, ""kick_dir"": null}, {""move_vx"": 4.313351365237939, ""move_vy"": 4.313351365237939, ""kick_power"": 0.0, ""kick_dir"": null}, {""move_vx"": 5.833331809645132, ""move_vy"": -1.404364624512544, ""kick_power"": 0.0, ""kick_dir"": null}, {""move_vx"": 0.0, ""move_vy"": 0.0, ""kick_power"": 0.0, ""kick_dir"": null}, {""move_vx"": -0.0, ""move_vy"": 0.0, ""kick_power"": 0.0, ""kick_dir"": null}, {""move_vx"": -6.850234396470457, ""move_vy"": 1.231214324727031, ""kick_power"": 0.0, ""kick_dir"": null}, {""move_vx"": -3.8183766184073566, ""move_vy"": -3.8183766184073566, ""kick_power"": 0.0, ""kick_dir"": null}, {""move_vx"": -0.0, ""move_vy"": -5.4, ""kick_power"": 0.0, ""kick_dir"": null}, {""move_vx"": -4.5450802368123115, ""move_vy"": -1.9097501514434136, ""kick_power"": 0.0, ""kick_dir"": null}, {""move_vx"": -5.795793687166128, ""move_vy"": 2.4695699090743033, ""kick_power"": 0.0, ""kick_dir"": null}, {""move_vx"": -5.366587202282839, ""move_vy"": 1.920870063355155, ""kick_power"": 0.0, ""kick_dir"": null}, {""move_vx"": 4.242640687119285, ""move_vy"": 4.242640687119285, ""kick_power"": 0.0, ""kick_dir"": null}, {""move_vx"": -4.525483399593904, ""move_vy"": 4.525483399593904, ""kick_power"": 0.0, ""kick_dir"": null}, {""move_vx"": -7.199971386698116, ""move_vy"": 0.02029854005571978, ""kick_power"": 0.0, ""kick_dir"": null}, {""move_vx"": -0.0, ""move_vy"": 0.0, ""kick_power"": 0.9, ""kick_dir"": [0.8777717263168521, 0.4790788798015278]}]"
1088,35,default,default,0,39.326484129339626,37.38912869642442,20,B,,0.06915452009298818,-0.009294637805157022,0.34226960541009166,"[{""move_vx"": 0.0, ""move_vy"": -5.0, ""kick_power"": 0.0, ""kick_dir"": null}, {""move_vx"": 5.266525107461124, ""move_vy"": 5.3958607554755895, ""kick_power"": 0.0, ""kick_dir"": null}, {""move_vx"": 5.394929934960593, ""move_vy"": 0.23394656839992028, ""kick_power"": 0.0, ""kick_dir"": null}, {""move_vx"": 0.0, ""move_vy"": 5.4, ""kick_power"": 0.0, ""kick_dir"": null}, {""move_vx"": 0.0, ""move_vy"": -5.8, ""kick_power"": 0.0, ""kick_dir"": null}, {""move_vx"": 7.443047799225827, ""move_vy"": 1.6557972274525579, ""kick_power"": 0.0, ""kick_dir"": null}, {""move_vx"": 6.0, ""move_vy"": 0.0, ""kick_power"": 0.0, ""kick_dir"": null}, {""move_vx"": 0.0, ""move_vy"": 6.0, ""kick_power"": 0.0, ""kick_dir"": null}, {""move_vx"": 4.313351365237939, ""move_vy"": 4.313351365237939, ""kick_power"": 0.0, ""kick_dir"": null}, {""move_vx"": 5.833331809645132, ""move_vy"": -1.4043646245125436, ""kick_power"": 0.0, ""kick_dir"": null}, {""move_vx"": 0.0, ""move_vy"": 0.0, ""kick_power"": 0.0, ""kick_dir"": null}, {""move_vx"": -0.0, ""move_vy"": 0.0, ""kick_power"": 0.9, ""kick_dir"": [-0.945296069401925, -0.3262135988725466]}, {""move_vx"": -4.1012193308819755, ""move_vy"": -4.1012193308819755, ""kick_power"": 0.0, ""kick_dir"": null}, {""move_vx"": -3.8183766184073566, ""move_vy"": -3.8183766184073566, ""kick_power"": 0.0, ""kick_dir"": null}, {""move_vx"": -0.0, ""move_vy"": -5.4, ""kick_power"": 0.0, ""kick_dir"": null}, {""move_vx"": -4.545080236812308, ""move_vy"": -1.9097501514434214, ""kick_power"": 0.0, ""kick_dir"": null}, {""move_vx"": -0.0, ""move_vy"": 0.0, ""kick_power"": 0.9, ""kick_dir"": [-0.04165313355378041, -0.9991318462808928]}, {""move_vx"": -5.37912172296538, ""move_vy"": 1.8854838873673663, ""kick_power"": 0.0, ""kick_dir"": null}, {""move_vx"": -5.9999996670131015, ""move_vy"": 0.0019989603995199355, ""kick_power"": 0.0, ""kick_dir"": null}, {""move_vx"": -4.525483399593904, ""move_vy"": 4.525483399593904, ""kick_power"": 0.0, ""kick_dir"": null}, {""move_vx"": -7.199971386698116, ""move_vy"": 0.020298540055720796, ""kick_power"": 0.0, ""kick_dir"": null}, {""move_vx"": -0.0, ""move_vy"": 0.0, ""kick_power"": 0.9, ""kick_dir"": [0.8719214770416156, 0.4896455081647224]}]"
1088,36,default,default,0,38.84648603689309,37.39048193242813,20,B,,0.07200313038676158,-0.013411714379680136,0.3401905203345057,"[{""move_vx"": 0.0, ""move_vy"": -5.0, ""kick_power"": 0.0, ""kick_dir"": null}, {""move_vx"": 5.138966470950045, ""move_vy"": 5.517483449041896, ""kick_power"": 0.0, ""kick_dir"": null}, {""move_vx"": -5.4, ""move_vy"": 0.0, ""kick_power"": 0.0, ""kick_dir"": null}, {""move_vx"": 5.4, ""move_vy"": 0.0, ""kick_power"": 0.0, ""kick_dir"": null}, {""move_vx"": 0.0, ""move_vy"": -5.8, ""kick_power"": 0.0, ""kick_dir"": null}, {""move_vx"": 5.041463576274985, ""move_vy"": 2.1734178174232013, ""kick_power"": 0.0, ""kick_dir"": null}, {""move_vx"": 6.0, ""move_vy"": 0.0, ""kick_power"": 0.0, ""kick_dir"": null}, {""move_vx"": 0.0, ""move_vy"": 6.0, ""kick_power"": 0.0, ""kick_dir"": null}, {""move_vx"": 4.313351365237939, ""move_vy"": 4.313351365237939, ""kick_power"": 0.0, ""kick_dir"": null}, {""move_vx"": 5.833331809645131, ""move_vy"": -1.4043646245125436, ""kick_power"": 0.0, ""kick_dir"": null}, {""move_vx"": 0.0, ""move_vy"": 0.0, ""kick_power"": 0.0, ""kick_dir"": null}, {""move_vx"": -0.0, ""move_vy"": 0.0, ""kick_power"": 0.0, ""kick_dir"": null}, {""move_vx"": 5.8, ""move_vy"": 0.0, ""kick_power"": 0.0, ""kick_dir"": null}, {""move_vx"": -3.8183766184073566, ""move_vy"": -3.8183766184073566, ""kick_power"": 0.0, ""kick_dir"": null}, {""move_vx"": -5.4, ""move_vy"": 0.0, ""kick_power"": 0.0, ""kick_dir"": null}, {""move_vx"": -4.545080236812301, ""move_vy"": -1.9097501514434392, ""kick_power"": 0.0, ""kick_dir"": null}, {""move_vx"": -5.839931840322714, ""move_vy"": 2.363301948627167, ""kick_power"": 0.0, ""kick_dir"": null}, {""move_vx"": -5.391160220316554, ""move_vy"": 1.8507813157897315, ""kick_power"": 0.0, ""kick_dir"": null}, {""move_vx"": 4.242640687119285, ""move_vy"": 4.242640687119285, ""kick_power"": 0.0, ""kick_dir"": null}, {""move_vx"": -4.525483399593904, ""move_vy"": 4.525483399593904, ""kick_power"": 0.0, ""kick_dir"": null}, {""move_vx"": -7.199971386698116, ""move_vy"": 0.020298540055721834, ""kick_power"": 0.0, ""kick_dir"": null}, {""move_vx"": -0.0, ""move_vy"": 0.0, ""kick_power"": 0.9, ""kick_dir"": [0.8610406236475183, 0.5085359593611838]}]"
1088,37,default,default,0,38.366487944446554,37.39183516843184,20,B,,0.07480075302643756,-0.007780898590491014,0.34179491932288186,"[{""move_vx"": 0.0, ""move_vy"": -5.0, ""kick_power"": 0.0, ""kick_dir"": null}, {""move_vx"": 4.997654059530268, ""move_vy"": 5.645799668891965, ""kick_power"": 0.0, ""kick_dir"": null}, {""move_vx"": 5.39489836276781, ""move_vy"": 0.2346735081026683, ""kick_power"": 0.0, ""kick_dir"": null}, {""move_vx"": 5.4, ""move_vy"": 0.0, ""kick_power"": 0.0, ""kick_dir"": null}, {""move_vx"": 0.0, ""move_vy"": -5.8, ""kick_power"": 0.0, ""kick_dir"": null}, {""move_vx"": 5.037501003035852, ""move_vy"": 2.1825864574886324, ""kick_power"": 0.0, ""kick_dir"": null}, {""move_vx"": 6.0, ""move_vy"": 0.0, ""kick_power"": 0.0, ""kick_dir"": null}, {""move_vx"": 0.0, ""move_vy"": 6.0, ""kick_power"": 0.0, ""kick_dir"": null}, {""move_vx"": 4.313351365237939, ""move_vy"": 4.313351365237939, ""kick_power"": 0.0, ""kick_dir"": null}, {""move_vx"": 5.833331809645131, ""move_vy"": -1.4043646245125432, ""kick_power"": 0.0, ""kick_dir"": null}, {""move_vx"": 0.0, ""move_vy"": 0.0, ""kick_power"": 0.0, ""kick_dir"": null}, {""move_vx"": -0.0, ""move_vy"": 0.0, ""kick_power"": 0.9, ""kick_dir"": [-0.9452872994110169, -0.3262390112888581]}, {""move_vx"": -4.1012193308819755, ""move_vy"": 4.1012193308819755, ""kick_power"": 0.0, ""kick_dir"": null}, {""move_vx"": -3.8183766184073566, ""move_vy"": -3.8183766184073566, ""kick_power"": 0.0, ""kick_dir"": null}, {""move_vx"": -5.4, ""move_vy"": 0.0, ""kick_power"": 0.0, ""kick_dir"": null}, {""move_vx"": -4.545080236812408, ""move_vy"": -1.909750151443183, ""kick_power"": 0.0, ""kick_dir"": null}, {""move_vx"": 4.242640687119285, ""move_vy"": -4.242640687119285, ""kick_power"": 0.0, ""kick_dir"": null}, {""move_vx"": -5.402722344230387, ""move_vy"": 1.8167529471982995, ""kick_power"": 0.0, ""kick_dir"": null}, {""move_vx"": 4.242640687119285, ""move_vy"": 4.242640687119285, ""kick_power"": 0.0, ""kick_dir"": null}, {""move_vx"": -4.525483399593904, ""move_vy"": 4.525483399593904, ""kick_power"": 0.0, ""kick_dir"": null}, {""move_vx"": -7.199971386698117, ""move_vy"": 0.020298540055722895, ""kick_power"": 0.0, ""kick_dir"": null}, {""move_vx"": -0.0, ""move_vy"": 0.0, ""kick_power"": 0.9, ""kick_dir"": [0.8555854407524499, 0.5176614147384043]}]"
1088,38,default,default,0,37.88648985200002,37.39318840443555,20,B,,0.07754548296935107,-0.0037336805525899613,0.34523834653121294,"[{""move_vx"": 0.0, ""move_vy"": -5.0, ""kick_power"": 0.0, ""kick_dir"": null}, {""move_vx"": 4.840447265716282, ""move_vy"": 5.781147833070849, ""kick_power"": 0.0, ""kick_dir"": null}, {""move_vx"": 5.394843939174783, ""move_vy"": 0.23592132576160058, ""kick_power"": 0.0, ""kick_dir"": null}, {""move_vx"": 5.4, ""move_vy"": 0.0, ""kick_power"": 0.0, ""kick_dir"": null}, {""move_vx"": 0.0, ""move_vy"": -5.8, ""kick_power"": 0.0, ""kick_dir"": null}, {""move_vx"": 5.03344309300545, ""move_vy"": 2.191928518331684, ""kick_power"": 0.0, ""kick_dir"": null}, {""move_vx"": 5.234695138840883, ""move_vy"": 1.325883404902417, ""kick_power"": 0.0, ""kick_dir"": null}, {""move_vx"": 0.0, ""move_vy"": 6.0, ""kick_power"": 0.0, ""kick_dir"": null}, {""move_vx"": 6.09513710328731, ""move_vy"": -0.2435234940008612, ""kick_power"": 0.0, ""kick_dir"": null}, {""move_vx"": 5.833331809645131, ""move_vy"": -1.4043646245125427, ""kick_power"": 0.0, ""kick_dir"": null}, {""move_vx"": 0.0, ""move_vy"": 0.0, ""kick_power"": 0.0, ""kick_dir"": null}, {""move_vx"": -0.0, ""move_vy"": 0.0, ""kick_power"": 0.0, ""kick_dir"": null}, {""move_vx"": -4.1012193308819755, ""move_vy"": -4.1012193308819755, ""kick_power"": 0.0, ""kick_dir"": null}, {""move_vx"": -3.8183766184073566, ""move_vy"": -3.8183766184073566, ""kick_power"": 0.0, ""kick_dir"": null}, {""move_vx"": -5.4, ""move_vy"": 0.0, ""kick_power"": 0.0, ""kick_dir"": null}, {""move_vx"": 4.545080236812519, ""move_vy"": 1.9097501514429212, ""kick_power"": 0.0, ""kick_dir"": null}, {""move_vx"": -5.862022598216341, ""move_vy"": 2.307962533924878, ""kick_power"": 0.0, ""kick_dir"": null}, {""move_vx"": -5.413827038746188, ""move_vy"": 1.7833891315528052, ""kick_power"": 0.0, ""kick_dir"": null}, {""move_vx"": 4.242640687119285, ""move_vy"": 4.242640687119285, ""kick_power"": 0.0, ""kick_dir"": null}, {""move_vx"": -4.525483399593904, ""move_vy"": 4.525483399593904, ""kick_power"": 0.0, ""kick_dir"": null}, {""move_vx"": -7.199971386698116, ""move_vy"": 0.02029854005572398, ""kick_power"": 0.0, ""kick_dir"": null}, {""move_vx"": -6.4, ""move_vy"": 0.0, ""kick_power"": 0.0, ""kick_dir"": null}]"
1088,39,default,default,0,37.40649175955348,37.39454164043926,20,B,,0.080235345532208,-0.006934915451211528,0.3518259885249598,"[{""move_vx"": 0.0, ""move_vy"": -5.0, ""kick_power"": 0.0, ""kick_dir"": null}, {""move_vx"": 4.664785408431696, ""move_vy"": 5.923797522981583, ""kick_power"": 0.0, ""kick_dir"": null}, {""move_vx"": 5.39478825570724, ""move_vy"": 0.23719122261003192, ""kick_power"": 0.0, ""kick_dir"": null}, {""move_vx"": 5.4, ""move_vy"": 0.0, ""kick_power"": 0.0, ""kick_dir"": null}, {""move_vx"": 0.0, ""move_vy"": -5.8, ""kick_power"": 0.0, ""kick_dir"": null}, {""move_vx"": 5.029286061918137, ""move_vy"": 2.2014499102627703, ""kick_power"": 0.0, ""kick_dir"": null}, {""move_vx"": 6.0, ""move_vy"": 0.0, ""kick_power"": 0.0, ""kick_dir"": null}, {""move_vx"": 0.0, ""move_vy"": 6.0, ""kick_power"": 0.0, ""kick_dir"": null}, {""move_vx"": 4.313351365237939, ""move_vy"": 4.313351365237939, ""kick_power"": 0.0, ""kick_dir"": null}, {""move_vx"": 5.83560646867923, ""move_vy"": -1.3948824834763465, ""kick_power"": 0.0, ""kick_dir"": null}, {""move_vx"": 0.0, ""move_vy"": 0.0, ""kick_power"": 0.0, ""kick_dir"": null}, {""move_vx"": -0.0, ""move_vy"": 0.0, ""kick_power"": 0.9, ""kick_dir"": [-0.9452864331930534, -0.3262415211702075]}, {""move_vx"": -4.1012193308819755, ""move_vy"": -4.1012193308819755, ""kick_power"": 0.0, ""kick_dir"": null}, {""move_vx"": -3.8183766184073566, ""move_vy"": -3.8183766184073566, ""kick_power"": 0.0, ""kick_dir"": null}, {""move_vx"": -5.4, ""move_vy"": 0.0, ""kick_power"": 0.0, ""kick_dir"": null}, {""move_vx"": -4.5450802368125505, ""move_vy"": -1.9097501514428439, ""kick_power"": 0.0, ""kick_dir"": null}, {""move_vx"": -5.910093394943646, ""move_vy"": -1.0347927633316214, ""kick_power"": 0.0, ""kick_dir"": null}, {""move_vx"": -5.424492557935125, ""move_vy"": 1.750680007570326, ""kick_power"": 0.0, ""kick_dir"": null}, {""move_vx"": 4.242640687119285, ""move_vy"": 4.242640687119285, ""kick_power"": 0.0, ""kick_dir"": null}, {""move_vx"": -4.525483399593904, ""move_vy"": 4.525483399593904, ""kick_power"": 0.0, ""kick_dir"": null}, {""move_vx"": -7.199971386698116, ""move_vy"": 0.020298540055725095, ""kick_power"": 0.0, ""kick_dir"": null}, {""move_vx"": -4.783114746348459, ""move_vy"": -3.7534268773034487, ""kick_power"": 0.0, ""kick_dir"": null}]"
1088,40,default,default,0,36.926493667106946,37.395894876442966,20,B,,0.08286829531726057,-0.017495998441524274,0.34677939912674755,"[{""move_vx"": 0.0, ""move_vy"": -5.0, ""kick_power"": 0.0, ""kick_dir"": null}, {""move_vx"": -4.1012193308819755, ""move_vy"": -4.1012193308819755, ""kick_power"": 0.0, ""kick_dir"": null}, {""move_vx"": 5.394731266751362, ""move_vy"": 0.23848387688742628, ""kick_power"": 0.0, ""kick_dir"": null}, {""move_vx"": 5.139683234158134, ""move_vy"": -1.6563985790001718, ""kick_power"": 0.0, ""kick_dir"": null}, {""move_vx"": 0.0, ""move_vy"": -5.8, ""kick_power"": 0.0, ""kick_dir"": null}, {""move_vx"": 5.025025914482421, ""move_vy"": 2.2111568372189487, ""kick_power"": 0.0, ""kick_dir"": null}, {""move_vx"": 5.219662879150656, ""move_vy"": 1.3838784007334899, ""kick_power"": 0.0, ""kick_dir"": null}, {""move_vx"": 0.0, ""move_vy"": 6.0, ""kick_power"": 0.0, ""kick_dir"": null}, {""move_vx"": 4.313351365237939, ""move_vy"": 4.313351365237939, ""kick_power"": 0.0, ""kick_dir"": null}, {""move_vx"": 5.838470367811132, ""move_vy"": -1.3828462547193539, ""kick_power"": 0.0, ""kick_dir"": null}, {""move_vx"": 0.0, ""move_vy"": 0.0, ""kick_power"": 0.0, ""kick_dir"": null}, {""move_vx"": -0.0, ""move_vy"": 0.0, ""kick_power"": 0.9, ""kick_dir"": [-0.945286355272228, -0.32624174694607116]}, {""move_vx"": -4.1012193308819755, ""move_vy"": -4.1012193308819755, ""kick_power"": 0.0, ""kick_dir"": null}, {""move_vx"": -3.8183766184073566, ""move_vy"": -3.8183766184073566, ""kick_power"": 0.0, ""kick_dir"": null}, {""move_vx"": -5.4, ""move_vy"": 0.0, ""kick_power"": 0.0, ""kick_dir"": null}, {""move_vx"": 4.545080236812519, ""move_vy"": 1.9097501514429212, ""kick_power"": 0.0, ""kick_dir"": null}, {""move_vx"": -0.0, ""move_vy"": 6.0, ""kick_power"": 0.0, ""kick_dir"": null}, {""move_vx"": -5.434736482518651, ""move_vy"": 1.7186155374547256, ""kick_power"": 0.0, ""kick_dir"": null}, {""move_vx"": 4.242640687119285, ""move_vy"": 4.242640687119285, ""kick_power"": 0.0, ""kick_dir"": null}, {""move_vx"": -4.525483399593904, ""move_vy"": 4.525483399593904, ""kick_power"": 0.0, ""kick_dir"": null}, {""move_vx"": -7.199971386698117, ""move_vy"": 0.020298540055726243, ""kick_power"": 0.0, ""kick_dir"": null}, {""move_vx"": -4.821148600230643, ""move_vy"": -3.7044468108604427, ""kick_power"": 0.0, ""kick_dir"": null}]"
1088,41,default,default,0,36.44649557466041,37.397248112446675,20,B,,0.08544221536758849,-0.00985126834187003,0.3517933716649196,"[{""move_vx"": 0.0, ""move_vy"": -5.0, ""kick_power"": 0.0, ""kick_dir"": null}, {""move_vx"": 4.293480060739591, ""move_vy"": 6.198195621955761, ""kick_power"": 0.0, ""kick_dir"": null}, {""move_vx"": 5.394672924429101, ""move_vy"": 0.23979999672971325, ""kick_power"": 0.0, ""kick_dir"": null}, {""move_vx"": 5.139683234158134, ""move_vy"": -1.6563985790001716, ""kick_power"": 0.0, ""kick_dir"": null}, {""move_vx"": 0.0, ""move_vy"": -5.8, ""kick_power"": 0.0, ""kick_dir"": null}, {""move_vx"": 5.020658429123149, ""move_vy"": 2.2210558160646685, ""kick_power"": 0.0, ""kick_dir"": null}, {""move_vx"": 6.0, ""move_vy"": 0.0, ""kick_power"": 0.0, ""kick_dir"": null}, {""move_vx"": 0.0, ""move_vy"": 6.0, ""kick_power"": 0.0, ""kick_dir"": null}, {""move_vx"": 4.313351365237939, ""move_vy"": 4.313351365237939, ""kick_power"": 0.0, ""kick_dir"": null}, {""move_vx"": 5.831349008772338, ""move_vy"": -1.4125752149495896, ""kick_power"": 0.0, ""kick_dir"": null}, {""move_vx"": 0.0, ""move_vy"": 0.0, ""kick_power"": 0.0, ""kick_dir"": null}, {""move_vx"": -0.0, ""move_vy"": 0.0, ""kick_power"": 0.9, ""kick_dir"": [-0.9452863258978847, -0.3262418320582886]}, {""move_vx"": -4.1012193308819755, ""move_vy"": -4.1012193308819755, ""kick_power"": 0.0, ""kick_dir"": null}, {""move_vx"": -0.0, ""move_vy"": 0.0, ""kick_power"": 0.9, ""kick_dir"": [-0.9501310943499092, -0.3118507008995703]}, {""move_vx"": -5.4, ""move_vy"": 0.0, ""kick_power"": 0.0, ""kick_dir"": null}, {""move_vx"": -4.5450802368125505, ""move_vy"": -1.9097501514428439, ""kick_power"": 0.0, ""kick_dir"": null}, {""move_vx"": -5.962473853875377, ""move_vy"": 2.0344300287433135, ""kick_power"": 0.0, ""kick_dir"": null}, {""move_vx"": -5.444575737065153, ""move_vy"": 1.687185539103934, ""kick_power"": 0.0, ""kick_dir"": null}, {""move_vx"": 4.242640687119285, ""move_vy"": 4.242640687119285, ""kick_power"": 0.0, ""kick_dir"": null}, {""move_vx"": -4.525483399593904, ""move_vy"": 4.525483399593904, ""kick_power"": 0.0, ""kick_dir"": null}, {""move_vx"": -7.199971386698116, ""move_vy"": 0.02029854005572741, ""kick_power"": 0.0, ""kick_dir"": null}, {""move_vx"": -4.525483399593904, ""move_vy"": 4.525483399593904, ""kick_power"": 0.0, ""kick_dir"": null}]"
1088,42,default,default,0,35.966497482213875,37.398601348450384,20,B,,0.08963517109931056,-0.011643140488517858,0.3582151784279048,"[{""move_vx"": 4.4523794339950316, ""move_vy"": 1.6549372724481388, ""kick_power"": 0.0, ""kick_dir"": null}, {""move_vx"": 4.064499176182734, ""move_vy"": 6.350704405560842, ""kick_power"": 0.0, ""kick_dir"": null}, {""move_vx"": 5.394613178454541, ""move_vy"": 0.24114032189703, ""kick_power"": 0.0, ""kick_dir"": null}, {""move_vx"": 5.1396832341581336, ""move_vy"": -1.6563985790001718, ""kick_power"": 0.0, ""kick_dir"": null}, {""move_vx"": 0.0, ""move_vy"": -5.8, ""kick_power"": 0.0, ""kick_dir"": null}, {""move_vx"": 5.016179141360574, ""move_vy"": 2.231153697480094, ""kick_power"": 0.0, ""kick_dir"": null}, {""move_vx"": 5.202191389531398, ""move_vy"": 1.4481728994444634, ""kick_power"": 0.0, ""kick_dir"": null}, {""move_vx"": 0.0, ""move_vy"": 6.0, ""kick_power"": 0.0, ""kick_dir"": null}, {""move_vx"": 4.313351365237939, ""move_vy"": 4.313351365237939, ""kick_power"": 0.0, ""kick_dir"": null}, {""move_vx"": 5.829560490914631, ""move_vy"": -1.419938196812518, ""kick_power"": 0.0, ""kick_dir"": null}, {""move_vx"": 0.0, ""move_vy"": 0.0, ""kick_power"": 0.0, ""kick_dir"": null}, {""move_vx"": -0.0, ""move_vy"": 0.0, ""kick_power"": 0.9, ""kick_dir"": [-0.9452863126668681, -0.3262418703951792]}, {""move_vx"": -4.1012193308819755, ""move_vy"": -4.1012193308819755, ""kick_power"": 0.0, ""kick_dir"": null}, {""move_vx"": -5.4, ""move_vy"": 0.0, ""kick_power"": 0.0, ""kick_dir"": null}, {""move_vx"": -5.4, ""move_vy"": 0.0, ""kick_power"": 0.0, ""kick_dir"": null}, {""move_vx"": -5.215303461991888, ""move_vy"": -2.537835652546362, ""kick_power"": 0.0, ""kick_dir"": null}, {""move_vx"": -0.0, ""move_vy"": 6.0, ""kick_power"": 0.0, ""kick_dir"": null}, {""move_vx"": -5.454026607626436, ""move_vy"": 1.6563797159174751, ""kick_power"": 0.0, ""kick_dir"": null}, {""move_vx"": 4.242640687119285, ""move_vy"": 4.242640687119285, ""kick_power"": 0.0, ""kick_dir"": null}, {""move_vx"": -0.0, ""move_vy"": 0.0, ""kick_power"": 0.0, ""kick_dir"": null}, {""move_vx"": -7.199971386698116, ""move_vy"": 0.020298540055728616, ""kick_power"": 0.0, ""kick_dir"": null}, {""move_vx"": -4.8416988555270075, ""move_vy"": -3.6775470346942494, ""kick_power"": 0.0, ""kick_dir"": null}]"
1088,43,default,default,0,35.48649938976734,37.39995458445409,20,B,,0.09214377832417198,-0.014935605688524584,0.3551863925375322,"[{""move_vx"": 0.0, ""move_vy"": -5.0, ""kick_power"": 0.0, ""kick_dir"": null}, {""move_vx"": -4.1012193308819755, ""move_vy"": 4.1012193308819755, ""kick_power"": 0.0, ""kick_dir"": null}, {""move_vx"": 5.394551975979091, ""move_vy"": 0.242505625625636, ""kick_power"": 0.0, ""kick_dir"": null}, {""move_vx"": 5.1396832341581336, ""move_vy"": -1.6563985790001714, ""kick_power"": 0.0, ""kick_dir"": null}, {""move_vx"": 0.0, ""move_vy"": -5.8, ""kick_power"": 0.0, ""kick_dir"": null}, {""move_vx"": 5.011583325680596, ""move_vy"": 2.2414576885946835, ""kick_power"": 0.0, ""kick_dir"": null}, {""move_vx"": 6.0, ""move_vy"": 0.0, ""kick_power"": 0.0, ""kick_dir"": null}, {""move_vx"": 0.0, ""move_vy"": 6.0, ""kick_power"": 0.0, ""kick_dir"": null}, {""move_vx"": 5.000848343865697, ""move_vy"": -3.4930668246765197, ""kick_power"": 0.0, ""kick_dir"": null}, {""move_vx"": 5.8302174564948555, ""move_vy"": -1.4172383038792904, ""kick_power"": 0.0, ""kick_dir"": null}, {""move_vx"": 0.0, ""move_vy"": 0.0, ""kick_power"": 0.0, ""kick_dir"": null}, {""move_vx"": -0.0, ""move_vy"": 0.0, ""kick_power"": 0.9, ""kick_dir"": [-0.9452863044311851, -0.32624189425808103]}, {""move_vx"": -0.0, ""move_vy"": 0.0, ""kick_power"": 0.0, ""kick_dir"": null}, {""move_vx"": -0.0, ""move_vy"": 0.0, ""kick_power"": 0.9, ""kick_dir"": [-0.9479769270942499, -0.31833897286061913]}, {""move_vx"": -5.4, ""move_vy"": 0.0, ""kick_power"": 0.0, ""kick_dir"": null}, {""move_vx"": 4.466178685137861, ""move_vy"": 2.087617769712703, ""kick_power"": 0.0, ""kick_dir"": null}, {""move_vx"": -0.0, ""move_vy"": 6.0, ""kick_power"": 0.0, ""kick_dir"": null}, {""move_vx"": -5.46310475968991, ""move_vy"": 1.6261876843259646, ""kick_power"": 0.0, ""kick_dir"": null}, {""move_vx"": 4.242640687119285, ""move_vy"": 4.242640687119285, ""kick_power"": 0.0, ""kick_dir"": null}, {""move_vx"": -4.525483399593904, ""move_vy"": 4.525483399593904, ""kick_power"": 0.0, ""kick_dir"": null}, {""move_vx"": -7.199971386698117, ""move_vy"": 0.02029854005572985, ""kick_power"": 0.0, ""kick_dir"": null}, {""move_vx"": -4.877870690687522, ""move_vy"": -3.6294321215489953, ""kick_power"": 0.0, ""kick_dir"": null}]"
1088,44,default,default,0,35.0065012973208,37.4013078204578,20,B,,0.0963403282600808,-0.014567665058267877,0.37213497433229,"[{""move_vx"": 4.4274685202832496, ""move_vy"": 1.7204715928781993, ""kick_power"": 0.0, ""kick_dir"": null}, {""move_vx"": 0.0, ""move_vy"": 0.0, ""kick_power"": 0.6, ""kick_dir"": [0.9925244804775795, 0.12204559413892306]}, {""move_vx"": 5.39448926142453, ""move_vy"": 0.2438967166146995, ""kick_power"": 0.0, ""kick_dir"": null}, {""move_vx"": 5.1396832341581336, ""move_vy"": -1.6563985790001716, ""kick_power"": 0.0, ""kick_dir"": null}, {""move_vx"": 5.798842297045362, ""move_vy"": -4.819235210486998, ""kick_power"": 0.0, ""kick_dir"": null}, {""move_vx"": 5.006865975732197, ""move_vy"": 2.251975377541965, ""kick_power"": 0.0, ""kick_dir"": null}, {""move_vx"": 6.0, ""move_vy"": 0.0, ""kick_power"": 0.0, ""kick_dir"": null}, {""move_vx"": 0.0, ""move_vy"": 6.0, ""kick_power"": 0.0, ""kick_dir"": null}, {""move_vx"": 4.313351365237939, ""move_vy"": 4.313351365237939, ""kick_power"": 0.0, ""kick_dir"": null}, {""move_vx"": 0.0, ""move_vy"": 0.0, ""kick_power"": 0.0, ""kick_dir"": null}, {""move_vx"": 0.0, ""move_vy"": 0.0, ""kick_power"": 0.0, ""kick_dir"": null}, {""move_vx"": -0.0, ""move_vy"": 0.0, ""kick_power"": 0.0, ""kick_dir"": null}, {""move_vx"": -4.1012193308819755, ""move_vy"": -4.1012193308819755, ""kick_power"": 0.0, ""kick_dir"": null}, {""move_vx"": -3.8183766184073566, ""move_vy"": -3.8183766184073566, ""kick_power"": 0.0, ""kick_dir"": null}, {""move_vx"": -5.4, ""move_vy"": 0.0, ""kick_power"": 0.0, ""kick_dir"": null}, {""move_vx"": -0.0, ""move_vy"": 0.0, ""kick_power"": 0.9, ""kick_dir"": [-0.9991889358865104, -0.04026598476297691]}, {""move_vx"": -6.082467794891248, ""move_vy"": 1.6412146490056727, ""kick_power"": 0.0, ""kick_dir"": null}, {""move_vx"": -5.471825256335586, ""move_vy"": 1.5965989991629082, ""kick_power"": 0.0, ""kick_dir"": null}, {""move_vx"": -0.0, ""move_vy"": 0.0, ""kick_power"": 0.65, ""kick_dir"": [0.9994739270863265, 0.03243103021893196]}, {""move_vx"": -4.525483399593904, ""move_vy"": 4.525483399593904, ""kick_power"": 0.0, ""kick_dir"": null}, {""move_vx"": -7.199971386698116, ""move_vy"": 0.020298540055731115, ""kick_power"": 0.0, ""kick_dir"": null}, {""move_vx"": -4.91312655411155, ""move_vy"": -3.5815621540445135, ""kick_power"": 0.0, ""kick_dir"": null}]"
1088,45,default,default,0,34.52650320487427,37.40266105646151,20,B,,0.09877930972225463,-0.0192905059024601,0.3769560076462544,"[{""move_vx"": 0.0, ""move_vy"": -5.0, ""kick_power"": 0.0, ""kick_dir"": null}, {""move_vx"": -4.1012193308819755, ""move_vy"": 4.1012193308819755, ""kick_power"": 0.0, ""kick_dir"": null}, {""move_vx"": 5.394424976302707, ""move_vy"": 0.24531444115978648, ""kick_power"": 0.0, ""kick_dir"": null}, {""move_vx"": 5.139683234158134, ""move_vy"": -1.6563985790001716, ""kick_power"": 0.0, ""kick_dir"": null}, {""move_vx"": 0.0, ""move_vy"": -5.8, ""kick_power"": 0.0, ""kick_dir"": null}, {""move_vx"": 5.002021782667347, ""move_vy"": 2.262714760132479, ""kick_power"": 0.0, ""kick_dir"": null}, {""move_vx"": 6.0, ""move_vy"": 0.0, ""kick_power"": 0.0, ""kick_dir"": null}, {""move_vx"": 0.0, ""move_vy"": 6.0, ""kick_power"": 0.0, ""kick_dir"": null}, {""move_vx"": 4.9835046765978115, ""move_vy"": -3.5177664985509973, ""kick_power"": 0.0, ""kick_dir"": null}, {""move_vx"": 5.829029437818103, ""move_vy"": -1.4221166664693774, ""kick_power"": 0.0, ""kick_dir"": null}, {""move_vx"": 5.254887733851978, ""move_vy"": -1.2434447734467406, ""kick_power"": 0.0, ""kick_dir"": null}, {""move_vx"": -0.0, ""move_vy"": 0.0, ""kick_power"": 0.0, ""kick_dir"": null}, {""move_vx"": -4.1012193308819755, ""move_vy"": -4.1012193308819755, ""kick_power"": 0.0, ""kick_dir"": null}, {""move_vx"": -6.869780880033703, ""move_vy"": 1.4444759119913946, ""kick_power"": 0.0, ""kick_dir"": null}, {""move_vx"": -5.4, ""move_vy"": 0.0, ""kick_power"": 0.0, ""kick_dir"": null}, {""move_vx"": -0.0, ""move_vy"": 0.0, ""kick_power"": 0.9, ""kick_dir"": [-0.9993883946976335, -0.034967320974985464]}, {""move_vx"": -5.462377151855886, ""move_vy"": 2.4824253968413195, ""kick_power"": 0.0, ""kick_dir"": null}, {""move_vx"": -5.4802025764992806, ""move_vy"": 1.5676031769968573, ""kick_power"": 0.0, ""kick_dir"": null}, {""move_vx"": -0.0, ""move_vy"": 0.0, ""kick_power"": 0.65, ""kick_dir"": [0.9996060216836928, 0.028066041462923772]}, {""move_vx"": -4.525483399593904, ""move_vy"": 4.525483399593904, ""kick_power"": 0.0, ""kick_dir"": null}, {""move_vx"": -7.199971386698116, ""move_vy"": 0.02029854005573242, ""kick_power"": 0.0, ""kick_dir"": null}, {""move_vx"": -4.947479152868793, ""move_vy"": -3.533956710534057, ""kick_power"": 0.0, ""kick_dir"": null}]"
1088,46,default,default,0,34.12650082043243,37.400969511456864,20,B,,0.10230198903953337,-0.00895290008792541,0.3789462859678603,"[{""move_vx"": 4.400571337993099, ""move_vy"": 1.7881476167346002, ""kick_power"": 0.0, ""kick_dir"": null}, {""move_vx"": -4.1012193308819755, ""move_vy"": 4.1012193308819755, ""kick_power"": 0.0, ""kick_dir"": null}, {""move_vx"": 5.3943590590206885, ""move_vy"": 0.24675968544604535, ""kick_power"": 0.0, ""kick_dir"": null}, {""move_vx"": 5.139683234158134, ""move_vy"": -1.6563985790001718, ""kick_power"": 0.0, ""kick_dir"": null}, {""move_vx"": 5.688369058616297, ""move_vy"": -4.949147144001353, ""kick_power"": 0.0, ""kick_dir"": null}, {""move_vx"": 4.997045111414697, ""move_vy"": 2.2736842688655097, ""kick_power"": 0.0, ""kick_dir"": null}, {""move_vx"": -5.096691400813178, ""move_vy"": -0.18367570573429753, ""kick_power"": 0.0, ""kick_dir"": null}, {""move_vx"": 0.0, ""move_vy"": 6.0, ""kick_power"": 0.0, ""kick_dir"": null}, {""move_vx"": 4.986193843729038, ""move_vy"": -3.5139537493767103, ""kick_power"": 0.0, ""kick_dir"": null}, {""move_vx"": 5.829029437818103, ""move_vy"": -1.4221166664693778, ""kick_power"": 0.0, ""kick_dir"": null}, {""move_vx"": 5.872355025494574, ""move_vy"": 1.2310347089130442, ""kick_power"": 0.0, ""kick_dir"": null}, {""move_vx"": -0.0, ""move_vy"": 0.0, ""kick_power"": 0.0, ""kick_dir"": null}, {""move_vx"": -4.1012193308819755, ""move_vy"": -4.1012193308819755, ""kick_power"": 0.0, ""kick_dir"": null}, {""move_vx"": -3.8183766184073566, ""move_vy"": -3.8183766184073566, ""kick_power"": 0.0, ""kick_dir"": null}, {""move_vx"": -5.4, ""move_vy"": 0.0, ""kick_power"": 0.0, ""kick_dir"": null}, {""move_vx"": -0.0, ""move_vy"": 0.0, ""kick_power"": 0.9, ""kick_dir"": [-0.9995653762197736, -0.029477677106455578]}, {""move_vx"": -6.104019764466167, ""move_vy"": 1.559148073470387, ""kick_power"": 0.0, ""kick_dir"": null}, {""move_vx"": -5.488250633254727, ""move_vy"": 1.5391897175394198, ""kick_power"": 0.0, ""kick_dir"": null}, {""move_vx"": -0.0, ""move_vy"": 0.0, ""kick_power"": 0.65, ""kick_dir"": [0.9997220051345564, 0.02357567189284947]}, {""move_vx"": -4.525483399593904, ""move_vy"": 4.525483399593904, ""kick_power"": 0.0, ""kick_dir"": null}, {""move_vx"": -6.0, ""move_vy"": 0.0, ""kick_power"": 0.0, ""kick_dir"": null}, {""move_vx"": -4.980941726666725, ""move_vy"": -3.4866344109399123, ""kick_power"": 0.0, ""kick_dir"": null}]"
1088,47,default,default,0,33.72650082043243,37.400969511456864,20,B,,0.10399206877896479,-0.022780829902464043,0.38365316949348977,"[{""move_vx"": 0.0, ""move_vy"": -5.0, ""kick_power"": 0.0, ""kick_dir"": null}, {""move_vx"": -4.1012193308819755, ""move_vy"": 4.1012193308819755, ""kick_power"": 0.0, ""kick_dir"": null}, {""move_vx"": 5.394310977099545, ""move_vy"": 0.247808559867006, ""kick_power"": 0.0, ""kick_dir"": null}, {""move_vx"": 5.1396832341581336, ""move_vy"": -1.6563985790001714, ""kick_power"": 0.0, ""kick_dir"": null}, {""move_vx"": 0.0, ""move_vy"": 0.0, ""kick_power"": 0.6, ""kick_dir"": [0.993453944121152, -0.11423324655698126]}, {""move_vx"": 4.99333845369546, ""move_vy"": 2.281813113917576, ""kick_power"": 0.0, ""kick_dir"": null}, {""move_vx"": 6.0, ""move_vy"": 0.0, ""kick_power"": 0.0, ""kick_dir"": null}, {""move_vx"": 0.0, ""move_vy"": 6.0, ""kick_power"": 0.0, ""kick_dir"": null}, {""move_vx"": 4.988893223695821, ""move_vy"": -3.5101202832042544, ""kick_power"": 0.0, ""kick_dir"": null}, {""move_vx"": 5.829029437818102, ""move_vy"": -1.4221166664693783, ""kick_power"": 0.0, ""kick_dir"": null}, {""move_vx"": 5.872355025494573, ""move_vy"": 1.2310347089130442, ""kick_power"": 0.0, ""kick_dir"": null}, {""move_vx"": -0.0, ""move_vy"": 0.0, ""kick_power"": 0.0, ""kick_dir"": null}, {""move_vx"": -4.1012193308819755, ""move_vy"": -4.1012193308819755, ""kick_power"": 0.0, ""kick_dir"": null}, {""move_vx"": -6.865292176211716, ""move_vy"": 1.4656613985659208, ""kick_power"": 0.0, ""kick_dir"": null}, {""move_vx"": -5.4, ""move_vy"": 0.0, ""kick_power"": 0.0, ""kick_dir"": null}, {""move_vx"": -0.0, ""move_vy"": 0.0, ""kick_power"": 0.9, ""kick_dir"": [-0.9997169929631445, -0.02378668706576011]}, {""move_vx"": -6.1106344564237585, ""move_vy"": 1.5330187669975606, ""kick_power"": 0.0, ""kick_dir"": null}, {""move_vx"": -5.494886782298941, ""move_vy"": 1.5153280996920693, ""kick_power"": 0.0, ""kick_dir"": null}, {""move_vx"": -0.0, ""move_vy"": 0.0, ""kick_power"": 0.65, ""kick_dir"": [0.999820297866308, 0.01895442894887933]}, {""move_vx"": -4.525483399593904, ""move_vy"": 4.525483399593904, ""kick_power"": 0.0, ""kick_dir"": null}, {""move_vx"": -6.0, ""move_vy"": 0.0, ""kick_power"": 0.0, ""kick_dir"": null}, {""move_vx"": -5.00791536401706, ""move_vy"": -3.447779532806859, ""kick_power"": 0.0, ""kick_dir"": null}]"
1088,48,default,default,0,33.32650082043242,37.400969511456864,20,B,,0.10751662098388184,-0.017986864302158713,0.3829219148712867,"[{""move_vx"": 4.3748762103156755, ""move_vy"": 1.8501238186710531, ""kick_power"": 0.0, ""kick_dir"": null}, {""move_vx"": -4.1012193308819755, ""move_vy"": 4.1012193308819755, ""kick_power"": 0.0, ""kick_dir"": null}, {""move_vx"": 5.394256822553403, ""move_vy"": 0.2489846026084168, ""kick_power"": 0.0, ""kick_dir"": null}, {""move_vx"": 5.1396832341581336, ""move_vy"": -1.6563985790001716, ""kick_power"": 0.0, ""kick_dir"": null}, {""move_vx"": 5.364792863656857, ""move_vy"": -5.298169262118423, ""kick_power"": 0.0, ""kick_dir"": null}, {""move_vx"": 4.989480316651031, ""move_vy"": 2.290237142688924, ""kick_power"": 0.0, ""kick_dir"": null}, {""move_vx"": 6.0, ""move_vy"": 0.0, ""kick_power"": 0.0, ""kick_dir"": null}, {""move_vx"": 0.0, ""move_vy"": 6.0, ""kick_power"": 0.0, ""kick_dir"": null}, {""move_vx"": 4.991602898484549, ""move_vy"": -3.5062658917772684, ""kick_power"": 0.0, ""kick_dir"": null}, {""move_vx"": 5.829029437818102, ""move_vy"": -1.4221166664693787, ""kick_power"": 0.0, ""kick_dir"": null}, {""move_vx"": 5.872355025494573, ""move_vy"": 1.2310347089130445, ""kick_power"": 0.0, ""kick_dir"": null}, {""move_vx"": -0.0, ""move_vy"": 0.0, ""kick_power"": 0.0, ""kick_dir"": null}, {""move_vx"": -4.1012193308819755, ""move_vy"": -4.1012193308819755, ""kick_power"": 0.0, ""kick_dir"": null}, {""move_vx"": -3.8183766184073566, ""move_vy"": -3.8183766184073566, ""kick_power"": 0.0, ""kick_dir"": null}, {""move_vx"": -5.4, ""move_vy"": 0.0, ""kick_power"": 0.0, ""kick_dir"": null}, {""move_vx"": -0.0, ""move_vy"": 0.0, ""kick_power"": 0.9, ""kick_dir"": [-0.9998400153573482, -0.017883339355291437]}, {""move_vx"": -6.116934374956192, ""move_vy"": 1.5076849314360459, ""kick_power"": 0.0, ""kick_dir"": null}, {""move_vx"": -5.501222410440773, ""move_vy"": 1.4921635268509255, ""kick_power"": 0.0, ""kick_dir"": null}, {""move_vx"": -0.0, ""move_vy"": 0.0, ""kick_power"": 0.65, ""kick_dir"": [0.999899172088061, 0.014196568816678582]}, {""move_vx"": -4.525483399593904, ""move_vy"": 4.525483399593904, ""kick_power"": 0.0, ""kick_dir"": null}, {""move_vx"": -6.0, ""move_vy"": 0.0, ""kick_power"": 0.0, ""kick_dir"": null}, {""move_vx"": -5.034517287787905, ""move_vy"": -3.4088173431506585, ""kick_power"": 0.0, ""kick_dir"": null}]"
1088,49,default,default,0,32.926500820432416,37.400969511456864,20,B,,0.10913952616517522,-0.02300115585838046,0.38670067719543644,"[{""move_vx"": 0.0, ""move_vy"": -5.0, ""kick_power"": 0.0, ""kick_dir"": null}, {""move_vx"": -4.1012193308819755, ""move_vy"": 4.1012193308819755, ""kick_power"": 0.0, ""kick_dir"": null}, {""move_vx"": 5.394201414261517, ""move_vy"": 0.2501821384092988, ""kick_power"": 0.0, ""kick_dir"": null}, {""move_vx"": 5.139683234158134, ""move_vy"": -1.6563985790001716, ""kick_power"": 0.0, ""kick_dir"": null}, {""move_vx"": 0.0, ""move_vy"": -5.8, ""kick_power"": 0.0, ""kick_dir"": null}, {""move_vx"": 4.985526469593934, ""move_vy"": 2.2988314033391517, ""kick_power"": 0.0, ""kick_dir"": null}, {""move_vx"": 6.0, ""move_vy"": 0.0, ""kick_power"": 0.0, ""kick_dir"": null}, {""move_vx"": 0.0, ""move_vy"": 6.0, ""kick_power"": 0.0, ""kick_dir"": null}, {""move_vx"": 4.994322951130147, ""move_vy"": -3.502390363710856, ""kick_power"": 0.0, ""kick_dir"": null}, {""move_vx"": 5.829029437818103, ""move_vy"": -1.4221166664693796, ""kick_power"": 0.0, ""kick_dir"": null}, {""move_vx"": 5.872355025494573, ""move_vy"": 1.2310347089130445, ""kick_power"": 0.0, ""kick_dir"": null}, {""move_vx"": -0.0, ""move_vy"": 0.0, ""kick_power"": 0.0, ""kick_dir"": null}, {""move_vx"": -4.1012193308819755, ""move_vy"": -4.1012193308819755, ""kick_power"": 0.0, ""kick_dir"": null}, {""move_vx"": -6.860181052575405, ""move_vy"": 1.4894011970874093, ""kick_power"": 0.0, ""kick_dir"": null}, {""move_vx"": -3.8183766184073566, ""move_vy"": 3.8183766184073566, ""kick_power"": 0.0, ""kick_dir"": null}, {""move_vx"": -0.0, ""move_vy"": 0.0, ""kick_power"": 0.9, ""kick_dir"": [-0.9999308243033203, -0.011756457600811177]}, {""move_vx"": -6.123035838924004, ""move_vy"": 1.482711069376709, ""kick_power"": 0.0, ""kick_dir"": null}, {""move_vx"": -5.507364247707784, ""move_vy"": 1.4693328564590349, ""kick_power"": 0.0, ""kick_dir"": null}, {""move_vx"": -0.0, ""move_vy"": 0.0, ""kick_power"": 0.65, ""kick_dir"": [0.9999567342887206, 0.009296500599620698]}, {""move_vx"": -4.525483399593904, ""move_vy"": 4.525483399593904, ""kick_power"": 0.0, ""kick_dir"": null}, {""move_vx"": -6.0, ""move_vy"": 0.0, ""kick_power"": 0.0, ""kick_dir"": null}, {""move_vx"": -5.060585538273084, ""move_vy"": -3.3699961438881965, ""kick_power"": 0.0, ""kick_dir"": null}]"
1088,50,default,default,0,32.52650082043241,37.400969511456864,20,B,,0.11267072296787033,-0.013717608916835917,0.3781919009374512,"[{""move_vx"": 4.347374500227415, ""move_vy"": 1.9138534308489872, ""kick_power"": 0.0, ""kick_dir"": null}, {""move_vx"": -4.1012193308819755, ""move_vy"": 4.1012193308819755, ""kick_power"": 0.0, ""kick_dir"": null}, {""move_vx"": 5.394144705640806, ""move_vy"": 0.25140185879834215, ""kick_power"": 0.0, ""kick_dir"": null}, {""move_vx"": 5.139683234158134, ""move_vy"": -1.6563985790001718, ""kick_power"": 0.0, ""kick_dir"": null}, {""move_vx"": 5.229074112847001, ""move_vy"": -5.43216199338287, ""kick_power"": 0.0, ""kick_dir"": null}, {""move_vx"": 4.981472863857651, ""move_vy"": 2.30760224186272, ""kick_power"": 0.0, ""kick_dir"": null}, {""move_vx"": 4.242640687119285, ""move_vy"": -4.242640687119285, ""kick_power"": 0.0, ""kick_dir"": null}, {""move_vx"": 0.0, ""move_vy"": 6.0, ""kick_power"": 0.0, ""kick_dir"": null}, {""move_vx"": 6.094467813780984, ""move_vy"": -0.25973460837483714, ""kick_power"": 0.0, ""kick_dir"": null}, {""move_vx"": 5.829029437818103, ""move_vy"": -1.4221166664693803, ""kick_power"": 0.0, ""kick_dir"": null}, {""move_vx"": -4.242640687119285, ""move_vy"": -4.242640687119285, ""kick_power"": 0.0, ""kick_dir"": null}, {""move_vx"": -0.0, ""move_vy"": 0.0, ""kick_power"": 0.0, ""kick_dir"": null}, {""move_vx"": -4.1012193308819755, ""move_vy"": -4.1012193308819755, ""kick_power"": 0.0, ""kick_dir"": null}, {""move_vx"": -6.86340837453055, ""move_vy"": 1.4744576916357774, ""kick_power"": 0.0, ""kick_dir"": null}, {""move_vx"": -5.4, ""move_vy"": 0.0, ""kick_power"": 0.0, ""kick_dir"": null}, {""move_vx"": -0.0, ""move_vy"": 0.0, ""kick_power"": 0.9, ""kick_dir"": [-0.9999853857586979, -0.005393831517227048]}, {""move_vx"": -0.0, ""move_vy"": 6.0, ""kick_power"": 0.0, ""kick_dir"": null}, {""move_vx"": -5.513317960606684, ""move_vy"": 1.4468327703130526, ""kick_power"": 0.0, ""kick_dir"": null}, {""move_vx"": -0.0, ""move_vy"": 0.0, ""kick_power"": 0.65, ""kick_dir"": [0.9999909235882433, 0.004248121268966178]}, {""move_vx"": -4.525483399593904, ""move_vy"": 4.525483399593904, ""kick_power"": 0.0, ""kick_dir"": null}, {""move_vx"": -6.0, ""move_vy"": 0.0, ""kick_power"": 0.0, ""kick_dir"": null}, {""move_vx"": 4.525483399593904, ""move_vy"": 4.525483399593904, ""kick_power"": 0.0, ""kick_dir"": null}]"
1088,51,default,default,0,32.126500820432405,37.400969511456864,20,B,,0.11422270422237803,-0.026743206295111198,0.3876939364452374,"[{""move_vx"": 0.0, ""move_vy"": -5.0, ""kick_power"": 0.0, ""kick_dir"": null}, {""move_vx"": 4.1012193308819755, ""move_vy"": -4.1012193308819755, ""kick_power"": 0.0, ""kick_dir"": null}, {""move_vx"": 5.394086647706978, ""move_vy"": 0.25264448743104656, ""kick_power"": 0.0, ""kick_dir"": null}, {""move_vx"": 5.1396832341581336, ""move_vy"": -1.6563985790001716, ""kick_power"": 0.0, ""kick_dir"": null}, {""move_vx"": 0.0, ""move_vy"": 0.0, ""kick_power"": 0.9, ""kick_dir"": [-0.9888672747965356, -0.14879910338544278]}, {""move_vx"": 4.9773152064518165, ""move_vy"": 2.316556352783914, ""kick_power"": 0.0, ""kick_dir"": null}, {""move_vx"": 5.02611465600515, ""move_vy"": 1.9743787541123505, ""kick_power"": 0.0, ""kick_dir"": null}, {""move_vx"": 0.0, ""move_vy"": 6.0, ""kick_power"": 0.0, ""kick_dir"": null}, {""move_vx"": 4.98782785311983, ""move_vy"": -3.511633993975172, ""kick_power"": 0.0, ""kick_dir"": null}, {""move_vx"": 5.829029437818102, ""move_vy"": -1.422116666469381, ""kick_power"": 0.0, ""kick_dir"": null}, {""move_vx"": 5.220471936382952, ""move_vy"": -1.380823218749611, ""kick_power"": 0.0, ""kick_dir"": null}, {""move_vx"": -0.0, ""move_vy"": 0.0, ""kick_power"": 0.0, ""kick_dir"": null}, {""move_vx"": -4.1012193308819755, ""move_vy"": -4.1012193308819755, ""kick_power"": 0.0, ""kick_dir"": null}, {""move_vx"": -6.866577469645112, ""move_vy"": 1.4596279845776257, ""kick_power"": 0.0, ""kick_dir"": null}, {""move_vx"": -5.4, ""move_vy"": 0.0, ""kick_power"": 0.0, ""kick_dir"": null}, {""move_vx"": -0.0, ""move_vy"": 0.0, ""kick_power"": 0.9, ""kick_dir"": [-0.9999991899930141, 0.0012175925155386161]}, {""move_vx"": -6.157282245164286, ""move_vy"": 1.3333699236838454, ""kick_power"": 0.0, ""kick_dir"": null}, {""move_vx"": -5.519089070616897, ""move_vy"": 1.424659899975116, ""kick_power"": 0.0, ""kick_dir"": null}, {""move_vx"": -0.0, ""move_vy"": 0.0, ""kick_power"": 0.65, ""kick_dir"": [0.9999994900695588, -0.0009550019260937824]}, {""move_vx"": -4.525483399593904, ""move_vy"": 4.525483399593904, ""kick_power"": 0.0, ""kick_dir"": null}, {""move_vx"": -6.0, ""move_vy"": 0.0, ""kick_power"": 0.0, ""kick_dir"": null}, {""move_vx"": -4.525483399593904, ""move_vy"": 4.525483399593904, ""kick_power"": 0.0, ""kick_dir"": null}]"
1088,52,default,default,0,31.7265008204324,37.400969511456864,20,B,,0.11776063376427999,-0.021551847562119655,0.38461454257100214,"[{""move_vx"": 4.318024581902571, ""move_vy"": 1.9791825863434458, ""kick_power"": 0.0, ""kick_dir"": null}, {""move_vx"": -4.1012193308819755, ""move_vy"": 4.1012193308819755, ""kick_power"": 0.0, ""kick_dir"": null}, {""move_vx"": 5.394027188915229, ""move_vy"": 0.25391078205400613, ""kick_power"": 0.0, ""kick_dir"": null}, {""move_vx"": 5.1396832341581336, ""move_vy"": -1.6563985790001716, ""kick_power"": 0.0, ""kick_dir"": null}, {""move_vx"": 0.0, ""move_vy"": -5.8, ""kick_power"": 0.0, ""kick_dir"": null}, {""move_vx"": 4.973048940762455, ""move_vy"": 2.3257008046568304, ""kick_power"": 0.0, ""kick_dir"": null}, {""move_vx"": 6.0, ""move_vy"": 0.0, ""kick_power"": 0.0, ""kick_dir"": null}, {""move_vx"": 0.0, ""move_vy"": 6.0, ""kick_power"": 0.0, ""kick_dir"": null}, {""move_vx"": 4.990596239998605, ""move_vy"": -3.5076985573609063, ""kick_power"": 0.0, ""kick_dir"": null}, {""move_vx"": 5.829029437818102, ""move_vy"": -1.4221166664693814, ""kick_power"": 0.0, ""kick_dir"": null}, {""move_vx"": 5.862739181605439, ""move_vy"": 1.2760443912608932, ""kick_power"": 0.0, ""kick_dir"": null}, {""move_vx"": -0.0, ""move_vy"": 0.0, ""kick_power"": 0.0, ""kick_dir"": null}, {""move_vx"": -4.1012193308819755, ""move_vy"": -4.1012193308819755, ""kick_power"": 0.0, ""kick_dir"": null}, {""move_vx"": -6.86968923222579, ""move_vy"": 1.4449117110194105, ""kick_power"": 0.0, ""kick_dir"": null}, {""move_vx"": -5.4, ""move_vy"": 0.0, ""kick_power"": 0.0, ""kick_dir"": null}, {""move_vx"": -0.0, ""move_vy"": 0.0, ""kick_power"": 0.9, ""kick_dir"": [-0.9999671909163798, 0.008091778519571205]}, {""move_vx"": -0.0, ""move_vy"": 0.0, ""kick_power"": 0.65, ""kick_dir"": [0.6763303927077124, -0.7365979253907191]}, {""move_vx"": -5.524682956441262, ""move_vy"": 1.402810832153585, ""kick_power"": 0.0, ""kick_dir"": null}, {""move_vx"": -0.0, ""move_vy"": 0.0, ""kick_power"": 0.65, ""kick_dir"": [0.9999799760472983, -0.0063196518868540745]}, {""move_vx"": -4.525483399593904, ""move_vy"": 4.525483399593904, ""kick_power"": 0.0, ""kick_dir"": null}, {""move_vx"": -6.0, ""move_vy"": 0.0, ""kick_power"": 0.0, ""kick_dir"": null}, {""move_vx"": -4.525483399593904, ""move_vy"": 4.525483399593904, ""kick_power"": 0.0, ""kick_dir"": null}]"
1088,53,default,default,0,31.326500820432397,37.400969511456864,20,B,,0.11923765492819126,-0.020771587967487855,0.38793898589200615,"[{""move_vx"": 0.0, ""move_vy"": -5.0, ""kick_power"": 0.0, ""kick_dir"": null}, {""move_vx"": -4.1012193308819755, ""move_vy"": 4.1012193308819755, ""kick_power"": 0.0, ""kick_dir"": null}, {""move_vx"": 5.393966274987945, ""move_vy"": 0.25520153661894596, ""kick_power"": 0.0, ""kick_dir"": null}, {""move_vx"": 5.1396832341581336, ""move_vy"": -1.6563985790001714, ""kick_power"": 0.0, ""kick_dir"": null}, {""move_vx"": 4.709564359703104, ""move_vy"": -5.8882598059031235, ""kick_power"": 0.0, ""kick_dir"": null}, {""move_vx"": 6.1, ""move_vy"": 0.0, ""kick_power"": 0.0, ""kick_dir"": null}, {""move_vx"": 6.0, ""move_vy"": 0.0, ""kick_power"": 0.0, ""kick_dir"": null}, {""move_vx"": 0.0, ""move_vy"": 6.0, ""kick_power"": 0.0, ""kick_dir"": null}, {""move_vx"": 4.993375458651692, ""move_vy"": -3.5037410761834282, ""kick_power"": 0.0, ""kick_dir"": null}, {""move_vx"": 5.829029437818101, ""move_vy"": -1.422116666469382, ""kick_power"": 0.0, ""kick_dir"": null}, {""move_vx"": 5.8627391816054395, ""move_vy"": 1.276044391260893, ""kick_power"": 0.0, ""kick_dir"": null}, {""move_vx"": -0.0, ""move_vy"": 0.0, ""kick_power"": 0.0, ""kick_dir"": null}, {""move_vx"": -4.1012193308819755, ""move_vy"": -4.1012193308819755, ""kick_power"": 0.0, ""kick_dir"": null}, {""move_vx"": -3.8183766184073566, ""move_vy"": -3.8183766184073566, ""kick_power"": 0.0, ""kick_dir"": null}, {""move_vx"": -5.4, ""move_vy"": 0.0, ""kick_power"": 0.0, ""kick_dir"": null}, {""move_vx"": -0.0, ""move_vy"": 0.0, ""kick_power"": 0.9, ""kick_dir"": [-0.9998837369289156, 0.0152436734767745]}, {""move_vx"": -4.242640687119285, ""move_vy"": 4.242640687119285, ""kick_power"": 0.0, ""kick_dir"": null}, {""move_vx"": -5.530104856329776, ""move_vy"": 1.3812821138340354, ""kick_power"": 0.0, ""kick_dir"": null}, {""move_vx"": -0.0, ""move_vy"": -6.0, ""kick_power"": 0.0, ""kick_dir"": null}, {""move_vx"": -4.525483399593904, ""move_vy"": 4.525483399593904, ""kick_power"": 0.0, ""kick_dir"": null}, {""move_vx"": -6.0, ""move_vy"": 0.0, ""kick_power"": 0.0, ""kick_dir"": null}, {""move_vx"": -4.525483399593904, ""move_vy"": 4.525483399593904, ""kick_power"": 0.0, ""kick_dir"": null}]"
1088,54,default,default,0,30.9265008204324,37.400969511456864,20,B,,0.12278235343620193,-0.0253125795671353,0.38735469039402326,"[{""move_vx"": 4.2867016043368045, ""move_vy"": 2.046140111374651, ""kick_power"": 0.0, ""kick_dir"": null}, {""move_vx"": -4.1012193308819755, ""move_vy"": 4.1012193308819755, ""kick_power"": 0.0, ""kick_dir"": null}, {""move_vx"": 5.393903848728154, ""move_vy"": 0.256517583560282, ""kick_power"": 0.0, ""kick_dir"": null}, {""move_vx"": 5.139683234158134, ""move_vy"": -1.6563985790001718, ""kick_power"": 0.0, ""kick_dir"": null}, {""move_vx"": 0.0, ""move_vy"": 5.8, ""kick_power"": 0.0, ""kick_dir"": null}, {""move_vx"": 4.949165796731395, ""move_vy"": 2.3761014112331353, ""kick_power"": 0.0, ""kick_dir"": null}, {""move_vx"": 6.0, ""move_vy"": 0.0, ""kick_power"": 0.0, ""kick_dir"": null}, {""move_vx"": 0.0, ""move_vy"": 6.0, ""kick_power"": 0.0, ""kick_dir"": null}, {""move_vx"": 4.99616559874881, ""move_vy"": -3.4997613218445256, ""kick_power"": 0.0, ""kick_dir"": null}, {""move_vx"": 5.829029437818101, ""move_vy"": -1.4221166664693814, ""kick_power"": 0.0, ""kick_dir"": null}, {""move_vx"": 5.8627391816054395, ""move_vy"": 1.2760443912608928, ""kick_power"": 0.0, ""kick_dir"": null}, {""move_vx"": -0.0, ""move_vy"": 0.0, ""kick_power"": 0.0, ""kick_dir"": null}, {""move_vx"": -4.1012193308819755, ""move_vy"": -4.1012193308819755, ""kick_power"": 0.0, ""kick_dir"": null}, {""move_vx"": -6.33652466834541, ""move_vy"": 1.356043925339478, ""kick_power"": 0.0, ""kick_dir"": null}, {""move_vx"": -5.4, ""move_vy"": 0.0, ""kick_power"": 0.0, ""kick_dir"": null}, {""move_vx"": -0.0, ""move_vy"": 0.0, ""kick_power"": 0.9, ""kick_dir"": [-0.9999787406670608, -0.0065093927307992685]}, {""move_vx"": -0.0, ""move_vy"": -6.0, ""kick_power"": 0.0, ""kick_dir"": null}, {""move_vx"": -5.535359870466259, ""move_vy"": 1.3600702571675314, ""kick_power"": 0.0, ""kick_dir"": null}, {""move_vx"": -0.0, ""move_vy"": 0.0, ""kick_power"": 0.65, ""kick_dir"": [0.9999872522314971, 0.0050380907978394614]}, {""move_vx"": -4.525483399593904, ""move_vy"": 4.525483399593904, ""kick_power"": 0.0, ""kick_dir"": null}, {""move_vx"": -6.0, ""move_vy"": 0.0, ""kick_power"": 0.0, ""kick_dir"": null}, {""move_vx"": -4.525483399593904, ""move_vy"": 4.525483399593904, ""kick_power"": 0.0, ""kick_dir"": null}]"
1088,55,default,default,0,30.5265008204324,37.400969511456864,20,B,,0.12418006601797495,-0.02325778738584111,0.39220881971101434,"[{""move_vx"": 0.0, ""move_vy"": -5.0, ""kick_power"": 0.0, ""kick_dir"": null}, {""move_vx"": -4.1012193308819755, ""move_vy"": 4.1012193308819755, ""kick_power"": 0.0, ""kick_dir"": null}, {""move_vx"": 5.393839849817307, ""move_vy"": 0.25785979625140615, ""kick_power"": 0.0, ""kick_dir"": null}, {""move_vx"": 5.139683234158134, ""move_vy"": -1.6563985790001716, ""kick_power"": 0.0, ""kick_dir"": null}, {""move_vx"": -4.1012193308819755, ""move_vy"": -4.1012193308819755, ""kick_power"": 0.0, ""kick_dir"": null}, {""move_vx"": 4.9444111882308714, ""move_vy"": 2.3859794638046212, ""kick_power"": 0.0, ""kick_dir"": null}, {""move_vx"": 6.0, ""move_vy"": 0.0, ""kick_power"": 0.0, ""kick_dir"": null}, {""move_vx"": 0.0, ""move_vy"": 6.0, ""kick_power"": 0.0, ""kick_dir"": null}, {""move_vx"": 4.998966751142983, ""move_vy"": -3.495759062201938, ""kick_power"": 0.0, ""kick_dir"": null}, {""move_vx"": 5.829029437818102, ""move_vy"": -1.4221166664693823, ""kick_power"": 0.0, ""kick_dir"": null}, {""move_vx"": 5.8627391816054395, ""move_vy"": 1.2760443912608923, ""kick_power"": 0.0, ""kick_dir"": null}, {""move_vx"": -0.0, ""move_vy"": 0.0, ""kick_power"": 0.0, ""kick_dir"": null}, {""move_vx"": -4.1012193308819755, ""move_vy"": -4.1012193308819755, ""kick_power"": 0.0, ""kick_dir"": null}, {""move_vx"": -6.33942848382887, ""move_vy"": 1.3424032547707911, ""kick_power"": 0.0, ""kick_dir"": null}, {""move_vx"": -5.4, ""move_vy"": 0.0, ""kick_power"": 0.0, ""kick_dir"": null}, {""move_vx"": -0.0, ""move_vy"": 0.0, ""kick_power"": 0.9, ""kick_dir"": [-0.9999997221538292, 0.0006376370722908074]}, {""move_vx"": -4.242640687119285, ""move_vy"": 4.242640687119285, ""kick_power"": 0.0, ""kick_dir"": null}, {""move_vx"": -5.534444398534142, ""move_vy"": -1.363790746241536, ""kick_power"": 0.0, ""kick_dir"": null}, {""move_vx"": -0.0, ""move_vy"": 0.0, ""kick_power"": 0.65, ""kick_dir"": [0.9999998219510993, -0.0004911616543990579]}, {""move_vx"": -4.525483399593904, ""move_vy"": 4.525483399593904, ""kick_power"": 0.0, ""kick_dir"": null}, {""move_vx"": -6.0, ""move_vy"": 0.0, ""kick_power"": 0.0, ""kick_dir"": null}, {""move_vx"": -4.525483399593904, ""move_vy"": 4.525483399593904, ""kick_power"": 0.0, ""kick_dir"": null}]"
1088,56,default,default,0,30.1265008204324,37.400969511456864,20,B,,0.12773150386309945,-0.025483765509533376,0.3962876214363025,"[{""move_vx"": 4.253272198995203, ""move_vy"": 2.1147519006385838, ""kick_power"": 0.0, ""kick_dir"": null}, {""move_vx"": -4.1012193308819755, ""move_vy"": 4.1012193308819755, ""kick_power"": 0.0, ""kick_dir"": null}, {""move_vx"": 5.393774214595834, ""move_vy"": 0.259229091656596, ""kick_power"": 0.0, ""kick_dir"": null}, {""move_vx"": 5.1396832341581336, ""move_vy"": -1.6563985790001718, ""kick_power"": 0.0, ""kick_dir"": null}, {""move_vx"": 0.0, ""move_vy"": 0.0, ""kick_power"": 0.0, ""kick_dir"": null}, {""move_vx"": 4.939522990285706, ""move_vy"": 2.396082767443344, ""kick_power"": 0.0, ""kick_dir"": null}, {""move_vx"": 0.0, ""move_vy"": 0.0, ""kick_power"": 0.65, ""kick_dir"": [0.9415036860106732, -0.33700243721166157]}, {""move_vx"": 0.0, ""move_vy"": 6.0, ""kick_power"": 0.0, ""kick_dir"": null}, {""move_vx"": 4.313351365237939, ""move_vy"": 4.313351365237939, ""kick_power"": 0.0, ""kick_dir"": null}, {""move_vx"": 5.829029437818102, ""move_vy"": -1.4221166664693814, ""kick_power"": 0.0, ""kick_dir"": null}, {""move_vx"": 5.8627391816054395, ""move_vy"": 1.276044391260892, ""kick_power"": 0.0, ""kick_dir"": null}, {""move_vx"": -0.0, ""move_vy"": 0.0, ""kick_power"": 0.0, ""kick_dir"": null}, {""move_vx"": -4.1012193308819755, ""move_vy"": -4.1012193308819755, ""kick_power"": 0.0, ""kick_dir"": null}, {""move_vx"": -6.3422771244302485, ""move_vy"": 1.328879556968494, ""kick_power"": 0.0, ""kick_dir"": null}, {""move_vx"": -5.269917149157714, ""move_vy"": -1.1781227614359373, ""kick_power"": 0.0, ""kick_dir"": null}, {""move_vx"": -0.0, ""move_vy"": 0.0, ""kick_power"": 0.9, ""kick_dir"": [-0.9999671721053743, 0.00809335430564856]}, {""move_vx"": -4.242640687119285, ""move_vy"": 4.242640687119285, ""kick_power"": 0.0, ""kick_dir"": null}, {""move_vx"": -5.536140115215036, ""move_vy"": 1.3568907932132346, ""kick_power"": 0.0, ""kick_dir"": null}, {""move_vx"": -0.0, ""move_vy"": 0.0, ""kick_power"": 0.65, ""kick_dir"": [0.9999806998602558, -0.006203478805576377]}, {""move_vx"": -4.525483399593904, ""move_vy"": 4.525483399593904, ""kick_power"": 0.0, ""kick_dir"": null}, {""move_vx"": -6.0, ""move_vy"": 0.0, ""kick_power"": 0.0, ""kick_dir"": null}, {""move_vx"": -4.525483399593904, ""move_vy"": 4.525483399593904, ""kick_power"": 0.0, ""kick_dir"": null}]"
1088,57,default,default,0,29.726500820432403,37.400969511456864,20,B,,0.13128431193358397,-0.02444780361099088,0.3976228064202991,"[{""move_vx"": 4.24840446609657, ""move_vy"": 2.1245139426350494, ""kick_power"": 0.0, ""kick_dir"": null}, {""move_vx"": -4.1012193308819755, ""move_vy"": 4.1012193308819755, ""kick_power"": 0.0, ""kick_dir"": null}, {""move_vx"": 5.393706875824718, ""move_vy"": 0.26062643319733203, ""kick_power"": 0.0, ""kick_dir"": null}, {""move_vx"": 5.1396832341581336, ""move_vy"": -1.6563985790001714, ""kick_power"": 0.0, ""kick_dir"": null}, {""move_vx"": -4.1012193308819755, ""move_vy"": -4.1012193308819755, ""kick_power"": 0.0, ""kick_dir"": null}, {""move_vx"": 4.934494791899424, ""move_vy"": 2.4064208170470645, ""kick_power"": 0.0, ""kick_dir"": null}, {""move_vx"": 6.0, ""move_vy"": 0.0, ""kick_power"": 0.0, ""kick_dir"": null}, {""move_vx"": 0.0, ""move_vy"": 6.0, ""kick_power"": 0.0, ""kick_dir"": null}, {""move_vx"": 0.0, ""move_vy"": 0.0, ""kick_power"": 0.0, ""kick_dir"": null}, {""move_vx"": 4.242640687119285, ""move_vy"": -4.242640687119285, ""kick_power"": 0.0, ""kick_dir"": null}, {""move_vx"": 5.8627391816054395, ""move_vy"": 1.2760443912608914, ""kick_power"": 0.0, ""kick_dir"": null}, {""move_vx"": -0.0, ""move_vy"": 0.0, ""kick_power"": 0.0, ""kick_dir"": null}, {""move_vx"": -4.1012193308819755, ""move_vy"": -4.1012193308819755, ""kick_power"": 0.0, ""kick_dir"": null}, {""move_vx"": -6.34507154404226, ""move_vy"": 1.3154721969639542, ""kick_power"": 0.0, ""kick_dir"": null}, {""move_vx"": -5.269917149157712, ""move_vy"": -1.1781227614359373, ""kick_power"": 0.0, ""kick_dir"": null}, {""move_vx"": -0.0, ""move_vy"": 0.0, ""kick_power"": 0.9, ""kick_dir"": [-0.9998738766879594, 0.01587687123791293]}, {""move_vx"": -4.242640687119285, ""move_vy"": 4.242640687119285, ""kick_power"": 0.0, ""kick_dir"": null}, {""move_vx"": -5.535264034962789, ""move_vy"": -1.360460239495242, ""kick_power"": 0.0, ""kick_dir"": null}, {""move_vx"": -0.0, ""move_vy"": 0.0, ""kick_power"": 0.65, ""kick_dir"": [0.9999266419650283, -0.01210751714070714]}, {""move_vx"": -5.704980637110989, ""move_vy"": 2.9005509701070076, ""kick_power"": 0.0, ""kick_dir"": null}, {""move_vx"": -6.0, ""move_vy"": 0.0, ""kick_power"": 0.0, ""kick_dir"": null}, {""move_vx"": -4.525483399593904, ""move_vy"": 4.525483399593904, ""kick_power"": 0.0, ""kick_dir"": null}]"
1088,58,default,default,0,29.326500820432404,37.400969511456864,20,B,,0.13483852273388303,-0.02826796917448704,0.40069714716331134,"[{""move_vx"": 4.2434140377911405, ""move_vy"": 2.134464172544737, ""kick_power"": 0.0, ""kick_dir"": null}, {""move_vx"": -4.1012193308819755, ""move_vy"": 4.1012193308819755, ""kick_power"": 0.0, ""kick_dir"": null}, {""move_vx"": 5.39363776242613, ""move_vy"": 0.2620528338538806, ""kick_power"": 0.0, ""kick_dir"": null}, {""move_vx"": 5.4, ""move_vy"": 0.0, ""kick_power"": 0.0, ""kick_dir"": null}, {""move_vx"": -4.1012193308819755, ""move_vy"": -4.1012193308819755, ""kick_power"": 0.0, ""kick_dir"": null}, {""move_vx"": 4.929319742302927, ""move_vy"": 2.417003698413101, ""kick_power"": 0.0, ""kick_dir"": null}, {""move_vx"": 6.0, ""move_vy"": 0.0, ""kick_power"": 0.0, ""kick_dir"": null}, {""move_vx"": 0.0, ""move_vy"": 6.0, ""kick_power"": 0.0, ""kick_dir"": null}, {""move_vx"": 0.0, ""move_vy"": 0.0, ""kick_power"": 0.0, ""kick_dir"": null}, {""move_vx"": 4.242640687119285, ""move_vy"": -4.242640687119285, ""kick_power"": 0.0, ""kick_dir"": null}, {""move_vx"": 5.8627391816054395, ""move_vy"": 1.276044391260891, ""kick_power"": 0.0, ""kick_dir"": null}, {""move_vx"": -0.0, ""move_vy"": 0.0, ""kick_power"": 0.0, ""kick_dir"": null}, {""move_vx"": -4.1012193308819755, ""move_vy"": -4.1012193308819755, ""kick_power"": 0.0, ""kick_dir"": null}, {""move_vx"": -6.34781268278886, ""move_vy"": 1.3021805344209751, ""kick_power"": 0.0, ""kick_dir"": null}, {""move_vx"": -5.269917149157713, ""move_vy"": -1.1781227614359377, ""kick_power"": 0.0, ""kick_dir"": null}, {""move_vx"": -0.0, ""move_vy"": 0.0, ""kick_power"": 0.9, ""kick_dir"": [-0.9997116681155364, 0.02400877897095598]}, {""move_vx"": -4.242640687119285, ""move_vy"": 4.242640687119285, ""kick_power"": 0.0, ""kick_dir"": null}, {""move_vx"": -5.53691401462913, ""move_vy"": 1.3537293653472697, ""kick_power"": 0.0, ""kick_dir"": null}, {""move_vx"": -0.0, ""move_vy"": 0.0, ""kick_power"": 0.65, ""kick_dir"": [0.9998340793131164, -0.018212443681902137]}, {""move_vx"": -5.704980637110989, ""move_vy"": 2.9005509701070076, ""kick_power"": 0.0, ""kick_dir"": null}, {""move_vx"": -6.0, ""move_vy"": 0.0, ""kick_power"": 0.0, ""kick_dir"": null}, {""move_vx"": -4.525483399593904, ""move_vy"": 4.525483399593904, ""kick_power"": 0.0, ""kick_dir"": null}]"
1088,59,default,default,0,28.99708694580886,37.70219331861999,20,B,,0.13672706452326036,-0.023431397199201183,0.4062987158447892,"[{""move_vx"": 4.23829590105982, ""move_vy"": 2.1446090214907545, ""kick_power"": 0.0, ""kick_dir"": null}, {""move_vx"": 0.0, ""move_vy"": 5.8, ""kick_power"": 0.0, ""kick_dir"": null}, {""move_vx"": 5.393566799200924, ""move_vy"": 0.26350935952543025, ""kick_power"": 0.0, ""kick_dir"": null}, {""move_vx"": 5.137179392951647, ""move_vy"": -1.6641477953093464, ""kick_power"": 0.0, ""kick_dir"": null}, {""move_vx"": -4.1012193308819755, ""move_vy"": -4.1012193308819755, ""kick_power"": 0.0, ""kick_dir"": null}, {""move_vx"": 4.9239905113822315, ""move_vy"": 2.4278421373346637, ""kick_power"": 0.0, ""kick_dir"": null}, {""move_vx"": 6.0, ""move_vy"": 0.0, ""kick_power"": 0.0, ""kick_dir"": null}, {""move_vx"": 0.0, ""move_vy"": 6.0, ""kick_power"": 0.0, ""kick_dir"": null}, {""move_vx"": 0.0, ""move_vy"": 0.0, ""kick_power"": 0.0, ""kick_dir"": null}, {""move_vx"": 0.0, ""move_vy"": 0.0, ""kick_power"": 0.4, ""kick_dir"": [-0.8725875191937092, 0.488457574409119]}, {""move_vx"": 5.8627391816054395, ""move_vy"": 1.2760443912608908, ""kick_power"": 0.0, ""kick_dir"": null}, {""move_vx"": -0.0, ""move_vy"": 0.0, ""kick_power"": 0.0, ""kick_dir"": null}, {""move_vx"": -4.1012193308819755, ""move_vy"": -4.1012193308819755, ""kick_power"": 0.0, ""kick_dir"": null}, {""move_vx"": -6.350501467136764, ""move_vy"": 1.2890039239249107, ""kick_power"": 0.0, ""kick_dir"": null}, {""move_vx"": -5.269917149157714, ""move_vy"": -1.1781227614359382, ""kick_power"": 0.0, ""kick_dir"": null}, {""move_vx"": -0.0, ""move_vy"": 0.0, ""kick_power"": 0.9, ""kick_dir"": [-0.9994712873015672, 0.03251127582859695]}, {""move_vx"": -4.242640687119285, ""move_vy"": 4.242640687119285, ""kick_power"": 0.0, ""kick_dir"": null}, {""move_vx"": -5.536075877657757, ""move_vy"": -1.3571528568351785, ""kick_power"": 0.0, ""kick_dir"": null}, {""move_vx"": -0.0, ""move_vy"": 0.0, ""kick_power"": 0.65, ""kick_dir"": [0.9996990826587034, -0.02452796984816591]}, {""move_vx"": -5.704980637110989, ""move_vy"": 2.900550970107007, ""kick_power"": 0.0, ""kick_dir"": null}, {""move_vx"": -6.0, ""move_vy"": 0.0, ""kick_power"": 0.0, ""kick_dir"": null}, {""move_vx"": -4.525483399593904, ""move_vy"": 4.525483399593904, ""kick_power"": 0.0, ""kick_dir"": null}]"
1088,60,default,default,0,28.57291080627738,37.56105779308362,20,B,,0.14127090190326036,-0.036696652091796525,0.4044967477585544,"[{""move_vx"": 6.053416748768106, ""move_vy"": 2.36773006606196, ""kick_power"": 0.0, ""kick_dir"": null}, {""move_vx"": -4.1012193308819755, ""move_vy"": 4.1012193308819755, ""kick_power"": 0.0, ""kick_dir"": null}, {""move_vx"": 5.391299581147188, ""move_vy"": 0.3064128364187198, ""kick_power"": 0.0, ""kick_dir"": null}, {""move_vx"": 5.137179392951646, ""move_vy"": -1.6641477953093469, ""kick_power"": 0.0, ""kick_dir"": null}, {""move_vx"": -4.1012193308819755, ""move_vy"": -4.1012193308819755, ""kick_power"": 0.0, ""kick_dir"": null}, {""move_vx"": 4.90590298010664, ""move_vy"": 2.4641866710500633, ""kick_power"": 0.0, ""kick_dir"": null}, {""move_vx"": 6.0, ""move_vy"": 0.0, ""kick_power"": 0.0, ""kick_dir"": null}, {""move_vx"": 0.0, ""move_vy"": 6.0, ""kick_power"": 0.0, ""kick_dir"": null}, {""move_vx"": 0.0, ""move_vy"": 0.0, ""kick_power"": 0.0, ""kick_dir"": null}, {""move_vx"": 4.242640687119285, ""move_vy"": -4.242640687119285, ""kick_power"": 0.0, ""kick_dir"": null}, {""move_vx"": 5.8627391816054395, ""move_vy"": 1.2760443912608903, ""kick_power"": 0.0, ""kick_dir"": null}, {""move_vx"": -0.0, ""move_vy"": 0.0, ""kick_power"": 0.0, ""kick_dir"": null}, {""move_vx"": -4.1012193308819755, ""move_vy"": -4.1012193308819755, ""kick_power"": 0.0, ""kick_dir"": null}, {""move_vx"": -6.342736253167036, ""move_vy"": 1.3266864070912123, ""kick_power"": 0.0, ""kick_dir"": null}, {""move_vx"": -5.269917149157713, ""move_vy"": -1.1781227614359386, ""kick_power"": 0.0, ""kick_dir"": null}, {""move_vx"": -0.0, ""move_vy"": 0.0, ""kick_power"": 0.9, ""kick_dir"": [-0.9991458553545286, 0.04132061378333079]}, {""move_vx"": -4.242640687119285, ""move_vy"": 4.242640687119285, ""kick_power"": 0.0, ""kick_dir"": null}, {""move_vx"": -5.520867115529908, ""move_vy"": 1.4177539605518532, ""kick_power"": 0.0, ""kick_dir"": null}, {""move_vx"": -0.0, ""move_vy"": 0.0, ""kick_power"": 0.65, ""kick_dir"": [0.9995193741929033, -0.030998316535288555]}, {""move_vx"": -5.704980637110989, ""move_vy"": 2.900550970107007, ""kick_power"": 0.0, ""kick_dir"": null}, {""move_vx"": -6.0, ""move_vy"": 0.0, ""kick_power"": 0.0, ""kick_dir"": null}, {""move_vx"": -4.525483399593904, ""move_vy"": 4.525483399593904, ""kick_power"": 0.0, ""kick_dir"": null}]"
1088,61,default,default,0,28.172910806277383,37.56105779308362,20,B,,0.14483077569419686,-0.0435769651501822,0.4121021941371175,"[{""move_vx"": 4.2194611858581945, ""move_vy"": 2.1814323966229527, ""kick_power"": 0.0, ""kick_dir"": null}, {""move_vx"": -4.1012193308819755, ""move_vy"": 4.1012193308819755, ""kick_power"": 0.0, ""kick_dir"": null}, {""move_vx"": 5.391514124952206, ""move_vy"": 0.30261434275469223, ""kick_power"": 0.0, ""kick_dir"": null}, {""move_vx"": -4.35064478186243, ""move_vy"": 1.4628704597650495, ""kick_power"": 0.0, ""kick_dir"": null}, {""move_vx"": -4.1012193308819755, ""move_vy"": -4.1012193308819755, ""kick_power"": 0.0, ""kick_dir"": null}, {""move_vx"": 4.906398448292611, ""move_vy"": 2.463200005397826, ""kick_power"": 0.0, ""kick_dir"": null}, {""move_vx"": 6.0, ""move_vy"": 0.0, ""kick_power"": 0.0, ""kick_dir"": null}, {""move_vx"": 0.0, ""move_vy"": 6.0, ""kick_power"": 0.0, ""kick_dir"": null}, {""move_vx"": 0.0, ""move_vy"": 0.0, ""kick_power"": 0.0, ""kick_dir"": null}, {""move_vx"": 4.242640687119285, ""move_vy"": -4.242640687119285, ""kick_power"": 0.0, ""kick_dir"": null}, {""move_vx"": 5.8627391816054395, ""move_vy"": 1.2760443912608899, ""kick_power"": 0.0, ""kick_dir"": null}, {""move_vx"": -0.0, ""move_vy"": 0.0, ""kick_power"": 0.0, ""kick_dir"": null}, {""move_vx"": -4.1012193308819755, ""move_vy"": -4.1012193308819755, ""kick_power"": 0.0, ""kick_dir"": null}, {""move_vx"": -6.35035398134699, ""move_vy"": 1.2897303251418264, ""kick_power"": 0.0, ""kick_dir"": null}, {""move_vx"": -5.4, ""move_vy"": 0.0, ""kick_power"": 0.0, ""kick_dir"": null}, {""move_vx"": -0.0, ""move_vy"": 0.0, ""kick_power"": 0.9, ""kick_dir"": [-0.9987237516869693, 0.0505044279325329]}, {""move_vx"": -5.538680985508523, ""move_vy"": 2.307165564229479, ""kick_power"": 0.0, ""kick_dir"": null}, {""move_vx"": -5.534101939376772, ""move_vy"": 1.3651797407617234, ""kick_power"": 0.0, ""kick_dir"": null}, {""move_vx"": -5.99689147328526, ""move_vy"": -0.19311306956945964, ""kick_power"": 0.0, ""kick_dir"": null}, {""move_vx"": -5.704980637110989, ""move_vy"": 2.900550970107007, ""kick_power"": 0.0, ""kick_dir"": null}, {""move_vx"": -6.0, ""move_vy"": 0.0, ""kick_power"": 0.0, ""kick_dir"": null}, {""move_vx"": -4.525483399593904, ""move_vy"": 4.525483399593904, ""kick_power"": 0.0, ""kick_dir"": null}]"
1088,62,default,default,0,27.772910806277384,37.56105779308362,20,B,,0.1483921992393787,-0.04002163153216619,0.4104961331524884,"[{""move_vx"": 4.213846709581938, ""move_vy"": 2.1922581755225528, ""kick_power"": 0.0, ""kick_dir"": null}, {""move_vx"": -4.1012193308819755, ""move_vy"": 4.1012193308819755, ""kick_power"": 0.0, ""kick_dir"": null}, {""move_vx"": 5.39141508054737, ""move_vy"": 0.30437383140867513, ""kick_power"": 0.0, ""kick_dir"": null}, {""move_vx"": 5.137987812487276, ""move_vy"": -1.6616501553372232, ""kick_power"": 0.0, ""kick_dir"": null}, {""move_vx"": -4.1012193308819755, ""move_vy"": -4.1012193308819755, ""kick_power"": 0.0, ""kick_dir"": null}, {""move_vx"": 4.900505374853439, ""move_vy"": 2.474903446810109, ""kick_power"": 0.0, ""kick_dir"": null}, {""move_vx"": 6.0, ""move_vy"": 0.0, ""kick_power"": 0.0, ""kick_dir"": null}, {""move_vx"": 0.0, ""move_vy"": 0.0, ""kick_power"": 0.0, ""kick_dir"": null}, {""move_vx"": 0.0, ""move_vy"": 0.0, ""kick_power"": 0.0, ""kick_dir"": null}, {""move_vx"": 4.242640687119285, ""move_vy"": -4.242640687119285, ""kick_power"": 0.0, ""kick_dir"": null}, {""move_vx"": 5.8627391816054395, ""move_vy"": 1.2760443912608896, ""kick_power"": 0.0, ""kick_dir"": null}, {""move_vx"": -0.0, ""move_vy"": 0.0, ""kick_power"": 0.0, ""kick_dir"": null}, {""move_vx"": -4.1012193308819755, ""move_vy"": -4.1012193308819755, ""kick_power"": 0.0, ""kick_dir"": null}, {""move_vx"": -6.353000669642468, ""move_vy"": 1.2766293477444237, ""kick_power"": 0.0, ""kick_dir"": null}, {""move_vx"": -5.4, ""move_vy"": 0.0, ""kick_power"": 0.0, ""kick_dir"": null}, {""move_vx"": -0.0, ""move_vy"": 0.0, ""kick_power"": 0.9, ""kick_dir"": [-0.9983698956868694, 0.057073483695606525]}, {""move_vx"": -5.538680985508524, ""move_vy"": 2.3071655642294795, ""kick_power"": 0.0, ""kick_dir"": null}, {""move_vx"": -5.539196991019909, ""move_vy"": 1.3443573537850624, ""kick_power"": 0.0, ""kick_dir"": null}, {""move_vx"": -0.0, ""move_vy"": 0.0, ""kick_power"": 0.65, ""kick_dir"": [0.9990887804342921, -0.042678830233871895]}, {""move_vx"": -5.704980637110989, ""move_vy"": 2.900550970107007, ""kick_power"": 0.0, ""kick_dir"": null}, {""move_vx"": -6.0, ""move_vy"": 0.0, ""kick_power"": 0.0, ""kick_dir"": null}, {""move_vx"": -4.525483399593904, ""move_vy"": 4.525483399593904, ""kick_power"": 0.0, ""kick_dir"": null}]"
1088,63,default,default,0,27.372910806277385,37.56105779308362,20,B,,0.1519552117226552,-0.04321262099827614,0.4088333460487898,"[{""move_vx"": 4.208079458586542, ""move_vy"": 2.2033082558330324, ""kick_power"": 0.0, ""kick_dir"": null}, {""move_vx"": -4.1012193308819755, ""move_vy"": 4.1012193308819755, ""kick_power"": 0.0, ""kick_dir"": null}, {""move_vx"": 5.391313216211025, ""move_vy"": 0.3061728347001539, ""kick_power"": 0.0, ""kick_dir"": null}, {""move_vx"": 5.4, ""move_vy"": 0.0, ""kick_power"": 0.0, ""kick_dir"": null}, {""move_vx"": -4.1012193308819755, ""move_vy"": -4.1012193308819755, ""kick_power"": 0.0, ""kick_dir"": null}, {""move_vx"": 4.894421846650342, ""move_vy"": 2.486912701932228, ""kick_power"": 0.0, ""kick_dir"": null}, {""move_vx"": 6.0, ""move_vy"": 0.0, ""kick_power"": 0.0, ""kick_dir"": null}, {""move_vx"": 0.0, ""move_vy"": 6.0, ""kick_power"": 0.0, ""kick_dir"": null}, {""move_vx"": 0.0, ""move_vy"": 0.0, ""kick_power"": 0.0, ""kick_dir"": null}, {""move_vx"": 4.242640687119285, ""move_vy"": -4.242640687119285, ""kick_power"": 0.0, ""kick_dir"": null}, {""move_vx"": 5.8627391816054395, ""move_vy"": 1.276044391260889, ""kick_power"": 0.0, ""kick_dir"": null}, {""move_vx"": -0.0, ""move_vy"": 0.0, ""kick_power"": 0.0, ""kick_dir"": null}, {""move_vx"": -4.1012193308819755, ""move_vy"": -4.1012193308819755, ""kick_power"": 0.0, ""kick_dir"": null}, {""move_vx"": -6.355596516064613, ""move_vy"": 1.2636427204662617, ""kick_power"": 0.0, ""kick_dir"": null}, {""move_vx"": -5.4, ""move_vy"": 0.0, ""kick_power"": 0.0, ""kick_dir"": null}, {""move_vx"": -0.0, ""move_vy"": 0.0, ""kick_power"": 0.9, ""kick_dir"": [-0.9977658638653086, 0.06680649676937514]}, {""move_vx"": -5.538680985508524, ""move_vy"": 2.3071655642294795, ""kick_power"": 0.0, ""kick_dir"": null}, {""move_vx"": -0.0, ""move_vy"": 0.0, ""kick_power"": 0.0, ""kick_dir"": null}, {""move_vx"": -0.0, ""move_vy"": 0.0, ""kick_power"": 0.65, ""kick_dir"": [0.9987660012164479, -0.0496623226252186]}, {""move_vx"": -5.704980637110989, ""move_vy"": 2.900550970107007, ""kick_power"": 0.0, ""kick_dir"": null}, {""move_vx"": -6.0, ""move_vy"": 0.0, ""kick_power"": 0.0, ""kick_dir"": null}, {""move_vx"": -4.525483399593904, ""move_vy"": 4.525483399593904, ""kick_power"": 0.0, ""kick_dir"": null}]"
1088,64,default,default,0,26.972910806277387,37.56105779308362,20,B,,0.15551985389836834,-0.0496740908983551,0.4107290423258257,"[{""move_vx"": 4.202152692483965, ""move_vy"": 2.2145908762229114, ""kick_power"": 0.0, ""kick_dir"": null}, {""move_vx"": 0.0, ""move_vy"": 0.0, ""kick_power"": 0.4, ""kick_dir"": [0.9985485683213119, 0.05385842133118418]}, {""move_vx"": 5.391208402689525, ""move_vy"": 0.3080129198099743, ""kick_power"": 0.0, ""kick_dir"": null}, {""move_vx"": 5.4, ""move_vy"": 0.0, ""kick_power"": 0.0, ""kick_dir"": null}, {""move_vx"": -4.1012193308819755, ""move_vy"": -4.1012193308819755, ""kick_power"": 0.0, ""kick_dir"": null}, {""move_vx"": 4.888137326210223, ""move_vy"": 2.4992425812854533, ""kick_power"": 0.0, ""kick_dir"": null}, {""move_vx"": 5.723870372581785, ""move_vy"": -1.7992520551274813, ""kick_power"": 0.0, ""kick_dir"": null}, {""move_vx"": 0.0, ""move_vy"": 6.0, ""kick_power"": 0.0, ""kick_dir"": null}, {""move_vx"": 0.0, ""move_vy"": 0.0, ""kick_power"": 0.0, ""kick_dir"": null}, {""move_vx"": 4.242640687119285, ""move_vy"": -4.242640687119285, ""kick_power"": 0.0, ""kick_dir"": null}, {""move_vx"": 5.86273918160544, ""move_vy"": 1.2760443912608888, ""kick_power"": 0.0, ""kick_dir"": null}, {""move_vx"": -0.0, ""move_vy"": 0.0, ""kick_power"": 0.0, ""kick_dir"": null}, {""move_vx"": -4.1012193308819755, ""move_vy"": -4.1012193308819755, ""kick_power"": 0.0, ""kick_dir"": null}, {""move_vx"": -6.358142414137011, ""move_vy"": 1.2507697795965478, ""kick_power"": 0.0, ""kick_dir"": null}, {""move_vx"": -5.26555398969143, ""move_vy"": -1.19747283127621, ""kick_power"": 0.0, ""kick_dir"": null}, {""move_vx"": -0.0, ""move_vy"": 0.0, ""kick_power"": 0.9, ""kick_dir"": [-0.9940900714506958, 0.10855821824040106]}, {""move_vx"": -5.538680985508524, ""move_vy"": 2.307165564229479, ""kick_power"": 0.0, ""kick_dir"": null}, {""move_vx"": -0.0, ""move_vy"": 0.0, ""kick_power"": 0.0, ""kick_dir"": null}, {""move_vx"": -0.0, ""move_vy"": 0.0, ""kick_power"": 0.65, ""kick_dir"": [0.9983799277953468, -0.05689805715811697]}, {""move_vx"": -5.704980637110989, ""move_vy"": 2.9005509701070076, ""kick_power"": 0.0, ""kick_dir"": null}, {""move_vx"": -6.0, ""move_vy"": 0.0, ""kick_power"": 0.0, ""kick_dir"": null}, {""move_vx"": -4.525483399593904, ""move_vy"": 4.525483399593904, ""kick_power"": 0.0, ""kick_dir"": null}]"
1088,65,default,default,0,26.572910806277388,37.56105779308362,20,B,,0.1590861681778701,-0.04856479554135841,0.4105873370621839,"[{""move_vx"": 4.196059256866698, ""move_vy"": 2.2261147124223624, ""kick_power"": 0.0, ""kick_dir"": null}, {""move_vx"": -4.1012193308819755, ""move_vy"": 4.1012193308819755, ""kick_power"": 0.0, ""kick_dir"": null}, {""move_vx"": 5.391100502483495, ""move_vy"": 0.3098957439562809, ""kick_power"": 0.0, ""kick_dir"": null}, {""move_vx"": 5.4, ""move_vy"": 0.0, ""kick_power"": 0.0, ""kick_dir"": null}, {""move_vx"": -4.1012193308819755, ""move_vy"": -4.1012193308819755, ""kick_power"": 0.0, ""kick_dir"": null}, {""move_vx"": 4.881640440512311, ""move_vy"": 2.5119089572583593, ""kick_power"": 0.0, ""kick_dir"": null}, {""move_vx"": 6.0, ""move_vy"": 0.0, ""kick_power"": 0.0, ""kick_dir"": null}, {""move_vx"": 0.0, ""move_vy"": 6.0, ""kick_power"": 0.0, ""kick_dir"": null}, {""move_vx"": 4.313351365237939, ""move_vy"": 4.313351365237939, ""kick_power"": 0.0, ""kick_dir"": null}, {""move_vx"": 4.242640687119285, ""move_vy"": 4.242640687119285, ""kick_power"": 0.0, ""kick_dir"": null}, {""move_vx"": 5.86273918160544, ""move_vy"": 1.2760443912608883, ""kick_power"": 0.0, ""kick_dir"": null}, {""move_vx"": -0.0, ""move_vy"": 0.0, ""kick_power"": 0.0, ""kick_dir"": null}, {""move_vx"": -4.1012193308819755, ""move_vy"": -4.1012193308819755, ""kick_power"": 0.0, ""kick_dir"": null}, {""move_vx"": -6.36063924405583, ""move_vy"": 1.2380098573827676, ""kick_power"": 0.0, ""kick_dir"": null}, {""move_vx"": 3.8183766184073566, ""move_vy"": 3.8183766184073566, ""kick_power"": 0.0, ""kick_dir"": null}, {""move_vx"": -0.0, ""move_vy"": 0.0, ""kick_power"": 0.9, ""kick_dir"": [-0.9961454841866977, 0.08771540792467836]}, {""move_vx"": -5.538680985508524, ""move_vy"": 2.3071655642294795, ""kick_power"": 0.0, ""kick_dir"": null}, {""move_vx"": -5.545497214804457, ""move_vy"": -1.3181277026889284, ""kick_power"": 0.0, ""kick_dir"": null}, {""move_vx"": -0.0, ""move_vy"": 0.0, ""kick_power"": 0.65, ""kick_dir"": [0.9979241796075305, -0.06439874584751343]}, {""move_vx"": -5.704980637110989, ""move_vy"": 2.900550970107007, ""kick_power"": 0.0, ""kick_dir"": null}, {""move_vx"": -6.0, ""move_vy"": 0.0, ""kick_power"": 0.0, ""kick_dir"": null}, {""move_vx"": -4.525483399593904, ""move_vy"": 4.525483399593904, ""kick_power"": 0.0, ""kick_dir"": null}]"
1088,66,default,default,0,26.17291080627739,37.56105779308362,20,B,,0.1626541987221101,-0.05142032280142539,0.41472092093264745,"[{""move_vx"": 4.189791550526413, ""move_vy"": 2.2378889076845314, ""kick_power"": 0.0, ""kick_dir"": null}, {""move_vx"": -4.1012193308819755, ""move_vy"": 4.1012193308819755, ""kick_power"": 0.0, ""kick_dir"": null}, {""move_vx"": 5.39098936916855, ""move_vy"": 0.3118230612249237, ""kick_power"": 0.0, ""kick_dir"": null}, {""move_vx"": 0.0, ""move_vy"": 0.0, ""kick_power"": 0.9, ""kick_dir"": [0.9591346708391492, -0.2829481987838531]}, {""move_vx"": -4.1012193308819755, ""move_vy"": -4.1012193308819755, ""kick_power"": 0.0, ""kick_dir"": null}, {""move_vx"": 4.8749188938313734, ""move_vy"": 2.524928866040766, ""kick_power"": 0.0, ""kick_dir"": null}, {""move_vx"": 6.0, ""move_vy"": 0.0, ""kick_power"": 0.0, ""kick_dir"": null}, {""move_vx"": 0.0, ""move_vy"": 6.0, ""kick_power"": 0.0, ""kick_dir"": null}, {""move_vx"": 4.313351365237939, ""move_vy"": 4.313351365237939, ""kick_power"": 0.0, ""kick_dir"": null}, {""move_vx"": 4.242640687119285, ""move_vy"": -4.242640687119285, ""kick_power"": 0.0, ""kick_dir"": null}, {""move_vx"": 5.86273918160544, ""move_vy"": 1.2760443912608879, ""kick_power"": 0.0, ""kick_dir"": null}, {""move_vx"": -0.0, ""move_vy"": 0.0, ""kick_power"": 0.0, ""kick_dir"": null}, {""move_vx"": -4.1012193308819755, ""move_vy"": -4.1012193308819755, ""kick_power"": 0.0, ""kick_dir"": null}, {""move_vx"": -6.363087872813, ""move_vy"": 1.225362282290478, ""kick_power"": 0.0, ""kick_dir"": null}, {""move_vx"": -5.261947321724514, ""move_vy"": -1.213223138336972, ""kick_power"": 0.0, ""kick_dir"": null}, {""move_vx"": -0.0, ""move_vy"": 0.0, ""kick_power"": 0.9, ""kick_dir"": [-0.9950916396448974, 0.0989567710483695]}, {""move_vx"": -5.538680985508524, ""move_vy"": 2.307165564229479, ""kick_power"": 0.0, ""kick_dir"": null}, {""move_vx"": -5.549492121359861, ""move_vy"": 1.3012060539994548, ""kick_power"": 0.0, ""kick_dir"": null}, {""move_vx"": 4.242640687119285, ""move_vy"": 4.242640687119285, ""kick_power"": 0.0, ""kick_dir"": null}, {""move_vx"": -5.704980637110989, ""move_vy"": 2.9005509701070076, ""kick_power"": 0.0, ""kick_dir"": null}, {""move_vx"": -6.0, ""move_vy"": 0.0, ""kick_power"": 0.0, ""kick_dir"": null}, {""move_vx"": -4.525483399593904, ""move_vy"": 4.525483399593904, ""kick_power"": 0.0, ""kick_dir"": null}]"
1088,67,default,default,0,25.77291080627739,37.56105779308362,20,B,,0.16622399154080925,-0.053018120965051874,0.4247245609995321,"[{""move_vx"": 4.183341489478967, ""move_vy"": 2.2499231058869316, ""kick_power"": 0.0, ""kick_dir"": null}, {""move_vx"": -4.1012193308819755, ""move_vy"": 4.1012193308819755, ""kick_power"": 0.0, ""kick_dir"": null}, {""move_vx"": 5.390874846646975, ""move_vy"": 0.3137967300482193, ""kick_power"": 0.0, ""kick_dir"": null}, {""move_vx"": 5.4, ""move_vy"": 0.0, ""kick_power"": 0.0, ""kick_dir"": null}, {""move_vx"": -4.1012193308819755, ""move_vy"": -4.1012193308819755, ""kick_power"": 0.0, ""kick_dir"": null}, {""move_vx"": 4.867959369209539, ""move_vy"": 2.5383206219319616, ""kick_power"": 0.0, ""kick_dir"": null}, {""move_vx"": 6.0, ""move_vy"": 0.0, ""kick_power"": 0.0, ""kick_dir"": null}, {""move_vx"": 0.0, ""move_vy"": 6.0, ""kick_power"": 0.0, ""kick_dir"": null}, {""move_vx"": 4.313351365237939, ""move_vy"": 4.313351365237939, ""kick_power"": 0.0, ""kick_dir"": null}, {""move_vx"": 4.242640687119285, ""move_vy"": 4.242640687119285, ""kick_power"": 0.0, ""kick_dir"": null}, {""move_vx"": 5.86273918160544, ""move_vy"": 1.2760443912608874, ""kick_power"": 0.0, ""kick_dir"": null}, {""move_vx"": -0.0, ""move_vy"": 0.0, ""kick_power"": 0.0, ""kick_dir"": null}, {""move_vx"": -4.1012193308819755, ""move_vy"": -4.1012193308819755, ""kick_power"": 0.0, ""kick_dir"": null}, {""move_vx"": -6.365489154321066, ""move_vy"": 1.212826379256682, ""kick_power"": 0.0, ""kick_dir"": null}, {""move_vx"": -5.261947321724515, ""move_vy"": -1.2132231383369723, ""kick_power"": 0.0, ""kick_dir"": null}, {""move_vx"": -0.0, ""move_vy"": 0.0, ""kick_power"": 0.9, ""kick_dir"": [-0.989997343126008, 0.14108531111822162]}, {""move_vx"": -5.538680985508524, ""move_vy"": 2.307165564229479, ""kick_power"": 0.0, ""kick_dir"": null}, {""move_vx"": -5.546248956203073, ""move_vy"": -1.3149610320524014, ""kick_power"": 0.0, ""kick_dir"": null}, {""move_vx"": -5.688673142303273, ""move_vy"": -2.707212197083454, ""kick_power"": 0.0, ""kick_dir"": null}, {""move_vx"": -5.704980637110989, ""move_vy"": 2.9005509701070076, ""kick_power"": 0.0, ""kick_dir"": null}, {""move_vx"": -6.0, ""move_vy"": 0.0, ""kick_power"": 0.0, ""kick_dir"": null}, {""move_vx"": -4.525483399593904, ""move_vy"": 4.525483399593904, ""kick_power"": 0.0, ""kick_dir"": null}]"
1088,68,default,default,0,25.35291080627739,37.56105779308362,20,B,,0.1699603580488596,-0.05534048313044594,0.4220261150887285,"[{""move_vx"": 4.176700467424644, ""move_vy"": 2.262227487547342, ""kick_power"": 0.0, ""kick_dir"": null}, {""move_vx"": -4.1012193308819755, ""move_vy"": 4.1012193308819755, ""kick_power"": 0.0, ""kick_dir"": null}, {""move_vx"": 5.390756768321976, ""move_vy"": 0.3158187214064518, ""kick_power"": 0.0, ""kick_dir"": null}, {""move_vx"": 5.4, ""move_vy"": 0.0, ""kick_power"": 0.0, ""kick_dir"": null}, {""move_vx"": -4.1012193308819755, ""move_vy"": -4.1012193308819755, ""kick_power"": 0.0, ""kick_dir"": null}, {""move_vx"": 4.86074741676168, ""move_vy"": 2.5521039458542147, ""kick_power"": 0.0, ""kick_dir"": null}, {""move_vx"": 6.0, ""move_vy"": 0.0, ""kick_power"": 0.0, ""kick_dir"": null}, {""move_vx"": 0.0, ""move_vy"": 0.0, ""kick_power"": 0.6, ""kick_dir"": [0.963967892295035, -0.266018561744816]}, {""move_vx"": 4.313351365237939, ""move_vy"": 4.313351365237939, ""kick_power"": 0.0, ""kick_dir"": null}, {""move_vx"": 4.242640687119285, ""move_vy"": 4.242640687119285, ""kick_power"": 0.0, ""kick_dir"": null}, {""move_vx"": 5.862739181605441, ""move_vy"": 1.276044391260887, ""kick_power"": 0.0, ""kick_dir"": null}, {""move_vx"": -0.0, ""move_vy"": 0.0, ""kick_power"": 0.0, ""kick_dir"": null}, {""move_vx"": -4.1012193308819755, ""move_vy"": -4.1012193308819755, ""kick_power"": 0.0, ""kick_dir"": null}, {""move_vx"": -6.3678439295395215, ""move_vy"": 1.200401469936897, ""kick_power"": 0.0, ""kick_dir"": null}, {""move_vx"": -5.261947321724514, ""move_vy"": -1.213223138336972, ""kick_power"": 0.0, ""kick_dir"": null}, {""move_vx"": -0.0, ""move_vy"": 0.0, ""kick_power"": 0.9, ""kick_dir"": [-0.9912725348012191, 0.13182779575157758]}, {""move_vx"": -5.538680985508524, ""move_vy"": 2.307165564229479, ""kick_power"": 0.0, ""kick_dir"": null}, {""move_vx"": -5.55012647299977, ""move_vy"": 1.2984976448600636, ""kick_power"": 0.0, ""kick_dir"": null}, {""move_vx"": -0.0, ""move_vy"": 0.0, ""kick_power"": 0.65, ""kick_dir"": [0.9954636423549318, -0.09514198192874722]}, {""move_vx"": -5.704980637110989, ""move_vy"": 2.900550970107007, ""kick_power"": 0.0, ""kick_dir"": null}, {""move_vx"": -6.300000000000001, ""move_vy"": 0.0, ""kick_power"": 0.0, ""kick_dir"": null}, {""move_vx"": -4.525483399593904, ""move_vy"": 4.525483399593904, ""kick_power"": 0.0, ""kick_dir"": null}]"
1088,69,default,default,0,24.932910806277388,37.56105779308362,20,B,,0.17369860163129142,-0.0563327464206791,0.41302051201298645,"[{""move_vx"": 4.169080179607293, ""move_vy"": 2.2762404213978846, ""kick_power"": 0.0, ""kick_dir"": null}, {""move_vx"": -4.1012193308819755, ""move_vy"": 4.1012193308819755, ""kick_power"": 0.0, ""kick_dir"": null}, {""move_vx"": 5.390628802534668, ""move_vy"": 0.31799546110544424, ""kick_power"": 0.0, ""kick_dir"": null}, {""move_vx"": 5.4, ""move_vy"": 0.0, ""kick_power"": 0.0, ""kick_dir"": null}, {""move_vx"": -4.1012193308819755, ""move_vy"": -4.1012193308819755, ""kick_power"": 0.0, ""kick_dir"": null}, {""move_vx"": 4.85263298867565, ""move_vy"": 2.567499382125893, ""kick_power"": 0.0, ""kick_dir"": null}, {""move_vx"": 6.0, ""move_vy"": 0.0, ""kick_power"": 0.0, ""kick_dir"": null}, {""move_vx"": 0.0, ""move_vy"": 6.0, ""kick_power"": 0.0, ""kick_dir"": null}, {""move_vx"": 4.313351365237939, ""move_vy"": 4.313351365237939, ""kick_power"": 0.0, ""kick_dir"": null}, {""move_vx"": 4.242640687119285, ""move_vy"": 4.242640687119285, ""kick_power"": 0.0, ""kick_dir"": null}, {""move_vx"": 5.86273918160544, ""move_vy"": 1.2760443912608863, ""kick_power"": 0.0, ""kick_dir"": null}, {""move_vx"": -3.5355339059327373, ""move_vy"": 3.5355339059327373, ""kick_power"": 0.0, ""kick_dir"": null}, {""move_vx"": -4.1012193308819755, ""move_vy"": -4.1012193308819755, ""kick_power"": 0.0, ""kick_dir"": null}, {""move_vx"": -0.0, ""move_vy"": 0.0, ""kick_power"": 0.9, ""kick_dir"": [-0.9049949745807127, -0.42542219172576756]}, {""move_vx"": -0.0, ""move_vy"": 0.0, ""kick_power"": 0.9, ""kick_dir"": [-0.8902590568537266, -0.4554544614976957]}, {""move_vx"": -0.0, ""move_vy"": 0.0, ""kick_power"": 0.9, ""kick_dir"": [-0.9894343490809661, 0.1449809286318474]}, {""move_vx"": -5.538680985508524, ""move_vy"": 2.307165564229479, ""kick_power"": 0.0, ""kick_dir"": null}, {""move_vx"": -5.54722137285636, ""move_vy"": -1.3108527913253951, ""kick_power"": 0.0, ""kick_dir"": null}, {""move_vx"": 6.0, ""move_vy"": 0.0, ""kick_power"": 0.0, ""kick_dir"": null}, {""move_vx"": -5.704980637110989, ""move_vy"": 2.9005509701070076, ""kick_power"": 0.0, ""kick_dir"": null}, {""move_vx"": -6.300000000000001, ""move_vy"": 0.0, ""kick_power"": 0.0, ""kick_dir"": null}, {""move_vx"": -4.897901173692276, ""move_vy"": -4.119534450971836, ""kick_power"": 0.0, ""kick_dir"": null}]"
1088,70,default,default,0,24.512910806277386,37.56105779308362,20,B,,0.17949508390838376,-0.05533543448077534,0.4338163727810284,"[{""move_vx"": 4.161211033266709, ""move_vy"": 2.290594406834044, ""kick_power"": 0.0, ""kick_dir"": null}, {""move_vx"": -4.1012193308819755, ""move_vy"": 4.1012193308819755, ""kick_power"": 0.0, ""kick_dir"": null}, {""move_vx"": 5.390496581960393, ""move_vy"": 0.3202289803770313, ""kick_power"": 0.0, ""kick_dir"": null}, {""move_vx"": 5.4, ""move_vy"": 0.0, ""kick_power"": 0.0, ""kick_dir"": null}, {""move_vx"": 0.0, ""move_vy"": 0.0, ""kick_power"": 0.4, ""kick_dir"": [0.9979129696210518, -0.0645730487470568]}, {""move_vx"": 4.844197043544144, ""move_vy"": 2.5833805378453603, ""kick_power"": 0.0, ""kick_dir"": null}, {""move_vx"": 6.0, ""move_vy"": 0.0, ""kick_power"": 0.0, ""kick_dir"": null}, {""move_vx"": 0.0, ""move_vy"": 6.0, ""kick_power"": 0.0, ""kick_dir"": null}, {""move_vx"": 4.313351365237939, ""move_vy"": 4.313351365237939, ""kick_power"": 0.0, ""kick_dir"": null}, {""move_vx"": 4.242640687119285, ""move_vy"": 4.242640687119285, ""kick_power"": 0.0, ""kick_dir"": null}, {""move_vx"": 5.86273918160544, ""move_vy"": 1.2760443912608859, ""kick_power"": 0.0, ""kick_dir"": null}, {""move_vx"": -0.0, ""move_vy"": 0.0, ""kick_power"": 0.0, ""kick_dir"": null}, {""move_vx"": -4.1012193308819755, ""move_vy"": -4.1012193308819755, ""kick_power"": 0.0, ""kick_dir"": null}, {""move_vx"": -6.375678979312632, ""move_vy"": 1.1580662989445087, ""kick_power"": 0.0, ""kick_dir"": null}, {""move_vx"": -5.2584225396734805, ""move_vy"": -1.2284105153628015, ""kick_power"": 0.0, ""kick_dir"": null}, {""move_vx"": -0.0, ""move_vy"": 0.0, ""kick_power"": 0.9, ""kick_dir"": [-0.9862083254135369, 0.1655080833760233]}, {""move_vx"": -5.538680985508524, ""move_vy"": 2.3071655642294786, ""kick_power"": 0.0, ""kick_dir"": null}, {""move_vx"": -5.551204801659788, ""move_vy"": 1.2938799210240892, ""kick_power"": 0.0, ""kick_dir"": null}, {""move_vx"": -5.7310745813295245, ""move_vy"": -2.6162538376920974, ""kick_power"": 0.0, ""kick_dir"": null}, {""move_vx"": -5.704980637110989, ""move_vy"": 2.900550970107007, ""kick_power"": 0.0, ""kick_dir"": null}, {""move_vx"": -6.300000000000001, ""move_vy"": 0.0, ""kick_power"": 0.0, ""kick_dir"": null}, {""move_vx"": -4.897901173692277, ""move_vy"": -4.119534450971835, ""kick_power"": 0.0, ""kick_dir"": null}]"
1088,71,default,default,0,24.092910806277384,37.56105779308362,20,B,,0.18528088910633445,-0.05514342616638659,0.4180049297671432,"[{""move_vx"": 4.1437814300326234, ""move_vy"": 2.3219766278144975, ""kick_power"": 0.0, ""kick_dir"": null}, {""move_vx"": -4.1012193308819755, ""move_vy"": 4.1012193308819755, ""kick_power"": 0.0, ""kick_dir"": null}, {""move_vx"": 5.390359879359738, ""move_vy"": 0.3225218922629485, ""kick_power"": 0.0, ""kick_dir"": null}, {""move_vx"": 5.4, ""move_vy"": 0.0, ""kick_power"": 0.0, ""kick_dir"": null}, {""move_vx"": -4.1012193308819755, ""move_vy"": -4.1012193308819755, ""kick_power"": 0.0, ""kick_dir"": null}, {""move_vx"": 0.0, ""move_vy"": 0.0, ""kick_power"": 0.4, ""kick_dir"": [0.9711194947153933, 0.23859332062702474]}, {""move_vx"": 6.0, ""move_vy"": 0.0, ""kick_power"": 0.0, ""kick_dir"": null}, {""move_vx"": 0.0, ""move_vy"": 6.0, ""kick_power"": 0.0, ""kick_dir"": null}, {""move_vx"": 4.313351365237939, ""move_vy"": 4.313351365237939, ""kick_power"": 0.0, ""kick_dir"": null}, {""move_vx"": 4.242640687119285, ""move_vy"": 4.242640687119285, ""kick_power"": 0.0, ""kick_dir"": null}, {""move_vx"": 5.86273918160544, ""move_vy"": 1.2760443912608854, ""kick_power"": 0.0, ""kick_dir"": null}, {""move_vx"": -0.0, ""move_vy"": 0.0, ""kick_power"": 0.0, ""kick_dir"": null}, {""move_vx"": -4.1012193308819755, ""move_vy"": -4.1012193308819755, ""kick_power"": 0.0, ""kick_dir"": null}, {""move_vx"": -6.377896930619224, ""move_vy"": 1.1457882624629592, ""kick_power"": 0.0, ""kick_dir"": null}, {""move_vx"": -5.2584225396734805, ""move_vy"": -1.2284105153628015, ""kick_power"": 0.0, ""kick_dir"": null}, {""move_vx"": 4.6593793541656705, ""move_vy"": 1.6109264520687132, ""kick_power"": 0.0, ""kick_dir"": null}, {""move_vx"": -5.538680985508524, ""move_vy"": 2.3071655642294786, ""kick_power"": 0.0, ""kick_dir"": null}, {""move_vx"": -0.0, ""move_vy"": 0.0, ""kick_power"": 0.0, ""kick_dir"": null}, {""move_vx"": 4.242640687119285, ""move_vy"": 4.242640687119285, ""kick_power"": 0.0, ""kick_dir"": null}, {""move_vx"": -5.704980637110989, ""move_vy"": 2.9005509701070076, ""kick_power"": 0.0, ""kick_dir"": null}, {""move_vx"": -6.300000000000001, ""move_vy"": 0.0, ""kick_power"": 0.0, ""kick_dir"": null}, {""move_vx"": -4.8979011736922775, ""move_vy"": -4.119534450971834, ""kick_power"": 0.0, ""kick_dir"": null}]"
1088,72,default,default,0,23.672910806277383,37.56105779308362,20,B,,0.19105526743294501,-0.04082166360796405,0.42853690225429897,"[{""move_vx"": 4.125400370270611, ""move_vy"": 2.3544790899413637, ""kick_power"": 0.0, ""kick_dir"": null}, {""move_vx"": -4.1012193308819755, ""move_vy"": 4.1012193308819755, ""kick_power"": 0.0, ""kick_dir"": null}, {""move_vx"": 5.390218450594324, ""move_vy"": 0.3248769842148414, ""kick_power"": 0.0, ""kick_dir"": null}, {""move_vx"": 5.4, ""move_vy"": 0.0, ""kick_power"": 0.0, ""kick_dir"": null}, {""move_vx"": -4.1012193308819755, ""move_vy"": -4.1012193308819755, ""kick_power"": 0.0, ""kick_dir"": null}, {""move_vx"": 0.0, ""move_vy"": 0.0, ""kick_power"": 0.4, ""kick_dir"": [-0.8875033228170218, 0.46080116750635186]}, {""move_vx"": 6.0, ""move_vy"": 0.0, ""kick_power"": 0.0, ""kick_dir"": null}, {""move_vx"": 0.0, ""move_vy"": 6.0, ""kick_power"": 0.0, ""kick_dir"": null}, {""move_vx"": 0.0, ""move_vy"": 0.0, ""kick_power"": 0.0, ""kick_dir"": null}, {""move_vx"": -1.868882686622098, ""move_vy"": 5.06628833601525, ""kick_power"": 0.0, ""kick_dir"": null}, {""move_vx"": -6.0, ""move_vy"": 0.0, ""kick_power"": 0.0, ""kick_dir"": null}, {""move_vx"": -0.0, ""move_vy"": 0.0, ""kick_power"": 0.0, ""kick_dir"": null}, {""move_vx"": -4.1012193308819755, ""move_vy"": -4.1012193308819755, ""kick_power"": 0.0, ""kick_dir"": null}, {""move_vx"": -6.380069124887033, ""move_vy"": 1.1336304343405799, ""kick_power"": 0.0, ""kick_dir"": null}, {""move_vx"": -5.2584225396734805, ""move_vy"": -1.2284105153628015, ""kick_power"": 0.0, ""kick_dir"": null}, {""move_vx"": 4.659379354165671, ""move_vy"": 1.610926452068711, ""kick_power"": 0.0, ""kick_dir"": null}, {""move_vx"": -5.538680985508524, ""move_vy"": 2.3071655642294786, ""kick_power"": 0.0, ""kick_dir"": null}, {""move_vx"": -0.0, ""move_vy"": 0.0, ""kick_power"": 0.0, ""kick_dir"": null}, {""move_vx"": -5.743173613475446, ""move_vy"": -2.589586230554875, ""kick_power"": 0.0, ""kick_dir"": null}, {""move_vx"": -5.704980637110989, ""move_vy"": 2.9005509701070076, ""kick_power"": 0.0, ""kick_dir"": null}, {""move_vx"": -6.300000000000001, ""move_vy"": 0.0, ""kick_power"": 0.0, ""kick_dir"": null}, {""move_vx"": -4.897901173692278, ""move_vy"": -4.119534450971833, ""kick_power"": 0.0, ""kick_dir"": null}]"
1088,73,default,default,0,23.25291080627738,37.56105779308362,20,B,,0.19681738221656989,-0.05683442738842377,0.42924619067712333,"[{""move_vx"": 4.105992460649729, ""move_vy"": 2.388163711533944, ""kick_power"": 0.0, ""kick_dir"": null}, {""move_vx"": -4.1012193308819755, ""move_vy"": 4.1012193308819755, ""kick_power"": 0.0, ""kick_dir"": null}, {""move_vx"": 5.390072033001581, ""move_vy"": 0.327297233496099, ""kick_power"": 0.0, ""kick_dir"": null}, {""move_vx"": 5.4, ""move_vy"": 0.0, ""kick_power"": 0.0, ""kick_dir"": null}, {""move_vx"": -4.1012193308819755, ""move_vy"": -4.1012193308819755, ""kick_power"": 0.0, ""kick_dir"": null}, {""move_vx"": 0.0, ""move_vy"": 0.0, ""kick_power"": 0.4, ""kick_dir"": [-0.8815148903632822, 0.47215607498658285]}, {""move_vx"": 6.0, ""move_vy"": 0.0, ""kick_power"": 0.0, ""kick_dir"": null}, {""move_vx"": 0.0, ""move_vy"": 6.0, ""kick_power"": 0.0, ""kick_dir"": null}, {""move_vx"": 4.313351365237939, ""move_vy"": 4.313351365237939, ""kick_power"": 0.0, ""kick_dir"": null}, {""move_vx"": 4.242640687119285, ""move_vy"": 4.242640687119285, ""kick_power"": 0.0, ""kick_dir"": null}, {""move_vx"": 5.865313701108778, ""move_vy"": 1.264157896619587, ""kick_power"": 0.0, ""kick_dir"": null}, {""move_vx"": -0.0, ""move_vy"": 0.0, ""kick_power"": 0.0, ""kick_dir"": null}, {""move_vx"": -4.1012193308819755, ""move_vy"": -4.1012193308819755, ""kick_power"": 0.0, ""kick_dir"": null}, {""move_vx"": -6.382196461680004, ""move_vy"": 1.121591870744103, ""kick_power"": 0.0, ""kick_dir"": null}, {""move_vx"": -5.258422539673481, ""move_vy"": -1.2284105153628018, ""kick_power"": 0.0, ""kick_dir"": null}, {""move_vx"": 4.659379354165673, ""move_vy"": 1.6109264520687085, ""kick_power"": 0.0, ""kick_dir"": null}, {""move_vx"": -5.538680985508524, ""move_vy"": 2.3071655642294786, ""kick_power"": 0.0, ""kick_dir"": null}, {""move_vx"": -0.0, ""move_vy"": 0.0, ""kick_power"": 0.0, ""kick_dir"": null}, {""move_vx"": -6.0, ""move_vy"": 0.0, ""kick_power"": 0.0, ""kick_dir"": null}, {""move_vx"": -5.704980637110989, ""move_vy"": 2.9005509701070076, ""kick_power"": 0.0, ""kick_dir"": null}, {""move_vx"": -6.300000000000001, ""move_vy"": 0.0, ""kick_power"": 0.0, ""kick_dir"": null}, {""move_vx"": -4.897901173692279, ""move_vy"": -4.119534450971833, ""kick_power"": 0.0, ""kick_dir"": null}]"
1088,74,default,default,0,22.83291080627738,37.56105779308362,20,B,,0.20256629515110705,-0.049369045688600004,0.43654721177378797,"[{""move_vx"": 4.085474498823574, ""move_vy"": 2.423096803568166, ""kick_power"": 0.0, ""kick_dir"": null}, {""move_vx"": -4.1012193308819755, ""move_vy"": 4.1012193308819755, ""kick_power"": 0.0, ""kick_dir"": null}, {""move_vx"": 0.0, ""move_vy"": 0.0, ""kick_power"": 0.9, ""kick_dir"": [-0.19343108723588226, -0.9811138162135968]}, {""move_vx"": 5.104330760526946, ""move_vy"": -1.7623301300092484, ""kick_power"": 0.0, ""kick_dir"": null}, {""move_vx"": -4.1012193308819755, ""move_vy"": -4.1012193308819755, ""kick_power"": 0.0, ""kick_dir"": null}, {""move_vx"": 0.0, ""move_vy"": 0.0, ""kick_power"": 0.4, ""kick_dir"": [-0.8751063614169043, 0.48393048496435426]}, {""move_vx"": 6.0, ""move_vy"": 0.0, ""kick_power"": 0.0, ""kick_dir"": null}, {""move_vx"": 0.0, ""move_vy"": 6.0, ""kick_power"": 0.0, ""kick_dir"": null}, {""move_vx"": 4.313351365237939, ""move_vy"": 4.313351365237939, ""kick_power"": 0.0, ""kick_dir"": null}, {""move_vx"": 4.242640687119285, ""move_vy"": 4.242640687119285, ""kick_power"": 0.0, ""kick_dir"": null}, {""move_vx"": 5.865313701108777, ""move_vy"": 1.2641578966195859, ""kick_power"": 0.0, ""kick_dir"": null}, {""move_vx"": -0.0, ""move_vy"": 0.0, ""kick_power"": 0.0, ""kick_dir"": null}, {""move_vx"": -4.1012193308819755, ""move_vy"": -4.1012193308819755, ""kick_power"": 0.0, ""kick_dir"": null}, {""move_vx"": -4.958091281002054, ""move_vy"": 2.139469758900885, ""kick_power"": 0.0, ""kick_dir"": null}, {""move_vx"": -5.2584225396734805, ""move_vy"": -1.228410515362802, ""kick_power"": 0.0, ""kick_dir"": null}, {""move_vx"": -5.1184758486344375, ""move_vy"": -2.039927691597419, ""kick_power"": 0.0, ""kick_dir"": null}, {""move_vx"": -5.538680985508524, ""move_vy"": 2.307165564229478, ""kick_power"": 0.0, ""kick_dir"": null}, {""move_vx"": -0.0, ""move_vy"": 0.0, ""kick_power"": 0.0, ""kick_dir"": null}, {""move_vx"": -5.753548122290564, ""move_vy"": -2.5664535851027455, ""kick_power"": 0.0, ""kick_dir"": null}, {""move_vx"": -5.704980637110989, ""move_vy"": 2.9005509701070076, ""kick_power"": 0.0, ""kick_dir"": null}, {""move_vx"": -6.300000000000001, ""move_vy"": 0.0, ""kick_power"": 0.0, ""kick_dir"": null}, {""move_vx"": -4.897901173692279, ""move_vy"": -4.119534450971832, ""kick_power"": 0.0, ""kick_dir"": null}]"
1088,75,default,default,0,24.032910806277382,37.56105779308362,20,B,,0.1951130054185686,0.07737919708501828,0.47216207495547147,"[{""move_vx"": 4.063754478553317, ""move_vy"": 2.4593494135721867, ""kick_power"": 0.0, ""kick_dir"": null}, {""move_vx"": -4.1012193308819755, ""move_vy"": 4.1012193308819755, ""kick_power"": 0.0, ""kick_dir"": null}, {""move_vx"": 5.389020436161092, ""move_vy"": 0.34417835294817706, ""kick_power"": 0.0, ""kick_dir"": null}, {""move_vx"": 5.1043307605269455, ""move_vy"": -1.7623301300092487, ""kick_power"": 0.0, ""kick_dir"": null}, {""move_vx"": -4.1012193308819755, ""move_vy"": -4.1012193308819755, ""kick_power"": 0.0, ""kick_dir"": null}, {""move_vx"": 0.0, ""move_vy"": 0.0, ""kick_power"": 0.4, ""kick_dir"": [-0.8814910567572736, 0.47220056839502067]}, {""move_vx"": 6.0, ""move_vy"": 0.0, ""kick_power"": 0.0, ""kick_dir"": null}, {""move_vx"": 0.0, ""move_vy"": 6.0, ""kick_power"": 0.0, ""kick_dir"": null}, {""move_vx"": 4.313351365237939, ""move_vy"": 4.313351365237939, ""kick_power"": 0.0, ""kick_dir"": null}, {""move_vx"": 4.242640687119285, ""move_vy"": 4.242640687119285, ""kick_power"": 0.0, ""kick_dir"": null}, {""move_vx"": 5.865313701108777, ""move_vy"": 1.2641578966195866, ""kick_power"": 0.0, ""kick_dir"": null}, {""move_vx"": -5.999997771982727, ""move_vy"": 0.005170706171984186, ""kick_power"": 0.0, ""kick_dir"": null}, {""move_vx"": -4.1012193308819755, ""move_vy"": -4.1012193308819755, ""kick_power"": 0.0, ""kick_dir"": null}, {""move_vx"": -4.952946349002976, ""move_vy"": 2.1513536352487694, ""kick_power"": 0.0, ""kick_dir"": null}, {""move_vx"": -5.2584225396734805, ""move_vy"": -1.228410515362802, ""kick_power"": 0.0, ""kick_dir"": null}, {""move_vx"": 4.655800938841276, ""move_vy"": 1.6212395313107468, ""kick_power"": 0.0, ""kick_dir"": null}, {""move_vx"": -5.538680985508524, ""move_vy"": 2.307165564229478, ""kick_power"": 0.0, ""kick_dir"": null}, {""move_vx"": -0.0, ""move_vy"": 0.0, ""kick_power"": 0.0, ""kick_dir"": null}, {""move_vx"": -6.0, ""move_vy"": 0.0, ""kick_power"": 0.0, ""kick_dir"": null}, {""move_vx"": -5.704980637110988, ""move_vy"": 2.900550970107007, ""kick_power"": 0.0, ""kick_dir"": null}, {""move_vx"": -0.0, ""move_vy"": 0.0, ""kick_power"": 0.0, ""kick_dir"": null}, {""move_vx"": -0.0, ""move_vy"": 0.0, ""kick_power"": 0.65, ""kick_dir"": [0.2894413879245532, -0.9571956665538643]}]"
1088,76,default,default,0,22.748464656228013,38.29012121123227,20,B,,0.20486135906953132,-0.10900631161880975,0.40384828192536265,"[{""move_vx"": 4.12409451383286, ""move_vy"": 2.356765673751573, ""kick_power"": 0.0, ""kick_dir"": null}, {""move_vx"": -4.1012193308819755, ""move_vy"": 4.1012193308819755, ""kick_power"": 0.0, ""kick_dir"": null}, {""move_vx"": -6.916501632837018, ""move_vy"": 1.2010017331223457, ""kick_power"": 0.0, ""kick_dir"": null}, {""move_vx"": 3.8183766184073566, ""move_vy"": -3.8183766184073566, ""kick_power"": 0.0, ""kick_dir"": null}, {""move_vx"": -4.1012193308819755, ""move_vy"": -4.1012193308819755, ""kick_power"": 0.0, ""kick_dir"": null}, {""move_vx"": 0.0, ""move_vy"": 0.0, ""kick_power"": 0.4, ""kick_dir"": [-0.8749938995314319, 0.48413379624418174]}, {""move_vx"": 6.0, ""move_vy"": 0.0, ""kick_power"": 0.0, ""kick_dir"": null}, {""move_vx"": 0.0, ""move_vy"": 6.0, ""kick_power"": 0.0, ""kick_dir"": null}, {""move_vx"": 4.313351365237939, ""move_vy"": 4.313351365237939, ""kick_power"": 0.0, ""kick_dir"": null}, {""move_vx"": 5.726542466183143, ""move_vy"": -1.7907292880279493, ""kick_power"": 0.0, ""kick_dir"": null}, {""move_vx"": 5.865313701108777, ""move_vy"": 1.2641578966195874, ""kick_power"": 0.0, ""kick_dir"": null}, {""move_vx"": -0.0, ""move_vy"": 0.0, ""kick_power"": 0.0, ""kick_dir"": null}, {""move_vx"": -4.1012193308819755, ""move_vy"": -4.1012193308819755, ""kick_power"": 0.0, ""kick_dir"": null}, {""move_vx"": -6.372456100148111, ""move_vy"": 1.1756714046387056, ""kick_power"": 0.0, ""kick_dir"": null}, {""move_vx"": -5.2584225396734805, ""move_vy"": -1.228410515362802, ""kick_power"": 0.0, ""kick_dir"": null}, {""move_vx"": 4.655800938841275, ""move_vy"": 1.6212395313107502, ""kick_power"": 0.0, ""kick_dir"": null}, {""move_vx"": -0.0, ""move_vy"": 0.0, ""kick_power"": 0.4, ""kick_dir"": [-0.9840023631977921, 0.17815434421664417]}, {""move_vx"": -0.0, ""move_vy"": 0.0, ""kick_power"": 0.0, ""kick_dir"": null}, {""move_vx"": -6.0, ""move_vy"": 0.0, ""kick_power"": 0.0, ""kick_dir"": null}, {""move_vx"": -8.310811533318951, ""move_vy"": 0.3909113168644549, ""kick_power"": 0.0, ""kick_dir"": null}, {""move_vx"": -4.106676900296188, ""move_vy"": 4.374380508891939, ""kick_power"": 0.0, ""kick_dir"": null}, {""move_vx"": -4.89790117369228, ""move_vy"": -4.119534450971831, ""kick_power"": 0.0, ""kick_dir"": null}]"
1088,77,default,default,0,22.46099727320727,38.5963278468547,20,B,,0.20926625458110557,-0.042789039890379965,0.4308387199481072,"[{""move_vx"": 5.831972372123351, ""move_vy"": 2.8702087469015103, ""kick_power"": 0.0, ""kick_dir"": null}, {""move_vx"": -4.1012193308819755, ""move_vy"": 4.1012193308819755, ""kick_power"": 0.0, ""kick_dir"": null}, {""move_vx"": 5.3855918999101835, ""move_vy"": 0.3942079243518847, ""kick_power"": 0.0, ""kick_dir"": null}, {""move_vx"": 5.1082797380069005, ""move_vy"": -1.750850684172741, ""kick_power"": 0.0, ""kick_dir"": null}, {""move_vx"": -4.1012193308819755, ""move_vy"": -4.1012193308819755, ""kick_power"": 0.0, ""kick_dir"": null}, {""move_vx"": 0.0, ""move_vy"": 0.0, ""kick_power"": 0.4, ""kick_dir"": [-0.8800880708397505, 0.47481032933836625]}, {""move_vx"": 6.0, ""move_vy"": 0.0, ""kick_power"": 0.0, ""kick_dir"": null}, {""move_vx"": 0.0, ""move_vy"": 6.0, ""kick_power"": 0.0, ""kick_dir"": null}, {""move_vx"": 4.313351365237939, ""move_vy"": 4.313351365237939, ""kick_power"": 0.0, ""kick_dir"": null}, {""move_vx"": 4.242640687119285, ""move_vy"": 4.242640687119285, ""kick_power"": 0.0, ""kick_dir"": null}, {""move_vx"": 5.865313701108777, ""move_vy"": 1.264157896619586, ""kick_power"": 0.0, ""kick_dir"": null}, {""move_vx"": -0.0, ""move_vy"": 0.0, ""kick_power"": 0.0, ""kick_dir"": null}, {""move_vx"": -0.0, ""move_vy"": 0.0, ""kick_power"": 0.9, ""kick_dir"": [-0.12764485316862217, 0.9918198793886838]}, {""move_vx"": -6.355026414964557, ""move_vy"": 1.266506717353978, ""kick_power"": 0.0, ""kick_dir"": null}, {""move_vx"": -5.2584225396734805, ""move_vy"": -1.2284105153628022, ""kick_power"": 0.0, ""kick_dir"": null}, {""move_vx"": 4.655800938841274, ""move_vy"": 1.6212395313107537, ""kick_power"": 0.0, ""kick_dir"": null}, {""move_vx"": -0.0, ""move_vy"": 0.0, ""kick_power"": 0.4, ""kick_dir"": [-0.9840023631977921, 0.17815434421664417]}, {""move_vx"": -0.0, ""move_vy"": 0.0, ""kick_power"": 0.0, ""kick_dir"": null}, {""move_vx"": -6.0, ""move_vy"": 0.0, ""kick_power"": 0.0, ""kick_dir"": null}, {""move_vx"": -5.688581922342111, ""move_vy"": 2.9325817486990093, ""kick_power"": 0.0, ""kick_dir"": null}, {""move_vx"": -4.312010745311052, ""move_vy"": 4.593099534336486, ""kick_power"": 0.0, ""kick_dir"": null}, {""move_vx"": -0.0, ""move_vy"": 0.0, ""kick_power"": 0.65, ""kick_dir"": [0.31568925570990164, -0.9488625576724514]}]"
1088,78,default,default,0,22.17352989018653,38.90253448247713,20,B,,0.2135604299772058,-0.04436741956755033,0.4400303099985848,"[{""move_vx"": 5.753139324297694, ""move_vy"": 3.02512609906091, ""kick_power"": 0.0, ""kick_dir"": null}, {""move_vx"": -4.1012193308819755, ""move_vy"": 4.1012193308819755, ""kick_power"": 0.0, ""kick_dir"": null}, {""move_vx"": 5.383130245822638, ""move_vy"": 0.42650762772722745, ""kick_power"": 0.0, ""kick_dir"": null}, {""move_vx"": 5.1082797380069005, ""move_vy"": -1.7508506841727407, ""kick_power"": 0.0, ""kick_dir"": null}, {""move_vx"": -0.8712541595407147, ""move_vy"": -7.489493720504945, ""kick_power"": 0.0, ""kick_dir"": null}, {""move_vx"": 0.0, ""move_vy"": 0.0, ""kick_power"": 0.4, ""kick_dir"": [-0.8734928685747486, 0.4868367969455763]}, {""move_vx"": 6.0, ""move_vy"": 0.0, ""kick_power"": 0.0, ""kick_dir"": null}, {""move_vx"": 0.0, ""move_vy"": 6.0, ""kick_power"": 0.0, ""kick_dir"": null}, {""move_vx"": 4.313351365237939, ""move_vy"": 4.313351365237939, ""kick_power"": 0.0, ""kick_dir"": null}, {""move_vx"": 4.242640687119285, ""move_vy"": 4.242640687119285, ""kick_power"": 0.0, ""kick_dir"": null}, {""move_vx"": 5.865313701108778, ""move_vy"": 1.2641578966195872, ""kick_power"": 0.0, ""kick_dir"": null}, {""move_vx"": -0.0, ""move_vy"": 0.0, ""kick_power"": 0.0, ""kick_dir"": null}, {""move_vx"": -0.0, ""move_vy"": 0.0, ""kick_power"": 0.9, ""kick_dir"": [-0.1570341428816292, 0.9875931139197497]}, {""move_vx"": -6.346923442111858, ""move_vy"": 1.3065078721427463, ""kick_power"": 0.0, ""kick_dir"": null}, {""move_vx"": -5.2584225396734805, ""move_vy"": -1.2284105153628022, ""kick_power"": 0.0, ""kick_dir"": null}, {""move_vx"": 4.655800938841272, ""move_vy"": 1.6212395313107573, ""kick_power"": 0.0, ""kick_dir"": null}, {""move_vx"": -0.0, ""move_vy"": 0.0, ""kick_power"": 0.4, ""kick_dir"": [-0.9840023631977921, 0.17815434421664417]}, {""move_vx"": -5.471079681095419, ""move_vy"": 2.463186376039144, ""kick_power"": 0.0, ""kick_dir"": null}, {""move_vx"": -6.0, ""move_vy"": 0.0, ""kick_power"": 0.0, ""kick_dir"": null}, {""move_vx"": -5.688581922342111, ""move_vy"": 2.932581748699009, ""kick_power"": 0.0, ""kick_dir"": null}, {""move_vx"": -4.312010745311052, ""move_vy"": 4.593099534336486, ""kick_power"": 0.0, ""kick_dir"": null}, {""move_vx"": -4.897901173692281, ""move_vy"": -4.11953445097183, ""kick_power"": 0.0, ""kick_dir"": null}]"
1088,79,default,default,0,21.877090799029606,39.172203212774484,20,B,,0.2179934763082881,-0.04683416033397009,0.4331424236857726,"[{""move_vx"": 5.666331815673469, ""move_vy"": 3.1847580370707305, ""kick_power"": 0.0, ""kick_dir"": null}, {""move_vx"": -4.1012193308819755, ""move_vy"": 4.1012193308819755, ""kick_power"": 0.0, ""kick_dir"": null}, {""move_vx"": 5.380410702839169, ""move_vy"": 0.45954397915076817, ""kick_power"": 0.0, ""kick_dir"": null}, {""move_vx"": 5.108279738006901, ""move_vy"": -1.7508506841727407, ""kick_power"": 0.0, ""kick_dir"": null}, {""move_vx"": -1.452228880130073, ""move_vy"": -7.398826344746587, ""kick_power"": 0.0, ""kick_dir"": null}, {""move_vx"": 0.0, ""move_vy"": 0.0, ""kick_power"": 0.4, ""kick_dir"": [-0.8663708064704903, 0.4994011222945368]}, {""move_vx"": 6.0, ""move_vy"": 0.0, ""kick_power"": 0.0, ""kick_dir"": null}, {""move_vx"": 0.0, ""move_vy"": 6.0, ""kick_power"": 0.0, ""kick_dir"": null}, {""move_vx"": 4.313351365237939, ""move_vy"": 4.313351365237939, ""kick_power"": 0.0, ""kick_dir"": null}, {""move_vx"": 4.242640687119285, ""move_vy"": 4.242640687119285, ""kick_power"": 0.0, ""kick_dir"": null}, {""move_vx"": 5.865313701108778, ""move_vy"": 1.2641578966195859, ""kick_power"": 0.0, ""kick_dir"": null}, {""move_vx"": -0.0, ""move_vy"": 0.0, ""kick_power"": 0.0, ""kick_dir"": null}, {""move_vx"": -0.0, ""move_vy"": 0.0, ""kick_power"": 0.9, ""kick_dir"": [-0.18667190261386804, 0.9824222516702625]}, {""move_vx"": -6.338624517144474, ""move_vy"": 1.3461943509965382, ""kick_power"": 0.0, ""kick_dir"": null}, {""move_vx"": -5.2584225396734805, ""move_vy"": -1.2284105153628022, ""kick_power"": 0.0, ""kick_dir"": null}, {""move_vx"": 4.655800938841271, ""move_vy"": 1.6212395313107615, ""kick_power"": 0.0, ""kick_dir"": null}, {""move_vx"": -0.0, ""move_vy"": 0.0, ""kick_power"": 0.4, ""kick_dir"": [-0.9808229713205079, 0.19489983599854352]}, {""move_vx"": -0.0, ""move_vy"": 0.0, ""kick_power"": 0.0, ""kick_dir"": null}, {""move_vx"": -6.0, ""move_vy"": 0.0, ""kick_power"": 0.0, ""kick_dir"": null}, {""move_vx"": -5.68858192234211, ""move_vy"": 2.932581748699009, ""kick_power"": 0.0, ""kick_dir"": null}, {""move_vx"": -4.242640687119285, ""move_vy"": 4.242640687119285, ""kick_power"": 0.0, ""kick_dir"": null}, {""move_vx"": -0.0, ""move_vy"": 0.0, ""kick_power"": 0.65, ""kick_dir"": [0.32270864116634873, -0.9464982768526838]}]"
1088,80,default,default,0,21.580105950931248,39.46918806087283,20,B,,0.22217601349264438,-0.04930755110296167,0.44246159721588185,"[{""move_vx"": 5.577252366850109, ""move_vy"": 3.338301369928254, ""kick_power"": 0.0, ""kick_dir"": null}, {""move_vx"": -4.1012193308819755, ""move_vy"": 4.1012193308819755, ""kick_power"": 0.0, ""kick_dir"": null}, {""move_vx"": 5.377750222302495, ""move_vy"": 0.4896963819811825, ""kick_power"": 0.0, ""kick_dir"": null}, {""move_vx"": 5.1082797380069005, ""move_vy"": -1.75085068417274, ""kick_power"": 0.0, ""kick_dir"": null}, {""move_vx"": 0.0, ""move_vy"": 0.0, ""kick_power"": 0.0, ""kick_dir"": null}, {""move_vx"": 0.0, ""move_vy"": 0.0, ""kick_power"": 0.4, ""kick_dir"": [-0.8586752820023185, 0.5125198651622026]}, {""move_vx"": 6.0, ""move_vy"": 0.0, ""kick_power"": 0.0, ""kick_dir"": null}, {""move_vx"": 0.0, ""move_vy"": 6.0, ""kick_power"": 0.0, ""kick_dir"": null}, {""move_vx"": 4.313351365237939, ""move_vy"": 4.313351365237939, ""kick_power"": 0.0, ""kick_dir"": null}, {""move_vx"": 4.242640687119285, ""move_vy"": 4.242640687119285, ""kick_power"": 0.0, ""kick_dir"": null}, {""move_vx"": 5.865313701108777, ""move_vy"": 1.2641578966195868, ""kick_power"": 0.0, ""kick_dir"": null}, {""move_vx"": -0.0, ""move_vy"": 0.0, ""kick_power"": 0.0, ""kick_dir"": null}, {""move_vx"": -0.0, ""move_vy"": 0.0, ""kick_power"": 0.9, ""kick_dir"": [-0.216467543499339, 0.9762897529111388]}, {""move_vx"": -6.3314829101304735, ""move_vy"": 1.3793926774946124, ""kick_power"": 0.0, ""kick_dir"": null}, {""move_vx"": -5.2584225396734805, ""move_vy"": -1.2284105153628024, ""kick_power"": 0.0, ""kick_dir"": null}, {""move_vx"": 4.65580093884127, ""move_vy"": 1.6212395313107657, ""kick_power"": 0.0, ""kick_dir"": null}, {""move_vx"": -5.538680985508524, ""move_vy"": 2.3071655642294786, ""kick_power"": 0.0, ""kick_dir"": null}, {""move_vx"": -0.0, ""move_vy"": 0.0, ""kick_power"": 0.0, ""kick_dir"": null}, {""move_vx"": -6.0, ""move_vy"": 0.0, ""kick_power"": 0.0, ""kick_dir"": null}, {""move_vx"": -5.68858192234211, ""move_vy"": 2.9325817486990085, ""kick_power"": 0.0, ""kick_dir"": null}, {""move_vx"": -4.454772721475288, ""move_vy"": 4.454772721475212, ""kick_power"": 0.0, ""kick_dir"": null}, {""move_vx"": -4.897901173692282, ""move_vy"": -4.1195344509718295, ""kick_power"": 0.0, ""kick_dir"": null}]"
1088,81,default,default,0,21.283121102832908,39.766172908971186,20,B,,0.2262308166921103,-0.051767001629033464,0.43515806548275815,"[{""move_vx"": 5.473179060396226, ""move_vy"": 3.5063244249270884, ""kick_power"": 0.0, ""kick_dir"": null}, {""move_vx"": -4.1012193308819755, ""move_vy"": 4.1012193308819755, ""kick_power"": 0.0, ""kick_dir"": null}, {""move_vx"": 5.37457285726644, ""move_vy"": 0.5234181902980231, ""kick_power"": 0.0, ""kick_dir"": null}, {""move_vx"": 5.1082797380069005, ""move_vy"": -1.7508506841727398, ""kick_power"": 0.0, ""kick_dir"": null}, {""move_vx"": 4.1012193308819755, ""move_vy"": -4.1012193308819755, ""kick_power"": 0.0, ""kick_dir"": null}, {""move_vx"": 0.0, ""move_vy"": 0.0, ""kick_power"": 0.4, ""kick_dir"": [-0.8503635812794187, 0.5261954280558832]}, {""move_vx"": 6.0, ""move_vy"": 0.0, ""kick_power"": 0.0, ""kick_dir"": null}, {""move_vx"": 0.0, ""move_vy"": 6.0, ""kick_power"": 0.0, ""kick_dir"": null}, {""move_vx"": 4.313351365237939, ""move_vy"": 4.313351365237939, ""kick_power"": 0.0, ""kick_dir"": null}, {""move_vx"": 4.242640687119285, ""move_vy"": 4.242640687119285, ""kick_power"": 0.0, ""kick_dir"": null}, {""move_vx"": 5.865313701108778, ""move_vy"": 1.2641578966195857, ""kick_power"": 0.0, ""kick_dir"": null}, {""move_vx"": -0.0, ""move_vy"": 0.0, ""kick_power"": 0.0, ""kick_dir"": null}, {""move_vx"": 5.8, ""move_vy"": 0.0, ""kick_power"": 0.0, ""kick_dir"": null}, {""move_vx"": -6.323242892957625, ""move_vy"": 1.4166860331989197, ""kick_power"": 0.0, ""kick_dir"": null}, {""move_vx"": -5.2584225396734805, ""move_vy"": -1.2284105153628024, ""kick_power"": 0.0, ""kick_dir"": null}, {""move_vx"": 4.655800938841267, ""move_vy"": 1.6212395313107706, ""kick_power"": 0.0, ""kick_dir"": null}, {""move_vx"": -5.538680985508524, ""move_vy"": 2.3071655642294786, ""kick_power"": 0.0, ""kick_dir"": null}, {""move_vx"": -0.0, ""move_vy"": 0.0, ""kick_power"": 0.0, ""kick_dir"": null}, {""move_vx"": -6.0, ""move_vy"": 0.0, ""kick_power"": 0.0, ""kick_dir"": null}, {""move_vx"": -5.688581922342111, ""move_vy"": 2.932581748699009, ""kick_power"": 0.0, ""kick_dir"": null}, {""move_vx"": -4.454772721475213, ""move_vy"": 4.454772721475288, ""kick_power"": 0.0, ""kick_dir"": null}, {""move_vx"": -0.0, ""move_vy"": 0.0, ""kick_power"": 0.65, ""kick_dir"": [0.35012656382805096, -0.9367023235228416]}]"
1088,82,default,default,0,20.986136254734564,40.06315775706955,20,B,,0.2301509531779111,-0.04481634400811784,0.4435566364233366,"[{""move_vx"": 5.358727900143344, ""move_vy"": 3.678863315240905, ""kick_power"": 0.0, ""kick_dir"": null}, {""move_vx"": -4.1012193308819755, ""move_vy"": 4.1012193308819755, ""kick_power"": 0.0, ""kick_dir"": null}, {""move_vx"": 0.0, ""move_vy"": 0.0, ""kick_power"": 0.0, ""kick_dir"": null}, {""move_vx"": 5.108279738006901, ""move_vy"": -1.7508506841727398, ""kick_power"": 0.0, ""kick_dir"": null}, {""move_vx"": 4.1012193308819755, ""move_vy"": -4.1012193308819755, ""kick_power"": 0.0, ""kick_dir"": null}, {""move_vx"": 0.0, ""move_vy"": 0.0, ""kick_power"": 0.4, ""kick_dir"": [-0.8413758980003259, 0.5404502232558305]}, {""move_vx"": 6.0, ""move_vy"": 0.0, ""kick_power"": 0.0, ""kick_dir"": null}, {""move_vx"": 0.0, ""move_vy"": 6.0, ""kick_power"": 0.0, ""kick_dir"": null}, {""move_vx"": 0.0, ""move_vy"": 0.0, ""kick_power"": 0.4, ""kick_dir"": [-0.9858149310218945, -0.16783565734755396]}, {""move_vx"": 4.242640687119285, ""move_vy"": 4.242640687119285, ""kick_power"": 0.0, ""kick_dir"": null}, {""move_vx"": 5.865313701108777, ""move_vy"": 1.2641578966195863, ""kick_power"": 0.0, ""kick_dir"": null}, {""move_vx"": -0.0, ""move_vy"": 0.0, ""kick_power"": 0.0, ""kick_dir"": null}, {""move_vx"": -4.1012193308819755, ""move_vy"": 4.1012193308819755, ""kick_power"": 0.0, ""kick_dir"": null}, {""move_vx"": -6.31484507686154, ""move_vy"": 1.453661465141586, ""kick_power"": 0.0, ""kick_dir"": null}, {""move_vx"": -5.2584225396734805, ""move_vy"": -1.2284105153628024, ""kick_power"": 0.0, ""kick_dir"": null}, {""move_vx"": 4.655800938841265, ""move_vy"": 1.6212395313107764, ""kick_power"": 0.0, ""kick_dir"": null}, {""move_vx"": -5.534970086963348, ""move_vy"": 2.3160540011884327, ""kick_power"": 0.0, ""kick_dir"": null}, {""move_vx"": -0.0, ""move_vy"": 0.0, ""kick_power"": 0.0, ""kick_dir"": null}, {""move_vx"": -6.0, ""move_vy"": 0.0, ""kick_power"": 0.0, ""kick_dir"": null}, {""move_vx"": -0.0, ""move_vy"": 0.0, ""kick_power"": 0.7, ""kick_dir"": [-0.999663461669953, 0.025940623402656942]}, {""move_vx"": -4.454772721475176, ""move_vy"": 4.454772721475325, ""kick_power"": 0.0, ""kick_dir"": null}, {""move_vx"": -4.897901173692283, ""move_vy"": -4.119534450971829, ""kick_power"": 0.0, ""kick_dir"": null}]"
1088,83,default,default,0,20.689151406636217,40.36014260516791,20,B,,0.23392926841723483,-0.0498466750070465,0.44167352870838106,"[{""move_vx"": 5.23302387814278, ""move_vy"": 3.8555753255237413, ""kick_power"": 0.0, ""kick_dir"": null}, {""move_vx"": -4.1012193308819755, ""move_vy"": 4.1012193308819755, ""kick_power"": 0.0, ""kick_dir"": null}, {""move_vx"": 0.0, ""move_vy"": 0.0, ""kick_power"": 0.0, ""kick_dir"": null}, {""move_vx"": 5.108279738006901, ""move_vy"": -1.7508506841727391, ""kick_power"": 0.0, ""kick_dir"": null}, {""move_vx"": 4.1012193308819755, ""move_vy"": -4.1012193308819755, ""kick_power"": 0.0, ""kick_dir"": null}, {""move_vx"": 0.0, ""move_vy"": 0.0, ""kick_power"": 0.4, ""kick_dir"": [-0.8491562584602197, 0.5281415496548084]}, {""move_vx"": 6.0, ""move_vy"": 0.0, ""kick_power"": 0.0, ""kick_dir"": null}, {""move_vx"": 0.0, ""move_vy"": 6.0, ""kick_power"": 0.0, ""kick_dir"": null}, {""move_vx"": 4.313351365237939, ""move_vy"": 4.313351365237939, ""kick_power"": 0.0, ""kick_dir"": null}, {""move_vx"": 4.242640687119285, ""move_vy"": 4.242640687119285, ""kick_power"": 0.0, ""kick_dir"": null}, {""move_vx"": 5.865313701108777, ""move_vy"": 1.2641578966195872, ""kick_power"": 0.0, ""kick_dir"": null}, {""move_vx"": -0.0, ""move_vy"": 0.0, ""kick_power"": 0.0, ""kick_dir"": null}, {""move_vx"": -0.0, ""move_vy"": 0.0, ""kick_power"": 0.9, ""kick_dir"": [-0.3011139846351354, 0.9535880913513167]}, {""move_vx"": -6.30629473086098, ""move_vy"": 1.4903176733552637, ""kick_power"": 0.0, ""kick_dir"": null}, {""move_vx"": -5.2584225396734805, ""move_vy"": -1.2284105153628027, ""kick_power"": 0.0, ""kick_dir"": null}, {""move_vx"": 4.655800938841264, ""move_vy"": 1.621239531310783, ""kick_power"": 0.0, ""kick_dir"": null}, {""move_vx"": -5.527423397044551, ""move_vy"": 2.33400740997206, ""kick_power"": 0.0, ""kick_dir"": null}, {""move_vx"": -0.0, ""move_vy"": 0.0, ""kick_power"": 0.0, ""kick_dir"": null}, {""move_vx"": -6.0, ""move_vy"": 0.0, ""kick_power"": 0.0, ""kick_dir"": null}, {""move_vx"": -5.688581922342111, ""move_vy"": 2.9325817486990085, ""kick_power"": 0.0, ""kick_dir"": null}, {""move_vx"": -4.454772721475176, ""move_vy"": 4.454772721475325, ""kick_power"": 0.0, ""kick_dir"": null}, {""move_vx"": -0.0, ""move_vy"": 0.0, ""kick_power"": 0.65, ""kick_dir"": [0.37781750632114325, -0.9258800051981594]}]"
1088,84,default,default,0,20.40630869416159,40.64298531764252,20,B,,0.23755734661234804,-0.04847800664490948,0.4468801510541319,"[{""move_vx"": 5.09516884110866, ""move_vy"": 4.035994856363848, ""kick_power"": 0.0, ""kick_dir"": null}, {""move_vx"": -4.1012193308819755, ""move_vy"": 4.1012193308819755, ""kick_power"": 0.0, ""kick_dir"": null}, {""move_vx"": 5.361900400725231, ""move_vy"": 0.6403312367069155, ""kick_power"": 0.0, ""kick_dir"": null}, {""move_vx"": 5.1082797380069005, ""move_vy"": -1.750850684172739, ""kick_power"": 0.0, ""kick_dir"": null}, {""move_vx"": 4.1012193308819755, ""move_vy"": -4.1012193308819755, ""kick_power"": 0.0, ""kick_dir"": null}, {""move_vx"": 0.0, ""move_vy"": 0.0, ""kick_power"": 0.4, ""kick_dir"": [-0.8565032639354069, 0.5161414620071162]}, {""move_vx"": 0.0, ""move_vy"": 0.0, ""kick_power"": 0.9, ""kick_dir"": [0.9457890749370967, -0.32478090719147984]}, {""move_vx"": 0.0, ""move_vy"": 6.0, ""kick_power"": 0.0, ""kick_dir"": null}, {""move_vx"": 0.0, ""move_vy"": 0.0, ""kick_power"": 0.4, ""kick_dir"": [-0.983391350495969, -0.1814974918581839]}, {""move_vx"": 4.242640687119285, ""move_vy"": 4.242640687119285, ""kick_power"": 0.0, ""kick_dir"": null}, {""move_vx"": 5.865313701108778, ""move_vy"": 1.264157896619586, ""kick_power"": 0.0, ""kick_dir"": null}, {""move_vx"": -0.0, ""move_vy"": 0.0, ""kick_power"": 0.0, ""kick_dir"": null}, {""move_vx"": 5.8, ""move_vy"": 0.0, ""kick_power"": 0.0, ""kick_dir"": null}, {""move_vx"": -6.29759708782793, ""move_vy"": 1.526653503379588, ""kick_power"": 0.0, ""kick_dir"": null}, {""move_vx"": -5.256161733820887, ""move_vy"": -1.2380483948202534, ""kick_power"": 0.0, ""kick_dir"": null}, {""move_vx"": 4.655800938841261, ""move_vy"": 1.6212395313107901, ""kick_power"": 0.0, ""kick_dir"": null}, {""move_vx"": -5.519709925708315, ""move_vy"": 2.3521909650445285, ""kick_power"": 0.0, ""kick_dir"": null}, {""move_vx"": -5.471244529390925, ""move_vy"": 1.598587908001891, ""kick_power"": 0.0, ""kick_dir"": null}, {""move_vx"": -6.0, ""move_vy"": 0.0, ""kick_power"": 0.0, ""kick_dir"": null}, {""move_vx"": -5.688581922342111, ""move_vy"": 2.932581748699008, ""kick_power"": 0.0, ""kick_dir"": null}, {""move_vx"": -4.242640687119285, ""move_vy"": 4.242640687119285, ""kick_power"": 0.0, ""kick_dir"": null}, {""move_vx"": -5.435985977006177, ""move_vy"": -1.904640768699494, ""kick_power"": 0.0, ""kick_dir"": null}]"
1088,85,default,default,0,20.109323846063248,40.939970165740874,20,B,,0.24103729522132283,-0.057843500831436835,0.44043120245103773,"[{""move_vx"": 4.951620176744283, ""move_vy"": 4.210873736560967, ""kick_power"": 0.0, ""kick_dir"": null}, {""move_vx"": 5.578897484150082, ""move_vy"": 1.586159784304179, ""kick_power"": 0.0, ""kick_dir"": null}, {""move_vx"": 5.357770683537503, ""move_vy"": 0.6740128356537987, ""kick_power"": 0.0, ""kick_dir"": null}, {""move_vx"": 5.1082797380069005, ""move_vy"": -1.7508506841727383, ""kick_power"": 0.0, ""kick_dir"": null}, {""move_vx"": 4.1012193308819755, ""move_vy"": -4.1012193308819755, ""kick_power"": 0.0, ""kick_dir"": null}, {""move_vx"": 0.0, ""move_vy"": 0.0, ""kick_power"": 0.4, ""kick_dir"": [-0.847633837316754, 0.5305814965899053]}, {""move_vx"": 6.0, ""move_vy"": 0.0, ""kick_power"": 0.0, ""kick_dir"": null}, {""move_vx"": 0.0, ""move_vy"": 6.0, ""kick_power"": 0.0, ""kick_dir"": null}, {""move_vx"": 0.0, ""move_vy"": 6.1, ""kick_power"": 0.0, ""kick_dir"": null}, {""move_vx"": 4.242640687119285, ""move_vy"": 4.242640687119285, ""kick_power"": 0.0, ""kick_dir"": null}, {""move_vx"": 5.865313701108777, ""move_vy"": 1.264157896619587, ""kick_power"": 0.0, ""kick_dir"": null}, {""move_vx"": -0.0, ""move_vy"": 0.0, ""kick_power"": 0.0, ""kick_dir"": null}, {""move_vx"": 5.8, ""move_vy"": 0.0, ""kick_power"": 0.0, ""kick_dir"": null}, {""move_vx"": -6.28917914167984, ""move_vy"": 1.5609694820396787, ""kick_power"": 0.0, ""kick_dir"": null}, {""move_vx"": -5.254311591131409, ""move_vy"": -1.2458770819395188, ""kick_power"": 0.0, ""kick_dir"": null}, {""move_vx"": 4.655800938841258, ""move_vy"": 1.6212395313107988, ""kick_power"": 0.0, ""kick_dir"": null}, {""move_vx"": -5.5118253252511815, ""move_vy"": 2.37060785114698, ""kick_power"": 0.0, ""kick_dir"": null}, {""move_vx"": -5.461057652212309, ""move_vy"": 1.63304908659029, ""kick_power"": 0.0, ""kick_dir"": null}, {""move_vx"": -0.0, ""move_vy"": 0.0, ""kick_power"": 0.4, ""kick_dir"": [0.9999663827332255, -0.008192792075937533]}, {""move_vx"": -5.688581922342112, ""move_vy"": 2.9325817486990085, ""kick_power"": 0.0, ""kick_dir"": null}, {""move_vx"": -4.454772721475213, ""move_vy"": 4.454772721475288, ""kick_power"": 0.0, ""kick_dir"": null}, {""move_vx"": -0.0, ""move_vy"": 0.0, ""kick_power"": 0.65, ""kick_dir"": [0.3837978802910844, -0.9234170438011523]}]"
1088,86,default,default,0,19.812338997964904,41.236955013839236,20,B,,0.24435329494179395,-0.05912777121377593,0.4408477998178879,"[{""move_vx"": 4.787131363960075, ""move_vy"": 4.396973198029498, ""kick_power"": 0.0, ""kick_dir"": null}, {""move_vx"": 0.0, ""move_vy"": 0.0, ""kick_power"": 0.4, ""kick_dir"": [0.9989926707763339, 0.044873358005253924]}, {""move_vx"": 5.353090025257483, ""move_vy"": 0.7102303721250228, ""kick_power"": 0.0, ""kick_dir"": null}, {""move_vx"": 5.108279738006901, ""move_vy"": -1.7508506841727383, ""kick_power"": 0.0, ""kick_dir"": null}, {""move_vx"": 4.1012193308819755, ""move_vy"": -4.1012193308819755, ""kick_power"": 0.0, ""kick_dir"": null}, {""move_vx"": 0.0, ""move_vy"": 0.0, ""kick_power"": 0.4, ""kick_dir"": [-0.8380412612614236, 0.5456067153056195]}, {""move_vx"": 5.5531700108876985, ""move_vy"": -2.2720701640084804, ""kick_power"": 0.0, ""kick_dir"": null}, {""move_vx"": 0.0, ""move_vy"": 6.0, ""kick_power"": 0.0, ""kick_dir"": null}, {""move_vx"": 0.0, ""move_vy"": 0.0, ""kick_power"": 0.4, ""kick_dir"": [-0.9790911200077476, -0.20342189408662323]}, {""move_vx"": 4.242640687119285, ""move_vy"": 4.242640687119285, ""kick_power"": 0.0, ""kick_dir"": null}, {""move_vx"": 5.865313701108778, ""move_vy"": 1.2641578966195857, ""kick_power"": 0.0, ""kick_dir"": null}, {""move_vx"": -0.0, ""move_vy"": 0.0, ""kick_power"": 0.0, ""kick_dir"": null}, {""move_vx"": 5.8, ""move_vy"": 0.0, ""kick_power"": 0.0, ""kick_dir"": null}, {""move_vx"": -5.4, ""move_vy"": 0.0, ""kick_power"": 0.0, ""kick_dir"": null}, {""move_vx"": -5.252582004706548, ""move_vy"": -1.2531489471858255, ""kick_power"": 0.0, ""kick_dir"": null}, {""move_vx"": 4.655800938841254, ""move_vy"": 1.6212395313108086, ""kick_power"": 0.0, ""kick_dir"": null}, {""move_vx"": -5.503765130293088, ""move_vy"": 2.389261264610867, ""kick_power"": 0.0, ""kick_dir"": null}, {""move_vx"": -5.450251714717503, ""move_vy"": 1.6687588939744735, ""kick_power"": 0.0, ""kick_dir"": null}, {""move_vx"": -0.0, ""move_vy"": 0.0, ""kick_power"": 0.4, ""kick_dir"": [0.9999976828785875, -0.0021271039734755024]}, {""move_vx"": -5.688581922342112, ""move_vy"": 2.932581748699008, ""kick_power"": 0.0, ""kick_dir"": null}, {""move_vx"": -4.454772721475176, ""move_vy"": 4.454772721475325, ""kick_power"": 0.0, ""kick_dir"": null}, {""move_vx"": -0.0, ""move_vy"": 0.0, ""kick_power"": 0.65, ""kick_dir"": [0.3628997160238716, -0.931828118852019]}]"
1088,87,default,default,0,19.52949628549028,41.51979772631385,20,B,,0.24752046969530517,-0.05864302179772281,0.43820378137334426,"[{""move_vx"": 4.6078475817243945, ""move_vy"": 4.584510951409829, ""kick_power"": 0.0, ""kick_dir"": null}, {""move_vx"": 0.0, ""move_vy"": 0.0, ""kick_power"": 0.4, ""kick_dir"": [0.9988985879606338, 0.04692105509540867]}, {""move_vx"": 5.348035256665299, ""move_vy"": 0.747341216222509, ""kick_power"": 0.0, ""kick_dir"": null}, {""move_vx"": 5.108279738006901, ""move_vy"": -1.7508506841727376, ""kick_power"": 0.0, ""kick_dir"": null}, {""move_vx"": 4.1012193308819755, ""move_vy"": -4.1012193308819755, ""kick_power"": 0.0, ""kick_dir"": null}, {""move_vx"": 0.0, ""move_vy"": 0.0, ""kick_power"": 0.4, ""kick_dir"": [-0.8276608003568966, 0.5612285091820218]}, {""move_vx"": 6.0, ""move_vy"": 0.0, ""kick_power"": 0.0, ""kick_dir"": null}, {""move_vx"": 0.0, ""move_vy"": 6.0, ""kick_power"": 0.0, ""kick_dir"": null}, {""move_vx"": 0.0, ""move_vy"": 0.0, ""kick_power"": 0.4, ""kick_dir"": [-0.9790911200077476, -0.20342189408662323]}, {""move_vx"": 4.242640687119285, ""move_vy"": 4.242640687119285, ""kick_power"": 0.0, ""kick_dir"": null}, {""move_vx"": 5.865313701108778, ""move_vy"": 1.2641578966195866, ""kick_power"": 0.0, ""kick_dir"": null}, {""move_vx"": -0.0, ""move_vy"": 0.0, ""kick_power"": 0.0, ""kick_dir"": null}, {""move_vx"": 5.8, ""move_vy"": 0.0, ""kick_power"": 0.0, ""kick_dir"": null}, {""move_vx"": -0.0, ""move_vy"": -5.4, ""kick_power"": 0.0, ""kick_dir"": null}, {""move_vx"": -5.252582004706548, ""move_vy"": -1.253148947185825, ""kick_power"": 0.0, ""kick_dir"": null}, {""move_vx"": 4.655800938841251, ""move_vy"": 1.6212395313108199, ""kick_power"": 0.0, ""kick_dir"": null}, {""move_vx"": -5.495524755216511, ""move_vy"": 2.4081544104983186, ""kick_power"": 0.0, ""kick_dir"": null}, {""move_vx"": -5.439344766277831, ""move_vy"": 1.703974328904623, ""kick_power"": 0.0, ""kick_dir"": null}, {""move_vx"": -0.0, ""move_vy"": 0.0, ""kick_power"": 0.4, ""kick_dir"": [0.9999929679605295, 0.003735799658164167]}, {""move_vx"": -5.688581922342111, ""move_vy"": 2.932581748699008, ""kick_power"": 0.0, ""kick_dir"": null}, {""move_vx"": -4.242640687119285, ""move_vy"": 4.242640687119285, ""kick_power"": 0.0, ""kick_dir"": null}, {""move_vx"": -0.0, ""move_vy"": 0.0, ""kick_power"": 0.65, ""kick_dir"": [0.34115612478386576, -0.9400065652588423]}]"
1088,88,default,default,0,19.232511437391935,41.8167825744122,20,B,,0.2504950648258238,-0.061257411495000295,0.4461885199745807,"[{""move_vx"": 4.422454060723705, ""move_vy"": 4.763601587117506, ""kick_power"": 0.0, ""kick_dir"": null}, {""move_vx"": 0.0, ""move_vy"": 0.0, ""kick_power"": 0.4, ""kick_dir"": [0.9988004599325639, 0.048965453090244596]}, {""move_vx"": 5.342848717390149, ""move_vy"": 0.7835608355976199, ""kick_power"": 0.0, ""kick_dir"": null}, {""move_vx"": 5.108279738006902, ""move_vy"": -1.7508506841727376, ""kick_power"": 0.0, ""kick_dir"": null}, {""move_vx"": 4.1012193308819755, ""move_vy"": -4.1012193308819755, ""kick_power"": 0.0, ""kick_dir"": null}, {""move_vx"": 0.0, ""move_vy"": 0.0, ""kick_power"": 0.4, ""kick_dir"": [-0.8164273552039153, 0.5774480151297178]}, {""move_vx"": 6.0, ""move_vy"": 0.0, ""kick_power"": 0.0, ""kick_dir"": null}, {""move_vx"": 0.0, ""move_vy"": 6.0, ""kick_power"": 0.0, ""kick_dir"": null}, {""move_vx"": 0.0, ""move_vy"": 0.0, ""kick_power"": 0.4, ""kick_dir"": [-0.9790911200077476, -0.20342189408662323]}, {""move_vx"": 4.242640687119285, ""move_vy"": 4.242640687119285, ""kick_power"": 0.0, ""kick_dir"": null}, {""move_vx"": 5.865313701108777, ""move_vy"": 1.2641578966195874, ""kick_power"": 0.0, ""kick_dir"": null}, {""move_vx"": -0.0, ""move_vy"": 0.0, ""kick_power"": 0.0, ""kick_dir"": null}, {""move_vx"": -0.0, ""move_vy"": 0.0, ""kick_power"": 0.0, ""kick_dir"": null}, {""move_vx"": -5.90351400084514, ""move_vy"": 0.6573602070595831, ""kick_power"": 0.0, ""kick_dir"": null}, {""move_vx"": -5.252582004706548, ""move_vy"": -1.2531489471858246, ""kick_power"": 0.0, ""kick_dir"": null}, {""move_vx"": 4.655800938841246, ""move_vy"": 1.6212395313108336, ""kick_power"": 0.0, ""kick_dir"": null}, {""move_vx"": -5.487099491626293, ""move_vy"": 2.427290499506491, ""kick_power"": 0.0, ""kick_dir"": null}, {""move_vx"": -5.428867505275525, ""move_vy"": 1.7370658047879153, ""kick_power"": 0.0, ""kick_dir"": null}, {""move_vx"": 6.0, ""move_vy"": 0.0, ""kick_power"": 0.0, ""kick_dir"": null}, {""move_vx"": -8.319965628641235, ""move_vy"": 0.0239152300525439, ""kick_power"": 0.0, ""kick_dir"": null}, {""move_vx"": -4.454772721475213, ""move_vy"": 4.454772721475288, ""kick_power"": 0.0, ""kick_dir"": null}, {""move_vx"": -0.0, ""move_vy"": 0.0, ""kick_power"": 0.65, ""kick_dir"": [0.3185385560201972, -0.9479098215194435]}]"
1088,89,default,default,0,18.93552658929359,42.11376742251056,20,B,,0.24911525844685595,-0.06629939867793888,0.445129828574334,"[{""move_vx"": 0.0, ""move_vy"": 0.0, ""kick_power"": 0.9, ""kick_dir"": [0.9973680082675476, 0.07250523178059436]}, {""move_vx"": 0.0, ""move_vy"": 0.0, ""kick_power"": 0.4, ""kick_dir"": [0.9986983094137248, 0.051006480452191166]}, {""move_vx"": 5.336985580869146, ""move_vy"": 0.8225478159929875, ""kick_power"": 0.0, ""kick_dir"": null}, {""move_vx"": 5.108279738006902, ""move_vy"": -1.7508506841727374, ""kick_power"": 0.0, ""kick_dir"": null}, {""move_vx"": 4.1012193308819755, ""move_vy"": -4.1012193308819755, ""kick_power"": 0.0, ""kick_dir"": null}, {""move_vx"": 0.0, ""move_vy"": 0.0, ""kick_power"": 0.4, ""kick_dir"": [-0.8042765986145832, 0.5942549839083632]}, {""move_vx"": 6.0, ""move_vy"": 0.0, ""kick_power"": 0.0, ""kick_dir"": null}, {""move_vx"": 0.0, ""move_vy"": 6.0, ""kick_power"": 0.0, ""kick_dir"": null}, {""move_vx"": 0.0, ""move_vy"": 0.0, ""kick_power"": 0.4, ""kick_dir"": [-0.9790911200077476, -0.20342189408662323]}, {""move_vx"": 4.242640687119285, ""move_vy"": 4.242640687119285, ""kick_power"": 0.0, ""kick_dir"": null}, {""move_vx"": 5.865313701108778, ""move_vy"": 1.264157896619586, ""kick_power"": 0.0, ""kick_dir"": null}, {""move_vx"": -0.0, ""move_vy"": 0.0, ""kick_power"": 0.0, ""kick_dir"": null}, {""move_vx"": 5.8, ""move_vy"": 0.0, ""kick_power"": 0.0, ""kick_dir"": null}, {""move_vx"": -5.90351400084514, ""move_vy"": 0.6573602070595833, ""kick_power"": 0.0, ""kick_dir"": null}, {""move_vx"": -5.252582004706548, ""move_vy"": -1.2531489471858241, ""kick_power"": 0.0, ""kick_dir"": null}, {""move_vx"": 4.655800938841247, ""move_vy"": 1.6212395313108299, ""kick_power"": 0.0, ""kick_dir"": null}, {""move_vx"": -5.4784845058393135, ""move_vy"": 2.4466727446224947, ""kick_power"": 0.0, ""kick_dir"": null}, {""move_vx"": -5.417779617650843, ""move_vy"": 1.7713452556085982, ""kick_power"": 0.0, ""kick_dir"": null}, {""move_vx"": -0.0, ""move_vy"": 0.0, ""kick_power"": 0.4, ""kick_dir"": [-0.9573691987582668, -0.2888670724102398]}, {""move_vx"": -5.6677185441931, ""move_vy"": 2.9727035681025553, ""kick_power"": 0.0, ""kick_dir"": null}, {""move_vx"": -4.454772721475176, ""move_vy"": 4.454772721475325, ""kick_power"": 0.0, ""kick_dir"": null}, {""move_vx"": -0.0, ""move_vy"": 0.0, ""kick_power"": 0.65, ""kick_dir"": [0.2950152689957337, -0.9554924539897286]}]"
1088,90,default,default,0,18.41671802741804,41.51002072668161,20,B,,0.2558398748716771,-0.0795149220325492,0.44350443275599616,"[{""move_vx"": 0.0, ""move_vy"": 0.0, ""kick_power"": 0.9, ""kick_dir"": [0.6596518353696, -0.7515712736169339]}, {""move_vx"": 0.0, ""move_vy"": 0.0, ""kick_power"": 0.4, ""kick_dir"": [0.9985922152006284, 0.0530430196165676]}, {""move_vx"": 5.330668502185337, ""move_vy"": 0.862538880172446, ""kick_power"": 0.0, ""kick_dir"": null}, {""move_vx"": 5.108279738006901, ""move_vy"": -1.7508506841727367, ""kick_power"": 0.0, ""kick_dir"": null}, {""move_vx"": 4.1012193308819755, ""move_vy"": -4.1012193308819755, ""kick_power"": 0.0, ""kick_dir"": null}, {""move_vx"": 0.0, ""move_vy"": 0.0, ""kick_power"": 0.4, ""kick_dir"": [-0.791132720257772, 0.6116443806197185]}, {""move_vx"": 6.0, ""move_vy"": 0.0, ""kick_power"": 0.0, ""kick_dir"": null}, {""move_vx"": 0.0, ""move_vy"": 6.0, ""kick_power"": 0.0, ""kick_dir"": null}, {""move_vx"": 0.0, ""move_vy"": 0.0, ""kick_power"": 0.4, ""kick_dir"": [-0.9790911200077476, -0.20342189408662323]}, {""move_vx"": 4.242640687119285, ""move_vy"": 4.242640687119285, ""kick_power"": 0.0, ""kick_dir"": null}, {""move_vx"": 5.865313701108778, ""move_vy"": 1.2641578966195872, ""kick_power"": 0.0, ""kick_dir"": null}, {""move_vx"": -3.5355339059327373, ""move_vy"": 3.5355339059327373, ""kick_power"": 0.0, ""kick_dir"": null}, {""move_vx"": 5.8, ""move_vy"": 0.0, ""kick_power"": 0.0, ""kick_dir"": null}, {""move_vx"": -5.90351400084514, ""move_vy"": 0.6573602070595835, ""kick_power"": 0.0, ""kick_dir"": null}, {""move_vx"": -5.252582004706548, ""move_vy"": -1.2531489471858237, ""kick_power"": 0.0, ""kick_dir"": null}, {""move_vx"": 4.6558009388412485, ""move_vy"": 1.6212395313108254, ""kick_power"": 0.0, ""kick_dir"": null}, {""move_vx"": -5.469674836414154, ""move_vy"": 2.4663043575150656, ""kick_power"": 0.0, ""kick_dir"": null}, {""move_vx"": -0.0, ""move_vy"": 0.0, ""kick_power"": 0.6, ""kick_dir"": [-0.9997265118292213, -0.02338490342713736]}, {""move_vx"": -0.0, ""move_vy"": 0.0, ""kick_power"": 0.4, ""kick_dir"": [0.999787276322997, 0.02062273735115009]}, {""move_vx"": -8.319980932922011, ""move_vy"": -0.017812237764438583, ""kick_power"": 0.0, ""kick_dir"": null}, {""move_vx"": -5.304783547054534, ""move_vy"": -1.0095897775331988, ""kick_power"": 0.0, ""kick_dir"": null}, {""move_vx"": -0.0, ""move_vy"": 0.0, ""kick_power"": 0.65, ""kick_dir"": [0.27056732944059214, -0.9627009691252241]}]"
1088,91,default,default,0,18.067796066367734,41.41943241973878,20,B,,0.25983338750685975,-0.06374225918661432,0.4619004390109841,"[{""move_vx"": 5.2473352203871055, ""move_vy"": 0.16725156168182234, ""kick_power"": 0.0, ""kick_dir"": null}, {""move_vx"": 0.0, ""move_vy"": 0.0, ""kick_power"": 0.0, ""kick_dir"": null}, {""move_vx"": 0.0, ""move_vy"": 0.0, ""kick_power"": 0.0, ""kick_dir"": null}, {""move_vx"": 5.4, ""move_vy"": 0.0, ""kick_power"": 0.0, ""kick_dir"": null}, {""move_vx"": 4.1012193308819755, ""move_vy"": -4.1012193308819755, ""kick_power"": 0.0, ""kick_dir"": null}, {""move_vx"": 0.0, ""move_vy"": 0.0, ""kick_power"": 0.4, ""kick_dir"": [-0.7822602522805804, 0.6229516221969578]}, {""move_vx"": 6.0, ""move_vy"": 0.0, ""kick_power"": 0.0, ""kick_dir"": null}, {""move_vx"": 0.0, ""move_vy"": 6.0, ""kick_power"": 0.0, ""kick_dir"": null}, {""move_vx"": 4.313351365237939, ""move_vy"": 4.313351365237939, ""kick_power"": 0.0, ""kick_dir"": null}, {""move_vx"": 4.242640687119285, ""move_vy"": 4.242640687119285, ""kick_power"": 0.0, ""kick_dir"": null}, {""move_vx"": 5.865313701108777, ""move_vy"": 1.2641578966195857, ""kick_power"": 0.0, ""kick_dir"": null}, {""move_vx"": -0.0, ""move_vy"": 0.0, ""kick_power"": 0.0, ""kick_dir"": null}, {""move_vx"": -5.8, ""move_vy"": 0.0, ""kick_power"": 0.0, ""kick_dir"": null}, {""move_vx"": -5.90351400084514, ""move_vy"": 0.6573602070595838, ""kick_power"": 0.0, ""kick_dir"": null}, {""move_vx"": -5.252582004706548, ""move_vy"": -1.2531489471858233, ""kick_power"": 0.0, ""kick_dir"": null}, {""move_vx"": 4.655800938841241, ""move_vy"": 1.6212395313108452, ""kick_power"": 0.0, ""kick_dir"": null}, {""move_vx"": -5.460665391731857, ""move_vy"": 2.4861885446486074, ""kick_power"": 0.0, ""kick_dir"": null}, {""move_vx"": -5.4483405915459056, ""move_vy"": 1.6749879995131918, ""kick_power"": 0.0, ""kick_dir"": null}, {""move_vx"": -0.0, ""move_vy"": 0.0, ""kick_power"": 0.4, ""kick_dir"": [0.9996654534431098, 0.02586267727715346]}, {""move_vx"": -8.319933532466846, ""move_vy"": -0.03325680883311041, ""kick_power"": 0.0, ""kick_dir"": null}, {""move_vx"": -5.278175747817053, ""move_vy"": -1.1405528375116618, ""kick_power"": 0.0, ""kick_dir"": null}, {""move_vx"": -4.885475103105918, ""move_vy"": -4.134263297968844, ""kick_power"": 0.0, ""kick_dir"": null}]"
1088,92,default,default,0,17.716070863956794,41.34268797642708,20,B,,0.263519918065419,-0.06149930972902629,0.4520541148317867,"[{""move_vx"": 4.973769599412336, ""move_vy"": 0.5114840876915544, ""kick_power"": 0.0, ""kick_dir"": null}, {""move_vx"": 0.0, ""move_vy"": 0.0, ""kick_power"": 0.4, ""kick_dir"": [0.998363580431025, 0.057185096731561774]}, {""move_vx"": 0.0, ""move_vy"": 0.0, ""kick_power"": 0.0, ""kick_dir"": null}, {""move_vx"": 5.4, ""move_vy"": 0.0, ""kick_power"": 0.0, ""kick_dir"": null}, {""move_vx"": 4.1012193308819755, ""move_vy"": -4.1012193308819755, ""kick_power"": 0.0, ""kick_dir"": null}, {""move_vx"": 0.0, ""move_vy"": 0.0, ""kick_power"": 0.4, ""kick_dir"": [-0.7967246232786275, 0.6043423724985477]}, {""move_vx"": 6.0, ""move_vy"": 0.0, ""kick_power"": 0.0, ""kick_dir"": null}, {""move_vx"": 0.0, ""move_vy"": 6.0, ""kick_power"": 0.0, ""kick_dir"": null}, {""move_vx"": 0.0, ""move_vy"": 0.0, ""kick_power"": 0.4, ""kick_dir"": [-0.9763467740818419, -0.2162102372213236]}, {""move_vx"": 4.242640687119285, ""move_vy"": 4.242640687119285, ""kick_power"": 0.0, ""kick_dir"": null}, {""move_vx"": 5.865313701108777, ""move_vy"": 1.2641578966195866, ""kick_power"": 0.0, ""kick_dir"": null}, {""move_vx"": -4.497453646326259, ""move_vy"": -0.15136280635159682, ""kick_power"": 0.0, ""kick_dir"": null}, {""move_vx"": -0.0, ""move_vy"": 0.0, ""kick_power"": 0.9, ""kick_dir"": [-0.5520738997465527, 0.8337951191902444]}, {""move_vx"": -0.0, ""move_vy"": 0.0, ""kick_power"": 0.4, ""kick_dir"": [0.9386412390197466, 0.34489469303068016]}, {""move_vx"": -5.252582004706548, ""move_vy"": -1.2531489471858226, ""kick_power"": 0.0, ""kick_dir"": null}, {""move_vx"": 4.655800938841243, ""move_vy"": 1.6212395313108419, ""kick_power"": 0.0, ""kick_dir"": null}, {""move_vx"": -5.451450947639946, ""move_vy"": 2.5063285031047964, ""kick_power"": 0.0, ""kick_dir"": null}, {""move_vx"": -5.458567354655807, ""move_vy"": 1.6413538420114948, ""kick_power"": 0.0, ""kick_dir"": null}, {""move_vx"": -0.0, ""move_vy"": 0.0, ""kick_power"": 0.4, ""kick_dir"": [0.9995213331063116, 0.030935468127834053]}, {""move_vx"": -8.319872645773302, ""move_vy"": -0.046034314518270836, ""kick_power"": 0.0, ""kick_dir"": null}, {""move_vx"": -5.27731410594721, ""move_vy"": -1.1445330170731667, ""kick_power"": 0.0, ""kick_dir"": null}, {""move_vx"": -0.0, ""move_vy"": 0.0, ""kick_power"": 0.65, ""kick_dir"": [0.2761686624813186, -0.9611090990335978]}]"
1088,93,default,default,0,17.3642546872903,41.26636381150233,20,B,,0.2667649933448536,-0.06737547867190241,0.4627203992901438,"[{""move_vx"": 5.247380398871005, ""move_vy"": 0.16582807224465204, ""kick_power"": 0.0, ""kick_dir"": null}, {""move_vx"": 0.0, ""move_vy"": 0.0, ""kick_power"": 0.4, ""kick_dir"": [0.9982406542526231, 0.059292243431137176]}, {""move_vx"": 0.0, ""move_vy"": 0.0, ""kick_power"": 0.0, ""kick_dir"": null}, {""move_vx"": 5.4, ""move_vy"": 0.0, ""kick_power"": 0.0, ""kick_dir"": null}, {""move_vx"": 4.1012193308819755, ""move_vy"": -4.1012193308819755, ""kick_power"": 0.0, ""kick_dir"": null}, {""move_vx"": 0.0, ""move_vy"": -6.1, ""kick_power"": 0.0, ""kick_dir"": null}, {""move_vx"": 6.0, ""move_vy"": 0.0, ""kick_power"": 0.0, ""kick_dir"": null}, {""move_vx"": 0.0, ""move_vy"": 6.0, ""kick_power"": 0.0, ""kick_dir"": null}, {""move_vx"": 4.313351365237939, ""move_vy"": 4.313351365237939, ""kick_power"": 0.0, ""kick_dir"": null}, {""move_vx"": 4.242640687119285, ""move_vy"": 4.242640687119285, ""kick_power"": 0.0, ""kick_dir"": null}, {""move_vx"": 5.865313701108777, ""move_vy"": 1.2641578966195877, ""kick_power"": 0.0, ""kick_dir"": null}, {""move_vx"": -4.497466490932571, ""move_vy"": -0.15098067074519597, ""kick_power"": 0.0, ""kick_dir"": null}, {""move_vx"": -0.0, ""move_vy"": 0.0, ""kick_power"": 0.9, ""kick_dir"": [-0.5483419052243542, 0.8362541744619939]}, {""move_vx"": -5.90424850276659, ""move_vy"": 0.6507300650642301, ""kick_power"": 0.0, ""kick_dir"": null}, {""move_vx"": -5.252582004706549, ""move_vy"": -1.2531489471858221, ""kick_power"": 0.0, ""kick_dir"": null}, {""move_vx"": 4.655800938841244, ""move_vy"": 1.6212395313108368, ""kick_power"": 0.0, ""kick_dir"": null}, {""move_vx"": -5.44202614517299, ""move_vy"": 2.526727416096481, ""kick_power"": 0.0, ""kick_dir"": null}, {""move_vx"": -5.4678531489338225, ""move_vy"": 1.6101496643773436, ""kick_power"": 0.0, ""kick_dir"": null}, {""move_vx"": -0.0, ""move_vy"": 0.0, ""kick_power"": 0.4, ""kick_dir"": [0.9993571820942351, 0.035848608202645106]}, {""move_vx"": -5.750497506003293, ""move_vy"": 0.3307241047307012, ""kick_power"": 0.0, ""kick_dir"": null}, {""move_vx"": -5.277287309966022, ""move_vy"": -1.1446565633724313, ""kick_power"": 0.0, ""kick_dir"": null}, {""move_vx"": -4.885475103105918, ""move_vy"": -4.134263297968845, ""kick_power"": 0.0, ""kick_dir"": null}]"
1088,94,default,default,0,17.012435683988095,41.19005267918365,20,B,,0.2695764498471016,-0.06308312828173028,0.4660886066723918,"[{""move_vx"": 5.247380398871004, ""move_vy"": 0.16582807224465168, ""kick_power"": 0.0, ""kick_dir"": null}, {""move_vx"": 0.0, ""move_vy"": 0.0, ""kick_power"": 0.4, ""kick_dir"": [0.998112122249894, 0.06141795556513706]}, {""move_vx"": 0.0, ""move_vy"": 0.0, ""kick_power"": 0.0, ""kick_dir"": null}, {""move_vx"": 5.4, ""move_vy"": 0.0, ""kick_power"": 0.0, ""kick_dir"": null}, {""move_vx"": 4.1012193308819755, ""move_vy"": -4.1012193308819755, ""kick_power"": 0.0, ""kick_dir"": null}, {""move_vx"": 0.0, ""move_vy"": 0.0, ""kick_power"": 0.4, ""kick_dir"": [-0.8028182611394766, 0.5962236799281118]}, {""move_vx"": 6.0, ""move_vy"": 0.0, ""kick_power"": 0.0, ""kick_dir"": null}, {""move_vx"": 0.0, ""move_vy"": 6.0, ""kick_power"": 0.0, ""kick_dir"": null}, {""move_vx"": 0.0, ""move_vy"": 0.0, ""kick_power"": 0.4, ""kick_dir"": [-0.973523884797172, -0.22858507673280698]}, {""move_vx"": 4.242640687119285, ""move_vy"": 4.242640687119285, ""kick_power"": 0.0, ""kick_dir"": null}, {""move_vx"": 5.865313701108779, ""move_vy"": 1.2641578966195863, ""kick_power"": 0.0, ""kick_dir"": null}, {""move_vx"": -4.497479278907758, ""move_vy"": -0.1505992556268215, ""kick_power"": 0.0, ""kick_dir"": null}, {""move_vx"": -0.0, ""move_vy"": 0.0, ""kick_power"": 0.9, ""kick_dir"": [-0.569562481688362, 0.8219479720751353]}, {""move_vx"": -5.90424850276659, ""move_vy"": 0.65073006506423, ""kick_power"": 0.0, ""kick_dir"": null}, {""move_vx"": -5.25258200470655, ""move_vy"": -1.2531489471858217, ""kick_power"": 0.0, ""kick_dir"": null}, {""move_vx"": 4.655800938841248, ""move_vy"": 1.6212395313108299, ""kick_power"": 0.0, ""kick_dir"": null}, {""move_vx"": -5.432385488364224, ""move_vy"": 2.5473884481581903, ""kick_power"": 0.0, ""kick_dir"": null}, {""move_vx"": -5.476866720466662, ""move_vy"": 1.5792184542503154, ""kick_power"": 0.0, ""kick_dir"": null}, {""move_vx"": -0.0, ""move_vy"": 0.0, ""kick_power"": 0.4, ""kick_dir"": [0.9991750579199004, 0.040609177384317297]}, {""move_vx"": -8.319766043070361, ""move_vy"": -0.06239381839054159, ""kick_power"": 0.0, ""kick_dir"": null}, {""move_vx"": -5.27728646230366, ""move_vy"": -1.14466047140037, ""kick_power"": 0.0, ""kick_dir"": null}, {""move_vx"": -4.885475103105918, ""move_vy"": -4.134263297968845, ""kick_power"": 0.0, ""kick_dir"": null}]"
1088,95,default,default,0,16.660616591360238,41.11374195868833,20,B,,0.27187719505180286,-0.06636549782500946,0.4741403757666315,"[{""move_vx"": 5.247380398871005, ""move_vy"": 0.16582807224465135, ""kick_power"": 0.0, ""kick_dir"": null}, {""move_vx"": 0.0, ""move_vy"": 0.0, ""kick_power"": 0.4, ""kick_dir"": [0.9979778498600058, 0.06356244921818163]}, {""move_vx"": 0.0, ""move_vy"": 0.0, ""kick_power"": 0.0, ""kick_dir"": null}, {""move_vx"": 3.8183766184073566, ""move_vy"": 3.8183766184073566, ""kick_power"": 0.0, ""kick_dir"": null}, {""move_vx"": 4.1012193308819755, ""move_vy"": -4.1012193308819755, ""kick_power"": 0.0, ""kick_dir"": null}, {""move_vx"": 0.0, ""move_vy"": 0.0, ""kick_power"": 0.4, ""kick_dir"": [-0.8130104883459791, 0.582248903036035]}, {""move_vx"": 6.0, ""move_vy"": 0.0, ""kick_power"": 0.0, ""kick_dir"": null}, {""move_vx"": 0.0, ""move_vy"": 6.0, ""kick_power"": 0.0, ""kick_dir"": null}, {""move_vx"": 4.313351365237939, ""move_vy"": 4.313351365237939, ""kick_power"": 0.0, ""kick_dir"": null}, {""move_vx"": 4.242640687119285, ""move_vy"": 4.242640687119285, ""kick_power"": 0.0, ""kick_dir"": null}, {""move_vx"": 5.865313701108777, ""move_vy"": 1.264157896619587, ""kick_power"": 0.0, ""kick_dir"": null}, {""move_vx"": -4.497492010464985, ""move_vy"": -0.15021856011700369, ""kick_power"": 0.0, ""kick_dir"": null}, {""move_vx"": -0.0, ""move_vy"": 0.0, ""kick_power"": 0.9, ""kick_dir"": [-0.5903900553203651, 0.8071180037713122]}, {""move_vx"": -5.90424850276659, ""move_vy"": 0.65073006506423, ""kick_power"": 0.0, ""kick_dir"": null}, {""move_vx"": -5.252582004706549, ""move_vy"": -1.253148947185821, ""kick_power"": 0.0, ""kick_dir"": null}, {""move_vx"": -0.0, ""move_vy"": 0.0, ""kick_power"": 0.6, ""kick_dir"": [-0.9731842070467829, -0.2300271182036676]}, {""move_vx"": -5.422523342163982, ""move_vy"": 2.5683147399971773, ""kick_power"": 0.0, ""kick_dir"": null}, {""move_vx"": -5.4856318324157, ""move_vy"": 1.5484971421308997, ""kick_power"": 0.0, ""kick_dir"": null}, {""move_vx"": -0.0, ""move_vy"": 0.0, ""kick_power"": 0.4, ""kick_dir"": [0.9989768291986644, 0.04522386405464127]}, {""move_vx"": -8.319728814974235, ""move_vy"": -0.06717473697305702, ""kick_power"": 0.0, ""kick_dir"": null}, {""move_vx"": -5.2772864349714625, ""move_vy"": -1.1446605974113873, ""kick_power"": 0.0, ""kick_dir"": null}, {""move_vx"": -4.885475103105918, ""move_vy"": -4.134263297968845, ""kick_power"": 0.0, ""kick_dir"": null}]"
1088,96,default,default,0,16.30879749585524,41.037431251457654,20,B,,0.2735844152510653,-0.07325140329473463,0.46799837466471905,"[{""move_vx"": 5.247380398871004, ""move_vy"": 0.165828072244651, ""kick_power"": 0.0, ""kick_dir"": null}, {""move_vx"": 0.0, ""move_vy"": 0.0, ""kick_power"": 0.4, ""kick_dir"": [0.997837698237156, 0.0657259587382115]}, {""move_vx"": 5.2200929709319315, ""move_vy"": -1.3822551771749845, ""kick_power"": 0.0, ""kick_dir"": null}, {""move_vx"": 3.8183766184073566, ""move_vy"": 3.8183766184073566, ""kick_power"": 0.0, ""kick_dir"": null}, {""move_vx"": 4.1012193308819755, ""move_vy"": -4.1012193308819755, ""kick_power"": 0.0, ""kick_dir"": null}, {""move_vx"": 0.0, ""move_vy"": 0.0, ""kick_power"": 0.4, ""kick_dir"": [-0.8219818682751596, 0.5695135203210497]}, {""move_vx"": 6.0, ""move_vy"": 0.0, ""kick_power"": 0.0, ""kick_dir"": null}, {""move_vx"": 0.0, ""move_vy"": 6.0, ""kick_power"": 0.0, ""kick_dir"": null}, {""move_vx"": 4.313351365237939, ""move_vy"": 4.313351365237939, ""kick_power"": 0.0, ""kick_dir"": null}, {""move_vx"": 4.242640687119285, ""move_vy"": 4.242640687119285, ""kick_power"": 0.0, ""kick_dir"": null}, {""move_vx"": 5.865313701108777, ""move_vy"": 1.2641578966195857, ""kick_power"": 0.0, ""kick_dir"": null}, {""move_vx"": -4.4975046858167556, ""move_vy"": -0.14983858333662486, ""kick_power"": 0.0, ""kick_dir"": null}, {""move_vx"": -0.0, ""move_vy"": 0.0, ""kick_power"": 0.9, ""kick_dir"": [-0.27761031638054623, 0.9606937049552001]}, {""move_vx"": -5.904248502766589, ""move_vy"": 0.65073006506423, ""kick_power"": 0.0, ""kick_dir"": null}, {""move_vx"": -5.25258200470655, ""move_vy"": -1.2531489471858204, ""kick_power"": 0.0, ""kick_dir"": null}, {""move_vx"": 4.678290797601283, ""move_vy"": 1.5551511865664858, ""kick_power"": 0.0, ""kick_dir"": null}, {""move_vx"": -5.4124339304820825, ""move_vy"": 2.589509402988581, ""kick_power"": 0.0, ""kick_dir"": null}, {""move_vx"": -5.494153071330917, ""move_vy"": 1.5179861754261936, ""kick_power"": 0.0, ""kick_dir"": null}, {""move_vx"": -0.0, ""move_vy"": 0.0, ""kick_power"": 0.4, ""kick_dir"": [0.9991188530638108, 0.04196926514847104]}, {""move_vx"": -5.679582439414173, ""move_vy"": 0.9591367545340725, ""kick_power"": 0.0, ""kick_dir"": null}, {""move_vx"": -5.277286434072773, ""move_vy"": -1.1446606015546585, ""kick_power"": 0.0, ""kick_dir"": null}, {""move_vx"": -4.885475103105918, ""move_vy"": -4.134263297968844, ""kick_power"": 0.0, ""kick_dir"": null}]"
1088,97,default,default,0,15.956978400255748,40.961120544662634,20,B,,0.2746154941299617,-0.06816177728797647,0.4684152123151299,"[{""move_vx"": 5.247380398871005, ""move_vy"": 0.16582807224465065, ""kick_power"": 0.0, ""kick_dir"": null}, {""move_vx"": 0.0, ""move_vy"": 0.0, ""kick_power"": 0.4, ""kick_dir"": [0.9976915248550231, 0.06790872418809443]}, {""move_vx"": 0.0, ""move_vy"": 0.0, ""kick_power"": 0.0, ""kick_dir"": null}, {""move_vx"": 3.8183766184073566, ""move_vy"": 3.8183766184073566, ""kick_power"": 0.0, ""kick_dir"": null}, {""move_vx"": 4.1012193308819755, ""move_vy"": -4.1012193308819755, ""kick_power"": 0.0, ""kick_dir"": null}, {""move_vx"": 0.0, ""move_vy"": 0.0, ""kick_power"": 0.4, ""kick_dir"": [-0.8162661428106982, 0.577675879145631]}, {""move_vx"": 6.0, ""move_vy"": 0.0, ""kick_power"": 0.0, ""kick_dir"": null}, {""move_vx"": 0.0, ""move_vy"": 6.0, ""kick_power"": 0.0, ""kick_dir"": null}, {""move_vx"": 4.313351365237939, ""move_vy"": 4.313351365237939, ""kick_power"": 0.0, ""kick_dir"": null}, {""move_vx"": 4.242640687119285, ""move_vy"": 4.242640687119285, ""kick_power"": 0.0, ""kick_dir"": null}, {""move_vx"": 5.865313701108777, ""move_vy"": 1.2641578966195868, ""kick_power"": 0.0, ""kick_dir"": null}, {""move_vx"": -4.497517305174915, ""move_vy"": -0.14945932440692175, ""kick_power"": 0.0, ""kick_dir"": null}, {""move_vx"": -0.0, ""move_vy"": 0.0, ""kick_power"": 0.9, ""kick_dir"": [-0.3024280525826528, 0.953172153198679]}, {""move_vx"": -6.806419028438636, ""move_vy"": 1.7184469759956114, ""kick_power"": 0.0, ""kick_dir"": null}, {""move_vx"": -5.024607859289821, ""move_vy"": 1.978210266974409, ""kick_power"": 0.0, ""kick_dir"": null}, {""move_vx"": 4.678290797601277, ""move_vy"": 1.5551511865665033, ""kick_power"": 0.0, ""kick_dir"": null}, {""move_vx"": -5.402111334372732, ""move_vy"": 2.6109755132979817, ""kick_power"": 0.0, ""kick_dir"": null}, {""move_vx"": -5.502434447647876, ""move_vy"": 1.487687853461874, ""kick_power"": 0.0, ""kick_dir"": null}, {""move_vx"": -0.0, ""move_vy"": 0.0, ""kick_power"": 0.4, ""kick_dir"": [0.998925584976577, 0.04634197822738068]}, {""move_vx"": -8.319574797216102, ""move_vy"": -0.08411416959488507, ""kick_power"": 0.0, ""kick_dir"": null}, {""move_vx"": -5.2772864340426295, ""move_vy"": -1.1446606016936305, ""kick_power"": 0.0, ""kick_dir"": null}, {""move_vx"": -0.0, ""move_vy"": 0.0, ""kick_power"": 0.65, ""kick_dir"": [0.27115507222472784, -0.9625355725483541]}]"
1088,98,default,default,0,15.605159304653093,40.88480983788221,20,B,,0.2748967175945034,-0.0691480155934511,0.4738940430159739,"[{""move_vx"": 5.247380398871005, ""move_vy"": 0.16582807224465032, ""kick_power"": 0.0, ""kick_dir"": null}, {""move_vx"": 0.0, ""move_vy"": 0.0, ""kick_power"": 0.4, ""kick_dir"": [0.9975391833960903, 0.07011099122547791]}, {""move_vx"": 0.0, ""move_vy"": 0.0, ""kick_power"": 0.0, ""kick_dir"": null}, {""move_vx"": 3.8183766184073566, ""move_vy"": 3.8183766184073566, ""kick_power"": 0.0, ""kick_dir"": null}, {""move_vx"": 4.1012193308819755, ""move_vy"": -4.1012193308819755, ""kick_power"": 0.0, ""kick_dir"": null}, {""move_vx"": 0.0, ""move_vy"": 0.0, ""kick_power"": 0.4, ""kick_dir"": [-0.8248748050377138, 0.5653153064840898]}, {""move_vx"": 6.0, ""move_vy"": 0.0, ""kick_power"": 0.0, ""kick_dir"": null}, {""move_vx"": 0.0, ""move_vy"": 6.0, ""kick_power"": 0.0, ""kick_dir"": null}, {""move_vx"": 4.313351365237939, ""move_vy"": 4.313351365237939, ""kick_power"": 0.0, ""kick_dir"": null}, {""move_vx"": 4.242640687119285, ""move_vy"": 4.242640687119285, ""kick_power"": 0.0, ""kick_dir"": null}, {""move_vx"": 5.865313701108777, ""move_vy"": 1.2641578966195852, ""kick_power"": 0.0, ""kick_dir"": null}, {""move_vx"": -4.497529868750651, ""move_vy"": -0.14908078244948422, ""kick_power"": 0.0, ""kick_dir"": null}, {""move_vx"": -0.0, ""move_vy"": 0.0, ""kick_power"": 0.9, ""kick_dir"": [-0.323007256487218, 0.9463964245850661]}, {""move_vx"": -6.8135008622986435, ""move_vy"": 1.6901496973509893, ""kick_power"": 0.0, ""kick_dir"": null}, {""move_vx"": -5.247704784939249, ""move_vy"": -1.2734184269617386, ""kick_power"": 0.0, ""kick_dir"": null}, {""move_vx"": 4.678290797601266, ""move_vy"": 1.5551511865665362, ""kick_power"": 0.0, ""kick_dir"": null}, {""move_vx"": -5.391549490382021, ""move_vy"": 2.632716105614385, ""kick_power"": 0.0, ""kick_dir"": null}, {""move_vx"": -5.510479960173927, ""move_vy"": 1.457604407417029, ""kick_power"": 0.0, ""kick_dir"": null}, {""move_vx"": -0.0, ""move_vy"": 0.0, ""kick_power"": 0.0, ""kick_dir"": null}, {""move_vx"": -8.319574797216102, ""move_vy"": -0.08411416959488376, ""kick_power"": 0.0, ""kick_dir"": null}, {""move_vx"": -5.277286434041598, ""move_vy"": -1.144660601698389, ""kick_power"": 0.0, ""kick_dir"": null}, {""move_vx"": -4.885475103105918, ""move_vy"": -4.134263297968843, ""kick_power"": 0.0, ""kick_dir"": null}]"
1088,99,default,default,0,15.253340209050325,40.80849913110229,20,B,,0.2743736203558956,-0.07194174360059837,0.47173318443493717,"[{""move_vx"": 5.247380398871004, ""move_vy"": 0.16582807224464996, ""kick_power"": 0.0, ""kick_dir"": null}, {""move_vx"": 0.0, ""move_vy"": 0.0, ""kick_power"": 0.4, ""kick_dir"": [0.9973805236092377, 0.07233301140236247]}, {""move_vx"": 0.0, ""move_vy"": 0.0, ""kick_power"": 0.0, ""kick_dir"": null}, {""move_vx"": 3.8183766184073566, ""move_vy"": 3.8183766184073566, ""kick_power"": 0.0, ""kick_dir"": null}, {""move_vx"": 4.1012193308819755, ""move_vy"": -4.1012193308819755, ""kick_power"": 0.0, ""kick_dir"": null}, {""move_vx"": 5.328938642486485, ""move_vy"": 2.9685708589512028, ""kick_power"": 0.0, ""kick_dir"": null}, {""move_vx"": 6.0, ""move_vy"": 0.0, ""kick_power"": 0.0, ""kick_dir"": null}, {""move_vx"": 0.0, ""move_vy"": 6.0, ""kick_power"": 0.0, ""kick_dir"": null}, {""move_vx"": 4.313351365237939, ""move_vy"": 4.313351365237939, ""kick_power"": 0.0, ""kick_dir"": null}, {""move_vx"": 4.242640687119285, ""move_vy"": 4.242640687119285, ""kick_power"": 0.0, ""kick_dir"": null}, {""move_vx"": 5.865313701108777, ""move_vy"": 1.2641578966195863, ""kick_power"": 0.0, ""kick_dir"": null}, {""move_vx"": -4.497542376754499, ""move_vy"": -0.14870295658625723, ""kick_power"": 0.0, ""kick_dir"": null}, {""move_vx"": -0.0, ""move_vy"": 0.0, ""kick_power"": 0.9, ""kick_dir"": [-0.3486095473341451, 0.9372679776418247]}, {""move_vx"": -6.820432996983088, ""move_vy"": 1.6619547929063188, ""kick_power"": 0.0, ""kick_dir"": null}, {""move_vx"": -5.24770478493925, ""move_vy"": -1.2734184269617383, ""kick_power"": 0.0, ""kick_dir"": null}, {""move_vx"": 4.678290797601239, ""move_vy"": 1.5551511865666188, ""kick_power"": 0.0, ""kick_dir"": null}, {""move_vx"": -5.380742189079702, ""move_vy"": 2.654734166476519, ""kick_power"": 0.0, ""kick_dir"": null}, {""move_vx"": -5.518293610468488, ""move_vy"": 1.4277379411722058, ""kick_power"": 0.0, ""kick_dir"": null}, {""move_vx"": -0.0, ""move_vy"": 0.0, ""kick_power"": 0.4, ""kick_dir"": [0.9985030501445232, 0.05469520083633375]}, {""move_vx"": -8.319574797216104, ""move_vy"": -0.0841141695948824, ""kick_power"": 0.0, ""kick_dir"": null}, {""move_vx"": -5.277286434041562, ""move_vy"": -1.1446606016985534, ""kick_power"": 0.0, ""kick_dir"": null}, {""move_vx"": -0.0, ""move_vy"": 0.0, ""kick_power"": 0.65, ""kick_dir"": [0.24423486036465908, -0.9697160011564072]}]"
1088,100,default,default,0,16.439705368388278,40.935683642402125,20,B,,0.2738356898158108,0.11012826503242469,0.5168104417469562,"[{""move_vx"": 5.247380398871005, ""move_vy"": 0.16582807224464957, ""kick_power"": 0.0, ""kick_dir"": null}, {""move_vx"": 0.0, ""move_vy"": 0.0, ""kick_power"": 0.4, ""kick_dir"": [0.9972153911570822, 0.07457504250798916]}, {""move_vx"": 0.0, ""move_vy"": 5.4, ""kick_power"": 0.0, ""kick_dir"": null}, {""move_vx"": 3.8183766184073566, ""move_vy"": 3.8183766184073566, ""kick_power"": 0.0, ""kick_dir"": null}, {""move_vx"": 4.1012193308819755, ""move_vy"": -4.1012193308819755, ""kick_power"": 0.0, ""kick_dir"": null}, {""move_vx"": 0.0, ""move_vy"": 0.0, ""kick_power"": 0.4, ""kick_dir"": [-0.8535350555806648, 0.5210352722310923]}, {""move_vx"": 6.0, ""move_vy"": 0.0, ""kick_power"": 0.0, ""kick_dir"": null}, {""move_vx"": 0.0, ""move_vy"": 6.0, ""kick_power"": 0.0, ""kick_dir"": null}, {""move_vx"": 4.313351365237939, ""move_vy"": 4.313351365237939, ""kick_power"": 0.0, ""kick_dir"": null}, {""move_vx"": 4.242640687119285, ""move_vy"": 4.242640687119285, ""kick_power"": 0.0, ""kick_dir"": null}, {""move_vx"": 5.865313701108777, ""move_vy"": 1.2641578966195874, ""kick_power"": 0.0, ""kick_dir"": null}, {""move_vx"": -4.497554829396337, ""move_vy"": -0.148325845939544, ""kick_power"": 0.0, ""kick_dir"": null}, {""move_vx"": -0.0, ""move_vy"": 0.0, ""kick_power"": 0.9, ""kick_dir"": [-0.37470452746910327, 0.9271442140972419]}, {""move_vx"": -6.827216742565266, ""move_vy"": 1.6338639937389323, ""kick_power"": 0.0, ""kick_dir"": null}, {""move_vx"": -5.24770478493925, ""move_vy"": -1.273418426961738, ""kick_power"": 0.0, ""kick_dir"": null}, {""move_vx"": 4.67829079760124, ""move_vy"": 1.5551511865666157, ""kick_power"": 0.0, ""kick_dir"": null}, {""move_vx"": -5.369683073798624, ""move_vy"": 2.6770326271752, ""kick_power"": 0.0, ""kick_dir"": null}, {""move_vx"": -5.5258794002333085, ""move_vy"": 1.398090431294471, ""kick_power"": 0.0, ""kick_dir"": null}, {""move_vx"": -0.0, ""move_vy"": 0.0, ""kick_power"": 0.4, ""kick_dir"": [0.9982763951610281, 0.05868685017674198]}, {""move_vx"": -8.319574797216104, ""move_vy"": -0.08411416959488098, ""kick_power"": 0.0, ""kick_dir"": null}, {""move_vx"": -0.0, ""move_vy"": 0.0, ""kick_power"": 0.0, ""kick_dir"": null}, {""move_vx"": -0.0, ""move_vy"": 0.0, ""kick_power"": 0.65, ""kick_dir"": [0.20946823168230042, -0.9778153434419171]}]"
1088,101,default,default,0,14.839705368388278,40.935683642402125,20,B,,0.2724409332684507,-0.21276605407405755,0.4393604453270019,"[{""move_vx"": 2.1935125715910933, ""move_vy"": 4.213193871431961, ""kick_power"": 0.0, ""kick_dir"": null}, {""move_vx"": 0.0, ""move_vy"": 0.0, ""kick_power"": 0.4, ""kick_dir"": [0.9970441176647405, 0.07683098767679472]}, {""move_vx"": -6.793935502637392, ""move_vy"": 1.7671560163163889, ""kick_power"": 0.0, ""kick_dir"": null}, {""move_vx"": 5.4, ""move_vy"": 0.0, ""kick_power"": 0.0, ""kick_dir"": null}, {""move_vx"": 4.1012193308819755, ""move_vy"": -4.1012193308819755, ""kick_power"": 0.0, ""kick_dir"": null}, {""move_vx"": 0.0, ""move_vy"": 0.0, ""kick_power"": 0.4, ""kick_dir"": [-0.8411552604212678, 0.540793561456755]}, {""move_vx"": 5.336169600544114, ""move_vy"": -2.743226930866069, ""kick_power"": 0.0, ""kick_dir"": null}, {""move_vx"": 0.0, ""move_vy"": 6.0, ""kick_power"": 0.0, ""kick_dir"": null}, {""move_vx"": 4.313351365237939, ""move_vy"": 4.313351365237939, ""kick_power"": 0.0, ""kick_dir"": null}, {""move_vx"": 4.242640687119285, ""move_vy"": 4.242640687119285, ""kick_power"": 0.0, ""kick_dir"": null}, {""move_vx"": 0.0, ""move_vy"": 0.0, ""kick_power"": 0.9, ""kick_dir"": [0.7000460574030783, -0.7140976101018978]}, {""move_vx"": -0.0, ""move_vy"": 0.0, ""kick_power"": 0.9, ""kick_dir"": [-0.9575512669316176, 0.2882629727705443]}, {""move_vx"": -0.0, ""move_vy"": 0.0, ""kick_power"": 0.9, ""kick_dir"": [-0.40124033277026655, 0.9159727453822366]}, {""move_vx"": -6.808988774607811, ""move_vy"": 1.708236478730279, ""kick_power"": 0.0, ""kick_dir"": null}, {""move_vx"": -5.24770478493925, ""move_vy"": -1.2734184269617375, ""kick_power"": 0.0, ""kick_dir"": null}, {""move_vx"": -4.678290797601237, ""move_vy"": -1.5551511865666214, ""kick_power"": 0.0, ""kick_dir"": null}, {""move_vx"": -5.358365639606938, ""move_vy"": 2.699614356214556, ""kick_power"": 0.0, ""kick_dir"": null}, {""move_vx"": -5.5051058945060545, ""move_vy"": 1.4777716637812108, ""kick_power"": 0.0, ""kick_dir"": null}, {""move_vx"": -5.262216558236641, ""move_vy"": -2.190679550783297, ""kick_power"": 0.0, ""kick_dir"": null}, {""move_vx"": -8.319574797216104, ""move_vy"": -0.08411416959487952, ""kick_power"": 0.0, ""kick_dir"": null}, {""move_vx"": -6.0, ""move_vy"": 0.0, ""kick_power"": 0.0, ""kick_dir"": null}, {""move_vx"": -0.0, ""move_vy"": 0.0, ""kick_power"": 0.65, ""kick_dir"": [0.1730417207772327, -0.9849143846288896]}]"
1088,102,default,default,0,16.03970536838828,40.935683642402125,20,B,,0.27447966497594356,0.12519743799332034,0.5143619052393574,"[{""move_vx"": 5.247898668298593, ""move_vy"": 0.14852463522883014, ""kick_power"": 0.0, ""kick_dir"": null}, {""move_vx"": 0.0, ""move_vy"": 0.0, ""kick_power"": 0.4, ""kick_dir"": [0.996866940965777, 0.07909661913039949]}, {""move_vx"": 5.938543358822092, ""move_vy"": 0.13154001440639274, ""kick_power"": 0.0, ""kick_dir"": null}, {""move_vx"": 0.0, ""move_vy"": 0.0, ""kick_power"": 0.4, ""kick_dir"": [-0.9643802437649613, -0.264519123959875]}, {""move_vx"": 4.1012193308819755, ""move_vy"": -4.1012193308819755, ""kick_power"": 0.0, ""kick_dir"": null}, {""move_vx"": 0.0, ""move_vy"": 0.0, ""kick_power"": 0.4, ""kick_dir"": [-0.8468958898121276, 0.5317585965722194]}, {""move_vx"": 6.0, ""move_vy"": 0.0, ""kick_power"": 0.0, ""kick_dir"": null}, {""move_vx"": 0.0, ""move_vy"": 6.0, ""kick_power"": 0.0, ""kick_dir"": null}, {""move_vx"": 4.313351365237939, ""move_vy"": 4.313351365237939, ""kick_power"": 0.0, ""kick_dir"": null}, {""move_vx"": -5.060642330554778, ""move_vy"": -0.6323758393527557, ""kick_power"": 0.0, ""kick_dir"": null}, {""move_vx"": 0.0, ""move_vy"": 0.0, ""kick_power"": 0.9, ""kick_dir"": [0.7170872003309025, -0.6969833759614829]}, {""move_vx"": -4.497419043400028, ""move_vy"": -0.15238749313107866, ""kick_power"": 0.0, ""kick_dir"": null}, {""move_vx"": -0.0, ""move_vy"": 0.0, ""kick_power"": 0.9, ""kick_dir"": [-0.42815566777138814, 0.9037049282956939]}, {""move_vx"": -6.826249430685134, ""move_vy"": 1.6379007021400573, ""kick_power"": 0.0, ""kick_dir"": null}, {""move_vx"": -5.24770478493925, ""move_vy"": -1.273418426961737, ""kick_power"": 0.0, ""kick_dir"": null}, {""move_vx"": 4.67829079760124, ""move_vy"": 1.5551511865666157, ""kick_power"": 0.0, ""kick_dir"": null}, {""move_vx"": -5.346783232540043, ""move_vy"": 2.7224821513149817, ""kick_power"": 0.0, ""kick_dir"": null}, {""move_vx"": -5.525112512534138, ""move_vy"": 1.4011180263770406, ""kick_power"": 0.0, ""kick_dir"": null}, {""move_vx"": -0.0, ""move_vy"": 0.0, ""kick_power"": 0.4, ""kick_dir"": [0.9979259879698368, 0.06437104601055026]}, {""move_vx"": -0.0, ""move_vy"": 0.0, ""kick_power"": 0.4, ""kick_dir"": [0.9345735093468799, 0.35576952128430744]}, {""move_vx"": -0.0, ""move_vy"": 0.0, ""kick_power"": 0.0, ""kick_dir"": null}, {""move_vx"": -0.0, ""move_vy"": 0.0, ""kick_power"": 0.65, ""kick_dir"": [0.1353401694793346, -0.9907990800302979]}]"
1088,103,default,default,0,14.43970536838828,40.935683642402125,20,B,,0.27044448812768546,-0.2159846704279792,0.43198066415384484,"[{""move_vx"": 1.9761028214575673, ""move_vy"": 4.31943487496078, ""kick_power"": 0.0, ""kick_dir"": null}, {""move_vx"": 0.0, ""move_vy"": 0.0, ""kick_power"": 0.4, ""kick_dir"": [0.9966833839568651, 0.0813769328694407]}, {""move_vx"": -6.811910507860873, ""move_vy"": 1.6965480343611368, ""kick_power"": 0.0, ""kick_dir"": null}, {""move_vx"": 5.4, ""move_vy"": 0.0, ""kick_power"": 0.0, ""kick_dir"": null}, {""move_vx"": 4.1012193308819755, ""move_vy"": -4.1012193308819755, ""kick_power"": 0.0, ""kick_dir"": null}, {""move_vx"": 0.0, ""move_vy"": 0.0, ""kick_power"": 0.4, ""kick_dir"": [-0.8380653622868105, 0.5455697005092465]}, {""move_vx"": 5.314929563491845, ""move_vy"": -2.7841558388711625, ""kick_power"": 0.0, ""kick_dir"": null}, {""move_vx"": 0.0, ""move_vy"": 6.0, ""kick_power"": 0.0, ""kick_dir"": null}, {""move_vx"": 4.313351365237939, ""move_vy"": 4.313351365237939, ""kick_power"": 0.0, ""kick_dir"": null}, {""move_vx"": 4.242640687119285, ""move_vy"": 4.242640687119285, ""kick_power"": 0.0, ""kick_dir"": null}, {""move_vx"": 0.0, ""move_vy"": 0.0, ""kick_power"": 0.9, ""kick_dir"": [0.7056814632656792, -0.7085291455505678]}, {""move_vx"": -0.0, ""move_vy"": 0.0, ""kick_power"": 0.9, ""kick_dir"": [-0.958054788118443, 0.28658505416884705]}, {""move_vx"": -0.0, ""move_vy"": 0.0, ""kick_power"": 0.9, ""kick_dir"": [-0.4553779923743796, 0.890298127455194]}, {""move_vx"": -6.8133431111268035, ""move_vy"": 1.6907855127309717, ""kick_power"": 0.0, ""kick_dir"": null}, {""move_vx"": -5.24770478493925, ""move_vy"": -1.2734184269617366, ""kick_power"": 0.0, ""kick_dir"": null}, {""move_vx"": -4.678290797601237, ""move_vy"": -1.5551511865666214, ""kick_power"": 0.0, ""kick_dir"": null}, {""move_vx"": -5.334929049121184, ""move_vy"": 2.7456387309409322, ""kick_power"": 0.0, ""kick_dir"": null}, {""move_vx"": -5.5102111210253195, ""move_vy"": 1.4586203761530565, ""kick_power"": 0.0, ""kick_dir"": null}, {""move_vx"": -0.0, ""move_vy"": 0.0, ""kick_power"": 0.4, ""kick_dir"": [0.9976783509031124, 0.06810153057486021]}, {""move_vx"": -0.0, ""move_vy"": 0.0, ""kick_power"": 0.4, ""kick_dir"": [0.9168478164805046, 0.39923633545087867]}, {""move_vx"": -6.0, ""move_vy"": 0.0, ""kick_power"": 0.0, ""kick_dir"": null}, {""move_vx"": -0.0, ""move_vy"": 0.0, ""kick_power"": 0.65, ""kick_dir"": [0.09597940349547607, -0.995383207209455]}]"
1088,104,default,default,0,15.63970536838828,40.935683642402125,20,B,,0.2737685468386658,0.12092457165499508,0.5143769720240261,"[{""move_vx"": 5.248374996607377, ""move_vy"": 0.1306135329378474, ""kick_power"": 0.0, ""kick_dir"": null}, {""move_vx"": 0.0, ""move_vy"": 0.0, ""kick_power"": 0.4, ""kick_dir"": [0.9964933333407806, 0.0836720358094068]}, {""move_vx"": 5.938782227900633, ""move_vy"": 0.12027322882335426, ""kick_power"": 0.0, ""kick_dir"": null}, {""move_vx"": 0.0, ""move_vy"": 0.0, ""kick_power"": 0.4, ""kick_dir"": [-0.9565604191063836, -0.2915334501366907]}, {""move_vx"": 4.1012193308819755, ""move_vy"": -4.1012193308819755, ""kick_power"": 0.0, ""kick_dir"": null}, {""move_vx"": 0.0, ""move_vy"": 0.0, ""kick_power"": 0.4, ""kick_dir"": [-0.8440877424355839, 0.5362049398321521]}, {""move_vx"": 6.0, ""move_vy"": 0.0, ""kick_power"": 0.0, ""kick_dir"": null}, {""move_vx"": 0.0, ""move_vy"": 6.0, ""kick_power"": 0.0, ""kick_dir"": null}, {""move_vx"": 4.313351365237939, ""move_vy"": 4.313351365237939, ""kick_power"": 0.0, ""kick_dir"": null}, {""move_vx"": 4.242640687119285, ""move_vy"": 4.242640687119285, ""kick_power"": 0.0, ""kick_dir"": null}, {""move_vx"": 0.0, ""move_vy"": 0.0, ""kick_power"": 0.9, ""kick_dir"": [0.7227978834996244, -0.6910594021720768]}, {""move_vx"": -0.0, ""move_vy"": 0.0, ""kick_power"": 0.0, ""kick_dir"": null}, {""move_vx"": -0.0, ""move_vy"": 0.0, ""kick_power"": 0.9, ""kick_dir"": [-0.48282699349057684, 0.8757156870517492]}, {""move_vx"": -6.830496024956979, ""move_vy"": 1.6201000132852656, ""kick_power"": 0.0, ""kick_dir"": null}, {""move_vx"": -5.24770478493925, ""move_vy"": -1.2734184269617361, ""kick_power"": 0.0, ""kick_dir"": null}, {""move_vx"": 4.67829079760124, ""move_vy"": 1.5551511865666157, ""kick_power"": 0.0, ""kick_dir"": null}, {""move_vx"": -5.322796136201562, ""move_vy"": 2.769086725337022, ""kick_power"": 0.0, ""kick_dir"": null}, {""move_vx"": -6.0, ""move_vy"": 0.0, ""kick_power"": 0.0, ""kick_dir"": null}, {""move_vx"": -0.0, ""move_vy"": 0.0, ""kick_power"": 0.4, ""kick_dir"": [0.9979259879698368, 0.06437104601055026]}, {""move_vx"": -0.0, ""move_vy"": 0.0, ""kick_power"": 0.4, ""kick_dir"": [0.893918149683797, 0.4482297212943187]}, {""move_vx"": -0.0, ""move_vy"": 0.0, ""kick_power"": 0.0, ""kick_dir"": null}, {""move_vx"": -0.0, ""move_vy"": 0.0, ""kick_power"": 0.65, ""kick_dir"": [0.05544755010158225, -0.9984614870269553]}]"
1088,105,default,default,0,14.039705368388281,40.935683642402125,20,B,,0.26714852953528945,-0.21860058544685357,0.4341625012448538,"[{""move_vx"": 1.7359366067346642, ""move_vy"": 4.421427834693058, ""kick_power"": 0.0, ""kick_dir"": null}, {""move_vx"": 0.0, ""move_vy"": 0.0, ""kick_power"": 0.4, ""kick_dir"": [0.996296673930923, 0.08598203529226671]}, {""move_vx"": -6.828206803546745, ""move_vy"": 1.6297214019573907, ""kick_power"": 0.0, ""kick_dir"": null}, {""move_vx"": 3.8183766184073566, ""move_vy"": 3.8183766184073566, ""kick_power"": 0.0, ""kick_dir"": null}, {""move_vx"": 4.1012193308819755, ""move_vy"": -4.1012193308819755, ""kick_power"": 0.0, ""kick_dir"": null}, {""move_vx"": 0.0, ""move_vy"": 0.0, ""kick_power"": 0.4, ""kick_dir"": [-0.8352165163161555, 0.5499211050157466]}, {""move_vx"": 6.0, ""move_vy"": 0.0, ""kick_power"": 0.0, ""kick_dir"": null}, {""move_vx"": 0.0, ""move_vy"": 6.0, ""kick_power"": 0.0, ""kick_dir"": null}, {""move_vx"": 4.313351365237939, ""move_vy"": 4.313351365237939, ""kick_power"": 0.0, ""kick_dir"": null}, {""move_vx"": 4.242640687119285, ""move_vy"": 4.242640687119285, ""kick_power"": 0.0, ""kick_dir"": null}, {""move_vx"": 0.0, ""move_vy"": 0.0, ""kick_power"": 0.9, ""kick_dir"": [0.7394638960724926, -0.6731961261258121]}, {""move_vx"": -0.0, ""move_vy"": 0.0, ""kick_power"": 0.9, ""kick_dir"": [-0.9592255564251392, 0.2826416500391867]}, {""move_vx"": -0.0, ""move_vy"": 0.0, ""kick_power"": 0.9, ""kick_dir"": [-0.5104137996607381, 0.8599288470018501]}, {""move_vx"": -6.817670970592251, ""move_vy"": 1.6732490958442814, ""kick_power"": 0.0, ""kick_dir"": null}, {""move_vx"": -5.24770478493925, ""move_vy"": -1.2734184269617357, ""kick_power"": 0.0, ""kick_dir"": null}, {""move_vx"": -4.678290797601237, ""move_vy"": -1.5551511865666214, ""kick_power"": 0.0, ""kick_dir"": null}, {""move_vx"": -5.310377391152901, ""move_vy"": 2.7928286670564146, ""kick_power"": 0.0, ""kick_dir"": null}, {""move_vx"": -6.0, ""move_vy"": 0.0, ""kick_power"": 0.0, ""kick_dir"": null}, {""move_vx"": -0.0, ""move_vy"": 0.0, ""kick_power"": 0.4, ""kick_dir"": [0.9976783509031124, 0.06810153057486021]}, {""move_vx"": -0.0, ""move_vy"": 0.0, ""kick_power"": 0.4, ""kick_dir"": [0.8729691558187229, 0.4877749008646039]}, {""move_vx"": -6.0, ""move_vy"": 0.0, ""kick_power"": 0.0, ""kick_dir"": null}, {""move_vx"": -0.0, ""move_vy"": 0.0, ""kick_power"": 0.65, ""kick_dir"": [0.009839878698572484, -0.9999514729901329]}]"
1088,106,default,default,0,15.23970536838828,40.935683642402125,20,B,,0.2743237867587079,0.13127595506067385,0.5186403250260899,"[{""move_vx"": 0.0, ""move_vy"": 0.0, ""kick_power"": 0.4, ""kick_dir"": [0.8963647746931261, -0.4433170456314951]}, {""move_vx"": 0.0, ""move_vy"": 0.0, ""kick_power"": 0.4, ""kick_dir"": [0.9960932886222975, 0.08830703907214284]}, {""move_vx"": 0.0, ""move_vy"": 0.0, ""kick_power"": 0.0, ""kick_dir"": null}, {""move_vx"": 0.0, ""move_vy"": 0.0, ""kick_power"": 0.4, ""kick_dir"": [0.9953425512846361, -0.09640111769598289]}, {""move_vx"": 4.1012193308819755, ""move_vy"": -4.1012193308819755, ""kick_power"": 0.0, ""kick_dir"": null}, {""move_vx"": 0.0, ""move_vy"": 0.0, ""kick_power"": 0.4, ""kick_dir"": [-0.8414966985710418, 0.5402621233341417]}, {""move_vx"": 6.0, ""move_vy"": 0.0, ""kick_power"": 0.0, ""kick_dir"": null}, {""move_vx"": 0.0, ""move_vy"": 6.0, ""kick_power"": 0.0, ""kick_dir"": null}, {""move_vx"": 4.313351365237939, ""move_vy"": 4.313351365237939, ""kick_power"": 0.0, ""kick_dir"": null}, {""move_vx"": 4.242640687119285, ""move_vy"": 4.242640687119285, ""kick_power"": 0.0, ""kick_dir"": null}, {""move_vx"": 0.0, ""move_vy"": 0.0, ""kick_power"": 0.9, ""kick_dir"": [0.7556519718557464, -0.6549732631428647]}, {""move_vx"": -0.0, ""move_vy"": 0.0, ""kick_power"": 0.0, ""kick_dir"": null}, {""move_vx"": -0.0, ""move_vy"": 0.0, ""kick_power"": 0.9, ""kick_dir"": [-0.5380416567357286, 0.8429181710659109]}, {""move_vx"": -6.834714853736344, ""move_vy"": 1.6022087467355164, ""kick_power"": 0.0, ""kick_dir"": null}, {""move_vx"": -5.247704784939251, ""move_vy"": -1.2734184269617352, ""kick_power"": 0.0, ""kick_dir"": null}, {""move_vx"": 4.67829079760124, ""move_vy"": 1.5551511865666157, ""kick_power"": 0.0, ""kick_dir"": null}, {""move_vx"": -5.297665562447541, ""move_vy"": 2.8168669809661546, ""kick_power"": 0.0, ""kick_dir"": null}, {""move_vx"": -6.0, ""move_vy"": 0.0, ""kick_power"": 0.0, ""kick_dir"": null}, {""move_vx"": -0.0, ""move_vy"": 0.0, ""kick_power"": 0.4, ""kick_dir"": [0.9979259879698368, 0.06437104601055026]}, {""move_vx"": -0.0, ""move_vy"": 0.0, ""kick_power"": 0.4, ""kick_dir"": [0.8457517547355499, 0.5335760708875362]}, {""move_vx"": -0.0, ""move_vy"": 0.0, ""kick_power"": 0.0, ""kick_dir"": null}, {""move_vx"": -0.0, ""move_vy"": 0.0, ""kick_power"": 0.65, ""kick_dir"": [-0.03582925197959022, -0.9993578119903562]}]"
1088,107,default,default,0,13.639705368388283,40.935683642402125,20,B,,0.2662843082219404,-0.22062589957044143,0.43871296688003497,"[{""move_vx"": 0.0, ""move_vy"": 0.0, ""kick_power"": 0.4, ""kick_dir"": [0.8960661135810424, -0.44392042164296536]}, {""move_vx"": 0.0, ""move_vy"": 0.0, ""kick_power"": 0.4, ""kick_dir"": [0.9958830583621908, 0.09064715530029203]}, {""move_vx"": -6.825754814349788, ""move_vy"": 1.639960735621645, ""kick_power"": 0.0, ""kick_dir"": null}, {""move_vx"": 3.8183766184073566, ""move_vy"": 3.8183766184073566, ""kick_power"": 0.0, ""kick_dir"": null}, {""move_vx"": 4.1012193308819755, ""move_vy"": -4.1012193308819755, ""kick_power"": 0.0, ""kick_dir"": null}, {""move_vx"": 0.0, ""move_vy"": 0.0, ""kick_power"": 0.4, ""kick_dir"": [-0.8488924843080378, 0.5285654241379678]}, {""move_vx"": 5.2438835241499255, ""move_vy"": -2.9157650085610394, ""kick_power"": 0.0, ""kick_dir"": null}, {""move_vx"": 0.0, ""move_vy"": 6.0, ""kick_power"": 0.0, ""kick_dir"": null}, {""move_vx"": 4.313351365237939, ""move_vy"": 4.313351365237939, ""kick_power"": 0.0, ""kick_dir"": null}, {""move_vx"": 4.242640687119285, ""move_vy"": 4.242640687119285, ""kick_power"": 0.0, ""kick_dir"": null}, {""move_vx"": 0.0, ""move_vy"": 0.0, ""kick_power"": 0.9, ""kick_dir"": [0.7713373187182985, -0.6364264442977142]}, {""move_vx"": -0.0, ""move_vy"": 0.0, ""kick_power"": 0.9, ""kick_dir"": [-0.9596527063205488, 0.2811879331305241]}, {""move_vx"": -0.0, ""move_vy"": 5.8, ""kick_power"": 0.0, ""kick_dir"": null}, {""move_vx"": -6.821972038863313, ""move_vy"": 1.6556260148255482, ""kick_power"": 0.0, ""kick_dir"": null}, {""move_vx"": -5.247704784939251, ""move_vy"": -1.2734184269617348, ""kick_power"": 0.0, ""kick_dir"": null}, {""move_vx"": -4.678290797601237, ""move_vy"": -1.5551511865666214, ""kick_power"": 0.0, ""kick_dir"": null}, {""move_vx"": -5.284653250663286, ""move_vy"": 2.84120397371501, ""kick_power"": 0.0, ""kick_dir"": null}, {""move_vx"": -6.0, ""move_vy"": 0.0, ""kick_power"": 0.0, ""kick_dir"": null}, {""move_vx"": -0.0, ""move_vy"": 0.0, ""kick_power"": 0.4, ""kick_dir"": [0.9976783509031124, 0.06810153057486021]}, {""move_vx"": -0.0, ""move_vy"": 0.0, ""kick_power"": 0.4, ""kick_dir"": [0.8098363448313597, 0.5866553454484322]}, {""move_vx"": -6.0, ""move_vy"": 0.0, ""kick_power"": 0.0, ""kick_dir"": null}, {""move_vx"": -0.0, ""move_vy"": 0.0, ""kick_power"": 0.65, ""kick_dir"": [-0.08127512403318941, -0.9966915904662244]}]"
1088,108,default,default,0,14.839705368388282,40.935683642402125,20,B,,0.27366568978077277,0.12514357540377433,0.513414684832764,"[{""move_vx"": 0.0, ""move_vy"": 0.0, ""kick_power"": 0.4, ""kick_dir"": [0.895792683397981, -0.444471930174042]}, {""move_vx"": 6.929834495279695, ""move_vy"": 0.6472973567315221, ""kick_power"": 0.0, ""kick_dir"": null}, {""move_vx"": 5.939028933964884, ""move_vy"": 0.10740261415790867, ""kick_power"": 0.0, ""kick_dir"": null}, {""move_vx"": 0.0, ""move_vy"": 0.0, ""kick_power"": 0.4, ""kick_dir"": [-0.8751521389304892, -0.4838473284877742]}, {""move_vx"": 4.1012193308819755, ""move_vy"": -4.1012193308819755, ""kick_power"": 0.0, ""kick_dir"": null}, {""move_vx"": 0.0, ""move_vy"": 0.0, ""kick_power"": 0.0, ""kick_dir"": null}, {""move_vx"": 6.0, ""move_vy"": 0.0, ""kick_power"": 0.0, ""kick_dir"": null}, {""move_vx"": 0.0, ""move_vy"": 6.0, ""kick_power"": 0.0, ""kick_dir"": null}, {""move_vx"": 4.313351365237939, ""move_vy"": 4.313351365237939, ""kick_power"": 0.0, ""kick_dir"": null}, {""move_vx"": 4.242640687119285, ""move_vy"": 4.242640687119285, ""kick_power"": 0.0, ""kick_dir"": null}, {""move_vx"": 0.0, ""move_vy"": 0.0, ""kick_power"": 0.7, ""kick_dir"": [0.9670926244733682, -0.2544244581262215]}, {""move_vx"": -0.0, ""move_vy"": 0.0, ""kick_power"": 0.0, ""kick_dir"": null}, {""move_vx"": 4.1012193308819755, ""move_vy"": 4.1012193308819755, ""kick_power"": 0.0, ""kick_dir"": null}, {""move_vx"": -6.838905579179469, ""move_vy"": 1.584225513955616, ""kick_power"": 0.0, ""kick_dir"": null}, {""move_vx"": -5.24770478493925, ""move_vy"": -1.2734184269617341, ""kick_power"": 0.0, ""kick_dir"": null}, {""move_vx"": 4.67829079760124, ""move_vy"": 1.5551511865666157, ""kick_power"": 0.0, ""kick_dir"": null}, {""move_vx"": -5.271332909952438, ""move_vy"": 2.8658418226504345, ""kick_power"": 0.0, ""kick_dir"": null}, {""move_vx"": -0.0, ""move_vy"": -6.0, ""kick_power"": 0.0, ""kick_dir"": null}, {""move_vx"": -0.0, ""move_vy"": 0.0, ""kick_power"": 0.4, ""kick_dir"": [0.9979259879698368, 0.06437104601055026]}, {""move_vx"": -0.0, ""move_vy"": 0.0, ""kick_power"": 0.4, ""kick_dir"": [0.7710769525112832, 0.636741446944456]}, {""move_vx"": -0.0, ""move_vy"": 0.0, ""kick_power"": 0.0, ""kick_dir"": null}, {""move_vx"": -0.0, ""move_vy"": 0.0, ""kick_power"": 0.65, ""kick_dir"": [-0.1262199159297256, -0.9920021704546593]}]"
1088,109,default,default,0,13.239705368388284,40.935683642402125,20,B,,0.26539943106169683,-0.22509435388907376,0.4453889258162141,"[{""move_vx"": 0.0, ""move_vy"": 0.0, ""kick_power"": 0.4, ""kick_dir"": [0.9048773079681139, -0.42567228501898235]}, {""move_vx"": 0.0, ""move_vy"": 0.0, ""kick_power"": 0.4, ""kick_dir"": [0.9956658620333101, 0.09300249250122412]}, {""move_vx"": -6.8388583507185645, ""move_vy"": 1.5844293795581277, ""kick_power"": 0.0, ""kick_dir"": null}, {""move_vx"": 3.8183766184073566, ""move_vy"": 3.8183766184073566, ""kick_power"": 0.0, ""kick_dir"": null}, {""move_vx"": 4.1012193308819755, ""move_vy"": -4.1012193308819755, ""kick_power"": 0.0, ""kick_dir"": null}, {""move_vx"": 0.0, ""move_vy"": 0.0, ""kick_power"": 0.4, ""kick_dir"": [-0.8468906741011363, 0.5317669079036927]}, {""move_vx"": 5.217421072612757, ""move_vy"": -2.962856282551747, ""kick_power"": 0.0, ""kick_dir"": null}, {""move_vx"": 0.0, ""move_vy"": 6.0, ""kick_power"": 0.0, ""kick_dir"": null}, {""move_vx"": 4.313351365237939, ""move_vy"": 4.313351365237939, ""kick_power"": 0.0, ""kick_dir"": null}, {""move_vx"": 4.242640687119285, ""move_vy"": 4.242640687119285, ""kick_power"": 0.0, ""kick_dir"": null}, {""move_vx"": 5.865313701108778, ""move_vy"": 1.2641578966195859, ""kick_power"": 0.0, ""kick_dir"": null}, {""move_vx"": -0.0, ""move_vy"": 0.0, ""kick_power"": 0.9, ""kick_dir"": [-0.9598365281577154, 0.2805598148005513]}, {""move_vx"": -0.0, ""move_vy"": 0.0, ""kick_power"": 0.9, ""kick_dir"": [-0.6340190486369078, 0.7733173420868678]}, {""move_vx"": -6.826245996146677, ""move_vy"": 1.6379150161383442, ""kick_power"": 0.0, ""kick_dir"": null}, {""move_vx"": -5.247704784939251, ""move_vy"": -1.273418426961734, ""kick_power"": 0.0, ""kick_dir"": null}, {""move_vx"": -4.678290797601237, ""move_vy"": -1.5551511865666214, ""kick_power"": 0.0, ""kick_dir"": null}, {""move_vx"": -5.257696850016709, ""move_vy"": 2.8907825641726106, ""kick_power"": 0.0, ""kick_dir"": null}, {""move_vx"": -6.0, ""move_vy"": 0.0, ""kick_power"": 0.0, ""kick_dir"": null}, {""move_vx"": -0.0, ""move_vy"": 0.0, ""kick_power"": 0.4, ""kick_dir"": [0.9976783509031124, 0.06810153057486021]}, {""move_vx"": -8.319483078714907, ""move_vy"": -0.09274320986648692, ""kick_power"": 0.0, ""kick_dir"": null}, {""move_vx"": -6.0, ""move_vy"": 0.0, ""kick_power"": 0.0, ""kick_dir"": null}, {""move_vx"": -0.0, ""move_vy"": 0.0, ""kick_power"": 0.65, ""kick_dir"": [-0.12078688120350889, -0.9926783529666356]}]"
1088,110,default,default,0,14.439705368388283,40.935683642402125,20,B,,0.27299413112266097,0.12206446732064533,0.5297590888841921,"[{""move_vx"": 0.0, ""move_vy"": 0.0, ""kick_power"": 0.4, ""kick_dir"": [0.9039837486600086, -0.42756663252233684]}, {""move_vx"": 0.0, ""move_vy"": 0.0, ""kick_power"": 0.4, ""kick_dir"": [0.9954300584496641, 0.09549330381604311]}, {""move_vx"": 5.939206131435471, ""move_vy"": 0.097110907313944, ""kick_power"": 0.0, ""kick_dir"": null}, {""move_vx"": 0.0, ""move_vy"": 0.0, ""kick_power"": 0.4, ""kick_dir"": [-0.8026714251996335, -0.5964210275133667]}, {""move_vx"": 4.1012193308819755, ""move_vy"": -4.1012193308819755, ""kick_power"": 0.0, ""kick_dir"": null}, {""move_vx"": 0.0, ""move_vy"": 0.0, ""kick_power"": 0.4, ""kick_dir"": [-0.8524354171411153, 0.5228324034928631]}, {""move_vx"": 6.0, ""move_vy"": 0.0, ""kick_power"": 0.0, ""kick_dir"": null}, {""move_vx"": 0.0, ""move_vy"": 6.0, ""kick_power"": 0.0, ""kick_dir"": null}, {""move_vx"": 4.313351365237939, ""move_vy"": 4.313351365237939, ""kick_power"": 0.0, ""kick_dir"": null}, {""move_vx"": 4.242640687119285, ""move_vy"": 4.242640687119285, ""kick_power"": 0.0, ""kick_dir"": null}, {""move_vx"": 5.865313701108777, ""move_vy"": 1.264157896619587, ""kick_power"": 0.0, ""kick_dir"": null}, {""move_vx"": -0.0, ""move_vy"": 0.0, ""kick_power"": 0.0, ""kick_dir"": null}, {""move_vx"": -0.0, ""move_vy"": 0.0, ""kick_power"": 0.9, ""kick_dir"": [-0.6594753313198605, 0.7517261151727053]}, {""move_vx"": -6.843067856928114, ""move_vy"": 1.566148877175243, ""kick_power"": 0.0, ""kick_dir"": null}, {""move_vx"": -5.247704784939251, ""move_vy"": -1.2734184269617332, ""kick_power"": 0.0, ""kick_dir"": null}, {""move_vx"": -5.645213225385051, ""move_vy"": -1.3310024943394012, ""kick_power"": 0.0, ""kick_dir"": null}, {""move_vx"": -5.243737238631936, ""move_vy"": 2.916028081515115, ""kick_power"": 0.0, ""kick_dir"": null}, {""move_vx"": -6.0, ""move_vy"": 0.0, ""kick_power"": 0.0, ""kick_dir"": null}, {""move_vx"": -0.0, ""move_vy"": 0.0, ""kick_power"": 0.4, ""kick_dir"": [0.9979259879698368, 0.06437104601055026]}, {""move_vx"": -0.0, ""move_vy"": 0.0, ""kick_power"": 0.4, ""kick_dir"": [0.8516001460764319, 0.5241912862327979]}, {""move_vx"": -0.0, ""move_vy"": 0.0, ""kick_power"": 0.0, ""kick_dir"": null}, {""move_vx"": -0.0, ""move_vy"": 0.0, ""kick_power"": 0.65, ""kick_dir"": [-0.16315777880830964, -0.9865998802259138]}]"
1088,111,default,default,0,12.839705368388286,40.935683642402125,20,B,,0.26449267873162546,-0.22569592641671024,0.4290372274274894,"[{""move_vx"": 0.0, ""move_vy"": 0.0, ""kick_power"": 0.4, ""kick_dir"": [0.9031538522016225, -0.4293168622837776]}, {""move_vx"": 0.0, ""move_vy"": 0.0, ""kick_power"": 0.4, ""kick_dir"": [0.9951863984239154, 0.09800002366959702]}, {""move_vx"": -6.852778755467058, ""move_vy"": 1.5230966248466908, ""kick_power"": 0.0, ""kick_dir"": null}, {""move_vx"": 3.8183766184073566, ""move_vy"": 3.8183766184073566, ""kick_power"": 0.0, ""kick_dir"": null}, {""move_vx"": 4.1012193308819755, ""move_vy"": -4.1012193308819755, ""kick_power"": 0.0, ""kick_dir"": null}, {""move_vx"": 0.0, ""move_vy"": 0.0, ""kick_power"": 0.4, ""kick_dir"": [-0.8445242364260453, 0.5355172017894079]}, {""move_vx"": 5.18911093821824, ""move_vy"": -3.012163287549964, ""kick_power"": 0.0, ""kick_dir"": null}, {""move_vx"": 0.0, ""move_vy"": 6.0, ""kick_power"": 0.0, ""kick_dir"": null}, {""move_vx"": 4.313351365237939, ""move_vy"": 4.313351365237939, ""kick_power"": 0.0, ""kick_dir"": null}, {""move_vx"": 4.242640687119285, ""move_vy"": 4.242640687119285, ""kick_power"": 0.0, ""kick_dir"": null}, {""move_vx"": 5.865313701108778, ""move_vy"": 1.2641578966195857, ""kick_power"": 0.0, ""kick_dir"": null}, {""move_vx"": -0.0, ""move_vy"": 0.0, ""kick_power"": 0.9, ""kick_dir"": [-0.9598360276630339, 0.28056152706073245]}, {""move_vx"": -0.0, ""move_vy"": 0.0, ""kick_power"": 0.9, ""kick_dir"": [-0.6844439793819928, 0.7290653628656296]}, {""move_vx"": -6.830492516795171, ""move_vy"": 1.6201148039584032, ""kick_power"": 0.0, ""kick_dir"": null}, {""move_vx"": 3.8183766184073566, ""move_vy"": -3.8183766184073566, ""kick_power"": 0.0, ""kick_dir"": null}, {""move_vx"": 4.776469081799918, ""move_vy"": 1.2207551394974532, ""kick_power"": 0.0, ""kick_dir"": null}, {""move_vx"": -5.22944610476877, ""move_vy"": 2.94158009194357, ""kick_power"": 0.0, ""kick_dir"": null}, {""move_vx"": -6.0, ""move_vy"": 0.0, ""kick_power"": 0.0, ""kick_dir"": null}, {""move_vx"": -0.0, ""move_vy"": 0.0, ""kick_power"": 0.4, ""kick_dir"": [0.9981132209155562, 0.06139955747859196]}, {""move_vx"": -0.0, ""move_vy"": 0.0, ""kick_power"": 0.4, ""kick_dir"": [0.8061937676251207, 0.5916509393523879]}, {""move_vx"": -6.0, ""move_vy"": 0.0, ""kick_power"": 0.0, ""kick_dir"": null}, {""move_vx"": -0.0, ""move_vy"": 0.0, ""kick_power"": 0.65, ""kick_dir"": [-0.20464512418465752, -0.9788361248396596]}]"
1088,112,default,default,0,12.507219888726855,40.70749330470004,20,B,,0.26492419531570477,-0.06801902172728296,0.4884058962159186,"[{""move_vx"": 0.0, ""move_vy"": 0.0, ""kick_power"": 0.4, ""kick_dir"": [0.9023810761691542, -0.43093879824452086]}, {""move_vx"": 0.0, ""move_vy"": 0.0, ""kick_power"": 0.4, ""kick_dir"": [0.9949347453811219, 0.10052275657072811]}, {""move_vx"": 0.0, ""move_vy"": 5.4, ""kick_power"": 0.0, ""kick_dir"": null}, {""move_vx"": 0.0, ""move_vy"": 0.0, ""kick_power"": 0.4, ""kick_dir"": [-0.7006730447391072, -0.71348209676477]}, {""move_vx"": 4.1012193308819755, ""move_vy"": -4.1012193308819755, ""kick_power"": 0.0, ""kick_dir"": null}, {""move_vx"": 4.313351365237939, ""move_vy"": -4.313351365237939, ""kick_power"": 0.0, ""kick_dir"": null}, {""move_vx"": 6.0, ""move_vy"": 0.0, ""kick_power"": 0.0, ""kick_dir"": null}, {""move_vx"": 0.0, ""move_vy"": 6.0, ""kick_power"": 0.0, ""kick_dir"": null}, {""move_vx"": 4.313351365237939, ""move_vy"": 4.313351365237939, ""kick_power"": 0.0, ""kick_dir"": null}, {""move_vx"": 4.242640687119285, ""move_vy"": 4.242640687119285, ""kick_power"": 0.0, ""kick_dir"": null}, {""move_vx"": 5.865313701108778, ""move_vy"": 1.2641578966195866, ""kick_power"": 0.0, ""kick_dir"": null}, {""move_vx"": -0.0, ""move_vy"": 0.0, ""kick_power"": 0.0, ""kick_dir"": null}, {""move_vx"": -0.0, ""move_vy"": 0.0, ""kick_power"": 0.9, ""kick_dir"": [-0.6933849779900401, 0.7205672285314331]}, {""move_vx"": -6.847201335861062, ""move_vy"": 1.5479773467924167, ""kick_power"": 0.0, ""kick_dir"": null}, {""move_vx"": -5.2556111612323395, ""move_vy"": -1.2403835382372912, ""kick_power"": 0.0, ""kick_dir"": null}, {""move_vx"": -5.6458954620306105, ""move_vy"": -1.3281055800734258, ""kick_power"": 0.0, ""kick_dir"": null}, {""move_vx"": -5.214815342357726, ""move_vy"": 2.967440133365873, ""kick_power"": 0.0, ""kick_dir"": null}, {""move_vx"": -6.0, ""move_vy"": 0.0, ""kick_power"": 0.0, ""kick_dir"": null}, {""move_vx"": -0.0, ""move_vy"": 0.0, ""kick_power"": 0.4, ""kick_dir"": [0.9979365617878431, 0.06420691111852363]}, {""move_vx"": -0.0, ""move_vy"": 0.0, ""kick_power"": 0.4, ""kick_dir"": [0.7401333647957669, 0.6724594571116391]}, {""move_vx"": -5.245230823095549, ""move_vy"": -1.283570649574219, ""kick_power"": 0.0, ""kick_dir"": null}, {""move_vx"": -0.0, ""move_vy"": 0.0, ""kick_power"": 0.65, ""kick_dir"": [-0.24505859976071054, -0.9695081592565229]}]"
1088,113,default,default,0,12.159891615765053,40.61250960407771,20,B,,0.2640567998108702,-0.07134627707386355,0.48569051658625473,"[{""move_vx"": 0.0, ""move_vy"": 0.0, ""kick_power"": 0.4, ""kick_dir"": [0.9016744852617183, -0.43241528901889753]}, {""move_vx"": 0.0, ""move_vy"": 0.0, ""kick_power"": 0.4, ""kick_dir"": [0.9946738821644215, 0.10307201464461876]}, {""move_vx"": 0.0, ""move_vy"": 5.4, ""kick_power"": 0.0, ""kick_dir"": null}, {""move_vx"": 0.0, ""move_vy"": 0.0, ""kick_power"": 0.4, ""kick_dir"": [-0.6084315817320793, -0.7936059217395545]}, {""move_vx"": 4.1012193308819755, ""move_vy"": -4.1012193308819755, ""kick_power"": 0.0, ""kick_dir"": null}, {""move_vx"": 4.313351365237939, ""move_vy"": -4.313351365237939, ""kick_power"": 0.0, ""kick_dir"": null}, {""move_vx"": 6.0, ""move_vy"": 0.0, ""kick_power"": 0.0, ""kick_dir"": null}, {""move_vx"": 0.0, ""move_vy"": 6.0, ""kick_power"": 0.0, ""kick_dir"": null}, {""move_vx"": 4.313351365237939, ""move_vy"": 4.313351365237939, ""kick_power"": 0.0, ""kick_dir"": null}, {""move_vx"": 4.242640687119285, ""move_vy"": 4.242640687119285, ""kick_power"": 0.0, ""kick_dir"": null}, {""move_vx"": 5.865313701108777, ""move_vy"": 1.2641578966195877, ""kick_power"": 0.0, ""kick_dir"": null}, {""move_vx"": -0.0, ""move_vy"": 0.0, ""kick_power"": 0.0, ""kick_dir"": null}, {""move_vx"": -0.0, ""move_vy"": 0.0, ""kick_power"": 0.9, ""kick_dir"": [-0.718423347082087, 0.6956060325281301]}, {""move_vx"": -6.860110207633794, ""move_vy"": 1.4897274714251008, ""kick_power"": 0.0, ""kick_dir"": null}, {""move_vx"": -5.2556111612323395, ""move_vy"": -1.2403835382372908, ""kick_power"": 0.0, ""kick_dir"": null}, {""move_vx"": -5.644638533464564, ""move_vy"": -1.3334375975376649, ""kick_power"": 0.0, ""kick_dir"": null}, {""move_vx"": -5.199836714749148, ""move_vy"": 2.993609550350009, ""kick_power"": 0.0, ""kick_dir"": null}, {""move_vx"": -0.0, ""move_vy"": 0.0, ""kick_power"": 0.0, ""kick_dir"": null}, {""move_vx"": -0.0, ""move_vy"": 0.0, ""kick_power"": 0.4, ""kick_dir"": [0.9981234214257266, 0.0612335102369216]}, {""move_vx"": -0.0, ""move_vy"": 0.0, ""kick_power"": 0.4, ""kick_dir"": [0.6522944342626137, 0.7579650196617036]}, {""move_vx"": -5.231990799844857, ""move_vy"": -1.3365149719845202, ""kick_power"": 0.0, ""kick_dir"": null}, {""move_vx"": -0.0, ""move_vy"": 0.0, ""kick_power"": 0.65, ""kick_dir"": [-0.2841811559975986, -0.9587704944777449]}]"
1088,114,default,default,0,11.811197088195343,40.52299849619811,20,B,,0.2630347825934804,-0.0709379215662339,0.49092020795178165,"[{""move_vx"": 0.0, ""move_vy"": 0.0, ""kick_power"": 0.4, ""kick_dir"": [0.901038374377933, -0.4337392214104967]}, {""move_vx"": 0.0, ""move_vy"": 0.0, ""kick_power"": 0.4, ""kick_dir"": [0.994402755648412, 0.10565572170748086]}, {""move_vx"": 0.0, ""move_vy"": 5.4, ""kick_power"": 0.0, ""kick_dir"": null}, {""move_vx"": -4.278610761225131, ""move_vy"": -2.830263230501451, ""kick_power"": 0.0, ""kick_dir"": null}, {""move_vx"": 4.1012193308819755, ""move_vy"": -4.1012193308819755, ""kick_power"": 0.0, ""kick_dir"": null}, {""move_vx"": 4.313351365237939, ""move_vy"": -4.313351365237939, ""kick_power"": 0.0, ""kick_dir"": null}, {""move_vx"": 6.0, ""move_vy"": 0.0, ""kick_power"": 0.0, ""kick_dir"": null}, {""move_vx"": 0.0, ""move_vy"": 6.0, ""kick_power"": 0.0, ""kick_dir"": null}, {""move_vx"": 4.313351365237939, ""move_vy"": 4.313351365237939, ""kick_power"": 0.0, ""kick_dir"": null}, {""move_vx"": 4.242640687119285, ""move_vy"": 4.242640687119285, ""kick_power"": 0.0, ""kick_dir"": null}, {""move_vx"": 5.865313701108777, ""move_vy"": 1.2641578966195859, ""kick_power"": 0.0, ""kick_dir"": null}, {""move_vx"": -0.0, ""move_vy"": 0.0, ""kick_power"": 0.0, ""kick_dir"": null}, {""move_vx"": -0.0, ""move_vy"": 0.0, ""kick_power"": 0.9, ""kick_dir"": [-0.7426615918044451, 0.6696667962065661]}, {""move_vx"": -6.867187254867342, ""move_vy"": 1.4567563991922428, ""kick_power"": 0.0, ""kick_dir"": null}, {""move_vx"": -5.2556111612323395, ""move_vy"": -1.2403835382372905, ""kick_power"": 0.0, ""kick_dir"": null}, {""move_vx"": -5.644529633667981, ""move_vy"": -1.3338985023771517, ""kick_power"": 0.0, ""kick_dir"": null}, {""move_vx"": -5.184501859920701, ""move_vy"": 3.020089479548378, ""kick_power"": 0.0, ""kick_dir"": null}, {""move_vx"": -6.0, ""move_vy"": 0.0, ""kick_power"": 0.0, ""kick_dir"": null}, {""move_vx"": -0.0, ""move_vy"": 0.0, ""kick_power"": 0.4, ""kick_dir"": [0.9983086550570005, 0.05813548608259408]}, {""move_vx"": -0.0, ""move_vy"": 0.0, ""kick_power"": 0.4, ""kick_dir"": [0.679000038673487, 0.7341375617805751]}, {""move_vx"": -5.231400967482646, ""move_vy"": -1.3388218393130746, ""kick_power"": 0.0, ""kick_dir"": null}, {""move_vx"": -0.0, ""move_vy"": 0.0, ""kick_power"": 0.65, ""kick_dir"": [-0.2841811559975986, -0.9587704944777449]}]"
1088,115,default,default,0,11.462441725944782,40.433725333790356,20,B,,-0.08809017886415998,-1.8178804721382413,0.4923110306699478,"[{""move_vx"": 0.0, ""move_vy"": 0.0, ""kick_power"": 0.4, ""kick_dir"": [0.9004559567945795, -0.43494705263434724]}, {""move_vx"": 0.0, ""move_vy"": 0.0, ""kick_power"": 0.4, ""kick_dir"": [0.9941218724845414, 0.10826668243776687]}, {""move_vx"": 0.0, ""move_vy"": 5.4, ""kick_power"": 0.0, ""kick_dir"": null}, {""move_vx"": -4.296857594056327, ""move_vy"": -2.802483687089093, ""kick_power"": 0.0, ""kick_dir"": null}, {""move_vx"": 4.1012193308819755, ""move_vy"": -4.1012193308819755, ""kick_power"": 0.0, ""kick_dir"": null}, {""move_vx"": 0.0, ""move_vy"": 0.0, ""kick_power"": 0.4, ""kick_dir"": [-0.9948259249032428, 0.10159364620415091]}, {""move_vx"": 6.0, ""move_vy"": 0.0, ""kick_power"": 0.0, ""kick_dir"": null}, {""move_vx"": 0.0, ""move_vy"": 6.0, ""kick_power"": 0.0, ""kick_dir"": null}, {""move_vx"": 4.313351365237939, ""move_vy"": 4.313351365237939, ""kick_power"": 0.0, ""kick_dir"": null}, {""move_vx"": 4.242640687119285, ""move_vy"": 4.242640687119285, ""kick_power"": 0.0, ""kick_dir"": null}, {""move_vx"": 5.865313701108777, ""move_vy"": 1.2641578966195879, ""kick_power"": 0.0, ""kick_dir"": null}, {""move_vx"": -0.0, ""move_vy"": 0.0, ""kick_power"": 0.0, ""kick_dir"": null}, {""move_vx"": -0.0, ""move_vy"": 0.0, ""kick_power"": 0.9, ""kick_dir"": [-0.7660053283216948, 0.6428341114194953]}, {""move_vx"": -6.873862053313931, ""move_vy"": 1.4249282339861198, ""kick_power"": 0.0, ""kick_dir"": null}, {""move_vx"": -5.2556111612323395, ""move_vy"": -1.2403835382372908, ""kick_power"": 0.0, ""kick_dir"": null}, {""move_vx"": -5.644469605691867, ""move_vy"": -1.334152491441924, ""kick_power"": 0.0, ""kick_dir"": null}, {""move_vx"": -5.168802296486994, ""move_vy"": 3.046880834530744, ""kick_power"": 0.0, ""kick_dir"": null}, {""move_vx"": -6.0, ""move_vy"": 0.0, ""kick_power"": 0.0, ""kick_dir"": null}, {""move_vx"": -0.0, ""move_vy"": 0.0, ""kick_power"": 0.4, ""kick_dir"": [0.9984906082702278, 0.054921844187243746]}, {""move_vx"": -0.0, ""move_vy"": 0.0, ""kick_power"": 0.4, ""kick_dir"": [0.5674527504501692, 0.8234053533997018]}, {""move_vx"": -5.231374517336068, ""move_vy"": -1.3389251881142668, ""kick_power"": 0.0, ""kick_dir"": null}, {""move_vx"": -0.0, ""move_vy"": 0.0, ""kick_power"": 0.65, ""kick_dir"": [-0.3188007534548336, -0.9478216449121176]}]"
1088,116,default,default,0,11.113683641293058,40.344462808671814,20,B,,-0.4393147018095506,-1.8182061808074739,0.48884478565993594,"[{""move_vx"": 0.0, ""move_vy"": 0.0, ""kick_power"": 0.4, ""kick_dir"": [0.8999218251631008, -0.4360511225374182]}, {""move_vx"": 0.0, ""move_vy"": 0.0, ""kick_power"": 0.4, ""kick_dir"": [0.9938309875583193, 0.11090509435778718]}, {""move_vx"": 0.0, ""move_vy"": 5.4, ""kick_power"": 0.0, ""kick_dir"": null}, {""move_vx"": -4.314623325363923, ""move_vy"": -2.7750541544671825, ""kick_power"": 0.0, ""kick_dir"": null}, {""move_vx"": 4.1012193308819755, ""move_vy"": -4.1012193308819755, ""kick_power"": 0.0, ""kick_dir"": null}, {""move_vx"": 0.0, ""move_vy"": 0.0, ""kick_power"": 0.4, ""kick_dir"": [-0.9955658347789513, 0.09406676768481569]}, {""move_vx"": 6.0, ""move_vy"": 0.0, ""kick_power"": 0.0, ""kick_dir"": null}, {""move_vx"": 0.0, ""move_vy"": 6.0, ""kick_power"": 0.0, ""kick_dir"": null}, {""move_vx"": 4.313351365237939, ""move_vy"": 4.313351365237939, ""kick_power"": 0.0, ""kick_dir"": null}, {""move_vx"": 4.242640687119285, ""move_vy"": 4.242640687119285, ""kick_power"": 0.0, ""kick_dir"": null}, {""move_vx"": 5.865313701108777, ""move_vy"": 1.2641578966195868, ""kick_power"": 0.0, ""kick_dir"": null}, {""move_vx"": -0.0, ""move_vy"": 0.0, ""kick_power"": 0.0, ""kick_dir"": null}, {""move_vx"": 5.8, ""move_vy"": 0.0, ""kick_power"": 0.0, ""kick_dir"": null}, {""move_vx"": -6.880346855190595, ""move_vy"": 1.3932792800687555, ""kick_power"": 0.0, ""kick_dir"": null}, {""move_vx"": -5.2556111612323395, ""move_vy"": -1.2403835382372912, ""kick_power"": 0.0, ""kick_dir"": null}, {""move_vx"": -5.644411682395073, ""move_vy"": -1.3343975268419948, ""kick_power"": 0.0, ""kick_dir"": null}, {""move_vx"": -5.152729430567741, ""move_vy"": 3.073984290031591, ""kick_power"": 0.0, ""kick_dir"": null}, {""move_vx"": -5.398724260758754, ""move_vy"": -0.11737272381117989, ""kick_power"": 0.0, ""kick_dir"": null}, {""move_vx"": -0.0, ""move_vy"": 0.0, ""kick_power"": 0.4, ""kick_dir"": [0.998668462088285, 0.051586866627905646]}, {""move_vx"": -0.0, ""move_vy"": 0.0, ""kick_power"": 0.4, ""kick_dir"": [0.4124209201875967, 0.9109928564990869]}, {""move_vx"": -5.231373299500977, ""move_vy"": -1.338929946363236, ""kick_power"": 0.0, ""kick_dir"": null}, {""move_vx"": -0.0, ""move_vy"": 0.0, ""kick_power"": 0.65, ""kick_dir"": [-0.3545332997091652, -0.9350432776998362]}]"
1088,117,default,default,0,10.764925431577549,40.25520077219475,20,B,,-0.7906369434309097,-1.8206648015140692,0.488304662274576,"[{""move_vx"": 0.0, ""move_vy"": 0.0, ""kick_power"": 0.4, ""kick_dir"": [0.8994315241116797, -0.4370615633958969]}, {""move_vx"": 0.0, ""move_vy"": 0.0, ""kick_power"": 0.4, ""kick_dir"": [0.9935298117165304, 0.11357149696744513]}, {""move_vx"": 0.0, ""move_vy"": 5.4, ""kick_power"": 0.0, ""kick_dir"": null}, {""move_vx"": -4.324569869734344, ""move_vy"": -2.7595281194048162, ""kick_power"": 0.0, ""kick_dir"": null}, {""move_vx"": 4.1012193308819755, ""move_vy"": -4.1012193308819755, ""kick_power"": 0.0, ""kick_dir"": null}, {""move_vx"": 0.0, ""move_vy"": 0.0, ""kick_power"": 0.4, ""kick_dir"": [-0.9962731133691022, 0.0862541016572637]}, {""move_vx"": 6.0, ""move_vy"": 0.0, ""kick_power"": 0.0, ""kick_dir"": null}, {""move_vx"": 4.242640687119285, ""move_vy"": -4.242640687119285, ""kick_power"": 0.0, ""kick_dir"": null}, {""move_vx"": 4.313351365237939, ""move_vy"": 4.313351365237939, ""kick_power"": 0.0, ""kick_dir"": null}, {""move_vx"": 4.242640687119285, ""move_vy"": 4.242640687119285, ""kick_power"": 0.0, ""kick_dir"": null}, {""move_vx"": 5.865313701108777, ""move_vy"": 1.2641578966195857, ""kick_power"": 0.0, ""kick_dir"": null}, {""move_vx"": -0.0, ""move_vy"": 0.0, ""kick_power"": 0.0, ""kick_dir"": null}, {""move_vx"": -0.0, ""move_vy"": 0.0, ""kick_power"": 0.9, ""kick_dir"": [-0.809695402272244, 0.5868502523810148]}, {""move_vx"": -6.886652558545087, ""move_vy"": 1.3617696346608765, ""kick_power"": 0.0, ""kick_dir"": null}, {""move_vx"": -5.2556111612323395, ""move_vy"": -1.2403835382372916, ""kick_power"": 0.0, ""kick_dir"": null}, {""move_vx"": -4.1012193308819755, ""move_vy"": 4.1012193308819755, ""kick_power"": 0.0, ""kick_dir"": null}, {""move_vx"": -5.136274563572471, ""move_vy"": 3.101400265621713, ""kick_power"": 0.0, ""kick_dir"": null}, {""move_vx"": 6.0, ""move_vy"": 0.0, ""kick_power"": 0.0, ""kick_dir"": null}, {""move_vx"": -0.0, ""move_vy"": 0.0, ""kick_power"": 0.4, ""kick_dir"": [0.998841331219394, 0.04812374844724731]}, {""move_vx"": -0.0, ""move_vy"": 0.0, ""kick_power"": 0.4, ""kick_dir"": [0.2514299986213526, 0.9678749690915746]}, {""move_vx"": -5.231373241837856, ""move_vy"": -1.3389301716605293, ""kick_power"": 0.0, ""kick_dir"": null}, {""move_vx"": -0.0, ""move_vy"": 0.0, ""kick_power"": 0.65, ""kick_dir"": [-0.3869191190567291, -0.922113544387954]}]"
1088,118,default,default,0,10.4161672159546,40.16593875879881,20,B,,-1.142054634611286,-1.8136543862035148,0.4981833625290865,"[{""move_vx"": 0.0, ""move_vy"": 0.0, ""kick_power"": 0.4, ""kick_dir"": [0.8989810523677426, -0.437987383274228]}, {""move_vx"": 0.0, ""move_vy"": 0.0, ""kick_power"": 0.4, ""kick_dir"": [0.9932180413598928, 0.11626647804617199]}, {""move_vx"": 0.0, ""move_vy"": 0.0, ""kick_power"": 0.9, ""kick_dir"": [-0.2071767573797603, 0.9783034806452066]}, {""move_vx"": -4.340241538853189, ""move_vy"": -2.7348132266049356, ""kick_power"": 0.0, ""kick_dir"": null}, {""move_vx"": 4.1012193308819755, ""move_vy"": -4.1012193308819755, ""kick_power"": 0.0, ""kick_dir"": null}, {""move_vx"": 0.0, ""move_vy"": 0.0, ""kick_power"": 0.4, ""kick_dir"": [-0.9969421749456684, 0.07814207932830897]}, {""move_vx"": 0.0, ""move_vy"": 0.0, ""kick_power"": 0.0, ""kick_dir"": null}, {""move_vx"": 0.0, ""move_vy"": 6.0, ""kick_power"": 0.0, ""kick_dir"": null}, {""move_vx"": 4.313351365237939, ""move_vy"": 4.313351365237939, ""kick_power"": 0.0, ""kick_dir"": null}, {""move_vx"": 4.242640687119285, ""move_vy"": 4.242640687119285, ""kick_power"": 0.0, ""kick_dir"": null}, {""move_vx"": 5.865313701108777, ""move_vy"": 1.2641578966195874, ""kick_power"": 0.0, ""kick_dir"": null}, {""move_vx"": -3.5355339059327373, ""move_vy"": -3.5355339059327373, ""kick_power"": 0.0, ""kick_dir"": null}, {""move_vx"": -0.0, ""move_vy"": 0.0, ""kick_power"": 0.9, ""kick_dir"": [-0.8281490198398826, 0.560507862818749]}, {""move_vx"": -6.892781496267185, ""move_vy"": 1.3303996560119489, ""kick_power"": 0.0, ""kick_dir"": null}, {""move_vx"": -5.255611161232339, ""move_vy"": -1.240383538237292, ""kick_power"": 0.0, ""kick_dir"": null}, {""move_vx"": -5.638498225986617, ""move_vy"": -1.3591680380091966, ""kick_power"": 0.0, ""kick_dir"": null}, {""move_vx"": -5.119428900961218, ""move_vy"": 3.129128908818398, ""kick_power"": 0.0, ""kick_dir"": null}, {""move_vx"": -6.0, ""move_vy"": 0.0, ""kick_power"": 0.0, ""kick_dir"": null}, {""move_vx"": -0.0, ""move_vy"": 0.0, ""kick_power"": 0.4, ""kick_dir"": [0.9980396178958949, 0.0625845022657568]}, {""move_vx"": -0.0, ""move_vy"": 0.0, ""kick_power"": 0.4, ""kick_dir"": [0.3254982994639315, 0.9455421471166207]}, {""move_vx"": -5.231373239027743, ""move_vy"": -1.3389301826400015, ""kick_power"": 0.0, ""kick_dir"": null}, {""move_vx"": -0.0, ""move_vy"": 0.0, ""kick_power"": 0.65, ""kick_dir"": [-0.3732173501281045, -0.9277438213739421]}]"
1088,119,default,default,0,10.067409000044497,40.076676746524825,20,B,,-1.4935650385017245,-1.8199118965345735,0.4990258971679127,"[{""move_vx"": 0.0, ""move_vy"": 0.0, ""kick_power"": 0.4, ""kick_dir"": [0.8985667745740248, -0.4388366843164944]}, {""move_vx"": 0.0, ""move_vy"": 0.0, ""kick_power"": 0.4, ""kick_dir"": [0.9928953586240218, 0.11899066488572542]}, {""move_vx"": 0.0, ""move_vy"": 5.4, ""kick_power"": 0.0, ""kick_dir"": null}, {""move_vx"": -4.356754884787599, ""move_vy"": -2.708428857082902, ""kick_power"": 0.0, ""kick_dir"": null}, {""move_vx"": 5.7340435978240505, ""move_vy"": -0.872206408055465, ""kick_power"": 0.0, ""kick_dir"": null}, {""move_vx"": 0.0, ""move_vy"": 0.0, ""kick_power"": 0.4, ""kick_dir"": [-0.9975667920757055, 0.06971641360353636]}, {""move_vx"": 6.0, ""move_vy"": 0.0, ""kick_power"": 0.0, ""kick_dir"": null}, {""move_vx"": 0.0, ""move_vy"": 6.0, ""kick_power"": 0.0, ""kick_dir"": null}, {""move_vx"": 4.313351365237939, ""move_vy"": 4.313351365237939, ""kick_power"": 0.0, ""kick_dir"": null}, {""move_vx"": 4.242640687119285, ""move_vy"": 4.242640687119285, ""kick_power"": 0.0, ""kick_dir"": null}, {""move_vx"": 5.865313701108777, ""move_vy"": 1.2641578966195863, ""kick_power"": 0.0, ""kick_dir"": null}, {""move_vx"": -0.0, ""move_vy"": 0.0, ""kick_power"": 0.0, ""kick_dir"": null}, {""move_vx"": -0.0, ""move_vy"": 0.0, ""kick_power"": 0.9, ""kick_dir"": [-0.8456699457635598, 0.533706104962465]}, {""move_vx"": -6.898735646117382, ""move_vy"": 1.2991714609663307, ""kick_power"": 0.0, ""kick_dir"": null}, {""move_vx"": -5.4, ""move_vy"": 0.0, ""kick_power"": 0.0, ""kick_dir"": null}, {""move_vx"": -5.638453213410647, ""move_vy"": -1.3593547587657715, ""kick_power"": 0.0, ""kick_dir"": null}, {""move_vx"": -5.101042491310677, ""move_vy"": 3.159013374748984, ""kick_power"": 0.0, ""kick_dir"": null}, {""move_vx"": -5.396851091707647, ""move_vy"": -0.18438626286679985, ""kick_power"": 0.0, ""kick_dir"": null}, {""move_vx"": -0.0, ""move_vy"": 0.0, ""kick_power"": 0.4, ""kick_dir"": [0.9982496870193504, 0.0591393201863135]}, {""move_vx"": -0.0, ""move_vy"": 0.0, ""kick_power"": 0.4, ""kick_dir"": [0.1510518836806946, 0.9885253573990148]}, {""move_vx"": -5.231373238886671, ""move_vy"": -1.3389301831911864, ""kick_power"": 0.0, ""kick_dir"": null}, {""move_vx"": -0.0, ""move_vy"": 0.0, ""kick_power"": 0.65, ""kick_dir"": [-0.4087489598696772, -0.9126467442448841]}]"
1088,120,default,default,0,9.718650784120019,39.98741473430701,20,B,,-1.8451650023595962,-1.815210670222461,0.5014934614986307,"[{""move_vx"": 0.0, ""move_vy"": 0.0, ""kick_power"": 0.4, ""kick_dir"": [0.8981853584870221, -0.4396168205622585]}, {""move_vx"": 0.0, ""move_vy"": 0.0, ""kick_power"": 0.4, ""kick_dir"": [0.992561429999611, 0.12174472921301874]}, {""move_vx"": 0.0, ""move_vy"": 0.0, ""kick_power"": 0.9, ""kick_dir"": [-0.1980022946036579, 0.9802015094042731]}, {""move_vx"": -4.372799642243491, ""move_vy"": -2.6824472574116345, ""kick_power"": 0.0, ""kick_dir"": null}, {""move_vx"": 4.1012193308819755, ""move_vy"": -4.1012193308819755, ""kick_power"": 0.0, ""kick_dir"": null}, {""move_vx"": 0.0, ""move_vy"": 0.0, ""kick_power"": 0.4, ""kick_dir"": [-0.9981400240482019, 0.0609620665637984]}, {""move_vx"": 6.0, ""move_vy"": 0.0, ""kick_power"": 0.0, ""kick_dir"": null}, {""move_vx"": 0.0, ""move_vy"": 6.0, ""kick_power"": 0.0, ""kick_dir"": null}, {""move_vx"": 4.313351365237939, ""move_vy"": 4.313351365237939, ""kick_power"": 0.0, ""kick_dir"": null}, {""move_vx"": 4.242640687119285, ""move_vy"": 4.242640687119285, ""kick_power"": 0.0, ""kick_dir"": null}, {""move_vx"": 4.242640687119285, ""move_vy"": -4.242640687119285, ""kick_power"": 0.0, ""kick_dir"": null}, {""move_vx"": -0.0, ""move_vy"": 0.0, ""kick_power"": 0.0, ""kick_dir"": null}, {""move_vx"": -0.0, ""move_vy"": 0.0, ""kick_power"": 0.9, ""kick_dir"": [-0.8599304299615098, 0.5104111285639616]}, {""move_vx"": -6.9045169896018015, ""move_vy"": 1.2680871974356065, ""kick_power"": 0.0, ""kick_dir"": null}, {""move_vx"": -5.25337287941608, ""move_vy"": -1.2498293442768926, ""kick_power"": 0.0, ""kick_dir"": null}, {""move_vx"": -5.638408178848405, ""move_vy"": -1.3595415435710014, ""kick_power"": 0.0, ""kick_dir"": null}, {""move_vx"": -5.083393344109726, ""move_vy"": 3.187336208977796, ""kick_power"": 0.0, ""kick_dir"": null}, {""move_vx"": -6.0, ""move_vy"": 0.0, ""kick_power"": 0.0, ""kick_dir"": null}, {""move_vx"": -0.0, ""move_vy"": 0.0, ""kick_power"": 0.4, ""kick_dir"": [0.9984555904351498, 0.055554735977578644]}, {""move_vx"": -0.0, ""move_vy"": 0.0, ""kick_power"": 0.4, ""kick_dir"": [-0.01950118457362729, 0.9998093523867161]}, {""move_vx"": -5.231373238879369, ""move_vy"": -1.338930183219716, ""kick_power"": 0.0, ""kick_dir"": null}, {""move_vx"": -0.0, ""move_vy"": 0.0, ""kick_power"": 0.65, ""kick_dir"": [-0.43870500959046804, -0.8986310199502311]}]"
1088,121,default,default,0,9.369892568194796,39.89815272209209,20,B,,-2.196851020040503,-1.8191960444946371,0.5030448664914403,"[{""move_vx"": 0.0, ""move_vy"": 0.0, ""kick_power"": 0.4, ""kick_dir"": [0.8978337194649467, -0.44033453462757594]}, {""move_vx"": 0.0, ""move_vy"": 0.0, ""kick_power"": 0.4, ""kick_dir"": [0.992215904623045, 0.12452939385541988]}, {""move_vx"": 0.0, ""move_vy"": 5.4, ""kick_power"": 0.0, ""kick_dir"": null}, {""move_vx"": -4.388388907235502, ""move_vy"": -2.656867102218776, ""kick_power"": 0.0, ""kick_dir"": null}, {""move_vx"": 4.1012193308819755, ""move_vy"": -4.1012193308819755, ""kick_power"": 0.0, ""kick_dir"": null}, {""move_vx"": 0.0, ""move_vy"": 0.0, ""kick_power"": 0.4, ""kick_dir"": [-0.9986541375597413, 0.05186321285495966]}, {""move_vx"": 6.0, ""move_vy"": 0.0, ""kick_power"": 0.0, ""kick_dir"": null}, {""move_vx"": 0.0, ""move_vy"": 6.0, ""kick_power"": 0.0, ""kick_dir"": null}, {""move_vx"": 4.313351365237939, ""move_vy"": 4.313351365237939, ""kick_power"": 0.0, ""kick_dir"": null}, {""move_vx"": 4.242640687119285, ""move_vy"": 4.242640687119285, ""kick_power"": 0.0, ""kick_dir"": null}, {""move_vx"": 5.8485840516329315, ""move_vy"": 1.339426963662044, ""kick_power"": 0.0, ""kick_dir"": null}, {""move_vx"": -0.0, ""move_vy"": 0.0, ""kick_power"": 0.0, ""kick_dir"": null}, {""move_vx"": -0.0, ""move_vy"": 0.0, ""kick_power"": 0.9, ""kick_dir"": [-0.8755718444958174, 0.4830877872518268]}, {""move_vx"": -6.910127526986604, ""move_vy"": 1.2371489646691718, ""kick_power"": 0.0, ""kick_dir"": null}, {""move_vx"": -5.25337287941608, ""move_vy"": -1.2498293442768926, ""kick_power"": 0.0, ""kick_dir"": null}, {""move_vx"": -5.638363122235006, ""move_vy"": -1.3597283926653545, ""kick_power"": 0.0, ""kick_dir"": null}, {""move_vx"": -5.0637912703068615, ""move_vy"": 3.218387479897972, ""kick_power"": 0.0, ""kick_dir"": null}, {""move_vx"": -5.3961997667690405, ""move_vy"": -0.2025538869579206, ""kick_power"": 0.0, ""kick_dir"": null}, {""move_vx"": -0.0, ""move_vy"": 0.0, ""kick_power"": 0.4, ""kick_dir"": [0.9986562678797939, 0.05182230443198122]}, {""move_vx"": -0.0, ""move_vy"": 0.0, ""kick_power"": 0.4, ""kick_dir"": [-0.2072395536185683, 0.9782897452027306]}, {""move_vx"": -5.231373238878979, ""move_vy"": -1.3389301832212392, ""kick_power"": 0.0, ""kick_dir"": null}, {""move_vx"": -0.0, ""move_vy"": 0.0, ""kick_power"": 0.65, ""kick_dir"": [0.39924037112194327, -0.9168462245730838]}]"
1088,122,default,default,0,9.021134352269534,39.808890709877325,20,B,,-2.5486192985293328,-1.812863226484666,0.5002338091357738,"[{""move_vx"": 0.0, ""move_vy"": 0.0, ""kick_power"": 0.4, ""kick_dir"": [0.8975089695862064, -0.44099608004315954]}, {""move_vx"": 0.0, ""move_vy"": 0.0, ""kick_power"": 0.4, ""kick_dir"": [0.9918584122291616, 0.12734544090015398]}, {""move_vx"": 0.0, ""move_vy"": 5.4, ""kick_power"": 0.0, ""kick_dir"": null}, {""move_vx"": -4.403535496398233, ""move_vy"": -2.631686746548829, ""kick_power"": 0.0, ""kick_dir"": null}, {""move_vx"": 4.1012193308819755, ""move_vy"": -4.1012193308819755, ""kick_power"": 0.0, ""kick_dir"": null}, {""move_vx"": 0.0, ""move_vy"": 0.0, ""kick_power"": 0.4, ""kick_dir"": [-0.9991005184405463, 0.04240320115162456]}, {""move_vx"": 6.0, ""move_vy"": 0.0, ""kick_power"": 0.0, ""kick_dir"": null}, {""move_vx"": 0.0, ""move_vy"": 6.0, ""kick_power"": 0.0, ""kick_dir"": null}, {""move_vx"": 5.690059563152025, ""move_vy"": -2.1984590439173943, ""kick_power"": 0.0, ""kick_dir"": null}, {""move_vx"": 3.2638734086837373, ""move_vy"": -5.0345933671039615, ""kick_power"": 0.0, ""kick_dir"": null}, {""move_vx"": 0.0, ""move_vy"": 0.0, ""kick_power"": 0.9, ""kick_dir"": [0.8643841630260144, -0.5028318545145052]}, {""move_vx"": -0.0, ""move_vy"": 0.0, ""kick_power"": 0.0, ""kick_dir"": null}, {""move_vx"": -4.1012193308819755, ""move_vy"": -4.1012193308819755, ""kick_power"": 0.0, ""kick_dir"": null}, {""move_vx"": -6.915569276854609, ""move_vy"": 1.206358809403169, ""kick_power"": 0.0, ""kick_dir"": null}, {""move_vx"": -0.0, ""move_vy"": 0.0, ""kick_power"": 0.9, ""kick_dir"": [-0.9641487404393695, 0.2653620292075951]}, {""move_vx"": -5.638318043514595, ""move_vy"": -1.359915306251736, ""kick_power"": 0.0, ""kick_dir"": null}, {""move_vx"": -5.054457398463903, ""move_vy"": 3.233026508878873, ""kick_power"": 0.0, ""kick_dir"": null}, {""move_vx"": -6.0, ""move_vy"": 0.0, ""kick_power"": 0.0, ""kick_dir"": null}, {""move_vx"": -0.0, ""move_vy"": 0.0, ""kick_power"": 0.4, ""kick_dir"": [0.9988505031940701, 0.047932897312597124]}, {""move_vx"": -0.0, ""move_vy"": 0.0, ""kick_power"": 0.4, ""kick_dir"": [-0.3613456541264698, 0.9324314530694982]}, {""move_vx"": -5.231373238878956, ""move_vy"": -1.3389301832213278, ""kick_power"": 0.0, ""kick_dir"": null}, {""move_vx"": -0.0, ""move_vy"": 0.0, ""kick_power"": 0.65, ""kick_dir"": [0.3761518778286355, -0.926557950794678]}]"
1088,123,default,default,0,8.672376136344269,39.719628697662564,20,B,,-2.900465825416414,-1.8100522063495026,0.5030148798695776,"[{""move_vx"": 0.0, ""move_vy"": 0.0, ""kick_power"": 0.4, ""kick_dir"": [0.8972083694826992, -0.44160733416261433]}, {""move_vx"": 0.0, ""move_vy"": 0.0, ""kick_power"": 0.9, ""kick_dir"": [-0.09617338972620182, -0.9953645218812303]}, {""move_vx"": 0.0, ""move_vy"": 0.0, ""kick_power"": 0.9, ""kick_dir"": [0.18475781666218286, 0.9827837206491497]}, {""move_vx"": -4.418251944398253, ""move_vy"": -2.606904247535965, ""kick_power"": 0.0, ""kick_dir"": null}, {""move_vx"": 4.1012193308819755, ""move_vy"": -4.1012193308819755, ""kick_power"": 0.0, ""kick_dir"": null}, {""move_vx"": 0.0, ""move_vy"": 0.0, ""kick_power"": 0.4, ""kick_dir"": [-0.999469573302699, 0.03256451317541314]}, {""move_vx"": 6.0, ""move_vy"": 0.0, ""kick_power"": 0.0, ""kick_dir"": null}, {""move_vx"": 0.0, ""move_vy"": 6.0, ""kick_power"": 0.0, ""kick_dir"": null}, {""move_vx"": 0.0, ""move_vy"": 0.0, ""kick_power"": 0.4, ""kick_dir"": [0.5392703837729003, -0.8421326326289114]}, {""move_vx"": 4.242640687119285, ""move_vy"": 4.242640687119285, ""kick_power"": 0.0, ""kick_dir"": null}, {""move_vx"": 0.0, ""move_vy"": 0.0, ""kick_power"": 0.9, ""kick_dir"": [0.8579015517301152, -0.513813960886467]}, {""move_vx"": -0.0, ""move_vy"": 0.0, ""kick_power"": 0.0, ""kick_dir"": null}, {""move_vx"": -4.1012193308819755, ""move_vy"": 4.1012193308819755, ""kick_power"": 0.0, ""kick_dir"": null}, {""move_vx"": -6.920844274956531, ""move_vy"": 1.1757187256318593, ""kick_power"": 0.0, ""kick_dir"": null}, {""move_vx"": -0.0, ""move_vy"": 0.0, ""kick_power"": 0.9, ""kick_dir"": [-0.96964130427395, 0.24453129378783603]}, {""move_vx"": -5.638272942631463, ""move_vy"": -1.360102284532286, ""kick_power"": 0.0, ""kick_dir"": null}, {""move_vx"": -5.035621523970209, ""move_vy"": 3.2622869075738796, ""kick_power"": 0.0, ""kick_dir"": null}, {""move_vx"": -5.3954745498073535, ""move_vy"": -0.22103027480673018, ""kick_power"": 0.0, ""kick_dir"": null}, {""move_vx"": -0.0, ""move_vy"": 0.0, ""kick_power"": 0.4, ""kick_dir"": [0.9990369007211012, 0.0438766343705128]}, {""move_vx"": -0.0, ""move_vy"": 0.0, ""kick_power"": 0.4, ""kick_dir"": [0.9423457760059317, -0.33463933454605876]}, {""move_vx"": -5.231373238878957, ""move_vy"": -1.3389301832213296, ""kick_power"": 0.0, ""kick_dir"": null}, {""move_vx"": -0.0, ""move_vy"": 0.0, ""kick_power"": 0.65, ""kick_dir"": [0.35199759208661735, -0.9360008357366961]}]"
1088,124,default,default,0,8.323617920419004,39.630366685447804,20,B,,-3.2523864347092473,-1.8002737790439556,0.5049948473100829,"[{""move_vx"": 0.0, ""move_vy"": 0.0, ""kick_power"": 0.4, ""kick_dir"": [0.8969292809528194, -0.4421739063304242]}, {""move_vx"": -5.8, ""move_vy"": 0.0, ""kick_power"": 0.0, ""kick_dir"": null}, {""move_vx"": 0.0, ""move_vy"": 5.4, ""kick_power"": 0.0, ""kick_dir"": null}, {""move_vx"": -4.432550502365236, ""move_vy"": -2.582517385029904, ""kick_power"": 0.0, ""kick_dir"": null}, {""move_vx"": 4.1012193308819755, ""move_vy"": -4.1012193308819755, ""kick_power"": 0.0, ""kick_dir"": null}, {""move_vx"": 0.0, ""move_vy"": 0.0, ""kick_power"": 0.4, ""kick_dir"": [-0.9997506198014524, 0.022328719173966127]}, {""move_vx"": 6.0, ""move_vy"": 0.0, ""kick_power"": 0.0, ""kick_dir"": null}, {""move_vx"": 0.0, ""move_vy"": 6.0, ""kick_power"": 0.0, ""kick_dir"": null}, {""move_vx"": 0.0, ""move_vy"": 0.0, ""kick_power"": 0.4, ""kick_dir"": [0.5392703837729003, -0.8421326326289114]}, {""move_vx"": -4.242640687119285, ""move_vy"": 4.242640687119285, ""kick_power"": 0.0, ""kick_dir"": null}, {""move_vx"": 0.0, ""move_vy"": 0.0, ""kick_power"": 0.9, ""kick_dir"": [0.8715512419608571, -0.4903042856367575]}, {""move_vx"": -0.0, ""move_vy"": 0.0, ""kick_power"": 0.0, ""kick_dir"": null}, {""move_vx"": -4.1012193308819755, ""move_vy"": -4.1012193308819755, ""kick_power"": 0.0, ""kick_dir"": null}, {""move_vx"": -6.925954573038576, ""move_vy"": 1.1452306545871174, ""kick_power"": 0.0, ""kick_dir"": null}, {""move_vx"": -0.0, ""move_vy"": 0.0, ""kick_power"": 0.9, ""kick_dir"": [0.8668955263371868, -0.49848972386809526]}, {""move_vx"": -5.638227819529612, ""move_vy"": -1.360289327710233, ""kick_power"": 0.0, ""kick_dir"": null}, {""move_vx"": -7.498973593778039, ""move_vy"": 0.1240767497143968, ""kick_power"": 0.0, ""kick_dir"": null}, {""move_vx"": -5.395155858063173, ""move_vy"": -0.22867721182185885, ""kick_power"": 0.0, ""kick_dir"": null}, {""move_vx"": -0.0, ""move_vy"": 0.0, ""kick_power"": 0.4, ""kick_dir"": [0.9992138577634737, 0.039642806039414946]}, {""move_vx"": -0.0, ""move_vy"": 0.0, ""kick_power"": 0.4, ""kick_dir"": [0.919836248384155, -0.39230125689234413]}, {""move_vx"": -5.231373238878956, ""move_vy"": -1.338930183221328, ""kick_power"": 0.0, ""kick_dir"": null}, {""move_vx"": -0.0, ""move_vy"": 0.0, ""kick_power"": 0.65, ""kick_dir"": [0.3267715007592638, -0.9451033031524194]}]"
1088,125,default,default,0,7.9748597044937375,39.54110467323304,20,B,,-3.60437686884598,-1.8030243712873308,0.5038275770401638,"[{""move_vx"": 0.0, ""move_vy"": 0.0, ""kick_power"": 0.4, ""kick_dir"": [0.893783688873096, -0.44849817747720294]}, {""move_vx"": -5.8, ""move_vy"": 0.0, ""kick_power"": 0.0, ""kick_dir"": null}, {""move_vx"": 0.0, ""move_vy"": 0.0, ""kick_power"": 0.9, ""kick_dir"": [0.45061922792233067, 0.8927158644039803]}, {""move_vx"": -4.446443137138479, ""move_vy"": -2.5585236813823165, ""kick_power"": 0.0, ""kick_dir"": null}, {""move_vx"": 4.1012193308819755, ""move_vy"": -4.1012193308819755, ""kick_power"": 0.0, ""kick_dir"": null}, {""move_vx"": 0.0, ""move_vy"": 0.0, ""kick_power"": 0.4, ""kick_dir"": [-0.9997623822530136, 0.021795768961551575]}, {""move_vx"": 6.0, ""move_vy"": 0.0, ""kick_power"": 0.0, ""kick_dir"": null}, {""move_vx"": 0.0, ""move_vy"": 6.0, ""kick_power"": 0.0, ""kick_dir"": null}, {""move_vx"": 0.0, ""move_vy"": 0.0, ""kick_power"": 0.4, ""kick_dir"": [0.5392703837729003, -0.8421326326289114]}, {""move_vx"": 3.1997924847590205, ""move_vy"": -5.075561846188036, ""kick_power"": 0.0, ""kick_dir"": null}, {""move_vx"": 0.0, ""move_vy"": 0.0, ""kick_power"": 0.9, ""kick_dir"": [0.8753318041256084, -0.48352258342445414]}, {""move_vx"": -4.455151168271952, ""move_vy"": -0.6337413256566553, ""kick_power"": 0.0, ""kick_dir"": null}, {""move_vx"": -4.1012193308819755, ""move_vy"": 4.1012193308819755, ""kick_power"": 0.0, ""kick_dir"": null}, {""move_vx"": -6.930902237679529, ""move_vy"": 1.1148964847594187, ""kick_power"": 0.0, ""kick_dir"": null}, {""move_vx"": -0.0, ""move_vy"": 0.0, ""kick_power"": 0.9, ""kick_dir"": [0.8445454515907043, -0.5354837404296194]}, {""move_vx"": -5.6381826741527235, ""move_vy"": -1.3604764359899955, ""kick_power"": 0.0, ""kick_dir"": null}, {""move_vx"": -0.0, ""move_vy"": 0.0, ""kick_power"": 0.65, ""kick_dir"": [0.9164091842904053, 0.4002416722732999]}, {""move_vx"": -5.394826229189313, ""move_vy"": -0.23632595467071046, ""kick_power"": 0.0, ""kick_dir"": null}, {""move_vx"": -0.0, ""move_vy"": 0.0, ""kick_power"": 0.4, ""kick_dir"": [0.999379532365658, 0.03521978664767588]}, {""move_vx"": -0.0, ""move_vy"": 0.0, ""kick_power"": 0.4, ""kick_dir"": [0.8696408688170588, -0.4936838657317667]}, {""move_vx"": -5.231373238878958, ""move_vy"": -1.338930183221323, ""kick_power"": 0.0, ""kick_dir"": null}, {""move_vx"": -0.0, ""move_vy"": 0.0, ""kick_power"": 0.65, ""kick_dir"": [0.30047626853879067, -0.9537892206575826]}]"
1088,126,default,default,0,7.626101488568472,39.45184266101828,20,B,,-3.9553786332581384,-1.7992944813759635,0.499330580075139,"[{""move_vx"": -3.5355339059327373, ""move_vy"": 3.5355339059327373, ""kick_power"": 0.0, ""kick_dir"": null}, {""move_vx"": -5.8, ""move_vy"": 0.0, ""kick_power"": 0.0, ""kick_dir"": null}, {""move_vx"": 0.0, ""move_vy"": 0.0, ""kick_power"": 0.0, ""kick_dir"": null}, {""move_vx"": -4.45994153125331, ""move_vy"": -2.53492042040808, ""kick_power"": 0.0, ""kick_dir"": null}, {""move_vx"": 4.1012193308819755, ""move_vy"": -4.1012193308819755, ""kick_power"": 0.0, ""kick_dir"": null}, {""move_vx"": 0.0, ""move_vy"": 0.0, ""kick_power"": 0.4, ""kick_dir"": [-0.9997733317439077, 0.021287661339172658]}, {""move_vx"": 6.0, ""move_vy"": 0.0, ""kick_power"": 0.0, ""kick_dir"": null}, {""move_vx"": -3.232938665247513, ""move_vy"": -4.694476284608073, ""kick_power"": 0.0, ""kick_dir"": null}, {""move_vx"": 0.0, ""move_vy"": 0.0, ""kick_power"": 0.4, ""kick_dir"": [0.5392703837729003, -0.8421326326289114]}, {""move_vx"": 4.242640687119285, ""move_vy"": 4.242640687119285, ""kick_power"": 0.0, ""kick_dir"": null}, {""move_vx"": 0.0, ""move_vy"": 0.0, ""kick_power"": 0.9, ""kick_dir"": [0.8686966203057227, -0.49534436649740266]}, {""move_vx"": -0.0, ""move_vy"": 0.0, ""kick_power"": 0.0, ""kick_dir"": null}, {""move_vx"": -4.1012193308819755, ""move_vy"": -4.1012193308819755, ""kick_power"": 0.0, ""kick_dir"": null}, {""move_vx"": -6.935689349139778, ""move_vy"": 1.0847180519513133, ""kick_power"": 0.0, ""kick_dir"": null}, {""move_vx"": -0.0, ""move_vy"": 0.0, ""kick_power"": 0.9, ""kick_dir"": [0.8385598847221897, -0.5448092972384344]}, {""move_vx"": 4.855391865110286, ""move_vy"": 0.8544412421113913, ""kick_power"": 0.0, ""kick_dir"": null}, {""move_vx"": -4.992175989105923, ""move_vy"": 3.32838983500946, ""kick_power"": 0.0, ""kick_dir"": null}, {""move_vx"": -5.394485654856058, ""move_vy"": -0.24397647335801137, ""kick_power"": 0.0, ""kick_dir"": null}, {""move_vx"": -0.0, ""move_vy"": 0.0, ""kick_power"": 0.4, ""kick_dir"": [0.9995318055359901, 0.030594936806824923]}, {""move_vx"": -0.0, ""move_vy"": 0.0, ""kick_power"": 0.4, ""kick_dir"": [0.8696408688170588, -0.4936838657317667]}, {""move_vx"": -5.231373238878959, ""move_vy"": -1.3389301832213212, ""kick_power"": 0.0, ""kick_dir"": null}, {""move_vx"": -0.0, ""move_vy"": 0.0, ""kick_power"": 0.65, ""kick_dir"": [0.2731244376060226, -0.9619786406716693]}]"
1088,127,default,default,0,7.277343272643208,39.36258064880352,20,B,,-4.307546022865123,-1.8002370421723246,0.5148106248401654,"[{""move_vx"": 0.0, ""move_vy"": 0.0, ""kick_power"": 0.4, ""kick_dir"": [0.8839568180276709, -0.46756843417997346]}, {""move_vx"": -5.8, ""move_vy"": 0.0, ""kick_power"": 0.0, ""kick_dir"": null}, {""move_vx"": 0.0, ""move_vy"": 0.0, ""kick_power"": 0.9, ""kick_dir"": [0.6225792396068525, 0.7825564159155842]}, {""move_vx"": -4.473057083601618, ""move_vy"": -2.511704665529246, ""kick_power"": 0.0, ""kick_dir"": null}, {""move_vx"": 4.1012193308819755, ""move_vy"": -4.1012193308819755, ""kick_power"": 0.0, ""kick_dir"": null}, {""move_vx"": 0.0, ""move_vy"": 0.0, ""kick_power"": 0.4, ""kick_dir"": [-0.9997835414945986, 0.020802699241872342]}, {""move_vx"": 6.0, ""move_vy"": 0.0, ""kick_power"": 0.0, ""kick_dir"": null}, {""move_vx"": -3.2722853012164275, ""move_vy"": -4.667134978489792, ""kick_power"": 0.0, ""kick_dir"": null}, {""move_vx"": 0.0, ""move_vy"": 0.0, ""kick_power"": 0.4, ""kick_dir"": [0.5392703837729003, -0.8421326326289114]}, {""move_vx"": 3.1167565303148717, ""move_vy"": -5.1269707167819485, ""kick_power"": 0.0, ""kick_dir"": null}, {""move_vx"": 0.0, ""move_vy"": 0.0, ""kick_power"": 0.9, ""kick_dir"": [0.881699495293986, -0.4718112553064795]}, {""move_vx"": -0.0, ""move_vy"": 0.0, ""kick_power"": 0.0, ""kick_dir"": null}, {""move_vx"": -4.1012193308819755, ""move_vy"": 4.1012193308819755, ""kick_power"": 0.0, ""kick_dir"": null}, {""move_vx"": -6.94031800022314, ""move_vy"": 1.0546971393621343, ""kick_power"": 0.0, ""kick_dir"": null}, {""move_vx"": -3.8183766184073566, ""move_vy"": 3.8183766184073566, ""kick_power"": 0.0, ""kick_dir"": null}, {""move_vx"": -0.0, ""move_vy"": 5.8, ""kick_power"": 0.0, ""kick_dir"": null}, {""move_vx"": -4.983310697582425, ""move_vy"": 3.3416484691482085, ""kick_power"": 0.0, ""kick_dir"": null}, {""move_vx"": -5.394134126835789, ""move_vy"": -0.2516287378371346, ""kick_power"": 0.0, ""kick_dir"": null}, {""move_vx"": -0.0, ""move_vy"": 0.0, ""kick_power"": 0.4, ""kick_dir"": [0.9994436223176958, 0.03335158955545426]}, {""move_vx"": -0.0, ""move_vy"": 0.0, ""kick_power"": 0.4, ""kick_dir"": [0.8514734952338693, -0.52439668850496]}, {""move_vx"": -5.23137323887896, ""move_vy"": -1.338930183221315, ""kick_power"": 0.0, ""kick_dir"": null}, {""move_vx"": -5.552167529979503, ""move_vy"": -1.5333087487656607, ""kick_power"": 0.0, ""kick_dir"": null}]"
1088,128,default,default,0,6.928585056717944,39.27331863658876,20,B,,-4.659767485039954,-1.8044111637325515,0.5099703433853648,"[{""move_vx"": 0.0, ""move_vy"": 0.0, ""kick_power"": 0.4, ""kick_dir"": [0.8807056112717456, -0.4736639338851412]}, {""move_vx"": -5.8, ""move_vy"": 0.0, ""kick_power"": 0.0, ""kick_dir"": null}, {""move_vx"": 0.0, ""move_vy"": 5.4, ""kick_power"": 0.0, ""kick_dir"": null}, {""move_vx"": -4.485800910704517, ""move_vy"": -2.488873277112059, ""kick_power"": 0.0, ""kick_dir"": null}, {""move_vx"": 4.1012193308819755, ""move_vy"": -4.1012193308819755, ""kick_power"": 0.0, ""kick_dir"": null}, {""move_vx"": 0.0, ""move_vy"": 0.0, ""kick_power"": 0.4, ""kick_dir"": [-0.9997930766647704, 0.020339336706754918]}, {""move_vx"": 6.0, ""move_vy"": 0.0, ""kick_power"": 0.0, ""kick_dir"": null}, {""move_vx"": -3.311169014809587, ""move_vy"": -4.639629269172797, ""kick_power"": 0.0, ""kick_dir"": null}, {""move_vx"": 5.691892202611224, ""move_vy"": -2.1937099064948256, ""kick_power"": 0.0, ""kick_dir"": null}, {""move_vx"": 4.242640687119285, ""move_vy"": 4.242640687119285, ""kick_power"": 0.0, ""kick_dir"": null}, {""move_vx"": 0.0, ""move_vy"": 0.0, ""kick_power"": 0.9, ""kick_dir"": [0.8750876301866013, -0.4839643617145306]}, {""move_vx"": -0.0, ""move_vy"": 0.0, ""kick_power"": 0.0, ""kick_dir"": null}, {""move_vx"": -4.1012193308819755, ""move_vy"": 4.1012193308819755, ""kick_power"": 0.0, ""kick_dir"": null}, {""move_vx"": -6.944790295152254, ""move_vy"": 1.0248354777031656, ""kick_power"": 0.0, ""kick_dir"": null}, {""move_vx"": -3.8183766184073566, ""move_vy"": 3.8183766184073566, ""kick_power"": 0.0, ""kick_dir"": null}, {""move_vx"": 4.90623686742972, ""move_vy"": 0.4834664421378259, ""kick_power"": 0.0, ""kick_dir"": null}, {""move_vx"": -0.0, ""move_vy"": 0.0, ""kick_power"": 0.4, ""kick_dir"": [-0.8540829224661786, 0.520135906809347]}, {""move_vx"": -5.393771637003281, ""move_vy"": -0.25928271801056224, ""kick_power"": 0.0, ""kick_dir"": null}, {""move_vx"": -4.242640687119285, ""move_vy"": -4.242640687119285, ""kick_power"": 0.0, ""kick_dir"": null}, {""move_vx"": -0.0, ""move_vy"": 0.0, ""kick_power"": 0.4, ""kick_dir"": [0.8540829224661786, -0.520135906809347]}, {""move_vx"": -5.231373238878959, ""move_vy"": -1.3389301832213167, ""kick_power"": 0.0, ""kick_dir"": null}, {""move_vx"": -0.0, ""move_vy"": 0.0, ""kick_power"": 0.65, ""kick_dir"": [0.24151176685181672, -0.9703978186138558]}]"
1088,129,default,default,0,6.5798268407926805,39.184056624374,20,B,,-5.012038892071252,-1.8047089083542505,0.5182874591825609,"[{""move_vx"": 0.0, ""move_vy"": 0.0, ""kick_power"": 0.4, ""kick_dir"": [0.8774121407098343, -0.4797372515492313]}, {""move_vx"": -5.8, ""move_vy"": 0.0, ""kick_power"": 0.0, ""kick_dir"": null}, {""move_vx"": 0.0, ""move_vy"": 5.4, ""kick_power"": 0.0, ""kick_dir"": null}, {""move_vx"": -4.498183848538722, ""move_vy"": -2.466422929009818, ""kick_power"": 0.0, ""kick_dir"": null}, {""move_vx"": 4.1012193308819755, ""move_vy"": -4.1012193308819755, ""kick_power"": 0.0, ""kick_dir"": null}, {""move_vx"": 0.0, ""move_vy"": 0.0, ""kick_power"": 0.4, ""kick_dir"": [-0.9998019953951353, 0.019896162425293733]}, {""move_vx"": 6.0, ""move_vy"": 0.0, ""kick_power"": 0.0, ""kick_dir"": null}, {""move_vx"": -3.3495863547754006, ""move_vy"": -4.611970430510416, ""kick_power"": 0.0, ""kick_dir"": null}, {""move_vx"": 0.0, ""move_vy"": 0.0, ""kick_power"": 0.4, ""kick_dir"": [0.5336256513177715, -0.8457207465021777]}, {""move_vx"": 7.064960605954061, ""move_vy"": -1.3879234980060022, ""kick_power"": 0.0, ""kick_dir"": null}, {""move_vx"": 0.0, ""move_vy"": 0.0, ""kick_power"": 0.9, ""kick_dir"": [0.8873523589500516, -0.4610918086924952]}, {""move_vx"": -0.0, ""move_vy"": 0.0, ""kick_power"": 0.0, ""kick_dir"": null}, {""move_vx"": -0.0, ""move_vy"": 0.0, ""kick_power"": 0.9, ""kick_dir"": [-0.8127529250206222, 0.5826083853624586]}, {""move_vx"": -5.924412507052368, ""move_vy"": 0.4300423773088896, ""kick_power"": 0.0, ""kick_dir"": null}, {""move_vx"": -3.8183766184073566, ""move_vy"": 3.8183766184073566, ""kick_power"": 0.0, ""kick_dir"": null}, {""move_vx"": -0.0, ""move_vy"": 5.8, ""kick_power"": 0.0, ""kick_dir"": null}, {""move_vx"": -4.974131551313241, ""move_vy"": 3.3552966054031845, ""kick_power"": 0.0, ""kick_dir"": null}, {""move_vx"": -5.393398177336014, ""move_vy"": -0.2669383837303491, ""kick_power"": 0.0, ""kick_dir"": null}, {""move_vx"": -4.242640687119285, ""move_vy"": -4.242640687119285, ""kick_power"": 0.0, ""kick_dir"": null}, {""move_vx"": -5.203393322805095, ""move_vy"": -3.7262176436954615, ""kick_power"": 0.0, ""kick_dir"": null}, {""move_vx"": -5.23137323887896, ""move_vy"": -1.3389301832213145, ""kick_power"": 0.0, ""kick_dir"": null}, {""move_vx"": -5.55277151400049, ""move_vy"": -1.5311200192358252, ""kick_power"": 0.0, ""kick_dir"": null}]"
1088,130,default,default,0,6.453983752814906,40.03993342591847,20,B,,-5.364939680142716,-1.7751345284404725,0.5173636305112242,"[{""move_vx"": 0.0, ""move_vy"": 0.0, ""kick_power"": 0.4, ""kick_dir"": [0.874077977349222, -0.4857855328141313]}, {""move_vx"": -5.8, ""move_vy"": 0.0, ""kick_power"": 0.0, ""kick_dir"": null}, {""move_vx"": 0.0, ""move_vy"": 5.4, ""kick_power"": 0.0, ""kick_dir"": null}, {""move_vx"": -4.510216454861597, ""move_vy"": -2.444350124326645, ""kick_power"": 0.0, ""kick_dir"": null}, {""move_vx"": 4.1012193308819755, ""move_vy"": -4.1012193308819755, ""kick_power"": 0.0, ""kick_dir"": null}, {""move_vx"": 4.313351365237939, ""move_vy"": 4.313351365237939, ""kick_power"": 0.0, ""kick_dir"": null}, {""move_vx"": 6.0, ""move_vy"": 0.0, ""kick_power"": 0.0, ""kick_dir"": null}, {""move_vx"": -3.387534233925073, ""move_vy"": -4.584169697337312, ""kick_power"": 0.0, ""kick_dir"": null}, {""move_vx"": 5.693731792932241, ""move_vy"": -2.1889308509298777, ""kick_power"": 0.0, ""kick_dir"": null}, {""move_vx"": 7.064960605954061, ""move_vy"": -1.3879234980060042, ""kick_power"": 0.0, ""kick_dir"": null}, {""move_vx"": 0.0, ""move_vy"": 0.0, ""kick_power"": 0.9, ""kick_dir"": [0.8913952153875152, -0.45322669718247693]}, {""move_vx"": -0.0, ""move_vy"": 0.0, ""kick_power"": 0.0, ""kick_dir"": null}, {""move_vx"": -0.0, ""move_vy"": 0.0, ""kick_power"": 0.9, ""kick_dir"": [-0.8215039575978086, 0.570202684149672]}, {""move_vx"": -5.924412507052368, ""move_vy"": 0.4300423773088895, ""kick_power"": 0.0, ""kick_dir"": null}, {""move_vx"": -3.8183766184073566, ""move_vy"": 3.8183766184073566, ""kick_power"": 0.0, ""kick_dir"": null}, {""move_vx"": 4.92939432152304, ""move_vy"": 0.07727627667281134, ""kick_power"": 0.0, ""kick_dir"": null}, {""move_vx"": -4.242640687119285, ""move_vy"": 4.242640687119285, ""kick_power"": 0.0, ""kick_dir"": null}, {""move_vx"": -5.393013739914461, ""move_vy"": -0.2745957047985983, ""kick_power"": 0.0, ""kick_dir"": null}, {""move_vx"": -4.242640687119285, ""move_vy"": -4.242640687119285, ""kick_power"": 0.0, ""kick_dir"": null}, {""move_vx"": -0.0, ""move_vy"": 0.0, ""kick_power"": 0.4, ""kick_dir"": [0.9289948742439779, -0.37009123689864065]}, {""move_vx"": -4.242640687119285, ""move_vy"": 4.242640687119285, ""kick_power"": 0.0, ""kick_dir"": null}, {""move_vx"": -0.0, ""move_vy"": 0.0, ""kick_power"": 0.65, ""kick_dir"": [0.21186278744485623, -0.977299348276125]}]"
1088,131,default,default,0,5.878247821526835,39.61566935720654,20,B,,-5.717471310498591,-1.8329273888937632,0.5099887432879547,"[{""move_vx"": -4.499949816118281, ""move_vy"": -0.021252115589821177, ""kick_power"": 0.0, ""kick_dir"": null}, {""move_vx"": -5.8, ""move_vy"": 0.0, ""kick_power"": 0.0, ""kick_dir"": null}, {""move_vx"": 0.0, ""move_vy"": 5.4, ""kick_power"": 0.0, ""kick_dir"": null}, {""move_vx"": -4.618098575725462, ""move_vy"": -2.233845461280271, ""kick_power"": 0.0, ""kick_dir"": null}, {""move_vx"": 4.1012193308819755, ""move_vy"": -4.1012193308819755, ""kick_power"": 0.0, ""kick_dir"": null}, {""move_vx"": 0.0, ""move_vy"": 0.0, ""kick_power"": 0.4, ""kick_dir"": [-0.999993840251563, 0.0034946625993530303]}, {""move_vx"": 6.0, ""move_vy"": 0.0, ""kick_power"": 0.0, ""kick_dir"": null}, {""move_vx"": -3.4907830649902016, ""move_vy"": -4.506044117979496, ""kick_power"": 0.0, ""kick_dir"": null}, {""move_vx"": 0.0, ""move_vy"": 0.0, ""kick_power"": 0.4, ""kick_dir"": [0.5278165155841515, -0.8493583706088387]}, {""move_vx"": 4.242640687119285, ""move_vy"": 4.242640687119285, ""kick_power"": 0.0, ""kick_dir"": null}, {""move_vx"": 0.0, ""move_vy"": 0.0, ""kick_power"": 0.9, ""kick_dir"": [0.8951371049722762, -0.4457907986979638]}, {""move_vx"": -0.0, ""move_vy"": 0.0, ""kick_power"": 0.0, ""kick_dir"": null}, {""move_vx"": -4.1012193308819755, ""move_vy"": 4.1012193308819755, ""kick_power"": 0.0, ""kick_dir"": null}, {""move_vx"": -5.924412507052368, ""move_vy"": 0.43004237730888933, ""kick_power"": 0.0, ""kick_dir"": null}, {""move_vx"": -3.8183766184073566, ""move_vy"": 3.8183766184073566, ""kick_power"": 0.0, ""kick_dir"": null}, {""move_vx"": 4.92939432152304, ""move_vy"": 0.07727627667281282, ""kick_power"": 0.0, ""kick_dir"": null}, {""move_vx"": -4.242640687119285, ""move_vy"": 4.242640687119285, ""kick_power"": 0.0, ""kick_dir"": null}, {""move_vx"": -5.396942041607987, ""move_vy"": -0.18170470418846035, ""kick_power"": 0.0, ""kick_dir"": null}, {""move_vx"": -6.0, ""move_vy"": 0.0, ""kick_power"": 0.0, ""kick_dir"": null}, {""move_vx"": -0.0, ""move_vy"": 0.0, ""kick_power"": 0.4, ""kick_dir"": [0.9060067176716043, -0.42326212627008786]}, {""move_vx"": -6.0, ""move_vy"": 0.0, ""kick_power"": 0.0, ""kick_dir"": null}, {""move_vx"": -0.0, ""move_vy"": 0.0, ""kick_power"": 0.65, ""kick_dir"": [0.1850025879775969, -0.9827379600823836]}]"
1088,132,default,default,0,5.558455912844625,39.34074601384927,20,B,,-6.068000702296129,-1.7992824679655088,0.5224400331133934,"[{""move_vx"": -4.499949816118281, ""move_vy"": -0.021252115589819168, ""kick_power"": 0.0, ""kick_dir"": null}, {""move_vx"": -5.8, ""move_vy"": 0.0, ""kick_power"": 0.0, ""kick_dir"": null}, {""move_vx"": 0.0, ""move_vy"": 5.4, ""kick_power"": 0.0, ""kick_dir"": null}, {""move_vx"": -4.600149674815553, ""move_vy"": -2.2705776730370526, ""kick_power"": 0.0, ""kick_dir"": null}, {""move_vx"": 0.0, ""move_vy"": 0.0, ""kick_power"": 0.0, ""kick_dir"": null}, {""move_vx"": 0.0, ""move_vy"": 0.0, ""kick_power"": 0.4, ""kick_dir"": [-0.6040224299660734, 0.7969672449512423]}, {""move_vx"": 6.0, ""move_vy"": 0.0, ""kick_power"": 0.0, ""kick_dir"": null}, {""move_vx"": -3.5230980141591424, ""move_vy"": -4.4808236277081805, ""kick_power"": 0.0, ""kick_dir"": null}, {""move_vx"": 5.695578405029636, ""move_vy"": -2.184121478343194, ""kick_power"": 0.0, ""kick_dir"": null}, {""move_vx"": 7.039846635903392, ""move_vy"": -1.510152092658113, ""kick_power"": 0.0, ""kick_dir"": null}, {""move_vx"": 0.0, ""move_vy"": 0.0, ""kick_power"": 0.9, ""kick_dir"": [0.905536839032565, -0.424267494761453]}, {""move_vx"": -0.0, ""move_vy"": 0.0, ""kick_power"": 0.0, ""kick_dir"": null}, {""move_vx"": -0.0, ""move_vy"": -5.8, ""kick_power"": 0.0, ""kick_dir"": null}, {""move_vx"": -5.924412507052368, ""move_vy"": 0.4300423773088893, ""kick_power"": 0.0, ""kick_dir"": null}, {""move_vx"": -3.8183766184073566, ""move_vy"": 3.8183766184073566, ""kick_power"": 0.0, ""kick_dir"": null}, {""move_vx"": -0.0, ""move_vy"": 5.8, ""kick_power"": 0.0, ""kick_dir"": null}, {""move_vx"": -4.242640687119285, ""move_vy"": 4.242640687119285, ""kick_power"": 0.0, ""kick_dir"": null}, {""move_vx"": -5.395416240932408, ""move_vy"": -0.2224490662664447, ""kick_power"": 0.0, ""kick_dir"": null}, {""move_vx"": -6.0, ""move_vy"": 0.0, ""kick_power"": 0.0, ""kick_dir"": null}, {""move_vx"": -5.896888841628404, ""move_vy"": 1.4809125529478182, ""kick_power"": 0.0, ""kick_dir"": null}, {""move_vx"": -5.173829486337426, ""move_vy"": -1.5464438063846395, ""kick_power"": 0.0, ""kick_dir"": null}, {""move_vx"": -0.0, ""move_vy"": 0.0, ""kick_power"": 0.65, ""kick_dir"": [0.1576054919588037, -0.9875020828559025]}]"
1088,133,default,default,0,6.733325855771006,39.512573103447565,20,B,,-6.404949322647434,-1.5936101614638014,0.5654883572896762,"[{""move_vx"": 0.0, ""move_vy"": 0.0, ""kick_power"": 0.4, ""kick_dir"": [0.8682712895047155, -0.49608956905341306]}, {""move_vx"": -5.8, ""move_vy"": 0.0, ""kick_power"": 0.0, ""kick_dir"": null}, {""move_vx"": 0.0, ""move_vy"": 5.4, ""kick_power"": 0.0, ""kick_dir"": null}, {""move_vx"": -4.579823890603303, ""move_vy"": -2.311301177055734, ""kick_power"": 0.0, ""kick_dir"": null}, {""move_vx"": -5.8, ""move_vy"": 0.0, ""kick_power"": 0.0, ""kick_dir"": null}, {""move_vx"": 0.0, ""move_vy"": 0.0, ""kick_power"": 0.4, ""kick_dir"": [-0.6062546935181138, 0.795270477421663]}, {""move_vx"": 6.0, ""move_vy"": 0.0, ""kick_power"": 0.0, ""kick_dir"": null}, {""move_vx"": -3.536506046116199, ""move_vy"": -4.4702488729134044, ""kick_power"": 0.0, ""kick_dir"": null}, {""move_vx"": 5.69743211108353, ""move_vy"": -2.1792813814636847, ""kick_power"": 0.0, ""kick_dir"": null}, {""move_vx"": 2.6950820406737246, ""move_vy"": -5.360646676851399, ""kick_power"": 0.0, ""kick_dir"": null}, {""move_vx"": 0.0, ""move_vy"": 0.0, ""kick_power"": 0.9, ""kick_dir"": [0.9083207980725364, -0.4182740792311037]}, {""move_vx"": -0.0, ""move_vy"": 0.0, ""kick_power"": 0.0, ""kick_dir"": null}, {""move_vx"": -0.0, ""move_vy"": 0.0, ""kick_power"": 0.9, ""kick_dir"": [-0.8148237012215785, 0.5797087196208801]}, {""move_vx"": -5.924412507052368, ""move_vy"": 0.430042377308889, ""kick_power"": 0.0, ""kick_dir"": null}, {""move_vx"": -3.8183766184073566, ""move_vy"": 3.8183766184073566, ""kick_power"": 0.0, ""kick_dir"": null}, {""move_vx"": 4.913995875387333, ""move_vy"": -0.39691880363151544, ""kick_power"": 0.0, ""kick_dir"": null}, {""move_vx"": -4.242640687119285, ""move_vy"": 4.242640687119285, ""kick_power"": 0.0, ""kick_dir"": null}, {""move_vx"": -5.394804735272727, ""move_vy"": -0.236816106460198, ""kick_power"": 0.0, ""kick_dir"": null}, {""move_vx"": -6.0, ""move_vy"": 0.0, ""kick_power"": 0.0, ""kick_dir"": null}, {""move_vx"": -0.0, ""move_vy"": 0.0, ""kick_power"": 0.4, ""kick_dir"": [0.8684895558452098, -0.4957065248316633]}, {""move_vx"": -0.0, ""move_vy"": 0.0, ""kick_power"": 0.0, ""kick_dir"": null}, {""move_vx"": -5.5709212696623025, ""move_vy"": -1.4637063254711187, ""kick_power"": 0.0, ""kick_dir"": null}]"
1088,134,default,default,0,5.133325855771006,39.512573103447565,20,B,,-6.769739919709498,-1.969250652503968,0.46807812670514337,"[{""move_vx"": -4.499805955866141, ""move_vy"": -0.04178946699352319, ""kick_power"": 0.0, ""kick_dir"": null}, {""move_vx"": -5.8, ""move_vy"": 0.0, ""kick_power"": 0.0, ""kick_dir"": null}, {""move_vx"": 0.0, ""move_vy"": 5.4, ""kick_power"": 0.0, ""kick_dir"": null}, {""move_vx"": -4.5187401781827825, ""move_vy"": -2.4285566087856867, ""kick_power"": 0.0, ""kick_dir"": null}, {""move_vx"": 4.1012193308819755, ""move_vy"": -4.1012193308819755, ""kick_power"": 0.0, ""kick_dir"": null}, {""move_vx"": 0.0, ""move_vy"": 0.0, ""kick_power"": 0.4, ""kick_dir"": [-0.6199560955075339, 0.7846364297195455]}, {""move_vx"": 6.0, ""move_vy"": 0.0, ""kick_power"": 0.0, ""kick_dir"": null}, {""move_vx"": -4.242640687119285, ""move_vy"": 4.242640687119285, ""kick_power"": 0.0, ""kick_dir"": null}, {""move_vx"": 5.699292984572336, ""move_vy"": -2.1744101443850363, ""kick_power"": 0.0, ""kick_dir"": null}, {""move_vx"": 4.242640687119285, ""move_vy"": 4.242640687119285, ""kick_power"": 0.0, ""kick_dir"": null}, {""move_vx"": -6.0, ""move_vy"": 0.0, ""kick_power"": 0.0, ""kick_dir"": null}, {""move_vx"": -0.0, ""move_vy"": 0.0, ""kick_power"": 0.0, ""kick_dir"": null}, {""move_vx"": -0.0, ""move_vy"": 0.0, ""kick_power"": 0.9, ""kick_dir"": [-0.8226359674072132, 0.5685683188951086]}, {""move_vx"": -5.924412507052369, ""move_vy"": 0.43004237730888895, ""kick_power"": 0.0, ""kick_dir"": null}, {""move_vx"": -3.8183766184073566, ""move_vy"": 3.8183766184073566, ""kick_power"": 0.0, ""kick_dir"": null}, {""move_vx"": -0.0, ""move_vy"": 5.8, ""kick_power"": 0.0, ""kick_dir"": null}, {""move_vx"": -0.0, ""move_vy"": 0.0, ""kick_power"": 0.65, ""kick_dir"": [0.9025619796327293, 0.4305590572099803]}, {""move_vx"": -5.395967793055594, ""move_vy"": -0.20864222081526987, ""kick_power"": 0.0, ""kick_dir"": null}, {""move_vx"": -0.0, ""move_vy"": 0.0, ""kick_power"": 0.4, ""kick_dir"": [-0.9585991470068276, -0.2847589195337221]}, {""move_vx"": -0.0, ""move_vy"": 0.0, ""kick_power"": 0.65, ""kick_dir"": [0.9810846957307774, -0.1935780800721093]}, {""move_vx"": -6.0, ""move_vy"": 0.0, ""kick_power"": 0.0, ""kick_dir"": null}, {""move_vx"": -0.0, ""move_vy"": 0.0, ""kick_power"": 0.65, ""kick_dir"": [0.12921028614972963, -0.9916171410413109]}]"
1088,135,default,default,0,4.818409648114399,39.22183553627185,20,B,,-7.1202346808137085,-1.8069070162387875,0.5133507470366614,"[{""move_vx"": -4.499805955866141, ""move_vy"": -0.04178946699352064, ""kick_power"": 0.0, ""kick_dir"": null}, {""move_vx"": -5.8, ""move_vy"": 0.0, ""kick_power"": 0.0, ""kick_dir"": null}, {""move_vx"": 0.0, ""move_vy"": 0.0, ""kick_power"": 0.0, ""kick_dir"": null}, {""move_vx"": -4.611292689908615, ""move_vy"": -2.2478611451767576, ""kick_power"": 0.0, ""kick_dir"": null}, {""move_vx"": 4.1012193308819755, ""move_vy"": -4.1012193308819755, ""kick_power"": 0.0, ""kick_dir"": null}, {""move_vx"": 0.0, ""move_vy"": 0.0, ""kick_power"": 0.4, ""kick_dir"": [-0.6103251649772483, 0.7921509194056312]}, {""move_vx"": 6.0, ""move_vy"": 0.0, ""kick_power"": 0.0, ""kick_dir"": null}, {""move_vx"": -4.242640687119285, ""move_vy"": 4.242640687119285, ""kick_power"": 0.0, ""kick_dir"": null}, {""move_vx"": 5.70116110030661, ""move_vy"": -2.169507342313162, ""kick_power"": 0.0, ""kick_dir"": null}, {""move_vx"": 7.037839391023018, ""move_vy"": -1.5194790904006406, ""kick_power"": 0.0, ""kick_dir"": null}, {""move_vx"": 6.0, ""move_vy"": 0.0, ""kick_power"": 0.0, ""kick_dir"": null}, {""move_vx"": -0.0, ""move_vy"": 0.0, ""kick_power"": 0.0, ""kick_dir"": null}, {""move_vx"": -0.0, ""move_vy"": 0.0, ""kick_power"": 0.4, ""kick_dir"": [-0.8299022070545264, 0.5579087730087952]}, {""move_vx"": -5.924412507052368, ""move_vy"": 0.4300423773088888, ""kick_power"": 0.0, ""kick_dir"": null}, {""move_vx"": -3.8183766184073566, ""move_vy"": 3.8183766184073566, ""kick_power"": 0.0, ""kick_dir"": null}, {""move_vx"": 4.847040872077853, ""move_vy"": -0.9006080081848922, ""kick_power"": 0.0, ""kick_dir"": null}, {""move_vx"": 4.242640687119285, ""move_vy"": 4.242640687119285, ""kick_power"": 0.0, ""kick_dir"": null}, {""move_vx"": -5.396764363884521, ""move_vy"": -0.18690746562431487, ""kick_power"": 0.0, ""kick_dir"": null}, {""move_vx"": -6.0, ""move_vy"": 0.0, ""kick_power"": 0.0, ""kick_dir"": null}, {""move_vx"": -0.0, ""move_vy"": 0.0, ""kick_power"": 0.4, ""kick_dir"": [0.8296287219181238, -0.5583145921156374]}, {""move_vx"": -5.146403668068406, ""move_vy"": -1.6353988153634138, ""kick_power"": 0.0, ""kick_dir"": null}, {""move_vx"": -0.0, ""move_vy"": 0.0, ""kick_power"": 0.65, ""kick_dir"": [0.10062122224402303, -0.9949247314643359]}]"
1088,136,default,default,0,4.484059004740719,39.08660803748022,20,B,,-7.47232048918463,-1.8067997201510615,0.5219233723588046,"[{""move_vx"": 0.0, ""move_vy"": 0.0, ""kick_power"": 0.4, ""kick_dir"": [0.8621826401357704, -0.5065974595576811]}, {""move_vx"": -6.760174483243031, ""move_vy"": 3.339407276165909, ""kick_power"": 0.0, ""kick_dir"": null}, {""move_vx"": 0.0, ""move_vy"": 5.4, ""kick_power"": 0.0, ""kick_dir"": null}, {""move_vx"": -4.589507670157855, ""move_vy"": -2.2920120736074256, ""kick_power"": 0.0, ""kick_dir"": null}, {""move_vx"": 4.1012193308819755, ""move_vy"": -4.1012193308819755, ""kick_power"": 0.0, ""kick_dir"": null}, {""move_vx"": 0.0, ""move_vy"": 0.0, ""kick_power"": 0.4, ""kick_dir"": [-0.6004157749596486, 0.7996879280167797]}, {""move_vx"": 0.0, ""move_vy"": 0.0, ""kick_power"": 0.65, ""kick_dir"": [0.3008666852887156, 0.9536661085200744]}, {""move_vx"": -4.242640687119285, ""move_vy"": 4.242640687119285, ""kick_power"": 0.0, ""kick_dir"": null}, {""move_vx"": 5.703036534464062, ""move_vy"": -2.164572541304202, ""kick_power"": 0.0, ""kick_dir"": null}, {""move_vx"": 7.037839391023017, ""move_vy"": -1.5194790904006443, ""kick_power"": 0.0, ""kick_dir"": null}, {""move_vx"": 6.0, ""move_vy"": 0.0, ""kick_power"": 0.0, ""kick_dir"": null}, {""move_vx"": -0.0, ""move_vy"": 0.0, ""kick_power"": 0.0, ""kick_dir"": null}, {""move_vx"": -0.0, ""move_vy"": 0.0, ""kick_power"": 0.9, ""kick_dir"": [-0.8363784981953618, 0.548152245301723]}, {""move_vx"": -5.924412507052369, ""move_vy"": 0.4300423773088886, ""kick_power"": 0.0, ""kick_dir"": null}, {""move_vx"": -3.8183766184073566, ""move_vy"": 3.8183766184073566, ""kick_power"": 0.0, ""kick_dir"": null}, {""move_vx"": -0.0, ""move_vy"": 5.8, ""kick_power"": 0.0, ""kick_dir"": null}, {""move_vx"": -4.242640687119285, ""move_vy"": 4.242640687119285, ""kick_power"": 0.0, ""kick_dir"": null}, {""move_vx"": -5.396111571770158, ""move_vy"": -0.20488998269363043, ""kick_power"": 0.0, ""kick_dir"": null}, {""move_vx"": -6.0, ""move_vy"": 0.0, ""kick_power"": 0.0, ""kick_dir"": null}, {""move_vx"": -0.0, ""move_vy"": 0.0, ""kick_power"": 0.4, ""kick_dir"": [0.8936601658829632, -0.4487433426935464]}, {""move_vx"": -5.0972246615197, ""move_vy"": -1.7827789403051029, ""kick_power"": 0.0, ""kick_dir"": null}, {""move_vx"": -0.0, ""move_vy"": 0.0, ""kick_power"": 0.65, ""kick_dir"": [0.07165677568924714, -0.9974292744104931]}]"
1088,137,default,default,0,4.145166296329273,38.965131416574216,20,B,,-7.8245475014972445,-1.8027552844915207,0.5186018625998345,"[{""move_vx"": 0.0, ""move_vy"": 0.0, ""kick_power"": 0.4, ""kick_dir"": [0.8626993127211291, -0.505717099715484]}, {""move_vx"": -5.8, ""move_vy"": 0.0, ""kick_power"": 0.0, ""kick_dir"": null}, {""move_vx"": 0.0, ""move_vy"": 0.0, ""kick_power"": 0.0, ""kick_dir"": null}, {""move_vx"": -4.587315594583241, ""move_vy"": -2.296396227939204, ""kick_power"": 0.0, ""kick_dir"": null}, {""move_vx"": 4.1012193308819755, ""move_vy"": -4.1012193308819755, ""kick_power"": 0.0, ""kick_dir"": null}, {""move_vx"": 0.0, ""move_vy"": 0.0, ""kick_power"": 0.4, ""kick_dir"": [-0.590221873857633, 0.8072409947285348]}, {""move_vx"": 0.0, ""move_vy"": 0.0, ""kick_power"": 0.65, ""kick_dir"": [0.34388646941346385, 0.939011131998916]}, {""move_vx"": -4.242640687119285, ""move_vy"": 4.242640687119285, ""kick_power"": 0.0, ""kick_dir"": null}, {""move_vx"": 5.704919364625778, ""move_vy"": -2.1596052979926244, ""kick_power"": 0.0, ""kick_dir"": null}, {""move_vx"": 7.037839391023017, ""move_vy"": -1.5194790904006428, ""kick_power"": 0.0, ""kick_dir"": null}, {""move_vx"": 0.0, ""move_vy"": 0.0, ""kick_power"": 0.9, ""kick_dir"": [0.9123003771541477, -0.40952155821938635]}, {""move_vx"": -0.0, ""move_vy"": 0.0, ""kick_power"": 0.0, ""kick_dir"": null}, {""move_vx"": -0.0, ""move_vy"": 0.0, ""kick_power"": 0.9, ""kick_dir"": [-0.8418609529934953, 0.5396943728002839]}, {""move_vx"": -5.924412507052368, ""move_vy"": 0.43004237730888845, ""kick_power"": 0.0, ""kick_dir"": null}, {""move_vx"": -3.8183766184073566, ""move_vy"": 3.8183766184073566, ""kick_power"": 0.0, ""kick_dir"": null}, {""move_vx"": 4.720854318046589, ""move_vy"": -1.4207161953679814, ""kick_power"": 0.0, ""kick_dir"": null}, {""move_vx"": -0.0, ""move_vy"": 0.0, ""kick_power"": 0.65, ""kick_dir"": [0.9135196668080218, 0.40679357852345027]}, {""move_vx"": -5.3960846394147275, ""move_vy"": -0.2055980648557499, ""kick_power"": 0.0, ""kick_dir"": null}, {""move_vx"": -6.0, ""move_vy"": 0.0, ""kick_power"": 0.0, ""kick_dir"": null}, {""move_vx"": -0.0, ""move_vy"": 0.0, ""kick_power"": 0.4, ""kick_dir"": [0.8621212579496025, -0.5067010327521987]}, {""move_vx"": -5.092036898264196, ""move_vy"": -1.797542830286932, ""kick_power"": 0.0, ""kick_dir"": null}, {""move_vx"": -0.0, ""move_vy"": 0.0, ""kick_power"": 0.65, ""kick_dir"": [0.04238452437615902, -0.9991012974049672]}]"
1088,138,default,default,0,3.80579649772667,38.845013993209434,20,B,,-8.176834695647907,-1.8014294596153344,0.5195934713708702,"[{""move_vx"": 0.0, ""move_vy"": 0.0, ""kick_power"": 0.4, ""kick_dir"": [0.8588011374430868, -0.5123089834874277]}, {""move_vx"": -6.808549548052797, ""move_vy"": 3.2396377963763263, ""kick_power"": 0.0, ""kick_dir"": null}, {""move_vx"": 0.0, ""move_vy"": 0.0, ""kick_power"": 0.9, ""kick_dir"": [0.9954544788423708, 0.09523637542303467]}, {""move_vx"": -4.587421695803652, ""move_vy"": -2.2961842663144303, ""kick_power"": 0.0, ""kick_dir"": null}, {""move_vx"": 4.1012193308819755, ""move_vy"": -4.1012193308819755, ""kick_power"": 0.0, ""kick_dir"": null}, {""move_vx"": 0.0, ""move_vy"": 0.0, ""kick_power"": 0.4, ""kick_dir"": [-0.5797375779796261, 0.8148031808611821]}, {""move_vx"": 0.0, ""move_vy"": 0.0, ""kick_power"": 0.65, ""kick_dir"": [0.3856719853464574, 0.9226358604359479]}, {""move_vx"": -4.242640687119285, ""move_vy"": 4.242640687119285, ""kick_power"": 0.0, ""kick_dir"": null}, {""move_vx"": 5.706809669813702, ""move_vy"": -2.1546051593089683, ""kick_power"": 0.0, ""kick_dir"": null}, {""move_vx"": 7.037839391023016, ""move_vy"": -1.5194790904006468, ""kick_power"": 0.0, ""kick_dir"": null}, {""move_vx"": 0.0, ""move_vy"": 0.0, ""kick_power"": 0.9, ""kick_dir"": [0.9145765262327681, -0.40441274151687145]}, {""move_vx"": -0.0, ""move_vy"": 0.0, ""kick_power"": 0.0, ""kick_dir"": null}, {""move_vx"": -0.0, ""move_vy"": 0.0, ""kick_power"": 0.0, ""kick_dir"": null}, {""move_vx"": -5.924412507052369, ""move_vy"": 0.4300423773088882, ""kick_power"": 0.0, ""kick_dir"": null}, {""move_vx"": -0.0, ""move_vy"": 0.0, ""kick_power"": 0.9, ""kick_dir"": [-0.7159159938707442, -0.698186378847379]}, {""move_vx"": -0.0, ""move_vy"": 5.8, ""kick_power"": 0.0, ""kick_dir"": null}, {""move_vx"": -0.0, ""move_vy"": 0.0, ""kick_power"": 0.65, ""kick_dir"": [0.9135196668080218, 0.40679357852345027]}, {""move_vx"": -5.396094776313865, ""move_vy"": -0.20533184126727613, ""kick_power"": 0.0, ""kick_dir"": null}, {""move_vx"": -6.0, ""move_vy"": 0.0, ""kick_power"": 0.0, ""kick_dir"": null}, {""move_vx"": -0.0, ""move_vy"": 0.0, ""kick_power"": 0.4, ""kick_dir"": [0.8621212579496025, -0.5067010327521987]}, {""move_vx"": -5.091478178554759, ""move_vy"": -1.7991247753562623, ""kick_power"": 0.0, ""kick_dir"": null}, {""move_vx"": -0.0, ""move_vy"": 0.0, ""kick_power"": 0.65, ""kick_dir"": [0.012876194911011607, -0.9999170233290409]}]"
1088,139,default,default,0,3.4663760058156323,38.72504011938342,20,B,,-8.52916954539418,-1.8111454280114268,0.5190897225524814,"[{""move_vx"": 0.0, ""move_vy"": 0.0, ""kick_power"": 0.4, ""kick_dir"": [0.8592883554804537, -0.5114913571068865]}, {""move_vx"": 5.421008192686875, ""move_vy"": 2.0622003236402087, ""kick_power"": 0.0, ""kick_dir"": null}, {""move_vx"": 0.0, ""move_vy"": 5.4, ""kick_power"": 0.0, ""kick_dir"": null}, {""move_vx"": -4.588164555017194, ""move_vy"": -2.294699548107304, ""kick_power"": 0.0, ""kick_dir"": null}, {""move_vx"": 4.1012193308819755, ""move_vy"": -4.1012193308819755, ""kick_power"": 0.0, ""kick_dir"": null}, {""move_vx"": 0.0, ""move_vy"": 0.0, ""kick_power"": 0.4, ""kick_dir"": [-0.5689572093003626, 0.8223670565878339]}, {""move_vx"": 0.0, ""move_vy"": 0.0, ""kick_power"": 0.65, ""kick_dir"": [0.42601656450784176, 0.9047152589277304]}, {""move_vx"": -4.242640687119285, ""move_vy"": 4.242640687119285, ""kick_power"": 0.0, ""kick_dir"": null}, {""move_vx"": 5.70870753052945, ""move_vy"": -2.149571662186757, ""kick_power"": 0.0, ""kick_dir"": null}, {""move_vx"": 7.037839391023016, ""move_vy"": -1.519479090400645, ""kick_power"": 0.0, ""kick_dir"": null}, {""move_vx"": 0.0, ""move_vy"": -6.0, ""kick_power"": 0.0, ""kick_dir"": null}, {""move_vx"": -0.0, ""move_vy"": 0.0, ""kick_power"": 0.0, ""kick_dir"": null}, {""move_vx"": -0.0, ""move_vy"": 0.0, ""kick_power"": 0.9, ""kick_dir"": [-0.8391039586839415, 0.5439709823929664]}, {""move_vx"": -5.924412507052369, ""move_vy"": 0.4300423773088882, ""kick_power"": 0.0, ""kick_dir"": null}, {""move_vx"": -3.8183766184073566, ""move_vy"": 3.8183766184073566, ""kick_power"": 0.0, ""kick_dir"": null}, {""move_vx"": 4.1012193308819755, ""move_vy"": 4.1012193308819755, ""kick_power"": 0.0, ""kick_dir"": null}, {""move_vx"": -0.0, ""move_vy"": 0.0, ""kick_power"": 0.65, ""kick_dir"": [0.9135196668080218, 0.40679357852345027]}, {""move_vx"": -5.3960833752908535, ""move_vy"": -0.20563124011121245, ""kick_power"": 0.0, ""kick_dir"": null}, {""move_vx"": -0.0, ""move_vy"": 6.0, ""kick_power"": 0.0, ""kick_dir"": null}, {""move_vx"": -0.0, ""move_vy"": 0.0, ""kick_power"": 0.4, ""kick_dir"": [0.8621212579496025, -0.5067010327521987]}, {""move_vx"": -5.09141412859631, ""move_vy"": -1.7993060248690005, ""kick_power"": 0.0, ""kick_dir"": null}, {""move_vx"": -0.0, ""move_vy"": 0.0, ""kick_power"": 0.65, ""kick_dir"": [-0.016793147500834826, -0.9998589099572163]}]"
1088,140,default,default,0,3.1269497983322037,38.60508241982034,20,B,,-8.881546439200132,-1.7975339411640185,0.5268888444215291,"[{""move_vx"": 0.0, ""move_vy"": 0.0, ""kick_power"": 0.4, ""kick_dir"": [0.8696268474860758, -0.4937094642802168]}, {""move_vx"": -6.908932917914736, ""move_vy"": 3.019643345786744, ""kick_power"": 0.0, ""kick_dir"": null}, {""move_vx"": 0.0, ""move_vy"": 0.0, ""kick_power"": 0.0, ""kick_dir"": null}, {""move_vx"": -4.589395308908065, ""move_vy"": -2.2922370511298857, ""kick_power"": 0.0, ""kick_dir"": null}, {""move_vx"": 0.0, ""move_vy"": 0.0, ""kick_power"": 0.0, ""kick_dir"": null}, {""move_vx"": 0.0, ""move_vy"": 0.0, ""kick_power"": 0.4, ""kick_dir"": [-0.5578753360065453, 0.8299246894537399]}, {""move_vx"": 0.0, ""move_vy"": 0.0, ""kick_power"": 0.65, ""kick_dir"": [0.4647486684089158, 0.8854425392035324]}, {""move_vx"": -4.242640687119285, ""move_vy"": 4.242640687119285, ""kick_power"": 0.0, ""kick_dir"": null}, {""move_vx"": 5.7106130287944845, ""move_vy"": -2.1445043332580784, ""kick_power"": 0.0, ""kick_dir"": null}, {""move_vx"": 7.037839391023017, ""move_vy"": -1.5194790904006434, ""kick_power"": 0.0, ""kick_dir"": null}, {""move_vx"": 0.0, ""move_vy"": -6.0, ""kick_power"": 0.0, ""kick_dir"": null}, {""move_vx"": -0.0, ""move_vy"": 0.0, ""kick_power"": 0.0, ""kick_dir"": null}, {""move_vx"": -0.0, ""move_vy"": 0.0, ""kick_power"": 0.9, ""kick_dir"": [-0.8366090708370955, 0.5478002813555839]}, {""move_vx"": -5.924412507052368, ""move_vy"": 0.4300423773088878, ""kick_power"": 0.0, ""kick_dir"": null}, {""move_vx"": -3.8183766184073566, ""move_vy"": 3.8183766184073566, ""kick_power"": 0.0, ""kick_dir"": null}, {""move_vx"": -0.0, ""move_vy"": 5.8, ""kick_power"": 0.0, ""kick_dir"": null}, {""move_vx"": -0.0, ""move_vy"": 0.0, ""kick_power"": 0.65, ""kick_dir"": [0.956960774306003, -0.29021678871387013]}, {""move_vx"": -5.396041072206068, ""move_vy"": -0.2067383541222942, ""kick_power"": 0.0, ""kick_dir"": null}, {""move_vx"": -0.0, ""move_vy"": 6.0, ""kick_power"": 0.0, ""kick_dir"": null}, {""move_vx"": -0.0, ""move_vy"": 0.0, ""kick_power"": 0.4, ""kick_dir"": [0.8621212579496025, -0.5067010327521987]}, {""move_vx"": -5.091406247466982, ""move_vy"": -1.7993283255854637, ""kick_power"": 0.0, ""kick_dir"": null}, {""move_vx"": -4.836667810577302, ""move_vy"": -4.191258103496535, ""kick_power"": 0.0, ""kick_dir"": null}]"
1088,141,default,default,0,2.7875229012994565,38.48512667143404,20,B,,-9.233960743720967,-1.8028039309951263,0.5327249945701072,"[{""move_vx"": 0.0, ""move_vy"": 0.0, ""kick_power"": 0.4, ""kick_dir"": [0.8700578965814573, -0.4929494331366577]}, {""move_vx"": -5.8, ""move_vy"": 0.0, ""kick_power"": 0.0, ""kick_dir"": null}, {""move_vx"": 0.0, ""move_vy"": 0.0, ""kick_power"": 0.9, ""kick_dir"": [0.9961889842698137, 0.08721899798509124]}, {""move_vx"": -4.591106878842967, ""move_vy"": -2.288807031411952, ""kick_power"": 0.0, ""kick_dir"": null}, {""move_vx"": 4.1012193308819755, ""move_vy"": -4.1012193308819755, ""kick_power"": 0.0, ""kick_dir"": null}, {""move_vx"": 0.0, ""move_vy"": 0.0, ""kick_power"": 0.4, ""kick_dir"": [-0.5618405320209708, 0.8272454881429446]}, {""move_vx"": 0.0, ""move_vy"": 0.0, ""kick_power"": 0.65, ""kick_dir"": [0.5017340372347846, 0.865021833962966]}, {""move_vx"": -4.242640687119285, ""move_vy"": 4.242640687119285, ""kick_power"": 0.0, ""kick_dir"": null}, {""move_vx"": 5.712526248191732, ""move_vy"": -2.139402688537269, ""kick_power"": 0.0, ""kick_dir"": null}, {""move_vx"": 7.037839391023016, ""move_vy"": -1.5194790904006479, ""kick_power"": 0.0, ""kick_dir"": null}, {""move_vx"": 0.0, ""move_vy"": -6.0, ""kick_power"": 0.0, ""kick_dir"": null}, {""move_vx"": -0.0, ""move_vy"": 0.0, ""kick_power"": 0.0, ""kick_dir"": null}, {""move_vx"": -0.0, ""move_vy"": 0.0, ""kick_power"": 0.9, ""kick_dir"": [-0.8341385736925202, 0.5515548277248191]}, {""move_vx"": -5.924412507052368, ""move_vy"": 0.4300423773088878, ""kick_power"": 0.0, ""kick_dir"": null}, {""move_vx"": -3.8183766184073566, ""move_vy"": 3.8183766184073566, ""kick_power"": 0.0, ""kick_dir"": null}, {""move_vx"": -0.0, ""move_vy"": 0.0, ""kick_power"": 0.9, ""kick_dir"": [-0.9997780630559553, 0.02106618179366373]}, {""move_vx"": -0.0, ""move_vy"": 0.0, ""kick_power"": 0.65, ""kick_dir"": [0.9529590968701679, -0.3030984168244266]}, {""move_vx"": -6.0, ""move_vy"": 0.0, ""kick_power"": 0.0, ""kick_dir"": null}, {""move_vx"": -0.0, ""move_vy"": 6.0, ""kick_power"": 0.0, ""kick_dir"": null}, {""move_vx"": -0.0, ""move_vy"": 0.0, ""kick_power"": 0.4, ""kick_dir"": [0.8621212579496025, -0.5067010327521987]}, {""move_vx"": -5.091405200476065, ""move_vy"": -1.7993312881638226, ""kick_power"": 0.0, ""kick_dir"": null}, {""move_vx"": -4.8366678105773016, ""move_vy"": -4.191258103496534, ""kick_power"": 0.0, ""kick_dir"": null}]"
1088,142,default,default,0,2.4480959148030834,38.3651711761952,20,B,,-9.58640823646286,-1.8052980291422611,0.5317422738531176,"[{""move_vx"": 0.0, ""move_vy"": 0.0, ""kick_power"": 0.4, ""kick_dir"": [0.8667054175587801, -0.49882021334979143]}, {""move_vx"": -5.8, ""move_vy"": 0.0, ""kick_power"": 0.0, ""kick_dir"": null}, {""move_vx"": 0.0, ""move_vy"": 5.4, ""kick_power"": 0.0, ""kick_dir"": null}, {""move_vx"": -4.593681432827124, ""move_vy"": -2.283635455518099, ""kick_power"": 0.0, ""kick_dir"": null}, {""move_vx"": 4.1012193308819755, ""move_vy"": -4.1012193308819755, ""kick_power"": 0.0, ""kick_dir"": null}, {""move_vx"": 0.0, ""move_vy"": 0.0, ""kick_power"": 0.4, ""kick_dir"": [-0.5505613374521107, 0.8347946416287881]}, {""move_vx"": 0.0, ""move_vy"": 0.0, ""kick_power"": 0.65, ""kick_dir"": [0.5368759258388913, 0.8436611050604341]}, {""move_vx"": -4.242640687119285, ""move_vy"": 4.242640687119285, ""kick_power"": 0.0, ""kick_dir"": null}, {""move_vx"": 5.714447273908702, ""move_vy"": -2.1342662330921587, ""kick_power"": 0.0, ""kick_dir"": null}, {""move_vx"": 7.037839391023016, ""move_vy"": -1.519479090400646, ""kick_power"": 0.0, ""kick_dir"": null}, {""move_vx"": 0.0, ""move_vy"": -6.0, ""kick_power"": 0.0, ""kick_dir"": null}, {""move_vx"": -0.0, ""move_vy"": 0.0, ""kick_power"": 0.0, ""kick_dir"": null}, {""move_vx"": -0.0, ""move_vy"": 0.0, ""kick_power"": 0.9, ""kick_dir"": [-0.831333466458098, 0.5557738372185419]}, {""move_vx"": -5.924412507052368, ""move_vy"": 0.43004237730888745, ""kick_power"": 0.0, ""kick_dir"": null}, {""move_vx"": -6.469273893813233, ""move_vy"": 0.37268657988526627, ""kick_power"": 0.0, ""kick_dir"": null}, {""move_vx"": -0.0, ""move_vy"": 5.8, ""kick_power"": 0.0, ""kick_dir"": null}, {""move_vx"": -0.0, ""move_vy"": 0.0, ""kick_power"": 0.65, ""kick_dir"": [0.9482428198916657, -0.3175456275103307]}, {""move_vx"": -5.395659178010281, ""move_vy"": -0.21647640692097087, ""kick_power"": 0.0, ""kick_dir"": null}, {""move_vx"": -0.0, ""move_vy"": 6.0, ""kick_power"": 0.0, ""kick_dir"": null}, {""move_vx"": -0.0, ""move_vy"": 0.0, ""kick_power"": 0.4, ""kick_dir"": [0.8621212579496025, -0.5067010327521987]}, {""move_vx"": -5.091405049339639, ""move_vy"": -1.7993317158208595, ""kick_power"": 0.0, ""kick_dir"": null}, {""move_vx"": -4.836667810577302, ""move_vy"": -4.191258103496534, ""kick_power"": 0.0, ""kick_dir"": null}]"
1088,143,default,default,0,2.108668915760139,38.24521571645826,20,B,,-9.938885066237026,-1.7936397824020576,0.537928178902669,"[{""move_vx"": 0.0, ""move_vy"": 0.0, ""kick_power"": 0.4, ""kick_dir"": [0.8633831812650518, -0.5045486769341856]}, {""move_vx"": -6.961342773445716, ""move_vy"": 2.8967752399168125, ""kick_power"": 0.0, ""kick_dir"": null}, {""move_vx"": 0.0, ""move_vy"": 0.0, ""kick_power"": 0.9, ""kick_dir"": [0.9986437951485481, 0.05206011934448974]}, {""move_vx"": -4.596528724636248, ""move_vy"": -2.2778989625516464, ""kick_power"": 0.0, ""kick_dir"": null}, {""move_vx"": -5.241786208413427, ""move_vy"": -1.6981688211973436, ""kick_power"": 0.0, ""kick_dir"": null}, {""move_vx"": 0.0, ""move_vy"": 0.0, ""kick_power"": 0.4, ""kick_dir"": [-0.5389723526050899, 0.8423233832882652]}, {""move_vx"": 0.0, ""move_vy"": 0.0, ""kick_power"": 0.65, ""kick_dir"": [0.5701136649658083, 0.8215657196816365]}, {""move_vx"": -4.242640687119285, ""move_vy"": 4.242640687119285, ""kick_power"": 0.0, ""kick_dir"": null}, {""move_vx"": 5.716376192782181, ""move_vy"": -2.1290944607022713, ""kick_power"": 0.0, ""kick_dir"": null}, {""move_vx"": 7.037839391023017, ""move_vy"": -1.519479090400644, ""kick_power"": 0.0, ""kick_dir"": null}, {""move_vx"": 0.0, ""move_vy"": -6.0, ""kick_power"": 0.0, ""kick_dir"": null}, {""move_vx"": -0.0, ""move_vy"": 0.0, ""kick_power"": 0.0, ""kick_dir"": null}, {""move_vx"": -0.0, ""move_vy"": 0.0, ""kick_power"": 0.9, ""kick_dir"": [-0.8354184102739954, 0.5496143857225367]}, {""move_vx"": -5.924412507052368, ""move_vy"": 0.4300423773088874, ""kick_power"": 0.0, ""kick_dir"": null}, {""move_vx"": -6.4703476738425065, ""move_vy"": 0.35355477595539586, ""kick_power"": 0.0, ""kick_dir"": null}, {""move_vx"": -0.0, ""move_vy"": 0.0, ""kick_power"": 0.9, ""kick_dir"": [-0.9998697224153256, 0.016139930496339515]}, {""move_vx"": -0.0, ""move_vy"": 0.0, ""kick_power"": 0.65, ""kick_dir"": [0.9426261936518193, -0.33384952892610376]}, {""move_vx"": -5.39547566113454, ""move_vy"": -0.22100314501110954, ""kick_power"": 0.0, ""kick_dir"": null}, {""move_vx"": -0.0, ""move_vy"": 6.0, ""kick_power"": 0.0, ""kick_dir"": null}, {""move_vx"": -0.0, ""move_vy"": 0.0, ""kick_power"": 0.4, ""kick_dir"": [0.8621212579496025, -0.5067010327521987]}, {""move_vx"": -5.09140502545384, ""move_vy"": -1.799331783408327, ""kick_power"": 0.0, ""kick_dir"": null}, {""move_vx"": -4.836667810577303, ""move_vy"": -4.191258103496534, ""kick_power"": 0.0, ""kick_dir"": null}]"
1088,144,default,default,0,1.7692419148046195,38.12526026213315,20,B,,-10.291387768257355,-1.8049292006774507,0.5343258842904999,"[{""move_vx"": 0.0, ""move_vy"": 0.0, ""kick_power"": 0.4, ""kick_dir"": [0.8638555442125629, -0.5037394978490644]}, {""move_vx"": -5.8, ""move_vy"": 0.0, ""kick_power"": 0.0, ""kick_dir"": null}, {""move_vx"": 0.0, ""move_vy"": 0.0, ""kick_power"": 0.9, ""kick_dir"": [-0.11580298183835044, 0.993272148660445]}, {""move_vx"": 0.0, ""move_vy"": 0.0, ""kick_power"": 0.0, ""kick_dir"": null}, {""move_vx"": 4.1012193308819755, ""move_vy"": -4.1012193308819755, ""kick_power"": 0.0, ""kick_dir"": null}, {""move_vx"": 0.0, ""move_vy"": 0.0, ""kick_power"": 0.4, ""kick_dir"": [-0.5537290229232523, 0.8326968532804925]}, {""move_vx"": 0.0, ""move_vy"": 0.0, ""kick_power"": 0.65, ""kick_dir"": [0.6014198893046347, 0.7989330024878346]}, {""move_vx"": -4.242640687119285, ""move_vy"": 4.242640687119285, ""kick_power"": 0.0, ""kick_dir"": null}, {""move_vx"": 5.71831309334455, ""move_vy"": -2.12388685350333, ""kick_power"": 0.0, ""kick_dir"": null}, {""move_vx"": 7.037839391023017, ""move_vy"": -1.519479090400642, ""kick_power"": 0.0, ""kick_dir"": null}, {""move_vx"": 0.0, ""move_vy"": -6.0, ""kick_power"": 0.0, ""kick_dir"": null}, {""move_vx"": -0.0, ""move_vy"": 0.0, ""kick_power"": 0.0, ""kick_dir"": null}, {""move_vx"": -0.0, ""move_vy"": 0.0, ""kick_power"": 0.9, ""kick_dir"": [-0.8391267037183748, 0.5439359066259675]}, {""move_vx"": -5.924412507052369, ""move_vy"": 0.43004237730888706, ""kick_power"": 0.0, ""kick_dir"": null}, {""move_vx"": -0.0, ""move_vy"": 0.0, ""kick_power"": 0.0, ""kick_dir"": null}, {""move_vx"": -6.716340122929047, ""move_vy"": -1.8254794858155559, ""kick_power"": 0.0, ""kick_dir"": null}, {""move_vx"": -0.0, ""move_vy"": 0.0, ""kick_power"": 0.65, ""kick_dir"": [0.9358591612522326, -0.3523737420288184]}, {""move_vx"": -5.395239621959432, ""move_vy"": -0.2266923501996657, ""kick_power"": 0.0, ""kick_dir"": null}, {""move_vx"": -0.0, ""move_vy"": 6.0, ""kick_power"": 0.0, ""kick_dir"": null}, {""move_vx"": -0.0, ""move_vy"": 0.0, ""kick_power"": 0.4, ""kick_dir"": [0.8621212579496025, -0.5067010327521987]}, {""move_vx"": -5.091405021283445, ""move_vy"": -1.799331795208911, ""kick_power"": 0.0, ""kick_dir"": null}, {""move_vx"": -4.836667810577303, ""move_vy"": -4.191258103496534, ""kick_power"": 0.0, ""kick_dir"": null}]"
1088,145,default,default,0,1.4298149135303193,38.00530480871007,20,B,,-10.643913286289925,-1.79975657886184,0.5397391684636548,"[{""move_vx"": 0.0, ""move_vy"": 0.0, ""kick_power"": 0.4, ""kick_dir"": [0.8606626919869961, -0.5091754241090319]}, {""move_vx"": -7.001233689691142, ""move_vy"": 2.7989867492243983, ""kick_power"": 0.0, ""kick_dir"": null}, {""move_vx"": 0.0, ""move_vy"": 0.0, ""kick_power"": 0.0, ""kick_dir"": null}, {""move_vx"": -4.5781297272887, ""move_vy"": -2.3146550931219743, ""kick_power"": 0.0, ""kick_dir"": null}, {""move_vx"": 4.1012193308819755, ""move_vy"": -4.1012193308819755, ""kick_power"": 0.0, ""kick_dir"": null}, {""move_vx"": 0.0, ""move_vy"": 0.0, ""kick_power"": 0.4, ""kick_dir"": [-0.5422266668778583, 0.8402321827530866]}, {""move_vx"": 0.0, ""move_vy"": 0.0, ""kick_power"": 0.65, ""kick_dir"": [0.6307968214355006, 0.7759479356923694]}, {""move_vx"": -4.242640687119285, ""move_vy"": 4.242640687119285, ""kick_power"": 0.0, ""kick_dir"": null}, {""move_vx"": 5.720258065871832, ""move_vy"": -2.1186428816174376, ""kick_power"": 0.0, ""kick_dir"": null}, {""move_vx"": 7.037839391023016, ""move_vy"": -1.5194790904006474, ""kick_power"": 0.0, ""kick_dir"": null}, {""move_vx"": 0.0, ""move_vy"": -6.0, ""kick_power"": 0.0, ""kick_dir"": null}, {""move_vx"": -0.0, ""move_vy"": 0.0, ""kick_power"": 0.0, ""kick_dir"": null}, {""move_vx"": -0.0, ""move_vy"": 0.0, ""kick_power"": 0.9, ""kick_dir"": [-0.8319659438658873, 0.5548266059655548]}, {""move_vx"": -5.924006673729705, ""move_vy"": 0.43559721028253773, ""kick_power"": 0.0, ""kick_dir"": null}, {""move_vx"": -6.472884445010509, ""move_vy"": 0.3035901209542392, ""kick_power"": 0.0, ""kick_dir"": null}, {""move_vx"": -6.71572415483525, ""move_vy"": -1.8277442589603068, ""kick_power"": 0.0, ""kick_dir"": null}, {""move_vx"": -0.0, ""move_vy"": 0.0, ""kick_power"": 0.65, ""kick_dir"": [0.9238173207492492, -0.38283306451416915]}, {""move_vx"": -5.3946819558499755, ""move_vy"": -0.23959673459103883, ""kick_power"": 0.0, ""kick_dir"": null}, {""move_vx"": -0.0, ""move_vy"": 6.0, ""kick_power"": 0.0, ""kick_dir"": null}, {""move_vx"": 4.525483399593904, ""move_vy"": 4.525483399593904, ""kick_power"": 0.0, ""kick_dir"": null}, {""move_vx"": -5.091405020470092, ""move_vy"": -1.7993317975103815, ""kick_power"": 0.0, ""kick_dir"": null}, {""move_vx"": -4.836667810577303, ""move_vy"": -4.191258103496534, ""kick_power"": 0.0, ""kick_dir"": null}]"
1088,146,default,default,0,1.0903879121975828,37.88534935545235,20,B,,-10.996458997911178,-1.8012596667635956,0.5401386082767636,"[{""move_vx"": 0.0, ""move_vy"": 0.0, ""kick_power"": 1.0, ""kick_dir"": [0.9999673516253134, -0.008078141867206456]}, {""move_vx"": -5.8, ""move_vy"": 0.0, ""kick_power"": 0.0, ""kick_dir"": null}, {""move_vx"": 0.0, ""move_vy"": 0.0, ""kick_power"": 0.9, ""kick_dir"": [0.9912750302841732, 0.1318087018834748]}, {""move_vx"": -4.583773254270881, ""move_vy"": -2.3034588673190886, ""kick_power"": 0.0, ""kick_dir"": null}, {""move_vx"": 4.1012193308819755, ""move_vy"": -4.1012193308819755, ""kick_power"": 0.0, ""kick_dir"": null}, {""move_vx"": 0.0, ""move_vy"": 0.0, ""kick_power"": 0.4, ""kick_dir"": [-0.530411185734505, 0.847740439153289]}, {""move_vx"": 0.0, ""move_vy"": 0.0, ""kick_power"": 0.65, ""kick_dir"": [0.658271997993536, 0.7527800533557497]}, {""move_vx"": -4.242640687119285, ""move_vy"": 4.242640687119285, ""kick_power"": 0.0, ""kick_dir"": null}, {""move_vx"": 5.722211202433524, ""move_vy"": -2.1133620027681688, ""kick_power"": 0.0, ""kick_dir"": null}, {""move_vx"": 7.037839391023016, ""move_vy"": -1.5194790904006454, ""kick_power"": 0.0, ""kick_dir"": null}, {""move_vx"": 0.0, ""move_vy"": -6.0, ""kick_power"": 0.0, ""kick_dir"": null}, {""move_vx"": -0.0, ""move_vy"": 0.0, ""kick_power"": 0.0, ""kick_dir"": null}, {""move_vx"": -0.0, ""move_vy"": 0.0, ""kick_power"": 0.9, ""kick_dir"": [-0.837568917998766, 0.5463315879972676]}, {""move_vx"": -5.92307558852617, ""move_vy"": 0.44807987301973556, ""kick_power"": 0.0, ""kick_dir"": null}, {""move_vx"": -6.473725726893997, ""move_vy"": 0.2850880792856655, ""kick_power"": 0.0, ""kick_dir"": null}, {""move_vx"": -6.715109403368257, ""move_vy"": -1.8300015575936568, ""kick_power"": 0.0, ""kick_dir"": null}, {""move_vx"": -0.0, ""move_vy"": 0.0, ""kick_power"": 0.65, ""kick_dir"": [0.9036415480528946, -0.42828906001509226]}, {""move_vx"": -5.394092994890277, ""move_vy"": -0.2525089354372343, ""kick_power"": 0.0, ""kick_dir"": null}, {""move_vx"": -0.0, ""move_vy"": 6.0, ""kick_power"": 0.0, ""kick_dir"": null}, {""move_vx"": 6.4, ""move_vy"": 0.0, ""kick_power"": 0.0, ""kick_dir"": null}, {""move_vx"": -5.091405020290449, ""move_vy"": -1.7993317980187022, ""kick_power"": 0.0, ""kick_dir"": null}, {""move_vx"": -4.836667810577303, ""move_vy"": -4.191258103496534, ""kick_power"": 0.0, ""kick_dir"": null}]"
1088,147,default,default,0,0.7509609108530176,37.765393902228105,20,B,,-11.349022743579624,-1.7993768936206223,0.5390478853346861,"[{""move_vx"": 0.0, ""move_vy"": 0.0, ""kick_power"": 0.4, ""kick_dir"": [0.8581551793293914, -0.5133902673853044]}, {""move_vx"": -5.8, ""move_vy"": 0.0, ""kick_power"": 0.0, ""kick_dir"": null}, {""move_vx"": 0.0, ""move_vy"": 0.0, ""kick_power"": 0.9, ""kick_dir"": [0.988621966183772, 0.1504205600260957]}, {""move_vx"": -4.589278899068934, ""move_vy"": -2.2924701059251866, ""kick_power"": 0.0, ""kick_dir"": null}, {""move_vx"": 4.1012193308819755, ""move_vy"": -4.1012193308819755, ""kick_power"": 0.0, ""kick_dir"": null}, {""move_vx"": 0.0, ""move_vy"": 0.0, ""kick_power"": 0.4, ""kick_dir"": [-0.5182783105674172, 0.855211944402888]}, {""move_vx"": 0.0, ""move_vy"": 0.0, ""kick_power"": 0.65, ""kick_dir"": [0.683893783870587, 0.7295814743885792]}, {""move_vx"": -4.242640687119285, ""move_vy"": 4.242640687119285, ""kick_power"": 0.0, ""kick_dir"": null}, {""move_vx"": 0.0, ""move_vy"": 0.0, ""kick_power"": 0.0, ""kick_dir"": null}, {""move_vx"": 7.037839391023016, ""move_vy"": -1.519479090400643, ""kick_power"": 0.0, ""kick_dir"": null}, {""move_vx"": 0.0, ""move_vy"": -6.0, ""kick_power"": 0.0, ""kick_dir"": null}, {""move_vx"": -0.0, ""move_vy"": 0.0, ""kick_power"": 0.0, ""kick_dir"": null}, {""move_vx"": -0.0, ""move_vy"": 0.0, ""kick_power"": 0.9, ""kick_dir"": [-0.8430670672853321, 0.5378083473177767]}, {""move_vx"": -5.9224237560539725, ""move_vy"": 0.45661455706926546, ""kick_power"": 0.0, ""kick_dir"": null}, {""move_vx"": -6.474510333309295, ""move_vy"": 0.26667572793782957, ""kick_power"": 0.0, ""kick_dir"": null}, {""move_vx"": -6.714495872308271, ""move_vy"": -1.8322513967125804, ""kick_power"": 0.0, ""kick_dir"": null}, {""move_vx"": 4.242640687119285, ""move_vy"": 4.242640687119285, ""kick_power"": 0.0, ""kick_dir"": null}, {""move_vx"": -5.393472679554894, ""move_vy"": -0.26542881323426065, ""kick_power"": 0.0, ""kick_dir"": null}, {""move_vx"": -0.0, ""move_vy"": 6.0, ""kick_power"": 0.0, ""kick_dir"": null}, {""move_vx"": 6.4, ""move_vy"": 0.0, ""kick_power"": 0.0, ""kick_dir"": null}, {""move_vx"": -5.091405020244711, ""move_vy"": -1.7993317981481243, ""kick_power"": 0.0, ""kick_dir"": null}, {""move_vx"": -4.836667810577303, ""move_vy"": -4.1912581034965335, ""kick_power"": 0.0, ""kick_dir"": null}]"
1088,148,default,default,0,0.41153390950581403,37.64543844901131,20,B,,-11.7016028606185,-1.8033261798204305,0.5454683084117318,"[{""move_vx"": 0.0, ""move_vy"": 0.0, ""kick_power"": 1.0, ""kick_dir"": [0.999967851305543, -0.008016068518643563]}, {""move_vx"": -5.8, ""move_vy"": 0.0, ""kick_power"": 0.0, ""kick_dir"": null}, {""move_vx"": 0.0, ""move_vy"": 0.0, ""kick_power"": 0.9, ""kick_dir"": [0.98598163601596, 0.16685312621080672]}, {""move_vx"": -4.59465041362157, ""move_vy"": -2.2816852492416935, ""kick_power"": 0.0, ""kick_dir"": null}, {""move_vx"": 4.1012193308819755, ""move_vy"": -4.1012193308819755, ""kick_power"": 0.0, ""kick_dir"": null}, {""move_vx"": 0.0, ""move_vy"": 0.0, ""kick_power"": 0.4, ""kick_dir"": [-0.5058242268730996, 0.862636497891699]}, {""move_vx"": 6.0, ""move_vy"": 0.0, ""kick_power"": 0.0, ""kick_dir"": null}, {""move_vx"": -4.242640687119285, ""move_vy"": 4.242640687119285, ""kick_power"": 0.0, ""kick_dir"": null}, {""move_vx"": 0.0, ""move_vy"": 0.0, ""kick_power"": 0.0, ""kick_dir"": null}, {""move_vx"": 7.037839391023015, ""move_vy"": -1.5194790904006488, ""kick_power"": 0.0, ""kick_dir"": null}, {""move_vx"": 0.0, ""move_vy"": -6.0, ""kick_power"": 0.0, ""kick_dir"": null}, {""move_vx"": -0.0, ""move_vy"": 0.0, ""kick_power"": 0.0, ""kick_dir"": null}, {""move_vx"": -5.181991975638587, ""move_vy"": 2.605179296021159, ""kick_power"": 0.0, ""kick_dir"": null}, {""move_vx"": -5.922423756053973, ""move_vy"": 0.45661455706926435, ""kick_power"": 0.0, ""kick_dir"": null}, {""move_vx"": -6.475239041861377, ""move_vy"": 0.24835327812244207, ""kick_power"": 0.0, ""kick_dir"": null}, {""move_vx"": -6.713883565407634, ""move_vy"": -1.8344937912539492, ""kick_power"": 0.0, ""kick_dir"": null}, {""move_vx"": 4.242640687119285, ""move_vy"": 4.242640687119285, ""kick_power"": 0.0, ""kick_dir"": null}, {""move_vx"": -5.392820951083318, ""move_vy"": -0.27835622780318614, ""kick_power"": 0.0, ""kick_dir"": null}, {""move_vx"": -0.0, ""move_vy"": 6.0, ""kick_power"": 0.0, ""kick_dir"": null}, {""move_vx"": 4.525483399593904, ""move_vy"": 4.525483399593904, ""kick_power"": 0.0, ""kick_dir"": null}, {""move_vx"": -5.091405020230964, ""move_vy"": -1.79933179818702, ""kick_power"": 0.0, ""kick_dir"": null}, {""move_vx"": -4.836667810577303, ""move_vy"": -4.1912581034965335, ""kick_power"": 0.0, ""kick_dir"": null}]"
1088,149,default,default,0,0.07210690815797927,37.5254829957963,20,B,,-12.054198223060412,-1.8047655160203342,0.5339456613926075,"[{""move_vx"": 0.0, ""move_vy"": 0.0, ""kick_power"": 0.4, ""kick_dir"": [0.8523377964627492, -0.5229915455531808]}, {""move_vx"": -5.8, ""move_vy"": 0.0, ""kick_power"": 0.0, ""kick_dir"": null}, {""move_vx"": 0.0, ""move_vy"": 0.0, ""kick_power"": 0.9, ""kick_dir"": [0.9844562678938625, 0.1756292195398276]}, {""move_vx"": -4.599891439841366, ""move_vy"": -2.27110077752488, ""kick_power"": 0.0, ""kick_dir"": null}, {""move_vx"": 4.1012193308819755, ""move_vy"": -4.1012193308819755, ""kick_power"": 0.0, ""kick_dir"": null}, {""move_vx"": 0.0, ""move_vy"": 0.0, ""kick_power"": 0.4, ""kick_dir"": [-0.4930456285327133, 0.8700033810924741]}, {""move_vx"": 6.0, ""move_vy"": 0.0, ""kick_power"": 0.0, ""kick_dir"": null}, {""move_vx"": -4.242640687119285, ""move_vy"": 4.242640687119285, ""kick_power"": 0.0, ""kick_dir"": null}, {""move_vx"": 0.0, ""move_vy"": 0.0, ""kick_power"": 0.0, ""kick_dir"": null}, {""move_vx"": 7.037839391023016, ""move_vy"": -1.5194790904006465, ""kick_power"": 0.0, ""kick_dir"": null}, {""move_vx"": 0.0, ""move_vy"": -6.0, ""kick_power"": 0.0, ""kick_dir"": null}, {""move_vx"": -0.0, ""move_vy"": 0.0, ""kick_power"": 0.0, ""kick_dir"": null}, {""move_vx"": -0.0, ""move_vy"": 0.0, ""kick_power"": 0.9, ""kick_dir"": [-0.8530117870796633, 0.5218915513251332]}, {""move_vx"": -5.922423756053973, ""move_vy"": 0.4566145570692633, ""kick_power"": 0.0, ""kick_dir"": null}, {""move_vx"": -6.475912627417886, ""move_vy"": 0.23012092918634, ""kick_power"": 0.0, ""kick_dir"": null}, {""move_vx"": -6.713272486378816, ""move_vy"": -1.836728756139343, ""kick_power"": 0.0, ""kick_dir"": null}, {""move_vx"": 4.242640687119285, ""move_vy"": 4.242640687119285, ""kick_power"": 0.0, ""kick_dir"": null}, {""move_vx"": 5.097985636231244, ""move_vy"": -0.14332638549798227, ""kick_power"": 0.0, ""kick_dir"": null}, {""move_vx"": -0.0, ""move_vy"": 6.0, ""kick_power"": 0.0, ""kick_dir"": null}, {""move_vx"": 6.4, ""move_vy"": 0.0, ""kick_power"": 0.0, ""kick_dir"": null}, {""move_vx"": -5.091405020225923, ""move_vy"": -1.799331798201285, ""kick_power"": 0.0, ""kick_dir"": null}, {""move_vx"": -4.836667810577303, ""move_vy"": -4.191258103496533, ""kick_power"": 0.0, ""kick_dir"": null}]"
1088,150,default,default,0,1.2378185770719705,37.725408751152,20,B,,-12.3900607156695,-1.6019812657493235,0.5910000958166963,"[{""move_vx"": 0.0, ""move_vy"": 0.0, ""kick_power"": 1.0, ""kick_dir"": [0.9999721808781259, -0.007456458274020247]}, {""move_vx"": -5.8, ""move_vy"": 0.0, ""kick_power"": 0.0, ""kick_dir"": null}, {""move_vx"": 0.0, ""move_vy"": 0.0, ""kick_power"": 0.9, ""kick_dir"": [0.981954680766353, 0.18911579349972377]}, {""move_vx"": 0.0, ""move_vy"": -5.4, ""kick_power"": 0.0, ""kick_dir"": null}, {""move_vx"": 4.1012193308819755, ""move_vy"": -4.1012193308819755, ""kick_power"": 0.0, ""kick_dir"": null}, {""move_vx"": 0.0, ""move_vy"": 0.0, ""kick_power"": 0.4, ""kick_dir"": [-0.47993977358060436, 0.8773013664720856]}, {""move_vx"": 6.0, ""move_vy"": 0.0, ""kick_power"": 0.0, ""kick_dir"": null}, {""move_vx"": -4.242640687119285, ""move_vy"": 4.242640687119285, ""kick_power"": 0.0, ""kick_dir"": null}, {""move_vx"": 0.0, ""move_vy"": 0.0, ""kick_power"": 0.0, ""kick_dir"": null}, {""move_vx"": 7.037839391023016, ""move_vy"": -1.519479090400644, ""kick_power"": 0.0, ""kick_dir"": null}, {""move_vx"": 0.0, ""move_vy"": -6.0, ""kick_power"": 0.0, ""kick_dir"": null}, {""move_vx"": -0.0, ""move_vy"": 0.0, ""kick_power"": 0.0, ""kick_dir"": null}, {""move_vx"": -0.0, ""move_vy"": 0.0, ""kick_power"": 0.9, ""kick_dir"": [-0.8578378727149812, 0.5139203125322009]}, {""move_vx"": -5.922423756053973, ""move_vy"": 0.4566145570692624, ""kick_power"": 0.0, ""kick_dir"": null}, {""move_vx"": -6.4765318619777155, ""move_vy"": 0.2119788687286426, ""kick_power"": 0.0, ""kick_dir"": null}, {""move_vx"": -5.593831787636686, ""move_vy"": -1.5326597572929754, ""kick_power"": 0.0, ""kick_dir"": null}, {""move_vx"": 4.242640687119285, ""move_vy"": 4.242640687119285, ""kick_power"": 0.0, ""kick_dir"": null}, {""move_vx"": -5.3931780799613085, ""move_vy"": -0.27134884894697575, ""kick_power"": 0.0, ""kick_dir"": null}, {""move_vx"": -0.0, ""move_vy"": 6.0, ""kick_power"": 0.0, ""kick_dir"": null}, {""move_vx"": 4.525483399593904, ""move_vy"": 4.525483399593904, ""kick_power"": 0.0, ""kick_dir"": null}, {""move_vx"": -0.0, ""move_vy"": 0.0, ""kick_power"": 0.0, ""kick_dir"": null}, {""move_vx"": -4.836667810577304, ""move_vy"": -4.1912581034965335, ""kick_power"": 0.0, ""kick_dir"": null}]"
1088,151,default,default,0,-0.06928820411457687,38.43251553233855,20,B,left,-17.752502255341597,-46.927252871781604,45.908425674220325,"[{""move_vx"": -4.495339446677918, ""move_vy"": -0.20475170119310326, ""kick_power"": 0.0, ""kick_dir"": null}, {""move_vx"": -5.8, ""move_vy"": 0.0, ""kick_power"": 0.0, ""kick_dir"": null}, {""move_vx"": 0.0, ""move_vy"": 0.0, ""kick_power"": 0.9, ""kick_dir"": [-0.9967151328771712, -0.08098571873950566]}, {""move_vx"": -3.1807787166048533, ""move_vy"": 3.309191254067009, ""kick_power"": 0.0, ""kick_dir"": null}, {""move_vx"": 4.1012193308819755, ""move_vy"": -4.1012193308819755, ""kick_power"": 0.0, ""kick_dir"": null}, {""move_vx"": 0.0, ""move_vy"": 0.0, ""kick_power"": 0.4, ""kick_dir"": [-0.4665045414059104, 0.8845187311122794]}, {""move_vx"": 6.0, ""move_vy"": 0.0, ""kick_power"": 0.0, ""kick_dir"": null}, {""move_vx"": -4.242640687119285, ""move_vy"": 4.242640687119285, ""kick_power"": 0.0, ""kick_dir"": null}, {""move_vx"": 0.0, ""move_vy"": 0.0, ""kick_power"": 0.0, ""kick_dir"": null}, {""move_vx"": 7.037839391023016, ""move_vy"": -1.5194790904006414, ""kick_power"": 0.0, ""kick_dir"": null}, {""move_vx"": 0.0, ""move_vy"": -6.0, ""kick_power"": 0.0, ""kick_dir"": null}, {""move_vx"": -0.0, ""move_vy"": 0.0, ""kick_power"": 0.0, ""kick_dir"": null}, {""move_vx"": -0.0, ""move_vy"": 0.0, ""kick_power"": 0.9, ""kick_dir"": [-0.8643961439159055, 0.5028113083058408]}, {""move_vx"": -5.922423756053973, ""move_vy"": 0.45661455706926146, ""kick_power"": 0.0, ""kick_dir"": null}, {""move_vx"": -6.475334898927869, ""move_vy"": 0.24584130394789308, ""kick_power"": 0.0, ""kick_dir"": null}, {""move_vx"": 4.8404132675812575, ""move_vy"": -0.9355743685155783, ""kick_power"": 0.0, ""kick_dir"": null}, {""move_vx"": -4.988990538624111, ""move_vy"": 3.3331626731257966, ""kick_power"": 0.0, ""kick_dir"": null}, {""move_vx"": -0.0, ""move_vy"": 0.0, ""kick_power"": 0.0, ""kick_dir"": null}, {""move_vx"": -0.0, ""move_vy"": 6.0, ""kick_power"": 0.0, ""kick_dir"": null}, {""move_vx"": 4.525483399593904, ""move_vy"": 4.525483399593904, ""kick_power"": 0.0, ""kick_dir"": null}, {""move_vx"": -4.242640687119285, ""move_vy"": 4.242640687119285, ""kick_power"": 0.0, ""kick_dir"": null}, {""move_vx"": -4.836667810577303, ""move_vy"": -4.191258103496533, ""kick_power"": 0.0, ""kick_dir"": null}]"
