episode,step,scenario,scenario_template,scenario_variant,ball_x,ball_y,ball_controller,ball_controller_team,last_goal,reward_p0,team_reward_left_step,team_reward_right_step,actions
482,1,default,default,0,50.0,37.5,-1,,,-0.0008,0.000627712870082453,0.009637089372434965,"[{""move_vx"": 0.0, ""move_vy"": 0.0, ""kick_power"": 0.9, ""kick_dir"": [0.7432941241477194, 0.6689647117329475]}, {""move_vx"": 0.0, ""move_vy"": 0.0, ""kick_power"": 0.0, ""kick_dir"": null}, {""move_vx"": 3.8183766184073566, ""move_vy"": -3.8183766184073566, ""kick_power"": 0.0, ""kick_dir"": null}, {""move_vx"": -3.8183766184073566, ""move_vy"": -3.8183766184073566, ""kick_power"": 0.0, ""kick_dir"": null}, {""move_vx"": 0.0, ""move_vy"": 0.0, ""kick_power"": 0.4, ""kick_dir"": [0.9728698159087458, -0.2313531879295188]}, {""move_vx"": 4.313351365237939, ""move_vy"": -4.313351365237939, ""kick_power"": 0.0, ""kick_dir"": null}, {""move_vx"": 0.0, ""move_vy"": 0.0, ""kick_power"": 0.4, ""kick_dir"": [-0.999999941176474, 0.0]}, {""move_vx"": 0.0, ""move_vy"": 0.0, ""kick_power"": 0.6, ""kick_dir"": [0.9934089206886496, -0.11462410623330573]}, {""move_vx"": 7.303425424811279, ""move_vy"": -2.191027627443384, ""kick_power"": 0.0, ""kick_dir"": null}, {""move_vx"": 0.0, ""move_vy"": 6.0, ""kick_power"": 0.0, ""kick_dir"": null}, {""move_vx"": -4.242640687119285, ""move_vy"": 4.242640687119285, ""kick_power"": 0.0, ""kick_dir"": null}, {""move_vx"": 3.5355339059327373, ""move_vy"": -3.5355339059327373, ""kick_power"": 0.0, ""kick_dir"": null}, {""move_vx"": -6.806717203067584, ""move_vy"": 1.452653061630277, ""kick_power"": 0.0, ""kick_dir"": null}, {""move_vx"": -0.0, ""move_vy"": 0.0, ""kick_power"": 0.6, ""kick_dir"": [-0.9977581441361324, 0.06692280235059424]}, {""move_vx"": -0.0, ""move_vy"": 0.0, ""kick_power"": 0.9, ""kick_dir"": [-0.9608235734273953, 0.2771606461809794]}, {""move_vx"": 4.1012193308819755, ""move_vy"": -4.1012193308819755, ""kick_power"": 0.0, ""kick_dir"": null}, {""move_vx"": -4.242640687119285, ""move_vy"": -4.242640687119285, ""kick_power"": 0.0, ""kick_dir"": null}, {""move_vx"": -0.0, ""move_vy"": 0.0, ""kick_power"": 0.4, ""kick_dir"": [0.9514444653046101, -0.30782026818678565]}, {""move_vx"": -4.242640687119285, ""move_vy"": -4.242640687119285, ""kick_power"": 0.0, ""kick_dir"": null}, {""move_vx"": -3.9772437522240316, ""move_vy"": 4.598688088509037, ""kick_power"": 0.0, ""kick_dir"": null}, {""move_vx"": -5.4, ""move_vy"": 0.0, ""kick_power"": 0.0, ""kick_dir"": null}, {""move_vx"": -0.0, ""move_vy"": 0.0, ""kick_power"": 0.0, ""kick_dir"": null}]"
482,2,default,default,0,50.0,37.5,-1,,,-0.0016,-0.002147528308530182,0.01312076913158317,"[{""move_vx"": 0.0, ""move_vy"": 0.0, ""kick_power"": 0.9, ""kick_dir"": [0.7432941241477194, 0.6689647117329475]}, {""move_vx"": 0.0, ""move_vy"": 0.0, ""kick_power"": 0.0, ""kick_dir"": null}, {""move_vx"": 3.8183766184073566, ""move_vy"": -3.8183766184073566, ""kick_power"": 0.0, ""kick_dir"": null}, {""move_vx"": 0.0, ""move_vy"": 0.0, ""kick_power"": 0.9, ""kick_dir"": [-0.8693476858721125, -0.4942008343292941]}, {""move_vx"": 0.0, ""move_vy"": 0.0, ""kick_power"": 0.4, ""kick_dir"": [0.9729505761555114, -0.23101331681480525]}, {""move_vx"": 0.0, ""move_vy"": -6.1, ""kick_power"": 0.0, ""kick_dir"": null}, {""move_vx"": 0.0, ""move_vy"": 0.0, ""kick_power"": 0.4, ""kick_dir"": [-0.9998844151464921, -0.01519989886403855]}, {""move_vx"": 0.0, ""move_vy"": 0.0, ""kick_power"": 0.6, ""kick_dir"": [0.9934089206886496, -0.11462410623330573]}, {""move_vx"": 7.303425424811279, ""move_vy"": -2.1910276274433835, ""kick_power"": 0.0, ""kick_dir"": null}, {""move_vx"": -4.242640687119285, ""move_vy"": -4.242640687119285, ""kick_power"": 0.0, ""kick_dir"": null}, {""move_vx"": -4.242640687119285, ""move_vy"": 4.242640687119285, ""kick_power"": 0.0, ""kick_dir"": null}, {""move_vx"": 3.5355339059327373, ""move_vy"": 3.5355339059327373, ""kick_power"": 0.0, ""kick_dir"": null}, {""move_vx"": -6.806717203067583, ""move_vy"": 1.4526530616302766, ""kick_power"": 0.0, ""kick_dir"": null}, {""move_vx"": -0.0, ""move_vy"": 0.0, ""kick_power"": 0.6, ""kick_dir"": [-0.9977774428977326, 0.06663445077430222]}, {""move_vx"": -0.0, ""move_vy"": 0.0, ""kick_power"": 0.9, ""kick_dir"": [-0.9601730990794184, 0.2794057670993541]}, {""move_vx"": 4.1012193308819755, ""move_vy"": -4.1012193308819755, ""kick_power"": 0.0, ""kick_dir"": null}, {""move_vx"": -5.987155479394049, ""move_vy"": -0.3923891761527335, ""kick_power"": 0.0, ""kick_dir"": null}, {""move_vx"": -0.0, ""move_vy"": 0.0, ""kick_power"": 0.4, ""kick_dir"": [0.9507125834368904, -0.3100733301748469]}, {""move_vx"": -4.242640687119285, ""move_vy"": -4.242640687119285, ""kick_power"": 0.0, ""kick_dir"": null}, {""move_vx"": -3.9772437522240325, ""move_vy"": 4.598688088509037, ""kick_power"": 0.0, ""kick_dir"": null}, {""move_vx"": -6.300000000000001, ""move_vy"": 0.0, ""kick_power"": 0.0, ""kick_dir"": null}, {""move_vx"": 4.525483399593904, ""move_vy"": -4.525483399593904, ""kick_power"": 0.0, ""kick_dir"": null}]"
482,3,default,default,0,50.0,37.5,-1,,,-0.0024000000000000002,0.00041409488603345087,0.015845988792051006,"[{""move_vx"": 0.0, ""move_vy"": 0.0, ""kick_power"": 0.9, ""kick_dir"": [0.7432941241477194, 0.6689647117329475]}, {""move_vx"": 0.0, ""move_vy"": 0.0, ""kick_power"": 0.0, ""kick_dir"": null}, {""move_vx"": 3.8183766184073566, ""move_vy"": -3.8183766184073566, ""kick_power"": 0.0, ""kick_dir"": null}, {""move_vx"": 0.0, ""move_vy"": 0.0, ""kick_power"": 0.9, ""kick_dir"": [-0.8749125782037269, -0.48428075120169733]}, {""move_vx"": 0.0, ""move_vy"": 0.0, ""kick_power"": 0.4, ""kick_dir"": [0.9730317925976731, -0.23067099231661156]}, {""move_vx"": 4.313351365237939, ""move_vy"": -4.313351365237939, ""kick_power"": 0.0, ""kick_dir"": null}, {""move_vx"": 0.0, ""move_vy"": 0.0, ""kick_power"": 0.4, ""kick_dir"": [-0.9995237202641386, -0.030857922936739876]}, {""move_vx"": 0.0, ""move_vy"": 0.0, ""kick_power"": 0.6, ""kick_dir"": [0.9934089206886496, -0.11462410623330573]}, {""move_vx"": 7.303425424811279, ""move_vy"": -2.191027627443383, ""kick_power"": 0.0, ""kick_dir"": null}, {""move_vx"": -4.242640687119285, ""move_vy"": -4.242640687119285, ""kick_power"": 0.0, ""kick_dir"": null}, {""move_vx"": -4.242640687119285, ""move_vy"": 4.242640687119285, ""kick_power"": 0.0, ""kick_dir"": null}, {""move_vx"": 3.5355339059327373, ""move_vy"": -3.5355339059327373, ""kick_power"": 0.0, ""kick_dir"": null}, {""move_vx"": -6.806717203067583, ""move_vy"": 1.4526530616302764, ""kick_power"": 0.0, ""kick_dir"": null}, {""move_vx"": -0.0, ""move_vy"": 0.0, ""kick_power"": 0.6, ""kick_dir"": [-0.99779678306357, 0.06634421763880931]}, {""move_vx"": -0.0, ""move_vy"": 0.0, ""kick_power"": 0.9, ""kick_dir"": [-0.9595116172517929, 0.28166898849661015]}, {""move_vx"": 4.1012193308819755, ""move_vy"": -4.1012193308819755, ""kick_power"": 0.0, ""kick_dir"": null}, {""move_vx"": -5.987155479394049, ""move_vy"": -0.3923891761527334, ""kick_power"": 0.0, ""kick_dir"": null}, {""move_vx"": -5.763385586487369, ""move_vy"": 1.6683484592463438, ""kick_power"": 0.0, ""kick_dir"": null}, {""move_vx"": -4.242640687119285, ""move_vy"": -4.242640687119285, ""kick_power"": 0.0, ""kick_dir"": null}, {""move_vx"": -3.9772437522240325, ""move_vy"": 4.598688088509037, ""kick_power"": 0.0, ""kick_dir"": null}, {""move_vx"": -5.4, ""move_vy"": 0.0, ""kick_power"": 0.0, ""kick_dir"": null}, {""move_vx"": -0.0, ""move_vy"": 0.0, ""kick_power"": 0.0, ""kick_dir"": null}]"
482,4,default,default,0,50.0,37.5,-1,,,-0.0032,0.0009937292860138936,0.01633743550471819,"[{""move_vx"": 0.0, ""move_vy"": 0.0, ""kick_power"": 0.9, ""kick_dir"": [0.7432941241477194, 0.6689647117329475]}, {""move_vx"": 0.0, ""move_vy"": 0.0, ""kick_power"": 0.0, ""kick_dir"": null}, {""move_vx"": 3.8183766184073566, ""move_vy"": -3.8183766184073566, ""kick_power"": 0.0, ""kick_dir"": null}, {""move_vx"": 0.0, ""move_vy"": 0.0, ""kick_power"": 0.9, ""kick_dir"": [-0.8802153169074027, -0.47457440220686814]}, {""move_vx"": 0.0, ""move_vy"": 0.0, ""kick_power"": 0.4, ""kick_dir"": [0.9731134688109727, -0.23032618790596618]}, {""move_vx"": 0.0, ""move_vy"": -6.1, ""kick_power"": 0.0, ""kick_dir"": null}, {""move_vx"": 0.0, ""move_vy"": 0.0, ""kick_power"": 0.4, ""kick_dir"": [-0.9988956254923208, -0.04698304298105537]}, {""move_vx"": 5.307509809445339, ""move_vy"": -0.995158089271001, ""kick_power"": 0.0, ""kick_dir"": null}, {""move_vx"": 7.303425424811279, ""move_vy"": -2.191027627443382, ""kick_power"": 0.0, ""kick_dir"": null}, {""move_vx"": -4.242640687119285, ""move_vy"": -4.242640687119285, ""kick_power"": 0.0, ""kick_dir"": null}, {""move_vx"": -4.242640687119285, ""move_vy"": 4.242640687119285, ""kick_power"": 0.0, ""kick_dir"": null}, {""move_vx"": 3.5355339059327373, ""move_vy"": -3.5355339059327373, ""kick_power"": 0.0, ""kick_dir"": null}, {""move_vx"": -6.806717203067584, ""move_vy"": 1.4526530616302764, ""kick_power"": 0.0, ""kick_dir"": null}, {""move_vx"": -0.0, ""move_vy"": 0.0, ""kick_power"": 0.6, ""kick_dir"": [-0.9978161642075265, 0.0660520845421315]}, {""move_vx"": -0.0, ""move_vy"": 0.0, ""kick_power"": 0.9, ""kick_dir"": [-0.9588389237048457, 0.2839504903092695]}, {""move_vx"": 4.1012193308819755, ""move_vy"": -4.1012193308819755, ""kick_power"": 0.0, ""kick_dir"": null}, {""move_vx"": -5.987155479394049, ""move_vy"": -0.39238917615273317, ""kick_power"": 0.0, ""kick_dir"": null}, {""move_vx"": -5.763385586487368, ""move_vy"": 1.668348459246344, ""kick_power"": 0.0, ""kick_dir"": null}, {""move_vx"": -4.242640687119285, ""move_vy"": -4.242640687119285, ""kick_power"": 0.0, ""kick_dir"": null}, {""move_vx"": -3.977243752224033, ""move_vy"": 4.598688088509037, ""kick_power"": 0.0, ""kick_dir"": null}, {""move_vx"": -6.300000000000001, ""move_vy"": 0.0, ""kick_power"": 0.0, ""kick_dir"": null}, {""move_vx"": -0.0, ""move_vy"": 0.0, ""kick_power"": 0.0, ""kick_dir"": null}]"
482,5,default,default,0,50.0,37.5,-1,,,-0.004,0.004084359713313548,0.015626370279416612,"[{""move_vx"": 0.0, ""move_vy"": 0.0, ""kick_power"": 0.9, ""kick_dir"": [0.7432941241477194, 0.6689647117329475]}, {""move_vx"": 0.0, ""move_vy"": 0.0, ""kick_power"": 0.0, ""kick_dir"": null}, {""move_vx"": 3.8183766184073566, ""move_vy"": -3.8183766184073566, ""kick_power"": 0.0, ""kick_dir"": null}, {""move_vx"": 0.0, ""move_vy"": 0.0, ""kick_power"": 0.9, ""kick_dir"": [-0.8852691508189626, -0.4650789178041351]}, {""move_vx"": 0.0, ""move_vy"": 0.0, ""kick_power"": 0.4, ""kick_dir"": [0.9731956084031443, -0.2299788766719401]}, {""move_vx"": 0.0, ""move_vy"": 0.0, ""kick_power"": 0.7, ""kick_dir"": [0.9596072571670079, 0.2813429974292175]}, {""move_vx"": 0.0, ""move_vy"": 0.0, ""kick_power"": 0.4, ""kick_dir"": [-0.9979764725865362, -0.06358329398791869]}, {""move_vx"": 5.307509809445339, ""move_vy"": -0.9951580892710015, ""kick_power"": 0.0, ""kick_dir"": null}, {""move_vx"": 7.303425424811279, ""move_vy"": -2.1910276274433818, ""kick_power"": 0.0, ""kick_dir"": null}, {""move_vx"": -4.242640687119285, ""move_vy"": -4.242640687119285, ""kick_power"": 0.0, ""kick_dir"": null}, {""move_vx"": -4.242640687119285, ""move_vy"": 4.242640687119285, ""kick_power"": 0.0, ""kick_dir"": null}, {""move_vx"": 3.5355339059327373, ""move_vy"": -3.5355339059327373, ""kick_power"": 0.0, ""kick_dir"": null}, {""move_vx"": -6.806717203067583, ""move_vy"": 1.452653061630276, ""kick_power"": 0.0, ""kick_dir"": null}, {""move_vx"": -0.0, ""move_vy"": 0.0, ""kick_power"": 0.6, ""kick_dir"": [-0.997835585886978, 0.06575803284253635]}, {""move_vx"": -0.0, ""move_vy"": 0.0, ""kick_power"": 0.9, ""kick_dir"": [-0.9581548100232798, 0.2862504540133611]}, {""move_vx"": 4.1012193308819755, ""move_vy"": -4.1012193308819755, ""kick_power"": 0.0, ""kick_dir"": null}, {""move_vx"": -5.987155479394049, ""move_vy"": -0.39238917615273305, ""kick_power"": 0.0, ""kick_dir"": null}, {""move_vx"": -5.763385586487368, ""move_vy"": 1.668348459246345, ""kick_power"": 0.0, ""kick_dir"": null}, {""move_vx"": -4.242640687119285, ""move_vy"": -4.242640687119285, ""kick_power"": 0.0, ""kick_dir"": null}, {""move_vx"": -3.977243752224034, ""move_vy"": 4.598688088509037, ""kick_power"": 0.0, ""kick_dir"": null}, {""move_vx"": -5.4, ""move_vy"": 0.0, ""kick_power"": 0.0, ""kick_dir"": null}, {""move_vx"": -0.0, ""move_vy"": 0.0, ""kick_power"": 0.0, ""kick_dir"": null}]"
482,6,default,default,0,50.0,37.5,-1,,,-0.0048000000000000004,0.0007111169833580616,0.01130303246285126,"[{""move_vx"": 0.0, ""move_vy"": 0.0, ""kick_power"": 0.9, ""kick_dir"": [0.7432941241477194, 0.6689647117329475]}, {""move_vx"": 0.0, ""move_vy"": 0.0, ""kick_power"": 0.0, ""kick_dir"": null}, {""move_vx"": 3.8183766184073566, ""move_vy"": -3.8183766184073566, ""kick_power"": 0.0, ""kick_dir"": null}, {""move_vx"": 0.0, ""move_vy"": 0.0, ""kick_power"": 0.9, ""kick_dir"": [-0.8900866837040011, -0.4557911434683185]}, {""move_vx"": 0.0, ""move_vy"": 0.0, ""kick_power"": 0.4, ""kick_dir"": [0.973278215014137, -0.22962903131478313]}, {""move_vx"": 0.0, ""move_vy"": -6.1, ""kick_power"": 0.0, ""kick_dir"": null}, {""move_vx"": 0.0, ""move_vy"": 0.0, ""kick_power"": 0.4, ""kick_dir"": [-0.996741158497698, -0.0806655825178041]}, {""move_vx"": 5.307509809445339, ""move_vy"": -0.995158089271002, ""kick_power"": 0.0, ""kick_dir"": null}, {""move_vx"": 7.303425424811279, ""move_vy"": -2.1910276274433813, ""kick_power"": 0.0, ""kick_dir"": null}, {""move_vx"": -4.242640687119285, ""move_vy"": -4.242640687119285, ""kick_power"": 0.0, ""kick_dir"": null}, {""move_vx"": -4.242640687119285, ""move_vy"": 4.242640687119285, ""kick_power"": 0.0, ""kick_dir"": null}, {""move_vx"": -5.999296709033905, ""move_vy"": 0.09186401349248968, ""kick_power"": 0.0, ""kick_dir"": null}, {""move_vx"": -6.806717203067584, ""move_vy"": 1.4526530616302757, ""kick_power"": 0.0, ""kick_dir"": null}, {""move_vx"": -0.0, ""move_vy"": 0.0, ""kick_power"": 0.6, ""kick_dir"": [-0.9978550476423448, 0.06546204365464588]}, {""move_vx"": -0.0, ""move_vy"": 0.0, ""kick_power"": 0.9, ""kick_dir"": [-0.9574590635268329, 0.2885690626140454]}, {""move_vx"": 4.1012193308819755, ""move_vy"": -4.1012193308819755, ""kick_power"": 0.0, ""kick_dir"": null}, {""move_vx"": -5.987155479394049, ""move_vy"": -0.39238917615273294, ""kick_power"": 0.0, ""kick_dir"": null}, {""move_vx"": -0.0, ""move_vy"": 0.0, ""kick_power"": 0.4, ""kick_dir"": [0.9484319723562533, -0.3169805690290776]}, {""move_vx"": -4.242640687119285, ""move_vy"": -4.242640687119285, ""kick_power"": 0.0, ""kick_dir"": null}, {""move_vx"": -3.977243752224034, ""move_vy"": 4.598688088509036, ""kick_power"": 0.0, ""kick_dir"": null}, {""move_vx"": -0.0, ""move_vy"": 0.0, ""kick_power"": 0.7, ""kick_dir"": [-0.9999999811605128, 0.0]}, {""move_vx"": -0.0, ""move_vy"": 0.0, ""kick_power"": 0.0, ""kick_dir"": null}]"
482,7,default,default,0,50.0,37.5,-1,,,-0.005600000000000001,0.0070710426912418255,0.015720746678159106,"[{""move_vx"": 0.0, ""move_vy"": 0.0, ""kick_power"": 0.9, ""kick_dir"": [0.7432941241477194, 0.6689647117329475]}, {""move_vx"": 0.0, ""move_vy"": 0.0, ""kick_power"": 0.0, ""kick_dir"": null}, {""move_vx"": 3.8183766184073566, ""move_vy"": -3.8183766184073566, ""kick_power"": 0.0, ""kick_dir"": null}, {""move_vx"": 0.0, ""move_vy"": 0.0, ""kick_power"": 0.9, ""kick_dir"": [-0.8946798952494325, -0.4467076871583999]}, {""move_vx"": 0.0, ""move_vy"": 0.0, ""kick_power"": 0.4, ""kick_dir"": [0.9733612923163357, -0.22927662413891145]}, {""move_vx"": 0.0, ""move_vy"": 6.1, ""kick_power"": 0.0, ""kick_dir"": null}, {""move_vx"": 0.0, ""move_vy"": 0.0, ""kick_power"": 0.4, ""kick_dir"": [-0.9951631337838073, -0.09823547486761589]}, {""move_vx"": 5.307509809445338, ""move_vy"": -0.9951580892710024, ""kick_power"": 0.0, ""kick_dir"": null}, {""move_vx"": 7.303425424811279, ""move_vy"": -2.191027627443381, ""kick_power"": 0.0, ""kick_dir"": null}, {""move_vx"": -4.242640687119285, ""move_vy"": -4.242640687119285, ""kick_power"": 0.0, ""kick_dir"": null}, {""move_vx"": -4.242640687119285, ""move_vy"": 4.242640687119285, ""kick_power"": 0.0, ""kick_dir"": null}, {""move_vx"": 3.5355339059327373, ""move_vy"": -3.5355339059327373, ""kick_power"": 0.0, ""kick_dir"": null}, {""move_vx"": -6.806717203067584, ""move_vy"": 1.4526530616302757, ""kick_power"": 0.0, ""kick_dir"": null}, {""move_vx"": -0.0, ""move_vy"": 0.0, ""kick_power"": 0.6, ""kick_dir"": [-0.9978745489966282, 0.06516409784546327]}, {""move_vx"": -0.0, ""move_vy"": 0.0, ""kick_power"": 0.9, ""kick_dir"": [-0.9567514671791328, 0.2909065006337685]}, {""move_vx"": 4.1012193308819755, ""move_vy"": -4.1012193308819755, ""kick_power"": 0.0, ""kick_dir"": null}, {""move_vx"": -5.9871554793940485, ""move_vy"": -0.3923891761527328, ""kick_power"": 0.0, ""kick_dir"": null}, {""move_vx"": -5.763385586487368, ""move_vy"": 1.6683484592463453, ""kick_power"": 0.0, ""kick_dir"": null}, {""move_vx"": -4.242640687119285, ""move_vy"": -4.242640687119285, ""kick_power"": 0.0, ""kick_dir"": null}, {""move_vx"": -3.9772437522240343, ""move_vy"": 4.598688088509036, ""kick_power"": 0.0, ""kick_dir"": null}, {""move_vx"": -5.4, ""move_vy"": 0.0, ""kick_power"": 0.0, ""kick_dir"": null}, {""move_vx"": 4.525483399593904, ""move_vy"": -4.525483399593904, ""kick_power"": 0.0, ""kick_dir"": null}]"
482,8,default,default,0,50.0,37.5,-1,,,-0.006400000000000001,0.0069149960682640885,0.012289164381882082,"[{""move_vx"": 0.0, ""move_vy"": 0.0, ""kick_power"": 0.9, ""kick_dir"": [0.7432941241477194, 0.6689647117329475]}, {""move_vx"": 0.0, ""move_vy"": 0.0, ""kick_power"": 0.0, ""kick_dir"": null}, {""move_vx"": 3.8183766184073566, ""move_vy"": -3.8183766184073566, ""kick_power"": 0.0, ""kick_dir"": null}, {""move_vx"": 0.0, ""move_vy"": 0.0, ""kick_power"": 0.9, ""kick_dir"": [-0.8990601633325671, -0.4378249617851321]}, {""move_vx"": 0.0, ""move_vy"": 0.0, ""kick_power"": 0.4, ""kick_dir"": [0.9734448440147765, -0.22892162704574406]}, {""move_vx"": 0.0, ""move_vy"": 6.1, ""kick_power"": 0.0, ""kick_dir"": null}, {""move_vx"": 0.0, ""move_vy"": 0.0, ""kick_power"": 0.4, ""kick_dir"": [-0.9932144205280055, -0.1162969661017493]}, {""move_vx"": 5.307509809445338, ""move_vy"": -0.9951580892710028, ""kick_power"": 0.0, ""kick_dir"": null}, {""move_vx"": 7.303425424811281, ""move_vy"": -2.191027627443381, ""kick_power"": 0.0, ""kick_dir"": null}, {""move_vx"": -4.242640687119285, ""move_vy"": -4.242640687119285, ""kick_power"": 0.0, ""kick_dir"": null}, {""move_vx"": -4.242640687119285, ""move_vy"": 4.242640687119285, ""kick_power"": 0.0, ""kick_dir"": null}, {""move_vx"": 3.5355339059327373, ""move_vy"": -3.5355339059327373, ""kick_power"": 0.0, ""kick_dir"": null}, {""move_vx"": -6.806717203067583, ""move_vy"": 1.4526530616302753, ""kick_power"": 0.0, ""kick_dir"": null}, {""move_vx"": -0.0, ""move_vy"": 0.0, ""kick_power"": 0.6, ""kick_dir"": [-0.9978940894549362, 0.06486417603032363]}, {""move_vx"": -0.0, ""move_vy"": 0.0, ""kick_power"": 0.9, ""kick_dir"": [-0.9560317994947318, 0.29326295409886943]}, {""move_vx"": 4.1012193308819755, ""move_vy"": -4.1012193308819755, ""kick_power"": 0.0, ""kick_dir"": null}, {""move_vx"": -5.987155479394049, ""move_vy"": -0.3923891761527327, ""kick_power"": 0.0, ""kick_dir"": null}, {""move_vx"": -5.763385586487368, ""move_vy"": 1.6683484592463462, ""kick_power"": 0.0, ""kick_dir"": null}, {""move_vx"": -4.242640687119285, ""move_vy"": -4.242640687119285, ""kick_power"": 0.0, ""kick_dir"": null}, {""move_vx"": 4.525483399593904, ""move_vy"": 4.525483399593904, ""kick_power"": 0.0, ""kick_dir"": null}, {""move_vx"": -6.300000000000001, ""move_vy"": 0.0, ""kick_power"": 0.0, ""kick_dir"": null}, {""move_vx"": -0.0, ""move_vy"": 0.0, ""kick_power"": 0.0, ""kick_dir"": null}]"
482,9,default,default,0,50.0,37.5,-1,,,-0.0072000000000000015,0.00034512350141031184,0.0152985384048777,"[{""move_vx"": 0.0, ""move_vy"": 0.0, ""kick_power"": 0.9, ""kick_dir"": [0.7432941241477194, 0.6689647117329475]}, {""move_vx"": 0.0, ""move_vy"": 0.0, ""kick_power"": 0.0, ""kick_dir"": null}, {""move_vx"": 3.8183766184073566, ""move_vy"": -3.8183766184073566, ""kick_power"": 0.0, ""kick_dir"": null}, {""move_vx"": 0.0, ""move_vy"": 0.0, ""kick_power"": 0.9, ""kick_dir"": [-0.9032382871417722, -0.4291392230783833]}, {""move_vx"": 0.0, ""move_vy"": 0.0, ""kick_power"": 0.4, ""kick_dir"": [0.9735288738473615, -0.22856401152638436]}, {""move_vx"": 0.0, ""move_vy"": -6.1, ""kick_power"": 0.0, ""kick_dir"": null}, {""move_vx"": 0.0, ""move_vy"": 0.0, ""kick_power"": 0.4, ""kick_dir"": [-0.9908656536019547, -0.13485223051391293]}, {""move_vx"": 5.307509809445338, ""move_vy"": -0.9951580892710034, ""kick_power"": 0.0, ""kick_dir"": null}, {""move_vx"": 7.30342542481128, ""move_vy"": -2.19102762744338, ""kick_power"": 0.0, ""kick_dir"": null}, {""move_vx"": -4.242640687119285, ""move_vy"": -4.242640687119285, ""kick_power"": 0.0, ""kick_dir"": null}, {""move_vx"": -4.242640687119285, ""move_vy"": 4.242640687119285, ""kick_power"": 0.0, ""kick_dir"": null}, {""move_vx"": 3.5355339059327373, ""move_vy"": 3.5355339059327373, ""kick_power"": 0.0, ""kick_dir"": null}, {""move_vx"": -6.806717203067584, ""move_vy"": 1.4526530616302753, ""kick_power"": 0.0, ""kick_dir"": null}, {""move_vx"": -0.0, ""move_vy"": 0.0, ""kick_power"": 0.6, ""kick_dir"": [-0.9979136685039938, 0.06456225856876613]}, {""move_vx"": -0.0, ""move_vy"": 0.0, ""kick_power"": 0.9, ""kick_dir"": [-0.9552998344442927, 0.2956386105245611]}, {""move_vx"": 4.1012193308819755, ""move_vy"": -4.1012193308819755, ""kick_power"": 0.0, ""kick_dir"": null}, {""move_vx"": -5.987155479394049, ""move_vy"": -0.3923891761527326, ""kick_power"": 0.0, ""kick_dir"": null}, {""move_vx"": -5.7633855864873675, ""move_vy"": 1.6683484592463467, ""kick_power"": 0.0, ""kick_dir"": null}, {""move_vx"": -4.242640687119285, ""move_vy"": -4.242640687119285, ""kick_power"": 0.0, ""kick_dir"": null}, {""move_vx"": -4.067092431529479, ""move_vy"": 4.5194202231476135, ""kick_power"": 0.0, ""kick_dir"": null}, {""move_vx"": -5.4, ""move_vy"": 0.0, ""kick_power"": 0.0, ""kick_dir"": null}, {""move_vx"": -0.0, ""move_vy"": 0.0, ""kick_power"": 0.0, ""kick_dir"": null}]"
482,10,default,default,0,50.0,37.5,-1,,,-0.008000000000000002,0.006649281259732003,0.015678155150637575,"[{""move_vx"": 0.0, ""move_vy"": 0.0, ""kick_power"": 0.9, ""kick_dir"": [0.7432941241477194, 0.6689647117329475]}, {""move_vx"": 0.0, ""move_vy"": 0.0, ""kick_power"": 0.0, ""kick_dir"": null}, {""move_vx"": 3.8183766184073566, ""move_vy"": -3.8183766184073566, ""kick_power"": 0.0, ""kick_dir"": null}, {""move_vx"": 0.0, ""move_vy"": 0.0, ""kick_power"": 0.9, ""kick_dir"": [-0.9072245107914655, -0.4206466032404577]}, {""move_vx"": 0.0, ""move_vy"": 0.0, ""kick_power"": 0.4, ""kick_dir"": [0.9736133855850683, -0.2282037486541418]}, {""move_vx"": 0.0, ""move_vy"": 6.1, ""kick_power"": 0.0, ""kick_dir"": null}, {""move_vx"": 0.0, ""move_vy"": 0.0, ""kick_power"": 0.4, ""kick_dir"": [-0.9880861494105414, -0.15390135474251865]}, {""move_vx"": 5.307509809445339, ""move_vy"": -0.9951580892710038, ""kick_power"": 0.0, ""kick_dir"": null}, {""move_vx"": 7.30342542481128, ""move_vy"": -2.1910276274433795, ""kick_power"": 0.0, ""kick_dir"": null}, {""move_vx"": -4.242640687119285, ""move_vy"": -4.242640687119285, ""kick_power"": 0.0, ""kick_dir"": null}, {""move_vx"": -4.242640687119285, ""move_vy"": 4.242640687119285, ""kick_power"": 0.0, ""kick_dir"": null}, {""move_vx"": 3.5355339059327373, ""move_vy"": -3.5355339059327373, ""kick_power"": 0.0, ""kick_dir"": null}, {""move_vx"": -6.806717203067584, ""move_vy"": 1.452653061630275, ""kick_power"": 0.0, ""kick_dir"": null}, {""move_vx"": -0.0, ""move_vy"": 0.0, ""kick_power"": 0.9, ""kick_dir"": [-0.9438441806681978, -0.33039086637323606]}, {""move_vx"": -0.0, ""move_vy"": 0.0, ""kick_power"": 0.9, ""kick_dir"": [-0.9545553413579094, 0.2980336588981988]}, {""move_vx"": 4.1012193308819755, ""move_vy"": -4.1012193308819755, ""kick_power"": 0.0, ""kick_dir"": null}, {""move_vx"": -5.987155479394049, ""move_vy"": -0.39238917615273244, ""kick_power"": 0.0, ""kick_dir"": null}, {""move_vx"": -5.763385586487368, ""move_vy"": 1.6683484592463476, ""kick_power"": 0.0, ""kick_dir"": null}, {""move_vx"": -4.242640687119285, ""move_vy"": -4.242640687119285, ""kick_power"": 0.0, ""kick_dir"": null}, {""move_vx"": -4.06709243152948, ""move_vy"": 4.5194202231476135, ""kick_power"": 0.0, ""kick_dir"": null}, {""move_vx"": -6.300000000000001, ""move_vy"": 0.0, ""kick_power"": 0.0, ""kick_dir"": null}, {""move_vx"": -0.0, ""move_vy"": 0.0, ""kick_power"": 0.0, ""kick_dir"": null}]"
482,11,default,default,0,50.0,37.5,20,B,,-0.008800000000000002,0.005918801859539568,2.7638157871337024,"[{""move_vx"": 0.0, ""move_vy"": 0.0, ""kick_power"": 0.9, ""kick_dir"": [0.7432941241477194, 0.6689647117329475]}, {""move_vx"": 0.0, ""move_vy"": 0.0, ""kick_power"": 0.0, ""kick_dir"": null}, {""move_vx"": 5.362593944571326, ""move_vy"": -0.6344967971920312, ""kick_power"": 0.0, ""kick_dir"": null}, {""move_vx"": 0.0, ""move_vy"": 0.0, ""kick_power"": 0.9, ""kick_dir"": [-0.9110285471344354, -0.4123431407536996]}, {""move_vx"": 0.0, ""move_vy"": 0.0, ""kick_power"": 0.4, ""kick_dir"": [0.9736983830321553, -0.22784080907689064]}, {""move_vx"": 0.0, ""move_vy"": -6.1, ""kick_power"": 0.0, ""kick_dir"": null}, {""move_vx"": 0.0, ""move_vy"": 0.0, ""kick_power"": 0.4, ""kick_dir"": [-0.9848440064778088, -0.17344205555687495]}, {""move_vx"": 5.307509809445337, ""move_vy"": -0.9951580892710044, ""kick_power"": 0.0, ""kick_dir"": null}, {""move_vx"": 7.303425424811281, ""move_vy"": -2.191027627443379, ""kick_power"": 0.0, ""kick_dir"": null}, {""move_vx"": -4.242640687119285, ""move_vy"": -4.242640687119285, ""kick_power"": 0.0, ""kick_dir"": null}, {""move_vx"": -4.242640687119285, ""move_vy"": -4.242640687119285, ""kick_power"": 0.0, ""kick_dir"": null}, {""move_vx"": 3.5355339059327373, ""move_vy"": 3.5355339059327373, ""kick_power"": 0.0, ""kick_dir"": null}, {""move_vx"": -6.806717203067584, ""move_vy"": 1.4526530616302746, ""kick_power"": 0.0, ""kick_dir"": null}, {""move_vx"": -0.0, ""move_vy"": 0.0, ""kick_power"": 0.6, ""kick_dir"": [-0.9979529402263153, 0.06395235684025273]}, {""move_vx"": -0.0, ""move_vy"": 0.0, ""kick_power"": 0.9, ""kick_dir"": [-0.9537980848265432, 0.30044828966074966]}, {""move_vx"": 4.1012193308819755, ""move_vy"": -4.1012193308819755, ""kick_power"": 0.0, ""kick_dir"": null}, {""move_vx"": -5.987155479394049, ""move_vy"": -0.3923891761527324, ""kick_power"": 0.0, ""kick_dir"": null}, {""move_vx"": -5.7633855864873675, ""move_vy"": 1.668348459246348, ""kick_power"": 0.0, ""kick_dir"": null}, {""move_vx"": -4.242640687119285, ""move_vy"": -4.242640687119285, ""kick_power"": 0.0, ""kick_dir"": null}, {""move_vx"": -4.067092431529482, ""move_vy"": 4.519420223147613, ""kick_power"": 0.0, ""kick_dir"": null}, {""move_vx"": -5.4, ""move_vy"": 0.0, ""kick_power"": 0.0, ""kick_dir"": null}, {""move_vx"": -0.0, ""move_vy"": 0.0, ""kick_power"": 0.0, ""kick_dir"": null}]"
482,12,default,default,0,50.13999999999999,37.5,20,B,,-0.010152999999999942,0.007242137222282596,0.3168300404440063,"[{""move_vx"": 5.25, ""move_vy"": 0.0, ""kick_power"": 0.0, ""kick_dir"": null}, {""move_vx"": 0.0, ""move_vy"": 5.8, ""kick_power"": 0.0, ""kick_dir"": null}, {""move_vx"": 6.243296643862706, ""move_vy"": 1.7354097547071348, ""kick_power"": 0.0, ""kick_dir"": null}, {""move_vx"": 0.0, ""move_vy"": 0.0, ""kick_power"": 0.0, ""kick_dir"": null}, {""move_vx"": 0.0, ""move_vy"": 0.0, ""kick_power"": 0.4, ""kick_dir"": [0.973783870026363, -0.22747516300926118]}, {""move_vx"": 4.951099413595082, ""move_vy"": 2.37206968630739, ""kick_power"": 0.0, ""kick_dir"": null}, {""move_vx"": 0.0, ""move_vy"": 0.0, ""kick_power"": 0.4, ""kick_dir"": [0.9964392124155005, 0.0843140872043885]}, {""move_vx"": 5.505486747129682, ""move_vy"": -2.3852915287610936, ""kick_power"": 0.0, ""kick_dir"": null}, {""move_vx"": 2.6047612630568406, ""move_vy"": -4.832734087706309, ""kick_power"": 0.0, ""kick_dir"": null}, {""move_vx"": -4.242640687119285, ""move_vy"": -4.242640687119285, ""kick_power"": 0.0, ""kick_dir"": null}, {""move_vx"": 7.097625926635716, ""move_vy"": -1.2098372640766557, ""kick_power"": 0.0, ""kick_dir"": null}, {""move_vx"": -0.0, ""move_vy"": 0.0, ""kick_power"": 0.0, ""kick_dir"": null}, {""move_vx"": -6.806717203067584, ""move_vy"": 1.4526530616302744, ""kick_power"": 0.0, ""kick_dir"": null}, {""move_vx"": -0.0, ""move_vy"": 0.0, ""kick_power"": 0.9, ""kick_dir"": [-0.9422340871955852, -0.3349550515341376]}, {""move_vx"": -0.0, ""move_vy"": 0.0, ""kick_power"": 0.9, ""kick_dir"": [-0.953027824601552, 0.3028826946863642]}, {""move_vx"": -3.486036431249679, ""move_vy"": 3.486036431249679, ""kick_power"": 0.0, ""kick_dir"": null}, {""move_vx"": -4.242640687119285, ""move_vy"": 4.242640687119285, ""kick_power"": 0.0, ""kick_dir"": null}, {""move_vx"": -5.7633855864873675, ""move_vy"": 1.668348459246349, ""kick_power"": 0.0, ""kick_dir"": null}, {""move_vx"": -4.242640687119285, ""move_vy"": -4.242640687119285, ""kick_power"": 0.0, ""kick_dir"": null}, {""move_vx"": -4.067092431529483, ""move_vy"": 4.519420223147611, ""kick_power"": 0.0, ""kick_dir"": null}, {""move_vx"": -6.300000000000001, ""move_vy"": 0.0, ""kick_power"": 0.0, ""kick_dir"": null}, {""move_vx"": -0.0, ""move_vy"": 0.0, ""kick_power"": 0.0, ""kick_dir"": null}]"
482,13,default,default,0,49.80710517278036,37.1398510844847,20,B,,-0.007288110385186357,0.02813011568029525,0.30265923660110283,"[{""move_vx"": 5.25, ""move_vy"": 0.0, ""kick_power"": 0.0, ""kick_dir"": null}, {""move_vx"": 0.0, ""move_vy"": 5.8, ""kick_power"": 0.0, ""kick_dir"": null}, {""move_vx"": 6.245467655125631, ""move_vy"": 1.7275803219473085, ""kick_power"": 0.0, ""kick_dir"": null}, {""move_vx"": 0.0, ""move_vy"": 0.0, ""kick_power"": 0.0, ""kick_dir"": null}, {""move_vx"": 0.0, ""move_vy"": 0.0, ""kick_power"": 0.4, ""kick_dir"": [0.973869850439111, -0.2271067802246595]}, {""move_vx"": 4.952750777458734, ""move_vy"": 2.3686197956577817, ""kick_power"": 0.0, ""kick_dir"": null}, {""move_vx"": 0.0, ""move_vy"": 0.0, ""kick_power"": 0.4, ""kick_dir"": [0.9964392124155005, 0.0843140872043885]}, {""move_vx"": 0.0, ""move_vy"": 0.0, ""kick_power"": 0.4, ""kick_dir"": [0.9939833857092255, -0.10953080282492675]}, {""move_vx"": 2.6344500293934576, ""move_vy"": -4.816614271729553, ""kick_power"": 0.0, ""kick_dir"": null}, {""move_vx"": -4.242640687119285, ""move_vy"": -4.242640687119285, ""kick_power"": 0.0, ""kick_dir"": null}, {""move_vx"": -4.242640687119285, ""move_vy"": -4.242640687119285, ""kick_power"": 0.0, ""kick_dir"": null}, {""move_vx"": -0.0, ""move_vy"": 0.0, ""kick_power"": 0.0, ""kick_dir"": null}, {""move_vx"": -6.806717203067584, ""move_vy"": 1.4526530616302744, ""kick_power"": 0.0, ""kick_dir"": null}, {""move_vx"": -0.0, ""move_vy"": 0.0, ""kick_power"": 0.9, ""kick_dir"": [-0.9414096966254024, -0.3372650953596452]}, {""move_vx"": -0.0, ""move_vy"": 0.0, ""kick_power"": 0.9, ""kick_dir"": [-0.9522443154923056, 0.30533706725995213]}, {""move_vx"": -3.48603643124967, ""move_vy"": 3.486036431249688, ""kick_power"": 0.0, ""kick_dir"": null}, {""move_vx"": -4.242640687119285, ""move_vy"": 4.242640687119285, ""kick_power"": 0.0, ""kick_dir"": null}, {""move_vx"": -4.242640687119285, ""move_vy"": -4.242640687119285, ""kick_power"": 0.0, ""kick_dir"": null}, {""move_vx"": -4.242640687119285, ""move_vy"": -4.242640687119285, ""kick_power"": 0.0, ""kick_dir"": null}, {""move_vx"": -4.052604093495586, ""move_vy"": 4.53241658074176, ""kick_power"": 0.0, ""kick_dir"": null}, {""move_vx"": -5.597368963317809, ""move_vy"": -2.160893493091807, ""kick_power"": 0.0, ""kick_dir"": null}, {""move_vx"": -0.0, ""move_vy"": 0.0, ""kick_power"": 0.0, ""kick_dir"": null}]"
482,14,default,default,0,49.433947241892504,36.99579151827857,20,B,,-0.004062569927277991,0.03429692220871675,0.3048849616087396,"[{""move_vx"": 5.25, ""move_vy"": 0.0, ""kick_power"": 0.0, ""kick_dir"": null}, {""move_vx"": 0.0, ""move_vy"": 0.0, ""kick_power"": 0.4, ""kick_dir"": [0.07358610510901062, 0.9972887407997122]}, {""move_vx"": 6.260582627080582, ""move_vy"": 1.6719764261187413, ""kick_power"": 0.0, ""kick_dir"": null}, {""move_vx"": 3.8183766184073566, ""move_vy"": 3.8183766184073566, ""kick_power"": 0.0, ""kick_dir"": null}, {""move_vx"": 0.0, ""move_vy"": 0.0, ""kick_power"": 0.4, ""kick_dir"": [0.9739587395171801, -0.22672527173754933]}, {""move_vx"": 4.313351365237939, ""move_vy"": 4.313351365237939, ""kick_power"": 0.0, ""kick_dir"": null}, {""move_vx"": 0.0, ""move_vy"": 0.0, ""kick_power"": 0.4, ""kick_dir"": [0.9964392124155005, 0.0843140872043885]}, {""move_vx"": 0.0, ""move_vy"": 0.0, ""kick_power"": 0.4, ""kick_dir"": [0.9939833857092255, -0.10953080282492675]}, {""move_vx"": 2.5255632142998574, ""move_vy"": -4.874590285406085, ""kick_power"": 0.0, ""kick_dir"": null}, {""move_vx"": -4.242640687119285, ""move_vy"": -4.242640687119285, ""kick_power"": 0.0, ""kick_dir"": null}, {""move_vx"": 4.02850145330188, ""move_vy"": -4.843673816510011, ""kick_power"": 0.0, ""kick_dir"": null}, {""move_vx"": -0.0, ""move_vy"": 0.0, ""kick_power"": 0.0, ""kick_dir"": null}, {""move_vx"": -6.806717203067584, ""move_vy"": 1.4526530616302742, ""kick_power"": 0.0, ""kick_dir"": null}, {""move_vx"": -0.0, ""move_vy"": 0.0, ""kick_power"": 0.9, ""kick_dir"": [-0.9405838253802707, -0.33956152418374863]}, {""move_vx"": -5.3494681665599275, ""move_vy"": 0.7370144740518855, ""kick_power"": 0.0, ""kick_dir"": null}, {""move_vx"": -3.486036431249679, ""move_vy"": 3.486036431249679, ""kick_power"": 0.0, ""kick_dir"": null}, {""move_vx"": -4.242640687119285, ""move_vy"": 4.242640687119285, ""kick_power"": 0.0, ""kick_dir"": null}, {""move_vx"": -5.752748900661325, ""move_vy"": 1.7046642150112485, ""kick_power"": 0.0, ""kick_dir"": null}, {""move_vx"": -4.242640687119285, ""move_vy"": -4.242640687119285, ""kick_power"": 0.0, ""kick_dir"": null}, {""move_vx"": -4.173906965033021, ""move_vy"": 4.420961507098748, ""kick_power"": 0.0, ""kick_dir"": null}, {""move_vx"": -5.597368963317809, ""move_vy"": -2.160893493091807, ""kick_power"": 0.0, ""kick_dir"": null}, {""move_vx"": -0.0, ""move_vy"": 0.0, ""kick_power"": 0.0, ""kick_dir"": null}]"
482,15,default,default,0,49.06078931100465,36.85173195207245,20,B,,-0.0008420566648244241,0.03293195341617357,0.3058140170702386,"[{""move_vx"": 5.25, ""move_vy"": 0.0, ""kick_power"": 0.0, ""kick_dir"": null}, {""move_vx"": 0.0, ""move_vy"": 5.8, ""kick_power"": 0.0, ""kick_dir"": null}, {""move_vx"": 6.263116568775132, ""move_vy"": 1.6624592764739925, ""kick_power"": 0.0, ""kick_dir"": null}, {""move_vx"": 5.4, ""move_vy"": 0.0, ""kick_power"": 0.0, ""kick_dir"": null}, {""move_vx"": 0.0, ""move_vy"": 0.0, ""kick_power"": 0.4, ""kick_dir"": [0.9740523872407564, -0.22632260590662406]}, {""move_vx"": 4.967163984379108, ""move_vy"": 2.338243347534011, ""kick_power"": 0.0, ""kick_dir"": null}, {""move_vx"": 0.0, ""move_vy"": 0.0, ""kick_power"": 0.4, ""kick_dir"": [0.9964392124155005, 0.0843140872043885]}, {""move_vx"": 0.0, ""move_vy"": 0.0, ""kick_power"": 0.4, ""kick_dir"": [0.9939833857092255, -0.10953080282492675]}, {""move_vx"": 2.43483236657417, ""move_vy"": -4.920537709100788, ""kick_power"": 0.0, ""kick_dir"": null}, {""move_vx"": -4.242640687119285, ""move_vy"": -4.242640687119285, ""kick_power"": 0.0, ""kick_dir"": null}, {""move_vx"": 3.3257289007958533, ""move_vy"": -4.254353920210589, ""kick_power"": 0.0, ""kick_dir"": null}, {""move_vx"": -0.0, ""move_vy"": 0.0, ""kick_power"": 0.0, ""kick_dir"": null}, {""move_vx"": -6.806717203067583, ""move_vy"": 1.4526530616302735, ""kick_power"": 0.0, ""kick_dir"": null}, {""move_vx"": -0.0, ""move_vy"": 0.0, ""kick_power"": 0.9, ""kick_dir"": [-0.9397660013401454, -0.34181840766722066]}, {""move_vx"": -0.0, ""move_vy"": 0.0, ""kick_power"": 0.9, ""kick_dir"": [-0.9510539288156764, 0.30902489392551263]}, {""move_vx"": -3.4860364312496683, ""move_vy"": 3.4860364312496896, ""kick_power"": 0.0, ""kick_dir"": null}, {""move_vx"": -4.242640687119285, ""move_vy"": 4.242640687119285, ""kick_power"": 0.0, ""kick_dir"": null}, {""move_vx"": -5.752748900661325, ""move_vy"": 1.704664215011249, ""kick_power"": 0.0, ""kick_dir"": null}, {""move_vx"": -4.242640687119285, ""move_vy"": -4.242640687119285, ""kick_power"": 0.0, ""kick_dir"": null}, {""move_vx"": -4.258130059619553, ""move_vy"": 4.339899583557708, ""kick_power"": 0.0, ""kick_dir"": null}, {""move_vx"": -5.597368963317809, ""move_vy"": -2.1608934930918067, ""kick_power"": 0.0, ""kick_dir"": null}, {""move_vx"": -0.0, ""move_vy"": 0.0, ""kick_power"": 0.0, ""kick_dir"": null}]"
482,16,default,default,0,48.68763138011679,36.707672385866324,20,B,,0.00237327587782811,0.03344986705788484,0.3082330030216364,"[{""move_vx"": 5.25, ""move_vy"": 0.0, ""kick_power"": 0.0, ""kick_dir"": null}, {""move_vx"": 0.0, ""move_vy"": 5.8, ""kick_power"": 0.0, ""kick_dir"": null}, {""move_vx"": 6.265748568556736, ""move_vy"": 1.6525116869871757, ""kick_power"": 0.0, ""kick_dir"": null}, {""move_vx"": 3.8183766184073566, ""move_vy"": 3.8183766184073566, ""kick_power"": 0.0, ""kick_dir"": null}, {""move_vx"": 0.0, ""move_vy"": 0.0, ""kick_power"": 0.4, ""kick_dir"": [0.9741490524780644, -0.22590617188699408]}, {""move_vx"": 4.313351365237939, ""move_vy"": 4.313351365237939, ""kick_power"": 0.0, ""kick_dir"": null}, {""move_vx"": 0.0, ""move_vy"": 0.0, ""kick_power"": 0.4, ""kick_dir"": [0.9964392124155005, 0.0843140872043885]}, {""move_vx"": 5.298810228992576, ""move_vy"": -1.0404855391227934, ""kick_power"": 0.0, ""kick_dir"": null}, {""move_vx"": 2.340973178762483, ""move_vy"": -4.965878026725453, ""kick_power"": 0.0, ""kick_dir"": null}, {""move_vx"": -4.242640687119285, ""move_vy"": -4.242640687119285, ""kick_power"": 0.0, ""kick_dir"": null}, {""move_vx"": 6.0, ""move_vy"": 0.0, ""kick_power"": 0.0, ""kick_dir"": null}, {""move_vx"": -0.0, ""move_vy"": 0.0, ""kick_power"": 0.0, ""kick_dir"": null}, {""move_vx"": -6.806717203067584, ""move_vy"": 1.4526530616302735, ""kick_power"": 0.0, ""kick_dir"": null}, {""move_vx"": -0.0, ""move_vy"": 0.0, ""kick_power"": 0.9, ""kick_dir"": [-0.9389487466388771, -0.34405698961085784]}, {""move_vx"": -5.4, ""move_vy"": 0.0, ""kick_power"": 0.0, ""kick_dir"": null}, {""move_vx"": -3.4860364312496794, ""move_vy"": 3.4860364312496794, ""kick_power"": 0.0, ""kick_dir"": null}, {""move_vx"": -4.242640687119285, ""move_vy"": 4.242640687119285, ""kick_power"": 0.0, ""kick_dir"": null}, {""move_vx"": -5.752748900661325, ""move_vy"": 1.7046642150112494, ""kick_power"": 0.0, ""kick_dir"": null}, {""move_vx"": -4.242640687119285, ""move_vy"": -4.242640687119285, ""kick_power"": 0.0, ""kick_dir"": null}, {""move_vx"": -4.341159257884209, ""move_vy"": 4.256845815587665, ""kick_power"": 0.0, ""kick_dir"": null}, {""move_vx"": -5.597368963317809, ""move_vy"": -2.1608934930918062, ""kick_power"": 0.0, ""kick_dir"": null}, {""move_vx"": -0.0, ""move_vy"": 0.0, ""kick_power"": 0.0, ""kick_dir"": null}]"
482,17,default,default,0,48.314473449228934,36.5636128196602,20,B,,0.005583268052373943,0.025008599399276785,0.30998606339789136,"[{""move_vx"": 5.25, ""move_vy"": 0.0, ""kick_power"": 0.0, ""kick_dir"": null}, {""move_vx"": 0.0, ""move_vy"": 5.8, ""kick_power"": 0.0, ""kick_dir"": null}, {""move_vx"": 6.268485230080358, ""move_vy"": 1.6421001553694576, ""kick_power"": 0.0, ""kick_dir"": null}, {""move_vx"": 3.8183766184073566, ""move_vy"": 3.8183766184073566, ""kick_power"": 0.0, ""kick_dir"": null}, {""move_vx"": 0.0, ""move_vy"": 0.0, ""kick_power"": 0.4, ""kick_dir"": [0.9742488018970324, -0.22547560144913165]}, {""move_vx"": 0.0, ""move_vy"": 6.1, ""kick_power"": 0.0, ""kick_dir"": null}, {""move_vx"": 0.0, ""move_vy"": 0.0, ""kick_power"": 0.4, ""kick_dir"": [0.9964392124155005, 0.0843140872043885]}, {""move_vx"": -4.242640687119285, ""move_vy"": 4.242640687119285, ""kick_power"": 0.0, ""kick_dir"": null}, {""move_vx"": 2.2439077726109806, ""move_vy"": -5.010486793517774, ""kick_power"": 0.0, ""kick_dir"": null}, {""move_vx"": -4.242640687119285, ""move_vy"": -4.242640687119285, ""kick_power"": 0.0, ""kick_dir"": null}, {""move_vx"": -4.242640687119285, ""move_vy"": -4.242640687119285, ""kick_power"": 0.0, ""kick_dir"": null}, {""move_vx"": -0.0, ""move_vy"": 0.0, ""kick_power"": 0.0, ""kick_dir"": null}, {""move_vx"": -6.806717203067584, ""move_vy"": 1.4526530616302733, ""kick_power"": 0.0, ""kick_dir"": null}, {""move_vx"": -0.0, ""move_vy"": 0.0, ""kick_power"": 0.9, ""kick_dir"": [-0.9381335241411554, -0.3462736657829703]}, {""move_vx"": -5.4, ""move_vy"": 0.0, ""kick_power"": 0.0, ""kick_dir"": null}, {""move_vx"": -3.4860364312496657, ""move_vy"": 3.4860364312496923, ""kick_power"": 0.0, ""kick_dir"": null}, {""move_vx"": -7.359841062108806, ""move_vy"": 1.4431699624427885, ""kick_power"": 0.0, ""kick_dir"": null}, {""move_vx"": -5.752748900661325, ""move_vy"": 1.7046642150112503, ""kick_power"": 0.0, ""kick_dir"": null}, {""move_vx"": -4.242640687119285, ""move_vy"": -4.242640687119285, ""kick_power"": 0.0, ""kick_dir"": null}, {""move_vx"": -4.422887151994104, ""move_vy"": 4.171866397755984, ""kick_power"": 0.0, ""kick_dir"": null}, {""move_vx"": -5.59736896331781, ""move_vy"": -2.160893493091806, ""kick_power"": 0.0, ""kick_dir"": null}, {""move_vx"": -0.0, ""move_vy"": 0.0, ""kick_power"": 0.0, ""kick_dir"": null}]"
482,18,default,default,0,47.94131551834108,36.419553253454076,20,B,,0.008787753788555796,0.03221165121166526,0.31165729410721926,"[{""move_vx"": 5.25, ""move_vy"": 0.0, ""kick_power"": 0.0, ""kick_dir"": null}, {""move_vx"": 0.0, ""move_vy"": 5.8, ""kick_power"": 0.0, ""kick_dir"": null}, {""move_vx"": 6.271333799677715, ""move_vy"": 1.6311874119854755, ""kick_power"": 0.0, ""kick_dir"": null}, {""move_vx"": 3.8183766184073566, ""move_vy"": 3.8183766184073566, ""kick_power"": 0.0, ""kick_dir"": null}, {""move_vx"": 0.0, ""move_vy"": 0.0, ""kick_power"": 0.4, ""kick_dir"": [0.9743517040965948, -0.22503051232255292]}, {""move_vx"": -4.313351365237939, ""move_vy"": -4.313351365237939, ""kick_power"": 0.0, ""kick_dir"": null}, {""move_vx"": 0.0, ""move_vy"": 0.0, ""kick_power"": 0.4, ""kick_dir"": [0.9964392124155005, 0.0843140872043885]}, {""move_vx"": 5.286052713597789, ""move_vy"": -1.1034703027564725, ""kick_power"": 0.0, ""kick_dir"": null}, {""move_vx"": 2.1435631814976603, ""move_vy"": -5.054229603701006, ""kick_power"": 0.0, ""kick_dir"": null}, {""move_vx"": 0.0, ""move_vy"": 6.0, ""kick_power"": 0.0, ""kick_dir"": null}, {""move_vx"": 3.3284777522933147, ""move_vy"": -5.3489471723404085, ""kick_power"": 0.0, ""kick_dir"": null}, {""move_vx"": -0.0, ""move_vy"": 0.0, ""kick_power"": 0.0, ""kick_dir"": null}, {""move_vx"": -6.806717203067584, ""move_vy"": 1.4526530616302729, ""kick_power"": 0.0, ""kick_dir"": null}, {""move_vx"": -0.0, ""move_vy"": 0.0, ""kick_power"": 0.9, ""kick_dir"": [-0.9373221093248068, -0.34846409272434803]}, {""move_vx"": -5.4, ""move_vy"": 0.0, ""kick_power"": 0.0, ""kick_dir"": null}, {""move_vx"": -3.4860364312496794, ""move_vy"": 3.4860364312496794, ""kick_power"": 0.0, ""kick_dir"": null}, {""move_vx"": -7.359841062108806, ""move_vy"": 1.4431699624427883, ""kick_power"": 0.0, ""kick_dir"": null}, {""move_vx"": -5.752748900661325, ""move_vy"": 1.7046642150112505, ""kick_power"": 0.0, ""kick_dir"": null}, {""move_vx"": -4.242640687119285, ""move_vy"": -4.242640687119285, ""kick_power"": 0.0, ""kick_dir"": null}, {""move_vx"": -4.503208617390266, ""move_vy"": 4.085035146514905, ""kick_power"": 0.0, ""kick_dir"": null}, {""move_vx"": -5.59736896331781, ""move_vy"": -2.160893493091806, ""kick_power"": 0.0, ""kick_dir"": null}, {""move_vx"": -0.0, ""move_vy"": 0.0, ""kick_power"": 0.0, ""kick_dir"": null}]"
482,19,default,default,0,47.56815758745322,36.27549368724795,20,B,,0.010534002227190406,0.03467254477267021,0.3079216037090983,"[{""move_vx"": 0.0, ""move_vy"": 0.0, ""kick_power"": 0.0, ""kick_dir"": null}, {""move_vx"": 0.0, ""move_vy"": 5.8, ""kick_power"": 0.0, ""kick_dir"": null}, {""move_vx"": 6.274302248874832, ""move_vy"": 1.6197318573653556, ""kick_power"": 0.0, ""kick_dir"": null}, {""move_vx"": 3.8183766184073566, ""move_vy"": 3.8183766184073566, ""kick_power"": 0.0, ""kick_dir"": null}, {""move_vx"": 0.0, ""move_vy"": 0.0, ""kick_power"": 0.4, ""kick_dir"": [0.9744578296970733, -0.22457050741120244]}, {""move_vx"": 4.313351365237939, ""move_vy"": 4.313351365237939, ""kick_power"": 0.0, ""kick_dir"": null}, {""move_vx"": 0.0, ""move_vy"": 0.0, ""kick_power"": 0.4, ""kick_dir"": [0.9964392124155005, 0.0843140872043885]}, {""move_vx"": 5.282711341079061, ""move_vy"": -1.1193573543934363, ""kick_power"": 0.0, ""kick_dir"": null}, {""move_vx"": 2.039872617080077, ""move_vy"": -5.09696181132318, ""kick_power"": 0.0, ""kick_dir"": null}, {""move_vx"": 0.0, ""move_vy"": 0.0, ""kick_power"": 0.7, ""kick_dir"": [0.9881364892084646, 0.15357814102417341]}, {""move_vx"": 3.1347672640149473, ""move_vy"": -5.464726360986454, ""kick_power"": 0.0, ""kick_dir"": null}, {""move_vx"": -0.0, ""move_vy"": 0.0, ""kick_power"": 0.0, ""kick_dir"": null}, {""move_vx"": -4.1012193308819755, ""move_vy"": 4.1012193308819755, ""kick_power"": 0.0, ""kick_dir"": null}, {""move_vx"": -0.0, ""move_vy"": 0.0, ""kick_power"": 0.9, ""kick_dir"": [-0.9365166885032172, -0.35062294921285386]}, {""move_vx"": -5.4, ""move_vy"": 0.0, ""kick_power"": 0.0, ""kick_dir"": null}, {""move_vx"": -3.486036431249661, ""move_vy"": 3.4860364312496968, ""kick_power"": 0.0, ""kick_dir"": null}, {""move_vx"": -7.359841062108806, ""move_vy"": 1.4431699624427883, ""kick_power"": 0.0, ""kick_dir"": null}, {""move_vx"": -5.752748900661324, ""move_vy"": 1.7046642150112508, ""kick_power"": 0.0, ""kick_dir"": null}, {""move_vx"": 4.242640687119285, ""move_vy"": -4.242640687119285, ""kick_power"": 0.0, ""kick_dir"": null}, {""move_vx"": -4.582021471089832, ""move_vy"": 3.996433314653427, ""kick_power"": 0.0, ""kick_dir"": null}, {""move_vx"": -5.597368963317811, ""move_vy"": -2.1608934930918053, ""kick_power"": 0.0, ""kick_dir"": null}, {""move_vx"": -0.0, ""move_vy"": 0.0, ""kick_power"": 0.0, ""kick_dir"": null}]"
482,20,default,default,0,48.727894483785,36.49158303655713,20,B,,0.00010408584558164492,-0.06238688184586514,0.336282749009621,"[{""move_vx"": 5.2499901555853254, ""move_vy"": 0.010166919748523344, ""kick_power"": 0.0, ""kick_dir"": null}, {""move_vx"": 0.0, ""move_vy"": 5.8, ""kick_power"": 0.0, ""kick_dir"": null}, {""move_vx"": 6.277399370130815, ""move_vy"": 1.60768689360872, ""kick_power"": 0.0, ""kick_dir"": null}, {""move_vx"": 0.0, ""move_vy"": 5.4, ""kick_power"": 0.0, ""kick_dir"": null}, {""move_vx"": 0.0, ""move_vy"": 0.0, ""kick_power"": 0.4, ""kick_dir"": [0.9745672514375425, -0.22409517394718612]}, {""move_vx"": -4.313351365237939, ""move_vy"": -4.313351365237939, ""kick_power"": 0.0, ""kick_dir"": null}, {""move_vx"": 0.0, ""move_vy"": 0.0, ""kick_power"": 0.4, ""kick_dir"": [0.9964392124155005, 0.0843140872043885]}, {""move_vx"": 5.279255577648498, ""move_vy"": -1.1355441628872163, ""kick_power"": 0.0, ""kick_dir"": null}, {""move_vx"": 1.9327768776578926, ""move_vy"": -5.13852834391239, ""kick_power"": 0.0, ""kick_dir"": null}, {""move_vx"": -4.242640687119285, ""move_vy"": -4.242640687119285, ""kick_power"": 0.0, ""kick_dir"": null}, {""move_vx"": -3.9297800818349464, ""move_vy"": -3.250665856161368, ""kick_power"": 0.0, ""kick_dir"": null}, {""move_vx"": -0.0, ""move_vy"": 0.0, ""kick_power"": 0.0, ""kick_dir"": null}, {""move_vx"": 4.1012193308819755, ""move_vy"": -4.1012193308819755, ""kick_power"": 0.0, ""kick_dir"": null}, {""move_vx"": -0.0, ""move_vy"": 0.0, ""kick_power"": 0.9, ""kick_dir"": [-0.9357200031524168, -0.35274358374021453]}, {""move_vx"": -5.4, ""move_vy"": 0.0, ""kick_power"": 0.0, ""kick_dir"": null}, {""move_vx"": -3.486036431249679, ""move_vy"": 3.486036431249679, ""kick_power"": 0.0, ""kick_dir"": null}, {""move_vx"": -7.3598410621088055, ""move_vy"": 1.443169962442788, ""kick_power"": 0.0, ""kick_dir"": null}, {""move_vx"": -5.752748900661325, ""move_vy"": 1.7046642150112519, ""kick_power"": 0.0, ""kick_dir"": null}, {""move_vx"": -4.242640687119285, ""move_vy"": -4.242640687119285, ""kick_power"": 0.0, ""kick_dir"": null}, {""move_vx"": -8.257041530778396, ""move_vy"": 1.021599314311029, ""kick_power"": 0.0, ""kick_dir"": null}, {""move_vx"": -0.0, ""move_vy"": 0.0, ""kick_power"": 0.0, ""kick_dir"": null}, {""move_vx"": -0.0, ""move_vy"": 0.0, ""kick_power"": 0.0, ""kick_dir"": null}]"
482,21,default,default,0,47.194999656565365,36.13143412104183,20,B,,0.013633294278559336,0.09146084440905279,0.2816508266986726,"[{""move_vx"": 5.249990213823445, ""move_vy"": 0.010136802161486515, ""kick_power"": 0.0, ""kick_dir"": null}, {""move_vx"": 0.0, ""move_vy"": 5.8, ""kick_power"": 0.0, ""kick_dir"": null}, {""move_vx"": 6.282445421343137, ""move_vy"": 1.5878537488838986, ""kick_power"": 0.0, ""kick_dir"": null}, {""move_vx"": 0.0, ""move_vy"": 0.0, ""kick_power"": 0.0, ""kick_dir"": null}, {""move_vx"": 0.0, ""move_vy"": 0.0, ""kick_power"": 0.4, ""kick_dir"": [0.974677234130657, -0.22361633154071314]}, {""move_vx"": -4.313351365237939, ""move_vy"": 4.313351365237939, ""kick_power"": 0.0, ""kick_dir"": null}, {""move_vx"": 0.0, ""move_vy"": 0.0, ""kick_power"": 0.4, ""kick_dir"": [0.9964392124155005, 0.0843140872043885]}, {""move_vx"": 5.28636861351391, ""move_vy"": -1.1019559347156416, ""kick_power"": 0.0, ""kick_dir"": null}, {""move_vx"": 2.278237093059955, ""move_vy"": -4.9949710457424805, ""kick_power"": 0.0, ""kick_dir"": null}, {""move_vx"": -4.242640687119285, ""move_vy"": -4.242640687119285, ""kick_power"": 0.0, ""kick_dir"": null}, {""move_vx"": 6.0, ""move_vy"": 0.0, ""kick_power"": 0.0, ""kick_dir"": null}, {""move_vx"": -0.0, ""move_vy"": 0.0, ""kick_power"": 0.0, ""kick_dir"": null}, {""move_vx"": -5.208369819356439, ""move_vy"": 2.5520352318917885, ""kick_power"": 0.0, ""kick_dir"": null}, {""move_vx"": -0.0, ""move_vy"": 0.0, ""kick_power"": 0.9, ""kick_dir"": [-0.9349091189777418, -0.3548871640816048]}, {""move_vx"": -0.0, ""move_vy"": 0.0, ""kick_power"": 0.0, ""kick_dir"": null}, {""move_vx"": -3.486036431249652, ""move_vy"": 3.486036431249706, ""kick_power"": 0.0, ""kick_dir"": null}, {""move_vx"": -7.359841062108806, ""move_vy"": 1.443169962442788, ""kick_power"": 0.0, ""kick_dir"": null}, {""move_vx"": -5.752748900661324, ""move_vy"": 1.704664215011252, ""kick_power"": 0.0, ""kick_dir"": null}, {""move_vx"": 4.242640687119285, ""move_vy"": -4.242640687119285, ""kick_power"": 0.0, ""kick_dir"": null}, {""move_vx"": -4.525483399593904, ""move_vy"": 4.525483399593904, ""kick_power"": 0.0, ""kick_dir"": null}, {""move_vx"": -5.59736896331781, ""move_vy"": -2.160893493091805, ""kick_power"": 0.0, ""kick_dir"": null}, {""move_vx"": -0.0, ""move_vy"": 0.0, ""kick_power"": 0.0, ""kick_dir"": null}]"
482,22,default,default,0,46.82184172567751,35.987374554835704,20,B,,0.016827030125926488,0.020367157256064024,0.3117208355910418,"[{""move_vx"": 5.24999027175988, ""move_vy"": 0.010106751536224584, ""kick_power"": 0.0, ""kick_dir"": null}, {""move_vx"": 0.0, ""move_vy"": 5.8, ""kick_power"": 0.0, ""kick_dir"": null}, {""move_vx"": -3.8183766184073566, ""move_vy"": -3.8183766184073566, ""kick_power"": 0.0, ""kick_dir"": null}, {""move_vx"": 0.0, ""move_vy"": 0.0, ""kick_power"": 0.4, ""kick_dir"": [0.13117596560237665, 0.9913589925388576]}, {""move_vx"": 0.0, ""move_vy"": 0.0, ""kick_power"": 0.4, ""kick_dir"": [0.974788590273423, -0.22313040725036742]}, {""move_vx"": -4.313351365237939, ""move_vy"": -4.313351365237939, ""kick_power"": 0.0, ""kick_dir"": null}, {""move_vx"": 0.0, ""move_vy"": 0.0, ""kick_power"": 0.4, ""kick_dir"": [0.9964392124155005, 0.0843140872043885]}, {""move_vx"": 5.275567009740634, ""move_vy"": -1.1525592070415616, ""kick_power"": 0.0, ""kick_dir"": null}, {""move_vx"": 1.823167364615097, ""move_vy"": -5.178432268612041, ""kick_power"": 0.0, ""kick_dir"": null}, {""move_vx"": 0.0, ""move_vy"": 0.0, ""kick_power"": 0.7, ""kick_dir"": [0.9867412741358454, 0.16230103130982948]}, {""move_vx"": 2.601684957621472, ""move_vy"": -5.737702970813857, ""kick_power"": 0.0, ""kick_dir"": null}, {""move_vx"": -0.0, ""move_vy"": 0.0, ""kick_power"": 0.0, ""kick_dir"": null}, {""move_vx"": -5.208369819356438, ""move_vy"": 2.5520352318917885, ""kick_power"": 0.0, ""kick_dir"": null}, {""move_vx"": -4.957686159548155, ""move_vy"": 1.3184263132328096, ""kick_power"": 0.0, ""kick_dir"": null}, {""move_vx"": -0.0, ""move_vy"": 0.0, ""kick_power"": 0.0, ""kick_dir"": null}, {""move_vx"": -3.4860364312496794, ""move_vy"": 3.4860364312496794, ""kick_power"": 0.0, ""kick_dir"": null}, {""move_vx"": -7.359841062108806, ""move_vy"": 1.443169962442788, ""kick_power"": 0.0, ""kick_dir"": null}, {""move_vx"": -5.752748900661324, ""move_vy"": 1.704664215011253, ""kick_power"": 0.0, ""kick_dir"": null}, {""move_vx"": 4.242640687119285, ""move_vy"": -4.242640687119285, ""kick_power"": 0.0, ""kick_dir"": null}, {""move_vx"": -8.261822752615432, ""move_vy"": 0.9821836917633999, ""kick_power"": 0.0, ""kick_dir"": null}, {""move_vx"": -5.59736896331781, ""move_vy"": -2.160893493091805, ""kick_power"": 0.0, ""kick_dir"": null}, {""move_vx"": -0.0, ""move_vy"": 0.0, ""kick_power"": 0.0, ""kick_dir"": null}]"
482,23,default,default,0,46.44868379478965,35.84331498862958,20,B,,0.020014635593816485,0.026672760922503362,0.31254759207439087,"[{""move_vx"": 5.249990329395973, ""move_vy"": 0.01007676777342033, ""kick_power"": 0.0, ""kick_dir"": null}, {""move_vx"": 0.0, ""move_vy"": 5.8, ""kick_power"": 0.0, ""kick_dir"": null}, {""move_vx"": 6.270922831222192, ""move_vy"": 1.6327666228999935, ""kick_power"": 0.0, ""kick_dir"": null}, {""move_vx"": -4.570868099036339, ""move_vy"": -0.41864641550109727, ""kick_power"": 0.0, ""kick_dir"": null}, {""move_vx"": 0.0, ""move_vy"": 0.0, ""kick_power"": 0.4, ""kick_dir"": [0.9749056379246731, -0.2226184435567678]}, {""move_vx"": 4.313351365237939, ""move_vy"": 4.313351365237939, ""kick_power"": 0.0, ""kick_dir"": null}, {""move_vx"": 0.0, ""move_vy"": 0.0, ""kick_power"": 0.4, ""kick_dir"": [0.9964392124155005, 0.0843140872043885]}, {""move_vx"": 5.271825378808617, ""move_vy"": -1.1695542635334966, ""kick_power"": 0.0, ""kick_dir"": null}, {""move_vx"": 1.706700640146371, ""move_vy"": -5.2179759413899145, ""kick_power"": 0.0, ""kick_dir"": null}, {""move_vx"": -4.242640687119285, ""move_vy"": -4.242640687119285, ""kick_power"": 0.0, ""kick_dir"": null}, {""move_vx"": 2.363084741498762, ""move_vy"": -5.840019734940605, ""kick_power"": 0.0, ""kick_dir"": null}, {""move_vx"": -0.0, ""move_vy"": 0.0, ""kick_power"": 0.0, ""kick_dir"": null}, {""move_vx"": -5.208369819356439, ""move_vy"": 2.55203523189179, ""kick_power"": 0.0, ""kick_dir"": null}, {""move_vx"": -4.966083908540838, ""move_vy"": 1.2864332914425654, ""kick_power"": 0.0, ""kick_dir"": null}, {""move_vx"": -0.0, ""move_vy"": 0.0, ""kick_power"": 0.0, ""kick_dir"": null}, {""move_vx"": -3.486036431249624, ""move_vy"": 3.486036431249734, ""kick_power"": 0.0, ""kick_dir"": null}, {""move_vx"": -7.359841062108806, ""move_vy"": 1.4431699624427878, ""kick_power"": 0.0, ""kick_dir"": null}, {""move_vx"": -5.752748900661324, ""move_vy"": 1.7046642150112532, ""kick_power"": 0.0, ""kick_dir"": null}, {""move_vx"": 4.242640687119285, ""move_vy"": -4.242640687119285, ""kick_power"": 0.0, ""kick_dir"": null}, {""move_vx"": -4.525483399593904, ""move_vy"": 4.525483399593904, ""kick_power"": 0.0, ""kick_dir"": null}, {""move_vx"": -5.59736896331781, ""move_vy"": -2.1608934930918045, ""kick_power"": 0.0, ""kick_dir"": null}, {""move_vx"": -0.0, ""move_vy"": 0.0, ""kick_power"": 0.0, ""kick_dir"": null}]"
482,24,default,default,0,46.075525863901795,35.699255422423455,20,B,,0.023195911277215864,0.028304149393442564,0.3159057308657723,"[{""move_vx"": 5.249990386733059, ""move_vy"": 0.010046850773830218, ""kick_power"": 0.0, ""kick_dir"": null}, {""move_vx"": 0.0, ""move_vy"": 5.8, ""kick_power"": 0.0, ""kick_dir"": null}, {""move_vx"": 6.274293126043805, ""move_vy"": 1.6197671957659434, ""kick_power"": 0.0, ""kick_dir"": null}, {""move_vx"": -4.57086809903634, ""move_vy"": -0.4186464155010904, ""kick_power"": 0.0, ""kick_dir"": null}, {""move_vx"": 0.0, ""move_vy"": 0.0, ""kick_power"": 0.4, ""kick_dir"": [0.975026298297811, -0.22208937794931116]}, {""move_vx"": 5.010228028844465, ""move_vy"": 2.244485486471521, ""kick_power"": 0.0, ""kick_dir"": null}, {""move_vx"": 0.0, ""move_vy"": 0.0, ""kick_power"": 0.4, ""kick_dir"": [0.9964392124155005, 0.0843140872043885]}, {""move_vx"": 0.0, ""move_vy"": -6.0, ""kick_power"": 0.0, ""kick_dir"": null}, {""move_vx"": 1.5865622205123606, ""move_vy"": -5.255751166145796, ""kick_power"": 0.0, ""kick_dir"": null}, {""move_vx"": 0.0, ""move_vy"": 0.0, ""kick_power"": 0.7, ""kick_dir"": [0.9860195047097453, 0.16662983901696415]}, {""move_vx"": 2.1090613750252585, ""move_vy"": -5.93648550207752, ""kick_power"": 0.0, ""kick_dir"": null}, {""move_vx"": -0.0, ""move_vy"": 0.0, ""kick_power"": 0.0, ""kick_dir"": null}, {""move_vx"": -5.208369819356438, ""move_vy"": 2.55203523189179, ""kick_power"": 0.0, ""kick_dir"": null}, {""move_vx"": -4.974206804208872, ""move_vy"": 1.254657988840847, ""kick_power"": 0.0, ""kick_dir"": null}, {""move_vx"": -0.0, ""move_vy"": 0.0, ""kick_power"": 0.0, ""kick_dir"": null}, {""move_vx"": -3.4860364312496794, ""move_vy"": 3.4860364312496794, ""kick_power"": 0.0, ""kick_dir"": null}, {""move_vx"": -7.359841062108806, ""move_vy"": 1.4431699624427878, ""kick_power"": 0.0, ""kick_dir"": null}, {""move_vx"": -6.000398153807981, ""move_vy"": -1.9196932035556549, ""kick_power"": 0.0, ""kick_dir"": null}, {""move_vx"": 4.242640687119285, ""move_vy"": -4.242640687119285, ""kick_power"": 0.0, ""kick_dir"": null}, {""move_vx"": -8.266517669373092, ""move_vy"": 0.9418522293557834, ""kick_power"": 0.0, ""kick_dir"": null}, {""move_vx"": -5.59736896331781, ""move_vy"": -2.160893493091804, ""kick_power"": 0.0, ""kick_dir"": null}, {""move_vx"": -0.0, ""move_vy"": 0.0, ""kick_power"": 0.0, ""kick_dir"": null}]"
482,25,default,default,0,45.70236793301394,35.55519585621733,20,B,,0.026370649325943327,0.032823257843231236,0.3140207457037939,"[{""move_vx"": 5.249990443772466, ""move_vy"": 0.010017000438285474, ""kick_power"": 0.0, ""kick_dir"": null}, {""move_vx"": 0.0, ""move_vy"": 5.8, ""kick_power"": 0.0, ""kick_dir"": null}, {""move_vx"": 6.277830273074536, ""move_vy"": 1.6060034441024411, ""kick_power"": 0.0, ""kick_dir"": null}, {""move_vx"": 6.50085526461091, ""move_vy"": -2.6493925395419664, ""kick_power"": 0.0, ""kick_dir"": null}, {""move_vx"": 0.0, ""move_vy"": 0.0, ""kick_power"": 0.4, ""kick_dir"": [0.975150657578266, -0.2215427026455871]}, {""move_vx"": 4.313351365237939, ""move_vy"": 4.313351365237939, ""kick_power"": 0.0, ""kick_dir"": null}, {""move_vx"": 0.0, ""move_vy"": 0.0, ""kick_power"": 0.4, ""kick_dir"": [0.9964392124155005, 0.0843140872043885]}, {""move_vx"": 0.0, ""move_vy"": 0.0, ""kick_power"": 0.4, ""kick_dir"": [0.9946849754486068, -0.10296487871687272]}, {""move_vx"": 1.4627397904838124, ""move_vy"": -5.291549140406368, ""kick_power"": 0.0, ""kick_dir"": null}, {""move_vx"": 0.0, ""move_vy"": 0.0, ""kick_power"": 0.7, ""kick_dir"": [0.9860195047097453, 0.16662983901696415]}, {""move_vx"": 1.8394559480309913, ""move_vy"": -6.025479384684127, ""kick_power"": 0.0, ""kick_dir"": null}, {""move_vx"": -0.0, ""move_vy"": 0.0, ""kick_power"": 0.0, ""kick_dir"": null}, {""move_vx"": -5.208369819356439, ""move_vy"": 2.55203523189179, ""kick_power"": 0.0, ""kick_dir"": null}, {""move_vx"": -4.982059612316559, ""move_vy"": 1.2231034377043435, ""kick_power"": 0.0, ""kick_dir"": null}, {""move_vx"": -0.0, ""move_vy"": 0.0, ""kick_power"": 0.0, ""kick_dir"": null}, {""move_vx"": 3.4860364312514904, ""move_vy"": -3.4860364312478667, ""kick_power"": 0.0, ""kick_dir"": null}, {""move_vx"": -7.359841062108806, ""move_vy"": 1.4431699624427876, ""kick_power"": 0.0, ""kick_dir"": null}, {""move_vx"": -5.744818504211837, ""move_vy"": 1.731201996782949, ""kick_power"": 0.0, ""kick_dir"": null}, {""move_vx"": 4.242640687119285, ""move_vy"": -4.242640687119285, ""kick_power"": 0.0, ""kick_dir"": null}, {""move_vx"": -4.525483399593904, ""move_vy"": 4.525483399593904, ""kick_power"": 0.0, ""kick_dir"": null}, {""move_vx"": -5.597368963317811, ""move_vy"": -2.1608934930918036, ""kick_power"": 0.0, ""kick_dir"": null}, {""move_vx"": -0.0, ""move_vy"": 0.0, ""kick_power"": 0.0, ""kick_dir"": null}]"
482,26,default,default,0,45.32921000212608,35.41113629001121,20,B,,0.029538633010773946,0.023662379823940923,0.3115513738821564,"[{""move_vx"": 5.249990500515523, ""move_vy"": 0.009987216667689983, ""kick_power"": 0.0, ""kick_dir"": null}, {""move_vx"": 0.0, ""move_vy"": 5.8, ""kick_power"": 0.0, ""kick_dir"": null}, {""move_vx"": 6.281548737786735, ""move_vy"": 1.5913973277625846, ""kick_power"": 0.0, ""kick_dir"": null}, {""move_vx"": -4.585195017859076, ""move_vy"": -0.20996820759416188, ""kick_power"": 0.0, ""kick_dir"": null}, {""move_vx"": 0.0, ""move_vy"": 0.0, ""kick_power"": 0.4, ""kick_dir"": [0.9752788049186609, -0.22097788723569398]}, {""move_vx"": 5.020784039003712, ""move_vy"": 2.2207718553884765, ""kick_power"": 0.0, ""kick_dir"": null}, {""move_vx"": 0.0, ""move_vy"": 0.0, ""kick_power"": 0.4, ""kick_dir"": [0.9964392124155005, 0.0843140872043885]}, {""move_vx"": 0.0, ""move_vy"": 0.0, ""kick_power"": 0.4, ""kick_dir"": [0.9946849754486068, -0.10296487871687272]}, {""move_vx"": 1.3352392429672661, ""move_vy"": -5.32515128085956, ""kick_power"": 0.0, ""kick_dir"": null}, {""move_vx"": 0.0, ""move_vy"": 0.0, ""kick_power"": 0.7, ""kick_dir"": [0.9860195047097453, 0.16662983901696415]}, {""move_vx"": 1.5543824536396182, ""move_vy"": -6.1052350640919055, ""kick_power"": 0.0, ""kick_dir"": null}, {""move_vx"": -0.0, ""move_vy"": 0.0, ""kick_power"": 0.0, ""kick_dir"": null}, {""move_vx"": -5.208369819356438, ""move_vy"": 2.55203523189179, ""kick_power"": 0.0, ""kick_dir"": null}, {""move_vx"": -4.989647113906141, ""move_vy"": 1.1917724945173507, ""kick_power"": 0.0, ""kick_dir"": null}, {""move_vx"": -5.4, ""move_vy"": 0.0, ""kick_power"": 0.0, ""kick_dir"": null}, {""move_vx"": -3.4860364312514904, ""move_vy"": 3.4860364312478667, ""kick_power"": 0.0, ""kick_dir"": null}, {""move_vx"": -7.359841062108806, ""move_vy"": 1.4431699624427876, ""kick_power"": 0.0, ""kick_dir"": null}, {""move_vx"": 4.242640687119285, ""move_vy"": 4.242640687119285, ""kick_power"": 0.0, ""kick_dir"": null}, {""move_vx"": 4.242640687119285, ""move_vy"": -4.242640687119285, ""kick_power"": 0.0, ""kick_dir"": null}, {""move_vx"": -4.525483399593904, ""move_vy"": 4.525483399593904, ""kick_power"": 0.0, ""kick_dir"": null}, {""move_vx"": -5.597368963317811, ""move_vy"": -2.160893493091803, ""kick_power"": 0.0, ""kick_dir"": null}, {""move_vx"": -0.0, ""move_vy"": 0.0, ""kick_power"": 0.0, ""kick_dir"": null}]"
482,27,default,default,0,44.956052071238226,35.26707672380508,20,B,,0.032699636263812365,0.023970818506113323,0.315184961410615,"[{""move_vx"": 5.2499905569635485, ""move_vy"": 0.009957499363021354, ""kick_power"": 0.0, ""kick_dir"": null}, {""move_vx"": 0.0, ""move_vy"": 5.8, ""kick_power"": 0.0, ""kick_dir"": null}, {""move_vx"": 6.28546480718427, ""move_vy"": 1.5758591807798121, ""kick_power"": 0.0, ""kick_dir"": null}, {""move_vx"": -4.585195017859077, ""move_vy"": -0.20996820759415807, ""kick_power"": 0.0, ""kick_dir"": null}, {""move_vx"": 0.0, ""move_vy"": 0.0, ""kick_power"": 0.4, ""kick_dir"": [0.9754108326188188, -0.2203943771509682]}, {""move_vx"": 4.313351365237939, ""move_vy"": 4.313351365237939, ""kick_power"": 0.0, ""kick_dir"": null}, {""move_vx"": 0.0, ""move_vy"": 0.0, ""kick_power"": 0.4, ""kick_dir"": [0.9964392124155005, 0.0843140872043885]}, {""move_vx"": 0.0, ""move_vy"": 0.0, ""kick_power"": 0.4, ""kick_dir"": [0.9946849754486068, -0.10296487871687272]}, {""move_vx"": 1.2040870531913, ""move_vy"": -5.356330307994186, ""kick_power"": 0.0, ""kick_dir"": null}, {""move_vx"": 0.0, ""move_vy"": 0.0, ""kick_power"": 0.7, ""kick_dir"": [0.9860195047097453, 0.16662983901696415]}, {""move_vx"": 1.2542892154595462, ""move_vy"": -6.173877109562668, ""kick_power"": 0.0, ""kick_dir"": null}, {""move_vx"": -0.0, ""move_vy"": 0.0, ""kick_power"": 0.0, ""kick_dir"": null}, {""move_vx"": -5.208369819356439, ""move_vy"": 2.55203523189179, ""kick_power"": 0.0, ""kick_dir"": null}, {""move_vx"": -4.996974100295913, ""move_vy"": 1.1606678426543267, ""kick_power"": 0.0, ""kick_dir"": null}, {""move_vx"": -0.0, ""move_vy"": 0.0, ""kick_power"": 0.0, ""kick_dir"": null}, {""move_vx"": 3.4860364312514904, ""move_vy"": -3.4860364312478667, ""kick_power"": 0.0, ""kick_dir"": null}, {""move_vx"": -7.359841062108807, ""move_vy"": 1.4431699624427876, ""kick_power"": 0.0, ""kick_dir"": null}, {""move_vx"": -5.921102062608601, ""move_vy"": -2.151871363295719, ""kick_power"": 0.0, ""kick_dir"": null}, {""move_vx"": 4.242640687119285, ""move_vy"": -4.242640687119285, ""kick_power"": 0.0, ""kick_dir"": null}, {""move_vx"": -4.525483399593904, ""move_vy"": 4.525483399593904, ""kick_power"": 0.0, ""kick_dir"": null}, {""move_vx"": -5.597368963317811, ""move_vy"": -2.1608934930918027, ""kick_power"": 0.0, ""kick_dir"": null}, {""move_vx"": -0.0, ""move_vy"": 0.0, ""kick_power"": 0.0, ""kick_dir"": null}]"
482,28,default,default,0,44.58289414035037,35.12301715759896,20,B,,0.035853423191422505,0.02214677188025876,0.32146263437505096,"[{""move_vx"": 5.249990613117859, ""move_vy"": 0.009927848425331188, ""kick_power"": 0.0, ""kick_dir"": null}, {""move_vx"": 0.0, ""move_vy"": 5.8, ""kick_power"": 0.0, ""kick_dir"": null}, {""move_vx"": 6.289596893374246, ""move_vy"": 1.5592853872389902, ""kick_power"": 0.0, ""kick_dir"": null}, {""move_vx"": -4.585195017859076, ""move_vy"": -0.2099682075941537, ""kick_power"": 0.0, ""kick_dir"": null}, {""move_vx"": 0.0, ""move_vy"": 0.0, ""kick_power"": 0.4, ""kick_dir"": [0.9755468363236978, -0.21979159198474857]}, {""move_vx"": 5.03167274526666, ""move_vy"": 2.1959893862541042, ""kick_power"": 0.0, ""kick_dir"": null}, {""move_vx"": 0.0, ""move_vy"": 0.0, ""kick_power"": 0.4, ""kick_dir"": [0.9964392124155005, 0.0843140872043885]}, {""move_vx"": 0.0, ""move_vy"": 0.0, ""kick_power"": 0.4, ""kick_dir"": [0.9946849754486068, -0.10296487871687272]}, {""move_vx"": 1.0693326974882194, ""move_vy"": -5.384851676887913, ""kick_power"": 0.0, ""kick_dir"": null}, {""move_vx"": 0.0, ""move_vy"": 0.0, ""kick_power"": 0.7, ""kick_dir"": [0.9860195047097453, 0.16662983901696415]}, {""move_vx"": 0.9400172650070768, ""move_vy"": -6.229475703579605, ""kick_power"": 0.0, ""kick_dir"": null}, {""move_vx"": -0.0, ""move_vy"": 0.0, ""kick_power"": 0.0, ""kick_dir"": null}, {""move_vx"": -5.208369819356438, ""move_vy"": 2.55203523189179, ""kick_power"": 0.0, ""kick_dir"": null}, {""move_vx"": -5.0040453682568184, ""move_vy"": 1.1297919952041993, ""kick_power"": 0.0, ""kick_dir"": null}, {""move_vx"": -5.4, ""move_vy"": 0.0, ""kick_power"": 0.0, ""kick_dir"": null}, {""move_vx"": -3.4860364312514904, ""move_vy"": 3.4860364312478667, ""kick_power"": 0.0, ""kick_dir"": null}, {""move_vx"": -5.171148837367002, ""move_vy"": 1.5553841010496123, ""kick_power"": 0.0, ""kick_dir"": null}, {""move_vx"": -5.919714106702309, ""move_vy"": -2.1556866411678883, ""kick_power"": 0.0, ""kick_dir"": null}, {""move_vx"": 4.242640687119285, ""move_vy"": -4.242640687119285, ""kick_power"": 0.0, ""kick_dir"": null}, {""move_vx"": -4.525483399593904, ""move_vy"": 4.525483399593904, ""kick_power"": 0.0, ""kick_dir"": null}, {""move_vx"": -5.597368963317811, ""move_vy"": -2.1608934930918022, ""kick_power"": 0.0, ""kick_dir"": null}, {""move_vx"": -0.0, ""move_vy"": 0.0, ""kick_power"": 0.0, ""kick_dir"": null}]"
482,29,default,default,0,44.20973620946251,34.978957591392835,20,B,,0.03899974755790289,0.02244456663087516,0.3206559669748763,"[{""move_vx"": 5.249990668979766, ""move_vy"": 0.009898263755744575, ""kick_power"": 0.0, ""kick_dir"": null}, {""move_vx"": 0.0, ""move_vy"": 5.8, ""kick_power"": 0.0, ""kick_dir"": null}, {""move_vx"": 6.293965900245987, ""move_vy"": 1.5415554633358879, ""kick_power"": 0.0, ""kick_dir"": null}, {""move_vx"": -4.585195017859077, ""move_vy"": -0.20996820759414864, ""kick_power"": 0.0, ""kick_dir"": null}, {""move_vx"": 0.0, ""move_vy"": 0.0, ""kick_power"": 0.4, ""kick_dir"": [0.9756869152417168, -0.21916892364616583]}, {""move_vx"": 4.313351365237939, ""move_vy"": 4.313351365237939, ""kick_power"": 0.0, ""kick_dir"": null}, {""move_vx"": 0.0, ""move_vy"": 0.0, ""kick_power"": 0.4, ""kick_dir"": [0.9964392124155005, 0.0843140872043885]}, {""move_vx"": 0.0, ""move_vy"": 0.0, ""kick_power"": 0.4, ""kick_dir"": [0.9946849754486068, -0.10296487871687272]}, {""move_vx"": 0.9310510624568423, ""move_vy"": -5.410475387532781, ""kick_power"": 0.0, ""kick_dir"": null}, {""move_vx"": 0.0, ""move_vy"": 0.0, ""kick_power"": 0.7, ""kick_dir"": [0.9860195047097453, 0.16662983901696415]}, {""move_vx"": 0.6128489772901985, ""move_vy"": -6.270120902425596, ""kick_power"": 0.0, ""kick_dir"": null}, {""move_vx"": -0.0, ""move_vy"": 0.0, ""kick_power"": 0.0, ""kick_dir"": null}, {""move_vx"": -5.208369819356439, ""move_vy"": 2.5520352318917903, ""kick_power"": 0.0, ""kick_dir"": null}, {""move_vx"": -5.010865715369455, ""move_vy"": 1.099147297924606, ""kick_power"": 0.0, ""kick_dir"": null}, {""move_vx"": -5.4, ""move_vy"": 0.0, ""kick_power"": 0.0, ""kick_dir"": null}, {""move_vx"": 3.4860364312514904, ""move_vy"": -3.4860364312478667, ""kick_power"": 0.0, ""kick_dir"": null}, {""move_vx"": -5.948119572480847, ""move_vy"": -0.7873204884100655, ""kick_power"": 0.0, ""kick_dir"": null}, {""move_vx"": -5.918366681061394, ""move_vy"": -2.15938320557106, ""kick_power"": 0.0, ""kick_dir"": null}, {""move_vx"": 4.242640687119285, ""move_vy"": -4.242640687119285, ""kick_power"": 0.0, ""kick_dir"": null}, {""move_vx"": -4.525483399593904, ""move_vy"": 4.525483399593904, ""kick_power"": 0.0, ""kick_dir"": null}, {""move_vx"": -5.597368963317812, ""move_vy"": -2.1608934930918022, ""kick_power"": 0.0, ""kick_dir"": null}, {""move_vx"": -0.0, ""move_vy"": 0.0, ""kick_power"": 0.0, ""kick_dir"": null}]"
482,30,default,default,0,43.836578278574656,34.83489802518671,20,B,,0.04213835223797146,0.020495170757761912,0.3182501939837935,"[{""move_vx"": 5.2499907245505755, ""move_vy"": 0.00986874525546035, ""kick_power"": 0.0, ""kick_dir"": null}, {""move_vx"": 0.0, ""move_vy"": 5.8, ""kick_power"": 0.0, ""kick_dir"": null}, {""move_vx"": 6.298595668869319, ""move_vy"": 1.5225283577328406, ""kick_power"": 0.0, ""kick_dir"": null}, {""move_vx"": -4.5851950178590775, ""move_vy"": -0.20996820759414267, ""kick_power"": 0.0, ""kick_dir"": null}, {""move_vx"": 0.0, ""move_vy"": 0.0, ""kick_power"": 0.4, ""kick_dir"": [0.9758311723863516, -0.21852573432487296]}, {""move_vx"": 5.04290912932321, ""move_vy"": 2.1700616381542313, ""kick_power"": 0.0, ""kick_dir"": null}, {""move_vx"": 0.0, ""move_vy"": 0.0, ""kick_power"": 0.4, ""kick_dir"": [0.9964392124155005, 0.0843140872043885]}, {""move_vx"": 0.0, ""move_vy"": 0.0, ""kick_power"": 0.4, ""kick_dir"": [0.9946849754486068, -0.10296487871687272]}, {""move_vx"": 0.7893447777123872, ""move_vy"": -5.432958201744072, ""kick_power"": 0.0, ""kick_dir"": null}, {""move_vx"": 0.0, ""move_vy"": 0.0, ""kick_power"": 0.7, ""kick_dir"": [0.9860195047097453, 0.16662983901696415]}, {""move_vx"": 0.2745389451617792, ""move_vy"": -6.29401528180457, ""kick_power"": 0.0, ""kick_dir"": null}, {""move_vx"": -0.0, ""move_vy"": 0.0, ""kick_power"": 0.0, ""kick_dir"": null}, {""move_vx"": -5.208369819356438, ""move_vy"": 2.55203523189179, ""kick_power"": 0.0, ""kick_dir"": null}, {""move_vx"": -0.0, ""move_vy"": 0.0, ""kick_power"": 0.9, ""kick_dir"": [-0.9219412863455931, -0.3873296043792355]}, {""move_vx"": -5.4, ""move_vy"": 0.0, ""kick_power"": 0.0, ""kick_dir"": null}, {""move_vx"": -3.4860364312514904, ""move_vy"": 3.4860364312478667, ""kick_power"": 0.0, ""kick_dir"": null}, {""move_vx"": -5.948119572480847, ""move_vy"": -0.7873204884100651, ""kick_power"": 0.0, ""kick_dir"": null}, {""move_vx"": -5.917058746080487, ""move_vy"": -2.1629645848770678, ""kick_power"": 0.0, ""kick_dir"": null}, {""move_vx"": 4.242640687119285, ""move_vy"": -4.242640687119285, ""kick_power"": 0.0, ""kick_dir"": null}, {""move_vx"": -4.525483399593904, ""move_vy"": 4.525483399593904, ""kick_power"": 0.0, ""kick_dir"": null}, {""move_vx"": -5.5973689633178125, ""move_vy"": -2.160893493091802, ""kick_power"": 0.0, ""kick_dir"": null}, {""move_vx"": -0.0, ""move_vy"": 0.0, ""kick_power"": 0.0, ""kick_dir"": null}]"
482,31,default,default,0,44.996315174906435,35.05098737449589,20,B,,0.030327158937282876,-0.04496825246997042,0.34884899847762363,"[{""move_vx"": 0.0, ""move_vy"": 0.0, ""kick_power"": 1.0, ""kick_dir"": [0.9999946446431941, 0.003267036025427938]}, {""move_vx"": 0.0, ""move_vy"": 5.8, ""kick_power"": 0.0, ""kick_dir"": null}, {""move_vx"": 6.303513521595842, ""move_vy"": 1.5020377102650895, ""kick_power"": 0.0, ""kick_dir"": null}, {""move_vx"": -4.5851950178590775, ""move_vy"": -0.20996820759413556, ""kick_power"": 0.0, ""kick_dir"": null}, {""move_vx"": 0.0, ""move_vy"": 0.0, ""kick_power"": 0.4, ""kick_dir"": [0.9759797148443985, -0.21786135424095424]}, {""move_vx"": 0.0, ""move_vy"": 0.0, ""kick_power"": 0.7, ""kick_dir"": [0.9685271847541292, 0.24890773641309735]}, {""move_vx"": 0.0, ""move_vy"": 0.0, ""kick_power"": 0.4, ""kick_dir"": [0.9964392124155005, 0.0843140872043885]}, {""move_vx"": 0.0, ""move_vy"": 0.0, ""kick_power"": 0.4, ""kick_dir"": [0.9946849754486068, -0.10296487871687272]}, {""move_vx"": 0.644346392773369, ""move_vy"": -5.452056284203232, ""kick_power"": 0.0, ""kick_dir"": null}, {""move_vx"": -4.242640687119285, ""move_vy"": -4.242640687119285, ""kick_power"": 0.0, ""kick_dir"": null}, {""move_vx"": -0.07268135602840686, ""move_vy"": -6.29958073370648, ""kick_power"": 0.0, ""kick_dir"": null}, {""move_vx"": -0.0, ""move_vy"": 0.0, ""kick_power"": 0.0, ""kick_dir"": null}, {""move_vx"": -5.208369819356438, ""move_vy"": 2.5520352318917907, ""kick_power"": 0.0, ""kick_dir"": null}, {""move_vx"": -0.0, ""move_vy"": 0.0, ""kick_power"": 0.9, ""kick_dir"": [-0.9237436334847303, -0.3830113022134927]}, {""move_vx"": -0.0, ""move_vy"": 0.0, ""kick_power"": 0.9, ""kick_dir"": [-0.9333253729054276, 0.3590316222390191]}, {""move_vx"": 3.4860364312514904, ""move_vy"": -3.4860364312478667, ""kick_power"": 0.0, ""kick_dir"": null}, {""move_vx"": -5.948119572480848, ""move_vy"": -0.7873204884100647, ""kick_power"": 0.0, ""kick_dir"": null}, {""move_vx"": -5.915789281806573, ""move_vy"": -2.166434207000639, ""kick_power"": 0.0, ""kick_dir"": null}, {""move_vx"": 4.242640687119285, ""move_vy"": -4.242640687119285, ""kick_power"": 0.0, ""kick_dir"": null}, {""move_vx"": -4.525483399593904, ""move_vy"": 4.525483399593904, ""kick_power"": 0.0, ""kick_dir"": null}, {""move_vx"": -0.0, ""move_vy"": 0.0, ""kick_power"": 0.0, ""kick_dir"": null}, {""move_vx"": -0.0, ""move_vy"": 0.0, ""kick_power"": 0.0, ""kick_dir"": null}]"
482,32,default,default,0,43.4634203476868,34.690838458980586,20,B,,0.0422434123016799,0.06485938506817526,0.2732021986921596,"[{""move_vx"": 0.0, ""move_vy"": 0.0, ""kick_power"": 1.0, ""kick_dir"": [0.9999783136773999, 0.006582938275097002]}, {""move_vx"": 0.0, ""move_vy"": 5.8, ""kick_power"": 0.0, ""kick_dir"": null}, {""move_vx"": 6.308702380615863, ""move_vy"": 1.48009265683327, ""kick_power"": 0.0, ""kick_dir"": null}, {""move_vx"": 0.0, ""move_vy"": 0.0, ""kick_power"": 0.9, ""kick_dir"": [0.5224874039704005, 0.852646936307345]}, {""move_vx"": 0.0, ""move_vy"": 0.0, ""kick_power"": 0.4, ""kick_dir"": [0.9761289048758011, -0.2171919299166738]}, {""move_vx"": 5.051822614966674, ""move_vy"": 2.149229691520029, ""kick_power"": 0.0, ""kick_dir"": null}, {""move_vx"": 0.0, ""move_vy"": 0.0, ""kick_power"": 0.4, ""kick_dir"": [0.9964392124155005, 0.0843140872043885]}, {""move_vx"": 0.0, ""move_vy"": 0.0, ""kick_power"": 0.4, ""kick_dir"": [0.9946849754486068, -0.10296487871687272]}, {""move_vx"": 1.1125446490450115, ""move_vy"": -5.376090066570807, ""kick_power"": 0.0, ""kick_dir"": null}, {""move_vx"": -4.242640687119285, ""move_vy"": -4.242640687119285, ""kick_power"": 0.0, ""kick_dir"": null}, {""move_vx"": -4.242640687119285, ""move_vy"": -4.242640687119285, ""kick_power"": 0.0, ""kick_dir"": null}, {""move_vx"": -0.0, ""move_vy"": 0.0, ""kick_power"": 0.0, ""kick_dir"": null}, {""move_vx"": 4.1012193308819755, ""move_vy"": -4.1012193308819755, ""kick_power"": 0.0, ""kick_dir"": null}, {""move_vx"": -0.0, ""move_vy"": 0.0, ""kick_power"": 0.9, ""kick_dir"": [-0.9255115498485897, -0.37871932780623635]}, {""move_vx"": -0.0, ""move_vy"": 0.0, ""kick_power"": 0.9, ""kick_dir"": [-0.9338388592551657, 0.3576939231431594]}, {""move_vx"": -3.4860364312514904, ""move_vy"": 3.4860364312478667, ""kick_power"": 0.0, ""kick_dir"": null}, {""move_vx"": -5.948119572480847, ""move_vy"": -0.7873204884100642, ""kick_power"": 0.0, ""kick_dir"": null}, {""move_vx"": -5.87503567957166, ""move_vy"": -2.274633105307311, ""kick_power"": 0.0, ""kick_dir"": null}, {""move_vx"": 4.242640687119285, ""move_vy"": -4.242640687119285, ""kick_power"": 0.0, ""kick_dir"": null}, {""move_vx"": -4.525483399593904, ""move_vy"": 4.525483399593904, ""kick_power"": 0.0, ""kick_dir"": null}, {""move_vx"": -5.597368963317812, ""move_vy"": -2.1608934930918013, ""kick_power"": 0.0, ""kick_dir"": null}, {""move_vx"": -0.0, ""move_vy"": 0.0, ""kick_power"": 0.0, ""kick_dir"": null}]"
482,33,default,default,0,44.62315724401858,34.906927808289765,20,B,,0.030455615626355383,-0.04008668833794675,0.3513794384319184,"[{""move_vx"": 0.0, ""move_vy"": 0.0, ""kick_power"": 1.0, ""kick_dir"": [0.9999509770265887, 0.009899823545257985]}, {""move_vx"": 0.0, ""move_vy"": 5.8, ""kick_power"": 0.0, ""kick_dir"": null}, {""move_vx"": 6.308752343905759, ""move_vy"": 1.4798796786440394, ""kick_power"": 0.0, ""kick_dir"": null}, {""move_vx"": -4.589982441626234, ""move_vy"": -0.01269588763602798, ""kick_power"": 0.0, ""kick_dir"": null}, {""move_vx"": 0.0, ""move_vy"": 0.0, ""kick_power"": 0.4, ""kick_dir"": [0.9762798720601288, -0.21651231988026226]}, {""move_vx"": 0.0, ""move_vy"": 0.0, ""kick_power"": 0.7, ""kick_dir"": [0.9688220003718583, 0.24775774521292024]}, {""move_vx"": 0.0, ""move_vy"": 0.0, ""kick_power"": 0.4, ""kick_dir"": [0.9964392124155005, 0.0843140872043885]}, {""move_vx"": 0.0, ""move_vy"": 0.0, ""kick_power"": 0.4, ""kick_dir"": [0.9946849754486068, -0.10296487871687272]}, {""move_vx"": 0.4869232899636892, ""move_vy"": -5.4683640798406, ""kick_power"": 0.0, ""kick_dir"": null}, {""move_vx"": 0.0, ""move_vy"": 0.0, ""kick_power"": 0.7, ""kick_dir"": [0.9845289786300537, 0.17522173752222808]}, {""move_vx"": -0.3644169964125886, ""move_vy"": -6.289451506508787, ""kick_power"": 0.0, ""kick_dir"": null}, {""move_vx"": -0.0, ""move_vy"": 0.0, ""kick_power"": 0.0, ""kick_dir"": null}, {""move_vx"": -6.822938951816919, ""move_vy"": 1.3744468195530306, ""kick_power"": 0.0, ""kick_dir"": null}, {""move_vx"": -0.0, ""move_vy"": 0.0, ""kick_power"": 0.9, ""kick_dir"": [-0.9272632428246353, -0.3744099848980157]}, {""move_vx"": -0.0, ""move_vy"": 0.0, ""kick_power"": 0.9, ""kick_dir"": [-0.9343093790637358, 0.35646310066042824]}, {""move_vx"": 3.4860364312514904, ""move_vy"": -3.4860364312478667, ""kick_power"": 0.0, ""kick_dir"": null}, {""move_vx"": -5.948119572480847, ""move_vy"": -0.7873204884100637, ""kick_power"": 0.0, ""kick_dir"": null}, {""move_vx"": -5.915927626930648, ""move_vy"": -2.16605639652312, ""kick_power"": 0.0, ""kick_dir"": null}, {""move_vx"": 4.242640687119285, ""move_vy"": -4.242640687119285, ""kick_power"": 0.0, ""kick_dir"": null}, {""move_vx"": -4.525483399593904, ""move_vy"": 4.525483399593904, ""kick_power"": 0.0, ""kick_dir"": null}, {""move_vx"": -0.0, ""move_vy"": 0.0, ""kick_power"": 0.0, ""kick_dir"": null}, {""move_vx"": -0.0, ""move_vy"": 0.0, ""kick_power"": 0.0, ""kick_dir"": null}]"
482,34,default,default,0,43.09026241679894,34.54677889277446,20,B,,0.04243539776681565,0.0621516241825467,0.2789128236107608,"[{""move_vx"": 0.0, ""move_vy"": 0.0, ""kick_power"": 1.0, ""kick_dir"": [0.999912376832418, 0.013236377116484307]}, {""move_vx"": 0.0, ""move_vy"": 5.8, ""kick_power"": 0.0, ""kick_dir"": null}, {""move_vx"": 6.313886956567744, ""move_vy"": 1.4578173752852996, ""kick_power"": 0.0, ""kick_dir"": null}, {""move_vx"": 5.357419162097425, ""move_vy"": 0.6768012423092367, ""kick_power"": 0.0, ""kick_dir"": null}, {""move_vx"": 0.0, ""move_vy"": 0.0, ""kick_power"": 0.4, ""kick_dir"": [0.9764343994500101, -0.21581435706256377]}, {""move_vx"": 5.05333461263515, ""move_vy"": 2.1456722239763386, ""kick_power"": 0.0, ""kick_dir"": null}, {""move_vx"": 0.0, ""move_vy"": 0.0, ""kick_power"": 0.4, ""kick_dir"": [0.9964392124155005, 0.0843140872043885]}, {""move_vx"": 0.0, ""move_vy"": 0.0, ""kick_power"": 0.4, ""kick_dir"": [0.9946849754486068, -0.10296487871687272]}, {""move_vx"": 0.9783009135884202, ""move_vy"": -5.4021317387187135, ""kick_power"": 0.0, ""kick_dir"": null}, {""move_vx"": -4.242640687119285, ""move_vy"": -4.242640687119285, ""kick_power"": 0.0, ""kick_dir"": null}, {""move_vx"": -4.242640687119285, ""move_vy"": -4.242640687119285, ""kick_power"": 0.0, ""kick_dir"": null}, {""move_vx"": -0.0, ""move_vy"": 0.0, ""kick_power"": 0.0, ""kick_dir"": null}, {""move_vx"": -5.199343532873351, ""move_vy"": 2.5703748417629795, ""kick_power"": 0.0, ""kick_dir"": null}, {""move_vx"": -0.0, ""move_vy"": 0.0, ""kick_power"": 0.9, ""kick_dir"": [-0.9290001822715835, -0.3700792073996713]}, {""move_vx"": -0.0, ""move_vy"": 0.0, ""kick_power"": 0.9, ""kick_dir"": [-0.9347407839961961, 0.3553303039452705]}, {""move_vx"": -3.4860364312514904, ""move_vy"": 3.4860364312478667, ""kick_power"": 0.0, ""kick_dir"": null}, {""move_vx"": -5.948119572480847, ""move_vy"": -0.7873204884100631, ""kick_power"": 0.0, ""kick_dir"": null}, {""move_vx"": -5.873401378987453, ""move_vy"": -2.2788497627768876, ""kick_power"": 0.0, ""kick_dir"": null}, {""move_vx"": 4.242640687119285, ""move_vy"": -4.242640687119285, ""kick_power"": 0.0, ""kick_dir"": null}, {""move_vx"": -0.0, ""move_vy"": 0.0, ""kick_power"": 0.4, ""kick_dir"": [0.6378391315674996, 0.7701693946291256]}, {""move_vx"": -5.597368963317812, ""move_vy"": -2.160893493091801, ""kick_power"": 0.0, ""kick_dir"": null}, {""move_vx"": -0.0, ""move_vy"": 0.0, ""kick_power"": 0.0, ""kick_dir"": null}]"
482,35,default,default,0,42.717104485911086,34.40271932656834,20,B,,0.04425149571729994,0.019316709350091076,0.31748672342816625,"[{""move_vx"": 0.0, ""move_vy"": 0.0, ""kick_power"": 1.0, ""kick_dir"": [0.9998626137680757, 0.016574579001131694]}, {""move_vx"": 0.0, ""move_vy"": 5.8, ""kick_power"": 0.0, ""kick_dir"": null}, {""move_vx"": 6.314536810401023, ""move_vy"": 1.4549999553575523, ""kick_power"": 0.0, ""kick_dir"": null}, {""move_vx"": 0.0, ""move_vy"": 0.0, ""kick_power"": 0.4, ""kick_dir"": [0.6049968674644071, 0.7962277317689955]}, {""move_vx"": 0.0, ""move_vy"": 0.0, ""kick_power"": 0.4, ""kick_dir"": [0.9765907945032466, -0.21510553951095618]}, {""move_vx"": 0.0, ""move_vy"": 0.0, ""kick_power"": 0.0, ""kick_dir"": null}, {""move_vx"": 0.0, ""move_vy"": 0.0, ""kick_power"": 0.4, ""kick_dir"": [0.9964392124155005, 0.0843140872043885]}, {""move_vx"": 0.0, ""move_vy"": 0.0, ""kick_power"": 0.4, ""kick_dir"": [0.9946849754486068, -0.10296487871687272]}, {""move_vx"": 0.32026669738971997, ""move_vy"": -5.480650439732777, ""kick_power"": 0.0, ""kick_dir"": null}, {""move_vx"": 0.0, ""move_vy"": 0.0, ""kick_power"": 0.7, ""kick_dir"": [0.983760754043538, 0.17948466769806168]}, {""move_vx"": -0.7031856854038306, ""move_vy"": -6.260633345903845, ""kick_power"": 0.0, ""kick_dir"": null}, {""move_vx"": -3.5355339059327373, ""move_vy"": 3.5355339059327373, ""kick_power"": 0.0, ""kick_dir"": null}, {""move_vx"": -0.0, ""move_vy"": 0.0, ""kick_power"": 0.4, ""kick_dir"": [0.5132411346020462, 0.8582443402808095]}, {""move_vx"": -0.0, ""move_vy"": 0.0, ""kick_power"": 0.9, ""kick_dir"": [-0.9307544333781405, -0.3656448321424842]}, {""move_vx"": -0.0, ""move_vy"": 0.0, ""kick_power"": 0.9, ""kick_dir"": [-0.9349635999371544, 0.35474360485867373]}, {""move_vx"": 3.4860364312514904, ""move_vy"": -3.4860364312478667, ""kick_power"": 0.0, ""kick_dir"": null}, {""move_vx"": -5.948119572480847, ""move_vy"": -0.7873204884100635, ""kick_power"": 0.0, ""kick_dir"": null}, {""move_vx"": -5.916128920825706, ""move_vy"": -2.1655065440145105, ""kick_power"": 0.0, ""kick_dir"": null}, {""move_vx"": 4.242640687119285, ""move_vy"": -4.242640687119285, ""kick_power"": 0.0, ""kick_dir"": null}, {""move_vx"": -4.525483399593904, ""move_vy"": 4.525483399593904, ""kick_power"": 0.0, ""kick_dir"": null}, {""move_vx"": -5.5973689633178125, ""move_vy"": -2.1608934930918005, ""kick_power"": 0.0, ""kick_dir"": null}, {""move_vx"": -0.0, ""move_vy"": 0.0, ""kick_power"": 0.0, ""kick_dir"": null}]"
482,36,default,default,0,42.318610650611504,34.67706556351524,20,B,,0.04648129489670469,0.006880914262389997,0.32433490020077443,"[{""move_vx"": 0.0, ""move_vy"": 0.0, ""kick_power"": 1.0, ""kick_dir"": [0.9998004734258582, 0.019974395370599647]}, {""move_vx"": 0.0, ""move_vy"": 5.8, ""kick_power"": 0.0, ""kick_dir"": null}, {""move_vx"": 0.0, ""move_vy"": 0.0, ""kick_power"": 0.9, ""kick_dir"": [-0.9828704093602167, -0.18429741160741667]}, {""move_vx"": -4.588804144662138, ""move_vy"": 0.10476889773014006, ""kick_power"": 0.0, ""kick_dir"": null}, {""move_vx"": 0.0, ""move_vy"": 0.0, ""kick_power"": 0.4, ""kick_dir"": [0.9767552353181943, -0.21435760590136793]}, {""move_vx"": -4.313351365237939, ""move_vy"": -4.313351365237939, ""kick_power"": 0.0, ""kick_dir"": null}, {""move_vx"": 0.0, ""move_vy"": 0.0, ""kick_power"": 0.4, ""kick_dir"": [0.9964392124155005, 0.0843140872043885]}, {""move_vx"": 0.0, ""move_vy"": 0.0, ""kick_power"": 0.4, ""kick_dir"": [0.9946849754486068, -0.10296487871687272]}, {""move_vx"": 0.15778079054913055, ""move_vy"": -5.4877322476715005, ""kick_power"": 0.0, ""kick_dir"": null}, {""move_vx"": -4.242640687119285, ""move_vy"": -4.242640687119285, ""kick_power"": 0.0, ""kick_dir"": null}, {""move_vx"": -1.1360416459490519, ""move_vy"": -6.196725698194925, ""kick_power"": 0.0, ""kick_dir"": null}, {""move_vx"": -0.0, ""move_vy"": 0.0, ""kick_power"": 0.0, ""kick_dir"": null}, {""move_vx"": -0.0, ""move_vy"": 0.0, ""kick_power"": 0.4, ""kick_dir"": [0.5554055852922062, 0.8315794887724819]}, {""move_vx"": -0.0, ""move_vy"": 0.0, ""kick_power"": 0.9, ""kick_dir"": [-0.9326709086209943, -0.3607283393375641]}, {""move_vx"": -0.0, ""move_vy"": 0.0, ""kick_power"": 0.9, ""kick_dir"": [-0.934770008280756, 0.3552534166073411]}, {""move_vx"": -3.4860364312514904, ""move_vy"": 3.4860364312478667, ""kick_power"": 0.0, ""kick_dir"": null}, {""move_vx"": -5.948119572480847, ""move_vy"": -0.7873204884100641, ""kick_power"": 0.0, ""kick_dir"": null}, {""move_vx"": -5.914789971200365, ""move_vy"": -2.1691610351902395, ""kick_power"": 0.0, ""kick_dir"": null}, {""move_vx"": 4.242640687119285, ""move_vy"": -4.242640687119285, ""kick_power"": 0.0, ""kick_dir"": null}, {""move_vx"": -4.525483399593904, ""move_vy"": 4.525483399593904, ""kick_power"": 0.0, ""kick_dir"": null}, {""move_vx"": -5.39004786542638, ""move_vy"": 0.3276949929622363, ""kick_power"": 0.0, ""kick_dir"": null}, {""move_vx"": -0.0, ""move_vy"": 0.0, ""kick_power"": 0.0, ""kick_dir"": null}]"
482,37,default,default,0,41.95962331521827,34.704396284426146,20,B,,0.0481640029683469,0.011866975747598717,0.32514435249282064,"[{""move_vx"": 0.0, ""move_vy"": 0.0, ""kick_power"": 1.0, ""kick_dir"": [0.999727275435493, 0.023352471759666992]}, {""move_vx"": 0.0, ""move_vy"": 5.8, ""kick_power"": 0.0, ""kick_dir"": null}, {""move_vx"": 6.2911547079057515, ""move_vy"": 1.552988229573973, ""kick_power"": 0.0, ""kick_dir"": null}, {""move_vx"": 5.913839874455403, ""move_vy"": -0.5568643814263325, ""kick_power"": 0.0, ""kick_dir"": null}, {""move_vx"": 0.0, ""move_vy"": 0.0, ""kick_power"": 0.4, ""kick_dir"": [0.976919589792094, -0.2136073217409357]}, {""move_vx"": 5.025418827738304, ""move_vy"": 2.2102636959904522, ""kick_power"": 0.0, ""kick_dir"": null}, {""move_vx"": 0.0, ""move_vy"": 6.0, ""kick_power"": 0.0, ""kick_dir"": null}, {""move_vx"": 0.0, ""move_vy"": 0.0, ""kick_power"": 0.4, ""kick_dir"": [0.9946849754486068, -0.10296487871687272]}, {""move_vx"": 0.0, ""move_vy"": 0.0, ""kick_power"": 1.0, ""kick_dir"": [0.9874694543050339, -0.15781014717322667]}, {""move_vx"": -4.242640687119285, ""move_vy"": -4.242640687119285, ""kick_power"": 0.0, ""kick_dir"": null}, {""move_vx"": 6.0, ""move_vy"": 0.0, ""kick_power"": 0.0, ""kick_dir"": null}, {""move_vx"": -0.0, ""move_vy"": 0.0, ""kick_power"": 0.0, ""kick_dir"": null}, {""move_vx"": -0.0, ""move_vy"": 0.0, ""kick_power"": 0.4, ""kick_dir"": [0.5742359786357148, 0.8186897188152678]}, {""move_vx"": -0.0, ""move_vy"": 0.0, ""kick_power"": 0.9, ""kick_dir"": [-0.9319340421721576, -0.36262777018495934]}, {""move_vx"": -0.0, ""move_vy"": 0.0, ""kick_power"": 0.9, ""kick_dir"": [-0.9352047592100178, 0.354107352039296]}, {""move_vx"": 3.4860364312514904, ""move_vy"": -3.4860364312478667, ""kick_power"": 0.0, ""kick_dir"": null}, {""move_vx"": -5.948119572480847, ""move_vy"": -0.7873204884100635, ""kick_power"": 0.0, ""kick_dir"": null}, {""move_vx"": -5.987432449501216, ""move_vy"": -1.9597583174105613, ""kick_power"": 0.0, ""kick_dir"": null}, {""move_vx"": 4.242640687119285, ""move_vy"": -4.242640687119285, ""kick_power"": 0.0, ""kick_dir"": null}, {""move_vx"": -5.753828539927585, ""move_vy"": 0.26656543871028515, ""kick_power"": 0.0, ""kick_dir"": null}, {""move_vx"": -5.388083677478397, ""move_vy"": 0.3585446757251836, ""kick_power"": 0.0, ""kick_dir"": null}, {""move_vx"": -0.0, ""move_vy"": 0.0, ""kick_power"": 0.0, ""kick_dir"": null}]"
482,38,default,default,0,41.60042280139948,34.72837532745329,20,B,,0.04982351357896798,0.012698565707225775,0.32868437398546124,"[{""move_vx"": 0.0, ""move_vy"": 0.0, ""kick_power"": 1.0, ""kick_dir"": [0.9996441373462279, 0.026675117886275572]}, {""move_vx"": 0.0, ""move_vy"": 5.8, ""kick_power"": 0.0, ""kick_dir"": null}, {""move_vx"": 4.567479114104643, ""move_vy"": 2.3356015375525563, ""kick_power"": 0.0, ""kick_dir"": null}, {""move_vx"": 5.913839874455403, ""move_vy"": -0.5568643814263327, ""kick_power"": 0.0, ""kick_dir"": null}, {""move_vx"": 0.0, ""move_vy"": 0.0, ""kick_power"": 0.4, ""kick_dir"": [0.9770800262714114, -0.21287225035922072]}, {""move_vx"": 5.022257316533204, ""move_vy"": 2.2174380366830313, ""kick_power"": 0.0, ""kick_dir"": null}, {""move_vx"": 0.0, ""move_vy"": 6.0, ""kick_power"": 0.0, ""kick_dir"": null}, {""move_vx"": 0.0, ""move_vy"": 0.0, ""kick_power"": 0.4, ""kick_dir"": [0.9946849754486068, -0.10296487871687272]}, {""move_vx"": -0.1832259502605002, ""move_vy"": -5.486941611786218, ""kick_power"": 0.0, ""kick_dir"": null}, {""move_vx"": -4.242640687119285, ""move_vy"": -4.242640687119285, ""kick_power"": 0.0, ""kick_dir"": null}, {""move_vx"": 6.0, ""move_vy"": 0.0, ""kick_power"": 0.0, ""kick_dir"": null}, {""move_vx"": -0.0, ""move_vy"": 0.0, ""kick_power"": 0.0, ""kick_dir"": null}, {""move_vx"": -0.0, ""move_vy"": 0.0, ""kick_power"": 0.4, ""kick_dir"": [0.5938730562517249, 0.8045586431264076]}, {""move_vx"": -0.0, ""move_vy"": 0.0, ""kick_power"": 0.9, ""kick_dir"": [-0.9318540249101356, -0.36283334318849336]}, {""move_vx"": -0.0, ""move_vy"": 0.0, ""kick_power"": 0.9, ""kick_dir"": [-0.9352169204285329, 0.3540752323485571]}, {""move_vx"": -3.4860364312514904, ""move_vy"": 3.4860364312478667, ""kick_power"": 0.0, ""kick_dir"": null}, {""move_vx"": -5.948119572480847, ""move_vy"": -0.7873204884100641, ""kick_power"": 0.0, ""kick_dir"": null}, {""move_vx"": -6.011197787454154, ""move_vy"": -1.8856036593373218, ""kick_power"": 0.0, ""kick_dir"": null}, {""move_vx"": 4.242640687119285, ""move_vy"": -4.242640687119285, ""kick_power"": 0.0, ""kick_dir"": null}, {""move_vx"": -5.806932050485763, ""move_vy"": 2.690639359156336, ""kick_power"": 0.0, ""kick_dir"": null}, {""move_vx"": -5.388055188654653, ""move_vy"": 0.35897253935597473, ""kick_power"": 0.0, ""kick_dir"": null}, {""move_vx"": -0.0, ""move_vy"": 0.0, ""kick_power"": 0.0, ""kick_dir"": null}]"
482,39,default,default,0,41.24121919304549,34.752307894097655,20,B,,0.051457617110492265,0.008334038514962559,0.32605376228659744,"[{""move_vx"": 0.0, ""move_vy"": 0.0, ""kick_power"": 1.0, ""kick_dir"": [0.9995506101888807, 0.029975673053596334]}, {""move_vx"": 0.0, ""move_vy"": 5.8, ""kick_power"": 0.0, ""kick_dir"": null}, {""move_vx"": 6.270745712772842, ""move_vy"": 1.63344672571254, ""kick_power"": 0.0, ""kick_dir"": null}, {""move_vx"": 5.913839874455403, ""move_vy"": -0.5568643814263329, ""kick_power"": 0.0, ""kick_dir"": null}, {""move_vx"": 0.0, ""move_vy"": 0.0, ""kick_power"": 0.4, ""kick_dir"": [0.9772403537611255, -0.21213501262671053]}, {""move_vx"": 5.01913033737746, ""move_vy"": 2.2245068344280767, ""kick_power"": 0.0, ""kick_dir"": null}, {""move_vx"": 0.0, ""move_vy"": 6.0, ""kick_power"": 0.0, ""kick_dir"": null}, {""move_vx"": 0.0, ""move_vy"": 0.0, ""kick_power"": 0.4, ""kick_dir"": [0.9946849754486068, -0.10296487871687272]}, {""move_vx"": 0.0, ""move_vy"": 0.0, ""kick_power"": 1.0, ""kick_dir"": [0.9884328428910945, -0.1516590940378606]}, {""move_vx"": -4.242640687119285, ""move_vy"": -4.242640687119285, ""kick_power"": 0.0, ""kick_dir"": null}, {""move_vx"": 6.0, ""move_vy"": 0.0, ""kick_power"": 0.0, ""kick_dir"": null}, {""move_vx"": -0.0, ""move_vy"": 0.0, ""kick_power"": 0.0, ""kick_dir"": null}, {""move_vx"": -0.0, ""move_vy"": 0.0, ""kick_power"": 0.4, ""kick_dir"": [0.6128215827948691, 0.7902211887507674]}, {""move_vx"": -0.0, ""move_vy"": 0.0, ""kick_power"": 0.9, ""kick_dir"": [-0.9317931011487917, -0.3629897730283709]}, {""move_vx"": -0.0, ""move_vy"": 0.0, ""kick_power"": 0.9, ""kick_dir"": [-0.9352264903610009, 0.35404995430932457]}, {""move_vx"": 3.4860364312514904, ""move_vy"": -3.4860364312478667, ""kick_power"": 0.0, ""kick_dir"": null}, {""move_vx"": 4.242640687119285, ""move_vy"": 4.242640687119285, ""kick_power"": 0.0, ""kick_dir"": null}, {""move_vx"": -6.033024082195225, ""move_vy"": -1.8145579141081352, ""kick_power"": 0.0, ""kick_dir"": null}, {""move_vx"": 4.242640687119285, ""move_vy"": -4.242640687119285, ""kick_power"": 0.0, ""kick_dir"": null}, {""move_vx"": -5.806932050485763, ""move_vy"": 2.690639359156336, ""kick_power"": 0.0, ""kick_dir"": null}, {""move_vx"": -5.3880547899003295, ""move_vy"": 0.3589785244720442, ""kick_power"": 0.0, ""kick_dir"": null}, {""move_vx"": -0.0, ""move_vy"": 0.0, ""kick_power"": 0.0, ""kick_dir"": null}]"
482,40,default,default,0,40.88201554138551,34.77623981073906,20,B,,0.05306273469557374,0.006747268001214132,0.33219457642966455,"[{""move_vx"": 0.0, ""move_vy"": 0.0, ""kick_power"": 0.0, ""kick_dir"": null}, {""move_vx"": 0.0, ""move_vy"": 5.8, ""kick_power"": 0.0, ""kick_dir"": null}, {""move_vx"": 6.252598507686306, ""move_vy"": 1.7015909913016634, ""kick_power"": 0.0, ""kick_dir"": null}, {""move_vx"": 5.913839874455403, ""move_vy"": -0.5568643814263331, ""kick_power"": 0.0, ""kick_dir"": null}, {""move_vx"": 0.0, ""move_vy"": 0.0, ""kick_power"": 0.4, ""kick_dir"": [0.9774005924601221, -0.21139549273523295]}, {""move_vx"": 5.015945444301889, ""move_vy"": 2.2316790315336856, ""kick_power"": 0.0, ""kick_dir"": null}, {""move_vx"": 0.0, ""move_vy"": 6.0, ""kick_power"": 0.0, ""kick_dir"": null}, {""move_vx"": 0.0, ""move_vy"": 0.0, ""kick_power"": 0.4, ""kick_dir"": [0.9946849754486068, -0.10296487871687272]}, {""move_vx"": 0.0, ""move_vy"": 0.0, ""kick_power"": 1.0, ""kick_dir"": [0.9884328428910945, -0.1516590940378606]}, {""move_vx"": -4.242640687119285, ""move_vy"": -4.242640687119285, ""kick_power"": 0.0, ""kick_dir"": null}, {""move_vx"": 6.0, ""move_vy"": 0.0, ""kick_power"": 0.0, ""kick_dir"": null}, {""move_vx"": -0.0, ""move_vy"": 0.0, ""kick_power"": 0.0, ""kick_dir"": null}, {""move_vx"": -0.0, ""move_vy"": 0.0, ""kick_power"": 0.4, ""kick_dir"": [0.630979343408322, 0.7757995166431337]}, {""move_vx"": -0.0, ""move_vy"": 0.0, ""kick_power"": 0.9, ""kick_dir"": [-0.9317342863183387, -0.36314071428491185]}, {""move_vx"": -0.0, ""move_vy"": 0.0, ""kick_power"": 0.9, ""kick_dir"": [-0.9352363051761833, 0.3540240272928341]}, {""move_vx"": -3.4860364312514904, ""move_vy"": 3.4860364312478667, ""kick_power"": 0.0, ""kick_dir"": null}, {""move_vx"": -5.943491382992251, ""move_vy"": -0.8215291719086192, ""kick_power"": 0.0, ""kick_dir"": null}, {""move_vx"": -6.053527112802012, ""move_vy"": -1.744938249500809, ""kick_power"": 0.0, ""kick_dir"": null}, {""move_vx"": 4.242640687119285, ""move_vy"": -4.242640687119285, ""kick_power"": 0.0, ""kick_dir"": null}, {""move_vx"": -5.806932050485763, ""move_vy"": 2.690639359156336, ""kick_power"": 0.0, ""kick_dir"": null}, {""move_vx"": -5.3880547842751305, ""move_vy"": 0.3589786089029333, ""kick_power"": 0.0, ""kick_dir"": null}, {""move_vx"": -0.0, ""move_vy"": 0.0, ""kick_power"": 0.9, ""kick_dir"": [0.9130234319313761, -0.4079069572521321]}]"
482,41,default,default,0,40.52281188911473,34.800171718212795,20,B,,0.05463333229985922,0.004521675054708159,0.3294905154564434,"[{""move_vx"": 0.0, ""move_vy"": 0.0, ""kick_power"": 0.0, ""kick_dir"": null}, {""move_vx"": 0.0, ""move_vy"": 5.8, ""kick_power"": 0.0, ""kick_dir"": null}, {""move_vx"": 6.231491946597727, ""move_vy"": 1.777331741540582, ""kick_power"": 0.0, ""kick_dir"": null}, {""move_vx"": 5.913839874455402, ""move_vy"": -0.5568643814263332, ""kick_power"": 0.0, ""kick_dir"": null}, {""move_vx"": 0.0, ""move_vy"": 0.0, ""kick_power"": 0.4, ""kick_dir"": [0.9775607054331157, -0.21065383825421505]}, {""move_vx"": 5.012699460108402, ""move_vy"": 2.238960500461975, ""kick_power"": 0.0, ""kick_dir"": null}, {""move_vx"": 0.0, ""move_vy"": 0.0, ""kick_power"": 0.4, ""kick_dir"": [0.9982048301363495, 0.05989228980818062]}, {""move_vx"": 0.0, ""move_vy"": 0.0, ""kick_power"": 0.4, ""kick_dir"": [0.9946849754486068, -0.10296487871687272]}, {""move_vx"": 0.0, ""move_vy"": 0.0, ""kick_power"": 1.0, ""kick_dir"": [0.9884328428910945, -0.1516590940378606]}, {""move_vx"": -4.242640687119285, ""move_vy"": -4.242640687119285, ""kick_power"": 0.0, ""kick_dir"": null}, {""move_vx"": 6.0, ""move_vy"": 0.0, ""kick_power"": 0.0, ""kick_dir"": null}, {""move_vx"": -0.0, ""move_vy"": 0.0, ""kick_power"": 0.0, ""kick_dir"": null}, {""move_vx"": -0.0, ""move_vy"": 0.0, ""kick_power"": 0.4, ""kick_dir"": [0.6483674968296707, 0.7613274021365314]}, {""move_vx"": -0.0, ""move_vy"": 0.0, ""kick_power"": 0.4, ""kick_dir"": [-0.009779680557618874, 0.9999520815454523]}, {""move_vx"": -0.0, ""move_vy"": 0.0, ""kick_power"": 0.9, ""kick_dir"": [-0.9352465783014919, 0.3539968872693716]}, {""move_vx"": 3.4860364312514904, ""move_vy"": -3.4860364312478667, ""kick_power"": 0.0, ""kick_dir"": null}, {""move_vx"": -0.0, ""move_vy"": 0.0, ""kick_power"": 0.4, ""kick_dir"": [-0.9771511157675057, 0.2125456597206402]}, {""move_vx"": -6.072770974620357, ""move_vy"": -1.6767387064800918, ""kick_power"": 0.0, ""kick_dir"": null}, {""move_vx"": 4.242640687119285, ""move_vy"": -4.242640687119285, ""kick_power"": 0.0, ""kick_dir"": null}, {""move_vx"": -5.806932050485763, ""move_vy"": 2.6906393591563353, ""kick_power"": 0.0, ""kick_dir"": null}, {""move_vx"": -5.388054784195099, ""move_vy"": 0.3589786101041515, ""kick_power"": 0.0, ""kick_dir"": null}, {""move_vx"": -0.0, ""move_vy"": 0.0, ""kick_power"": 0.0, ""kick_dir"": null}]"
482,42,default,default,0,40.198008967104485,34.37662822873524,20,B,,0.05597405257877275,-0.0011813949862275273,0.33408472074944984,"[{""move_vx"": 0.0, ""move_vy"": 0.0, ""kick_power"": 0.0, ""kick_dir"": null}, {""move_vx"": 0.0, ""move_vy"": 5.8, ""kick_power"": 0.0, ""kick_dir"": null}, {""move_vx"": 6.206659891821276, ""move_vy"": 1.86219574353963, ""kick_power"": 0.0, ""kick_dir"": null}, {""move_vx"": 5.913839874455403, ""move_vy"": -0.5568643814263335, ""kick_power"": 0.0, ""kick_dir"": null}, {""move_vx"": 0.0, ""move_vy"": 0.0, ""kick_power"": 0.4, ""kick_dir"": [0.9777206511444794, -0.20991022031042372]}, {""move_vx"": 0.0, ""move_vy"": 0.0, ""kick_power"": 0.0, ""kick_dir"": null}, {""move_vx"": 0.0, ""move_vy"": 6.0, ""kick_power"": 0.0, ""kick_dir"": null}, {""move_vx"": 0.0, ""move_vy"": 0.0, ""kick_power"": 0.4, ""kick_dir"": [0.9946849754486068, -0.10296487871687272]}, {""move_vx"": -0.8574124669726222, ""move_vy"": -5.422632558221138, ""kick_power"": 0.0, ""kick_dir"": null}, {""move_vx"": -4.242640687119285, ""move_vy"": -4.242640687119285, ""kick_power"": 0.0, ""kick_dir"": null}, {""move_vx"": 6.0, ""move_vy"": 0.0, ""kick_power"": 0.0, ""kick_dir"": null}, {""move_vx"": -0.0, ""move_vy"": 0.0, ""kick_power"": 0.0, ""kick_dir"": null}, {""move_vx"": -0.0, ""move_vy"": 0.0, ""kick_power"": 0.4, ""kick_dir"": [0.6650103136537203, 0.7468340573976799]}, {""move_vx"": -0.0, ""move_vy"": 0.0, ""kick_power"": 0.9, ""kick_dir"": [-0.9316231719922105, -0.36342567889545424]}, {""move_vx"": -0.0, ""move_vy"": 0.0, ""kick_power"": 0.9, ""kick_dir"": [-0.9352575403601687, 0.35396792456560267]}, {""move_vx"": -3.4860364312514904, ""move_vy"": 3.4860364312478667, ""kick_power"": 0.0, ""kick_dir"": null}, {""move_vx"": -5.943491382992251, ""move_vy"": -0.8215291719086193, ""kick_power"": 0.0, ""kick_dir"": null}, {""move_vx"": -6.090811611382181, ""move_vy"": -1.609973265197909, ""kick_power"": 0.0, ""kick_dir"": null}, {""move_vx"": 4.242640687119285, ""move_vy"": -4.242640687119285, ""kick_power"": 0.0, ""kick_dir"": null}, {""move_vx"": -5.806932050485763, ""move_vy"": 2.6906393591563353, ""kick_power"": 0.0, ""kick_dir"": null}, {""move_vx"": -5.540854054858222, ""move_vy"": -2.301941863462497, ""kick_power"": 0.0, ""kick_dir"": null}, {""move_vx"": -0.0, ""move_vy"": 0.0, ""kick_power"": 0.9, ""kick_dir"": [0.9131007894126669, -0.40773376291142827]}]"
482,43,default,default,0,39.79408319897174,34.668584792156786,20,B,,0.058214596282639135,0.01200289395794564,0.3351872981716704,"[{""move_vx"": 0.0, ""move_vy"": 0.0, ""kick_power"": 0.0, ""kick_dir"": null}, {""move_vx"": 4.1012193308819755, ""move_vy"": 4.1012193308819755, ""kick_power"": 0.0, ""kick_dir"": null}, {""move_vx"": 6.274252997496833, ""move_vy"": 1.6199226288320085, ""kick_power"": 0.0, ""kick_dir"": null}, {""move_vx"": 3.8183766184073566, ""move_vy"": 3.8183766184073566, ""kick_power"": 0.0, ""kick_dir"": null}, {""move_vx"": 0.0, ""move_vy"": 0.0, ""kick_power"": 0.4, ""kick_dir"": [0.9778876590932102, -0.2091308163438426]}, {""move_vx"": -4.313351365237939, ""move_vy"": -4.313351365237939, ""kick_power"": 0.0, ""kick_dir"": null}, {""move_vx"": 0.0, ""move_vy"": 0.0, ""kick_power"": 0.4, ""kick_dir"": [-0.8459884733783549, -0.5332005727742409]}, {""move_vx"": 0.0, ""move_vy"": 0.0, ""kick_power"": 0.4, ""kick_dir"": [0.9946849754486068, -0.10296487871687272]}, {""move_vx"": -0.9742962906149186, ""move_vy"": -5.402855424504159, ""kick_power"": 0.0, ""kick_dir"": null}, {""move_vx"": -4.242640687119285, ""move_vy"": -4.242640687119285, ""kick_power"": 0.0, ""kick_dir"": null}, {""move_vx"": -4.242640687119285, ""move_vy"": -4.242640687119285, ""kick_power"": 0.0, ""kick_dir"": null}, {""move_vx"": -0.0, ""move_vy"": 0.0, ""kick_power"": 0.0, ""kick_dir"": null}, {""move_vx"": -0.0, ""move_vy"": 0.0, ""kick_power"": 0.4, ""kick_dir"": [0.6852626468641277, 0.7282959094166049]}, {""move_vx"": -0.0, ""move_vy"": 0.0, ""kick_power"": 0.9, ""kick_dir"": [-0.932532920332564, -0.3610849084145881]}, {""move_vx"": -0.0, ""move_vy"": 0.0, ""kick_power"": 0.9, ""kick_dir"": [-0.9346560385948925, 0.35555315766949397]}, {""move_vx"": 3.4860364312514904, ""move_vy"": -3.4860364312478667, ""kick_power"": 0.0, ""kick_dir"": null}, {""move_vx"": -5.94349138299225, ""move_vy"": -0.8215291719086192, ""kick_power"": 0.0, ""kick_dir"": null}, {""move_vx"": -6.039447089928351, ""move_vy"": -1.7930640947707328, ""kick_power"": 0.0, ""kick_dir"": null}, {""move_vx"": 4.242640687119285, ""move_vy"": -4.242640687119285, ""kick_power"": 0.0, ""kick_dir"": null}, {""move_vx"": -5.806932050485763, ""move_vy"": 2.690639359156335, ""kick_power"": 0.0, ""kick_dir"": null}, {""move_vx"": -5.3888128516044, ""move_vy"": 0.34741337104846387, ""kick_power"": 0.0, ""kick_dir"": null}, {""move_vx"": -0.0, ""move_vy"": 0.0, ""kick_power"": 0.9, ""kick_dir"": [0.9109609484019013, -0.41249245261687983]}]"
482,44,default,default,0,39.47111215109582,34.24214643851771,20,B,,0.05970418212011509,-0.008450532205083721,0.33721380419453206,"[{""move_vx"": 0.0, ""move_vy"": 0.0, ""kick_power"": 0.0, ""kick_dir"": null}, {""move_vx"": 0.0, ""move_vy"": 5.8, ""kick_power"": 0.0, ""kick_dir"": null}, {""move_vx"": 6.180558319324575, ""move_vy"": 1.947074436540058, ""kick_power"": 0.0, ""kick_dir"": null}, {""move_vx"": 3.8183766184073566, ""move_vy"": 3.8183766184073566, ""kick_power"": 0.0, ""kick_dir"": null}, {""move_vx"": 0.0, ""move_vy"": 0.0, ""kick_power"": 0.4, ""kick_dir"": [0.978059643471882, -0.20832500053660055]}, {""move_vx"": 4.993815250720964, ""move_vy"": 2.2807694407078336, ""kick_power"": 0.0, ""kick_dir"": null}, {""move_vx"": 0.0, ""move_vy"": 0.0, ""kick_power"": 0.4, ""kick_dir"": [0.998553425383375, 0.053768261366796674]}, {""move_vx"": 0.0, ""move_vy"": 0.0, ""kick_power"": 0.4, ""kick_dir"": [0.9946849754486068, -0.10296487871687272]}, {""move_vx"": 0.0, ""move_vy"": 0.0, ""kick_power"": 1.0, ""kick_dir"": [0.9902575500899855, -0.1392478014521049]}, {""move_vx"": -4.242640687119285, ""move_vy"": -4.242640687119285, ""kick_power"": 0.0, ""kick_dir"": null}, {""move_vx"": 6.0, ""move_vy"": 0.0, ""kick_power"": 0.0, ""kick_dir"": null}, {""move_vx"": -0.0, ""move_vy"": 0.0, ""kick_power"": 0.0, ""kick_dir"": null}, {""move_vx"": -0.0, ""move_vy"": 0.0, ""kick_power"": 0.4, ""kick_dir"": [0.6981973054058253, 0.7159052684906025]}, {""move_vx"": -0.0, ""move_vy"": 0.0, ""kick_power"": 0.9, ""kick_dir"": [-0.9319907050596333, -0.362482115875544]}, {""move_vx"": -0.0, ""move_vy"": 0.0, ""kick_power"": 0.9, ""kick_dir"": [-0.9350886417968028, 0.35441386881834575]}, {""move_vx"": -3.4860364312514904, ""move_vy"": 3.4860364312478667, ""kick_power"": 0.0, ""kick_dir"": null}, {""move_vx"": -5.943491382992251, ""move_vy"": -0.8215291719086193, ""kick_power"": 0.0, ""kick_dir"": null}, {""move_vx"": -6.101452432920401, ""move_vy"": -1.5691648125068731, ""kick_power"": 0.0, ""kick_dir"": null}, {""move_vx"": 4.242640687119285, ""move_vy"": -4.242640687119285, ""kick_power"": 0.0, ""kick_dir"": null}, {""move_vx"": -5.806932050485763, ""move_vy"": 2.690639359156335, ""kick_power"": 0.0, ""kick_dir"": null}, {""move_vx"": -5.5303681883251485, ""move_vy"": -2.327021207802199, ""kick_power"": 0.0, ""kick_dir"": null}, {""move_vx"": -0.0, ""move_vy"": 0.0, ""kick_power"": 0.0, ""kick_dir"": null}]"
482,45,default,default,0,39.10242093854081,34.0870116913309,20,B,,0.061959501294148484,-0.0007783992023268575,0.34667980236180956,"[{""move_vx"": 0.0, ""move_vy"": 0.0, ""kick_power"": 0.0, ""kick_dir"": null}, {""move_vx"": 4.1012193308819755, ""move_vy"": 4.1012193308819755, ""kick_power"": 0.0, ""kick_dir"": null}, {""move_vx"": 0.0, ""move_vy"": 0.0, ""kick_power"": 0.9, ""kick_dir"": [0.7838791398867305, 0.6209127196800083]}, {""move_vx"": 0.0, ""move_vy"": 0.0, ""kick_power"": 0.4, ""kick_dir"": [0.6681017358682185, 0.7440697950404617]}, {""move_vx"": 0.0, ""move_vy"": 5.8, ""kick_power"": 0.0, ""kick_dir"": null}, {""move_vx"": 5.0022238351754424, ""move_vy"": 2.262268043977699, ""kick_power"": 0.0, ""kick_dir"": null}, {""move_vx"": 0.0, ""move_vy"": 0.0, ""kick_power"": 0.4, ""kick_dir"": [0.998553425383375, 0.053768261366796674]}, {""move_vx"": 0.0, ""move_vy"": 0.0, ""kick_power"": 0.4, ""kick_dir"": [0.9946849754486068, -0.10296487871687272]}, {""move_vx"": -1.2916268172709522, ""move_vy"": -5.335897315813575, ""kick_power"": 0.0, ""kick_dir"": null}, {""move_vx"": 0.0, ""move_vy"": 0.0, ""kick_power"": 0.4, ""kick_dir"": [-0.06673417260296748, -0.9977702892989684]}, {""move_vx"": -4.242640687119285, ""move_vy"": -4.242640687119285, ""kick_power"": 0.0, ""kick_dir"": null}, {""move_vx"": -0.0, ""move_vy"": 0.0, ""kick_power"": 0.0, ""kick_dir"": null}, {""move_vx"": -6.823305257549774, ""move_vy"": 1.3726271752714283, ""kick_power"": 0.0, ""kick_dir"": null}, {""move_vx"": -0.0, ""move_vy"": 0.0, ""kick_power"": 0.9, ""kick_dir"": [-0.93254858601855, -0.36104444780657025]}, {""move_vx"": -0.0, ""move_vy"": 0.0, ""kick_power"": 0.9, ""kick_dir"": [-0.9344703644913749, 0.35604086324843004]}, {""move_vx"": 3.4860364312514904, ""move_vy"": -3.4860364312478667, ""kick_power"": 0.0, ""kick_dir"": null}, {""move_vx"": -5.943491382992251, ""move_vy"": -0.8215291719086193, ""kick_power"": 0.0, ""kick_dir"": null}, {""move_vx"": -6.049801626277746, ""move_vy"": -1.7578112192972135, ""kick_power"": 0.0, ""kick_dir"": null}, {""move_vx"": -4.242640687119285, ""move_vy"": -4.242640687119285, ""kick_power"": 0.0, ""kick_dir"": null}, {""move_vx"": -5.806932050485763, ""move_vy"": 2.6906393591563345, ""kick_power"": 0.0, ""kick_dir"": null}, {""move_vx"": -5.530368188325149, ""move_vy"": -2.3270212078021997, ""kick_power"": 0.0, ""kick_dir"": null}, {""move_vx"": -0.0, ""move_vy"": -6.4, ""kick_power"": 0.0, ""kick_dir"": null}]"
482,46,default,default,0,38.7337297259858,33.93187694414409,20,B,,0.06428878786725807,-0.00609562148433661,0.3390226421043169,"[{""move_vx"": 0.0, ""move_vy"": 0.0, ""kick_power"": 0.0, ""kick_dir"": null}, {""move_vx"": 4.1012193308819755, ""move_vy"": 4.1012193308819755, ""kick_power"": 0.0, ""kick_dir"": null}, {""move_vx"": 6.296905694715745, ""move_vy"": 1.529502753137903, ""kick_power"": 0.0, ""kick_dir"": null}, {""move_vx"": -4.5899462862535385, ""move_vy"": 0.022205614320469677, ""kick_power"": 0.0, ""kick_dir"": null}, {""move_vx"": 0.0, ""move_vy"": 5.8, ""kick_power"": 0.0, ""kick_dir"": null}, {""move_vx"": 4.9994213785476145, ""move_vy"": 2.268454513478521, ""kick_power"": 0.0, ""kick_dir"": null}, {""move_vx"": 0.0, ""move_vy"": 0.0, ""kick_power"": 0.4, ""kick_dir"": [0.998553425383375, 0.053768261366796674]}, {""move_vx"": 0.0, ""move_vy"": 0.0, ""kick_power"": 0.4, ""kick_dir"": [0.9946849754486068, -0.10296487871687272]}, {""move_vx"": 0.0, ""move_vy"": 0.0, ""kick_power"": 1.0, ""kick_dir"": [0.9911071000064866, -0.13306645729803163]}, {""move_vx"": -4.242640687119285, ""move_vy"": -4.242640687119285, ""kick_power"": 0.0, ""kick_dir"": null}, {""move_vx"": -4.242640687119285, ""move_vy"": -4.242640687119285, ""kick_power"": 0.0, ""kick_dir"": null}, {""move_vx"": -0.0, ""move_vy"": 0.0, ""kick_power"": 0.0, ""kick_dir"": null}, {""move_vx"": -6.823305257549774, ""move_vy"": 1.3726271752714283, ""kick_power"": 0.0, ""kick_dir"": null}, {""move_vx"": -0.0, ""move_vy"": 0.0, ""kick_power"": 0.9, ""kick_dir"": [-0.9326127384078451, -0.36087870361843827]}, {""move_vx"": -0.0, ""move_vy"": 0.0, ""kick_power"": 0.9, ""kick_dir"": [-0.9342560319585069, 0.3566028956204855]}, {""move_vx"": -3.4860364312514904, ""move_vy"": 3.4860364312478667, ""kick_power"": 0.0, ""kick_dir"": null}, {""move_vx"": 4.242640687119285, ""move_vy"": 4.242640687119285, ""kick_power"": 0.0, ""kick_dir"": null}, {""move_vx"": -6.042164831412038, ""move_vy"": -1.7838845674671735, ""kick_power"": 0.0, ""kick_dir"": null}, {""move_vx"": 4.242640687119285, ""move_vy"": -4.242640687119285, ""kick_power"": 0.0, ""kick_dir"": null}, {""move_vx"": -5.806932050485763, ""move_vy"": 2.6906393591563345, ""kick_power"": 0.0, ""kick_dir"": null}, {""move_vx"": -5.5303681883251485, ""move_vy"": -2.3270212078021997, ""kick_power"": 0.0, ""kick_dir"": null}, {""move_vx"": -0.0, ""move_vy"": 0.0, ""kick_power"": 0.0, ""kick_dir"": null}]"
482,47,default,default,0,38.3650385134308,33.77674219695729,20,B,,0.06667501019447845,-0.006397798000312796,0.3478746618558273,"[{""move_vx"": 0.0, ""move_vy"": 0.0, ""kick_power"": 0.0, ""kick_dir"": null}, {""move_vx"": 4.1012193308819755, ""move_vy"": 4.1012193308819755, ""kick_power"": 0.0, ""kick_dir"": null}, {""move_vx"": 0.0, ""move_vy"": 0.0, ""kick_power"": 0.9, ""kick_dir"": [0.77806083474663, 0.6281881657462228]}, {""move_vx"": 0.0, ""move_vy"": 0.0, ""kick_power"": 0.4, ""kick_dir"": [0.6293054846803129, 0.7771579084240856]}, {""move_vx"": 0.0, ""move_vy"": 5.8, ""kick_power"": 0.0, ""kick_dir"": null}, {""move_vx"": 4.988665290606067, ""move_vy"": 2.2920119149564386, ""kick_power"": 0.0, ""kick_dir"": null}, {""move_vx"": 0.0, ""move_vy"": 0.0, ""kick_power"": 0.4, ""kick_dir"": [0.998553425383375, 0.053768261366796674]}, {""move_vx"": 0.0, ""move_vy"": 0.0, ""kick_power"": 0.4, ""kick_dir"": [0.9946849754486068, -0.10296487871687272]}, {""move_vx"": -1.5798745333788469, ""move_vy"": -5.257765348394789, ""kick_power"": 0.0, ""kick_dir"": null}, {""move_vx"": -4.242640687119285, ""move_vy"": -4.242640687119285, ""kick_power"": 0.0, ""kick_dir"": null}, {""move_vx"": -0.797872681109881, ""move_vy"": -5.64388157075771, ""kick_power"": 0.0, ""kick_dir"": null}, {""move_vx"": -0.0, ""move_vy"": 0.0, ""kick_power"": 0.7, ""kick_dir"": [-0.9976485211746056, 0.06853743152419528]}, {""move_vx"": -6.823305257549774, ""move_vy"": 1.3726271752714285, ""kick_power"": 0.0, ""kick_dir"": null}, {""move_vx"": -0.0, ""move_vy"": 0.0, ""kick_power"": 0.9, ""kick_dir"": [-0.932739106472476, -0.3605519627156241]}, {""move_vx"": -5.925102665564326, ""move_vy"": -0.42042645316693555, ""kick_power"": 0.0, ""kick_dir"": null}, {""move_vx"": 3.4860364312514904, ""move_vy"": -3.4860364312478667, ""kick_power"": 0.0, ""kick_dir"": null}, {""move_vx"": 4.242640687119285, ""move_vy"": 4.242640687119285, ""kick_power"": 0.0, ""kick_dir"": null}, {""move_vx"": -6.034690008870044, ""move_vy"": -1.8090098111519701, ""kick_power"": 0.0, ""kick_dir"": null}, {""move_vx"": -0.0, ""move_vy"": 0.0, ""kick_power"": 0.6, ""kick_dir"": [-0.9999566977061276, -0.009304446658665618]}, {""move_vx"": -5.806932050485763, ""move_vy"": 2.6906393591563345, ""kick_power"": 0.0, ""kick_dir"": null}, {""move_vx"": -5.5303681883251485, ""move_vy"": -2.327021207802201, ""kick_power"": 0.0, ""kick_dir"": null}, {""move_vx"": -0.0, ""move_vy"": -6.4, ""kick_power"": 0.0, ""kick_dir"": null}]"
482,48,default,default,0,37.99634730087579,33.62160744977048,20,B,,0.06910349664027535,-0.014842637093174604,0.3493031697644065,"[{""move_vx"": 0.0, ""move_vy"": 0.0, ""kick_power"": 0.0, ""kick_dir"": null}, {""move_vx"": 4.1012193308819755, ""move_vy"": 4.1012193308819755, ""kick_power"": 0.0, ""kick_dir"": null}, {""move_vx"": 0.0, ""move_vy"": 0.0, ""kick_power"": 0.9, ""kick_dir"": [0.8199169938299491, 0.5724816589800186]}, {""move_vx"": 0.0, ""move_vy"": 0.0, ""kick_power"": 0.4, ""kick_dir"": [0.5933711898796449, 0.80492884530714]}, {""move_vx"": 0.0, ""move_vy"": 5.8, ""kick_power"": 0.0, ""kick_dir"": null}, {""move_vx"": 4.980838743297933, ""move_vy"": 2.308970639324432, ""kick_power"": 0.0, ""kick_dir"": null}, {""move_vx"": 0.0, ""move_vy"": 0.0, ""kick_power"": 0.4, ""kick_dir"": [0.998553425383375, 0.053768261366796674]}, {""move_vx"": 0.0, ""move_vy"": 0.0, ""kick_power"": 0.4, ""kick_dir"": [0.9946849754486068, -0.10296487871687272]}, {""move_vx"": 0.0, ""move_vy"": 0.0, ""kick_power"": 1.0, ""kick_dir"": [0.9919111099983959, -0.1269342965371269]}, {""move_vx"": -4.242640687119285, ""move_vy"": -4.242640687119285, ""kick_power"": 0.0, ""kick_dir"": null}, {""move_vx"": 5.609812862420979, ""move_vy"": -2.1283795828320065, ""kick_power"": 0.0, ""kick_dir"": null}, {""move_vx"": -0.0, ""move_vy"": 0.0, ""kick_power"": 0.7, ""kick_dir"": [-0.9974363336364535, 0.07155914781820218]}, {""move_vx"": -6.823305257549774, ""move_vy"": 1.3726271752714287, ""kick_power"": 0.0, ""kick_dir"": null}, {""move_vx"": -0.0, ""move_vy"": 0.0, ""kick_power"": 0.9, ""kick_dir"": [-0.9328506715944367, -0.36026321359633057]}, {""move_vx"": -0.0, ""move_vy"": 0.0, ""kick_power"": 0.9, ""kick_dir"": [-0.9327421553474003, 0.36054407461891486]}, {""move_vx"": -3.4860364312514904, ""move_vy"": 3.4860364312478667, ""kick_power"": 0.0, ""kick_dir"": null}, {""move_vx"": -5.933384022306726, ""move_vy"": -0.89160195369641, ""kick_power"": 0.0, ""kick_dir"": null}, {""move_vx"": -6.027379763840362, ""move_vy"": -1.8332193492453943, ""kick_power"": 0.0, ""kick_dir"": null}, {""move_vx"": -0.0, ""move_vy"": 0.0, ""kick_power"": 0.6, ""kick_dir"": [-0.9999566977061276, -0.009304446658665618]}, {""move_vx"": -5.80019362297462, ""move_vy"": 2.705134735277442, ""kick_power"": 0.0, ""kick_dir"": null}, {""move_vx"": -5.5303681883251485, ""move_vy"": -2.3270212078022015, ""kick_power"": 0.0, ""kick_dir"": null}, {""move_vx"": -5.499281554915925, ""move_vy"": -1.7133307852722122, ""kick_power"": 0.0, ""kick_dir"": null}]"
482,49,default,default,0,37.627656088320784,33.46647270258367,20,B,,0.07156198590562866,-0.010959726931392511,0.3395749292314464,"[{""move_vx"": 0.0, ""move_vy"": 0.0, ""kick_power"": 0.0, ""kick_dir"": null}, {""move_vx"": 4.1012193308819755, ""move_vy"": 4.1012193308819755, ""kick_power"": 0.0, ""kick_dir"": null}, {""move_vx"": 0.0, ""move_vy"": 0.0, ""kick_power"": 0.9, ""kick_dir"": [0.8511655070423868, 0.5248966428168996]}, {""move_vx"": -4.574659887080561, ""move_vy"": 0.3749492199432744, ""kick_power"": 0.0, ""kick_dir"": null}, {""move_vx"": 0.0, ""move_vy"": 5.8, ""kick_power"": 0.0, ""kick_dir"": null}, {""move_vx"": 4.9777344243586406, ""move_vy"": 2.3156554148998425, ""kick_power"": 0.0, ""kick_dir"": null}, {""move_vx"": 0.0, ""move_vy"": 0.0, ""kick_power"": 0.4, ""kick_dir"": [0.998553425383375, 0.053768261366796674]}, {""move_vx"": 0.0, ""move_vy"": 0.0, ""kick_power"": 0.4, ""kick_dir"": [0.9946849754486068, -0.10296487871687272]}, {""move_vx"": -1.8481605384439772, ""move_vy"": -5.16956503239281, ""kick_power"": 0.0, ""kick_dir"": null}, {""move_vx"": -4.242640687119285, ""move_vy"": -4.242640687119285, ""kick_power"": 0.0, ""kick_dir"": null}, {""move_vx"": -4.242640687119285, ""move_vy"": -4.242640687119285, ""kick_power"": 0.0, ""kick_dir"": null}, {""move_vx"": -0.0, ""move_vy"": 0.0, ""kick_power"": 0.7, ""kick_dir"": [-0.9972048283741073, 0.07471600589373173]}, {""move_vx"": 4.772236267048007, ""move_vy"": -1.2371988568826333, ""kick_power"": 0.0, ""kick_dir"": null}, {""move_vx"": -0.0, ""move_vy"": 0.0, ""kick_power"": 0.9, ""kick_dir"": [-0.9329606829447595, -0.3599782252450367]}, {""move_vx"": 3.8183766184073566, ""move_vy"": 3.8183766184073566, ""kick_power"": 0.0, ""kick_dir"": null}, {""move_vx"": 3.4860364312514904, ""move_vy"": -3.4860364312478667, ""kick_power"": 0.0, ""kick_dir"": null}, {""move_vx"": -5.9333840223067265, ""move_vy"": -0.8916019536964097, ""kick_power"": 0.0, ""kick_dir"": null}, {""move_vx"": -6.020236046218502, ""move_vy"": -1.8565446258604819, ""kick_power"": 0.0, ""kick_dir"": null}, {""move_vx"": -0.0, ""move_vy"": 0.0, ""kick_power"": 0.6, ""kick_dir"": [-0.9999566977061276, -0.009304446658665618]}, {""move_vx"": -5.8001936229746205, ""move_vy"": 2.7051347352774417, ""kick_power"": 0.0, ""kick_dir"": null}, {""move_vx"": -5.530368188325148, ""move_vy"": -2.3270212078022023, ""kick_power"": 0.0, ""kick_dir"": null}, {""move_vx"": -0.0, ""move_vy"": -6.4, ""kick_power"": 0.0, ""kick_dir"": null}]"
482,50,default,default,0,37.25896487576578,33.311337955396866,20,B,,0.07404055781507347,-0.015655515537896375,0.35516868281008235,"[{""move_vx"": 0.0, ""move_vy"": 0.0, ""kick_power"": 0.0, ""kick_dir"": null}, {""move_vx"": 4.1012193308819755, ""move_vy"": 4.1012193308819755, ""kick_power"": 0.0, ""kick_dir"": null}, {""move_vx"": 0.0, ""move_vy"": 0.0, ""kick_power"": 0.9, ""kick_dir"": [0.8748777832469101, 0.4843429967191978]}, {""move_vx"": -4.574659887080561, ""move_vy"": 0.3749492199432765, ""kick_power"": 0.0, ""kick_dir"": null}, {""move_vx"": 0.0, ""move_vy"": 5.8, ""kick_power"": 0.0, ""kick_dir"": null}, {""move_vx"": 4.979787196505746, ""move_vy"": 2.311237650592741, ""kick_power"": 0.0, ""kick_dir"": null}, {""move_vx"": 0.0, ""move_vy"": 0.0, ""kick_power"": 0.4, ""kick_dir"": [0.998553425383375, 0.053768261366796674]}, {""move_vx"": 0.0, ""move_vy"": 0.0, ""kick_power"": 0.4, ""kick_dir"": [0.9948013650208752, -0.10183423213251618]}, {""move_vx"": 0.0, ""move_vy"": 0.0, ""kick_power"": 1.0, ""kick_dir"": [0.9925229447858892, -0.12205805931963108]}, {""move_vx"": -4.242640687119285, ""move_vy"": -4.242640687119285, ""kick_power"": 0.0, ""kick_dir"": null}, {""move_vx"": -4.242640687119285, ""move_vy"": -4.242640687119285, ""kick_power"": 0.0, ""kick_dir"": null}, {""move_vx"": -0.0, ""move_vy"": 0.0, ""kick_power"": 0.7, ""kick_dir"": [-0.9969540114771701, 0.07799134724809426]}, {""move_vx"": -6.822930139869061, ""move_vy"": 1.3744905625235664, ""kick_power"": 0.0, ""kick_dir"": null}, {""move_vx"": -0.0, ""move_vy"": 0.0, ""kick_power"": 0.9, ""kick_dir"": [-0.9331076264034022, -0.35959715812018045]}, {""move_vx"": -0.0, ""move_vy"": 0.0, ""kick_power"": 0.9, ""kick_dir"": [-0.9357206251095306, 0.35274193144698474]}, {""move_vx"": -3.4860364312514904, ""move_vy"": 3.4860364312478667, ""kick_power"": 0.0, ""kick_dir"": null}, {""move_vx"": -5.933384022306727, ""move_vy"": -0.8916019536964094, ""kick_power"": 0.0, ""kick_dir"": null}, {""move_vx"": -6.020733407679537, ""move_vy"": -1.8549310590023427, ""kick_power"": 0.0, ""kick_dir"": null}, {""move_vx"": -0.0, ""move_vy"": 0.0, ""kick_power"": 0.6, ""kick_dir"": [-0.9999566977061276, -0.009304446658665618]}, {""move_vx"": -5.796852512372671, ""move_vy"": 2.712287033077187, ""kick_power"": 0.0, ""kick_dir"": null}, {""move_vx"": -5.530368188325148, ""move_vy"": -2.3270212078022032, ""kick_power"": 0.0, ""kick_dir"": null}, {""move_vx"": -0.0, ""move_vy"": -6.4, ""kick_power"": 0.0, ""kick_dir"": null}]"
482,51,default,default,0,36.89027366321077,33.15620320821006,20,B,,0.07653149767445988,-0.01668479649942218,0.3534343869179988,"[{""move_vx"": 0.0, ""move_vy"": 0.0, ""kick_power"": 0.0, ""kick_dir"": null}, {""move_vx"": 0.0, ""move_vy"": 5.8, ""kick_power"": 0.0, ""kick_dir"": null}, {""move_vx"": 0.0, ""move_vy"": 0.0, ""kick_power"": 0.9, ""kick_dir"": [0.893168413800215, 0.44972159970357817]}, {""move_vx"": -4.574659887080561, ""move_vy"": 0.37494921994327873, ""kick_power"": 0.0, ""kick_dir"": null}, {""move_vx"": 0.0, ""move_vy"": 5.8, ""kick_power"": 0.0, ""kick_dir"": null}, {""move_vx"": 4.981878317055155, ""move_vy"": 2.3067267792384305, ""kick_power"": 0.0, ""kick_dir"": null}, {""move_vx"": 0.0, ""move_vy"": 0.0, ""kick_power"": 0.4, ""kick_dir"": [0.998553425383375, 0.053768261366796674]}, {""move_vx"": 0.0, ""move_vy"": 0.0, ""kick_power"": 0.4, ""kick_dir"": [0.9948013650208752, -0.10183423213251618]}, {""move_vx"": 0.0, ""move_vy"": 0.0, ""kick_power"": 0.0, ""kick_dir"": null}, {""move_vx"": 0.0, ""move_vy"": 0.0, ""kick_power"": 0.9, ""kick_dir"": [0.977090378270394, -0.21282294074283234]}, {""move_vx"": -4.242640687119285, ""move_vy"": -4.242640687119285, ""kick_power"": 0.0, ""kick_dir"": null}, {""move_vx"": -0.0, ""move_vy"": 0.0, ""kick_power"": 0.7, ""kick_dir"": [-0.996683838006753, 0.08137123742835468]}, {""move_vx"": -6.822930139869062, ""move_vy"": 1.3744905625235666, ""kick_power"": 0.0, ""kick_dir"": null}, {""move_vx"": -0.0, ""move_vy"": 0.0, ""kick_power"": 0.9, ""kick_dir"": [-0.9333840860016926, -0.3588789581345552]}, {""move_vx"": -0.0, ""move_vy"": 0.0, ""kick_power"": 0.9, ""kick_dir"": [-0.9338027873471564, 0.3577880837169979]}, {""move_vx"": 3.4860364312514904, ""move_vy"": -3.4860364312478667, ""kick_power"": 0.0, ""kick_dir"": null}, {""move_vx"": -5.9333840223067265, ""move_vy"": -0.8916019536964088, ""kick_power"": 0.0, ""kick_dir"": null}, {""move_vx"": -6.030380089437673, ""move_vy"": -1.8233255268639494, ""kick_power"": 0.0, ""kick_dir"": null}, {""move_vx"": -0.0, ""move_vy"": 0.0, ""kick_power"": 0.6, ""kick_dir"": [-0.9999566977061276, -0.009304446658665618]}, {""move_vx"": -5.791859271720534, ""move_vy"": 2.7229333771844075, ""kick_power"": 0.0, ""kick_dir"": null}, {""move_vx"": -5.530368188325147, ""move_vy"": -2.327021207802204, ""kick_power"": 0.0, ""kick_dir"": null}, {""move_vx"": -0.0, ""move_vy"": -6.4, ""kick_power"": 0.0, ""kick_dir"": null}]"
482,52,default,default,0,36.521582450655764,33.00106846102325,20,B,,0.07902912073498511,-0.017225408211593095,0.357906835506976,"[{""move_vx"": 0.0, ""move_vy"": 0.0, ""kick_power"": 0.0, ""kick_dir"": null}, {""move_vx"": 4.1012193308819755, ""move_vy"": 4.1012193308819755, ""kick_power"": 0.0, ""kick_dir"": null}, {""move_vx"": 0.0, ""move_vy"": 0.0, ""kick_power"": 0.9, ""kick_dir"": [-0.988155722865608, 0.15345370692302265]}, {""move_vx"": -4.574659887080561, ""move_vy"": 0.37494921994328123, ""kick_power"": 0.0, ""kick_dir"": null}, {""move_vx"": 0.0, ""move_vy"": 5.8, ""kick_power"": 0.0, ""kick_dir"": null}, {""move_vx"": 4.9840090972247975, ""move_vy"": 2.302119310283562, ""kick_power"": 0.0, ""kick_dir"": null}, {""move_vx"": 0.0, ""move_vy"": 0.0, ""kick_power"": 0.4, ""kick_dir"": [0.998553425383375, 0.053768261366796674]}, {""move_vx"": 0.0, ""move_vy"": 0.0, ""kick_power"": 0.4, ""kick_dir"": [0.9948013650208752, -0.10183423213251618]}, {""move_vx"": 0.0, ""move_vy"": 0.0, ""kick_power"": 0.0, ""kick_dir"": null}, {""move_vx"": -4.242640687119285, ""move_vy"": -4.242640687119285, ""kick_power"": 0.0, ""kick_dir"": null}, {""move_vx"": -4.242640687119285, ""move_vy"": -4.242640687119285, ""kick_power"": 0.0, ""kick_dir"": null}, {""move_vx"": -0.0, ""move_vy"": 0.0, ""kick_power"": 0.7, ""kick_dir"": [-0.9963942289104513, 0.0848439261157902]}, {""move_vx"": -6.822930139869061, ""move_vy"": 1.3744905625235664, ""kick_power"": 0.0, ""kick_dir"": null}, {""move_vx"": -0.0, ""move_vy"": 0.0, ""kick_power"": 0.9, ""kick_dir"": [-0.9340902387549792, -0.3570369511045346]}, {""move_vx"": -0.0, ""move_vy"": 0.0, ""kick_power"": 0.9, ""kick_dir"": [-0.9338174708885217, 0.35774975832026473]}, {""move_vx"": -3.4860364312514904, ""move_vy"": 3.4860364312478667, ""kick_power"": 0.0, ""kick_dir"": null}, {""move_vx"": -5.9333840223067265, ""move_vy"": -0.8916019536964084, ""kick_power"": 0.0, ""kick_dir"": null}, {""move_vx"": -6.040198985220973, ""move_vy"": -1.7905295917508683, ""kick_power"": 0.0, ""kick_dir"": null}, {""move_vx"": -0.0, ""move_vy"": 0.0, ""kick_power"": 0.6, ""kick_dir"": [-0.9999566977061276, -0.009304446658665618]}, {""move_vx"": -5.789083382903181, ""move_vy"": 2.728830076386997, ""kick_power"": 0.0, ""kick_dir"": null}, {""move_vx"": -5.530368188325147, ""move_vy"": -2.327021207802205, ""kick_power"": 0.0, ""kick_dir"": null}, {""move_vx"": -0.0, ""move_vy"": -6.4, ""kick_power"": 0.0, ""kick_dir"": null}]"
482,53,default,default,0,36.29228868254174,32.65677163056053,20,B,,0.08026914168831623,-0.022310591372251023,0.35795019884233686,"[{""move_vx"": 0.0, ""move_vy"": 0.0, ""kick_power"": 0.0, ""kick_dir"": null}, {""move_vx"": 5.797682646755865, ""move_vy"": 0.1639387919496683, ""kick_power"": 0.0, ""kick_dir"": null}, {""move_vx"": 0.0, ""move_vy"": 0.0, ""kick_power"": 0.9, ""kick_dir"": [-0.9862634215956189, 0.16517936148364606]}, {""move_vx"": -4.57465988708056, ""move_vy"": 0.374949219943284, ""kick_power"": 0.0, ""kick_dir"": null}, {""move_vx"": 0.0, ""move_vy"": 5.8, ""kick_power"": 0.0, ""kick_dir"": null}, {""move_vx"": 4.986180914246206, ""move_vy"": 2.297411563130749, ""kick_power"": 0.0, ""kick_dir"": null}, {""move_vx"": 0.0, ""move_vy"": 0.0, ""kick_power"": 0.4, ""kick_dir"": [0.998553425383375, 0.053768261366796674]}, {""move_vx"": 0.0, ""move_vy"": 0.0, ""kick_power"": 0.4, ""kick_dir"": [0.9948013650208752, -0.10183423213251618]}, {""move_vx"": 0.0, ""move_vy"": 0.0, ""kick_power"": 0.0, ""kick_dir"": null}, {""move_vx"": -4.242640687119285, ""move_vy"": -4.242640687119285, ""kick_power"": 0.0, ""kick_dir"": null}, {""move_vx"": -4.242640687119285, ""move_vy"": -4.242640687119285, ""kick_power"": 0.0, ""kick_dir"": null}, {""move_vx"": -0.0, ""move_vy"": 0.0, ""kick_power"": 0.7, ""kick_dir"": [-0.9960850831504071, 0.08839942484033775]}, {""move_vx"": -6.822930139869061, ""move_vy"": 1.374490562523566, ""kick_power"": 0.0, ""kick_dir"": null}, {""move_vx"": -0.0, ""move_vy"": 0.0, ""kick_power"": 0.9, ""kick_dir"": [-0.9346986498607793, -0.35544112379723747]}, {""move_vx"": -0.0, ""move_vy"": 0.0, ""kick_power"": 0.9, ""kick_dir"": [-0.9320543992945689, 0.36231830669159015]}, {""move_vx"": 3.4860364312514904, ""move_vy"": -3.4860364312478667, ""kick_power"": 0.0, ""kick_dir"": null}, {""move_vx"": -5.9333840223067265, ""move_vy"": -0.8916019536964082, ""kick_power"": 0.0, ""kick_dir"": null}, {""move_vx"": -6.049258008874306, ""move_vy"": -1.7596810910133887, ""kick_power"": 0.0, ""kick_dir"": null}, {""move_vx"": -0.0, ""move_vy"": 0.0, ""kick_power"": 0.6, ""kick_dir"": [-0.9999566977061276, -0.009304446658665618]}, {""move_vx"": -5.788239305426153, ""move_vy"": 2.7306200290629548, ""kick_power"": 0.0, ""kick_dir"": null}, {""move_vx"": -5.530368188325146, ""move_vy"": -2.3270212078022054, ""kick_power"": 0.0, ""kick_dir"": null}, {""move_vx"": -0.0, ""move_vy"": -6.4, ""kick_power"": 0.0, ""kick_dir"": null}]"
482,54,default,default,0,36.50797406882855,32.14594403938716,20,B,,0.07749319902138256,-0.023350948029965502,0.36603205030305347,"[{""move_vx"": 0.0, ""move_vy"": 0.0, ""kick_power"": 0.0, ""kick_dir"": null}, {""move_vx"": 0.0, ""move_vy"": 0.0, ""kick_power"": 0.0, ""kick_dir"": null}, {""move_vx"": 0.0, ""move_vy"": 0.0, ""kick_power"": 0.9, ""kick_dir"": [-0.9831837451502567, 0.18261834877729793]}, {""move_vx"": -4.574659887080561, ""move_vy"": 0.3749492199432873, ""kick_power"": 0.0, ""kick_dir"": null}, {""move_vx"": 0.0, ""move_vy"": 5.8, ""kick_power"": 0.0, ""kick_dir"": null}, {""move_vx"": 4.997410850379218, ""move_vy"": 2.272880285565446, ""kick_power"": 0.0, ""kick_dir"": null}, {""move_vx"": 4.390139744146187, ""move_vy"": -4.518481274373952, ""kick_power"": 0.0, ""kick_dir"": null}, {""move_vx"": 0.0, ""move_vy"": 0.0, ""kick_power"": 0.4, ""kick_dir"": [0.9948013650208752, -0.10183423213251618]}, {""move_vx"": -2.364248070480041, ""move_vy"": -4.954839155939515, ""kick_power"": 0.0, ""kick_dir"": null}, {""move_vx"": -4.242640687119285, ""move_vy"": -4.242640687119285, ""kick_power"": 0.0, ""kick_dir"": null}, {""move_vx"": -4.242640687119285, ""move_vy"": -4.242640687119285, ""kick_power"": 0.0, ""kick_dir"": null}, {""move_vx"": 3.5355339059327373, ""move_vy"": -3.5355339059327373, ""kick_power"": 0.0, ""kick_dir"": null}, {""move_vx"": -6.822930139869061, ""move_vy"": 1.3744905625235655, ""kick_power"": 0.0, ""kick_dir"": null}, {""move_vx"": -0.0, ""move_vy"": 0.0, ""kick_power"": 0.9, ""kick_dir"": [-0.9348456838558493, -0.3550542294931997]}, {""move_vx"": -0.0, ""move_vy"": 0.0, ""kick_power"": 0.9, ""kick_dir"": [-0.9319735554369329, 0.36252620672391334]}, {""move_vx"": -3.4860364312514904, ""move_vy"": 3.4860364312478667, ""kick_power"": 0.0, ""kick_dir"": null}, {""move_vx"": -5.9333840223067265, ""move_vy"": -0.8916019536964077, ""kick_power"": 0.0, ""kick_dir"": null}, {""move_vx"": -6.019569649928109, ""move_vy"": -1.8587041802461157, ""kick_power"": 0.0, ""kick_dir"": null}, {""move_vx"": -0.0, ""move_vy"": 0.0, ""kick_power"": 0.6, ""kick_dir"": [-0.9999566977061276, -0.009304446658665618]}, {""move_vx"": -5.788239305426153, ""move_vy"": 2.7306200290629543, ""kick_power"": 0.0, ""kick_dir"": null}, {""move_vx"": -5.5321460097764446, ""move_vy"": -2.3227915374640418, ""kick_power"": 0.0, ""kick_dir"": null}, {""move_vx"": -0.0, ""move_vy"": -6.4, ""kick_power"": 0.0, ""kick_dir"": null}]"
482,55,default,default,0,35.833557343770345,32.17922313494806,20,B,,0.08276576783718118,-0.017894908594925922,0.35333762188834605,"[{""move_vx"": 0.0, ""move_vy"": 0.0, ""kick_power"": 0.0, ""kick_dir"": null}, {""move_vx"": 4.1012193308819755, ""move_vy"": 4.1012193308819755, ""kick_power"": 0.0, ""kick_dir"": null}, {""move_vx"": 0.0, ""move_vy"": 0.0, ""kick_power"": 0.9, ""kick_dir"": [-0.985467337457817, 0.16986419896892632]}, {""move_vx"": -4.574659887080559, ""move_vy"": 0.3749492199432909, ""kick_power"": 0.0, ""kick_dir"": null}, {""move_vx"": 0.0, ""move_vy"": 5.8, ""kick_power"": 0.0, ""kick_dir"": null}, {""move_vx"": 5.0216839804719475, ""move_vy"": 2.2187361267783556, ""kick_power"": 0.0, ""kick_dir"": null}, {""move_vx"": 0.0, ""move_vy"": 0.0, ""kick_power"": 0.4, ""kick_dir"": [0.9984607674730809, 0.05546228534523597]}, {""move_vx"": -1.644601884859821, ""move_vy"": -5.143470097153819, ""kick_power"": 0.0, ""kick_dir"": null}, {""move_vx"": -2.2438583716376885, ""move_vy"": -5.010508917069349, ""kick_power"": 0.0, ""kick_dir"": null}, {""move_vx"": 4.242640687119285, ""move_vy"": -4.242640687119285, ""kick_power"": 0.0, ""kick_dir"": null}, {""move_vx"": 5.682108957301637, ""move_vy"": -1.9270801221932907, ""kick_power"": 0.0, ""kick_dir"": null}, {""move_vx"": -5.245438964128722, ""move_vy"": 0.2187923069950288, ""kick_power"": 0.0, ""kick_dir"": null}, {""move_vx"": -6.822930139869062, ""move_vy"": 1.3744905625235653, ""kick_power"": 0.0, ""kick_dir"": null}, {""move_vx"": -0.0, ""move_vy"": 0.0, ""kick_power"": 0.9, ""kick_dir"": [-0.9351801940870402, -0.3541722222794187]}, {""move_vx"": -5.4, ""move_vy"": 0.0, ""kick_power"": 0.0, ""kick_dir"": null}, {""move_vx"": 3.4860364312514904, ""move_vy"": -3.4860364312478667, ""kick_power"": 0.0, ""kick_dir"": null}, {""move_vx"": -5.933384022306727, ""move_vy"": -0.8916019536964073, ""kick_power"": 0.0, ""kick_dir"": null}, {""move_vx"": -5.929050278496791, ""move_vy"": -2.129873891820154, ""kick_power"": 0.0, ""kick_dir"": null}, {""move_vx"": 4.242640687119285, ""move_vy"": -4.242640687119285, ""kick_power"": 0.0, ""kick_dir"": null}, {""move_vx"": -5.788239305426153, ""move_vy"": 2.7306200290629534, ""kick_power"": 0.0, ""kick_dir"": null}, {""move_vx"": -5.55188217082444, ""move_vy"": -2.2752152340562666, ""kick_power"": 0.0, ""kick_dir"": null}, {""move_vx"": -0.0, ""move_vy"": -6.4, ""kick_power"": 0.0, ""kick_dir"": null}]"
482,56,default,default,0,35.46345806527977,32.037252603899795,20,B,,0.08528460682220027,-0.018462673256834858,0.36747785682740647,"[{""move_vx"": 0.0, ""move_vy"": 0.0, ""kick_power"": 0.0, ""kick_dir"": null}, {""move_vx"": 4.1012193308819755, ""move_vy"": 4.1012193308819755, ""kick_power"": 0.0, ""kick_dir"": null}, {""move_vx"": 0.0, ""move_vy"": 0.0, ""kick_power"": 0.9, ""kick_dir"": [-0.978386312687115, 0.2067847220506011]}, {""move_vx"": -4.574659887080559, ""move_vy"": 0.37494921994329516, ""kick_power"": 0.0, ""kick_dir"": null}, {""move_vx"": 6.7140089875584374, ""move_vy"": -1.834034709318373, ""kick_power"": 0.0, ""kick_dir"": null}, {""move_vx"": 5.012395736278323, ""move_vy"": 2.23964036910815, ""kick_power"": 0.0, ""kick_dir"": null}, {""move_vx"": 0.0, ""move_vy"": 0.0, ""kick_power"": 0.4, ""kick_dir"": [0.9985162754023398, 0.05445380671037426]}, {""move_vx"": 0.0, ""move_vy"": 0.0, ""kick_power"": 0.4, ""kick_dir"": [0.9955141867004179, -0.0946122131546251]}, {""move_vx"": 6.1, ""move_vy"": 0.0, ""kick_power"": 0.0, ""kick_dir"": null}, {""move_vx"": -4.242640687119285, ""move_vy"": -4.242640687119285, ""kick_power"": 0.0, ""kick_dir"": null}, {""move_vx"": -4.242640687119285, ""move_vy"": -4.242640687119285, ""kick_power"": 0.0, ""kick_dir"": null}, {""move_vx"": -5.24546548748692, ""move_vy"": 0.218155494048654, ""kick_power"": 0.0, ""kick_dir"": null}, {""move_vx"": -6.822930139869061, ""move_vy"": 1.3744905625235646, ""kick_power"": 0.0, ""kick_dir"": null}, {""move_vx"": -0.0, ""move_vy"": 0.0, ""kick_power"": 0.9, ""kick_dir"": [-0.9351069029450684, -0.3543656847164565]}, {""move_vx"": -5.4, ""move_vy"": 0.0, ""kick_power"": 0.0, ""kick_dir"": null}, {""move_vx"": -3.4860364312514904, ""move_vy"": 3.4860364312478667, ""kick_power"": 0.0, ""kick_dir"": null}, {""move_vx"": -5.9333840223067265, ""move_vy"": -0.8916019536964067, ""kick_power"": 0.0, ""kick_dir"": null}, {""move_vx"": -6.018867890539465, ""move_vy"": -1.860975366906564, ""kick_power"": 0.0, ""kick_dir"": null}, {""move_vx"": -0.0, ""move_vy"": 0.0, ""kick_power"": 0.6, ""kick_dir"": [-0.999957062561267, -0.009265159222591787]}, {""move_vx"": -5.717352981672761, ""move_vy"": -0.6996248158531894, ""kick_power"": 0.0, ""kick_dir"": null}, {""move_vx"": -5.558035697566408, ""move_vy"": -2.260141408093196, ""kick_power"": 0.0, ""kick_dir"": null}, {""move_vx"": -0.0, ""move_vy"": -6.4, ""kick_power"": 0.0, ""kick_dir"": null}]"
482,57,default,default,0,35.07242131327078,31.930863350370878,20,B,,0.08799284142873454,-0.01844249347638916,0.367480094533594,"[{""move_vx"": 0.0, ""move_vy"": 0.0, ""kick_power"": 0.0, ""kick_dir"": null}, {""move_vx"": 4.1012193308819755, ""move_vy"": 4.1012193308819755, ""kick_power"": 0.0, ""kick_dir"": null}, {""move_vx"": 0.0, ""move_vy"": 0.0, ""kick_power"": 0.9, ""kick_dir"": [-0.9735892851587318, 0.2283058829418481]}, {""move_vx"": -4.574659887080559, ""move_vy"": 0.37494921994330016, ""kick_power"": 0.0, ""kick_dir"": null}, {""move_vx"": 5.005118331596611, ""move_vy"": -2.930663830383068, ""kick_power"": 0.0, ""kick_dir"": null}, {""move_vx"": 5.014282120977296, ""move_vy"": 2.2354137897148774, ""kick_power"": 0.0, ""kick_dir"": null}, {""move_vx"": 0.0, ""move_vy"": 0.0, ""kick_power"": 0.4, ""kick_dir"": [0.9985558680670628, 0.05372287848028488]}, {""move_vx"": 0.0, ""move_vy"": 0.0, ""kick_power"": 0.4, ""kick_dir"": [0.9955141867004179, -0.0946122131546251]}, {""move_vx"": 6.1, ""move_vy"": 0.0, ""kick_power"": 0.0, ""kick_dir"": null}, {""move_vx"": -4.242640687119285, ""move_vy"": -4.242640687119285, ""kick_power"": 0.0, ""kick_dir"": null}, {""move_vx"": -4.242640687119285, ""move_vy"": -4.242640687119285, ""kick_power"": 0.0, ""kick_dir"": null}, {""move_vx"": -5.245491876145317, ""move_vy"": 0.21752006181840797, ""kick_power"": 0.0, ""kick_dir"": null}, {""move_vx"": -6.8229301398690625, ""move_vy"": 1.3744905625235644, ""kick_power"": 0.0, ""kick_dir"": null}, {""move_vx"": -0.0, ""move_vy"": 0.0, ""kick_power"": 0.9, ""kick_dir"": [-0.9351081860196764, -0.35436229889683996]}, {""move_vx"": -5.4, ""move_vy"": 0.0, ""kick_power"": 0.0, ""kick_dir"": null}, {""move_vx"": 3.4860364312514904, ""move_vy"": -3.4860364312478667, ""kick_power"": 0.0, ""kick_dir"": null}, {""move_vx"": -5.933384022306727, ""move_vy"": -0.8916019536964064, ""kick_power"": 0.0, ""kick_dir"": null}, {""move_vx"": -6.031125371564622, ""move_vy"": -1.8208587953132187, ""kick_power"": 0.0, ""kick_dir"": null}, {""move_vx"": -0.0, ""move_vy"": 0.0, ""kick_power"": 0.6, ""kick_dir"": [-0.999957062561267, -0.009265159222591787]}, {""move_vx"": -5.715964141124278, ""move_vy"": -0.7108825060313472, ""kick_power"": 0.0, ""kick_dir"": null}, {""move_vx"": -5.562167794734126, ""move_vy"": -2.2499532046739352, ""kick_power"": 0.0, ""kick_dir"": null}, {""move_vx"": -0.0, ""move_vy"": -6.4, ""kick_power"": 0.0, ""kick_dir"": null}]"
482,58,default,default,0,34.70137457570111,31.78144930936223,20,B,,0.09051711972658696,-0.028731974353494404,0.37115288736654956,"[{""move_vx"": 0.0, ""move_vy"": 0.0, ""kick_power"": 0.0, ""kick_dir"": null}, {""move_vx"": 4.1012193308819755, ""move_vy"": 4.1012193308819755, ""kick_power"": 0.0, ""kick_dir"": null}, {""move_vx"": 0.0, ""move_vy"": 0.0, ""kick_power"": 0.9, ""kick_dir"": [-0.9672346614020155, 0.253883342940931]}, {""move_vx"": -4.574659887080558, ""move_vy"": 0.374949219943306, ""kick_power"": 0.0, ""kick_dir"": null}, {""move_vx"": 4.1012193308819755, ""move_vy"": 4.1012193308819755, ""kick_power"": 0.0, ""kick_dir"": null}, {""move_vx"": 4.313351365237939, ""move_vy"": -4.313351365237939, ""kick_power"": 0.0, ""kick_dir"": null}, {""move_vx"": 0.0, ""move_vy"": 0.0, ""kick_power"": 0.4, ""kick_dir"": [0.9985700750936229, 0.053458156106821336]}, {""move_vx"": 0.0, ""move_vy"": 0.0, ""kick_power"": 0.4, ""kick_dir"": [0.9955141867004179, -0.0946122131546251]}, {""move_vx"": 6.1, ""move_vy"": 0.0, ""kick_power"": 0.0, ""kick_dir"": null}, {""move_vx"": -4.242640687119285, ""move_vy"": -4.242640687119285, ""kick_power"": 0.0, ""kick_dir"": null}, {""move_vx"": -4.242640687119285, ""move_vy"": -4.242640687119285, ""kick_power"": 0.0, ""kick_dir"": null}, {""move_vx"": -5.245518130686542, ""move_vy"": 0.21688600839787353, ""kick_power"": 0.0, ""kick_dir"": null}, {""move_vx"": -6.822930139869062, ""move_vy"": 1.374490562523564, ""kick_power"": 0.0, ""kick_dir"": null}, {""move_vx"": -0.0, ""move_vy"": 0.0, ""kick_power"": 0.9, ""kick_dir"": [-0.9351092524047161, -0.35435948485664787]}, {""move_vx"": -5.4, ""move_vy"": 0.0, ""kick_power"": 0.0, ""kick_dir"": null}, {""move_vx"": -3.4860364312514904, ""move_vy"": 3.4860364312478667, ""kick_power"": 0.0, ""kick_dir"": null}, {""move_vx"": -5.933384022306727, ""move_vy"": -0.8916019536964059, ""kick_power"": 0.0, ""kick_dir"": null}, {""move_vx"": -6.049633134063891, ""move_vy"": -1.7583910097689637, ""kick_power"": 0.0, ""kick_dir"": null}, {""move_vx"": -0.0, ""move_vy"": 0.0, ""kick_power"": 0.6, ""kick_dir"": [-0.999957062561267, -0.009265159222591787]}, {""move_vx"": -5.715117689521952, ""move_vy"": -0.7176557635198603, ""kick_power"": 0.0, ""kick_dir"": null}, {""move_vx"": -5.563581102258478, ""move_vy"": -2.246456168856258, ""kick_power"": 0.0, ""kick_dir"": null}, {""move_vx"": -0.0, ""move_vy"": -6.4, ""kick_power"": 0.0, ""kick_dir"": null}]"
482,59,default,default,0,34.33046916888388,31.631685564771814,20,B,,0.09303933772429325,-0.0314191008790024,0.37371814131591924,"[{""move_vx"": 0.0, ""move_vy"": 0.0, ""kick_power"": 0.0, ""kick_dir"": null}, {""move_vx"": 4.1012193308819755, ""move_vy"": 4.1012193308819755, ""kick_power"": 0.0, ""kick_dir"": null}, {""move_vx"": 0.0, ""move_vy"": 0.0, ""kick_power"": 0.9, ""kick_dir"": [-0.9586427900592972, 0.28461132619272117]}, {""move_vx"": -4.574659887080558, ""move_vy"": 0.37494921994331315, ""kick_power"": 0.0, ""kick_dir"": null}, {""move_vx"": 0.0, ""move_vy"": 5.8, ""kick_power"": 0.0, ""kick_dir"": null}, {""move_vx"": 4.313351365237939, ""move_vy"": -4.313351365237939, ""kick_power"": 0.0, ""kick_dir"": null}, {""move_vx"": 0.0, ""move_vy"": 0.0, ""kick_power"": 0.4, ""kick_dir"": [0.9985700750936229, 0.053458156106821336]}, {""move_vx"": 0.0, ""move_vy"": 0.0, ""kick_power"": 0.4, ""kick_dir"": [0.9955141867004179, -0.0946122131546251]}, {""move_vx"": 6.1, ""move_vy"": 0.0, ""kick_power"": 0.0, ""kick_dir"": null}, {""move_vx"": -4.242640687119285, ""move_vy"": -4.242640687119285, ""kick_power"": 0.0, ""kick_dir"": null}, {""move_vx"": -4.242640687119285, ""move_vy"": -4.242640687119285, ""kick_power"": 0.0, ""kick_dir"": null}, {""move_vx"": -5.245544251691169, ""move_vy"": 0.21625333188122747, ""kick_power"": 0.0, ""kick_dir"": null}, {""move_vx"": -6.822930139869062, ""move_vy"": 1.3744905625235635, ""kick_power"": 0.0, ""kick_dir"": null}, {""move_vx"": -0.0, ""move_vy"": 0.0, ""kick_power"": 0.9, ""kick_dir"": [-0.9351113022514536, -0.354354075527515]}, {""move_vx"": -5.4, ""move_vy"": 0.0, ""kick_power"": 0.0, ""kick_dir"": null}, {""move_vx"": 3.4860364312514904, ""move_vy"": -3.4860364312478667, ""kick_power"": 0.0, ""kick_dir"": null}, {""move_vx"": -5.933384022306727, ""move_vy"": -0.8916019536964055, ""kick_power"": 0.0, ""kick_dir"": null}, {""move_vx"": -6.059450041984063, ""move_vy"": -1.7242578660685732, ""kick_power"": 0.0, ""kick_dir"": null}, {""move_vx"": -0.0, ""move_vy"": 0.0, ""kick_power"": 0.6, ""kick_dir"": [-0.999957062561267, -0.009265159222591787]}, {""move_vx"": -5.713578939367209, ""move_vy"": -0.7298052504740548, ""kick_power"": 0.0, ""kick_dir"": null}, {""move_vx"": -5.563581102258478, ""move_vy"": -2.246456168856258, ""kick_power"": 0.0, ""kick_dir"": null}, {""move_vx"": -6.046738836645808, ""move_vy"": -2.931782638839263, ""kick_power"": 0.0, ""kick_dir"": null}]"
482,60,default,default,0,33.95956376206665,31.481921820181398,20,B,,0.0955607540654728,-0.024362712888682504,0.37498490473134355,"[{""move_vx"": 0.0, ""move_vy"": 0.0, ""kick_power"": 0.0, ""kick_dir"": null}, {""move_vx"": 4.1012193308819755, ""move_vy"": 4.1012193308819755, ""kick_power"": 0.0, ""kick_dir"": null}, {""move_vx"": 0.0, ""move_vy"": 0.0, ""kick_power"": 0.9, ""kick_dir"": [-0.9467138473764487, 0.3220752296729476]}, {""move_vx"": -4.574659887080557, ""move_vy"": 0.3749492199433219, ""kick_power"": 0.0, ""kick_dir"": null}, {""move_vx"": 4.1012193308819755, ""move_vy"": 4.1012193308819755, ""kick_power"": 0.0, ""kick_dir"": null}, {""move_vx"": 4.952893305062139, ""move_vy"": 2.3683217493977975, ""kick_power"": 0.0, ""kick_dir"": null}, {""move_vx"": 0.0, ""move_vy"": 0.0, ""kick_power"": 0.4, ""kick_dir"": [0.9985700750936229, 0.053458156106821336]}, {""move_vx"": 0.0, ""move_vy"": 0.0, ""kick_power"": 0.4, ""kick_dir"": [0.9955141867004179, -0.0946122131546251]}, {""move_vx"": 0.0, ""move_vy"": 0.0, ""kick_power"": 0.0, ""kick_dir"": null}, {""move_vx"": 0.0, ""move_vy"": 0.0, ""kick_power"": 0.7, ""kick_dir"": [0.9670414296088354, 0.2546190151229177]}, {""move_vx"": -4.242640687119285, ""move_vy"": -4.242640687119285, ""kick_power"": 0.0, ""kick_dir"": null}, {""move_vx"": -5.245570239737718, ""move_vy"": 0.2156220303632439, ""kick_power"": 0.0, ""kick_dir"": null}, {""move_vx"": -6.8229301398690625, ""move_vy"": 1.374490562523563, ""kick_power"": 0.0, ""kick_dir"": null}, {""move_vx"": -0.0, ""move_vy"": 0.0, ""kick_power"": 0.9, ""kick_dir"": [-0.9351167947875829, -0.3543395808389471]}, {""move_vx"": -5.4, ""move_vy"": 0.0, ""kick_power"": 0.0, ""kick_dir"": null}, {""move_vx"": -3.4860364312514904, ""move_vy"": 3.4860364312478667, ""kick_power"": 0.0, ""kick_dir"": null}, {""move_vx"": -5.933384022306727, ""move_vy"": -0.8916019536964048, ""kick_power"": 0.0, ""kick_dir"": null}, {""move_vx"": -6.068772692111414, ""move_vy"": -1.6911528646112362, ""kick_power"": 0.0, ""kick_dir"": null}, {""move_vx"": -0.0, ""move_vy"": 0.0, ""kick_power"": 0.6, ""kick_dir"": [-0.999957062561267, -0.009265159222591787]}, {""move_vx"": -5.71200887016608, ""move_vy"": -0.7419937109868529, ""kick_power"": 0.0, ""kick_dir"": null}, {""move_vx"": -5.563581102258478, ""move_vy"": -2.246456168856258, ""kick_power"": 0.0, ""kick_dir"": null}, {""move_vx"": -0.0, ""move_vy"": -6.4, ""kick_power"": 0.0, ""kick_dir"": null}]"
482,61,default,default,0,33.58865835524942,31.332158075590982,20,B,,0.09808133539377173,-0.03076692182130087,0.3752940301894517,"[{""move_vx"": 0.0, ""move_vy"": 0.0, ""kick_power"": 0.0, ""kick_dir"": null}, {""move_vx"": 4.1012193308819755, ""move_vy"": 4.1012193308819755, ""kick_power"": 0.0, ""kick_dir"": null}, {""move_vx"": 0.0, ""move_vy"": 0.0, ""kick_power"": 0.9, ""kick_dir"": [-0.9296775528758457, 0.36837366470628896]}, {""move_vx"": -4.574659887080556, ""move_vy"": 0.3749492199433328, ""kick_power"": 0.0, ""kick_dir"": null}, {""move_vx"": 0.0, ""move_vy"": 5.8, ""kick_power"": 0.0, ""kick_dir"": null}, {""move_vx"": 4.954983378967615, ""move_vy"": 2.3639457934044676, ""kick_power"": 0.0, ""kick_dir"": null}, {""move_vx"": 0.0, ""move_vy"": 0.0, ""kick_power"": 0.4, ""kick_dir"": [0.9985700750936229, 0.053458156106821336]}, {""move_vx"": 0.0, ""move_vy"": 0.0, ""kick_power"": 0.4, ""kick_dir"": [0.9955141867004179, -0.0946122131546251]}, {""move_vx"": 6.1, ""move_vy"": 0.0, ""kick_power"": 0.0, ""kick_dir"": null}, {""move_vx"": -4.242640687119285, ""move_vy"": -4.242640687119285, ""kick_power"": 0.0, ""kick_dir"": null}, {""move_vx"": -4.242640687119285, ""move_vy"": -4.242640687119285, ""kick_power"": 0.0, ""kick_dir"": null}, {""move_vx"": -5.245596095402669, ""move_vy"": 0.21499210193930016, ""kick_power"": 0.0, ""kick_dir"": null}, {""move_vx"": 4.787174407940951, ""move_vy"": -1.1780752047111485, ""kick_power"": 0.0, ""kick_dir"": null}, {""move_vx"": -0.0, ""move_vy"": 0.0, ""kick_power"": 0.9, ""kick_dir"": [-0.9369403697497737, -0.349489201398414]}, {""move_vx"": -5.4, ""move_vy"": 0.0, ""kick_power"": 0.0, ""kick_dir"": null}, {""move_vx"": -6.145555791224825, ""move_vy"": -3.2670696376023276, ""kick_power"": 0.0, ""kick_dir"": null}, {""move_vx"": -5.933384022306727, ""move_vy"": -0.8916019536964046, ""kick_power"": 0.0, ""kick_dir"": null}, {""move_vx"": -6.077656864407889, ""move_vy"": -1.65894154162094, ""kick_power"": 0.0, ""kick_dir"": null}, {""move_vx"": -0.0, ""move_vy"": 0.0, ""kick_power"": 0.6, ""kick_dir"": [-0.999957062561267, -0.009265159222591787]}, {""move_vx"": -5.710413011796787, ""move_vy"": -0.7541771905208736, ""kick_power"": 0.0, ""kick_dir"": null}, {""move_vx"": -5.563581102258478, ""move_vy"": -2.246456168856258, ""kick_power"": 0.0, ""kick_dir"": null}, {""move_vx"": -6.091014947652516, ""move_vy"": -2.838650543387406, ""kick_power"": 0.0, ""kick_dir"": null}]"
482,62,default,default,0,33.21775294843219,31.182394331000566,20,B,,0.10060104830219078,-0.0377938079662154,0.3794240775944057,"[{""move_vx"": 0.0, ""move_vy"": 0.0, ""kick_power"": 0.0, ""kick_dir"": null}, {""move_vx"": 4.1012193308819755, ""move_vy"": 4.1012193308819755, ""kick_power"": 0.0, ""kick_dir"": null}, {""move_vx"": 0.0, ""move_vy"": 0.0, ""kick_power"": 0.9, ""kick_dir"": [-0.90455879227249, 0.4263482551290326]}, {""move_vx"": -4.574659887080554, ""move_vy"": 0.37494921994334696, ""kick_power"": 0.0, ""kick_dir"": null}, {""move_vx"": 0.0, ""move_vy"": 5.8, ""kick_power"": 0.0, ""kick_dir"": null}, {""move_vx"": 4.313351365237939, ""move_vy"": -4.313351365237939, ""kick_power"": 0.0, ""kick_dir"": null}, {""move_vx"": 0.0, ""move_vy"": 0.0, ""kick_power"": 0.4, ""kick_dir"": [0.9985700750936229, 0.053458156106821336]}, {""move_vx"": 0.0, ""move_vy"": 0.0, ""kick_power"": 0.4, ""kick_dir"": [0.9955141867004179, -0.0946122131546251]}, {""move_vx"": 6.1, ""move_vy"": 0.0, ""kick_power"": 0.0, ""kick_dir"": null}, {""move_vx"": -4.242640687119285, ""move_vy"": -4.242640687119285, ""kick_power"": 0.0, ""kick_dir"": null}, {""move_vx"": 0.0, ""move_vy"": 0.0, ""kick_power"": 1.0, ""kick_dir"": [0.9996268164651418, 0.027316527408088678]}, {""move_vx"": -5.245621819260453, ""move_vy"": 0.21436354470538244, ""kick_power"": 0.0, ""kick_dir"": null}, {""move_vx"": -6.82261813892668, ""move_vy"": 1.3760384189362738, ""kick_power"": 0.0, ""kick_dir"": null}, {""move_vx"": -0.0, ""move_vy"": 0.0, ""kick_power"": 0.9, ""kick_dir"": [-0.9369370075047484, -0.34949821505674]}, {""move_vx"": -5.4, ""move_vy"": 0.0, ""kick_power"": 0.0, ""kick_dir"": null}, {""move_vx"": -5.8, ""move_vy"": 0.0, ""kick_power"": 0.0, ""kick_dir"": null}, {""move_vx"": 6.0, ""move_vy"": 0.0, ""kick_power"": 0.0, ""kick_dir"": null}, {""move_vx"": -6.086086530105095, ""move_vy"": -1.6277440671288967, ""kick_power"": 0.0, ""kick_dir"": null}, {""move_vx"": -4.242640687119285, ""move_vy"": -4.242640687119285, ""kick_power"": 0.0, ""kick_dir"": null}, {""move_vx"": -5.708791398443477, ""move_vy"": -0.7663555108810616, ""kick_power"": 0.0, ""kick_dir"": null}, {""move_vx"": -5.563581102258478, ""move_vy"": -2.246456168856258, ""kick_power"": 0.0, ""kick_dir"": null}, {""move_vx"": -5.291388219839008, ""move_vy"": -2.994596918944012, ""kick_power"": 0.0, ""kick_dir"": null}]"
482,63,default,default,0,32.84684754161496,31.03263058641015,20,B,,0.10311763641439681,-0.02050913835278927,0.38576017363686166,"[{""move_vx"": 0.0, ""move_vy"": 0.0, ""kick_power"": 0.0, ""kick_dir"": null}, {""move_vx"": 4.1012193308819755, ""move_vy"": 4.1012193308819755, ""kick_power"": 0.0, ""kick_dir"": null}, {""move_vx"": 6.7416590309847, ""move_vy"": -1.9571493325606126, ""kick_power"": 0.0, ""kick_dir"": null}, {""move_vx"": -4.574659887080555, ""move_vy"": 0.3749492199433294, ""kick_power"": 0.0, ""kick_dir"": null}, {""move_vx"": 5.8, ""move_vy"": 0.0, ""kick_power"": 0.0, ""kick_dir"": null}, {""move_vx"": 0.0, ""move_vy"": 0.0, ""kick_power"": 0.0, ""kick_dir"": null}, {""move_vx"": 0.0, ""move_vy"": 0.0, ""kick_power"": 0.4, ""kick_dir"": [0.9985700750936229, 0.053458156106821336]}, {""move_vx"": 0.0, ""move_vy"": 0.0, ""kick_power"": 0.4, ""kick_dir"": [0.9955141867004179, -0.0946122131546251]}, {""move_vx"": 6.1, ""move_vy"": 0.0, ""kick_power"": 0.0, ""kick_dir"": null}, {""move_vx"": -4.242640687119285, ""move_vy"": -4.242640687119285, ""kick_power"": 0.0, ""kick_dir"": null}, {""move_vx"": -4.242640687119285, ""move_vy"": -4.242640687119285, ""kick_power"": 0.0, ""kick_dir"": null}, {""move_vx"": -5.245647411883473, ""move_vy"": 0.21373635675808847, ""kick_power"": 0.0, ""kick_dir"": null}, {""move_vx"": -4.1012193308819755, ""move_vy"": 4.1012193308819755, ""kick_power"": 0.0, ""kick_dir"": null}, {""move_vx"": -0.0, ""move_vy"": 0.0, ""kick_power"": 0.9, ""kick_dir"": [-0.936935623257472, -0.3495019259324138]}, {""move_vx"": -5.4, ""move_vy"": 0.0, ""kick_power"": 0.0, ""kick_dir"": null}, {""move_vx"": -6.139672153276336, ""move_vy"": -3.2781131539779285, ""kick_power"": 0.0, ""kick_dir"": null}, {""move_vx"": -5.934859422787997, ""move_vy"": -0.8817276403428271, ""kick_power"": 0.0, ""kick_dir"": null}, {""move_vx"": -6.07836737730615, ""move_vy"": -1.6563363265050837, ""kick_power"": 0.0, ""kick_dir"": null}, {""move_vx"": -0.0, ""move_vy"": 0.0, ""kick_power"": 0.6, ""kick_dir"": [-0.9999566977061276, -0.009304446658665618]}, {""move_vx"": -5.707144065601208, ""move_vy"": -0.7785284930385837, ""kick_power"": 0.0, ""kick_dir"": null}, {""move_vx"": -5.563581102258478, ""move_vy"": -2.246456168856258, ""kick_power"": 0.0, ""kick_dir"": null}, {""move_vx"": -6.098347372972705, ""move_vy"": -2.8228636733921317, ""kick_power"": 0.0, ""kick_dir"": null}]"
482,64,default,default,0,32.475942134797734,30.882866841819734,20,B,,0.1056391328541425,-0.03257650985365638,0.38044349085186796,"[{""move_vx"": 0.0, ""move_vy"": 0.0, ""kick_power"": 0.0, ""kick_dir"": null}, {""move_vx"": 4.1012193308819755, ""move_vy"": 4.1012193308819755, ""kick_power"": 0.0, ""kick_dir"": null}, {""move_vx"": 0.0, ""move_vy"": 0.0, ""kick_power"": 0.9, ""kick_dir"": [-0.8624471781767047, 0.506146488238979]}, {""move_vx"": -4.574659887080555, ""move_vy"": 0.37494921994334895, ""kick_power"": 0.0, ""kick_dir"": null}, {""move_vx"": 0.0, ""move_vy"": 5.8, ""kick_power"": 0.0, ""kick_dir"": null}, {""move_vx"": 0.0, ""move_vy"": 0.0, ""kick_power"": 0.0, ""kick_dir"": null}, {""move_vx"": 0.0, ""move_vy"": 0.0, ""kick_power"": 0.4, ""kick_dir"": [0.9985700750936229, 0.053458156106821336]}, {""move_vx"": 0.0, ""move_vy"": 0.0, ""kick_power"": 0.4, ""kick_dir"": [0.9955141867004179, -0.0946122131546251]}, {""move_vx"": 6.1, ""move_vy"": 0.0, ""kick_power"": 0.0, ""kick_dir"": null}, {""move_vx"": -4.242640687119285, ""move_vy"": -4.242640687119285, ""kick_power"": 0.0, ""kick_dir"": null}, {""move_vx"": -4.242640687119285, ""move_vy"": -4.242640687119285, ""kick_power"": 0.0, ""kick_dir"": null}, {""move_vx"": -5.2456728738421, ""move_vy"": 0.2131105361946363, ""kick_power"": 0.0, ""kick_dir"": null}, {""move_vx"": -4.1012193308819755, ""move_vy"": 4.1012193308819755, ""kick_power"": 0.0, ""kick_dir"": null}, {""move_vx"": -0.0, ""move_vy"": 0.0, ""kick_power"": 0.9, ""kick_dir"": [-0.9369346583556374, -0.34950451260464327]}, {""move_vx"": -5.4, ""move_vy"": 0.0, ""kick_power"": 0.0, ""kick_dir"": null}, {""move_vx"": -6.1422402128592095, ""move_vy"": -3.273298820385217, ""kick_power"": 0.0, ""kick_dir"": null}, {""move_vx"": -5.934859422787996, ""move_vy"": -0.8817276403428274, ""kick_power"": 0.0, ""kick_dir"": null}, {""move_vx"": -6.081833669230939, ""move_vy"": -1.6435629649663424, ""kick_power"": 0.0, ""kick_dir"": null}, {""move_vx"": 4.242640687119285, ""move_vy"": -4.242640687119285, ""kick_power"": 0.0, ""kick_dir"": null}, {""move_vx"": -5.705471050088356, ""move_vy"": -0.7906959571185864, ""kick_power"": 0.0, ""kick_dir"": null}, {""move_vx"": -5.563581102258478, ""move_vy"": -2.246456168856258, ""kick_power"": 0.0, ""kick_dir"": null}, {""move_vx"": -0.0, ""move_vy"": 0.0, ""kick_power"": 0.65, ""kick_dir"": [0.9276480692192504, -0.37345535936127844]}]"
482,65,default,default,0,32.105036727980504,30.733103097229318,20,B,,0.10815975008906892,-0.020588636020704744,0.38332636388465985,"[{""move_vx"": 0.0, ""move_vy"": 0.0, ""kick_power"": 0.0, ""kick_dir"": null}, {""move_vx"": 4.1012193308819755, ""move_vy"": 4.1012193308819755, ""kick_power"": 0.0, ""kick_dir"": null}, {""move_vx"": 6.469929040445448, ""move_vy"": -2.7240444584478887, ""kick_power"": 0.0, ""kick_dir"": null}, {""move_vx"": -4.574659887080557, ""move_vy"": 0.3749492199433227, ""kick_power"": 0.0, ""kick_dir"": null}, {""move_vx"": 0.0, ""move_vy"": 5.8, ""kick_power"": 0.0, ""kick_dir"": null}, {""move_vx"": -4.313351365237939, ""move_vy"": 4.313351365237939, ""kick_power"": 0.0, ""kick_dir"": null}, {""move_vx"": 0.0, ""move_vy"": 0.0, ""kick_power"": 0.4, ""kick_dir"": [0.9985700750936229, 0.053458156106821336]}, {""move_vx"": 0.0, ""move_vy"": 0.0, ""kick_power"": 0.4, ""kick_dir"": [0.9955141867004179, -0.0946122131546251]}, {""move_vx"": 6.1, ""move_vy"": 0.0, ""kick_power"": 0.0, ""kick_dir"": null}, {""move_vx"": 0.0, ""move_vy"": 0.0, ""kick_power"": 1.0, ""kick_dir"": [0.9639005314034049, 0.2662625314167323]}, {""move_vx"": -4.242640687119285, ""move_vy"": -4.242640687119285, ""kick_power"": 0.0, ""kick_dir"": null}, {""move_vx"": 3.5355339059327373, ""move_vy"": -3.5355339059327373, ""kick_power"": 0.0, ""kick_dir"": null}, {""move_vx"": -4.1012193308819755, ""move_vy"": 4.1012193308819755, ""kick_power"": 0.0, ""kick_dir"": null}, {""move_vx"": -5.92283888489451, ""move_vy"": 0.4511978984675865, ""kick_power"": 0.0, ""kick_dir"": null}, {""move_vx"": -5.4, ""move_vy"": 0.0, ""kick_power"": 0.0, ""kick_dir"": null}, {""move_vx"": -6.144788838346079, ""move_vy"": -3.2685119140271537, ""kick_power"": 0.0, ""kick_dir"": null}, {""move_vx"": -5.934859422787996, ""move_vy"": -0.8817276403428274, ""kick_power"": 0.0, ""kick_dir"": null}, {""move_vx"": -6.087214694556126, ""move_vy"": -1.623520022167878, ""kick_power"": 0.0, ""kick_dir"": null}, {""move_vx"": 4.242640687119285, ""move_vy"": -4.242640687119285, ""kick_power"": 0.0, ""kick_dir"": null}, {""move_vx"": -5.703772390059318, ""move_vy"": -0.8028577223873626, ""kick_power"": 0.0, ""kick_dir"": null}, {""move_vx"": -5.563581102258478, ""move_vy"": -2.246456168856258, ""kick_power"": 0.0, ""kick_dir"": null}, {""move_vx"": -0.0, ""move_vy"": 0.0, ""kick_power"": 0.65, ""kick_dir"": [0.9306002471148564, -0.3660369228581569]}]"
482,66,default,default,0,31.771221861844996,30.59831572709794,20,B,,0.11034246682537034,-0.01684475043024467,0.37575298380734745,"[{""move_vx"": 0.0, ""move_vy"": 0.0, ""kick_power"": 0.0, ""kick_dir"": null}, {""move_vx"": 4.1012193308819755, ""move_vy"": 4.1012193308819755, ""kick_power"": 0.0, ""kick_dir"": null}, {""move_vx"": 6.148319067616879, ""move_vy"": -3.388004227089855, ""kick_power"": 0.0, ""kick_dir"": null}, {""move_vx"": -4.574659887080554, ""move_vy"": 0.37494921994335356, ""kick_power"": 0.0, ""kick_dir"": null}, {""move_vx"": 0.018546217056564195, ""move_vy"": -7.539977190803224, ""kick_power"": 0.0, ""kick_dir"": null}, {""move_vx"": 0.0, ""move_vy"": 0.0, ""kick_power"": 0.0, ""kick_dir"": null}, {""move_vx"": 0.0, ""move_vy"": 0.0, ""kick_power"": 0.4, ""kick_dir"": [0.9985700750936229, 0.053458156106821336]}, {""move_vx"": 0.0, ""move_vy"": 0.0, ""kick_power"": 0.4, ""kick_dir"": [0.9955141867004179, -0.0946122131546251]}, {""move_vx"": 6.1, ""move_vy"": 0.0, ""kick_power"": 0.0, ""kick_dir"": null}, {""move_vx"": -4.242640687119285, ""move_vy"": -4.242640687119285, ""kick_power"": 0.0, ""kick_dir"": null}, {""move_vx"": -4.242640687119285, ""move_vy"": -4.242640687119285, ""kick_power"": 0.0, ""kick_dir"": null}, {""move_vx"": -5.245181548648973, ""move_vy"": 0.22487890455166157, ""kick_power"": 0.0, ""kick_dir"": null}, {""move_vx"": -4.1012193308819755, ""move_vy"": 4.1012193308819755, ""kick_power"": 0.0, ""kick_dir"": null}, {""move_vx"": -0.0, ""move_vy"": 0.0, ""kick_power"": 0.9, ""kick_dir"": [-0.9357094679264558, -0.3527715261719474]}, {""move_vx"": -5.4, ""move_vy"": 0.0, ""kick_power"": 0.0, ""kick_dir"": null}, {""move_vx"": -6.14731817047919, ""move_vy"": -3.263752336023123, ""kick_power"": 0.0, ""kick_dir"": null}, {""move_vx"": 6.0, ""move_vy"": 0.0, ""kick_power"": 0.0, ""kick_dir"": null}, {""move_vx"": -6.0915178226412605, ""move_vy"": -1.6072991683080922, ""kick_power"": 0.0, ""kick_dir"": null}, {""move_vx"": 4.242640687119285, ""move_vy"": -4.242640687119285, ""kick_power"": 0.0, ""kick_dir"": null}, {""move_vx"": -5.702048125017491, ""move_vy"": -0.8150136072388734, ""kick_power"": 0.0, ""kick_dir"": null}, {""move_vx"": -5.007222992032631, ""move_vy"": -2.0218105519706318, ""kick_power"": 0.0, ""kick_dir"": null}, {""move_vx"": -0.0, ""move_vy"": 0.0, ""kick_power"": 0.65, ""kick_dir"": [0.9333813550696843, -0.3588859119377187]}]"
482,67,default,default,0,32.149003253528775,30.008749555206244,20,B,,0.10610974412388181,-0.016242481463953476,0.39259345037527593,"[{""move_vx"": 0.0, ""move_vy"": 0.0, ""kick_power"": 0.0, ""kick_dir"": null}, {""move_vx"": 4.1012193308819755, ""move_vy"": 4.1012193308819755, ""kick_power"": 0.0, ""kick_dir"": null}, {""move_vx"": 5.618425081590825, ""move_vy"": -4.20876461714731, ""kick_power"": 0.0, ""kick_dir"": null}, {""move_vx"": -4.574659887080559, ""move_vy"": 0.37494921994330066, ""kick_power"": 0.0, ""kick_dir"": null}, {""move_vx"": -0.07275083695235766, ""move_vy"": -7.5396490180725735, ""kick_power"": 0.0, ""kick_dir"": null}, {""move_vx"": -4.313351365237939, ""move_vy"": 4.313351365237939, ""kick_power"": 0.0, ""kick_dir"": null}, {""move_vx"": 0.0, ""move_vy"": 0.0, ""kick_power"": 0.4, ""kick_dir"": [0.9985700750936229, 0.053458156106821336]}, {""move_vx"": 0.0, ""move_vy"": 0.0, ""kick_power"": 0.4, ""kick_dir"": [0.9955141867004179, -0.0946122131546251]}, {""move_vx"": 6.1, ""move_vy"": 0.0, ""kick_power"": 0.0, ""kick_dir"": null}, {""move_vx"": -4.242640687119285, ""move_vy"": -4.242640687119285, ""kick_power"": 0.0, ""kick_dir"": null}, {""move_vx"": 5.774060889570058, ""move_vy"": -1.631018345555141, ""kick_power"": 0.0, ""kick_dir"": null}, {""move_vx"": -5.245209701363738, ""move_vy"": 0.22422129408183197, ""kick_power"": 0.0, ""kick_dir"": null}, {""move_vx"": -4.1012193308819755, ""move_vy"": 4.1012193308819755, ""kick_power"": 0.0, ""kick_dir"": null}, {""move_vx"": -0.0, ""move_vy"": 0.0, ""kick_power"": 0.9, ""kick_dir"": [-0.9367493686008224, -0.3500008266687592]}, {""move_vx"": -5.4, ""move_vy"": 0.0, ""kick_power"": 0.0, ""kick_dir"": null}, {""move_vx"": -6.149579156184995, ""move_vy"": -3.259490175137064, ""kick_power"": 0.0, ""kick_dir"": null}, {""move_vx"": -5.936335369535724, ""move_vy"": -0.871735269677187, ""kick_power"": 0.0, ""kick_dir"": null}, {""move_vx"": -6.0954089316785005, ""move_vy"": -1.592479185300069, ""kick_power"": 0.0, ""kick_dir"": null}, {""move_vx"": 4.242640687119285, ""move_vy"": -4.242640687119285, ""kick_power"": 0.0, ""kick_dir"": null}, {""move_vx"": -5.700473073257044, ""move_vy"": -0.825958074645076, ""kick_power"": 0.0, ""kick_dir"": null}, {""move_vx"": -5.0072229920326485, ""move_vy"": -2.021810551970587, ""kick_power"": 0.0, ""kick_dir"": null}, {""move_vx"": -0.0, ""move_vy"": 0.0, ""kick_power"": 0.65, ""kick_dir"": [0.9360039047871335, -0.35198941013985335]}]"
482,68,default,default,0,31.536143489632238,30.071463180874904,20,B,,0.11083544378261584,-0.02419719693987372,0.3730375428012004,"[{""move_vx"": 0.0, ""move_vy"": 0.0, ""kick_power"": 0.0, ""kick_dir"": null}, {""move_vx"": 0.0, ""move_vy"": 5.8, ""kick_power"": 0.0, ""kick_dir"": null}, {""move_vx"": 0.0, ""move_vy"": -5.4, ""kick_power"": 0.0, ""kick_dir"": null}, {""move_vx"": 5.915294087457221, ""move_vy"": -0.5411985392567616, ""kick_power"": 0.0, ""kick_dir"": null}, {""move_vx"": 0.03169396999305429, ""move_vy"": -7.539933387787062, ""kick_power"": 0.0, ""kick_dir"": null}, {""move_vx"": 5.021418445311962, ""move_vy"": 2.219337017462827, ""kick_power"": 0.0, ""kick_dir"": null}, {""move_vx"": 0.0, ""move_vy"": 0.0, ""kick_power"": 0.4, ""kick_dir"": [0.9985700750936229, 0.053458156106821336]}, {""move_vx"": 0.0, ""move_vy"": 0.0, ""kick_power"": 0.0, ""kick_dir"": null}, {""move_vx"": 6.1, ""move_vy"": 0.0, ""kick_power"": 0.0, ""kick_dir"": null}, {""move_vx"": -4.242640687119285, ""move_vy"": 4.242640687119285, ""kick_power"": 0.0, ""kick_dir"": null}, {""move_vx"": 5.774060889570057, ""move_vy"": -1.6310183455551415, ""kick_power"": 0.0, ""kick_dir"": null}, {""move_vx"": -5.245237710449226, ""move_vy"": 0.2235651155286974, ""kick_power"": 0.0, ""kick_dir"": null}, {""move_vx"": -4.1012193308819755, ""move_vy"": 4.1012193308819755, ""kick_power"": 0.0, ""kick_dir"": null}, {""move_vx"": 4.5824098329352365, ""move_vy"": 0.26385625446151056, ""kick_power"": 0.0, ""kick_dir"": null}, {""move_vx"": -5.4, ""move_vy"": 0.0, ""kick_power"": 0.0, ""kick_dir"": null}, {""move_vx"": -6.1065889773686255, ""move_vy"": -3.3393369194317613, ""kick_power"": 0.0, ""kick_dir"": null}, {""move_vx"": -5.936335369535724, ""move_vy"": -0.871735269677187, ""kick_power"": 0.0, ""kick_dir"": null}, {""move_vx"": 4.242640687119285, ""move_vy"": -4.242640687119285, ""kick_power"": 0.0, ""kick_dir"": null}, {""move_vx"": 4.242640687119285, ""move_vy"": -4.242640687119285, ""kick_power"": 0.0, ""kick_dir"": null}, {""move_vx"": -5.687859702775984, ""move_vy"": -0.9087639966113908, ""kick_power"": 0.0, ""kick_dir"": null}, {""move_vx"": -6.0, ""move_vy"": 0.0, ""kick_power"": 0.0, ""kick_dir"": null}, {""move_vx"": -0.0, ""move_vy"": 0.0, ""kick_power"": 0.65, ""kick_dir"": [0.938479327177069, -0.34533521372261045]}]"
482,69,default,default,0,31.959749391639217,29.709968528527124,20,B,,0.10390410677708518,-0.016776269845679804,0.3927770081930916,"[{""move_vx"": -3.4750914078165422, ""move_vy"": -2.8589752897357545, ""kick_power"": 0.0, ""kick_dir"": null}, {""move_vx"": 4.1012193308819755, ""move_vy"": 4.1012193308819755, ""kick_power"": 0.0, ""kick_dir"": null}, {""move_vx"": 5.1144472242879, ""move_vy"": -4.80862034163374, ""kick_power"": 0.0, ""kick_dir"": null}, {""move_vx"": 0.0, ""move_vy"": 5.4, ""kick_power"": 0.0, ""kick_dir"": null}, {""move_vx"": -0.13861835589878646, ""move_vy"": -7.53872568484939, ""kick_power"": 0.0, ""kick_dir"": null}, {""move_vx"": 4.313351365237939, ""move_vy"": 4.313351365237939, ""kick_power"": 0.0, ""kick_dir"": null}, {""move_vx"": 0.0, ""move_vy"": 0.0, ""kick_power"": 0.4, ""kick_dir"": [0.9985700750936229, 0.053458156106821336]}, {""move_vx"": 0.0, ""move_vy"": 0.0, ""kick_power"": 0.4, ""kick_dir"": [0.9955141867004179, -0.0946122131546251]}, {""move_vx"": 6.1, ""move_vy"": 0.0, ""kick_power"": 0.0, ""kick_dir"": null}, {""move_vx"": -4.242640687119285, ""move_vy"": -4.242640687119285, ""kick_power"": 0.0, ""kick_dir"": null}, {""move_vx"": 7.192638615454756, ""move_vy"": 0.32549922806219084, ""kick_power"": 0.0, ""kick_dir"": null}, {""move_vx"": -0.0, ""move_vy"": -5.0, ""kick_power"": 0.0, ""kick_dir"": null}, {""move_vx"": -4.1012193308819755, ""move_vy"": 4.1012193308819755, ""kick_power"": 0.0, ""kick_dir"": null}, {""move_vx"": 4.5824098329352365, ""move_vy"": 0.2638562544615125, ""kick_power"": 0.0, ""kick_dir"": null}, {""move_vx"": -5.102024212909125, ""move_vy"": -1.7689965887160524, ""kick_power"": 0.0, ""kick_dir"": null}, {""move_vx"": -6.128204836929366, ""move_vy"": -3.299500792034385, ""kick_power"": 0.0, ""kick_dir"": null}, {""move_vx"": -5.9363353695357235, ""move_vy"": -0.8717352696771871, ""kick_power"": 0.0, ""kick_dir"": null}, {""move_vx"": -0.0, ""move_vy"": 0.0, ""kick_power"": 0.65, ""kick_dir"": [-0.029290490557243913, 0.9995707130387436]}, {""move_vx"": 4.242640687119285, ""move_vy"": -4.242640687119285, ""kick_power"": 0.0, ""kick_dir"": null}, {""move_vx"": -5.69112246286312, ""move_vy"": -0.8881019720138136, ""kick_power"": 0.0, ""kick_dir"": null}, {""move_vx"": -6.0, ""move_vy"": 0.0, ""kick_power"": 0.0, ""kick_dir"": null}, {""move_vx"": -0.0, ""move_vy"": 0.0, ""kick_power"": 0.65, ""kick_dir"": [0.9408180777756029, -0.338911794659134]}]"
482,70,default,default,0,30.97527466906704,30.23087970116369,20,B,,0.11220487424721809,1.0136551841665056,-0.21870790869488765,"[{""move_vx"": 0.0, ""move_vy"": 0.0, ""kick_power"": 0.0, ""kick_dir"": null}, {""move_vx"": 0.0, ""move_vy"": 5.8, ""kick_power"": 0.0, ""kick_dir"": null}, {""move_vx"": 0.0, ""move_vy"": 0.0, ""kick_power"": 0.9, ""kick_dir"": [-0.6090078841858749, 0.7931637986854326]}, {""move_vx"": 3.8183766184073566, ""move_vy"": 3.8183766184073566, ""kick_power"": 0.0, ""kick_dir"": null}, {""move_vx"": -0.01838162905812077, ""move_vy"": -7.539977593846893, ""kick_power"": 0.0, ""kick_dir"": null}, {""move_vx"": 4.313351365237939, ""move_vy"": 4.313351365237939, ""kick_power"": 0.0, ""kick_dir"": null}, {""move_vx"": 0.0, ""move_vy"": 6.0, ""kick_power"": 0.0, ""kick_dir"": null}, {""move_vx"": 0.0, ""move_vy"": 0.0, ""kick_power"": 0.4, ""kick_dir"": [0.9955141867004179, -0.0946122131546251]}, {""move_vx"": 6.1, ""move_vy"": 0.0, ""kick_power"": 0.0, ""kick_dir"": null}, {""move_vx"": -4.242640687119285, ""move_vy"": 4.242640687119285, ""kick_power"": 0.0, ""kick_dir"": null}, {""move_vx"": 4.242640687119285, ""move_vy"": -4.242640687119285, ""kick_power"": 0.0, ""kick_dir"": null}, {""move_vx"": -3.5355339059327373, ""move_vy"": 3.5355339059327373, ""kick_power"": 0.0, ""kick_dir"": null}, {""move_vx"": -4.1012193308819755, ""move_vy"": 4.1012193308819755, ""kick_power"": 0.0, ""kick_dir"": null}, {""move_vx"": 4.5824098329352365, ""move_vy"": 0.26385625446150957, ""kick_power"": 0.0, ""kick_dir"": null}, {""move_vx"": -5.4, ""move_vy"": 0.0, ""kick_power"": 0.0, ""kick_dir"": null}, {""move_vx"": -6.095557670388258, ""move_vy"": -3.3594310064311297, ""kick_power"": 0.0, ""kick_dir"": null}, {""move_vx"": -5.936335369535724, ""move_vy"": -0.8717352696771874, ""kick_power"": 0.0, ""kick_dir"": null}, {""move_vx"": -5.996237206632606, ""move_vy"": -1.9326508639158857, ""kick_power"": 0.0, ""kick_dir"": null}, {""move_vx"": 4.242640687119285, ""move_vy"": -4.242640687119285, ""kick_power"": 0.0, ""kick_dir"": null}, {""move_vx"": -8.319497589956667, ""move_vy"": 0.09143221918579089, ""kick_power"": 0.0, ""kick_dir"": null}, {""move_vx"": -6.0, ""move_vy"": 0.0, ""kick_power"": 0.0, ""kick_dir"": null}, {""move_vx"": -0.0, ""move_vy"": 0.0, ""kick_power"": 0.65, ""kick_dir"": [0.9991963223146029, -0.040082112919570784]}]"
482,71,default,default,0,31.527818032982815,29.451020479069253,20,B,,0.10662816895598774,-0.022345517726503162,0.38494236731442777,"[{""move_vx"": 0.0, ""move_vy"": 0.0, ""kick_power"": 0.0, ""kick_dir"": null}, {""move_vx"": 4.1012193308819755, ""move_vy"": 4.1012193308819755, ""kick_power"": 0.0, ""kick_dir"": null}, {""move_vx"": 5.200667737901593, ""move_vy"": -4.715236481869125, ""kick_power"": 0.0, ""kick_dir"": null}, {""move_vx"": 3.8183766184073566, ""move_vy"": 3.8183766184073566, ""kick_power"": 0.0, ""kick_dir"": null}, {""move_vx"": -0.30452574385975084, ""move_vy"": -7.533847892765467, ""kick_power"": 0.0, ""kick_dir"": null}, {""move_vx"": 0.0, ""move_vy"": 0.0, ""kick_power"": 0.0, ""kick_dir"": null}, {""move_vx"": 0.0, ""move_vy"": 0.0, ""kick_power"": 0.4, ""kick_dir"": [-0.9975058426885446, -0.0705818777219692]}, {""move_vx"": 0.0, ""move_vy"": 0.0, ""kick_power"": 0.4, ""kick_dir"": [0.9955141867004179, -0.0946122131546251]}, {""move_vx"": 6.1, ""move_vy"": 0.0, ""kick_power"": 0.0, ""kick_dir"": null}, {""move_vx"": 6.9366050890352655, ""move_vy"": 1.9296398209951104, ""kick_power"": 0.0, ""kick_dir"": null}, {""move_vx"": 7.190840608248113, ""move_vy"": 0.36305832419860845, ""kick_power"": 0.0, ""kick_dir"": null}, {""move_vx"": -0.0, ""move_vy"": -5.0, ""kick_power"": 0.0, ""kick_dir"": null}, {""move_vx"": 4.1012193308819755, ""move_vy"": -4.1012193308819755, ""kick_power"": 0.0, ""kick_dir"": null}, {""move_vx"": 4.582409832935237, ""move_vy"": 0.2638562544615117, ""kick_power"": 0.0, ""kick_dir"": null}, {""move_vx"": -5.4, ""move_vy"": 0.0, ""kick_power"": 0.0, ""kick_dir"": null}, {""move_vx"": -6.153549280734569, ""move_vy"": -3.251988814490461, ""kick_power"": 0.0, ""kick_dir"": null}, {""move_vx"": -5.936335369535724, ""move_vy"": -0.8717352696771877, ""kick_power"": 0.0, ""kick_dir"": null}, {""move_vx"": -6.126997320183922, ""move_vy"": -1.466255038681556, ""kick_power"": 0.0, ""kick_dir"": null}, {""move_vx"": 4.242640687119285, ""move_vy"": -4.242640687119285, ""kick_power"": 0.0, ""kick_dir"": null}, {""move_vx"": -0.0, ""move_vy"": 0.0, ""kick_power"": 0.0, ""kick_dir"": null}, {""move_vx"": -5.379837622198156, ""move_vy"": -0.4662050608705371, ""kick_power"": 0.0, ""kick_dir"": null}, {""move_vx"": -0.0, ""move_vy"": 0.0, ""kick_power"": 0.65, ""kick_dir"": [0.9991562170984858, -0.041069658417584747]}]"
482,72,default,default,0,31.34022079922145,29.22398830236277,20,B,,0.10760585446597104,-0.028401725538649256,0.38198680996760587,"[{""move_vx"": 0.0, ""move_vy"": 0.0, ""kick_power"": 0.0, ""kick_dir"": null}, {""move_vx"": 0.0, ""move_vy"": 5.8, ""kick_power"": 0.0, ""kick_dir"": null}, {""move_vx"": 4.909101606821611, ""move_vy"": -5.0180794547218435, ""kick_power"": 0.0, ""kick_dir"": null}, {""move_vx"": 3.8183766184073566, ""move_vy"": 3.8183766184073566, ""kick_power"": 0.0, ""kick_dir"": null}, {""move_vx"": -0.13685650983661096, ""move_vy"": -7.538757874856795, ""kick_power"": 0.0, ""kick_dir"": null}, {""move_vx"": 4.313351365237939, ""move_vy"": 4.313351365237939, ""kick_power"": 0.0, ""kick_dir"": null}, {""move_vx"": 0.0, ""move_vy"": 0.0, ""kick_power"": 0.4, ""kick_dir"": [0.9988789056831201, 0.04733815689938859]}, {""move_vx"": 0.0, ""move_vy"": 0.0, ""kick_power"": 0.4, ""kick_dir"": [0.9955141867004179, -0.0946122131546251]}, {""move_vx"": 6.1, ""move_vy"": 0.0, ""kick_power"": 0.0, ""kick_dir"": null}, {""move_vx"": 0.0, ""move_vy"": 0.0, ""kick_power"": 0.7, ""kick_dir"": [0.9634173590928498, 0.26800552669231786]}, {""move_vx"": 5.770467471953225, ""move_vy"": -1.6436864528035011, ""kick_power"": 0.0, ""kick_dir"": null}, {""move_vx"": -5.244200965005218, ""move_vy"": 0.246690572658022, ""kick_power"": 0.0, ""kick_dir"": null}, {""move_vx"": -4.1012193308819755, ""move_vy"": 4.1012193308819755, ""kick_power"": 0.0, ""kick_dir"": null}, {""move_vx"": 4.5824098329352365, ""move_vy"": 0.2638562544615139, ""kick_power"": 0.0, ""kick_dir"": null}, {""move_vx"": -5.4, ""move_vy"": 0.0, ""kick_power"": 0.0, ""kick_dir"": null}, {""move_vx"": -6.093865428286727, ""move_vy"": -3.3624996865325993, ""kick_power"": 0.0, ""kick_dir"": null}, {""move_vx"": -5.936335369535724, ""move_vy"": -0.8717352696771878, ""kick_power"": 0.0, ""kick_dir"": null}, {""move_vx"": -5.966260479285684, ""move_vy"": -2.023298270970882, ""kick_power"": 0.0, ""kick_dir"": null}, {""move_vx"": 4.242640687119285, ""move_vy"": -4.242640687119285, ""kick_power"": 0.0, ""kick_dir"": null}, {""move_vx"": -4.525483399593904, ""move_vy"": 4.525483399593904, ""kick_power"": 0.0, ""kick_dir"": null}, {""move_vx"": -6.0, ""move_vy"": 0.0, ""kick_power"": 0.0, ""kick_dir"": null}, {""move_vx"": -0.0, ""move_vy"": 0.0, ""kick_power"": 0.0, ""kick_dir"": null}]"
482,73,default,default,0,31.155782788366146,28.98253800918672,20,B,,0.10853999127467498,-0.031177941159471267,0.3823669212789053,"[{""move_vx"": 0.0, ""move_vy"": 0.0, ""kick_power"": 0.0, ""kick_dir"": null}, {""move_vx"": 4.1012193308819755, ""move_vy"": 4.1012193308819755, ""kick_power"": 0.0, ""kick_dir"": null}, {""move_vx"": 4.384376240023263, ""move_vy"": -5.482485292813786, ""kick_power"": 0.0, ""kick_dir"": null}, {""move_vx"": 0.0, ""move_vy"": 5.4, ""kick_power"": 0.0, ""kick_dir"": null}, {""move_vx"": -0.1901203985876658, ""move_vy"": -7.537602684809068, ""kick_power"": 0.0, ""kick_dir"": null}, {""move_vx"": 0.0, ""move_vy"": 0.0, ""kick_power"": 1.0, ""kick_dir"": [0.974602766097688, 0.223940647151061]}, {""move_vx"": 0.0, ""move_vy"": 0.0, ""kick_power"": 0.4, ""kick_dir"": [0.9988789056831201, 0.04733815689938859]}, {""move_vx"": 0.0, ""move_vy"": 0.0, ""kick_power"": 0.4, ""kick_dir"": [0.9955141867004179, -0.0946122131546251]}, {""move_vx"": 6.1, ""move_vy"": 0.0, ""kick_power"": 0.0, ""kick_dir"": null}, {""move_vx"": -4.242640687119285, ""move_vy"": -4.242640687119285, ""kick_power"": 0.0, ""kick_dir"": null}, {""move_vx"": 5.770467471953225, ""move_vy"": -1.643686452803502, ""kick_power"": 0.0, ""kick_dir"": null}, {""move_vx"": -5.244234922437738, ""move_vy"": 0.2459676366606896, ""kick_power"": 0.0, ""kick_dir"": null}, {""move_vx"": -4.1012193308819755, ""move_vy"": 4.1012193308819755, ""kick_power"": 0.0, ""kick_dir"": null}, {""move_vx"": 4.5824098329352365, ""move_vy"": 0.2638562544615105, ""kick_power"": 0.0, ""kick_dir"": null}, {""move_vx"": -5.4, ""move_vy"": 0.0, ""kick_power"": 0.0, ""kick_dir"": null}, {""move_vx"": -6.086902933164894, ""move_vy"": -3.3750870629109126, ""kick_power"": 0.0, ""kick_dir"": null}, {""move_vx"": -5.9363353695357235, ""move_vy"": -0.8717352696771878, ""kick_power"": 0.0, ""kick_dir"": null}, {""move_vx"": -5.932439599728436, ""move_vy"": -2.1204151469874746, ""kick_power"": 0.0, ""kick_dir"": null}, {""move_vx"": 4.242640687119285, ""move_vy"": -4.242640687119285, ""kick_power"": 0.0, ""kick_dir"": null}, {""move_vx"": -4.525483399593904, ""move_vy"": 4.525483399593904, ""kick_power"": 0.0, ""kick_dir"": null}, {""move_vx"": -6.0, ""move_vy"": 0.0, ""kick_power"": 0.0, ""kick_dir"": null}, {""move_vx"": -0.0, ""move_vy"": 0.0, ""kick_power"": 0.65, ""kick_dir"": [0.9990664516990275, -0.04319815966952445]}]"
482,74,default,default,0,30.929215039333638,28.731473324939845,20,B,,0.10983651962772742,-0.037715694681415876,0.39162926766589556,"[{""move_vx"": 0.0, ""move_vy"": 0.0, ""kick_power"": 0.0, ""kick_dir"": null}, {""move_vx"": 0.0, ""move_vy"": 5.8, ""kick_power"": 0.0, ""kick_dir"": null}, {""move_vx"": 3.8096256107439292, ""move_vy"": -5.896367755318858, ""kick_power"": 0.0, ""kick_dir"": null}, {""move_vx"": 0.0, ""move_vy"": 5.4, ""kick_power"": 0.0, ""kick_dir"": null}, {""move_vx"": -0.22374837032652897, ""move_vy"": -6.956402566468981, ""kick_power"": 0.0, ""kick_dir"": null}, {""move_vx"": 4.313351365237939, ""move_vy"": 4.313351365237939, ""kick_power"": 0.0, ""kick_dir"": null}, {""move_vx"": 0.0, ""move_vy"": 0.0, ""kick_power"": 0.4, ""kick_dir"": [0.9988789056831201, 0.04733815689938859]}, {""move_vx"": 0.0, ""move_vy"": 0.0, ""kick_power"": 0.4, ""kick_dir"": [0.9955141867004179, -0.0946122131546251]}, {""move_vx"": 6.1, ""move_vy"": 0.0, ""kick_power"": 0.0, ""kick_dir"": null}, {""move_vx"": -4.242640687119285, ""move_vy"": -4.242640687119285, ""kick_power"": 0.0, ""kick_dir"": null}, {""move_vx"": 5.770467471953225, ""move_vy"": -1.6436864528035022, ""kick_power"": 0.0, ""kick_dir"": null}, {""move_vx"": -0.0, ""move_vy"": -5.0, ""kick_power"": 0.0, ""kick_dir"": null}, {""move_vx"": -5.128095115422141, ""move_vy"": 2.7097307038123866, ""kick_power"": 0.0, ""kick_dir"": null}, {""move_vx"": -0.0, ""move_vy"": 0.0, ""kick_power"": 0.9, ""kick_dir"": [-0.9419798809005515, -0.33566927740120467]}, {""move_vx"": -5.4, ""move_vy"": 0.0, ""kick_power"": 0.0, ""kick_dir"": null}, {""move_vx"": -6.079007339139605, ""move_vy"": -3.3892875019223143, ""kick_power"": 0.0, ""kick_dir"": null}, {""move_vx"": -5.936335369535724, ""move_vy"": -0.8717352696771883, ""kick_power"": 0.0, ""kick_dir"": null}, {""move_vx"": -5.656573836551651, ""move_vy"": -2.000792950717123, ""kick_power"": 0.0, ""kick_dir"": null}, {""move_vx"": 4.242640687119285, ""move_vy"": -4.242640687119285, ""kick_power"": 0.0, ""kick_dir"": null}, {""move_vx"": -4.525483399593904, ""move_vy"": 4.525483399593904, ""kick_power"": 0.0, ""kick_dir"": null}, {""move_vx"": -6.0, ""move_vy"": 0.0, ""kick_power"": 0.0, ""kick_dir"": null}, {""move_vx"": -4.525483399593904, ""move_vy"": -4.525483399593904, ""kick_power"": 0.0, ""kick_dir"": null}]"
482,75,default,default,0,30.6531364297084,28.477853910334595,20,B,,0.11156403986666055,-0.030437297643186253,0.3880773301495197,"[{""move_vx"": 0.0, ""move_vy"": 0.0, ""kick_power"": 1.0, ""kick_dir"": [0.9896531212619316, 0.1434805341819473]}, {""move_vx"": 0.0, ""move_vy"": 5.8, ""kick_power"": 0.0, ""kick_dir"": null}, {""move_vx"": 3.093228600511098, ""move_vy"": -6.3017725145374905, ""kick_power"": 0.0, ""kick_dir"": null}, {""move_vx"": 0.0, ""move_vy"": 5.4, ""kick_power"": 0.0, ""kick_dir"": null}, {""move_vx"": -0.3069195416632684, ""move_vy"": -7.533750752111807, ""kick_power"": 0.0, ""kick_dir"": null}, {""move_vx"": 0.0, ""move_vy"": 0.0, ""kick_power"": 1.0, ""kick_dir"": [0.9755046782306158, 0.2199786074018317]}, {""move_vx"": 0.0, ""move_vy"": 0.0, ""kick_power"": 0.4, ""kick_dir"": [0.9988789056831201, 0.04733815689938859]}, {""move_vx"": 0.0, ""move_vy"": 0.0, ""kick_power"": 0.4, ""kick_dir"": [0.9955141867004179, -0.0946122131546251]}, {""move_vx"": 6.1, ""move_vy"": 0.0, ""kick_power"": 0.0, ""kick_dir"": null}, {""move_vx"": 0.0, ""move_vy"": 0.0, ""kick_power"": 0.4, ""kick_dir"": [0.8410745787452034, 0.5409190063473593]}, {""move_vx"": -4.242640687119285, ""move_vy"": -4.242640687119285, ""kick_power"": 0.0, ""kick_dir"": null}, {""move_vx"": -5.243379640389091, ""move_vy"": 0.263571521134538, ""kick_power"": 0.0, ""kick_dir"": null}, {""move_vx"": -5.128095115422141, ""move_vy"": 2.709730703812387, ""kick_power"": 0.0, ""kick_dir"": null}, {""move_vx"": -0.0, ""move_vy"": 0.0, ""kick_power"": 0.9, ""kick_dir"": [-0.9416688299979913, -0.33654089530016784]}, {""move_vx"": -5.4, ""move_vy"": 0.0, ""kick_power"": 0.0, ""kick_dir"": null}, {""move_vx"": -6.0718922354892415, ""move_vy"": -3.402017736668263, ""kick_power"": 0.0, ""kick_dir"": null}, {""move_vx"": -5.9363353695357235, ""move_vy"": -0.8717352696771884, ""kick_power"": 0.0, ""kick_dir"": null}, {""move_vx"": -5.85355922839868, ""move_vy"": -2.3293441908890693, ""kick_power"": 0.0, ""kick_dir"": null}, {""move_vx"": 4.242640687119285, ""move_vy"": -4.242640687119285, ""kick_power"": 0.0, ""kick_dir"": null}, {""move_vx"": -4.525483399593904, ""move_vy"": 4.525483399593904, ""kick_power"": 0.0, ""kick_dir"": null}, {""move_vx"": -6.0, ""move_vy"": 0.0, ""kick_power"": 0.0, ""kick_dir"": null}, {""move_vx"": -0.0, ""move_vy"": 0.0, ""kick_power"": 0.65, ""kick_dir"": [0.999754696340199, -0.02214494233522438]}]"
482,76,default,default,0,30.32389146259375,28.231707757380764,20,B,,0.11114269000183384,-0.03372025352998313,0.3901880264704129,"[{""move_vx"": -3.807677409153107, ""move_vy"": -2.3982478495403856, ""kick_power"": 0.0, ""kick_dir"": null}, {""move_vx"": 0.0, ""move_vy"": 5.8, ""kick_power"": 0.0, ""kick_dir"": null}, {""move_vx"": 2.2199451366571745, ""move_vy"": -6.659748012517603, ""kick_power"": 0.0, ""kick_dir"": null}, {""move_vx"": 0.0, ""move_vy"": 5.4, ""kick_power"": 0.0, ""kick_dir"": null}, {""move_vx"": -0.3860796498634349, ""move_vy"": -7.530109063218229, ""kick_power"": 0.0, ""kick_dir"": null}, {""move_vx"": 0.0, ""move_vy"": 0.0, ""kick_power"": 1.0, ""kick_dir"": [0.9755046782306158, 0.2199786074018317]}, {""move_vx"": 0.0, ""move_vy"": 0.0, ""kick_power"": 0.9, ""kick_dir"": [-0.9970544009275506, -0.07669552744284103]}, {""move_vx"": 0.0, ""move_vy"": 0.0, ""kick_power"": 0.4, ""kick_dir"": [0.9955141867004179, -0.0946122131546251]}, {""move_vx"": 6.1, ""move_vy"": 0.0, ""kick_power"": 0.0, ""kick_dir"": null}, {""move_vx"": -4.242640687119285, ""move_vy"": 4.242640687119285, ""kick_power"": 0.0, ""kick_dir"": null}, {""move_vx"": -4.242640687119285, ""move_vy"": -4.242640687119285, ""kick_power"": 0.0, ""kick_dir"": null}, {""move_vx"": -0.0, ""move_vy"": -5.0, ""kick_power"": 0.0, ""kick_dir"": null}, {""move_vx"": -5.128095115422141, ""move_vy"": 2.7097307038123866, ""kick_power"": 0.0, ""kick_dir"": null}, {""move_vx"": -0.0, ""move_vy"": 0.0, ""kick_power"": 0.9, ""kick_dir"": [-0.9414082056711303, -0.3372692539763367]}, {""move_vx"": -5.4, ""move_vy"": 0.0, ""kick_power"": 0.0, ""kick_dir"": null}, {""move_vx"": -6.06622606364209, ""move_vy"": -3.4121109807257706, ""kick_power"": 0.0, ""kick_dir"": null}, {""move_vx"": -4.242640687119285, ""move_vy"": -4.242640687119285, ""kick_power"": 0.0, ""kick_dir"": null}, {""move_vx"": -5.8189352702787644, ""move_vy"": -2.4145377032272255, ""kick_power"": 0.0, ""kick_dir"": null}, {""move_vx"": 4.242640687119285, ""move_vy"": -4.242640687119285, ""kick_power"": 0.0, ""kick_dir"": null}, {""move_vx"": -4.525483399593904, ""move_vy"": 4.525483399593904, ""kick_power"": 0.0, ""kick_dir"": null}, {""move_vx"": -6.0, ""move_vy"": 0.0, ""kick_power"": 0.0, ""kick_dir"": null}, {""move_vx"": -4.525483399593904, ""move_vy"": -4.525483399593904, ""kick_power"": 0.0, ""kick_dir"": null}]"
482,77,default,default,0,29.942768070006412,28.0048131905656,20,B,,0.11389220659802063,-0.03883631797124613,0.3876147625610358,"[{""move_vx"": 0.0, ""move_vy"": 0.0, ""kick_power"": 0.0, ""kick_dir"": null}, {""move_vx"": 0.0, ""move_vy"": 5.8, ""kick_power"": 0.0, ""kick_dir"": null}, {""move_vx"": 1.195856734206701, ""move_vy"": -6.917393054558378, ""kick_power"": 0.0, ""kick_dir"": null}, {""move_vx"": 0.0, ""move_vy"": 5.4, ""kick_power"": 0.0, ""kick_dir"": null}, {""move_vx"": -0.481189716533037, ""move_vy"": -7.524629988026179, ""kick_power"": 0.0, ""kick_dir"": null}, {""move_vx"": 0.0, ""move_vy"": 0.0, ""kick_power"": 1.0, ""kick_dir"": [0.9755046782306158, 0.2199786074018317]}, {""move_vx"": 0.0, ""move_vy"": 0.0, ""kick_power"": 0.4, ""kick_dir"": [0.9988789056831201, 0.04733815689938859]}, {""move_vx"": 0.0, ""move_vy"": 0.0, ""kick_power"": 0.4, ""kick_dir"": [0.9955141867004179, -0.0946122131546251]}, {""move_vx"": 6.1, ""move_vy"": 0.0, ""kick_power"": 0.0, ""kick_dir"": null}, {""move_vx"": -4.242640687119285, ""move_vy"": -4.242640687119285, ""kick_power"": 0.0, ""kick_dir"": null}, {""move_vx"": -4.242640687119285, ""move_vy"": -4.242640687119285, ""kick_power"": 0.0, ""kick_dir"": null}, {""move_vx"": -5.242467658507371, ""move_vy"": 0.2811278170232259, ""kick_power"": 0.0, ""kick_dir"": null}, {""move_vx"": -5.128095115422141, ""move_vy"": 2.709730703812387, ""kick_power"": 0.0, ""kick_dir"": null}, {""move_vx"": -0.0, ""move_vy"": 0.0, ""kick_power"": 0.9, ""kick_dir"": [-0.9412092759191184, -0.3378240046039619]}, {""move_vx"": -5.4, ""move_vy"": 0.0, ""kick_power"": 0.0, ""kick_dir"": null}, {""move_vx"": -6.062726283646534, ""move_vy"": -3.4183256149146284, ""kick_power"": 0.0, ""kick_dir"": null}, {""move_vx"": -4.242640687119285, ""move_vy"": -4.242640687119285, ""kick_power"": 0.0, ""kick_dir"": null}, {""move_vx"": -5.791823497379275, ""move_vy"": -2.4788667925496353, ""kick_power"": 0.0, ""kick_dir"": null}, {""move_vx"": 4.242640687119285, ""move_vy"": -4.242640687119285, ""kick_power"": 0.0, ""kick_dir"": null}, {""move_vx"": -4.525483399593904, ""move_vy"": 4.525483399593904, ""kick_power"": 0.0, ""kick_dir"": null}, {""move_vx"": -6.0, ""move_vy"": 0.0, ""kick_power"": 0.0, ""kick_dir"": null}, {""move_vx"": -0.0, ""move_vy"": 0.0, ""kick_power"": 0.7, ""kick_dir"": [-0.996515779990976, -0.08340423193556136]}]"
482,78,default,default,0,29.51701655056525,27.807899983777663,20,B,,0.11704208751105488,-0.04003438971889215,0.39476782011337486,"[{""move_vx"": 0.0, ""move_vy"": 0.0, ""kick_power"": 1.0, ""kick_dir"": [0.9883292687484294, 0.1523325994166721]}, {""move_vx"": 6.9513204131323585, ""move_vy"": 0.34748311321470554, ""kick_power"": 0.0, ""kick_dir"": null}, {""move_vx"": 0.05601971928094146, ""move_vy"": -7.0197764772855615, ""kick_power"": 0.0, ""kick_dir"": null}, {""move_vx"": 0.0, ""move_vy"": 5.4, ""kick_power"": 0.0, ""kick_dir"": null}, {""move_vx"": -0.5922452245311292, ""move_vy"": -7.51670443705352, ""kick_power"": 0.0, ""kick_dir"": null}, {""move_vx"": 0.0, ""move_vy"": 0.0, ""kick_power"": 0.0, ""kick_dir"": null}, {""move_vx"": 0.0, ""move_vy"": 0.0, ""kick_power"": 0.4, ""kick_dir"": [0.9988789056831201, 0.04733815689938859]}, {""move_vx"": 0.0, ""move_vy"": 0.0, ""kick_power"": 0.4, ""kick_dir"": [0.9955141867004179, -0.0946122131546251]}, {""move_vx"": 6.1, ""move_vy"": 0.0, ""kick_power"": 0.0, ""kick_dir"": null}, {""move_vx"": -4.242640687119285, ""move_vy"": -4.242640687119285, ""kick_power"": 0.0, ""kick_dir"": null}, {""move_vx"": -5.88466940019093, ""move_vy"": -2.2495924187409013, ""kick_power"": 0.0, ""kick_dir"": null}, {""move_vx"": -0.0, ""move_vy"": -5.0, ""kick_power"": 0.0, ""kick_dir"": null}, {""move_vx"": -5.128095115422141, ""move_vy"": 2.709730703812387, ""kick_power"": 0.0, ""kick_dir"": null}, {""move_vx"": -0.0, ""move_vy"": 0.0, ""kick_power"": 0.9, ""kick_dir"": [-0.9410844669518517, -0.33817153192093663]}, {""move_vx"": -5.4, ""move_vy"": 0.0, ""kick_power"": 0.0, ""kick_dir"": null}, {""move_vx"": -6.06203624309596, ""move_vy"": -3.419549178969505, ""kick_power"": 0.0, ""kick_dir"": null}, {""move_vx"": -4.242640687119285, ""move_vy"": -4.242640687119285, ""kick_power"": 0.0, ""kick_dir"": null}, {""move_vx"": -5.394091820188788, ""move_vy"": 0.25253402814752307, ""kick_power"": 0.0, ""kick_dir"": null}, {""move_vx"": 4.242640687119285, ""move_vy"": -4.242640687119285, ""kick_power"": 0.0, ""kick_dir"": null}, {""move_vx"": -4.525483399593904, ""move_vy"": 4.525483399593904, ""kick_power"": 0.0, ""kick_dir"": null}, {""move_vx"": -6.0, ""move_vy"": 0.0, ""kick_power"": 0.0, ""kick_dir"": null}, {""move_vx"": -4.525483399593904, ""move_vy"": -4.525483399593904, ""kick_power"": 0.0, ""kick_dir"": null}]"
482,79,default,default,0,29.177114315323646,27.56118867378608,20,B,,0.11939665775133577,-0.043312889890115294,0.3987021823616096,"[{""move_vx"": 0.0, ""move_vy"": 0.0, ""kick_power"": 1.0, ""kick_dir"": [0.9878180517072339, 0.15561317759165422]}, {""move_vx"": 6.951320413132358, ""move_vy"": 0.3474831132147055, ""kick_power"": 0.0, ""kick_dir"": null}, {""move_vx"": 5.386206788271849, ""move_vy"": 0.3857154831922736, ""kick_power"": 0.0, ""kick_dir"": null}, {""move_vx"": 0.0, ""move_vy"": 5.4, ""kick_power"": 0.0, ""kick_dir"": null}, {""move_vx"": -0.7175938448251067, ""move_vy"": -7.505775048179176, ""kick_power"": 0.0, ""kick_dir"": null}, {""move_vx"": 0.0, ""move_vy"": 0.0, ""kick_power"": 0.0, ""kick_dir"": null}, {""move_vx"": 0.0, ""move_vy"": 0.0, ""kick_power"": 0.4, ""kick_dir"": [0.9988789056831201, 0.04733815689938859]}, {""move_vx"": 0.0, ""move_vy"": 0.0, ""kick_power"": 0.4, ""kick_dir"": [0.9955141867004179, -0.0946122131546251]}, {""move_vx"": 6.1, ""move_vy"": 0.0, ""kick_power"": 0.0, ""kick_dir"": null}, {""move_vx"": -4.242640687119285, ""move_vy"": -4.242640687119285, ""kick_power"": 0.0, ""kick_dir"": null}, {""move_vx"": -5.880003544220604, ""move_vy"": -2.2617600049415376, ""kick_power"": 0.0, ""kick_dir"": null}, {""move_vx"": -5.241499450639024, ""move_vy"": 0.29863608112685597, ""kick_power"": 0.0, ""kick_dir"": null}, {""move_vx"": -5.128095115422141, ""move_vy"": 2.7097307038123866, ""kick_power"": 0.0, ""kick_dir"": null}, {""move_vx"": -0.0, ""move_vy"": 0.0, ""kick_power"": 0.9, ""kick_dir"": [-0.9410476906426349, -0.3382738574735]}, {""move_vx"": -5.4, ""move_vy"": 0.0, ""kick_power"": 0.0, ""kick_dir"": null}, {""move_vx"": -6.064520182798801, ""move_vy"": -3.415142010579647, ""kick_power"": 0.0, ""kick_dir"": null}, {""move_vx"": -4.242640687119285, ""move_vy"": -4.242640687119285, ""kick_power"": 0.0, ""kick_dir"": null}, {""move_vx"": -5.728977676760389, ""move_vy"": -2.6208423796903806, ""kick_power"": 0.0, ""kick_dir"": null}, {""move_vx"": 4.242640687119285, ""move_vy"": -4.242640687119285, ""kick_power"": 0.0, ""kick_dir"": null}, {""move_vx"": -4.525483399593904, ""move_vy"": 4.525483399593904, ""kick_power"": 0.0, ""kick_dir"": null}, {""move_vx"": -5.098533528624057, ""move_vy"": -3.7006696498736984, ""kick_power"": 0.0, ""kick_dir"": null}, {""move_vx"": -4.525483399593904, ""move_vy"": -4.525483399593904, ""kick_power"": 0.0, ""kick_dir"": null}]"
482,80,default,default,0,28.662688937097364,27.913633402345482,20,B,,0.12353323361321825,-0.02420460603989027,0.412912900013149,"[{""move_vx"": 0.0, ""move_vy"": 0.0, ""kick_power"": 1.0, ""kick_dir"": [0.9872925244463446, 0.15891329554578237]}, {""move_vx"": 6.951320413132358, ""move_vy"": 0.3474831132147053, ""kick_power"": 0.0, ""kick_dir"": null}, {""move_vx"": 5.387422028008662, ""move_vy"": 0.36835294505004135, ""kick_power"": 0.0, ""kick_dir"": null}, {""move_vx"": 0.0, ""move_vy"": 5.4, ""kick_power"": 0.0, ""kick_dir"": null}, {""move_vx"": -0.8148510633663577, ""move_vy"": -7.495840029278288, ""kick_power"": 0.0, ""kick_dir"": null}, {""move_vx"": 0.0, ""move_vy"": 0.0, ""kick_power"": 0.0, ""kick_dir"": null}, {""move_vx"": 0.0, ""move_vy"": 0.0, ""kick_power"": 0.4, ""kick_dir"": [0.9988789056831201, 0.04733815689938859]}, {""move_vx"": 0.0, ""move_vy"": 0.0, ""kick_power"": 0.4, ""kick_dir"": [0.9955141867004179, -0.0946122131546251]}, {""move_vx"": 6.1, ""move_vy"": 0.0, ""kick_power"": 0.0, ""kick_dir"": null}, {""move_vx"": -6.0, ""move_vy"": 0.0, ""kick_power"": 0.0, ""kick_dir"": null}, {""move_vx"": -4.242640687119285, ""move_vy"": -4.242640687119285, ""kick_power"": 0.0, ""kick_dir"": null}, {""move_vx"": -5.241549309716538, ""move_vy"": 0.29775969137894753, ""kick_power"": 0.0, ""kick_dir"": null}, {""move_vx"": -5.128095115422141, ""move_vy"": 2.709730703812387, ""kick_power"": 0.0, ""kick_dir"": null}, {""move_vx"": -0.0, ""move_vy"": 0.0, ""kick_power"": 0.9, ""kick_dir"": [-0.9411306307277534, -0.3380430363009649]}, {""move_vx"": -5.4, ""move_vy"": 0.0, ""kick_power"": 0.0, ""kick_dir"": null}, {""move_vx"": -6.06133941143739, ""move_vy"": -3.420784199471786, ""kick_power"": 0.0, ""kick_dir"": null}, {""move_vx"": -4.242640687119285, ""move_vy"": -4.242640687119285, ""kick_power"": 0.0, ""kick_dir"": null}, {""move_vx"": -5.705346726600001, ""move_vy"": -2.6718942211986354, ""kick_power"": 0.0, ""kick_dir"": null}, {""move_vx"": 4.242640687119285, ""move_vy"": -4.242640687119285, ""kick_power"": 0.0, ""kick_dir"": null}, {""move_vx"": -4.525483399593904, ""move_vy"": 4.525483399593904, ""kick_power"": 0.0, ""kick_dir"": null}, {""move_vx"": -6.0, ""move_vy"": 0.0, ""kick_power"": 0.0, ""kick_dir"": null}, {""move_vx"": -4.525483399593904, ""move_vy"": -4.525483399593904, ""kick_power"": 0.0, ""kick_dir"": null}]"
482,81,default,default,0,28.236358438168637,28.249856106767275,20,B,,0.1268939806431484,-0.028851974365792885,0.40995068917708616,"[{""move_vx"": 0.0, ""move_vy"": 0.0, ""kick_power"": 0.0, ""kick_dir"": null}, {""move_vx"": 5.51961274757074, ""move_vy"": 1.7815372903351168, ""kick_power"": 0.0, ""kick_dir"": null}, {""move_vx"": 5.385226912595127, ""move_vy"": 0.39916299911334846, ""kick_power"": 0.0, ""kick_dir"": null}, {""move_vx"": 5.8809783081208105, ""move_vy"": -0.8352808745640631, ""kick_power"": 0.0, ""kick_dir"": null}, {""move_vx"": -0.9899441737331162, ""move_vy"": -7.474731468948692, ""kick_power"": 0.0, ""kick_dir"": null}, {""move_vx"": 0.0, ""move_vy"": 0.0, ""kick_power"": 0.0, ""kick_dir"": null}, {""move_vx"": 0.0, ""move_vy"": 0.0, ""kick_power"": 0.4, ""kick_dir"": [0.9988789056831201, 0.04733815689938859]}, {""move_vx"": 0.0, ""move_vy"": 0.0, ""kick_power"": 0.4, ""kick_dir"": [0.9955141867004179, -0.0946122131546251]}, {""move_vx"": 6.1, ""move_vy"": 0.0, ""kick_power"": 0.0, ""kick_dir"": null}, {""move_vx"": -4.242640687119285, ""move_vy"": -4.242640687119285, ""kick_power"": 0.0, ""kick_dir"": null}, {""move_vx"": 7.176592011711, ""move_vy"": 0.5801095564165923, ""kick_power"": 0.0, ""kick_dir"": null}, {""move_vx"": -0.0, ""move_vy"": -5.0, ""kick_power"": 0.0, ""kick_dir"": null}, {""move_vx"": -5.128095115422141, ""move_vy"": 2.709730703812387, ""kick_power"": 0.0, ""kick_dir"": null}, {""move_vx"": 4.559540550225609, ""move_vy"": 0.5279109497333283, ""kick_power"": 0.0, ""kick_dir"": null}, {""move_vx"": -5.4, ""move_vy"": 0.0, ""kick_power"": 0.0, ""kick_dir"": null}, {""move_vx"": -6.0980977569910415, ""move_vy"": -3.35481799002283, ""kick_power"": 0.0, ""kick_dir"": null}, {""move_vx"": -4.242640687119285, ""move_vy"": -4.242640687119285, ""kick_power"": 0.0, ""kick_dir"": null}, {""move_vx"": -5.851644577788826, ""move_vy"": -2.334149895622523, ""kick_power"": 0.0, ""kick_dir"": null}, {""move_vx"": 4.242640687119285, ""move_vy"": -4.242640687119285, ""kick_power"": 0.0, ""kick_dir"": null}, {""move_vx"": -4.525483399593904, ""move_vy"": 4.525483399593904, ""kick_power"": 0.0, ""kick_dir"": null}, {""move_vx"": -6.842203326191538, ""move_vy"": 2.241484696145269, ""kick_power"": 0.0, ""kick_dir"": null}, {""move_vx"": -4.525483399593904, ""move_vy"": -4.525483399593904, ""kick_power"": 0.0, ""kick_dir"": null}]"
482,82,default,default,0,27.78021154975587,28.39928841984363,20,B,,0.1305699096252085,-0.037588760543331344,0.4151865295176451,"[{""move_vx"": 0.0, ""move_vy"": 0.0, ""kick_power"": 1.0, ""kick_dir"": [0.9864031870506073, 0.1643432898162098]}, {""move_vx"": 5.516496746833745, ""move_vy"": 1.791162650954041, ""kick_power"": 0.0, ""kick_dir"": null}, {""move_vx"": 0.0, ""move_vy"": -5.4, ""kick_power"": 0.0, ""kick_dir"": null}, {""move_vx"": -5.4, ""move_vy"": 0.0, ""kick_power"": 0.0, ""kick_dir"": null}, {""move_vx"": -4.1012193308819755, ""move_vy"": -4.1012193308819755, ""kick_power"": 0.0, ""kick_dir"": null}, {""move_vx"": 0.0, ""move_vy"": 0.0, ""kick_power"": 0.0, ""kick_dir"": null}, {""move_vx"": -3.9611214971703124, ""move_vy"": -3.670083988773993, ""kick_power"": 0.0, ""kick_dir"": null}, {""move_vx"": 0.0, ""move_vy"": 0.0, ""kick_power"": 0.4, ""kick_dir"": [0.9955141867004179, -0.0946122131546251]}, {""move_vx"": 6.1, ""move_vy"": 0.0, ""kick_power"": 0.0, ""kick_dir"": null}, {""move_vx"": 0.0, ""move_vy"": 0.0, ""kick_power"": 0.0, ""kick_dir"": null}, {""move_vx"": 7.1765920117110005, ""move_vy"": 0.5801095564165932, ""kick_power"": 0.0, ""kick_dir"": null}, {""move_vx"": -0.0, ""move_vy"": -5.0, ""kick_power"": 0.0, ""kick_dir"": null}, {""move_vx"": -5.128095115422141, ""move_vy"": 2.709730703812387, ""kick_power"": 0.0, ""kick_dir"": null}, {""move_vx"": -0.0, ""move_vy"": -5.4, ""kick_power"": 0.0, ""kick_dir"": null}, {""move_vx"": -5.4, ""move_vy"": 0.0, ""kick_power"": 0.0, ""kick_dir"": null}, {""move_vx"": -6.1304849038596725, ""move_vy"": -3.295262484772443, ""kick_power"": 0.0, ""kick_dir"": null}, {""move_vx"": -4.242640687119285, ""move_vy"": -4.242640687119285, ""kick_power"": 0.0, ""kick_dir"": null}, {""move_vx"": -5.964849936261892, ""move_vy"": -2.0274528941202328, ""kick_power"": 0.0, ""kick_dir"": null}, {""move_vx"": -4.242640687119285, ""move_vy"": -4.242640687119285, ""kick_power"": 0.0, ""kick_dir"": null}, {""move_vx"": -4.525483399593904, ""move_vy"": 4.525483399593904, ""kick_power"": 0.0, ""kick_dir"": null}, {""move_vx"": -6.842203326191539, ""move_vy"": 2.2414846961452675, ""kick_power"": 0.0, ""kick_dir"": null}, {""move_vx"": -4.525483399593904, ""move_vy"": -4.525483399593904, ""kick_power"": 0.0, ""kick_dir"": null}]"
482,83,default,default,0,27.3240646613431,28.548720732919982,20,B,,0.13420708959881245,-0.040161435472583516,0.413953244863299,"[{""move_vx"": 0.0, ""move_vy"": 0.0, ""kick_power"": 1.0, ""kick_dir"": [0.9864014930241893, 0.16435345711418706]}, {""move_vx"": 0.0, ""move_vy"": 5.8, ""kick_power"": 0.0, ""kick_dir"": null}, {""move_vx"": 5.376583181697116, ""move_vy"": 0.5023477782291046, ""kick_power"": 0.0, ""kick_dir"": null}, {""move_vx"": 5.881496823824105, ""move_vy"": -0.8316219762289663, ""kick_power"": 0.0, ""kick_dir"": null}, {""move_vx"": -1.2249207211693476, ""move_vy"": -7.439836639795929, ""kick_power"": 0.0, ""kick_dir"": null}, {""move_vx"": 0.0, ""move_vy"": 0.0, ""kick_power"": 0.0, ""kick_dir"": null}, {""move_vx"": -4.128786727346546, ""move_vy"": -3.4803908056548774, ""kick_power"": 0.0, ""kick_dir"": null}, {""move_vx"": 0.0, ""move_vy"": 0.0, ""kick_power"": 0.4, ""kick_dir"": [0.9955141867004179, -0.0946122131546251]}, {""move_vx"": 6.1, ""move_vy"": 0.0, ""kick_power"": 0.0, ""kick_dir"": null}, {""move_vx"": -4.242640687119285, ""move_vy"": -4.242640687119285, ""kick_power"": 0.0, ""kick_dir"": null}, {""move_vx"": 7.176592011711, ""move_vy"": 0.5801095564165941, ""kick_power"": 0.0, ""kick_dir"": null}, {""move_vx"": -0.0, ""move_vy"": -5.0, ""kick_power"": 0.0, ""kick_dir"": null}, {""move_vx"": -5.128095115422141, ""move_vy"": 2.709730703812387, ""kick_power"": 0.0, ""kick_dir"": null}, {""move_vx"": 4.524869579190736, ""move_vy"": 0.7704902928098795, ""kick_power"": 0.0, ""kick_dir"": null}, {""move_vx"": -5.4, ""move_vy"": 0.0, ""kick_power"": 0.0, ""kick_dir"": null}, {""move_vx"": -6.152710020744424, ""move_vy"": -3.253576401535877, ""kick_power"": 0.0, ""kick_dir"": null}, {""move_vx"": -4.242640687119285, ""move_vy"": -4.242640687119285, ""kick_power"": 0.0, ""kick_dir"": null}, {""move_vx"": -6.026512755293604, ""move_vy"": -1.8360675396846078, ""kick_power"": 0.0, ""kick_dir"": null}, {""move_vx"": -4.242640687119285, ""move_vy"": -4.242640687119285, ""kick_power"": 0.0, ""kick_dir"": null}, {""move_vx"": -4.525483399593904, ""move_vy"": 4.525483399593904, ""kick_power"": 0.0, ""kick_dir"": null}, {""move_vx"": -6.842203326191538, ""move_vy"": 2.2414846961452675, ""kick_power"": 0.0, ""kick_dir"": null}, {""move_vx"": -4.525483399593904, ""move_vy"": -4.525483399593904, ""kick_power"": 0.0, ""kick_dir"": null}]"
482,84,default,default,0,26.867917772930333,28.698153045996335,20,B,,0.13780097115765805,-0.04657557562810416,0.419178132741694,"[{""move_vx"": 0.0, ""move_vy"": 0.0, ""kick_power"": 1.0, ""kick_dir"": [0.9866365323003028, 0.1629365441037921]}, {""move_vx"": 0.0, ""move_vy"": 5.8, ""kick_power"": 0.0, ""kick_dir"": null}, {""move_vx"": 0.0, ""move_vy"": -5.4, ""kick_power"": 0.0, ""kick_dir"": null}, {""move_vx"": -5.4, ""move_vy"": 0.0, ""kick_power"": 0.0, ""kick_dir"": null}, {""move_vx"": -1.386819405422858, ""move_vy"": -7.411365052184556, ""kick_power"": 0.0, ""kick_dir"": null}, {""move_vx"": 0.0, ""move_vy"": 0.0, ""kick_power"": 0.0, ""kick_dir"": null}, {""move_vx"": -4.242640687119285, ""move_vy"": 4.242640687119285, ""kick_power"": 0.0, ""kick_dir"": null}, {""move_vx"": 5.874483584465625, ""move_vy"": 1.2208368506249727, ""kick_power"": 0.0, ""kick_dir"": null}, {""move_vx"": 6.1, ""move_vy"": 0.0, ""kick_power"": 0.0, ""kick_dir"": null}, {""move_vx"": -4.242640687119285, ""move_vy"": -4.242640687119285, ""kick_power"": 0.0, ""kick_dir"": null}, {""move_vx"": 7.176592011710999, ""move_vy"": 0.5801095564165949, ""kick_power"": 0.0, ""kick_dir"": null}, {""move_vx"": -0.0, ""move_vy"": -5.0, ""kick_power"": 0.0, ""kick_dir"": null}, {""move_vx"": -5.128095115422141, ""move_vy"": 2.7097307038123875, ""kick_power"": 0.0, ""kick_dir"": null}, {""move_vx"": -0.0, ""move_vy"": -5.4, ""kick_power"": 0.0, ""kick_dir"": null}, {""move_vx"": -5.4, ""move_vy"": 0.0, ""kick_power"": 0.0, ""kick_dir"": null}, {""move_vx"": -6.1745651495226825, ""move_vy"": -3.21190678792208, ""kick_power"": 0.0, ""kick_dir"": null}, {""move_vx"": -4.242640687119285, ""move_vy"": -4.242640687119285, ""kick_power"": 0.0, ""kick_dir"": null}, {""move_vx"": -6.079904372395986, ""move_vy"": -1.6506855613714486, ""kick_power"": 0.0, ""kick_dir"": null}, {""move_vx"": -4.242640687119285, ""move_vy"": -4.242640687119285, ""kick_power"": 0.0, ""kick_dir"": null}, {""move_vx"": -4.525483399593904, ""move_vy"": 4.525483399593904, ""kick_power"": 0.0, ""kick_dir"": null}, {""move_vx"": -6.842203326191539, ""move_vy"": 2.2414846961452675, ""kick_power"": 0.0, ""kick_dir"": null}, {""move_vx"": -4.525483399593904, ""move_vy"": -4.525483399593904, ""kick_power"": 0.0, ""kick_dir"": null}]"
482,85,default,default,0,26.411770884517566,28.84758535907269,20,B,,0.14136298138150719,-0.03806198256262108,0.4198014702557266,"[{""move_vx"": 0.0, ""move_vy"": 0.0, ""kick_power"": 1.0, ""kick_dir"": [0.9869755707198039, 0.16087009368987762]}, {""move_vx"": 0.0, ""move_vy"": 0.0, ""kick_power"": 0.9, ""kick_dir"": [0.9975990745487012, 0.06924945612786358]}, {""move_vx"": 0.0, ""move_vy"": -5.4, ""kick_power"": 0.0, ""kick_dir"": null}, {""move_vx"": 5.882011055989889, ""move_vy"": -0.8279770149060511, ""kick_power"": 0.0, ""kick_dir"": null}, {""move_vx"": -1.5528290293853255, ""move_vy"": -7.378368519225523, ""kick_power"": 0.0, ""kick_dir"": null}, {""move_vx"": 0.0, ""move_vy"": 0.0, ""kick_power"": 0.0, ""kick_dir"": null}, {""move_vx"": -4.242640687119285, ""move_vy"": -4.242640687119285, ""kick_power"": 0.0, ""kick_dir"": null}, {""move_vx"": 0.0, ""move_vy"": 0.0, ""kick_power"": 0.4, ""kick_dir"": [0.9953256173296207, -0.09657578410405925]}, {""move_vx"": 6.1, ""move_vy"": 0.0, ""kick_power"": 0.0, ""kick_dir"": null}, {""move_vx"": 0.0, ""move_vy"": -6.0, ""kick_power"": 0.0, ""kick_dir"": null}, {""move_vx"": 7.1765920117110005, ""move_vy"": 0.5801095564165941, ""kick_power"": 0.0, ""kick_dir"": null}, {""move_vx"": -5.0, ""move_vy"": 0.0, ""kick_power"": 0.0, ""kick_dir"": null}, {""move_vx"": -5.128095115422141, ""move_vy"": 2.7097307038123875, ""kick_power"": 0.0, ""kick_dir"": null}, {""move_vx"": 4.475752024549322, ""move_vy"": 1.0177149968152426, ""kick_power"": 0.0, ""kick_dir"": null}, {""move_vx"": -5.4, ""move_vy"": 0.0, ""kick_power"": 0.0, ""kick_dir"": null}, {""move_vx"": -6.196050828511109, ""move_vy"": -3.1702608931295844, ""kick_power"": 0.0, ""kick_dir"": null}, {""move_vx"": -4.242640687119285, ""move_vy"": -4.242640687119285, ""kick_power"": 0.0, ""kick_dir"": null}, {""move_vx"": -6.125685897806656, ""move_vy"": -1.4717242545438565, ""kick_power"": 0.0, ""kick_dir"": null}, {""move_vx"": -4.242640687119285, ""move_vy"": -4.242640687119285, ""kick_power"": 0.0, ""kick_dir"": null}, {""move_vx"": -5.509523609956186, ""move_vy"": -1.6801040418186513, ""kick_power"": 0.0, ""kick_dir"": null}, {""move_vx"": -6.842203326191538, ""move_vy"": 2.241484696145266, ""kick_power"": 0.0, ""kick_dir"": null}, {""move_vx"": -5.680273233545089, ""move_vy"": -0.9550371680051163, ""kick_power"": 0.0, ""kick_dir"": null}]"
482,86,default,default,0,25.955623996104798,28.997017672149042,20,B,,0.14490104418929337,-0.051521287410860914,0.4108951242458917,"[{""move_vx"": 0.0, ""move_vy"": 0.0, ""kick_power"": 1.0, ""kick_dir"": [0.9873647809024438, 0.1584637297385925]}, {""move_vx"": 5.504895078990388, ""move_vy"": 1.8265076428275382, ""kick_power"": 0.0, ""kick_dir"": null}, {""move_vx"": 0.0, ""move_vy"": -5.4, ""kick_power"": 0.0, ""kick_dir"": null}, {""move_vx"": -5.4, ""move_vy"": 0.0, ""kick_power"": 0.0, ""kick_dir"": null}, {""move_vx"": -4.1012193308819755, ""move_vy"": -4.1012193308819755, ""kick_power"": 0.0, ""kick_dir"": null}, {""move_vx"": 0.0, ""move_vy"": 0.0, ""kick_power"": 0.0, ""kick_dir"": null}, {""move_vx"": -4.242640687119285, ""move_vy"": 4.242640687119285, ""kick_power"": 0.0, ""kick_dir"": null}, {""move_vx"": 0.0, ""move_vy"": 0.0, ""kick_power"": 0.4, ""kick_dir"": [0.9953256173296207, -0.09657578410405925]}, {""move_vx"": 6.1, ""move_vy"": 0.0, ""kick_power"": 0.0, ""kick_dir"": null}, {""move_vx"": -4.242640687119285, ""move_vy"": -4.242640687119285, ""kick_power"": 0.0, ""kick_dir"": null}, {""move_vx"": 7.176592011711, ""move_vy"": 0.580109556416595, ""kick_power"": 0.0, ""kick_dir"": null}, {""move_vx"": -0.0, ""move_vy"": -5.0, ""kick_power"": 0.0, ""kick_dir"": null}, {""move_vx"": -5.128095115422141, ""move_vy"": 2.7097307038123875, ""kick_power"": 0.0, ""kick_dir"": null}, {""move_vx"": -0.0, ""move_vy"": -5.4, ""kick_power"": 0.0, ""kick_dir"": null}, {""move_vx"": -0.0, ""move_vy"": 0.0, ""kick_power"": 0.0, ""kick_dir"": null}, {""move_vx"": -4.1012193308819755, ""move_vy"": 4.1012193308819755, ""kick_power"": 0.0, ""kick_dir"": null}, {""move_vx"": 6.0, ""move_vy"": 0.0, ""kick_power"": 0.0, ""kick_dir"": null}, {""move_vx"": -6.164522202431194, ""move_vy"": -1.2994868278412288, ""kick_power"": 0.0, ""kick_dir"": null}, {""move_vx"": -4.242640687119285, ""move_vy"": -4.242640687119285, ""kick_power"": 0.0, ""kick_dir"": null}, {""move_vx"": -5.521136760555545, ""move_vy"": -1.6415385683078634, ""kick_power"": 0.0, ""kick_dir"": null}, {""move_vx"": -6.842203326191539, ""move_vy"": 2.241484696145265, ""kick_power"": 0.0, ""kick_dir"": null}, {""move_vx"": -5.682733672173407, ""move_vy"": -0.9402861325929163, ""kick_power"": 0.0, ""kick_dir"": null}]"
482,87,default,default,0,25.49947710769203,29.146449985225395,20,B,,0.14842017215501715,-0.05209413118442853,0.41639636060337576,"[{""move_vx"": 0.0, ""move_vy"": 0.0, ""kick_power"": 1.0, ""kick_dir"": [0.9877811435684587, 0.15584728611083817]}, {""move_vx"": 5.504895078990387, ""move_vy"": 1.8265076428275382, ""kick_power"": 0.0, ""kick_dir"": null}, {""move_vx"": 0.0, ""move_vy"": -5.4, ""kick_power"": 0.0, ""kick_dir"": null}, {""move_vx"": 5.882521037356175, ""move_vy"": -0.8243459498669514, ""kick_power"": 0.0, ""kick_dir"": null}, {""move_vx"": 0.0, ""move_vy"": 0.0, ""kick_power"": 0.9, ""kick_dir"": [-0.07546520712972761, 0.9971483472251575]}, {""move_vx"": 0.0, ""move_vy"": 0.0, ""kick_power"": 0.0, ""kick_dir"": null}, {""move_vx"": -4.242640687119285, ""move_vy"": -4.242640687119285, ""kick_power"": 0.0, ""kick_dir"": null}, {""move_vx"": 0.0, ""move_vy"": 0.0, ""kick_power"": 0.4, ""kick_dir"": [0.9953256173296207, -0.09657578410405925]}, {""move_vx"": 6.1, ""move_vy"": 0.0, ""kick_power"": 0.0, ""kick_dir"": null}, {""move_vx"": 0.0, ""move_vy"": -6.0, ""kick_power"": 0.0, ""kick_dir"": null}, {""move_vx"": 7.176592011711, ""move_vy"": 0.5801095564165941, ""kick_power"": 0.0, ""kick_dir"": null}, {""move_vx"": -5.0, ""move_vy"": 0.0, ""kick_power"": 0.0, ""kick_dir"": null}, {""move_vx"": -5.128095115422141, ""move_vy"": 2.709730703812388, ""kick_power"": 0.0, ""kick_dir"": null}, {""move_vx"": 4.411511416957451, ""move_vy"": 1.2675436947316907, ""kick_power"": 0.0, ""kick_dir"": null}, {""move_vx"": -5.4, ""move_vy"": 0.0, ""kick_power"": 0.0, ""kick_dir"": null}, {""move_vx"": -4.1012193308819755, ""move_vy"": 4.1012193308819755, ""kick_power"": 0.0, ""kick_dir"": null}, {""move_vx"": 6.0, ""move_vy"": 0.0, ""kick_power"": 0.0, ""kick_dir"": null}, {""move_vx"": -6.1970680177667745, ""move_vy"": -1.134172818917908, ""kick_power"": 0.0, ""kick_dir"": null}, {""move_vx"": -4.242640687119285, ""move_vy"": -4.242640687119285, ""kick_power"": 0.0, ""kick_dir"": null}, {""move_vx"": -5.5324738620504545, ""move_vy"": -1.6029138984139295, ""kick_power"": 0.0, ""kick_dir"": null}, {""move_vx"": -6.84220332619154, ""move_vy"": 2.241484696145265, ""kick_power"": 0.0, ""kick_dir"": null}, {""move_vx"": -5.685153465097631, ""move_vy"": -0.9255431261094264, ""kick_power"": 0.0, ""kick_dir"": null}]"
482,88,default,default,0,25.10034858033086,29.277203259167205,20,B,,0.15141884716927148,-0.05402513385608186,0.42193678484286123,"[{""move_vx"": 0.0, ""move_vy"": 0.0, ""kick_power"": 1.0, ""kick_dir"": [0.9882128957110295, 0.15308571748195965]}, {""move_vx"": 5.506508908818871, ""move_vy"": 1.8216365271640784, ""kick_power"": 0.0, ""kick_dir"": null}, {""move_vx"": 0.0, ""move_vy"": -5.4, ""kick_power"": 0.0, ""kick_dir"": null}, {""move_vx"": -5.4, ""move_vy"": 0.0, ""kick_power"": 0.0, ""kick_dir"": null}, {""move_vx"": 0.0, ""move_vy"": 0.0, ""kick_power"": 0.4, ""kick_dir"": [-0.9999885530227315, 0.004766167830710236]}, {""move_vx"": 0.0, ""move_vy"": 0.0, ""kick_power"": 0.0, ""kick_dir"": null}, {""move_vx"": -4.242640687119285, ""move_vy"": 4.242640687119285, ""kick_power"": 0.0, ""kick_dir"": null}, {""move_vx"": 0.0, ""move_vy"": 0.0, ""kick_power"": 0.4, ""kick_dir"": [0.9953256173296207, -0.09657578410405925]}, {""move_vx"": 6.1, ""move_vy"": 0.0, ""kick_power"": 0.0, ""kick_dir"": null}, {""move_vx"": 0.0, ""move_vy"": -6.0, ""kick_power"": 0.0, ""kick_dir"": null}, {""move_vx"": 7.176592011711, ""move_vy"": 0.5801095564165951, ""kick_power"": 0.0, ""kick_dir"": null}, {""move_vx"": -0.0, ""move_vy"": -5.0, ""kick_power"": 0.0, ""kick_dir"": null}, {""move_vx"": -5.128095115422141, ""move_vy"": 2.709730703812388, ""kick_power"": 0.0, ""kick_dir"": null}, {""move_vx"": -0.0, ""move_vy"": -5.4, ""kick_power"": 0.0, ""kick_dir"": null}, {""move_vx"": -5.4, ""move_vy"": 0.0, ""kick_power"": 0.0, ""kick_dir"": null}, {""move_vx"": -4.1012193308819755, ""move_vy"": 4.1012193308819755, ""kick_power"": 0.0, ""kick_dir"": null}, {""move_vx"": 6.0, ""move_vy"": 0.0, ""kick_power"": 0.0, ""kick_dir"": null}, {""move_vx"": -6.223956889501727, ""move_vy"": -0.9758896646773159, ""kick_power"": 0.0, ""kick_dir"": null}, {""move_vx"": -4.242640687119285, ""move_vy"": -4.242640687119285, ""kick_power"": 0.0, ""kick_dir"": null}, {""move_vx"": -5.543533675621844, ""move_vy"": -1.5642360394923045, ""kick_power"": 0.0, ""kick_dir"": null}, {""move_vx"": -5.986927910417586, ""move_vy"": 1.9612991091271401, ""kick_power"": 0.0, ""kick_dir"": null}, {""move_vx"": -5.687532668999348, ""move_vy"": -0.9108085084501326, ""kick_power"": 0.0, ""kick_dir"": null}]"
482,89,default,default,0,24.95706358758217,29.762248079875718,20,B,,0.15200992971634128,-0.02039229471031176,0.4313486225932599,"[{""move_vx"": 0.0, ""move_vy"": 0.0, ""kick_power"": 1.0, ""kick_dir"": [0.9886493927816326, 0.15024094737671728]}, {""move_vx"": 5.504951916785531, ""move_vy"": 1.8263363309859737, ""kick_power"": 0.0, ""kick_dir"": null}, {""move_vx"": 0.0, ""move_vy"": -5.4, ""kick_power"": 0.0, ""kick_dir"": null}, {""move_vx"": 5.883026800438204, ""move_vy"": -0.820728740404433, ""kick_power"": 0.0, ""kick_dir"": null}, {""move_vx"": 0.0, ""move_vy"": 0.0, ""kick_power"": 0.9, ""kick_dir"": [-0.12754783374373524, 0.9918323321030158]}, {""move_vx"": 0.0, ""move_vy"": 0.0, ""kick_power"": 0.0, ""kick_dir"": null}, {""move_vx"": -4.242640687119285, ""move_vy"": 4.242640687119285, ""kick_power"": 0.0, ""kick_dir"": null}, {""move_vx"": 0.0, ""move_vy"": 0.0, ""kick_power"": 0.4, ""kick_dir"": [0.9953256173296207, -0.09657578410405925]}, {""move_vx"": 6.1, ""move_vy"": 0.0, ""kick_power"": 0.0, ""kick_dir"": null}, {""move_vx"": 0.0, ""move_vy"": -6.0, ""kick_power"": 0.0, ""kick_dir"": null}, {""move_vx"": 7.176592011711, ""move_vy"": 0.5801095564165941, ""kick_power"": 0.0, ""kick_dir"": null}, {""move_vx"": -5.0, ""move_vy"": 0.0, ""kick_power"": 0.0, ""kick_dir"": null}, {""move_vx"": -5.128095115422141, ""move_vy"": 2.709730703812388, ""kick_power"": 0.0, ""kick_dir"": null}, {""move_vx"": -3.8183766184073566, ""move_vy"": 3.8183766184073566, ""kick_power"": 0.0, ""kick_dir"": null}, {""move_vx"": -5.4, ""move_vy"": 0.0, ""kick_power"": 0.0, ""kick_dir"": null}, {""move_vx"": -4.1012193308819755, ""move_vy"": 4.1012193308819755, ""kick_power"": 0.0, ""kick_dir"": null}, {""move_vx"": 6.0, ""move_vy"": 0.0, ""kick_power"": 0.0, ""kick_dir"": null}, {""move_vx"": -0.0, ""move_vy"": 0.0, ""kick_power"": 0.65, ""kick_dir"": [0.6899558004218792, -0.7238513706031269]}, {""move_vx"": -4.242640687119285, ""move_vy"": -4.242640687119285, ""kick_power"": 0.0, ""kick_dir"": null}, {""move_vx"": -5.552994373174111, ""move_vy"": -1.5303115668048344, ""kick_power"": 0.0, ""kick_dir"": null}, {""move_vx"": -4.149766365927065, ""move_vy"": 3.9076129680689298, ""kick_power"": 0.0, ""kick_dir"": null}, {""move_vx"": -0.0, ""move_vy"": 0.0, ""kick_power"": 0.0, ""kick_dir"": null}]"
482,90,default,default,0,24.699543026747524,30.042508889626497,20,B,,0.15491706612637732,-0.03274222509647772,0.42372838795853274,"[{""move_vx"": 3.5355339059327373, ""move_vy"": 3.5355339059327373, ""kick_power"": 0.0, ""kick_dir"": null}, {""move_vx"": 5.505132922435451, ""move_vy"": 1.8257906523797613, ""kick_power"": 0.0, ""kick_dir"": null}, {""move_vx"": 0.0, ""move_vy"": -5.4, ""kick_power"": 0.0, ""kick_dir"": null}, {""move_vx"": 0.0, ""move_vy"": 0.0, ""kick_power"": 0.4, ""kick_dir"": [0.9999998175972209, 0.0004425461495025749]}, {""move_vx"": 0.0, ""move_vy"": 0.0, ""kick_power"": 0.9, ""kick_dir"": [-0.15331552076833285, 0.9881771989611305]}, {""move_vx"": 0.0, ""move_vy"": 0.0, ""kick_power"": 0.0, ""kick_dir"": null}, {""move_vx"": -4.242640687119285, ""move_vy"": -4.242640687119285, ""kick_power"": 0.0, ""kick_dir"": null}, {""move_vx"": 0.0, ""move_vy"": 0.0, ""kick_power"": 0.4, ""kick_dir"": [0.9953256173296207, -0.09657578410405925]}, {""move_vx"": 6.1, ""move_vy"": 0.0, ""kick_power"": 0.0, ""kick_dir"": null}, {""move_vx"": 0.0, ""move_vy"": -6.0, ""kick_power"": 0.0, ""kick_dir"": null}, {""move_vx"": 7.176592011711, ""move_vy"": 0.5801095564165951, ""kick_power"": 0.0, ""kick_dir"": null}, {""move_vx"": -0.0, ""move_vy"": -5.0, ""kick_power"": 0.0, ""kick_dir"": null}, {""move_vx"": -5.12809511542214, ""move_vy"": 2.709730703812388, ""kick_power"": 0.0, ""kick_dir"": null}, {""move_vx"": 4.4051266385807235, ""move_vy"": 1.2895577916737573, ""kick_power"": 0.0, ""kick_dir"": null}, {""move_vx"": -5.4, ""move_vy"": 0.0, ""kick_power"": 0.0, ""kick_dir"": null}, {""move_vx"": -4.1012193308819755, ""move_vy"": 4.1012193308819755, ""kick_power"": 0.0, ""kick_dir"": null}, {""move_vx"": 6.0, ""move_vy"": 0.0, ""kick_power"": 0.0, ""kick_dir"": null}, {""move_vx"": -5.342649001736644, ""move_vy"": 0.7849214255213333, ""kick_power"": 0.0, ""kick_dir"": null}, {""move_vx"": -4.242640687119285, ""move_vy"": -4.242640687119285, ""kick_power"": 0.0, ""kick_dir"": null}, {""move_vx"": -3.1743758794467674, ""move_vy"": -4.806343493341541, ""kick_power"": 0.0, ""kick_dir"": null}, {""move_vx"": -4.038496955422171, ""move_vy"": 4.022504486143658, ""kick_power"": 0.0, ""kick_dir"": null}, {""move_vx"": -0.0, ""move_vy"": 0.0, ""kick_power"": 0.0, ""kick_dir"": null}]"
482,91,default,default,0,24.431592537372154,30.311961211947864,20,B,,0.1588614589599282,-0.034724088212952774,0.4277128538882755,"[{""move_vx"": 3.5355339059327373, ""move_vy"": 3.5355339059327373, ""kick_power"": 0.0, ""kick_dir"": null}, {""move_vx"": 5.503622898911794, ""move_vy"": 1.8303373969226908, ""kick_power"": 0.0, ""kick_dir"": null}, {""move_vx"": 0.0, ""move_vy"": -5.4, ""kick_power"": 0.0, ""kick_dir"": null}, {""move_vx"": 0.0, ""move_vy"": 0.0, ""kick_power"": 0.4, ""kick_dir"": [0.9998092391662696, 0.01952737322929609]}, {""move_vx"": 0.0, ""move_vy"": 0.0, ""kick_power"": 0.9, ""kick_dir"": [-0.1789298191397968, 0.983861751361532]}, {""move_vx"": 0.0, ""move_vy"": 0.0, ""kick_power"": 0.0, ""kick_dir"": null}, {""move_vx"": -4.242640687119285, ""move_vy"": -4.242640687119285, ""kick_power"": 0.0, ""kick_dir"": null}, {""move_vx"": 0.0, ""move_vy"": 0.0, ""kick_power"": 0.4, ""kick_dir"": [0.9953256173296207, -0.09657578410405925]}, {""move_vx"": 6.1, ""move_vy"": 0.0, ""kick_power"": 0.0, ""kick_dir"": null}, {""move_vx"": 0.0, ""move_vy"": -6.0, ""kick_power"": 0.0, ""kick_dir"": null}, {""move_vx"": 7.176592011711, ""move_vy"": 0.5801095564165941, ""kick_power"": 0.0, ""kick_dir"": null}, {""move_vx"": -5.0, ""move_vy"": 0.0, ""kick_power"": 0.0, ""kick_dir"": null}, {""move_vx"": -5.128095115422141, ""move_vy"": 2.709730703812388, ""kick_power"": 0.0, ""kick_dir"": null}, {""move_vx"": -0.0, ""move_vy"": -5.4, ""kick_power"": 0.0, ""kick_dir"": null}, {""move_vx"": -5.4, ""move_vy"": 0.0, ""kick_power"": 0.0, ""kick_dir"": null}, {""move_vx"": -4.1012193308819755, ""move_vy"": 4.1012193308819755, ""kick_power"": 0.0, ""kick_dir"": null}, {""move_vx"": 6.0, ""move_vy"": 0.0, ""kick_power"": 0.0, ""kick_dir"": null}, {""move_vx"": -6.290730536284009, ""move_vy"": -0.3416274577136843, ""kick_power"": 0.0, ""kick_dir"": null}, {""move_vx"": -4.242640687119285, ""move_vy"": -4.242640687119285, ""kick_power"": 0.0, ""kick_dir"": null}, {""move_vx"": -5.604899320780743, ""move_vy"": -1.3276684841900797, ""kick_power"": 0.0, ""kick_dir"": null}, {""move_vx"": -4.031036696625424, ""move_vy"": 4.029980539712217, ""kick_power"": 0.0, ""kick_dir"": null}, {""move_vx"": -0.0, ""move_vy"": 0.0, ""kick_power"": 0.0, ""kick_dir"": null}]"
482,92,default,default,0,24.162941548099006,30.580711383607667,20,B,,0.1628111386947744,-0.03560977864334142,0.42744712461812306,"[{""move_vx"": 3.5355339059327373, ""move_vy"": 3.5355339059327373, ""kick_power"": 0.0, ""kick_dir"": null}, {""move_vx"": 5.505096446951783, ""move_vy"": 1.8259006297602414, ""kick_power"": 0.0, ""kick_dir"": null}, {""move_vx"": 0.0, ""move_vy"": -5.4, ""kick_power"": 0.0, ""kick_dir"": null}, {""move_vx"": 0.0, ""move_vy"": 0.0, ""kick_power"": 0.4, ""kick_dir"": [0.9992471999670328, 0.038792632906108036]}, {""move_vx"": 0.0, ""move_vy"": 0.0, ""kick_power"": 0.9, ""kick_dir"": [-0.20435468645386834, 0.9788968222426033]}, {""move_vx"": 0.0, ""move_vy"": 0.0, ""kick_power"": 0.0, ""kick_dir"": null}, {""move_vx"": -4.242640687119285, ""move_vy"": -4.242640687119285, ""kick_power"": 0.0, ""kick_dir"": null}, {""move_vx"": 0.0, ""move_vy"": 0.0, ""kick_power"": 0.4, ""kick_dir"": [0.9953256173296207, -0.09657578410405925]}, {""move_vx"": 6.1, ""move_vy"": 0.0, ""kick_power"": 0.0, ""kick_dir"": null}, {""move_vx"": 0.0, ""move_vy"": -6.0, ""kick_power"": 0.0, ""kick_dir"": null}, {""move_vx"": 7.176592011711, ""move_vy"": 0.5801095564165952, ""kick_power"": 0.0, ""kick_dir"": null}, {""move_vx"": -0.0, ""move_vy"": -5.0, ""kick_power"": 0.0, ""kick_dir"": null}, {""move_vx"": -5.12809511542214, ""move_vy"": 2.709730703812388, ""kick_power"": 0.0, ""kick_dir"": null}, {""move_vx"": -0.0, ""move_vy"": -5.4, ""kick_power"": 0.0, ""kick_dir"": null}, {""move_vx"": -5.4, ""move_vy"": 0.0, ""kick_power"": 0.0, ""kick_dir"": null}, {""move_vx"": -4.1012193308819755, ""move_vy"": 4.1012193308819755, ""kick_power"": 0.0, ""kick_dir"": null}, {""move_vx"": 6.0, ""move_vy"": 0.0, ""kick_power"": 0.0, ""kick_dir"": null}, {""move_vx"": -5.33033541719196, ""move_vy"": 0.8645948994928302, ""kick_power"": 0.0, ""kick_dir"": null}, {""move_vx"": -4.242640687119285, ""move_vy"": -4.242640687119285, ""kick_power"": 0.0, ""kick_dir"": null}, {""move_vx"": -5.616430929511508, ""move_vy"": -1.278007673696256, ""kick_power"": 0.0, ""kick_dir"": null}, {""move_vx"": -4.030543527379778, ""move_vy"": 4.030473777845103, ""kick_power"": 0.0, ""kick_dir"": null}, {""move_vx"": -0.0, ""move_vy"": 0.0, ""kick_power"": 0.0, ""kick_dir"": null}]"
482,93,default,default,0,23.894244246278525,30.849415235520503,20,B,,0.1667599924303571,-0.042298890065023534,0.43899898322216596,"[{""move_vx"": 3.5355339059327373, ""move_vy"": 3.5355339059327373, ""kick_power"": 0.0, ""kick_dir"": null}, {""move_vx"": 5.504370343785376, ""move_vy"": 1.8280883781852735, ""kick_power"": 0.0, ""kick_dir"": null}, {""move_vx"": 0.0, ""move_vy"": -5.4, ""kick_power"": 0.0, ""kick_dir"": null}, {""move_vx"": 0.0, ""move_vy"": 0.0, ""kick_power"": 0.4, ""kick_dir"": [0.9983006294645499, 0.058272550979071]}, {""move_vx"": 0.0, ""move_vy"": 0.0, ""kick_power"": 0.9, ""kick_dir"": [-0.2295830838791276, 0.9732889779243655]}, {""move_vx"": 0.0, ""move_vy"": 0.0, ""kick_power"": 0.0, ""kick_dir"": null}, {""move_vx"": 4.242640687119285, ""move_vy"": -4.242640687119285, ""kick_power"": 0.0, ""kick_dir"": null}, {""move_vx"": 0.0, ""move_vy"": 0.0, ""kick_power"": 0.4, ""kick_dir"": [0.9953256173296207, -0.09657578410405925]}, {""move_vx"": 6.1, ""move_vy"": 0.0, ""kick_power"": 0.0, ""kick_dir"": null}, {""move_vx"": 0.0, ""move_vy"": -6.0, ""kick_power"": 0.0, ""kick_dir"": null}, {""move_vx"": 7.176592011710999, ""move_vy"": 0.5801095564165941, ""kick_power"": 0.0, ""kick_dir"": null}, {""move_vx"": -5.0, ""move_vy"": 0.0, ""kick_power"": 0.0, ""kick_dir"": null}, {""move_vx"": -6.90923060617245, ""move_vy"": 0.8391259921667846, ""kick_power"": 0.0, ""kick_dir"": null}, {""move_vx"": -0.0, ""move_vy"": -5.4, ""kick_power"": 0.0, ""kick_dir"": null}, {""move_vx"": -5.4, ""move_vy"": 0.0, ""kick_power"": 0.0, ""kick_dir"": null}, {""move_vx"": -4.1012193308819755, ""move_vy"": 4.1012193308819755, ""kick_power"": 0.0, ""kick_dir"": null}, {""move_vx"": -7.01237502538538, ""move_vy"": 2.660187306065387, ""kick_power"": 0.0, ""kick_dir"": null}, {""move_vx"": -5.325695149061266, ""move_vy"": 0.8927324231063322, ""kick_power"": 0.0, ""kick_dir"": null}, {""move_vx"": -4.242640687119285, ""move_vy"": -4.242640687119285, ""kick_power"": 0.0, ""kick_dir"": null}, {""move_vx"": -5.627614350382597, ""move_vy"": -1.2278260151046905, ""kick_power"": 0.0, ""kick_dir"": null}, {""move_vx"": -4.030510955923072, ""move_vy"": 4.030506349602252, ""kick_power"": 0.0, ""kick_dir"": null}, {""move_vx"": -0.0, ""move_vy"": 0.0, ""kick_power"": 0.0, ""kick_dir"": null}]"
482,94,default,default,0,24.918508557428325,30.42515140924658,20,B,,0.15924811484632417,0.0725169755217695,0.45098776228700893,"[{""move_vx"": 3.5355339059327373, ""move_vy"": 3.5355339059327373, ""kick_power"": 0.0, ""kick_dir"": null}, {""move_vx"": 5.50141055783464, ""move_vy"": 1.8369762856786027, ""kick_power"": 0.0, ""kick_dir"": null}, {""move_vx"": 0.0, ""move_vy"": -5.4, ""kick_power"": 0.0, ""kick_dir"": null}, {""move_vx"": 0.0, ""move_vy"": 0.0, ""kick_power"": 0.4, ""kick_dir"": [0.9969513078212312, 0.07802518048976433]}, {""move_vx"": 0.0, ""move_vy"": 0.0, ""kick_power"": 0.9, ""kick_dir"": [-0.2546120837013168, 0.9670431811597845]}, {""move_vx"": 0.0, ""move_vy"": 0.0, ""kick_power"": 0.0, ""kick_dir"": null}, {""move_vx"": 4.242640687119285, ""move_vy"": -4.242640687119285, ""kick_power"": 0.0, ""kick_dir"": null}, {""move_vx"": 0.0, ""move_vy"": 0.0, ""kick_power"": 0.4, ""kick_dir"": [0.9953256173296207, -0.09657578410405925]}, {""move_vx"": 0.0, ""move_vy"": 0.0, ""kick_power"": 1.0, ""kick_dir"": [0.9904107208909824, -0.13815412292735585]}, {""move_vx"": -4.242640687119285, ""move_vy"": -4.242640687119285, ""kick_power"": 0.0, ""kick_dir"": null}, {""move_vx"": -4.242640687119285, ""move_vy"": 4.242640687119285, ""kick_power"": 0.0, ""kick_dir"": null}, {""move_vx"": -0.0, ""move_vy"": -5.0, ""kick_power"": 0.0, ""kick_dir"": null}, {""move_vx"": -5.11873258962315, ""move_vy"": 2.7273754189568185, ""kick_power"": 0.0, ""kick_dir"": null}, {""move_vx"": -0.0, ""move_vy"": 0.0, ""kick_power"": 0.9, ""kick_dir"": [-0.9557510543572422, -0.2941766150364948]}, {""move_vx"": -5.4, ""move_vy"": 0.0, ""kick_power"": 0.0, ""kick_dir"": null}, {""move_vx"": -4.1012193308819755, ""move_vy"": 4.1012193308819755, ""kick_power"": 0.0, ""kick_dir"": null}, {""move_vx"": 6.0, ""move_vy"": 0.0, ""kick_power"": 0.0, ""kick_dir"": null}, {""move_vx"": -5.3208957219074415, ""move_vy"": 0.9209064646244408, ""kick_power"": 0.0, ""kick_dir"": null}, {""move_vx"": -4.242640687119285, ""move_vy"": -4.242640687119285, ""kick_power"": 0.0, ""kick_dir"": null}, {""move_vx"": -5.638454157777011, ""move_vy"": -1.1770449059603212, ""kick_power"": 0.0, ""kick_dir"": null}, {""move_vx"": -0.0, ""move_vy"": 0.0, ""kick_power"": 0.4, ""kick_dir"": [0.999712656583794, 0.023965794677678846]}, {""move_vx"": -0.0, ""move_vy"": 0.0, ""kick_power"": 0.0, ""kick_dir"": null}]"
482,95,default,default,0,23.662923120438325,29.696723145924356,20,B,,0.17174295114072874,-0.14397331873906313,0.3841198381303778,"[{""move_vx"": 3.5355339059327373, ""move_vy"": 3.5355339059327373, ""kick_power"": 0.0, ""kick_dir"": null}, {""move_vx"": 5.498199013855863, ""move_vy"": 1.8465664363987606, ""kick_power"": 0.0, ""kick_dir"": null}, {""move_vx"": 0.0, ""move_vy"": -5.4, ""kick_power"": 0.0, ""kick_dir"": null}, {""move_vx"": -3.8183766184073566, ""move_vy"": -3.8183766184073566, ""kick_power"": 0.0, ""kick_dir"": null}, {""move_vx"": 0.0, ""move_vy"": 0.0, ""kick_power"": 0.9, ""kick_dir"": [-0.2794175315762163, 0.9601696052618864]}, {""move_vx"": 0.0, ""move_vy"": 0.0, ""kick_power"": 0.0, ""kick_dir"": null}, {""move_vx"": -4.242640687119285, ""move_vy"": 4.242640687119285, ""kick_power"": 0.0, ""kick_dir"": null}, {""move_vx"": 0.0, ""move_vy"": 0.0, ""kick_power"": 0.4, ""kick_dir"": [0.9953256173296207, -0.09657578410405925]}, {""move_vx"": 6.1, ""move_vy"": 0.0, ""kick_power"": 0.0, ""kick_dir"": null}, {""move_vx"": -4.242640687119285, ""move_vy"": 4.242640687119285, ""kick_power"": 0.0, ""kick_dir"": null}, {""move_vx"": 7.17993200215334, ""move_vy"": 0.5371931165366278, ""kick_power"": 0.0, ""kick_dir"": null}, {""move_vx"": -5.0, ""move_vy"": 0.0, ""kick_power"": 0.0, ""kick_dir"": null}, {""move_vx"": -5.11873258962315, ""move_vy"": 2.727375418956818, ""kick_power"": 0.0, ""kick_dir"": null}, {""move_vx"": -3.8183766184073566, ""move_vy"": 3.8183766184073566, ""kick_power"": 0.0, ""kick_dir"": null}, {""move_vx"": -5.4, ""move_vy"": 0.0, ""kick_power"": 0.0, ""kick_dir"": null}, {""move_vx"": -4.1012193308819755, ""move_vy"": 4.1012193308819755, ""kick_power"": 0.0, ""kick_dir"": null}, {""move_vx"": 6.0, ""move_vy"": 0.0, ""kick_power"": 0.0, ""kick_dir"": null}, {""move_vx"": -0.0, ""move_vy"": 0.0, ""kick_power"": 0.4, ""kick_dir"": [-0.9994582863440832, -0.03290710930716479]}, {""move_vx"": -4.242640687119285, ""move_vy"": -4.242640687119285, ""kick_power"": 0.0, ""kick_dir"": null}, {""move_vx"": -5.615738163617471, ""move_vy"": -1.2810483510353081, ""kick_power"": 0.0, ""kick_dir"": null}, {""move_vx"": -3.8130989702479594, ""move_vy"": -4.236776633608851, ""kick_power"": 0.0, ""kick_dir"": null}, {""move_vx"": -0.0, ""move_vy"": 0.0, ""kick_power"": 0.0, ""kick_dir"": null}]"
482,96,default,default,0,23.373746996364233,29.447333655923977,20,B,,0.17551635983059918,-0.03661903885182425,0.4310311406910383,"[{""move_vx"": 3.5355339059327373, ""move_vy"": 3.5355339059327373, ""kick_power"": 0.0, ""kick_dir"": null}, {""move_vx"": 5.500207204018265, ""move_vy"": 1.8405761904538422, ""kick_power"": 0.0, ""kick_dir"": null}, {""move_vx"": 0.0, ""move_vy"": 0.0, ""kick_power"": 0.4, ""kick_dir"": [0.9852830394782459, 0.17093069770280583]}, {""move_vx"": -3.3235273582172913, ""move_vy"": -3.1657962504212414, ""kick_power"": 0.0, ""kick_dir"": null}, {""move_vx"": 0.0, ""move_vy"": 0.0, ""kick_power"": 0.4, ""kick_dir"": [0.7764858864184365, -0.6301344637069535]}, {""move_vx"": 0.0, ""move_vy"": 0.0, ""kick_power"": 0.0, ""kick_dir"": null}, {""move_vx"": 0.0, ""move_vy"": 0.0, ""kick_power"": 0.4, ""kick_dir"": [-0.9764389089177008, 0.21579169852512875]}, {""move_vx"": 0.0, ""move_vy"": 0.0, ""kick_power"": 0.4, ""kick_dir"": [0.9953256173296207, -0.09657578410405925]}, {""move_vx"": 6.1, ""move_vy"": 0.0, ""kick_power"": 0.0, ""kick_dir"": null}, {""move_vx"": -4.242640687119285, ""move_vy"": 4.242640687119285, ""kick_power"": 0.0, ""kick_dir"": null}, {""move_vx"": -5.094045348206874, ""move_vy"": -2.557479616812595, ""kick_power"": 0.0, ""kick_dir"": null}, {""move_vx"": -5.229499445669782, ""move_vy"": 0.463503557418326, ""kick_power"": 0.0, ""kick_dir"": null}, {""move_vx"": -5.11873258962315, ""move_vy"": 2.727375418956817, ""kick_power"": 0.0, ""kick_dir"": null}, {""move_vx"": -0.0, ""move_vy"": -5.4, ""kick_power"": 0.0, ""kick_dir"": null}, {""move_vx"": -5.4, ""move_vy"": 0.0, ""kick_power"": 0.0, ""kick_dir"": null}, {""move_vx"": -4.1012193308819755, ""move_vy"": 4.1012193308819755, ""kick_power"": 0.0, ""kick_dir"": null}, {""move_vx"": -7.030223359782524, ""move_vy"": 2.612653729748378, ""kick_power"": 0.0, ""kick_dir"": null}, {""move_vx"": -4.314316717993174, ""move_vy"": 4.169732756046195, ""kick_power"": 0.0, ""kick_dir"": null}, {""move_vx"": -4.242640687119285, ""move_vy"": -4.242640687119285, ""kick_power"": 0.0, ""kick_dir"": null}, {""move_vx"": -3.7447961251188153, ""move_vy"": -4.789874944222981, ""kick_power"": 0.0, ""kick_dir"": null}, {""move_vx"": -4.016493152419506, ""move_vy"": -4.044475584864768, ""kick_power"": 0.0, ""kick_dir"": null}, {""move_vx"": -0.0, ""move_vy"": 0.0, ""kick_power"": 0.0, ""kick_dir"": null}]"
482,97,default,default,0,23.103729983784596,29.1799444387743,20,B,,0.17893237526865532,-0.03851524754225088,0.4343691476754282,"[{""move_vx"": 3.5355339059327373, ""move_vy"": 3.5355339059327373, ""kick_power"": 0.0, ""kick_dir"": null}, {""move_vx"": 5.499630129349231, ""move_vy"": 1.842299769406207, ""kick_power"": 0.0, ""kick_dir"": null}, {""move_vx"": 0.0, ""move_vy"": -5.4, ""kick_power"": 0.0, ""kick_dir"": null}, {""move_vx"": -3.3235273582172966, ""move_vy"": -3.165796250421236, ""kick_power"": 0.0, ""kick_dir"": null}, {""move_vx"": -3.5813453030760813, ""move_vy"": -6.63517639706247, ""kick_power"": 0.0, ""kick_dir"": null}, {""move_vx"": 4.313351365237939, ""move_vy"": -4.313351365237939, ""kick_power"": 0.0, ""kick_dir"": null}, {""move_vx"": 0.0, ""move_vy"": 0.0, ""kick_power"": 0.4, ""kick_dir"": [0.9981932545934559, 0.06008490682848429]}, {""move_vx"": 0.0, ""move_vy"": 0.0, ""kick_power"": 0.4, ""kick_dir"": [0.9953256173296207, -0.09657578410405925]}, {""move_vx"": 6.1, ""move_vy"": 0.0, ""kick_power"": 0.0, ""kick_dir"": null}, {""move_vx"": 0.0, ""move_vy"": 0.0, ""kick_power"": 0.4, ""kick_dir"": [-0.3314492326546996, 0.9434729654050312]}, {""move_vx"": -5.064751423811057, ""move_vy"": -2.615013004748517, ""kick_power"": 0.0, ""kick_dir"": null}, {""move_vx"": -5.0, ""move_vy"": 0.0, ""kick_power"": 0.0, ""kick_dir"": null}, {""move_vx"": -5.110207296334793, ""move_vy"": 2.7433157653625377, ""kick_power"": 0.0, ""kick_dir"": null}, {""move_vx"": -0.0, ""move_vy"": -5.4, ""kick_power"": 0.0, ""kick_dir"": null}, {""move_vx"": -5.4, ""move_vy"": 0.0, ""kick_power"": 0.0, ""kick_dir"": null}, {""move_vx"": -5.8, ""move_vy"": 0.0, ""kick_power"": 0.0, ""kick_dir"": null}, {""move_vx"": -7.030223359782525, ""move_vy"": 2.6126537297483785, ""kick_power"": 0.0, ""kick_dir"": null}, {""move_vx"": -4.314316717993176, ""move_vy"": 4.169732756046194, ""kick_power"": 0.0, ""kick_dir"": null}, {""move_vx"": -4.242640687119285, ""move_vy"": -4.242640687119285, ""kick_power"": 0.0, ""kick_dir"": null}, {""move_vx"": -3.7648882651582776, ""move_vy"": -4.7740984856696755, ""kick_power"": 0.0, ""kick_dir"": null}, {""move_vx"": -4.029584554240431, ""move_vy"": -4.031432539461244, ""kick_power"": 0.0, ""kick_dir"": null}, {""move_vx"": -0.0, ""move_vy"": 0.0, ""kick_power"": 0.0, ""kick_dir"": null}]"
482,98,default,default,0,22.834942624863665,28.911330621854926,20,B,,0.18214510409102128,-0.039516497223402385,0.4328997446356935,"[{""move_vx"": 3.5355339059327373, ""move_vy"": 3.5355339059327373, ""kick_power"": 0.0, ""kick_dir"": null}, {""move_vx"": 5.49923402448704, ""move_vy"": 1.8434817991843777, ""kick_power"": 0.0, ""kick_dir"": null}, {""move_vx"": 5.4, ""move_vy"": 0.0, ""kick_power"": 0.0, ""kick_dir"": null}, {""move_vx"": -3.3235273582173024, ""move_vy"": -3.1657962504212294, ""kick_power"": 0.0, ""kick_dir"": null}, {""move_vx"": -3.6148029212136046, ""move_vy"": -6.617008375450767, ""kick_power"": 0.0, ""kick_dir"": null}, {""move_vx"": 4.313351365237939, ""move_vy"": 4.313351365237939, ""kick_power"": 0.0, ""kick_dir"": null}, {""move_vx"": 0.0, ""move_vy"": 0.0, ""kick_power"": 0.4, ""kick_dir"": [0.998135499439485, 0.06103682680839494]}, {""move_vx"": 0.0, ""move_vy"": 0.0, ""kick_power"": 0.4, ""kick_dir"": [0.9953256173296207, -0.09657578410405925]}, {""move_vx"": 6.1, ""move_vy"": 0.0, ""kick_power"": 0.0, ""kick_dir"": null}, {""move_vx"": 0.0, ""move_vy"": 0.0, ""kick_power"": 0.4, ""kick_dir"": [-0.3412676233928569, 0.9399660815549262]}, {""move_vx"": -5.031937719988543, ""move_vy"": -2.677611394910864, ""kick_power"": 0.0, ""kick_dir"": null}, {""move_vx"": -5.0, ""move_vy"": 0.0, ""kick_power"": 0.0, ""kick_dir"": null}, {""move_vx"": -5.101467281388608, ""move_vy"": 2.7595346667366814, ""kick_power"": 0.0, ""kick_dir"": null}, {""move_vx"": -0.0, ""move_vy"": -5.4, ""kick_power"": 0.0, ""kick_dir"": null}, {""move_vx"": -5.4, ""move_vy"": 0.0, ""kick_power"": 0.0, ""kick_dir"": null}, {""move_vx"": -4.1012193308819755, ""move_vy"": 4.1012193308819755, ""kick_power"": 0.0, ""kick_dir"": null}, {""move_vx"": -7.030223359782524, ""move_vy"": 2.612653729748378, ""kick_power"": 0.0, ""kick_dir"": null}, {""move_vx"": -4.314316717993176, ""move_vy"": 4.169732756046195, ""kick_power"": 0.0, ""kick_dir"": null}, {""move_vx"": -4.242640687119285, ""move_vy"": -4.242640687119285, ""kick_power"": 0.0, ""kick_dir"": null}, {""move_vx"": -3.77744956997957, ""move_vy"": -4.764165692570018, ""kick_power"": 0.0, ""kick_dir"": null}, {""move_vx"": -4.030447631013851, ""move_vy"": -4.030569673588938, ""kick_power"": 0.0, ""kick_dir"": null}, {""move_vx"": -0.0, ""move_vy"": 0.0, ""kick_power"": 0.0, ""kick_dir"": null}]"
482,99,default,default,0,22.56623631753102,28.642635775389245,20,B,,0.1851500137983876,-0.027019991310358156,0.4343375349588632,"[{""move_vx"": 3.5355339059327373, ""move_vy"": 3.5355339059327373, ""kick_power"": 0.0, ""kick_dir"": null}, {""move_vx"": -4.1012193308819755, ""move_vy"": 4.1012193308819755, ""kick_power"": 0.0, ""kick_dir"": null}, {""move_vx"": 0.0, ""move_vy"": -5.4, ""kick_power"": 0.0, ""kick_dir"": null}, {""move_vx"": -3.3235273582173104, ""move_vy"": -3.165796250421222, ""kick_power"": 0.0, ""kick_dir"": null}, {""move_vx"": -3.6473172809640597, ""move_vy"": -6.599142114849546, ""kick_power"": 0.0, ""kick_dir"": null}, {""move_vx"": -5.4020930391727635, ""move_vy"": 0.9785145865653615, ""kick_power"": 0.0, ""kick_dir"": null}, {""move_vx"": 0.0, ""move_vy"": 0.0, ""kick_power"": 0.4, ""kick_dir"": [0.9980682542083492, 0.062126719987923504]}, {""move_vx"": 0.0, ""move_vy"": 0.0, ""kick_power"": 0.4, ""kick_dir"": [0.9953256173296207, -0.09657578410405925]}, {""move_vx"": 6.1, ""move_vy"": 0.0, ""kick_power"": 0.0, ""kick_dir"": null}, {""move_vx"": 0.0, ""move_vy"": 0.0, ""kick_power"": 0.4, ""kick_dir"": [-0.3130346252339565, 0.9497416210934355]}, {""move_vx"": -4.998465526732532, ""move_vy"": -2.739587994218559, ""kick_power"": 0.0, ""kick_dir"": null}, {""move_vx"": -5.229562337294304, ""move_vy"": 0.4627934316225092, ""kick_power"": 0.0, ""kick_dir"": null}, {""move_vx"": -5.092618821534293, ""move_vy"": 2.7758302431082975, ""kick_power"": 0.0, ""kick_dir"": null}, {""move_vx"": -0.0, ""move_vy"": -5.4, ""kick_power"": 0.0, ""kick_dir"": null}, {""move_vx"": -5.4, ""move_vy"": 0.0, ""kick_power"": 0.0, ""kick_dir"": null}, {""move_vx"": -5.8, ""move_vy"": 0.0, ""kick_power"": 0.0, ""kick_dir"": null}, {""move_vx"": -7.030223359782525, ""move_vy"": 2.612653729748378, ""kick_power"": 0.0, ""kick_dir"": null}, {""move_vx"": -0.0, ""move_vy"": 0.0, ""kick_power"": 0.4, ""kick_dir"": [-0.5561065258272102, 0.8311108289854761]}, {""move_vx"": -4.242640687119285, ""move_vy"": -4.242640687119285, ""kick_power"": 0.0, ""kick_dir"": null}, {""move_vx"": -3.789270499640214, ""move_vy"": -4.754769088037441, ""kick_power"": 0.0, ""kick_dir"": null}, {""move_vx"": -4.030504622861628, ""move_vy"": -4.0305126826609845, ""kick_power"": 0.0, ""kick_dir"": null}, {""move_vx"": -0.0, ""move_vy"": 0.0, ""kick_power"": 0.0, ""kick_dir"": null}]"
482,100,default,default,0,22.297535362237035,28.373935576981033,20,B,,0.18793127200564932,-0.03316287114139837,0.4354465489753094,"[{""move_vx"": 3.5355339059327373, ""move_vy"": 3.5355339059327373, ""kick_power"": 0.0, ""kick_dir"": null}, {""move_vx"": 5.661895572674444, ""move_vy"": -1.25814884816127, ""kick_power"": 0.0, ""kick_dir"": null}, {""move_vx"": 0.0, ""move_vy"": -5.4, ""kick_power"": 0.0, ""kick_dir"": null}, {""move_vx"": -3.3235273582173126, ""move_vy"": -3.1657962504212187, ""kick_power"": 0.0, ""kick_dir"": null}, {""move_vx"": -3.679369108727815, ""move_vy"": -6.581325319549208, ""kick_power"": 0.0, ""kick_dir"": null}, {""move_vx"": -5.4153694844359865, ""move_vy"": 0.9021492930992693, ""kick_power"": 0.0, ""kick_dir"": null}, {""move_vx"": 0.0, ""move_vy"": 0.0, ""kick_power"": 0.4, ""kick_dir"": [0.9980682542083492, 0.062126719987923504]}, {""move_vx"": 0.0, ""move_vy"": 0.0, ""kick_power"": 0.4, ""kick_dir"": [0.9953256173296207, -0.09657578410405925]}, {""move_vx"": 6.1, ""move_vy"": 0.0, ""kick_power"": 0.0, ""kick_dir"": null}, {""move_vx"": 0.0, ""move_vy"": 0.0, ""kick_power"": 0.4, ""kick_dir"": [-0.32276062836218083, 0.9464805305582575]}, {""move_vx"": -4.964526624216097, ""move_vy"": -2.8006205379253934, ""kick_power"": 0.0, ""kick_dir"": null}, {""move_vx"": -5.0, ""move_vy"": 0.0, ""kick_power"": 0.0, ""kick_dir"": null}, {""move_vx"": -5.0836913684945815, ""move_vy"": 2.7921464986446702, ""kick_power"": 0.0, ""kick_dir"": null}, {""move_vx"": -0.0, ""move_vy"": -5.4, ""kick_power"": 0.0, ""kick_dir"": null}, {""move_vx"": -5.4, ""move_vy"": 0.0, ""kick_power"": 0.0, ""kick_dir"": null}, {""move_vx"": -5.8, ""move_vy"": 0.0, ""kick_power"": 0.0, ""kick_dir"": null}, {""move_vx"": -7.030223359782524, ""move_vy"": 2.612653729748378, ""kick_power"": 0.0, ""kick_dir"": null}, {""move_vx"": -0.0, ""move_vy"": 0.0, ""kick_power"": 0.4, ""kick_dir"": [-0.6075902276013113, 0.7942504564730625]}, {""move_vx"": -4.242640687119285, ""move_vy"": -4.242640687119285, ""kick_power"": 0.0, ""kick_dir"": null}, {""move_vx"": -3.800802752156182, ""move_vy"": -4.745555651259608, ""kick_power"": 0.0, ""kick_dir"": null}, {""move_vx"": -4.030508386625181, ""move_vy"": -4.0305089189014405, ""kick_power"": 0.0, ""kick_dir"": null}, {""move_vx"": -0.0, ""move_vy"": 0.0, ""kick_power"": 0.0, ""kick_dir"": null}]"
482,101,default,default,0,22.028834760393444,28.105235025122845,20,B,,0.19047157836751175,-0.03312057265488996,0.4366328323657273,"[{""move_vx"": 3.5355339059327373, ""move_vy"": 3.5355339059327373, ""kick_power"": 0.0, ""kick_dir"": null}, {""move_vx"": -4.1012193308819755, ""move_vy"": 4.1012193308819755, ""kick_power"": 0.0, ""kick_dir"": null}, {""move_vx"": 0.0, ""move_vy"": -5.4, ""kick_power"": 0.0, ""kick_dir"": null}, {""move_vx"": 0.0, ""move_vy"": 5.4, ""kick_power"": 0.0, ""kick_dir"": null}, {""move_vx"": -3.7109921126870686, ""move_vy"": -6.56354611011261, ""kick_power"": 0.0, ""kick_dir"": null}, {""move_vx"": -5.427526425626192, ""move_vy"": 0.8258673617048743, ""kick_power"": 0.0, ""kick_dir"": null}, {""move_vx"": 0.0, ""move_vy"": 0.0, ""kick_power"": 0.4, ""kick_dir"": [0.9980476574701237, 0.06245672736580764]}, {""move_vx"": 0.0, ""move_vy"": 0.0, ""kick_power"": 0.4, ""kick_dir"": [0.9953256173296207, -0.09657578410405925]}, {""move_vx"": 6.1, ""move_vy"": 0.0, ""kick_power"": 0.0, ""kick_dir"": null}, {""move_vx"": 0.0, ""move_vy"": 0.0, ""kick_power"": 0.4, ""kick_dir"": [-0.33307189584919933, 0.9429013332931135]}, {""move_vx"": -4.930141099769575, ""move_vy"": -2.8607182203710386, ""kick_power"": 0.0, ""kick_dir"": null}, {""move_vx"": -5.229653853178282, ""move_vy"": 0.46175813575675934, ""kick_power"": 0.0, ""kick_dir"": null}, {""move_vx"": -5.074725404702022, ""move_vy"": 2.8084091701302887, ""kick_power"": 0.0, ""kick_dir"": null}, {""move_vx"": -0.0, ""move_vy"": -5.4, ""kick_power"": 0.0, ""kick_dir"": null}, {""move_vx"": -5.4, ""move_vy"": 0.0, ""kick_power"": 0.0, ""kick_dir"": null}, {""move_vx"": -5.799214580843835, ""move_vy"": -0.09544760514678073, ""kick_power"": 0.0, ""kick_dir"": null}, {""move_vx"": -7.030223359782525, ""move_vy"": 2.612653729748378, ""kick_power"": 0.0, ""kick_dir"": null}, {""move_vx"": -0.0, ""move_vy"": 0.0, ""kick_power"": 0.4, ""kick_dir"": [-0.6582174711602233, 0.7528276219331119]}, {""move_vx"": -4.242640687119285, ""move_vy"": -4.242640687119285, ""kick_power"": 0.0, ""kick_dir"": null}, {""move_vx"": -3.8120812270315367, ""move_vy"": -4.736500471710493, ""kick_power"": 0.0, ""kick_dir"": null}, {""move_vx"": -4.030508635187326, ""move_vy"": -4.030508670339315, ""kick_power"": 0.0, ""kick_dir"": null}, {""move_vx"": -0.0, ""move_vy"": 0.0, ""kick_power"": 0.0, ""kick_dir"": null}]"
482,102,default,default,0,21.760134181892017,27.8365344499225,20,B,,0.19275300002764942,-0.04007061930096745,0.43768892884695765,"[{""move_vx"": 3.5355339059327373, ""move_vy"": 3.5355339059327373, ""kick_power"": 0.0, ""kick_dir"": null}, {""move_vx"": 6.951682872012172, ""move_vy"": 0.34015473974736926, ""kick_power"": 0.0, ""kick_dir"": null}, {""move_vx"": 0.0, ""move_vy"": -5.4, ""kick_power"": 0.0, ""kick_dir"": null}, {""move_vx"": 0.0, ""move_vy"": 5.4, ""kick_power"": 0.0, ""kick_dir"": null}, {""move_vx"": -3.742190438704949, ""move_vy"": -6.545808637629523, ""kick_power"": 0.0, ""kick_dir"": null}, {""move_vx"": -5.43856812857554, ""move_vy"": 0.7497177541197477, ""kick_power"": 0.0, ""kick_dir"": null}, {""move_vx"": 0.0, ""move_vy"": 0.0, ""kick_power"": 0.4, ""kick_dir"": [0.9980476574701237, 0.06245672736580764]}, {""move_vx"": 0.0, ""move_vy"": 0.0, ""kick_power"": 0.4, ""kick_dir"": [0.9953256173296207, -0.09657578410405925]}, {""move_vx"": 6.1, ""move_vy"": 0.0, ""kick_power"": 0.0, ""kick_dir"": null}, {""move_vx"": 0.0, ""move_vy"": 0.0, ""kick_power"": 0.4, ""kick_dir"": [-0.34401860810982743, 0.9389627272848406]}, {""move_vx"": -4.895316804588223, ""move_vy"": -2.919909824415156, ""kick_power"": 0.0, ""kick_dir"": null}, {""move_vx"": -5.0, ""move_vy"": 0.0, ""kick_power"": 0.0, ""kick_dir"": null}, {""move_vx"": -5.065775571466378, ""move_vy"": 2.8245208194549565, ""kick_power"": 0.0, ""kick_dir"": null}, {""move_vx"": -0.0, ""move_vy"": -5.4, ""kick_power"": 0.0, ""kick_dir"": null}, {""move_vx"": -5.4, ""move_vy"": 0.0, ""kick_power"": 0.0, ""kick_dir"": null}, {""move_vx"": -5.8, ""move_vy"": 0.0, ""kick_power"": 0.0, ""kick_dir"": null}, {""move_vx"": -7.030223359782524, ""move_vy"": 2.6126537297483776, ""kick_power"": 0.0, ""kick_dir"": null}, {""move_vx"": -0.0, ""move_vy"": 0.0, ""kick_power"": 0.4, ""kick_dir"": [-0.7071488763105455, 0.707064446311603]}, {""move_vx"": -4.242640687119285, ""move_vy"": -4.242640687119285, ""kick_power"": 0.0, ""kick_dir"": null}, {""move_vx"": -3.8231132074292553, ""move_vy"": -4.727600385309655, ""kick_power"": 0.0, ""kick_dir"": null}, {""move_vx"": -4.030508651602591, ""move_vy"": -4.030508653924049, ""kick_power"": 0.0, ""kick_dir"": null}, {""move_vx"": -0.0, ""move_vy"": 0.0, ""kick_power"": 0.0, ""kick_dir"": null}]"
482,103,default,default,0,21.491433604932123,27.567833873180614,20,B,,0.1947572564325665,-0.04186159628106796,0.43641438795917464,"[{""move_vx"": 3.5355339059327373, ""move_vy"": 3.5355339059327373, ""kick_power"": 0.0, ""kick_dir"": null}, {""move_vx"": 5.498987501790227, ""move_vy"": 1.8442170303830518, ""kick_power"": 0.0, ""kick_dir"": null}, {""move_vx"": 5.4, ""move_vy"": 0.0, ""kick_power"": 0.0, ""kick_dir"": null}, {""move_vx"": 0.0, ""move_vy"": 5.4, ""kick_power"": 0.0, ""kick_dir"": null}, {""move_vx"": -3.7729663610736814, ""move_vy"": -6.528118016565449, ""kick_power"": 0.0, ""kick_dir"": null}, {""move_vx"": -5.448501043212893, ""move_vy"": 0.67374801083789, ""kick_power"": 0.0, ""kick_dir"": null}, {""move_vx"": 0.0, ""move_vy"": 0.0, ""kick_power"": 0.4, ""kick_dir"": [0.9980071593438467, 0.06310054863266423]}, {""move_vx"": 0.0, ""move_vy"": 0.0, ""kick_power"": 0.4, ""kick_dir"": [0.9953256173296207, -0.09657578410405925]}, {""move_vx"": 6.1, ""move_vy"": 0.0, ""kick_power"": 0.0, ""kick_dir"": null}, {""move_vx"": 0.0, ""move_vy"": 0.0, ""kick_power"": 0.4, ""kick_dir"": [-0.3556561698277598, 0.934616760097571]}, {""move_vx"": -4.860064888931097, ""move_vy"": -2.978215787242279, ""kick_power"": 0.0, ""kick_dir"": null}, {""move_vx"": -5.229745095793948, ""move_vy"": 0.46072359720243294, ""kick_power"": 0.0, ""kick_dir"": null}, {""move_vx"": -5.056915569440457, ""move_vy"": 2.8403529575654334, ""kick_power"": 0.0, ""kick_dir"": null}, {""move_vx"": -0.0, ""move_vy"": -5.4, ""kick_power"": 0.0, ""kick_dir"": null}, {""move_vx"": -5.4, ""move_vy"": 0.0, ""kick_power"": 0.0, ""kick_dir"": null}, {""move_vx"": -4.1012193308819755, ""move_vy"": 4.1012193308819755, ""kick_power"": 0.0, ""kick_dir"": null}, {""move_vx"": -7.030223359782525, ""move_vy"": 2.6126537297483776, ""kick_power"": 0.0, ""kick_dir"": null}, {""move_vx"": -0.0, ""move_vy"": 0.0, ""kick_power"": 0.4, ""kick_dir"": [-0.7535570285979668, 0.6573822841552805]}, {""move_vx"": -4.242640687119285, ""move_vy"": -4.242640687119285, ""kick_power"": 0.0, ""kick_dir"": null}, {""move_vx"": -3.833904053222849, ""move_vy"": -4.718853643702188, ""kick_power"": 0.0, ""kick_dir"": null}, {""move_vx"": -4.030508652686667, ""move_vy"": -4.030508652839975, ""kick_power"": 0.0, ""kick_dir"": null}, {""move_vx"": -0.0, ""move_vy"": 0.0, ""kick_power"": 0.0, ""kick_dir"": null}]"
482,104,default,default,0,21.22273302807404,27.299133296336926,20,B,,0.19828546195512825,-0.03394342255905629,0.43746695678131614,"[{""move_vx"": 4.999995244118981, ""move_vy"": -0.00689628795546763, ""kick_power"": 0.0, ""kick_dir"": null}, {""move_vx"": -4.1012193308819755, ""move_vy"": 4.1012193308819755, ""kick_power"": 0.0, ""kick_dir"": null}, {""move_vx"": 0.0, ""move_vy"": -5.4, ""kick_power"": 0.0, ""kick_dir"": null}, {""move_vx"": 0.0, ""move_vy"": 5.4, ""kick_power"": 0.0, ""kick_dir"": null}, {""move_vx"": -4.1012193308819755, ""move_vy"": -4.1012193308819755, ""kick_power"": 0.0, ""kick_dir"": null}, {""move_vx"": -5.457333602841753, ""move_vy"": 0.5980049726333809, ""kick_power"": 0.0, ""kick_dir"": null}, {""move_vx"": 0.0, ""move_vy"": 0.0, ""kick_power"": 0.4, ""kick_dir"": [0.9979210791560725, 0.06444756823445064]}, {""move_vx"": 0.0, ""move_vy"": 0.0, ""kick_power"": 0.4, ""kick_dir"": [0.9953256173296207, -0.09657578410405925]}, {""move_vx"": 6.1, ""move_vy"": 0.0, ""kick_power"": 0.0, ""kick_dir"": null}, {""move_vx"": 0.0, ""move_vy"": 0.0, ""kick_power"": 0.4, ""kick_dir"": [-0.3235148783727203, 0.9462229760326758]}, {""move_vx"": -4.82440975981583, ""move_vy"": -3.0356334543870345, ""kick_power"": 0.0, ""kick_dir"": null}, {""move_vx"": -5.229864512039521, ""move_vy"": 0.4593660693930547, ""kick_power"": 0.0, ""kick_dir"": null}, {""move_vx"": -5.048244614581446, ""move_vy"": 2.855735686534982, ""kick_power"": 0.0, ""kick_dir"": null}, {""move_vx"": -0.0, ""move_vy"": -5.4, ""kick_power"": 0.0, ""kick_dir"": null}, {""move_vx"": -5.4, ""move_vy"": 0.0, ""kick_power"": 0.0, ""kick_dir"": null}, {""move_vx"": -4.1012193308819755, ""move_vy"": 4.1012193308819755, ""kick_power"": 0.0, ""kick_dir"": null}, {""move_vx"": -7.030223359782525, ""move_vy"": 2.6126537297483767, ""kick_power"": 0.0, ""kick_dir"": null}, {""move_vx"": -0.0, ""move_vy"": 0.0, ""kick_power"": 0.4, ""kick_dir"": [-0.7966887007661317, 0.6043895903488375]}, {""move_vx"": -4.242640687119285, ""move_vy"": -4.242640687119285, ""kick_power"": 0.0, ""kick_dir"": null}, {""move_vx"": -3.8444588991243545, ""move_vy"": -4.710258567525095, ""kick_power"": 0.0, ""kick_dir"": null}, {""move_vx"": -4.030508652758255, ""move_vy"": -4.030508652768385, ""kick_power"": 0.0, ""kick_dir"": null}, {""move_vx"": -0.0, ""move_vy"": 0.0, ""kick_power"": 0.0, ""kick_dir"": null}]"
482,105,default,default,0,20.954032451222673,27.030432719486512,20,B,,0.20165138786234635,-0.03657374282525367,0.4377709535962188,"[{""move_vx"": 4.999960824999725, ""move_vy"": -0.019792636713323056, ""kick_power"": 0.0, ""kick_dir"": null}, {""move_vx"": -4.1012193308819755, ""move_vy"": 4.1012193308819755, ""kick_power"": 0.0, ""kick_dir"": null}, {""move_vx"": 5.4, ""move_vy"": 0.0, ""kick_power"": 0.0, ""kick_dir"": null}, {""move_vx"": 0.0, ""move_vy"": 5.4, ""kick_power"": 0.0, ""kick_dir"": null}, {""move_vx"": -4.1012193308819755, ""move_vy"": -4.1012193308819755, ""kick_power"": 0.0, ""kick_dir"": null}, {""move_vx"": -5.465076164193863, ""move_vy"": 0.5225347065603428, ""kick_power"": 0.0, ""kick_dir"": null}, {""move_vx"": 0.0, ""move_vy"": 0.0, ""kick_power"": 0.4, ""kick_dir"": [0.9979210791560725, 0.06444756823445064]}, {""move_vx"": 0.0, ""move_vy"": 0.0, ""kick_power"": 0.4, ""kick_dir"": [0.9953256173296207, -0.09657578410405925]}, {""move_vx"": 6.1, ""move_vy"": 0.0, ""kick_power"": 0.0, ""kick_dir"": null}, {""move_vx"": 0.0, ""move_vy"": 0.0, ""kick_power"": 0.4, ""kick_dir"": [-0.3350817224029884, 0.9421889560754517]}, {""move_vx"": -4.788405585270088, ""move_vy"": -3.0921144789535555, ""kick_power"": 0.0, ""kick_dir"": null}, {""move_vx"": -5.229983319059236, ""move_vy"": 0.45801144348383555, ""kick_power"": 0.0, ""kick_dir"": null}, {""move_vx"": -5.039895463471561, ""move_vy"": 2.8704448640025784, ""kick_power"": 0.0, ""kick_dir"": null}, {""move_vx"": -0.0, ""move_vy"": -5.4, ""kick_power"": 0.0, ""kick_dir"": null}, {""move_vx"": -5.4, ""move_vy"": 0.0, ""kick_power"": 0.0, ""kick_dir"": null}, {""move_vx"": -4.1012193308819755, ""move_vy"": 4.1012193308819755, ""kick_power"": 0.0, ""kick_dir"": null}, {""move_vx"": -7.030223359782526, ""move_vy"": 2.612653729748377, ""kick_power"": 0.0, ""kick_dir"": null}, {""move_vx"": -0.0, ""move_vy"": 0.0, ""kick_power"": 0.4, ""kick_dir"": [-0.8359227524461849, 0.5488468059371157]}, {""move_vx"": -4.242640687119285, ""move_vy"": 4.242640687119285, ""kick_power"": 0.0, ""kick_dir"": null}, {""move_vx"": -3.854782768338399, ""move_vy"": -4.7018134596048515, ""kick_power"": 0.0, ""kick_dir"": null}, {""move_vx"": -4.0305086527629905, ""move_vy"": -4.03050865276365, ""kick_power"": 0.0, ""kick_dir"": null}, {""move_vx"": -0.0, ""move_vy"": 0.0, ""kick_power"": 0.0, ""kick_dir"": null}]"
482,106,default,default,0,20.685331874371748,26.761732142635655,20,B,,0.20483888168637718,-0.03834858919951684,0.4405143066446659,"[{""move_vx"": 4.999892160291381, ""move_vy"": -0.032838779770097914, ""kick_power"": 0.0, ""kick_dir"": null}, {""move_vx"": 5.504201350938193, ""move_vy"": 1.8285971366952771, ""kick_power"": 0.0, ""kick_dir"": null}, {""move_vx"": 0.0, ""move_vy"": -5.4, ""kick_power"": 0.0, ""kick_dir"": null}, {""move_vx"": 0.0, ""move_vy"": 5.4, ""kick_power"": 0.0, ""kick_dir"": null}, {""move_vx"": -4.1012193308819755, ""move_vy"": -4.1012193308819755, ""kick_power"": 0.0, ""kick_dir"": null}, {""move_vx"": -5.471740948130466, ""move_vy"": 0.4473823829257339, ""kick_power"": 0.0, ""kick_dir"": null}, {""move_vx"": 0.0, ""move_vy"": 0.0, ""kick_power"": 0.4, ""kick_dir"": [0.9979210791560725, 0.06444756823445064]}, {""move_vx"": 0.0, ""move_vy"": 0.0, ""kick_power"": 0.4, ""kick_dir"": [0.9953256173296207, -0.09657578410405925]}, {""move_vx"": 4.313351365237939, ""move_vy"": -4.313351365237939, ""kick_power"": 0.0, ""kick_dir"": null}, {""move_vx"": 0.0, ""move_vy"": 0.0, ""kick_power"": 0.4, ""kick_dir"": [-0.3008399256764628, 0.9536745389249507]}, {""move_vx"": -4.752164173627851, ""move_vy"": -3.1475285013622853, ""kick_power"": 0.0, ""kick_dir"": null}, {""move_vx"": -5.2301015194338865, ""move_vy"": 0.45665971621695484, ""kick_power"": 0.0, ""kick_dir"": null}, {""move_vx"": -5.032043386903608, ""move_vy"": 2.8841878150217037, ""kick_power"": 0.0, ""kick_dir"": null}, {""move_vx"": -0.0, ""move_vy"": -5.4, ""kick_power"": 0.0, ""kick_dir"": null}, {""move_vx"": -5.4, ""move_vy"": 0.0, ""kick_power"": 0.0, ""kick_dir"": null}, {""move_vx"": -4.1012193308819755, ""move_vy"": 4.1012193308819755, ""kick_power"": 0.0, ""kick_dir"": null}, {""move_vx"": -7.030223359782525, ""move_vy"": 2.6126537297483767, ""kick_power"": 0.0, ""kick_dir"": null}, {""move_vx"": -0.0, ""move_vy"": 0.0, ""kick_power"": 0.4, ""kick_dir"": [-0.8708138320448519, 0.49161258883780284]}, {""move_vx"": -4.242640687119285, ""move_vy"": -4.242640687119285, ""kick_power"": 0.0, ""kick_dir"": null}, {""move_vx"": -3.8648805815976193, ""move_vy"": -4.693516601652716, ""kick_power"": 0.0, ""kick_dir"": null}, {""move_vx"": -4.030508652763298, ""move_vy"": -4.030508652763343, ""kick_power"": 0.0, ""kick_dir"": null}, {""move_vx"": -0.0, ""move_vy"": 0.0, ""kick_power"": 0.0, ""kick_dir"": null}]"
482,107,default,default,0,22.109595943083676,27.185996211347586,20,B,,0.197445004741829,0.14263018519518844,0.49263276710404375,"[{""move_vx"": 4.999788049749394, ""move_vy"": -0.046037567085518316, ""kick_power"": 0.0, ""kick_dir"": null}, {""move_vx"": 5.500783090394337, ""move_vy"": 1.838854369555057, ""kick_power"": 0.0, ""kick_dir"": null}, {""move_vx"": 5.4, ""move_vy"": 0.0, ""kick_power"": 0.0, ""kick_dir"": null}, {""move_vx"": 0.0, ""move_vy"": 5.4, ""kick_power"": 0.0, ""kick_dir"": null}, {""move_vx"": -4.1012193308819755, ""move_vy"": -4.1012193308819755, ""kick_power"": 0.0, ""kick_dir"": null}, {""move_vx"": -5.4773419727295, ""move_vy"": 0.3725921547425735, ""kick_power"": 0.0, ""kick_dir"": null}, {""move_vx"": 0.0, ""move_vy"": 0.0, ""kick_power"": 0.4, ""kick_dir"": [0.9979210791560725, 0.06444756823445064]}, {""move_vx"": 0.0, ""move_vy"": 0.0, ""kick_power"": 0.4, ""kick_dir"": [0.9953256173296207, -0.09657578410405925]}, {""move_vx"": 4.313351365237939, ""move_vy"": -4.313351365237939, ""kick_power"": 0.0, ""kick_dir"": null}, {""move_vx"": 0.0, ""move_vy"": 0.0, ""kick_power"": 0.7, ""kick_dir"": [0.9433392101797108, 0.33182993458983395]}, {""move_vx"": -4.715899611793353, ""move_vy"": -3.2016075417651213, ""kick_power"": 0.0, ""kick_dir"": null}, {""move_vx"": -5.230219115736089, ""move_vy"": 0.45531088432938166, ""kick_power"": 0.0, ""kick_dir"": null}, {""move_vx"": -5.024913868037721, ""move_vy"": 2.8965912067121558, ""kick_power"": 0.0, ""kick_dir"": null}, {""move_vx"": -0.0, ""move_vy"": -5.4, ""kick_power"": 0.0, ""kick_dir"": null}, {""move_vx"": -5.4, ""move_vy"": 0.0, ""kick_power"": 0.0, ""kick_dir"": null}, {""move_vx"": -4.1012193308819755, ""move_vy"": 4.1012193308819755, ""kick_power"": 0.0, ""kick_dir"": null}, {""move_vx"": -7.030223359782526, ""move_vy"": 2.6126537297483767, ""kick_power"": 0.0, ""kick_dir"": null}, {""move_vx"": -0.0, ""move_vy"": 0.0, ""kick_power"": 0.4, ""kick_dir"": [-0.9011148836500711, 0.433580025607036]}, {""move_vx"": -4.242640687119285, ""move_vy"": -4.242640687119285, ""kick_power"": 0.0, ""kick_dir"": null}, {""move_vx"": -4.26960568563728, ""move_vy"": 4.767647982933913, ""kick_power"": 0.0, ""kick_dir"": null}, {""move_vx"": 6.0, ""move_vy"": 0.0, ""kick_power"": 0.0, ""kick_dir"": null}, {""move_vx"": -0.0, ""move_vy"": 0.0, ""kick_power"": 0.0, ""kick_dir"": null}]"
482,108,default,default,0,20.802489161897128,26.47888943016104,20,B,,0.20489979552205553,-0.16578028296938388,0.39280800457212744,"[{""move_vx"": 3.5355339059327373, ""move_vy"": 3.5355339059327373, ""kick_power"": 0.0, ""kick_dir"": null}, {""move_vx"": 5.499176890146125, ""move_vy"": 1.84365222612151, ""kick_power"": 0.0, ""kick_dir"": null}, {""move_vx"": 5.4, ""move_vy"": 0.0, ""kick_power"": 0.0, ""kick_dir"": null}, {""move_vx"": 0.0, ""move_vy"": 0.0, ""kick_power"": 0.9, ""kick_dir"": [0.6892137132193854, 0.7245580223994996]}, {""move_vx"": 0.0, ""move_vy"": 0.0, ""kick_power"": 0.9, ""kick_dir"": [-0.06736150816755412, 0.9977285687764579]}, {""move_vx"": 0.0, ""move_vy"": 0.0, ""kick_power"": 0.0, ""kick_dir"": null}, {""move_vx"": 0.0, ""move_vy"": 0.0, ""kick_power"": 0.4, ""kick_dir"": [-0.8330536377455423, 0.553191320105141]}, {""move_vx"": 0.0, ""move_vy"": 0.0, ""kick_power"": 0.4, ""kick_dir"": [0.9953256173296207, -0.09657578410405925]}, {""move_vx"": 4.313351365237939, ""move_vy"": -4.313351365237939, ""kick_power"": 0.0, ""kick_dir"": null}, {""move_vx"": -4.242640687119285, ""move_vy"": -4.242640687119285, ""kick_power"": 0.0, ""kick_dir"": null}, {""move_vx"": 0.0, ""move_vy"": 0.0, ""kick_power"": 0.65, ""kick_dir"": [-0.08144065974693307, 0.996678089361463]}, {""move_vx"": -5.0, ""move_vy"": 0.0, ""kick_power"": 0.0, ""kick_dir"": null}, {""move_vx"": -5.018783505181077, ""move_vy"": 2.9072000495532357, ""kick_power"": 0.0, ""kick_dir"": null}, {""move_vx"": -0.0, ""move_vy"": -5.4, ""kick_power"": 0.0, ""kick_dir"": null}, {""move_vx"": -5.4, ""move_vy"": 0.0, ""kick_power"": 0.0, ""kick_dir"": null}, {""move_vx"": -5.8, ""move_vy"": 0.0, ""kick_power"": 0.0, ""kick_dir"": null}, {""move_vx"": 6.0, ""move_vy"": 0.0, ""kick_power"": 0.0, ""kick_dir"": null}, {""move_vx"": -0.0, ""move_vy"": 0.0, ""kick_power"": 0.4, ""kick_dir"": [-0.8899526339214431, 0.45605263020821035]}, {""move_vx"": -4.242640687119285, ""move_vy"": -4.242640687119285, ""kick_power"": 0.0, ""kick_dir"": null}, {""move_vx"": -2.820397572881712, ""move_vy"": -6.099488300741544, ""kick_power"": 0.0, ""kick_dir"": null}, {""move_vx"": -4.242640687119285, ""move_vy"": -4.242640687119285, ""kick_power"": 0.0, ""kick_dir"": null}, {""move_vx"": -0.0, ""move_vy"": 0.0, ""kick_power"": 0.0, ""kick_dir"": null}]"
482,109,default,default,0,22.226753230609056,26.903153498872967,20,B,,0.19803248593893358,0.14733497928997946,0.49309379381577356,"[{""move_vx"": 3.851227016503827, ""move_vy"": -2.7803867478016486, ""kick_power"": 0.0, ""kick_dir"": null}, {""move_vx"": -4.1012193308819755, ""move_vy"": 4.1012193308819755, ""kick_power"": 0.0, ""kick_dir"": null}, {""move_vx"": 5.4, ""move_vy"": 0.0, ""kick_power"": 0.0, ""kick_dir"": null}, {""move_vx"": 0.0, ""move_vy"": 5.4, ""kick_power"": 0.0, ""kick_dir"": null}, {""move_vx"": -4.1012193308819755, ""move_vy"": -4.1012193308819755, ""kick_power"": 0.0, ""kick_dir"": null}, {""move_vx"": -5.4817962043097435, ""move_vy"": 0.30001729019389667, ""kick_power"": 0.0, ""kick_dir"": null}, {""move_vx"": 0.0, ""move_vy"": 0.0, ""kick_power"": 0.4, ""kick_dir"": [0.997773394218905, 0.06669499968475583]}, {""move_vx"": 0.0, ""move_vy"": 0.0, ""kick_power"": 0.4, ""kick_dir"": [0.9953256173296207, -0.09657578410405925]}, {""move_vx"": 4.313351365237939, ""move_vy"": -4.313351365237939, ""kick_power"": 0.0, ""kick_dir"": null}, {""move_vx"": -4.242640687119285, ""move_vy"": -4.242640687119285, ""kick_power"": 0.0, ""kick_dir"": null}, {""move_vx"": -4.622590732637339, ""move_vy"": -3.334914529419814, ""kick_power"": 0.0, ""kick_dir"": null}, {""move_vx"": -5.230308243669685, ""move_vy"": 0.45428589698661404, ""kick_power"": 0.0, ""kick_dir"": null}, {""move_vx"": -5.012788234663935, ""move_vy"": 2.917525340835075, ""kick_power"": 0.0, ""kick_dir"": null}, {""move_vx"": -0.0, ""move_vy"": -5.4, ""kick_power"": 0.0, ""kick_dir"": null}, {""move_vx"": -5.4, ""move_vy"": 0.0, ""kick_power"": 0.0, ""kick_dir"": null}, {""move_vx"": -4.47891742404345, ""move_vy"": -3.209267628073418, ""kick_power"": 0.0, ""kick_dir"": null}, {""move_vx"": -7.040203372796799, ""move_vy"": 2.5856404370408086, ""kick_power"": 0.0, ""kick_dir"": null}, {""move_vx"": -0.0, ""move_vy"": 0.0, ""kick_power"": 0.4, ""kick_dir"": [-0.9192722837691659, 0.3936218493821661]}, {""move_vx"": -4.242640687119285, ""move_vy"": -4.242640687119285, ""kick_power"": 0.0, ""kick_dir"": null}, {""move_vx"": -4.1947598738348395, ""move_vy"": 4.833631098963297, ""kick_power"": 0.0, ""kick_dir"": null}, {""move_vx"": 6.0, ""move_vy"": 0.0, ""kick_power"": 0.0, ""kick_dir"": null}, {""move_vx"": -0.0, ""move_vy"": 0.0, ""kick_power"": 0.0, ""kick_dir"": null}]"
482,110,default,default,0,21.17747477642396,27.79654527777238,20,B,,0.21055572586246535,-0.08331166950209158,0.4441022942256589,"[{""move_vx"": 3.5355339059327373, ""move_vy"": 3.5355339059327373, ""kick_power"": 0.0, ""kick_dir"": null}, {""move_vx"": 5.50195680305107, ""move_vy"": 1.8353395700414816, ""kick_power"": 0.0, ""kick_dir"": null}, {""move_vx"": 5.4, ""move_vy"": 0.0, ""kick_power"": 0.0, ""kick_dir"": null}, {""move_vx"": 0.0, ""move_vy"": 0.0, ""kick_power"": 0.9, ""kick_dir"": [0.6884980967044774, 0.7252380569798588]}, {""move_vx"": 0.0, ""move_vy"": 0.0, ""kick_power"": 0.9, ""kick_dir"": [-0.06426709873320499, 0.9979326682813011]}, {""move_vx"": 0.0, ""move_vy"": 0.0, ""kick_power"": 0.0, ""kick_dir"": null}, {""move_vx"": 0.0, ""move_vy"": 0.0, ""kick_power"": 0.4, ""kick_dir"": [-0.8135644820818798, 0.5814739297800163]}, {""move_vx"": 0.0, ""move_vy"": 0.0, ""kick_power"": 0.4, ""kick_dir"": [0.9953256173296207, -0.09657578410405925]}, {""move_vx"": 4.313351365237939, ""move_vy"": -4.313351365237939, ""kick_power"": 0.0, ""kick_dir"": null}, {""move_vx"": -4.242640687119285, ""move_vy"": -4.242640687119285, ""kick_power"": 0.0, ""kick_dir"": null}, {""move_vx"": 0.0, ""move_vy"": 0.0, ""kick_power"": 0.65, ""kick_dir"": [-0.033407097398078726, 0.9994417232495123]}, {""move_vx"": -4.483221330760105, ""move_vy"": 0.38823510842992115, ""kick_power"": 0.0, ""kick_dir"": null}, {""move_vx"": -5.006148556154639, ""move_vy"": 2.928903657294112, ""kick_power"": 0.0, ""kick_dir"": null}, {""move_vx"": -0.0, ""move_vy"": -5.4, ""kick_power"": 0.0, ""kick_dir"": null}, {""move_vx"": -3.8183766184073566, ""move_vy"": -3.8183766184073566, ""kick_power"": 0.0, ""kick_dir"": null}, {""move_vx"": -4.452757370483093, ""move_vy"": -3.2454663454746364, ""kick_power"": 0.0, ""kick_dir"": null}, {""move_vx"": 6.0, ""move_vy"": 0.0, ""kick_power"": 0.0, ""kick_dir"": null}, {""move_vx"": -0.0, ""move_vy"": 0.0, ""kick_power"": 0.4, ""kick_dir"": [-0.9082860443172737, 0.41834934087874937]}, {""move_vx"": -4.242640687119285, ""move_vy"": -4.242640687119285, ""kick_power"": 0.0, ""kick_dir"": null}, {""move_vx"": -2.3434305591004123, ""move_vy"": -6.298153159035936, ""kick_power"": 0.0, ""kick_dir"": null}, {""move_vx"": -2.6956707251105607, ""move_vy"": 5.3603506733964625, ""kick_power"": 0.0, ""kick_dir"": null}, {""move_vx"": -0.0, ""move_vy"": 0.0, ""kick_power"": 0.0, ""kick_dir"": null}]"
482,111,default,default,0,20.768643758160465,27.967741452978935,20,B,,0.21485814074061876,-0.051410111595619354,0.45434024315326116,"[{""move_vx"": 3.5355339059327373, ""move_vy"": 3.5355339059327373, ""kick_power"": 0.0, ""kick_dir"": null}, {""move_vx"": 5.499398411718747, ""move_vy"": 1.842991348103759, ""kick_power"": 0.0, ""kick_dir"": null}, {""move_vx"": 5.096679357195102, ""move_vy"": 1.7843372803204332, ""kick_power"": 0.0, ""kick_dir"": null}, {""move_vx"": 0.0, ""move_vy"": 0.0, ""kick_power"": 0.4, ""kick_dir"": [0.9457317245484683, -0.3249482129954542]}, {""move_vx"": 0.0, ""move_vy"": 0.0, ""kick_power"": 0.9, ""kick_dir"": [-0.07987451532759308, 0.9968048608808965]}, {""move_vx"": 0.0, ""move_vy"": 0.0, ""kick_power"": 0.0, ""kick_dir"": null}, {""move_vx"": -4.242640687119285, ""move_vy"": -4.242640687119285, ""kick_power"": 0.0, ""kick_dir"": null}, {""move_vx"": 0.0, ""move_vy"": 0.0, ""kick_power"": 0.4, ""kick_dir"": [0.9953256173296207, -0.09657578410405925]}, {""move_vx"": 4.313351365237939, ""move_vy"": -4.313351365237939, ""kick_power"": 0.0, ""kick_dir"": null}, {""move_vx"": -4.242640687119285, ""move_vy"": -4.242640687119285, ""kick_power"": 0.0, ""kick_dir"": null}, {""move_vx"": 7.183974302105349, ""move_vy"": 0.4801179299817475, ""kick_power"": 0.0, ""kick_dir"": null}, {""move_vx"": -0.0, ""move_vy"": -5.0, ""kick_power"": 0.0, ""kick_dir"": null}, {""move_vx"": -4.9999548749590765, ""move_vy"": 2.9394644492446167, ""kick_power"": 0.0, ""kick_dir"": null}, {""move_vx"": -0.0, ""move_vy"": -5.4, ""kick_power"": 0.0, ""kick_dir"": null}, {""move_vx"": -5.4, ""move_vy"": 0.0, ""kick_power"": 0.0, ""kick_dir"": null}, {""move_vx"": -5.8, ""move_vy"": 0.0, ""kick_power"": 0.0, ""kick_dir"": null}, {""move_vx"": -7.052390957864482, ""move_vy"": 2.552211154554284, ""kick_power"": 0.0, ""kick_dir"": null}, {""move_vx"": -5.39192241504281, ""move_vy"": 0.29525018231817013, ""kick_power"": 0.0, ""kick_dir"": null}, {""move_vx"": -5.73417256148329, ""move_vy"": -1.766144115051819, ""kick_power"": 0.0, ""kick_dir"": null}, {""move_vx"": -3.439248201852208, ""move_vy"": -5.7732115677546725, ""kick_power"": 0.0, ""kick_dir"": null}, {""move_vx"": -3.9457848136887197, ""move_vy"": 4.11348783929933, ""kick_power"": 0.0, ""kick_dir"": null}, {""move_vx"": -0.0, ""move_vy"": 0.0, ""kick_power"": 0.0, ""kick_dir"": null}]"
482,112,default,default,0,22.183989528022437,27.53474273305269,20,B,,0.20200190210808266,0.10564874230738656,0.47872248231303044,"[{""move_vx"": 3.5355339059327373, ""move_vy"": 3.5355339059327373, ""kick_power"": 0.0, ""kick_dir"": null}, {""move_vx"": 5.498463569908188, ""move_vy"": 1.8457785269074136, ""kick_power"": 0.0, ""kick_dir"": null}, {""move_vx"": 5.087159814370295, ""move_vy"": 1.811299263803746, ""kick_power"": 0.0, ""kick_dir"": null}, {""move_vx"": 0.31409334037631575, ""move_vy"": -7.0129697969926585, ""kick_power"": 0.0, ""kick_dir"": null}, {""move_vx"": -4.1012193308819755, ""move_vy"": -4.1012193308819755, ""kick_power"": 0.0, ""kick_dir"": null}, {""move_vx"": 0.0, ""move_vy"": 0.0, ""kick_power"": 0.0, ""kick_dir"": null}, {""move_vx"": 0.0, ""move_vy"": 0.0, ""kick_power"": 0.0, ""kick_dir"": null}, {""move_vx"": 0.0, ""move_vy"": 6.0, ""kick_power"": 0.0, ""kick_dir"": null}, {""move_vx"": 5.126941269898766, ""move_vy"": -3.3052190872934335, ""kick_power"": 0.0, ""kick_dir"": null}, {""move_vx"": -4.242640687119285, ""move_vy"": -4.242640687119285, ""kick_power"": 0.0, ""kick_dir"": null}, {""move_vx"": 6.0, ""move_vy"": 0.0, ""kick_power"": 0.0, ""kick_dir"": null}, {""move_vx"": -0.0, ""move_vy"": -5.0, ""kick_power"": 0.0, ""kick_dir"": null}, {""move_vx"": -4.991050207929539, ""move_vy"": 2.954558820183904, ""kick_power"": 0.0, ""kick_dir"": null}, {""move_vx"": -0.0, ""move_vy"": -5.4, ""kick_power"": 0.0, ""kick_dir"": null}, {""move_vx"": -5.4, ""move_vy"": 0.0, ""kick_power"": 0.0, ""kick_dir"": null}, {""move_vx"": -5.8, ""move_vy"": 0.0, ""kick_power"": 0.0, ""kick_dir"": null}, {""move_vx"": -7.052390957864481, ""move_vy"": 2.552211154554284, ""kick_power"": 0.0, ""kick_dir"": null}, {""move_vx"": -5.390820029847525, ""move_vy"": 0.3147370422983687, ""kick_power"": 0.0, ""kick_dir"": null}, {""move_vx"": -4.242640687119285, ""move_vy"": -4.242640687119285, ""kick_power"": 0.0, ""kick_dir"": null}, {""move_vx"": -3.8036308168089836, ""move_vy"": -5.539927130334933, ""kick_power"": 0.0, ""kick_dir"": null}, {""move_vx"": 6.0, ""move_vy"": 0.0, ""kick_power"": 0.0, ""kick_dir"": null}, {""move_vx"": -0.0, ""move_vy"": 0.0, ""kick_power"": 0.0, ""kick_dir"": null}]"
482,113,default,default,0,21.127351846090836,28.424395489716847,20,B,,0.2103487676344783,-0.09252239358139963,0.43512211645950244,"[{""move_vx"": -3.5355339059327373, ""move_vy"": 3.5355339059327373, ""kick_power"": 0.0, ""kick_dir"": null}, {""move_vx"": 5.497107309309569, ""move_vy"": 1.8498138365617538, ""kick_power"": 0.0, ""kick_dir"": null}, {""move_vx"": 5.114833949142405, ""move_vy"": 1.7316101387726726, ""kick_power"": 0.0, ""kick_dir"": null}, {""move_vx"": 0.0, ""move_vy"": 0.0, ""kick_power"": 0.9, ""kick_dir"": [0.6475063639028878, 0.7620599588551591]}, {""move_vx"": 0.0, ""move_vy"": 0.0, ""kick_power"": 0.9, ""kick_dir"": [-0.07614834446369291, 0.9970964341947128]}, {""move_vx"": 0.0, ""move_vy"": 0.0, ""kick_power"": 0.0, ""kick_dir"": null}, {""move_vx"": 0.0, ""move_vy"": 0.0, ""kick_power"": 0.4, ""kick_dir"": [-0.31307005803713234, 0.9497295082081932]}, {""move_vx"": 0.0, ""move_vy"": 0.0, ""kick_power"": 0.4, ""kick_dir"": [0.9946617159508203, -0.10318932809142865]}, {""move_vx"": 4.313351365237939, ""move_vy"": -4.313351365237939, ""kick_power"": 0.0, ""kick_dir"": null}, {""move_vx"": -4.242640687119285, ""move_vy"": -4.242640687119285, ""kick_power"": 0.0, ""kick_dir"": null}, {""move_vx"": 0.0, ""move_vy"": 0.0, ""kick_power"": 0.65, ""kick_dir"": [-0.11470547879524119, 0.9933994398914364]}, {""move_vx"": -5.0, ""move_vy"": 0.0, ""kick_power"": 0.0, ""kick_dir"": null}, {""move_vx"": -4.988786719405128, ""move_vy"": 2.9583791285579046, ""kick_power"": 0.0, ""kick_dir"": null}, {""move_vx"": -0.0, ""move_vy"": -5.4, ""kick_power"": 0.0, ""kick_dir"": null}, {""move_vx"": -5.4, ""move_vy"": 0.0, ""kick_power"": 0.0, ""kick_dir"": null}, {""move_vx"": -4.1012193308819755, ""move_vy"": 4.1012193308819755, ""kick_power"": 0.0, ""kick_dir"": null}, {""move_vx"": 6.0, ""move_vy"": 0.0, ""kick_power"": 0.0, ""kick_dir"": null}, {""move_vx"": -0.0, ""move_vy"": 0.0, ""kick_power"": 0.4, ""kick_dir"": [-0.9655136393122151, 0.26035187594385223]}, {""move_vx"": -4.242640687119285, ""move_vy"": -4.242640687119285, ""kick_power"": 0.0, ""kick_dir"": null}, {""move_vx"": -3.961276873688904, ""move_vy"": 5.026756959509528, ""kick_power"": 0.0, ""kick_dir"": null}, {""move_vx"": -2.7398260915895936, ""move_vy"": 5.337916539984949, ""kick_power"": 0.0, ""kick_dir"": null}, {""move_vx"": -0.0, ""move_vy"": -6.4, ""kick_power"": 0.0, ""kick_dir"": null}]"
482,114,default,default,0,20.944696773318196,28.78025659238251,20,B,,0.21364470164953028,-0.02059754175146406,0.45485578452304165,"[{""move_vx"": 3.5355339059327373, ""move_vy"": 3.5355339059327373, ""kick_power"": 0.0, ""kick_dir"": null}, {""move_vx"": 5.494783457235903, ""move_vy"": 1.8567053503684021, ""kick_power"": 0.0, ""kick_dir"": null}, {""move_vx"": 5.0765132665239605, ""move_vy"": 1.8409272269175199, ""kick_power"": 0.0, ""kick_dir"": null}, {""move_vx"": 0.0, ""move_vy"": 0.0, ""kick_power"": 0.4, ""kick_dir"": [0.9681138386026661, -0.25051032905872356]}, {""move_vx"": -4.1012193308819755, ""move_vy"": -4.1012193308819755, ""kick_power"": 0.0, ""kick_dir"": null}, {""move_vx"": 6.1, ""move_vy"": 0.0, ""kick_power"": 0.0, ""kick_dir"": null}, {""move_vx"": -6.0245504518570945, ""move_vy"": -1.8424960930836451, ""kick_power"": 0.0, ""kick_dir"": null}, {""move_vx"": 0.0, ""move_vy"": 0.0, ""kick_power"": 0.4, ""kick_dir"": [0.9946617159508203, -0.10318932809142865]}, {""move_vx"": 4.313351365237939, ""move_vy"": -4.313351365237939, ""kick_power"": 0.0, ""kick_dir"": null}, {""move_vx"": -4.242640687119285, ""move_vy"": -4.242640687119285, ""kick_power"": 0.0, ""kick_dir"": null}, {""move_vx"": 7.185565906726549, ""move_vy"": 0.4556781760069817, ""kick_power"": 0.0, ""kick_dir"": null}, {""move_vx"": -0.0, ""move_vy"": -5.0, ""kick_power"": 0.0, ""kick_dir"": null}, {""move_vx"": -4.987828846043736, ""move_vy"": 2.9599938179959118, ""kick_power"": 0.0, ""kick_dir"": null}, {""move_vx"": -0.0, ""move_vy"": -5.4, ""kick_power"": 0.0, ""kick_dir"": null}, {""move_vx"": -5.4, ""move_vy"": 0.0, ""kick_power"": 0.0, ""kick_dir"": null}, {""move_vx"": -5.8, ""move_vy"": 0.0, ""kick_power"": 0.0, ""kick_dir"": null}, {""move_vx"": 6.0, ""move_vy"": 0.0, ""kick_power"": 0.0, ""kick_dir"": null}, {""move_vx"": -5.123973090883425, ""move_vy"": -1.70437664965892, ""kick_power"": 0.0, ""kick_dir"": null}, {""move_vx"": -5.729008901843945, ""move_vy"": -1.7828227625293644, ""kick_power"": 0.0, ""kick_dir"": null}, {""move_vx"": -3.377946862154944, ""move_vy"": -5.809292125247067, ""kick_power"": 0.0, ""kick_dir"": null}, {""move_vx"": -2.7398260915895922, ""move_vy"": 5.337916539984949, ""kick_power"": 0.0, ""kick_dir"": null}, {""move_vx"": -0.0, ""move_vy"": 0.0, ""kick_power"": 0.0, ""kick_dir"": null}]"
482,115,default,default,0,20.762041700545556,29.136117695048174,20,B,,0.2169355474847404,-0.02579429139908959,0.4539585370746752,"[{""move_vx"": 3.5355339059327373, ""move_vy"": 3.5355339059327373, ""kick_power"": 0.0, ""kick_dir"": null}, {""move_vx"": 5.491147612425229, ""move_vy"": 1.8674308283191383, ""kick_power"": 0.0, ""kick_dir"": null}, {""move_vx"": 5.0629275371236355, ""move_vy"": 1.8779682515514506, ""kick_power"": 0.0, ""kick_dir"": null}, {""move_vx"": 0.0, ""move_vy"": 0.0, ""kick_power"": 0.4, ""kick_dir"": [0.9641462745598193, -0.26537103186093713]}, {""move_vx"": -4.1012193308819755, ""move_vy"": -4.1012193308819755, ""kick_power"": 0.0, ""kick_dir"": null}, {""move_vx"": 5.308512939929717, ""move_vy"": 3.0049443200496655, ""kick_power"": 0.0, ""kick_dir"": null}, {""move_vx"": 2.7129235245865417, ""move_vy"": -4.318569896359781, ""kick_power"": 0.0, ""kick_dir"": null}, {""move_vx"": 0.0, ""move_vy"": 0.0, ""kick_power"": 0.4, ""kick_dir"": [0.9946617159508203, -0.10318932809142865]}, {""move_vx"": 4.313351365237939, ""move_vy"": -4.313351365237939, ""kick_power"": 0.0, ""kick_dir"": null}, {""move_vx"": -4.242640687119285, ""move_vy"": -4.242640687119285, ""kick_power"": 0.0, ""kick_dir"": null}, {""move_vx"": 7.18556590672655, ""move_vy"": 0.4556781760069811, ""kick_power"": 0.0, ""kick_dir"": null}, {""move_vx"": -0.0, ""move_vy"": -5.0, ""kick_power"": 0.0, ""kick_dir"": null}, {""move_vx"": -4.987828846043736, ""move_vy"": 2.9599938179959113, ""kick_power"": 0.0, ""kick_dir"": null}, {""move_vx"": -0.0, ""move_vy"": -5.4, ""kick_power"": 0.0, ""kick_dir"": null}, {""move_vx"": -5.4, ""move_vy"": 0.0, ""kick_power"": 0.0, ""kick_dir"": null}, {""move_vx"": -5.8, ""move_vy"": 0.0, ""kick_power"": 0.0, ""kick_dir"": null}, {""move_vx"": 6.0, ""move_vy"": 0.0, ""kick_power"": 0.0, ""kick_dir"": null}, {""move_vx"": -5.380138983098771, ""move_vy"": 0.4627142990452468, ""kick_power"": 0.0, ""kick_dir"": null}, {""move_vx"": -4.242640687119285, ""move_vy"": -4.242640687119285, ""kick_power"": 0.0, ""kick_dir"": null}, {""move_vx"": -3.7414420196647336, ""move_vy"": -5.582115335021939, ""kick_power"": 0.0, ""kick_dir"": null}, {""move_vx"": -2.7398260915895913, ""move_vy"": 5.337916539984951, ""kick_power"": 0.0, ""kick_dir"": null}, {""move_vx"": -0.0, ""move_vy"": 0.0, ""kick_power"": 0.0, ""kick_dir"": null}]"
482,116,default,default,0,20.579386627772916,29.491978797713838,20,B,,0.2202206889269098,-0.029650723068243894,0.4442328079544355,"[{""move_vx"": 3.5355339059327373, ""move_vy"": 3.5355339059327373, ""kick_power"": 0.0, ""kick_dir"": null}, {""move_vx"": 5.487450699561262, ""move_vy"": 1.878266440067704, ""kick_power"": 0.0, ""kick_dir"": null}, {""move_vx"": 5.0488585625237965, ""move_vy"": 1.915470494586159, ""kick_power"": 0.0, ""kick_dir"": null}, {""move_vx"": -3.8183766184073566, ""move_vy"": 3.8183766184073566, ""kick_power"": 0.0, ""kick_dir"": null}, {""move_vx"": -4.1012193308819755, ""move_vy"": -4.1012193308819755, ""kick_power"": 0.0, ""kick_dir"": null}, {""move_vx"": 5.310777531851593, ""move_vy"": 3.0009401872047197, ""kick_power"": 0.0, ""kick_dir"": null}, {""move_vx"": 0.0, ""move_vy"": 0.0, ""kick_power"": 0.0, ""kick_dir"": null}, {""move_vx"": 0.0, ""move_vy"": 0.0, ""kick_power"": 0.4, ""kick_dir"": [0.9946617159508203, -0.10318932809142865]}, {""move_vx"": 4.313351365237939, ""move_vy"": -4.313351365237939, ""kick_power"": 0.0, ""kick_dir"": null}, {""move_vx"": -4.242640687119285, ""move_vy"": -4.242640687119285, ""kick_power"": 0.0, ""kick_dir"": null}, {""move_vx"": 6.0, ""move_vy"": 0.0, ""kick_power"": 0.0, ""kick_dir"": null}, {""move_vx"": -4.731064431632743, ""move_vy"": 0.423709031930585, ""kick_power"": 0.0, ""kick_dir"": null}, {""move_vx"": -0.0, ""move_vy"": 0.0, ""kick_power"": 0.9, ""kick_dir"": [-0.6145427590437267, -0.7888834567788374]}, {""move_vx"": -0.0, ""move_vy"": -5.4, ""kick_power"": 0.0, ""kick_dir"": null}, {""move_vx"": -6.56217722451683, ""move_vy"": -2.493637919593097, ""kick_power"": 0.0, ""kick_dir"": null}, {""move_vx"": -4.1012193308819755, ""move_vy"": 4.1012193308819755, ""kick_power"": 0.0, ""kick_dir"": null}, {""move_vx"": 6.0, ""move_vy"": 0.0, ""kick_power"": 0.0, ""kick_dir"": null}, {""move_vx"": -5.375926392479164, ""move_vy"": 0.5093284035334913, ""kick_power"": 0.0, ""kick_dir"": null}, {""move_vx"": -5.722750744832026, ""move_vy"": -1.8028100045552502, ""kick_power"": 0.0, ""kick_dir"": null}, {""move_vx"": -3.798437276441574, ""move_vy"": 5.15091004162751, ""kick_power"": 0.0, ""kick_dir"": null}, {""move_vx"": -2.7398260915895922, ""move_vy"": 5.33791653998495, ""kick_power"": 0.0, ""kick_dir"": null}, {""move_vx"": -0.0, ""move_vy"": 0.0, ""kick_power"": 0.0, ""kick_dir"": null}]"
482,117,default,default,0,20.396731555000276,29.8478399003795,20,B,,0.2196113825756938,-0.028081047627837218,0.44503166151300627,"[{""move_vx"": -3.76649750944097, ""move_vy"": 1.9687550663744255, ""kick_power"": 0.0, ""kick_dir"": null}, {""move_vx"": 5.483691446427967, ""move_vy"": 1.8892136248642577, ""kick_power"": 0.0, ""kick_dir"": null}, {""move_vx"": 5.0301199097981, ""move_vy"": 1.9641521562884976, ""kick_power"": 0.0, ""kick_dir"": null}, {""move_vx"": 0.0, ""move_vy"": 0.0, ""kick_power"": 0.0, ""kick_dir"": null}, {""move_vx"": -4.1012193308819755, ""move_vy"": -4.1012193308819755, ""kick_power"": 0.0, ""kick_dir"": null}, {""move_vx"": 0.0, ""move_vy"": 0.0, ""kick_power"": 0.0, ""kick_dir"": null}, {""move_vx"": 0.0, ""move_vy"": 0.0, ""kick_power"": 0.0, ""kick_dir"": null}, {""move_vx"": 0.0, ""move_vy"": 0.0, ""kick_power"": 0.4, ""kick_dir"": [0.9946617159508203, -0.10318932809142865]}, {""move_vx"": 4.313351365237939, ""move_vy"": -4.313351365237939, ""kick_power"": 0.0, ""kick_dir"": null}, {""move_vx"": -4.242640687119285, ""move_vy"": -4.242640687119285, ""kick_power"": 0.0, ""kick_dir"": null}, {""move_vx"": 7.185348292689693, ""move_vy"": 0.45909684462137823, ""kick_power"": 0.0, ""kick_dir"": null}, {""move_vx"": -4.729335879555844, ""move_vy"": 0.44258574123636957, ""kick_power"": 0.0, ""kick_dir"": null}, {""move_vx"": -0.0, ""move_vy"": 0.0, ""kick_power"": 0.9, ""kick_dir"": [-0.6247257315896282, -0.7808442044541871]}, {""move_vx"": -0.0, ""move_vy"": -5.4, ""kick_power"": 0.0, ""kick_dir"": null}, {""move_vx"": -5.4, ""move_vy"": 0.0, ""kick_power"": 0.0, ""kick_dir"": null}, {""move_vx"": -5.8, ""move_vy"": 0.0, ""kick_power"": 0.0, ""kick_dir"": null}, {""move_vx"": 6.0, ""move_vy"": 0.0, ""kick_power"": 0.0, ""kick_dir"": null}, {""move_vx"": -5.371273828771428, ""move_vy"": 0.556253050647927, ""kick_power"": 0.0, ""kick_dir"": null}, {""move_vx"": -4.242640687119285, ""move_vy"": -4.242640687119285, ""kick_power"": 0.0, ""kick_dir"": null}, {""move_vx"": -3.7984372764415735, ""move_vy"": 5.150910041627512, ""kick_power"": 0.0, ""kick_dir"": null}, {""move_vx"": -2.739826091589593, ""move_vy"": 5.337916539984949, ""kick_power"": 0.0, ""kick_dir"": null}, {""move_vx"": -0.0, ""move_vy"": 0.0, ""kick_power"": 0.0, ""kick_dir"": null}]"
482,118,default,default,0,20.214076482227636,30.203701003045165,20,B,,0.2229078273112279,-0.024586628598489983,0.44371207405720686,"[{""move_vx"": 3.5355339059327373, ""move_vy"": 3.5355339059327373, ""kick_power"": 0.0, ""kick_dir"": null}, {""move_vx"": 5.479868550621428, ""move_vy"": 1.9002738402425614, ""kick_power"": 0.0, ""kick_dir"": null}, {""move_vx"": 5.009445482003706, ""move_vy"": 2.0162975878656066, ""kick_power"": 0.0, ""kick_dir"": null}, {""move_vx"": 0.0, ""move_vy"": -5.4, ""kick_power"": 0.0, ""kick_dir"": null}, {""move_vx"": -4.1012193308819755, ""move_vy"": -4.1012193308819755, ""kick_power"": 0.0, ""kick_dir"": null}, {""move_vx"": 5.3130500055968, ""move_vy"": 2.9969150201545323, ""kick_power"": 0.0, ""kick_dir"": null}, {""move_vx"": 0.0, ""move_vy"": 0.0, ""kick_power"": 0.0, ""kick_dir"": null}, {""move_vx"": 0.0, ""move_vy"": 0.0, ""kick_power"": 0.4, ""kick_dir"": [0.9946617159508203, -0.10318932809142865]}, {""move_vx"": 4.313351365237939, ""move_vy"": -4.313351365237939, ""kick_power"": 0.0, ""kick_dir"": null}, {""move_vx"": -4.242640687119285, ""move_vy"": -4.242640687119285, ""kick_power"": 0.0, ""kick_dir"": null}, {""move_vx"": 6.0, ""move_vy"": 0.0, ""kick_power"": 0.0, ""kick_dir"": null}, {""move_vx"": -4.727546266815607, ""move_vy"": 0.46130932693564236, ""kick_power"": 0.0, ""kick_dir"": null}, {""move_vx"": -0.0, ""move_vy"": 0.0, ""kick_power"": 0.9, ""kick_dir"": [-0.6347311592095608, -0.7727329856772982]}, {""move_vx"": -0.0, ""move_vy"": -5.4, ""kick_power"": 0.0, ""kick_dir"": null}, {""move_vx"": -0.0, ""move_vy"": 0.0, ""kick_power"": 0.0, ""kick_dir"": null}, {""move_vx"": -4.1012193308819755, ""move_vy"": 4.1012193308819755, ""kick_power"": 0.0, ""kick_dir"": null}, {""move_vx"": 6.0, ""move_vy"": 0.0, ""kick_power"": 0.0, ""kick_dir"": null}, {""move_vx"": -5.366172505279337, ""move_vy"": 0.6034837558576759, ""kick_power"": 0.0, ""kick_dir"": null}, {""move_vx"": -5.716282768694624, ""move_vy"": -1.8232145535632716, ""kick_power"": 0.0, ""kick_dir"": null}, {""move_vx"": -4.038481749819291, ""move_vy"": -5.371132576689624, ""kick_power"": 0.0, ""kick_dir"": null}, {""move_vx"": -2.739826091589592, ""move_vy"": 5.337916539984949, ""kick_power"": 0.0, ""kick_dir"": null}, {""move_vx"": -0.0, ""move_vy"": 0.0, ""kick_power"": 0.0, ""kick_dir"": null}]"
482,119,default,default,0,20.031421409454996,30.559562105710828,20,B,,0.226198535889634,-0.02826986585478038,0.4440008617471135,"[{""move_vx"": 3.5355339059327373, ""move_vy"": 3.5355339059327373, ""kick_power"": 0.0, ""kick_dir"": null}, {""move_vx"": 5.475980678800938, ""move_vy"": 1.9114485620593664, ""kick_power"": 0.0, ""kick_dir"": null}, {""move_vx"": 4.987745883790854, ""move_vy"": 2.0693938723035306, ""kick_power"": 0.0, ""kick_dir"": null}, {""move_vx"": 0.0, ""move_vy"": 0.0, ""kick_power"": 0.4, ""kick_dir"": [0.9384842875614818, -0.345321660421836]}, {""move_vx"": -4.1012193308819755, ""move_vy"": -4.1012193308819755, ""kick_power"": 0.0, ""kick_dir"": null}, {""move_vx"": 5.315330423698679, ""move_vy"": 2.9928686050181375, ""kick_power"": 0.0, ""kick_dir"": null}, {""move_vx"": 2.7129235245864924, ""move_vy"": -4.318569896359811, ""kick_power"": 0.0, ""kick_dir"": null}, {""move_vx"": 0.0, ""move_vy"": 0.0, ""kick_power"": 0.4, ""kick_dir"": [0.9946617159508203, -0.10318932809142865]}, {""move_vx"": 4.313351365237939, ""move_vy"": -4.313351365237939, ""kick_power"": 0.0, ""kick_dir"": null}, {""move_vx"": -4.242640687119285, ""move_vy"": -4.242640687119285, ""kick_power"": 0.0, ""kick_dir"": null}, {""move_vx"": 6.0, ""move_vy"": 0.0, ""kick_power"": 0.0, ""kick_dir"": null}, {""move_vx"": -0.0, ""move_vy"": 0.0, ""kick_power"": 0.9, ""kick_dir"": [-0.9715237639153546, 0.23694202938325248]}, {""move_vx"": -0.0, ""move_vy"": 0.0, ""kick_power"": 0.9, ""kick_dir"": [-0.6445551495725281, -0.7645577617731683]}, {""move_vx"": -0.0, ""move_vy"": -5.4, ""kick_power"": 0.0, ""kick_dir"": null}, {""move_vx"": -6.640700364606037, ""move_vy"": -2.2762905498905988, ""kick_power"": 0.0, ""kick_dir"": null}, {""move_vx"": -4.1012193308819755, ""move_vy"": 4.1012193308819755, ""kick_power"": 0.0, ""kick_dir"": null}, {""move_vx"": 6.0, ""move_vy"": 0.0, ""kick_power"": 0.0, ""kick_dir"": null}, {""move_vx"": -5.36061363373073, ""move_vy"": 0.6510157216690136, ""kick_power"": 0.0, ""kick_dir"": null}, {""move_vx"": -5.712472520373332, ""move_vy"": -1.83511789920418, ""kick_power"": 0.0, ""kick_dir"": null}, {""move_vx"": -3.711627311059564, ""move_vy"": 5.213810766013354, ""kick_power"": 0.0, ""kick_dir"": null}, {""move_vx"": -2.739826091589591, ""move_vy"": 5.337916539984951, ""kick_power"": 0.0, ""kick_dir"": null}, {""move_vx"": -0.0, ""move_vy"": 0.0, ""kick_power"": 0.0, ""kick_dir"": null}]"
482,120,default,default,0,19.848766336682356,30.91542320837649,20,B,,0.22948271467823741,-0.026775075610993952,0.4531506501542172,"[{""move_vx"": 3.5355339059327373, ""move_vy"": 3.5355339059327373, ""kick_power"": 0.0, ""kick_dir"": null}, {""move_vx"": 5.4720264659234426, ""move_vy"": 1.9227392845192008, ""kick_power"": 0.0, ""kick_dir"": null}, {""move_vx"": 4.964973464559171, ""move_vy"": 2.1234496688698097, ""kick_power"": 0.0, ""kick_dir"": null}, {""move_vx"": 0.0, ""move_vy"": 0.0, ""kick_power"": 0.0, ""kick_dir"": null}, {""move_vx"": -4.1012193308819755, ""move_vy"": -4.1012193308819755, ""kick_power"": 0.0, ""kick_dir"": null}, {""move_vx"": 5.317618849511126, ""move_vy"": 2.988800724592385, ""kick_power"": 0.0, ""kick_dir"": null}, {""move_vx"": 0.0, ""move_vy"": 0.0, ""kick_power"": 0.9, ""kick_dir"": [0.5900986856787996, 0.8073307491840467]}, {""move_vx"": 0.0, ""move_vy"": 0.0, ""kick_power"": 0.4, ""kick_dir"": [0.9946617159508203, -0.10318932809142865]}, {""move_vx"": 4.313351365237939, ""move_vy"": -4.313351365237939, ""kick_power"": 0.0, ""kick_dir"": null}, {""move_vx"": -4.242640687119285, ""move_vy"": -4.242640687119285, ""kick_power"": 0.0, ""kick_dir"": null}, {""move_vx"": 6.0, ""move_vy"": 0.0, ""kick_power"": 0.0, ""kick_dir"": null}, {""move_vx"": -4.724657338191032, ""move_vy"": 0.49001330255170455, ""kick_power"": 0.0, ""kick_dir"": null}, {""move_vx"": -0.0, ""move_vy"": 0.0, ""kick_power"": 0.9, ""kick_dir"": [-0.6541942177562234, -0.7563265417146918]}, {""move_vx"": -0.0, ""move_vy"": -5.4, ""kick_power"": 0.0, ""kick_dir"": null}, {""move_vx"": -6.666255657576174, ""move_vy"": -2.2003262275930004, ""kick_power"": 0.0, ""kick_dir"": null}, {""move_vx"": -4.1012193308819755, ""move_vy"": 4.1012193308819755, ""kick_power"": 0.0, ""kick_dir"": null}, {""move_vx"": -5.913119204252748, ""move_vy"": -1.0173599541447258, ""kick_power"": 0.0, ""kick_dir"": null}, {""move_vx"": -5.354588434316864, ""move_vy"": 0.6988438302511369, ""kick_power"": 0.0, ""kick_dir"": null}, {""move_vx"": -5.708589547576467, ""move_vy"": -1.847161437801447, ""kick_power"": 0.0, ""kick_dir"": null}, {""move_vx"": -3.7116273110595643, ""move_vy"": 5.213810766013355, ""kick_power"": 0.0, ""kick_dir"": null}, {""move_vx"": -2.739826091589592, ""move_vy"": 5.33791653998495, ""kick_power"": 0.0, ""kick_dir"": null}, {""move_vx"": -0.0, ""move_vy"": 0.0, ""kick_power"": 0.0, ""kick_dir"": null}]"
482,121,default,default,0,19.666111263909716,31.271284311042155,20,B,,0.23275941815341408,-0.036681942327176476,0.44247335758301765,"[{""move_vx"": 3.5355339059327373, ""move_vy"": 3.5355339059327373, ""kick_power"": 0.0, ""kick_dir"": null}, {""move_vx"": 5.468004514461201, ""move_vy"": 1.9341475201834821, ""kick_power"": 0.0, ""kick_dir"": null}, {""move_vx"": 4.947751735533253, ""move_vy"": 2.1632736219738096, ""kick_power"": 0.0, ""kick_dir"": null}, {""move_vx"": 3.8183766184073566, ""move_vy"": 3.8183766184073566, ""kick_power"": 0.0, ""kick_dir"": null}, {""move_vx"": -4.1012193308819755, ""move_vy"": -4.1012193308819755, ""kick_power"": 0.0, ""kick_dir"": null}, {""move_vx"": 5.319915347223905, ""move_vy"": 2.9847111582817445, ""kick_power"": 0.0, ""kick_dir"": null}, {""move_vx"": 4.242640687119285, ""move_vy"": -4.242640687119285, ""kick_power"": 0.0, ""kick_dir"": null}, {""move_vx"": 0.0, ""move_vy"": 0.0, ""kick_power"": 0.4, ""kick_dir"": [0.9946617159508203, -0.10318932809142865]}, {""move_vx"": 4.313351365237939, ""move_vy"": -4.313351365237939, ""kick_power"": 0.0, ""kick_dir"": null}, {""move_vx"": -4.242640687119285, ""move_vy"": -4.242640687119285, ""kick_power"": 0.0, ""kick_dir"": null}, {""move_vx"": 6.0, ""move_vy"": 0.0, ""kick_power"": 0.0, ""kick_dir"": null}, {""move_vx"": -4.722725690338821, ""move_vy"": 0.5082932753968984, ""kick_power"": 0.0, ""kick_dir"": null}, {""move_vx"": -0.0, ""move_vy"": 0.0, ""kick_power"": 0.9, ""kick_dir"": [-0.6636452857996199, -0.7480473562682063]}, {""move_vx"": -0.0, ""move_vy"": -5.4, ""kick_power"": 0.0, ""kick_dir"": null}, {""move_vx"": -6.691185518738234, ""move_vy"": -2.123307880131321, ""kick_power"": 0.0, ""kick_dir"": null}, {""move_vx"": -4.1012193308819755, ""move_vy"": 4.1012193308819755, ""kick_power"": 0.0, ""kick_dir"": null}, {""move_vx"": 6.0, ""move_vy"": 0.0, ""kick_power"": 0.0, ""kick_dir"": null}, {""move_vx"": -0.0, ""move_vy"": 6.0, ""kick_power"": 0.0, ""kick_dir"": null}, {""move_vx"": -5.704632111520015, ""move_vy"": -1.8593473242551246, ""kick_power"": 0.0, ""kick_dir"": null}, {""move_vx"": -3.7116273110595643, ""move_vy"": 5.213810766013354, ""kick_power"": 0.0, ""kick_dir"": null}, {""move_vx"": -2.739826091589593, ""move_vy"": 5.337916539984949, ""kick_power"": 0.0, ""kick_dir"": null}, {""move_vx"": -0.0, ""move_vy"": 0.0, ""kick_power"": 0.0, ""kick_dir"": null}]"
482,122,default,default,0,19.483456191137076,31.62714541370782,20,B,,0.23602751118601015,-0.03274835412326778,0.44694514817003905,"[{""move_vx"": 3.5355339059327373, ""move_vy"": 3.5355339059327373, ""kick_power"": 0.0, ""kick_dir"": null}, {""move_vx"": 5.46391339360257, ""move_vy"": 1.9456747999628425, ""kick_power"": 0.0, ""kick_dir"": null}, {""move_vx"": 4.929932080009335, ""move_vy"": 2.2035811050412555, ""kick_power"": 0.0, ""kick_dir"": null}, {""move_vx"": 0.0, ""move_vy"": 0.0, ""kick_power"": 0.0, ""kick_dir"": null}, {""move_vx"": -4.1012193308819755, ""move_vy"": -4.1012193308819755, ""kick_power"": 0.0, ""kick_dir"": null}, {""move_vx"": 5.322219981878354, ""move_vy"": 2.980599682026216, ""kick_power"": 0.0, ""kick_dir"": null}, {""move_vx"": 4.242640687119285, ""move_vy"": -4.242640687119285, ""kick_power"": 0.0, ""kick_dir"": null}, {""move_vx"": 0.0, ""move_vy"": 0.0, ""kick_power"": 0.4, ""kick_dir"": [0.9946617159508203, -0.10318932809142865]}, {""move_vx"": 4.313351365237939, ""move_vy"": -4.313351365237939, ""kick_power"": 0.0, ""kick_dir"": null}, {""move_vx"": -4.242640687119285, ""move_vy"": -4.242640687119285, ""kick_power"": 0.0, ""kick_dir"": null}, {""move_vx"": 6.0, ""move_vy"": 0.0, ""kick_power"": 0.0, ""kick_dir"": null}, {""move_vx"": -4.720739120855156, ""move_vy"": 0.5264239288137352, ""kick_power"": 0.0, ""kick_dir"": null}, {""move_vx"": -0.0, ""move_vy"": 0.0, ""kick_power"": 0.9, ""kick_dir"": [-0.6729056801160387, -0.7397282329365861]}, {""move_vx"": -0.0, ""move_vy"": -5.4, ""kick_power"": 0.0, ""kick_dir"": null}, {""move_vx"": -6.715458946766572, ""move_vy"": -2.045241094417188, ""kick_power"": 0.0, ""kick_dir"": null}, {""move_vx"": -4.1012193308819755, ""move_vy"": 4.1012193308819755, ""kick_power"": 0.0, ""kick_dir"": null}, {""move_vx"": 6.0, ""move_vy"": 0.0, ""kick_power"": 0.0, ""kick_dir"": null}, {""move_vx"": -5.357116889148399, ""move_vy"": 0.6791896907352005, ""kick_power"": 0.0, ""kick_dir"": null}, {""move_vx"": -5.700598425376969, ""move_vy"": -1.8716777480617803, ""kick_power"": 0.0, ""kick_dir"": null}, {""move_vx"": -3.711627311059564, ""move_vy"": 5.213810766013353, ""kick_power"": 0.0, ""kick_dir"": null}, {""move_vx"": -2.739826091589592, ""move_vy"": 5.337916539984951, ""kick_power"": 0.0, ""kick_dir"": null}, {""move_vx"": -0.0, ""move_vy"": 0.0, ""kick_power"": 0.0, ""kick_dir"": null}]"
482,123,default,default,0,19.300801118364436,31.983006516373482,20,B,,0.23928561966241027,-0.03980496048243318,0.44784727238881317,"[{""move_vx"": 3.5355339059327373, ""move_vy"": 3.5355339059327373, ""kick_power"": 0.0, ""kick_dir"": null}, {""move_vx"": 5.459751638435771, ""move_vy"": 1.9573226730914635, ""kick_power"": 0.0, ""kick_dir"": null}, {""move_vx"": 4.911493989953036, ""move_vy"": 2.244376703375619, ""kick_power"": 0.0, ""kick_dir"": null}, {""move_vx"": 3.8183766184073566, ""move_vy"": 3.8183766184073566, ""kick_power"": 0.0, ""kick_dir"": null}, {""move_vx"": 5.8, ""move_vy"": 0.0, ""kick_power"": 0.0, ""kick_dir"": null}, {""move_vx"": 5.324532819383456, ""move_vy"": 2.9764660682272956, ""kick_power"": 0.0, ""kick_dir"": null}, {""move_vx"": 0.0, ""move_vy"": 0.0, ""kick_power"": 0.0, ""kick_dir"": null}, {""move_vx"": 0.0, ""move_vy"": 0.0, ""kick_power"": 0.4, ""kick_dir"": [-0.2530724011136984, -0.9674472312352027]}, {""move_vx"": 4.313351365237939, ""move_vy"": -4.313351365237939, ""kick_power"": 0.0, ""kick_dir"": null}, {""move_vx"": -4.242640687119285, ""move_vy"": -4.242640687119285, ""kick_power"": 0.0, ""kick_dir"": null}, {""move_vx"": 6.0, ""move_vy"": 0.0, ""kick_power"": 0.0, ""kick_dir"": null}, {""move_vx"": -4.718699184115239, ""move_vy"": 0.5444061074512183, ""kick_power"": 0.0, ""kick_dir"": null}, {""move_vx"": -0.0, ""move_vy"": 0.0, ""kick_power"": 0.9, ""kick_dir"": [-0.6819731268706011, -0.7313771718679537]}, {""move_vx"": -0.0, ""move_vy"": -5.4, ""kick_power"": 0.0, ""kick_dir"": null}, {""move_vx"": -6.7390445444495715, ""move_vy"": -1.9661329120699003, ""kick_power"": 0.0, ""kick_dir"": null}, {""move_vx"": -4.1012193308819755, ""move_vy"": 4.1012193308819755, ""kick_power"": 0.0, ""kick_dir"": null}, {""move_vx"": 6.0, ""move_vy"": 0.0, ""kick_power"": 0.0, ""kick_dir"": null}, {""move_vx"": -5.350709714985669, ""move_vy"": 0.7279461147351446, ""kick_power"": 0.0, ""kick_dir"": null}, {""move_vx"": -5.6964866528518465, ""move_vy"": -1.884154933618984, ""kick_power"": 0.0, ""kick_dir"": null}, {""move_vx"": -3.7116273110595643, ""move_vy"": 5.213810766013354, ""kick_power"": 0.0, ""kick_dir"": null}, {""move_vx"": -2.7398260915895905, ""move_vy"": 5.337916539984951, ""kick_power"": 0.0, ""kick_dir"": null}, {""move_vx"": -0.0, ""move_vy"": 0.0, ""kick_power"": 0.0, ""kick_dir"": null}]"
482,124,default,default,0,19.118146045591796,32.33886761903914,20,B,,0.24253206507448213,-0.037249618892774644,0.4411964106471348,"[{""move_vx"": 3.5355339059327373, ""move_vy"": 3.5355339059327373, ""kick_power"": 0.0, ""kick_dir"": null}, {""move_vx"": 5.4555177491156375, ""move_vy"": 1.969092707082185, ""kick_power"": 0.0, ""kick_dir"": null}, {""move_vx"": 4.889312482970385, ""move_vy"": 2.2922965436151523, ""kick_power"": 0.0, ""kick_dir"": null}, {""move_vx"": 0.0, ""move_vy"": -5.4, ""kick_power"": 0.0, ""kick_dir"": null}, {""move_vx"": 5.472359524549472, ""move_vy"": -1.921791152563842, ""kick_power"": 0.0, ""kick_dir"": null}, {""move_vx"": 5.326853926532331, ""move_vy"": 2.972310085671933, ""kick_power"": 0.0, ""kick_dir"": null}, {""move_vx"": 4.242640687119285, ""move_vy"": -4.242640687119285, ""kick_power"": 0.0, ""kick_dir"": null}, {""move_vx"": 0.0, ""move_vy"": 0.0, ""kick_power"": 0.4, ""kick_dir"": [0.9946617159508203, -0.10318932809142865]}, {""move_vx"": 4.313351365237939, ""move_vy"": -4.313351365237939, ""kick_power"": 0.0, ""kick_dir"": null}, {""move_vx"": -4.242640687119285, ""move_vy"": -4.242640687119285, ""kick_power"": 0.0, ""kick_dir"": null}, {""move_vx"": 6.0, ""move_vy"": 0.0, ""kick_power"": 0.0, ""kick_dir"": null}, {""move_vx"": -4.716607406363401, ""move_vy"": 0.5622406728776465, ""kick_power"": 0.0, ""kick_dir"": null}, {""move_vx"": -0.0, ""move_vy"": 0.0, ""kick_power"": 0.9, ""kick_dir"": [-0.6908457454413831, -0.7230021228812806]}, {""move_vx"": 5.4, ""move_vy"": 0.0, ""kick_power"": 0.0, ""kick_dir"": null}, {""move_vx"": -5.4, ""move_vy"": 0.0, ""kick_power"": 0.0, ""kick_dir"": null}, {""move_vx"": -4.1012193308819755, ""move_vy"": 4.1012193308819755, ""kick_power"": 0.0, ""kick_dir"": null}, {""move_vx"": 6.0, ""move_vy"": 0.0, ""kick_power"": 0.0, ""kick_dir"": null}, {""move_vx"": -0.0, ""move_vy"": 0.0, ""kick_power"": 0.0, ""kick_dir"": null}, {""move_vx"": -5.692294906714445, ""move_vy"": -1.8967811405095716, ""kick_power"": 0.0, ""kick_dir"": null}, {""move_vx"": -3.7116273110595643, ""move_vy"": 5.213810766013353, ""kick_power"": 0.0, ""kick_dir"": null}, {""move_vx"": -2.739826091589592, ""move_vy"": 5.337916539984951, ""kick_power"": 0.0, ""kick_dir"": null}, {""move_vx"": -0.0, ""move_vy"": 0.0, ""kick_power"": 0.0, ""kick_dir"": null}]"
482,125,default,default,0,18.935490972819156,32.694728721704806,20,B,,0.24576477677569686,-0.035293019175388865,0.4463465867539886,"[{""move_vx"": 3.5355339059327373, ""move_vy"": 3.5355339059327373, ""kick_power"": 0.0, ""kick_dir"": null}, {""move_vx"": 5.45121019001325, ""move_vy"": 1.980986487661062, ""kick_power"": 0.0, ""kick_dir"": null}, {""move_vx"": 4.863733203464935, ""move_vy"": 2.346081696257128, ""kick_power"": 0.0, ""kick_dir"": null}, {""move_vx"": 0.0, ""move_vy"": 0.0, ""kick_power"": 0.4, ""kick_dir"": [0.9147178626625806, -0.4040928265357757]}, {""move_vx"": -4.1012193308819755, ""move_vy"": -4.1012193308819755, ""kick_power"": 0.0, ""kick_dir"": null}, {""move_vx"": 5.329183371019107, ""move_vy"": 2.968131499454399, ""kick_power"": 0.0, ""kick_dir"": null}, {""move_vx"": 4.242640687119285, ""move_vy"": -4.242640687119285, ""kick_power"": 0.0, ""kick_dir"": null}, {""move_vx"": 0.0, ""move_vy"": 0.0, ""kick_power"": 0.4, ""kick_dir"": [0.9946617159508203, -0.10318932809142865]}, {""move_vx"": 4.313351365237939, ""move_vy"": -4.313351365237939, ""kick_power"": 0.0, ""kick_dir"": null}, {""move_vx"": -4.242640687119285, ""move_vy"": -4.242640687119285, ""kick_power"": 0.0, ""kick_dir"": null}, {""move_vx"": 6.0, ""move_vy"": 0.0, ""kick_power"": 0.0, ""kick_dir"": null}, {""move_vx"": -4.714465285892601, ""move_vy"": 0.5799285025876846, ""kick_power"": 0.0, ""kick_dir"": null}, {""move_vx"": -0.0, ""move_vy"": 0.0, ""kick_power"": 0.9, ""kick_dir"": [-0.6995220400965386, -0.7146109637423084]}, {""move_vx"": -0.0, ""move_vy"": -5.4, ""kick_power"": 0.0, ""kick_dir"": null}, {""move_vx"": -6.778596587302269, ""move_vy"": -1.8251104916179826, ""kick_power"": 0.0, ""kick_dir"": null}, {""move_vx"": -0.0, ""move_vy"": 5.8, ""kick_power"": 0.0, ""kick_dir"": null}, {""move_vx"": 6.0, ""move_vy"": 0.0, ""kick_power"": 0.0, ""kick_dir"": null}, {""move_vx"": -5.336552144931162, ""move_vy"": 0.8253551989480727, ""kick_power"": 0.0, ""kick_dir"": null}, {""move_vx"": -5.688021247292031, ""move_vy"": -1.9095586637635418, ""kick_power"": 0.0, ""kick_dir"": null}, {""move_vx"": -3.7116273110595652, ""move_vy"": 5.213810766013354, ""kick_power"": 0.0, ""kick_dir"": null}, {""move_vx"": -2.7398260915895927, ""move_vy"": 5.337916539984949, ""kick_power"": 0.0, ""kick_dir"": null}, {""move_vx"": -0.0, ""move_vy"": 0.0, ""kick_power"": 0.0, ""kick_dir"": null}]"
482,126,default,default,0,18.752835900046517,33.05058982437046,20,B,,0.2489811726670603,-0.033218412428515434,0.4521642528648805,"[{""move_vx"": 3.5355339059327373, ""move_vy"": 3.5355339059327373, ""kick_power"": 0.0, ""kick_dir"": null}, {""move_vx"": 5.446827388848486, ""move_vy"": 1.9930056186799834, ""kick_power"": 0.0, ""kick_dir"": null}, {""move_vx"": 0.0, ""move_vy"": 0.0, ""kick_power"": 0.6, ""kick_dir"": [0.9794294029064176, 0.20178704772109804]}, {""move_vx"": 0.0, ""move_vy"": 0.0, ""kick_power"": 0.0, ""kick_dir"": null}, {""move_vx"": -4.1012193308819755, ""move_vy"": -4.1012193308819755, ""kick_power"": 0.0, ""kick_dir"": null}, {""move_vx"": 5.331521221456248, ""move_vy"": 2.963930070896018, ""kick_power"": 0.0, ""kick_dir"": null}, {""move_vx"": 4.242640687119285, ""move_vy"": -4.242640687119285, ""kick_power"": 0.0, ""kick_dir"": null}, {""move_vx"": 0.0, ""move_vy"": 0.0, ""kick_power"": 0.4, ""kick_dir"": [0.9946617159508203, -0.10318932809142865]}, {""move_vx"": 4.313351365237939, ""move_vy"": -4.313351365237939, ""kick_power"": 0.0, ""kick_dir"": null}, {""move_vx"": -4.242640687119285, ""move_vy"": -4.242640687119285, ""kick_power"": 0.0, ""kick_dir"": null}, {""move_vx"": 6.0, ""move_vy"": 0.0, ""kick_power"": 0.0, ""kick_dir"": null}, {""move_vx"": -4.712274293239801, ""move_vy"": 0.5974704890380217, ""kick_power"": 0.0, ""kick_dir"": null}, {""move_vx"": -0.0, ""move_vy"": 0.0, ""kick_power"": 0.9, ""kick_dir"": [-0.7080008900300712, -0.7062114798047209]}, {""move_vx"": -0.0, ""move_vy"": -5.4, ""kick_power"": 0.0, ""kick_dir"": null}, {""move_vx"": -6.80010908026665, ""move_vy"": -1.7432488337799206, ""kick_power"": 0.0, ""kick_dir"": null}, {""move_vx"": -4.1012193308819755, ""move_vy"": 4.1012193308819755, ""kick_power"": 0.0, ""kick_dir"": null}, {""move_vx"": 6.0, ""move_vy"": 0.0, ""kick_power"": 0.0, ""kick_dir"": null}, {""move_vx"": -5.328804009065951, ""move_vy"": 0.8739838859856929, ""kick_power"": 0.0, ""kick_dir"": null}, {""move_vx"": -5.683663680919217, ""move_vy"": -1.9224898340953112, ""kick_power"": 0.0, ""kick_dir"": null}, {""move_vx"": -3.7116273110595652, ""move_vy"": 5.213810766013353, ""kick_power"": 0.0, ""kick_dir"": null}, {""move_vx"": -2.739826091589592, ""move_vy"": 5.337916539984951, ""kick_power"": 0.0, ""kick_dir"": null}, {""move_vx"": -0.0, ""move_vy"": 0.0, ""kick_power"": 0.0, ""kick_dir"": null}]"
482,127,default,default,0,18.570180827273877,33.40645092703612,20,B,,0.25217799455783346,-0.038253214668017704,0.4456033109810219,"[{""move_vx"": 3.5355339059327373, ""move_vy"": 3.5355339059327373, ""kick_power"": 0.0, ""kick_dir"": null}, {""move_vx"": 5.442367735805508, ""move_vy"": 2.0051517220059005, ""kick_power"": 0.0, ""kick_dir"": null}, {""move_vx"": 0.0, ""move_vy"": 0.0, ""kick_power"": 0.9, ""kick_dir"": [-0.672771151594732, -0.7398505443868406]}, {""move_vx"": 3.8183766184073566, ""move_vy"": 3.8183766184073566, ""kick_power"": 0.0, ""kick_dir"": null}, {""move_vx"": -4.1012193308819755, ""move_vy"": -4.1012193308819755, ""kick_power"": 0.0, ""kick_dir"": null}, {""move_vx"": 5.333867547392282, ""move_vy"": 2.959705557462672, ""kick_power"": 0.0, ""kick_dir"": null}, {""move_vx"": 4.242640687119285, ""move_vy"": -4.242640687119285, ""kick_power"": 0.0, ""kick_dir"": null}, {""move_vx"": 0.0, ""move_vy"": 0.0, ""kick_power"": 0.4, ""kick_dir"": [0.9946617159508203, -0.10318932809142865]}, {""move_vx"": 4.313351365237939, ""move_vy"": -4.313351365237939, ""kick_power"": 0.0, ""kick_dir"": null}, {""move_vx"": -4.242640687119285, ""move_vy"": -4.242640687119285, ""kick_power"": 0.0, ""kick_dir"": null}, {""move_vx"": 6.0, ""move_vy"": 0.0, ""kick_power"": 0.0, ""kick_dir"": null}, {""move_vx"": -4.710035871396211, ""move_vy"": 0.6148675387113406, ""kick_power"": 0.0, ""kick_dir"": null}, {""move_vx"": -0.0, ""move_vy"": 0.0, ""kick_power"": 0.9, ""kick_dir"": [-0.7162815379068228, -0.6978113451126849]}, {""move_vx"": -0.0, ""move_vy"": -5.4, ""kick_power"": 0.0, ""kick_dir"": null}, {""move_vx"": -6.82081466967805, ""move_vy"": -1.6603876781958837, ""kick_power"": 0.0, ""kick_dir"": null}, {""move_vx"": -4.1012193308819755, ""move_vy"": 4.1012193308819755, ""kick_power"": 0.0, ""kick_dir"": null}, {""move_vx"": 6.0, ""move_vy"": 0.0, ""kick_power"": 0.0, ""kick_dir"": null}, {""move_vx"": 5.053490427908205, ""move_vy"": 0.687193200664957, ""kick_power"": 0.0, ""kick_dir"": null}, {""move_vx"": -5.67922015834475, ""move_vy"": -1.9355770181138836, ""kick_power"": 0.0, ""kick_dir"": null}, {""move_vx"": -3.7116273110595652, ""move_vy"": 5.213810766013353, ""kick_power"": 0.0, ""kick_dir"": null}, {""move_vx"": -2.739826091589589, ""move_vy"": 5.337916539984951, ""kick_power"": 0.0, ""kick_dir"": null}, {""move_vx"": -0.0, ""move_vy"": 0.0, ""kick_power"": 0.0, ""kick_dir"": null}]"
482,128,default,default,0,18.387525754501237,33.762312029701775,20,B,,0.2553510773682374,-0.040548464731466144,0.4490360320424328,"[{""move_vx"": 3.5355339059327373, ""move_vy"": 3.5355339059327373, ""kick_power"": 0.0, ""kick_dir"": null}, {""move_vx"": 5.437829582631252, ""move_vy"": 2.01742643738512, ""kick_power"": 0.0, ""kick_dir"": null}, {""move_vx"": 0.0, ""move_vy"": -5.4, ""kick_power"": 0.0, ""kick_dir"": null}, {""move_vx"": 3.8183766184073566, ""move_vy"": 3.8183766184073566, ""kick_power"": 0.0, ""kick_dir"": null}, {""move_vx"": -4.1012193308819755, ""move_vy"": -4.1012193308819755, ""kick_power"": 0.0, ""kick_dir"": null}, {""move_vx"": 5.33622241933001, ""move_vy"": 2.9554577126800132, ""kick_power"": 0.0, ""kick_dir"": null}, {""move_vx"": 4.242640687119285, ""move_vy"": -4.242640687119285, ""kick_power"": 0.0, ""kick_dir"": null}, {""move_vx"": 0.0, ""move_vy"": 0.0, ""kick_power"": 0.4, ""kick_dir"": [0.9946617159508203, -0.10318932809142865]}, {""move_vx"": 4.955613366840455, ""move_vy"": -3.5569504014523736, ""kick_power"": 0.0, ""kick_dir"": null}, {""move_vx"": -4.242640687119285, ""move_vy"": -4.242640687119285, ""kick_power"": 0.0, ""kick_dir"": null}, {""move_vx"": 6.0, ""move_vy"": 0.0, ""kick_power"": 0.0, ""kick_dir"": null}, {""move_vx"": -4.707751436031359, ""move_vy"": 0.6321205712082765, ""kick_power"": 0.0, ""kick_dir"": null}, {""move_vx"": -0.0, ""move_vy"": 0.0, ""kick_power"": 0.9, ""kick_dir"": [-0.7243635770726283, -0.6894181050421074]}, {""move_vx"": -0.0, ""move_vy"": -5.4, ""kick_power"": 0.0, ""kick_dir"": null}, {""move_vx"": -4.833400095288721, ""move_vy"": -1.7190530878547592, ""kick_power"": 0.0, ""kick_dir"": null}, {""move_vx"": -4.1012193308819755, ""move_vy"": 4.1012193308819755, ""kick_power"": 0.0, ""kick_dir"": null}, {""move_vx"": 6.0, ""move_vy"": 0.0, ""kick_power"": 0.0, ""kick_dir"": null}, {""move_vx"": -5.317598367367708, ""move_vy"": 0.9397593326848623, ""kick_power"": 0.0, ""kick_dir"": null}, {""move_vx"": -5.674688573094547, ""move_vy"": -1.9488226185033302, ""kick_power"": 0.0, ""kick_dir"": null}, {""move_vx"": -3.7116273110595652, ""move_vy"": 5.213810766013353, ""kick_power"": 0.0, ""kick_dir"": null}, {""move_vx"": -2.73982609158959, ""move_vy"": 5.337916539984951, ""kick_power"": 0.0, ""kick_dir"": null}, {""move_vx"": -0.0, ""move_vy"": 0.0, ""kick_power"": 0.0, ""kick_dir"": null}]"
482,129,default,default,0,18.204870681728597,34.11817313236743,20,B,,0.2584950200663459,-0.041813733139199345,0.44983490017979694,"[{""move_vx"": 3.5355339059327373, ""move_vy"": 3.5355339059327373, ""kick_power"": 0.0, ""kick_dir"": null}, {""move_vx"": 5.433211241717043, ""move_vy"": 2.0298314222810596, ""kick_power"": 0.0, ""kick_dir"": null}, {""move_vx"": 4.7261660800407626, ""move_vy"": 2.6121550841923886, ""kick_power"": 0.0, ""kick_dir"": null}, {""move_vx"": 3.8183766184073566, ""move_vy"": 3.8183766184073566, ""kick_power"": 0.0, ""kick_dir"": null}, {""move_vx"": -4.1012193308819755, ""move_vy"": -4.1012193308819755, ""kick_power"": 0.0, ""kick_dir"": null}, {""move_vx"": 5.338585908745146, ""move_vy"": 2.9511862860463007, ""kick_power"": 0.0, ""kick_dir"": null}, {""move_vx"": 4.242640687119285, ""move_vy"": -4.242640687119285, ""kick_power"": 0.0, ""kick_dir"": null}, {""move_vx"": 0.0, ""move_vy"": 0.0, ""kick_power"": 0.4, ""kick_dir"": [0.9946617159508203, -0.10318932809142865]}, {""move_vx"": 0.0, ""move_vy"": 0.0, ""kick_power"": 0.0, ""kick_dir"": null}, {""move_vx"": 6.773373390057446, ""move_vy"": 2.4416004830564892, ""kick_power"": 0.0, ""kick_dir"": null}, {""move_vx"": 6.0, ""move_vy"": 0.0, ""kick_power"": 0.0, ""kick_dir"": null}, {""move_vx"": -4.705422375730036, ""move_vy"": 0.6492305183670155, ""kick_power"": 0.0, ""kick_dir"": null}, {""move_vx"": -0.0, ""move_vy"": 0.0, ""kick_power"": 0.9, ""kick_dir"": [-0.732246937588576, -0.6810391605395312]}, {""move_vx"": -0.0, ""move_vy"": -5.4, ""kick_power"": 0.0, ""kick_dir"": null}, {""move_vx"": -3.8183766184073566, ""move_vy"": -3.8183766184073566, ""kick_power"": 0.0, ""kick_dir"": null}, {""move_vx"": -4.1012193308819755, ""move_vy"": 4.1012193308819755, ""kick_power"": 0.0, ""kick_dir"": null}, {""move_vx"": 6.0, ""move_vy"": 0.0, ""kick_power"": 0.0, ""kick_dir"": null}, {""move_vx"": -5.30893314099133, ""move_vy"": 0.9875367863952891, ""kick_power"": 0.0, ""kick_dir"": null}, {""move_vx"": -5.670066759790294, ""move_vy"": -1.9622290741707993, ""kick_power"": 0.0, ""kick_dir"": null}, {""move_vx"": -3.7116273110595652, ""move_vy"": 5.213810766013353, ""kick_power"": 0.0, ""kick_dir"": null}, {""move_vx"": -2.7398260915895905, ""move_vy"": 5.337916539984951, ""kick_power"": 0.0, ""kick_dir"": null}, {""move_vx"": -0.0, ""move_vy"": 0.0, ""kick_power"": 0.0, ""kick_dir"": null}]"
482,130,default,default,0,18.022215608955957,34.47403423503309,20,B,,0.25975121319175853,-0.03774392286272121,0.4513176347472653,"[{""move_vx"": 0.0, ""move_vy"": 0.0, ""kick_power"": 0.7, ""kick_dir"": [0.9999830074743801, 0.005825490305166178]}, {""move_vx"": 5.428510985163477, ""move_vy"": 2.0423683516837636, ""kick_power"": 0.0, ""kick_dir"": null}, {""move_vx"": 0.0, ""move_vy"": -5.4, ""kick_power"": 0.0, ""kick_dir"": null}, {""move_vx"": 3.8183766184073566, ""move_vy"": 3.8183766184073566, ""kick_power"": 0.0, ""kick_dir"": null}, {""move_vx"": 0.0, ""move_vy"": 5.8, ""kick_power"": 0.0, ""kick_dir"": null}, {""move_vx"": 5.340958088105465, ""move_vy"": 2.946891022942793, ""kick_power"": 0.0, ""kick_dir"": null}, {""move_vx"": 4.242640687119285, ""move_vy"": -4.242640687119285, ""kick_power"": 0.0, ""kick_dir"": null}, {""move_vx"": 0.0, ""move_vy"": 0.0, ""kick_power"": 0.4, ""kick_dir"": [0.9946617159508203, -0.10318932809142865]}, {""move_vx"": 0.0, ""move_vy"": 0.0, ""kick_power"": 0.0, ""kick_dir"": null}, {""move_vx"": -4.242640687119285, ""move_vy"": 4.242640687119285, ""kick_power"": 0.0, ""kick_dir"": null}, {""move_vx"": 0.0, ""move_vy"": 0.0, ""kick_power"": 0.0, ""kick_dir"": null}, {""move_vx"": -4.70305005224115, ""move_vy"": 0.6661983234101669, ""kick_power"": 0.0, ""kick_dir"": null}, {""move_vx"": -0.0, ""move_vy"": 0.0, ""kick_power"": 0.9, ""kick_dir"": [-0.7399318712490219, -0.6726817539998018]}, {""move_vx"": -0.0, ""move_vy"": -5.4, ""kick_power"": 0.0, ""kick_dir"": null}, {""move_vx"": -6.8878685463466205, ""move_vy"": -1.3556057274329048, ""kick_power"": 0.0, ""kick_dir"": null}, {""move_vx"": -4.1012193308819755, ""move_vy"": 4.1012193308819755, ""kick_power"": 0.0, ""kick_dir"": null}, {""move_vx"": 6.0, ""move_vy"": 0.0, ""kick_power"": 0.0, ""kick_dir"": null}, {""move_vx"": -5.299777222832484, ""move_vy"": 1.0355488343607933, ""kick_power"": 0.0, ""kick_dir"": null}, {""move_vx"": -5.665352492423022, ""move_vy"": -1.9757988603590826, ""kick_power"": 0.0, ""kick_dir"": null}, {""move_vx"": -3.7116273110595652, ""move_vy"": 5.213810766013353, ""kick_power"": 0.0, ""kick_dir"": null}, {""move_vx"": -2.739826091589588, ""move_vy"": 5.337916539984951, ""kick_power"": 0.0, ""kick_dir"": null}, {""move_vx"": -0.0, ""move_vy"": 0.0, ""kick_power"": 0.0, ""kick_dir"": null}]"
482,131,default,default,0,17.839560536183317,34.82989533769876,20,B,,0.26043453900476576,-0.04397865602195259,0.4521492381289803,"[{""move_vx"": 0.0, ""move_vy"": 5.0, ""kick_power"": 0.0, ""kick_dir"": null}, {""move_vx"": 5.8, ""move_vy"": 0.0, ""kick_power"": 0.0, ""kick_dir"": null}, {""move_vx"": 4.6317774330580415, ""move_vy"": 2.7760831778990833, ""kick_power"": 0.0, ""kick_dir"": null}, {""move_vx"": 5.4, ""move_vy"": 0.0, ""kick_power"": 0.0, ""kick_dir"": null}, {""move_vx"": 5.4714270676562275, ""move_vy"": -1.924444294678018, ""kick_power"": 0.0, ""kick_dir"": null}, {""move_vx"": 5.343339030890417, ""move_vy"": 2.942571664541589, ""kick_power"": 0.0, ""kick_dir"": null}, {""move_vx"": 4.242640687119285, ""move_vy"": -4.242640687119285, ""kick_power"": 0.0, ""kick_dir"": null}, {""move_vx"": 4.242640687119285, ""move_vy"": -4.242640687119285, ""kick_power"": 0.0, ""kick_dir"": null}, {""move_vx"": 0.0, ""move_vy"": 0.0, ""kick_power"": 0.0, ""kick_dir"": null}, {""move_vx"": -4.242640687119285, ""move_vy"": 4.242640687119285, ""kick_power"": 0.0, ""kick_dir"": null}, {""move_vx"": 6.0, ""move_vy"": 0.0, ""kick_power"": 0.0, ""kick_dir"": null}, {""move_vx"": -5.0, ""move_vy"": 0.0, ""kick_power"": 0.0, ""kick_dir"": null}, {""move_vx"": -0.0, ""move_vy"": 0.0, ""kick_power"": 0.9, ""kick_dir"": [-0.7474189357416069, -0.6643529568067381]}, {""move_vx"": -0.0, ""move_vy"": -5.4, ""kick_power"": 0.0, ""kick_dir"": null}, {""move_vx"": -6.904200045294411, ""move_vy"": -1.2698116925578589, ""kick_power"": 0.0, ""kick_dir"": null}, {""move_vx"": -4.1012193308819755, ""move_vy"": 4.1012193308819755, ""kick_power"": 0.0, ""kick_dir"": null}, {""move_vx"": 6.0, ""move_vy"": 0.0, ""kick_power"": 0.0, ""kick_dir"": null}, {""move_vx"": -5.290123132795336, ""move_vy"": 1.0837883741135355, ""kick_power"": 0.0, ""kick_dir"": null}, {""move_vx"": -5.6605434825810965, ""move_vy"": -1.9895344887205813, ""kick_power"": 0.0, ""kick_dir"": null}, {""move_vx"": -3.7116273110595652, ""move_vy"": 5.213810766013353, ""kick_power"": 0.0, ""kick_dir"": null}, {""move_vx"": -2.7398260915895856, ""move_vy"": 5.3379165399849535, ""kick_power"": 0.0, ""kick_dir"": null}, {""move_vx"": -0.0, ""move_vy"": 0.0, ""kick_power"": 0.0, ""kick_dir"": null}]"
482,132,default,default,0,17.656905463410677,35.18575644036443,20,B,,0.26110608581719646,-0.03924644062245014,0.4533847045721878,"[{""move_vx"": 0.0, ""move_vy"": 5.0, ""kick_power"": 0.0, ""kick_dir"": null}, {""move_vx"": 5.41851640584497, ""move_vy"": 2.0687387364258685, ""kick_power"": 0.0, ""kick_dir"": null}, {""move_vx"": -3.5575772861305275, ""move_vy"": 3.6960172961186415, ""kick_power"": 0.0, ""kick_dir"": null}, {""move_vx"": 5.4, ""move_vy"": 0.0, ""kick_power"": 0.0, ""kick_dir"": null}, {""move_vx"": 5.4714270676562275, ""move_vy"": -1.924444294678018, ""kick_power"": 0.0, ""kick_dir"": null}, {""move_vx"": 0.0, ""move_vy"": 0.0, ""kick_power"": 1.0, ""kick_dir"": [0.9866674997488891, 0.1627489127841651]}, {""move_vx"": 4.242640687119285, ""move_vy"": -4.242640687119285, ""kick_power"": 0.0, ""kick_dir"": null}, {""move_vx"": 4.242640687119285, ""move_vy"": -4.242640687119285, ""kick_power"": 0.0, ""kick_dir"": null}, {""move_vx"": 0.0, ""move_vy"": 0.0, ""kick_power"": 0.0, ""kick_dir"": null}, {""move_vx"": -4.242640687119285, ""move_vy"": 4.242640687119285, ""kick_power"": 0.0, ""kick_dir"": null}, {""move_vx"": 6.0, ""move_vy"": 0.0, ""kick_power"": 0.0, ""kick_dir"": null}, {""move_vx"": -4.69778911644395, ""move_vy"": 0.70233711095226, ""kick_power"": 0.0, ""kick_dir"": null}, {""move_vx"": -0.0, ""move_vy"": 0.0, ""kick_power"": 0.9, ""kick_dir"": [-0.7547089781041938, -0.6560596585452307]}, {""move_vx"": -0.0, ""move_vy"": -5.4, ""kick_power"": 0.0, ""kick_dir"": null}, {""move_vx"": -6.919577386613178, ""move_vy"": -1.1831520572908365, ""kick_power"": 0.0, ""kick_dir"": null}, {""move_vx"": -4.1012193308819755, ""move_vy"": 4.1012193308819755, ""kick_power"": 0.0, ""kick_dir"": null}, {""move_vx"": 6.0, ""move_vy"": 0.0, ""kick_power"": 0.0, ""kick_dir"": null}, {""move_vx"": -5.279963495899129, ""move_vy"": 1.132247977243786, ""kick_power"": 0.0, ""kick_dir"": null}, {""move_vx"": -5.655637377632163, ""move_vy"": -2.003438507349298, ""kick_power"": 0.0, ""kick_dir"": null}, {""move_vx"": -3.7116273110595652, ""move_vy"": 5.213810766013353, ""kick_power"": 0.0, ""kick_dir"": null}, {""move_vx"": -2.7398260915895882, ""move_vy"": 5.337916539984953, ""kick_power"": 0.0, ""kick_dir"": null}, {""move_vx"": -0.0, ""move_vy"": 0.0, ""kick_power"": 0.0, ""kick_dir"": null}]"
482,133,default,default,0,17.474250390638037,35.541617543030085,20,B,,0.26652710329589485,-0.028774245648880068,0.45402682822230445,"[{""move_vx"": 5.249954550240099, ""move_vy"": -0.02184537510044413, ""kick_power"": 0.0, ""kick_dir"": null}, {""move_vx"": -6.958359498396133, ""move_vy"": 0.15110622449231634, ""kick_power"": 0.0, ""kick_dir"": null}, {""move_vx"": -3.5215212163820686, ""move_vy"": 3.7303871545150584, ""kick_power"": 0.0, ""kick_dir"": null}, {""move_vx"": 5.4, ""move_vy"": 0.0, ""kick_power"": 0.0, ""kick_dir"": null}, {""move_vx"": 5.4714270676562275, ""move_vy"": -1.9244442946780183, ""kick_power"": 0.0, ""kick_dir"": null}, {""move_vx"": 4.721351160071191, ""move_vy"": 2.801596548986742, ""kick_power"": 0.0, ""kick_dir"": null}, {""move_vx"": 4.242640687119285, ""move_vy"": -4.242640687119285, ""kick_power"": 0.0, ""kick_dir"": null}, {""move_vx"": 0.0, ""move_vy"": 0.0, ""kick_power"": 0.4, ""kick_dir"": [0.9955035573168842, -0.09472398656635257]}, {""move_vx"": 0.0, ""move_vy"": 0.0, ""kick_power"": 0.0, ""kick_dir"": null}, {""move_vx"": -6.0, ""move_vy"": 0.0, ""kick_power"": 0.0, ""kick_dir"": null}, {""move_vx"": 6.0, ""move_vy"": 0.0, ""kick_power"": 0.0, ""kick_dir"": null}, {""move_vx"": -4.695288087084243, ""move_vy"": 0.718867010847483, ""kick_power"": 0.0, ""kick_dir"": null}, {""move_vx"": -0.0, ""move_vy"": 0.0, ""kick_power"": 0.9, ""kick_dir"": [-0.7618031176286023, -0.6478085578786664]}, {""move_vx"": -0.0, ""move_vy"": -5.4, ""kick_power"": 0.0, ""kick_dir"": null}, {""move_vx"": -6.933970701421901, ""move_vy"": -1.095650634017378, ""kick_power"": 0.0, ""kick_dir"": null}, {""move_vx"": -4.1012193308819755, ""move_vy"": 4.1012193308819755, ""kick_power"": 0.0, ""kick_dir"": null}, {""move_vx"": 6.0, ""move_vy"": 0.0, ""kick_power"": 0.0, ""kick_dir"": null}, {""move_vx"": -5.269291055084797, ""move_vy"": 1.1809198858531225, ""kick_power"": 0.0, ""kick_dir"": null}, {""move_vx"": -5.652509395633507, ""move_vy"": -2.012246886511429, ""kick_power"": 0.0, ""kick_dir"": null}, {""move_vx"": -5.691199954511171, ""move_vy"": -0.8876052488421047, ""kick_power"": 0.0, ""kick_dir"": null}, {""move_vx"": -2.73982609158959, ""move_vy"": 5.337916539984951, ""kick_power"": 0.0, ""kick_dir"": null}, {""move_vx"": 4.525483399593904, ""move_vy"": 4.525483399593904, ""kick_power"": 0.0, ""kick_dir"": null}]"
482,134,default,default,0,17.291595317865397,35.897478645695756,20,B,,0.2671868277632545,-0.025414712821763864,0.45352029136392996,"[{""move_vx"": 0.0, ""move_vy"": 5.0, ""kick_power"": 0.0, ""kick_dir"": null}, {""move_vx"": -6.955256168851816, ""move_vy"": 0.2569272769651894, ""kick_power"": 0.0, ""kick_dir"": null}, {""move_vx"": -3.49189789500678, ""move_vy"": 3.758131063553695, ""kick_power"": 0.0, ""kick_dir"": null}, {""move_vx"": -3.060493056478663, ""move_vy"": -5.711723229573182, ""kick_power"": 0.0, ""kick_dir"": null}, {""move_vx"": -4.1012193308819755, ""move_vy"": -4.1012193308819755, ""kick_power"": 0.0, ""kick_dir"": null}, {""move_vx"": 5.348519806965345, ""move_vy"": 2.933144366460572, ""kick_power"": 0.0, ""kick_dir"": null}, {""move_vx"": 4.242640687119285, ""move_vy"": -4.242640687119285, ""kick_power"": 0.0, ""kick_dir"": null}, {""move_vx"": 4.242640687119285, ""move_vy"": -4.242640687119285, ""kick_power"": 0.0, ""kick_dir"": null}, {""move_vx"": 0.0, ""move_vy"": 0.0, ""kick_power"": 0.0, ""kick_dir"": null}, {""move_vx"": -6.0, ""move_vy"": 0.0, ""kick_power"": 0.0, ""kick_dir"": null}, {""move_vx"": 6.0, ""move_vy"": 0.0, ""kick_power"": 0.0, ""kick_dir"": null}, {""move_vx"": -4.692749153719375, ""move_vy"": 0.735258716552263, ""kick_power"": 0.0, ""kick_dir"": null}, {""move_vx"": -0.0, ""move_vy"": 0.0, ""kick_power"": 0.9, ""kick_dir"": [-0.7687027283544684, -0.6396061550724613]}, {""move_vx"": -0.0, ""move_vy"": -5.4, ""kick_power"": 0.0, ""kick_dir"": null}, {""move_vx"": -6.412938998211151, ""move_vy"": -0.9298459040198908, ""kick_power"": 0.0, ""kick_dir"": null}, {""move_vx"": -4.1012193308819755, ""move_vy"": 4.1012193308819755, ""kick_power"": 0.0, ""kick_dir"": null}, {""move_vx"": 6.0, ""move_vy"": 0.0, ""kick_power"": 0.0, ""kick_dir"": null}, {""move_vx"": -5.258098684431136, ""move_vy"": 1.2297960094192733, ""kick_power"": 0.0, ""kick_dir"": null}, {""move_vx"": -5.649220645140591, ""move_vy"": -2.0214613779435218, ""kick_power"": 0.0, ""kick_dir"": null}, {""move_vx"": -3.619148145040615, ""move_vy"": 5.278424642281926, ""kick_power"": 0.0, ""kick_dir"": null}, {""move_vx"": -2.739826091589588, ""move_vy"": 5.337916539984953, ""kick_power"": 0.0, ""kick_dir"": null}, {""move_vx"": -0.0, ""move_vy"": -6.4, ""kick_power"": 0.0, ""kick_dir"": null}]"
482,135,default,default,0,17.108940245092757,36.25333974836143,20,B,,0.26782990805435253,-0.03281800124068658,0.458404498544981,"[{""move_vx"": 0.0, ""move_vy"": 5.0, ""kick_power"": 0.0, ""kick_dir"": null}, {""move_vx"": -6.950417745117389, ""move_vy"": 0.3650933693691457, ""kick_power"": 0.0, ""kick_dir"": null}, {""move_vx"": -3.473832161581125, ""move_vy"": 3.77483643528625, ""kick_power"": 0.0, ""kick_dir"": null}, {""move_vx"": 5.4, ""move_vy"": 0.0, ""kick_power"": 0.0, ""kick_dir"": null}, {""move_vx"": 5.474042895074283, ""move_vy"": -1.9169909709977144, ""kick_power"": 0.0, ""kick_dir"": null}, {""move_vx"": 5.350925031326504, ""move_vy"": 2.9287542247726166, ""kick_power"": 0.0, ""kick_dir"": null}, {""move_vx"": 0.0, ""move_vy"": 6.0, ""kick_power"": 0.0, ""kick_dir"": null}, {""move_vx"": 4.242640687119285, ""move_vy"": -4.242640687119285, ""kick_power"": 0.0, ""kick_dir"": null}, {""move_vx"": 0.0, ""move_vy"": 0.0, ""kick_power"": 0.0, ""kick_dir"": null}, {""move_vx"": -6.0, ""move_vy"": 0.0, ""kick_power"": 0.0, ""kick_dir"": null}, {""move_vx"": 6.0, ""move_vy"": 0.0, ""kick_power"": 0.0, ""kick_dir"": null}, {""move_vx"": -4.6901735450514215, ""move_vy"": 0.7515132183134131, ""kick_power"": 0.0, ""kick_dir"": null}, {""move_vx"": -0.0, ""move_vy"": 0.0, ""kick_power"": 0.9, ""kick_dir"": [-0.7754094212887291, -0.6314587461328799]}, {""move_vx"": -5.385989097508426, ""move_vy"": 0.38874341347523483, ""kick_power"": 0.0, ""kick_dir"": null}, {""move_vx"": -6.424314320828854, ""move_vy"": -0.8476942297746881, ""kick_power"": 0.0, ""kick_dir"": null}, {""move_vx"": -4.1012193308819755, ""move_vy"": 4.1012193308819755, ""kick_power"": 0.0, ""kick_dir"": null}, {""move_vx"": 6.0, ""move_vy"": 0.0, ""kick_power"": 0.0, ""kick_dir"": null}, {""move_vx"": -5.246379402770941, ""move_vy"": 1.2788679221017412, ""kick_power"": 0.0, ""kick_dir"": null}, {""move_vx"": -5.6545025694997815, ""move_vy"": -2.00663915329099, ""kick_power"": 0.0, ""kick_dir"": null}, {""move_vx"": -3.6191481450406173, ""move_vy"": 5.278424642281925, ""kick_power"": 0.0, ""kick_dir"": null}, {""move_vx"": -2.739826091589587, ""move_vy"": 5.3379165399849535, ""kick_power"": 0.0, ""kick_dir"": null}, {""move_vx"": -0.0, ""move_vy"": 0.0, ""kick_power"": 0.0, ""kick_dir"": null}]"
482,136,default,default,0,16.926285172320117,36.60920085102708,20,B,,0.2684541969089337,-0.03303564999214081,0.45437547314379967,"[{""move_vx"": 0.0, ""move_vy"": 5.0, ""kick_power"": 0.0, ""kick_dir"": null}, {""move_vx"": -6.943731532473175, ""move_vy"": 0.4755968933222005, ""kick_power"": 0.0, ""kick_dir"": null}, {""move_vx"": -3.456483801880093, ""move_vy"": 3.790728126276077, ""kick_power"": 0.0, ""kick_dir"": null}, {""move_vx"": 5.4, ""move_vy"": 0.0, ""kick_power"": 0.0, ""kick_dir"": null}, {""move_vx"": -4.1012193308819755, ""move_vy"": -4.1012193308819755, ""kick_power"": 0.0, ""kick_dir"": null}, {""move_vx"": 5.353339306636688, ""move_vy"": 2.9243389454744495, ""kick_power"": 0.0, ""kick_dir"": null}, {""move_vx"": 4.242640687119285, ""move_vy"": -4.242640687119285, ""kick_power"": 0.0, ""kick_dir"": null}, {""move_vx"": 4.242640687119285, ""move_vy"": -4.242640687119285, ""kick_power"": 0.0, ""kick_dir"": null}, {""move_vx"": 0.0, ""move_vy"": 0.0, ""kick_power"": 0.0, ""kick_dir"": null}, {""move_vx"": -6.0, ""move_vy"": 0.0, ""kick_power"": 0.0, ""kick_dir"": null}, {""move_vx"": 6.0, ""move_vy"": 0.0, ""kick_power"": 0.0, ""kick_dir"": null}, {""move_vx"": -4.687562464661986, ""move_vy"": 0.7676315130920869, ""kick_power"": 0.0, ""kick_dir"": null}, {""move_vx"": -0.0, ""move_vy"": 0.0, ""kick_power"": 0.9, ""kick_dir"": [-0.7819250264773576, -0.6233724185203012]}, {""move_vx"": -0.0, ""move_vy"": -5.4, ""kick_power"": 0.0, ""kick_dir"": null}, {""move_vx"": -6.434691813318556, ""move_vy"": -0.7649452709907777, ""kick_power"": 0.0, ""kick_dir"": null}, {""move_vx"": -4.1012193308819755, ""move_vy"": 4.1012193308819755, ""kick_power"": 0.0, ""kick_dir"": null}, {""move_vx"": 6.0, ""move_vy"": 0.0, ""kick_power"": 0.0, ""kick_dir"": null}, {""move_vx"": -5.2341263876956345, ""move_vy"": 1.3281268605175707, ""kick_power"": 0.0, ""kick_dir"": null}, {""move_vx"": -5.650371061800779, ""move_vy"": -2.0182435095806266, ""kick_power"": 0.0, ""kick_dir"": null}, {""move_vx"": -3.6191481450406187, ""move_vy"": 5.278424642281924, ""kick_power"": 0.0, ""kick_dir"": null}, {""move_vx"": -2.739826091589589, ""move_vy"": 5.337916539984951, ""kick_power"": 0.0, ""kick_dir"": null}, {""move_vx"": -0.0, ""move_vy"": 0.0, ""kick_power"": 0.0, ""kick_dir"": null}]"
482,137,default,default,0,16.743630099547477,36.96506195369274,20,B,,0.26905719297378605,-0.03455341369653939,0.4579882431752308,"[{""move_vx"": 0.0, ""move_vy"": 5.0, ""kick_power"": 0.0, ""kick_dir"": null}, {""move_vx"": -6.935081965195599, ""move_vy"": 0.5884200336653587, ""kick_power"": 0.0, ""kick_dir"": null}, {""move_vx"": -3.439385192258068, ""move_vy"": 3.8062487437470423, ""kick_power"": 0.0, ""kick_dir"": null}, {""move_vx"": 5.4, ""move_vy"": 0.0, ""kick_power"": 0.0, ""kick_dir"": null}, {""move_vx"": 5.4731706727021585, ""move_vy"": -1.9194798221062372, ""kick_power"": 0.0, ""kick_dir"": null}, {""move_vx"": 5.355762711542355, ""move_vy"": 2.9198982478251665, ""kick_power"": 0.0, ""kick_dir"": null}, {""move_vx"": 0.0, ""move_vy"": 6.0, ""kick_power"": 0.0, ""kick_dir"": null}, {""move_vx"": 4.242640687119285, ""move_vy"": -4.242640687119285, ""kick_power"": 0.0, ""kick_dir"": null}, {""move_vx"": 0.0, ""move_vy"": 0.0, ""kick_power"": 0.0, ""kick_dir"": null}, {""move_vx"": -6.0, ""move_vy"": 0.0, ""kick_power"": 0.0, ""kick_dir"": null}, {""move_vx"": 6.0, ""move_vy"": 0.0, ""kick_power"": 0.0, ""kick_dir"": null}, {""move_vx"": -4.684917091322572, ""move_vy"": 0.7836146038925317, ""kick_power"": 0.0, ""kick_dir"": null}, {""move_vx"": -0.0, ""move_vy"": 0.0, ""kick_power"": 0.0, ""kick_dir"": null}, {""move_vx"": -0.0, ""move_vy"": -5.4, ""kick_power"": 0.0, ""kick_dir"": null}, {""move_vx"": -6.444049902850631, ""move_vy"": -0.6816310215730838, ""kick_power"": 0.0, ""kick_dir"": null}, {""move_vx"": -4.1012193308819755, ""move_vy"": 4.1012193308819755, ""kick_power"": 0.0, ""kick_dir"": null}, {""move_vx"": 6.0, ""move_vy"": 0.0, ""kick_power"": 0.0, ""kick_dir"": null}, {""move_vx"": -5.221332989934968, ""move_vy"": 1.3775637220167989, ""kick_power"": 0.0, ""kick_dir"": null}, {""move_vx"": -5.645148878346021, ""move_vy"": -2.032804501497539, ""kick_power"": 0.0, ""kick_dir"": null}, {""move_vx"": -3.619148145040617, ""move_vy"": 5.278424642281924, ""kick_power"": 0.0, ""kick_dir"": null}, {""move_vx"": -2.7398260915895896, ""move_vy"": 5.337916539984951, ""kick_power"": 0.0, ""kick_dir"": null}, {""move_vx"": -0.0, ""move_vy"": 0.0, ""kick_power"": 0.0, ""kick_dir"": null}]"
482,138,default,default,0,16.560975026774837,37.32092305635841,20,B,,0.2696359732202337,-0.03466032354900862,0.458483348364181,"[{""move_vx"": 0.0, ""move_vy"": 5.0, ""kick_power"": 0.0, ""kick_dir"": null}, {""move_vx"": -6.92435126078676, ""move_vy"": 0.7035336646108804, ""kick_power"": 0.0, ""kick_dir"": null}, {""move_vx"": -3.4225347249867664, ""move_vy"": 3.821407601429054, ""kick_power"": 0.0, ""kick_dir"": null}, {""move_vx"": 5.4, ""move_vy"": 0.0, ""kick_power"": 0.0, ""kick_dir"": null}, {""move_vx"": -4.1012193308819755, ""move_vy"": -4.1012193308819755, ""kick_power"": 0.0, ""kick_dir"": null}, {""move_vx"": 5.3581953258269355, ""move_vy"": 2.915431846277043, ""kick_power"": 0.0, ""kick_dir"": null}, {""move_vx"": 4.242640687119285, ""move_vy"": -4.242640687119285, ""kick_power"": 0.0, ""kick_dir"": null}, {""move_vx"": 4.242640687119285, ""move_vy"": -4.242640687119285, ""kick_power"": 0.0, ""kick_dir"": null}, {""move_vx"": 0.0, ""move_vy"": 0.0, ""kick_power"": 0.0, ""kick_dir"": null}, {""move_vx"": -6.0, ""move_vy"": 0.0, ""kick_power"": 0.0, ""kick_dir"": null}, {""move_vx"": 6.0, ""move_vy"": 0.0, ""kick_power"": 0.0, ""kick_dir"": null}, {""move_vx"": -4.682238579310496, ""move_vy"": 0.7994634991145164, ""kick_power"": 0.0, ""kick_dir"": null}, {""move_vx"": -0.0, ""move_vy"": 0.0, ""kick_power"": 0.9, ""kick_dir"": [-0.794391281317805, -0.6074062992882875]}, {""move_vx"": -0.0, ""move_vy"": -5.4, ""kick_power"": 0.0, ""kick_dir"": null}, {""move_vx"": -6.452368025803523, ""move_vy"": -0.5977849609921178, ""kick_power"": 0.0, ""kick_dir"": null}, {""move_vx"": -4.1012193308819755, ""move_vy"": 4.1012193308819755, ""kick_power"": 0.0, ""kick_dir"": null}, {""move_vx"": 6.0, ""move_vy"": 0.0, ""kick_power"": 0.0, ""kick_dir"": null}, {""move_vx"": -5.207992748096499, ""move_vy"": 1.427169063486973, ""kick_power"": 0.0, ""kick_dir"": null}, {""move_vx"": -5.639817470970835, ""move_vy"": -2.0475494851485583, ""kick_power"": 0.0, ""kick_dir"": null}, {""move_vx"": -3.5607907537045946, ""move_vy"": 5.31796664227333, ""kick_power"": 0.0, ""kick_dir"": null}, {""move_vx"": -2.7398260915895873, ""move_vy"": 5.3379165399849535, ""kick_power"": 0.0, ""kick_dir"": null}, {""move_vx"": -0.0, ""move_vy"": 0.0, ""kick_power"": 0.0, ""kick_dir"": null}]"
482,139,default,default,0,16.378319954002198,37.67678415902408,20,B,,0.2701871121539303,-0.04138362717286419,0.45892844505394637,"[{""move_vx"": 0.0, ""move_vy"": 5.0, ""kick_power"": 0.0, ""kick_dir"": null}, {""move_vx"": -6.9114202141349015, ""move_vy"": 0.8208962319608162, ""kick_power"": 0.0, ""kick_dir"": null}, {""move_vx"": -3.405930666358245, ""move_vy"": 3.8362137969566406, ""kick_power"": 0.0, ""kick_dir"": null}, {""move_vx"": 5.4, ""move_vy"": 0.0, ""kick_power"": 0.0, ""kick_dir"": null}, {""move_vx"": 5.47229560413933, ""move_vy"": -1.9219731582197945, ""kick_power"": 0.0, ""kick_dir"": null}, {""move_vx"": 5.360637230434294, ""move_vy"": 2.9109394503633594, ""kick_power"": 0.0, ""kick_dir"": null}, {""move_vx"": 4.242640687119285, ""move_vy"": -4.242640687119285, ""kick_power"": 0.0, ""kick_dir"": null}, {""move_vx"": 4.242640687119285, ""move_vy"": -4.242640687119285, ""kick_power"": 0.0, ""kick_dir"": null}, {""move_vx"": 0.0, ""move_vy"": 0.0, ""kick_power"": 0.0, ""kick_dir"": null}, {""move_vx"": -6.0, ""move_vy"": 0.0, ""kick_power"": 0.0, ""kick_dir"": null}, {""move_vx"": 6.0, ""move_vy"": 0.0, ""kick_power"": 0.0, ""kick_dir"": null}, {""move_vx"": -4.679528058729736, ""move_vy"": 0.8151792119289487, ""kick_power"": 0.0, ""kick_dir"": null}, {""move_vx"": -0.0, ""move_vy"": 0.0, ""kick_power"": 0.9, ""kick_dir"": [-0.8003465250989893, -0.5995376222912493]}, {""move_vx"": -0.0, ""move_vy"": -5.4, ""kick_power"": 0.0, ""kick_dir"": null}, {""move_vx"": -6.4596267148781035, ""move_vy"": -0.51344201662226, ""kick_power"": 0.0, ""kick_dir"": null}, {""move_vx"": -4.1012193308819755, ""move_vy"": 4.1012193308819755, ""kick_power"": 0.0, ""kick_dir"": null}, {""move_vx"": 6.0, ""move_vy"": 0.0, ""kick_power"": 0.0, ""kick_dir"": null}, {""move_vx"": -5.194099403747432, ""move_vy"": 1.476933100715998, ""kick_power"": 0.0, ""kick_dir"": null}, {""move_vx"": -5.634374034150535, ""move_vy"": -2.0624813316222346, ""kick_power"": 0.0, ""kick_dir"": null}, {""move_vx"": -3.502090761080701, ""move_vy"": 5.356805046028202, ""kick_power"": 0.0, ""kick_dir"": null}, {""move_vx"": -2.739826091589586, ""move_vy"": 5.3379165399849535, ""kick_power"": 0.0, ""kick_dir"": null}, {""move_vx"": -0.0, ""move_vy"": 0.0, ""kick_power"": 0.0, ""kick_dir"": null}]"
482,140,default,default,0,15.90857740220873,37.72209807762756,20,B,,0.27012420104753626,-0.06291949399450675,0.4522354809905356,"[{""move_vx"": 0.0, ""move_vy"": 5.0, ""kick_power"": 0.0, ""kick_dir"": null}, {""move_vx"": -6.896169141459452, ""move_vy"": 0.9404526422858362, ""kick_power"": 0.0, ""kick_dir"": null}, {""move_vx"": -3.3895711666134902, ""move_vy"": 3.8506762141814077, ""kick_power"": 0.0, ""kick_dir"": null}, {""move_vx"": 5.4, ""move_vy"": 0.0, ""kick_power"": 0.0, ""kick_dir"": null}, {""move_vx"": -4.1012193308819755, ""move_vy"": -4.1012193308819755, ""kick_power"": 0.0, ""kick_dir"": null}, {""move_vx"": 5.3630885074928125, ""move_vy"": 2.906420764582877, ""kick_power"": 0.0, ""kick_dir"": null}, {""move_vx"": 0.0, ""move_vy"": 6.0, ""kick_power"": 0.0, ""kick_dir"": null}, {""move_vx"": 4.242640687119285, ""move_vy"": -4.242640687119285, ""kick_power"": 0.0, ""kick_dir"": null}, {""move_vx"": 0.0, ""move_vy"": 0.0, ""kick_power"": 0.0, ""kick_dir"": null}, {""move_vx"": -6.0, ""move_vy"": 0.0, ""kick_power"": 0.0, ""kick_dir"": null}, {""move_vx"": 6.0, ""move_vy"": 0.0, ""kick_power"": 0.0, ""kick_dir"": null}, {""move_vx"": -4.676786635836108, ""move_vy"": 0.8307627596761783, ""kick_power"": 0.0, ""kick_dir"": null}, {""move_vx"": -0.0, ""move_vy"": 0.0, ""kick_power"": 0.9, ""kick_dir"": [-0.8061198342255419, -0.5917522574406285]}, {""move_vx"": -0.0, ""move_vy"": -5.4, ""kick_power"": 0.0, ""kick_dir"": null}, {""move_vx"": -6.465807685051885, ""move_vy"": -0.428638518945728, ""kick_power"": 0.0, ""kick_dir"": null}, {""move_vx"": -4.1012193308819755, ""move_vy"": 4.1012193308819755, ""kick_power"": 0.0, ""kick_dir"": null}, {""move_vx"": 6.0, ""move_vy"": 0.0, ""kick_power"": 0.0, ""kick_dir"": null}, {""move_vx"": -5.179646916819423, ""move_vy"": 1.5268457083422158, ""kick_power"": 0.0, ""kick_dir"": null}, {""move_vx"": -5.62881568166674, ""move_vy"": -2.077602950956364, ""kick_power"": 0.0, ""kick_dir"": null}, {""move_vx"": -3.4431009920944287, ""move_vy"": 5.394910152934742, ""kick_power"": 0.0, ""kick_dir"": null}, {""move_vx"": -2.7398260915895882, ""move_vy"": 5.337916539984952, ""kick_power"": 0.0, ""kick_dir"": null}, {""move_vx"": -0.0, ""move_vy"": 0.0, ""kick_power"": 0.0, ""kick_dir"": null}]"
482,141,default,default,0,15.645054630693597,37.954915482868856,20,B,,0.2698413868496262,-0.050270055910467085,0.4546839646427264,"[{""move_vx"": 0.0, ""move_vy"": 5.0, ""kick_power"": 0.0, ""kick_dir"": null}, {""move_vx"": -6.894320951691702, ""move_vy"": 0.9539070264259589, ""kick_power"": 0.0, ""kick_dir"": null}, {""move_vx"": -3.4422955382049194, ""move_vy"": 3.8036168876024443, ""kick_power"": 0.0, ""kick_dir"": null}, {""move_vx"": 5.4, ""move_vy"": 0.0, ""kick_power"": 0.0, ""kick_dir"": null}, {""move_vx"": 0.0, ""move_vy"": 0.0, ""kick_power"": 0.6, ""kick_dir"": [0.9969608111713251, -0.07790451042006111]}, {""move_vx"": 5.365549240340138, ""move_vy"": 2.9018754882808757, ""kick_power"": 0.0, ""kick_dir"": null}, {""move_vx"": 4.242640687119285, ""move_vy"": -4.242640687119285, ""kick_power"": 0.0, ""kick_dir"": null}, {""move_vx"": 4.242640687119285, ""move_vy"": -4.242640687119285, ""kick_power"": 0.0, ""kick_dir"": null}, {""move_vx"": 0.0, ""move_vy"": 0.0, ""kick_power"": 0.0, ""kick_dir"": null}, {""move_vx"": -6.0, ""move_vy"": 0.0, ""kick_power"": 0.0, ""kick_dir"": null}, {""move_vx"": 6.0, ""move_vy"": 0.0, ""kick_power"": 0.0, ""kick_dir"": null}, {""move_vx"": -4.677593163286517, ""move_vy"": 0.8262095368459712, ""kick_power"": 0.0, ""kick_dir"": null}, {""move_vx"": -0.0, ""move_vy"": 0.0, ""kick_power"": 0.9, ""kick_dir"": [-0.811723114521492, -0.5840423847717148]}, {""move_vx"": -0.0, ""move_vy"": -5.4, ""kick_power"": 0.0, ""kick_dir"": null}, {""move_vx"": -6.467327471955374, ""move_vy"": -0.40506218101831476, ""kick_power"": 0.0, ""kick_dir"": null}, {""move_vx"": -4.1012193308819755, ""move_vy"": 4.1012193308819755, ""kick_power"": 0.0, ""kick_dir"": null}, {""move_vx"": 6.0, ""move_vy"": 0.0, ""kick_power"": 0.0, ""kick_dir"": null}, {""move_vx"": -5.184153183656765, ""move_vy"": 1.5114746998813566, ""kick_power"": 0.0, ""kick_dir"": null}, {""move_vx"": -0.0, ""move_vy"": 0.0, ""kick_power"": 0.6, ""kick_dir"": [-0.9999958859337836, -0.002861851061882987]}, {""move_vx"": -3.42038366769167, ""move_vy"": 5.409341509443464, ""kick_power"": 0.0, ""kick_dir"": null}, {""move_vx"": -2.7073889159440236, ""move_vy"": 5.354441638287175, ""kick_power"": 0.0, ""kick_dir"": null}, {""move_vx"": -0.0, ""move_vy"": 0.0, ""kick_power"": 0.0, ""kick_dir"": null}]"
482,142,default,default,0,15.380031246075536,38.206871768269416,20,B,,0.269491365778696,-0.05562855456161301,0.46092026342982817,"[{""move_vx"": 0.0, ""move_vy"": 5.0, ""kick_power"": 0.0, ""kick_dir"": null}, {""move_vx"": 0.0, ""move_vy"": 0.0, ""kick_power"": 0.9, ""kick_dir"": [-0.3586969792439922, -0.9334540064393353]}, {""move_vx"": -3.448648776609757, ""move_vy"": 3.797857503328426, ""kick_power"": 0.0, ""kick_dir"": null}, {""move_vx"": 5.4, ""move_vy"": 0.0, ""kick_power"": 0.0, ""kick_dir"": null}, {""move_vx"": 0.0, ""move_vy"": 0.0, ""kick_power"": 0.6, ""kick_dir"": [0.996666958975365, -0.08157784369920923]}, {""move_vx"": 5.368019513548601, ""move_vy"": 2.8973033155266004, ""kick_power"": 0.0, ""kick_dir"": null}, {""move_vx"": 4.242640687119285, ""move_vy"": -4.242640687119285, ""kick_power"": 0.0, ""kick_dir"": null}, {""move_vx"": 4.242640687119285, ""move_vy"": -4.242640687119285, ""kick_power"": 0.0, ""kick_dir"": null}, {""move_vx"": 0.0, ""move_vy"": 0.0, ""kick_power"": 0.0, ""kick_dir"": null}, {""move_vx"": -6.0, ""move_vy"": 0.0, ""kick_power"": 0.0, ""kick_dir"": null}, {""move_vx"": 6.0, ""move_vy"": 0.0, ""kick_power"": 0.0, ""kick_dir"": null}, {""move_vx"": -4.676202691106277, ""move_vy"": 0.8340433991648255, ""kick_power"": 0.0, ""kick_dir"": null}, {""move_vx"": -0.0, ""move_vy"": 0.0, ""kick_power"": 0.9, ""kick_dir"": [-0.8171668249674806, -0.5764011646177393]}, {""move_vx"": -0.0, ""move_vy"": -5.4, ""kick_power"": 0.0, ""kick_dir"": null}, {""move_vx"": -6.473539722698362, ""move_vy"": -0.2892809337761897, ""kick_power"": 0.0, ""kick_dir"": null}, {""move_vx"": -4.1012193308819755, ""move_vy"": 4.1012193308819755, ""kick_power"": 0.0, ""kick_dir"": null}, {""move_vx"": 6.0, ""move_vy"": 0.0, ""kick_power"": 0.0, ""kick_dir"": null}, {""move_vx"": -5.176471990631381, ""move_vy"": 1.5375752762739128, ""kick_power"": 0.0, ""kick_dir"": null}, {""move_vx"": -5.623139444270735, ""move_vy"": -2.092917291793112, ""kick_power"": 0.0, ""kick_dir"": null}, {""move_vx"": -3.406825127187609, ""move_vy"": 5.417890969073034, ""kick_power"": 0.0, ""kick_dir"": null}, {""move_vx"": -2.6657352583741485, ""move_vy"": 5.375300506228551, ""kick_power"": 0.0, ""kick_dir"": null}, {""move_vx"": -0.0, ""move_vy"": 0.0, ""kick_power"": 0.0, ""kick_dir"": null}]"
482,143,default,default,0,15.116644462619591,38.4822657805009,20,B,,0.274994606814786,-0.046541295519539144,0.46095959037889367,"[{""move_vx"": 0.0, ""move_vy"": -5.0, ""kick_power"": 0.0, ""kick_dir"": null}, {""move_vx"": -6.872195371329857, ""move_vy"": 1.1020575204010425, ""kick_power"": 0.0, ""kick_dir"": null}, {""move_vx"": -3.4529905574013937, ""move_vy"": 3.793910411501148, ""kick_power"": 0.0, ""kick_dir"": null}, {""move_vx"": 5.4, ""move_vy"": 0.0, ""kick_power"": 0.0, ""kick_dir"": null}, {""move_vx"": 0.0, ""move_vy"": 0.0, ""kick_power"": 0.6, ""kick_dir"": [0.9963575211882884, -0.08527403830331232]}, {""move_vx"": 5.370499412951343, ""move_vy"": 2.8927039349869994, ""kick_power"": 0.0, ""kick_dir"": null}, {""move_vx"": 4.242640687119285, ""move_vy"": -4.242640687119285, ""kick_power"": 0.0, ""kick_dir"": null}, {""move_vx"": 4.242640687119285, ""move_vy"": -4.242640687119285, ""kick_power"": 0.0, ""kick_dir"": null}, {""move_vx"": 0.0, ""move_vy"": 0.0, ""kick_power"": 0.0, ""kick_dir"": null}, {""move_vx"": -6.0, ""move_vy"": 0.0, ""kick_power"": 0.0, ""kick_dir"": null}, {""move_vx"": 6.0, ""move_vy"": 0.0, ""kick_power"": 0.0, ""kick_dir"": null}, {""move_vx"": -0.0, ""move_vy"": -5.0, ""kick_power"": 0.0, ""kick_dir"": null}, {""move_vx"": -0.0, ""move_vy"": 0.0, ""kick_power"": 0.9, ""kick_dir"": [-0.8224461330545052, -0.5688429318960371]}, {""move_vx"": -0.0, ""move_vy"": -5.4, ""kick_power"": 0.0, ""kick_dir"": null}, {""move_vx"": -6.477259870510074, ""move_vy"": -0.1884265636257861, ""kick_power"": 0.0, ""kick_dir"": null}, {""move_vx"": -4.1012193308819755, ""move_vy"": 4.1012193308819755, ""kick_power"": 0.0, ""kick_dir"": null}, {""move_vx"": 6.0, ""move_vy"": 0.0, ""kick_power"": 0.0, ""kick_dir"": null}, {""move_vx"": -5.167682795971967, ""move_vy"": 1.5668613596024883, ""kick_power"": 0.0, ""kick_dir"": null}, {""move_vx"": -5.6173422672940845, ""move_vy"": -2.1084273409513923, ""kick_power"": 0.0, ""kick_dir"": null}, {""move_vx"": -3.393057405636784, ""move_vy"": 5.426523882012626, ""kick_power"": 0.0, ""kick_dir"": null}, {""move_vx"": -2.622994088080779, ""move_vy"": 5.396285946268349, ""kick_power"": 0.0, ""kick_dir"": null}, {""move_vx"": -0.0, ""move_vy"": 0.0, ""kick_power"": 0.0, ""kick_dir"": null}]"
482,144,default,default,0,15.145223305752298,38.99818188244149,20,B,,0.2806712548999742,-0.016043968176457108,0.4642236025251294,"[{""move_vx"": 0.0, ""move_vy"": -5.0, ""kick_power"": 0.0, ""kick_dir"": null}, {""move_vx"": -6.856550437411173, ""move_vy"": 1.1955400868380168, ""kick_power"": 0.0, ""kick_dir"": null}, {""move_vx"": 0.0, ""move_vy"": 0.0, ""kick_power"": 0.0, ""kick_dir"": null}, {""move_vx"": 5.4, ""move_vy"": 0.0, ""kick_power"": 0.0, ""kick_dir"": null}, {""move_vx"": 0.0, ""move_vy"": 0.0, ""kick_power"": 0.6, ""kick_dir"": [0.9960321726986735, -0.08899372184615073]}, {""move_vx"": 5.372989025669152, ""move_vy"": 2.888077029796619, ""kick_power"": 0.0, ""kick_dir"": null}, {""move_vx"": 4.242640687119285, ""move_vy"": -4.242640687119285, ""kick_power"": 0.0, ""kick_dir"": null}, {""move_vx"": 4.242640687119285, ""move_vy"": -4.242640687119285, ""kick_power"": 0.0, ""kick_dir"": null}, {""move_vx"": 0.0, ""move_vy"": 0.0, ""kick_power"": 0.0, ""kick_dir"": null}, {""move_vx"": -6.0, ""move_vy"": 0.0, ""kick_power"": 0.0, ""kick_dir"": null}, {""move_vx"": 7.177702124303827, ""move_vy"": 0.5662086318348752, ""kick_power"": 0.0, ""kick_dir"": null}, {""move_vx"": -4.668996564740512, ""move_vy"": 0.8734821569106591, ""kick_power"": 0.0, ""kick_dir"": null}, {""move_vx"": -0.0, ""move_vy"": 0.0, ""kick_power"": 0.9, ""kick_dir"": [-0.827562483077727, -0.5613735477320041]}, {""move_vx"": -0.0, ""move_vy"": -5.4, ""kick_power"": 0.0, ""kick_dir"": null}, {""move_vx"": -6.479008309270615, ""move_vy"": -0.1133636996676186, ""kick_power"": 0.0, ""kick_dir"": null}, {""move_vx"": -4.1012193308819755, ""move_vy"": 4.1012193308819755, ""kick_power"": 0.0, ""kick_dir"": null}, {""move_vx"": 6.0, ""move_vy"": 0.0, ""kick_power"": 0.0, ""kick_dir"": null}, {""move_vx"": -5.157443944686652, ""move_vy"": 1.6002412185089436, ""kick_power"": 0.0, ""kick_dir"": null}, {""move_vx"": -5.6114210082071265, ""move_vy"": -2.124136122910138, ""kick_power"": 0.0, ""kick_dir"": null}, {""move_vx"": 4.525483399593904, ""move_vy"": 4.525483399593904, ""kick_power"": 0.0, ""kick_dir"": null}, {""move_vx"": -2.580043102596396, ""move_vy"": 5.416952795506415, ""kick_power"": 0.0, ""kick_dir"": null}, {""move_vx"": -0.0, ""move_vy"": 0.0, ""kick_power"": 0.0, ""kick_dir"": null}]"
482,145,default,default,0,14.652003822978052,39.138454490921745,20,B,,0.2809215227179339,-0.056999445633484684,0.4679764641691046,"[{""move_vx"": 0.0, ""move_vy"": 5.0, ""kick_power"": 0.0, ""kick_dir"": null}, {""move_vx"": -6.821663147536931, ""move_vy"": 1.3807649696948885, ""kick_power"": 0.0, ""kick_dir"": null}, {""move_vx"": -3.379881049075535, ""move_vy"": 3.8591843819776295, ""kick_power"": 0.0, ""kick_dir"": null}, {""move_vx"": 5.4, ""move_vy"": 0.0, ""kick_power"": 0.0, ""kick_dir"": null}, {""move_vx"": -6.597695296656769, ""move_vy"": -2.2163070122329933, ""kick_power"": 0.0, ""kick_dir"": null}, {""move_vx"": 5.37548844013806, ""move_vy"": 2.883422277423492, ""kick_power"": 0.0, ""kick_dir"": null}, {""move_vx"": 0.0, ""move_vy"": 6.0, ""kick_power"": 0.0, ""kick_dir"": null}, {""move_vx"": 0.0, ""move_vy"": 0.0, ""kick_power"": 0.4, ""kick_dir"": [0.998580823387911, -0.05325695734621447]}, {""move_vx"": 0.0, ""move_vy"": 0.0, ""kick_power"": 0.0, ""kick_dir"": null}, {""move_vx"": -6.0, ""move_vy"": 0.0, ""kick_power"": 0.0, ""kick_dir"": null}, {""move_vx"": -4.242640687119285, ""move_vy"": -4.242640687119285, ""kick_power"": 0.0, ""kick_dir"": null}, {""move_vx"": -5.0, ""move_vy"": 0.0, ""kick_power"": 0.0, ""kick_dir"": null}, {""move_vx"": -0.0, ""move_vy"": 0.0, ""kick_power"": 0.9, ""kick_dir"": [-0.8325091789103949, -0.5540111831642925]}, {""move_vx"": -0.0, ""move_vy"": -5.4, ""kick_power"": 0.0, ""kick_dir"": null}, {""move_vx"": -6.479993569673118, ""move_vy"": 0.00912890985003999, ""kick_power"": 0.0, ""kick_dir"": null}, {""move_vx"": -4.1012193308819755, ""move_vy"": 4.1012193308819755, ""kick_power"": 0.0, ""kick_dir"": null}, {""move_vx"": -5.787263614553978, ""move_vy"": 2.4894938954855137, ""kick_power"": 0.0, ""kick_dir"": null}, {""move_vx"": -5.1283473821417385, ""move_vy"": 1.6911691601019634, ""kick_power"": 0.0, ""kick_dir"": null}, {""move_vx"": -0.0, ""move_vy"": 0.0, ""kick_power"": 0.65, ""kick_dir"": [0.9607788262661405, 0.2773152889092018]}, {""move_vx"": -6.571379631268923, ""move_vy"": -1.405478474308277, ""kick_power"": 0.0, ""kick_dir"": null}, {""move_vx"": -2.5800431025963952, ""move_vy"": 5.416952795506415, ""kick_power"": 0.0, ""kick_dir"": null}, {""move_vx"": -5.757441568977783, ""move_vy"": -0.1716583228586497, ""kick_power"": 0.0, ""kick_dir"": null}]"
482,146,default,default,0,13.117544538844268,40.19791190043319,0,A,,2.969475266429431,4.430106230197822,-3.7128979499583257,"[{""move_vx"": 0.0, ""move_vy"": -5.0, ""kick_power"": 0.0, ""kick_dir"": null}, {""move_vx"": -4.561037933704759, ""move_vy"": 3.091445126038342, ""kick_power"": 0.0, ""kick_dir"": null}, {""move_vx"": -3.4250208732237866, ""move_vy"": 3.8191794953865914, ""kick_power"": 0.0, ""kick_dir"": null}, {""move_vx"": 5.4, ""move_vy"": 0.0, ""kick_power"": 0.0, ""kick_dir"": null}, {""move_vx"": -7.190610641874876, ""move_vy"": -2.268638048908592, ""kick_power"": 0.0, ""kick_dir"": null}, {""move_vx"": 0.0, ""move_vy"": 0.0, ""kick_power"": 0.4, ""kick_dir"": [0.9478317867635766, 0.31877057496993333]}, {""move_vx"": 4.242640687119285, ""move_vy"": -4.242640687119285, ""kick_power"": 0.0, ""kick_dir"": null}, {""move_vx"": 4.242640687119285, ""move_vy"": -4.242640687119285, ""kick_power"": 0.0, ""kick_dir"": null}, {""move_vx"": 0.0, ""move_vy"": 0.0, ""kick_power"": 0.0, ""kick_dir"": null}, {""move_vx"": -4.242640687119285, ""move_vy"": 4.242640687119285, ""kick_power"": 0.0, ""kick_dir"": null}, {""move_vx"": 6.0, ""move_vy"": 0.0, ""kick_power"": 0.0, ""kick_dir"": null}, {""move_vx"": -0.0, ""move_vy"": -5.0, ""kick_power"": 0.0, ""kick_dir"": null}, {""move_vx"": -0.0, ""move_vy"": 0.0, ""kick_power"": 0.9, ""kick_dir"": [-0.8372926219879406, -0.5467549631767955]}, {""move_vx"": -0.0, ""move_vy"": -5.4, ""kick_power"": 0.0, ""kick_dir"": null}, {""move_vx"": -6.479862391789021, ""move_vy"": 0.042230125245786565, ""kick_power"": 0.0, ""kick_dir"": null}, {""move_vx"": -4.1012193308819755, ""move_vy"": 4.1012193308819755, ""kick_power"": 0.0, ""kick_dir"": null}, {""move_vx"": -5.792439384623861, ""move_vy"": 2.4774272896410827, ""kick_power"": 0.0, ""kick_dir"": null}, {""move_vx"": -5.129622879076234, ""move_vy"": 1.6872963931857545, ""kick_power"": 0.0, ""kick_dir"": null}, {""move_vx"": -5.6053724341261875, ""move_vy"": -2.1400466991956653, ""kick_power"": 0.0, ""kick_dir"": null}, {""move_vx"": -3.374636401126442, ""move_vy"": 5.437998635545284, ""kick_power"": 0.0, ""kick_dir"": null}, {""move_vx"": -2.545563833378879, ""move_vy"": 5.433240724484184, ""kick_power"": 0.0, ""kick_dir"": null}, {""move_vx"": -5.757717518593745, ""move_vy"": -0.1621387556344734, ""kick_power"": 0.0, ""kick_dir"": null}]"
482,147,default,default,0,12.890269356594144,40.37376442674076,0,A,,3.0020173415654114,0.05214678555865106,-0.021150611183894344,"[{""move_vx"": 0.0, ""move_vy"": 0.0, ""kick_power"": 0.0, ""kick_dir"": null}, {""move_vx"": 0.0, ""move_vy"": 0.0, ""kick_power"": 0.9, ""kick_dir"": [-0.2830332227999216, -0.9591100548103801]}, {""move_vx"": 5.4, ""move_vy"": 0.0, ""kick_power"": 0.0, ""kick_dir"": null}, {""move_vx"": -5.896207107263867, ""move_vy"": -2.6879623785036633, ""kick_power"": 0.0, ""kick_dir"": null}, {""move_vx"": -6.7985132457055055, ""move_vy"": -1.4905762804924796, ""kick_power"": 0.0, ""kick_dir"": null}, {""move_vx"": 0.0, ""move_vy"": 0.0, ""kick_power"": 0.4, ""kick_dir"": [0.952118936055344, 0.3057275196283978]}, {""move_vx"": 0.0, ""move_vy"": 0.0, ""kick_power"": 0.9, ""kick_dir"": [-0.9997434036549321, 0.022642920287446144]}, {""move_vx"": 0.0, ""move_vy"": 0.0, ""kick_power"": 0.4, ""kick_dir"": [-0.8367891759343014, -0.5475250472945791]}, {""move_vx"": 0.0, ""move_vy"": 0.0, ""kick_power"": 0.0, ""kick_dir"": null}, {""move_vx"": 4.242640687119285, ""move_vy"": -4.242640687119285, ""kick_power"": 0.0, ""kick_dir"": null}, {""move_vx"": 0.0, ""move_vy"": 6.0, ""kick_power"": 0.0, ""kick_dir"": null}, {""move_vx"": -0.0, ""move_vy"": 0.0, ""kick_power"": 0.4, ""kick_dir"": [-0.7345192416864738, -0.6785877914287622]}, {""move_vx"": -0.0, ""move_vy"": 0.0, ""kick_power"": 0.9, ""kick_dir"": [-0.8419384873709798, -0.5395734506336023]}, {""move_vx"": -0.0, ""move_vy"": -5.4, ""kick_power"": 0.0, ""kick_dir"": null}, {""move_vx"": -6.473895732604626, ""move_vy"": 0.28120107283512213, ""kick_power"": 0.0, ""kick_dir"": null}, {""move_vx"": -5.987441984735782, ""move_vy"": -3.548540330815369, ""kick_power"": 0.0, ""kick_dir"": null}, {""move_vx"": 4.242640687119285, ""move_vy"": -4.242640687119285, ""kick_power"": 0.0, ""kick_dir"": null}, {""move_vx"": -0.0, ""move_vy"": 0.0, ""kick_power"": 0.6, ""kick_dir"": [-0.9858121844317893, 0.16785183986193558]}, {""move_vx"": -5.6122278955953675, ""move_vy"": 2.122003310058962, ""kick_power"": 0.0, ""kick_dir"": null}, {""move_vx"": -4.525483399593904, ""move_vy"": -4.525483399593904, ""kick_power"": 0.0, ""kick_dir"": null}, {""move_vx"": -0.0, ""move_vy"": 0.0, ""kick_power"": 0.65, ""kick_dir"": [0.9941918688482936, 0.10762058651408977]}, {""move_vx"": -0.0, ""move_vy"": 0.0, ""kick_power"": 0.0, ""kick_dir"": null}]"
482,148,default,default,0,12.690268760719402,40.374611808496226,0,A,,3.0345624208171564,0.06502471954584298,-0.008798180022257936,"[{""move_vx"": 0.0, ""move_vy"": 0.0, ""kick_power"": 0.0, ""kick_dir"": null}, {""move_vx"": -6.7529370717396695, ""move_vy"": 1.685064065584472, ""kick_power"": 0.0, ""kick_dir"": null}, {""move_vx"": 5.4, ""move_vy"": 0.0, ""kick_power"": 0.0, ""kick_dir"": null}, {""move_vx"": -5.938310479175898, ""move_vy"": -2.593620761196543, ""kick_power"": 0.0, ""kick_dir"": null}, {""move_vx"": -6.8182379269884095, ""move_vy"": -1.397580613409043, ""kick_power"": 0.0, ""kick_dir"": null}, {""move_vx"": 0.0, ""move_vy"": 0.0, ""kick_power"": 0.4, ""kick_dir"": [0.9389760773896658, 0.3439821415652436]}, {""move_vx"": 0.0, ""move_vy"": 0.0, ""kick_power"": 0.9, ""kick_dir"": [-0.9996991566804908, 0.0245180734611477]}, {""move_vx"": 0.0, ""move_vy"": 0.0, ""kick_power"": 0.4, ""kick_dir"": [-0.8376070185786536, -0.5462730867024302]}, {""move_vx"": -4.313351365237939, ""move_vy"": -4.313351365237939, ""kick_power"": 0.0, ""kick_dir"": null}, {""move_vx"": 4.242640687119285, ""move_vy"": -4.242640687119285, ""kick_power"": 0.0, ""kick_dir"": null}, {""move_vx"": 0.0, ""move_vy"": 6.0, ""kick_power"": 0.0, ""kick_dir"": null}, {""move_vx"": -0.0, ""move_vy"": 0.0, ""kick_power"": 0.4, ""kick_dir"": [-0.7312323329200482, -0.682128421271781]}, {""move_vx"": -0.0, ""move_vy"": 0.0, ""kick_power"": 0.9, ""kick_dir"": [-0.8463483843221647, -0.5326296443737455]}, {""move_vx"": -5.372496134195397, ""move_vy"": 0.5443209421430792, ""kick_power"": 0.0, ""kick_dir"": null}, {""move_vx"": -6.472133975119431, ""move_vy"": 0.3191892982302967, ""kick_power"": 0.0, ""kick_dir"": null}, {""move_vx"": -5.112642971312058, ""move_vy"": -2.7387737854546166, ""kick_power"": 0.0, ""kick_dir"": null}, {""move_vx"": -0.0, ""move_vy"": 0.0, ""kick_power"": 0.65, ""kick_dir"": [0.9782159660260861, 0.2075894372773553]}, {""move_vx"": -0.0, ""move_vy"": 0.0, ""kick_power"": 0.6, ""kick_dir"": [-0.9858121844317893, 0.16785183986193558]}, {""move_vx"": -5.606084076428125, ""move_vy"": 2.1381817808640617, ""kick_power"": 0.0, ""kick_dir"": null}, {""move_vx"": -4.525483399593904, ""move_vy"": -4.525483399593904, ""kick_power"": 0.0, ""kick_dir"": null}, {""move_vx"": -0.0, ""move_vy"": 0.0, ""kick_power"": 0.65, ""kick_dir"": [0.9921338554896644, 0.12518016650488006]}, {""move_vx"": -0.0, ""move_vy"": 6.4, ""kick_power"": 0.0, ""kick_dir"": null}]"
482,149,default,default,0,12.490268784975523,40.37461608836576,0,A,,3.067047501508681,0.06068811688016182,-0.01692502994268971,"[{""move_vx"": 0.0, ""move_vy"": 0.0, ""kick_power"": 0.0, ""kick_dir"": null}, {""move_vx"": 0.0, ""move_vy"": 0.0, ""kick_power"": 0.9, ""kick_dir"": [-0.2613816543364358, -0.9652354803881787]}, {""move_vx"": 5.4, ""move_vy"": 0.0, ""kick_power"": 0.0, ""kick_dir"": null}, {""move_vx"": -5.951583129078934, ""move_vy"": -2.5630174126726146, ""kick_power"": 0.0, ""kick_dir"": null}, {""move_vx"": -6.821824582485571, ""move_vy"": -1.379967161129409, ""kick_power"": 0.0, ""kick_dir"": null}, {""move_vx"": 0.0, ""move_vy"": 0.0, ""kick_power"": 0.4, ""kick_dir"": [0.9247404857579757, 0.38059798323920624]}, {""move_vx"": 0.0, ""move_vy"": 0.0, ""kick_power"": 0.9, ""kick_dir"": [-0.9996423925813754, 0.02673172642550024]}, {""move_vx"": 0.0, ""move_vy"": 6.0, ""kick_power"": 0.0, ""kick_dir"": null}, {""move_vx"": -4.313351365237939, ""move_vy"": -4.313351365237939, ""kick_power"": 0.0, ""kick_dir"": null}, {""move_vx"": 0.0, ""move_vy"": -6.0, ""kick_power"": 0.0, ""kick_dir"": null}, {""move_vx"": 0.0, ""move_vy"": 6.0, ""kick_power"": 0.0, ""kick_dir"": null}, {""move_vx"": -0.0, ""move_vy"": 0.0, ""kick_power"": 0.4, ""kick_dir"": [-0.7363497618067508, -0.6766010181819226]}, {""move_vx"": -0.0, ""move_vy"": 0.0, ""kick_power"": 0.9, ""kick_dir"": [-0.8506273912558908, -0.525768929776725]}, {""move_vx"": -0.0, ""move_vy"": -5.4, ""kick_power"": 0.0, ""kick_dir"": null}, {""move_vx"": -6.472236209920505, ""move_vy"": 0.31710951261962855, ""kick_power"": 0.0, ""kick_dir"": null}, {""move_vx"": -0.0, ""move_vy"": 0.0, ""kick_power"": 0.4, ""kick_dir"": [0.016333545148593972, -0.9998665571281656]}, {""move_vx"": -0.0, ""move_vy"": 0.0, ""kick_power"": 0.65, ""kick_dir"": [0.9802221539263684, 0.197899930633371]}, {""move_vx"": -0.0, ""move_vy"": 0.0, ""kick_power"": 0.6, ""kick_dir"": [-0.9858121844317893, 0.16785183986193558]}, {""move_vx"": -5.599805150650566, ""move_vy"": 2.1545724111172024, ""kick_power"": 0.0, ""kick_dir"": null}, {""move_vx"": -4.525483399593904, ""move_vy"": -4.525483399593904, ""kick_power"": 0.0, ""kick_dir"": null}, {""move_vx"": -0.0, ""move_vy"": 0.0, ""kick_power"": 0.65, ""kick_dir"": [0.9893855811593619, 0.14531287330837608]}, {""move_vx"": -0.0, ""move_vy"": 0.0, ""kick_power"": 0.0, ""kick_dir"": null}]"
482,150,default,default,0,12.290268809851272,40.37461611104332,0,A,,3.099472582209099,0.06616596582429513,-0.017005703590494067,"[{""move_vx"": 0.0, ""move_vy"": 0.0, ""kick_power"": 0.0, ""kick_dir"": null}, {""move_vx"": 0.0, ""move_vy"": 0.0, ""kick_power"": 0.9, ""kick_dir"": [-0.26086540475821157, -0.9653751304078538]}, {""move_vx"": -3.8183766184073566, ""move_vy"": 3.8183766184073566, ""kick_power"": 0.0, ""kick_dir"": null}, {""move_vx"": -5.9646259234936245, ""move_vy"": -2.5325160597295007, ""kick_power"": 0.0, ""kick_dir"": null}, {""move_vx"": -6.825309832481837, ""move_vy"": -1.3626245596739959, ""kick_power"": 0.0, ""kick_dir"": null}, {""move_vx"": 0.0, ""move_vy"": 0.0, ""kick_power"": 0.4, ""kick_dir"": [0.9095895152723616, 0.41550777126189586]}, {""move_vx"": 0.0, ""move_vy"": 0.0, ""kick_power"": 0.9, ""kick_dir"": [-0.999567903876362, 0.029384587615369377]}, {""move_vx"": 0.0, ""move_vy"": 6.0, ""kick_power"": 0.0, ""kick_dir"": null}, {""move_vx"": -4.313351365237939, ""move_vy"": -4.313351365237939, ""kick_power"": 0.0, ""kick_dir"": null}, {""move_vx"": 0.0, ""move_vy"": -6.0, ""kick_power"": 0.0, ""kick_dir"": null}, {""move_vx"": 0.0, ""move_vy"": 6.0, ""kick_power"": 0.0, ""kick_dir"": null}, {""move_vx"": -0.0, ""move_vy"": 0.0, ""kick_power"": 0.4, ""kick_dir"": [-0.7331326129498094, -0.6800856431641201]}, {""move_vx"": -0.0, ""move_vy"": 0.0, ""kick_power"": 0.9, ""kick_dir"": [-0.8547873672497085, -0.5189783074684496]}, {""move_vx"": -0.0, ""move_vy"": -5.4, ""kick_power"": 0.0, ""kick_dir"": null}, {""move_vx"": -6.4723474366729015, ""move_vy"": 0.3148311595025714, ""kick_power"": 0.0, ""kick_dir"": null}, {""move_vx"": -0.0, ""move_vy"": 0.0, ""kick_power"": 0.4, ""kick_dir"": [0.007741347349553218, -0.9999699933185925]}, {""move_vx"": -0.0, ""move_vy"": 0.0, ""kick_power"": 0.65, ""kick_dir"": [0.98206029999738, 0.18856676164470815]}, {""move_vx"": -0.0, ""move_vy"": 0.0, ""kick_power"": 0.6, ""kick_dir"": [-0.9858121844317893, 0.16785183986193558]}, {""move_vx"": -5.593387514673941, ""move_vy"": 2.171178507329526, ""kick_power"": 0.0, ""kick_dir"": null}, {""move_vx"": -4.525483399593904, ""move_vy"": -4.525483399593904, ""kick_power"": 0.0, ""kick_dir"": null}, {""move_vx"": -0.0, ""move_vy"": 0.0, ""kick_power"": 0.65, ""kick_dir"": [0.9857469743368803, 0.16823364502794755]}, {""move_vx"": -0.0, ""move_vy"": 0.0, ""kick_power"": 0.0, ""kick_dir"": null}]"
482,151,default,default,0,12.090268835361634,40.37461611116953,0,A,,3.1318376629186364,0.06137144344159881,-0.005120265352567151,"[{""move_vx"": 0.0, ""move_vy"": 0.0, ""kick_power"": 0.0, ""kick_dir"": null}, {""move_vx"": 0.0, ""move_vy"": 0.0, ""kick_power"": 0.9, ""kick_dir"": [-0.26036685942642457, -0.9655097101056924]}, {""move_vx"": 5.4, ""move_vy"": 0.0, ""kick_power"": 0.0, ""kick_dir"": null}, {""move_vx"": -5.97756550965406, ""move_vy"": -2.501821452021349, ""kick_power"": 0.0, ""kick_dir"": null}, {""move_vx"": -6.828766621569364, ""move_vy"": -1.3451938254913833, ""kick_power"": 0.0, ""kick_dir"": null}, {""move_vx"": 0.0, ""move_vy"": 0.0, ""kick_power"": 0.4, ""kick_dir"": [0.8936954865979685, 0.44867379587146605]}, {""move_vx"": 0.0, ""move_vy"": 0.0, ""kick_power"": 0.9, ""kick_dir"": [-0.9956947622694003, 0.09268995107066937]}, {""move_vx"": 0.0, ""move_vy"": 6.0, ""kick_power"": 0.0, ""kick_dir"": null}, {""move_vx"": -4.313351365237939, ""move_vy"": -4.313351365237939, ""kick_power"": 0.0, ""kick_dir"": null}, {""move_vx"": 0.0, ""move_vy"": -6.0, ""kick_power"": 0.0, ""kick_dir"": null}, {""move_vx"": 0.0, ""move_vy"": 6.0, ""kick_power"": 0.0, ""kick_dir"": null}, {""move_vx"": -0.0, ""move_vy"": 0.0, ""kick_power"": 0.4, ""kick_dir"": [-0.7299481750241835, -0.6835024306246604]}, {""move_vx"": -0.0, ""move_vy"": 0.0, ""kick_power"": 0.9, ""kick_dir"": [-0.8588314798313621, -0.5122581542917605]}, {""move_vx"": -0.0, ""move_vy"": -5.4, ""kick_power"": 0.0, ""kick_dir"": null}, {""move_vx"": -6.472458039261243, ""move_vy"": 0.3125490841492031, ""kick_power"": 0.0, ""kick_dir"": null}, {""move_vx"": -5.8, ""move_vy"": 0.0, ""kick_power"": 0.0, ""kick_dir"": null}, {""move_vx"": -5.03657392533443, ""move_vy"": 2.668880494634656, ""kick_power"": 0.0, ""kick_dir"": null}, {""move_vx"": -0.0, ""move_vy"": 0.0, ""kick_power"": 0.6, ""kick_dir"": [-0.9858121844317893, 0.16785183986193558]}, {""move_vx"": -5.5868274595976795, ""move_vy"": 2.188003413316657, ""kick_power"": 0.0, ""kick_dir"": null}, {""move_vx"": -4.525483399593904, ""move_vy"": -4.525483399593904, ""kick_power"": 0.0, ""kick_dir"": null}, {""move_vx"": -0.0, ""move_vy"": 0.0, ""kick_power"": 0.65, ""kick_dir"": [0.9809844583664759, 0.1940854081315104]}, {""move_vx"": -6.026826389434676, ""move_vy"": 0.8023488465834386, ""kick_power"": 0.0, ""kick_dir"": null}]"
482,152,default,default,0,11.890268861539841,40.37461611117027,0,A,,3.16414274363757,0.06356807830675189,-0.019705566120691805,"[{""move_vx"": 0.0, ""move_vy"": 0.0, ""kick_power"": 0.0, ""kick_dir"": null}, {""move_vx"": 0.0, ""move_vy"": 0.0, ""kick_power"": 0.9, ""kick_dir"": [-0.2598854211052001, -0.9656394097590149]}, {""move_vx"": 5.4, ""move_vy"": 0.0, ""kick_power"": 0.0, ""kick_dir"": null}, {""move_vx"": -5.99040064611093, ""move_vy"": -2.4709310186797513, ""kick_power"": 0.0, ""kick_dir"": null}, {""move_vx"": -6.832194988209072, ""move_vy"": -1.327671511741831, ""kick_power"": 0.0, ""kick_dir"": null}, {""move_vx"": 0.0, ""move_vy"": 0.0, ""kick_power"": 1.0, ""kick_dir"": [0.9920649352869172, 0.1257263901058463]}, {""move_vx"": -4.242640687119285, ""move_vy"": 4.242640687119285, ""kick_power"": 0.0, ""kick_dir"": null}, {""move_vx"": 0.0, ""move_vy"": 6.0, ""kick_power"": 0.0, ""kick_dir"": null}, {""move_vx"": -4.313351365237939, ""move_vy"": -4.313351365237939, ""kick_power"": 0.0, ""kick_dir"": null}, {""move_vx"": 0.0, ""move_vy"": -6.0, ""kick_power"": 0.0, ""kick_dir"": null}, {""move_vx"": 0.0, ""move_vy"": 0.0, ""kick_power"": 0.4, ""kick_dir"": [0.3070010125636285, 0.9517090492185049]}, {""move_vx"": -0.0, ""move_vy"": 0.0, ""kick_power"": 0.4, ""kick_dir"": [-0.726796275363201, -0.6868530306281759]}, {""move_vx"": -0.0, ""move_vy"": 0.0, ""kick_power"": 0.9, ""kick_dir"": [-0.8627627995709639, -0.5056088207452425]}, {""move_vx"": -0.0, ""move_vy"": -5.4, ""kick_power"": 0.0, ""kick_dir"": null}, {""move_vx"": -6.472567967437375, ""move_vy"": 0.31026425334481583, ""kick_power"": 0.0, ""kick_dir"": null}, {""move_vx"": 5.8, ""move_vy"": 0.0, ""kick_power"": 0.0, ""kick_dir"": null}, {""move_vx"": -0.0, ""move_vy"": 0.0, ""kick_power"": 0.65, ""kick_dir"": [0.9878571400449498, 0.1553645246017445]}, {""move_vx"": -0.0, ""move_vy"": 0.0, ""kick_power"": 0.6, ""kick_dir"": [-0.9858121844317893, 0.16785183986193558]}, {""move_vx"": -5.580121168271819, ""move_vy"": 2.205050509037096, ""kick_power"": 0.0, ""kick_dir"": null}, {""move_vx"": -4.525483399593904, ""move_vy"": -4.525483399593904, ""kick_power"": 0.0, ""kick_dir"": null}, {""move_vx"": -0.0, ""move_vy"": 0.0, ""kick_power"": 0.65, ""kick_dir"": [0.9748443658993934, 0.22288586935953025]}, {""move_vx"": -0.0, ""move_vy"": 0.0, ""kick_power"": 0.0, ""kick_dir"": null}]"
482,153,default,default,0,11.830302532432396,41.03458244027772,0,A,,3.1967533121770617,0.07251270331476886,-0.013608731711353256,"[{""move_vx"": -3.5355339059327373, ""move_vy"": 3.5355339059327373, ""kick_power"": 0.0, ""kick_dir"": null}, {""move_vx"": 0.0, ""move_vy"": 0.0, ""kick_power"": 0.9, ""kick_dir"": [-0.25942051189156234, -0.9657644121523485]}, {""move_vx"": 5.4, ""move_vy"": 0.0, ""kick_power"": 0.0, ""kick_dir"": null}, {""move_vx"": -6.003129422288571, ""move_vy"": -2.439843671068557, ""kick_power"": 0.0, ""kick_dir"": null}, {""move_vx"": -6.835594593770484, ""move_vy"": -1.3100559337737188, ""kick_power"": 0.0, ""kick_dir"": null}, {""move_vx"": 0.0, ""move_vy"": 0.0, ""kick_power"": 1.0, ""kick_dir"": [0.9920649352869172, 0.1257263901058463]}, {""move_vx"": 0.0, ""move_vy"": 6.0, ""kick_power"": 0.0, ""kick_dir"": null}, {""move_vx"": 0.0, ""move_vy"": 6.0, ""kick_power"": 0.0, ""kick_dir"": null}, {""move_vx"": -4.313351365237939, ""move_vy"": -4.313351365237939, ""kick_power"": 0.0, ""kick_dir"": null}, {""move_vx"": 0.0, ""move_vy"": -6.0, ""kick_power"": 0.0, ""kick_dir"": null}, {""move_vx"": 0.0, ""move_vy"": 0.0, ""kick_power"": 0.4, ""kick_dir"": [0.2720446953910288, 0.962284478133359]}, {""move_vx"": -3.5355339059327373, ""move_vy"": -3.5355339059327373, ""kick_power"": 0.0, ""kick_dir"": null}, {""move_vx"": -0.0, ""move_vy"": 0.0, ""kick_power"": 0.9, ""kick_dir"": [-0.8665843404447452, -0.499030569586601]}, {""move_vx"": -0.0, ""move_vy"": -5.4, ""kick_power"": 0.0, ""kick_dir"": null}, {""move_vx"": -6.472677219291628, ""move_vy"": 0.3079766466198424, ""kick_power"": 0.0, ""kick_dir"": null}, {""move_vx"": -5.8, ""move_vy"": 0.0, ""kick_power"": 0.0, ""kick_dir"": null}, {""move_vx"": -0.0, ""move_vy"": 0.0, ""kick_power"": 0.65, ""kick_dir"": [0.9890718861397619, 0.14743361612803738]}, {""move_vx"": -0.0, ""move_vy"": 0.0, ""kick_power"": 0.6, ""kick_dir"": [-0.9858121844317893, 0.16785183986193558]}, {""move_vx"": -5.573264712311595, ""move_vy"": 2.2223232092795038, ""kick_power"": 0.0, ""kick_dir"": null}, {""move_vx"": -4.525483399593904, ""move_vy"": -4.525483399593904, ""kick_power"": 0.0, ""kick_dir"": null}, {""move_vx"": -0.0, ""move_vy"": 0.0, ""kick_power"": 0.65, ""kick_dir"": [0.9670828670080277, 0.2544609411189745]}, {""move_vx"": -6.027707121981485, ""move_vy"": 0.7957052542328014, ""kick_power"": 0.0, ""kick_dir"": null}]"
482,154,default,default,0,11.44270453485079,40.26224113431611,0,A,,3.8284907721631036,0.6441470451831149,-0.00819881527133046,"[{""move_vx"": -3.906128809525491, ""move_vy"": -1.6747112358239467, ""kick_power"": 0.0, ""kick_dir"": null}, {""move_vx"": 0.0, ""move_vy"": 0.0, ""kick_power"": 0.9, ""kick_dir"": [-0.2589672629139694, -0.9658860484014286]}, {""move_vx"": 0.0, ""move_vy"": 0.0, ""kick_power"": 0.4, ""kick_dir"": [0.9919244345006927, 0.12682715733386707]}, {""move_vx"": -6.106756192926547, ""move_vy"": -2.1674705996052808, ""kick_power"": 0.0, ""kick_dir"": null}, {""move_vx"": -6.888779448149695, ""move_vy"": -0.9931352952898128, ""kick_power"": 0.0, ""kick_dir"": null}, {""move_vx"": 0.0, ""move_vy"": 0.0, ""kick_power"": 1.0, ""kick_dir"": [0.9920649352869172, 0.1257263901058463]}, {""move_vx"": 0.0, ""move_vy"": 6.0, ""kick_power"": 0.0, ""kick_dir"": null}, {""move_vx"": 5.48322820995568, ""move_vy"": -2.4360230699946634, ""kick_power"": 0.0, ""kick_dir"": null}, {""move_vx"": -4.313351365237939, ""move_vy"": -4.313351365237939, ""kick_power"": 0.0, ""kick_dir"": null}, {""move_vx"": 0.0, ""move_vy"": -6.0, ""kick_power"": 0.0, ""kick_dir"": null}, {""move_vx"": 0.0, ""move_vy"": 0.0, ""kick_power"": 0.4, ""kick_dir"": [0.2359775678910151, 0.9717583639834576]}, {""move_vx"": -0.0, ""move_vy"": 0.0, ""kick_power"": 0.4, ""kick_dir"": [-0.7278802726116307, -0.6857041783528253]}, {""move_vx"": -0.0, ""move_vy"": 0.0, ""kick_power"": 0.9, ""kick_dir"": [-0.870271912910054, -0.4925715446840702]}, {""move_vx"": -0.0, ""move_vy"": -5.4, ""kick_power"": 0.0, ""kick_dir"": null}, {""move_vx"": -6.463176694807139, ""move_vy"": 0.46663370184962033, ""kick_power"": 0.0, ""kick_dir"": null}, {""move_vx"": -5.8, ""move_vy"": 0.0, ""kick_power"": 0.0, ""kick_dir"": null}, {""move_vx"": -0.0, ""move_vy"": 0.0, ""kick_power"": 0.65, ""kick_dir"": [0.9901644946193141, 0.1399076234956657]}, {""move_vx"": -5.076801851680754, ""move_vy"": 1.8401312341164329, ""kick_power"": 0.0, ""kick_dir"": null}, {""move_vx"": -5.566254049067364, ""move_vy"": 2.2398249621881554, ""kick_power"": 0.0, ""kick_dir"": null}, {""move_vx"": -0.0, ""move_vy"": 0.0, ""kick_power"": 1.0, ""kick_dir"": [-0.9870758188549835, -0.160253550848995]}, {""move_vx"": -0.0, ""move_vy"": 0.0, ""kick_power"": 0.0, ""kick_dir"": null}, {""move_vx"": -0.0, ""move_vy"": 0.0, ""kick_power"": 0.0, ""kick_dir"": null}]"
482,155,default,default,0,11.33419168473518,41.15863728495164,0,A,,4.460840364984757,0.6574061465403706,-0.023566086074333893,"[{""move_vx"": -3.5355339059327373, ""move_vy"": 3.5355339059327373, ""kick_power"": 0.0, ""kick_dir"": null}, {""move_vx"": 0.0, ""move_vy"": 0.0, ""kick_power"": 0.6, ""kick_dir"": [0.9990413622086, 0.043775857867419145]}, {""move_vx"": 0.0, ""move_vy"": 0.0, ""kick_power"": 0.4, ""kick_dir"": [0.9760574914445963, 0.21751107167483966]}, {""move_vx"": -6.010772997950782, ""move_vy"": -2.4209518721167886, ""kick_power"": 0.0, ""kick_dir"": null}, {""move_vx"": 0.0, ""move_vy"": 0.0, ""kick_power"": 0.0, ""kick_dir"": null}, {""move_vx"": 0.0, ""move_vy"": 0.0, ""kick_power"": 1.0, ""kick_dir"": [0.9920649352869172, 0.1257263901058463]}, {""move_vx"": -4.242640687119285, ""move_vy"": 4.242640687119285, ""kick_power"": 0.0, ""kick_dir"": null}, {""move_vx"": 0.0, ""move_vy"": 6.0, ""kick_power"": 0.0, ""kick_dir"": null}, {""move_vx"": 0.0, ""move_vy"": 0.0, ""kick_power"": 0.0, ""kick_dir"": null}, {""move_vx"": 0.0, ""move_vy"": -6.0, ""kick_power"": 0.0, ""kick_dir"": null}, {""move_vx"": 0.0, ""move_vy"": 6.0, ""kick_power"": 0.0, ""kick_dir"": null}, {""move_vx"": -0.0, ""move_vy"": 0.0, ""kick_power"": 0.4, ""kick_dir"": [-0.7247113790625273, -0.6890524865263639]}, {""move_vx"": -0.0, ""move_vy"": 0.0, ""kick_power"": 0.9, ""kick_dir"": [-0.8738539884177469, -0.4861883755309013]}, {""move_vx"": -6.001869152568928, ""move_vy"": 2.4429422169673876, ""kick_power"": 0.0, ""kick_dir"": null}, {""move_vx"": -6.4742467447706735, ""move_vy"": 0.2730001608540635, ""kick_power"": 0.0, ""kick_dir"": null}, {""move_vx"": 5.8, ""move_vy"": 0.0, ""kick_power"": 0.0, ""kick_dir"": null}, {""move_vx"": -5.800380828545624, ""move_vy"": 2.4587765746078665, ""kick_power"": 0.0, ""kick_dir"": null}, {""move_vx"": 6.0, ""move_vy"": 0.0, ""kick_power"": 0.0, ""kick_dir"": null}, {""move_vx"": -5.559085018553584, ""move_vy"": 2.2575592476152426, ""kick_power"": 0.0, ""kick_dir"": null}, {""move_vx"": -4.525483399593904, ""move_vy"": -4.525483399593904, ""kick_power"": 0.0, ""kick_dir"": null}, {""move_vx"": -0.0, ""move_vy"": 0.0, ""kick_power"": 0.65, ""kick_dir"": [0.9575181841791977, 0.2883722610253375]}, {""move_vx"": -6.030492127836627, ""move_vy"": 0.7743156307995178, ""kick_power"": 0.0, ""kick_dir"": null}]"
482,156,default,default,0,10.96166545977257,40.35305575573755,0,A,,5.092468329043025,0.6377663505283718,-0.010255127460149553,"[{""move_vx"": -3.8336136771133456, ""move_vy"": -1.8346406118500413, ""kick_power"": 0.0, ""kick_dir"": null}, {""move_vx"": 0.0, ""move_vy"": 0.0, ""kick_power"": 0.9, ""kick_dir"": [-0.2581067950387062, -0.9661163408664111]}, {""move_vx"": 0.0, ""move_vy"": 0.0, ""kick_power"": 0.4, ""kick_dir"": [0.9602285155466138, 0.27921406215658395]}, {""move_vx"": -6.15300075635893, ""move_vy"": -2.0324816585264522, ""kick_power"": 0.0, ""kick_dir"": null}, {""move_vx"": 0.0, ""move_vy"": 0.0, ""kick_power"": 0.0, ""kick_dir"": null}, {""move_vx"": 0.0, ""move_vy"": 0.0, ""kick_power"": 1.0, ""kick_dir"": [0.9920649352869172, 0.1257263901058463]}, {""move_vx"": 0.0, ""move_vy"": 6.0, ""kick_power"": 0.0, ""kick_dir"": null}, {""move_vx"": 0.0, ""move_vy"": 0.0, ""kick_power"": 0.4, ""kick_dir"": [0.9960395118489858, -0.08891150012064912]}, {""move_vx"": 0.0, ""move_vy"": 0.0, ""kick_power"": 1.0, ""kick_dir"": [0.9905877982958016, -0.13687865072510727]}, {""move_vx"": 0.0, ""move_vy"": -6.0, ""kick_power"": 0.0, ""kick_dir"": null}, {""move_vx"": 0.0, ""move_vy"": 0.0, ""kick_power"": 0.4, ""kick_dir"": [0.21008643327566548, 0.9776826701491967]}, {""move_vx"": -0.0, ""move_vy"": 0.0, ""kick_power"": 0.4, ""kick_dir"": [-0.7332908267554754, -0.6799150512080034]}, {""move_vx"": -0.0, ""move_vy"": 0.0, ""kick_power"": 0.9, ""kick_dir"": [-0.8773371609718404, -0.4798743961605869]}, {""move_vx"": -5.973641452894662, ""move_vy"": 2.5111765752846917, ""kick_power"": 0.0, ""kick_dir"": null}, {""move_vx"": -6.461345524496236, ""move_vy"": 0.4913390001541179, ""kick_power"": 0.0, ""kick_dir"": null}, {""move_vx"": -5.8, ""move_vy"": 0.0, ""kick_power"": 0.0, ""kick_dir"": null}, {""move_vx"": -0.0, ""move_vy"": 0.0, ""kick_power"": 0.65, ""kick_dir"": [0.6388026017064017, 0.7693705823023714]}, {""move_vx"": -5.09566553707503, ""move_vy"": 1.7872304647878643, ""kick_power"": 0.0, ""kick_dir"": null}, {""move_vx"": 6.0, ""move_vy"": 0.0, ""kick_power"": 0.0, ""kick_dir"": null}, {""move_vx"": -0.0, ""move_vy"": 0.0, ""kick_power"": 1.0, ""kick_dir"": [-0.9858925299810736, -0.16737918053765086]}, {""move_vx"": -0.0, ""move_vy"": 0.0, ""kick_power"": 0.0, ""kick_dir"": null}, {""move_vx"": -0.0, ""move_vy"": 0.0, ""kick_power"": 0.0, ""kick_dir"": null}]"
482,157,default,default,0,10.842915179198775,41.27203017122382,0,A,,5.724646890448659,0.6531780949747463,-0.018711651382115033,"[{""move_vx"": -3.5355339059327373, ""move_vy"": 3.5355339059327373, ""kick_power"": 0.0, ""kick_dir"": null}, {""move_vx"": 0.0, ""move_vy"": 0.0, ""kick_power"": 0.6, ""kick_dir"": [0.999041898608616, 0.04376361466752224]}, {""move_vx"": 0.0, ""move_vy"": 0.0, ""kick_power"": 0.4, ""kick_dir"": [0.93918699939069, 0.3434052227737029]}, {""move_vx"": -6.051201171186434, ""move_vy"": -2.3180518514114246, ""kick_power"": 0.0, ""kick_dir"": null}, {""move_vx"": 0.0, ""move_vy"": 0.0, ""kick_power"": 0.0, ""kick_dir"": null}, {""move_vx"": 0.0, ""move_vy"": 0.0, ""kick_power"": 1.0, ""kick_dir"": [0.9920649352869172, 0.1257263901058463]}, {""move_vx"": 0.0, ""move_vy"": 0.0, ""kick_power"": 0.0, ""kick_dir"": null}, {""move_vx"": -6.0, ""move_vy"": 0.0, ""kick_power"": 0.0, ""kick_dir"": null}, {""move_vx"": 0.0, ""move_vy"": 0.0, ""kick_power"": 0.0, ""kick_dir"": null}, {""move_vx"": 0.0, ""move_vy"": -6.0, ""kick_power"": 0.0, ""kick_dir"": null}, {""move_vx"": 0.0, ""move_vy"": 0.0, ""kick_power"": 0.4, ""kick_dir"": [0.21008643327566548, 0.9776826701491967]}, {""move_vx"": -0.0, ""move_vy"": 0.0, ""kick_power"": 0.4, ""kick_dir"": [-0.7415485466344282, -0.6708991487064059]}, {""move_vx"": -0.0, ""move_vy"": 0.0, ""kick_power"": 0.9, ""kick_dir"": [-0.8807100161707504, -0.47365578014404824]}, {""move_vx"": -6.005486088961744, ""move_vy"": 2.434037147474742, ""kick_power"": 0.0, ""kick_dir"": null}, {""move_vx"": -6.473651843535822, ""move_vy"": 0.2867608911362508, ""kick_power"": 0.0, ""kick_dir"": null}, {""move_vx"": -0.0, ""move_vy"": 0.0, ""kick_power"": 0.0, ""kick_dir"": null}, {""move_vx"": -5.807730280286387, ""move_vy"": 2.441366214119589, ""kick_power"": 0.0, ""kick_dir"": null}, {""move_vx"": -0.0, ""move_vy"": 0.0, ""kick_power"": 0.6, ""kick_dir"": [-0.9873511209331784, 0.1585486222435436]}, {""move_vx"": -5.559659104907717, ""move_vy"": 2.2561450833704653, ""kick_power"": 0.0, ""kick_dir"": null}, {""move_vx"": -4.525483399593904, ""move_vy"": -4.525483399593904, ""kick_power"": 0.0, ""kick_dir"": null}, {""move_vx"": -0.0, ""move_vy"": 0.0, ""kick_power"": 0.65, ""kick_dir"": [0.9461065021888073, 0.3238550752120864]}, {""move_vx"": -6.030026214164388, ""move_vy"": 0.7779356377556637, ""kick_power"": 0.0, ""kick_dir"": null}]"
482,158,default,default,0,10.488039718883764,40.43156978815355,0,A,,6.356173540050996,0.6410267587561517,-0.00854705315794935,"[{""move_vx"": -3.748690186827718, ""move_vy"": -2.002453965308958, ""kick_power"": 0.0, ""kick_dir"": null}, {""move_vx"": 0.0, ""move_vy"": 0.0, ""kick_power"": 0.9, ""kick_dir"": [-0.2573021447776115, -0.9663309515922942]}, {""move_vx"": 0.0, ""move_vy"": 0.0, ""kick_power"": 0.4, ""kick_dir"": [0.9566160489668128, 0.2913505432230636]}, {""move_vx"": -6.194900199861718, ""move_vy"": -1.9009501607757242, ""kick_power"": 0.0, ""kick_dir"": null}, {""move_vx"": 0.0, ""move_vy"": 0.0, ""kick_power"": 0.0, ""kick_dir"": null}, {""move_vx"": 0.0, ""move_vy"": 0.0, ""kick_power"": 1.0, ""kick_dir"": [0.9920649352869172, 0.1257263901058463]}, {""move_vx"": 0.0, ""move_vy"": 0.0, ""kick_power"": 0.0, ""kick_dir"": null}, {""move_vx"": -6.0, ""move_vy"": 0.0, ""kick_power"": 0.0, ""kick_dir"": null}, {""move_vx"": 0.0, ""move_vy"": 0.0, ""kick_power"": 1.0, ""kick_dir"": [0.9905877982958016, -0.13687865072510727]}, {""move_vx"": 0.0, ""move_vy"": 0.0, ""kick_power"": 0.0, ""kick_dir"": null}, {""move_vx"": 0.0, ""move_vy"": 0.0, ""kick_power"": 0.4, ""kick_dir"": [0.21008643327566548, 0.9776826701491967]}, {""move_vx"": -0.0, ""move_vy"": 0.0, ""kick_power"": 0.4, ""kick_dir"": [-0.7493919912762737, -0.6621265433747621]}, {""move_vx"": -0.0, ""move_vy"": 0.0, ""kick_power"": 0.9, ""kick_dir"": [-0.8839905674243888, -0.4675046608128497]}, {""move_vx"": -5.976563501359815, ""move_vy"": 2.504214190961652, ""kick_power"": 0.0, ""kick_dir"": null}, {""move_vx"": -6.459618864473734, ""move_vy"": 0.5135407731963159, ""kick_power"": 0.0, ""kick_dir"": null}, {""move_vx"": -5.8, ""move_vy"": 0.0, ""kick_power"": 0.0, ""kick_dir"": null}, {""move_vx"": -0.0, ""move_vy"": 0.0, ""kick_power"": 0.65, ""kick_dir"": [0.66164174529013, 0.7498200178985199]}, {""move_vx"": -5.09885909066274, ""move_vy"": 1.7780989774379667, ""kick_power"": 0.0, ""kick_dir"": null}, {""move_vx"": 6.0, ""move_vy"": 0.0, ""kick_power"": 0.0, ""kick_dir"": null}, {""move_vx"": -0.0, ""move_vy"": 0.0, ""kick_power"": 1.0, ""kick_dir"": [-0.9846968183514136, -0.17427577136220998]}, {""move_vx"": -0.0, ""move_vy"": 0.0, ""kick_power"": 0.65, ""kick_dir"": [0.9330326729169125, 0.3597911070562608]}, {""move_vx"": -0.0, ""move_vy"": 0.0, ""kick_power"": 0.0, ""kick_dir"": null}]"
482,159,default,default,0,10.35730023968141,41.37423550059873,0,A,,6.988178721925943,0.6465199205130432,-0.023768859328711287,"[{""move_vx"": -3.5355339059327373, ""move_vy"": 3.5355339059327373, ""kick_power"": 0.0, ""kick_dir"": null}, {""move_vx"": 0.0, ""move_vy"": 0.0, ""kick_power"": 0.6, ""kick_dir"": [0.9990423992909443, 0.04375218361783453]}, {""move_vx"": -3.860083373622125, ""move_vy"": 3.3788542952731815, ""kick_power"": 0.0, ""kick_dir"": null}, {""move_vx"": -6.087318354240315, ""move_vy"": -2.2214759179718784, ""kick_power"": 0.0, ""kick_dir"": null}, {""move_vx"": 0.0, ""move_vy"": 0.0, ""kick_power"": 0.0, ""kick_dir"": null}, {""move_vx"": 0.0, ""move_vy"": 0.0, ""kick_power"": 1.0, ""kick_dir"": [0.9920649352869172, 0.1257263901058463]}, {""move_vx"": 0.0, ""move_vy"": 0.0, ""kick_power"": 0.0, ""kick_dir"": null}, {""move_vx"": -6.0, ""move_vy"": 0.0, ""kick_power"": 0.0, ""kick_dir"": null}, {""move_vx"": 0.0, ""move_vy"": 0.0, ""kick_power"": 0.0, ""kick_dir"": null}, {""move_vx"": 0.0, ""move_vy"": -6.0, ""kick_power"": 0.0, ""kick_dir"": null}, {""move_vx"": 4.242640687119285, ""move_vy"": 4.242640687119285, ""kick_power"": 0.0, ""kick_dir"": null}, {""move_vx"": -0.0, ""move_vy"": 0.0, ""kick_power"": 0.4, ""kick_dir"": [-0.7569515339506573, -0.6534709576687242]}, {""move_vx"": -0.0, ""move_vy"": 0.0, ""kick_power"": 0.9, ""kick_dir"": [-0.8871664781489077, -0.46144942491292157]}, {""move_vx"": -6.009395297827075, ""move_vy"": 2.4243696406393656, ""kick_power"": 0.0, ""kick_dir"": null}, {""move_vx"": -6.473174624165674, ""move_vy"": 0.2973386706393632, ""kick_power"": 0.0, ""kick_dir"": null}, {""move_vx"": -0.0, ""move_vy"": 0.0, ""kick_power"": 0.0, ""kick_dir"": null}, {""move_vx"": -5.81550779763796, ""move_vy"": 2.422781264499973, ""kick_power"": 0.0, ""kick_dir"": null}, {""move_vx"": -0.0, ""move_vy"": 0.0, ""kick_power"": 0.0, ""kick_dir"": null}, {""move_vx"": -5.560231367997022, ""move_vy"": 2.25473438221489, ""kick_power"": 0.0, ""kick_dir"": null}, {""move_vx"": -4.525483399593904, ""move_vy"": -4.525483399593904, ""kick_power"": 0.0, ""kick_dir"": null}, {""move_vx"": -0.0, ""move_vy"": 0.0, ""kick_power"": 0.65, ""kick_dir"": [0.9330326729169125, 0.3597911070562608]}, {""move_vx"": -0.0, ""move_vy"": 6.4, ""kick_power"": 0.0, ""kick_dir"": null}]"
482,160,default,default,0,10.023016561265338,40.497331295459624,0,A,,7.619613431597181,0.6472747624776742,-0.0028392373909106,"[{""move_vx"": -3.649616519200742, ""move_vy"": -2.1777968828100254, ""kick_power"": 0.0, ""kick_dir"": null}, {""move_vx"": -5.8, ""move_vy"": 0.0, ""kick_power"": 0.0, ""kick_dir"": null}, {""move_vx"": 0.0, ""move_vy"": 0.0, ""kick_power"": 0.4, ""kick_dir"": [0.9852178523482473, 0.17130456114505507]}, {""move_vx"": -6.232579951818471, ""move_vy"": -1.7735126569016886, ""kick_power"": 0.0, ""kick_dir"": null}, {""move_vx"": 0.0, ""move_vy"": 0.0, ""kick_power"": 0.0, ""kick_dir"": null}, {""move_vx"": 0.0, ""move_vy"": 0.0, ""kick_power"": 1.0, ""kick_dir"": [0.9920649352869172, 0.1257263901058463]}, {""move_vx"": 0.0, ""move_vy"": 6.0, ""kick_power"": 0.0, ""kick_dir"": null}, {""move_vx"": -6.0, ""move_vy"": 0.0, ""kick_power"": 0.0, ""kick_dir"": null}, {""move_vx"": 0.0, ""move_vy"": 0.0, ""kick_power"": 1.0, ""kick_dir"": [0.9905877982958016, -0.13687865072510727]}, {""move_vx"": 0.0, ""move_vy"": 0.0, ""kick_power"": 0.0, ""kick_dir"": null}, {""move_vx"": 0.0, ""move_vy"": 0.0, ""kick_power"": 0.4, ""kick_dir"": [0.17798331266803732, 0.9840333525792837]}, {""move_vx"": -0.0, ""move_vy"": 0.0, ""kick_power"": 0.4, ""kick_dir"": [-0.7641290674606321, -0.6450633199589746]}, {""move_vx"": -0.0, ""move_vy"": 0.0, ""kick_power"": 0.9, ""kick_dir"": [-0.8902565036715249, -0.4554594272769208]}, {""move_vx"": -5.979761589147242, ""move_vy"": 2.4965679115456196, ""kick_power"": 0.0, ""kick_dir"": null}, {""move_vx"": -6.458031692334429, ""move_vy"": 0.533129122074677, ""kick_power"": 0.0, ""kick_dir"": null}, {""move_vx"": -5.8, ""move_vy"": 0.0, ""kick_power"": 0.0, ""kick_dir"": null}, {""move_vx"": -0.0, ""move_vy"": 0.0, ""kick_power"": 0.65, ""kick_dir"": [0.6833856422346607, 0.7300574798850449]}, {""move_vx"": -5.1025075223426395, ""move_vy"": 1.7676020435711133, ""kick_power"": 0.0, ""kick_dir"": null}, {""move_vx"": 6.0, ""move_vy"": 0.0, ""kick_power"": 0.0, ""kick_dir"": null}, {""move_vx"": -0.0, ""move_vy"": 0.0, ""kick_power"": 1.0, ""kick_dir"": [-0.9835588263359965, -0.1805876553767206]}, {""move_vx"": -0.0, ""move_vy"": 0.0, ""kick_power"": 0.65, ""kick_dir"": [0.918791603057214, 0.3947424251505862]}, {""move_vx"": -5.757951659077795, ""move_vy"": -0.15359912670085132, ""kick_power"": 0.0, ""kick_dir"": null}]"
482,161,default,default,0,9.878290211339175,41.46475130214024,0,A,,8.251442600792254,0.6447293948224352,-0.020204263143918582,"[{""move_vx"": -3.5355339059327373, ""move_vy"": 3.5355339059327373, ""kick_power"": 0.0, ""kick_dir"": null}, {""move_vx"": -6.77520075442884, ""move_vy"": 1.5931901133219724, ""kick_power"": 0.0, ""kick_dir"": null}, {""move_vx"": 0.0, ""move_vy"": 0.0, ""kick_power"": 0.4, ""kick_dir"": [0.9729306874948637, 0.23109605284074106]}, {""move_vx"": -6.1191986682651605, ""move_vy"": -2.132089974251064, ""kick_power"": 0.0, ""kick_dir"": null}, {""move_vx"": 0.0, ""move_vy"": 0.0, ""kick_power"": 0.0, ""kick_dir"": null}, {""move_vx"": 0.0, ""move_vy"": 0.0, ""kick_power"": 1.0, ""kick_dir"": [0.9920649352869172, 0.1257263901058463]}, {""move_vx"": -5.093627747253402, ""move_vy"": 1.7930299418610502, ""kick_power"": 0.0, ""kick_dir"": null}, {""move_vx"": 0.0, ""move_vy"": 6.0, ""kick_power"": 0.0, ""kick_dir"": null}, {""move_vx"": 0.0, ""move_vy"": 0.0, ""kick_power"": 0.0, ""kick_dir"": null}, {""move_vx"": 0.0, ""move_vy"": 0.0, ""kick_power"": 0.7, ""kick_dir"": [0.9394105861050835, 0.3427939928302803]}, {""move_vx"": 4.242640687119285, ""move_vy"": 4.242640687119285, ""kick_power"": 0.0, ""kick_dir"": null}, {""move_vx"": -4.49407678043195, ""move_vy"": -0.23081137663123374, ""kick_power"": 0.0, ""kick_dir"": null}, {""move_vx"": -0.0, ""move_vy"": 0.0, ""kick_power"": 0.9, ""kick_dir"": [-0.893247302789257, -0.4495655556229576]}, {""move_vx"": -6.013595851075929, ""move_vy"": 2.4139314281732154, ""kick_power"": 0.0, ""kick_dir"": null}, {""move_vx"": -6.472837145718377, ""move_vy"": 0.3045969221912418, ""kick_power"": 0.0, ""kick_dir"": null}, {""move_vx"": -0.0, ""move_vy"": 0.0, ""kick_power"": 0.0, ""kick_dir"": null}, {""move_vx"": -5.823699605850327, ""move_vy"": 2.403023699595731, ""kick_power"": 0.0, ""kick_dir"": null}, {""move_vx"": -0.0, ""move_vy"": 0.0, ""kick_power"": 0.6, ""kick_dir"": [-0.988345495135566, 0.1522270682763467]}, {""move_vx"": -5.560801816960146, ""move_vy"": 2.253327129489355, ""kick_power"": 0.0, ""kick_dir"": null}, {""move_vx"": -4.525483399593904, ""move_vy"": -4.525483399593904, ""kick_power"": 0.0, ""kick_dir"": null}, {""move_vx"": -0.0, ""move_vy"": 0.0, ""kick_power"": 0.65, ""kick_dir"": [0.918791603057214, 0.3947424251505862]}, {""move_vx"": -6.029672998465615, ""move_vy"": -0.7806686439038506, ""kick_power"": 0.0, ""kick_dir"": null}]"
482,162,default,default,0,9.642587950943659,41.700453562535756,0,A,,8.882990904956024,0.6316908137553219,-0.02356432542368303,"[{""move_vx"": -3.5355339059327373, ""move_vy"": 3.5355339059327373, ""kick_power"": 0.0, ""kick_dir"": null}, {""move_vx"": 0.0, ""move_vy"": 0.0, ""kick_power"": 0.9, ""kick_dir"": [-0.21746696322772538, -0.9760676311745003]}, {""move_vx"": 0.0, ""move_vy"": 0.0, ""kick_power"": 0.4, ""kick_dir"": [0.9708213947434747, 0.23980266233886963]}, {""move_vx"": -6.2662058755361185, ""move_vy"": -1.650776764252709, ""kick_power"": 0.0, ""kick_dir"": null}, {""move_vx"": 0.0, ""move_vy"": 0.0, ""kick_power"": 0.0, ""kick_dir"": null}, {""move_vx"": 0.0, ""move_vy"": 0.0, ""kick_power"": 1.0, ""kick_dir"": [0.9920649352869172, 0.1257263901058463]}, {""move_vx"": 0.0, ""move_vy"": 0.0, ""kick_power"": 0.0, ""kick_dir"": null}, {""move_vx"": 0.0, ""move_vy"": 6.0, ""kick_power"": 0.0, ""kick_dir"": null}, {""move_vx"": 0.0, ""move_vy"": 0.0, ""kick_power"": 1.0, ""kick_dir"": [0.9905877982958016, -0.13687865072510727]}, {""move_vx"": 0.0, ""move_vy"": 0.0, ""kick_power"": 0.9, ""kick_dir"": [0.0360735606977093, 0.9993490704517057]}, {""move_vx"": 4.242640687119285, ""move_vy"": 4.242640687119285, ""kick_power"": 0.0, ""kick_dir"": null}, {""move_vx"": -0.0, ""move_vy"": 0.0, ""kick_power"": 0.4, ""kick_dir"": [-0.7799542789499403, -0.6258364346368314]}, {""move_vx"": -0.0, ""move_vy"": 0.0, ""kick_power"": 0.6, ""kick_dir"": [-0.9871491091877029, 0.15980175688570802]}, {""move_vx"": -5.983239017154785, ""move_vy"": 2.4882224304906186, ""kick_power"": 0.0, ""kick_dir"": null}, {""move_vx"": -6.456616797316858, ""move_vy"": 0.5499995750960254, ""kick_power"": 0.0, ""kick_dir"": null}, {""move_vx"": -5.8, ""move_vy"": 0.0, ""kick_power"": 0.0, ""kick_dir"": null}, {""move_vx"": -0.0, ""move_vy"": 0.0, ""kick_power"": 0.65, ""kick_dir"": [0.704029537493831, 0.7101705935715155]}, {""move_vx"": -5.106614677076633, ""move_vy"": 1.7557011533474358, ""kick_power"": 0.0, ""kick_dir"": null}, {""move_vx"": 6.0, ""move_vy"": 0.0, ""kick_power"": 0.0, ""kick_dir"": null}, {""move_vx"": -0.0, ""move_vy"": 0.0, ""kick_power"": 1.0, ""kick_dir"": [-0.9825572965877347, -0.1859597333618201]}, {""move_vx"": -0.0, ""move_vy"": 0.0, ""kick_power"": 0.0, ""kick_dir"": null}, {""move_vx"": -0.0, ""move_vy"": 0.0, ""kick_power"": 0.0, ""kick_dir"": null}]"
482,163,default,default,0,9.406885690548142,41.93615582293127,0,A,,9.514468498441675,0.6331286549499048,-0.01975450527472937,"[{""move_vx"": -3.5355339059327373, ""move_vy"": 3.5355339059327373, ""kick_power"": 0.0, ""kick_dir"": null}, {""move_vx"": -6.694870232964261, ""move_vy"": 1.90271189720595, ""kick_power"": 0.0, ""kick_dir"": null}, {""move_vx"": 5.4, ""move_vy"": 0.0, ""kick_power"": 0.0, ""kick_dir"": null}, {""move_vx"": -6.303645475395299, ""move_vy"": -1.5014838395828236, ""kick_power"": 0.0, ""kick_dir"": null}, {""move_vx"": 0.0, ""move_vy"": 0.0, ""kick_power"": 0.0, ""kick_dir"": null}, {""move_vx"": 0.0, ""move_vy"": 0.0, ""kick_power"": 1.0, ""kick_dir"": [0.9920649352869172, 0.1257263901058463]}, {""move_vx"": 0.0, ""move_vy"": 0.0, ""kick_power"": 0.0, ""kick_dir"": null}, {""move_vx"": -6.0, ""move_vy"": 0.0, ""kick_power"": 0.0, ""kick_dir"": null}, {""move_vx"": 0.0, ""move_vy"": 0.0, ""kick_power"": 1.0, ""kick_dir"": [0.9905877982958016, -0.13687865072510727]}, {""move_vx"": 0.0, ""move_vy"": -6.0, ""kick_power"": 0.0, ""kick_dir"": null}, {""move_vx"": 4.242640687119285, ""move_vy"": 4.242640687119285, ""kick_power"": 0.0, ""kick_dir"": null}, {""move_vx"": -0.0, ""move_vy"": 0.0, ""kick_power"": 0.4, ""kick_dir"": [-0.7862767788810544, -0.6178743790770735]}, {""move_vx"": -0.0, ""move_vy"": 0.0, ""kick_power"": 0.9, ""kick_dir"": [-0.8989188180161313, -0.43811515882008334]}, {""move_vx"": -5.97857783643608, ""move_vy"": 2.499401339056075, ""kick_power"": 0.0, ""kick_dir"": null}, {""move_vx"": -6.451674667080735, ""move_vy"": 0.6052222650801018, ""kick_power"": 0.0, ""kick_dir"": null}, {""move_vx"": 5.8, ""move_vy"": 0.0, ""kick_power"": 0.0, ""kick_dir"": null}, {""move_vx"": -5.755480684307787, ""move_vy"": 2.56211672110386, ""kick_power"": 0.0, ""kick_dir"": null}, {""move_vx"": -5.098036803263713, ""move_vy"": 1.7804552093688573, ""kick_power"": 0.0, ""kick_dir"": null}, {""move_vx"": 6.0, ""move_vy"": 0.0, ""kick_power"": 0.0, ""kick_dir"": null}, {""move_vx"": -4.525483399593904, ""move_vy"": -4.525483399593904, ""kick_power"": 0.0, ""kick_dir"": null}, {""move_vx"": -0.0, ""move_vy"": 0.0, ""kick_power"": 0.65, ""kick_dir"": [0.9042231004403197, 0.4270598964704797]}, {""move_vx"": -5.758596433416224, ""move_vy"": -0.12714997855275187, ""kick_power"": 0.0, ""kick_dir"": null}]"
482,164,default,default,0,9.171183430152626,42.17185808332678,0,A,,10.145875381249207,0.631140029946807,-0.021015151488619547,"[{""move_vx"": -3.5355339059327373, ""move_vy"": 3.5355339059327373, ""kick_power"": 0.0, ""kick_dir"": null}, {""move_vx"": 0.0, ""move_vy"": 0.0, ""kick_power"": 0.9, ""kick_dir"": [-0.19728295511660626, -0.9803465386827924]}, {""move_vx"": 0.0, ""move_vy"": 0.0, ""kick_power"": 0.4, ""kick_dir"": [0.9754114442779384, 0.22039054815783313]}, {""move_vx"": -6.3377520799910085, ""move_vy"": -1.3502957352260456, ""kick_power"": 0.0, ""kick_dir"": null}, {""move_vx"": 0.0, ""move_vy"": 0.0, ""kick_power"": 0.0, ""kick_dir"": null}, {""move_vx"": 0.0, ""move_vy"": 0.0, ""kick_power"": 1.0, ""kick_dir"": [0.9920649352869172, 0.1257263901058463]}, {""move_vx"": 0.0, ""move_vy"": 0.0, ""kick_power"": 0.0, ""kick_dir"": null}, {""move_vx"": -6.0, ""move_vy"": 0.0, ""kick_power"": 0.0, ""kick_dir"": null}, {""move_vx"": 0.0, ""move_vy"": 0.0, ""kick_power"": 1.0, ""kick_dir"": [0.9905877982958016, -0.13687865072510727]}, {""move_vx"": 6.763756318684369, ""move_vy"": 2.468116784404103, ""kick_power"": 0.0, ""kick_dir"": null}, {""move_vx"": 4.242640687119285, ""move_vy"": 4.242640687119285, ""kick_power"": 0.0, ""kick_dir"": null}, {""move_vx"": -0.0, ""move_vy"": 0.0, ""kick_power"": 0.0, ""kick_dir"": null}, {""move_vx"": -0.0, ""move_vy"": 0.0, ""kick_power"": 0.9, ""kick_dir"": [-0.9015734845189832, -0.432625919586347]}, {""move_vx"": -5.973908538953398, ""move_vy"": 2.5105411305572494, ""kick_power"": 0.0, ""kick_dir"": null}, {""move_vx"": -6.446278668324853, ""move_vy"": 0.6602206678830693, ""kick_power"": 0.0, ""kick_dir"": null}, {""move_vx"": -5.8, ""move_vy"": 0.0, ""kick_power"": 0.0, ""kick_dir"": null}, {""move_vx"": -0.0, ""move_vy"": 0.0, ""kick_power"": 0.65, ""kick_dir"": [0.7475230978621743, 0.6642357161127023]}, {""move_vx"": -5.0893037235321605, ""move_vy"": 1.8052666311771512, ""kick_power"": 0.0, ""kick_dir"": null}, {""move_vx"": 6.0, ""move_vy"": 0.0, ""kick_power"": 0.0, ""kick_dir"": null}, {""move_vx"": -4.525483399593904, ""move_vy"": -4.525483399593904, ""kick_power"": 0.0, ""kick_dir"": null}, {""move_vx"": -0.0, ""move_vy"": 0.0, ""kick_power"": 0.0, ""kick_dir"": null}, {""move_vx"": -0.0, ""move_vy"": 0.0, ""kick_power"": 0.0, ""kick_dir"": null}]"
482,165,default,default,0,8.935481169757109,42.407560343722295,0,A,,10.77721155337862,0.6363282316077935,-0.019805095045442648,"[{""move_vx"": -3.5355339059327373, ""move_vy"": 3.5355339059327373, ""kick_power"": 0.0, ""kick_dir"": null}, {""move_vx"": -6.661923685107186, ""move_vy"": 2.0150366780304236, ""kick_power"": 0.0, ""kick_dir"": null}, {""move_vx"": 0.0, ""move_vy"": 0.0, ""kick_power"": 0.4, ""kick_dir"": [0.9832359108462168, 0.1823366418012641]}, {""move_vx"": -6.368403593942936, ""move_vy"": -1.1974287722677677, ""kick_power"": 0.0, ""kick_dir"": null}, {""move_vx"": 0.0, ""move_vy"": 0.0, ""kick_power"": 0.0, ""kick_dir"": null}, {""move_vx"": 0.0, ""move_vy"": 0.0, ""kick_power"": 1.0, ""kick_dir"": [0.9920649352869172, 0.1257263901058463]}, {""move_vx"": 0.0, ""move_vy"": 0.0, ""kick_power"": 0.0, ""kick_dir"": null}, {""move_vx"": -6.0, ""move_vy"": 0.0, ""kick_power"": 0.0, ""kick_dir"": null}, {""move_vx"": 0.0, ""move_vy"": 0.0, ""kick_power"": 1.0, ""kick_dir"": [0.9905877982958016, -0.13687865072510727]}, {""move_vx"": 0.0, ""move_vy"": -6.0, ""kick_power"": 0.0, ""kick_dir"": null}, {""move_vx"": 4.242640687119285, ""move_vy"": 4.242640687119285, ""kick_power"": 0.0, ""kick_dir"": null}, {""move_vx"": -0.0, ""move_vy"": 0.0, ""kick_power"": 0.4, ""kick_dir"": [-0.7981291451223494, -0.6024863411386102]}, {""move_vx"": -0.0, ""move_vy"": 0.0, ""kick_power"": 0.9, ""kick_dir"": [-0.904124638275703, -0.4272687365821822]}, {""move_vx"": -5.969231331925191, ""move_vy"": 2.521641787796716, ""kick_power"": 0.0, ""kick_dir"": null}, {""move_vx"": -0.0, ""move_vy"": 0.0, ""kick_power"": 0.9, ""kick_dir"": [-0.18098126987132795, 0.9834864942072548]}, {""move_vx"": -5.684173017188815, ""move_vy"": -1.153333044121512, ""kick_power"": 0.0, ""kick_dir"": null}, {""move_vx"": -5.738056550637635, ""move_vy"": 2.600905038959427, ""kick_power"": 0.0, ""kick_dir"": null}, {""move_vx"": -5.080413964528755, ""move_vy"": 1.830134953772872, ""kick_power"": 0.0, ""kick_dir"": null}, {""move_vx"": 6.0, ""move_vy"": 0.0, ""kick_power"": 0.0, ""kick_dir"": null}, {""move_vx"": -4.525483399593904, ""move_vy"": -4.525483399593904, ""kick_power"": 0.0, ""kick_dir"": null}, {""move_vx"": -0.0, ""move_vy"": 0.0, ""kick_power"": 0.65, ""kick_dir"": [0.8747035307795462, 0.4846578673273689]}, {""move_vx"": -5.759178710342327, ""move_vy"": -0.09726552492889236, ""kick_power"": 0.0, ""kick_dir"": null}]"
482,166,default,default,0,8.699778909361592,42.64326260411781,0,A,,11.408477014829915,0.6302421112263156,-0.01983690298005121,"[{""move_vx"": -3.5355339059327373, ""move_vy"": 3.5355339059327373, ""kick_power"": 0.0, ""kick_dir"": null}, {""move_vx"": 0.0, ""move_vy"": 0.0, ""kick_power"": 0.9, ""kick_dir"": [-0.1777157489944398, -0.9840818118765815]}, {""move_vx"": 0.0, ""move_vy"": 0.0, ""kick_power"": 0.4, ""kick_dir"": [0.9890190324063982, 0.14778662499036752]}, {""move_vx"": -6.395491620449236, ""move_vy"": -1.0431140554913574, ""kick_power"": 0.0, ""kick_dir"": null}, {""move_vx"": 0.0, ""move_vy"": 0.0, ""kick_power"": 0.0, ""kick_dir"": null}, {""move_vx"": 0.0, ""move_vy"": 0.0, ""kick_power"": 1.0, ""kick_dir"": [0.9920649352869172, 0.1257263901058463]}, {""move_vx"": 0.0, ""move_vy"": 0.0, ""kick_power"": 0.0, ""kick_dir"": null}, {""move_vx"": -6.0, ""move_vy"": 0.0, ""kick_power"": 0.0, ""kick_dir"": null}, {""move_vx"": 0.0, ""move_vy"": 0.0, ""kick_power"": 1.0, ""kick_dir"": [0.9905877982958016, -0.13687865072510727]}, {""move_vx"": 0.0, ""move_vy"": 0.0, ""kick_power"": 0.9, ""kick_dir"": [-0.018756158766601812, 0.9998240216281888]}, {""move_vx"": 4.242640687119285, ""move_vy"": 4.242640687119285, ""kick_power"": 0.0, ""kick_dir"": null}, {""move_vx"": -0.0, ""move_vy"": 0.0, ""kick_power"": 0.4, ""kick_dir"": [-0.8036875493170806, -0.5950514664256161]}, {""move_vx"": -0.0, ""move_vy"": 0.0, ""kick_power"": 0.9, ""kick_dir"": [-0.9065743452193343, -0.4220460779319023]}, {""move_vx"": -5.964546421838223, ""move_vy"": 2.5327032952434156, ""kick_power"": 0.0, ""kick_dir"": null}, {""move_vx"": -6.436166381991394, ""move_vy"": 0.752437574370004, ""kick_power"": 0.0, ""kick_dir"": null}, {""move_vx"": -4.849183334678692, ""move_vy"": -2.616394654228302, ""kick_power"": 0.0, ""kick_dir"": null}, {""move_vx"": -0.0, ""move_vy"": 0.0, ""kick_power"": 0.65, ""kick_dir"": [0.7843068065090472, 0.6203730395520108]}, {""move_vx"": -5.071366036564932, ""move_vy"": 1.8550597087899101, ""kick_power"": 0.0, ""kick_dir"": null}, {""move_vx"": 6.0, ""move_vy"": 0.0, ""kick_power"": 0.0, ""kick_dir"": null}, {""move_vx"": -0.0, ""move_vy"": 0.0, ""kick_power"": 1.0, ""kick_dir"": [-0.980138126737681, -0.19831567570207215]}, {""move_vx"": -0.0, ""move_vy"": 0.0, ""kick_power"": 0.0, ""kick_dir"": null}, {""move_vx"": -6.000329437149205, ""move_vy"": 0.9810436512616094, ""kick_power"": 0.0, ""kick_dir"": null}]"
482,167,default,default,0,8.464076648966076,42.87896486451332,0,A,,12.03967176560309,0.637222042790166,-0.020283295322232865,"[{""move_vx"": -3.5355339059327373, ""move_vy"": 3.5355339059327373, ""kick_power"": 0.0, ""kick_dir"": null}, {""move_vx"": -6.628066961770504, ""move_vy"": 2.123753363808123, ""kick_power"": 0.0, ""kick_dir"": null}, {""move_vx"": 0.0, ""move_vy"": 0.0, ""kick_power"": 0.4, ""kick_dir"": [-0.3493792329346641, 0.9369812139230096]}, {""move_vx"": -6.418923037772398, ""move_vy"": -0.887596211773563, ""kick_power"": 0.0, ""kick_dir"": null}, {""move_vx"": 0.0, ""move_vy"": 0.0, ""kick_power"": 0.0, ""kick_dir"": null}, {""move_vx"": 0.0, ""move_vy"": 0.0, ""kick_power"": 1.0, ""kick_dir"": [0.9920649352869172, 0.1257263901058463]}, {""move_vx"": 0.0, ""move_vy"": 0.0, ""kick_power"": 0.0, ""kick_dir"": null}, {""move_vx"": -6.0, ""move_vy"": 0.0, ""kick_power"": 0.0, ""kick_dir"": null}, {""move_vx"": 0.0, ""move_vy"": 0.0, ""kick_power"": 1.0, ""kick_dir"": [0.9905877982958016, -0.13687865072510727]}, {""move_vx"": -3.744519826615816, ""move_vy"": 3.8908316936204095, ""kick_power"": 0.0, ""kick_dir"": null}, {""move_vx"": 4.242640687119285, ""move_vy"": 4.242640687119285, ""kick_power"": 0.0, ""kick_dir"": null}, {""move_vx"": -0.0, ""move_vy"": 0.0, ""kick_power"": 0.4, ""kick_dir"": [-0.80901833731468, -0.5877833406573567]}, {""move_vx"": -0.0, ""move_vy"": 0.0, ""kick_power"": 0.9, ""kick_dir"": [-0.908924544121697, -0.41696056037505563]}, {""move_vx"": -5.959854014435905, ""move_vy"": 2.5437256390208893, ""kick_power"": 0.0, ""kick_dir"": null}, {""move_vx"": -0.0, ""move_vy"": 5.4, ""kick_power"": 0.0, ""kick_dir"": null}, {""move_vx"": -5.8, ""move_vy"": 0.0, ""kick_power"": 0.0, ""kick_dir"": null}, {""move_vx"": -5.720785201749522, ""move_vy"": 2.6386770691851775, ""kick_power"": 0.0, ""kick_dir"": null}, {""move_vx"": -5.062158432971296, ""move_vy"": 1.8800404249636762, ""kick_power"": 0.0, ""kick_dir"": null}, {""move_vx"": 6.0, ""move_vy"": 0.0, ""kick_power"": 0.0, ""kick_dir"": null}, {""move_vx"": -0.0, ""move_vy"": 0.0, ""kick_power"": 1.0, ""kick_dir"": [-0.980138126737681, -0.19831567570207215]}, {""move_vx"": -7.190462428962117, ""move_vy"": -0.37047274890902177, ""kick_power"": 0.0, ""kick_dir"": null}, {""move_vx"": -0.0, ""move_vy"": 0.0, ""kick_power"": 0.0, ""kick_dir"": null}]"
482,168,default,default,0,8.22837438857056,43.114667124908834,0,A,,12.670795805698148,0.6322591125785672,-0.01665311033495147,"[{""move_vx"": -3.5355339059327373, ""move_vy"": 3.5355339059327373, ""kick_power"": 0.0, ""kick_dir"": null}, {""move_vx"": -6.604215980017181, ""move_vy"": 2.19680023882139, ""kick_power"": 0.0, ""kick_dir"": null}, {""move_vx"": 0.0, ""move_vy"": 0.0, ""kick_power"": 0.4, ""kick_dir"": [-0.38670562000541064, 0.9222030173981999]}, {""move_vx"": -6.438621448775066, ""move_vy"": -0.7311318891784705, ""kick_power"": 0.0, ""kick_dir"": null}, {""move_vx"": 0.0, ""move_vy"": 0.0, ""kick_power"": 0.0, ""kick_dir"": null}, {""move_vx"": 0.0, ""move_vy"": 0.0, ""kick_power"": 1.0, ""kick_dir"": [0.9920649352869172, 0.1257263901058463]}, {""move_vx"": 0.0, ""move_vy"": 0.0, ""kick_power"": 0.0, ""kick_dir"": null}, {""move_vx"": -6.0, ""move_vy"": 0.0, ""kick_power"": 0.0, ""kick_dir"": null}, {""move_vx"": 0.0, ""move_vy"": 0.0, ""kick_power"": 1.0, ""kick_dir"": [0.9905877982958016, -0.13687865072510727]}, {""move_vx"": 0.0, ""move_vy"": 0.0, ""kick_power"": 0.9, ""kick_dir"": [-0.03454293536726124, 0.9994031483934311]}, {""move_vx"": 4.242640687119285, ""move_vy"": 4.242640687119285, ""kick_power"": 0.0, ""kick_dir"": null}, {""move_vx"": -0.0, ""move_vy"": 0.0, ""kick_power"": 0.4, ""kick_dir"": [-0.8141336759668851, -0.5806774357069711]}, {""move_vx"": -0.0, ""move_vy"": 0.0, ""kick_power"": 0.9, ""kick_dir"": [-0.9111770342368374, -0.4120149858920441]}, {""move_vx"": -5.9551543147068, ""move_vy"": 2.554708806895413, ""kick_power"": 0.0, ""kick_dir"": null}, {""move_vx"": -6.434489989374054, ""move_vy"": 0.7666411002842735, ""kick_power"": 0.0, ""kick_dir"": null}, {""move_vx"": -4.870514940972126, ""move_vy"": -2.5764673896184456, ""kick_power"": 0.0, ""kick_dir"": null}, {""move_vx"": -0.0, ""move_vy"": 0.0, ""kick_power"": 0.65, ""kick_dir"": [0.8153533382438141, 0.5789635696613453]}, {""move_vx"": -5.0527896294050425, ""move_vy"": 1.9050766286364587, ""kick_power"": 0.0, ""kick_dir"": null}, {""move_vx"": 6.0, ""move_vy"": 0.0, ""kick_power"": 0.0, ""kick_dir"": null}, {""move_vx"": -0.0, ""move_vy"": 0.0, ""kick_power"": 1.0, ""kick_dir"": [-0.980138126737681, -0.19831567570207215]}, {""move_vx"": -7.190462428962117, ""move_vy"": -0.3704727489090241, ""kick_power"": 0.0, ""kick_dir"": null}, {""move_vx"": -5.992254666079247, ""move_vy"": 1.0292152432079016, ""kick_power"": 0.0, ""kick_dir"": null}]"
482,169,default,default,0,7.992672128175042,43.35036938530435,0,A,,13.301849135115088,0.628364595733311,-0.017261455529872842,"[{""move_vx"": -3.5355339059327373, ""move_vy"": 3.5355339059327373, ""kick_power"": 0.0, ""kick_dir"": null}, {""move_vx"": -6.579370903163097, ""move_vy"": 2.270127423430413, ""kick_power"": 0.0, ""kick_dir"": null}, {""move_vx"": 0.0, ""move_vy"": 0.0, ""kick_power"": 0.4, ""kick_dir"": [-0.4236105226076694, 0.9058442281389625]}, {""move_vx"": -6.454528467592118, ""move_vy"": -0.5739880321426131, ""kick_power"": 0.0, ""kick_dir"": null}, {""move_vx"": 0.0, ""move_vy"": 0.0, ""kick_power"": 0.0, ""kick_dir"": null}, {""move_vx"": 0.0, ""move_vy"": 0.0, ""kick_power"": 1.0, ""kick_dir"": [0.9920649352869172, 0.1257263901058463]}, {""move_vx"": 0.0, ""move_vy"": 0.0, ""kick_power"": 0.0, ""kick_dir"": null}, {""move_vx"": -6.0, ""move_vy"": 0.0, ""kick_power"": 0.0, ""kick_dir"": null}, {""move_vx"": 0.0, ""move_vy"": 0.0, ""kick_power"": 1.0, ""kick_dir"": [0.9905877982958016, -0.13687865072510727]}, {""move_vx"": 0.0, ""move_vy"": -6.0, ""kick_power"": 0.0, ""kick_dir"": null}, {""move_vx"": 4.242640687119285, ""move_vy"": 4.242640687119285, ""kick_power"": 0.0, ""kick_dir"": null}, {""move_vx"": -0.0, ""move_vy"": 0.0, ""kick_power"": 0.4, ""kick_dir"": [-0.8190449849020025, -0.5737292396076302]}, {""move_vx"": -0.0, ""move_vy"": 0.0, ""kick_power"": 0.9, ""kick_dir"": [-0.9133334610498574, -0.4072123840818302]}, {""move_vx"": -5.950447526873324, ""move_vy"": 2.5656527882640607, ""kick_power"": 0.0, ""kick_dir"": null}, {""move_vx"": -6.427993125363133, ""move_vy"": 0.819331666838466, ""kick_power"": 0.0, ""kick_dir"": null}, {""move_vx"": -5.8, ""move_vy"": 0.0, ""kick_power"": 0.0, ""kick_dir"": null}, {""move_vx"": -5.703674558558578, ""move_vy"": 2.6754619283502477, ""kick_power"": 0.0, ""kick_dir"": null}, {""move_vx"": -5.043258083106572, ""move_vy"": 1.9301678443027268, ""kick_power"": 0.0, ""kick_dir"": null}, {""move_vx"": 6.0, ""move_vy"": 0.0, ""kick_power"": 0.0, ""kick_dir"": null}, {""move_vx"": -0.0, ""move_vy"": 0.0, ""kick_power"": 1.0, ""kick_dir"": [-0.980138126737681, -0.19831567570207215]}, {""move_vx"": -7.190462428962117, ""move_vy"": -0.3704727489090266, ""kick_power"": 0.0, ""kick_dir"": null}, {""move_vx"": -0.0, ""move_vy"": 0.0, ""kick_power"": 0.0, ""kick_dir"": null}]"
482,170,default,default,0,7.756969867779525,43.58607164569986,0,A,,13.932831753853907,0.6310720446549247,-0.01715181146274202,"[{""move_vx"": -3.5355339059327373, ""move_vy"": 3.5355339059327373, ""kick_power"": 0.0, ""kick_dir"": null}, {""move_vx"": -6.553526888027217, ""move_vy"": 2.3436905358652425, ""kick_power"": 0.0, ""kick_dir"": null}, {""move_vx"": 0.0, ""move_vy"": 0.0, ""kick_power"": 0.4, ""kick_dir"": [-0.45992693113251376, 0.8879565629593196]}, {""move_vx"": -6.466604809627429, ""move_vy"": -0.4164399549795903, ""kick_power"": 0.0, ""kick_dir"": null}, {""move_vx"": 0.0, ""move_vy"": 0.0, ""kick_power"": 0.0, ""kick_dir"": null}, {""move_vx"": 0.0, ""move_vy"": 0.0, ""kick_power"": 1.0, ""kick_dir"": [0.9920649352869172, 0.1257263901058463]}, {""move_vx"": 0.0, ""move_vy"": 6.0, ""kick_power"": 0.0, ""kick_dir"": null}, {""move_vx"": -6.0, ""move_vy"": 0.0, ""kick_power"": 0.0, ""kick_dir"": null}, {""move_vx"": 0.0, ""move_vy"": 0.0, ""kick_power"": 1.0, ""kick_dir"": [0.9905877982958016, -0.13687865072510727]}, {""move_vx"": 0.0, ""move_vy"": -6.0, ""kick_power"": 0.0, ""kick_dir"": null}, {""move_vx"": 4.242640687119285, ""move_vy"": 4.242640687119285, ""kick_power"": 0.0, ""kick_dir"": null}, {""move_vx"": -0.0, ""move_vy"": 0.0, ""kick_power"": 0.4, ""kick_dir"": [-0.8237629842875136, -0.5669342769299615]}, {""move_vx"": -0.0, ""move_vy"": 0.0, ""kick_power"": 0.9, ""kick_dir"": [-0.9153952995820918, -0.40255606171815833]}, {""move_vx"": -5.945733854380637, ""move_vy"": 2.5765575741426745, ""kick_power"": 0.0, ""kick_dir"": null}, {""move_vx"": -6.421092009664039, ""move_vy"": 0.8717668285892943, ""kick_power"": 0.0, ""kick_dir"": null}, {""move_vx"": -4.891767743176591, ""move_vy"": -2.535884135132557, ""kick_power"": 0.0, ""kick_dir"": null}, {""move_vx"": -0.0, ""move_vy"": 0.0, ""kick_power"": 0.65, ""kick_dir"": [0.728167987829813, 0.6853986240447492]}, {""move_vx"": -5.03356223210127, ""move_vy"": 1.955313595197375, ""kick_power"": 0.0, ""kick_dir"": null}, {""move_vx"": 6.0, ""move_vy"": 0.0, ""kick_power"": 0.0, ""kick_dir"": null}, {""move_vx"": -0.0, ""move_vy"": 0.0, ""kick_power"": 1.0, ""kick_dir"": [-0.980138126737681, -0.19831567570207215]}, {""move_vx"": -7.190462428962117, ""move_vy"": -0.37047274890902926, ""kick_power"": 0.0, ""kick_dir"": null}, {""move_vx"": -5.983914885512801, ""move_vy"": 1.076644157992013, ""kick_power"": 0.0, ""kick_dir"": null}]"
482,171,default,default,0,7.521267607384009,43.82177390609537,0,A,,14.563743661914609,0.6245618976965785,-0.019666160065703507,"[{""move_vx"": -3.5355339059327373, ""move_vy"": 3.5355339059327373, ""kick_power"": 0.0, ""kick_dir"": null}, {""move_vx"": 0.0, ""move_vy"": 0.0, ""kick_power"": 0.6, ""kick_dir"": [0.9991349204257653, 0.041585832509759335]}, {""move_vx"": 0.0, ""move_vy"": 0.0, ""kick_power"": 0.4, ""kick_dir"": [-0.49549483048814136, 0.8686106793639725]}, {""move_vx"": -6.474831154490855, ""move_vy"": -0.25876924244320343, ""kick_power"": 0.0, ""kick_dir"": null}, {""move_vx"": 0.0, ""move_vy"": 0.0, ""kick_power"": 0.0, ""kick_dir"": null}, {""move_vx"": 0.0, ""move_vy"": 0.0, ""kick_power"": 1.0, ""kick_dir"": [0.9920649352869172, 0.1257263901058463]}, {""move_vx"": 0.0, ""move_vy"": 6.0, ""kick_power"": 0.0, ""kick_dir"": null}, {""move_vx"": -6.0, ""move_vy"": 0.0, ""kick_power"": 0.0, ""kick_dir"": null}, {""move_vx"": 0.0, ""move_vy"": 0.0, ""kick_power"": 1.0, ""kick_dir"": [0.9905877982958016, -0.13687865072510727]}, {""move_vx"": 0.0, ""move_vy"": -6.0, ""kick_power"": 0.0, ""kick_dir"": null}, {""move_vx"": 4.242640687119285, ""move_vy"": 4.242640687119285, ""kick_power"": 0.0, ""kick_dir"": null}, {""move_vx"": -0.0, ""move_vy"": 0.0, ""kick_power"": 0.4, ""kick_dir"": [-0.8282977398778982, -0.5602881256067948]}, {""move_vx"": -0.0, ""move_vy"": 0.0, ""kick_power"": 0.9, ""kick_dir"": [-0.9173638345416524, -0.39804966134332975]}, {""move_vx"": -5.941013499885726, ""move_vy"": 2.5874231571537663, ""kick_power"": 0.0, ""kick_dir"": null}, {""move_vx"": 3.8183766184073566, ""move_vy"": 3.8183766184073566, ""kick_power"": 0.0, ""kick_dir"": null}, {""move_vx"": -4.9064369871497, ""move_vy"": -2.5073843126113253, ""kick_power"": 0.0, ""kick_dir"": null}, {""move_vx"": -5.682298156294973, ""move_vy"": 2.720567525897265, ""kick_power"": 0.0, ""kick_dir"": null}, {""move_vx"": -5.023700494342076, ""move_vy"": 1.9805134039302, ""kick_power"": 0.0, ""kick_dir"": null}, {""move_vx"": 6.0, ""move_vy"": 0.0, ""kick_power"": 0.0, ""kick_dir"": null}, {""move_vx"": -0.0, ""move_vy"": 0.0, ""kick_power"": 1.0, ""kick_dir"": [-0.980138126737681, -0.19831567570207215]}, {""move_vx"": -7.190462428962116, ""move_vy"": -0.37047274890903253, ""kick_power"": 0.0, ""kick_dir"": null}, {""move_vx"": -5.97964151346315, ""move_vy"": 1.1001306151853651, ""kick_power"": 0.0, ""kick_dir"": null}]"
482,172,default,default,0,7.285565346988492,44.057476166490886,0,A,,15.194584859297192,0.6217827708824764,-0.013610986544157993,"[{""move_vx"": -3.5355339059327373, ""move_vy"": 3.5355339059327373, ""kick_power"": 0.0, ""kick_dir"": null}, {""move_vx"": 0.0, ""move_vy"": 0.0, ""kick_power"": 0.6, ""kick_dir"": [0.9991320113271943, 0.04165566674257299]}, {""move_vx"": 0.0, ""move_vy"": 0.0, ""kick_power"": 0.4, ""kick_dir"": [-0.45322340168721786, 0.8913967518262655]}, {""move_vx"": -6.479208756182702, ""move_vy"": -0.10126151196481094, ""kick_power"": 0.0, ""kick_dir"": null}, {""move_vx"": 0.0, ""move_vy"": 0.0, ""kick_power"": 0.0, ""kick_dir"": null}, {""move_vx"": 0.0, ""move_vy"": 0.0, ""kick_power"": 1.0, ""kick_dir"": [0.9920649352869172, 0.1257263901058463]}, {""move_vx"": 0.0, ""move_vy"": 0.0, ""kick_power"": 0.0, ""kick_dir"": null}, {""move_vx"": -6.0, ""move_vy"": 0.0, ""kick_power"": 0.0, ""kick_dir"": null}, {""move_vx"": 0.0, ""move_vy"": 0.0, ""kick_power"": 1.0, ""kick_dir"": [0.9905877982958016, -0.13687865072510727]}, {""move_vx"": 0.0, ""move_vy"": -6.0, ""kick_power"": 0.0, ""kick_dir"": null}, {""move_vx"": 4.242640687119285, ""move_vy"": 4.242640687119285, ""kick_power"": 0.0, ""kick_dir"": null}, {""move_vx"": -0.0, ""move_vy"": 0.0, ""kick_power"": 0.4, ""kick_dir"": [-0.8326587054038339, -0.5537864306906883]}, {""move_vx"": -0.0, ""move_vy"": 0.0, ""kick_power"": 0.9, ""kick_dir"": [-0.9192401363858927, -0.393697231349878]}, {""move_vx"": -5.936286665246677, ""move_vy"": 2.5982495315143406, ""kick_power"": 0.0, ""kick_dir"": null}, {""move_vx"": -6.416986542940997, ""move_vy"": 0.9014897158116473, ""kick_power"": 0.0, ""kick_dir"": null}, {""move_vx"": -4.920983189528879, ""move_vy"": -2.4787142732421126, ""kick_power"": 0.0, ""kick_dir"": null}, {""move_vx"": -5.673886618641019, ""move_vy"": 2.7380669529444286, ""kick_power"": 0.0, ""kick_dir"": null}, {""move_vx"": -5.013671266788018, ""move_vy"": 2.0057667931701926, ""kick_power"": 0.0, ""kick_dir"": null}, {""move_vx"": 6.0, ""move_vy"": 0.0, ""kick_power"": 0.0, ""kick_dir"": null}, {""move_vx"": -0.0, ""move_vy"": 0.0, ""kick_power"": 1.0, ""kick_dir"": [-0.980138126737681, -0.19831567570207215]}, {""move_vx"": -7.190462428962116, ""move_vy"": -0.37047274890903564, ""kick_power"": 0.0, ""kick_dir"": null}, {""move_vx"": -5.759924661487248, ""move_vy"": -0.029460040580706098, ""kick_power"": 0.0, ""kick_dir"": null}]"
482,173,default,default,0,7.049863086592976,44.2931784268864,0,A,,15.825355346001656,0.6196843872347783,-0.013641982965614394,"[{""move_vx"": -3.5355339059327373, ""move_vy"": 3.5355339059327373, ""kick_power"": 0.0, ""kick_dir"": null}, {""move_vx"": 0.0, ""move_vy"": 0.0, ""kick_power"": 0.6, ""kick_dir"": [0.9991291563922438, 0.04172408691842919]}, {""move_vx"": 0.0, ""move_vy"": 0.0, ""kick_power"": 0.4, ""kick_dir"": [-0.4059317211616522, 0.9139031893747109]}, {""move_vx"": -6.479759780654745, ""move_vy"": 0.05579592287234074, ""kick_power"": 0.0, ""kick_dir"": null}, {""move_vx"": 0.0, ""move_vy"": 0.0, ""kick_power"": 0.0, ""kick_dir"": null}, {""move_vx"": 7.564495279089758, ""move_vy"": 0.9586637432534743, ""kick_power"": 0.0, ""kick_dir"": null}, {""move_vx"": 0.0, ""move_vy"": 0.0, ""kick_power"": 0.0, ""kick_dir"": null}, {""move_vx"": -6.0, ""move_vy"": 0.0, ""kick_power"": 0.0, ""kick_dir"": null}, {""move_vx"": 0.0, ""move_vy"": 0.0, ""kick_power"": 1.0, ""kick_dir"": [0.9905877982958016, -0.13687865072510727]}, {""move_vx"": 0.0, ""move_vy"": -6.0, ""kick_power"": 0.0, ""kick_dir"": null}, {""move_vx"": 0.0, ""move_vy"": 0.0, ""kick_power"": 0.0, ""kick_dir"": null}, {""move_vx"": -0.0, ""move_vy"": 0.0, ""kick_power"": 0.4, ""kick_dir"": [-0.8368547623820024, -0.547424915469669]}, {""move_vx"": -0.0, ""move_vy"": 0.0, ""kick_power"": 0.9, ""kick_dir"": [-0.9210250320523732, -0.38950331082076073]}, {""move_vx"": -5.9315535515121365, ""move_vy"": 2.6090366930236466, ""kick_power"": 0.0, ""kick_dir"": null}, {""move_vx"": -6.409590677473816, ""move_vy"": 0.9526527946952933, ""kick_power"": 0.0, ""kick_dir"": null}, {""move_vx"": -4.935403719206428, ""move_vy"": -2.4498755332553865, ""kick_power"": 0.0, ""kick_dir"": null}, {""move_vx"": -5.665470801485477, ""move_vy"": 2.7554383675770175, ""kick_power"": 0.0, ""kick_dir"": null}, {""move_vx"": -5.003472924413529, ""move_vy"": 2.0310732863835126, ""kick_power"": 0.0, ""kick_dir"": null}, {""move_vx"": 6.0, ""move_vy"": 0.0, ""kick_power"": 0.0, ""kick_dir"": null}, {""move_vx"": -0.0, ""move_vy"": 0.0, ""kick_power"": 1.0, ""kick_dir"": [-0.980138126737681, -0.19831567570207215]}, {""move_vx"": -7.190462428962117, ""move_vy"": -0.3704727489090391, ""kick_power"": 0.0, ""kick_dir"": null}, {""move_vx"": -5.96912087355793, ""move_vy"": 1.1558529304608824, ""kick_power"": 0.0, ""kick_dir"": null}]"
482,174,default,default,0,6.814160826197459,44.52888068728191,0,A,,16.456055122028,0.6209537804488575,-0.016840001383314675,"[{""move_vx"": -3.5355339059327373, ""move_vy"": 3.5355339059327373, ""kick_power"": 0.0, ""kick_dir"": null}, {""move_vx"": 5.51881535713845, ""move_vy"": 1.7840059007225262, ""kick_power"": 0.0, ""kick_dir"": null}, {""move_vx"": 0.0, ""move_vy"": 0.0, ""kick_power"": 0.4, ""kick_dir"": [-0.3531149147567516, 0.9355797341010086]}, {""move_vx"": -6.476527357624274, ""move_vy"": 0.2121164443043991, ""kick_power"": 0.0, ""kick_dir"": null}, {""move_vx"": 6.896804377469985, ""move_vy"": -0.9357827626702958, ""kick_power"": 0.0, ""kick_dir"": null}, {""move_vx"": 0.0, ""move_vy"": 0.0, ""kick_power"": 1.0, ""kick_dir"": [0.9921040460164052, 0.12541739344693176]}, {""move_vx"": 0.0, ""move_vy"": 0.0, ""kick_power"": 0.0, ""kick_dir"": null}, {""move_vx"": -6.0, ""move_vy"": 0.0, ""kick_power"": 0.0, ""kick_dir"": null}, {""move_vx"": -5.726651084577431, ""move_vy"": 0.8874076602712672, ""kick_power"": 0.0, ""kick_dir"": null}, {""move_vx"": 0.0, ""move_vy"": -6.0, ""kick_power"": 0.0, ""kick_dir"": null}, {""move_vx"": 0.0, ""move_vy"": 0.0, ""kick_power"": 0.0, ""kick_dir"": null}, {""move_vx"": -6.447509637752378, ""move_vy"": 0.8243903632929027, ""kick_power"": 0.0, ""kick_dir"": null}, {""move_vx"": -0.0, ""move_vy"": 0.0, ""kick_power"": 0.9, ""kick_dir"": [-0.9227190686761515, -0.38547303355509727]}, {""move_vx"": -5.9268143589109625, ""move_vy"": 2.6197846390508577, ""kick_power"": 0.0, ""kick_dir"": null}, {""move_vx"": -6.401820087220925, ""move_vy"": 1.0035435072056784, ""kick_power"": 0.0, ""kick_dir"": null}, {""move_vx"": -4.949695951899748, ""move_vy"": -2.420869675085227, ""kick_power"": 0.0, ""kick_dir"": null}, {""move_vx"": -5.657051735249072, ""move_vy"": 2.7726820345498453, ""kick_power"": 0.0, ""kick_dir"": null}, {""move_vx"": -4.993103819142785, ""move_vy"": 2.056432408629501, ""kick_power"": 0.0, ""kick_dir"": null}, {""move_vx"": 6.0, ""move_vy"": 0.0, ""kick_power"": 0.0, ""kick_dir"": null}, {""move_vx"": -0.0, ""move_vy"": 0.0, ""kick_power"": 1.0, ""kick_dir"": [-0.980138126737681, -0.19831567570207215]}, {""move_vx"": -7.190462428962117, ""move_vy"": -0.37047274890904325, ""kick_power"": 0.0, ""kick_dir"": null}, {""move_vx"": -0.0, ""move_vy"": 0.0, ""kick_power"": 0.0, ""kick_dir"": null}]"
482,175,default,default,0,6.5784585658019425,44.764582947677425,0,A,,17.08668418737623,0.6114713995098536,-0.014088283483193752,"[{""move_vx"": -3.5355339059327373, ""move_vy"": 3.5355339059327373, ""kick_power"": 0.0, ""kick_dir"": null}, {""move_vx"": 5.515576850115818, ""move_vy"": 1.793993313941406, ""kick_power"": 0.0, ""kick_dir"": null}, {""move_vx"": 0.0, ""move_vy"": 0.0, ""kick_power"": 0.4, ""kick_dir"": [-0.2406878494596632, 0.9706023458757229]}, {""move_vx"": -6.469575340925796, ""move_vy"": 0.36741653213331327, ""kick_power"": 0.0, ""kick_dir"": null}, {""move_vx"": 0.0, ""move_vy"": 0.0, ""kick_power"": 0.0, ""kick_dir"": null}, {""move_vx"": 0.0, ""move_vy"": 0.0, ""kick_power"": 1.0, ""kick_dir"": [0.9921040460164052, 0.12541739344693176]}, {""move_vx"": 0.0, ""move_vy"": 0.0, ""kick_power"": 0.0, ""kick_dir"": null}, {""move_vx"": 4.242640687119285, ""move_vy"": 4.242640687119285, ""kick_power"": 0.0, ""kick_dir"": null}, {""move_vx"": 0.0, ""move_vy"": 0.0, ""kick_power"": 1.0, ""kick_dir"": [0.9905667697612752, -0.1370307493157046]}, {""move_vx"": 0.0, ""move_vy"": -6.0, ""kick_power"": 0.0, ""kick_dir"": null}, {""move_vx"": 0.0, ""move_vy"": 0.0, ""kick_power"": 0.0, ""kick_dir"": null}, {""move_vx"": -0.0, ""move_vy"": 0.0, ""kick_power"": 0.4, ""kick_dir"": [-0.8457385854665485, -0.5335973929597775]}, {""move_vx"": -0.0, ""move_vy"": 0.0, ""kick_power"": 0.0, ""kick_dir"": null}, {""move_vx"": -5.922069286842071, ""move_vy"": 2.6304933685226906, ""kick_power"": 0.0, ""kick_dir"": null}, {""move_vx"": -6.393681452295104, ""move_vy"": 1.0541524968322105, ""kick_power"": 0.0, ""kick_dir"": null}, {""move_vx"": -4.963857271692685, ""move_vy"": -2.391698347673394, ""kick_power"": 0.0, ""kick_dir"": null}, {""move_vx"": -5.64863043819333, ""move_vy"": 2.7897982315421705, ""kick_power"": 0.0, ""kick_dir"": null}, {""move_vx"": -4.982562278702786, ""move_vy"": 2.081843687419424, ""kick_power"": 0.0, ""kick_dir"": null}, {""move_vx"": 6.0, ""move_vy"": 0.0, ""kick_power"": 0.0, ""kick_dir"": null}, {""move_vx"": -0.0, ""move_vy"": 0.0, ""kick_power"": 0.0, ""kick_dir"": null}, {""move_vx"": -7.190462428962116, ""move_vy"": -0.37047274890904724, ""kick_power"": 0.0, ""kick_dir"": null}, {""move_vx"": -5.960025287548659, ""move_vy"": 1.2018729432766715, ""kick_power"": 0.0, ""kick_dir"": null}]"
482,176,default,default,0,6.342756305406426,45.00028520807294,0,A,,17.717242542046336,0.6184270734639318,-0.018315494823260038,"[{""move_vx"": -3.5355339059327373, ""move_vy"": 3.5355339059327373, ""kick_power"": 0.0, ""kick_dir"": null}, {""move_vx"": 5.512285457892184, ""move_vy"": 1.8040812151093286, ""kick_power"": 0.0, ""kick_dir"": null}, {""move_vx"": 0.0, ""move_vy"": 0.0, ""kick_power"": 0.4, ""kick_dir"": [-0.1109639634310489, 0.9938241948598504]}, {""move_vx"": -6.458987779442892, ""move_vy"": 0.5214181287674882, ""kick_power"": 0.0, ""kick_dir"": null}, {""move_vx"": 0.0, ""move_vy"": 0.0, ""kick_power"": 0.0, ""kick_dir"": null}, {""move_vx"": 0.0, ""move_vy"": 0.0, ""kick_power"": 1.0, ""kick_dir"": [0.9921040460164052, 0.12541739344693176]}, {""move_vx"": 0.0, ""move_vy"": 6.0, ""kick_power"": 0.0, ""kick_dir"": null}, {""move_vx"": -6.0, ""move_vy"": 0.0, ""kick_power"": 0.0, ""kick_dir"": null}, {""move_vx"": 0.0, ""move_vy"": 0.0, ""kick_power"": 1.0, ""kick_dir"": [0.9905667697612752, -0.1370307493157046]}, {""move_vx"": 0.0, ""move_vy"": -6.0, ""kick_power"": 0.0, ""kick_dir"": null}, {""move_vx"": 0.0, ""move_vy"": 0.0, ""kick_power"": 0.0, ""kick_dir"": null}, {""move_vx"": -0.0, ""move_vy"": 0.0, ""kick_power"": 0.4, ""kick_dir"": [-0.849507745912405, -0.5275760828559134]}, {""move_vx"": -0.0, ""move_vy"": 0.0, ""kick_power"": 0.0, ""kick_dir"": null}, {""move_vx"": -5.917318533864457, ""move_vy"": 2.6411628819109567, ""kick_power"": 0.0, ""kick_dir"": null}, {""move_vx"": -6.38518164422096, ""move_vy"": 1.1044706289909756, ""kick_power"": 0.0, ""kick_dir"": null}, {""move_vx"": -4.977885072601228, ""move_vy"": -2.362363266725478, ""kick_power"": 0.0, ""kick_dir"": null}, {""move_vx"": -5.640207916340612, ""move_vy"": 2.8067872488752497, ""kick_power"": 0.0, ""kick_dir"": null}, {""move_vx"": -4.971846605388336, ""move_vy"": 2.1073066536431018, ""kick_power"": 0.0, ""kick_dir"": null}, {""move_vx"": 6.0, ""move_vy"": 0.0, ""kick_power"": 0.0, ""kick_dir"": null}, {""move_vx"": -0.0, ""move_vy"": 0.0, ""kick_power"": 0.0, ""kick_dir"": null}, {""move_vx"": -7.190462428962116, ""move_vy"": -0.37047274890905174, ""kick_power"": 0.0, ""kick_dir"": null}, {""move_vx"": -0.0, ""move_vy"": 0.0, ""kick_power"": 0.0, ""kick_dir"": null}]"
482,177,default,default,0,6.107054045010909,45.23598746846845,0,A,,18.347730186038326,0.6211239085411503,-0.014135010248894615,"[{""move_vx"": -3.5355339059327373, ""move_vy"": 3.5355339059327373, ""kick_power"": 0.0, ""kick_dir"": null}, {""move_vx"": 5.508940101439964, ""move_vy"": 1.8142709165796134, ""kick_power"": 0.0, ""kick_dir"": null}, {""move_vx"": 0.0, ""move_vy"": 0.0, ""kick_power"": 0.4, ""kick_dir"": [0.032212372261871784, 0.9994808044108197]}, {""move_vx"": -6.444868108433065, ""move_vy"": 0.6738509218680473, ""kick_power"": 0.0, ""kick_dir"": null}, {""move_vx"": -4.985744201049126, ""move_vy"": -2.3457311784825223, ""kick_power"": 0.0, ""kick_dir"": null}, {""move_vx"": 0.0, ""move_vy"": 0.0, ""kick_power"": 1.0, ""kick_dir"": [0.9921040460164052, 0.12541739344693176]}, {""move_vx"": 0.0, ""move_vy"": 0.0, ""kick_power"": 0.0, ""kick_dir"": null}, {""move_vx"": -6.0, ""move_vy"": 0.0, ""kick_power"": 0.0, ""kick_dir"": null}, {""move_vx"": 0.0, ""move_vy"": 0.0, ""kick_power"": 1.0, ""kick_dir"": [0.9905667697612752, -0.1370307493157046]}, {""move_vx"": 0.0, ""move_vy"": -6.0, ""kick_power"": 0.0, ""kick_dir"": null}, {""move_vx"": 0.0, ""move_vy"": 0.0, ""kick_power"": 0.0, ""kick_dir"": null}, {""move_vx"": -0.0, ""move_vy"": 0.0, ""kick_power"": 0.4, ""kick_dir"": [-0.8531400823186501, -0.5216818324744853]}, {""move_vx"": -0.0, ""move_vy"": 0.0, ""kick_power"": 0.0, ""kick_dir"": null}, {""move_vx"": -5.912562297687425, ""move_vy"": 2.651793181220058, ""kick_power"": 0.0, ""kick_dir"": null}, {""move_vx"": -6.376327716977127, ""move_vy"": 1.1544889976562167, ""kick_power"": 0.0, ""kick_dir"": null}, {""move_vx"": -4.991776760162231, ""move_vy"": -2.3328662149176638, ""kick_power"": 0.0, ""kick_dir"": null}, {""move_vx"": -5.631785163400332, ""move_vy"": 2.823649389230875, ""kick_power"": 0.0, ""kick_dir"": null}, {""move_vx"": -7.479768461418596, ""move_vy"": 0.5505122737666082, ""kick_power"": 0.0, ""kick_dir"": null}, {""move_vx"": 6.0, ""move_vy"": 0.0, ""kick_power"": 0.0, ""kick_dir"": null}, {""move_vx"": -0.0, ""move_vy"": 0.0, ""kick_power"": 0.0, ""kick_dir"": null}, {""move_vx"": -7.190462428962115, ""move_vy"": -0.3704727489090566, ""kick_power"": 0.0, ""kick_dir"": null}, {""move_vx"": -5.950714804845216, ""move_vy"": 1.2471540848652036, ""kick_power"": 0.0, ""kick_dir"": null}]"
482,178,default,default,0,5.871351784615393,45.471689728863964,0,A,,18.978147119352197,0.607783752946811,-0.019867898258642776,"[{""move_vx"": -3.5355339059327373, ""move_vy"": 3.5355339059327373, ""kick_power"": 0.0, ""kick_dir"": null}, {""move_vx"": 5.647229499813234, ""move_vy"": -1.322421633382928, ""kick_power"": 0.0, ""kick_dir"": null}, {""move_vx"": 3.8183766184073566, ""move_vy"": -3.8183766184073566, ""kick_power"": 0.0, ""kick_dir"": null}, {""move_vx"": -6.427338078498481, ""move_vy"": 0.8244545012815754, ""kick_power"": 0.0, ""kick_dir"": null}, {""move_vx"": 0.0, ""move_vy"": 0.0, ""kick_power"": 0.6, ""kick_dir"": [0.9903097099982424, -0.13887638381990772]}, {""move_vx"": 0.0, ""move_vy"": 0.0, ""kick_power"": 1.0, ""kick_dir"": [0.9921040460164052, 0.12541739344693176]}, {""move_vx"": 0.0, ""move_vy"": 0.0, ""kick_power"": 0.0, ""kick_dir"": null}, {""move_vx"": 0.0, ""move_vy"": 0.0, ""kick_power"": 0.0, ""kick_dir"": null}, {""move_vx"": 0.0, ""move_vy"": 0.0, ""kick_power"": 1.0, ""kick_dir"": [0.9905667697612752, -0.1370307493157046]}, {""move_vx"": -3.0662053348258236, ""move_vy"": 4.805037444670504, ""kick_power"": 0.0, ""kick_dir"": null}, {""move_vx"": 0.0, ""move_vy"": 0.0, ""kick_power"": 0.0, ""kick_dir"": null}, {""move_vx"": -0.0, ""move_vy"": 0.0, ""kick_power"": 0.4, ""kick_dir"": [-0.8566423230979385, -0.5159107146357539]}, {""move_vx"": -0.0, ""move_vy"": 0.0, ""kick_power"": 0.0, ""kick_dir"": null}, {""move_vx"": -4.587789915812458, ""move_vy"": 2.2954484721660644, ""kick_power"": 0.0, ""kick_dir"": null}, {""move_vx"": -5.906316730613334, ""move_vy"": -0.631682418369415, ""kick_power"": 0.0, ""kick_dir"": null}, {""move_vx"": -5.0055297530437945, ""move_vy"": -2.303209042052701, ""kick_power"": 0.0, ""kick_dir"": null}, {""move_vx"": -5.623363160701313, ""move_vy"": 2.840384967371032, ""kick_power"": 0.0, ""kick_dir"": null}, {""move_vx"": -7.479768461418596, ""move_vy"": 0.5505122737666083, ""kick_power"": 0.0, ""kick_dir"": null}, {""move_vx"": 6.0, ""move_vy"": 0.0, ""kick_power"": 0.0, ""kick_dir"": null}, {""move_vx"": -0.0, ""move_vy"": 0.0, ""kick_power"": 0.0, ""kick_dir"": null}, {""move_vx"": -7.190462428962115, ""move_vy"": -0.37047274890906207, ""kick_power"": 0.0, ""kick_dir"": null}, {""move_vx"": -0.0, ""move_vy"": 0.0, ""kick_power"": 0.0, ""kick_dir"": null}]"
482,179,default,default,0,5.635649524219876,45.70739198925948,0,A,,19.60849334198795,0.6123370093541367,-0.020310998486703636,"[{""move_vx"": -3.5355339059327373, ""move_vy"": 3.5355339059327373, ""kick_power"": 0.0, ""kick_dir"": null}, {""move_vx"": -6.497746518277467, ""move_vy"": 2.494171241958548, ""kick_power"": 0.0, ""kick_dir"": null}, {""move_vx"": 0.0, ""move_vy"": 0.0, ""kick_power"": 0.4, ""kick_dir"": [0.1980489404112679, 0.9801918980359419]}, {""move_vx"": -6.40653644624014, ""move_vy"": 0.9729803507762999, ""kick_power"": 0.0, ""kick_dir"": null}, {""move_vx"": 0.0, ""move_vy"": 0.0, ""kick_power"": 0.0, ""kick_dir"": null}, {""move_vx"": 0.0, ""move_vy"": 0.0, ""kick_power"": 1.0, ""kick_dir"": [0.9921040460164052, 0.12541739344693176]}, {""move_vx"": 0.0, ""move_vy"": 0.0, ""kick_power"": 0.0, ""kick_dir"": null}, {""move_vx"": 4.242640687119285, ""move_vy"": 4.242640687119285, ""kick_power"": 0.0, ""kick_dir"": null}, {""move_vx"": 0.0, ""move_vy"": 0.0, ""kick_power"": 1.0, ""kick_dir"": [0.9905667697612752, -0.1370307493157046]}, {""move_vx"": 0.0, ""move_vy"": -6.0, ""kick_power"": 0.0, ""kick_dir"": null}, {""move_vx"": 0.0, ""move_vy"": 0.0, ""kick_power"": 0.0, ""kick_dir"": null}, {""move_vx"": -0.0, ""move_vy"": 0.0, ""kick_power"": 0.4, ""kick_dir"": [-0.8589397412676361, -0.5120766121654583]}, {""move_vx"": -0.0, ""move_vy"": 0.0, ""kick_power"": 0.0, ""kick_dir"": null}, {""move_vx"": -4.582728972157065, ""move_vy"": 2.30553576588008, ""kick_power"": 0.0, ""kick_dir"": null}, {""move_vx"": -5.906316730613333, ""move_vy"": -0.6316824183694159, ""kick_power"": 0.0, ""kick_dir"": null}, {""move_vx"": -5.016837936501302, ""move_vy"": -2.2784725407345494, ""kick_power"": 0.0, ""kick_dir"": null}, {""move_vx"": -0.0, ""move_vy"": 0.0, ""kick_power"": 0.4, ""kick_dir"": [-0.564005232096712, 0.82577112467096]}, {""move_vx"": -7.479768461418597, ""move_vy"": 0.5505122737666098, ""kick_power"": 0.0, ""kick_dir"": null}, {""move_vx"": 6.0, ""move_vy"": 0.0, ""kick_power"": 0.0, ""kick_dir"": null}, {""move_vx"": -0.0, ""move_vy"": 0.0, ""kick_power"": 0.0, ""kick_dir"": null}, {""move_vx"": -7.190462428962116, ""move_vy"": -0.3704727489090567, ""kick_power"": 0.0, ""kick_dir"": null}, {""move_vx"": -5.940475638174499, ""move_vy"": 1.2950479497899952, ""kick_power"": 0.0, ""kick_dir"": null}]"
482,180,default,default,0,5.39994726382436,45.94309424965499,0,A,,20.238768853945583,0.608416185083121,-0.02040160294664627,"[{""move_vx"": -3.5355339059327373, ""move_vy"": 3.5355339059327373, ""kick_power"": 0.0, ""kick_dir"": null}, {""move_vx"": -6.473314333924781, ""move_vy"": 2.556912500302656, ""kick_power"": 0.0, ""kick_dir"": null}, {""move_vx"": 0.0, ""move_vy"": 0.0, ""kick_power"": 0.4, ""kick_dir"": [0.1584001063124765, 0.9873747661291905]}, {""move_vx"": 0.0, ""move_vy"": 0.0, ""kick_power"": 0.6, ""kick_dir"": [0.9969555291337145, -0.07797210850073716]}, {""move_vx"": 0.0, ""move_vy"": 0.0, ""kick_power"": 0.0, ""kick_dir"": null}, {""move_vx"": 0.0, ""move_vy"": 0.0, ""kick_power"": 1.0, ""kick_dir"": [0.9921040460164052, 0.12541739344693176]}, {""move_vx"": 0.0, ""move_vy"": 0.0, ""kick_power"": 0.9, ""kick_dir"": [-0.8806438307128565, 0.4737786085332985]}, {""move_vx"": -6.0, ""move_vy"": 0.0, ""kick_power"": 0.0, ""kick_dir"": null}, {""move_vx"": 7.553071802163795, ""move_vy"": -1.0448594888108935, ""kick_power"": 0.0, ""kick_dir"": null}, {""move_vx"": 0.0, ""move_vy"": -6.0, ""kick_power"": 0.0, ""kick_dir"": null}, {""move_vx"": 0.0, ""move_vy"": 0.0, ""kick_power"": 0.0, ""kick_dir"": null}, {""move_vx"": -0.0, ""move_vy"": 0.0, ""kick_power"": 0.4, ""kick_dir"": [-0.8611730043121368, -0.5083119053716508]}, {""move_vx"": -0.0, ""move_vy"": 0.0, ""kick_power"": 0.9, ""kick_dir"": [-0.9309558336520358, -0.36513172686483836]}, {""move_vx"": -4.576133007757984, ""move_vy"": 2.3186001585672043, ""kick_power"": 0.0, ""kick_dir"": null}, {""move_vx"": -5.906316730613334, ""move_vy"": -0.6316824183694171, ""kick_power"": 0.0, ""kick_dir"": null}, {""move_vx"": -5.026202357447646, ""move_vy"": -2.257739989898686, ""kick_power"": 0.0, ""kick_dir"": null}, {""move_vx"": -5.606625021901392, ""move_vy"": 2.873283115843133, ""kick_power"": 0.0, ""kick_dir"": null}, {""move_vx"": -7.479768461418597, ""move_vy"": 0.5505122737666102, ""kick_power"": 0.0, ""kick_dir"": null}, {""move_vx"": 6.0, ""move_vy"": 0.0, ""kick_power"": 0.0, ""kick_dir"": null}, {""move_vx"": -0.0, ""move_vy"": 0.0, ""kick_power"": 0.0, ""kick_dir"": null}, {""move_vx"": -7.190462428962114, ""move_vy"": -0.37047274890906273, ""kick_power"": 0.0, ""kick_dir"": null}, {""move_vx"": -0.0, ""move_vy"": 0.0, ""kick_power"": 0.0, ""kick_dir"": null}]"
482,181,default,default,0,5.096447636445507,45.85072374614614,0,A,,21.08879670409727,0.8289254818029204,-0.018442216369348653,"[{""move_vx"": 0.0, ""move_vy"": 0.0, ""kick_power"": 0.4, ""kick_dir"": [0.9890586715664855, -0.14752191013899962]}, {""move_vx"": 6.953739774408752, ""move_vy"": 0.2951324275739905, ""kick_power"": 0.0, ""kick_dir"": null}, {""move_vx"": 0.0, ""move_vy"": 0.0, ""kick_power"": 0.4, ""kick_dir"": [0.11573089941609943, 0.9932803549418645]}, {""move_vx"": -6.367053296783355, ""move_vy"": 1.2045880274684018, ""kick_power"": 0.0, ""kick_dir"": null}, {""move_vx"": 0.0, ""move_vy"": 0.0, ""kick_power"": 0.0, ""kick_dir"": null}, {""move_vx"": 0.0, ""move_vy"": 0.0, ""kick_power"": 1.0, ""kick_dir"": [0.9921040460164052, 0.12541739344693176]}, {""move_vx"": 0.0, ""move_vy"": 6.0, ""kick_power"": 0.0, ""kick_dir"": null}, {""move_vx"": -6.0, ""move_vy"": 0.0, ""kick_power"": 0.0, ""kick_dir"": null}, {""move_vx"": 0.0, ""move_vy"": 6.1, ""kick_power"": 0.0, ""kick_dir"": null}, {""move_vx"": 0.0, ""move_vy"": -6.0, ""kick_power"": 0.0, ""kick_dir"": null}, {""move_vx"": 0.0, ""move_vy"": 0.0, ""kick_power"": 0.0, ""kick_dir"": null}, {""move_vx"": -0.0, ""move_vy"": -5.0, ""kick_power"": 0.0, ""kick_dir"": null}, {""move_vx"": -0.0, ""move_vy"": 0.0, ""kick_power"": 0.0, ""kick_dir"": null}, {""move_vx"": -4.569488141712934, ""move_vy"": 2.331668527630992, ""kick_power"": 0.0, ""kick_dir"": null}, {""move_vx"": -5.906316730613333, ""move_vy"": -0.6316824183694181, ""kick_power"": 0.0, ""kick_dir"": null}, {""move_vx"": -6.5531978284094965, ""move_vy"": -2.3446104626843773, ""kick_power"": 0.0, ""kick_dir"": null}, {""move_vx"": -0.0, ""move_vy"": 0.0, ""kick_power"": 0.4, ""kick_dir"": [-0.593938331397732, 0.8045104790058732]}, {""move_vx"": -0.0, ""move_vy"": -6.0, ""kick_power"": 0.0, ""kick_dir"": null}, {""move_vx"": 6.0, ""move_vy"": 0.0, ""kick_power"": 0.0, ""kick_dir"": null}, {""move_vx"": -0.0, ""move_vy"": 0.0, ""kick_power"": 0.0, ""kick_dir"": null}, {""move_vx"": -7.190462428962115, ""move_vy"": -0.3704727489090559, ""kick_power"": 0.0, ""kick_dir"": null}, {""move_vx"": -5.927841662404219, ""move_vy"": 1.3517001240899493, ""kick_power"": 0.0, ""kick_dir"": null}]"
482,182,default,default,0,4.9840687160633035,46.26543912254274,0,A,,21.719232329406005,0.6310138634006695,-0.021605826183712977,"[{""move_vx"": -3.5355339059327373, ""move_vy"": 3.5355339059327373, ""kick_power"": 0.0, ""kick_dir"": null}, {""move_vx"": 0.0, ""move_vy"": 0.0, ""kick_power"": 0.0, ""kick_dir"": null}, {""move_vx"": 0.0, ""move_vy"": 0.0, ""kick_power"": 0.4, ""kick_dir"": [0.2874861913679165, 0.9577845251210287]}, {""move_vx"": -6.38584806437304, ""move_vy"": 1.1006109661197796, ""kick_power"": 0.0, ""kick_dir"": null}, {""move_vx"": 0.0, ""move_vy"": 0.0, ""kick_power"": 0.0, ""kick_dir"": null}, {""move_vx"": 0.0, ""move_vy"": 0.0, ""kick_power"": 1.0, ""kick_dir"": [0.9921040460164052, 0.12541739344693176]}, {""move_vx"": 0.0, ""move_vy"": 0.0, ""kick_power"": 0.0, ""kick_dir"": null}, {""move_vx"": -6.0, ""move_vy"": 0.0, ""kick_power"": 0.0, ""kick_dir"": null}, {""move_vx"": -6.1, ""move_vy"": 0.0, ""kick_power"": 0.0, ""kick_dir"": null}, {""move_vx"": 0.0, ""move_vy"": -6.0, ""kick_power"": 0.0, ""kick_dir"": null}, {""move_vx"": 0.0, ""move_vy"": 0.0, ""kick_power"": 0.0, ""kick_dir"": null}, {""move_vx"": -0.0, ""move_vy"": 0.0, ""kick_power"": 0.4, ""kick_dir"": [-0.8723319106989392, -0.48891407705850304]}, {""move_vx"": -0.0, ""move_vy"": 0.0, ""kick_power"": 0.0, ""kick_dir"": null}, {""move_vx"": -4.57210654322847, ""move_vy"": 2.326529982047815, ""kick_power"": 0.0, ""kick_dir"": null}, {""move_vx"": -5.906316730613333, ""move_vy"": -0.6316824183694191, ""kick_power"": 0.0, ""kick_dir"": null}, {""move_vx"": -4.1012193308819755, ""move_vy"": 4.1012193308819755, ""kick_power"": 0.0, ""kick_dir"": null}, {""move_vx"": -5.616128947957755, ""move_vy"": 2.854662088568617, ""kick_power"": 0.0, ""kick_dir"": null}, {""move_vx"": -7.4582387204765, ""move_vy"": 0.7903639594421388, ""kick_power"": 0.0, ""kick_dir"": null}, {""move_vx"": 6.0, ""move_vy"": 0.0, ""kick_power"": 0.0, ""kick_dir"": null}, {""move_vx"": -0.0, ""move_vy"": 0.0, ""kick_power"": 0.0, ""kick_dir"": null}, {""move_vx"": -7.190462428962115, ""move_vy"": -0.3704727489090636, ""kick_power"": 0.0, ""kick_dir"": null}, {""move_vx"": -0.0, ""move_vy"": 0.0, ""kick_power"": 0.0, ""kick_dir"": null}]"
482,183,default,default,0,5.636637942543022,46.1494316152376,-1,,,21.641013566334234,0.005160769661053392,0.04661826497065942,"[{""move_vx"": 0.0, ""move_vy"": 0.0, ""kick_power"": 0.4, ""kick_dir"": [0.9845636368574949, -0.17502629400907466]}, {""move_vx"": 0.0, ""move_vy"": 0.0, ""kick_power"": 0.6, ""kick_dir"": [0.9990863362695243, 0.042737133122612334]}, {""move_vx"": 0.0, ""move_vy"": 0.0, ""kick_power"": 0.4, ""kick_dir"": [0.36191469270492793, 0.9322109519852109]}, {""move_vx"": -6.330749423482047, ""move_vy"": 1.382755125494655, ""kick_power"": 0.0, ""kick_dir"": null}, {""move_vx"": 0.0, ""move_vy"": 0.0, ""kick_power"": 0.0, ""kick_dir"": null}, {""move_vx"": 0.0, ""move_vy"": 0.0, ""kick_power"": 1.0, ""kick_dir"": [0.9921040460164052, 0.12541739344693176]}, {""move_vx"": 5.5098585080685645, ""move_vy"": 2.375175618994193, ""kick_power"": 0.0, ""kick_dir"": null}, {""move_vx"": -6.0, ""move_vy"": 0.0, ""kick_power"": 0.0, ""kick_dir"": null}, {""move_vx"": -6.1, ""move_vy"": 0.0, ""kick_power"": 0.0, ""kick_dir"": null}, {""move_vx"": 0.0, ""move_vy"": -6.0, ""kick_power"": 0.0, ""kick_dir"": null}, {""move_vx"": 0.0, ""move_vy"": 0.0, ""kick_power"": 0.0, ""kick_dir"": null}, {""move_vx"": -0.0, ""move_vy"": 0.0, ""kick_power"": 0.4, ""kick_dir"": [-0.8742827892295478, -0.48541687470070843]}, {""move_vx"": -4.1012193308819755, ""move_vy"": 4.1012193308819755, ""kick_power"": 0.0, ""kick_dir"": null}, {""move_vx"": -4.560273799385745, ""move_vy"": 2.349638881750958, ""kick_power"": 0.0, ""kick_dir"": null}, {""move_vx"": -5.906316730613333, ""move_vy"": -0.6316824183694202, ""kick_power"": 0.0, ""kick_dir"": null}, {""move_vx"": -6.558204064580534, ""move_vy"": -2.3305706269751534, ""kick_power"": 0.0, ""kick_dir"": null}, {""move_vx"": -0.0, ""move_vy"": 0.0, ""kick_power"": 0.4, ""kick_dir"": [-0.6228967320075729, 0.7823039779732276]}, {""move_vx"": -7.458238720476501, ""move_vy"": 0.7903639594421353, ""kick_power"": 0.0, ""kick_dir"": null}, {""move_vx"": 6.0, ""move_vy"": 0.0, ""kick_power"": 0.0, ""kick_dir"": null}, {""move_vx"": -0.0, ""move_vy"": 0.0, ""kick_power"": 0.0, ""kick_dir"": null}, {""move_vx"": -7.190462428962116, ""move_vy"": -0.37047274890905585, ""kick_power"": 0.0, ""kick_dir"": null}, {""move_vx"": 6.4, ""move_vy"": 0.0, ""kick_power"": 0.0, ""kick_dir"": null}]"
482,184,default,default,0,5.263428240155362,46.91206211553934,0,A,,22.80903444115334,3.0387078645655077,-0.048917449271336885,"[{""move_vx"": 0.0, ""move_vy"": 5.0, ""kick_power"": 0.0, ""kick_dir"": null}, {""move_vx"": 5.429968681638203, ""move_vy"": 2.038489665519122, ""kick_power"": 0.0, ""kick_dir"": null}, {""move_vx"": 5.913328994045467, ""move_vy"": 0.562263468652589, ""kick_power"": 0.0, ""kick_dir"": null}, {""move_vx"": 0.0, ""move_vy"": 5.4, ""kick_power"": 0.0, ""kick_dir"": null}, {""move_vx"": -7.501688984359186, ""move_vy"": -0.7591194780428543, ""kick_power"": 0.0, ""kick_dir"": null}, {""move_vx"": 0.0, ""move_vy"": 0.0, ""kick_power"": 1.0, ""kick_dir"": [0.9921040460164052, 0.12541739344693176]}, {""move_vx"": 0.0, ""move_vy"": 0.0, ""kick_power"": 0.9, ""kick_dir"": [0.9975385595128033, -0.07011849416754092]}, {""move_vx"": 4.242640687119285, ""move_vy"": -4.242640687119285, ""kick_power"": 0.0, ""kick_dir"": null}, {""move_vx"": 0.0, ""move_vy"": 0.0, ""kick_power"": 0.9, ""kick_dir"": [0.6512600836523889, -0.758854316488963]}, {""move_vx"": 0.0, ""move_vy"": 0.0, ""kick_power"": 0.65, ""kick_dir"": [0.021005905878468022, 0.9997792923531216]}, {""move_vx"": 0.0, ""move_vy"": 0.0, ""kick_power"": 0.0, ""kick_dir"": null}, {""move_vx"": -0.0, ""move_vy"": 0.0, ""kick_power"": 0.4, ""kick_dir"": [-0.8761903097097037, -0.4819652265058274]}, {""move_vx"": 5.8, ""move_vy"": 0.0, ""kick_power"": 0.0, ""kick_dir"": null}, {""move_vx"": -5.064789966393679, ""move_vy"": 1.8729395602415784, ""kick_power"": 0.0, ""kick_dir"": null}, {""move_vx"": -3.8183766184073566, ""move_vy"": 3.8183766184073566, ""kick_power"": 0.0, ""kick_dir"": null}, {""move_vx"": -5.024764085163801, ""move_vy"": -2.2609391607135287, ""kick_power"": 0.0, ""kick_dir"": null}, {""move_vx"": -0.0, ""move_vy"": 0.0, ""kick_power"": 0.65, ""kick_dir"": [-0.4168084509067352, 0.9089942482849585]}, {""move_vx"": -0.0, ""move_vy"": 0.0, ""kick_power"": 0.0, ""kick_dir"": null}, {""move_vx"": -0.0, ""move_vy"": -6.0, ""kick_power"": 0.0, ""kick_dir"": null}, {""move_vx"": -5.366967117850585, ""move_vy"": 4.044015820432778, ""kick_power"": 0.0, ""kick_dir"": null}, {""move_vx"": -0.0, ""move_vy"": 0.0, ""kick_power"": 0.65, ""kick_dir"": [0.9870558340078771, -0.16037633506130924]}, {""move_vx"": -5.924852136656076, ""move_vy"": 1.3647443565598414, ""kick_power"": 0.0, ""kick_dir"": null}]"
482,185,default,default,0,4.910683109014064,47.02997670585503,0,A,,23.65889280483311,0.8092086027652333,-0.02549754650331552,"[{""move_vx"": 0.0, ""move_vy"": 0.0, ""kick_power"": 0.4, ""kick_dir"": [0.983068144520367, -0.18323966201772726]}, {""move_vx"": 0.0, ""move_vy"": 0.0, ""kick_power"": 0.9, ""kick_dir"": [-0.20432995829651124, -0.9789020219492568]}, {""move_vx"": 0.0, ""move_vy"": 0.0, ""kick_power"": 0.4, ""kick_dir"": [0.43124948186567663, 0.9022324434784469]}, {""move_vx"": 0.0, ""move_vy"": 0.0, ""kick_power"": 0.9, ""kick_dir"": [-0.983068144520367, 0.18323966201772726]}, {""move_vx"": 0.0, ""move_vy"": 0.0, ""kick_power"": 0.0, ""kick_dir"": null}, {""move_vx"": 0.0, ""move_vy"": 0.0, ""kick_power"": 1.0, ""kick_dir"": [0.9921040460164052, 0.12541739344693176]}, {""move_vx"": 0.0, ""move_vy"": 6.0, ""kick_power"": 0.0, ""kick_dir"": null}, {""move_vx"": 4.242640687119285, ""move_vy"": 4.242640687119285, ""kick_power"": 0.0, ""kick_dir"": null}, {""move_vx"": -6.1, ""move_vy"": 0.0, ""kick_power"": 0.0, ""kick_dir"": null}, {""move_vx"": 0.0, ""move_vy"": -6.0, ""kick_power"": 0.0, ""kick_dir"": null}, {""move_vx"": 0.0, ""move_vy"": 0.0, ""kick_power"": 0.0, ""kick_dir"": null}, {""move_vx"": -0.0, ""move_vy"": 0.0, ""kick_power"": 0.4, ""kick_dir"": [-0.877878659972028, -0.4788830728179099]}, {""move_vx"": -4.1012193308819755, ""move_vy"": 4.1012193308819755, ""kick_power"": 0.0, ""kick_dir"": null}, {""move_vx"": -4.540101622250147, ""move_vy"": 2.388383817488633, ""kick_power"": 0.0, ""kick_dir"": null}, {""move_vx"": -0.0, ""move_vy"": -5.4, ""kick_power"": 0.0, ""kick_dir"": null}, {""move_vx"": -6.587505496538439, ""move_vy"": -2.246412992545196, ""kick_power"": 0.0, ""kick_dir"": null}, {""move_vx"": -0.0, ""move_vy"": 0.0, ""kick_power"": 0.4, ""kick_dir"": [-0.6433983358177106, 0.7655314756102802]}, {""move_vx"": -7.458238720476501, ""move_vy"": 0.7903639594421316, ""kick_power"": 0.0, ""kick_dir"": null}, {""move_vx"": 6.0, ""move_vy"": 0.0, ""kick_power"": 0.0, ""kick_dir"": null}, {""move_vx"": -0.0, ""move_vy"": 0.0, ""kick_power"": 0.0, ""kick_dir"": null}, {""move_vx"": -7.190462428962115, ""move_vy"": -0.3704727489090638, ""kick_power"": 0.0, ""kick_dir"": null}, {""move_vx"": -0.0, ""move_vy"": 0.0, ""kick_power"": 0.0, ""kick_dir"": null}]"
482,186,default,default,0,5.560739514870527,46.90062831466107,-1,,,23.579768145988616,-0.0050207063326840485,0.03787117550381631,"[{""move_vx"": 0.0, ""move_vy"": 0.0, ""kick_power"": 0.4, ""kick_dir"": [0.9807724209663874, -0.19515434912492563]}, {""move_vx"": 0.0, ""move_vy"": 0.0, ""kick_power"": 0.0, ""kick_dir"": null}, {""move_vx"": 0.0, ""move_vy"": 0.0, ""kick_power"": 0.4, ""kick_dir"": [0.4982448379926851, 0.8670360899841588]}, {""move_vx"": -6.277753046009799, ""move_vy"": 1.6063052926871288, ""kick_power"": 0.0, ""kick_dir"": null}, {""move_vx"": 0.0, ""move_vy"": 0.0, ""kick_power"": 0.0, ""kick_dir"": null}, {""move_vx"": 0.0, ""move_vy"": 0.0, ""kick_power"": 1.0, ""kick_dir"": [0.9921040460164052, 0.12541739344693176]}, {""move_vx"": 0.0, ""move_vy"": -6.0, ""kick_power"": 0.0, ""kick_dir"": null}, {""move_vx"": 4.242640687119285, ""move_vy"": 4.242640687119285, ""kick_power"": 0.0, ""kick_dir"": null}, {""move_vx"": 0.0, ""move_vy"": 0.0, ""kick_power"": 1.0, ""kick_dir"": [0.9898445700429856, -0.14215371883879127]}, {""move_vx"": 0.0, ""move_vy"": -6.0, ""kick_power"": 0.0, ""kick_dir"": null}, {""move_vx"": 0.0, ""move_vy"": 0.0, ""kick_power"": 0.0, ""kick_dir"": null}, {""move_vx"": -0.0, ""move_vy"": 0.0, ""kick_power"": 0.4, ""kick_dir"": [-0.8796966435591352, -0.4755352299775272]}, {""move_vx"": -0.0, ""move_vy"": 0.0, ""kick_power"": 0.0, ""kick_dir"": null}, {""move_vx"": -4.536651803921096, ""move_vy"": 2.394930147202517, ""kick_power"": 0.0, ""kick_dir"": null}, {""move_vx"": -0.0, ""move_vy"": -5.4, ""kick_power"": 0.0, ""kick_dir"": null}, {""move_vx"": -6.599344328701486, ""move_vy"": -2.211391966892242, ""kick_power"": 0.0, ""kick_dir"": null}, {""move_vx"": -0.0, ""move_vy"": 0.0, ""kick_power"": 0.4, ""kick_dir"": [-0.6560845769066505, 0.7546872755266579]}, {""move_vx"": -7.458238720476502, ""move_vy"": 0.7903639594421273, ""kick_power"": 0.0, ""kick_dir"": null}, {""move_vx"": 6.0, ""move_vy"": 0.0, ""kick_power"": 0.0, ""kick_dir"": null}, {""move_vx"": -0.0, ""move_vy"": 0.0, ""kick_power"": 0.0, ""kick_dir"": null}, {""move_vx"": -7.190462428962115, ""move_vy"": -0.3704727489090548, ""kick_power"": 0.0, ""kick_dir"": null}, {""move_vx"": -0.0, ""move_vy"": 0.0, ""kick_power"": 0.0, ""kick_dir"": null}]"
482,187,default,default,0,5.110678952453419,47.6144899682125,0,A,,24.74846892784581,3.0189938039663566,-0.05643708748475442,"[{""move_vx"": 0.0, ""move_vy"": 5.0, ""kick_power"": 0.0, ""kick_dir"": null}, {""move_vx"": 5.37535345184955, ""move_vy"": 2.178434132051995, ""kick_power"": 0.0, ""kick_dir"": null}, {""move_vx"": 5.915687022974909, ""move_vy"": 0.5368864369736588, ""kick_power"": 0.0, ""kick_dir"": null}, {""move_vx"": 0.0, ""move_vy"": 5.4, ""kick_power"": 0.0, ""kick_dir"": null}, {""move_vx"": 0.0, ""move_vy"": 5.8, ""kick_power"": 0.0, ""kick_dir"": null}, {""move_vx"": 0.0, ""move_vy"": 0.0, ""kick_power"": 1.0, ""kick_dir"": [0.9921040460164052, 0.12541739344693176]}, {""move_vx"": 4.242640687119285, ""move_vy"": 4.242640687119285, ""kick_power"": 0.0, ""kick_dir"": null}, {""move_vx"": 7.458971780567138, ""move_vy"": -0.7834155836483616, ""kick_power"": 0.0, ""kick_dir"": null}, {""move_vx"": 0.0, ""move_vy"": 0.0, ""kick_power"": 0.9, ""kick_dir"": [0.6975029502293404, -0.7165816272944115]}, {""move_vx"": 0.0, ""move_vy"": 0.0, ""kick_power"": 0.0, ""kick_dir"": null}, {""move_vx"": 0.0, ""move_vy"": 0.0, ""kick_power"": 0.0, ""kick_dir"": null}, {""move_vx"": -0.0, ""move_vy"": 0.0, ""kick_power"": 0.4, ""kick_dir"": [-0.8814696675066148, -0.47224058007222536]}, {""move_vx"": 5.8, ""move_vy"": 0.0, ""kick_power"": 0.0, ""kick_dir"": null}, {""move_vx"": -5.0575537579906555, ""move_vy"": 1.8923926614301252, ""kick_power"": 0.0, ""kick_dir"": null}, {""move_vx"": -3.8183766184073566, ""move_vy"": 3.8183766184073566, ""kick_power"": 0.0, ""kick_dir"": null}, {""move_vx"": -5.051987178669475, ""move_vy"": -2.199437552320872, ""kick_power"": 0.0, ""kick_dir"": null}, {""move_vx"": -0.0, ""move_vy"": 0.0, ""kick_power"": 0.65, ""kick_dir"": [-0.4506436291041379, 0.8927038383606564]}, {""move_vx"": -0.0, ""move_vy"": 0.0, ""kick_power"": 0.0, ""kick_dir"": null}, {""move_vx"": -0.0, ""move_vy"": -6.0, ""kick_power"": 0.0, ""kick_dir"": null}, {""move_vx"": -5.042976232709126, ""move_vy"": 4.441485192627674, ""kick_power"": 0.0, ""kick_dir"": null}, {""move_vx"": 1.0302841790095834, ""move_vy"": -5.910881026588384, ""kick_power"": 0.0, ""kick_dir"": null}, {""move_vx"": -5.759038360723662, ""move_vy"": 0.10524808650670803, ""kick_power"": 0.0, ""kick_dir"": null}]"
482,188,default,default,0,4.945814219784689,47.797280558479024,0,A,,25.59877183457928,0.8408026844313679,-0.017356393999150923,"[{""move_vx"": 0.0, ""move_vy"": 0.0, ""kick_power"": 0.4, ""kick_dir"": [0.9777147754598918, -0.20993706136117257]}, {""move_vx"": -6.370448496929562, ""move_vy"": 2.8033882977511144, ""kick_power"": 0.0, ""kick_dir"": null}, {""move_vx"": 0.0, ""move_vy"": 0.0, ""kick_power"": 0.4, ""kick_dir"": [0.5592114437683154, 0.8290247642382423]}, {""move_vx"": 0.0, ""move_vy"": 0.0, ""kick_power"": 0.9, ""kick_dir"": [-0.9777147754598918, 0.20993706136117257]}, {""move_vx"": 0.0, ""move_vy"": 0.0, ""kick_power"": 0.0, ""kick_dir"": null}, {""move_vx"": 0.0, ""move_vy"": 0.0, ""kick_power"": 1.0, ""kick_dir"": [0.9921040460164052, 0.12541739344693176]}, {""move_vx"": 0.0, ""move_vy"": 6.0, ""kick_power"": 0.0, ""kick_dir"": null}, {""move_vx"": 4.242640687119285, ""move_vy"": 4.242640687119285, ""kick_power"": 0.0, ""kick_dir"": null}, {""move_vx"": -6.1, ""move_vy"": 0.0, ""kick_power"": 0.0, ""kick_dir"": null}, {""move_vx"": 0.0, ""move_vy"": -6.0, ""kick_power"": 0.0, ""kick_dir"": null}, {""move_vx"": 0.0, ""move_vy"": 0.0, ""kick_power"": 0.0, ""kick_dir"": null}, {""move_vx"": -0.0, ""move_vy"": 0.0, ""kick_power"": 0.4, ""kick_dir"": [-0.9715896348580748, -0.2366717467554354]}, {""move_vx"": -4.1012193308819755, ""move_vy"": 4.1012193308819755, ""kick_power"": 0.0, ""kick_dir"": null}, {""move_vx"": -4.517774218258354, ""move_vy"": 2.4303530839859717, ""kick_power"": 0.0, ""kick_dir"": null}, {""move_vx"": -0.0, ""move_vy"": -5.4, ""kick_power"": 0.0, ""kick_dir"": null}, {""move_vx"": -6.626839445751709, ""move_vy"": -2.1275805414200417, ""kick_power"": 0.0, ""kick_dir"": null}, {""move_vx"": -0.0, ""move_vy"": 0.0, ""kick_power"": 0.4, ""kick_dir"": [-0.6700864373841611, 0.7422829805792702]}, {""move_vx"": -7.458238720476502, ""move_vy"": 0.7903639594421228, ""kick_power"": 0.0, ""kick_dir"": null}, {""move_vx"": 6.0, ""move_vy"": 0.0, ""kick_power"": 0.0, ""kick_dir"": null}, {""move_vx"": -0.0, ""move_vy"": 0.0, ""kick_power"": 0.0, ""kick_dir"": null}, {""move_vx"": -7.197618895736309, ""move_vy"": 0.18515461576642586, ""kick_power"": 0.0, ""kick_dir"": null}, {""move_vx"": -0.0, ""move_vy"": 0.0, ""kick_power"": 0.0, ""kick_dir"": null}]"
482,189,default,default,0,5.591730883845982,47.64863332444011,-1,,,25.518681896509786,-0.0020831329037226346,0.03517844466266355,"[{""move_vx"": 0.0, ""move_vy"": 0.0, ""kick_power"": 0.4, ""kick_dir"": [0.9745265867948412, -0.22427147290735716]}, {""move_vx"": 0.0, ""move_vy"": 0.0, ""kick_power"": 0.0, ""kick_dir"": null}, {""move_vx"": 0.0, ""move_vy"": 0.0, ""kick_power"": 0.4, ""kick_dir"": [0.5399368267689176, 0.8417052301706491]}, {""move_vx"": -6.2114336067166, ""move_vy"": 1.846210320995856, ""kick_power"": 0.0, ""kick_dir"": null}, {""move_vx"": 0.0, ""move_vy"": 0.0, ""kick_power"": 0.0, ""kick_dir"": null}, {""move_vx"": 0.0, ""move_vy"": 0.0, ""kick_power"": 1.0, ""kick_dir"": [0.9921040460164052, 0.12541739344693176]}, {""move_vx"": 0.0, ""move_vy"": -6.0, ""kick_power"": 0.0, ""kick_dir"": null}, {""move_vx"": 4.242640687119285, ""move_vy"": 4.242640687119285, ""kick_power"": 0.0, ""kick_dir"": null}, {""move_vx"": -6.1, ""move_vy"": 0.0, ""kick_power"": 0.0, ""kick_dir"": null}, {""move_vx"": 0.0, ""move_vy"": -6.0, ""kick_power"": 0.0, ""kick_dir"": null}, {""move_vx"": 0.0, ""move_vy"": 0.0, ""kick_power"": 0.0, ""kick_dir"": null}, {""move_vx"": -0.0, ""move_vy"": 0.0, ""kick_power"": 0.4, ""kick_dir"": [-0.9726972924347849, -0.2320773839868671]}, {""move_vx"": -0.0, ""move_vy"": 0.0, ""kick_power"": 0.0, ""kick_dir"": null}, {""move_vx"": -4.512303882550006, ""move_vy"": 2.4404945547007766, ""kick_power"": 0.0, ""kick_dir"": null}, {""move_vx"": -0.0, ""move_vy"": -5.4, ""kick_power"": 0.0, ""kick_dir"": null}, {""move_vx"": -4.1012193308819755, ""move_vy"": -4.1012193308819755, ""kick_power"": 0.0, ""kick_dir"": null}, {""move_vx"": -0.0, ""move_vy"": 0.0, ""kick_power"": 0.4, ""kick_dir"": [-0.6830492728986431, 0.73037219610739]}, {""move_vx"": -7.458238720476502, ""move_vy"": 0.7903639594421188, ""kick_power"": 0.0, ""kick_dir"": null}, {""move_vx"": 6.0, ""move_vy"": 0.0, ""kick_power"": 0.0, ""kick_dir"": null}, {""move_vx"": -0.0, ""move_vy"": 0.0, ""kick_power"": 0.0, ""kick_dir"": null}, {""move_vx"": -7.19761889573631, ""move_vy"": 0.18515461576643513, ""kick_power"": 0.0, ""kick_dir"": null}, {""move_vx"": -0.0, ""move_vy"": 0.0, ""kick_power"": 0.0, ""kick_dir"": null}]"
482,190,default,default,0,6.222750632300372,47.50341437368275,-1,,,25.512497510926952,0.058591571024736305,0.04925596531805767,"[{""move_vx"": 0.0, ""move_vy"": 5.0, ""kick_power"": 0.0, ""kick_dir"": null}, {""move_vx"": 5.338993367598034, ""move_vy"": 2.2660868961150173, ""kick_power"": 0.0, ""kick_dir"": null}, {""move_vx"": 5.917884563524527, ""move_vy"": 0.5120959800644105, ""kick_power"": 0.0, ""kick_dir"": null}, {""move_vx"": 0.0, ""move_vy"": 5.4, ""kick_power"": 0.0, ""kick_dir"": null}, {""move_vx"": -7.509309385214594, ""move_vy"": -0.6796120637010734, ""kick_power"": 0.0, ""kick_dir"": null}, {""move_vx"": 0.0, ""move_vy"": 0.0, ""kick_power"": 1.0, ""kick_dir"": [0.9921040460164052, 0.12541739344693176]}, {""move_vx"": 4.242640687119285, ""move_vy"": 4.242640687119285, ""kick_power"": 0.0, ""kick_dir"": null}, {""move_vx"": 7.450754425547645, ""move_vy"": -0.8580550624419029, ""kick_power"": 0.0, ""kick_dir"": null}, {""move_vx"": 0.0, ""move_vy"": 0.0, ""kick_power"": 0.9, ""kick_dir"": [0.7691883505970736, -0.6390218457825176]}, {""move_vx"": 0.0, ""move_vy"": 0.0, ""kick_power"": 0.65, ""kick_dir"": [0.011358484887536638, 0.9999354329964188]}, {""move_vx"": 0.0, ""move_vy"": 0.0, ""kick_power"": 0.0, ""kick_dir"": null}, {""move_vx"": -0.0, ""move_vy"": 0.0, ""kick_power"": 0.4, ""kick_dir"": [-0.9705121938807307, -0.2410518947261373]}, {""move_vx"": -0.0, ""move_vy"": 0.0, ""kick_power"": 0.0, ""kick_dir"": null}, {""move_vx"": -5.049759959822015, ""move_vy"": 1.9130928749484089, ""kick_power"": 0.0, ""kick_dir"": null}, {""move_vx"": -3.8183766184073566, ""move_vy"": 3.8183766184073566, ""kick_power"": 0.0, ""kick_dir"": null}, {""move_vx"": -5.087624446743047, ""move_vy"": -2.115697872783943, ""kick_power"": 0.0, ""kick_dir"": null}, {""move_vx"": -0.0, ""move_vy"": 0.0, ""kick_power"": 0.65, ""kick_dir"": [-0.48563312989821783, 0.8741626175656698]}, {""move_vx"": -4.242640687119285, ""move_vy"": 4.242640687119285, ""kick_power"": 0.0, ""kick_dir"": null}, {""move_vx"": -0.0, ""move_vy"": -6.0, ""kick_power"": 0.0, ""kick_dir"": null}, {""move_vx"": -4.6824464881172245, ""move_vy"": 4.820072083062522, ""kick_power"": 0.0, ""kick_dir"": null}, {""move_vx"": -0.0, ""move_vy"": 0.0, ""kick_power"": 0.65, ""kick_dir"": [0.9953848661314094, -0.09596224024616637]}, {""move_vx"": -5.7579201603601655, ""move_vy"": 0.15477540798841508, ""kick_power"": 0.0, ""kick_dir"": null}]"
482,191,default,default,0,6.839217035931747,47.361544638968766,-1,,,25.505051254620383,0.05831525229571061,0.03656413618349851,"[{""move_vx"": 0.0, ""move_vy"": 5.0, ""kick_power"": 0.0, ""kick_dir"": null}, {""move_vx"": 5.344707594686447, ""move_vy"": 2.252576464251772, ""kick_power"": 0.0, ""kick_dir"": null}, {""move_vx"": 5.9178845635245265, ""move_vy"": 0.5120959800644107, ""kick_power"": 0.0, ""kick_dir"": null}, {""move_vx"": 0.0, ""move_vy"": 5.4, ""kick_power"": 0.0, ""kick_dir"": null}, {""move_vx"": -7.5035383415375705, ""move_vy"": -0.7406162009270371, ""kick_power"": 0.0, ""kick_dir"": null}, {""move_vx"": 0.0, ""move_vy"": 0.0, ""kick_power"": 1.0, ""kick_dir"": [0.9921040460164052, 0.12541739344693176]}, {""move_vx"": 0.0, ""move_vy"": 6.0, ""kick_power"": 0.0, ""kick_dir"": null}, {""move_vx"": 7.450754425547646, ""move_vy"": -0.8580550624419022, ""kick_power"": 0.0, ""kick_dir"": null}, {""move_vx"": 0.0, ""move_vy"": 0.0, ""kick_power"": 0.9, ""kick_dir"": [0.7691883505970736, -0.6390218457825176]}, {""move_vx"": 0.0, ""move_vy"": 0.0, ""kick_power"": 0.7, ""kick_dir"": [0.9400926647724109, 0.34091898220567785]}, {""move_vx"": 0.0, ""move_vy"": 0.0, ""kick_power"": 0.0, ""kick_dir"": null}, {""move_vx"": -0.0, ""move_vy"": 0.0, ""kick_power"": 0.4, ""kick_dir"": [-0.968138237368457, -0.250416228166821]}, {""move_vx"": -0.0, ""move_vy"": 0.0, ""kick_power"": 0.0, ""kick_dir"": null}, {""move_vx"": -5.048435121756738, ""move_vy"": 1.9165862415798134, ""kick_power"": 0.0, ""kick_dir"": null}, {""move_vx"": -6.070721160409144, ""move_vy"": 2.266438746703884, ""kick_power"": 0.0, ""kick_dir"": null}, {""move_vx"": -5.077634690372103, ""move_vy"": -2.139562093310167, ""kick_power"": 0.0, ""kick_dir"": null}, {""move_vx"": -0.0, ""move_vy"": 0.0, ""kick_power"": 0.65, ""kick_dir"": [-0.49320924199672633, 0.8699106091600574]}, {""move_vx"": -0.0, ""move_vy"": 0.0, ""kick_power"": 0.0, ""kick_dir"": null}, {""move_vx"": -0.0, ""move_vy"": -6.0, ""kick_power"": 0.0, ""kick_dir"": null}, {""move_vx"": -4.385120611136223, ""move_vy"": 5.092064141955429, ""kick_power"": 0.0, ""kick_dir"": null}, {""move_vx"": -4.242640687119285, ""move_vy"": -4.242640687119285, ""kick_power"": 0.0, ""kick_dir"": null}, {""move_vx"": -0.0, ""move_vy"": -6.4, ""kick_power"": 0.0, ""kick_dir"": null}]"
482,192,default,default,0,7.441465741676764,47.22294687660477,-1,,,25.497455703490477,0.05606838735232584,0.029576002313221935,"[{""move_vx"": 0.0, ""move_vy"": 5.0, ""kick_power"": 0.0, ""kick_dir"": null}, {""move_vx"": 5.349923255847002, ""move_vy"": 2.2401609666600777, ""kick_power"": 0.0, ""kick_dir"": null}, {""move_vx"": 5.917884563524527, ""move_vy"": 0.512095980064411, ""kick_power"": 0.0, ""kick_dir"": null}, {""move_vx"": 0.0, ""move_vy"": 5.4, ""kick_power"": 0.0, ""kick_dir"": null}, {""move_vx"": -7.496960506334661, ""move_vy"": -0.8044769520989032, ""kick_power"": 0.0, ""kick_dir"": null}, {""move_vx"": 0.0, ""move_vy"": 0.0, ""kick_power"": 1.0, ""kick_dir"": [0.9921040460164052, 0.12541739344693176]}, {""move_vx"": 0.0, ""move_vy"": 6.0, ""kick_power"": 0.0, ""kick_dir"": null}, {""move_vx"": 7.450754425547645, ""move_vy"": -0.8580550624419013, ""kick_power"": 0.0, ""kick_dir"": null}, {""move_vx"": 0.0, ""move_vy"": 0.0, ""kick_power"": 0.9, ""kick_dir"": [0.7691883505970736, -0.6390218457825176]}, {""move_vx"": 0.0, ""move_vy"": 0.0, ""kick_power"": 0.65, ""kick_dir"": [0.0562880971243839, 0.9984145111543684]}, {""move_vx"": 0.0, ""move_vy"": 0.0, ""kick_power"": 0.0, ""kick_dir"": null}, {""move_vx"": -0.0, ""move_vy"": 0.0, ""kick_power"": 0.4, ""kick_dir"": [-0.9655450814498513, -0.2602357186206249]}, {""move_vx"": -0.0, ""move_vy"": 0.0, ""kick_power"": 0.0, ""kick_dir"": null}, {""move_vx"": -5.047117943787537, ""move_vy"": 1.9200522028054, ""kick_power"": 0.0, ""kick_dir"": null}, {""move_vx"": -3.8183766184073566, ""move_vy"": 3.8183766184073566, ""kick_power"": 0.0, ""kick_dir"": null}, {""move_vx"": -5.06021565658955, ""move_vy"": -2.180439751244226, ""kick_power"": 0.0, ""kick_dir"": null}, {""move_vx"": 6.0, ""move_vy"": 0.0, ""kick_power"": 0.0, ""kick_dir"": null}, {""move_vx"": -0.0, ""move_vy"": 0.0, ""kick_power"": 0.0, ""kick_dir"": null}, {""move_vx"": -0.0, ""move_vy"": -6.0, ""kick_power"": 0.0, ""kick_dir"": null}, {""move_vx"": -4.034971037809698, ""move_vy"": 5.373770438345588, ""kick_power"": 0.0, ""kick_dir"": null}, {""move_vx"": -4.242640687119285, ""move_vy"": -4.242640687119285, ""kick_power"": 0.0, ""kick_dir"": null}, {""move_vx"": -0.0, ""move_vy"": -6.4, ""kick_power"": 0.0, ""kick_dir"": null}]"
482,193,default,default,0,8.029824655374243,47.08754562438539,-1,,,25.48988411741869,0.053941285634286566,0.031634196334070934,"[{""move_vx"": 0.0, ""move_vy"": 5.0, ""kick_power"": 0.0, ""kick_dir"": null}, {""move_vx"": 5.354660551657699, ""move_vy"": 2.228813670211322, ""kick_power"": 0.0, ""kick_dir"": null}, {""move_vx"": 5.917884563524527, ""move_vy"": 0.5120959800644113, ""kick_power"": 0.0, ""kick_dir"": null}, {""move_vx"": 0.0, ""move_vy"": 5.4, ""kick_power"": 0.0, ""kick_dir"": null}, {""move_vx"": -7.489470872428188, ""move_vy"": -0.87145054423631, ""kick_power"": 0.0, ""kick_dir"": null}, {""move_vx"": 0.0, ""move_vy"": 0.0, ""kick_power"": 1.0, ""kick_dir"": [0.9921040460164052, 0.12541739344693176]}, {""move_vx"": 0.0, ""move_vy"": 6.0, ""kick_power"": 0.0, ""kick_dir"": null}, {""move_vx"": 7.450754425547645, ""move_vy"": -0.8580550624419006, ""kick_power"": 0.0, ""kick_dir"": null}, {""move_vx"": 0.0, ""move_vy"": 0.0, ""kick_power"": 0.9, ""kick_dir"": [0.7691883505970736, -0.6390218457825176]}, {""move_vx"": 0.0, ""move_vy"": 0.0, ""kick_power"": 0.7, ""kick_dir"": [0.9400926647724109, 0.34091898220567785]}, {""move_vx"": 0.0, ""move_vy"": 0.0, ""kick_power"": 0.0, ""kick_dir"": null}, {""move_vx"": -0.0, ""move_vy"": 0.0, ""kick_power"": 0.4, ""kick_dir"": [-0.9626858866219643, -0.2706211685168623]}, {""move_vx"": -0.0, ""move_vy"": 0.0, ""kick_power"": 0.0, ""kick_dir"": null}, {""move_vx"": -5.045808490369178, ""move_vy"": 1.9234907534267782, ""kick_power"": 0.0, ""kick_dir"": null}, {""move_vx"": -6.069132644650595, ""move_vy"": 2.270689089601762, ""kick_power"": 0.0, ""kick_dir"": null}, {""move_vx"": -5.042346093217726, ""move_vy"": -2.2214512995363913, ""kick_power"": 0.0, ""kick_dir"": null}, {""move_vx"": -0.0, ""move_vy"": 0.0, ""kick_power"": 0.65, ""kick_dir"": [-0.5434576621261317, 0.8394364815884761]}, {""move_vx"": -0.0, ""move_vy"": 0.0, ""kick_power"": 0.0, ""kick_dir"": null}, {""move_vx"": -0.0, ""move_vy"": -6.0, ""kick_power"": 0.0, ""kick_dir"": null}, {""move_vx"": -3.6270809077589776, ""move_vy"": 5.657091486671425, ""kick_power"": 0.0, ""kick_dir"": null}, {""move_vx"": -4.242640687119285, ""move_vy"": -4.242640687119285, ""kick_power"": 0.0, ""kick_dir"": null}, {""move_vx"": -0.0, ""move_vy"": -6.4, ""kick_power"": 0.0, ""kick_dir"": null}]"
482,194,default,default,0,8.604614120299784,46.955267160506374,-1,,,25.48238307565958,0.051762285708085914,0.03043241165773976,"[{""move_vx"": 0.0, ""move_vy"": 5.0, ""kick_power"": 0.0, ""kick_dir"": null}, {""move_vx"": 5.358937667818166, ""move_vy"": 2.21851010194671, ""kick_power"": 0.0, ""kick_dir"": null}, {""move_vx"": 5.9178845635245265, ""move_vy"": 0.5120959800644115, ""kick_power"": 0.0, ""kick_dir"": null}, {""move_vx"": 0.0, ""move_vy"": 5.4, ""kick_power"": 0.0, ""kick_dir"": null}, {""move_vx"": -7.480946480346852, ""move_vy"": -0.9418278814019281, ""kick_power"": 0.0, ""kick_dir"": null}, {""move_vx"": 0.0, ""move_vy"": 0.0, ""kick_power"": 1.0, ""kick_dir"": [0.9921040460164052, 0.12541739344693176]}, {""move_vx"": 0.0, ""move_vy"": 6.0, ""kick_power"": 0.0, ""kick_dir"": null}, {""move_vx"": 7.450754425547645, ""move_vy"": -0.8580550624418997, ""kick_power"": 0.0, ""kick_dir"": null}, {""move_vx"": 0.0, ""move_vy"": 0.0, ""kick_power"": 0.9, ""kick_dir"": [0.7691883505970736, -0.6390218457825176]}, {""move_vx"": 0.0, ""move_vy"": 0.0, ""kick_power"": 0.65, ""kick_dir"": [0.10053407685209925, 0.9949335586821879]}, {""move_vx"": 0.0, ""move_vy"": 0.0, ""kick_power"": 0.0, ""kick_dir"": null}, {""move_vx"": -0.0, ""move_vy"": 0.0, ""kick_power"": 0.0, ""kick_dir"": null}, {""move_vx"": -0.0, ""move_vy"": 0.0, ""kick_power"": 0.0, ""kick_dir"": null}, {""move_vx"": -5.044506821264527, ""move_vy"": 1.9269018994789688, ""kick_power"": 0.0, ""kick_dir"": null}, {""move_vx"": -3.8183766184073566, ""move_vy"": 3.8183766184073566, ""kick_power"": 0.0, ""kick_dir"": null}, {""move_vx"": -5.024020911929062, ""move_vy"": -2.2625900814110094, ""kick_power"": 0.0, ""kick_dir"": null}, {""move_vx"": -0.0, ""move_vy"": 6.0, ""kick_power"": 0.0, ""kick_dir"": null}, {""move_vx"": -0.0, ""move_vy"": 0.0, ""kick_power"": 0.0, ""kick_dir"": null}, {""move_vx"": -0.0, ""move_vy"": 0.0, ""kick_power"": 0.0, ""kick_dir"": null}, {""move_vx"": -3.159693505944219, ""move_vy"": 5.930829364304283, ""kick_power"": 0.0, ""kick_dir"": null}, {""move_vx"": -4.242640687119285, ""move_vy"": -4.242640687119285, ""kick_power"": 0.0, ""kick_dir"": null}, {""move_vx"": -0.0, ""move_vy"": -6.4, ""kick_power"": 0.0, ""kick_dir"": null}]"
482,195,default,default,0,9.166147091582793,46.82603946342539,-1,,,25.474968744837167,0.049439343677647095,0.03014013160465259,"[{""move_vx"": 0.0, ""move_vy"": 5.0, ""kick_power"": 0.0, ""kick_dir"": null}, {""move_vx"": 5.362770914724006, ""move_vy"": 2.2092279457290624, ""kick_power"": 0.0, ""kick_dir"": null}, {""move_vx"": 5.917884563524527, ""move_vy"": 0.5120959800644118, ""kick_power"": 0.0, ""kick_dir"": null}, {""move_vx"": 0.0, ""move_vy"": 5.4, ""kick_power"": 0.0, ""kick_dir"": null}, {""move_vx"": -7.471242482817695, ""move_vy"": -1.0159408264953624, ""kick_power"": 0.0, ""kick_dir"": null}, {""move_vx"": 0.0, ""move_vy"": 0.0, ""kick_power"": 1.0, ""kick_dir"": [0.9921040460164052, 0.12541739344693176]}, {""move_vx"": 0.0, ""move_vy"": 6.0, ""kick_power"": 0.0, ""kick_dir"": null}, {""move_vx"": 7.450754425547645, ""move_vy"": -0.8580550624418989, ""kick_power"": 0.0, ""kick_dir"": null}, {""move_vx"": 0.0, ""move_vy"": 0.0, ""kick_power"": 0.9, ""kick_dir"": [0.7691883505970736, -0.6390218457825176]}, {""move_vx"": 0.0, ""move_vy"": 0.0, ""kick_power"": 0.7, ""kick_dir"": [0.9400926647724109, 0.34091898220567785]}, {""move_vx"": 0.0, ""move_vy"": 0.0, ""kick_power"": 0.0, ""kick_dir"": null}, {""move_vx"": -0.0, ""move_vy"": 0.0, ""kick_power"": 0.4, ""kick_dir"": [-0.9554981945911055, -0.29499683503355006]}, {""move_vx"": -0.0, ""move_vy"": 0.0, ""kick_power"": 0.0, ""kick_dir"": null}, {""move_vx"": -5.043212991593495, ""move_vy"": 1.930285657985002, ""kick_power"": 0.0, ""kick_dir"": null}, {""move_vx"": -6.068172815867356, ""move_vy"": 2.2732528844738007, ""kick_power"": 0.0, ""kick_dir"": null}, {""move_vx"": -5.005235038073714, ""move_vy"": -2.303849433804046, ""kick_power"": 0.0, ""kick_dir"": null}, {""move_vx"": -0.0, ""move_vy"": 0.0, ""kick_power"": 0.65, ""kick_dir"": [0.8092540702299623, 0.5874587008600924]}, {""move_vx"": -0.0, ""move_vy"": 0.0, ""kick_power"": 0.0, ""kick_dir"": null}, {""move_vx"": -0.0, ""move_vy"": 0.0, ""kick_power"": 0.0, ""kick_dir"": null}, {""move_vx"": -2.6360410125563196, ""move_vy"": 6.1813985294689635, ""kick_power"": 0.0, ""kick_dir"": null}, {""move_vx"": -4.242640687119285, ""move_vy"": -4.242640687119285, ""kick_power"": 0.0, ""kick_dir"": null}, {""move_vx"": -0.0, ""move_vy"": -6.4, ""kick_power"": 0.0, ""kick_dir"": null}]"
482,196,default,default,0,9.714729306600901,46.69979217264851,-1,,,25.467647143802065,0.050154567680735826,0.03200053613240078,"[{""move_vx"": 0.0, ""move_vy"": 5.0, ""kick_power"": 0.0, ""kick_dir"": null}, {""move_vx"": 0.0, ""move_vy"": 5.8, ""kick_power"": 0.0, ""kick_dir"": null}, {""move_vx"": 5.917884563524527, ""move_vy"": 0.512095980064412, ""kick_power"": 0.0, ""kick_dir"": null}, {""move_vx"": 0.0, ""move_vy"": 5.4, ""kick_power"": 0.0, ""kick_dir"": null}, {""move_vx"": -7.460187140207037, ""move_vy"": -1.094169928799705, ""kick_power"": 0.0, ""kick_dir"": null}, {""move_vx"": 0.0, ""move_vy"": 0.0, ""kick_power"": 1.0, ""kick_dir"": [0.9921040460164052, 0.12541739344693176]}, {""move_vx"": 0.0, ""move_vy"": 6.0, ""kick_power"": 0.0, ""kick_dir"": null}, {""move_vx"": 7.450754425547645, ""move_vy"": -0.858055062441898, ""kick_power"": 0.0, ""kick_dir"": null}, {""move_vx"": 0.0, ""move_vy"": 0.0, ""kick_power"": 0.9, ""kick_dir"": [0.7691883505970736, -0.6390218457825176]}, {""move_vx"": 0.0, ""move_vy"": 0.0, ""kick_power"": 0.7, ""kick_dir"": [0.9400926647724109, 0.34091898220567785]}, {""move_vx"": 0.0, ""move_vy"": 0.0, ""kick_power"": 0.0, ""kick_dir"": null}, {""move_vx"": -0.0, ""move_vy"": 0.0, ""kick_power"": 0.4, ""kick_dir"": [-0.9535276935901487, -0.3013052776843389]}, {""move_vx"": -0.0, ""move_vy"": 0.0, ""kick_power"": 0.0, ""kick_dir"": null}, {""move_vx"": -5.041927051884417, ""move_vy"": 1.9336420567095967, ""kick_power"": 0.0, ""kick_dir"": null}, {""move_vx"": -3.8183766184073566, ""move_vy"": 3.8183766184073566, ""kick_power"": 0.0, ""kick_dir"": null}, {""move_vx"": -4.985983404310447, ""move_vy"": -2.3452226955964757, ""kick_power"": 0.0, ""kick_dir"": null}, {""move_vx"": -0.0, ""move_vy"": 0.0, ""kick_power"": 0.65, ""kick_dir"": [0.821895174333147, 0.5696386537635393]}, {""move_vx"": -0.0, ""move_vy"": 0.0, ""kick_power"": 0.0, ""kick_dir"": null}, {""move_vx"": -0.0, ""move_vy"": 0.0, ""kick_power"": 0.0, ""kick_dir"": null}, {""move_vx"": -2.065647318094299, ""move_vy"": 6.394646288673818, ""kick_power"": 0.0, ""kick_dir"": null}, {""move_vx"": -4.242640687119285, ""move_vy"": -4.242640687119285, ""kick_power"": 0.0, ""kick_dir"": null}, {""move_vx"": -5.966102322502034, ""move_vy"": 2.3163814619867433, ""kick_power"": 0.0, ""kick_dir"": null}]"
482,197,default,default,0,10.250659451444522,46.576456550421064,-1,,,25.460420160316115,0.038799523744436265,0.037795737759314524,"[{""move_vx"": 0.0, ""move_vy"": 5.0, ""kick_power"": 0.0, ""kick_dir"": null}, {""move_vx"": 0.0, ""move_vy"": 5.8, ""kick_power"": 0.0, ""kick_dir"": null}, {""move_vx"": 5.917884563524528, ""move_vy"": 0.5120959800644124, ""kick_power"": 0.0, ""kick_dir"": null}, {""move_vx"": 0.0, ""move_vy"": 5.4, ""kick_power"": 0.0, ""kick_dir"": null}, {""move_vx"": 5.589070675624265, ""move_vy"": -1.5499319284655446, ""kick_power"": 0.0, ""kick_dir"": null}, {""move_vx"": 0.0, ""move_vy"": 0.0, ""kick_power"": 1.0, ""kick_dir"": [0.9921040460164052, 0.12541739344693176]}, {""move_vx"": 0.0, ""move_vy"": 6.0, ""kick_power"": 0.0, ""kick_dir"": null}, {""move_vx"": 7.450754425547646, ""move_vy"": -0.8580550624418972, ""kick_power"": 0.0, ""kick_dir"": null}, {""move_vx"": 0.0, ""move_vy"": 0.0, ""kick_power"": 0.9, ""kick_dir"": [0.7691883505970736, -0.6390218457825176]}, {""move_vx"": 0.0, ""move_vy"": 0.0, ""kick_power"": 0.7, ""kick_dir"": [0.9400926647724109, 0.34091898220567785]}, {""move_vx"": 0.0, ""move_vy"": 0.0, ""kick_power"": 0.0, ""kick_dir"": null}, {""move_vx"": -0.0, ""move_vy"": 0.0, ""kick_power"": 0.4, ""kick_dir"": [-0.9515545489239632, -0.3074798749038756]}, {""move_vx"": -0.0, ""move_vy"": 0.0, ""kick_power"": 0.0, ""kick_dir"": null}, {""move_vx"": -5.0406490481276744, ""move_vy"": 1.9369711339123195, ""kick_power"": 0.0, ""kick_dir"": null}, {""move_vx"": -6.068015634419283, ""move_vy"": 2.27367241713558, ""kick_power"": 0.0, ""kick_dir"": null}, {""move_vx"": -4.966260943518064, ""move_vy"": -2.3867032159208814, ""kick_power"": 0.0, ""kick_dir"": null}, {""move_vx"": -0.0, ""move_vy"": 0.0, ""kick_power"": 0.65, ""kick_dir"": [0.8087503015903179, 0.5881520392057074]}, {""move_vx"": -0.0, ""move_vy"": 0.0, ""kick_power"": 0.0, ""kick_dir"": null}, {""move_vx"": -0.0, ""move_vy"": 0.0, ""kick_power"": 0.0, ""kick_dir"": null}, {""move_vx"": -1.4642238023692382, ""move_vy"": 6.558540131506049, ""kick_power"": 0.0, ""kick_dir"": null}, {""move_vx"": -0.0, ""move_vy"": 6.0, ""kick_power"": 0.0, ""kick_dir"": null}, {""move_vx"": -5.747678044865466, ""move_vy"": 0.3765595471788076, ""kick_power"": 0.0, ""kick_dir"": null}]"
482,198,default,default,0,10.774229323542224,46.45596544430208,-1,,,25.453287766890078,0.045100489917828133,0.03535783918656535,"[{""move_vx"": 0.0, ""move_vy"": 5.0, ""kick_power"": 0.0, ""kick_dir"": null}, {""move_vx"": 0.0, ""move_vy"": 5.8, ""kick_power"": 0.0, ""kick_dir"": null}, {""move_vx"": 5.917884563524527, ""move_vy"": 0.5120959800644126, ""kick_power"": 0.0, ""kick_dir"": null}, {""move_vx"": 0.0, ""move_vy"": 5.4, ""kick_power"": 0.0, ""kick_dir"": null}, {""move_vx"": -7.4446351039665535, ""move_vy"": -1.1954112969137027, ""kick_power"": 0.0, ""kick_dir"": null}, {""move_vx"": 0.0, ""move_vy"": 0.0, ""kick_power"": 1.0, ""kick_dir"": [0.9921040460164052, 0.12541739344693176]}, {""move_vx"": 0.0, ""move_vy"": 6.0, ""kick_power"": 0.0, ""kick_dir"": null}, {""move_vx"": 7.450754425547645, ""move_vy"": -0.8580550624418962, ""kick_power"": 0.0, ""kick_dir"": null}, {""move_vx"": 0.0, ""move_vy"": 0.0, ""kick_power"": 0.9, ""kick_dir"": [0.7691883505970736, -0.6390218457825176]}, {""move_vx"": 0.0, ""move_vy"": 0.0, ""kick_power"": 0.7, ""kick_dir"": [0.9400926647724109, 0.34091898220567785]}, {""move_vx"": 0.0, ""move_vy"": 0.0, ""kick_power"": 0.0, ""kick_dir"": null}, {""move_vx"": -0.0, ""move_vy"": 0.0, ""kick_power"": 0.4, ""kick_dir"": [-0.9495223997189505, -0.3136991324760027]}, {""move_vx"": -6.886582119038286, ""move_vy"": 1.0082592512554287, ""kick_power"": 0.0, ""kick_dir"": null}, {""move_vx"": -5.039379021831393, ""move_vy"": 1.9402729381006365, ""kick_power"": 0.0, ""kick_dir"": null}, {""move_vx"": -3.8183766184073566, ""move_vy"": 3.8183766184073566, ""kick_power"": 0.0, ""kick_dir"": null}, {""move_vx"": -4.946062580953456, ""move_vy"": -2.4282843625267683, ""kick_power"": 0.0, ""kick_dir"": null}, {""move_vx"": -4.242640687119285, ""move_vy"": 4.242640687119285, ""kick_power"": 0.0, ""kick_dir"": null}, {""move_vx"": -0.0, ""move_vy"": 0.0, ""kick_power"": 0.0, ""kick_dir"": null}, {""move_vx"": -0.0, ""move_vy"": 0.0, ""kick_power"": 0.0, ""kick_dir"": null}, {""move_vx"": -0.8516680152143434, ""move_vy"": 6.665812898053835, ""kick_power"": 0.0, ""kick_dir"": null}, {""move_vx"": -4.242640687119285, ""move_vy"": -4.242640687119285, ""kick_power"": 0.0, ""kick_dir"": null}, {""move_vx"": -5.748088090903512, ""move_vy"": 0.37024761878130535, ""kick_power"": 0.0, ""kick_dir"": null}]"
482,199,default,default,0,11.285723990535422,46.338253250601845,-1,,,25.44624896703536,0.034404916344190684,0.02206725703767861,"[{""move_vx"": 0.0, ""move_vy"": 5.0, ""kick_power"": 0.0, ""kick_dir"": null}, {""move_vx"": 0.0, ""move_vy"": 5.8, ""kick_power"": 0.0, ""kick_dir"": null}, {""move_vx"": 5.918393003991601, ""move_vy"": 0.5061859839064056, ""kick_power"": 0.0, ""kick_dir"": null}, {""move_vx"": 0.0, ""move_vy"": 5.4, ""kick_power"": 0.0, ""kick_dir"": null}, {""move_vx"": 0.0, ""move_vy"": 0.0, ""kick_power"": 0.0, ""kick_dir"": null}, {""move_vx"": 0.0, ""move_vy"": 0.0, ""kick_power"": 1.0, ""kick_dir"": [0.9921040460164052, 0.12541739344693176]}, {""move_vx"": 0.0, ""move_vy"": 6.0, ""kick_power"": 0.0, ""kick_dir"": null}, {""move_vx"": 7.450754425547646, ""move_vy"": -0.8580550624418956, ""kick_power"": 0.0, ""kick_dir"": null}, {""move_vx"": 0.0, ""move_vy"": 0.0, ""kick_power"": 0.9, ""kick_dir"": [0.7691883505970736, -0.6390218457825176]}, {""move_vx"": 0.0, ""move_vy"": 0.0, ""kick_power"": 0.7, ""kick_dir"": [0.9400926647724109, 0.34091898220567785]}, {""move_vx"": 0.0, ""move_vy"": 0.0, ""kick_power"": 0.0, ""kick_dir"": null}, {""move_vx"": -0.0, ""move_vy"": 0.0, ""kick_power"": 0.4, ""kick_dir"": [-0.9498372506826626, -0.31274451491700617]}, {""move_vx"": -0.0, ""move_vy"": 0.0, ""kick_power"": 0.0, ""kick_dir"": null}, {""move_vx"": -5.038117010079029, ""move_vy"": 1.9435475277832408, ""kick_power"": 0.0, ""kick_dir"": null}, {""move_vx"": -3.8183766184073566, ""move_vy"": 3.8183766184073566, ""kick_power"": 0.0, ""kick_dir"": null}, {""move_vx"": -4.925383225620419, ""move_vy"": -2.4699595301901196, ""kick_power"": 0.0, ""kick_dir"": null}, {""move_vx"": -0.0, ""move_vy"": 0.0, ""kick_power"": 0.65, ""kick_dir"": [0.8017517298125626, 0.5976571180032334]}, {""move_vx"": -0.0, ""move_vy"": 0.0, ""kick_power"": 0.0, ""kick_dir"": null}, {""move_vx"": -0.0, ""move_vy"": 0.0, ""kick_power"": 0.0, ""kick_dir"": null}, {""move_vx"": -0.2486381309842382, ""move_vy"": 6.715398653826939, ""kick_power"": 0.0, ""kick_dir"": null}, {""move_vx"": -4.242640687119285, ""move_vy"": -4.242640687119285, ""kick_power"": 0.0, ""kick_dir"": null}, {""move_vx"": -5.748491101611565, ""move_vy"": 0.3639368828418796, ""kick_power"": 0.0, ""kick_dir"": null}]"
482,200,default,default,0,11.785421945488913,46.22325587866272,-1,,,25.439302245523397,0.033716386401105955,0.02149501648451782,"[{""move_vx"": 0.0, ""move_vy"": 5.0, ""kick_power"": 0.0, ""kick_dir"": null}, {""move_vx"": 0.0, ""move_vy"": 5.8, ""kick_power"": 0.0, ""kick_dir"": null}, {""move_vx"": 5.919114265905358, ""move_vy"": 0.4976809290656855, ""kick_power"": 0.0, ""kick_dir"": null}, {""move_vx"": 0.0, ""move_vy"": 5.4, ""kick_power"": 0.0, ""kick_dir"": null}, {""move_vx"": -7.405239672248739, ""move_vy"": -1.4191636257152977, ""kick_power"": 0.0, ""kick_dir"": null}, {""move_vx"": 0.0, ""move_vy"": 0.0, ""kick_power"": 1.0, ""kick_dir"": [0.9921040460164052, 0.12541739344693176]}, {""move_vx"": 5.7588219633844355, ""move_vy"": -1.6840337271091186, ""kick_power"": 0.0, ""kick_dir"": null}, {""move_vx"": 7.450754425547646, ""move_vy"": -0.8580550624418944, ""kick_power"": 0.0, ""kick_dir"": null}, {""move_vx"": 0.0, ""move_vy"": 0.0, ""kick_power"": 0.9, ""kick_dir"": [0.7691883505970736, -0.6390218457825176]}, {""move_vx"": 0.0, ""move_vy"": 0.0, ""kick_power"": 0.7, ""kick_dir"": [0.9400926647724109, 0.34091898220567785]}, {""move_vx"": 0.0, ""move_vy"": 0.0, ""kick_power"": 0.0, ""kick_dir"": null}, {""move_vx"": -0.0, ""move_vy"": 0.0, ""kick_power"": 0.4, ""kick_dir"": [-0.9462140114088169, -0.3235413090738612]}, {""move_vx"": -0.0, ""move_vy"": 0.0, ""kick_power"": 0.0, ""kick_dir"": null}, {""move_vx"": -5.036863045588678, ""move_vy"": 1.9467949712240245, ""kick_power"": 0.0, ""kick_dir"": null}, {""move_vx"": -3.8183766184073566, ""move_vy"": 3.8183766184073566, ""kick_power"": 0.0, ""kick_dir"": null}, {""move_vx"": -5.8, ""move_vy"": 0.0, ""kick_power"": 0.0, ""kick_dir"": null}, {""move_vx"": -0.0, ""move_vy"": 0.0, ""kick_power"": 0.65, ""kick_dir"": [0.7870676901362159, 0.6168665297415135]}, {""move_vx"": -0.0, ""move_vy"": 0.0, ""kick_power"": 0.0, ""kick_dir"": null}, {""move_vx"": -0.0, ""move_vy"": 0.0, ""kick_power"": 0.0, ""kick_dir"": null}, {""move_vx"": 0.3269666497765786, ""move_vy"": 6.7120408826178855, ""kick_power"": 0.0, ""kick_dir"": null}, {""move_vx"": -4.242640687119285, ""move_vy"": -4.242640687119285, ""kick_power"": 0.0, ""kick_dir"": null}, {""move_vx"": -5.748887107040471, ""move_vy"": 0.3576269432018066, ""kick_power"": 0.0, ""kick_dir"": null}]"
482,201,default,default,0,12.273595258521759,46.11091071596375,-1,,,25.432445801039897,0.03091493258006164,0.02690747701831067,"[{""move_vx"": 0.0, ""move_vy"": 5.0, ""kick_power"": 0.0, ""kick_dir"": null}, {""move_vx"": 0.0, ""move_vy"": 5.8, ""kick_power"": 0.0, ""kick_dir"": null}, {""move_vx"": 5.919670615603028, ""move_vy"": 0.49101914704630534, ""kick_power"": 0.0, ""kick_dir"": null}, {""move_vx"": 0.0, ""move_vy"": 5.4, ""kick_power"": 0.0, ""kick_dir"": null}, {""move_vx"": -7.386363538225698, ""move_vy"": -1.514342656458555, ""kick_power"": 0.0, ""kick_dir"": null}, {""move_vx"": 0.0, ""move_vy"": 0.0, ""kick_power"": 1.0, ""kick_dir"": [0.9921040460164052, 0.12541739344693176]}, {""move_vx"": 5.758821963384436, ""move_vy"": -1.6840337271091192, ""kick_power"": 0.0, ""kick_dir"": null}, {""move_vx"": 7.450754425547647, ""move_vy"": -0.8580550624418937, ""kick_power"": 0.0, ""kick_dir"": null}, {""move_vx"": 0.0, ""move_vy"": 0.0, ""kick_power"": 0.9, ""kick_dir"": [0.7691883505970736, -0.6390218457825176]}, {""move_vx"": 0.0, ""move_vy"": 0.0, ""kick_power"": 0.7, ""kick_dir"": [0.9400926647724109, 0.34091898220567785]}, {""move_vx"": 0.0, ""move_vy"": 0.0, ""kick_power"": 0.0, ""kick_dir"": null}, {""move_vx"": -0.0, ""move_vy"": 0.0, ""kick_power"": 0.4, ""kick_dir"": [-0.9415643176629349, -0.33683314825172833]}, {""move_vx"": -0.0, ""move_vy"": 0.0, ""kick_power"": 0.0, ""kick_dir"": null}, {""move_vx"": -5.035617156773923, ""move_vy"": 1.9500153461970802, ""kick_power"": 0.0, ""kick_dir"": null}, {""move_vx"": -3.8183766184073566, ""move_vy"": 3.8183766184073566, ""kick_power"": 0.0, ""kick_dir"": null}, {""move_vx"": -3.773274140462647, ""move_vy"": -4.404815803290288, ""kick_power"": 0.0, ""kick_dir"": null}, {""move_vx"": -0.0, ""move_vy"": 0.0, ""kick_power"": 0.65, ""kick_dir"": [0.7727833848579722, 0.6346697581935188]}, {""move_vx"": -0.0, ""move_vy"": 0.0, ""kick_power"": 0.0, ""kick_dir"": null}, {""move_vx"": -0.0, ""move_vy"": 0.0, ""kick_power"": 0.0, ""kick_dir"": null}, {""move_vx"": 0.8622984567278417, ""move_vy"": 6.664446066367767, ""kick_power"": 0.0, ""kick_dir"": null}, {""move_vx"": -0.0, ""move_vy"": 0.0, ""kick_power"": 0.7, ""kick_dir"": [-0.5888860546483975, 0.8082156254861106]}, {""move_vx"": -5.749276137749909, ""move_vy"": 0.3513173663505604, ""kick_power"": 0.0, ""kick_dir"": null}]"
482,202,default,default,0,12.750509724941068,46.00115659403008,-1,,,25.425677674413027,0.03256471074562088,0.022154382198169724,"[{""move_vx"": 0.0, ""move_vy"": 5.0, ""kick_power"": 0.0, ""kick_dir"": null}, {""move_vx"": 0.0, ""move_vy"": 5.8, ""kick_power"": 0.0, ""kick_dir"": null}, {""move_vx"": 5.919983374822486, ""move_vy"": 0.487233867691252, ""kick_power"": 0.0, ""kick_dir"": null}, {""move_vx"": 0.0, ""move_vy"": 5.4, ""kick_power"": 0.0, ""kick_dir"": null}, {""move_vx"": -7.364833397024484, ""move_vy"": -1.6158060013729336, ""kick_power"": 0.0, ""kick_dir"": null}, {""move_vx"": 0.0, ""move_vy"": 0.0, ""kick_power"": 1.0, ""kick_dir"": [0.9921040460164052, 0.12541739344693176]}, {""move_vx"": 0.0, ""move_vy"": 0.0, ""kick_power"": 0.6, ""kick_dir"": [0.9995223537256378, 0.030903561165461873]}, {""move_vx"": 7.450754425547646, ""move_vy"": -0.8580550624418927, ""kick_power"": 0.0, ""kick_dir"": null}, {""move_vx"": 0.0, ""move_vy"": 0.0, ""kick_power"": 0.9, ""kick_dir"": [0.7691883505970736, -0.6390218457825176]}, {""move_vx"": 0.0, ""move_vy"": 0.0, ""kick_power"": 0.7, ""kick_dir"": [0.9400926647724109, 0.34091898220567785]}, {""move_vx"": 0.0, ""move_vy"": 0.0, ""kick_power"": 0.0, ""kick_dir"": null}, {""move_vx"": -0.0, ""move_vy"": 0.0, ""kick_power"": 0.4, ""kick_dir"": [-0.9396346959207207, -0.3421791526734725]}, {""move_vx"": -0.0, ""move_vy"": 0.0, ""kick_power"": 0.0, ""kick_dir"": null}, {""move_vx"": -5.034379367806062, ""move_vy"": 1.9532087397430502, ""kick_power"": 0.0, ""kick_dir"": null}, {""move_vx"": -3.8183766184073566, ""move_vy"": 3.8183766184073566, ""kick_power"": 0.0, ""kick_dir"": null}, {""move_vx"": -4.858205123974098, ""move_vy"": -2.599604387862086, ""kick_power"": 0.0, ""kick_dir"": null}, {""move_vx"": -0.0, ""move_vy"": 0.0, ""kick_power"": 0.65, ""kick_dir"": [0.7592673707205504, 0.6507787020969914]}, {""move_vx"": -0.0, ""move_vy"": 0.0, ""kick_power"": 0.0, ""kick_dir"": null}, {""move_vx"": -0.0, ""move_vy"": 0.0, ""kick_power"": 0.0, ""kick_dir"": null}, {""move_vx"": 1.3501308814182131, ""move_vy"": 6.582973993799526, ""kick_power"": 0.0, ""kick_dir"": null}, {""move_vx"": -4.242640687119285, ""move_vy"": -4.242640687119285, ""kick_power"": 0.0, ""kick_dir"": null}, {""move_vx"": -5.749658224676383, ""move_vy"": 0.34500768022063494, ""kick_power"": 0.0, ""kick_dir"": null}]"
482,203,default,default,0,13.216425009959345,45.89393375512861,-1,,,25.418995823012455,0.03254198491309944,0.02191727265681104,"[{""move_vx"": 0.0, ""move_vy"": 5.0, ""kick_power"": 0.0, ""kick_dir"": null}, {""move_vx"": 0.0, ""move_vy"": 5.8, ""kick_power"": 0.0, ""kick_dir"": null}, {""move_vx"": 0.0, ""move_vy"": 0.0, ""kick_power"": 0.4, ""kick_dir"": [-0.20936217831332152, 0.9778377416646489]}, {""move_vx"": 0.0, ""move_vy"": 5.4, ""kick_power"": 0.0, ""kick_dir"": null}, {""move_vx"": -7.340176836023877, ""move_vy"": -1.7243561163224093, ""kick_power"": 0.0, ""kick_dir"": null}, {""move_vx"": 0.0, ""move_vy"": 0.0, ""kick_power"": 1.0, ""kick_dir"": [0.9921040460164052, 0.12541739344693176]}, {""move_vx"": 5.758821963384436, ""move_vy"": -1.6840337271091192, ""kick_power"": 0.0, ""kick_dir"": null}, {""move_vx"": 7.450754425547646, ""move_vy"": -0.8580550624418917, ""kick_power"": 0.0, ""kick_dir"": null}, {""move_vx"": 0.0, ""move_vy"": 0.0, ""kick_power"": 0.9, ""kick_dir"": [0.7691883505970736, -0.6390218457825176]}, {""move_vx"": 0.0, ""move_vy"": 0.0, ""kick_power"": 0.7, ""kick_dir"": [0.9400926647724109, 0.34091898220567785]}, {""move_vx"": 0.0, ""move_vy"": 0.0, ""kick_power"": 0.0, ""kick_dir"": null}, {""move_vx"": -0.0, ""move_vy"": 0.0, ""kick_power"": 0.4, ""kick_dir"": [-0.9376867858359914, -0.3474815480019657]}, {""move_vx"": -0.0, ""move_vy"": 0.0, ""kick_power"": 0.0, ""kick_dir"": null}, {""move_vx"": -5.033149698677541, ""move_vy"": 1.9563752479271919, ""kick_power"": 0.0, ""kick_dir"": null}, {""move_vx"": -3.8183766184073566, ""move_vy"": 3.8183766184073566, ""kick_power"": 0.0, ""kick_dir"": null}, {""move_vx"": -4.835513052921438, ""move_vy"": -2.641574060106284, ""kick_power"": 0.0, ""kick_dir"": null}, {""move_vx"": -4.242640687119285, ""move_vy"": -4.242640687119285, ""kick_power"": 0.0, ""kick_dir"": null}, {""move_vx"": -0.0, ""move_vy"": 0.0, ""kick_power"": 0.0, ""kick_dir"": null}, {""move_vx"": -0.0, ""move_vy"": 0.0, ""kick_power"": 0.0, ""kick_dir"": null}, {""move_vx"": 1.7880905942413645, ""move_vy"": 6.477741275073092, ""kick_power"": 0.0, ""kick_dir"": null}, {""move_vx"": -4.242640687119285, ""move_vy"": -4.242640687119285, ""kick_power"": 0.0, ""kick_dir"": null}, {""move_vx"": -5.750033398998137, ""move_vy"": 0.3386973728949506, ""kick_power"": 0.0, ""kick_dir"": null}]"
482,204,default,default,0,13.671594790074181,45.78918381973176,-1,,,25.41239816573058,0.03879578401234552,0.02839366172556639,"[{""move_vx"": 0.0, ""move_vy"": 5.0, ""kick_power"": 0.0, ""kick_dir"": null}, {""move_vx"": 0.0, ""move_vy"": 5.8, ""kick_power"": 0.0, ""kick_dir"": null}, {""move_vx"": 0.0, ""move_vy"": 0.0, ""kick_power"": 0.4, ""kick_dir"": [-0.10534996615056039, 0.9944347747014647]}, {""move_vx"": 0.5228885813317566, ""move_vy"": -6.458868904964155, ""kick_power"": 0.0, ""kick_dir"": null}, {""move_vx"": -7.311805928450901, ""move_vy"": -1.8409492292483942, ""kick_power"": 0.0, ""kick_dir"": null}, {""move_vx"": 0.0, ""move_vy"": 0.0, ""kick_power"": 1.0, ""kick_dir"": [0.9921040460164052, 0.12541739344693176]}, {""move_vx"": 5.758821963384435, ""move_vy"": -1.6840337271091192, ""kick_power"": 0.0, ""kick_dir"": null}, {""move_vx"": 7.450754425547647, ""move_vy"": -0.8580550624418907, ""kick_power"": 0.0, ""kick_dir"": null}, {""move_vx"": 0.0, ""move_vy"": 0.0, ""kick_power"": 0.9, ""kick_dir"": [0.7691883505970736, -0.6390218457825176]}, {""move_vx"": 0.0, ""move_vy"": 0.0, ""kick_power"": 0.7, ""kick_dir"": [0.9400926647724109, 0.34091898220567785]}, {""move_vx"": 0.0, ""move_vy"": 0.0, ""kick_power"": 0.0, ""kick_dir"": null}, {""move_vx"": -0.0, ""move_vy"": 0.0, ""kick_power"": 0.4, ""kick_dir"": [-0.9357215959205636, -0.35273932257387336]}, {""move_vx"": -0.0, ""move_vy"": 5.8, ""kick_power"": 0.0, ""kick_dir"": null}, {""move_vx"": -5.031928165266417, ""move_vy"": 1.959514975599462, ""kick_power"": 0.0, ""kick_dir"": null}, {""move_vx"": -6.155803910879883, ""move_vy"": 2.023975842443763, ""kick_power"": 0.0, ""kick_dir"": null}, {""move_vx"": -4.812314787939554, ""move_vy"": -2.683603245969545, ""kick_power"": 0.0, ""kick_dir"": null}, {""move_vx"": 4.242640687119285, ""move_vy"": 4.242640687119285, ""kick_power"": 0.0, ""kick_dir"": null}, {""move_vx"": -0.0, ""move_vy"": 0.0, ""kick_power"": 0.0, ""kick_dir"": null}, {""move_vx"": -0.0, ""move_vy"": 0.0, ""kick_power"": 0.0, ""kick_dir"": null}, {""move_vx"": 2.1772869220571076, ""move_vy"": 6.357501211878697, ""kick_power"": 0.0, ""kick_dir"": null}, {""move_vx"": -0.0, ""move_vy"": 6.0, ""kick_power"": 0.0, ""kick_dir"": null}, {""move_vx"": -5.750401691996717, ""move_vy"": 0.33238589121877576, ""kick_power"": 0.0, ""kick_dir"": null}]"
482,205,default,default,0,14.116266891187289,45.686849754731604,-1,,,25.405882611085243,0.03155837185416946,0.019065756594126994,"[{""move_vx"": 0.0, ""move_vy"": 5.0, ""kick_power"": 0.0, ""kick_dir"": null}, {""move_vx"": 0.0, ""move_vy"": 5.8, ""kick_power"": 0.0, ""kick_dir"": null}, {""move_vx"": 3.8183766184073566, ""move_vy"": -3.8183766184073566, ""kick_power"": 0.0, ""kick_dir"": null}, {""move_vx"": 1.1823203495358543, ""move_vy"": -6.371225831115502, ""kick_power"": 0.0, ""kick_dir"": null}, {""move_vx"": -7.278980204544396, ""move_vy"": -1.9667351580349683, ""kick_power"": 0.0, ""kick_dir"": null}, {""move_vx"": 0.0, ""move_vy"": 0.0, ""kick_power"": 1.0, ""kick_dir"": [0.9921040460164052, 0.12541739344693176]}, {""move_vx"": 5.7588219633844355, ""move_vy"": -1.68403372710912, ""kick_power"": 0.0, ""kick_dir"": null}, {""move_vx"": 7.450754425547646, ""move_vy"": -0.8580550624418898, ""kick_power"": 0.0, ""kick_dir"": null}, {""move_vx"": 0.0, ""move_vy"": 0.0, ""kick_power"": 0.9, ""kick_dir"": [0.7691883505970736, -0.6390218457825176]}, {""move_vx"": 0.0, ""move_vy"": 0.0, ""kick_power"": 0.7, ""kick_dir"": [0.9400926647724109, 0.34091898220567785]}, {""move_vx"": 0.0, ""move_vy"": 0.0, ""kick_power"": 0.0, ""kick_dir"": null}, {""move_vx"": -0.0, ""move_vy"": 0.0, ""kick_power"": 0.4, ""kick_dir"": [-0.9378922598538688, -0.3469265680184171]}, {""move_vx"": -0.0, ""move_vy"": 0.0, ""kick_power"": 0.0, ""kick_dir"": null}, {""move_vx"": -5.030714779401703, ""move_vy"": 1.962628036156948, ""kick_power"": 0.0, ""kick_dir"": null}, {""move_vx"": -6.1465504053991395, ""move_vy"": 2.051905971015166, ""kick_power"": 0.0, ""kick_dir"": null}, {""move_vx"": -4.7886049924042755, ""move_vy"": -2.725685643415405, ""kick_power"": 0.0, ""kick_dir"": null}, {""move_vx"": -0.0, ""move_vy"": 0.0, ""kick_power"": 0.4, ""kick_dir"": [-0.9813812012275775, 0.19206999905906186]}, {""move_vx"": -0.0, ""move_vy"": 0.0, ""kick_power"": 0.0, ""kick_dir"": null}, {""move_vx"": -0.0, ""move_vy"": 0.0, ""kick_power"": 0.0, ""kick_dir"": null}, {""move_vx"": 2.5209381038472554, ""move_vy"": 6.229227165272673, ""kick_power"": 0.0, ""kick_dir"": null}, {""move_vx"": -4.242640687119285, ""move_vy"": -4.242640687119285, ""kick_power"": 0.0, ""kick_dir"": null}, {""move_vx"": -5.750763134914805, ""move_vy"": 0.3260726393073415, ""kick_power"": 0.0, ""kick_dir"": null}]"
482,206,default,default,0,14.550683423538048,45.5868758423871,-1,,,25.399447075232203,0.03567158420348083,0.014866503740875432,"[{""move_vx"": 0.0, ""move_vy"": 5.0, ""kick_power"": 0.0, ""kick_dir"": null}, {""move_vx"": 0.0, ""move_vy"": 5.8, ""kick_power"": 0.0, ""kick_dir"": null}, {""move_vx"": 0.0, ""move_vy"": 0.0, ""kick_power"": 0.4, ""kick_dir"": [-0.09336615357979283, 0.9956314311182215]}, {""move_vx"": 1.8243868059827546, ""move_vy"": -6.217878479204628, ""kick_power"": 0.0, ""kick_dir"": null}, {""move_vx"": -7.2407545834211975, ""move_vy"": -2.103110330597261, ""kick_power"": 0.0, ""kick_dir"": null}, {""move_vx"": 0.0, ""move_vy"": 0.0, ""kick_power"": 1.0, ""kick_dir"": [0.9921040460164052, 0.12541739344693176]}, {""move_vx"": 5.7588219633844355, ""move_vy"": -1.6840337271091204, ""kick_power"": 0.0, ""kick_dir"": null}, {""move_vx"": 7.450754425547647, ""move_vy"": -0.8580550624418889, ""kick_power"": 0.0, ""kick_dir"": null}, {""move_vx"": 0.0, ""move_vy"": 0.0, ""kick_power"": 0.9, ""kick_dir"": [0.7691883505970736, -0.6390218457825176]}, {""move_vx"": 0.0, ""move_vy"": 0.0, ""kick_power"": 0.7, ""kick_dir"": [0.9400926647724109, 0.34091898220567785]}, {""move_vx"": 0.0, ""move_vy"": 0.0, ""kick_power"": 0.0, ""kick_dir"": null}, {""move_vx"": -0.0, ""move_vy"": 0.0, ""kick_power"": 0.4, ""kick_dir"": [-0.9327118750272874, -0.360622369422599]}, {""move_vx"": -0.0, ""move_vy"": 0.0, ""kick_power"": 0.0, ""kick_dir"": null}, {""move_vx"": -5.029509548929428, ""move_vy"": 1.9657145513089407, ""kick_power"": 0.0, ""kick_dir"": null}, {""move_vx"": -6.135921958783151, ""move_vy"": 2.0834734737266847, ""kick_power"": 0.0, ""kick_dir"": null}, {""move_vx"": -0.0, ""move_vy"": 0.0, ""kick_power"": 0.4, ""kick_dir"": [-0.8889927732102143, -0.4579211753988502]}, {""move_vx"": -0.0, ""move_vy"": 0.0, ""kick_power"": 0.65, ""kick_dir"": [0.7012205083593368, 0.7129443506348869]}, {""move_vx"": -0.0, ""move_vy"": 0.0, ""kick_power"": 0.0, ""kick_dir"": null}, {""move_vx"": -0.0, ""move_vy"": 0.0, ""kick_power"": 0.0, ""kick_dir"": null}, {""move_vx"": 2.8232904512278014, ""move_vy"": 6.098149803670449, ""kick_power"": 0.0, ""kick_dir"": null}, {""move_vx"": -4.242640687119285, ""move_vy"": -4.242640687119285, ""kick_power"": 0.0, ""kick_dir"": null}, {""move_vx"": -8.309178136665286, ""move_vy"": -0.42421538534524633, ""kick_power"": 0.0, ""kick_dir"": null}]"
482,207,default,default,0,14.975080913525073,45.48920764998753,-1,,,25.393089493729917,0.030929725202904813,0.02028892533073763,"[{""move_vx"": 0.0, ""move_vy"": 5.0, ""kick_power"": 0.0, ""kick_dir"": null}, {""move_vx"": 5.511155234471743, ""move_vy"": 1.807530907496386, ""kick_power"": 0.0, ""kick_dir"": null}, {""move_vx"": 0.0, ""move_vy"": 0.0, ""kick_power"": 0.4, ""kick_dir"": [0.01313237857259867, 0.9999133477082536]}, {""move_vx"": 2.43203862774521, ""move_vy"": -6.006295706436306, ""kick_power"": 0.0, ""kick_dir"": null}, {""move_vx"": -7.195904701150945, ""move_vy"": -2.2517894066616733, ""kick_power"": 0.0, ""kick_dir"": null}, {""move_vx"": 0.0, ""move_vy"": 0.0, ""kick_power"": 1.0, ""kick_dir"": [0.9921040460164052, 0.12541739344693176]}, {""move_vx"": 5.7588219633844355, ""move_vy"": -1.6840337271091204, ""kick_power"": 0.0, ""kick_dir"": null}, {""move_vx"": 7.450754425547647, ""move_vy"": -0.8580550624418877, ""kick_power"": 0.0, ""kick_dir"": null}, {""move_vx"": 0.0, ""move_vy"": 0.0, ""kick_power"": 0.9, ""kick_dir"": [0.7691883505970736, -0.6390218457825176]}, {""move_vx"": 0.0, ""move_vy"": 0.0, ""kick_power"": 0.7, ""kick_dir"": [0.9400926647724109, 0.34091898220567785]}, {""move_vx"": 0.0, ""move_vy"": 0.0, ""kick_power"": 0.0, ""kick_dir"": null}, {""move_vx"": -0.0, ""move_vy"": 0.0, ""kick_power"": 0.4, ""kick_dir"": [-0.9306094770199945, -0.3660135743512455]}, {""move_vx"": -0.0, ""move_vy"": 0.0, ""kick_power"": 0.9, ""kick_dir"": [-0.9389093105744682, -0.34416457240354176]}, {""move_vx"": -5.0283124777792425, ""move_vy"": 1.9687746508449315, ""kick_power"": 0.0, ""kick_dir"": null}, {""move_vx"": -6.123530684688671, ""move_vy"": 2.1196159920316484, ""kick_power"": 0.0, ""kick_dir"": null}, {""move_vx"": -4.754856627223577, ""move_vy"": -2.7841405234915904, ""kick_power"": 0.0, ""kick_dir"": null}, {""move_vx"": -6.0, ""move_vy"": 0.0, ""kick_power"": 0.0, ""kick_dir"": null}, {""move_vx"": -0.0, ""move_vy"": 0.0, ""kick_power"": 0.0, ""kick_dir"": null}, {""move_vx"": -0.0, ""move_vy"": 0.0, ""kick_power"": 0.0, ""kick_dir"": null}, {""move_vx"": -0.0, ""move_vy"": 0.0, ""kick_power"": 0.7, ""kick_dir"": [-0.9741735541971738, -0.22580017910030872]}, {""move_vx"": -4.242640687119285, ""move_vy"": -4.242640687119285, ""kick_power"": 0.0, ""kick_dir"": null}, {""move_vx"": -4.525483399593904, ""move_vy"": 4.525483399593904, ""kick_power"": 0.0, ""kick_dir"": null}]"
482,208,default,default,0,15.389690432487527,45.39379200021553,-1,,,25.386807829317178,0.032832827253042936,0.021098877750803498,"[{""move_vx"": 0.0, ""move_vy"": 5.0, ""kick_power"": 0.0, ""kick_dir"": null}, {""move_vx"": 0.0, ""move_vy"": 5.8, ""kick_power"": 0.0, ""kick_dir"": null}, {""move_vx"": 0.0, ""move_vy"": 0.0, ""kick_power"": 0.4, ""kick_dir"": [0.2722144791608699, 0.9622361725166948]}, {""move_vx"": 2.9917439195044166, ""move_vy"": -5.7480316909450275, ""kick_power"": 0.0, ""kick_dir"": null}, {""move_vx"": -7.142817433003018, ""move_vy"": -2.4149035423362517, ""kick_power"": 0.0, ""kick_dir"": null}, {""move_vx"": 0.0, ""move_vy"": 0.0, ""kick_power"": 1.0, ""kick_dir"": [0.9921040460164052, 0.12541739344693176]}, {""move_vx"": 5.7588219633844355, ""move_vy"": -1.6840337271091208, ""kick_power"": 0.0, ""kick_dir"": null}, {""move_vx"": 7.450754425547648, ""move_vy"": -0.8580550624418868, ""kick_power"": 0.0, ""kick_dir"": null}, {""move_vx"": 0.0, ""move_vy"": 0.0, ""kick_power"": 0.9, ""kick_dir"": [0.7691883505970736, -0.6390218457825176]}, {""move_vx"": 0.0, ""move_vy"": 0.0, ""kick_power"": 0.7, ""kick_dir"": [0.9400926647724109, 0.34091898220567785]}, {""move_vx"": 0.0, ""move_vy"": 0.0, ""kick_power"": 0.0, ""kick_dir"": null}, {""move_vx"": -0.0, ""move_vy"": 0.0, ""kick_power"": 0.4, ""kick_dir"": [-0.9253931513149134, -0.3790085109042197]}, {""move_vx"": -0.0, ""move_vy"": 0.0, ""kick_power"": 0.9, ""kick_dir"": [-0.9413854289930249, -0.3373328034367777]}, {""move_vx"": -5.02712356603143, ""move_vy"": 1.9718084724058365, ""kick_power"": 0.0, ""kick_dir"": null}, {""move_vx"": -6.108816843161066, ""move_vy"": 2.161656026455565, ""kick_power"": 0.0, ""kick_dir"": null}, {""move_vx"": -4.730393869070712, ""move_vy"": -2.8255041750912735, ""kick_power"": 0.0, ""kick_dir"": null}, {""move_vx"": -6.0, ""move_vy"": 0.0, ""kick_power"": 0.0, ""kick_dir"": null}, {""move_vx"": -0.0, ""move_vy"": 0.0, ""kick_power"": 0.0, ""kick_dir"": null}, {""move_vx"": -0.0, ""move_vy"": 0.0, ""kick_power"": 0.0, ""kick_dir"": null}, {""move_vx"": -0.0, ""move_vy"": 0.0, ""kick_power"": 0.7, ""kick_dir"": [-0.9741735541971738, -0.22580017910030872]}, {""move_vx"": -4.242640687119285, ""move_vy"": -4.242640687119285, ""kick_power"": 0.0, ""kick_dir"": null}, {""move_vx"": -5.892205938055362, ""move_vy"": 2.4983813126792986, ""kick_power"": 0.0, ""kick_dir"": null}]"
482,209,default,default,0,15.794737722516347,45.30057694219369,-1,,,25.38060007707865,0.03678664961005239,0.022115617911971704,"[{""move_vx"": 0.0, ""move_vy"": 5.0, ""kick_power"": 0.0, ""kick_dir"": null}, {""move_vx"": 0.0, ""move_vy"": 5.8, ""kick_power"": 0.0, ""kick_dir"": null}, {""move_vx"": -5.4, ""move_vy"": 0.0, ""kick_power"": 0.0, ""kick_dir"": null}, {""move_vx"": 3.4947633285281348, ""move_vy"": -5.456833264593575, ""kick_power"": 0.0, ""kick_dir"": null}, {""move_vx"": -7.079326343308746, ""move_vy"": -2.5951374770780102, ""kick_power"": 0.0, ""kick_dir"": null}, {""move_vx"": 0.0, ""move_vy"": 0.0, ""kick_power"": 1.0, ""kick_dir"": [0.9921040460164052, 0.12541739344693176]}, {""move_vx"": 5.7588219633844355, ""move_vy"": -1.6840337271091212, ""kick_power"": 0.0, ""kick_dir"": null}, {""move_vx"": 0.0, ""move_vy"": -6.0, ""kick_power"": 0.0, ""kick_dir"": null}, {""move_vx"": 0.0, ""move_vy"": 0.0, ""kick_power"": 0.9, ""kick_dir"": [0.7691883505970736, -0.6390218457825176]}, {""move_vx"": 0.0, ""move_vy"": 0.0, ""kick_power"": 0.7, ""kick_dir"": [0.9400926647724109, 0.34091898220567785]}, {""move_vx"": 0.0, ""move_vy"": 0.0, ""kick_power"": 0.0, ""kick_dir"": null}, {""move_vx"": -0.0, ""move_vy"": 0.0, ""kick_power"": 0.4, ""kick_dir"": [-0.9233338827801357, -0.38399801688052115]}, {""move_vx"": -0.0, ""move_vy"": 0.0, ""kick_power"": 0.9, ""kick_dir"": [-0.9413950358765648, -0.3373059925726697]}, {""move_vx"": -4.517237933692759, ""move_vy"": 2.9588108169342577, ""kick_power"": 0.0, ""kick_dir"": null}, {""move_vx"": -6.0909376821607815, ""move_vy"": 2.2115329868744587, ""kick_power"": 0.0, ""kick_dir"": null}, {""move_vx"": -4.705428759229215, ""move_vy"": -2.8668868467064783, ""kick_power"": 0.0, ""kick_dir"": null}, {""move_vx"": -6.0, ""move_vy"": 0.0, ""kick_power"": 0.0, ""kick_dir"": null}, {""move_vx"": -0.0, ""move_vy"": 0.0, ""kick_power"": 0.0, ""kick_dir"": null}, {""move_vx"": -0.0, ""move_vy"": 0.0, ""kick_power"": 0.0, ""kick_dir"": null}, {""move_vx"": -0.0, ""move_vy"": 0.0, ""kick_power"": 0.7, ""kick_dir"": [-0.9741735541971738, -0.22580017910030872]}, {""move_vx"": -4.242640687119285, ""move_vy"": -4.242640687119285, ""kick_power"": 0.0, ""kick_dir"": null}, {""move_vx"": -5.892205938055363, ""move_vy"": 2.4983813126792986, ""kick_power"": 0.0, ""kick_dir"": null}]"
482,210,default,default,0,16.190443319363844,45.20951172319894,-1,,,25.374464267859718,0.024453594285889564,0.022963838191259946,"[{""move_vx"": 0.0, ""move_vy"": 5.0, ""kick_power"": 0.0, ""kick_dir"": null}, {""move_vx"": 0.0, ""move_vy"": 5.8, ""kick_power"": 0.0, ""kick_dir"": null}, {""move_vx"": 5.2939562161317415, ""move_vy"": -1.0649073113093441, ""kick_power"": 0.0, ""kick_dir"": null}, {""move_vx"": 3.9373409873295437, ""move_vy"": -5.146624714266119, ""kick_power"": 0.0, ""kick_dir"": null}, {""move_vx"": -7.0024572760063775, ""move_vy"": -2.795924193840981, ""kick_power"": 0.0, ""kick_dir"": null}, {""move_vx"": 0.0, ""move_vy"": 0.0, ""kick_power"": 1.0, ""kick_dir"": [0.9921040460164052, 0.12541739344693176]}, {""move_vx"": 5.7588219633844355, ""move_vy"": -1.6840337271091212, ""kick_power"": 0.0, ""kick_dir"": null}, {""move_vx"": 7.4570299035190075, ""move_vy"": -0.8016888536229598, ""kick_power"": 0.0, ""kick_dir"": null}, {""move_vx"": 0.0, ""move_vy"": 0.0, ""kick_power"": 0.9, ""kick_dir"": [0.7691883505970736, -0.6390218457825176]}, {""move_vx"": 0.0, ""move_vy"": 0.0, ""kick_power"": 0.7, ""kick_dir"": [0.9400926647724109, 0.34091898220567785]}, {""move_vx"": 0.0, ""move_vy"": 0.0, ""kick_power"": 0.0, ""kick_dir"": null}, {""move_vx"": -0.0, ""move_vy"": 0.0, ""kick_power"": 0.4, ""kick_dir"": [-0.9212726159604534, -0.3889173477263092]}, {""move_vx"": -0.0, ""move_vy"": 0.0, ""kick_power"": 0.9, ""kick_dir"": [-0.9414004756778945, -0.3372908101237779]}, {""move_vx"": -5.02757414243743, ""move_vy"": 1.9706593420209746, ""kick_power"": 0.0, ""kick_dir"": null}, {""move_vx"": -6.068554499525831, ""move_vy"": 2.272233765765485, ""kick_power"": 0.0, ""kick_dir"": null}, {""move_vx"": -4.679956165757581, ""move_vy"": -2.9082830478802433, ""kick_power"": 0.0, ""kick_dir"": null}, {""move_vx"": -6.0, ""move_vy"": 0.0, ""kick_power"": 0.0, ""kick_dir"": null}, {""move_vx"": -0.0, ""move_vy"": 0.0, ""kick_power"": 0.0, ""kick_dir"": null}, {""move_vx"": -0.0, ""move_vy"": 0.0, ""kick_power"": 0.0, ""kick_dir"": null}, {""move_vx"": -0.0, ""move_vy"": 0.0, ""kick_power"": 0.7, ""kick_dir"": [-0.9741735541971738, -0.22580017910030872]}, {""move_vx"": -6.0, ""move_vy"": 0.0, ""kick_power"": 0.0, ""kick_dir"": null}, {""move_vx"": -5.892205938055362, ""move_vy"": 2.4983813126792977, ""kick_power"": 0.0, ""kick_dir"": null}]"
482,211,default,default,0,16.577022672518613,45.12054676102922,-1,,,25.368398470484507,0.0290957582219972,0.0250564857119223,"[{""move_vx"": 0.0, ""move_vy"": 5.0, ""kick_power"": 0.0, ""kick_dir"": null}, {""move_vx"": 0.0, ""move_vy"": 5.8, ""kick_power"": 0.0, ""kick_dir"": null}, {""move_vx"": 0.0, ""move_vy"": 0.0, ""kick_power"": 0.4, ""kick_dir"": [0.367568315020093, 0.9299960972753275]}, {""move_vx"": 4.320003086807435, ""move_vy"": -4.829904070473269, ""kick_power"": 0.0, ""kick_dir"": null}, {""move_vx"": -6.908022109087407, ""move_vy"": -3.0217264171925926, ""kick_power"": 0.0, ""kick_dir"": null}, {""move_vx"": 0.0, ""move_vy"": 0.0, ""kick_power"": 1.0, ""kick_dir"": [0.9921040460164052, 0.12541739344693176]}, {""move_vx"": 5.758821963384435, ""move_vy"": -1.6840337271091212, ""kick_power"": 0.0, ""kick_dir"": null}, {""move_vx"": 7.457029903519008, ""move_vy"": -0.8016888536229592, ""kick_power"": 0.0, ""kick_dir"": null}, {""move_vx"": 0.0, ""move_vy"": 0.0, ""kick_power"": 0.9, ""kick_dir"": [0.7691883505970736, -0.6390218457825176]}, {""move_vx"": 0.0, ""move_vy"": 0.0, ""kick_power"": 0.7, ""kick_dir"": [0.9400926647724109, 0.34091898220567785]}, {""move_vx"": 0.0, ""move_vy"": 0.0, ""kick_power"": 0.0, ""kick_dir"": null}, {""move_vx"": -0.0, ""move_vy"": 0.0, ""kick_power"": 0.4, ""kick_dir"": [-0.9192059883013329, -0.39377695155635434]}, {""move_vx"": -0.0, ""move_vy"": 0.0, ""kick_power"": 0.9, ""kick_dir"": [-0.9414047799327635, -0.33727879643087505]}, {""move_vx"": -4.513412135354751, ""move_vy"": 2.9646434686876715, ""kick_power"": 0.0, ""kick_dir"": null}, {""move_vx"": -6.039386905011716, ""move_vy"": 2.348660429175109, ""kick_power"": 0.0, ""kick_dir"": null}, {""move_vx"": -3.7036188732405964, ""move_vy"": -4.463542006274396, ""kick_power"": 0.0, ""kick_dir"": null}, {""move_vx"": -6.0, ""move_vy"": 0.0, ""kick_power"": 0.0, ""kick_dir"": null}, {""move_vx"": -0.0, ""move_vy"": 0.0, ""kick_power"": 0.0, ""kick_dir"": null}, {""move_vx"": -0.0, ""move_vy"": 0.0, ""kick_power"": 0.0, ""kick_dir"": null}, {""move_vx"": -0.0, ""move_vy"": 0.0, ""kick_power"": 0.7, ""kick_dir"": [-0.9741735541971738, -0.22580017910030872]}, {""move_vx"": 5.087658738885278, ""move_vy"": 0.3545822283254811, ""kick_power"": 0.0, ""kick_dir"": null}, {""move_vx"": -5.892205938055362, ""move_vy"": 2.4983813126792977, ""kick_power"": 0.0, ""kick_dir"": null}]"
482,212,default,default,0,16.95468626251114,45.03363361700749,-1,,,25.36240079314159,0.028303452817206445,0.01760805678421411,"[{""move_vx"": 0.0, ""move_vy"": 5.0, ""kick_power"": 0.0, ""kick_dir"": null}, {""move_vx"": 0.0, ""move_vy"": 5.8, ""kick_power"": 0.0, ""kick_dir"": null}, {""move_vx"": 0.0, ""move_vy"": 0.0, ""kick_power"": 0.4, ""kick_dir"": [0.4605115201330673, 0.8876532906854601]}, {""move_vx"": 4.646380037228679, ""move_vy"": -4.5168077831188285, ""kick_power"": 0.0, ""kick_dir"": null}, {""move_vx"": -6.789945470077961, ""move_vy"": -3.2784509319750037, ""kick_power"": 0.0, ""kick_dir"": null}, {""move_vx"": 0.0, ""move_vy"": 0.0, ""kick_power"": 1.0, ""kick_dir"": [0.9921040460164052, 0.12541739344693176]}, {""move_vx"": 4.242640687119285, ""move_vy"": -4.242640687119285, ""kick_power"": 0.0, ""kick_dir"": null}, {""move_vx"": 7.457029903519008, ""move_vy"": -0.8016888536229584, ""kick_power"": 0.0, ""kick_dir"": null}, {""move_vx"": 0.0, ""move_vy"": 0.0, ""kick_power"": 0.9, ""kick_dir"": [0.7691883505970736, -0.6390218457825176]}, {""move_vx"": 0.0, ""move_vy"": 0.0, ""kick_power"": 0.7, ""kick_dir"": [0.9400926647724109, 0.34091898220567785]}, {""move_vx"": 0.0, ""move_vy"": 0.0, ""kick_power"": 0.0, ""kick_dir"": null}, {""move_vx"": -0.0, ""move_vy"": 0.0, ""kick_power"": 0.4, ""kick_dir"": [-0.9171323577082834, -0.39858270807519236]}, {""move_vx"": -0.0, ""move_vy"": 0.0, ""kick_power"": 0.9, ""kick_dir"": [-0.9414097062078233, -0.3372650460120548]}, {""move_vx"": -5.028168407291806, ""move_vy"": 1.9691425717587299, ""kick_power"": 0.0, ""kick_dir"": null}, {""move_vx"": -5.999162802980252, ""move_vy"": 2.4495807117419366, ""kick_power"": 0.0, ""kick_dir"": null}, {""move_vx"": -4.638707329354167, ""move_vy"": -2.973633183934415, ""kick_power"": 0.0, ""kick_dir"": null}, {""move_vx"": -6.0, ""move_vy"": 0.0, ""kick_power"": 0.0, ""kick_dir"": null}, {""move_vx"": -0.0, ""move_vy"": 0.0, ""kick_power"": 0.0, ""kick_dir"": null}, {""move_vx"": -0.0, ""move_vy"": 0.0, ""kick_power"": 0.0, ""kick_dir"": null}, {""move_vx"": -0.0, ""move_vy"": 0.0, ""kick_power"": 0.7, ""kick_dir"": [-0.9741735541971738, -0.22580017910030872]}, {""move_vx"": -4.242640687119285, ""move_vy"": -4.242640687119285, ""kick_power"": 0.0, ""kick_dir"": null}, {""move_vx"": -5.892205938055363, ""move_vy"": 2.4983813126792977, ""kick_power"": 0.0, ""kick_dir"": null}]"
482,213,default,default,0,17.32363971551394,44.948724969608406,-1,,,25.359868806811317,0.030465261221950892,0.02040868500378975,"[{""move_vx"": 0.0, ""move_vy"": 0.0, ""kick_power"": 0.0, ""kick_dir"": null}, {""move_vx"": 0.0, ""move_vy"": 5.8, ""kick_power"": 0.0, ""kick_dir"": null}, {""move_vx"": 0.0, ""move_vy"": 0.0, ""kick_power"": 0.4, ""kick_dir"": [0.5441069239558243, 0.8390154373370826]}, {""move_vx"": 4.921960518300744, ""move_vy"": -4.214819646946792, ""kick_power"": 0.0, ""kick_dir"": null}, {""move_vx"": -6.639099619731621, ""move_vy"": -3.5740671844943597, ""kick_power"": 0.0, ""kick_dir"": null}, {""move_vx"": 0.0, ""move_vy"": 0.0, ""kick_power"": 1.0, ""kick_dir"": [0.9921040460164052, 0.12541739344693176]}, {""move_vx"": 6.0, ""move_vy"": 0.0, ""kick_power"": 0.0, ""kick_dir"": null}, {""move_vx"": 7.457029903519008, ""move_vy"": -0.8016888536229576, ""kick_power"": 0.0, ""kick_dir"": null}, {""move_vx"": 0.0, ""move_vy"": 0.0, ""kick_power"": 0.9, ""kick_dir"": [-0.9977820887486001, -0.0665631936460577]}, {""move_vx"": 0.0, ""move_vy"": 0.0, ""kick_power"": 0.7, ""kick_dir"": [0.9400926647724109, 0.34091898220567785]}, {""move_vx"": 0.0, ""move_vy"": 0.0, ""kick_power"": 0.0, ""kick_dir"": null}, {""move_vx"": -0.0, ""move_vy"": 0.0, ""kick_power"": 0.4, ""kick_dir"": [-0.9150658245615496, -0.40330444293464257]}, {""move_vx"": -0.0, ""move_vy"": 0.0, ""kick_power"": 0.9, ""kick_dir"": [-0.9414098469170047, -0.3372646532390233]}, {""move_vx"": -4.509500757944267, ""move_vy"": 2.9705896576437607, ""kick_power"": 0.0, ""kick_dir"": null}, {""move_vx"": -5.938697160313317, ""move_vy"": 2.5927352425742516, ""kick_power"": 0.0, ""kick_dir"": null}, {""move_vx"": -4.611933061512113, ""move_vy"": -3.0149914487658993, ""kick_power"": 0.0, ""kick_dir"": null}, {""move_vx"": -6.0, ""move_vy"": 0.0, ""kick_power"": 0.0, ""kick_dir"": null}, {""move_vx"": -0.0, ""move_vy"": 0.0, ""kick_power"": 0.0, ""kick_dir"": null}, {""move_vx"": -0.0, ""move_vy"": 0.0, ""kick_power"": 0.0, ""kick_dir"": null}, {""move_vx"": -0.0, ""move_vy"": 0.0, ""kick_power"": 0.7, ""kick_dir"": [-0.9741735541971738, -0.22580017910030872]}, {""move_vx"": -6.0, ""move_vy"": 0.0, ""kick_power"": 0.0, ""kick_dir"": null}, {""move_vx"": -5.892205938055362, ""move_vy"": 2.498381312679297, ""kick_power"": 0.0, ""kick_dir"": null}]"
482,214,default,default,0,17.68408391529869,44.86577458869319,14,B,,25.354024251295076,0.02918317834298855,2.928308713446789,"[{""move_vx"": 0.0, ""move_vy"": 5.0, ""kick_power"": 0.0, ""kick_dir"": null}, {""move_vx"": 0.0, ""move_vy"": 5.8, ""kick_power"": 0.0, ""kick_dir"": null}, {""move_vx"": 0.0, ""move_vy"": 0.0, ""kick_power"": 0.4, ""kick_dir"": [0.617358766269079, 0.7866812768953589]}, {""move_vx"": 0.0, ""move_vy"": 0.0, ""kick_power"": 0.9, ""kick_dir"": [0.7543106599149074, 0.6565175768223525]}, {""move_vx"": -6.441183732063062, ""move_vy"": -3.9195346828171007, ""kick_power"": 0.0, ""kick_dir"": null}, {""move_vx"": 0.0, ""move_vy"": 0.0, ""kick_power"": 1.0, ""kick_dir"": [0.9921040460164052, 0.12541739344693176]}, {""move_vx"": 4.242640687119285, ""move_vy"": -4.242640687119285, ""kick_power"": 0.0, ""kick_dir"": null}, {""move_vx"": 0.0, ""move_vy"": 0.0, ""kick_power"": 0.4, ""kick_dir"": [0.9942706341333283, -0.10689184503513455]}, {""move_vx"": 0.0, ""move_vy"": 0.0, ""kick_power"": 0.9, ""kick_dir"": [-0.9969703515708765, -0.07778083183807688]}, {""move_vx"": 0.0, ""move_vy"": 0.0, ""kick_power"": 0.7, ""kick_dir"": [0.9400926647724109, 0.34091898220567785]}, {""move_vx"": 0.0, ""move_vy"": 0.0, ""kick_power"": 0.0, ""kick_dir"": null}, {""move_vx"": -0.0, ""move_vy"": 0.0, ""kick_power"": 0.4, ""kick_dir"": [-0.9130009525675381, -0.4079573480395136]}, {""move_vx"": -0.0, ""move_vy"": 0.0, ""kick_power"": 0.9, ""kick_dir"": [-0.9414056655984936, -0.3372763243555524]}, {""move_vx"": -4.509500757944268, ""move_vy"": 2.9705896576437607, ""kick_power"": 0.0, ""kick_dir"": null}, {""move_vx"": -5.833392574937607, ""move_vy"": 2.8216893993958307, ""kick_power"": 0.0, ""kick_dir"": null}, {""move_vx"": -4.584630135485304, ""move_vy"": -3.0563485600958553, ""kick_power"": 0.0, ""kick_dir"": null}, {""move_vx"": -6.0, ""move_vy"": 0.0, ""kick_power"": 0.0, ""kick_dir"": null}, {""move_vx"": -0.0, ""move_vy"": 0.0, ""kick_power"": 0.0, ""kick_dir"": null}, {""move_vx"": -0.0, ""move_vy"": 0.0, ""kick_power"": 0.0, ""kick_dir"": null}, {""move_vx"": -0.0, ""move_vy"": 0.0, ""kick_power"": 0.7, ""kick_dir"": [-0.9741735541971738, -0.22580017910030872]}, {""move_vx"": 5.085940386577827, ""move_vy"": 0.37843147883939554, ""kick_power"": 0.0, ""kick_dir"": null}, {""move_vx"": -5.892205938055362, ""move_vy"": 2.498381312679296, ""kick_power"": 0.0, ""kick_dir"": null}]"
482,215,default,default,0,19.229738751584406,45.03389753752395,14,B,,25.344748319483013,0.13695118599316886,0.4068635981254938,"[{""move_vx"": 0.0, ""move_vy"": 0.0, ""kick_power"": 0.0, ""kick_dir"": null}, {""move_vx"": -6.13053751310067, ""move_vy"": 3.2951646090090025, ""kick_power"": 0.0, ""kick_dir"": null}, {""move_vx"": 0.0, ""move_vy"": 0.0, ""kick_power"": 0.4, ""kick_dir"": [0.6802254795436606, 0.7330024601070643]}, {""move_vx"": 3.8183766184073566, ""move_vy"": 3.8183766184073566, ""kick_power"": 0.0, ""kick_dir"": null}, {""move_vx"": -5.697810238901825, ""move_vy"": -3.997068736144717, ""kick_power"": 0.0, ""kick_dir"": null}, {""move_vx"": 0.0, ""move_vy"": 0.0, ""kick_power"": 1.0, ""kick_dir"": [0.9921040460164052, 0.12541739344693176]}, {""move_vx"": 4.242640687119285, ""move_vy"": -4.242640687119285, ""kick_power"": 0.0, ""kick_dir"": null}, {""move_vx"": 0.0, ""move_vy"": 0.0, ""kick_power"": 0.4, ""kick_dir"": [0.9942706341333283, -0.10689184503513455]}, {""move_vx"": 6.1, ""move_vy"": 0.0, ""kick_power"": 0.0, ""kick_dir"": null}, {""move_vx"": -6.0, ""move_vy"": 0.0, ""kick_power"": 0.0, ""kick_dir"": null}, {""move_vx"": -4.242640687119285, ""move_vy"": -4.242640687119285, ""kick_power"": 0.0, ""kick_dir"": null}, {""move_vx"": -0.0, ""move_vy"": 0.0, ""kick_power"": 0.4, ""kick_dir"": [-0.9109360668226066, -0.41254747558215304]}, {""move_vx"": -0.0, ""move_vy"": 0.0, ""kick_power"": 0.9, ""kick_dir"": [-0.9414002214003696, -0.33729151980703]}, {""move_vx"": -5.030829429703669, ""move_vy"": 1.962334132921165, ""kick_power"": 0.0, ""kick_dir"": null}, {""move_vx"": 3.8183766184073566, ""move_vy"": 3.8183766184073566, ""kick_power"": 0.0, ""kick_dir"": null}, {""move_vx"": -0.0, ""move_vy"": 0.0, ""kick_power"": 0.9, ""kick_dir"": [-0.8172960647412214, 0.5762177382420606]}, {""move_vx"": -0.0, ""move_vy"": 0.0, ""kick_power"": 0.4, ""kick_dir"": [-0.9774451682365156, 0.21118921592055984]}, {""move_vx"": -0.0, ""move_vy"": 0.0, ""kick_power"": 0.0, ""kick_dir"": null}, {""move_vx"": -0.0, ""move_vy"": 0.0, ""kick_power"": 0.4, ""kick_dir"": [0.5471172887936261, -0.8370558564405618]}, {""move_vx"": -0.0, ""move_vy"": 0.0, ""kick_power"": 0.7, ""kick_dir"": [-0.9741735541971738, -0.22580017910030872]}, {""move_vx"": -6.0, ""move_vy"": 0.0, ""kick_power"": 0.0, ""kick_dir"": null}, {""move_vx"": -6.611460598891208, ""move_vy"": 1.2029084542512485, ""kick_power"": 0.0, ""kick_dir"": null}]"
482,216,default,default,0,19.48429719281156,45.28845597875111,4,A,,25.594059753763915,4.624880733003753,-3.78756243110371,"[{""move_vx"": 5.31715076225281, ""move_vy"": -3.738704022983679, ""kick_power"": 0.0, ""kick_dir"": null}, {""move_vx"": -5.944237157897682, ""move_vy"": 3.620448122908059, ""kick_power"": 0.0, ""kick_dir"": null}, {""move_vx"": 0.0, ""move_vy"": 0.0, ""kick_power"": 0.4, ""kick_dir"": [0.6611251730845956, 0.7502751362338288]}, {""move_vx"": 3.8183766184073566, ""move_vy"": 3.8183766184073566, ""kick_power"": 0.0, ""kick_dir"": null}, {""move_vx"": -4.058858351174995, ""move_vy"": -5.65396046016392, ""kick_power"": 0.0, ""kick_dir"": null}, {""move_vx"": 0.0, ""move_vy"": 0.0, ""kick_power"": 1.0, ""kick_dir"": [0.9921040460164052, 0.12541739344693176]}, {""move_vx"": 7.482546636692137, ""move_vy"": 0.5113666294618588, ""kick_power"": 0.0, ""kick_dir"": null}, {""move_vx"": 0.0, ""move_vy"": 0.0, ""kick_power"": 0.4, ""kick_dir"": [0.9942706341333283, -0.10689184503513455]}, {""move_vx"": 6.1, ""move_vy"": 0.0, ""kick_power"": 0.0, ""kick_dir"": null}, {""move_vx"": -6.0, ""move_vy"": 0.0, ""kick_power"": 0.0, ""kick_dir"": null}, {""move_vx"": -4.242640687119285, ""move_vy"": -4.242640687119285, ""kick_power"": 0.0, ""kick_dir"": null}, {""move_vx"": -0.0, ""move_vy"": 0.0, ""kick_power"": 0.4, ""kick_dir"": [-0.9088426814002412, -0.41713896741759154]}, {""move_vx"": -0.0, ""move_vy"": 0.0, ""kick_power"": 0.9, ""kick_dir"": [-0.9414063079101818, -0.3372745315293262]}, {""move_vx"": -5.015987098942223, ""move_vy"": 1.999968355560951, ""kick_power"": 0.0, ""kick_dir"": null}, {""move_vx"": 3.8183766184073566, ""move_vy"": 3.8183766184073566, ""kick_power"": 0.0, ""kick_dir"": null}, {""move_vx"": 4.927512637790959, ""move_vy"": 0.15658609264676687, ""kick_power"": 0.0, ""kick_dir"": null}, {""move_vx"": -0.0, ""move_vy"": 0.0, ""kick_power"": 0.4, ""kick_dir"": [-0.9774451682365156, 0.21118921592055984]}, {""move_vx"": -7.477198940399246, ""move_vy"": 0.5843765957774234, ""kick_power"": 0.0, ""kick_dir"": null}, {""move_vx"": -0.0, ""move_vy"": 0.0, ""kick_power"": 0.4, ""kick_dir"": [0.5473393202394862, -0.8369106900010678]}, {""move_vx"": -0.0, ""move_vy"": 0.0, ""kick_power"": 0.7, ""kick_dir"": [-0.9741735541971738, -0.22580017910030872]}, {""move_vx"": -0.0, ""move_vy"": 0.0, ""kick_power"": 0.0, ""kick_dir"": null}, {""move_vx"": -6.581975172272646, ""move_vy"": 1.3549918197489146, ""kick_power"": 0.0, ""kick_dir"": null}]"
482,217,default,default,0,19.29741441842883,46.5025888170368,4,A,,25.607623285507216,0.07874233487763402,-0.04724523590789645,"[{""move_vx"": 0.0, ""move_vy"": 0.0, ""kick_power"": 0.0, ""kick_dir"": null}, {""move_vx"": 0.0, ""move_vy"": 5.8, ""kick_power"": 0.0, ""kick_dir"": null}, {""move_vx"": 0.0, ""move_vy"": 0.0, ""kick_power"": 0.4, ""kick_dir"": [0.6424373431391887, 0.7663377183341468]}, {""move_vx"": 5.751558421692479, ""move_vy"": -2.984958244575347, ""kick_power"": 0.0, ""kick_dir"": null}, {""move_vx"": -5.8, ""move_vy"": 0.0, ""kick_power"": 0.0, ""kick_dir"": null}, {""move_vx"": 4.313351365237939, ""move_vy"": 4.313351365237939, ""kick_power"": 0.0, ""kick_dir"": null}, {""move_vx"": 7.4825466366921365, ""move_vy"": 0.511366629461859, ""kick_power"": 0.0, ""kick_dir"": null}, {""move_vx"": 4.242640687119285, ""move_vy"": 4.242640687119285, ""kick_power"": 0.0, ""kick_dir"": null}, {""move_vx"": 0.0, ""move_vy"": 0.0, ""kick_power"": 1.0, ""kick_dir"": [0.9899412114308251, -0.14147915308966874]}, {""move_vx"": 0.0, ""move_vy"": 0.0, ""kick_power"": 0.4, ""kick_dir"": [0.5167777626193377, 0.8561195344156576]}, {""move_vx"": 0.0, ""move_vy"": 0.0, ""kick_power"": 0.0, ""kick_dir"": null}, {""move_vx"": -0.0, ""move_vy"": 0.0, ""kick_power"": 0.4, ""kick_dir"": [-0.9067167514981876, -0.42174005077966015]}, {""move_vx"": -0.0, ""move_vy"": 0.0, ""kick_power"": 0.0, ""kick_dir"": null}, {""move_vx"": -4.501491844940413, ""move_vy"": 2.9827120494501225, ""kick_power"": 0.0, ""kick_dir"": null}, {""move_vx"": -3.8183766184073566, ""move_vy"": -3.8183766184073566, ""kick_power"": 0.0, ""kick_dir"": null}, {""move_vx"": -5.8, ""move_vy"": 0.0, ""kick_power"": 0.0, ""kick_dir"": null}, {""move_vx"": -0.0, ""move_vy"": 0.0, ""kick_power"": 0.4, ""kick_dir"": [0.3388888487305988, 0.9408263269227193]}, {""move_vx"": 1.8268383383068416, ""move_vy"": 5.399320483699064, ""kick_power"": 0.0, ""kick_dir"": null}, {""move_vx"": -6.181923980810455, ""move_vy"": 1.2140081941571166, ""kick_power"": 0.0, ""kick_dir"": null}, {""move_vx"": -0.0, ""move_vy"": 0.0, ""kick_power"": 0.7, ""kick_dir"": [-0.9741735541971738, -0.22580017910030872]}, {""move_vx"": -6.0, ""move_vy"": 0.0, ""kick_power"": 0.0, ""kick_dir"": null}, {""move_vx"": -4.525483399593904, ""move_vy"": 4.525483399593904, ""kick_power"": 0.0, ""kick_dir"": null}]"
482,218,default,default,0,18.992951970959815,46.80070517439567,4,A,,25.616838918593068,0.07581895535753115,-0.01715031024576376,"[{""move_vx"": 0.0, ""move_vy"": 0.0, ""kick_power"": 0.0, ""kick_dir"": null}, {""move_vx"": 0.0, ""move_vy"": 0.0, ""kick_power"": 0.6, ""kick_dir"": [0.9990234322884317, 0.04418314822557474]}, {""move_vx"": 0.0, ""move_vy"": 0.0, ""kick_power"": 0.4, ""kick_dir"": [0.7061386855938198, 0.7080730409199253]}, {""move_vx"": 6.3793082938047885, ""move_vy"": -1.1379040788192358, ""kick_power"": 0.0, ""kick_dir"": null}, {""move_vx"": -5.8, ""move_vy"": 0.0, ""kick_power"": 0.0, ""kick_dir"": null}, {""move_vx"": 4.313351365237939, ""move_vy"": 4.313351365237939, ""kick_power"": 0.0, ""kick_dir"": null}, {""move_vx"": 7.482546636692137, ""move_vy"": 0.5113666294618592, ""kick_power"": 0.0, ""kick_dir"": null}, {""move_vx"": 0.0, ""move_vy"": 0.0, ""kick_power"": 0.4, ""kick_dir"": [-0.2684282893550323, -0.9632995618342183]}, {""move_vx"": 7.548301915118435, ""move_vy"": -1.0787785677419546, ""kick_power"": 0.0, ""kick_dir"": null}, {""move_vx"": 0.0, ""move_vy"": 0.0, ""kick_power"": 0.4, ""kick_dir"": [-0.06053539688653397, 0.998165997273629]}, {""move_vx"": 0.0, ""move_vy"": 0.0, ""kick_power"": 0.0, ""kick_dir"": null}, {""move_vx"": -0.0, ""move_vy"": 0.0, ""kick_power"": 0.4, ""kick_dir"": [-0.9081424105770112, -0.41866131893688374]}, {""move_vx"": -0.0, ""move_vy"": 0.0, ""kick_power"": 0.0, ""kick_dir"": null}, {""move_vx"": -4.501491844940414, ""move_vy"": 2.9827120494501234, ""kick_power"": 0.0, ""kick_dir"": null}, {""move_vx"": -3.8183766184073566, ""move_vy"": 3.8183766184073566, ""kick_power"": 0.0, ""kick_dir"": null}, {""move_vx"": -5.8, ""move_vy"": 0.0, ""kick_power"": 0.0, ""kick_dir"": null}, {""move_vx"": 4.242640687119285, ""move_vy"": 4.242640687119285, ""kick_power"": 0.0, ""kick_dir"": null}, {""move_vx"": -7.495211132040572, ""move_vy"": 0.2679740400395044, ""kick_power"": 0.0, ""kick_dir"": null}, {""move_vx"": 6.0, ""move_vy"": 0.0, ""kick_power"": 0.0, ""kick_dir"": null}, {""move_vx"": -0.0, ""move_vy"": 0.0, ""kick_power"": 0.7, ""kick_dir"": [-0.9741735541971738, -0.22580017910030872]}, {""move_vx"": 6.0, ""move_vy"": 0.0, ""kick_power"": 0.0, ""kick_dir"": null}, {""move_vx"": -4.525483399593904, ""move_vy"": 4.525483399593904, ""kick_power"": 0.0, ""kick_dir"": null}]"
482,219,default,default,0,18.679254397632004,46.92347036058074,4,A,,25.625132287148137,0.0787253252007698,-0.00934235772674284,"[{""move_vx"": 0.0, ""move_vy"": 0.0, ""kick_power"": 0.0, ""kick_dir"": null}, {""move_vx"": 0.0, ""move_vy"": 0.0, ""kick_power"": 0.6, ""kick_dir"": [0.9990245783286428, 0.04415722774399078]}, {""move_vx"": 0.0, ""move_vy"": 0.0, ""kick_power"": 0.4, ""kick_dir"": [0.7540418063272111, 0.6568258968092255]}, {""move_vx"": 6.457918206459334, ""move_vy"": -0.5345020474058688, ""kick_power"": 0.0, ""kick_dir"": null}, {""move_vx"": -5.8, ""move_vy"": 0.0, ""kick_power"": 0.0, ""kick_dir"": null}, {""move_vx"": 4.313351365237939, ""move_vy"": 4.313351365237939, ""kick_power"": 0.0, ""kick_dir"": null}, {""move_vx"": 7.482546636692137, ""move_vy"": 0.5113666294618593, ""kick_power"": 0.0, ""kick_dir"": null}, {""move_vx"": 4.242640687119285, ""move_vy"": 4.242640687119285, ""kick_power"": 0.0, ""kick_dir"": null}, {""move_vx"": 5.074039518052056, ""move_vy"": -3.3858710798324934, ""kick_power"": 0.0, ""kick_dir"": null}, {""move_vx"": 1.8539063141032555, ""move_vy"": 4.751108436831144, ""kick_power"": 0.0, ""kick_dir"": null}, {""move_vx"": 0.0, ""move_vy"": 0.0, ""kick_power"": 0.0, ""kick_dir"": null}, {""move_vx"": -0.0, ""move_vy"": 0.0, ""kick_power"": 0.4, ""kick_dir"": [-0.9059612174497639, -0.4233606152574266]}, {""move_vx"": -0.0, ""move_vy"": 0.0, ""kick_power"": 0.0, ""kick_dir"": null}, {""move_vx"": -4.501491844940413, ""move_vy"": 2.9827120494501234, ""kick_power"": 0.0, ""kick_dir"": null}, {""move_vx"": -3.8183766184073566, ""move_vy"": 3.8183766184073566, ""kick_power"": 0.0, ""kick_dir"": null}, {""move_vx"": -5.8, ""move_vy"": 0.0, ""kick_power"": 0.0, ""kick_dir"": null}, {""move_vx"": -0.0, ""move_vy"": 0.0, ""kick_power"": 0.6, ""kick_dir"": [-0.9794510587094638, 0.20168184298561098]}, {""move_vx"": -7.495211132040572, ""move_vy"": 0.2679740400395, ""kick_power"": 0.0, ""kick_dir"": null}, {""move_vx"": 6.0, ""move_vy"": 0.0, ""kick_power"": 0.0, ""kick_dir"": null}, {""move_vx"": -0.0, ""move_vy"": 0.0, ""kick_power"": 0.7, ""kick_dir"": [-0.9741735541971738, -0.22580017910030872]}, {""move_vx"": 6.0, ""move_vy"": 0.0, ""kick_power"": 0.0, ""kick_dir"": null}, {""move_vx"": -4.525483399593904, ""move_vy"": 4.525483399593904, ""kick_power"": 0.0, ""kick_dir"": null}]"
482,220,default,default,0,19.60926177681827,47.27532281452543,4,A,,25.626459182472704,0.21213650174382137,-0.00598114005008782,"[{""move_vx"": 0.0, ""move_vy"": 0.0, ""kick_power"": 0.0, ""kick_dir"": null}, {""move_vx"": 0.0, ""move_vy"": 0.0, ""kick_power"": 0.6, ""kick_dir"": [0.9990256888638284, 0.04413209574255003]}, {""move_vx"": 0.0, ""move_vy"": 0.0, ""kick_power"": 0.4, ""kick_dir"": [0.7950840522165504, 0.6064987094413488]}, {""move_vx"": 6.477246141560051, ""move_vy"": -0.18889791329033634, ""kick_power"": 0.0, ""kick_dir"": null}, {""move_vx"": -5.8, ""move_vy"": 0.0, ""kick_power"": 0.0, ""kick_dir"": null}, {""move_vx"": 4.313351365237939, ""move_vy"": 4.313351365237939, ""kick_power"": 0.0, ""kick_dir"": null}, {""move_vx"": 7.482546636692137, ""move_vy"": 0.5113666294618595, ""kick_power"": 0.0, ""kick_dir"": null}, {""move_vx"": 0.0, ""move_vy"": 0.0, ""kick_power"": 0.4, ""kick_dir"": [-0.19333563966817813, -0.9811325719434767]}, {""move_vx"": 6.1, ""move_vy"": 0.0, ""kick_power"": 0.0, ""kick_dir"": null}, {""move_vx"": 0.0, ""move_vy"": 0.0, ""kick_power"": 0.4, ""kick_dir"": [-0.0957341550378402, 0.9954068832137986]}, {""move_vx"": 0.0, ""move_vy"": 0.0, ""kick_power"": 0.0, ""kick_dir"": null}, {""move_vx"": -0.0, ""move_vy"": 0.0, ""kick_power"": 0.4, ""kick_dir"": [-0.9073056264706314, -0.42047168538403434]}, {""move_vx"": -0.0, ""move_vy"": 0.0, ""kick_power"": 0.0, ""kick_dir"": null}, {""move_vx"": -4.501491844940413, ""move_vy"": 2.9827120494501234, ""kick_power"": 0.0, ""kick_dir"": null}, {""move_vx"": 1.5377169260179935, ""move_vy"": 6.294904817027639, ""kick_power"": 0.0, ""kick_dir"": null}, {""move_vx"": -6.211397082892139, ""move_vy"": -3.1400869858395706, ""kick_power"": 0.0, ""kick_dir"": null}, {""move_vx"": -0.0, ""move_vy"": 0.0, ""kick_power"": 0.6, ""kick_dir"": [-0.9794510587094638, 0.20168184298561098]}, {""move_vx"": 4.242640687119285, ""move_vy"": -4.242640687119285, ""kick_power"": 0.0, ""kick_dir"": null}, {""move_vx"": 6.0, ""move_vy"": 0.0, ""kick_power"": 0.0, ""kick_dir"": null}, {""move_vx"": -0.0, ""move_vy"": 0.0, ""kick_power"": 0.7, ""kick_dir"": [-0.9741735541971738, -0.22580017910030872]}, {""move_vx"": 6.0, ""move_vy"": 0.0, ""kick_power"": 0.0, ""kick_dir"": null}, {""move_vx"": -4.525483399593904, ""move_vy"": 4.525483399593904, ""kick_power"": 0.0, ""kick_dir"": null}]"
482,221,default,default,0,19.9883557319169,47.562372654650545,4,A,,25.630952826624284,0.16451415125068516,-0.006012797645500696,"[{""move_vx"": 0.0, ""move_vy"": 0.0, ""kick_power"": 0.0, ""kick_dir"": null}, {""move_vx"": 0.0, ""move_vy"": 0.0, ""kick_power"": 0.6, ""kick_dir"": [0.9990267595802667, 0.04410785127527684]}, {""move_vx"": 0.0, ""move_vy"": 0.0, ""kick_power"": 0.4, ""kick_dir"": [0.8299224470256082, 0.5578782095021046]}, {""move_vx"": 6.436561096839292, ""move_vy"": 0.7490535672800525, ""kick_power"": 0.0, ""kick_dir"": null}, {""move_vx"": 5.241769187233644, ""move_vy"": 4.578805061123256, ""kick_power"": 0.0, ""kick_dir"": null}, {""move_vx"": 4.313351365237939, ""move_vy"": 4.313351365237939, ""kick_power"": 0.0, ""kick_dir"": null}, {""move_vx"": -6.0, ""move_vy"": 0.0, ""kick_power"": 0.0, ""kick_dir"": null}, {""move_vx"": 0.0, ""move_vy"": 6.0, ""kick_power"": 0.0, ""kick_dir"": null}, {""move_vx"": 5.063611517748348, ""move_vy"": -3.4014465154293214, ""kick_power"": 0.0, ""kick_dir"": null}, {""move_vx"": 0.0, ""move_vy"": 0.0, ""kick_power"": 0.4, ""kick_dir"": [-0.10917863016251243, 0.9940220917309037]}, {""move_vx"": 0.0, ""move_vy"": 0.0, ""kick_power"": 0.0, ""kick_dir"": null}, {""move_vx"": -0.0, ""move_vy"": 0.0, ""kick_power"": 0.4, ""kick_dir"": [-0.9051069574061146, -0.42518388245277355]}, {""move_vx"": -0.0, ""move_vy"": 0.0, ""kick_power"": 0.0, ""kick_dir"": null}, {""move_vx"": -4.501491844940413, ""move_vy"": 2.982712049450124, ""kick_power"": 0.0, ""kick_dir"": null}, {""move_vx"": -3.8183766184073566, ""move_vy"": -3.8183766184073566, ""kick_power"": 0.0, ""kick_dir"": null}, {""move_vx"": -5.8, ""move_vy"": 0.0, ""kick_power"": 0.0, ""kick_dir"": null}, {""move_vx"": -0.0, ""move_vy"": 0.0, ""kick_power"": 0.4, ""kick_dir"": [0.20326444668780758, 0.9791237923451589]}, {""move_vx"": 1.8521743064196878, ""move_vy"": 5.390681806472975, ""kick_power"": 0.0, ""kick_dir"": null}, {""move_vx"": -6.121397539684227, ""move_vy"": 1.4894603590387705, ""kick_power"": 0.0, ""kick_dir"": null}, {""move_vx"": -0.0, ""move_vy"": 0.0, ""kick_power"": 0.7, ""kick_dir"": [-0.9741735541971738, -0.22580017910030872]}, {""move_vx"": -0.0, ""move_vy"": 0.0, ""kick_power"": 0.0, ""kick_dir"": null}, {""move_vx"": -4.525483399593904, ""move_vy"": 4.525483399593904, ""kick_power"": 0.0, ""kick_dir"": null}]"
482,222,default,default,0,19.933326203233296,48.097646563192924,4,A,,25.639131913836433,0.09315342550583817,-0.024258151782100792,"[{""move_vx"": 0.0, ""move_vy"": 0.0, ""kick_power"": 0.0, ""kick_dir"": null}, {""move_vx"": 0.0, ""move_vy"": 5.8, ""kick_power"": 0.0, ""kick_dir"": null}, {""move_vx"": 5.0929727425415345, ""move_vy"": 1.794889590957886, ""kick_power"": 0.0, ""kick_dir"": null}, {""move_vx"": 6.33545578813884, ""move_vy"": 1.3610290065013577, ""kick_power"": 0.0, ""kick_dir"": null}, {""move_vx"": -0.754809797406379, ""move_vy"": 4.871874605297158, ""kick_power"": 0.0, ""kick_dir"": null}, {""move_vx"": 4.313351365237939, ""move_vy"": 4.313351365237939, ""kick_power"": 0.0, ""kick_dir"": null}, {""move_vx"": 7.482815953110046, ""move_vy"": 0.5074104964245394, ""kick_power"": 0.0, ""kick_dir"": null}, {""move_vx"": 0.0, ""move_vy"": 6.0, ""kick_power"": 0.0, ""kick_dir"": null}, {""move_vx"": 5.059560182683357, ""move_vy"": -3.4074698469399767, ""kick_power"": 0.0, ""kick_dir"": null}, {""move_vx"": 0.0, ""move_vy"": 0.0, ""kick_power"": 0.4, ""kick_dir"": [-0.12243155595183317, 0.9924769049237475]}, {""move_vx"": 0.0, ""move_vy"": 0.0, ""kick_power"": 0.0, ""kick_dir"": null}, {""move_vx"": -0.0, ""move_vy"": 0.0, ""kick_power"": 0.4, ""kick_dir"": [-0.9028856829432099, -0.4298806601645613]}, {""move_vx"": -0.0, ""move_vy"": 0.0, ""kick_power"": 0.0, ""kick_dir"": null}, {""move_vx"": -0.0, ""move_vy"": -5.4, ""kick_power"": 0.0, ""kick_dir"": null}, {""move_vx"": -3.8183766184073566, ""move_vy"": -3.8183766184073566, ""kick_power"": 0.0, ""kick_dir"": null}, {""move_vx"": -5.8, ""move_vy"": 0.0, ""kick_power"": 0.0, ""kick_dir"": null}, {""move_vx"": -0.0, ""move_vy"": 0.0, ""kick_power"": 0.4, ""kick_dir"": [0.17509491697812288, 0.9845514761687082]}, {""move_vx"": 1.9346651232819254, ""move_vy"": 5.361629496781415, ""kick_power"": 0.0, ""kick_dir"": null}, {""move_vx"": -6.103674556551441, ""move_vy"": 1.5604989290949756, ""kick_power"": 0.0, ""kick_dir"": null}, {""move_vx"": -0.0, ""move_vy"": 0.0, ""kick_power"": 0.7, ""kick_dir"": [-0.9741735541971738, -0.22580017910030872]}, {""move_vx"": -0.0, ""move_vy"": 0.0, ""kick_power"": 0.0, ""kick_dir"": null}, {""move_vx"": -4.525483399593904, ""move_vy"": 4.525483399593904, ""kick_power"": 0.0, ""kick_dir"": null}]"
482,223,default,default,0,19.9993452868699,48.50905353629584,4,A,,25.64577398574773,0.11344112900462192,-0.023399766276242077,"[{""move_vx"": 0.0, ""move_vy"": 0.0, ""kick_power"": 0.0, ""kick_dir"": null}, {""move_vx"": 0.0, ""move_vy"": 5.8, ""kick_power"": 0.0, ""kick_dir"": null}, {""move_vx"": 0.0, ""move_vy"": 0.0, ""kick_power"": 0.4, ""kick_dir"": [0.8468221763485085, 0.531875477239468]}, {""move_vx"": 5.882121726620474, ""move_vy"": 2.7186474565892826, ""kick_power"": 0.0, ""kick_dir"": null}, {""move_vx"": -0.8638293016937679, ""move_vy"": 4.853730414591982, ""kick_power"": 0.0, ""kick_dir"": null}, {""move_vx"": 4.313351365237939, ""move_vy"": 4.313351365237939, ""kick_power"": 0.0, ""kick_dir"": null}, {""move_vx"": 7.4828159531100455, ""move_vy"": 0.5074104964245401, ""kick_power"": 0.0, ""kick_dir"": null}, {""move_vx"": 4.242640687119285, ""move_vy"": 4.242640687119285, ""kick_power"": 0.0, ""kick_dir"": null}, {""move_vx"": 0.0, ""move_vy"": 0.0, ""kick_power"": 0.0, ""kick_dir"": null}, {""move_vx"": 0.0, ""move_vy"": 0.0, ""kick_power"": 0.4, ""kick_dir"": [-0.10376754438009525, 0.994601523171219]}, {""move_vx"": 0.0, ""move_vy"": 0.0, ""kick_power"": 0.0, ""kick_dir"": null}, {""move_vx"": -0.0, ""move_vy"": 0.0, ""kick_power"": 0.4, ""kick_dir"": [-0.9042248649826882, -0.427056591041166]}, {""move_vx"": -0.0, ""move_vy"": 0.0, ""kick_power"": 0.0, ""kick_dir"": null}, {""move_vx"": -0.0, ""move_vy"": -5.4, ""kick_power"": 0.0, ""kick_dir"": null}, {""move_vx"": -3.8183766184073566, ""move_vy"": -3.8183766184073566, ""kick_power"": 0.0, ""kick_dir"": null}, {""move_vx"": -5.8, ""move_vy"": 0.0, ""kick_power"": 0.0, ""kick_dir"": null}, {""move_vx"": -0.0, ""move_vy"": 0.0, ""kick_power"": 0.4, ""kick_dir"": [0.14787370409721354, 0.9890061728682186]}, {""move_vx"": 1.8625343318847845, ""move_vy"": 5.387111086895323, ""kick_power"": 0.0, ""kick_dir"": null}, {""move_vx"": 6.0, ""move_vy"": 0.0, ""kick_power"": 0.0, ""kick_dir"": null}, {""move_vx"": -0.0, ""move_vy"": 0.0, ""kick_power"": 0.7, ""kick_dir"": [-0.9741735541971738, -0.22580017910030872]}, {""move_vx"": 4.242640687119285, ""move_vy"": 4.242640687119285, ""kick_power"": 0.0, ""kick_dir"": null}, {""move_vx"": -4.525483399593904, ""move_vy"": 4.525483399593904, ""kick_power"": 0.0, ""kick_dir"": null}]"
482,224,default,default,0,20.033885952520766,48.92767561395772,4,A,,25.65242894390348,0.10912886328200158,-0.02302341100297713,"[{""move_vx"": 0.0, ""move_vy"": 0.0, ""kick_power"": 0.0, ""kick_dir"": null}, {""move_vx"": 0.0, ""move_vy"": 5.8, ""kick_power"": 0.0, ""kick_dir"": null}, {""move_vx"": 0.0, ""move_vy"": 0.0, ""kick_power"": 0.4, ""kick_dir"": [0.87813341545734, 0.4784151618707201]}, {""move_vx"": 5.4617956261630445, ""move_vy"": 3.487002801551247, ""kick_power"": 0.0, ""kick_dir"": null}, {""move_vx"": -0.963526562261995, ""move_vy"": 4.834926738205614, ""kick_power"": 0.0, ""kick_dir"": null}, {""move_vx"": 4.313351365237939, ""move_vy"": 4.313351365237939, ""kick_power"": 0.0, ""kick_dir"": null}, {""move_vx"": 7.483512849103076, ""move_vy"": 0.4970265961788828, ""kick_power"": 0.0, ""kick_dir"": null}, {""move_vx"": 4.242640687119285, ""move_vy"": 4.242640687119285, ""kick_power"": 0.0, ""kick_dir"": null}, {""move_vx"": 0.0, ""move_vy"": 0.0, ""kick_power"": 0.0, ""kick_dir"": null}, {""move_vx"": 0.0, ""move_vy"": 0.0, ""kick_power"": 0.4, ""kick_dir"": [-0.11695497113713128, 0.9931371649622407]}, {""move_vx"": 0.0, ""move_vy"": 0.0, ""kick_power"": 0.0, ""kick_dir"": null}, {""move_vx"": -0.0, ""move_vy"": 0.0, ""kick_power"": 0.4, ""kick_dir"": [-0.9019751989726998, -0.4317877708327786]}, {""move_vx"": -0.0, ""move_vy"": 0.0, ""kick_power"": 0.0, ""kick_dir"": null}, {""move_vx"": -0.0, ""move_vy"": -5.4, ""kick_power"": 0.0, ""kick_dir"": null}, {""move_vx"": -3.8183766184073566, ""move_vy"": -3.8183766184073566, ""kick_power"": 0.0, ""kick_dir"": null}, {""move_vx"": -5.8, ""move_vy"": 0.0, ""kick_power"": 0.0, ""kick_dir"": null}, {""move_vx"": -0.0, ""move_vy"": 0.0, ""kick_power"": 0.4, ""kick_dir"": [0.12161352032940946, 0.9925774514638688]}, {""move_vx"": 1.8402474466742478, ""move_vy"": 5.394764993492201, ""kick_power"": 0.0, ""kick_dir"": null}, {""move_vx"": 6.0, ""move_vy"": 0.0, ""kick_power"": 0.0, ""kick_dir"": null}, {""move_vx"": -0.0, ""move_vy"": 0.0, ""kick_power"": 0.7, ""kick_dir"": [-0.9741735541971738, -0.22580017910030872]}, {""move_vx"": 4.242640687119285, ""move_vy"": 4.242640687119285, ""kick_power"": 0.0, ""kick_dir"": null}, {""move_vx"": -4.525483399593904, ""move_vy"": 4.525483399593904, ""kick_power"": 0.0, ""kick_dir"": null}]"
482,225,default,default,0,20.03954197165427,49.34835953936539,4,A,,25.65904996145475,0.10134824281910321,-0.017067474486121597,"[{""move_vx"": 0.0, ""move_vy"": 0.0, ""kick_power"": 0.0, ""kick_dir"": null}, {""move_vx"": 0.0, ""move_vy"": 5.8, ""kick_power"": 0.0, ""kick_dir"": null}, {""move_vx"": 0.0, ""move_vy"": 0.0, ""kick_power"": 0.4, ""kick_dir"": [0.9032514597828807, 0.4291109421188346]}, {""move_vx"": 4.960696853579662, ""move_vy"": 4.169158995155361, ""kick_power"": 0.0, ""kick_dir"": null}, {""move_vx"": -1.0541705466661533, ""move_vy"": 4.815975961167329, ""kick_power"": 0.0, ""kick_dir"": null}, {""move_vx"": 4.313351365237939, ""move_vy"": 4.313351365237939, ""kick_power"": 0.0, ""kick_dir"": null}, {""move_vx"": 7.48455078406306, ""move_vy"": 0.481144012517069, ""kick_power"": 0.0, ""kick_dir"": null}, {""move_vx"": 4.242640687119285, ""move_vy"": 4.242640687119285, ""kick_power"": 0.0, ""kick_dir"": null}, {""move_vx"": 7.553555285239887, ""move_vy"": -1.0413585131089835, ""kick_power"": 0.0, ""kick_dir"": null}, {""move_vx"": 0.0, ""move_vy"": 0.0, ""kick_power"": 0.4, ""kick_dir"": [-0.12993518470208137, 0.9915224364820693]}, {""move_vx"": 0.0, ""move_vy"": 0.0, ""kick_power"": 0.0, ""kick_dir"": null}, {""move_vx"": -0.0, ""move_vy"": 0.0, ""kick_power"": 0.4, ""kick_dir"": [-0.9032943952276128, -0.4290211814177577]}, {""move_vx"": -0.0, ""move_vy"": 0.0, ""kick_power"": 0.0, ""kick_dir"": null}, {""move_vx"": -0.0, ""move_vy"": -5.4, ""kick_power"": 0.0, ""kick_dir"": null}, {""move_vx"": 3.3295063183711187, ""move_vy"": 5.559207468329169, ""kick_power"": 0.0, ""kick_dir"": null}, {""move_vx"": -5.8, ""move_vy"": 0.0, ""kick_power"": 0.0, ""kick_dir"": null}, {""move_vx"": -0.0, ""move_vy"": 0.0, ""kick_power"": 0.4, ""kick_dir"": [0.09631727718406256, 0.9953506069324632]}, {""move_vx"": 1.8085437811025826, ""move_vy"": 5.405475870988156, ""kick_power"": 0.0, ""kick_dir"": null}, {""move_vx"": 6.0, ""move_vy"": 0.0, ""kick_power"": 0.0, ""kick_dir"": null}, {""move_vx"": -0.0, ""move_vy"": 0.0, ""kick_power"": 0.7, ""kick_dir"": [-0.9741735541971738, -0.22580017910030872]}, {""move_vx"": 4.242640687119285, ""move_vy"": 4.242640687119285, ""kick_power"": 0.0, ""kick_dir"": null}, {""move_vx"": -4.525483399593904, ""move_vy"": 4.525483399593904, ""kick_power"": 0.0, ""kick_dir"": null}]"
482,226,default,default,0,20.020272688486934,49.76710551771459,4,A,,25.66558739151276,0.09318305133555771,-0.015303194914696634,"[{""move_vx"": 0.0, ""move_vy"": 0.0, ""kick_power"": 0.0, ""kick_dir"": null}, {""move_vx"": 0.0, ""move_vy"": 5.8, ""kick_power"": 0.0, ""kick_dir"": null}, {""move_vx"": 5.288294060306444, ""move_vy"": -1.0926783294856701, ""kick_power"": 0.0, ""kick_dir"": null}, {""move_vx"": 4.405579743709303, ""move_vy"": 4.7519750758835295, ""kick_power"": 0.0, ""kick_dir"": null}, {""move_vx"": -1.1351899860146608, ""move_vy"": 4.797524746747225, ""kick_power"": 0.0, ""kick_dir"": null}, {""move_vx"": 4.313351365237939, ""move_vy"": 4.313351365237939, ""kick_power"": 0.0, ""kick_dir"": null}, {""move_vx"": 7.485491020241516, ""move_vy"": 0.4662876643056642, ""kick_power"": 0.0, ""kick_dir"": null}, {""move_vx"": 4.242640687119285, ""move_vy"": 4.242640687119285, ""kick_power"": 0.0, ""kick_dir"": null}, {""move_vx"": 7.553996178003007, ""move_vy"": -1.0381554520956615, ""kick_power"": 0.0, ""kick_dir"": null}, {""move_vx"": 0.0, ""move_vy"": 0.0, ""kick_power"": 0.4, ""kick_dir"": [-0.14269703571069667, 0.989766361755934]}, {""move_vx"": 0.0, ""move_vy"": 0.0, ""kick_power"": 0.0, ""kick_dir"": null}, {""move_vx"": -0.0, ""move_vy"": 0.0, ""kick_power"": 0.4, ""kick_dir"": [-0.901026395534798, -0.4337641908898462]}, {""move_vx"": -0.0, ""move_vy"": 0.0, ""kick_power"": 0.0, ""kick_dir"": null}, {""move_vx"": -0.0, ""move_vy"": -5.4, ""kick_power"": 0.0, ""kick_dir"": null}, {""move_vx"": 3.1149912423564157, ""move_vy"": 5.682185280333864, ""kick_power"": 0.0, ""kick_dir"": null}, {""move_vx"": -5.8, ""move_vy"": 0.0, ""kick_power"": 0.0, ""kick_dir"": null}, {""move_vx"": -0.0, ""move_vy"": 0.0, ""kick_power"": 0.9, ""kick_dir"": [0.07197961831054334, 0.9974060287781477]}, {""move_vx"": 1.7688631118504858, ""move_vy"": 5.41859052628399, ""kick_power"": 0.0, ""kick_dir"": null}, {""move_vx"": 6.0, ""move_vy"": 0.0, ""kick_power"": 0.0, ""kick_dir"": null}, {""move_vx"": 5.1874267734406825, ""move_vy"": -1.6383538904006048, ""kick_power"": 0.0, ""kick_dir"": null}, {""move_vx"": 4.242640687119285, ""move_vy"": 4.242640687119285, ""kick_power"": 0.0, ""kick_dir"": null}, {""move_vx"": -4.525483399593904, ""move_vy"": 4.525483399593904, ""kick_power"": 0.0, ""kick_dir"": null}]"
482,227,default,default,0,19.98033800325981,50.18131614771143,4,A,,25.671994289207696,0.0902689537059265,-0.01809880696005331,"[{""move_vx"": 0.0, ""move_vy"": 0.0, ""kick_power"": 0.0, ""kick_dir"": null}, {""move_vx"": 0.0, ""move_vy"": 5.8, ""kick_power"": 0.0, ""kick_dir"": null}, {""move_vx"": 5.288294060306444, ""move_vy"": -1.0926783294856706, ""kick_power"": 0.0, ""kick_dir"": null}, {""move_vx"": 3.8243757381682673, ""move_vy"": 5.231113668551843, ""kick_power"": 0.0, ""kick_dir"": null}, {""move_vx"": -1.2066304618453791, ""move_vy"": 4.780056791351626, ""kick_power"": 0.0, ""kick_dir"": null}, {""move_vx"": 4.313351365237939, ""move_vy"": 4.313351365237939, ""kick_power"": 0.0, ""kick_dir"": null}, {""move_vx"": 7.48632039233966, ""move_vy"": 0.4527769685389808, ""kick_power"": 0.0, ""kick_dir"": null}, {""move_vx"": 4.242640687119285, ""move_vy"": 4.242640687119285, ""kick_power"": 0.0, ""kick_dir"": null}, {""move_vx"": 7.552661070705535, ""move_vy"": -1.047824293977346, ""kick_power"": 0.0, ""kick_dir"": null}, {""move_vx"": 0.0, ""move_vy"": 0.0, ""kick_power"": 0.4, ""kick_dir"": [-0.12494816150502447, 0.9921632179922726]}, {""move_vx"": 0.0, ""move_vy"": 0.0, ""kick_power"": 0.0, ""kick_dir"": null}, {""move_vx"": -0.0, ""move_vy"": 0.0, ""kick_power"": 0.4, ""kick_dir"": [-0.8987383570144375, -0.4384852387161096]}, {""move_vx"": -0.0, ""move_vy"": 0.0, ""kick_power"": 0.0, ""kick_dir"": null}, {""move_vx"": -4.417146051430847, ""move_vy"": 3.1062551022620286, ""kick_power"": 0.0, ""kick_dir"": null}, {""move_vx"": 2.885804342173496, ""move_vy"": 5.801942200564618, ""kick_power"": 0.0, ""kick_dir"": null}, {""move_vx"": -5.791471926575429, ""move_vy"": -0.3144088479809065, ""kick_power"": 0.0, ""kick_dir"": null}, {""move_vx"": -0.0, ""move_vy"": 0.0, ""kick_power"": 0.4, ""kick_dir"": [0.0485883457445789, 0.99881881610278]}, {""move_vx"": -7.377472874861971, ""move_vy"": -1.3501459108836464, ""kick_power"": 0.0, ""kick_dir"": null}, {""move_vx"": 6.0, ""move_vy"": 0.0, ""kick_power"": 0.0, ""kick_dir"": null}, {""move_vx"": -0.0, ""move_vy"": 0.0, ""kick_power"": 0.7, ""kick_dir"": [-0.9755731396274528, -0.21967450535732538]}, {""move_vx"": 4.242640687119285, ""move_vy"": 4.242640687119285, ""kick_power"": 0.0, ""kick_dir"": null}, {""move_vx"": -4.525483399593904, ""move_vy"": 4.525483399593904, ""kick_power"": 0.0, ""kick_dir"": null}]"
482,228,default,default,0,19.92376941819497,50.589613952279144,4,A,,25.67822599295448,0.08859541814409104,-0.023544590703130065,"[{""move_vx"": 0.0, ""move_vy"": 0.0, ""kick_power"": 0.0, ""kick_dir"": null}, {""move_vx"": 0.0, ""move_vy"": 5.8, ""kick_power"": 0.0, ""kick_dir"": null}, {""move_vx"": 5.288294060306443, ""move_vy"": -1.0926783294856708, ""kick_power"": 0.0, ""kick_dir"": null}, {""move_vx"": 3.2420482064840033, ""move_vy"": 5.610661585484716, ""kick_power"": 0.0, ""kick_dir"": null}, {""move_vx"": -1.2690380729101705, ""move_vy"": 4.763868424873261, ""kick_power"": 0.0, ""kick_dir"": null}, {""move_vx"": 0.0, ""move_vy"": 0.0, ""kick_power"": 0.4, ""kick_dir"": [-0.9337019846519268, 0.3580497226053991]}, {""move_vx"": 7.487023532626649, ""move_vy"": 0.4409973037273488, ""kick_power"": 0.0, ""kick_dir"": null}, {""move_vx"": 4.242640687119285, ""move_vy"": 4.242640687119285, ""kick_power"": 0.0, ""kick_dir"": null}, {""move_vx"": 7.551288382038522, ""move_vy"": -1.0576713909764368, ""kick_power"": 0.0, ""kick_dir"": null}, {""move_vx"": 0.0, ""move_vy"": 0.0, ""kick_power"": 0.4, ""kick_dir"": [-0.10693874145384849, 0.9942655576549728]}, {""move_vx"": 0.0, ""move_vy"": 0.0, ""kick_power"": 0.0, ""kick_dir"": null}, {""move_vx"": -0.0, ""move_vy"": 0.0, ""kick_power"": 0.4, ""kick_dir"": [-0.900043679431962, -0.43579962597628746]}, {""move_vx"": -0.0, ""move_vy"": 0.0, ""kick_power"": 0.0, ""kick_dir"": null}, {""move_vx"": -0.0, ""move_vy"": -5.4, ""kick_power"": 0.0, ""kick_dir"": null}, {""move_vx"": 2.6465380667313365, ""move_vy"": 5.914916420486596, ""kick_power"": 0.0, ""kick_dir"": null}, {""move_vx"": -4.1012193308819755, ""move_vy"": 4.1012193308819755, ""kick_power"": 0.0, ""kick_dir"": null}, {""move_vx"": -0.0, ""move_vy"": 0.0, ""kick_power"": 0.4, ""kick_dir"": [0.026125717294158895, 0.9996585940398481]}, {""move_vx"": 4.242640687119285, ""move_vy"": -4.242640687119285, ""kick_power"": 0.0, ""kick_dir"": null}, {""move_vx"": 6.0, ""move_vy"": 0.0, ""kick_power"": 0.0, ""kick_dir"": null}, {""move_vx"": -0.0, ""move_vy"": 0.0, ""kick_power"": 0.7, ""kick_dir"": [-0.9755731396274528, -0.21967450535732538]}, {""move_vx"": 4.242640687119285, ""move_vy"": 4.242640687119285, ""kick_power"": 0.0, ""kick_dir"": null}, {""move_vx"": -4.525483399593904, ""move_vy"": 4.525483399593904, ""kick_power"": 0.0, ""kick_dir"": null}]"
482,229,default,default,0,21.00446333058995,49.826296112150125,4,A,,25.674536814437605,0.2753583093093546,0.04983190974747596,"[{""move_vx"": 0.0, ""move_vy"": 0.0, ""kick_power"": 0.0, ""kick_dir"": null}, {""move_vx"": 0.0, ""move_vy"": 5.8, ""kick_power"": 0.0, ""kick_dir"": null}, {""move_vx"": 0.0, ""move_vy"": 0.0, ""kick_power"": 0.4, ""kick_dir"": [0.8141279332178858, 0.5806849162308667]}, {""move_vx"": 5.058867932973182, ""move_vy"": -1.8888767129528747, ""kick_power"": 0.0, ""kick_dir"": null}, {""move_vx"": 6.876786097518426, ""move_vy"": -1.073039127421405, ""kick_power"": 0.0, ""kick_dir"": null}, {""move_vx"": 4.313351365237939, ""move_vy"": 4.313351365237939, ""kick_power"": 0.0, ""kick_dir"": null}, {""move_vx"": 7.4879851603318865, ""move_vy"": 0.4243562638272918, ""kick_power"": 0.0, ""kick_dir"": null}, {""move_vx"": 4.242640687119285, ""move_vy"": 4.242640687119285, ""kick_power"": 0.0, ""kick_dir"": null}, {""move_vx"": 7.549876704981415, ""move_vy"": -1.0677016154239773, ""kick_power"": 0.0, ""kick_dir"": null}, {""move_vx"": 0.0, ""move_vy"": 0.0, ""kick_power"": 0.4, ""kick_dir"": [-0.08868126315592909, 0.996060001464909]}, {""move_vx"": 0.0, ""move_vy"": 0.0, ""kick_power"": 0.0, ""kick_dir"": null}, {""move_vx"": -0.0, ""move_vy"": 0.0, ""kick_power"": 0.4, ""kick_dir"": [-0.8977385540313726, -0.4405285775983322]}, {""move_vx"": -0.0, ""move_vy"": 0.0, ""kick_power"": 0.0, ""kick_dir"": null}, {""move_vx"": -3.832066881614058, ""move_vy"": 3.4105957565851615, ""kick_power"": 0.0, ""kick_dir"": null}, {""move_vx"": 2.4013277870683174, ""move_vy"": 6.018639784789714, ""kick_power"": 0.0, ""kick_dir"": null}, {""move_vx"": -4.1012193308819755, ""move_vy"": 4.1012193308819755, ""kick_power"": 0.0, ""kick_dir"": null}, {""move_vx"": -0.0, ""move_vy"": 0.0, ""kick_power"": 0.4, ""kick_dir"": [0.004569604207563942, 0.9999894896461706]}, {""move_vx"": 4.242640687119285, ""move_vy"": -4.242640687119285, ""kick_power"": 0.0, ""kick_dir"": null}, {""move_vx"": 6.0, ""move_vy"": 0.0, ""kick_power"": 0.0, ""kick_dir"": null}, {""move_vx"": -0.0, ""move_vy"": 0.0, ""kick_power"": 0.7, ""kick_dir"": [-0.9755731396274528, -0.21967450535732538]}, {""move_vx"": 4.242640687119285, ""move_vy"": 4.242640687119285, ""kick_power"": 0.0, ""kick_dir"": null}, {""move_vx"": -4.525483399593904, ""move_vy"": 4.525483399593904, ""kick_power"": 0.0, ""kick_dir"": null}]"
482,230,default,default,0,20.214346479856996,50.856047294790976,4,A,,25.68695770321075,-0.013182644169839206,-0.06274105551382254,"[{""move_vx"": 0.0, ""move_vy"": 0.0, ""kick_power"": 0.9, ""kick_dir"": [0.9592405131006732, -0.28259086944152795]}, {""move_vx"": 0.0, ""move_vy"": 5.8, ""kick_power"": 0.0, ""kick_dir"": null}, {""move_vx"": 5.2878651458373165, ""move_vy"": -1.094752117805168, ""kick_power"": 0.0, ""kick_dir"": null}, {""move_vx"": 4.752555990099848, ""move_vy"": 4.4049530713693255, ""kick_power"": 0.0, ""kick_dir"": null}, {""move_vx"": -1.5893602532152886, ""move_vy"": 4.666779830407626, ""kick_power"": 0.0, ""kick_dir"": null}, {""move_vx"": 0.0, ""move_vy"": 0.0, ""kick_power"": 1.0, ""kick_dir"": [0.9969912945865294, 0.07751332739203592]}, {""move_vx"": 7.488653188755046, ""move_vy"": 0.4123995860192904, ""kick_power"": 0.0, ""kick_dir"": null}, {""move_vx"": 0.0, ""move_vy"": 6.0, ""kick_power"": 0.0, ""kick_dir"": null}, {""move_vx"": 0.0, ""move_vy"": 0.0, ""kick_power"": 0.0, ""kick_dir"": null}, {""move_vx"": 0.0, ""move_vy"": 0.0, ""kick_power"": 0.4, ""kick_dir"": [-0.10180011234263386, 0.9948048203815962]}, {""move_vx"": 0.0, ""move_vy"": 0.0, ""kick_power"": 0.0, ""kick_dir"": null}, {""move_vx"": -4.490342946350016, ""move_vy"": -0.29465271789796565, ""kick_power"": 0.0, ""kick_dir"": null}, {""move_vx"": -0.0, ""move_vy"": 0.0, ""kick_power"": 0.0, ""kick_dir"": null}, {""move_vx"": -0.0, ""move_vy"": -5.4, ""kick_power"": 0.0, ""kick_dir"": null}, {""move_vx"": -3.8183766184073566, ""move_vy"": -3.8183766184073566, ""kick_power"": 0.0, ""kick_dir"": null}, {""move_vx"": -4.1012193308819755, ""move_vy"": 4.1012193308819755, ""kick_power"": 0.0, ""kick_dir"": null}, {""move_vx"": -0.0, ""move_vy"": 0.0, ""kick_power"": 0.4, ""kick_dir"": [-0.01610549311917679, 0.9998702299101719]}, {""move_vx"": 1.913648927910453, ""move_vy"": 5.369166395326855, ""kick_power"": 0.0, ""kick_dir"": null}, {""move_vx"": -0.0, ""move_vy"": 6.0, ""kick_power"": 0.0, ""kick_dir"": null}, {""move_vx"": -0.0, ""move_vy"": 0.0, ""kick_power"": 0.7, ""kick_dir"": [-0.9755731396274528, -0.21967450535732538]}, {""move_vx"": 4.89877029879636, ""move_vy"": 3.9613191691191254, ""kick_power"": 0.0, ""kick_dir"": null}, {""move_vx"": -0.0, ""move_vy"": 0.0, ""kick_power"": 0.0, ""kick_dir"": null}]"
482,231,default,default,0,20.018606537529234,51.143619307529285,4,A,,25.693584509799763,0.07873979482053435,-0.01722282511327803,"[{""move_vx"": 0.0, ""move_vy"": 0.0, ""kick_power"": 0.0, ""kick_dir"": null}, {""move_vx"": 0.0, ""move_vy"": 5.8, ""kick_power"": 0.0, ""kick_dir"": null}, {""move_vx"": 0.0, ""move_vy"": 0.0, ""kick_power"": 0.4, ""kick_dir"": [0.8022107239637647, 0.5970403632654401]}, {""move_vx"": 0.0, ""move_vy"": 0.0, ""kick_power"": 0.9, ""kick_dir"": [0.39912728084863075, 0.9168949850899656]}, {""move_vx"": -1.6065400718649172, ""move_vy"": 4.66089358358376, ""kick_power"": 0.0, ""kick_dir"": null}, {""move_vx"": 0.0, ""move_vy"": 0.0, ""kick_power"": 0.0, ""kick_dir"": null}, {""move_vx"": 7.4896978965634595, ""move_vy"": 0.39296999658103604, ""kick_power"": 0.0, ""kick_dir"": null}, {""move_vx"": 4.242640687119285, ""move_vy"": 4.242640687119285, ""kick_power"": 0.0, ""kick_dir"": null}, {""move_vx"": 7.548424566868994, ""move_vy"": -1.0779200147917396, ""kick_power"": 0.0, ""kick_dir"": null}, {""move_vx"": 0.0, ""move_vy"": 0.0, ""kick_power"": 0.4, ""kick_dir"": [-0.08350128017153083, 0.9965076161960378]}, {""move_vx"": 0.0, ""move_vy"": 0.0, ""kick_power"": 0.0, ""kick_dir"": null}, {""move_vx"": -0.0, ""move_vy"": 0.0, ""kick_power"": 0.4, ""kick_dir"": [-0.8953021041873108, -0.44545940487014973]}, {""move_vx"": -0.0, ""move_vy"": 0.0, ""kick_power"": 0.0, ""kick_dir"": null}, {""move_vx"": -4.385217430593521, ""move_vy"": 3.1511693204933895, ""kick_power"": 0.0, ""kick_dir"": null}, {""move_vx"": 2.735473362734047, ""move_vy"": 5.874315745835637, ""kick_power"": 0.0, ""kick_dir"": null}, {""move_vx"": -4.1012193308819755, ""move_vy"": 4.1012193308819755, ""kick_power"": 0.0, ""kick_dir"": null}, {""move_vx"": 6.0, ""move_vy"": 0.0, ""kick_power"": 0.0, ""kick_dir"": null}, {""move_vx"": -7.4217814627411025, ""move_vy"": -1.0803517572126904, ""kick_power"": 0.0, ""kick_dir"": null}, {""move_vx"": 6.0, ""move_vy"": 0.0, ""kick_power"": 0.0, ""kick_dir"": null}, {""move_vx"": -0.0, ""move_vy"": 0.0, ""kick_power"": 0.7, ""kick_dir"": [-0.9755731396274528, -0.21967450535732538]}, {""move_vx"": 4.242640687119285, ""move_vy"": 4.242640687119285, ""kick_power"": 0.0, ""kick_dir"": null}, {""move_vx"": -4.525483399593904, ""move_vy"": 4.525483399593904, ""kick_power"": 0.0, ""kick_dir"": null}]"
482,232,default,default,0,19.911503866071573,51.45434554643487,4,A,,25.69914141259624,0.09146429859647082,-0.0155277267227579,"[{""move_vx"": 0.0, ""move_vy"": 0.0, ""kick_power"": 0.0, ""kick_dir"": null}, {""move_vx"": 0.0, ""move_vy"": 5.8, ""kick_power"": 0.0, ""kick_dir"": null}, {""move_vx"": 0.0, ""move_vy"": 0.0, ""kick_power"": 0.4, ""kick_dir"": [0.8458541105220336, 0.5334136382019364]}, {""move_vx"": 0.5711832485913478, ""move_vy"": 6.454777277066083, ""kick_power"": 0.0, ""kick_dir"": null}, {""move_vx"": -1.6065400718649183, ""move_vy"": 4.660893583583759, ""kick_power"": 0.0, ""kick_dir"": null}, {""move_vx"": 0.0, ""move_vy"": 0.0, ""kick_power"": 0.0, ""kick_dir"": null}, {""move_vx"": 7.490736634057832, ""move_vy"": 0.37264551410682023, ""kick_power"": 0.0, ""kick_dir"": null}, {""move_vx"": 4.242640687119285, ""move_vy"": 4.242640687119285, ""kick_power"": 0.0, ""kick_dir"": null}, {""move_vx"": 7.546930425730563, ""move_vy"": -1.0883318194293012, ""kick_power"": 0.0, ""kick_dir"": null}, {""move_vx"": 0.0, ""move_vy"": 0.0, ""kick_power"": 0.4, ""kick_dir"": [-0.0965959389428244, 0.995323624802497]}, {""move_vx"": 0.0, ""move_vy"": 0.0, ""kick_power"": 0.0, ""kick_dir"": null}, {""move_vx"": -0.0, ""move_vy"": 0.0, ""kick_power"": 0.4, ""kick_dir"": [-0.8966157511306505, -0.44280936520959285]}, {""move_vx"": -0.0, ""move_vy"": 0.0, ""kick_power"": 0.0, ""kick_dir"": null}, {""move_vx"": -0.0, ""move_vy"": -5.4, ""kick_power"": 0.0, ""kick_dir"": null}, {""move_vx"": 2.402038486085613, ""move_vy"": 6.018356180167766, ""kick_power"": 0.0, ""kick_dir"": null}, {""move_vx"": -4.1012193308819755, ""move_vy"": 4.1012193308819755, ""kick_power"": 0.0, ""kick_dir"": null}, {""move_vx"": -0.0, ""move_vy"": 0.0, ""kick_power"": 0.4, ""kick_dir"": [-0.06256726585274039, 0.998040682441899]}, {""move_vx"": 4.242640687119285, ""move_vy"": -4.242640687119285, ""kick_power"": 0.0, ""kick_dir"": null}, {""move_vx"": -0.0, ""move_vy"": 0.0, ""kick_power"": 0.0, ""kick_dir"": null}, {""move_vx"": -0.0, ""move_vy"": 0.0, ""kick_power"": 0.7, ""kick_dir"": [-0.9755731396274528, -0.21967450535732538]}, {""move_vx"": 4.600464286925616, ""move_vy"": 4.304152453703515, ""kick_power"": 0.0, ""kick_dir"": null}, {""move_vx"": -4.525483399593904, ""move_vy"": 4.525483399593904, ""kick_power"": 0.0, ""kick_dir"": null}]"
482,233,default,default,0,19.804401194613913,51.76507178534046,4,A,,25.708433113353195,0.09454482563670721,-0.01400431872989696,"[{""move_vx"": 5.0, ""move_vy"": 0.0, ""kick_power"": 0.0, ""kick_dir"": null}, {""move_vx"": 0.0, ""move_vy"": 5.8, ""kick_power"": 0.0, ""kick_dir"": null}, {""move_vx"": 0.0, ""move_vy"": 0.0, ""kick_power"": 0.4, ""kick_dir"": [0.8804482609430144, 0.4741415277091174]}, {""move_vx"": 0.24940066543360087, ""move_vy"": 6.475198785217431, ""kick_power"": 0.0, ""kick_dir"": null}, {""move_vx"": -1.6065400718649199, ""move_vy"": 4.660893583583759, ""kick_power"": 0.0, ""kick_dir"": null}, {""move_vx"": 0.0, ""move_vy"": 0.0, ""kick_power"": 0.0, ""kick_dir"": null}, {""move_vx"": 7.491627987868277, ""move_vy"": 0.35427403431341103, ""kick_power"": 0.0, ""kick_dir"": null}, {""move_vx"": 4.242640687119285, ""move_vy"": 4.242640687119285, ""kick_power"": 0.0, ""kick_dir"": null}, {""move_vx"": 7.545392666392131, ""move_vy"": -1.0989424507024208, ""kick_power"": 0.0, ""kick_dir"": null}, {""move_vx"": 0.0, ""move_vy"": 0.0, ""kick_power"": 0.4, ""kick_dir"": [-0.10949307735716475, 0.9939875050144842]}, {""move_vx"": 0.0, ""move_vy"": 0.0, ""kick_power"": 0.9, ""kick_dir"": [0.26847480407815366, 0.9632864205610774]}, {""move_vx"": -0.0, ""move_vy"": 0.0, ""kick_power"": 0.4, ""kick_dir"": [-0.8942895154846076, -0.4474887727937832]}, {""move_vx"": -0.0, ""move_vy"": 0.0, ""kick_power"": 0.0, ""kick_dir"": null}, {""move_vx"": -4.368009830791914, ""move_vy"": 3.1749787586856706, ""kick_power"": 0.0, ""kick_dir"": null}, {""move_vx"": 2.149347781936889, ""move_vy"": 6.113158276397151, ""kick_power"": 0.0, ""kick_dir"": null}, {""move_vx"": -4.1012193308819755, ""move_vy"": 4.1012193308819755, ""kick_power"": 0.0, ""kick_dir"": null}, {""move_vx"": -0.0, ""move_vy"": 0.0, ""kick_power"": 0.4, ""kick_dir"": [-0.08095351961876128, 0.9967178121404252]}, {""move_vx"": 4.242640687119285, ""move_vy"": -4.242640687119285, ""kick_power"": 0.0, ""kick_dir"": null}, {""move_vx"": 6.0, ""move_vy"": 0.0, ""kick_power"": 0.0, ""kick_dir"": null}, {""move_vx"": -0.0, ""move_vy"": 0.0, ""kick_power"": 0.7, ""kick_dir"": [-0.9755731396274528, -0.21967450535732538]}, {""move_vx"": 4.242640687119285, ""move_vy"": 4.242640687119285, ""kick_power"": 0.0, ""kick_dir"": null}, {""move_vx"": -4.525483399593904, ""move_vy"": 4.525483399593904, ""kick_power"": 0.0, ""kick_dir"": null}]"
482,234,default,default,0,19.737876729402743,52.144709772250536,4,A,,25.71238043672841,0.08498428772396563,-0.022498771913936618,"[{""move_vx"": 0.0, ""move_vy"": 0.0, ""kick_power"": 0.0, ""kick_dir"": null}, {""move_vx"": 0.0, ""move_vy"": 5.8, ""kick_power"": 0.0, ""kick_dir"": null}, {""move_vx"": 5.286325783025592, ""move_vy"": -1.102161383699714, ""kick_power"": 0.0, ""kick_dir"": null}, {""move_vx"": -0.05035312943878873, ""move_vy"": 6.479804361426024, ""kick_power"": 0.0, ""kick_dir"": null}, {""move_vx"": -1.6065400718649216, ""move_vy"": 4.660893583583758, ""kick_power"": 0.0, ""kick_dir"": null}, {""move_vx"": 0.0, ""move_vy"": 0.0, ""kick_power"": 0.0, ""kick_dir"": null}, {""move_vx"": 7.492216365916727, ""move_vy"": 0.3416049272032486, ""kick_power"": 0.0, ""kick_dir"": null}, {""move_vx"": 4.242640687119285, ""move_vy"": 4.242640687119285, ""kick_power"": 0.0, ""kick_dir"": null}, {""move_vx"": 7.543809596324202, ""move_vy"": -1.1097575295562896, ""kick_power"": 0.0, ""kick_dir"": null}, {""move_vx"": 0.0, ""move_vy"": 0.0, ""kick_power"": 0.4, ""kick_dir"": [-0.12218369596648461, 0.9925074504394203]}, {""move_vx"": 0.0, ""move_vy"": 0.0, ""kick_power"": 0.0, ""kick_dir"": null}, {""move_vx"": -0.0, ""move_vy"": 0.0, ""kick_power"": 0.4, ""kick_dir"": [-0.8919499019627475, -0.4521341746202608]}, {""move_vx"": -0.0, ""move_vy"": 0.0, ""kick_power"": 0.0, ""kick_dir"": null}, {""move_vx"": -0.0, ""move_vy"": -5.4, ""kick_power"": 0.0, ""kick_dir"": null}, {""move_vx"": 1.8972365898606343, ""move_vy"": 6.19603851844822, ""kick_power"": 0.0, ""kick_dir"": null}, {""move_vx"": -4.1012193308819755, ""move_vy"": 4.1012193308819755, ""kick_power"": 0.0, ""kick_dir"": null}, {""move_vx"": -0.0, ""move_vy"": 0.0, ""kick_power"": 0.4, ""kick_dir"": [-0.09854957565672468, 0.9951320782944363]}, {""move_vx"": 4.242640687119285, ""move_vy"": -4.242640687119285, ""kick_power"": 0.0, ""kick_dir"": null}, {""move_vx"": 6.0, ""move_vy"": 0.0, ""kick_power"": 0.0, ""kick_dir"": null}, {""move_vx"": -0.0, ""move_vy"": 0.0, ""kick_power"": 0.7, ""kick_dir"": [-0.9755731396274528, -0.21967450535732538]}, {""move_vx"": 4.482277632115583, ""move_vy"": 4.427096930115302, ""kick_power"": 0.0, ""kick_dir"": null}, {""move_vx"": -4.525483399593904, ""move_vy"": 4.525483399593904, ""kick_power"": 0.0, ""kick_dir"": null}]"
482,235,default,default,0,19.62232048827798,52.51437968028931,4,A,,25.717408511804855,0.07979602672876668,-0.014738353981869252,"[{""move_vx"": 0.0, ""move_vy"": 0.0, ""kick_power"": 0.0, ""kick_dir"": null}, {""move_vx"": 0.0, ""move_vy"": 5.8, ""kick_power"": 0.0, ""kick_dir"": null}, {""move_vx"": 5.286325783025592, ""move_vy"": -1.102161383699714, ""kick_power"": 0.0, ""kick_dir"": null}, {""move_vx"": -0.2017866328580399, ""move_vy"": 6.476857428938808, ""kick_power"": 0.0, ""kick_dir"": null}, {""move_vx"": -1.6238355359425656, ""move_vy"": 4.654896148380769, ""kick_power"": 0.0, ""kick_dir"": null}, {""move_vx"": 0.0, ""move_vy"": 0.0, ""kick_power"": 0.0, ""kick_dir"": null}, {""move_vx"": 7.49238753423138, ""move_vy"": 0.3378298934289817, ""kick_power"": 0.0, ""kick_dir"": null}, {""move_vx"": 4.242640687119285, ""move_vy"": 4.242640687119285, ""kick_power"": 0.0, ""kick_dir"": null}, {""move_vx"": 7.542179441216302, ""move_vy"": -1.1207828855287514, ""kick_power"": 0.0, ""kick_dir"": null}, {""move_vx"": 0.0, ""move_vy"": 0.0, ""kick_power"": 0.4, ""kick_dir"": [-0.10425490521202949, 0.9945505562050325]}, {""move_vx"": 0.0, ""move_vy"": 0.0, ""kick_power"": 0.0, ""kick_dir"": null}, {""move_vx"": -0.0, ""move_vy"": 0.0, ""kick_power"": 0.4, ""kick_dir"": [-0.8932597392277951, -0.4495408520760375]}, {""move_vx"": -4.1012193308819755, ""move_vy"": 4.1012193308819755, ""kick_power"": 0.0, ""kick_dir"": null}, {""move_vx"": -4.3506935229691495, ""move_vy"": 3.198666264116076, ""kick_power"": 0.0, ""kick_dir"": null}, {""move_vx"": 1.6750159238599525, ""move_vy"": 6.259770096003175, ""kick_power"": 0.0, ""kick_dir"": null}, {""move_vx"": -4.1012193308819755, ""move_vy"": 4.1012193308819755, ""kick_power"": 0.0, ""kick_dir"": null}, {""move_vx"": -0.0, ""move_vy"": 0.0, ""kick_power"": 0.4, ""kick_dir"": [-0.11538978810927775, 0.9933202260969647]}, {""move_vx"": 4.242640687119285, ""move_vy"": -4.242640687119285, ""kick_power"": 0.0, ""kick_dir"": null}, {""move_vx"": 6.0, ""move_vy"": 0.0, ""kick_power"": 0.0, ""kick_dir"": null}, {""move_vx"": -0.0, ""move_vy"": 0.0, ""kick_power"": 0.7, ""kick_dir"": [-0.9755731396274528, -0.21967450535732538]}, {""move_vx"": 4.242640687119285, ""move_vy"": 4.242640687119285, ""kick_power"": 0.0, ""kick_dir"": null}, {""move_vx"": -4.525483399593904, ""move_vy"": 4.525483399593904, ""kick_power"": 0.0, ""kick_dir"": null}]"
482,236,default,default,0,19.50387105107109,52.88161728223184,4,A,,25.722805841189565,0.08409052121809409,-0.011364241583016193,"[{""move_vx"": 0.0, ""move_vy"": 0.0, ""kick_power"": 0.0, ""kick_dir"": null}, {""move_vx"": 0.0, ""move_vy"": 5.8, ""kick_power"": 0.0, ""kick_dir"": null}, {""move_vx"": 0.0, ""move_vy"": 0.0, ""kick_power"": 0.4, ""kick_dir"": [0.8269570605250637, 0.5622644023717642]}, {""move_vx"": -0.45700565767322804, ""move_vy"": 6.46386462024497, ""kick_power"": 0.0, ""kick_dir"": null}, {""move_vx"": -1.6415563494557568, ""move_vy"": 4.648676451589364, ""kick_power"": 0.0, ""kick_dir"": null}, {""move_vx"": 0.0, ""move_vy"": 0.0, ""kick_power"": 0.0, ""kick_dir"": null}, {""move_vx"": 7.492387534231379, ""move_vy"": 0.3378298934289819, ""kick_power"": 0.0, ""kick_dir"": null}, {""move_vx"": 4.242640687119285, ""move_vy"": 4.242640687119285, ""kick_power"": 0.0, ""kick_dir"": null}, {""move_vx"": 7.540500340257844, ""move_vy"": -1.1320245662402084, ""kick_power"": 0.0, ""kick_dir"": null}, {""move_vx"": 0.0, ""move_vy"": 0.0, ""kick_power"": 0.4, ""kick_dir"": [-0.08608192823881795, 0.9962880081269897]}, {""move_vx"": 0.0, ""move_vy"": 0.0, ""kick_power"": 0.0, ""kick_dir"": null}, {""move_vx"": -0.0, ""move_vy"": 0.0, ""kick_power"": 0.4, ""kick_dir"": [-0.8958798530570204, -0.4442963298345219]}, {""move_vx"": -4.1012193308819755, ""move_vy"": 4.1012193308819755, ""kick_power"": 0.0, ""kick_dir"": null}, {""move_vx"": -4.3506935229691495, ""move_vy"": 3.1986662641160755, ""kick_power"": 0.0, ""kick_dir"": null}, {""move_vx"": 1.4032086647830646, ""move_vy"": 6.326247342862729, ""kick_power"": 0.0, ""kick_dir"": null}, {""move_vx"": -4.1012193308819755, ""move_vy"": 4.1012193308819755, ""kick_power"": 0.0, ""kick_dir"": null}, {""move_vx"": -0.0, ""move_vy"": 0.0, ""kick_power"": 0.4, ""kick_dir"": [-0.13150816230936224, 0.9913150259147514]}, {""move_vx"": 4.242640687119285, ""move_vy"": -4.242640687119285, ""kick_power"": 0.0, ""kick_dir"": null}, {""move_vx"": -0.0, ""move_vy"": 0.0, ""kick_power"": 0.0, ""kick_dir"": null}, {""move_vx"": -0.0, ""move_vy"": 0.0, ""kick_power"": 0.7, ""kick_dir"": [-0.9755731396274528, -0.21967450535732538]}, {""move_vx"": 4.242640687119285, ""move_vy"": 4.242640687119285, ""kick_power"": 0.0, ""kick_dir"": null}, {""move_vx"": -4.525483399593904, ""move_vy"": 4.525483399593904, ""kick_power"": 0.0, ""kick_dir"": null}]"
482,237,default,default,0,19.38311181778738,53.246877199113975,4,A,,25.728352460054953,0.08192322317097624,-0.01553408905867663,"[{""move_vx"": 0.0, ""move_vy"": 0.0, ""kick_power"": 0.0, ""kick_dir"": null}, {""move_vx"": 0.0, ""move_vy"": 5.8, ""kick_power"": 0.0, ""kick_dir"": null}, {""move_vx"": 5.928115358454304, ""move_vy"": 0.3755639717254777, ""kick_power"": 0.0, ""kick_dir"": null}, {""move_vx"": -0.6826663773128138, ""move_vy"": 6.443940302120016, ""kick_power"": 0.0, ""kick_dir"": null}, {""move_vx"": -1.6578934454569456, ""move_vy"": 4.642875113925734, ""kick_power"": 0.0, ""kick_dir"": null}, {""move_vx"": 0.0, ""move_vy"": 0.0, ""kick_power"": 0.0, ""kick_dir"": null}, {""move_vx"": 7.492387534231379, ""move_vy"": 0.3378298934289822, ""kick_power"": 0.0, ""kick_dir"": null}, {""move_vx"": 5.934726080929046, ""move_vy"": 0.8826246905341819, ""kick_power"": 0.0, ""kick_dir"": null}, {""move_vx"": 7.538770341103233, ""move_vy"": -1.143488847388658, ""kick_power"": 0.0, ""kick_dir"": null}, {""move_vx"": -2.378510829888839, ""move_vy"": 5.833754042818527, ""kick_power"": 0.0, ""kick_dir"": null}, {""move_vx"": 0.0, ""move_vy"": 0.0, ""kick_power"": 0.0, ""kick_dir"": null}, {""move_vx"": -0.0, ""move_vy"": 0.0, ""kick_power"": 0.4, ""kick_dir"": [-0.8984307073314026, -0.43911525177889993]}, {""move_vx"": -4.1012193308819755, ""move_vy"": 4.1012193308819755, ""kick_power"": 0.0, ""kick_dir"": null}, {""move_vx"": -4.35069352296915, ""move_vy"": 3.1986662641160755, ""kick_power"": 0.0, ""kick_dir"": null}, {""move_vx"": 1.1395337520004203, ""move_vy"": 6.379017387345158, ""kick_power"": 0.0, ""kick_dir"": null}, {""move_vx"": -4.1012193308819755, ""move_vy"": 4.1012193308819755, ""kick_power"": 0.0, ""kick_dir"": null}, {""move_vx"": -0.0, ""move_vy"": 0.0, ""kick_power"": 0.4, ""kick_dir"": [-0.1469380759432098, 0.9891456322032657]}, {""move_vx"": 4.242640687119285, ""move_vy"": -4.242640687119285, ""kick_power"": 0.0, ""kick_dir"": null}, {""move_vx"": 6.0, ""move_vy"": 0.0, ""kick_power"": 0.0, ""kick_dir"": null}, {""move_vx"": -0.0, ""move_vy"": 0.0, ""kick_power"": 0.7, ""kick_dir"": [-0.9755731396274528, -0.21967450535732538]}, {""move_vx"": 4.242640687119285, ""move_vy"": 4.242640687119285, ""kick_power"": 0.0, ""kick_dir"": null}, {""move_vx"": -4.525483399593904, ""move_vy"": 4.525483399593904, ""kick_power"": 0.0, ""kick_dir"": null}]"
482,238,default,default,0,19.260268660698483,53.61046753169156,4,A,,25.733956179001673,0.08484236357815936,-0.022021730325062012,"[{""move_vx"": 0.0, ""move_vy"": 0.0, ""kick_power"": 0.0, ""kick_dir"": null}, {""move_vx"": 0.0, ""move_vy"": 5.8, ""kick_power"": 0.0, ""kick_dir"": null}, {""move_vx"": 0.0, ""move_vy"": 0.0, ""kick_power"": 0.4, ""kick_dir"": [0.8296888461945713, 0.5582254026907554]}, {""move_vx"": -0.8814519966476826, ""move_vy"": 6.419769651444344, ""kick_power"": 0.0, ""kick_dir"": null}, {""move_vx"": -1.6731337815979315, ""move_vy"": 4.637404807527138, ""kick_power"": 0.0, ""kick_dir"": null}, {""move_vx"": 0.0, ""move_vy"": 0.0, ""kick_power"": 0.0, ""kick_dir"": null}, {""move_vx"": 7.492387534231379, ""move_vy"": 0.33782989342898245, ""kick_power"": 0.0, ""kick_dir"": null}, {""move_vx"": 5.934726080929048, ""move_vy"": 0.882624690534181, ""kick_power"": 0.0, ""kick_dir"": null}, {""move_vx"": 0.0, ""move_vy"": 0.0, ""kick_power"": 0.65, ""kick_dir"": [0.31047940236423827, -0.9505798211854656]}, {""move_vx"": 0.0, ""move_vy"": 0.0, ""kick_power"": 0.4, ""kick_dir"": [-0.0711620801394432, 0.9974647112192144]}, {""move_vx"": 0.0, ""move_vy"": 0.0, ""kick_power"": 0.0, ""kick_dir"": null}, {""move_vx"": -0.0, ""move_vy"": 0.0, ""kick_power"": 0.4, ""kick_dir"": [-0.9009145886575577, -0.4339963646892617]}, {""move_vx"": -4.1012193308819755, ""move_vy"": 4.1012193308819755, ""kick_power"": 0.0, ""kick_dir"": null}, {""move_vx"": -0.0, ""move_vy"": -5.4, ""kick_power"": 0.0, ""kick_dir"": null}, {""move_vx"": 0.8854787739408393, ""move_vy"": 6.419215477057943, ""kick_power"": 0.0, ""kick_dir"": null}, {""move_vx"": -4.1012193308819755, ""move_vy"": 4.1012193308819755, ""kick_power"": 0.0, ""kick_dir"": null}, {""move_vx"": -0.0, ""move_vy"": 0.0, ""kick_power"": 0.65, ""kick_dir"": [0.0744530017941499, 0.99722446399509]}, {""move_vx"": 4.242640687119285, ""move_vy"": -4.242640687119285, ""kick_power"": 0.0, ""kick_dir"": null}, {""move_vx"": 6.0, ""move_vy"": 0.0, ""kick_power"": 0.0, ""kick_dir"": null}, {""move_vx"": -0.0, ""move_vy"": 0.0, ""kick_power"": 0.7, ""kick_dir"": [-0.9755731396274528, -0.21967450535732538]}, {""move_vx"": 4.242640687119285, ""move_vy"": 4.242640687119285, ""kick_power"": 0.0, ""kick_dir"": null}, {""move_vx"": -4.525483399593904, ""move_vy"": 4.525483399593904, ""kick_power"": 0.0, ""kick_dir"": null}]"
482,239,default,default,0,19.135518548196636,53.9726373607927,4,A,,25.73957380222653,0.08459035774923732,-0.016306694243677977,"[{""move_vx"": 0.0, ""move_vy"": 0.0, ""kick_power"": 0.0, ""kick_dir"": null}, {""move_vx"": 0.0, ""move_vy"": 5.8, ""kick_power"": 0.0, ""kick_dir"": null}, {""move_vx"": 0.0, ""move_vy"": 0.0, ""kick_power"": 0.4, ""kick_dir"": [0.8723044381909173, 0.4889623727854143]}, {""move_vx"": -1.056636182214413, ""move_vy"": 6.393271461343978, ""kick_power"": 0.0, ""kick_dir"": null}, {""move_vx"": -1.687525707471213, ""move_vy"": 4.632187062999915, ""kick_power"": 0.0, ""kick_dir"": null}, {""move_vx"": -5.519297993595179, ""move_vy"": 3.2498268658339664, ""kick_power"": 0.0, ""kick_dir"": null}, {""move_vx"": 7.492387534231379, ""move_vy"": 0.3378298934289827, ""kick_power"": 0.0, ""kick_dir"": null}, {""move_vx"": 5.934726080929047, ""move_vy"": 0.8826246905341801, ""kick_power"": 0.0, ""kick_dir"": null}, {""move_vx"": 7.5369873944972365, ""move_vy"": -1.155182243280147, ""kick_power"": 0.0, ""kick_dir"": null}, {""move_vx"": 0.0, ""move_vy"": 0.0, ""kick_power"": 0.4, ""kick_dir"": [-0.08433478340280355, 0.9964374223706189]}, {""move_vx"": 0.0, ""move_vy"": 0.0, ""kick_power"": 0.0, ""kick_dir"": null}, {""move_vx"": -0.0, ""move_vy"": 0.0, ""kick_power"": 0.4, ""kick_dir"": [-0.90333366100408, -0.42893850131565087]}, {""move_vx"": -4.1012193308819755, ""move_vy"": 4.1012193308819755, ""kick_power"": 0.0, ""kick_dir"": null}, {""move_vx"": -4.333031738253015, ""move_vy"": 3.2225511563498963, ""kick_power"": 0.0, ""kick_dir"": null}, {""move_vx"": 0.6419241467268757, ""move_vy"": 6.4481263472305645, ""kick_power"": 0.0, ""kick_dir"": null}, {""move_vx"": -4.1012193308819755, ""move_vy"": 4.1012193308819755, ""kick_power"": 0.0, ""kick_dir"": null}, {""move_vx"": -0.0, ""move_vy"": 0.0, ""kick_power"": 0.4, ""kick_dir"": [-0.1758616718408177, 0.9844148297574857]}, {""move_vx"": 4.242640687119285, ""move_vy"": -4.242640687119285, ""kick_power"": 0.0, ""kick_dir"": null}, {""move_vx"": 6.0, ""move_vy"": 0.0, ""kick_power"": 0.0, ""kick_dir"": null}, {""move_vx"": -0.0, ""move_vy"": 0.0, ""kick_power"": 0.7, ""kick_dir"": [-0.9755731396274528, -0.21967450535732538]}, {""move_vx"": 4.242640687119285, ""move_vy"": 4.242640687119285, ""kick_power"": 0.0, ""kick_dir"": null}, {""move_vx"": -4.525483399593904, ""move_vy"": 4.525483399593904, ""kick_power"": 0.0, ""kick_dir"": null}]"
482,240,default,default,0,19.00865268105558,54.334912816410515,4,A,,25.748369344751456,0.08601027399225317,-0.01866773247954619,"[{""move_vx"": 5.0, ""move_vy"": 0.0, ""kick_power"": 0.0, ""kick_dir"": null}, {""move_vx"": 0.0, ""move_vy"": 5.8, ""kick_power"": 0.0, ""kick_dir"": null}, {""move_vx"": 5.929242581697488, ""move_vy"": 0.35732675156685345, ""kick_power"": 0.0, ""kick_dir"": null}, {""move_vx"": -1.21117210225014, ""move_vy"": 6.365804123496966, ""kick_power"": 0.0, ""kick_dir"": null}, {""move_vx"": -1.7012932765735171, ""move_vy"": 4.627148278052665, ""kick_power"": 0.0, ""kick_dir"": null}, {""move_vx"": 0.0, ""move_vy"": 0.0, ""kick_power"": 0.0, ""kick_dir"": null}, {""move_vx"": 7.49238753423138, ""move_vy"": 0.337829893428983, ""kick_power"": 0.0, ""kick_dir"": null}, {""move_vx"": 0.0, ""move_vy"": 0.0, ""kick_power"": 0.4, ""kick_dir"": [0.9710785200716009, -0.23876026581747548]}, {""move_vx"": 0.0, ""move_vy"": 0.0, ""kick_power"": 0.65, ""kick_dir"": [0.21368461087955276, -0.9769024146451262]}, {""move_vx"": 0.0, ""move_vy"": 0.0, ""kick_power"": 0.4, ""kick_dir"": [-0.09729639030893188, 0.9952553971026376]}, {""move_vx"": 0.0, ""move_vy"": 0.0, ""kick_power"": 0.0, ""kick_dir"": null}, {""move_vx"": -0.0, ""move_vy"": 0.0, ""kick_power"": 0.4, ""kick_dir"": [-0.9056899790884856, -0.4239405656255833]}, {""move_vx"": -4.1012193308819755, ""move_vy"": 4.1012193308819755, ""kick_power"": 0.0, ""kick_dir"": null}, {""move_vx"": -0.0, ""move_vy"": -5.4, ""kick_power"": 0.0, ""kick_dir"": null}, {""move_vx"": 0.40951629912457416, ""move_vy"": 6.467046961384408, ""kick_power"": 0.0, ""kick_dir"": null}, {""move_vx"": -4.1012193308819755, ""move_vy"": 4.1012193308819755, ""kick_power"": 0.0, ""kick_dir"": null}, {""move_vx"": -0.0, ""move_vy"": 0.0, ""kick_power"": 0.65, ""kick_dir"": [0.03730885677976735, 0.9993037246821919]}, {""move_vx"": 4.242640687119285, ""move_vy"": -4.242640687119285, ""kick_power"": 0.0, ""kick_dir"": null}, {""move_vx"": -4.242640687119285, ""move_vy"": -4.242640687119285, ""kick_power"": 0.0, ""kick_dir"": null}, {""move_vx"": -6.4, ""move_vy"": 0.0, ""kick_power"": 0.0, ""kick_dir"": null}, {""move_vx"": 4.242640687119285, ""move_vy"": 4.242640687119285, ""kick_power"": 0.0, ""kick_dir"": null}, {""move_vx"": -4.525483399593904, ""move_vy"": 4.525483399593904, ""kick_power"": 0.0, ""kick_dir"": null}]"
482,241,default,default,0,18.87440203253452,54.715338124089975,4,A,,25.753570923543723,0.08023361989995931,-0.02074997838161315,"[{""move_vx"": 0.0, ""move_vy"": 0.0, ""kick_power"": 0.0, ""kick_dir"": null}, {""move_vx"": 0.0, ""move_vy"": 5.8, ""kick_power"": 0.0, ""kick_dir"": null}, {""move_vx"": 0.0, ""move_vy"": 0.0, ""kick_power"": 0.4, ""kick_dir"": [0.8777656402259041, 0.4790894062560969]}, {""move_vx"": -1.3826120727867217, ""move_vy"": 6.330780667199299, ""kick_power"": 0.0, ""kick_dir"": null}, {""move_vx"": -1.7149504242743652, ""move_vy"": 4.622103962729653, ""kick_power"": 0.0, ""kick_dir"": null}, {""move_vx"": 0.0, ""move_vy"": 0.0, ""kick_power"": 0.0, ""kick_dir"": null}, {""move_vx"": 7.492387534231379, ""move_vy"": 0.33782989342898323, ""kick_power"": 0.0, ""kick_dir"": null}, {""move_vx"": 5.934726080929047, ""move_vy"": 0.882624690534179, ""kick_power"": 0.0, ""kick_dir"": null}, {""move_vx"": 0.0, ""move_vy"": 0.0, ""kick_power"": 0.65, ""kick_dir"": [0.21368461087955276, -0.9769024146451262]}, {""move_vx"": 0.0, ""move_vy"": 0.0, ""kick_power"": 0.4, ""kick_dir"": [-0.07619754205374522, 0.9970926875439373]}, {""move_vx"": 0.0, ""move_vy"": 0.0, ""kick_power"": 0.0, ""kick_dir"": null}, {""move_vx"": -0.0, ""move_vy"": 0.0, ""kick_power"": 0.4, ""kick_dir"": [-0.9079854990596539, -0.4190015218204335]}, {""move_vx"": -4.1012193308819755, ""move_vy"": 4.1012193308819755, ""kick_power"": 0.0, ""kick_dir"": null}, {""move_vx"": -3.8183766184073566, ""move_vy"": 3.8183766184073566, ""kick_power"": 0.0, ""kick_dir"": null}, {""move_vx"": 0.20053381921921573, ""move_vy"": 6.476896339092463, ""kick_power"": 0.0, ""kick_dir"": null}, {""move_vx"": -4.1012193308819755, ""move_vy"": 4.1012193308819755, ""kick_power"": 0.0, ""kick_dir"": null}, {""move_vx"": -0.0, ""move_vy"": 0.0, ""kick_power"": 0.4, ""kick_dir"": [0.8883100399900629, -0.45924411798699466]}, {""move_vx"": 4.242640687119285, ""move_vy"": -4.242640687119285, ""kick_power"": 0.0, ""kick_dir"": null}, {""move_vx"": 6.0, ""move_vy"": 0.0, ""kick_power"": 0.0, ""kick_dir"": null}, {""move_vx"": -6.4, ""move_vy"": 0.0, ""kick_power"": 0.0, ""kick_dir"": null}, {""move_vx"": 4.242640687119285, ""move_vy"": 4.242640687119285, ""kick_power"": 0.0, ""kick_dir"": null}, {""move_vx"": -4.525483399593904, ""move_vy"": 4.525483399593904, ""kick_power"": 0.0, ""kick_dir"": null}]"
482,242,default,default,0,18.73624447642656,55.09583190685695,4,A,,25.762151014905672,0.07813862364361052,-0.028411567840516416,"[{""move_vx"": 5.0, ""move_vy"": 0.0, ""kick_power"": 0.0, ""kick_dir"": null}, {""move_vx"": 0.0, ""move_vy"": 5.8, ""kick_power"": 0.0, ""kick_dir"": null}, {""move_vx"": 5.9297851404406, ""move_vy"": 0.34820710534085836, ""kick_power"": 0.0, ""kick_dir"": null}, {""move_vx"": -1.5716874514741845, ""move_vy"": 6.286509250361331, ""kick_power"": 0.0, ""kick_dir"": null}, {""move_vx"": -1.732379114285936, ""move_vy"": 4.615599918145622, ""kick_power"": 0.0, ""kick_dir"": null}, {""move_vx"": 0.0, ""move_vy"": 0.0, ""kick_power"": 0.0, ""kick_dir"": null}, {""move_vx"": 7.49238753423138, ""move_vy"": 0.33782989342898356, ""kick_power"": 0.0, ""kick_dir"": null}, {""move_vx"": 5.934726080929048, ""move_vy"": 0.8826246905341782, ""kick_power"": 0.0, ""kick_dir"": null}, {""move_vx"": 0.0, ""move_vy"": 0.0, ""kick_power"": 0.65, ""kick_dir"": [0.21368461087955276, -0.9769024146451262]}, {""move_vx"": 0.0, ""move_vy"": 0.0, ""kick_power"": 0.4, ""kick_dir"": [-0.08915748044576156, 0.9960174884336443]}, {""move_vx"": 0.0, ""move_vy"": 0.0, ""kick_power"": 0.0, ""kick_dir"": null}, {""move_vx"": -0.0, ""move_vy"": 0.0, ""kick_power"": 0.4, ""kick_dir"": [-0.9646034012054324, -0.2637047879883767]}, {""move_vx"": -4.1012193308819755, ""move_vy"": 4.1012193308819755, ""kick_power"": 0.0, ""kick_dir"": null}, {""move_vx"": -0.0, ""move_vy"": -5.4, ""kick_power"": 0.0, ""kick_dir"": null}, {""move_vx"": 0.008770663717790821, ""move_vy"": 6.479994064461629, ""kick_power"": 0.0, ""kick_dir"": null}, {""move_vx"": -4.1012193308819755, ""move_vy"": 4.1012193308819755, ""kick_power"": 0.0, ""kick_dir"": null}, {""move_vx"": -0.0, ""move_vy"": 0.0, ""kick_power"": 0.65, ""kick_dir"": [0.9270348153296466, -0.37497514046218244]}, {""move_vx"": 4.242640687119285, ""move_vy"": -4.242640687119285, ""kick_power"": 0.0, ""kick_dir"": null}, {""move_vx"": 6.0, ""move_vy"": 0.0, ""kick_power"": 0.0, ""kick_dir"": null}, {""move_vx"": -6.4, ""move_vy"": 0.0, ""kick_power"": 0.0, ""kick_dir"": null}, {""move_vx"": 4.242640687119285, ""move_vy"": 4.242640687119285, ""kick_power"": 0.0, ""kick_dir"": null}, {""move_vx"": -5.722685611481023, ""move_vy"": -0.6545757344632216, ""kick_power"": 0.0, ""kick_dir"": null}]"
482,243,default,default,0,18.607553636412696,55.398681158868364,4,A,,25.771684539304083,0.0822889177760563,-0.020196186556003633,"[{""move_vx"": 6.406131909135256, ""move_vy"": 1.100669779161343, ""kick_power"": 0.0, ""kick_dir"": null}, {""move_vx"": 0.0, ""move_vy"": 5.8, ""kick_power"": 0.0, ""kick_dir"": null}, {""move_vx"": 0.0, ""move_vy"": 0.0, ""kick_power"": 0.4, ""kick_dir"": [0.8837778114707097, 0.467905859239303]}, {""move_vx"": 3.8183766184073566, ""move_vy"": -3.8183766184073566, ""kick_power"": 0.0, ""kick_dir"": null}, {""move_vx"": -1.7488400325000362, ""move_vy"": 4.609388087449924, ""kick_power"": 0.0, ""kick_dir"": null}, {""move_vx"": 0.0, ""move_vy"": 0.0, ""kick_power"": 0.0, ""kick_dir"": null}, {""move_vx"": 7.492387534231379, ""move_vy"": 0.3378298934289839, ""kick_power"": 0.0, ""kick_dir"": null}, {""move_vx"": 5.934726080929047, ""move_vy"": 0.8826246905341772, ""kick_power"": 0.0, ""kick_dir"": null}, {""move_vx"": 0.0, ""move_vy"": 0.0, ""kick_power"": 0.65, ""kick_dir"": [0.21368461087955276, -0.9769024146451262]}, {""move_vx"": 0.0, ""move_vy"": 0.0, ""kick_power"": 0.4, ""kick_dir"": [-0.0681524069153588, 0.9976748683672897]}, {""move_vx"": 0.0, ""move_vy"": 0.0, ""kick_power"": 0.0, ""kick_dir"": null}, {""move_vx"": -0.0, ""move_vy"": 0.0, ""kick_power"": 0.4, ""kick_dir"": [-0.9620726784000917, -0.2727931407699399]}, {""move_vx"": -4.1012193308819755, ""move_vy"": 4.1012193308819755, ""kick_power"": 0.0, ""kick_dir"": null}, {""move_vx"": -0.0, ""move_vy"": -5.4, ""kick_power"": 0.0, ""kick_dir"": null}, {""move_vx"": -0.17189619443853227, ""move_vy"": 6.4777196372132035, ""kick_power"": 0.0, ""kick_dir"": null}, {""move_vx"": -4.1012193308819755, ""move_vy"": 4.1012193308819755, ""kick_power"": 0.0, ""kick_dir"": null}, {""move_vx"": -0.0, ""move_vy"": 0.0, ""kick_power"": 0.4, ""kick_dir"": [0.8827298450806788, -0.4698807364852204]}, {""move_vx"": 0.2644702957417584, ""move_vy"": 5.693861208588619, ""kick_power"": 0.0, ""kick_dir"": null}, {""move_vx"": 6.0, ""move_vy"": 0.0, ""kick_power"": 0.0, ""kick_dir"": null}, {""move_vx"": -6.4, ""move_vy"": 0.0, ""kick_power"": 0.0, ""kick_dir"": null}, {""move_vx"": 4.242640687119285, ""move_vy"": 4.242640687119285, ""kick_power"": 0.0, ""kick_dir"": null}, {""move_vx"": -5.728652725545384, ""move_vy"": -0.6001149474071256, ""kick_power"": 0.0, ""kick_dir"": null}]"
482,244,default,default,0,18.490964300912694,55.70597369803169,4,A,,25.78100028853175,0.08890900449488755,-0.01858362429737389,"[{""move_vx"": 6.376410467541599, ""move_vy"": 1.2615028931500405, ""kick_power"": 0.0, ""kick_dir"": null}, {""move_vx"": 0.0, ""move_vy"": 5.8, ""kick_power"": 0.0, ""kick_dir"": null}, {""move_vx"": 0.0, ""move_vy"": 0.0, ""kick_power"": 0.4, ""kick_dir"": [0.9183035651682814, 0.3958759201083086]}, {""move_vx"": -2.5366812057433896, ""move_vy"": 5.962855730304756, ""kick_power"": 0.0, ""kick_dir"": null}, {""move_vx"": -1.7488400325000362, ""move_vy"": 4.609388087449924, ""kick_power"": 0.0, ""kick_dir"": null}, {""move_vx"": 0.0, ""move_vy"": 0.0, ""kick_power"": 0.0, ""kick_dir"": null}, {""move_vx"": 7.492387534231378, ""move_vy"": 0.3378298934289841, ""kick_power"": 0.0, ""kick_dir"": null}, {""move_vx"": 5.934726080929048, ""move_vy"": 0.8826246905341762, ""kick_power"": 0.0, ""kick_dir"": null}, {""move_vx"": 0.0, ""move_vy"": 0.0, ""kick_power"": 0.65, ""kick_dir"": [0.21368461087955276, -0.9769024146451262]}, {""move_vx"": 0.0, ""move_vy"": 0.0, ""kick_power"": 0.4, ""kick_dir"": [-0.08110557167257519, 0.9967054632040496]}, {""move_vx"": 0.0, ""move_vy"": 0.0, ""kick_power"": 0.0, ""kick_dir"": null}, {""move_vx"": -0.0, ""move_vy"": 0.0, ""kick_power"": 0.9, ""kick_dir"": [-0.9762986974991911, -0.21642736411004063]}, {""move_vx"": -4.1012193308819755, ""move_vy"": 4.1012193308819755, ""kick_power"": 0.0, ""kick_dir"": null}, {""move_vx"": 5.4, ""move_vy"": 0.0, ""kick_power"": 0.0, ""kick_dir"": null}, {""move_vx"": -0.16242388150207582, ""move_vy"": 6.477964069267274, ""kick_power"": 0.0, ""kick_dir"": null}, {""move_vx"": -4.1012193308819755, ""move_vy"": 4.1012193308819755, ""kick_power"": 0.0, ""kick_dir"": null}, {""move_vx"": -0.0, ""move_vy"": 0.0, ""kick_power"": 0.65, ""kick_dir"": [0.9148222709008728, -0.40385655710393775]}, {""move_vx"": 0.23252750993918014, ""move_vy"": 5.695255126605082, ""kick_power"": 0.0, ""kick_dir"": null}, {""move_vx"": 6.0, ""move_vy"": 0.0, ""kick_power"": 0.0, ""kick_dir"": null}, {""move_vx"": -6.4, ""move_vy"": 0.0, ""kick_power"": 0.0, ""kick_dir"": null}, {""move_vx"": 4.242640687119285, ""move_vy"": 4.242640687119285, ""kick_power"": 0.0, ""kick_dir"": null}, {""move_vx"": -5.733117810186827, ""move_vy"": -0.5558418610707611, ""kick_power"": 0.0, ""kick_dir"": null}]"
482,245,default,default,0,18.37437496541269,56.01326623719502,4,A,,25.7848668191348,0.08402958363031374,-0.019034216860486574,"[{""move_vx"": -0.4213965570397467, ""move_vy"": -4.229057216651845, ""kick_power"": 0.0, ""kick_dir"": null}, {""move_vx"": -4.1012193308819755, ""move_vy"": -4.1012193308819755, ""kick_power"": 0.0, ""kick_dir"": null}, {""move_vx"": 5.9308275791319796, ""move_vy"": 0.3299761000550025, ""kick_power"": 0.0, ""kick_dir"": null}, {""move_vx"": -2.6009965706967684, ""move_vy"": 5.935083557897366, ""kick_power"": 0.0, ""kick_dir"": null}, {""move_vx"": -1.748840032500036, ""move_vy"": 4.609388087449924, ""kick_power"": 0.0, ""kick_dir"": null}, {""move_vx"": 0.0, ""move_vy"": 0.0, ""kick_power"": 0.0, ""kick_dir"": null}, {""move_vx"": 7.492387534231379, ""move_vy"": 0.3378298934289845, ""kick_power"": 0.0, ""kick_dir"": null}, {""move_vx"": 5.934726080929048, ""move_vy"": 0.882624690534175, ""kick_power"": 0.0, ""kick_dir"": null}, {""move_vx"": 0.0, ""move_vy"": 0.0, ""kick_power"": 0.65, ""kick_dir"": [0.21368461087955276, -0.9769024146451262]}, {""move_vx"": 0.0, ""move_vy"": 0.0, ""kick_power"": 0.4, ""kick_dir"": [-0.09386121060795218, 0.9955852388905951]}, {""move_vx"": -4.242640687119285, ""move_vy"": 4.242640687119285, ""kick_power"": 0.0, ""kick_dir"": null}, {""move_vx"": -0.0, ""move_vy"": 0.0, ""kick_power"": 0.4, ""kick_dir"": [-0.9565793205642701, -0.29147201978747933]}, {""move_vx"": -4.1012193308819755, ""move_vy"": 4.1012193308819755, ""kick_power"": 0.0, ""kick_dir"": null}, {""move_vx"": -0.0, ""move_vy"": -5.4, ""kick_power"": 0.0, ""kick_dir"": null}, {""move_vx"": -0.2791257686826401, ""move_vy"": 6.473985542558566, ""kick_power"": 0.0, ""kick_dir"": null}, {""move_vx"": -4.1012193308819755, ""move_vy"": 4.1012193308819755, ""kick_power"": 0.0, ""kick_dir"": null}, {""move_vx"": -0.0, ""move_vy"": 0.0, ""kick_power"": 0.65, ""kick_dir"": [0.91751762822747, -0.39769499541389736]}, {""move_vx"": 0.20353108705710177, ""move_vy"": 5.696365077538601, ""kick_power"": 0.0, ""kick_dir"": null}, {""move_vx"": 6.0, ""move_vy"": 0.0, ""kick_power"": 0.0, ""kick_dir"": null}, {""move_vx"": -6.4, ""move_vy"": 0.0, ""kick_power"": 0.0, ""kick_dir"": null}, {""move_vx"": 4.242640687119285, ""move_vy"": 4.242640687119285, ""kick_power"": 0.0, ""kick_dir"": null}, {""move_vx"": -5.737339716758755, ""move_vy"": -0.5104243082990705, ""kick_power"": 0.0, ""kick_dir"": null}]"
482,246,default,default,0,18.25778562991269,56.32055877635835,4,A,,25.79386660107478,0.08439455230941824,-0.021306906803372147,"[{""move_vx"": 6.2643246071491285, ""move_vy"": 1.7344270570611844, ""kick_power"": 0.0, ""kick_dir"": null}, {""move_vx"": 0.0, ""move_vy"": 5.8, ""kick_power"": 0.0, ""kick_dir"": null}, {""move_vx"": 0.0, ""move_vy"": 0.0, ""kick_power"": 0.4, ""kick_dir"": [0.9054351208792553, 0.4244835109050226]}, {""move_vx"": -2.650809417024255, ""move_vy"": 5.913003419127672, ""kick_power"": 0.0, ""kick_dir"": null}, {""move_vx"": -1.7488400325000357, ""move_vy"": 4.609388087449925, ""kick_power"": 0.0, ""kick_dir"": null}, {""move_vx"": 7.598951885177645, ""move_vy"": 0.6297263268715402, ""kick_power"": 0.0, ""kick_dir"": null}, {""move_vx"": 7.492387534231379, ""move_vy"": 0.3378298934289848, ""kick_power"": 0.0, ""kick_dir"": null}, {""move_vx"": 5.934726080929047, ""move_vy"": 0.8826246905341739, ""kick_power"": 0.0, ""kick_dir"": null}, {""move_vx"": 0.0, ""move_vy"": 0.0, ""kick_power"": 0.65, ""kick_dir"": [0.14824642329585255, -0.9889501412405439]}, {""move_vx"": 0.0, ""move_vy"": 0.0, ""kick_power"": 0.4, ""kick_dir"": [-0.07309725770155057, 0.9973247643614912]}, {""move_vx"": 0.0, ""move_vy"": 0.0, ""kick_power"": 0.0, ""kick_dir"": null}, {""move_vx"": -0.0, ""move_vy"": 0.0, ""kick_power"": 0.4, ""kick_dir"": [-0.9536034084627578, -0.301065563530547]}, {""move_vx"": -4.1012193308819755, ""move_vy"": 4.1012193308819755, ""kick_power"": 0.0, ""kick_dir"": null}, {""move_vx"": -0.0, ""move_vy"": -5.4, ""kick_power"": 0.0, ""kick_dir"": null}, {""move_vx"": -0.3951565088091868, ""move_vy"": 6.467940269788037, ""kick_power"": 0.0, ""kick_dir"": null}, {""move_vx"": -0.0, ""move_vy"": 0.0, ""kick_power"": 0.4, ""kick_dir"": [0.0927895734970851, -0.9956856571801063]}, {""move_vx"": -0.0, ""move_vy"": 0.0, ""kick_power"": 0.65, ""kick_dir"": [0.9113762137066059, -0.4115741794555146]}, {""move_vx"": 0.17478864530937105, ""move_vy"": 5.697319451239408, ""kick_power"": 0.0, ""kick_dir"": null}, {""move_vx"": 6.0, ""move_vy"": 0.0, ""kick_power"": 0.0, ""kick_dir"": null}, {""move_vx"": -0.0, ""move_vy"": 0.0, ""kick_power"": 0.65, ""kick_dir"": [0.9872355652828174, -0.15926382047687293]}, {""move_vx"": 4.242640687119285, ""move_vy"": 4.242640687119285, ""kick_power"": 0.0, ""kick_dir"": null}, {""move_vx"": -5.74125699581019, ""move_vy"": -0.46429312730273453, ""kick_power"": 0.0, ""kick_dir"": null}]"
482,247,default,default,0,18.118505487564335,56.65782444778394,4,A,,25.802797865030843,0.07718735407315425,-0.023811193919608807,"[{""move_vx"": 6.2140074820928985, ""move_vy"": 1.906858938803151, ""kick_power"": 0.0, ""kick_dir"": null}, {""move_vx"": 0.0, ""move_vy"": 5.8, ""kick_power"": 0.0, ""kick_dir"": null}, {""move_vx"": 5.9313242634733685, ""move_vy"": 0.3209244171641037, ""kick_power"": 0.0, ""kick_dir"": null}, {""move_vx"": -2.6859051740288504, ""move_vy"": 5.897144512060481, ""kick_power"": 0.0, ""kick_dir"": null}, {""move_vx"": -1.7488400325000353, ""move_vy"": 4.609388087449924, ""kick_power"": 0.0, ""kick_dir"": null}, {""move_vx"": 7.599093125566458, ""move_vy"": 0.6280196405914307, ""kick_power"": 0.0, ""kick_dir"": null}, {""move_vx"": 0.0, ""move_vy"": -6.0, ""kick_power"": 0.0, ""kick_dir"": null}, {""move_vx"": 5.934726080929048, ""move_vy"": 0.8826246905341729, ""kick_power"": 0.0, ""kick_dir"": null}, {""move_vx"": 0.0, ""move_vy"": 0.0, ""kick_power"": 0.65, ""kick_dir"": [-0.4332504508823951, 0.9012733985568685]}, {""move_vx"": 0.0, ""move_vy"": 0.0, ""kick_power"": 0.4, ""kick_dir"": [-0.0858647049798756, 0.9963067538288018]}, {""move_vx"": 0.0, ""move_vy"": 0.0, ""kick_power"": 0.0, ""kick_dir"": null}, {""move_vx"": -0.0, ""move_vy"": 0.0, ""kick_power"": 0.4, ""kick_dir"": [-0.9504652883866247, -0.310830611532507]}, {""move_vx"": -4.1012193308819755, ""move_vy"": 4.1012193308819755, ""kick_power"": 0.0, ""kick_dir"": null}, {""move_vx"": -0.0, ""move_vy"": -5.4, ""kick_power"": 0.0, ""kick_dir"": null}, {""move_vx"": -0.5104915378679228, ""move_vy"": 6.459860554978353, ""kick_power"": 0.0, ""kick_dir"": null}, {""move_vx"": -4.1012193308819755, ""move_vy"": 4.1012193308819755, ""kick_power"": 0.0, ""kick_dir"": null}, {""move_vx"": -0.0, ""move_vy"": 0.0, ""kick_power"": 0.65, ""kick_dir"": [0.9051121397669165, -0.42517281566774484]}, {""move_vx"": 0.14630096462153783, ""move_vy"": 5.698122149248013, ""kick_power"": 0.0, ""kick_dir"": null}, {""move_vx"": 6.0, ""move_vy"": 0.0, ""kick_power"": 0.0, ""kick_dir"": null}, {""move_vx"": -6.4, ""move_vy"": 0.0, ""kick_power"": 0.0, ""kick_dir"": null}, {""move_vx"": 6.0, ""move_vy"": 0.0, ""kick_power"": 0.0, ""kick_dir"": null}, {""move_vx"": -5.744854144300251, ""move_vy"": -0.41743366025780937, ""kick_power"": 0.0, ""kick_dir"": null}]"
482,248,default,default,0,18.01169905866468,56.96887563256658,4,A,,25.811442193303233,0.07663730900015696,-0.026625408746618517,"[{""move_vx"": 6.14997864437166, ""move_vy"": 2.104224957976811, ""kick_power"": 0.0, ""kick_dir"": null}, {""move_vx"": 0.0, ""move_vy"": 0.0, ""kick_power"": 0.6, ""kick_dir"": [0.9990554810752597, 0.04345244236842498]}, {""move_vx"": 0.0, ""move_vy"": 0.0, ""kick_power"": 0.4, ""kick_dir"": [0.9140094866393584, 0.4056915803094838]}, {""move_vx"": 4.909881928570133, ""move_vy"": -2.2479011204900528, ""kick_power"": 0.0, ""kick_dir"": null}, {""move_vx"": -1.73460245967772, ""move_vy"": 4.614764815987917, ""kick_power"": 0.0, ""kick_dir"": null}, {""move_vx"": 7.599234764566928, ""move_vy"": 0.6263034352432074, ""kick_power"": 0.0, ""kick_dir"": null}, {""move_vx"": 7.488691794033709, ""move_vy"": 0.4116979644984685, ""kick_power"": 0.0, ""kick_dir"": null}, {""move_vx"": 5.934726080929048, ""move_vy"": 0.8826246905341717, ""kick_power"": 0.0, ""kick_dir"": null}, {""move_vx"": 0.0, ""move_vy"": 0.0, ""kick_power"": 0.65, ""kick_dir"": [-0.3785799738688737, 0.9255684147421882]}, {""move_vx"": 0.0, ""move_vy"": 0.0, ""kick_power"": 0.4, ""kick_dir"": [-0.06906316520636131, 0.9976122364437289]}, {""move_vx"": 0.0, ""move_vy"": 0.0, ""kick_power"": 0.0, ""kick_dir"": null}, {""move_vx"": -4.394819264917938, ""move_vy"": -0.9672453818479314, ""kick_power"": 0.0, ""kick_dir"": null}, {""move_vx"": -4.1012193308819755, ""move_vy"": 4.1012193308819755, ""kick_power"": 0.0, ""kick_dir"": null}, {""move_vx"": 3.8183766184073566, ""move_vy"": -3.8183766184073566, ""kick_power"": 0.0, ""kick_dir"": null}, {""move_vx"": -4.625208035217782, ""move_vy"": -3.72706997934797, ""kick_power"": 0.0, ""kick_dir"": null}, {""move_vx"": -4.1012193308819755, ""move_vy"": 4.1012193308819755, ""kick_power"": 0.0, ""kick_dir"": null}, {""move_vx"": -0.0, ""move_vy"": 0.0, ""kick_power"": 0.65, ""kick_dir"": [0.8987362530322027, -0.43848951739444153]}, {""move_vx"": 0.11278681225672108, ""move_vy"": 5.698884025401899, ""kick_power"": 0.0, ""kick_dir"": null}, {""move_vx"": 6.0, ""move_vy"": 0.0, ""kick_power"": 0.0, ""kick_dir"": null}, {""move_vx"": -6.4, ""move_vy"": 0.0, ""kick_power"": 0.0, ""kick_dir"": null}, {""move_vx"": 4.242640687119285, ""move_vy"": 4.242640687119285, ""kick_power"": 0.0, ""kick_dir"": null}, {""move_vx"": -5.748417931067862, ""move_vy"": -0.3650907966211792, ""kick_power"": 0.0, ""kick_dir"": null}]"
482,249,default,default,0,17.89605889468616,57.27652662029911,4,A,,25.820025382338986,0.07535857809582899,-0.02590110520919705,"[{""move_vx"": 6.084024756426164, ""move_vy"": 2.2879341693312703, ""kick_power"": 0.0, ""kick_dir"": null}, {""move_vx"": 0.0, ""move_vy"": 5.8, ""kick_power"": 0.0, ""kick_dir"": null}, {""move_vx"": 5.931677365928252, ""move_vy"": 0.3143304416286995, ""kick_power"": 0.0, ""kick_dir"": null}, {""move_vx"": 4.909881928570133, ""move_vy"": -2.2479011204900528, ""kick_power"": 0.0, ""kick_dir"": null}, {""move_vx"": -1.7346024596777447, ""move_vy"": 4.614764815987908, ""kick_power"": 0.0, ""kick_dir"": null}, {""move_vx"": 7.599376806575734, ""move_vy"": 0.6245775785911611, ""kick_power"": 0.0, ""kick_dir"": null}, {""move_vx"": 0.0, ""move_vy"": -6.0, ""kick_power"": 0.0, ""kick_dir"": null}, {""move_vx"": 5.934726080929048, ""move_vy"": 0.8826246905341708, ""kick_power"": 0.0, ""kick_dir"": null}, {""move_vx"": 0.0, ""move_vy"": 0.0, ""kick_power"": 0.65, ""kick_dir"": [-0.32084278043307113, 0.9471322996761601]}, {""move_vx"": 0.0, ""move_vy"": 0.0, ""kick_power"": 0.4, ""kick_dir"": [-0.08179395507724854, 0.9966492083933822]}, {""move_vx"": 0.0, ""move_vy"": 0.0, ""kick_power"": 0.0, ""kick_dir"": null}, {""move_vx"": -4.395322013744327, ""move_vy"": -0.964958235103734, ""kick_power"": 0.0, ""kick_dir"": null}, {""move_vx"": -4.1012193308819755, ""move_vy"": 4.1012193308819755, ""kick_power"": 0.0, ""kick_dir"": null}, {""move_vx"": -3.8183766184073566, ""move_vy"": -3.8183766184073566, ""kick_power"": 0.0, ""kick_dir"": null}, {""move_vx"": -0.0, ""move_vy"": 0.0, ""kick_power"": 0.6, ""kick_dir"": [-0.7786545181299872, -0.6274528316798808]}, {""move_vx"": -4.1012193308819755, ""move_vy"": 4.1012193308819755, ""kick_power"": 0.0, ""kick_dir"": null}, {""move_vx"": -0.0, ""move_vy"": 0.0, ""kick_power"": 0.65, ""kick_dir"": [0.8964316151753968, -0.4431819830170287]}, {""move_vx"": 0.08711795896824513, ""move_vy"": 5.699334212101023, ""kick_power"": 0.0, ""kick_dir"": null}, {""move_vx"": 6.0, ""move_vy"": 0.0, ""kick_power"": 0.0, ""kick_dir"": null}, {""move_vx"": -6.4, ""move_vy"": 0.0, ""kick_power"": 0.0, ""kick_dir"": null}, {""move_vx"": 6.0, ""move_vy"": 0.0, ""kick_power"": 0.0, ""kick_dir"": null}, {""move_vx"": -5.751310476280612, ""move_vy"": -0.3162717271981085, ""kick_power"": 0.0, ""kick_dir"": null}]"
482,250,default,default,0,17.780418730707648,57.58417760803164,4,A,,25.82846917658642,0.07537368331727307,-0.01764518802859558,"[{""move_vx"": 6.009611882953142, ""move_vy"": 2.476805405410041, ""kick_power"": 0.0, ""kick_dir"": null}, {""move_vx"": 0.0, ""move_vy"": 0.0, ""kick_power"": 0.6, ""kick_dir"": [0.9990814942601447, 0.04285016701018342]}, {""move_vx"": 5.93150524558606, ""move_vy"": 0.3175618389936929, ""kick_power"": 0.0, ""kick_dir"": null}, {""move_vx"": 4.909881928570133, ""move_vy"": -2.247901120490053, ""kick_power"": 0.0, ""kick_dir"": null}, {""move_vx"": -1.7346024596777214, ""move_vy"": 4.614764815987917, ""kick_power"": 0.0, ""kick_dir"": null}, {""move_vx"": 7.599519256075502, ""move_vy"": 0.6228419354359939, ""kick_power"": 0.0, ""kick_dir"": null}, {""move_vx"": 0.0, ""move_vy"": -6.0, ""kick_power"": 0.0, ""kick_dir"": null}, {""move_vx"": 6.0, ""move_vy"": 0.0, ""kick_power"": 0.0, ""kick_dir"": null}, {""move_vx"": 0.0, ""move_vy"": 0.0, ""kick_power"": 0.65, ""kick_dir"": [-0.26053121351601427, 0.9654652591599364]}, {""move_vx"": 0.0, ""move_vy"": 0.0, ""kick_power"": 0.4, ""kick_dir"": [-0.06643782625650171, 0.9977905144313931]}, {""move_vx"": 0.0, ""move_vy"": 0.0, ""kick_power"": 0.0, ""kick_dir"": null}, {""move_vx"": -4.659815473095154, ""move_vy"": 0.921205599582952, ""kick_power"": 0.0, ""kick_dir"": null}, {""move_vx"": -4.1012193308819755, ""move_vy"": 4.1012193308819755, ""kick_power"": 0.0, ""kick_dir"": null}, {""move_vx"": -0.0, ""move_vy"": -5.4, ""kick_power"": 0.0, ""kick_dir"": null}, {""move_vx"": -0.7591825849129559, ""move_vy"": 6.435374255065892, ""kick_power"": 0.0, ""kick_dir"": null}, {""move_vx"": -4.1012193308819755, ""move_vy"": 4.1012193308819755, ""kick_power"": 0.0, ""kick_dir"": null}, {""move_vx"": -0.0, ""move_vy"": 0.0, ""kick_power"": 0.65, ""kick_dir"": [0.8895490379790724, -0.45683959913304384]}, {""move_vx"": 0.059687134591113106, ""move_vy"": 5.699687486692959, ""kick_power"": 0.0, ""kick_dir"": null}, {""move_vx"": -5.01322082512801, ""move_vy"": 2.006892363457204, ""kick_power"": 0.0, ""kick_dir"": null}, {""move_vx"": -6.4, ""move_vy"": 0.0, ""kick_power"": 0.0, ""kick_dir"": null}, {""move_vx"": 6.0, ""move_vy"": 0.0, ""kick_power"": 0.0, ""kick_dir"": null}, {""move_vx"": -5.753803093055365, ""move_vy"": -0.26711414478931905, ""kick_power"": 0.0, ""kick_dir"": null}]"
482,251,default,default,0,18.318274503532542,56.15325729389227,4,A,,25.838508977481105,0.25411974967178713,0.0991315196593478,"[{""move_vx"": 5.92593669284052, ""move_vy"": 2.6708190340130415, ""kick_power"": 0.0, ""kick_dir"": null}, {""move_vx"": 0.0, ""move_vy"": 5.8, ""kick_power"": 0.0, ""kick_dir"": null}, {""move_vx"": 5.931101064807371, ""move_vy"": 0.32502332076465296, ""kick_power"": 0.0, ""kick_dir"": null}, {""move_vx"": 4.909881928570132, ""move_vy"": -2.2479011204900536, ""kick_power"": 0.0, ""kick_dir"": null}, {""move_vx"": 1.7346024596770586, ""move_vy"": -4.614764815988167, ""kick_power"": 0.0, ""kick_dir"": null}, {""move_vx"": 7.599662117637211, ""move_vy"": 0.6210963675227218, ""kick_power"": 0.0, ""kick_dir"": null}, {""move_vx"": 0.0, ""move_vy"": -6.0, ""kick_power"": 0.0, ""kick_dir"": null}, {""move_vx"": 4.242640687119285, ""move_vy"": 4.242640687119285, ""kick_power"": 0.0, ""kick_dir"": null}, {""move_vx"": 0.0, ""move_vy"": 0.0, ""kick_power"": 0.65, ""kick_dir"": [-0.19944319993568804, 0.9799092228726204]}, {""move_vx"": 0.0, ""move_vy"": 0.0, ""kick_power"": 0.4, ""kick_dir"": [-0.05558950447247844, 0.9984536553961525]}, {""move_vx"": 0.0, ""move_vy"": 0.0, ""kick_power"": 0.0, ""kick_dir"": null}, {""move_vx"": -4.395091954627109, ""move_vy"": -0.9660055436549311, ""kick_power"": 0.0, ""kick_dir"": null}, {""move_vx"": -4.1012193308819755, ""move_vy"": 4.1012193308819755, ""kick_power"": 0.0, ""kick_dir"": null}, {""move_vx"": -0.0, ""move_vy"": -5.4, ""kick_power"": 0.0, ""kick_dir"": null}, {""move_vx"": -0.8599109587256614, ""move_vy"": 6.4226904909907905, ""kick_power"": 0.0, ""kick_dir"": null}, {""move_vx"": -0.0, ""move_vy"": -5.8, ""kick_power"": 0.0, ""kick_dir"": null}, {""move_vx"": -0.0, ""move_vy"": 0.0, ""kick_power"": 0.65, ""kick_dir"": [0.8829463233214095, -0.46947385561338706]}, {""move_vx"": 0.032511163885321125, ""move_vy"": 5.699907282072474, ""kick_power"": 0.0, ""kick_dir"": null}, {""move_vx"": 6.0, ""move_vy"": 0.0, ""kick_power"": 0.0, ""kick_dir"": null}, {""move_vx"": -6.4, ""move_vy"": 0.0, ""kick_power"": 0.0, ""kick_dir"": null}, {""move_vx"": 6.0, ""move_vy"": 0.0, ""kick_power"": 0.0, ""kick_dir"": null}, {""move_vx"": -5.755904738916686, ""move_vy"": -0.2171649983686253, ""kick_power"": 0.0, ""kick_dir"": null}]"
482,252,default,default,0,18.481531205619795,55.718926487681614,4,A,,25.847413426837306,0.16225031381242927,0.0293748683259336,"[{""move_vx"": 6.272316915589, ""move_vy"": 1.7052977776377016, ""kick_power"": 0.0, ""kick_dir"": null}, {""move_vx"": 0.0, ""move_vy"": 0.0, ""kick_power"": 0.6, ""kick_dir"": [0.9991944388269205, 0.040130316024221895]}, {""move_vx"": 0.0, ""move_vy"": 0.0, ""kick_power"": 0.9, ""kick_dir"": [-0.21758497487084308, -0.9760413284901547]}, {""move_vx"": -4.353164345424709, ""move_vy"": 4.8000375187828555, ""kick_power"": 0.0, ""kick_dir"": null}, {""move_vx"": 2.4488505313087923, ""move_vy"": -6.514962093159763, ""kick_power"": 0.0, ""kick_dir"": null}, {""move_vx"": 0.0, ""move_vy"": 0.0, ""kick_power"": 1.0, ""kick_dir"": [0.9966957673121953, 0.08122501240357313]}, {""move_vx"": 0.0, ""move_vy"": -6.0, ""kick_power"": 0.0, ""kick_dir"": null}, {""move_vx"": 5.939445880471236, ""move_vy"": 0.8502838543411619, ""kick_power"": 0.0, ""kick_dir"": null}, {""move_vx"": 4.313351365237939, ""move_vy"": -4.313351365237939, ""kick_power"": 0.0, ""kick_dir"": null}, {""move_vx"": 0.0, ""move_vy"": 0.0, ""kick_power"": 0.4, ""kick_dir"": [-0.042766781135249766, 0.9990850298879601]}, {""move_vx"": 0.0, ""move_vy"": 0.0, ""kick_power"": 0.0, ""kick_dir"": null}, {""move_vx"": -0.0, ""move_vy"": 5.0, ""kick_power"": 0.0, ""kick_dir"": null}, {""move_vx"": -0.0, ""move_vy"": 0.0, ""kick_power"": 0.0, ""kick_dir"": null}, {""move_vx"": -0.0, ""move_vy"": -5.4, ""kick_power"": 0.0, ""kick_dir"": null}, {""move_vx"": -0.14977781669499446, ""move_vy"": 6.478268796956952, ""kick_power"": 0.0, ""kick_dir"": null}, {""move_vx"": -0.0, ""move_vy"": -5.8, ""kick_power"": 0.0, ""kick_dir"": null}, {""move_vx"": -0.0, ""move_vy"": 0.0, ""kick_power"": 0.65, ""kick_dir"": [0.8762667632124083, -0.48182618373647235]}, {""move_vx"": 0.16707150534479198, ""move_vy"": 5.697550974945448, ""kick_power"": 0.0, ""kick_dir"": null}, {""move_vx"": -0.0, ""move_vy"": 0.0, ""kick_power"": 0.0, ""kick_dir"": null}, {""move_vx"": -6.4, ""move_vy"": 0.0, ""kick_power"": 0.0, ""kick_dir"": null}, {""move_vx"": 6.0, ""move_vy"": 0.0, ""kick_power"": 0.0, ""kick_dir"": null}, {""move_vx"": -4.525483399593904, ""move_vy"": 4.525483399593904, ""kick_power"": 0.0, ""kick_dir"": null}]"
482,253,default,default,0,18.644787907707048,55.28459568147096,14,B,,25.106504406827852,-7.729312887140827,4.6494260521590025,"[{""move_vx"": 0.0, ""move_vy"": 5.0, ""kick_power"": 0.0, ""kick_dir"": null}, {""move_vx"": 0.0, ""move_vy"": 0.0, ""kick_power"": 0.6, ""kick_dir"": [0.999195939331951, 0.04009293826105845]}, {""move_vx"": 5.931154594929247, ""move_vy"": 0.324045013925065, ""kick_power"": 0.0, ""kick_dir"": null}, {""move_vx"": -4.729688296342743, ""move_vy"": 4.429497558351114, ""kick_power"": 0.0, ""kick_dir"": null}, {""move_vx"": 2.4488505313087923, ""move_vy"": -6.514962093159763, ""kick_power"": 0.0, ""kick_dir"": null}, {""move_vx"": 0.0, ""move_vy"": 0.0, ""kick_power"": 1.0, ""kick_dir"": [0.9966957673121953, 0.08122501240357313]}, {""move_vx"": -4.242640687119285, ""move_vy"": -4.242640687119285, ""kick_power"": 0.0, ""kick_dir"": null}, {""move_vx"": 5.9394458804712364, ""move_vy"": 0.850283854341163, ""kick_power"": 0.0, ""kick_dir"": null}, {""move_vx"": 4.313351365237939, ""move_vy"": -4.313351365237939, ""kick_power"": 0.0, ""kick_dir"": null}, {""move_vx"": 0.0, ""move_vy"": 0.0, ""kick_power"": 0.4, ""kick_dir"": [-0.05585691542086499, 0.9984387312405663]}, {""move_vx"": 0.0, ""move_vy"": 0.0, ""kick_power"": 0.0, ""kick_dir"": null}, {""move_vx"": -0.0, ""move_vy"": 5.0, ""kick_power"": 0.0, ""kick_dir"": null}, {""move_vx"": -0.0, ""move_vy"": 0.0, ""kick_power"": 0.0, ""kick_dir"": null}, {""move_vx"": -0.0, ""move_vy"": -5.4, ""kick_power"": 0.0, ""kick_dir"": null}, {""move_vx"": 0.36977764469338187, ""move_vy"": 6.46944081768162, ""kick_power"": 0.0, ""kick_dir"": null}, {""move_vx"": -0.0, ""move_vy"": -5.8, ""kick_power"": 0.0, ""kick_dir"": null}, {""move_vx"": -0.0, ""move_vy"": 0.0, ""kick_power"": 0.65, ""kick_dir"": [0.8695198998719245, -0.49389781944428307]}, {""move_vx"": 0.2119752650178867, ""move_vy"": 5.696057100049172, ""kick_power"": 0.0, ""kick_dir"": null}, {""move_vx"": -0.0, ""move_vy"": 0.0, ""kick_power"": 0.0, ""kick_dir"": null}, {""move_vx"": -6.4, ""move_vy"": 0.0, ""kick_power"": 0.0, ""kick_dir"": null}, {""move_vx"": 6.0, ""move_vy"": 0.0, ""kick_power"": 0.0, ""kick_dir"": null}, {""move_vx"": -4.525483399593904, ""move_vy"": 4.525483399593904, ""kick_power"": 0.0, ""kick_dir"": null}]"
482,254,default,default,0,19.047788705478034,53.45797886544281,14,B,,25.102460546998884,0.07904485978663879,0.5334263275885154,"[{""move_vx"": 0.0, ""move_vy"": 5.0, ""kick_power"": 0.0, ""kick_dir"": null}, {""move_vx"": 0.0, ""move_vy"": 0.0, ""kick_power"": 0.9, ""kick_dir"": [-0.28068675381129027, -0.9597993802131648]}, {""move_vx"": 0.0, ""move_vy"": 0.0, ""kick_power"": 0.4, ""kick_dir"": [0.8128288945936442, 0.582501663615156]}, {""move_vx"": 3.8183766184073566, ""move_vy"": 3.8183766184073566, ""kick_power"": 0.0, ""kick_dir"": null}, {""move_vx"": 3.787808619616719, ""move_vy"": -4.001575422400193, ""kick_power"": 0.0, ""kick_dir"": null}, {""move_vx"": 0.0, ""move_vy"": 0.0, ""kick_power"": 0.4, ""kick_dir"": [0.9977014500750794, 0.06775888826058878]}, {""move_vx"": 4.242640687119285, ""move_vy"": -4.242640687119285, ""kick_power"": 0.0, ""kick_dir"": null}, {""move_vx"": 0.0, ""move_vy"": 0.0, ""kick_power"": 0.9, ""kick_dir"": [0.5806449313111635, -0.814156748063333]}, {""move_vx"": 6.1, ""move_vy"": 0.0, ""kick_power"": 0.0, ""kick_dir"": null}, {""move_vx"": 0.0, ""move_vy"": 0.0, ""kick_power"": 0.0, ""kick_dir"": null}, {""move_vx"": 0.0, ""move_vy"": 0.0, ""kick_power"": 0.0, ""kick_dir"": null}, {""move_vx"": -0.0, ""move_vy"": -5.0, ""kick_power"": 0.0, ""kick_dir"": null}, {""move_vx"": -6.943362795232179, ""move_vy"": 0.4809501988621845, ""kick_power"": 0.0, ""kick_dir"": null}, {""move_vx"": -0.0, ""move_vy"": -5.4, ""kick_power"": 0.0, ""kick_dir"": null}, {""move_vx"": 4.546678903513833, ""move_vy"": -0.6291350795673765, ""kick_power"": 0.0, ""kick_dir"": null}, {""move_vx"": -0.0, ""move_vy"": 5.8, ""kick_power"": 0.0, ""kick_dir"": null}, {""move_vx"": 6.0, ""move_vy"": 0.0, ""kick_power"": 0.0, ""kick_dir"": null}, {""move_vx"": 0.2594445413360695, ""move_vy"": 5.694092423729256, ""kick_power"": 0.0, ""kick_dir"": null}, {""move_vx"": -0.0, ""move_vy"": 0.0, ""kick_power"": 0.4, ""kick_dir"": [-0.8049863484682822, -0.5932930995131738]}, {""move_vx"": -4.525483399593904, ""move_vy"": 4.525483399593904, ""kick_power"": 0.0, ""kick_dir"": null}, {""move_vx"": -6.0, ""move_vy"": 0.0, ""kick_power"": 0.0, ""kick_dir"": null}, {""move_vx"": -4.428158048208209, ""move_vy"": 4.166271270583431, ""kick_power"": 0.0, ""kick_dir"": null}]"
482,255,default,default,0,19.232691446248303,53.16026144637691,14,B,,25.099222094570678,0.014292702656492372,0.44926702353063885,"[{""move_vx"": 0.0, ""move_vy"": 5.0, ""kick_power"": 0.0, ""kick_dir"": null}, {""move_vx"": 0.0, ""move_vy"": 0.0, ""kick_power"": 0.9, ""kick_dir"": [-0.2783502457759207, -0.960479590949834]}, {""move_vx"": 0.0, ""move_vy"": 0.0, ""kick_power"": 0.4, ""kick_dir"": [0.8586861431262873, 0.5125008963413801]}, {""move_vx"": 0.0, ""move_vy"": 0.0, ""kick_power"": 0.6, ""kick_dir"": [0.9775871750283599, -0.21053097315563304]}, {""move_vx"": -4.1012193308819755, ""move_vy"": -4.1012193308819755, ""kick_power"": 0.0, ""kick_dir"": null}, {""move_vx"": 0.0, ""move_vy"": 0.0, ""kick_power"": 0.4, ""kick_dir"": [0.9999953720069952, 0.002954065432151979]}, {""move_vx"": 4.242640687119285, ""move_vy"": -4.242640687119285, ""kick_power"": 0.0, ""kick_dir"": null}, {""move_vx"": 0.0, ""move_vy"": 0.0, ""kick_power"": 0.9, ""kick_dir"": [0.6054041087632905, -0.7959180971946204]}, {""move_vx"": 6.1, ""move_vy"": 0.0, ""kick_power"": 0.0, ""kick_dir"": null}, {""move_vx"": -6.0, ""move_vy"": 0.0, ""kick_power"": 0.0, ""kick_dir"": null}, {""move_vx"": 0.0, ""move_vy"": 0.0, ""kick_power"": 0.0, ""kick_dir"": null}, {""move_vx"": -0.0, ""move_vy"": -5.0, ""kick_power"": 0.0, ""kick_dir"": null}, {""move_vx"": -6.943064195069586, ""move_vy"": 0.4852417780269212, ""kick_power"": 0.0, ""kick_dir"": null}, {""move_vx"": -0.0, ""move_vy"": -5.4, ""kick_power"": 0.0, ""kick_dir"": null}, {""move_vx"": 4.547578178138088, ""move_vy"": -0.6226015690008088, ""kick_power"": 0.0, ""kick_dir"": null}, {""move_vx"": -0.0, ""move_vy"": 5.8, ""kick_power"": 0.0, ""kick_dir"": null}, {""move_vx"": 6.0, ""move_vy"": 0.0, ""kick_power"": 0.0, ""kick_dir"": null}, {""move_vx"": 0.4024369528329806, ""move_vy"": 5.685775628618711, ""kick_power"": 0.0, ""kick_dir"": null}, {""move_vx"": -0.0, ""move_vy"": 0.0, ""kick_power"": 0.4, ""kick_dir"": [-0.819107563309654, -0.5736397240477232]}, {""move_vx"": -0.0, ""move_vy"": 0.0, ""kick_power"": 1.0, ""kick_dir"": [-0.9752716700580558, -0.22100893678603112]}, {""move_vx"": -0.0, ""move_vy"": -6.0, ""kick_power"": 0.0, ""kick_dir"": null}, {""move_vx"": -4.688523825372176, ""move_vy"": 3.870935847946524, ""kick_power"": 0.0, ""kick_dir"": null}]"
482,256,default,default,0,17.838724920581683,53.196492617885504,14,B,,25.110109416077616,-0.14202673374441985,0.48453968763504796,"[{""move_vx"": 0.0, ""move_vy"": 5.0, ""kick_power"": 0.0, ""kick_dir"": null}, {""move_vx"": 0.0, ""move_vy"": 0.0, ""kick_power"": 0.9, ""kick_dir"": [-0.27628035541192086, -0.9610770359905576]}, {""move_vx"": 0.0, ""move_vy"": 0.0, ""kick_power"": 0.4, ""kick_dir"": [0.8938296593138351, 0.44840569128556707]}, {""move_vx"": 5.3999020152649555, ""move_vy"": -0.03253037868636507, ""kick_power"": 0.0, ""kick_dir"": null}, {""move_vx"": 3.495509780269295, ""move_vy"": -4.259285312824406, ""kick_power"": 0.0, ""kick_dir"": null}, {""move_vx"": 0.0, ""move_vy"": 0.0, ""kick_power"": 0.4, ""kick_dir"": [0.999175840322131, -0.04058443635169521]}, {""move_vx"": 4.242640687119285, ""move_vy"": -4.242640687119285, ""kick_power"": 0.0, ""kick_dir"": null}, {""move_vx"": 4.242640687119285, ""move_vy"": 4.242640687119285, ""kick_power"": 0.0, ""kick_dir"": null}, {""move_vx"": 6.1, ""move_vy"": 0.0, ""kick_power"": 0.0, ""kick_dir"": null}, {""move_vx"": -6.0, ""move_vy"": 0.0, ""kick_power"": 0.0, ""kick_dir"": null}, {""move_vx"": 0.0, ""move_vy"": 0.0, ""kick_power"": 0.0, ""kick_dir"": null}, {""move_vx"": -0.0, ""move_vy"": -5.0, ""kick_power"": 0.0, ""kick_dir"": null}, {""move_vx"": -6.9423006944786705, ""move_vy"": 0.49604542880765856, ""kick_power"": 0.0, ""kick_dir"": null}, {""move_vx"": -0.0, ""move_vy"": -5.4, ""kick_power"": 0.0, ""kick_dir"": null}, {""move_vx"": -5.4, ""move_vy"": 0.0, ""kick_power"": 0.0, ""kick_dir"": null}, {""move_vx"": -0.0, ""move_vy"": 5.8, ""kick_power"": 0.0, ""kick_dir"": null}, {""move_vx"": -0.0, ""move_vy"": 6.0, ""kick_power"": 0.0, ""kick_dir"": null}, {""move_vx"": 0.46499006230026746, ""move_vy"": 5.681002045586851, ""kick_power"": 0.0, ""kick_dir"": null}, {""move_vx"": -0.0, ""move_vy"": 0.0, ""kick_power"": 0.4, ""kick_dir"": [-0.816937860518987, -0.5767254714247193]}, {""move_vx"": -4.525483399593904, ""move_vy"": 4.525483399593904, ""kick_power"": 0.0, ""kick_dir"": null}, {""move_vx"": 4.242640687119285, ""move_vy"": -4.242640687119285, ""kick_power"": 0.0, ""kick_dir"": null}, {""move_vx"": -4.716246545247297, ""move_vy"": 3.837110700050617, ""kick_power"": 0.0, ""kick_dir"": null}]"
482,257,default,default,0,19.158180902040055,53.8911855384878,14,B,,25.10314042291987,0.09127203137411422,0.380184833658797,"[{""move_vx"": 6.348416519358003, ""move_vy"": -1.3955671595241885, ""kick_power"": 0.0, ""kick_dir"": null}, {""move_vx"": 0.0, ""move_vy"": 0.0, ""kick_power"": 0.9, ""kick_dir"": [-0.2743516654373957, -0.9616293815766173]}, {""move_vx"": 0.0, ""move_vy"": 0.0, ""kick_power"": 0.4, ""kick_dir"": [0.9205844439613224, 0.3905425265949166]}, {""move_vx"": 3.8183766184073566, ""move_vy"": 3.8183766184073566, ""kick_power"": 0.0, ""kick_dir"": null}, {""move_vx"": -5.8, ""move_vy"": 0.0, ""kick_power"": 0.0, ""kick_dir"": null}, {""move_vx"": 0.0, ""move_vy"": 0.0, ""kick_power"": 0.0, ""kick_dir"": null}, {""move_vx"": 0.0, ""move_vy"": -6.0, ""kick_power"": 0.0, ""kick_dir"": null}, {""move_vx"": 4.242640687119285, ""move_vy"": 4.242640687119285, ""kick_power"": 0.0, ""kick_dir"": null}, {""move_vx"": 6.1, ""move_vy"": 0.0, ""kick_power"": 0.0, ""kick_dir"": null}, {""move_vx"": -6.0, ""move_vy"": 0.0, ""kick_power"": 0.0, ""kick_dir"": null}, {""move_vx"": 0.0, ""move_vy"": 0.0, ""kick_power"": 0.0, ""kick_dir"": null}, {""move_vx"": -0.0, ""move_vy"": -5.0, ""kick_power"": 0.0, ""kick_dir"": null}, {""move_vx"": -6.941698943422584, ""move_vy"": 0.5043964501121897, ""kick_power"": 0.0, ""kick_dir"": null}, {""move_vx"": -0.0, ""move_vy"": -5.4, ""kick_power"": 0.0, ""kick_dir"": null}, {""move_vx"": 3.8183766184073566, ""move_vy"": 3.8183766184073566, ""kick_power"": 0.0, ""kick_dir"": null}, {""move_vx"": -0.0, ""move_vy"": 5.8, ""kick_power"": 0.0, ""kick_dir"": null}, {""move_vx"": -0.0, ""move_vy"": 0.0, ""kick_power"": 0.4, ""kick_dir"": [0.7537961370280251, -0.6571082738256023]}, {""move_vx"": -2.9077614696365224, ""move_vy"": 4.55026628184519, ""kick_power"": 0.0, ""kick_dir"": null}, {""move_vx"": -0.0, ""move_vy"": 0.0, ""kick_power"": 0.4, ""kick_dir"": [-0.8159666540983586, -0.5780987460235375]}, {""move_vx"": -4.525483399593904, ""move_vy"": 4.525483399593904, ""kick_power"": 0.0, ""kick_dir"": null}, {""move_vx"": -0.0, ""move_vy"": 0.0, ""kick_power"": 0.9, ""kick_dir"": [0.5279460161497557, -0.8492773422341797]}, {""move_vx"": -4.910605175216544, ""move_vy"": 3.58501838393285, ""kick_power"": 0.0, ""kick_dir"": null}]"
482,258,default,default,0,19.57301430449406,53.41426341917518,14,B,,25.09744334860319,0.03380007817812849,0.4420981525729109,"[{""move_vx"": 0.0, ""move_vy"": 5.0, ""kick_power"": 0.0, ""kick_dir"": null}, {""move_vx"": 0.0, ""move_vy"": 0.0, ""kick_power"": 0.9, ""kick_dir"": [-0.2724987732848575, -0.9621560800334212]}, {""move_vx"": 0.0, ""move_vy"": 0.0, ""kick_power"": 0.4, ""kick_dir"": [0.9410662693280183, 0.3382211038436343]}, {""move_vx"": 5.39974907289568, ""move_vy"": -0.05205717781688231, ""kick_power"": 0.0, ""kick_dir"": null}, {""move_vx"": 5.798828829306449, ""move_vy"": -0.11655131232377774, ""kick_power"": 0.0, ""kick_dir"": null}, {""move_vx"": 0.0, ""move_vy"": 0.0, ""kick_power"": 0.4, ""kick_dir"": [0.9780905103022273, -0.20817868030001746]}, {""move_vx"": 0.0, ""move_vy"": -6.0, ""kick_power"": 0.0, ""kick_dir"": null}, {""move_vx"": 4.242640687119285, ""move_vy"": 4.242640687119285, ""kick_power"": 0.0, ""kick_dir"": null}, {""move_vx"": 6.1, ""move_vy"": 0.0, ""kick_power"": 0.0, ""kick_dir"": null}, {""move_vx"": -6.0, ""move_vy"": 0.0, ""kick_power"": 0.0, ""kick_dir"": null}, {""move_vx"": 0.0, ""move_vy"": 0.0, ""kick_power"": 0.0, ""kick_dir"": null}, {""move_vx"": 5.0, ""move_vy"": 0.0, ""kick_power"": 0.0, ""kick_dir"": null}, {""move_vx"": -6.941641091624631, ""move_vy"": 0.5051919982228442, ""kick_power"": 0.0, ""kick_dir"": null}, {""move_vx"": -0.0, ""move_vy"": -5.4, ""kick_power"": 0.0, ""kick_dir"": null}, {""move_vx"": 4.548865952221914, ""move_vy"": -0.6131219688742346, ""kick_power"": 0.0, ""kick_dir"": null}, {""move_vx"": -0.0, ""move_vy"": 5.8, ""kick_power"": 0.0, ""kick_dir"": null}, {""move_vx"": 5.002894582747978, ""move_vy"": -0.9904775585094955, ""kick_power"": 0.0, ""kick_dir"": null}, {""move_vx"": -4.242640687119285, ""move_vy"": 4.242640687119285, ""kick_power"": 0.0, ""kick_dir"": null}, {""move_vx"": -0.0, ""move_vy"": 0.0, ""kick_power"": 0.4, ""kick_dir"": [-0.8249850761288294, -0.5651542889151547]}, {""move_vx"": -4.525483399593904, ""move_vy"": 4.525483399593904, ""kick_power"": 0.0, ""kick_dir"": null}, {""move_vx"": -0.0, ""move_vy"": 0.0, ""kick_power"": 0.9, ""kick_dir"": [0.4083651628699872, -0.9128181055144113]}, {""move_vx"": 4.525483399593904, ""move_vy"": 4.525483399593904, ""kick_power"": 0.0, ""kick_dir"": null}]"
482,259,default,default,0,19.876272034642184,53.373388621250236,14,B,,25.093229509616283,0.006727475633386925,0.4357449827312904,"[{""move_vx"": 0.0, ""move_vy"": 5.0, ""kick_power"": 0.0, ""kick_dir"": null}, {""move_vx"": 0.0, ""move_vy"": 0.0, ""kick_power"": 0.9, ""kick_dir"": [-0.27072905780969087, -0.962655536001619]}, {""move_vx"": 0.0, ""move_vy"": 0.0, ""kick_power"": 0.4, ""kick_dir"": [0.9566660221095252, 0.2911862128451713]}, {""move_vx"": 5.39974907289568, ""move_vy"": -0.05205717781688249, ""kick_power"": 0.0, ""kick_dir"": null}, {""move_vx"": -5.8, ""move_vy"": 0.0, ""kick_power"": 0.0, ""kick_dir"": null}, {""move_vx"": 0.0, ""move_vy"": 0.0, ""kick_power"": 0.4, ""kick_dir"": [0.9392171364660088, -0.3433228282888202]}, {""move_vx"": 4.242640687119285, ""move_vy"": -4.242640687119285, ""kick_power"": 0.0, ""kick_dir"": null}, {""move_vx"": 4.242640687119285, ""move_vy"": 4.242640687119285, ""kick_power"": 0.0, ""kick_dir"": null}, {""move_vx"": 6.1, ""move_vy"": 0.0, ""kick_power"": 0.0, ""kick_dir"": null}, {""move_vx"": -6.0, ""move_vy"": 0.0, ""kick_power"": 0.0, ""kick_dir"": null}, {""move_vx"": 0.0, ""move_vy"": 0.0, ""kick_power"": 0.0, ""kick_dir"": null}, {""move_vx"": -3.5355339059327373, ""move_vy"": -3.5355339059327373, ""kick_power"": 0.0, ""kick_dir"": null}, {""move_vx"": -6.941999975961239, ""move_vy"": 0.5002362779268859, ""kick_power"": 0.0, ""kick_dir"": null}, {""move_vx"": -0.0, ""move_vy"": -5.4, ""kick_power"": 0.0, ""kick_dir"": null}, {""move_vx"": 4.548865952221914, ""move_vy"": -0.6131219688742352, ""kick_power"": 0.0, ""kick_dir"": null}, {""move_vx"": -0.0, ""move_vy"": 0.0, ""kick_power"": 0.0, ""kick_dir"": null}, {""move_vx"": -0.0, ""move_vy"": 0.0, ""kick_power"": 0.4, ""kick_dir"": [0.7300864647980704, -0.6833547062819926]}, {""move_vx"": -1.8970746100192581, ""move_vy"": 5.055799434710625, ""kick_power"": 0.0, ""kick_dir"": null}, {""move_vx"": -0.0, ""move_vy"": 0.0, ""kick_power"": 0.4, ""kick_dir"": [-0.8382488240677415, -0.5452876860407743]}, {""move_vx"": -4.525483399593904, ""move_vy"": 4.525483399593904, ""kick_power"": 0.0, ""kick_dir"": null}, {""move_vx"": 4.242640687119285, ""move_vy"": -4.242640687119285, ""kick_power"": 0.0, ""kick_dir"": null}, {""move_vx"": -4.714000275604455, ""move_vy"": 3.839869971965343, ""kick_power"": 0.0, ""kick_dir"": null}]"
482,260,default,default,0,20.17952976479031,53.33251382332529,14,B,,25.088929045888406,0.00029189373656419483,0.43614288310991867,"[{""move_vx"": 0.0, ""move_vy"": 5.0, ""kick_power"": 0.0, ""kick_dir"": null}, {""move_vx"": 0.0, ""move_vy"": 0.0, ""kick_power"": 0.9, ""kick_dir"": [-0.2690864702235513, -0.9631159718505735]}, {""move_vx"": 0.0, ""move_vy"": 0.0, ""kick_power"": 0.4, ""kick_dir"": [0.9683322065195212, 0.24966391860817216]}, {""move_vx"": 5.399749072895679, ""move_vy"": -0.05205717781688265, ""kick_power"": 0.0, ""kick_dir"": null}, {""move_vx"": -5.8, ""move_vy"": 0.0, ""kick_power"": 0.0, ""kick_dir"": null}, {""move_vx"": 0.0, ""move_vy"": 0.0, ""kick_power"": 0.4, ""kick_dir"": [0.8967628806049794, -0.44251074467399176]}, {""move_vx"": 4.242640687119285, ""move_vy"": -4.242640687119285, ""kick_power"": 0.0, ""kick_dir"": null}, {""move_vx"": 4.242640687119285, ""move_vy"": 4.242640687119285, ""kick_power"": 0.0, ""kick_dir"": null}, {""move_vx"": 6.1, ""move_vy"": 0.0, ""kick_power"": 0.0, ""kick_dir"": null}, {""move_vx"": -6.0, ""move_vy"": 0.0, ""kick_power"": 0.0, ""kick_dir"": null}, {""move_vx"": 5.1366587030847475, ""move_vy"": -3.100763997472834, ""kick_power"": 0.0, ""kick_dir"": null}, {""move_vx"": 5.0, ""move_vy"": 0.0, ""kick_power"": 0.0, ""kick_dir"": null}, {""move_vx"": -6.943122467314675, ""move_vy"": 0.48440727066197886, ""kick_power"": 0.0, ""kick_dir"": null}, {""move_vx"": -3.8183766184073566, ""move_vy"": -3.8183766184073566, ""kick_power"": 0.0, ""kick_dir"": null}, {""move_vx"": 4.548865952221914, ""move_vy"": -0.6131219688742356, ""kick_power"": 0.0, ""kick_dir"": null}, {""move_vx"": 4.1012193308819755, ""move_vy"": 4.1012193308819755, ""kick_power"": 0.0, ""kick_dir"": null}, {""move_vx"": -0.0, ""move_vy"": 6.0, ""kick_power"": 0.0, ""kick_dir"": null}, {""move_vx"": -1.7153973277289594, ""move_vy"": 5.120294132959585, ""kick_power"": 0.0, ""kick_dir"": null}, {""move_vx"": -0.0, ""move_vy"": 0.0, ""kick_power"": 0.4, ""kick_dir"": [-0.8534144263390234, -0.521232741639262]}, {""move_vx"": -4.525483399593904, ""move_vy"": 4.525483399593904, ""kick_power"": 0.0, ""kick_dir"": null}, {""move_vx"": 4.242640687119285, ""move_vy"": -4.242640687119285, ""kick_power"": 0.0, ""kick_dir"": null}, {""move_vx"": -4.6699036593853505, ""move_vy"": 3.893378971030088, ""kick_power"": 0.0, ""kick_dir"": null}]"
482,261,default,default,0,20.482787494938435,53.29163902540035,14,B,,25.083932373865373,0.006023874474105751,0.43208638579886144,"[{""move_vx"": 0.0, ""move_vy"": 0.0, ""kick_power"": 0.4, ""kick_dir"": [0.9981588408635192, -0.06065212151515383]}, {""move_vx"": 0.0, ""move_vy"": 0.0, ""kick_power"": 0.9, ""kick_dir"": [-0.2675408704462157, -0.9635464629631922]}, {""move_vx"": 0.0, ""move_vy"": 0.0, ""kick_power"": 0.4, ""kick_dir"": [0.9770979924746038, 0.21278836758189956]}, {""move_vx"": 5.39974907289568, ""move_vy"": -0.052057177816882835, ""kick_power"": 0.0, ""kick_dir"": null}, {""move_vx"": -5.8, ""move_vy"": 0.0, ""kick_power"": 0.0, ""kick_dir"": null}, {""move_vx"": 0.0, ""move_vy"": 0.0, ""kick_power"": 0.4, ""kick_dir"": [0.8579950417048358, -0.51365745488698]}, {""move_vx"": 0.0, ""move_vy"": 0.0, ""kick_power"": 0.0, ""kick_dir"": null}, {""move_vx"": 4.242640687119285, ""move_vy"": 4.242640687119285, ""kick_power"": 0.0, ""kick_dir"": null}, {""move_vx"": 6.1, ""move_vy"": 0.0, ""kick_power"": 0.0, ""kick_dir"": null}, {""move_vx"": -6.0, ""move_vy"": 0.0, ""kick_power"": 0.0, ""kick_dir"": null}, {""move_vx"": 0.0, ""move_vy"": 0.0, ""kick_power"": 0.0, ""kick_dir"": null}, {""move_vx"": 5.0, ""move_vy"": 0.0, ""kick_power"": 0.0, ""kick_dir"": null}, {""move_vx"": -6.9442299311441955, ""move_vy"": 0.46826345512016543, ""kick_power"": 0.0, ""kick_dir"": null}, {""move_vx"": -0.0, ""move_vy"": -5.4, ""kick_power"": 0.0, ""kick_dir"": null}, {""move_vx"": 4.548865952221914, ""move_vy"": -0.6131219688742361, ""kick_power"": 0.0, ""kick_dir"": null}, {""move_vx"": -0.0, ""move_vy"": 5.8, ""kick_power"": 0.0, ""kick_dir"": null}, {""move_vx"": -0.0, ""move_vy"": 6.0, ""kick_power"": 0.0, ""kick_dir"": null}, {""move_vx"": -1.504205146598353, ""move_vy"": 5.186267142844363, ""kick_power"": 0.0, ""kick_dir"": null}, {""move_vx"": -0.0, ""move_vy"": 0.0, ""kick_power"": 0.4, ""kick_dir"": [-0.8720987996303782, -0.4893295858133811]}, {""move_vx"": -4.525483399593904, ""move_vy"": 4.525483399593904, ""kick_power"": 0.0, ""kick_dir"": null}, {""move_vx"": -0.0, ""move_vy"": 0.0, ""kick_power"": 0.9, ""kick_dir"": [-0.34254824441503584, -0.9394997074235452]}, {""move_vx"": -4.622085370443692, ""move_vy"": 3.9500287123425326, ""kick_power"": 0.0, ""kick_dir"": null}]"
482,262,default,default,0,20.78604522508656,53.25076422747541,14,B,,25.079598920984225,0.0038232530203903994,0.4300415383607467,"[{""move_vx"": 0.0, ""move_vy"": 5.0, ""kick_power"": 0.0, ""kick_dir"": null}, {""move_vx"": 0.0, ""move_vy"": 0.0, ""kick_power"": 0.9, ""kick_dir"": [-0.26608666642803586, -0.96394905962761]}, {""move_vx"": 0.0, ""move_vy"": 0.0, ""kick_power"": 0.4, ""kick_dir"": [0.98366197267259, 0.1800237144207984]}, {""move_vx"": 5.39974907289568, ""move_vy"": -0.05205717781688301, ""kick_power"": 0.0, ""kick_dir"": null}, {""move_vx"": -5.8, ""move_vy"": 0.0, ""kick_power"": 0.0, ""kick_dir"": null}, {""move_vx"": 0.0, ""move_vy"": 0.0, ""kick_power"": 0.4, ""kick_dir"": [0.8416325018712889, -0.540050186895675]}, {""move_vx"": 0.0, ""move_vy"": -6.0, ""kick_power"": 0.0, ""kick_dir"": null}, {""move_vx"": 4.242640687119285, ""move_vy"": -4.242640687119285, ""kick_power"": 0.0, ""kick_dir"": null}, {""move_vx"": 6.1, ""move_vy"": 0.0, ""kick_power"": 0.0, ""kick_dir"": null}, {""move_vx"": -6.0, ""move_vy"": 0.0, ""kick_power"": 0.0, ""kick_dir"": null}, {""move_vx"": 0.0, ""move_vy"": 0.0, ""kick_power"": 0.0, ""kick_dir"": null}, {""move_vx"": 5.0, ""move_vy"": 0.0, ""kick_power"": 0.0, ""kick_dir"": null}, {""move_vx"": -6.9450350913973375, ""move_vy"": 0.45616617504981233, ""kick_power"": 0.0, ""kick_dir"": null}, {""move_vx"": -0.0, ""move_vy"": -5.4, ""kick_power"": 0.0, ""kick_dir"": null}, {""move_vx"": 4.548865952221914, ""move_vy"": -0.6131219688742364, ""kick_power"": 0.0, ""kick_dir"": null}, {""move_vx"": -0.0, ""move_vy"": 5.8, ""kick_power"": 0.0, ""kick_dir"": null}, {""move_vx"": -0.0, ""move_vy"": 6.0, ""kick_power"": 0.0, ""kick_dir"": null}, {""move_vx"": -1.2550281247604858, ""move_vy"": 5.252133319524571, ""kick_power"": 0.0, ""kick_dir"": null}, {""move_vx"": -0.0, ""move_vy"": 0.0, ""kick_power"": 0.4, ""kick_dir"": [-0.8891757069545313, -0.45756565664311377]}, {""move_vx"": -4.525483399593904, ""move_vy"": 4.525483399593904, ""kick_power"": 0.0, ""kick_dir"": null}, {""move_vx"": 4.242640687119285, ""move_vy"": -4.242640687119285, ""kick_power"": 0.0, ""kick_dir"": null}, {""move_vx"": -4.570038962810957, ""move_vy"": 4.010130157287885, ""kick_power"": 0.0, ""kick_dir"": null}]"
482,263,default,default,0,21.089302955234686,53.209889429550465,14,B,,25.074713206746537,0.001629480590857579,0.4302114783599287,"[{""move_vx"": 0.0, ""move_vy"": 0.0, ""kick_power"": 0.4, ""kick_dir"": [0.9952774750287164, -0.09706945922798298]}, {""move_vx"": 0.0, ""move_vy"": 0.0, ""kick_power"": 0.9, ""kick_dir"": [-0.26471854681865986, -0.964325668298991]}, {""move_vx"": 0.0, ""move_vy"": 0.0, ""kick_power"": 0.0, ""kick_dir"": null}, {""move_vx"": 5.39974907289568, ""move_vy"": -0.052057177816883196, ""kick_power"": 0.0, ""kick_dir"": null}, {""move_vx"": -5.8, ""move_vy"": 0.0, ""kick_power"": 0.0, ""kick_dir"": null}, {""move_vx"": 0.0, ""move_vy"": 0.0, ""kick_power"": 0.4, ""kick_dir"": [0.7934767793286599, -0.608600117824711]}, {""move_vx"": 0.0, ""move_vy"": -6.0, ""kick_power"": 0.0, ""kick_dir"": null}, {""move_vx"": 7.071483663439735, ""move_vy"": -2.4988234827023974, ""kick_power"": 0.0, ""kick_dir"": null}, {""move_vx"": 5.565278436698964, ""move_vy"": 2.4975339681400803, ""kick_power"": 0.0, ""kick_dir"": null}, {""move_vx"": -6.0, ""move_vy"": 0.0, ""kick_power"": 0.0, ""kick_dir"": null}, {""move_vx"": 0.0, ""move_vy"": 0.0, ""kick_power"": 0.0, ""kick_dir"": null}, {""move_vx"": 5.0, ""move_vy"": 0.0, ""kick_power"": 0.0, ""kick_dir"": null}, {""move_vx"": -6.9450350913973375, ""move_vy"": 0.45616617504981233, ""kick_power"": 0.0, ""kick_dir"": null}, {""move_vx"": -0.0, ""move_vy"": -5.4, ""kick_power"": 0.0, ""kick_dir"": null}, {""move_vx"": 4.548865952221914, ""move_vy"": -0.613121968874237, ""kick_power"": 0.0, ""kick_dir"": null}, {""move_vx"": -0.0, ""move_vy"": 5.8, ""kick_power"": 0.0, ""kick_dir"": null}, {""move_vx"": -0.0, ""move_vy"": 6.0, ""kick_power"": 0.0, ""kick_dir"": null}, {""move_vx"": -0.9557393101151924, ""move_vy"": 5.314749511604525, ""kick_power"": 0.0, ""kick_dir"": null}, {""move_vx"": -0.0, ""move_vy"": 0.0, ""kick_power"": 0.4, ""kick_dir"": [-0.9009814284842569, -0.433857400324481]}, {""move_vx"": -0.0, ""move_vy"": 0.0, ""kick_power"": 0.0, ""kick_dir"": null}, {""move_vx"": -0.0, ""move_vy"": 0.0, ""kick_power"": 0.9, ""kick_dir"": [-0.701544081451922, -0.7126254337685732]}, {""move_vx"": -4.513161357167031, ""move_vy"": 4.0740366424682835, ""kick_power"": 0.0, ""kick_dir"": null}]"
482,264,default,default,0,21.39256068538281,53.16901463162552,14,B,,25.075522638761175,0.005265177306877791,0.4260836151106067,"[{""move_vx"": 6.3091370361617, ""move_vy"": -1.5635823799636368, ""kick_power"": 0.0, ""kick_dir"": null}, {""move_vx"": 0.0, ""move_vy"": 0.0, ""kick_power"": 0.9, ""kick_dir"": [-0.2634314751746484, -0.964678061024583]}, {""move_vx"": 0.0, ""move_vy"": 0.0, ""kick_power"": 0.4, ""kick_dir"": [0.9921727936825164, 0.1248704424332385]}, {""move_vx"": 5.399749072895679, ""move_vy"": -0.05205717781688337, ""kick_power"": 0.0, ""kick_dir"": null}, {""move_vx"": -5.8, ""move_vy"": 0.0, ""kick_power"": 0.0, ""kick_dir"": null}, {""move_vx"": 0.0, ""move_vy"": 0.0, ""kick_power"": 0.4, ""kick_dir"": [0.7461295936285577, -0.665800391959097]}, {""move_vx"": 0.0, ""move_vy"": -6.0, ""kick_power"": 0.0, ""kick_dir"": null}, {""move_vx"": 4.242640687119285, ""move_vy"": -4.242640687119285, ""kick_power"": 0.0, ""kick_dir"": null}, {""move_vx"": 6.1, ""move_vy"": 0.0, ""kick_power"": 0.0, ""kick_dir"": null}, {""move_vx"": -6.0, ""move_vy"": 0.0, ""kick_power"": 0.0, ""kick_dir"": null}, {""move_vx"": 5.43611462333282, ""move_vy"": 2.53942076111602, ""kick_power"": 0.0, ""kick_dir"": null}, {""move_vx"": 5.0, ""move_vy"": 0.0, ""kick_power"": 0.0, ""kick_dir"": null}, {""move_vx"": -6.9450350913973375, ""move_vy"": 0.4561661750498122, ""kick_power"": 0.0, ""kick_dir"": null}, {""move_vx"": -0.0, ""move_vy"": -5.4, ""kick_power"": 0.0, ""kick_dir"": null}, {""move_vx"": 4.548865952221914, ""move_vy"": -0.6131219688742374, ""kick_power"": 0.0, ""kick_dir"": null}, {""move_vx"": -0.0, ""move_vy"": 5.8, ""kick_power"": 0.0, ""kick_dir"": null}, {""move_vx"": -0.0, ""move_vy"": 6.0, ""kick_power"": 0.0, ""kick_dir"": null}, {""move_vx"": -0.5883688031416133, ""move_vy"": 5.3678507944511376, ""kick_power"": 0.0, ""kick_dir"": null}, {""move_vx"": -0.0, ""move_vy"": 0.0, ""kick_power"": 0.4, ""kick_dir"": [-0.9112226454048626, -0.41191392105189445]}, {""move_vx"": -4.525483399593904, ""move_vy"": 4.525483399593904, ""kick_power"": 0.0, ""kick_dir"": null}, {""move_vx"": 4.242640687119285, ""move_vy"": -4.242640687119285, ""kick_power"": 0.0, ""kick_dir"": null}, {""move_vx"": -4.4507287614495565, ""move_vy"": 4.142150829219731, ""kick_power"": 0.0, ""kick_dir"": null}]"
482,265,default,default,0,21.695818415530937,53.12813983370058,14,B,,25.071170852669166,0.006711233916099909,0.42444507069458975,"[{""move_vx"": 0.0, ""move_vy"": 5.0, ""kick_power"": 0.0, ""kick_dir"": null}, {""move_vx"": 0.0, ""move_vy"": 0.0, ""kick_power"": 0.9, ""kick_dir"": [-0.2622206825655082, -0.9650078844945973]}, {""move_vx"": 0.0, ""move_vy"": 0.0, ""kick_power"": 0.4, ""kick_dir"": [0.9948220288382597, 0.10162991321895054]}, {""move_vx"": 5.39974907289568, ""move_vy"": -0.052057177816883564, ""kick_power"": 0.0, ""kick_dir"": null}, {""move_vx"": -5.8, ""move_vy"": 0.0, ""kick_power"": 0.0, ""kick_dir"": null}, {""move_vx"": 0.0, ""move_vy"": 0.0, ""kick_power"": 0.4, ""kick_dir"": [0.7008860185994318, -0.7132729840011719]}, {""move_vx"": 0.0, ""move_vy"": -6.0, ""kick_power"": 0.0, ""kick_dir"": null}, {""move_vx"": 0.0, ""move_vy"": 0.0, ""kick_power"": 0.4, ""kick_dir"": [0.582490198539509, -0.81283758748629]}, {""move_vx"": 6.1, ""move_vy"": 0.0, ""kick_power"": 0.0, ""kick_dir"": null}, {""move_vx"": -6.0, ""move_vy"": 0.0, ""kick_power"": 0.0, ""kick_dir"": null}, {""move_vx"": 0.0, ""move_vy"": 0.0, ""kick_power"": 0.0, ""kick_dir"": null}, {""move_vx"": 5.0, ""move_vy"": 0.0, ""kick_power"": 0.0, ""kick_dir"": null}, {""move_vx"": -6.9450350913973375, ""move_vy"": 0.4561661750498121, ""kick_power"": 0.0, ""kick_dir"": null}, {""move_vx"": -0.0, ""move_vy"": -5.4, ""kick_power"": 0.0, ""kick_dir"": null}, {""move_vx"": 4.548865952221914, ""move_vy"": -0.6131219688742379, ""kick_power"": 0.0, ""kick_dir"": null}, {""move_vx"": -0.0, ""move_vy"": 5.8, ""kick_power"": 0.0, ""kick_dir"": null}, {""move_vx"": -0.0, ""move_vy"": 6.0, ""kick_power"": 0.0, ""kick_dir"": null}, {""move_vx"": 4.018901211907672, ""move_vy"": 3.606720539344162, ""kick_power"": 0.0, ""kick_dir"": null}, {""move_vx"": -0.0, ""move_vy"": 0.0, ""kick_power"": 0.4, ""kick_dir"": [-0.9201423983108384, -0.39158366100296726]}, {""move_vx"": -4.525483399593904, ""move_vy"": 4.525483399593904, ""kick_power"": 0.0, ""kick_dir"": null}, {""move_vx"": -0.0, ""move_vy"": 0.0, ""kick_power"": 0.9, ""kick_dir"": [-0.8540150492647154, -0.5202475404682878]}, {""move_vx"": -4.38186508995061, ""move_vy"": 4.2149327792352915, ""kick_power"": 0.0, ""kick_dir"": null}]"
482,266,default,default,0,21.163015525144477,53.9375852260495,14,B,,25.0812138779424,-0.08433730487665436,0.41230905033083287,"[{""move_vx"": 6.274918292364173, ""move_vy"": -1.695700570311128, ""kick_power"": 0.0, ""kick_dir"": null}, {""move_vx"": 0.0, ""move_vy"": 0.0, ""kick_power"": 0.9, ""kick_dir"": [-0.25950789286630915, -0.9657409370947261]}, {""move_vx"": 0.0, ""move_vy"": 0.0, ""kick_power"": 0.4, ""kick_dir"": [0.9939080431685186, 0.11021042218456976]}, {""move_vx"": 5.39974907289568, ""move_vy"": -0.052057177816883744, ""kick_power"": 0.0, ""kick_dir"": null}, {""move_vx"": -5.8, ""move_vy"": 0.0, ""kick_power"": 0.0, ""kick_dir"": null}, {""move_vx"": 0.0, ""move_vy"": 0.0, ""kick_power"": 0.0, ""kick_dir"": null}, {""move_vx"": 0.0, ""move_vy"": -6.0, ""kick_power"": 0.0, ""kick_dir"": null}, {""move_vx"": 4.242640687119285, ""move_vy"": -4.242640687119285, ""kick_power"": 0.0, ""kick_dir"": null}, {""move_vx"": 6.1, ""move_vy"": 0.0, ""kick_power"": 0.0, ""kick_dir"": null}, {""move_vx"": -6.0, ""move_vy"": 0.0, ""kick_power"": 0.0, ""kick_dir"": null}, {""move_vx"": 0.0, ""move_vy"": 0.0, ""kick_power"": 0.0, ""kick_dir"": null}, {""move_vx"": 5.0, ""move_vy"": 0.0, ""kick_power"": 0.0, ""kick_dir"": null}, {""move_vx"": -6.9450350913973375, ""move_vy"": 0.456166175049812, ""kick_power"": 0.0, ""kick_dir"": null}, {""move_vx"": -0.0, ""move_vy"": -5.4, ""kick_power"": 0.0, ""kick_dir"": null}, {""move_vx"": 4.548865952221913, ""move_vy"": -0.6131219688742382, ""kick_power"": 0.0, ""kick_dir"": null}, {""move_vx"": -0.0, ""move_vy"": 5.8, ""kick_power"": 0.0, ""kick_dir"": null}, {""move_vx"": -0.0, ""move_vy"": 6.0, ""kick_power"": 0.0, ""kick_dir"": null}, {""move_vx"": 4.077703634952943, ""move_vy"": 3.5401035388095017, ""kick_power"": 0.0, ""kick_dir"": null}, {""move_vx"": -0.0, ""move_vy"": 0.0, ""kick_power"": 0.4, ""kick_dir"": [-0.927941886537312, -0.37272464393101773]}, {""move_vx"": -4.525483399593904, ""move_vy"": 4.525483399593904, ""kick_power"": 0.0, ""kick_dir"": null}, {""move_vx"": 4.242640687119285, ""move_vy"": -4.242640687119285, ""kick_power"": 0.0, ""kick_dir"": null}, {""move_vx"": -4.305500045733832, ""move_vy"": 4.292909194961614, ""kick_power"": 0.0, ""kick_dir"": null}]"
482,267,default,default,0,20.632260272216733,53.54059253267958,14,B,,25.08845234201494,-0.04144234957916353,0.46101904603946225,"[{""move_vx"": 6.362537496501048, ""move_vy"": -1.3297054582192922, ""kick_power"": 0.0, ""kick_dir"": null}, {""move_vx"": 0.0, ""move_vy"": 0.0, ""kick_power"": 0.9, ""kick_dir"": [-0.25591809246022634, -0.9666984197984548]}, {""move_vx"": 0.0, ""move_vy"": 0.0, ""kick_power"": 0.4, ""kick_dir"": [0.9911165205399922, 0.13299474843738915]}, {""move_vx"": 1.936563363249764, ""move_vy"": -4.750433910720027, ""kick_power"": 0.0, ""kick_dir"": null}, {""move_vx"": -5.8, ""move_vy"": 0.0, ""kick_power"": 0.0, ""kick_dir"": null}, {""move_vx"": 0.0, ""move_vy"": 0.0, ""kick_power"": 0.0, ""kick_dir"": null}, {""move_vx"": 0.0, ""move_vy"": -6.0, ""kick_power"": 0.0, ""kick_dir"": null}, {""move_vx"": 4.242640687119285, ""move_vy"": -4.242640687119285, ""kick_power"": 0.0, ""kick_dir"": null}, {""move_vx"": 6.1, ""move_vy"": 0.0, ""kick_power"": 0.0, ""kick_dir"": null}, {""move_vx"": -6.0, ""move_vy"": 0.0, ""kick_power"": 0.0, ""kick_dir"": null}, {""move_vx"": 0.0, ""move_vy"": 0.0, ""kick_power"": 0.0, ""kick_dir"": null}, {""move_vx"": 3.5355339059327373, ""move_vy"": -3.5355339059327373, ""kick_power"": 0.0, ""kick_dir"": null}, {""move_vx"": -0.0, ""move_vy"": 0.0, ""kick_power"": 0.4, ""kick_dir"": [-0.9978489799372011, 0.06555439320900892]}, {""move_vx"": -0.0, ""move_vy"": 0.0, ""kick_power"": 0.0, ""kick_dir"": null}, {""move_vx"": -0.0, ""move_vy"": 0.0, ""kick_power"": 0.4, ""kick_dir"": [-0.8007769048947747, -0.5989626640697227]}, {""move_vx"": -0.0, ""move_vy"": 5.8, ""kick_power"": 0.0, ""kick_dir"": null}, {""move_vx"": -0.0, ""move_vy"": 6.0, ""kick_power"": 0.0, ""kick_dir"": null}, {""move_vx"": -2.1098256721022977, ""move_vy"": 4.97077817180953, ""kick_power"": 0.0, ""kick_dir"": null}, {""move_vx"": -0.0, ""move_vy"": 0.0, ""kick_power"": 0.4, ""kick_dir"": [-0.9336020167325986, -0.35831143671880594]}, {""move_vx"": -0.0, ""move_vy"": 0.0, ""kick_power"": 0.4, ""kick_dir"": [0.9471370033660641, 0.3208284185862016]}, {""move_vx"": -0.0, ""move_vy"": 0.0, ""kick_power"": 0.9, ""kick_dir"": [-0.9471370033660641, -0.3208284185862016]}, {""move_vx"": 4.525483399593904, ""move_vy"": 4.525483399593904, ""kick_power"": 0.0, ""kick_dir"": null}]"
482,268,default,default,0,20.099784805227184,53.14591011078351,-1,,,25.09544400231182,-0.03610456765336558,-0.2816234301378744,"[{""move_vx"": 6.290480000383112, ""move_vy"": -1.6370282113574224, ""kick_power"": 0.0, ""kick_dir"": null}, {""move_vx"": 0.0, ""move_vy"": 0.0, ""kick_power"": 0.9, ""kick_dir"": [-0.25232667085742133, -0.9676420603174469]}, {""move_vx"": 0.0, ""move_vy"": 0.0, ""kick_power"": 0.4, ""kick_dir"": [0.9882525787299362, 0.15282808448865717]}, {""move_vx"": 1.4998231302315603, ""move_vy"": -4.905856762892941, ""kick_power"": 0.0, ""kick_dir"": null}, {""move_vx"": -5.8, ""move_vy"": 0.0, ""kick_power"": 0.0, ""kick_dir"": null}, {""move_vx"": 0.0, ""move_vy"": 0.0, ""kick_power"": 0.4, ""kick_dir"": [0.5923052266484344, -0.8057134457719867]}, {""move_vx"": -4.560925124801645, ""move_vy"": 2.8910140099890733, ""kick_power"": 0.0, ""kick_dir"": null}, {""move_vx"": 4.242640687119285, ""move_vy"": -4.242640687119285, ""kick_power"": 0.0, ""kick_dir"": null}, {""move_vx"": 6.1, ""move_vy"": 0.0, ""kick_power"": 0.0, ""kick_dir"": null}, {""move_vx"": -6.0, ""move_vy"": 0.0, ""kick_power"": 0.0, ""kick_dir"": null}, {""move_vx"": 0.0, ""move_vy"": 0.0, ""kick_power"": 0.0, ""kick_dir"": null}, {""move_vx"": 5.0, ""move_vy"": 0.0, ""kick_power"": 0.0, ""kick_dir"": null}, {""move_vx"": -6.944150575526697, ""move_vy"": 0.4694387973018847, ""kick_power"": 0.0, ""kick_dir"": null}, {""move_vx"": -0.0, ""move_vy"": -5.4, ""kick_power"": 0.0, ""kick_dir"": null}, {""move_vx"": -0.0, ""move_vy"": 0.0, ""kick_power"": 0.4, ""kick_dir"": [-0.8033722777792097, -0.5954770424836926]}, {""move_vx"": -0.0, ""move_vy"": 5.8, ""kick_power"": 0.0, ""kick_dir"": null}, {""move_vx"": -0.0, ""move_vy"": 6.0, ""kick_power"": 0.0, ""kick_dir"": null}, {""move_vx"": 3.8934174384540623, ""move_vy"": 3.741831189396686, ""kick_power"": 0.0, ""kick_dir"": null}, {""move_vx"": -0.0, ""move_vy"": 0.0, ""kick_power"": 0.4, ""kick_dir"": [-0.925935433938213, -0.37768158517582745]}, {""move_vx"": -4.525483399593904, ""move_vy"": 4.525483399593904, ""kick_power"": 0.0, ""kick_dir"": null}, {""move_vx"": -0.0, ""move_vy"": 0.0, ""kick_power"": 0.9, ""kick_dir"": [-0.9471370033660641, -0.3208284185862016]}, {""move_vx"": -0.0, ""move_vy"": 0.0, ""kick_power"": 0.0, ""kick_dir"": null}]"
482,269,default,default,0,19.579589935001643,52.76033033487515,-1,,,25.100846166495792,-0.042981196953972504,-0.004022617975829947,"[{""move_vx"": 4.086361971520728, ""move_vy"": -2.4215998508649665, ""kick_power"": 0.0, ""kick_dir"": null}, {""move_vx"": 0.0, ""move_vy"": -5.8, ""kick_power"": 0.0, ""kick_dir"": null}, {""move_vx"": 0.0, ""move_vy"": 0.0, ""kick_power"": 0.9, ""kick_dir"": [0.9852276559668307, 0.17124855928897587]}, {""move_vx"": 0.0, ""move_vy"": 5.4, ""kick_power"": 0.0, ""kick_dir"": null}, {""move_vx"": 0.0, ""move_vy"": 0.0, ""kick_power"": 0.4, ""kick_dir"": [0.978490205854227, -0.20629322357793367]}, {""move_vx"": 0.0, ""move_vy"": 0.0, ""kick_power"": 0.65, ""kick_dir"": [0.8554683915029663, -0.5178547950775683]}, {""move_vx"": 5.812179178906263, ""move_vy"": -1.489487560300027, ""kick_power"": 0.0, ""kick_dir"": null}, {""move_vx"": 6.0, ""move_vy"": 0.0, ""kick_power"": 0.0, ""kick_dir"": null}, {""move_vx"": 4.313351365237939, ""move_vy"": -4.313351365237939, ""kick_power"": 0.0, ""kick_dir"": null}, {""move_vx"": 0.0, ""move_vy"": 0.0, ""kick_power"": 0.65, ""kick_dir"": [-0.03227935146116231, 0.9994788359492491]}, {""move_vx"": 0.0, ""move_vy"": 0.0, ""kick_power"": 0.0, ""kick_dir"": null}, {""move_vx"": 3.5355339059327373, ""move_vy"": -3.5355339059327373, ""kick_power"": 0.0, ""kick_dir"": null}, {""move_vx"": -0.0, ""move_vy"": 0.0, ""kick_power"": 0.9, ""kick_dir"": [0.931420303446925, 0.3639450947892203]}, {""move_vx"": 4.005714640344908, ""move_vy"": 2.241060066157635, ""kick_power"": 0.0, ""kick_dir"": null}, {""move_vx"": -0.0, ""move_vy"": 0.0, ""kick_power"": 0.0, ""kick_dir"": null}, {""move_vx"": -2.3286586015523913, ""move_vy"": -5.312000481684471, ""kick_power"": 0.0, ""kick_dir"": null}, {""move_vx"": -4.242640687119285, ""move_vy"": -4.242640687119285, ""kick_power"": 0.0, ""kick_dir"": null}, {""move_vx"": -2.0503522755567816, ""move_vy"": 5.638799122696173, ""kick_power"": 0.0, ""kick_dir"": null}, {""move_vx"": -5.350616394506135, ""move_vy"": 0.7286317306034473, ""kick_power"": 0.0, ""kick_dir"": null}, {""move_vx"": 4.072781725264204, ""move_vy"": 4.073088388232441, ""kick_power"": 0.0, ""kick_dir"": null}, {""move_vx"": -0.0, ""move_vy"": 0.0, ""kick_power"": 0.9, ""kick_dir"": [-0.955649707990253, -0.2945047775951057]}, {""move_vx"": 4.525483399593904, ""move_vy"": 4.525483399593904, ""kick_power"": 0.0, ""kick_dir"": null}]"
482,270,default,default,0,19.071392431483083,52.38364326866299,-1,,,25.10589653479332,-0.04461918372342632,-0.0006284819672311712,"[{""move_vx"": 3.997910560738619, ""move_vy"": -2.564997299868875, ""kick_power"": 0.0, ""kick_dir"": null}, {""move_vx"": 0.0, ""move_vy"": -5.8, ""kick_power"": 0.0, ""kick_dir"": null}, {""move_vx"": 0.0, ""move_vy"": 0.0, ""kick_power"": 0.9, ""kick_dir"": [0.9885305674643902, 0.15101966333198938]}, {""move_vx"": 0.0, ""move_vy"": 5.4, ""kick_power"": 0.0, ""kick_dir"": null}, {""move_vx"": 0.0, ""move_vy"": 0.0, ""kick_power"": 0.4, ""kick_dir"": [0.9783312433191027, -0.20704578072306948]}, {""move_vx"": 0.0, ""move_vy"": 0.0, ""kick_power"": 1.0, ""kick_dir"": [0.996754087261956, 0.08050617935661646]}, {""move_vx"": 5.812179178906263, ""move_vy"": -1.4894875603000268, ""kick_power"": 0.0, ""kick_dir"": null}, {""move_vx"": 6.0, ""move_vy"": 0.0, ""kick_power"": 0.0, ""kick_dir"": null}, {""move_vx"": 4.313351365237939, ""move_vy"": -4.313351365237939, ""kick_power"": 0.0, ""kick_dir"": null}, {""move_vx"": 0.0, ""move_vy"": 0.0, ""kick_power"": 0.65, ""kick_dir"": [-0.04503674613137434, 0.9989852811288321]}, {""move_vx"": 0.0, ""move_vy"": 0.0, ""kick_power"": 0.0, ""kick_dir"": null}, {""move_vx"": -3.5355339059327373, ""move_vy"": 3.5355339059327373, ""kick_power"": 0.0, ""kick_dir"": null}, {""move_vx"": -0.0, ""move_vy"": 0.0, ""kick_power"": 0.9, ""kick_dir"": [0.918414393797861, 0.3956195208396743]}, {""move_vx"": 4.005714640344908, ""move_vy"": 2.241060066157635, ""kick_power"": 0.0, ""kick_dir"": null}, {""move_vx"": -0.0, ""move_vy"": 0.0, ""kick_power"": 0.0, ""kick_dir"": null}, {""move_vx"": -0.0, ""move_vy"": 0.0, ""kick_power"": 0.4, ""kick_dir"": [-0.7039323301318441, -0.7102670082822091]}, {""move_vx"": -4.242640687119285, ""move_vy"": -4.242640687119285, ""kick_power"": 0.0, ""kick_dir"": null}, {""move_vx"": 6.0, ""move_vy"": 0.0, ""kick_power"": 0.0, ""kick_dir"": null}, {""move_vx"": -5.3528404245494166, ""move_vy"": 0.712109113345433, ""kick_power"": 0.0, ""kick_dir"": null}, {""move_vx"": 4.011868707225991, ""move_vy"": 4.133099257939598, ""kick_power"": 0.0, ""kick_dir"": null}, {""move_vx"": -0.0, ""move_vy"": 0.0, ""kick_power"": 0.65, ""kick_dir"": [0.669074001558763, -0.7431948183371797]}, {""move_vx"": -4.525483399593904, ""move_vy"": 4.525483399593904, ""kick_power"": 0.0, ""kick_dir"": null}]"
482,271,default,default,0,18.574915596810495,52.015643817661584,-1,,,25.110569583746358,-0.04583905702187914,-0.009194469606010981,"[{""move_vx"": 3.9022084122068925, ""move_vy"": -2.7083702678366848, ""kick_power"": 0.0, ""kick_dir"": null}, {""move_vx"": 0.0, ""move_vy"": -5.8, ""kick_power"": 0.0, ""kick_dir"": null}, {""move_vx"": 0.0, ""move_vy"": 0.0, ""kick_power"": 0.9, ""kick_dir"": [0.9910936731553232, 0.1331651964075866]}, {""move_vx"": 0.0, ""move_vy"": 0.0, ""kick_power"": 0.4, ""kick_dir"": [0.9748415707558921, -0.22289882469272665]}, {""move_vx"": 0.0, ""move_vy"": 0.0, ""kick_power"": 0.4, ""kick_dir"": [0.9781746681489818, -0.2077842522503792]}, {""move_vx"": 0.0, ""move_vy"": 0.0, ""kick_power"": 1.0, ""kick_dir"": [0.996754087261956, 0.08050617935661646]}, {""move_vx"": 5.812179178906263, ""move_vy"": -1.4894875603000262, ""kick_power"": 0.0, ""kick_dir"": null}, {""move_vx"": 6.0, ""move_vy"": 0.0, ""kick_power"": 0.0, ""kick_dir"": null}, {""move_vx"": 4.313351365237939, ""move_vy"": -4.313351365237939, ""kick_power"": 0.0, ""kick_dir"": null}, {""move_vx"": 0.0, ""move_vy"": 0.0, ""kick_power"": 0.65, ""kick_dir"": [-0.057744820017634896, 0.9983313260354103]}, {""move_vx"": 0.0, ""move_vy"": 0.0, ""kick_power"": 0.0, ""kick_dir"": null}, {""move_vx"": 3.5355339059327373, ""move_vy"": -3.5355339059327373, ""kick_power"": 0.0, ""kick_dir"": null}, {""move_vx"": -0.0, ""move_vy"": 0.0, ""kick_power"": 0.9, ""kick_dir"": [0.9026369329319142, 0.43040255680184697]}, {""move_vx"": 4.005714640344908, ""move_vy"": 2.241060066157635, ""kick_power"": 0.0, ""kick_dir"": null}, {""move_vx"": -0.0, ""move_vy"": 0.0, ""kick_power"": 0.0, ""kick_dir"": null}, {""move_vx"": -4.1012193308819755, ""move_vy"": 4.1012193308819755, ""kick_power"": 0.0, ""kick_dir"": null}, {""move_vx"": -4.242640687119285, ""move_vy"": -4.242640687119285, ""kick_power"": 0.0, ""kick_dir"": null}, {""move_vx"": 6.0, ""move_vy"": 0.0, ""kick_power"": 0.0, ""kick_dir"": null}, {""move_vx"": -5.354959575345747, ""move_vy"": 0.6959942143530368, ""kick_power"": 0.0, ""kick_dir"": null}, {""move_vx"": 3.945773757804416, ""move_vy"": 4.196244684503279, ""kick_power"": 0.0, ""kick_dir"": null}, {""move_vx"": -0.0, ""move_vy"": 0.0, ""kick_power"": 0.65, ""kick_dir"": [0.757358309609168, -0.6529985631599935]}, {""move_vx"": 4.525483399593904, ""move_vy"": 4.525483399593904, ""kick_power"": 0.0, ""kick_dir"": null}]"
482,272,default,default,0,18.08988911466542,51.65613161752391,-1,,,25.11483489269024,-0.048320473175693934,-0.0018169717077467602,"[{""move_vx"": 3.7991626613653278, ""move_vy"": -2.851116109962469, ""kick_power"": 0.0, ""kick_dir"": null}, {""move_vx"": 0.0, ""move_vy"": -5.8, ""kick_power"": 0.0, ""kick_dir"": null}, {""move_vx"": 0.0, ""move_vy"": 0.0, ""kick_power"": 0.9, ""kick_dir"": [0.9930791783926104, 0.11744530490170069]}, {""move_vx"": 0.0, ""move_vy"": 5.4, ""kick_power"": 0.0, ""kick_dir"": null}, {""move_vx"": 0.0, ""move_vy"": 0.0, ""kick_power"": 0.4, ""kick_dir"": [0.9780205129565926, -0.20850864022678034]}, {""move_vx"": 0.0, ""move_vy"": 0.0, ""kick_power"": 1.0, ""kick_dir"": [0.996754087261956, 0.08050617935661646]}, {""move_vx"": 5.812179178906263, ""move_vy"": -1.4894875603000255, ""kick_power"": 0.0, ""kick_dir"": null}, {""move_vx"": 6.0, ""move_vy"": 0.0, ""kick_power"": 0.0, ""kick_dir"": null}, {""move_vx"": 4.313351365237939, ""move_vy"": -4.313351365237939, ""kick_power"": 0.0, ""kick_dir"": null}, {""move_vx"": 0.0, ""move_vy"": 0.0, ""kick_power"": 0.65, ""kick_dir"": [-0.07040419891121874, 0.9975184960296575]}, {""move_vx"": 0.0, ""move_vy"": 0.0, ""kick_power"": 0.0, ""kick_dir"": null}, {""move_vx"": 3.5355339059327373, ""move_vy"": -3.5355339059327373, ""kick_power"": 0.0, ""kick_dir"": null}, {""move_vx"": -0.0, ""move_vy"": 0.0, ""kick_power"": 0.9, ""kick_dir"": [0.883462949697469, 0.4685007993270433]}, {""move_vx"": 4.005714640344908, ""move_vy"": 2.2410600661576345, ""kick_power"": 0.0, ""kick_dir"": null}, {""move_vx"": -0.0, ""move_vy"": 0.0, ""kick_power"": 0.0, ""kick_dir"": null}, {""move_vx"": -2.3215638817126143, ""move_vy"": -5.31510499831635, ""kick_power"": 0.0, ""kick_dir"": null}, {""move_vx"": -4.242640687119285, ""move_vy"": 4.242640687119285, ""kick_power"": 0.0, ""kick_dir"": null}, {""move_vx"": 4.242640687119285, ""move_vy"": -4.242640687119285, ""kick_power"": 0.0, ""kick_dir"": null}, {""move_vx"": -5.356979197586221, ""move_vy"": 0.6802748537381738, ""kick_power"": 0.0, ""kick_dir"": null}, {""move_vx"": 4.51967260138945, ""move_vy"": 4.973023182758103, ""kick_power"": 0.0, ""kick_dir"": null}, {""move_vx"": -0.0, ""move_vy"": 0.0, ""kick_power"": 0.65, ""kick_dir"": [0.8166645070162507, -0.5771117421162164]}, {""move_vx"": -0.0, ""move_vy"": 0.0, ""kick_power"": 0.0, ""kick_dir"": null}]"
482,273,default,default,0,17.616048903093084,51.3049109249492,-1,,,25.118656817290805,-0.05415942711532088,-0.003093039368928882,"[{""move_vx"": 3.688751536946475, ""move_vy"": -2.9925928721887676, ""kick_power"": 0.0, ""kick_dir"": null}, {""move_vx"": 0.0, ""move_vy"": -5.8, ""kick_power"": 0.0, ""kick_dir"": null}, {""move_vx"": 0.0, ""move_vy"": 0.0, ""kick_power"": 0.9, ""kick_dir"": [0.9946136367861477, 0.10365028824114425]}, {""move_vx"": 0.0, ""move_vy"": 5.4, ""kick_power"": 0.0, ""kick_dir"": null}, {""move_vx"": 0.0, ""move_vy"": 0.0, ""kick_power"": 0.4, ""kick_dir"": [0.9778688106030506, -0.2092189426981483]}, {""move_vx"": 0.0, ""move_vy"": 0.0, ""kick_power"": 1.0, ""kick_dir"": [0.996754087261956, 0.08050617935661646]}, {""move_vx"": 5.812179178906263, ""move_vy"": -1.4894875603000253, ""kick_power"": 0.0, ""kick_dir"": null}, {""move_vx"": 6.0, ""move_vy"": 0.0, ""kick_power"": 0.0, ""kick_dir"": null}, {""move_vx"": 4.313351365237939, ""move_vy"": -4.313351365237939, ""kick_power"": 0.0, ""kick_dir"": null}, {""move_vx"": 4.242640687119285, ""move_vy"": -4.242640687119285, ""kick_power"": 0.0, ""kick_dir"": null}, {""move_vx"": 0.0, ""move_vy"": 0.0, ""kick_power"": 0.0, ""kick_dir"": null}, {""move_vx"": 3.5355339059327373, ""move_vy"": -3.5355339059327373, ""kick_power"": 0.0, ""kick_dir"": null}, {""move_vx"": -0.0, ""move_vy"": 0.0, ""kick_power"": 0.9, ""kick_dir"": [0.8601411376601786, 0.5100558733399679]}, {""move_vx"": 4.005714640344908, ""move_vy"": 2.2410600661576354, ""kick_power"": 0.0, ""kick_dir"": null}, {""move_vx"": -0.0, ""move_vy"": 0.0, ""kick_power"": 0.0, ""kick_dir"": null}, {""move_vx"": -2.321563881712615, ""move_vy"": -5.315104998316351, ""kick_power"": 0.0, ""kick_dir"": null}, {""move_vx"": -4.242640687119285, ""move_vy"": -4.242640687119285, ""kick_power"": 0.0, ""kick_dir"": null}, {""move_vx"": -2.550524017815766, ""move_vy"": 5.430914033065238, ""kick_power"": 0.0, ""kick_dir"": null}, {""move_vx"": -5.3589043437470885, ""move_vy"": 0.6649392713388098, ""kick_power"": 0.0, ""kick_dir"": null}, {""move_vx"": 3.7877536669712786, ""move_vy"": 4.339414955768305, ""kick_power"": 0.0, ""kick_dir"": null}, {""move_vx"": -0.0, ""move_vy"": 0.0, ""kick_power"": 0.65, ""kick_dir"": [0.8629053161961685, -0.505364654917336]}, {""move_vx"": -4.525483399593904, ""move_vy"": 4.525483399593904, ""kick_power"": 0.0, ""kick_dir"": null}]"
482,274,default,default,0,17.153136970717892,50.961790511106706,-1,,,25.121994688421722,-0.05430130329141513,-0.00785498681604669,"[{""move_vx"": 3.571032431270389, ""move_vy"": -3.1321282500585914, ""kick_power"": 0.0, ""kick_dir"": null}, {""move_vx"": 0.0, ""move_vy"": -5.8, ""kick_power"": 0.0, ""kick_dir"": null}, {""move_vx"": 0.0, ""move_vy"": 0.0, ""kick_power"": 0.9, ""kick_dir"": [0.9957958880663835, 0.09159820696240555]}, {""move_vx"": 0.0, ""move_vy"": 5.4, ""kick_power"": 0.0, ""kick_dir"": null}, {""move_vx"": 0.0, ""move_vy"": 0.0, ""kick_power"": 0.4, ""kick_dir"": [0.9777195942477985, -0.20991515352186782]}, {""move_vx"": 4.313351365237939, ""move_vy"": 4.313351365237939, ""kick_power"": 0.0, ""kick_dir"": null}, {""move_vx"": 5.812179178906263, ""move_vy"": -1.4894875603000244, ""kick_power"": 0.0, ""kick_dir"": null}, {""move_vx"": 6.0, ""move_vy"": 0.0, ""kick_power"": 0.0, ""kick_dir"": null}, {""move_vx"": 4.313351365237939, ""move_vy"": -4.313351365237939, ""kick_power"": 0.0, ""kick_dir"": null}, {""move_vx"": 0.0, ""move_vy"": 0.0, ""kick_power"": 0.65, ""kick_dir"": [-0.1078197533941236, 0.9941704099915485]}, {""move_vx"": 0.0, ""move_vy"": 0.0, ""kick_power"": 0.0, ""kick_dir"": null}, {""move_vx"": 3.5355339059327373, ""move_vy"": -3.5355339059327373, ""kick_power"": 0.0, ""kick_dir"": null}, {""move_vx"": -0.0, ""move_vy"": 0.0, ""kick_power"": 0.9, ""kick_dir"": [0.8317874986190743, 0.5550939698015616]}, {""move_vx"": 4.005714640344908, ""move_vy"": 2.2410600661576345, ""kick_power"": 0.0, ""kick_dir"": null}, {""move_vx"": -0.0, ""move_vy"": 0.0, ""kick_power"": 0.0, ""kick_dir"": null}, {""move_vx"": -4.1012193308819755, ""move_vy"": 4.1012193308819755, ""kick_power"": 0.0, ""kick_dir"": null}, {""move_vx"": -4.242640687119285, ""move_vy"": -4.242640687119285, ""kick_power"": 0.0, ""kick_dir"": null}, {""move_vx"": 3.5675901488045536, ""move_vy"": 4.0536774082495395, ""kick_power"": 0.0, ""kick_dir"": null}, {""move_vx"": -5.360739786234395, ""move_vy"": 0.6499761105483991, ""kick_power"": 0.0, ""kick_dir"": null}, {""move_vx"": 4.319512961112122, ""move_vy"": 5.147835251713519, ""kick_power"": 0.0, ""kick_dir"": null}, {""move_vx"": -0.0, ""move_vy"": 0.0, ""kick_power"": 0.65, ""kick_dir"": [0.8900580514994747, -0.4558462243218337]}, {""move_vx"": -0.0, ""move_vy"": 0.0, ""kick_power"": 0.0, ""kick_dir"": null}]"
482,275,default,default,0,16.700901276275104,50.62658355751755,-1,,,25.12480398287438,-0.054769198391160366,-0.007095523766928572,"[{""move_vx"": 3.4461484226944097, ""move_vy"": -3.269030597709485, ""kick_power"": 0.0, ""kick_dir"": null}, {""move_vx"": 0.0, ""move_vy"": -5.8, ""kick_power"": 0.0, ""kick_dir"": null}, {""move_vx"": 0.0, ""move_vy"": 0.0, ""kick_power"": 0.9, ""kick_dir"": [0.059656594058529154, -0.9982189098218109]}, {""move_vx"": 0.0, ""move_vy"": 5.4, ""kick_power"": 0.0, ""kick_dir"": null}, {""move_vx"": 0.0, ""move_vy"": 0.0, ""kick_power"": 0.4, ""kick_dir"": [0.9775728973995853, -0.21059726219391436]}, {""move_vx"": 0.0, ""move_vy"": 0.0, ""kick_power"": 1.0, ""kick_dir"": [0.996722682263566, 0.08089406550787669]}, {""move_vx"": 5.812179178906263, ""move_vy"": -1.489487560300024, ""kick_power"": 0.0, ""kick_dir"": null}, {""move_vx"": 7.0638051250275025, ""move_vy"": -2.5204478085521225, ""kick_power"": 0.0, ""kick_dir"": null}, {""move_vx"": 4.313351365237939, ""move_vy"": -4.313351365237939, ""kick_power"": 0.0, ""kick_dir"": null}, {""move_vx"": 0.0, ""move_vy"": 0.0, ""kick_power"": 0.65, ""kick_dir"": [-0.12009231282764969, 0.9927626806401341]}, {""move_vx"": 0.0, ""move_vy"": 0.0, ""kick_power"": 0.0, ""kick_dir"": null}, {""move_vx"": 3.5355339059327373, ""move_vy"": -3.5355339059327373, ""kick_power"": 0.0, ""kick_dir"": null}, {""move_vx"": -0.0, ""move_vy"": 0.0, ""kick_power"": 0.9, ""kick_dir"": [0.7973957796877797, 0.6034564738061365]}, {""move_vx"": 4.005714640344908, ""move_vy"": 2.2410600661576354, ""kick_power"": 0.0, ""kick_dir"": null}, {""move_vx"": -0.0, ""move_vy"": 0.0, ""kick_power"": 0.0, ""kick_dir"": null}, {""move_vx"": -4.1012193308819755, ""move_vy"": 4.1012193308819755, ""kick_power"": 0.0, ""kick_dir"": null}, {""move_vx"": -4.242640687119285, ""move_vy"": -4.242640687119285, ""kick_power"": 0.0, ""kick_dir"": null}, {""move_vx"": -2.734374712799691, ""move_vy"": 5.340711088422741, ""kick_power"": 0.0, ""kick_dir"": null}, {""move_vx"": -5.362490034332378, ""move_vy"": 0.6353744027626076, ""kick_power"": 0.0, ""kick_dir"": null}, {""move_vx"": 3.600987856964152, ""move_vy"": 4.4956074621786914, ""kick_power"": 0.0, ""kick_dir"": null}, {""move_vx"": -4.242640687119285, ""move_vy"": 4.242640687119285, ""kick_power"": 0.0, ""kick_dir"": null}, {""move_vx"": -4.525483399593904, ""move_vy"": 4.525483399593904, ""kick_power"": 0.0, ""kick_dir"": null}]"
482,276,default,default,0,16.25909559138213,50.299107554337795,-1,,,25.127039020215946,-0.04904693732675694,-0.00865940635559767,"[{""move_vx"": 3.3143327210496207, ""move_vy"": -3.402601741929228, ""kick_power"": 0.0, ""kick_dir"": null}, {""move_vx"": 0.0, ""move_vy"": 0.0, ""kick_power"": 0.4, ""kick_dir"": [0.9996241318680795, 0.02741466898851355]}, {""move_vx"": 0.0, ""move_vy"": 0.0, ""kick_power"": 0.9, ""kick_dir"": [0.9973958950267253, 0.07211889453066671]}, {""move_vx"": 0.0, ""move_vy"": 5.4, ""kick_power"": 0.0, ""kick_dir"": null}, {""move_vx"": 5.592533462141359, ""move_vy"": -1.5373904757182484, ""kick_power"": 0.0, ""kick_dir"": null}, {""move_vx"": 0.0, ""move_vy"": 0.0, ""kick_power"": 1.0, ""kick_dir"": [0.996722682263566, 0.08089406550787669]}, {""move_vx"": 5.812179178906263, ""move_vy"": -1.4894875603000233, ""kick_power"": 0.0, ""kick_dir"": null}, {""move_vx"": 7.063805125027502, ""move_vy"": -2.520447808552121, ""kick_power"": 0.0, ""kick_dir"": null}, {""move_vx"": -6.1, ""move_vy"": 0.0, ""kick_power"": 0.0, ""kick_dir"": null}, {""move_vx"": 0.0, ""move_vy"": 0.0, ""kick_power"": 0.65, ""kick_dir"": [-0.13232130813210258, 0.9912068277736064]}, {""move_vx"": 0.0, ""move_vy"": 0.0, ""kick_power"": 1.0, ""kick_dir"": [0.9982579306669477, -0.05900044019744615]}, {""move_vx"": 3.5355339059327373, ""move_vy"": -3.5355339059327373, ""kick_power"": 0.0, ""kick_dir"": null}, {""move_vx"": -0.0, ""move_vy"": 0.0, ""kick_power"": 0.9, ""kick_dir"": [0.755878088994709, 0.6547121861295372]}, {""move_vx"": 4.005714640344908, ""move_vy"": 2.2410600661576345, ""kick_power"": 0.0, ""kick_dir"": null}, {""move_vx"": -0.0, ""move_vy"": 0.0, ""kick_power"": 0.0, ""kick_dir"": null}, {""move_vx"": -4.1012193308819755, ""move_vy"": 4.1012193308819755, ""kick_power"": 0.0, ""kick_dir"": null}, {""move_vx"": -4.242640687119285, ""move_vy"": -4.242640687119285, ""kick_power"": 0.0, ""kick_dir"": null}, {""move_vx"": 3.6484253420386104, ""move_vy"": 3.9810793164128815, ""kick_power"": 0.0, ""kick_dir"": null}, {""move_vx"": -5.3641593500399525, ""move_vy"": 0.6211235524265359, ""kick_power"": 0.0, ""kick_dir"": null}, {""move_vx"": 4.1263090434661684, ""move_vy"": 5.3039583027970085, ""kick_power"": 0.0, ""kick_dir"": null}, {""move_vx"": -0.0, ""move_vy"": 0.0, ""kick_power"": 0.65, ""kick_dir"": [0.8787251295134567, -0.477327415624759]}, {""move_vx"": -0.0, ""move_vy"": 0.0, ""kick_power"": 0.0, ""kick_dir"": null}]"
482,277,default,default,0,15.827479366474781,49.97918420098748,-1,,,25.128657653941037,-0.0423397272966077,0.0008146541988605389,"[{""move_vx"": 3.175910561779496, ""move_vy"": -3.5321512005543374, ""kick_power"": 0.0, ""kick_dir"": null}, {""move_vx"": 0.0, ""move_vy"": -5.8, ""kick_power"": 0.0, ""kick_dir"": null}, {""move_vx"": 0.0, ""move_vy"": 0.0, ""kick_power"": 0.9, ""kick_dir"": [0.9979125492276787, 0.06457755587565978]}, {""move_vx"": 5.05361189383088, ""move_vy"": -1.902894328787354, ""kick_power"": 0.0, ""kick_dir"": null}, {""move_vx"": 0.0, ""move_vy"": 0.0, ""kick_power"": 0.4, ""kick_dir"": [0.9774821341307227, -0.2110181362841916]}, {""move_vx"": 0.0, ""move_vy"": 0.0, ""kick_power"": 1.0, ""kick_dir"": [0.996722682263566, 0.08089406550787669]}, {""move_vx"": 5.812179178906263, ""move_vy"": -1.4894875603000228, ""kick_power"": 0.0, ""kick_dir"": null}, {""move_vx"": -6.0, ""move_vy"": 0.0, ""kick_power"": 0.0, ""kick_dir"": null}, {""move_vx"": -6.1, ""move_vy"": 0.0, ""kick_power"": 0.0, ""kick_dir"": null}, {""move_vx"": 0.0, ""move_vy"": 0.0, ""kick_power"": 0.65, ""kick_dir"": [-0.14450910810828033, 0.9895034219312412]}, {""move_vx"": 0.0, ""move_vy"": 0.0, ""kick_power"": 0.0, ""kick_dir"": null}, {""move_vx"": 3.5355339059327373, ""move_vy"": -3.5355339059327373, ""kick_power"": 0.0, ""kick_dir"": null}, {""move_vx"": -6.433428667786037, ""move_vy"": 2.6556723398244673, ""kick_power"": 0.0, ""kick_dir"": null}, {""move_vx"": 4.005714640344908, ""move_vy"": 2.2410600661576345, ""kick_power"": 0.0, ""kick_dir"": null}, {""move_vx"": -0.0, ""move_vy"": 0.0, ""kick_power"": 0.0, ""kick_dir"": null}, {""move_vx"": -4.1012193308819755, ""move_vy"": 4.1012193308819755, ""kick_power"": 0.0, ""kick_dir"": null}, {""move_vx"": -0.0, ""move_vy"": 0.0, ""kick_power"": 0.65, ""kick_dir"": [0.809457540601485, -0.5871783542059026]}, {""move_vx"": 3.575153940172668, ""move_vy"": 4.047008068199006, ""kick_power"": 0.0, ""kick_dir"": null}, {""move_vx"": -5.365751762873329, ""move_vy"": 0.6072133226649135, ""kick_power"": 0.0, ""kick_dir"": null}, {""move_vx"": 3.9913378766098084, ""move_vy"": 5.406257666328893, ""kick_power"": 0.0, ""kick_dir"": null}, {""move_vx"": -4.242640687119285, ""move_vy"": 4.242640687119285, ""kick_power"": 0.0, ""kick_dir"": null}, {""move_vx"": -4.525483399593904, ""move_vy"": 4.525483399593904, ""kick_power"": 0.0, ""kick_dir"": null}]"
482,278,default,default,0,15.40581759983545,49.66663930907145,-1,,,25.12962793278708,-0.043204846669354834,-0.011608767002145337,"[{""move_vx"": 3.031298179649021, ""move_vy"": -3.6570112586723784, ""kick_power"": 0.0, ""kick_dir"": null}, {""move_vx"": 0.0, ""move_vy"": -5.8, ""kick_power"": 0.0, ""kick_dir"": null}, {""move_vx"": 0.0, ""move_vy"": 0.0, ""kick_power"": 0.9, ""kick_dir"": [0.9983088124222651, 0.058131246621280955]}, {""move_vx"": 5.041281716097266, ""move_vy"": -1.9353239157679558, ""kick_power"": 0.0, ""kick_dir"": null}, {""move_vx"": 0.0, ""move_vy"": 0.0, ""kick_power"": 0.4, ""kick_dir"": [0.9773404333446005, -0.2116734599636152]}, {""move_vx"": 0.0, ""move_vy"": 0.0, ""kick_power"": 0.0, ""kick_dir"": null}, {""move_vx"": 5.812179178906264, ""move_vy"": -1.4894875603000222, ""kick_power"": 0.0, ""kick_dir"": null}, {""move_vx"": -6.0, ""move_vy"": 0.0, ""kick_power"": 0.0, ""kick_dir"": null}, {""move_vx"": -6.1, ""move_vy"": 0.0, ""kick_power"": 0.0, ""kick_dir"": null}, {""move_vx"": 0.0, ""move_vy"": 0.0, ""kick_power"": 0.65, ""kick_dir"": [-0.15665848039195643, 0.9876527857397097]}, {""move_vx"": 0.0, ""move_vy"": 0.0, ""kick_power"": 0.0, ""kick_dir"": null}, {""move_vx"": 3.5355339059327373, ""move_vy"": -3.5355339059327373, ""kick_power"": 0.0, ""kick_dir"": null}, {""move_vx"": -0.0, ""move_vy"": 0.0, ""kick_power"": 0.9, ""kick_dir"": [0.7235609302406069, 0.6902603106035411]}, {""move_vx"": 4.005714640344908, ""move_vy"": 2.2410600661576345, ""kick_power"": 0.0, ""kick_dir"": null}, {""move_vx"": -0.0, ""move_vy"": 0.0, ""kick_power"": 0.0, ""kick_dir"": null}, {""move_vx"": -4.1012193308819755, ""move_vy"": 4.1012193308819755, ""kick_power"": 0.0, ""kick_dir"": null}, {""move_vx"": -0.0, ""move_vy"": 0.0, ""kick_power"": 0.65, ""kick_dir"": [0.8151268955026061, -0.5792823786653909]}, {""move_vx"": -0.0, ""move_vy"": 0.0, ""kick_power"": 0.6, ""kick_dir"": [-0.8227486916295246, -0.5684051908100365]}, {""move_vx"": -5.367271083707093, ""move_vy"": 0.5936338214772527, ""kick_power"": 0.0, ""kick_dir"": null}, {""move_vx"": 3.8413751592230625, ""move_vy"": 5.513822348072524, ""kick_power"": 0.0, ""kick_dir"": null}, {""move_vx"": -0.0, ""move_vy"": 0.0, ""kick_power"": 0.65, ""kick_dir"": [0.8680394719585908, -0.4964946522540734]}, {""move_vx"": -0.0, ""move_vy"": 0.0, ""kick_power"": 0.0, ""kick_dir"": null}]"
482,279,default,default,0,14.993880709641926,49.361302707539146,-1,,,25.129935715844645,-0.052621473440956794,-0.013036657442762029,"[{""move_vx"": 2.8809986452974137, ""move_vy"": -3.7765522379274024, ""kick_power"": 0.0, ""kick_dir"": null}, {""move_vx"": 0.0, ""move_vy"": -5.8, ""kick_power"": 0.0, ""kick_dir"": null}, {""move_vx"": 0.0, ""move_vy"": 0.0, ""kick_power"": 0.9, ""kick_dir"": [0.9986019254644221, 0.05285764611903339]}, {""move_vx"": 5.0288050182993835, ""move_vy"": -1.9675162230403438, ""kick_power"": 0.0, ""kick_dir"": null}, {""move_vx"": 0.0, ""move_vy"": 0.0, ""kick_power"": 0.4, ""kick_dir"": [0.9772013527440307, -0.21231460716431494]}, {""move_vx"": 0.0, ""move_vy"": 0.0, ""kick_power"": 0.0, ""kick_dir"": null}, {""move_vx"": 5.812179178906264, ""move_vy"": -1.4894875603000215, ""kick_power"": 0.0, ""kick_dir"": null}, {""move_vx"": 7.082609390334992, ""move_vy"": -2.467112527619809, ""kick_power"": 0.0, ""kick_dir"": null}, {""move_vx"": -6.1, ""move_vy"": 0.0, ""kick_power"": 0.0, ""kick_dir"": null}, {""move_vx"": 0.0, ""move_vy"": 0.0, ""kick_power"": 0.65, ""kick_dir"": [-0.16877263369688097, 0.9856549614744197]}, {""move_vx"": 0.0, ""move_vy"": 0.0, ""kick_power"": 0.0, ""kick_dir"": null}, {""move_vx"": 3.5355339059327373, ""move_vy"": -3.5355339059327373, ""kick_power"": 0.0, ""kick_dir"": null}, {""move_vx"": -0.0, ""move_vy"": 0.0, ""kick_power"": 0.9, ""kick_dir"": [0.6661940205952408, 0.7457782712336638]}, {""move_vx"": 4.005714640344908, ""move_vy"": 2.2410600661576345, ""kick_power"": 0.0, ""kick_dir"": null}, {""move_vx"": -0.0, ""move_vy"": 0.0, ""kick_power"": 0.0, ""kick_dir"": null}, {""move_vx"": -4.1012193308819755, ""move_vy"": 4.1012193308819755, ""kick_power"": 0.0, ""kick_dir"": null}, {""move_vx"": -0.0, ""move_vy"": 0.0, ""kick_power"": 0.65, ""kick_dir"": [0.8206684886075412, -0.5714045520763393]}, {""move_vx"": 4.242640687119285, ""move_vy"": -4.242640687119285, ""kick_power"": 0.0, ""kick_dir"": null}, {""move_vx"": -5.368720917720721, ""move_vy"": 0.580375488479637, ""kick_power"": 0.0, ""kick_dir"": null}, {""move_vx"": 3.707431524590878, ""move_vy"": 5.604761501658189, ""kick_power"": 0.0, ""kick_dir"": null}, {""move_vx"": -0.0, ""move_vy"": 0.0, ""kick_power"": 0.65, ""kick_dir"": [0.8727316777557731, -0.4881996608060763]}, {""move_vx"": -4.525483399593904, ""move_vy"": 4.525483399593904, ""kick_power"": 0.0, ""kick_dir"": null}]"
482,280,default,default,0,14.591444408967178,49.06300815003172,-1,,,25.129591078623562,-0.04070082722652386,-0.0014412034045773355,"[{""move_vx"": 2.725594537516079, ""move_vy"": -3.890197220844017, ""kick_power"": 0.0, ""kick_dir"": null}, {""move_vx"": 0.0, ""move_vy"": -5.8, ""kick_power"": 0.0, ""kick_dir"": null}, {""move_vx"": 0.0, ""move_vy"": 0.0, ""kick_power"": 0.9, ""kick_dir"": [0.9988134399128049, 0.048697612240714415]}, {""move_vx"": 5.016185083336863, ""move_vy"": -1.9994717326605904, ""kick_power"": 0.0, ""kick_dir"": null}, {""move_vx"": 0.0, ""move_vy"": 0.0, ""kick_power"": 0.4, ""kick_dir"": [0.9770649294287757, -0.2129415408432667]}, {""move_vx"": 0.0, ""move_vy"": 0.0, ""kick_power"": 0.0, ""kick_dir"": null}, {""move_vx"": 5.812179178906264, ""move_vy"": -1.4894875603000206, ""kick_power"": 0.0, ""kick_dir"": null}, {""move_vx"": -6.0, ""move_vy"": 0.0, ""kick_power"": 0.0, ""kick_dir"": null}, {""move_vx"": -6.1, ""move_vy"": 0.0, ""kick_power"": 0.0, ""kick_dir"": null}, {""move_vx"": -1.8853553257532998, ""move_vy"": 5.379166784517251, ""kick_power"": 0.0, ""kick_dir"": null}, {""move_vx"": 0.0, ""move_vy"": 0.0, ""kick_power"": 0.0, ""kick_dir"": null}, {""move_vx"": 3.5355339059327373, ""move_vy"": -3.5355339059327373, ""kick_power"": 0.0, ""kick_dir"": null}, {""move_vx"": -0.0, ""move_vy"": 0.0, ""kick_power"": 0.4, ""kick_dir"": [0.5987856457732947, 0.8009091341861246]}, {""move_vx"": 4.005714640344908, ""move_vy"": 2.2410600661576345, ""kick_power"": 0.0, ""kick_dir"": null}, {""move_vx"": -5.390274143881623, ""move_vy"": 0.32395162262480776, ""kick_power"": 0.0, ""kick_dir"": null}, {""move_vx"": -2.082160028117185, ""move_vy"": -5.413373219842785, ""kick_power"": 0.0, ""kick_dir"": null}, {""move_vx"": -0.0, ""move_vy"": 0.0, ""kick_power"": 0.65, ""kick_dir"": [0.8260835940179335, -0.5635475369014911]}, {""move_vx"": -3.1750329549204186, ""move_vy"": 5.0910868913395415, ""kick_power"": 0.0, ""kick_dir"": null}, {""move_vx"": -5.370104676512592, ""move_vy"": 0.567429082174667, ""kick_power"": 0.0, ""kick_dir"": null}, {""move_vx"": 3.527649103766949, ""move_vy"": 5.7196233967536925, ""kick_power"": 0.0, ""kick_dir"": null}, {""move_vx"": -0.0, ""move_vy"": 0.0, ""kick_power"": 0.65, ""kick_dir"": [0.8804288532435062, -0.47417776535811873]}, {""move_vx"": -0.0, ""move_vy"": 0.0, ""kick_power"": 0.0, ""kick_dir"": null}]"
482,281,default,default,0,14.198289583662042,48.77159322436604,-1,,,25.128630928776087,-0.05265775115623879,-0.004273667918237866,"[{""move_vx"": 2.565737634296591, ""move_vy"": -3.9974354768969236, ""kick_power"": 0.0, ""kick_dir"": null}, {""move_vx"": 0.0, ""move_vy"": -5.8, ""kick_power"": 0.0, ""kick_dir"": null}, {""move_vx"": 0.0, ""move_vy"": 0.0, ""kick_power"": 0.9, ""kick_dir"": [0.9989592165221778, 0.04560961797274468]}, {""move_vx"": 5.003425084044962, ""move_vy"": -2.031191135356215, ""kick_power"": 0.0, ""kick_dir"": null}, {""move_vx"": 0.0, ""move_vy"": 0.0, ""kick_power"": 0.4, ""kick_dir"": [0.9769312012020734, -0.21355421833772156]}, {""move_vx"": 0.0, ""move_vy"": 0.0, ""kick_power"": 0.0, ""kick_dir"": null}, {""move_vx"": 5.812179178906264, ""move_vy"": -1.4894875603000202, ""kick_power"": 0.0, ""kick_dir"": null}, {""move_vx"": 7.091696722901073, ""move_vy"": -2.4408682042245093, ""kick_power"": 0.0, ""kick_dir"": null}, {""move_vx"": -6.1, ""move_vy"": 0.0, ""kick_power"": 0.0, ""kick_dir"": null}, {""move_vx"": 4.242640687119285, ""move_vy"": 4.242640687119285, ""kick_power"": 0.0, ""kick_dir"": null}, {""move_vx"": 0.0, ""move_vy"": 0.0, ""kick_power"": 0.0, ""kick_dir"": null}, {""move_vx"": 3.5355339059327373, ""move_vy"": -3.5355339059327373, ""kick_power"": 0.0, ""kick_dir"": null}, {""move_vx"": -0.0, ""move_vy"": 0.0, ""kick_power"": 0.9, ""kick_dir"": [0.5211930907480767, 0.8534385992714818]}, {""move_vx"": 4.005714640344909, ""move_vy"": 2.241060066157635, ""kick_power"": 0.0, ""kick_dir"": null}, {""move_vx"": -5.6907078254748855, ""move_vy"": -3.0993942061439856, ""kick_power"": 0.0, ""kick_dir"": null}, {""move_vx"": -4.1012193308819755, ""move_vy"": 4.1012193308819755, ""kick_power"": 0.0, ""kick_dir"": null}, {""move_vx"": -0.0, ""move_vy"": 0.0, ""kick_power"": 0.65, ""kick_dir"": [-0.9486900907061835, 0.31620724049536264]}, {""move_vx"": -3.17503295492042, ""move_vy"": 5.0910868913395415, ""kick_power"": 0.0, ""kick_dir"": null}, {""move_vx"": -5.371425589439005, ""move_vy"": 0.5547856677311047, ""kick_power"": 0.0, ""kick_dir"": null}, {""move_vx"": 3.335225128088904, ""move_vy"": 5.833924352009063, ""kick_power"": 0.0, ""kick_dir"": null}, {""move_vx"": -0.0, ""move_vy"": 0.0, ""kick_power"": 0.65, ""kick_dir"": [0.8897053270377713, -0.4565347454885124]}, {""move_vx"": -0.0, ""move_vy"": 0.0, ""kick_power"": 0.0, ""kick_dir"": null}]"
482,282,default,default,0,13.814202173054326,48.486899264106235,-1,,,25.12711633341717,-0.04513795304281241,0.002006728751718344,"[{""move_vx"": 2.402136014977079, ""move_vy"": -4.097833887012752, ""kick_power"": 0.0, ""kick_dir"": null}, {""move_vx"": 0.0, ""move_vy"": -5.8, ""kick_power"": 0.0, ""kick_dir"": null}, {""move_vx"": 0.0, ""move_vy"": 0.0, ""kick_power"": 0.9, ""kick_dir"": [0.999050214369504, 0.043570982561023056]}, {""move_vx"": 4.990528077862665, ""move_vy"": -2.0626753268666356, ""kick_power"": 0.0, ""kick_dir"": null}, {""move_vx"": 0.0, ""move_vy"": 0.0, ""kick_power"": 0.4, ""kick_dir"": [0.9768002066345226, -0.2141525911252145]}, {""move_vx"": 0.0, ""move_vy"": 0.0, ""kick_power"": 0.0, ""kick_dir"": null}, {""move_vx"": 5.8121791789062645, ""move_vy"": -1.4894875603000195, ""kick_power"": 0.0, ""kick_dir"": null}, {""move_vx"": -6.0, ""move_vy"": 0.0, ""kick_power"": 0.0, ""kick_dir"": null}, {""move_vx"": -6.1, ""move_vy"": 0.0, ""kick_power"": 0.0, ""kick_dir"": null}, {""move_vx"": 0.0, ""move_vy"": 0.0, ""kick_power"": 0.65, ""kick_dir"": [-0.21845506442257723, 0.9758469592654928]}, {""move_vx"": 0.0, ""move_vy"": 0.0, ""kick_power"": 0.0, ""kick_dir"": null}, {""move_vx"": 3.5355339059327373, ""move_vy"": -3.5355339059327373, ""kick_power"": 0.0, ""kick_dir"": null}, {""move_vx"": -0.0, ""move_vy"": 0.0, ""kick_power"": 0.4, ""kick_dir"": [0.4341516720842289, 0.900839607590839]}, {""move_vx"": 4.005714640344908, ""move_vy"": 2.2410600661576345, ""kick_power"": 0.0, ""kick_dir"": null}, {""move_vx"": -5.6660786482457945, ""move_vy"": -3.144193497845373, ""kick_power"": 0.0, ""kick_dir"": null}, {""move_vx"": -2.0424146326994728, ""move_vy"": -5.428493572634592, ""kick_power"": 0.0, ""kick_dir"": null}, {""move_vx"": -0.0, ""move_vy"": 0.0, ""kick_power"": 0.65, ""kick_dir"": [-0.9476632576001708, 0.31927144629693793]}, {""move_vx"": 3.3156595981371977, ""move_vy"": 4.262206169260313, ""kick_power"": 0.0, ""kick_dir"": null}, {""move_vx"": -5.372686714231494, ""move_vy"": 0.5424366052548403, ""kick_power"": 0.0, ""kick_dir"": null}, {""move_vx"": 3.1302110717955935, ""move_vy"": 5.94644252019712, ""kick_power"": 0.0, ""kick_dir"": null}, {""move_vx"": -0.0, ""move_vy"": 0.0, ""kick_power"": 0.9, ""kick_dir"": [0.05706030214359687, -0.9983702337049478]}, {""move_vx"": -0.0, ""move_vy"": 0.0, ""kick_power"": 0.0, ""kick_dir"": null}]"
482,283,default,default,0,13.43897305339938,48.208771262174736,-1,,,25.12665305139303,-0.05068094783687639,-0.000807803938680917,"[{""move_vx"": -0.5821252839831739, ""move_vy"": -5.971694077374319, ""kick_power"": 0.0, ""kick_dir"": null}, {""move_vx"": 0.0, ""move_vy"": -5.8, ""kick_power"": 0.0, ""kick_dir"": null}, {""move_vx"": -3.8183766184073566, ""move_vy"": 3.8183766184073566, ""kick_power"": 0.0, ""kick_dir"": null}, {""move_vx"": 4.9774970016085325, ""move_vy"": -2.0939254043489877, ""kick_power"": 0.0, ""kick_dir"": null}, {""move_vx"": 0.0, ""move_vy"": 0.0, ""kick_power"": 0.4, ""kick_dir"": [0.9766719851304798, -0.21473660457041227]}, {""move_vx"": 0.0, ""move_vy"": 0.0, ""kick_power"": 0.0, ""kick_dir"": null}, {""move_vx"": 5.8121791789062645, ""move_vy"": -1.4894875603000188, ""kick_power"": 0.0, ""kick_dir"": null}, {""move_vx"": 7.100622051991365, ""move_vy"": -2.4147808336935945, ""kick_power"": 0.0, ""kick_dir"": null}, {""move_vx"": -6.1, ""move_vy"": 0.0, ""kick_power"": 0.0, ""kick_dir"": null}, {""move_vx"": 0.0, ""move_vy"": 0.0, ""kick_power"": 0.65, ""kick_dir"": [-0.2307400931405527, 0.9730153712884825]}, {""move_vx"": 0.0, ""move_vy"": 0.0, ""kick_power"": 0.0, ""kick_dir"": null}, {""move_vx"": 3.5355339059327373, ""move_vy"": -3.5355339059327373, ""kick_power"": 0.0, ""kick_dir"": null}, {""move_vx"": -0.0, ""move_vy"": 0.0, ""kick_power"": 0.4, ""kick_dir"": [0.33943380628450415, 0.9406297676752546]}, {""move_vx"": 4.005714640344908, ""move_vy"": 2.241060066157635, ""kick_power"": 0.0, ""kick_dir"": null}, {""move_vx"": -5.643174403880794, ""move_vy"": -3.1851189377140448, ""kick_power"": 0.0, ""kick_dir"": null}, {""move_vx"": -2.0424146326994745, ""move_vy"": -5.428493572634592, ""kick_power"": 0.0, ""kick_dir"": null}, {""move_vx"": -0.0, ""move_vy"": 0.0, ""kick_power"": 0.65, ""kick_dir"": [-0.9466518487527221, 0.32225794420275644]}, {""move_vx"": -3.3745841641544354, ""move_vy"": 4.961066590869157, ""kick_power"": 0.0, ""kick_dir"": null}, {""move_vx"": -5.373890946941888, ""move_vy"": 0.5303735385330073, ""kick_power"": 0.0, ""kick_dir"": null}, {""move_vx"": 2.9103050408395794, ""move_vy"": 6.057105296200796, ""kick_power"": 0.0, ""kick_dir"": null}, {""move_vx"": -0.0, ""move_vy"": 0.0, ""kick_power"": 0.65, ""kick_dir"": [0.907577584800914, -0.4198839216766309]}, {""move_vx"": -0.0, ""move_vy"": 0.0, ""kick_power"": 0.0, ""kick_dir"": null}]"
482,284,default,default,0,13.22617328177558,47.9854789178685,17,B,,25.127023953639778,-0.028060837100925617,2.926070011319154,"[{""move_vx"": -1.0521046250928339, ""move_vy"": -5.907036131416352, ""kick_power"": 0.0, ""kick_dir"": null}, {""move_vx"": -4.1012193308819755, ""move_vy"": 4.1012193308819755, ""kick_power"": 0.0, ""kick_dir"": null}, {""move_vx"": 0.0, ""move_vy"": 0.0, ""kick_power"": 0.9, ""kick_dir"": [0.9999182644920211, 0.012776520591456812]}, {""move_vx"": 4.964334666348667, ""move_vy"": -2.1249426628709003, ""kick_power"": 0.0, ""kick_dir"": null}, {""move_vx"": 0.0, ""move_vy"": 0.0, ""kick_power"": 0.0, ""kick_dir"": null}, {""move_vx"": 0.0, ""move_vy"": 0.0, ""kick_power"": 0.0, ""kick_dir"": null}, {""move_vx"": 5.8121791789062645, ""move_vy"": -1.489487560300018, ""kick_power"": 0.0, ""kick_dir"": null}, {""move_vx"": -6.0, ""move_vy"": 0.0, ""kick_power"": 0.0, ""kick_dir"": null}, {""move_vx"": 0.0, ""move_vy"": 0.0, ""kick_power"": 0.65, ""kick_dir"": [0.507344935805102, 0.8617428929731319]}, {""move_vx"": 0.0, ""move_vy"": 0.0, ""kick_power"": 0.65, ""kick_dir"": [0.1852389372531547, 0.9826934620028783]}, {""move_vx"": 0.0, ""move_vy"": 0.0, ""kick_power"": 0.0, ""kick_dir"": null}, {""move_vx"": 3.5355339059327373, ""move_vy"": -3.5355339059327373, ""kick_power"": 0.0, ""kick_dir"": null}, {""move_vx"": 5.8, ""move_vy"": 0.0, ""kick_power"": 0.0, ""kick_dir"": null}, {""move_vx"": 4.005714640344908, ""move_vy"": 2.2410600661576354, ""kick_power"": 0.0, ""kick_dir"": null}, {""move_vx"": -5.621841894570912, ""move_vy"": -3.2226221795996115, ""kick_power"": 0.0, ""kick_dir"": null}, {""move_vx"": -2.042414632699474, ""move_vy"": -5.428493572634592, ""kick_power"": 0.0, ""kick_dir"": null}, {""move_vx"": -0.0, ""move_vy"": 0.0, ""kick_power"": 0.65, ""kick_dir"": [-0.9456857074502, 0.3250822161294333]}, {""move_vx"": 3.725426579026544, ""move_vy"": 3.9091171387261583, ""kick_power"": 0.0, ""kick_dir"": null}, {""move_vx"": -5.375041031260898, ""move_vy"": 0.518588384233375, ""kick_power"": 0.0, ""kick_dir"": null}, {""move_vx"": 2.675224748019792, ""move_vy"": 6.164541552101214, ""kick_power"": 0.0, ""kick_dir"": null}, {""move_vx"": -0.0, ""move_vy"": 0.0, ""kick_power"": 0.65, ""kick_dir"": [0.914378554694514, -0.4048597953051411]}, {""move_vx"": -0.0, ""move_vy"": 0.0, ""kick_power"": 0.0, ""kick_dir"": null}]"
482,285,default,default,0,13.474535053710671,48.24608672711691,17,B,,25.13059417814094,0.014670620265148836,0.4649984385296951,"[{""move_vx"": 0.0, ""move_vy"": 0.0, ""kick_power"": 0.9, ""kick_dir"": [0.9414582982286951, -0.33712939150515875]}, {""move_vx"": -6.067138657176202, ""move_vy"": 3.4104880170729452, ""kick_power"": 0.0, ""kick_dir"": null}, {""move_vx"": 0.0, ""move_vy"": 0.0, ""kick_power"": 0.4, ""kick_dir"": [0.9997856100938323, 0.020700449585893486]}, {""move_vx"": 5.39875817970167, ""move_vy"": -0.11580206001757855, ""kick_power"": 0.0, ""kick_dir"": null}, {""move_vx"": 5.242175945509787, ""move_vy"": -2.481852404217173, ""kick_power"": 0.0, ""kick_dir"": null}, {""move_vx"": 0.0, ""move_vy"": 0.0, ""kick_power"": 0.0, ""kick_dir"": null}, {""move_vx"": 6.0, ""move_vy"": 0.0, ""kick_power"": 0.0, ""kick_dir"": null}, {""move_vx"": 0.0, ""move_vy"": 0.0, ""kick_power"": 0.9, ""kick_dir"": [0.18057075412574414, -0.9835618218828601]}, {""move_vx"": 0.0, ""move_vy"": 0.0, ""kick_power"": 0.0, ""kick_dir"": null}, {""move_vx"": -6.0, ""move_vy"": 0.0, ""kick_power"": 0.0, ""kick_dir"": null}, {""move_vx"": 5.436114623332821, ""move_vy"": 2.53942076111602, ""kick_power"": 0.0, ""kick_dir"": null}, {""move_vx"": 3.5355339059327373, ""move_vy"": -3.5355339059327373, ""kick_power"": 0.0, ""kick_dir"": null}, {""move_vx"": -0.0, ""move_vy"": 0.0, ""kick_power"": 0.4, ""kick_dir"": [0.11878093924553368, 0.9929203135250028]}, {""move_vx"": -0.0, ""move_vy"": -5.4, ""kick_power"": 0.0, ""kick_dir"": null}, {""move_vx"": -6.0540804706252045, ""move_vy"": -3.5536614435247627, ""kick_power"": 0.0, ""kick_dir"": null}, {""move_vx"": -0.0, ""move_vy"": 5.8, ""kick_power"": 0.0, ""kick_dir"": null}, {""move_vx"": -4.242640687119285, ""move_vy"": -4.242640687119285, ""kick_power"": 0.0, ""kick_dir"": null}, {""move_vx"": 3.7254265790264856, ""move_vy"": 3.9091171387262134, ""kick_power"": 0.0, ""kick_dir"": null}, {""move_vx"": -0.0, ""move_vy"": 0.0, ""kick_power"": 0.4, ""kick_dir"": [-0.11878093924553368, -0.9929203135250028]}, {""move_vx"": -6.4, ""move_vy"": 0.0, ""kick_power"": 0.0, ""kick_dir"": null}, {""move_vx"": 4.242640687119285, ""move_vy"": -4.242640687119285, ""kick_power"": 0.0, ""kick_dir"": null}, {""move_vx"": -6.4, ""move_vy"": 0.0, ""kick_power"": 0.0, ""kick_dir"": null}]"
482,286,default,default,0,13.722896825645769,48.50669453636532,17,B,,25.133730698138695,0.013232581437401122,0.4682998300708749,"[{""move_vx"": 0.0, ""move_vy"": 0.0, ""kick_power"": 0.9, ""kick_dir"": [0.942524560366706, -0.3341368090751359]}, {""move_vx"": -5.989738238385863, ""move_vy"": 3.5446630073419136, ""kick_power"": 0.0, ""kick_dir"": null}, {""move_vx"": 0.0, ""move_vy"": 0.0, ""kick_power"": 0.4, ""kick_dir"": [0.9995666025232726, 0.029434301642290665]}, {""move_vx"": 5.39875817970167, ""move_vy"": -0.1158020600175788, ""kick_power"": 0.0, ""kick_dir"": null}, {""move_vx"": 5.242175945509787, ""move_vy"": -2.481852404217173, ""kick_power"": 0.0, ""kick_dir"": null}, {""move_vx"": -4.313351365237939, ""move_vy"": -4.313351365237939, ""kick_power"": 0.0, ""kick_dir"": null}, {""move_vx"": 6.0, ""move_vy"": 0.0, ""kick_power"": 0.0, ""kick_dir"": null}, {""move_vx"": 0.0, ""move_vy"": 0.0, ""kick_power"": 0.9, ""kick_dir"": [0.18057075412574414, -0.9835618218828601]}, {""move_vx"": 0.0, ""move_vy"": 0.0, ""kick_power"": 0.0, ""kick_dir"": null}, {""move_vx"": -6.0, ""move_vy"": 0.0, ""kick_power"": 0.0, ""kick_dir"": null}, {""move_vx"": 5.436114623332821, ""move_vy"": 2.5394207611160193, ""kick_power"": 0.0, ""kick_dir"": null}, {""move_vx"": 3.5355339059327373, ""move_vy"": -3.5355339059327373, ""kick_power"": 0.0, ""kick_dir"": null}, {""move_vx"": -0.0, ""move_vy"": 0.0, ""kick_power"": 0.4, ""kick_dir"": [0.07672202117185038, 0.9970523562476165]}, {""move_vx"": -0.0, ""move_vy"": -5.4, ""kick_power"": 0.0, ""kick_dir"": null}, {""move_vx"": -6.099120782950303, ""move_vy"": -3.475791373915253, ""kick_power"": 0.0, ""kick_dir"": null}, {""move_vx"": -0.0, ""move_vy"": 5.8, ""kick_power"": 0.0, ""kick_dir"": null}, {""move_vx"": -4.242640687119285, ""move_vy"": -4.242640687119285, ""kick_power"": 0.0, ""kick_dir"": null}, {""move_vx"": 3.7254265790264856, ""move_vy"": 3.9091171387262134, ""kick_power"": 0.0, ""kick_dir"": null}, {""move_vx"": -0.0, ""move_vy"": 0.0, ""kick_power"": 0.4, ""kick_dir"": [-0.07672202117185038, -0.9970523562476165]}, {""move_vx"": -6.4, ""move_vy"": 0.0, ""kick_power"": 0.0, ""kick_dir"": null}, {""move_vx"": 3.143755616610163, ""move_vy"": 5.459560478924294, ""kick_power"": 0.0, ""kick_dir"": null}, {""move_vx"": -6.4, ""move_vy"": 0.0, ""kick_power"": 0.0, ""kick_dir"": null}]"
482,287,default,default,0,13.971258597580867,48.767302345613736,17,B,,25.136347054441174,0.012141052152971232,0.4678003364079485,"[{""move_vx"": 5.177568725629847, ""move_vy"": -0.8690696700378663, ""kick_power"": 0.0, ""kick_dir"": null}, {""move_vx"": -5.9068782781742355, ""move_vy"": 3.6810853028466193, ""kick_power"": 0.0, ""kick_dir"": null}, {""move_vx"": 0.0, ""move_vy"": 0.0, ""kick_power"": 0.4, ""kick_dir"": [0.9993234013439225, 0.036776444394074445]}, {""move_vx"": 5.39875817970167, ""move_vy"": -0.11580206001757908, ""kick_power"": 0.0, ""kick_dir"": null}, {""move_vx"": 5.242175945509788, ""move_vy"": -2.4818524042171726, ""kick_power"": 0.0, ""kick_dir"": null}, {""move_vx"": -4.313351365237939, ""move_vy"": -4.313351365237939, ""kick_power"": 0.0, ""kick_dir"": null}, {""move_vx"": 6.0, ""move_vy"": 0.0, ""kick_power"": 0.0, ""kick_dir"": null}, {""move_vx"": 0.0, ""move_vy"": 0.0, ""kick_power"": 0.9, ""kick_dir"": [0.18057075412574414, -0.9835618218828601]}, {""move_vx"": 0.0, ""move_vy"": 0.0, ""kick_power"": 0.0, ""kick_dir"": null}, {""move_vx"": -6.0, ""move_vy"": 0.0, ""kick_power"": 0.0, ""kick_dir"": null}, {""move_vx"": 5.436114623332821, ""move_vy"": 2.539420761116019, ""kick_power"": 0.0, ""kick_dir"": null}, {""move_vx"": 3.5355339059327373, ""move_vy"": -3.5355339059327373, ""kick_power"": 0.0, ""kick_dir"": null}, {""move_vx"": -0.0, ""move_vy"": 0.0, ""kick_power"": 0.4, ""kick_dir"": [0.03644437928332715, 0.9993355221551827]}, {""move_vx"": -0.0, ""move_vy"": -5.4, ""kick_power"": 0.0, ""kick_dir"": null}, {""move_vx"": -4.056760696140978, ""move_vy"": -3.1399988302936936, ""kick_power"": 0.0, ""kick_dir"": null}, {""move_vx"": -0.0, ""move_vy"": 5.8, ""kick_power"": 0.0, ""kick_dir"": null}, {""move_vx"": -6.0, ""move_vy"": 0.0, ""kick_power"": 0.0, ""kick_dir"": null}, {""move_vx"": 3.7254265790264856, ""move_vy"": 3.9091171387262134, ""kick_power"": 0.0, ""kick_dir"": null}, {""move_vx"": -0.0, ""move_vy"": 0.0, ""kick_power"": 0.4, ""kick_dir"": [-0.03644437928332715, -0.9993355221551827]}, {""move_vx"": -6.4, ""move_vy"": 0.0, ""kick_power"": 0.0, ""kick_dir"": null}, {""move_vx"": 3.1974493680965814, ""move_vy"": 5.42828863809385, ""kick_power"": 0.0, ""kick_dir"": null}, {""move_vx"": -6.4, ""move_vy"": 0.0, ""kick_power"": 0.0, ""kick_dir"": null}]"
482,288,default,default,0,14.219620369515965,49.02791015486215,17,B,,25.138935893587636,0.012749466601076509,0.4616481371966346,"[{""move_vx"": 0.0, ""move_vy"": 0.0, ""kick_power"": 0.9, ""kick_dir"": [0.9430902164074695, -0.33253691160799564]}, {""move_vx"": -5.818363911022071, ""move_vy"": 3.819455641700261, ""kick_power"": 0.0, ""kick_dir"": null}, {""move_vx"": 0.0, ""move_vy"": 0.0, ""kick_power"": 0.4, ""kick_dir"": [0.9991249595488472, 0.04182199201458799]}, {""move_vx"": 5.3987581797016695, ""move_vy"": -0.11580206001757935, ""kick_power"": 0.0, ""kick_dir"": null}, {""move_vx"": 5.242175945509787, ""move_vy"": -2.4818524042171717, ""kick_power"": 0.0, ""kick_dir"": null}, {""move_vx"": -4.313351365237939, ""move_vy"": -4.313351365237939, ""kick_power"": 0.0, ""kick_dir"": null}, {""move_vx"": 6.0, ""move_vy"": 0.0, ""kick_power"": 0.0, ""kick_dir"": null}, {""move_vx"": 0.0, ""move_vy"": 0.0, ""kick_power"": 0.9, ""kick_dir"": [0.18057075412574414, -0.9835618218828601]}, {""move_vx"": 0.0, ""move_vy"": 0.0, ""kick_power"": 0.0, ""kick_dir"": null}, {""move_vx"": -6.0, ""move_vy"": 0.0, ""kick_power"": 0.0, ""kick_dir"": null}, {""move_vx"": 5.436114623332822, ""move_vy"": 2.539420761116019, ""kick_power"": 0.0, ""kick_dir"": null}, {""move_vx"": 3.5355339059327373, ""move_vy"": -3.5355339059327373, ""kick_power"": 0.0, ""kick_dir"": null}, {""move_vx"": -0.0, ""move_vy"": 0.0, ""kick_power"": 0.4, ""kick_dir"": [-0.002082372365325809, 0.9999976755835859]}, {""move_vx"": -0.0, ""move_vy"": -5.4, ""kick_power"": 0.0, ""kick_dir"": null}, {""move_vx"": -6.236068507001781, ""move_vy"": -3.223639182039545, ""kick_power"": 0.0, ""kick_dir"": null}, {""move_vx"": -0.0, ""move_vy"": 5.8, ""kick_power"": 0.0, ""kick_dir"": null}, {""move_vx"": -6.0, ""move_vy"": 0.0, ""kick_power"": 0.0, ""kick_dir"": null}, {""move_vx"": 3.7254265790264856, ""move_vy"": 3.9091171387262134, ""kick_power"": 0.0, ""kick_dir"": null}, {""move_vx"": -0.0, ""move_vy"": 0.0, ""kick_power"": 0.4, ""kick_dir"": [0.002082372365325809, -0.9999976755835859]}, {""move_vx"": -6.4, ""move_vy"": 0.0, ""kick_power"": 0.0, ""kick_dir"": null}, {""move_vx"": -0.0, ""move_vy"": 0.0, ""kick_power"": 0.0, ""kick_dir"": null}, {""move_vx"": -6.4, ""move_vy"": 0.0, ""kick_power"": 0.0, ""kick_dir"": null}]"
482,289,default,default,0,14.467982141451063,49.28851796411056,17,B,,25.140695136195756,0.01321455401421741,0.4628471988335562,"[{""move_vx"": 0.0, ""move_vy"": 0.0, ""kick_power"": 0.9, ""kick_dir"": [0.9440297343288246, -0.3298602957850092]}, {""move_vx"": -5.724030528193492, ""move_vy"": 3.9594285588085762, ""kick_power"": 0.0, ""kick_dir"": null}, {""move_vx"": 0.0, ""move_vy"": 0.0, ""kick_power"": 0.4, ""kick_dir"": [0.999104687355655, 0.04230347590813137]}, {""move_vx"": 5.3987581797016695, ""move_vy"": -0.11580206001757966, ""kick_power"": 0.0, ""kick_dir"": null}, {""move_vx"": 4.1012193308819755, ""move_vy"": -4.1012193308819755, ""kick_power"": 0.0, ""kick_dir"": null}, {""move_vx"": -4.313351365237939, ""move_vy"": -4.313351365237939, ""kick_power"": 0.0, ""kick_dir"": null}, {""move_vx"": 6.0, ""move_vy"": 0.0, ""kick_power"": 0.0, ""kick_dir"": null}, {""move_vx"": 0.0, ""move_vy"": 0.0, ""kick_power"": 0.9, ""kick_dir"": [0.18057075412574414, -0.9835618218828601]}, {""move_vx"": 0.0, ""move_vy"": 0.0, ""kick_power"": 0.0, ""kick_dir"": null}, {""move_vx"": -6.0, ""move_vy"": 0.0, ""kick_power"": 0.0, ""kick_dir"": null}, {""move_vx"": 5.436114623332822, ""move_vy"": 2.539420761116018, ""kick_power"": 0.0, ""kick_dir"": null}, {""move_vx"": 3.5355339059327373, ""move_vy"": -3.5355339059327373, ""kick_power"": 0.0, ""kick_dir"": null}, {""move_vx"": -0.0, ""move_vy"": 0.0, ""kick_power"": 0.4, ""kick_dir"": [-0.038919281332748815, 0.9992422056715742]}, {""move_vx"": -0.0, ""move_vy"": -5.4, ""kick_power"": 0.0, ""kick_dir"": null}, {""move_vx"": -6.304344787320805, ""move_vy"": -3.087982642856173, ""kick_power"": 0.0, ""kick_dir"": null}, {""move_vx"": -0.0, ""move_vy"": 5.8, ""kick_power"": 0.0, ""kick_dir"": null}, {""move_vx"": -6.0, ""move_vy"": 0.0, ""kick_power"": 0.0, ""kick_dir"": null}, {""move_vx"": 3.7254265790264856, ""move_vy"": 3.9091171387262134, ""kick_power"": 0.0, ""kick_dir"": null}, {""move_vx"": -0.0, ""move_vy"": 0.0, ""kick_power"": 0.4, ""kick_dir"": [0.038919281332748815, -0.9992422056715742]}, {""move_vx"": -6.4, ""move_vy"": 0.0, ""kick_power"": 0.0, ""kick_dir"": null}, {""move_vx"": 3.2963911857697346, ""move_vy"": 5.368780601810769, ""kick_power"": 0.0, ""kick_dir"": null}, {""move_vx"": -6.4, ""move_vy"": 0.0, ""kick_power"": 0.0, ""kick_dir"": null}]"
482,290,default,default,0,14.761152636079112,48.14706483417666,17,B,,25.128482822981308,0.03039612145093461,0.49111923502074756,"[{""move_vx"": 0.0, ""move_vy"": 0.0, ""kick_power"": 0.9, ""kick_dir"": [0.9449233281331438, -0.3272917019291174]}, {""move_vx"": -5.62375112221124, ""move_vy"": 4.100612553683636, ""kick_power"": 0.0, ""kick_dir"": null}, {""move_vx"": 0.0, ""move_vy"": 0.0, ""kick_power"": 0.4, ""kick_dir"": [0.999647431568008, 0.026547366464566798]}, {""move_vx"": 5.3987581797016695, ""move_vy"": -0.11580206001757994, ""kick_power"": 0.0, ""kick_dir"": null}, {""move_vx"": 5.248538944733891, ""move_vy"": -2.468367668239814, ""kick_power"": 0.0, ""kick_dir"": null}, {""move_vx"": -4.313351365237939, ""move_vy"": -4.313351365237939, ""kick_power"": 0.0, ""kick_dir"": null}, {""move_vx"": 6.0, ""move_vy"": 0.0, ""kick_power"": 0.0, ""kick_dir"": null}, {""move_vx"": 0.0, ""move_vy"": 0.0, ""kick_power"": 0.9, ""kick_dir"": [0.18057075412574414, -0.9835618218828601]}, {""move_vx"": 0.0, ""move_vy"": 0.0, ""kick_power"": 0.0, ""kick_dir"": null}, {""move_vx"": -6.0, ""move_vy"": 0.0, ""kick_power"": 0.0, ""kick_dir"": null}, {""move_vx"": 5.436114623332822, ""move_vy"": 2.539420761116018, ""kick_power"": 0.0, ""kick_dir"": null}, {""move_vx"": 3.5355339059327373, ""move_vy"": -3.5355339059327373, ""kick_power"": 0.0, ""kick_dir"": null}, {""move_vx"": -4.1012193308819755, ""move_vy"": 4.1012193308819755, ""kick_power"": 0.0, ""kick_dir"": null}, {""move_vx"": -0.0, ""move_vy"": -5.4, ""kick_power"": 0.0, ""kick_dir"": null}, {""move_vx"": -6.385358296064624, ""move_vy"": -2.9167789478941817, ""kick_power"": 0.0, ""kick_dir"": null}, {""move_vx"": -0.0, ""move_vy"": 5.8, ""kick_power"": 0.0, ""kick_dir"": null}, {""move_vx"": -6.0, ""move_vy"": 0.0, ""kick_power"": 0.0, ""kick_dir"": null}, {""move_vx"": 4.242640687119285, ""move_vy"": -4.242640687119285, ""kick_power"": 0.0, ""kick_dir"": null}, {""move_vx"": -0.0, ""move_vy"": 0.0, ""kick_power"": 0.4, ""kick_dir"": [0.07415169794258784, -0.9972468250627551]}, {""move_vx"": -6.4, ""move_vy"": 0.0, ""kick_power"": 0.0, ""kick_dir"": null}, {""move_vx"": 3.341936772394155, ""move_vy"": 5.340548530752226, ""kick_power"": 0.0, ""kick_dir"": null}, {""move_vx"": -6.4, ""move_vy"": 0.0, ""kick_power"": 0.0, ""kick_dir"": null}]"
482,291,default,default,0,15.255217045432685,48.370648045869544,17,B,,25.128116378707183,0.037810055807429264,0.4607123544264363,"[{""move_vx"": 0.0, ""move_vy"": 0.0, ""kick_power"": 0.9, ""kick_dir"": [0.9458391999798085, -0.32463542959439534]}, {""move_vx"": -5.721485165851945, ""move_vy"": 3.9631057892688326, ""kick_power"": 0.0, ""kick_dir"": null}, {""move_vx"": 0.0, ""move_vy"": 0.0, ""kick_power"": 0.4, ""kick_dir"": [0.9984561024241594, 0.055544146707830526]}, {""move_vx"": 5.3987581797016695, ""move_vy"": -0.11580206001758024, ""kick_power"": 0.0, ""kick_dir"": null}, {""move_vx"": 4.1012193308819755, ""move_vy"": -4.1012193308819755, ""kick_power"": 0.0, ""kick_dir"": null}, {""move_vx"": -4.313351365237939, ""move_vy"": -4.313351365237939, ""kick_power"": 0.0, ""kick_dir"": null}, {""move_vx"": 6.0, ""move_vy"": 0.0, ""kick_power"": 0.0, ""kick_dir"": null}, {""move_vx"": 0.0, ""move_vy"": 0.0, ""kick_power"": 0.9, ""kick_dir"": [0.18057075412574414, -0.9835618218828601]}, {""move_vx"": 0.0, ""move_vy"": 0.0, ""kick_power"": 0.0, ""kick_dir"": null}, {""move_vx"": -6.0, ""move_vy"": 0.0, ""kick_power"": 0.0, ""kick_dir"": null}, {""move_vx"": 5.436114623332822, ""move_vy"": 2.539420761116017, ""kick_power"": 0.0, ""kick_dir"": null}, {""move_vx"": -4.999125194389773, ""move_vy"": 0.09352695235821705, ""kick_power"": 0.0, ""kick_dir"": null}, {""move_vx"": -4.1012193308819755, ""move_vy"": 4.1012193308819755, ""kick_power"": 0.0, ""kick_dir"": null}, {""move_vx"": -5.4, ""move_vy"": 0.0, ""kick_power"": 0.0, ""kick_dir"": null}, {""move_vx"": -5.422008149359298, ""move_vy"": -4.458949161885721, ""kick_power"": 0.0, ""kick_dir"": null}, {""move_vx"": -0.0, ""move_vy"": 5.8, ""kick_power"": 0.0, ""kick_dir"": null}, {""move_vx"": -4.242640687119285, ""move_vy"": -4.242640687119285, ""kick_power"": 0.0, ""kick_dir"": null}, {""move_vx"": 4.982420466100062, ""move_vy"": -1.088800394465047, ""kick_power"": 0.0, ""kick_dir"": null}, {""move_vx"": -0.0, ""move_vy"": 0.0, ""kick_power"": 0.4, ""kick_dir"": [0.03524195452658037, -0.9993786549172871]}, {""move_vx"": -6.4, ""move_vy"": 0.0, ""kick_power"": 0.0, ""kick_dir"": null}, {""move_vx"": 4.242640687119285, ""move_vy"": -4.242640687119285, ""kick_power"": 0.0, ""kick_dir"": null}, {""move_vx"": -6.4, ""move_vy"": 0.0, ""kick_power"": 0.0, ""kick_dir"": null}]"
482,292,default,default,0,15.669049931773852,48.49874220992425,17,B,,25.130867684579226,0.0319244254954846,0.4571395672961949,"[{""move_vx"": 3.2489394625935395, ""move_vy"": -5.6297772929666055, ""kick_power"": 0.0, ""kick_dir"": null}, {""move_vx"": -5.591171068319965, ""move_vy"": 4.144925341279596, ""kick_power"": 0.0, ""kick_dir"": null}, {""move_vx"": 0.0, ""move_vy"": 0.0, ""kick_power"": 0.4, ""kick_dir"": [0.9982934328713801, 0.05839476735279291]}, {""move_vx"": 5.3987581797016695, ""move_vy"": -0.11580206001758052, ""kick_power"": 0.0, ""kick_dir"": null}, {""move_vx"": 5.254751469976287, ""move_vy"": -2.455114455332387, ""kick_power"": 0.0, ""kick_dir"": null}, {""move_vx"": -4.313351365237939, ""move_vy"": -4.313351365237939, ""kick_power"": 0.0, ""kick_dir"": null}, {""move_vx"": 6.0, ""move_vy"": 0.0, ""kick_power"": 0.0, ""kick_dir"": null}, {""move_vx"": 0.0, ""move_vy"": 0.0, ""kick_power"": 0.9, ""kick_dir"": [0.18057075412574414, -0.9835618218828601]}, {""move_vx"": 0.0, ""move_vy"": 0.0, ""kick_power"": 0.0, ""kick_dir"": null}, {""move_vx"": -6.0, ""move_vy"": 0.0, ""kick_power"": 0.0, ""kick_dir"": null}, {""move_vx"": 5.436114623332822, ""move_vy"": 2.539420761116017, ""kick_power"": 0.0, ""kick_dir"": null}, {""move_vx"": 3.5355339059327373, ""move_vy"": -3.5355339059327373, ""kick_power"": 0.0, ""kick_dir"": null}, {""move_vx"": -4.1012193308819755, ""move_vy"": 4.1012193308819755, ""kick_power"": 0.0, ""kick_dir"": null}, {""move_vx"": -0.0, ""move_vy"": -5.4, ""kick_power"": 0.0, ""kick_dir"": null}, {""move_vx"": -5.239292029459235, ""move_vy"": -4.672281993848931, ""kick_power"": 0.0, ""kick_dir"": null}, {""move_vx"": -0.0, ""move_vy"": 5.8, ""kick_power"": 0.0, ""kick_dir"": null}, {""move_vx"": -6.0, ""move_vy"": 0.0, ""kick_power"": 0.0, ""kick_dir"": null}, {""move_vx"": 6.0, ""move_vy"": 0.0, ""kick_power"": 0.0, ""kick_dir"": null}, {""move_vx"": -0.0, ""move_vy"": 0.0, ""kick_power"": 0.4, ""kick_dir"": [-0.007276068234182627, -0.9999733677896562]}, {""move_vx"": -6.4, ""move_vy"": 0.0, ""kick_power"": 0.0, ""kick_dir"": null}, {""move_vx"": 4.242640687119285, ""move_vy"": -4.242640687119285, ""kick_power"": 0.0, ""kick_dir"": null}, {""move_vx"": -6.4, ""move_vy"": 0.0, ""kick_power"": 0.0, ""kick_dir"": null}]"
482,293,default,default,0,16.06904993177385,48.49874220992425,17,B,,25.13226058781489,0.03081773191254543,0.46384729112095785,"[{""move_vx"": 3.9086812072167465, ""move_vy"": -5.193477757760269, ""kick_power"": 0.0, ""kick_dir"": null}, {""move_vx"": -5.474547744020574, ""move_vy"": 4.297781636895858, ""kick_power"": 0.0, ""kick_dir"": null}, {""move_vx"": 0.0, ""move_vy"": 0.0, ""kick_power"": 0.4, ""kick_dir"": [0.9981055688998396, 0.0615222369541342]}, {""move_vx"": 5.3987581797016695, ""move_vy"": -0.11580206001758082, ""kick_power"": 0.0, ""kick_dir"": null}, {""move_vx"": 5.255028075760129, ""move_vy"": -2.4545223411028054, ""kick_power"": 0.0, ""kick_dir"": null}, {""move_vx"": -4.313351365237939, ""move_vy"": -4.313351365237939, ""kick_power"": 0.0, ""kick_dir"": null}, {""move_vx"": 6.0, ""move_vy"": 0.0, ""kick_power"": 0.0, ""kick_dir"": null}, {""move_vx"": 0.0, ""move_vy"": 0.0, ""kick_power"": 0.9, ""kick_dir"": [0.18057075412574414, -0.9835618218828601]}, {""move_vx"": 0.0, ""move_vy"": 0.0, ""kick_power"": 0.0, ""kick_dir"": null}, {""move_vx"": -6.0, ""move_vy"": 0.0, ""kick_power"": 0.0, ""kick_dir"": null}, {""move_vx"": 5.436114623332822, ""move_vy"": 2.5394207611160176, ""kick_power"": 0.0, ""kick_dir"": null}, {""move_vx"": 3.5355339059327373, ""move_vy"": -3.5355339059327373, ""kick_power"": 0.0, ""kick_dir"": null}, {""move_vx"": -4.1012193308819755, ""move_vy"": 4.1012193308819755, ""kick_power"": 0.0, ""kick_dir"": null}, {""move_vx"": -5.4, ""move_vy"": 0.0, ""kick_power"": 0.0, ""kick_dir"": null}, {""move_vx"": -4.912938816170246, ""move_vy"": -5.014322704869295, ""kick_power"": 0.0, ""kick_dir"": null}, {""move_vx"": -0.0, ""move_vy"": 5.8, ""kick_power"": 0.0, ""kick_dir"": null}, {""move_vx"": -0.0, ""move_vy"": 0.0, ""kick_power"": 0.0, ""kick_dir"": null}, {""move_vx"": 6.0, ""move_vy"": 0.0, ""kick_power"": 0.0, ""kick_dir"": null}, {""move_vx"": -0.0, ""move_vy"": 0.0, ""kick_power"": 0.4, ""kick_dir"": [-0.05366362412178323, -0.9985589008678072]}, {""move_vx"": -6.4, ""move_vy"": 0.0, ""kick_power"": 0.0, ""kick_dir"": null}, {""move_vx"": 3.7402643352966733, ""move_vy"": 5.069558432655425, ""kick_power"": 0.0, ""kick_dir"": null}, {""move_vx"": -6.4, ""move_vy"": 0.0, ""kick_power"": 0.0, ""kick_dir"": null}]"
482,294,default,default,0,15.949011576537366,47.79038434019804,17,B,,25.130775720394766,-0.01447161457746046,0.46419485918285264,"[{""move_vx"": 4.3931677981727475, ""move_vy"": -4.790623831725678, ""kick_power"": 0.0, ""kick_dir"": null}, {""move_vx"": -5.371973000211892, ""move_vy"": 4.425325534352749, ""kick_power"": 0.0, ""kick_dir"": null}, {""move_vx"": 0.0, ""move_vy"": 0.0, ""kick_power"": 0.4, ""kick_dir"": [0.9978889944144014, 0.06494036671155975]}, {""move_vx"": 5.3987581797016695, ""move_vy"": -0.11580206001758112, ""kick_power"": 0.0, ""kick_dir"": null}, {""move_vx"": 5.253961696308167, ""move_vy"": -2.4568041219695576, ""kick_power"": 0.0, ""kick_dir"": null}, {""move_vx"": -4.313351365237939, ""move_vy"": -4.313351365237939, ""kick_power"": 0.0, ""kick_dir"": null}, {""move_vx"": 6.0, ""move_vy"": 0.0, ""kick_power"": 0.0, ""kick_dir"": null}, {""move_vx"": 0.0, ""move_vy"": 0.0, ""kick_power"": 0.9, ""kick_dir"": [0.18057075412574414, -0.9835618218828601]}, {""move_vx"": 0.0, ""move_vy"": 0.0, ""kick_power"": 0.0, ""kick_dir"": null}, {""move_vx"": -6.0, ""move_vy"": 0.0, ""kick_power"": 0.0, ""kick_dir"": null}, {""move_vx"": 5.436114623332822, ""move_vy"": 2.539420761116018, ""kick_power"": 0.0, ""kick_dir"": null}, {""move_vx"": 3.5355339059327373, ""move_vy"": -3.5355339059327373, ""kick_power"": 0.0, ""kick_dir"": null}, {""move_vx"": -4.1012193308819755, ""move_vy"": 4.1012193308819755, ""kick_power"": 0.0, ""kick_dir"": null}, {""move_vx"": -0.0, ""move_vy"": -5.4, ""kick_power"": 0.0, ""kick_dir"": null}, {""move_vx"": -4.123056562121638, ""move_vy"": -5.681619890977019, ""kick_power"": 0.0, ""kick_dir"": null}, {""move_vx"": -0.0, ""move_vy"": 5.8, ""kick_power"": 0.0, ""kick_dir"": null}, {""move_vx"": -4.242640687119285, ""move_vy"": -4.242640687119285, ""kick_power"": 0.0, ""kick_dir"": null}, {""move_vx"": 6.0, ""move_vy"": 0.0, ""kick_power"": 0.0, ""kick_dir"": null}, {""move_vx"": -0.0, ""move_vy"": 0.0, ""kick_power"": 0.4, ""kick_dir"": [-0.10413074409513592, -0.994563440062623]}, {""move_vx"": -6.4, ""move_vy"": 0.0, ""kick_power"": 0.0, ""kick_dir"": null}, {""move_vx"": 4.242640687119285, ""move_vy"": -4.242640687119285, ""kick_power"": 0.0, ""kick_dir"": null}, {""move_vx"": 4.525483399593904, ""move_vy"": 4.525483399593904, ""kick_power"": 0.0, ""kick_dir"": null}]"
482,295,default,default,0,16.605026933735985,48.03906228661651,17,B,,25.127576847692215,0.05579293034337771,0.44241025100726694,"[{""move_vx"": 0.0, ""move_vy"": 0.0, ""kick_power"": 0.9, ""kick_dir"": [0.952193502481386, -0.3054954782560594]}, {""move_vx"": -5.460778353702882, ""move_vy"": 4.315263580794347, ""kick_power"": 0.0, ""kick_dir"": null}, {""move_vx"": 0.0, ""move_vy"": 0.0, ""kick_power"": 0.4, ""kick_dir"": [0.9976395484646384, 0.06866593369889444]}, {""move_vx"": 5.3987581797016695, ""move_vy"": -0.11580206001758143, ""kick_power"": 0.0, ""kick_dir"": null}, {""move_vx"": 4.1012193308819755, ""move_vy"": -4.1012193308819755, ""kick_power"": 0.0, ""kick_dir"": null}, {""move_vx"": -4.313351365237939, ""move_vy"": -4.313351365237939, ""kick_power"": 0.0, ""kick_dir"": null}, {""move_vx"": 6.0, ""move_vy"": 0.0, ""kick_power"": 0.0, ""kick_dir"": null}, {""move_vx"": 0.0, ""move_vy"": 0.0, ""kick_power"": 0.9, ""kick_dir"": [0.18057075412574414, -0.9835618218828601]}, {""move_vx"": 0.0, ""move_vy"": 0.0, ""kick_power"": 0.0, ""kick_dir"": null}, {""move_vx"": -6.0, ""move_vy"": 0.0, ""kick_power"": 0.0, ""kick_dir"": null}, {""move_vx"": -4.242640687119285, ""move_vy"": -4.242640687119285, ""kick_power"": 0.0, ""kick_dir"": null}, {""move_vx"": 3.5355339059327373, ""move_vy"": -3.5355339059327373, ""kick_power"": 0.0, ""kick_dir"": null}, {""move_vx"": -4.1012193308819755, ""move_vy"": 4.1012193308819755, ""kick_power"": 0.0, ""kick_dir"": null}, {""move_vx"": -5.4, ""move_vy"": 0.0, ""kick_power"": 0.0, ""kick_dir"": null}, {""move_vx"": -4.908655020062896, ""move_vy"": 2.250579013056714, ""kick_power"": 0.0, ""kick_dir"": null}, {""move_vx"": -0.0, ""move_vy"": 5.8, ""kick_power"": 0.0, ""kick_dir"": null}, {""move_vx"": -4.242640687119285, ""move_vy"": -4.242640687119285, ""kick_power"": 0.0, ""kick_dir"": null}, {""move_vx"": 4.9806070001464295, ""move_vy"": -1.097066046367482, ""kick_power"": 0.0, ""kick_dir"": null}, {""move_vx"": -0.0, ""move_vy"": 0.0, ""kick_power"": 0.4, ""kick_dir"": [-0.15879717132401275, -0.9873110408435274]}, {""move_vx"": -6.4, ""move_vy"": 0.0, ""kick_power"": 0.0, ""kick_dir"": null}, {""move_vx"": 4.242640687119285, ""move_vy"": -4.242640687119285, ""kick_power"": 0.0, ""kick_dir"": null}, {""move_vx"": -6.797929819421033, ""move_vy"": -4.796931328487653, ""kick_power"": 0.0, ""kick_dir"": null}]"
482,296,default,default,0,17.01791924598169,48.136753649399935,17,B,,25.129030737598892,0.03434413779981034,0.448916548715705,"[{""move_vx"": 4.727062523162221, ""move_vy"": -4.461488529864804, ""kick_power"": 0.0, ""kick_dir"": null}, {""move_vx"": -5.265850474787362, ""move_vy"": 4.551089844991166, ""kick_power"": 0.0, ""kick_dir"": null}, {""move_vx"": 0.0, ""move_vy"": 0.0, ""kick_power"": 0.4, ""kick_dir"": [0.997335803233699, 0.0729448743379364]}, {""move_vx"": 5.3987581797016695, ""move_vy"": -0.11580206001758174, ""kick_power"": 0.0, ""kick_dir"": null}, {""move_vx"": 5.2575700581267855, ""move_vy"": -2.4490726987757445, ""kick_power"": 0.0, ""kick_dir"": null}, {""move_vx"": -4.313351365237939, ""move_vy"": -4.313351365237939, ""kick_power"": 0.0, ""kick_dir"": null}, {""move_vx"": 6.0, ""move_vy"": 0.0, ""kick_power"": 0.0, ""kick_dir"": null}, {""move_vx"": 0.0, ""move_vy"": 0.0, ""kick_power"": 0.9, ""kick_dir"": [0.18057075412574414, -0.9835618218828601]}, {""move_vx"": 0.0, ""move_vy"": 0.0, ""kick_power"": 0.0, ""kick_dir"": null}, {""move_vx"": -6.0, ""move_vy"": 0.0, ""kick_power"": 0.0, ""kick_dir"": null}, {""move_vx"": -4.242640687119285, ""move_vy"": -4.242640687119285, ""kick_power"": 0.0, ""kick_dir"": null}, {""move_vx"": 3.5355339059327373, ""move_vy"": -3.5355339059327373, ""kick_power"": 0.0, ""kick_dir"": null}, {""move_vx"": -4.1012193308819755, ""move_vy"": 4.1012193308819755, ""kick_power"": 0.0, ""kick_dir"": null}, {""move_vx"": -5.4, ""move_vy"": 0.0, ""kick_power"": 0.0, ""kick_dir"": null}, {""move_vx"": 4.57623892145439, ""move_vy"": -0.35515818133044996, ""kick_power"": 0.0, ""kick_dir"": null}, {""move_vx"": -0.0, ""move_vy"": 5.8, ""kick_power"": 0.0, ""kick_dir"": null}, {""move_vx"": -4.242640687119285, ""move_vy"": -4.242640687119285, ""kick_power"": 0.0, ""kick_dir"": null}, {""move_vx"": 6.0, ""move_vy"": 0.0, ""kick_power"": 0.0, ""kick_dir"": null}, {""move_vx"": -0.0, ""move_vy"": 0.0, ""kick_power"": 0.4, ""kick_dir"": [-0.2176418506385429, -0.9760285050203553]}, {""move_vx"": -6.4, ""move_vy"": 0.0, ""kick_power"": 0.0, ""kick_dir"": null}, {""move_vx"": 3.8791341014892957, ""move_vy"": 4.964103002825671, ""kick_power"": 0.0, ""kick_dir"": null}, {""move_vx"": -6.4, ""move_vy"": 0.0, ""kick_power"": 0.0, ""kick_dir"": null}]"
482,297,default,default,0,17.409934929834364,48.11397180166805,17,B,,25.129655084491905,0.026959166989366106,0.4505513907797606,"[{""move_vx"": 5.156492729536082, ""move_vy"": -3.957345414572947, ""kick_power"": 0.0, ""kick_dir"": null}, {""move_vx"": -5.120851540474426, ""move_vy"": 4.713648215599112, ""kick_power"": 0.0, ""kick_dir"": null}, {""move_vx"": 0.0, ""move_vy"": 0.0, ""kick_power"": 0.4, ""kick_dir"": [0.9969866501947282, 0.077570979226318]}, {""move_vx"": 5.3987581797016695, ""move_vy"": -0.11580206001758206, ""kick_power"": 0.0, ""kick_dir"": null}, {""move_vx"": 5.25480532384408, ""move_vy"": -2.4549991870670587, ""kick_power"": 0.0, ""kick_dir"": null}, {""move_vx"": -4.313351365237939, ""move_vy"": -4.313351365237939, ""kick_power"": 0.0, ""kick_dir"": null}, {""move_vx"": 6.0, ""move_vy"": 0.0, ""kick_power"": 0.0, ""kick_dir"": null}, {""move_vx"": 0.0, ""move_vy"": 0.0, ""kick_power"": 0.9, ""kick_dir"": [0.18057075412574414, -0.9835618218828601]}, {""move_vx"": 0.0, ""move_vy"": 0.0, ""kick_power"": 0.0, ""kick_dir"": null}, {""move_vx"": -6.0, ""move_vy"": 0.0, ""kick_power"": 0.0, ""kick_dir"": null}, {""move_vx"": 5.413057658993781, ""move_vy"": 2.5882053203733224, ""kick_power"": 0.0, ""kick_dir"": null}, {""move_vx"": 3.5355339059327373, ""move_vy"": -3.5355339059327373, ""kick_power"": 0.0, ""kick_dir"": null}, {""move_vx"": -4.1012193308819755, ""move_vy"": 4.1012193308819755, ""kick_power"": 0.0, ""kick_dir"": null}, {""move_vx"": -5.4, ""move_vy"": 0.0, ""kick_power"": 0.0, ""kick_dir"": null}, {""move_vx"": 4.576091608077479, ""move_vy"": -0.3570512490986047, ""kick_power"": 0.0, ""kick_dir"": null}, {""move_vx"": -0.0, ""move_vy"": 5.8, ""kick_power"": 0.0, ""kick_dir"": null}, {""move_vx"": -6.0, ""move_vy"": 0.0, ""kick_power"": 0.0, ""kick_dir"": null}, {""move_vx"": 6.0, ""move_vy"": 0.0, ""kick_power"": 0.0, ""kick_dir"": null}, {""move_vx"": -0.0, ""move_vy"": 0.0, ""kick_power"": 0.4, ""kick_dir"": [-0.2804429363356355, -0.9598704924545782]}, {""move_vx"": -0.0, ""move_vy"": 0.0, ""kick_power"": 0.0, ""kick_dir"": null}, {""move_vx"": 4.242640687119285, ""move_vy"": -4.242640687119285, ""kick_power"": 0.0, ""kick_dir"": null}, {""move_vx"": -6.4, ""move_vy"": 0.0, ""kick_power"": 0.0, ""kick_dir"": null}]"
482,298,default,default,0,17.729292901332588,47.95387350487428,17,B,,25.12997605116196,0.023400260855084804,0.45208063686260597,"[{""move_vx"": 5.403622186520419, ""move_vy"": -3.6125984090878807, ""kick_power"": 0.0, ""kick_dir"": null}, {""move_vx"": -4.991723202548829, ""move_vy"": 4.850185508734245, ""kick_power"": 0.0, ""kick_dir"": null}, {""move_vx"": 0.0, ""move_vy"": 0.0, ""kick_power"": 0.4, ""kick_dir"": [0.9965767480168225, 0.08267042376668915]}, {""move_vx"": 5.3987581797016695, ""move_vy"": -0.11580206001758238, ""kick_power"": 0.0, ""kick_dir"": null}, {""move_vx"": 5.250196174954092, ""move_vy"": -2.464840790902614, ""kick_power"": 0.0, ""kick_dir"": null}, {""move_vx"": -4.313351365237939, ""move_vy"": -4.313351365237939, ""kick_power"": 0.0, ""kick_dir"": null}, {""move_vx"": 6.0, ""move_vy"": 0.0, ""kick_power"": 0.0, ""kick_dir"": null}, {""move_vx"": 0.0, ""move_vy"": 0.0, ""kick_power"": 0.9, ""kick_dir"": [0.18057075412574414, -0.9835618218828601]}, {""move_vx"": 0.0, ""move_vy"": 0.0, ""kick_power"": 0.0, ""kick_dir"": null}, {""move_vx"": 4.242640687119285, ""move_vy"": 4.242640687119285, ""kick_power"": 0.0, ""kick_dir"": null}, {""move_vx"": 5.413057658993781, ""move_vy"": 2.5882053203733224, ""kick_power"": 0.0, ""kick_dir"": null}, {""move_vx"": 3.5355339059327373, ""move_vy"": -3.5355339059327373, ""kick_power"": 0.0, ""kick_dir"": null}, {""move_vx"": -4.1012193308819755, ""move_vy"": 4.1012193308819755, ""kick_power"": 0.0, ""kick_dir"": null}, {""move_vx"": -5.4, ""move_vy"": 0.0, ""kick_power"": 0.0, ""kick_dir"": null}, {""move_vx"": 4.575949789492611, ""move_vy"": -0.35886421393408047, ""kick_power"": 0.0, ""kick_dir"": null}, {""move_vx"": -0.0, ""move_vy"": 5.8, ""kick_power"": 0.0, ""kick_dir"": null}, {""move_vx"": -4.242640687119285, ""move_vy"": -4.242640687119285, ""kick_power"": 0.0, ""kick_dir"": null}, {""move_vx"": 4.979683050972885, ""move_vy"": -1.1012523379559194, ""kick_power"": 0.0, ""kick_dir"": null}, {""move_vx"": -0.0, ""move_vy"": 0.0, ""kick_power"": 0.4, ""kick_dir"": [-0.34671477316449206, -0.9379703911565018]}, {""move_vx"": -6.4, ""move_vy"": 0.0, ""kick_power"": 0.0, ""kick_dir"": null}, {""move_vx"": 3.987498613029877, ""move_vy"": 4.877484475740013, ""kick_power"": 0.0, ""kick_dir"": null}, {""move_vx"": -6.877913649801787, ""move_vy"": -4.681527937102402, ""kick_power"": 0.0, ""kick_dir"": null}]"
482,299,default,default,0,18.061271771397447,47.88045668234389,17,B,,25.130651511580133,0.028970882032557512,0.446677199441952,"[{""move_vx"": 5.451687086619314, ""move_vy"": -3.5396479923275166, ""kick_power"": 0.0, ""kick_dir"": null}, {""move_vx"": -4.894980745345478, ""move_vy"": 4.947803907057859, ""kick_power"": 0.0, ""kick_dir"": null}, {""move_vx"": 0.0, ""move_vy"": 0.0, ""kick_power"": 0.4, ""kick_dir"": [0.9960907935000263, 0.08833299665456744]}, {""move_vx"": 5.39875817970167, ""move_vy"": -0.11580206001758271, ""kick_power"": 0.0, ""kick_dir"": null}, {""move_vx"": 5.248433604144625, ""move_vy"": -2.4685916436068296, ""kick_power"": 0.0, ""kick_dir"": null}, {""move_vx"": -4.313351365237939, ""move_vy"": -4.313351365237939, ""kick_power"": 0.0, ""kick_dir"": null}, {""move_vx"": 6.0, ""move_vy"": 0.0, ""kick_power"": 0.0, ""kick_dir"": null}, {""move_vx"": 0.0, ""move_vy"": 0.0, ""kick_power"": 0.9, ""kick_dir"": [0.18057075412574414, -0.9835618218828601]}, {""move_vx"": 0.0, ""move_vy"": 0.0, ""kick_power"": 0.0, ""kick_dir"": null}, {""move_vx"": -6.0, ""move_vy"": 0.0, ""kick_power"": 0.0, ""kick_dir"": null}, {""move_vx"": -4.242640687119285, ""move_vy"": -4.242640687119285, ""kick_power"": 0.0, ""kick_dir"": null}, {""move_vx"": 3.5355339059327373, ""move_vy"": -3.5355339059327373, ""kick_power"": 0.0, ""kick_dir"": null}, {""move_vx"": -4.1012193308819755, ""move_vy"": 4.1012193308819755, ""kick_power"": 0.0, ""kick_dir"": null}, {""move_vx"": -5.4, ""move_vy"": 0.0, ""kick_power"": 0.0, ""kick_dir"": null}, {""move_vx"": 4.575949789492611, ""move_vy"": -0.3588642139340805, ""kick_power"": 0.0, ""kick_dir"": null}, {""move_vx"": -0.0, ""move_vy"": 5.8, ""kick_power"": 0.0, ""kick_dir"": null}, {""move_vx"": -6.0, ""move_vy"": 0.0, ""kick_power"": 0.0, ""kick_dir"": null}, {""move_vx"": 4.979683050972885, ""move_vy"": -1.1012523379559198, ""kick_power"": 0.0, ""kick_dir"": null}, {""move_vx"": -0.0, ""move_vy"": 0.0, ""kick_power"": 0.4, ""kick_dir"": [-0.41565447615779705, -0.9095223648159997]}, {""move_vx"": -6.4, ""move_vy"": 0.0, ""kick_power"": 0.0, ""kick_dir"": null}, {""move_vx"": 4.242640687119285, ""move_vy"": -4.242640687119285, ""kick_power"": 0.0, ""kick_dir"": null}, {""move_vx"": -6.891102588598093, ""move_vy"": -4.662092353591537, ""kick_power"": 0.0, ""kick_dir"": null}]"
482,300,default,default,0,18.393250641462306,47.8070398598135,17,B,,25.13128827769469,0.027657816079880885,0.4477318842515814,"[{""move_vx"": 5.580115722765152, ""move_vy"": -3.333512939910259, ""kick_power"": 0.0, ""kick_dir"": null}, {""move_vx"": -4.7700314872583105, ""move_vy"": 5.0683724814346744, ""kick_power"": 0.0, ""kick_dir"": null}, {""move_vx"": 0.0, ""move_vy"": 0.0, ""kick_power"": 0.4, ""kick_dir"": [0.9955065934553821, 0.09468991435138158]}, {""move_vx"": 5.3987581797016695, ""move_vy"": -0.11580206001758304, ""kick_power"": 0.0, ""kick_dir"": null}, {""move_vx"": 5.248433604144625, ""move_vy"": -2.468591643606829, ""kick_power"": 0.0, ""kick_dir"": null}, {""move_vx"": -4.313351365237939, ""move_vy"": -4.313351365237939, ""kick_power"": 0.0, ""kick_dir"": null}, {""move_vx"": 6.0, ""move_vy"": 0.0, ""kick_power"": 0.0, ""kick_dir"": null}, {""move_vx"": 0.0, ""move_vy"": 0.0, ""kick_power"": 0.9, ""kick_dir"": [0.18057075412574414, -0.9835618218828601]}, {""move_vx"": 0.0, ""move_vy"": 0.0, ""kick_power"": 0.0, ""kick_dir"": null}, {""move_vx"": -6.0, ""move_vy"": 0.0, ""kick_power"": 0.0, ""kick_dir"": null}, {""move_vx"": -4.242640687119285, ""move_vy"": -4.242640687119285, ""kick_power"": 0.0, ""kick_dir"": null}, {""move_vx"": 3.5355339059327373, ""move_vy"": -3.5355339059327373, ""kick_power"": 0.0, ""kick_dir"": null}, {""move_vx"": -6.944352999937602, ""move_vy"": 0.4664347888586547, ""kick_power"": 0.0, ""kick_dir"": null}, {""move_vx"": -5.4, ""move_vy"": 0.0, ""kick_power"": 0.0, ""kick_dir"": null}, {""move_vx"": 4.575949789492611, ""move_vy"": -0.3588642139340805, ""kick_power"": 0.0, ""kick_dir"": null}, {""move_vx"": -0.0, ""move_vy"": 0.0, ""kick_power"": 0.6, ""kick_dir"": [-0.5933578272660983, -0.8049387805962641]}, {""move_vx"": -4.242640687119285, ""move_vy"": -4.242640687119285, ""kick_power"": 0.0, ""kick_dir"": null}, {""move_vx"": 4.979683050972885, ""move_vy"": -1.10125233795592, ""kick_power"": 0.0, ""kick_dir"": null}, {""move_vx"": -0.0, ""move_vy"": 0.0, ""kick_power"": 0.4, ""kick_dir"": [-0.4861169607803538, -0.8738935089229771]}, {""move_vx"": -6.4, ""move_vy"": 0.0, ""kick_power"": 0.0, ""kick_dir"": null}, {""move_vx"": 4.130953052351903, ""move_vy"": 4.756598246569129, ""kick_power"": 0.0, ""kick_dir"": null}, {""move_vx"": -6.4, ""move_vy"": 0.0, ""kick_power"": 0.0, ""kick_dir"": null}]"
482,301,default,default,0,18.725229511527164,47.73362303728311,17,B,,25.131892884873366,0.02866957478296904,0.4508834667285275,"[{""move_vx"": 5.692712186525996, ""move_vy"": -3.137360030563661, ""kick_power"": 0.0, ""kick_dir"": null}, {""move_vx"": -4.636036543446309, ""move_vy"": 5.191220007650455, ""kick_power"": 0.0, ""kick_dir"": null}, {""move_vx"": 0.0, ""move_vy"": 0.0, ""kick_power"": 0.4, ""kick_dir"": [0.9947980643810741, 0.10186429758938587]}, {""move_vx"": 5.39875817970167, ""move_vy"": -0.1158020600175834, ""kick_power"": 0.0, ""kick_dir"": null}, {""move_vx"": 5.248433604144625, ""move_vy"": -2.4685916436068287, ""kick_power"": 0.0, ""kick_dir"": null}, {""move_vx"": -4.313351365237939, ""move_vy"": -4.313351365237939, ""kick_power"": 0.0, ""kick_dir"": null}, {""move_vx"": 0.0, ""move_vy"": 0.0, ""kick_power"": 0.4, ""kick_dir"": [-0.21960588256095864, 0.9755886050964417]}, {""move_vx"": 0.0, ""move_vy"": 0.0, ""kick_power"": 0.9, ""kick_dir"": [0.18057075412574414, -0.9835618218828601]}, {""move_vx"": 0.0, ""move_vy"": 0.0, ""kick_power"": 0.0, ""kick_dir"": null}, {""move_vx"": -6.0, ""move_vy"": 0.0, ""kick_power"": 0.0, ""kick_dir"": null}, {""move_vx"": -4.242640687119285, ""move_vy"": -4.242640687119285, ""kick_power"": 0.0, ""kick_dir"": null}, {""move_vx"": -0.0, ""move_vy"": 0.0, ""kick_power"": 0.9, ""kick_dir"": [-0.9576572777212357, 0.2879105955660509]}, {""move_vx"": -6.944352999937603, ""move_vy"": 0.4664347888586544, ""kick_power"": 0.0, ""kick_dir"": null}, {""move_vx"": -5.4, ""move_vy"": 0.0, ""kick_power"": 0.0, ""kick_dir"": null}, {""move_vx"": 4.575949789492611, ""move_vy"": -0.3588642139340806, ""kick_power"": 0.0, ""kick_dir"": null}, {""move_vx"": -4.168972502187332, ""move_vy"": -5.573263700562347, ""kick_power"": 0.0, ""kick_dir"": null}, {""move_vx"": -6.0, ""move_vy"": 0.0, ""kick_power"": 0.0, ""kick_dir"": null}, {""move_vx"": 4.979683050972884, ""move_vy"": -1.1012523379559205, ""kick_power"": 0.0, ""kick_dir"": null}, {""move_vx"": -0.0, ""move_vy"": 0.0, ""kick_power"": 0.4, ""kick_dir"": [-0.5605345990682418, -0.8281307549696557]}, {""move_vx"": -6.4, ""move_vy"": 0.0, ""kick_power"": 0.0, ""kick_dir"": null}, {""move_vx"": 4.242640687119285, ""move_vy"": -4.242640687119285, ""kick_power"": 0.0, ""kick_dir"": null}, {""move_vx"": -6.846846604808069, ""move_vy"": -4.726847952941603, ""kick_power"": 0.0, ""kick_dir"": null}]"
482,302,default,default,0,19.057208381592023,47.66020621475272,17,B,,25.1324710441844,0.02290327335279977,0.4408796705396211,"[{""move_vx"": 5.790877006155919, ""move_vy"": -2.952243807610519, ""kick_power"": 0.0, ""kick_dir"": null}, {""move_vx"": -4.492573025666077, ""move_vy"": 5.315861887695874, ""kick_power"": 0.0, ""kick_dir"": null}, {""move_vx"": 0.0, ""move_vy"": 0.0, ""kick_power"": 0.4, ""kick_dir"": [0.9842975670286838, 0.17651569712300694]}, {""move_vx"": 5.3987581797016695, ""move_vy"": -0.11580206001758374, ""kick_power"": 0.0, ""kick_dir"": null}, {""move_vx"": 5.2484336041446245, ""move_vy"": -2.4685916436068283, ""kick_power"": 0.0, ""kick_dir"": null}, {""move_vx"": -4.313351365237939, ""move_vy"": -4.313351365237939, ""kick_power"": 0.0, ""kick_dir"": null}, {""move_vx"": 6.0, ""move_vy"": 0.0, ""kick_power"": 0.0, ""kick_dir"": null}, {""move_vx"": 6.0, ""move_vy"": 0.0, ""kick_power"": 0.0, ""kick_dir"": null}, {""move_vx"": 0.0, ""move_vy"": 0.0, ""kick_power"": 0.0, ""kick_dir"": null}, {""move_vx"": -6.0, ""move_vy"": 0.0, ""kick_power"": 0.0, ""kick_dir"": null}, {""move_vx"": -4.242640687119285, ""move_vy"": -4.242640687119285, ""kick_power"": 0.0, ""kick_dir"": null}, {""move_vx"": -0.0, ""move_vy"": 0.0, ""kick_power"": 0.9, ""kick_dir"": [-0.9582916477209659, 0.2857920406415455]}, {""move_vx"": -6.944352999937602, ""move_vy"": 0.46643478885865414, ""kick_power"": 0.0, ""kick_dir"": null}, {""move_vx"": -5.4, ""move_vy"": 0.0, ""kick_power"": 0.0, ""kick_dir"": null}, {""move_vx"": 4.575949789492611, ""move_vy"": -0.35886421393408063, ""kick_power"": 0.0, ""kick_dir"": null}, {""move_vx"": -0.0, ""move_vy"": 5.8, ""kick_power"": 0.0, ""kick_dir"": null}, {""move_vx"": -4.242640687119285, ""move_vy"": -4.242640687119285, ""kick_power"": 0.0, ""kick_dir"": null}, {""move_vx"": 4.979683050972884, ""move_vy"": -1.101252337955921, ""kick_power"": 0.0, ""kick_dir"": null}, {""move_vx"": -0.0, ""move_vy"": 0.0, ""kick_power"": 0.4, ""kick_dir"": [-0.6243934717438541, -0.7811097215188195]}, {""move_vx"": -6.4, ""move_vy"": 0.0, ""kick_power"": 0.0, ""kick_dir"": null}, {""move_vx"": 4.241352577567913, ""move_vy"": 4.658425518644473, ""kick_power"": 0.0, ""kick_dir"": null}, {""move_vx"": -2.6940479335980436, ""move_vy"": -6.156338662831677, ""kick_power"": 0.0, ""kick_dir"": null}]"
482,303,default,default,0,19.38918725165688,47.58678939222233,17,B,,25.133027679459495,0.028842450931902762,0.450315888557989,"[{""move_vx"": 5.876033374434004, ""move_vy"": -2.7788903869238406, ""kick_power"": 0.0, ""kick_dir"": null}, {""move_vx"": -4.339279293980195, ""move_vy"": 5.441714363032548, ""kick_power"": 0.0, ""kick_dir"": null}, {""move_vx"": 0.0, ""move_vy"": 0.0, ""kick_power"": 0.4, ""kick_dir"": [0.9816289264221463, 0.19079858876830358]}, {""move_vx"": 5.39875817970167, ""move_vy"": -0.1158020600175841, ""kick_power"": 0.0, ""kick_dir"": null}, {""move_vx"": 5.248433604144625, ""move_vy"": -2.4685916436068283, ""kick_power"": 0.0, ""kick_dir"": null}, {""move_vx"": -4.313351365237939, ""move_vy"": -4.313351365237939, ""kick_power"": 0.0, ""kick_dir"": null}, {""move_vx"": 0.0, ""move_vy"": -6.0, ""kick_power"": 0.0, ""kick_dir"": null}, {""move_vx"": 0.0, ""move_vy"": 0.0, ""kick_power"": 0.9, ""kick_dir"": [0.1126549121716225, -0.9936339979785013]}, {""move_vx"": 0.0, ""move_vy"": 0.0, ""kick_power"": 0.0, ""kick_dir"": null}, {""move_vx"": -6.0, ""move_vy"": 0.0, ""kick_power"": 0.0, ""kick_dir"": null}, {""move_vx"": -4.242640687119285, ""move_vy"": -4.242640687119285, ""kick_power"": 0.0, ""kick_dir"": null}, {""move_vx"": -0.0, ""move_vy"": 0.0, ""kick_power"": 0.9, ""kick_dir"": [-0.958918199127801, 0.28368267472928144]}, {""move_vx"": -6.944352999937603, ""move_vy"": 0.4664347888586539, ""kick_power"": 0.0, ""kick_dir"": null}, {""move_vx"": -5.4, ""move_vy"": 0.0, ""kick_power"": 0.0, ""kick_dir"": null}, {""move_vx"": 4.576379027652426, ""move_vy"": -0.3533482634215627, ""kick_power"": 0.0, ""kick_dir"": null}, {""move_vx"": -0.0, ""move_vy"": 5.8, ""kick_power"": 0.0, ""kick_dir"": null}, {""move_vx"": -6.0, ""move_vy"": 0.0, ""kick_power"": 0.0, ""kick_dir"": null}, {""move_vx"": 4.979683050972884, ""move_vy"": -1.1012523379559214, ""kick_power"": 0.0, ""kick_dir"": null}, {""move_vx"": -0.0, ""move_vy"": 0.0, ""kick_power"": 0.4, ""kick_dir"": [-0.6785708922652528, -0.7345346618127576]}, {""move_vx"": 5.0789285625738705, ""move_vy"": 2.716999200638699, ""kick_power"": 0.0, ""kick_dir"": null}, {""move_vx"": 4.405696831374298, ""move_vy"": 4.5033138276183315, ""kick_power"": 0.0, ""kick_dir"": null}, {""move_vx"": -2.210666208595873, ""move_vy"": -6.3459715500601135, ""kick_power"": 0.0, ""kick_dir"": null}]"
482,304,default,default,0,19.719431554091056,47.44709837921743,17,B,,25.133322354425733,0.030246007386851584,0.4474219230993909,"[{""move_vx"": 5.9495777953021936, ""move_vy"": -2.6177326176764297, ""kick_power"": 0.0, ""kick_dir"": null}, {""move_vx"": -4.175877466364438, ""move_vy"": 5.568091898120012, ""kick_power"": 0.0, ""kick_dir"": null}, {""move_vx"": 0.0, ""move_vy"": 0.0, ""kick_power"": 0.4, ""kick_dir"": [0.9783582550514709, 0.2069167200339239]}, {""move_vx"": 5.39875817970167, ""move_vy"": -0.11580206001758445, ""kick_power"": 0.0, ""kick_dir"": null}, {""move_vx"": 5.248433604144625, ""move_vy"": -2.468591643606828, ""kick_power"": 0.0, ""kick_dir"": null}, {""move_vx"": -4.313351365237939, ""move_vy"": -4.313351365237939, ""kick_power"": 0.0, ""kick_dir"": null}, {""move_vx"": 6.0, ""move_vy"": 0.0, ""kick_power"": 0.0, ""kick_dir"": null}, {""move_vx"": -4.242640687119285, ""move_vy"": -4.242640687119285, ""kick_power"": 0.0, ""kick_dir"": null}, {""move_vx"": 0.0, ""move_vy"": 0.0, ""kick_power"": 0.0, ""kick_dir"": null}, {""move_vx"": -6.0, ""move_vy"": 0.0, ""kick_power"": 0.0, ""kick_dir"": null}, {""move_vx"": -4.242640687119285, ""move_vy"": -4.242640687119285, ""kick_power"": 0.0, ""kick_dir"": null}, {""move_vx"": -0.0, ""move_vy"": 0.0, ""kick_power"": 0.9, ""kick_dir"": [-0.9595367478942507, 0.2815833836981437]}, {""move_vx"": -6.944352999937603, ""move_vy"": 0.46643478885865364, ""kick_power"": 0.0, ""kick_dir"": null}, {""move_vx"": -5.4, ""move_vy"": 0.0, ""kick_power"": 0.0, ""kick_dir"": null}, {""move_vx"": 4.577613593239399, ""move_vy"": -0.3369774339475536, ""kick_power"": 0.0, ""kick_dir"": null}, {""move_vx"": -0.0, ""move_vy"": 5.8, ""kick_power"": 0.0, ""kick_dir"": null}, {""move_vx"": -0.0, ""move_vy"": 0.0, ""kick_power"": 0.4, ""kick_dir"": [-0.9587836207352257, 0.2841371107185726]}, {""move_vx"": 4.979683050972884, ""move_vy"": -1.1012523379559218, ""kick_power"": 0.0, ""kick_dir"": null}, {""move_vx"": -0.0, ""move_vy"": 0.0, ""kick_power"": 0.4, ""kick_dir"": [-0.7242178571702641, -0.6895709830883219]}, {""move_vx"": 5.110449233142854, ""move_vy"": 2.657237030351193, ""kick_power"": 0.0, ""kick_dir"": null}, {""move_vx"": 4.565554528629856, ""move_vy"": 4.341164802919537, ""kick_power"": 0.0, ""kick_dir"": null}, {""move_vx"": -1.8493495077010145, ""move_vy"": -6.460519050228552, ""kick_power"": 0.0, ""kick_dir"": null}]"
482,305,default,default,0,20.056204690861374,47.3161055036896,17,B,,25.133234676043987,0.03504183900189706,0.4454973898000943,"[{""move_vx"": 5.954551016987837, ""move_vy"": -2.6064002352073845, ""kick_power"": 0.0, ""kick_dir"": null}, {""move_vx"": -4.017863269186359, ""move_vy"": 5.683165909079473, ""kick_power"": 0.0, ""kick_dir"": null}, {""move_vx"": 0.0, ""move_vy"": 0.0, ""kick_power"": 0.4, ""kick_dir"": [0.9743229959164066, 0.22515339521991656]}, {""move_vx"": 5.39875817970167, ""move_vy"": -0.11580206001758481, ""kick_power"": 0.0, ""kick_dir"": null}, {""move_vx"": -4.1012193308819755, ""move_vy"": -4.1012193308819755, ""kick_power"": 0.0, ""kick_dir"": null}, {""move_vx"": -4.313351365237939, ""move_vy"": -4.313351365237939, ""kick_power"": 0.0, ""kick_dir"": null}, {""move_vx"": 0.0, ""move_vy"": 0.0, ""kick_power"": 0.65, ""kick_dir"": [-0.011665700310756545, 0.999931888530078]}, {""move_vx"": 0.0, ""move_vy"": 0.0, ""kick_power"": 0.9, ""kick_dir"": [0.16907099479266582, -0.9856036904549402]}, {""move_vx"": 0.0, ""move_vy"": 0.0, ""kick_power"": 0.0, ""kick_dir"": null}, {""move_vx"": -6.0, ""move_vy"": 0.0, ""kick_power"": 0.0, ""kick_dir"": null}, {""move_vx"": -4.242640687119285, ""move_vy"": -4.242640687119285, ""kick_power"": 0.0, ""kick_dir"": null}, {""move_vx"": -0.0, ""move_vy"": 0.0, ""kick_power"": 0.9, ""kick_dir"": [-0.9601468365743953, 0.27949601915756134]}, {""move_vx"": -6.944352999937603, ""move_vy"": 0.46643478885865336, ""kick_power"": 0.0, ""kick_dir"": null}, {""move_vx"": -5.4, ""move_vy"": 0.0, ""kick_power"": 0.0, ""kick_dir"": null}, {""move_vx"": 4.578505076851438, ""move_vy"": -0.32464020275622985, ""kick_power"": 0.0, ""kick_dir"": null}, {""move_vx"": -0.0, ""move_vy"": 5.8, ""kick_power"": 0.0, ""kick_dir"": null}, {""move_vx"": -6.0, ""move_vy"": 0.0, ""kick_power"": 0.0, ""kick_dir"": null}, {""move_vx"": 4.981204563975006, ""move_vy"": -1.0943496204753624, ""kick_power"": 0.0, ""kick_dir"": null}, {""move_vx"": -0.0, ""move_vy"": 0.0, ""kick_power"": 0.4, ""kick_dir"": [-0.762548117319628, -0.6469312431636653]}, {""move_vx"": 5.13817543527826, ""move_vy"": 2.6032197748755426, ""kick_power"": 0.0, ""kick_dir"": null}, {""move_vx"": 4.746357063652819, ""move_vy"": 4.142715851263879, ""kick_power"": 0.0, ""kick_dir"": null}, {""move_vx"": -1.4855745432838734, ""move_vy"": -6.55373697033585, ""kick_power"": 0.0, ""kick_dir"": null}]"
482,306,default,default,0,20.392997891224017,47.21790858010969,17,B,,25.13268150056402,0.02545596174400351,0.4382687472106012,"[{""move_vx"": 6.020551280355044, ""move_vy"": -2.450094341166324, ""kick_power"": 0.0, ""kick_dir"": null}, {""move_vx"": -3.8451609374724036, ""move_vy"": 5.801408222572889, ""kick_power"": 0.0, ""kick_dir"": null}, {""move_vx"": 0.0, ""move_vy"": 0.0, ""kick_power"": 0.4, ""kick_dir"": [0.9692922550003756, 0.2459101795090879]}, {""move_vx"": 5.39875817970167, ""move_vy"": -0.11580206001758518, ""kick_power"": 0.0, ""kick_dir"": null}, {""move_vx"": 5.260220865969087, ""move_vy"": -2.4433739871790867, ""kick_power"": 0.0, ""kick_dir"": null}, {""move_vx"": -4.313351365237939, ""move_vy"": -4.313351365237939, ""kick_power"": 0.0, ""kick_dir"": null}, {""move_vx"": 6.0, ""move_vy"": 0.0, ""kick_power"": 0.0, ""kick_dir"": null}, {""move_vx"": 0.0, ""move_vy"": 0.0, ""kick_power"": 0.9, ""kick_dir"": [0.16907099479266582, -0.9856036904549402]}, {""move_vx"": 0.0, ""move_vy"": 0.0, ""kick_power"": 0.0, ""kick_dir"": null}, {""move_vx"": -6.0, ""move_vy"": 0.0, ""kick_power"": 0.0, ""kick_dir"": null}, {""move_vx"": -4.242640687119285, ""move_vy"": -4.242640687119285, ""kick_power"": 0.0, ""kick_dir"": null}, {""move_vx"": -0.0, ""move_vy"": 0.0, ""kick_power"": 0.9, ""kick_dir"": [-0.9607466621966451, 0.277427150007313]}, {""move_vx"": -6.944352999937603, ""move_vy"": 0.4664347888586531, ""kick_power"": 0.0, ""kick_dir"": null}, {""move_vx"": -5.4, ""move_vy"": 0.0, ""kick_power"": 0.0, ""kick_dir"": null}, {""move_vx"": 4.579225744592005, ""move_vy"": -0.3143112789350662, ""kick_power"": 0.0, ""kick_dir"": null}, {""move_vx"": -0.0, ""move_vy"": 5.8, ""kick_power"": 0.0, ""kick_dir"": null}, {""move_vx"": -0.0, ""move_vy"": 0.0, ""kick_power"": 0.4, ""kick_dir"": [-0.9576146702918121, 0.2880522024604578]}, {""move_vx"": 4.982527860145638, ""move_vy"": -1.0883088361639466, ""kick_power"": 0.0, ""kick_dir"": null}, {""move_vx"": -0.0, ""move_vy"": 0.0, ""kick_power"": 0.4, ""kick_dir"": [-0.7947121785060235, -0.6069861910249315]}, {""move_vx"": -0.0, ""move_vy"": 0.0, ""kick_power"": 0.4, ""kick_dir"": [0.9474310637043085, 0.31995969360332893]}, {""move_vx"": 4.919494085433051, ""move_vy"": 3.935553067027459, ""kick_power"": 0.0, ""kick_dir"": null}, {""move_vx"": -1.1772895045524019, ""move_vy"": -6.616070542434593, ""kick_power"": 0.0, ""kick_dir"": null}]"
482,307,default,default,0,20.733243502545527,47.119902054954274,17,B,,25.12900930665757,0.027080444007294528,0.43450059362259463,"[{""move_vx"": 6.175780715873594, ""move_vy"": -2.0272475303829665, ""kick_power"": 0.0, ""kick_dir"": null}, {""move_vx"": -3.6539991922352306, ""move_vy"": 5.9236719948984575, ""kick_power"": 0.0, ""kick_dir"": null}, {""move_vx"": 0.0, ""move_vy"": 0.0, ""kick_power"": 0.4, ""kick_dir"": [0.9629854099170096, 0.26955208070446135]}, {""move_vx"": 0.0, ""move_vy"": 0.0, ""kick_power"": 0.0, ""kick_dir"": null}, {""move_vx"": 5.260220865969087, ""move_vy"": -2.4433739871790867, ""kick_power"": 0.0, ""kick_dir"": null}, {""move_vx"": -4.313351365237939, ""move_vy"": -4.313351365237939, ""kick_power"": 0.0, ""kick_dir"": null}, {""move_vx"": 6.0, ""move_vy"": 0.0, ""kick_power"": 0.0, ""kick_dir"": null}, {""move_vx"": 0.0, ""move_vy"": 0.0, ""kick_power"": 0.9, ""kick_dir"": [0.16907099479266582, -0.9856036904549402]}, {""move_vx"": 0.0, ""move_vy"": 0.0, ""kick_power"": 0.0, ""kick_dir"": null}, {""move_vx"": -6.0, ""move_vy"": 0.0, ""kick_power"": 0.0, ""kick_dir"": null}, {""move_vx"": -4.242640687119285, ""move_vy"": -4.242640687119285, ""kick_power"": 0.0, ""kick_dir"": null}, {""move_vx"": -0.0, ""move_vy"": 0.0, ""kick_power"": 0.9, ""kick_dir"": [-0.9613366079503992, 0.27537592246253495]}, {""move_vx"": -0.0, ""move_vy"": 5.8, ""kick_power"": 0.0, ""kick_dir"": null}, {""move_vx"": -5.4, ""move_vy"": 0.0, ""kick_power"": 0.0, ""kick_dir"": null}, {""move_vx"": 4.579774528701324, ""move_vy"": -0.30621114652893827, ""kick_power"": 0.0, ""kick_dir"": null}, {""move_vx"": -0.0, ""move_vy"": 5.8, ""kick_power"": 0.0, ""kick_dir"": null}, {""move_vx"": -6.0, ""move_vy"": 0.0, ""kick_power"": 0.0, ""kick_dir"": null}, {""move_vx"": 4.983110507078422, ""move_vy"": -1.0856379112045729, ""kick_power"": 0.0, ""kick_dir"": null}, {""move_vx"": -0.0, ""move_vy"": 0.0, ""kick_power"": 0.4, ""kick_dir"": [-0.8217357568395218, -0.5698684459166904]}, {""move_vx"": -0.0, ""move_vy"": 0.0, ""kick_power"": 0.4, ""kick_dir"": [0.9434965186080261, 0.3313821829330648]}, {""move_vx"": 4.242640687119285, ""move_vy"": 4.242640687119285, ""kick_power"": 0.0, ""kick_dir"": null}, {""move_vx"": -0.9723597928571829, ""move_vy"": -6.649279392026984, ""kick_power"": 0.0, ""kick_dir"": null}]"
482,308,default,default,0,21.065553864644833,47.04799953051073,17,B,,25.125438429954638,0.022935705671898232,0.43540142973853435,"[{""move_vx"": 6.27080416993144, ""move_vy"": -1.710852145093336, ""kick_power"": 0.0, ""kick_dir"": null}, {""move_vx"": 0.0, ""move_vy"": 0.0, ""kick_power"": 0.4, ""kick_dir"": [-0.9550503374488527, -0.296442236290238]}, {""move_vx"": 0.0, ""move_vy"": 0.0, ""kick_power"": 0.4, ""kick_dir"": [0.9550503374488527, 0.296442236290238]}, {""move_vx"": 0.0, ""move_vy"": 0.0, ""kick_power"": 0.0, ""kick_dir"": null}, {""move_vx"": 5.260220865969087, ""move_vy"": -2.4433739871790863, ""kick_power"": 0.0, ""kick_dir"": null}, {""move_vx"": -4.313351365237939, ""move_vy"": -4.313351365237939, ""kick_power"": 0.0, ""kick_dir"": null}, {""move_vx"": 6.0, ""move_vy"": 0.0, ""kick_power"": 0.0, ""kick_dir"": null}, {""move_vx"": 0.0, ""move_vy"": 0.0, ""kick_power"": 0.9, ""kick_dir"": [0.16907099479266582, -0.9856036904549402]}, {""move_vx"": 0.0, ""move_vy"": 0.0, ""kick_power"": 0.0, ""kick_dir"": null}, {""move_vx"": -6.0, ""move_vy"": 0.0, ""kick_power"": 0.0, ""kick_dir"": null}, {""move_vx"": -4.242640687119285, ""move_vy"": -4.242640687119285, ""kick_power"": 0.0, ""kick_dir"": null}, {""move_vx"": -0.0, ""move_vy"": 0.0, ""kick_power"": 0.9, ""kick_dir"": [-0.96191681542322, 0.2733422993945276]}, {""move_vx"": -6.945912691351068, ""move_vy"": 0.4426023995960383, ""kick_power"": 0.0, ""kick_dir"": null}, {""move_vx"": -5.4, ""move_vy"": 0.0, ""kick_power"": 0.0, ""kick_dir"": null}, {""move_vx"": 4.58043670969328, ""move_vy"": -0.2961410955848626, ""kick_power"": 0.0, ""kick_dir"": null}, {""move_vx"": -0.0, ""move_vy"": 5.8, ""kick_power"": 0.0, ""kick_dir"": null}, {""move_vx"": -0.0, ""move_vy"": 0.0, ""kick_power"": 0.4, ""kick_dir"": [-0.9563964143549373, 0.29207161057892506]}, {""move_vx"": 4.983669309525012, ""move_vy"": -1.0830698099838665, ""kick_power"": 0.0, ""kick_dir"": null}, {""move_vx"": -0.0, ""move_vy"": 0.0, ""kick_power"": 0.4, ""kick_dir"": [-0.8378875073927453, -0.5458426625425531]}, {""move_vx"": -0.0, ""move_vy"": 0.0, ""kick_power"": 0.4, ""kick_dir"": [0.9387194912911243, 0.34468181476333803]}, {""move_vx"": 4.242640687119285, ""move_vy"": 4.242640687119285, ""kick_power"": 0.0, ""kick_dir"": null}, {""move_vx"": -0.6627005358253172, ""move_vy"": -6.687243677317049, ""kick_power"": 0.0, ""kick_dir"": null}]"
482,309,default,default,0,21.397798485279836,46.975794876511806,17,B,,25.12179446700984,0.027142914318027744,0.43099090379953126,"[{""move_vx"": 6.332373040684977, ""move_vy"": -1.4666464037408924, ""kick_power"": 0.0, ""kick_dir"": null}, {""move_vx"": 0.0, ""move_vy"": 0.0, ""kick_power"": 0.4, ""kick_dir"": [-0.9621262714057961, -0.27260273844191163]}, {""move_vx"": 0.5843218235641146, ""move_vy"": 5.096613386014943, ""kick_power"": 0.0, ""kick_dir"": null}, {""move_vx"": 0.0, ""move_vy"": 0.0, ""kick_power"": 0.0, ""kick_dir"": null}, {""move_vx"": 4.1012193308819755, ""move_vy"": -4.1012193308819755, ""kick_power"": 0.0, ""kick_dir"": null}, {""move_vx"": -4.313351365237939, ""move_vy"": -4.313351365237939, ""kick_power"": 0.0, ""kick_dir"": null}, {""move_vx"": 6.0, ""move_vy"": 0.0, ""kick_power"": 0.0, ""kick_dir"": null}, {""move_vx"": 0.0, ""move_vy"": 0.0, ""kick_power"": 0.9, ""kick_dir"": [0.16907099479266582, -0.9856036904549402]}, {""move_vx"": 0.0, ""move_vy"": 0.0, ""kick_power"": 0.0, ""kick_dir"": null}, {""move_vx"": -6.0, ""move_vy"": 0.0, ""kick_power"": 0.0, ""kick_dir"": null}, {""move_vx"": -4.242640687119285, ""move_vy"": -4.242640687119285, ""kick_power"": 0.0, ""kick_dir"": null}, {""move_vx"": -0.0, ""move_vy"": 0.0, ""kick_power"": 0.9, ""kick_dir"": [-0.9624873385997122, 0.2713265476176535]}, {""move_vx"": -6.945912691351067, ""move_vy"": 0.44260239959603875, ""kick_power"": 0.0, ""kick_dir"": null}, {""move_vx"": -5.4, ""move_vy"": 0.0, ""kick_power"": 0.0, ""kick_dir"": null}, {""move_vx"": 4.581059381394434, ""move_vy"": -0.2863475932115514, ""kick_power"": 0.0, ""kick_dir"": null}, {""move_vx"": -0.0, ""move_vy"": 5.8, ""kick_power"": 0.0, ""kick_dir"": null}, {""move_vx"": -6.0, ""move_vy"": 0.0, ""kick_power"": 0.0, ""kick_dir"": null}, {""move_vx"": 4.983669309525012, ""move_vy"": -1.0830698099838667, ""kick_power"": 0.0, ""kick_dir"": null}, {""move_vx"": -0.0, ""move_vy"": 0.0, ""kick_power"": 0.4, ""kick_dir"": [-0.8631062642087848, -0.5050220516819764]}, {""move_vx"": -0.0, ""move_vy"": 0.0, ""kick_power"": 0.4, ""kick_dir"": [0.9340457473910422, 0.35715316497351296]}, {""move_vx"": 4.242640687119285, ""move_vy"": 4.242640687119285, ""kick_power"": 0.0, ""kick_dir"": null}, {""move_vx"": -7.19862256432115, ""move_vy"": -4.171598395872546, ""kick_power"": 0.0, ""kick_dir"": null}]"
482,310,default,default,0,21.730043105914838,46.90359022251288,17,B,,25.11799243172459,0.017587770196123544,0.4286069506524865,"[{""move_vx"": 6.3703600271998155, ""move_vy"": -1.291709380570866, ""kick_power"": 0.0, ""kick_dir"": null}, {""move_vx"": 0.0, ""move_vy"": 0.0, ""kick_power"": 0.4, ""kick_dir"": [-0.9909722918971647, -0.13406401879349286]}, {""move_vx"": 0.0, ""move_vy"": 0.0, ""kick_power"": 0.4, ""kick_dir"": [0.9909722918971647, 0.13406401879349286]}, {""move_vx"": 0.0, ""move_vy"": 0.0, ""kick_power"": 0.0, ""kick_dir"": null}, {""move_vx"": 5.264580670933705, ""move_vy"": -2.433965973310066, ""kick_power"": 0.0, ""kick_dir"": null}, {""move_vx"": -4.313351365237939, ""move_vy"": -4.313351365237939, ""kick_power"": 0.0, ""kick_dir"": null}, {""move_vx"": 6.0, ""move_vy"": 0.0, ""kick_power"": 0.0, ""kick_dir"": null}, {""move_vx"": 0.0, ""move_vy"": 0.0, ""kick_power"": 0.9, ""kick_dir"": [0.16907099479266582, -0.9856036904549402]}, {""move_vx"": 4.526906851052952, ""move_vy"": -4.088656791892644, ""kick_power"": 0.0, ""kick_dir"": null}, {""move_vx"": -6.0, ""move_vy"": 0.0, ""kick_power"": 0.0, ""kick_dir"": null}, {""move_vx"": -4.242640687119285, ""move_vy"": -4.242640687119285, ""kick_power"": 0.0, ""kick_dir"": null}, {""move_vx"": -0.0, ""move_vy"": 0.0, ""kick_power"": 0.9, ""kick_dir"": [-0.9630483787699198, 0.2693284101802256]}, {""move_vx"": -6.945912691351067, ""move_vy"": 0.44260239959603914, ""kick_power"": 0.0, ""kick_dir"": null}, {""move_vx"": -5.4, ""move_vy"": 0.0, ""kick_power"": 0.0, ""kick_dir"": null}, {""move_vx"": 4.58204358603739, ""move_vy"": -0.27014176954631547, ""kick_power"": 0.0, ""kick_dir"": null}, {""move_vx"": -0.0, ""move_vy"": 5.8, ""kick_power"": 0.0, ""kick_dir"": null}, {""move_vx"": -4.242640687119285, ""move_vy"": -4.242640687119285, ""kick_power"": 0.0, ""kick_dir"": null}, {""move_vx"": 4.983669309525012, ""move_vy"": -1.0830698099838667, ""kick_power"": 0.0, ""kick_dir"": null}, {""move_vx"": -0.0, ""move_vy"": 0.0, ""kick_power"": 0.4, ""kick_dir"": [-0.8850351206752245, -0.4655239414062029]}, {""move_vx"": -0.0, ""move_vy"": 0.0, ""kick_power"": 0.4, ""kick_dir"": [0.9294829797326007, 0.3688647941041519]}, {""move_vx"": 4.242640687119285, ""move_vy"": 4.242640687119285, ""kick_power"": 0.0, ""kick_dir"": null}, {""move_vx"": 0.7558354087491063, ""move_vy"": -6.677358222746559, ""kick_power"": 0.0, ""kick_dir"": null}]"
482,311,default,default,0,22.06228772654984,46.83138556851396,17,B,,25.114273798220406,0.01895951237487243,0.42262326709756326,"[{""move_vx"": 6.398089919474707, ""move_vy"": -1.1464926438124847, ""kick_power"": 0.0, ""kick_dir"": null}, {""move_vx"": 5.8, ""move_vy"": 0.0, ""kick_power"": 0.0, ""kick_dir"": null}, {""move_vx"": 0.0, ""move_vy"": 0.0, ""kick_power"": 0.4, ""kick_dir"": [0.9772458507286939, 0.21210814032828984]}, {""move_vx"": 0.0, ""move_vy"": 0.0, ""kick_power"": 0.0, ""kick_dir"": null}, {""move_vx"": 5.2645806709337055, ""move_vy"": -2.433965973310066, ""kick_power"": 0.0, ""kick_dir"": null}, {""move_vx"": -4.313351365237939, ""move_vy"": -4.313351365237939, ""kick_power"": 0.0, ""kick_dir"": null}, {""move_vx"": 6.0, ""move_vy"": 0.0, ""kick_power"": 0.0, ""kick_dir"": null}, {""move_vx"": 0.0, ""move_vy"": 0.0, ""kick_power"": 0.9, ""kick_dir"": [0.20865071979571556, -0.9779900387323929]}, {""move_vx"": 0.0, ""move_vy"": 0.0, ""kick_power"": 0.0, ""kick_dir"": null}, {""move_vx"": -6.0, ""move_vy"": 0.0, ""kick_power"": 0.0, ""kick_dir"": null}, {""move_vx"": 0.0, ""move_vy"": 0.0, ""kick_power"": 0.9, ""kick_dir"": [0.7532600434683301, 0.6577226048784364]}, {""move_vx"": -0.0, ""move_vy"": 5.0, ""kick_power"": 0.0, ""kick_dir"": null}, {""move_vx"": -6.945793572841281, ""move_vy"": 0.44446782051881223, ""kick_power"": 0.0, ""kick_dir"": null}, {""move_vx"": -5.4, ""move_vy"": 0.0, ""kick_power"": 0.0, ""kick_dir"": null}, {""move_vx"": 4.582445575785051, ""move_vy"": -0.26323477157854996, ""kick_power"": 0.0, ""kick_dir"": null}, {""move_vx"": -0.0, ""move_vy"": 5.8, ""kick_power"": 0.0, ""kick_dir"": null}, {""move_vx"": -0.0, ""move_vy"": 0.0, ""kick_power"": 0.4, ""kick_dir"": [-0.9511413572672994, 0.3087556380960891]}, {""move_vx"": 4.983669309525011, ""move_vy"": -1.0830698099838667, ""kick_power"": 0.0, ""kick_dir"": null}, {""move_vx"": -0.0, ""move_vy"": 0.0, ""kick_power"": 0.4, ""kick_dir"": [-0.9031611669866814, -0.429301316594161]}, {""move_vx"": -0.0, ""move_vy"": 0.0, ""kick_power"": 0.4, ""kick_dir"": [0.9250362643985712, 0.37987861184618504]}, {""move_vx"": 4.242640687119285, ""move_vy"": 4.242640687119285, ""kick_power"": 0.0, ""kick_dir"": null}, {""move_vx"": -7.271737699997717, ""move_vy"": -4.042799874150576, ""kick_power"": 0.0, ""kick_dir"": null}]"
482,312,default,default,0,22.394532347184843,46.759180914515035,17,B,,25.110118050364356,0.019294761757643174,0.4184739830792108,"[{""move_vx"": 6.414183065952074, ""move_vy"": -1.0527371924909172, ""kick_power"": 0.0, ""kick_dir"": null}, {""move_vx"": 5.8, ""move_vy"": 0.0, ""kick_power"": 0.0, ""kick_dir"": null}, {""move_vx"": 0.0, ""move_vy"": 0.0, ""kick_power"": 0.4, ""kick_dir"": [0.974343863576121, 0.22506312962824274]}, {""move_vx"": 0.0, ""move_vy"": 0.0, ""kick_power"": 0.0, ""kick_dir"": null}, {""move_vx"": 5.2645806709337055, ""move_vy"": -2.433965973310066, ""kick_power"": 0.0, ""kick_dir"": null}, {""move_vx"": -4.313351365237939, ""move_vy"": -4.313351365237939, ""kick_power"": 0.0, ""kick_dir"": null}, {""move_vx"": 6.0, ""move_vy"": 0.0, ""kick_power"": 0.0, ""kick_dir"": null}, {""move_vx"": 0.0, ""move_vy"": 0.0, ""kick_power"": 0.9, ""kick_dir"": [0.20865071979571556, -0.9779900387323929]}, {""move_vx"": 0.0, ""move_vy"": 0.0, ""kick_power"": 0.0, ""kick_dir"": null}, {""move_vx"": -6.0, ""move_vy"": 0.0, ""kick_power"": 0.0, ""kick_dir"": null}, {""move_vx"": -4.242640687119285, ""move_vy"": -4.242640687119285, ""kick_power"": 0.0, ""kick_dir"": null}, {""move_vx"": -0.0, ""move_vy"": 0.0, ""kick_power"": 0.9, ""kick_dir"": [-0.964778509662566, 0.26306348970508936]}, {""move_vx"": -6.945550767159558, ""move_vy"": 0.4482460717164981, ""kick_power"": 0.0, ""kick_dir"": null}, {""move_vx"": -5.4, ""move_vy"": 0.0, ""kick_power"": 0.0, ""kick_dir"": null}, {""move_vx"": 4.583238409196379, ""move_vy"": -0.24904956227033875, ""kick_power"": 0.0, ""kick_dir"": null}, {""move_vx"": -0.0, ""move_vy"": 5.8, ""kick_power"": 0.0, ""kick_dir"": null}, {""move_vx"": -4.242640687119285, ""move_vy"": -4.242640687119285, ""kick_power"": 0.0, ""kick_dir"": null}, {""move_vx"": 4.983669309525012, ""move_vy"": -1.0830698099838671, ""kick_power"": 0.0, ""kick_dir"": null}, {""move_vx"": -0.0, ""move_vy"": 0.0, ""kick_power"": 0.4, ""kick_dir"": [-0.9143479954873385, -0.4049289732389408]}, {""move_vx"": -0.0, ""move_vy"": 0.0, ""kick_power"": 0.4, ""kick_dir"": [0.9207086141280536, 0.3902505632289312]}, {""move_vx"": 4.242640687119285, ""move_vy"": 4.242640687119285, ""kick_power"": 0.0, ""kick_dir"": null}, {""move_vx"": -7.276857599801748, ""move_vy"": -4.033577007100215, ""kick_power"": 0.0, ""kick_dir"": null}]"
482,313,default,default,0,22.726776967819845,46.68697626051611,17,B,,25.10740166573884,0.01682200586963282,0.4116227887350983,"[{""move_vx"": 6.431661979735386, ""move_vy"": -0.9400660500338769, ""kick_power"": 0.0, ""kick_dir"": null}, {""move_vx"": 5.8, ""move_vy"": 0.0, ""kick_power"": 0.0, ""kick_dir"": null}, {""move_vx"": 0.0, ""move_vy"": 0.0, ""kick_power"": 0.4, ""kick_dir"": [0.9715224212704949, 0.23694652081631873]}, {""move_vx"": 0.0, ""move_vy"": 0.0, ""kick_power"": 0.0, ""kick_dir"": null}, {""move_vx"": 5.264580670933705, ""move_vy"": -2.433965973310066, ""kick_power"": 0.0, ""kick_dir"": null}, {""move_vx"": -4.313351365237939, ""move_vy"": -4.313351365237939, ""kick_power"": 0.0, ""kick_dir"": null}, {""move_vx"": 6.0, ""move_vy"": 0.0, ""kick_power"": 0.0, ""kick_dir"": null}, {""move_vx"": 0.0, ""move_vy"": 0.0, ""kick_power"": 0.9, ""kick_dir"": [0.20865071979571556, -0.9779900387323929]}, {""move_vx"": 0.0, ""move_vy"": 0.0, ""kick_power"": 0.0, ""kick_dir"": null}, {""move_vx"": -6.0, ""move_vy"": 0.0, ""kick_power"": 0.0, ""kick_dir"": null}, {""move_vx"": 6.0, ""move_vy"": 0.0, ""kick_power"": 0.0, ""kick_dir"": null}, {""move_vx"": -0.0, ""move_vy"": 0.0, ""kick_power"": 0.9, ""kick_dir"": [-0.9652975848321751, 0.2611523406266614]}, {""move_vx"": -6.945301698594449, ""move_vy"": 0.45208883585095333, ""kick_power"": 0.0, ""kick_dir"": null}, {""move_vx"": -5.4, ""move_vy"": 0.0, ""kick_power"": 0.0, ""kick_dir"": null}, {""move_vx"": 4.584030723238106, ""move_vy"": -0.23401352185103869, ""kick_power"": 0.0, ""kick_dir"": null}, {""move_vx"": -0.0, ""move_vy"": 5.8, ""kick_power"": 0.0, ""kick_dir"": null}, {""move_vx"": -4.242640687119285, ""move_vy"": -4.242640687119285, ""kick_power"": 0.0, ""kick_dir"": null}, {""move_vx"": 4.983669309525011, ""move_vy"": -1.0830698099838671, ""kick_power"": 0.0, ""kick_dir"": null}, {""move_vx"": -0.0, ""move_vy"": 0.0, ""kick_power"": 0.4, ""kick_dir"": [-0.927272772471727, -0.3743860895885036]}, {""move_vx"": -0.0, ""move_vy"": 0.0, ""kick_power"": 0.4, ""kick_dir"": [0.91650142245464, 0.40003124967006043]}, {""move_vx"": -0.0, ""move_vy"": -6.0, ""kick_power"": 0.0, ""kick_dir"": null}, {""move_vx"": -0.0, ""move_vy"": 0.0, ""kick_power"": 0.9, ""kick_dir"": [0.2846805502040734, -0.9586220099567048]}]"
482,314,default,default,0,23.059021588454847,46.61477160651719,17,B,,25.10363304814803,0.01566078879484725,0.4140655697454153,"[{""move_vx"": 6.446844360073046, ""move_vy"": -0.8295768782905918, ""kick_power"": 0.0, ""kick_dir"": null}, {""move_vx"": 5.8, ""move_vy"": 0.0, ""kick_power"": 0.0, ""kick_dir"": null}, {""move_vx"": 0.0, ""move_vy"": 0.0, ""kick_power"": 0.4, ""kick_dir"": [0.9764342617809779, 0.21581392188017626]}, {""move_vx"": 0.0, ""move_vy"": 0.0, ""kick_power"": 0.0, ""kick_dir"": null}, {""move_vx"": 5.264580670933705, ""move_vy"": -2.433965973310066, ""kick_power"": 0.0, ""kick_dir"": null}, {""move_vx"": -4.313351365237939, ""move_vy"": -4.313351365237939, ""kick_power"": 0.0, ""kick_dir"": null}, {""move_vx"": 4.242640687119285, ""move_vy"": -4.242640687119285, ""kick_power"": 0.0, ""kick_dir"": null}, {""move_vx"": 0.0, ""move_vy"": 0.0, ""kick_power"": 0.9, ""kick_dir"": [0.20865071979571556, -0.9779900387323929]}, {""move_vx"": 0.0, ""move_vy"": 0.0, ""kick_power"": 0.0, ""kick_dir"": null}, {""move_vx"": -6.0, ""move_vy"": 0.0, ""kick_power"": 0.0, ""kick_dir"": null}, {""move_vx"": 6.0, ""move_vy"": 0.0, ""kick_power"": 0.0, ""kick_dir"": null}, {""move_vx"": -0.0, ""move_vy"": 0.0, ""kick_power"": 0.9, ""kick_dir"": [-0.9658057825946215, 0.2592665859295468]}, {""move_vx"": -6.945046150435367, ""move_vy"": 0.45599777227843497, ""kick_power"": 0.0, ""kick_dir"": null}, {""move_vx"": -5.4, ""move_vy"": 0.0, ""kick_power"": 0.0, ""kick_dir"": null}, {""move_vx"": 4.5842114203048085, ""move_vy"": -0.23044664012948282, ""kick_power"": 0.0, ""kick_dir"": null}, {""move_vx"": -0.0, ""move_vy"": 5.8, ""kick_power"": 0.0, ""kick_dir"": null}, {""move_vx"": -4.242640687119285, ""move_vy"": -4.242640687119285, ""kick_power"": 0.0, ""kick_dir"": null}, {""move_vx"": 4.983669309525011, ""move_vy"": -1.0830698099838671, ""kick_power"": 0.0, ""kick_dir"": null}, {""move_vx"": -0.0, ""move_vy"": 0.0, ""kick_power"": 0.4, ""kick_dir"": [-0.9350880242990379, -0.354415207629089]}, {""move_vx"": -0.0, ""move_vy"": 0.0, ""kick_power"": 0.4, ""kick_dir"": [0.9267070161513075, 0.3757844631028649]}, {""move_vx"": 4.242640687119285, ""move_vy"": 4.242640687119285, ""kick_power"": 0.0, ""kick_dir"": null}, {""move_vx"": -0.0, ""move_vy"": 0.0, ""kick_power"": 0.9, ""kick_dir"": [0.32708663248705877, -0.9449939568515804]}]"
482,315,default,default,0,23.39126620908985,46.542566952518264,17,B,,25.09986081418959,0.021371281037022995,0.4117724258018716,"[{""move_vx"": 6.4508435468204155, ""move_vy"": -0.7978831583918852, ""kick_power"": 0.0, ""kick_dir"": null}, {""move_vx"": 5.8, ""move_vy"": 0.0, ""kick_power"": 0.0, ""kick_dir"": null}, {""move_vx"": 0.0, ""move_vy"": 0.0, ""kick_power"": 0.4, ""kick_dir"": [0.9802273249057685, 0.19787356634765882]}, {""move_vx"": 0.0, ""move_vy"": 0.0, ""kick_power"": 0.0, ""kick_dir"": null}, {""move_vx"": 5.264580670933705, ""move_vy"": -2.433965973310066, ""kick_power"": 0.0, ""kick_dir"": null}, {""move_vx"": -4.313351365237939, ""move_vy"": -4.313351365237939, ""kick_power"": 0.0, ""kick_dir"": null}, {""move_vx"": 6.0, ""move_vy"": 0.0, ""kick_power"": 0.0, ""kick_dir"": null}, {""move_vx"": 0.0, ""move_vy"": 0.0, ""kick_power"": 0.9, ""kick_dir"": [0.20865071979571556, -0.9779900387323929]}, {""move_vx"": 0.0, ""move_vy"": 0.0, ""kick_power"": 0.0, ""kick_dir"": null}, {""move_vx"": -6.0, ""move_vy"": 0.0, ""kick_power"": 0.0, ""kick_dir"": null}, {""move_vx"": -4.242640687119285, ""move_vy"": -4.242640687119285, ""kick_power"": 0.0, ""kick_dir"": null}, {""move_vx"": -0.0, ""move_vy"": 0.0, ""kick_power"": 0.9, ""kick_dir"": [-0.9663027728971472, 0.2574080871676437]}, {""move_vx"": -6.944783896540989, ""move_vy"": 0.45997459749964414, ""kick_power"": 0.0, ""kick_dir"": null}, {""move_vx"": -5.4, ""move_vy"": 0.0, ""kick_power"": 0.0, ""kick_dir"": null}, {""move_vx"": 4.584497526882846, ""move_vy"": -0.22468294551448853, ""kick_power"": 0.0, ""kick_dir"": null}, {""move_vx"": -0.0, ""move_vy"": 5.8, ""kick_power"": 0.0, ""kick_dir"": null}, {""move_vx"": -4.242640687119285, ""move_vy"": -4.242640687119285, ""kick_power"": 0.0, ""kick_dir"": null}, {""move_vx"": 4.983669309525011, ""move_vy"": -1.0830698099838671, ""kick_power"": 0.0, ""kick_dir"": null}, {""move_vx"": -0.0, ""move_vy"": 0.0, ""kick_power"": 0.4, ""kick_dir"": [-0.9417420276110372, -0.33633572310774507]}, {""move_vx"": -0.0, ""move_vy"": 0.0, ""kick_power"": 0.4, ""kick_dir"": [0.922558879589794, 0.3858561569906953]}, {""move_vx"": 4.242640687119285, ""move_vy"": 4.242640687119285, ""kick_power"": 0.0, ""kick_dir"": null}, {""move_vx"": -0.0, ""move_vy"": 0.0, ""kick_power"": 0.9, ""kick_dir"": [0.3872093034329197, -0.9219914631721724]}]"
482,316,default,default,0,23.72351082972485,46.47036229851934,17,B,,25.096085850721856,0.015119430162275608,0.40950102985269626,"[{""move_vx"": 6.453943982420879, ""move_vy"": -0.7724034384784515, ""kick_power"": 0.0, ""kick_dir"": null}, {""move_vx"": 5.8, ""move_vy"": 0.0, ""kick_power"": 0.0, ""kick_dir"": null}, {""move_vx"": 0.0, ""move_vy"": 0.0, ""kick_power"": 0.4, ""kick_dir"": [0.9831881419752229, 0.18259427293009564]}, {""move_vx"": 0.0, ""move_vy"": 0.0, ""kick_power"": 0.0, ""kick_dir"": null}, {""move_vx"": 5.2645806709337055, ""move_vy"": -2.433965973310066, ""kick_power"": 0.0, ""kick_dir"": null}, {""move_vx"": -4.313351365237939, ""move_vy"": -4.313351365237939, ""kick_power"": 0.0, ""kick_dir"": null}, {""move_vx"": 6.0, ""move_vy"": 0.0, ""kick_power"": 0.0, ""kick_dir"": null}, {""move_vx"": 0.0, ""move_vy"": 0.0, ""kick_power"": 0.9, ""kick_dir"": [0.20865071979571556, -0.9779900387323929]}, {""move_vx"": 0.0, ""move_vy"": 0.0, ""kick_power"": 0.0, ""kick_dir"": null}, {""move_vx"": -6.0, ""move_vy"": 0.0, ""kick_power"": 0.0, ""kick_dir"": null}, {""move_vx"": 5.186630429774029, ""move_vy"": -3.0164324598674606, ""kick_power"": 0.0, ""kick_dir"": null}, {""move_vx"": -0.0, ""move_vy"": 0.0, ""kick_power"": 0.9, ""kick_dir"": [-0.9667882125952744, 0.255578802349096]}, {""move_vx"": -6.94451470084376, ""move_vy"": 0.4640210876295374, ""kick_power"": 0.0, ""kick_dir"": null}, {""move_vx"": -5.4, ""move_vy"": 0.0, ""kick_power"": 0.0, ""kick_dir"": null}, {""move_vx"": 4.584776227937028, ""move_vy"": -0.21892222304625747, ""kick_power"": 0.0, ""kick_dir"": null}, {""move_vx"": -0.0, ""move_vy"": 5.8, ""kick_power"": 0.0, ""kick_dir"": null}, {""move_vx"": -4.242640687119285, ""move_vy"": -4.242640687119285, ""kick_power"": 0.0, ""kick_dir"": null}, {""move_vx"": 4.983669309525012, ""move_vy"": -1.0830698099838676, ""kick_power"": 0.0, ""kick_dir"": null}, {""move_vx"": -0.0, ""move_vy"": 0.0, ""kick_power"": 0.4, ""kick_dir"": [-0.9474478646377202, -0.31990986303568597]}, {""move_vx"": -0.0, ""move_vy"": 0.0, ""kick_power"": 0.4, ""kick_dir"": [0.9185186048416913, 0.39537758698474806]}, {""move_vx"": 4.242640687119285, ""move_vy"": 4.242640687119285, ""kick_power"": 0.0, ""kick_dir"": null}, {""move_vx"": -0.0, ""move_vy"": 0.0, ""kick_power"": 0.9, ""kick_dir"": [0.44153143278232926, -0.8972454241004514]}]"
482,317,default,default,0,24.055755450359854,46.39815764452042,17,B,,25.092441425339405,0.021977869060957528,0.40688877215696906,"[{""move_vx"": 6.456394672123633, ""move_vy"": -0.7516434246193903, ""kick_power"": 0.0, ""kick_dir"": null}, {""move_vx"": 5.8, ""move_vy"": 0.0, ""kick_power"": 0.0, ""kick_dir"": null}, {""move_vx"": 0.0, ""move_vy"": 0.0, ""kick_power"": 0.4, ""kick_dir"": [0.9855373597344179, 0.16945717173442912]}, {""move_vx"": 0.0, ""move_vy"": 0.0, ""kick_power"": 0.0, ""kick_dir"": null}, {""move_vx"": 5.2645806709337055, ""move_vy"": -2.433965973310066, ""kick_power"": 0.0, ""kick_dir"": null}, {""move_vx"": -4.313351365237939, ""move_vy"": -4.313351365237939, ""kick_power"": 0.0, ""kick_dir"": null}, {""move_vx"": 0.0, ""move_vy"": 0.0, ""kick_power"": 0.9, ""kick_dir"": [-0.4646168158510325, 0.8855117738388232]}, {""move_vx"": 4.242640687119285, ""move_vy"": -4.242640687119285, ""kick_power"": 0.0, ""kick_dir"": null}, {""move_vx"": 0.0, ""move_vy"": 0.0, ""kick_power"": 0.0, ""kick_dir"": null}, {""move_vx"": -6.0, ""move_vy"": 0.0, ""kick_power"": 0.0, ""kick_dir"": null}, {""move_vx"": -4.242640687119285, ""move_vy"": -4.242640687119285, ""kick_power"": 0.0, ""kick_dir"": null}, {""move_vx"": -0.0, ""move_vy"": 0.0, ""kick_power"": 0.9, ""kick_dir"": [-0.967261746038224, 0.2537807850289171]}, {""move_vx"": -6.944238316823846, ""move_vy"": 0.46813908099572826, ""kick_power"": 0.0, ""kick_dir"": null}, {""move_vx"": -5.4, ""move_vy"": 0.0, ""kick_power"": 0.0, ""kick_dir"": null}, {""move_vx"": 4.5850323814644165, ""move_vy"": -0.21349018928921204, ""kick_power"": 0.0, ""kick_dir"": null}, {""move_vx"": -0.0, ""move_vy"": 5.8, ""kick_power"": 0.0, ""kick_dir"": null}, {""move_vx"": -4.242640687119285, ""move_vy"": -4.242640687119285, ""kick_power"": 0.0, ""kick_dir"": null}, {""move_vx"": 4.983669309525012, ""move_vy"": -1.083069809983868, ""kick_power"": 0.0, ""kick_dir"": null}, {""move_vx"": -0.0, ""move_vy"": 0.0, ""kick_power"": 0.4, ""kick_dir"": [-0.9523732001237529, -0.3049345418516119]}, {""move_vx"": -0.0, ""move_vy"": 0.0, ""kick_power"": 0.4, ""kick_dir"": [0.9145867577963857, 0.4043895764796182]}, {""move_vx"": 4.242640687119285, ""move_vy"": 4.242640687119285, ""kick_power"": 0.0, ""kick_dir"": null}, {""move_vx"": -0.0, ""move_vy"": 0.0, ""kick_power"": 0.9, ""kick_dir"": [-0.5556563176989106, -0.8314114845261865]}]"
482,318,default,default,0,23.69965684559923,46.957172958073656,17,B,,25.095603744432683,-0.06042710142677794,0.4425758798601968,"[{""move_vx"": 6.44795380973771, ""move_vy"": -0.8209090494622089, ""kick_power"": 0.0, ""kick_dir"": null}, {""move_vx"": 5.5592011440884805, ""move_vy"": 1.6538689910525948, ""kick_power"": 0.0, ""kick_dir"": null}, {""move_vx"": 0.0, ""move_vy"": 0.0, ""kick_power"": 0.9, ""kick_dir"": [0.9874301740291865, 0.15805472932898665]}, {""move_vx"": 0.0, ""move_vy"": 0.0, ""kick_power"": 0.0, ""kick_dir"": null}, {""move_vx"": 5.2645806709337055, ""move_vy"": -2.433965973310066, ""kick_power"": 0.0, ""kick_dir"": null}, {""move_vx"": -4.313351365237939, ""move_vy"": -4.313351365237939, ""kick_power"": 0.0, ""kick_dir"": null}, {""move_vx"": 4.242640687119285, ""move_vy"": -4.242640687119285, ""kick_power"": 0.0, ""kick_dir"": null}, {""move_vx"": -4.242640687119285, ""move_vy"": -4.242640687119285, ""kick_power"": 0.0, ""kick_dir"": null}, {""move_vx"": 0.0, ""move_vy"": 0.0, ""kick_power"": 0.0, ""kick_dir"": null}, {""move_vx"": -6.0, ""move_vy"": 0.0, ""kick_power"": 0.0, ""kick_dir"": null}, {""move_vx"": 6.0, ""move_vy"": 0.0, ""kick_power"": 0.0, ""kick_dir"": null}, {""move_vx"": -0.0, ""move_vy"": 0.0, ""kick_power"": 0.9, ""kick_dir"": [-0.9677230059620393, 0.25201618183392926]}, {""move_vx"": -6.943954486950355, ""move_vy"": 0.4723304808733152, ""kick_power"": 0.0, ""kick_dir"": null}, {""move_vx"": -2.9720125624605873, ""move_vy"": 4.181392271549806, ""kick_power"": 0.0, ""kick_dir"": null}, {""move_vx"": -5.315787986298634, ""move_vy"": -2.6506599338133006, ""kick_power"": 0.0, ""kick_dir"": null}, {""move_vx"": -0.0, ""move_vy"": 5.8, ""kick_power"": 0.0, ""kick_dir"": null}, {""move_vx"": -4.242640687119285, ""move_vy"": -4.242640687119285, ""kick_power"": 0.0, ""kick_dir"": null}, {""move_vx"": -0.0, ""move_vy"": 0.0, ""kick_power"": 0.4, ""kick_dir"": [-0.53726358691709, 0.8434140670196774]}, {""move_vx"": -0.0, ""move_vy"": 0.0, ""kick_power"": 0.4, ""kick_dir"": [-0.9566510963843196, -0.2912361180856921]}, {""move_vx"": -0.0, ""move_vy"": 0.0, ""kick_power"": 0.4, ""kick_dir"": [0.9124787001102467, 0.40912405418046766]}, {""move_vx"": 4.242640687119285, ""move_vy"": 4.242640687119285, ""kick_power"": 0.0, ""kick_dir"": null}, {""move_vx"": -0.0, ""move_vy"": 0.0, ""kick_power"": 0.9, ""kick_dir"": [-0.4355564444503268, -0.9001608654560247]}]"
482,319,default,default,0,23.469441413945148,47.525577622165585,17,B,,25.097107339531,-0.05457497189809647,0.43625590891433785,"[{""move_vx"": 6.487205686182823, ""move_vy"": -0.4076302063847271, ""kick_power"": 0.0, ""kick_dir"": null}, {""move_vx"": 0.0, ""move_vy"": 5.8, ""kick_power"": 0.0, ""kick_dir"": null}, {""move_vx"": 0.0, ""move_vy"": 0.0, ""kick_power"": 0.4, ""kick_dir"": [0.989057409396526, 0.14753002915095523]}, {""move_vx"": 5.399236975917853, ""move_vy"": 0.09077487472554774, ""kick_power"": 0.0, ""kick_dir"": null}, {""move_vx"": 5.264580670933705, ""move_vy"": -2.433965973310066, ""kick_power"": 0.0, ""kick_dir"": null}, {""move_vx"": -4.313351365237939, ""move_vy"": -4.313351365237939, ""kick_power"": 0.0, ""kick_dir"": null}, {""move_vx"": 4.242640687119285, ""move_vy"": -4.242640687119285, ""kick_power"": 0.0, ""kick_dir"": null}, {""move_vx"": 5.832864173109136, ""move_vy"": 1.4063056346541, ""kick_power"": 0.0, ""kick_dir"": null}, {""move_vx"": 0.0, ""move_vy"": 0.0, ""kick_power"": 0.0, ""kick_dir"": null}, {""move_vx"": -6.0, ""move_vy"": 0.0, ""kick_power"": 0.0, ""kick_dir"": null}, {""move_vx"": -4.242640687119285, ""move_vy"": -4.242640687119285, ""kick_power"": 0.0, ""kick_dir"": null}, {""move_vx"": -0.0, ""move_vy"": 0.0, ""kick_power"": 0.9, ""kick_dir"": [-0.9681803192528915, 0.2502535545428595]}, {""move_vx"": -6.943662942087513, ""move_vy"": 0.47659725836452893, ""kick_power"": 0.0, ""kick_dir"": null}, {""move_vx"": -5.4, ""move_vy"": 0.0, ""kick_power"": 0.0, ""kick_dir"": null}, {""move_vx"": 4.5858781329938285, ""move_vy"": -0.1944781461476774, ""kick_power"": 0.0, ""kick_dir"": null}, {""move_vx"": -0.0, ""move_vy"": 5.8, ""kick_power"": 0.0, ""kick_dir"": null}, {""move_vx"": -4.242640687119285, ""move_vy"": -4.242640687119285, ""kick_power"": 0.0, ""kick_dir"": null}, {""move_vx"": -0.0, ""move_vy"": 6.0, ""kick_power"": 0.0, ""kick_dir"": null}, {""move_vx"": -0.0, ""move_vy"": 0.0, ""kick_power"": 0.4, ""kick_dir"": [-0.9603880304464764, -0.27866581498505694]}, {""move_vx"": -0.0, ""move_vy"": 0.0, ""kick_power"": 0.4, ""kick_dir"": [0.9129236013598349, 0.4081303347019673]}, {""move_vx"": 4.242640687119285, ""move_vy"": 4.242640687119285, ""kick_power"": 0.0, ""kick_dir"": null}, {""move_vx"": -0.0, ""move_vy"": 0.0, ""kick_power"": 0.9, ""kick_dir"": [0.53726358691709, -0.8434140670196774]}]"
482,320,default,default,0,23.469441413945148,47.885577622165584,17,B,,25.096151572423683,-0.02200171416411741,0.4260856884315382,"[{""move_vx"": 6.499550081132365, ""move_vy"": 0.07647707403048656, ""kick_power"": 0.0, ""kick_dir"": null}, {""move_vx"": 5.8, ""move_vy"": 0.0, ""kick_power"": 0.0, ""kick_dir"": null}, {""move_vx"": 0.0, ""move_vy"": 0.0, ""kick_power"": 0.4, ""kick_dir"": [0.9945183749947004, 0.10456035211950361]}, {""move_vx"": 0.0, ""move_vy"": 0.0, ""kick_power"": 0.0, ""kick_dir"": null}, {""move_vx"": 5.2645806709337055, ""move_vy"": -2.433965973310066, ""kick_power"": 0.0, ""kick_dir"": null}, {""move_vx"": -4.313351365237939, ""move_vy"": -4.313351365237939, ""kick_power"": 0.0, ""kick_dir"": null}, {""move_vx"": 4.242640687119285, ""move_vy"": -4.242640687119285, ""kick_power"": 0.0, ""kick_dir"": null}, {""move_vx"": -4.242640687119285, ""move_vy"": -4.242640687119285, ""kick_power"": 0.0, ""kick_dir"": null}, {""move_vx"": 0.0, ""move_vy"": 0.0, ""kick_power"": 0.0, ""kick_dir"": null}, {""move_vx"": -6.0, ""move_vy"": 0.0, ""kick_power"": 0.0, ""kick_dir"": null}, {""move_vx"": -4.242640687119285, ""move_vy"": -4.242640687119285, ""kick_power"": 0.0, ""kick_dir"": null}, {""move_vx"": -0.0, ""move_vy"": 0.0, ""kick_power"": 0.9, ""kick_dir"": [-0.9686594623353986, 0.24839246798889197]}, {""move_vx"": -6.943363400863214, ""move_vy"": 0.48094145543217104, ""kick_power"": 0.0, ""kick_dir"": null}, {""move_vx"": -5.4, ""move_vy"": 0.0, ""kick_power"": 0.0, ""kick_dir"": null}, {""move_vx"": 4.5858781329938285, ""move_vy"": -0.19447814614767794, ""kick_power"": 0.0, ""kick_dir"": null}, {""move_vx"": -0.0, ""move_vy"": 5.8, ""kick_power"": 0.0, ""kick_dir"": null}, {""move_vx"": -0.0, ""move_vy"": -6.0, ""kick_power"": 0.0, ""kick_dir"": null}, {""move_vx"": -0.0, ""move_vy"": 5.4, ""kick_power"": 0.0, ""kick_dir"": null}, {""move_vx"": -0.0, ""move_vy"": 0.0, ""kick_power"": 0.4, ""kick_dir"": [-0.9636698822033668, -0.2670958099207152]}, {""move_vx"": -0.0, ""move_vy"": 0.0, ""kick_power"": 0.4, ""kick_dir"": [0.9130790239875355, 0.40778250370622965]}, {""move_vx"": 4.986632728325248, ""move_vy"": -1.0693428041537845, ""kick_power"": 0.0, ""kick_dir"": null}, {""move_vx"": 5.439697406834213, ""move_vy"": 0.05737701701153553, ""kick_power"": 0.0, ""kick_dir"": null}]"
482,321,default,default,0,23.469441413945148,48.245577622165584,17,B,,25.095007533908188,-0.027278376666806343,0.41753644608433743,"[{""move_vx"": 6.48123832252513, ""move_vy"": 0.4935076561023505, ""kick_power"": 0.0, ""kick_dir"": null}, {""move_vx"": 6.957679079481886, ""move_vy"": 0.1797270901675477, ""kick_power"": 0.0, ""kick_dir"": null}, {""move_vx"": 0.0, ""move_vy"": 0.0, ""kick_power"": 0.4, ""kick_dir"": [0.9952237071964959, 0.09761894064236039]}, {""move_vx"": 0.0, ""move_vy"": 0.0, ""kick_power"": 0.0, ""kick_dir"": null}, {""move_vx"": 5.2645806709337055, ""move_vy"": -2.433965973310066, ""kick_power"": 0.0, ""kick_dir"": null}, {""move_vx"": -4.313351365237939, ""move_vy"": -4.313351365237939, ""kick_power"": 0.0, ""kick_dir"": null}, {""move_vx"": 4.242640687119285, ""move_vy"": -4.242640687119285, ""kick_power"": 0.0, ""kick_dir"": null}, {""move_vx"": -4.242640687119285, ""move_vy"": -4.242640687119285, ""kick_power"": 0.0, ""kick_dir"": null}, {""move_vx"": 4.313351365237939, ""move_vy"": -4.313351365237939, ""kick_power"": 0.0, ""kick_dir"": null}, {""move_vx"": -6.0, ""move_vy"": 0.0, ""kick_power"": 0.0, ""kick_dir"": null}, {""move_vx"": 0.0, ""move_vy"": 0.0, ""kick_power"": 0.0, ""kick_dir"": null}, {""move_vx"": -0.0, ""move_vy"": 0.0, ""kick_power"": 0.9, ""kick_dir"": [-0.9691513982626035, 0.24646610182077208]}, {""move_vx"": -6.943055568997275, ""move_vy"": 0.48536518809646545, ""kick_power"": 0.0, ""kick_dir"": null}, {""move_vx"": -5.4, ""move_vy"": 0.0, ""kick_power"": 0.0, ""kick_dir"": null}, {""move_vx"": 4.5858781329938285, ""move_vy"": -0.19447814614767844, ""kick_power"": 0.0, ""kick_dir"": null}, {""move_vx"": -0.0, ""move_vy"": 5.8, ""kick_power"": 0.0, ""kick_dir"": null}, {""move_vx"": -0.0, ""move_vy"": -6.0, ""kick_power"": 0.0, ""kick_dir"": null}, {""move_vx"": -0.0, ""move_vy"": 5.4, ""kick_power"": 0.0, ""kick_dir"": null}, {""move_vx"": -0.0, ""move_vy"": 0.0, ""kick_power"": 0.4, ""kick_dir"": [-0.9662189755668945, -0.25772215905189005]}, {""move_vx"": -0.0, ""move_vy"": 0.0, ""kick_power"": 0.4, ""kick_dir"": [0.9180610521665094, 0.39643887423975194]}, {""move_vx"": 4.986632728325248, ""move_vy"": -1.0693428041537845, ""kick_power"": 0.0, ""kick_dir"": null}, {""move_vx"": -6.10042908358276, ""move_vy"": 1.935139528865455, ""kick_power"": 0.0, ""kick_dir"": null}]"
482,322,default,default,0,23.469441413945148,48.60557762216558,17,B,,25.090746790202253,-0.02826635183000975,0.4194045778689972,"[{""move_vx"": -3.931585899624063, ""move_vy"": -2.1892081476819993, ""kick_power"": 0.0, ""kick_dir"": null}, {""move_vx"": 6.95764741928262, ""move_vy"": 0.18094858095577834, ""kick_power"": 0.0, ""kick_dir"": null}, {""move_vx"": 0.0, ""move_vy"": 0.0, ""kick_power"": 0.4, ""kick_dir"": [0.9959867887083328, 0.08949872299247401]}, {""move_vx"": 0.0, ""move_vy"": 0.0, ""kick_power"": 0.0, ""kick_dir"": null}, {""move_vx"": 5.264580670933705, ""move_vy"": -2.433965973310066, ""kick_power"": 0.0, ""kick_dir"": null}, {""move_vx"": -4.313351365237939, ""move_vy"": -4.313351365237939, ""kick_power"": 0.0, ""kick_dir"": null}, {""move_vx"": 4.242640687119285, ""move_vy"": -4.242640687119285, ""kick_power"": 0.0, ""kick_dir"": null}, {""move_vx"": 4.242640687119285, ""move_vy"": -4.242640687119285, ""kick_power"": 0.0, ""kick_dir"": null}, {""move_vx"": -6.361803129893562, ""move_vy"": 0.7426209911364495, ""kick_power"": 0.0, ""kick_dir"": null}, {""move_vx"": -6.0, ""move_vy"": 0.0, ""kick_power"": 0.0, ""kick_dir"": null}, {""move_vx"": 0.0, ""move_vy"": 0.0, ""kick_power"": 0.65, ""kick_dir"": [0.8321774888837515, 0.5545091942016012]}, {""move_vx"": -0.0, ""move_vy"": 0.0, ""kick_power"": 0.9, ""kick_dir"": [-0.9696497159879419, 0.2444982624912128]}, {""move_vx"": -6.94273913858637, ""move_vy"": 0.48987064980562633, ""kick_power"": 0.0, ""kick_dir"": null}, {""move_vx"": -5.4, ""move_vy"": 0.0, ""kick_power"": 0.0, ""kick_dir"": null}, {""move_vx"": 4.5858781329938285, ""move_vy"": -0.194478146147679, ""kick_power"": 0.0, ""kick_dir"": null}, {""move_vx"": -0.0, ""move_vy"": 5.8, ""kick_power"": 0.0, ""kick_dir"": null}, {""move_vx"": -0.0, ""move_vy"": -6.0, ""kick_power"": 0.0, ""kick_dir"": null}, {""move_vx"": -0.0, ""move_vy"": 5.4, ""kick_power"": 0.0, ""kick_dir"": null}, {""move_vx"": -0.0, ""move_vy"": 0.0, ""kick_power"": 0.4, ""kick_dir"": [-0.9688271304158949, -0.2477373979744884]}, {""move_vx"": -0.0, ""move_vy"": 0.0, ""kick_power"": 0.4, ""kick_dir"": [0.922741697689571, 0.38541878255120104]}, {""move_vx"": 4.986632728325248, ""move_vy"": -1.0693428041537838, ""kick_power"": 0.0, ""kick_dir"": null}, {""move_vx"": -0.0, ""move_vy"": 0.0, ""kick_power"": 1.0, ""kick_dir"": [-0.868976008805983, -0.49485413525044586]}]"
482,323,default,default,0,23.59545768162258,48.984975606100335,17,B,,25.09023131346521,-0.00831429826366263,0.40704287561603375,"[{""move_vx"": 6.352240181229676, ""move_vy"": 1.3780583006430382, ""kick_power"": 0.0, ""kick_dir"": null}, {""move_vx"": 6.957615107072221, ""move_vy"": 0.1821867773478584, ""kick_power"": 0.0, ""kick_dir"": null}, {""move_vx"": 3.8183766184073566, ""move_vy"": 3.8183766184073566, ""kick_power"": 0.0, ""kick_dir"": null}, {""move_vx"": 0.0, ""move_vy"": 0.0, ""kick_power"": 0.0, ""kick_dir"": null}, {""move_vx"": 5.2645806709337055, ""move_vy"": -2.433965973310066, ""kick_power"": 0.0, ""kick_dir"": null}, {""move_vx"": -4.313351365237939, ""move_vy"": -4.313351365237939, ""kick_power"": 0.0, ""kick_dir"": null}, {""move_vx"": 4.242640687119285, ""move_vy"": -4.242640687119285, ""kick_power"": 0.0, ""kick_dir"": null}, {""move_vx"": -4.242640687119285, ""move_vy"": -4.242640687119285, ""kick_power"": 0.0, ""kick_dir"": null}, {""move_vx"": -6.355628442145512, ""move_vy"": 0.7937330189623101, ""kick_power"": 0.0, ""kick_dir"": null}, {""move_vx"": -6.0, ""move_vy"": 0.0, ""kick_power"": 0.0, ""kick_dir"": null}, {""move_vx"": 0.0, ""move_vy"": 0.0, ""kick_power"": 0.65, ""kick_dir"": [0.8176542962266395, 0.5757093588932136]}, {""move_vx"": -0.0, ""move_vy"": 0.0, ""kick_power"": 0.9, ""kick_dir"": [-0.9701534930301542, 0.24249159163529588]}, {""move_vx"": -6.942413787342476, ""move_vy"": 0.4944601149911943, ""kick_power"": 0.0, ""kick_dir"": null}, {""move_vx"": -5.4, ""move_vy"": 0.0, ""kick_power"": 0.0, ""kick_dir"": null}, {""move_vx"": -0.0, ""move_vy"": 0.0, ""kick_power"": 0.0, ""kick_dir"": null}, {""move_vx"": -0.0, ""move_vy"": 5.8, ""kick_power"": 0.0, ""kick_dir"": null}, {""move_vx"": -0.0, ""move_vy"": -6.0, ""kick_power"": 0.0, ""kick_dir"": null}, {""move_vx"": -0.0, ""move_vy"": 5.4, ""kick_power"": 0.0, ""kick_dir"": null}, {""move_vx"": -0.0, ""move_vy"": 0.0, ""kick_power"": 0.4, ""kick_dir"": [-0.971148494563699, -0.2384752292382691]}, {""move_vx"": -0.0, ""move_vy"": 0.0, ""kick_power"": 0.4, ""kick_dir"": [0.9271405763068618, 0.37471353377671085]}, {""move_vx"": 4.986632728325248, ""move_vy"": -1.0693428041537838, ""kick_power"": 0.0, ""kick_dir"": null}, {""move_vx"": -0.0, ""move_vy"": 0.0, ""kick_power"": 1.0, ""kick_dir"": [-0.868976008805983, -0.49485413525044586]}]"
482,324,default,default,0,23.089346750141857,49.29423313828403,17,B,,25.09280804733291,-0.07448276867852255,0.45079122049365483,"[{""move_vx"": 5.0, ""move_vy"": 0.0, ""kick_power"": 0.0, ""kick_dir"": null}, {""move_vx"": 6.9575821248309415, ""move_vy"": 0.1834420241737485, ""kick_power"": 0.0, ""kick_dir"": null}, {""move_vx"": 0.0, ""move_vy"": 0.0, ""kick_power"": 0.4, ""kick_dir"": [0.9999198619068872, 0.012649198197410857]}, {""move_vx"": 0.0, ""move_vy"": 0.0, ""kick_power"": 0.0, ""kick_dir"": null}, {""move_vx"": 5.2645806709337055, ""move_vy"": -2.433965973310066, ""kick_power"": 0.0, ""kick_dir"": null}, {""move_vx"": -4.313351365237939, ""move_vy"": -4.313351365237939, ""kick_power"": 0.0, ""kick_dir"": null}, {""move_vx"": 4.242640687119285, ""move_vy"": -4.242640687119285, ""kick_power"": 0.0, ""kick_dir"": null}, {""move_vx"": 0.0, ""move_vy"": -6.0, ""kick_power"": 0.0, ""kick_dir"": null}, {""move_vx"": -6.3482999395038195, ""move_vy"": 0.8503604401051362, ""kick_power"": 0.0, ""kick_dir"": null}, {""move_vx"": -6.0, ""move_vy"": 0.0, ""kick_power"": 0.0, ""kick_dir"": null}, {""move_vx"": 0.0, ""move_vy"": 0.0, ""kick_power"": 0.65, ""kick_dir"": [0.8015133953920212, 0.5979766596672011]}, {""move_vx"": -0.0, ""move_vy"": 0.0, ""kick_power"": 0.9, ""kick_dir"": [-0.9706619069400175, 0.2404484028722197]}, {""move_vx"": -6.942079177781336, ""move_vy"": 0.49913594281999923, ""kick_power"": 0.0, ""kick_dir"": null}, {""move_vx"": -5.4, ""move_vy"": 0.0, ""kick_power"": 0.0, ""kick_dir"": null}, {""move_vx"": -0.0, ""move_vy"": 0.0, ""kick_power"": 0.0, ""kick_dir"": null}, {""move_vx"": -0.0, ""move_vy"": 5.8, ""kick_power"": 0.0, ""kick_dir"": null}, {""move_vx"": -0.0, ""move_vy"": -6.0, ""kick_power"": 0.0, ""kick_dir"": null}, {""move_vx"": -4.242640687119285, ""move_vy"": 4.242640687119285, ""kick_power"": 0.0, ""kick_dir"": null}, {""move_vx"": -0.0, ""move_vy"": 0.0, ""kick_power"": 0.4, ""kick_dir"": [-0.973223076101452, -0.22986231446738242]}, {""move_vx"": -0.0, ""move_vy"": 0.0, ""kick_power"": 0.4, ""kick_dir"": [0.9312759934038908, 0.3643142966169227]}, {""move_vx"": 4.762974348170295, ""move_vy"": 4.123599805833704, ""kick_power"": 0.0, ""kick_dir"": null}, {""move_vx"": -0.0, ""move_vy"": 0.0, ""kick_power"": 1.0, ""kick_dir"": [-0.868976008805983, -0.49485413525044586]}]"
482,325,default,default,0,23.035781732509385,49.618167859117484,17,B,,25.091784428146365,-0.02853916020582379,0.4187276221237918,"[{""move_vx"": 5.650970245681053, ""move_vy"": 2.016565218986833, ""kick_power"": 0.0, ""kick_dir"": null}, {""move_vx"": 6.9575484539124375, ""move_vy"": 0.18471467581289985, ""kick_power"": 0.0, ""kick_dir"": null}, {""move_vx"": 0.0, ""move_vy"": 0.0, ""kick_power"": 0.4, ""kick_dir"": [0.9994713121750932, 0.0325092396347095]}, {""move_vx"": 0.0, ""move_vy"": 0.0, ""kick_power"": 0.0, ""kick_dir"": null}, {""move_vx"": 5.264580670933705, ""move_vy"": -2.4339659733100656, ""kick_power"": 0.0, ""kick_dir"": null}, {""move_vx"": -4.313351365237939, ""move_vy"": -4.313351365237939, ""kick_power"": 0.0, ""kick_dir"": null}, {""move_vx"": 4.242640687119285, ""move_vy"": -4.242640687119285, ""kick_power"": 0.0, ""kick_dir"": null}, {""move_vx"": -5.094570376984878, ""move_vy"": -0.2352714898753223, ""kick_power"": 0.0, ""kick_dir"": null}, {""move_vx"": -6.343591466940001, ""move_vy"": 0.8848007123448842, ""kick_power"": 0.0, ""kick_dir"": null}, {""move_vx"": 6.0, ""move_vy"": 0.0, ""kick_power"": 0.0, ""kick_dir"": null}, {""move_vx"": -4.242640687119285, ""move_vy"": -4.242640687119285, ""kick_power"": 0.0, ""kick_dir"": null}, {""move_vx"": -0.0, ""move_vy"": 0.0, ""kick_power"": 0.9, ""kick_dir"": [-0.9711743475281925, 0.23837021354887117]}, {""move_vx"": -6.941734956357177, ""move_vy"": 0.5039005811554778, ""kick_power"": 0.0, ""kick_dir"": null}, {""move_vx"": -5.4, ""move_vy"": 0.0, ""kick_power"": 0.0, ""kick_dir"": null}, {""move_vx"": -0.0, ""move_vy"": 0.0, ""kick_power"": 0.0, ""kick_dir"": null}, {""move_vx"": -0.0, ""move_vy"": 5.8, ""kick_power"": 0.0, ""kick_dir"": null}, {""move_vx"": -0.0, ""move_vy"": -6.0, ""kick_power"": 0.0, ""kick_dir"": null}, {""move_vx"": -4.242640687119285, ""move_vy"": 4.242640687119285, ""kick_power"": 0.0, ""kick_dir"": null}, {""move_vx"": -0.0, ""move_vy"": 0.0, ""kick_power"": 0.4, ""kick_dir"": [-0.9750842313080902, -0.22183459362639393]}, {""move_vx"": -0.0, ""move_vy"": 0.0, ""kick_power"": 0.4, ""kick_dir"": [0.9283132622812048, 0.3717988331773922]}, {""move_vx"": 4.9765587032761935, ""move_vy"": -1.1152862739431373, ""kick_power"": 0.0, ""kick_dir"": null}, {""move_vx"": -0.0, ""move_vy"": 0.0, ""kick_power"": 1.0, ""kick_dir"": [-0.868976008805983, -0.49485413525044586]}]"
482,326,default,default,0,22.77279015550611,50.02959988402608,17,B,,25.092121884024554,-0.049609764955180255,0.4271001987872435,"[{""move_vx"": 6.040246426254749, ""move_vy"": 2.4011295487992195, ""kick_power"": 0.0, ""kick_dir"": null}, {""move_vx"": -4.22616422918241, ""move_vy"": 5.530021329794221, ""kick_power"": 0.0, ""kick_dir"": null}, {""move_vx"": 0.0, ""move_vy"": 0.0, ""kick_power"": 0.4, ""kick_dir"": [0.9997108221849644, 0.02404246556520475]}, {""move_vx"": 0.0, ""move_vy"": 0.0, ""kick_power"": 0.0, ""kick_dir"": null}, {""move_vx"": 5.2645806709337055, ""move_vy"": -2.433965973310066, ""kick_power"": 0.0, ""kick_dir"": null}, {""move_vx"": -4.313351365237939, ""move_vy"": -4.313351365237939, ""kick_power"": 0.0, ""kick_dir"": null}, {""move_vx"": 4.242640687119285, ""move_vy"": -4.242640687119285, ""kick_power"": 0.0, ""kick_dir"": null}, {""move_vx"": 0.0, ""move_vy"": -6.0, ""kick_power"": 0.0, ""kick_dir"": null}, {""move_vx"": -6.337092967602249, ""move_vy"": 0.9302030530836369, ""kick_power"": 0.0, ""kick_dir"": null}, {""move_vx"": -6.0, ""move_vy"": 0.0, ""kick_power"": 0.0, ""kick_dir"": null}, {""move_vx"": -4.242640687119285, ""move_vy"": -4.242640687119285, ""kick_power"": 0.0, ""kick_dir"": null}, {""move_vx"": -0.0, ""move_vy"": 0.0, ""kick_power"": 0.9, ""kick_dir"": [-0.9716893695408003, 0.23626201789872422]}, {""move_vx"": -6.941380752539571, ""move_vy"": 0.5087565707420211, ""kick_power"": 0.0, ""kick_dir"": null}, {""move_vx"": -5.4, ""move_vy"": 0.0, ""kick_power"": 0.0, ""kick_dir"": null}, {""move_vx"": 2.7147540171210136, ""move_vy"": 6.473832761705027, ""kick_power"": 0.0, ""kick_dir"": null}, {""move_vx"": -0.0, ""move_vy"": 5.8, ""kick_power"": 0.0, ""kick_dir"": null}, {""move_vx"": -0.0, ""move_vy"": -6.0, ""kick_power"": 0.0, ""kick_dir"": null}, {""move_vx"": -4.242640687119285, ""move_vy"": 4.242640687119285, ""kick_power"": 0.0, ""kick_dir"": null}, {""move_vx"": -0.0, ""move_vy"": 0.0, ""kick_power"": 0.4, ""kick_dir"": [-0.9760983861402002, -0.2173287589212385]}, {""move_vx"": -0.0, ""move_vy"": 0.0, ""kick_power"": 0.4, ""kick_dir"": [0.9322960321331538, 0.36169599883086706]}, {""move_vx"": 4.9765587032761935, ""move_vy"": -1.1152862739431375, ""kick_power"": 0.0, ""kick_dir"": null}, {""move_vx"": -4.525483399593904, ""move_vy"": 4.525483399593904, ""kick_power"": 0.0, ""kick_dir"": null}]"
482,327,default,default,0,22.830933052299876,50.31902763966123,17,B,,25.089573755891866,-0.017543093660303297,0.41038929941232005,"[{""move_vx"": 5.0, ""move_vy"": 0.0, ""kick_power"": 0.0, ""kick_dir"": null}, {""move_vx"": -4.143461215929523, ""move_vy"": 5.592256177258677, ""kick_power"": 0.0, ""kick_dir"": null}, {""move_vx"": 0.0, ""move_vy"": 0.0, ""kick_power"": 0.4, ""kick_dir"": [0.9998260901988862, 0.018642684586015982]}, {""move_vx"": 0.0, ""move_vy"": 0.0, ""kick_power"": 0.0, ""kick_dir"": null}, {""move_vx"": 5.2645806709337055, ""move_vy"": -2.433965973310066, ""kick_power"": 0.0, ""kick_dir"": null}, {""move_vx"": -4.313351365237939, ""move_vy"": -4.313351365237939, ""kick_power"": 0.0, ""kick_dir"": null}, {""move_vx"": 4.242640687119285, ""move_vy"": -4.242640687119285, ""kick_power"": 0.0, ""kick_dir"": null}, {""move_vx"": 0.0, ""move_vy"": -6.0, ""kick_power"": 0.0, ""kick_dir"": null}, {""move_vx"": -6.329008586744712, ""move_vy"": 0.9837048891368327, ""kick_power"": 0.0, ""kick_dir"": null}, {""move_vx"": -6.0, ""move_vy"": 0.0, ""kick_power"": 0.0, ""kick_dir"": null}, {""move_vx"": 0.0, ""move_vy"": 0.0, ""kick_power"": 0.65, ""kick_dir"": [0.7265615020573223, 0.6871012939977125]}, {""move_vx"": -0.0, ""move_vy"": 0.0, ""kick_power"": 0.9, ""kick_dir"": [-0.9722057295513885, 0.23412815162594233]}, {""move_vx"": -6.941016177828019, ""move_vy"": 0.5137065496270514, ""kick_power"": 0.0, ""kick_dir"": null}, {""move_vx"": -5.4, ""move_vy"": 0.0, ""kick_power"": 0.0, ""kick_dir"": null}, {""move_vx"": 1.6448801781536848, ""move_vy"": 6.824570990144149, ""kick_power"": 0.0, ""kick_dir"": null}, {""move_vx"": -0.0, ""move_vy"": 5.8, ""kick_power"": 0.0, ""kick_dir"": null}, {""move_vx"": -0.0, ""move_vy"": -6.0, ""kick_power"": 0.0, ""kick_dir"": null}, {""move_vx"": -4.242640687119285, ""move_vy"": 4.242640687119285, ""kick_power"": 0.0, ""kick_dir"": null}, {""move_vx"": -0.0, ""move_vy"": 0.0, ""kick_power"": 0.4, ""kick_dir"": [-0.9769098075455139, -0.2136517745558311]}, {""move_vx"": -7.6113310926551625, ""move_vy"": -3.360065326445422, ""kick_power"": 0.0, ""kick_dir"": null}, {""move_vx"": 3.031454183716614, ""move_vy"": 5.522706359388216, ""kick_power"": 0.0, ""kick_dir"": null}, {""move_vx"": -0.0, ""move_vy"": 0.0, ""kick_power"": 1.0, ""kick_dir"": [-0.8586469194383999, -0.5125674455108097]}]"
482,328,default,default,0,23.45723200393535,50.37593042348399,17,B,,25.083572523172137,0.045597911299685434,0.38285135803901343,"[{""move_vx"": 5.0, ""move_vy"": 0.0, ""kick_power"": 0.0, ""kick_dir"": null}, {""move_vx"": 0.0, ""move_vy"": 5.8, ""kick_power"": 0.0, ""kick_dir"": null}, {""move_vx"": 0.0, ""move_vy"": 0.0, ""kick_power"": 0.4, ""kick_dir"": [0.9998821722620709, 0.015342515417542526]}, {""move_vx"": 0.0, ""move_vy"": 0.0, ""kick_power"": 0.0, ""kick_dir"": null}, {""move_vx"": 5.264580670933705, ""move_vy"": -2.4339659733100656, ""kick_power"": 0.0, ""kick_dir"": null}, {""move_vx"": -4.313351365237939, ""move_vy"": -4.313351365237939, ""kick_power"": 0.0, ""kick_dir"": null}, {""move_vx"": 4.242640687119285, ""move_vy"": -4.242640687119285, ""kick_power"": 0.0, ""kick_dir"": null}, {""move_vx"": 0.0, ""move_vy"": -6.0, ""kick_power"": 0.0, ""kick_dir"": null}, {""move_vx"": -6.3221495959497265, ""move_vy"": 1.0268639084283322, ""kick_power"": 0.0, ""kick_dir"": null}, {""move_vx"": -6.0, ""move_vy"": 0.0, ""kick_power"": 0.0, ""kick_dir"": null}, {""move_vx"": -4.242640687119285, ""move_vy"": -4.242640687119285, ""kick_power"": 0.0, ""kick_dir"": null}, {""move_vx"": -0.0, ""move_vy"": 0.0, ""kick_power"": 0.9, ""kick_dir"": [-0.9727249814432257, 0.23196138128771174]}, {""move_vx"": -6.940640824699393, ""move_vy"": 0.5187532578366327, ""kick_power"": 0.0, ""kick_dir"": null}, {""move_vx"": -5.4, ""move_vy"": 0.0, ""kick_power"": 0.0, ""kick_dir"": null}, {""move_vx"": 1.7030162884709454, ""move_vy"": 6.8102962873286685, ""kick_power"": 0.0, ""kick_dir"": null}, {""move_vx"": -0.0, ""move_vy"": 5.8, ""kick_power"": 0.0, ""kick_dir"": null}, {""move_vx"": -0.0, ""move_vy"": -6.0, ""kick_power"": 0.0, ""kick_dir"": null}, {""move_vx"": -4.242640687119285, ""move_vy"": 4.242640687119285, ""kick_power"": 0.0, ""kick_dir"": null}, {""move_vx"": -0.0, ""move_vy"": 0.0, ""kick_power"": 0.4, ""kick_dir"": [-0.9783896334126981, -0.20676939526971833]}, {""move_vx"": -7.611331092655154, ""move_vy"": -3.3600653264454405, ""kick_power"": 0.0, ""kick_dir"": null}, {""move_vx"": -0.0, ""move_vy"": 0.0, ""kick_power"": 0.7, ""kick_dir"": [-0.9281688923627495, -0.37215912748113544]}, {""move_vx"": 6.670715756067959, ""move_vy"": 0.812373868207664, ""kick_power"": 0.0, ""kick_dir"": null}]"
482,329,default,default,0,22.34408833078986,50.104531121138166,17,B,,25.0927691726582,-0.0992761748025763,0.49979035162041224,"[{""move_vx"": 5.0, ""move_vy"": 0.0, ""kick_power"": 0.0, ""kick_dir"": null}, {""move_vx"": 6.957555344238279, ""move_vy"": 0.1844549588961057, ""kick_power"": 0.0, ""kick_dir"": null}, {""move_vx"": 0.0, ""move_vy"": 0.0, ""kick_power"": 0.4, ""kick_dir"": [0.9998639529906844, 0.01648717825468868]}, {""move_vx"": 0.0, ""move_vy"": 0.0, ""kick_power"": 0.0, ""kick_dir"": null}, {""move_vx"": 5.2645806709337055, ""move_vy"": -2.4339659733100656, ""kick_power"": 0.0, ""kick_dir"": null}, {""move_vx"": -4.313351365237939, ""move_vy"": -4.313351365237939, ""kick_power"": 0.0, ""kick_dir"": null}, {""move_vx"": 0.0, ""move_vy"": 0.0, ""kick_power"": 0.9, ""kick_dir"": [-0.8210959232717971, 0.5707901432163958]}, {""move_vx"": 0.0, ""move_vy"": -6.0, ""kick_power"": 0.0, ""kick_dir"": null}, {""move_vx"": -6.318295144831271, ""move_vy"": 1.0503196955220735, ""kick_power"": 0.0, ""kick_dir"": null}, {""move_vx"": -6.0, ""move_vy"": 0.0, ""kick_power"": 0.0, ""kick_dir"": null}, {""move_vx"": -4.242640687119285, ""move_vy"": -4.242640687119285, ""kick_power"": 0.0, ""kick_dir"": null}, {""move_vx"": -0.0, ""move_vy"": 0.0, ""kick_power"": 0.9, ""kick_dir"": [-0.9732413562508476, 0.2297851918467465]}, {""move_vx"": -6.9402542654830155, ""move_vy"": 0.5238995423216353, ""kick_power"": 0.0, ""kick_dir"": null}, {""move_vx"": -5.4, ""move_vy"": 0.0, ""kick_power"": 0.0, ""kick_dir"": null}, {""move_vx"": -0.0, ""move_vy"": 0.0, ""kick_power"": 0.6, ""kick_dir"": [-0.9034356436271169, -0.4287236366250351]}, {""move_vx"": -0.0, ""move_vy"": 5.8, ""kick_power"": 0.0, ""kick_dir"": null}, {""move_vx"": 6.0, ""move_vy"": 0.0, ""kick_power"": 0.0, ""kick_dir"": null}, {""move_vx"": -4.242640687119285, ""move_vy"": 4.242640687119285, ""kick_power"": 0.0, ""kick_dir"": null}, {""move_vx"": -0.0, ""move_vy"": 0.0, ""kick_power"": 0.4, ""kick_dir"": [-0.979105071565729, -0.20335466629868398]}, {""move_vx"": -7.611331092655168, ""move_vy"": -3.3600653264454112, ""kick_power"": 0.0, ""kick_dir"": null}, {""move_vx"": -0.0, ""move_vy"": 0.0, ""kick_power"": 0.7, ""kick_dir"": [-0.9281688923627495, -0.37215912748113544]}, {""move_vx"": -0.0, ""move_vy"": 0.0, ""kick_power"": 1.0, ""kick_dir"": [-0.8566377071647675, -0.5159183630996296]}]"
482,330,default,default,0,22.191073183833556,50.60462183701804,17,B,,25.09055038745915,-0.03459610035840323,0.41244519505285543,"[{""move_vx"": 5.0, ""move_vy"": 0.0, ""kick_power"": 0.0, ""kick_dir"": null}, {""move_vx"": -4.1012193308819755, ""move_vy"": 4.1012193308819755, ""kick_power"": 0.0, ""kick_dir"": null}, {""move_vx"": 0.0, ""move_vy"": 0.0, ""kick_power"": 0.4, ""kick_dir"": [0.9998574869867531, 0.016875174947305498]}, {""move_vx"": 0.0, ""move_vy"": 0.0, ""kick_power"": 0.0, ""kick_dir"": null}, {""move_vx"": -7.47944383001188, ""move_vy"": 0.9536875765664635, ""kick_power"": 0.0, ""kick_dir"": null}, {""move_vx"": -4.313351365237939, ""move_vy"": -4.313351365237939, ""kick_power"": 0.0, ""kick_dir"": null}, {""move_vx"": 0.0, ""move_vy"": 0.0, ""kick_power"": 0.0, ""kick_dir"": null}, {""move_vx"": 0.0, ""move_vy"": -6.0, ""kick_power"": 0.0, ""kick_dir"": null}, {""move_vx"": -6.328880591763438, ""move_vy"": 0.98452803677706, ""kick_power"": 0.0, ""kick_dir"": null}, {""move_vx"": -6.0, ""move_vy"": 0.0, ""kick_power"": 0.0, ""kick_dir"": null}, {""move_vx"": -4.242640687119285, ""move_vy"": -4.242640687119285, ""kick_power"": 0.0, ""kick_dir"": null}, {""move_vx"": -0.0, ""move_vy"": 0.0, ""kick_power"": 0.9, ""kick_dir"": [-0.9737505073563841, 0.22761792835517483]}, {""move_vx"": -6.939856051157596, ""move_vy"": 0.5291483621927656, ""kick_power"": 0.0, ""kick_dir"": null}, {""move_vx"": -5.4, ""move_vy"": 0.0, ""kick_power"": 0.0, ""kick_dir"": null}, {""move_vx"": -0.5209250095579719, ""move_vy"": 7.000645479840914, ""kick_power"": 0.0, ""kick_dir"": null}, {""move_vx"": -0.0, ""move_vy"": 5.8, ""kick_power"": 0.0, ""kick_dir"": null}, {""move_vx"": -6.0, ""move_vy"": 0.0, ""kick_power"": 0.0, ""kick_dir"": null}, {""move_vx"": -5.234019753044686, ""move_vy"": 1.32854703519975, ""kick_power"": 0.0, ""kick_dir"": null}, {""move_vx"": -0.0, ""move_vy"": 0.0, ""kick_power"": 0.4, ""kick_dir"": [-0.9800011999853819, -0.19899123972568794]}, {""move_vx"": -7.611331092655155, ""move_vy"": -3.360065326445438, ""kick_power"": 0.0, ""kick_dir"": null}, {""move_vx"": -0.0, ""move_vy"": 0.0, ""kick_power"": 0.7, ""kick_dir"": [-0.9281688923627495, -0.37215912748113544]}, {""move_vx"": -3.6565742755480293, ""move_vy"": -4.857557469284374, ""kick_power"": 0.0, ""kick_dir"": null}]"
482,331,default,default,0,22.1667722398137,50.971747704922294,17,B,,25.08779098926115,-0.032853720926778636,0.41027268632955954,"[{""move_vx"": 5.0, ""move_vy"": 0.0, ""kick_power"": 0.0, ""kick_dir"": null}, {""move_vx"": -4.507051935083042, ""move_vy"": 6.044673924577256, ""kick_power"": 0.0, ""kick_dir"": null}, {""move_vx"": 0.0, ""move_vy"": 0.0, ""kick_power"": 0.4, ""kick_dir"": [0.9999938407607182, 0.0034748071027538964]}, {""move_vx"": 0.0, ""move_vy"": 0.0, ""kick_power"": 0.0, ""kick_dir"": null}, {""move_vx"": 5.2700705783689346, ""move_vy"": -2.422056171728916, ""kick_power"": 0.0, ""kick_dir"": null}, {""move_vx"": -4.313351365237939, ""move_vy"": -4.313351365237939, ""kick_power"": 0.0, ""kick_dir"": null}, {""move_vx"": 4.242640687119285, ""move_vy"": -4.242640687119285, ""kick_power"": 0.0, ""kick_dir"": null}, {""move_vx"": 0.0, ""move_vy"": -6.0, ""kick_power"": 0.0, ""kick_dir"": null}, {""move_vx"": 0.0, ""move_vy"": 0.0, ""kick_power"": 0.0, ""kick_dir"": null}, {""move_vx"": -6.0, ""move_vy"": 0.0, ""kick_power"": 0.0, ""kick_dir"": null}, {""move_vx"": -4.242640687119285, ""move_vy"": -4.242640687119285, ""kick_power"": 0.0, ""kick_dir"": null}, {""move_vx"": -0.0, ""move_vy"": 0.0, ""kick_power"": 0.9, ""kick_dir"": [-0.9742522640421661, 0.2254606348584695]}, {""move_vx"": -4.1012193308819755, ""move_vy"": 4.1012193308819755, ""kick_power"": 0.0, ""kick_dir"": null}, {""move_vx"": -5.4, ""move_vy"": 0.0, ""kick_power"": 0.0, ""kick_dir"": null}, {""move_vx"": -0.7113398179266939, ""move_vy"": 6.983866813122371, ""kick_power"": 0.0, ""kick_dir"": null}, {""move_vx"": -0.0, ""move_vy"": 5.8, ""kick_power"": 0.0, ""kick_dir"": null}, {""move_vx"": 6.0, ""move_vy"": 0.0, ""kick_power"": 0.0, ""kick_dir"": null}, {""move_vx"": -4.242640687119285, ""move_vy"": 4.242640687119285, ""kick_power"": 0.0, ""kick_dir"": null}, {""move_vx"": -0.0, ""move_vy"": 0.0, ""kick_power"": 0.4, ""kick_dir"": [-0.9811378683287952, -0.19330895674440185]}, {""move_vx"": -7.611331092655166, ""move_vy"": -3.3600653264454152, ""kick_power"": 0.0, ""kick_dir"": null}, {""move_vx"": -0.0, ""move_vy"": 0.0, ""kick_power"": 0.7, ""kick_dir"": [-0.9281688923627495, -0.37215912748113544]}, {""move_vx"": 4.525483399593904, ""move_vy"": -4.525483399593904, ""kick_power"": 0.0, ""kick_dir"": null}]"
482,332,default,default,0,21.907615825115474,51.16487368331068,17,B,,25.08752450503147,-0.05066144709470523,0.4349235233725432,"[{""move_vx"": 5.0, ""move_vy"": 0.0, ""kick_power"": 0.0, ""kick_dir"": null}, {""move_vx"": 0.0, ""move_vy"": 0.0, ""kick_power"": 0.4, ""kick_dir"": [-0.9998898508551236, 0.014833565576253656]}, {""move_vx"": 0.0, ""move_vy"": 0.0, ""kick_power"": 0.4, ""kick_dir"": [0.9998898508551236, -0.014833565576253656]}, {""move_vx"": -2.1597106141697413, ""move_vy"": 4.65323006771023, ""kick_power"": 0.0, ""kick_dir"": null}, {""move_vx"": 5.270070578368934, ""move_vy"": -2.4220561717289155, ""kick_power"": 0.0, ""kick_dir"": null}, {""move_vx"": -4.313351365237939, ""move_vy"": -4.313351365237939, ""kick_power"": 0.0, ""kick_dir"": null}, {""move_vx"": 4.242640687119285, ""move_vy"": -4.242640687119285, ""kick_power"": 0.0, ""kick_dir"": null}, {""move_vx"": 0.0, ""move_vy"": -6.0, ""kick_power"": 0.0, ""kick_dir"": null}, {""move_vx"": 0.0, ""move_vy"": 0.0, ""kick_power"": 0.0, ""kick_dir"": null}, {""move_vx"": -6.0, ""move_vy"": 0.0, ""kick_power"": 0.0, ""kick_dir"": null}, {""move_vx"": -4.242640687119285, ""move_vy"": -4.242640687119285, ""kick_power"": 0.0, ""kick_dir"": null}, {""move_vx"": -0.0, ""move_vy"": 0.0, ""kick_power"": 0.9, ""kick_dir"": [-0.9747584383951001, 0.22326208503986691]}, {""move_vx"": -6.939197299623518, ""move_vy"": 0.5377181760901152, ""kick_power"": 0.0, ""kick_dir"": null}, {""move_vx"": -5.4, ""move_vy"": 0.0, ""kick_power"": 0.0, ""kick_dir"": null}, {""move_vx"": -0.7297028115047636, ""move_vy"": 6.981972057154199, ""kick_power"": 0.0, ""kick_dir"": null}, {""move_vx"": -0.0, ""move_vy"": 5.8, ""kick_power"": 0.0, ""kick_dir"": null}, {""move_vx"": -6.0, ""move_vy"": 0.0, ""kick_power"": 0.0, ""kick_dir"": null}, {""move_vx"": -4.242640687119285, ""move_vy"": 4.242640687119285, ""kick_power"": 0.0, ""kick_dir"": null}, {""move_vx"": -0.0, ""move_vy"": 0.0, ""kick_power"": 0.4, ""kick_dir"": [-0.9817877816510158, -0.18998058710131163]}, {""move_vx"": -7.611331092655138, ""move_vy"": -3.360065326445477, ""kick_power"": 0.0, ""kick_dir"": null}, {""move_vx"": -0.0, ""move_vy"": 0.0, ""kick_power"": 0.7, ""kick_dir"": [-0.9281688923627495, -0.37215912748113544]}, {""move_vx"": -3.2002912963283863, ""move_vy"": 5.169577895596968, ""kick_power"": 0.0, ""kick_dir"": null}]"
482,333,default,default,0,21.64120715525557,51.378533709767666,17,B,,25.086970883891993,-0.05292567218850681,0.4383883878573556,"[{""move_vx"": 5.0, ""move_vy"": 0.0, ""kick_power"": 0.0, ""kick_dir"": null}, {""move_vx"": 0.0, ""move_vy"": 0.0, ""kick_power"": 0.4, ""kick_dir"": [-0.9998799189394985, 0.015488684726629058]}, {""move_vx"": 0.0, ""move_vy"": 0.0, ""kick_power"": 0.4, ""kick_dir"": [0.9998799189394985, -0.015488684726629058]}, {""move_vx"": -2.2098092413871355, ""move_vy"": -4.629648271378724, ""kick_power"": 0.0, ""kick_dir"": null}, {""move_vx"": 5.270070578368933, ""move_vy"": -2.4220561717289155, ""kick_power"": 0.0, ""kick_dir"": null}, {""move_vx"": -4.313351365237939, ""move_vy"": -4.313351365237939, ""kick_power"": 0.0, ""kick_dir"": null}, {""move_vx"": 4.242640687119285, ""move_vy"": -4.242640687119285, ""kick_power"": 0.0, ""kick_dir"": null}, {""move_vx"": 0.0, ""move_vy"": -6.0, ""kick_power"": 0.0, ""kick_dir"": null}, {""move_vx"": 0.0, ""move_vy"": 0.0, ""kick_power"": 0.0, ""kick_dir"": null}, {""move_vx"": -6.0, ""move_vy"": 0.0, ""kick_power"": 0.0, ""kick_dir"": null}, {""move_vx"": -4.242640687119285, ""move_vy"": -4.242640687119285, ""kick_power"": 0.0, ""kick_dir"": null}, {""move_vx"": -0.0, ""move_vy"": 0.0, ""kick_power"": 0.9, ""kick_dir"": [-0.9752627938109085, 0.22104853499583893]}, {""move_vx"": -4.1012193308819755, ""move_vy"": 4.1012193308819755, ""kick_power"": 0.0, ""kick_dir"": null}, {""move_vx"": -5.4, ""move_vy"": 0.0, ""kick_power"": 0.0, ""kick_dir"": null}, {""move_vx"": -1.3541581204055102, ""move_vy"": 6.88815329278754, ""kick_power"": 0.0, ""kick_dir"": null}, {""move_vx"": -0.0, ""move_vy"": 5.8, ""kick_power"": 0.0, ""kick_dir"": null}, {""move_vx"": 6.0, ""move_vy"": 0.0, ""kick_power"": 0.0, ""kick_dir"": null}, {""move_vx"": -4.242640687119285, ""move_vy"": 4.242640687119285, ""kick_power"": 0.0, ""kick_dir"": null}, {""move_vx"": -0.0, ""move_vy"": 0.0, ""kick_power"": 0.4, ""kick_dir"": [-0.9828140131854701, -0.18459818741385187]}, {""move_vx"": -0.0, ""move_vy"": 0.0, ""kick_power"": 0.4, ""kick_dir"": [0.9283541054177946, 0.37169686917300776]}, {""move_vx"": -0.0, ""move_vy"": 0.0, ""kick_power"": 0.7, ""kick_dir"": [-0.9281688923627495, -0.37215912748113544]}, {""move_vx"": -3.2303179163485876, ""move_vy"": 5.150868485927137, ""kick_power"": 0.0, ""kick_dir"": null}]"
482,334,default,default,0,21.25172463224264,51.01717207447731,17,B,,25.09107314749404,-0.032453387008214346,0.4673642090795888,"[{""move_vx"": 5.0, ""move_vy"": 0.0, ""kick_power"": 0.0, ""kick_dir"": null}, {""move_vx"": 0.0, ""move_vy"": 0.0, ""kick_power"": 0.4, ""kick_dir"": [-0.9998574359465453, 0.0168778686235567]}, {""move_vx"": 0.0, ""move_vy"": 0.0, ""kick_power"": 0.4, ""kick_dir"": [0.9998574359465453, -0.0168778686235567]}, {""move_vx"": -2.187116037976403, ""move_vy"": 4.640411989945116, ""kick_power"": 0.0, ""kick_dir"": null}, {""move_vx"": 5.270070578368933, ""move_vy"": -2.4220561717289164, ""kick_power"": 0.0, ""kick_dir"": null}, {""move_vx"": -4.313351365237939, ""move_vy"": -4.313351365237939, ""kick_power"": 0.0, ""kick_dir"": null}, {""move_vx"": 4.242640687119285, ""move_vy"": -4.242640687119285, ""kick_power"": 0.0, ""kick_dir"": null}, {""move_vx"": 0.0, ""move_vy"": -6.0, ""kick_power"": 0.0, ""kick_dir"": null}, {""move_vx"": 0.0, ""move_vy"": 0.0, ""kick_power"": 0.0, ""kick_dir"": null}, {""move_vx"": -6.0, ""move_vy"": 0.0, ""kick_power"": 0.0, ""kick_dir"": null}, {""move_vx"": -4.242640687119285, ""move_vy"": -4.242640687119285, ""kick_power"": 0.0, ""kick_dir"": null}, {""move_vx"": -0.0, ""move_vy"": 0.0, ""kick_power"": 0.9, ""kick_dir"": [-0.9757644926850041, 0.21882327711610397]}, {""move_vx"": -6.9385057916606305, ""move_vy"": 0.546568732266942, ""kick_power"": 0.0, ""kick_dir"": null}, {""move_vx"": 4.233069720534442, ""move_vy"": 1.7746043900245643, ""kick_power"": 0.0, ""kick_dir"": null}, {""move_vx"": -5.027305080433875, ""move_vy"": -1.9713456389592783, ""kick_power"": 0.0, ""kick_dir"": null}, {""move_vx"": -0.0, ""move_vy"": 5.8, ""kick_power"": 0.0, ""kick_dir"": null}, {""move_vx"": -6.0, ""move_vy"": 0.0, ""kick_power"": 0.0, ""kick_dir"": null}, {""move_vx"": -4.242640687119285, ""move_vy"": 4.242640687119285, ""kick_power"": 0.0, ""kick_dir"": null}, {""move_vx"": -0.0, ""move_vy"": 0.0, ""kick_power"": 0.4, ""kick_dir"": [-0.9833806020414358, -0.18155569088831955]}, {""move_vx"": -7.611331092655215, ""move_vy"": -3.3600653264453046, ""kick_power"": 0.0, ""kick_dir"": null}, {""move_vx"": -0.0, ""move_vy"": 0.0, ""kick_power"": 0.7, ""kick_dir"": [-0.9281688923627495, -0.37215912748113544]}, {""move_vx"": -3.255989000365477, ""move_vy"": 5.134679700769953, ""kick_power"": 0.0, ""kick_dir"": null}]"
482,335,default,default,0,21.147401865444717,51.506110106751834,17,B,,25.08730710533811,-0.044262951518796737,0.42034038949101965,"[{""move_vx"": 5.0, ""move_vy"": 0.0, ""kick_power"": 0.0, ""kick_dir"": null}, {""move_vx"": 0.0, ""move_vy"": 5.8, ""kick_power"": 0.0, ""kick_dir"": null}, {""move_vx"": 0.0, ""move_vy"": 0.0, ""kick_power"": 0.4, ""kick_dir"": [0.9998875299716418, -0.01498950525210177]}, {""move_vx"": -2.381268749750339, ""move_vy"": -4.543837490652858, ""kick_power"": 0.0, ""kick_dir"": null}, {""move_vx"": -7.335651510428135, ""move_vy"": 1.7435070741334624, ""kick_power"": 0.0, ""kick_dir"": null}, {""move_vx"": -4.313351365237939, ""move_vy"": -4.313351365237939, ""kick_power"": 0.0, ""kick_dir"": null}, {""move_vx"": 4.242640687119285, ""move_vy"": -4.242640687119285, ""kick_power"": 0.0, ""kick_dir"": null}, {""move_vx"": 0.0, ""move_vy"": -6.0, ""kick_power"": 0.0, ""kick_dir"": null}, {""move_vx"": 0.0, ""move_vy"": 0.0, ""kick_power"": 0.0, ""kick_dir"": null}, {""move_vx"": -6.0, ""move_vy"": 0.0, ""kick_power"": 0.0, ""kick_dir"": null}, {""move_vx"": -4.242640687119285, ""move_vy"": -4.242640687119285, ""kick_power"": 0.0, ""kick_dir"": null}, {""move_vx"": -0.0, ""move_vy"": 0.0, ""kick_power"": 0.9, ""kick_dir"": [-0.9762585583944849, 0.21660839995539552]}, {""move_vx"": -6.938053438903804, ""move_vy"": 0.5522811592975992, ""kick_power"": 0.0, ""kick_dir"": null}, {""move_vx"": 4.233069720534442, ""move_vy"": 1.7746043900245647, ""kick_power"": 0.0, ""kick_dir"": null}, {""move_vx"": -2.24806438689428, ""move_vy"": 6.650308753161589, ""kick_power"": 0.0, ""kick_dir"": null}, {""move_vx"": -0.0, ""move_vy"": 0.0, ""kick_power"": 0.6, ""kick_dir"": [-0.5922612300530291, -0.8057459817774403]}, {""move_vx"": 6.0, ""move_vy"": 0.0, ""kick_power"": 0.0, ""kick_dir"": null}, {""move_vx"": -4.242640687119285, ""move_vy"": 4.242640687119285, ""kick_power"": 0.0, ""kick_dir"": null}, {""move_vx"": -0.0, ""move_vy"": 0.0, ""kick_power"": 0.65, ""kick_dir"": [-0.9730738815520058, -0.2304930917643264]}, {""move_vx"": -0.0, ""move_vy"": 0.0, ""kick_power"": 0.4, ""kick_dir"": [0.9266312663682205, 0.3759712824899406]}, {""move_vx"": -0.0, ""move_vy"": 0.0, ""kick_power"": 0.7, ""kick_dir"": [-0.9281688923627495, -0.37215912748113544]}, {""move_vx"": -3.5356172185545756, ""move_vy"": 4.946292640337853, ""kick_power"": 0.0, ""kick_dir"": null}]"
482,336,default,default,0,20.75143945758558,51.12167250752059,17,B,,25.09158527920325,-0.03128242180101449,0.4739480094418844,"[{""move_vx"": 5.0, ""move_vy"": 0.0, ""kick_power"": 0.0, ""kick_dir"": null}, {""move_vx"": 0.0, ""move_vy"": 5.8, ""kick_power"": 0.0, ""kick_dir"": null}, {""move_vx"": 0.0, ""move_vy"": 0.0, ""kick_power"": 0.4, ""kick_dir"": [0.9998759329808109, -0.01574407418079013]}, {""move_vx"": -2.262857140960015, ""move_vy"": 4.603952384593727, ""kick_power"": 0.0, ""kick_dir"": null}, {""move_vx"": 5.273685194924859, ""move_vy"": -2.414175731969474, ""kick_power"": 0.0, ""kick_dir"": null}, {""move_vx"": -4.313351365237939, ""move_vy"": -4.313351365237939, ""kick_power"": 0.0, ""kick_dir"": null}, {""move_vx"": 4.242640687119285, ""move_vy"": -4.242640687119285, ""kick_power"": 0.0, ""kick_dir"": null}, {""move_vx"": 0.0, ""move_vy"": -6.0, ""kick_power"": 0.0, ""kick_dir"": null}, {""move_vx"": 0.0, ""move_vy"": 0.0, ""kick_power"": 0.0, ""kick_dir"": null}, {""move_vx"": -6.0, ""move_vy"": 0.0, ""kick_power"": 0.0, ""kick_dir"": null}, {""move_vx"": -4.242640687119285, ""move_vy"": -4.242640687119285, ""kick_power"": 0.0, ""kick_dir"": null}, {""move_vx"": -0.0, ""move_vy"": 0.0, ""kick_power"": 0.9, ""kick_dir"": [-0.976745354331095, 0.2144026225107091]}, {""move_vx"": -6.937586708981776, ""move_vy"": 0.5581134789264757, ""kick_power"": 0.0, ""kick_dir"": null}, {""move_vx"": 4.233069720534442, ""move_vy"": 1.7746043900245647, ""kick_power"": 0.0, ""kick_dir"": null}, {""move_vx"": -5.4, ""move_vy"": 0.0, ""kick_power"": 0.0, ""kick_dir"": null}, {""move_vx"": -0.0, ""move_vy"": 5.8, ""kick_power"": 0.0, ""kick_dir"": null}, {""move_vx"": -6.0, ""move_vy"": 0.0, ""kick_power"": 0.0, ""kick_dir"": null}, {""move_vx"": -4.242640687119285, ""move_vy"": 4.242640687119285, ""kick_power"": 0.0, ""kick_dir"": null}, {""move_vx"": -0.0, ""move_vy"": 0.0, ""kick_power"": 0.4, ""kick_dir"": [-0.985104742061359, -0.17195502615061]}, {""move_vx"": -0.0, ""move_vy"": 0.0, ""kick_power"": 0.4, ""kick_dir"": [0.9266312663682205, 0.3759712824899406]}, {""move_vx"": -0.0, ""move_vy"": 0.0, ""kick_power"": 0.7, ""kick_dir"": [-0.9281688923627495, -0.37215912748113544]}, {""move_vx"": -3.383682945165918, ""move_vy"": 5.051444320844614, ""kick_power"": 0.0, ""kick_dir"": null}]"
482,337,default,default,0,20.56555897822143,51.67922690442906,17,B,,25.087254890119993,-0.0591063495638522,0.42431101216491324,"[{""move_vx"": 5.0, ""move_vy"": 0.0, ""kick_power"": 0.0, ""kick_dir"": null}, {""move_vx"": 5.8, ""move_vy"": 0.0, ""kick_power"": 0.0, ""kick_dir"": null}, {""move_vx"": 0.0, ""move_vy"": 0.0, ""kick_power"": 0.4, ""kick_dir"": [0.9998770845466486, -0.01567077569219875]}, {""move_vx"": 0.0, ""move_vy"": 0.0, ""kick_power"": 0.0, ""kick_dir"": null}, {""move_vx"": -7.326621071358641, ""move_vy"": 1.7810737426405365, ""kick_power"": 0.0, ""kick_dir"": null}, {""move_vx"": -4.313351365237939, ""move_vy"": -4.313351365237939, ""kick_power"": 0.0, ""kick_dir"": null}, {""move_vx"": 4.242640687119285, ""move_vy"": -4.242640687119285, ""kick_power"": 0.0, ""kick_dir"": null}, {""move_vx"": 0.0, ""move_vy"": -6.0, ""kick_power"": 0.0, ""kick_dir"": null}, {""move_vx"": 0.0, ""move_vy"": 0.0, ""kick_power"": 0.0, ""kick_dir"": null}, {""move_vx"": -6.0, ""move_vy"": 0.0, ""kick_power"": 0.0, ""kick_dir"": null}, {""move_vx"": -4.242640687119285, ""move_vy"": -4.242640687119285, ""kick_power"": 0.0, ""kick_dir"": null}, {""move_vx"": -0.0, ""move_vy"": 0.0, ""kick_power"": 0.9, ""kick_dir"": [-0.9772271014986732, 0.21219605043586187]}, {""move_vx"": -6.937104988491996, ""move_vy"": 0.5640694803297439, ""kick_power"": 0.0, ""kick_dir"": null}, {""move_vx"": 4.233069720534442, ""move_vy"": 1.7746043900245652, ""kick_power"": 0.0, ""kick_dir"": null}, {""move_vx"": -2.4715976286840498, ""move_vy"": 6.570510266477284, ""kick_power"": 0.0, ""kick_dir"": null}, {""move_vx"": -0.0, ""move_vy"": 0.0, ""kick_power"": 0.6, ""kick_dir"": [-0.597861924511416, -0.8015990712857284]}, {""move_vx"": 6.0, ""move_vy"": 0.0, ""kick_power"": 0.0, ""kick_dir"": null}, {""move_vx"": -4.242640687119285, ""move_vy"": 4.242640687119285, ""kick_power"": 0.0, ""kick_dir"": null}, {""move_vx"": -0.0, ""move_vy"": 0.0, ""kick_power"": 0.0, ""kick_dir"": null}, {""move_vx"": -0.0, ""move_vy"": 8.32, ""kick_power"": 0.0, ""kick_dir"": null}, {""move_vx"": -0.0, ""move_vy"": 0.0, ""kick_power"": 0.7, ""kick_dir"": [-0.9281688923627495, -0.37215912748113544]}, {""move_vx"": -3.6803550292557556, ""move_vy"": -4.839564738551585, ""kick_power"": 0.0, ""kick_dir"": null}]"
482,338,default,default,0,20.954218241140993,52.14880828705914,17,B,,25.08348562289576,0.00651058932617831,0.40090746333459387,"[{""move_vx"": 3.3566161758739264, ""move_vy"": 4.9732411813485875, ""kick_power"": 0.0, ""kick_dir"": null}, {""move_vx"": -4.1012193308819755, ""move_vy"": 4.1012193308819755, ""kick_power"": 0.0, ""kick_dir"": null}, {""move_vx"": 0.0, ""move_vy"": 0.0, ""kick_power"": 0.4, ""kick_dir"": [0.9998875145042798, -0.014990881453348497]}, {""move_vx"": 0.0, ""move_vy"": 0.0, ""kick_power"": 0.0, ""kick_dir"": null}, {""move_vx"": -7.2447795900019605, ""move_vy"": 2.0892028844253074, ""kick_power"": 0.0, ""kick_dir"": null}, {""move_vx"": -4.313351365237939, ""move_vy"": -4.313351365237939, ""kick_power"": 0.0, ""kick_dir"": null}, {""move_vx"": 4.242640687119285, ""move_vy"": -4.242640687119285, ""kick_power"": 0.0, ""kick_dir"": null}, {""move_vx"": 0.0, ""move_vy"": -6.0, ""kick_power"": 0.0, ""kick_dir"": null}, {""move_vx"": 0.0, ""move_vy"": 0.0, ""kick_power"": 0.0, ""kick_dir"": null}, {""move_vx"": -6.0, ""move_vy"": 0.0, ""kick_power"": 0.0, ""kick_dir"": null}, {""move_vx"": 5.056713916374512, ""move_vy"": 3.229495992867054, ""kick_power"": 0.0, ""kick_dir"": null}, {""move_vx"": -0.0, ""move_vy"": 0.0, ""kick_power"": 0.9, ""kick_dir"": [-0.97770237481028, 0.2099953284997709]}, {""move_vx"": -5.42792804055709, ""move_vy"": 4.35651204365764, ""kick_power"": 0.0, ""kick_dir"": null}, {""move_vx"": 4.233069720534442, ""move_vy"": 1.7746043900245652, ""kick_power"": 0.0, ""kick_dir"": null}, {""move_vx"": -2.2875915741218575, ""move_vy"": 6.636815862294711, ""kick_power"": 0.0, ""kick_dir"": null}, {""move_vx"": -0.0, ""move_vy"": 5.8, ""kick_power"": 0.0, ""kick_dir"": null}, {""move_vx"": -6.0, ""move_vy"": 0.0, ""kick_power"": 0.0, ""kick_dir"": null}, {""move_vx"": -0.0, ""move_vy"": 0.0, ""kick_power"": 0.0, ""kick_dir"": null}, {""move_vx"": -0.0, ""move_vy"": 0.0, ""kick_power"": 0.4, ""kick_dir"": [-0.9865753169275246, -0.16330656361986773]}, {""move_vx"": 4.791362596741562, ""move_vy"": 3.196942987690891, ""kick_power"": 0.0, ""kick_dir"": null}, {""move_vx"": -0.0, ""move_vy"": 0.0, ""kick_power"": 0.7, ""kick_dir"": [-0.9281688923627495, -0.37215912748113544]}, {""move_vx"": -3.3605350134303493, ""move_vy"": 5.066873239336927, ""kick_power"": 0.0, ""kick_dir"": null}]"
482,339,default,default,0,20.180430588577263,52.0684337526198,17,B,,25.089548539696313,-0.07098925387458972,0.4840915253741893,"[{""move_vx"": 3.5919808389689196, ""move_vy"": 4.806003917235206, ""kick_power"": 0.0, ""kick_dir"": null}, {""move_vx"": -4.1012193308819755, ""move_vy"": 4.1012193308819755, ""kick_power"": 0.0, ""kick_dir"": null}, {""move_vx"": 3.8183766184073566, ""move_vy"": 3.8183766184073566, ""kick_power"": 0.0, ""kick_dir"": null}, {""move_vx"": 0.0, ""move_vy"": 0.0, ""kick_power"": 0.0, ""kick_dir"": null}, {""move_vx"": -2.3162002850843684, ""move_vy"": 4.999531601997839, ""kick_power"": 0.0, ""kick_dir"": null}, {""move_vx"": -4.313351365237939, ""move_vy"": -4.313351365237939, ""kick_power"": 0.0, ""kick_dir"": null}, {""move_vx"": 4.242640687119285, ""move_vy"": -4.242640687119285, ""kick_power"": 0.0, ""kick_dir"": null}, {""move_vx"": 0.0, ""move_vy"": -6.0, ""kick_power"": 0.0, ""kick_dir"": null}, {""move_vx"": 0.0, ""move_vy"": 0.0, ""kick_power"": 0.0, ""kick_dir"": null}, {""move_vx"": -6.0, ""move_vy"": 0.0, ""kick_power"": 0.0, ""kick_dir"": null}, {""move_vx"": -4.242640687119285, ""move_vy"": 4.242640687119285, ""kick_power"": 0.0, ""kick_dir"": null}, {""move_vx"": -0.0, ""move_vy"": 0.0, ""kick_power"": 0.9, ""kick_dir"": [-0.9781819193519687, 0.207750100678232]}, {""move_vx"": -4.1012193308819755, ""move_vy"": 4.1012193308819755, ""kick_power"": 0.0, ""kick_dir"": null}, {""move_vx"": 4.233069720534442, ""move_vy"": 1.7746043900245654, ""kick_power"": 0.0, ""kick_dir"": null}, {""move_vx"": -0.7832384704214341, ""move_vy"": 6.976169256723341, ""kick_power"": 0.0, ""kick_dir"": null}, {""move_vx"": -0.0, ""move_vy"": 5.8, ""kick_power"": 0.0, ""kick_dir"": null}, {""move_vx"": -6.0, ""move_vy"": 0.0, ""kick_power"": 0.0, ""kick_dir"": null}, {""move_vx"": -4.242640687119285, ""move_vy"": 4.242640687119285, ""kick_power"": 0.0, ""kick_dir"": null}, {""move_vx"": -0.0, ""move_vy"": 0.0, ""kick_power"": 0.4, ""kick_dir"": [-0.9870922617825361, -0.16015229799041864]}, {""move_vx"": 4.768810585008138, ""move_vy"": 3.2304868989541413, ""kick_power"": 0.0, ""kick_dir"": null}, {""move_vx"": -0.0, ""move_vy"": 0.0, ""kick_power"": 0.7, ""kick_dir"": [-0.9281688923627495, -0.37215912748113544]}, {""move_vx"": -2.9815663460481825, ""move_vy"": 5.298741560419124, ""kick_power"": 0.0, ""kick_dir"": null}]"
482,340,default,default,0,20.110929804202172,52.434058791808276,17,B,,25.085862791588205,-0.04098016339863027,0.4301524312944087,"[{""move_vx"": 5.0, ""move_vy"": 0.0, ""kick_power"": 0.0, ""kick_dir"": null}, {""move_vx"": 0.0, ""move_vy"": 5.8, ""kick_power"": 0.0, ""kick_dir"": null}, {""move_vx"": 0.0, ""move_vy"": 0.0, ""kick_power"": 0.0, ""kick_dir"": null}, {""move_vx"": 0.0, ""move_vy"": 0.0, ""kick_power"": 0.0, ""kick_dir"": null}, {""move_vx"": -7.246629912532023, ""move_vy"": 2.0827757706474603, ""kick_power"": 0.0, ""kick_dir"": null}, {""move_vx"": -4.313351365237939, ""move_vy"": -4.313351365237939, ""kick_power"": 0.0, ""kick_dir"": null}, {""move_vx"": 4.242640687119285, ""move_vy"": -4.242640687119285, ""kick_power"": 0.0, ""kick_dir"": null}, {""move_vx"": 0.0, ""move_vy"": -6.0, ""kick_power"": 0.0, ""kick_dir"": null}, {""move_vx"": 0.0, ""move_vy"": 0.0, ""kick_power"": 0.0, ""kick_dir"": null}, {""move_vx"": -6.0, ""move_vy"": 0.0, ""kick_power"": 0.0, ""kick_dir"": null}, {""move_vx"": 5.089692819542601, ""move_vy"": 3.1772672224250322, ""kick_power"": 0.0, ""kick_dir"": null}, {""move_vx"": -0.0, ""move_vy"": 0.0, ""kick_power"": 0.9, ""kick_dir"": [-0.9786588514581588, 0.20549166435450453]}, {""move_vx"": -4.1012193308819755, ""move_vy"": 4.1012193308819755, ""kick_power"": 0.0, ""kick_dir"": null}, {""move_vx"": 4.233069720534442, ""move_vy"": 1.7746043900245656, ""kick_power"": 0.0, ""kick_dir"": null}, {""move_vx"": -3.002260954518541, ""move_vy"": 6.345614955303657, ""kick_power"": 0.0, ""kick_dir"": null}, {""move_vx"": -0.0, ""move_vy"": 5.8, ""kick_power"": 0.0, ""kick_dir"": null}, {""move_vx"": 6.0, ""move_vy"": 0.0, ""kick_power"": 0.0, ""kick_dir"": null}, {""move_vx"": -4.242640687119285, ""move_vy"": 4.242640687119285, ""kick_power"": 0.0, ""kick_dir"": null}, {""move_vx"": -0.0, ""move_vy"": 0.0, ""kick_power"": 0.4, ""kick_dir"": [-0.9874634251132788, -0.15784763996602796]}, {""move_vx"": 4.718490169314901, ""move_vy"": 3.3035511986464887, ""kick_power"": 0.0, ""kick_dir"": null}, {""move_vx"": -5.380020378505711, ""move_vy"": -0.4640912915184578, ""kick_power"": 0.0, ""kick_dir"": null}, {""move_vx"": -0.0, ""move_vy"": 0.0, ""kick_power"": 1.0, ""kick_dir"": [-0.799307988463672, -0.6009215040001492]}]"
482,341,default,default,0,19.716732326769147,52.49753701232188,17,B,,25.08900989811659,-0.053326103393395,0.4611549060285358,"[{""move_vx"": 2.8725283262435264, ""move_vy"": 5.26769219060193, ""kick_power"": 0.0, ""kick_dir"": null}, {""move_vx"": 5.486946959795795, ""move_vy"": 1.879737497734105, ""kick_power"": 0.0, ""kick_dir"": null}, {""move_vx"": 3.8183766184073566, ""move_vy"": 3.8183766184073566, ""kick_power"": 0.0, ""kick_dir"": null}, {""move_vx"": 0.0, ""move_vy"": 0.0, ""kick_power"": 0.0, ""kick_dir"": null}, {""move_vx"": -2.4418471160395603, ""move_vy"": 4.939380797416745, ""kick_power"": 0.0, ""kick_dir"": null}, {""move_vx"": -4.313351365237939, ""move_vy"": -4.313351365237939, ""kick_power"": 0.0, ""kick_dir"": null}, {""move_vx"": 4.242640687119285, ""move_vy"": -4.242640687119285, ""kick_power"": 0.0, ""kick_dir"": null}, {""move_vx"": 0.0, ""move_vy"": -6.0, ""kick_power"": 0.0, ""kick_dir"": null}, {""move_vx"": 0.0, ""move_vy"": 0.0, ""kick_power"": 0.0, ""kick_dir"": null}, {""move_vx"": -6.0, ""move_vy"": 0.0, ""kick_power"": 0.0, ""kick_dir"": null}, {""move_vx"": 5.089692819542602, ""move_vy"": 3.1772672224250327, ""kick_power"": 0.0, ""kick_dir"": null}, {""move_vx"": -0.0, ""move_vy"": 0.0, ""kick_power"": 0.9, ""kick_dir"": [-0.9791310651401877, 0.20322974416115977]}, {""move_vx"": -4.1012193308819755, ""move_vy"": 4.1012193308819755, ""kick_power"": 0.0, ""kick_dir"": null}, {""move_vx"": 4.233069720534442, ""move_vy"": 1.7746043900245656, ""kick_power"": 0.0, ""kick_dir"": null}, {""move_vx"": -2.721281649444451, ""move_vy"": 6.4710915759550875, ""kick_power"": 0.0, ""kick_dir"": null}, {""move_vx"": -0.0, ""move_vy"": 5.8, ""kick_power"": 0.0, ""kick_dir"": null}, {""move_vx"": -6.0, ""move_vy"": 0.0, ""kick_power"": 0.0, ""kick_dir"": null}, {""move_vx"": -4.242640687119285, ""move_vy"": 4.242640687119285, ""kick_power"": 0.0, ""kick_dir"": null}, {""move_vx"": -0.0, ""move_vy"": 0.0, ""kick_power"": 0.4, ""kick_dir"": [-0.9878189016986667, -0.1556075587470964]}, {""move_vx"": 4.670553781176713, ""move_vy"": 3.370983146967057, ""kick_power"": 0.0, ""kick_dir"": null}, {""move_vx"": -0.0, ""move_vy"": 0.0, ""kick_power"": 0.7, ""kick_dir"": [-0.9263541008054209, -0.37665367034990926]}, {""move_vx"": -3.273364501998081, ""move_vy"": 5.123620286190113, ""kick_power"": 0.0, ""kick_dir"": null}]"
482,342,default,default,0,19.59179950724238,52.80259426717353,17,B,,25.085805057377055,-0.035713836039879335,0.43688986776902083,"[{""move_vx"": 5.0, ""move_vy"": 0.0, ""kick_power"": 0.0, ""kick_dir"": null}, {""move_vx"": -4.1012193308819755, ""move_vy"": 4.1012193308819755, ""kick_power"": 0.0, ""kick_dir"": null}, {""move_vx"": 3.8183766184073566, ""move_vy"": 3.8183766184073566, ""kick_power"": 0.0, ""kick_dir"": null}, {""move_vx"": 0.0, ""move_vy"": 0.0, ""kick_power"": 0.0, ""kick_dir"": null}, {""move_vx"": -7.23248262571897, ""move_vy"": 2.131383369709266, ""kick_power"": 0.0, ""kick_dir"": null}, {""move_vx"": 0.0, ""move_vy"": 0.0, ""kick_power"": 0.0, ""kick_dir"": null}, {""move_vx"": 4.242640687119285, ""move_vy"": -4.242640687119285, ""kick_power"": 0.0, ""kick_dir"": null}, {""move_vx"": 0.0, ""move_vy"": 6.0, ""kick_power"": 0.0, ""kick_dir"": null}, {""move_vx"": 0.0, ""move_vy"": 0.0, ""kick_power"": 0.0, ""kick_dir"": null}, {""move_vx"": -6.0, ""move_vy"": 0.0, ""kick_power"": 0.0, ""kick_dir"": null}, {""move_vx"": 5.089692819542602, ""move_vy"": 3.1772672224250327, ""kick_power"": 0.0, ""kick_dir"": null}, {""move_vx"": -0.0, ""move_vy"": 0.0, ""kick_power"": 0.9, ""kick_dir"": [-0.9796006740154947, 0.20095395263763102]}, {""move_vx"": -4.1012193308819755, ""move_vy"": 4.1012193308819755, ""kick_power"": 0.0, ""kick_dir"": null}, {""move_vx"": 4.233069720534442, ""move_vy"": 1.7746043900245654, ""kick_power"": 0.0, ""kick_dir"": null}, {""move_vx"": -3.569712781246887, ""move_vy"": 6.044629902599714, ""kick_power"": 0.0, ""kick_dir"": null}, {""move_vx"": -0.0, ""move_vy"": 5.8, ""kick_power"": 0.0, ""kick_dir"": null}, {""move_vx"": 6.0, ""move_vy"": 0.0, ""kick_power"": 0.0, ""kick_dir"": null}, {""move_vx"": -4.242640687119285, ""move_vy"": 4.242640687119285, ""kick_power"": 0.0, ""kick_dir"": null}, {""move_vx"": -0.0, ""move_vy"": 0.0, ""kick_power"": 0.4, ""kick_dir"": [-0.9881595580319451, -0.15342941124102227]}, {""move_vx"": 4.62877858525136, ""move_vy"": 3.4281203025445914, ""kick_power"": 0.0, ""kick_dir"": null}, {""move_vx"": -5.389252899055299, ""move_vy"": -0.3405190009736124, ""kick_power"": 0.0, ""kick_dir"": null}, {""move_vx"": -0.0, ""move_vy"": 0.0, ""kick_power"": 0.65, ""kick_dir"": [0.9986130524022924, 0.05264634184953958]}]"
482,343,default,default,0,19.330836778613865,52.99057554887031,17,B,,25.087941654289644,-0.048146465890966064,0.44128537020482383,"[{""move_vx"": 2.4921122428109075, ""move_vy"": 6.003280483971409, ""kick_power"": 0.0, ""kick_dir"": null}, {""move_vx"": 5.8, ""move_vy"": 0.0, ""kick_power"": 0.0, ""kick_dir"": null}, {""move_vx"": 3.8183766184073566, ""move_vy"": 3.8183766184073566, ""kick_power"": 0.0, ""kick_dir"": null}, {""move_vx"": 0.0, ""move_vy"": 0.0, ""kick_power"": 0.0, ""kick_dir"": null}, {""move_vx"": -2.4876838354708433, ""move_vy"": 4.9164549356967635, ""kick_power"": 0.0, ""kick_dir"": null}, {""move_vx"": -4.313351365237939, ""move_vy"": -4.313351365237939, ""kick_power"": 0.0, ""kick_dir"": null}, {""move_vx"": 4.242640687119285, ""move_vy"": -4.242640687119285, ""kick_power"": 0.0, ""kick_dir"": null}, {""move_vx"": 0.0, ""move_vy"": -6.0, ""kick_power"": 0.0, ""kick_dir"": null}, {""move_vx"": 0.0, ""move_vy"": 0.0, ""kick_power"": 0.0, ""kick_dir"": null}, {""move_vx"": -6.0, ""move_vy"": 0.0, ""kick_power"": 0.0, ""kick_dir"": null}, {""move_vx"": 5.089692819542601, ""move_vy"": 3.1772672224250327, ""kick_power"": 0.0, ""kick_dir"": null}, {""move_vx"": -0.0, ""move_vy"": 0.0, ""kick_power"": 0.9, ""kick_dir"": [-0.9800663836105716, 0.19867021746315164]}, {""move_vx"": -4.1012193308819755, ""move_vy"": 4.1012193308819755, ""kick_power"": 0.0, ""kick_dir"": null}, {""move_vx"": 4.233069720534442, ""move_vy"": 1.7746043900245656, ""kick_power"": 0.0, ""kick_dir"": null}, {""move_vx"": -3.4300926509781298, ""move_vy"": 6.124937910355159, ""kick_power"": 0.0, ""kick_dir"": null}, {""move_vx"": -0.0, ""move_vy"": 5.8, ""kick_power"": 0.0, ""kick_dir"": null}, {""move_vx"": -6.0, ""move_vy"": 0.0, ""kick_power"": 0.0, ""kick_dir"": null}, {""move_vx"": -4.242640687119285, ""move_vy"": 4.242640687119285, ""kick_power"": 0.0, ""kick_dir"": null}, {""move_vx"": -0.0, ""move_vy"": 0.0, ""kick_power"": 0.4, ""kick_dir"": [-0.9884862019418044, -0.1513106948151479]}, {""move_vx"": -6.12512449643351, ""move_vy"": -5.630741505626959, ""kick_power"": 0.0, ""kick_dir"": null}, {""move_vx"": -0.0, ""move_vy"": 0.0, ""kick_power"": 0.7, ""kick_dir"": [-0.9243170226063089, -0.381625402330228]}, {""move_vx"": -0.0, ""move_vy"": 0.0, ""kick_power"": 0.7, ""kick_dir"": [-0.784318504953693, -0.6203582803579824]}]"
482,344,default,default,0,19.406599280229663,53.44402601552524,17,B,,25.08654987027589,-0.02217608178153077,0.4282952298128348,"[{""move_vx"": 2.139714607080249, ""move_vy"": 6.137721189517117, ""kick_power"": 0.0, ""kick_dir"": null}, {""move_vx"": -4.1012193308819755, ""move_vy"": 4.1012193308819755, ""kick_power"": 0.0, ""kick_dir"": null}, {""move_vx"": 3.8183766184073566, ""move_vy"": 3.8183766184073566, ""kick_power"": 0.0, ""kick_dir"": null}, {""move_vx"": 0.0, ""move_vy"": 0.0, ""kick_power"": 0.0, ""kick_dir"": null}, {""move_vx"": -7.198727546044681, ""move_vy"": 2.2427486969826846, ""kick_power"": 0.0, ""kick_dir"": null}, {""move_vx"": -4.313351365237939, ""move_vy"": -4.313351365237939, ""kick_power"": 0.0, ""kick_dir"": null}, {""move_vx"": 4.242640687119285, ""move_vy"": -4.242640687119285, ""kick_power"": 0.0, ""kick_dir"": null}, {""move_vx"": 0.0, ""move_vy"": -6.0, ""kick_power"": 0.0, ""kick_dir"": null}, {""move_vx"": -4.313351365237939, ""move_vy"": 4.313351365237939, ""kick_power"": 0.0, ""kick_dir"": null}, {""move_vx"": -6.0, ""move_vy"": 0.0, ""kick_power"": 0.0, ""kick_dir"": null}, {""move_vx"": 5.089692819542602, ""move_vy"": 3.1772672224250327, ""kick_power"": 0.0, ""kick_dir"": null}, {""move_vx"": -0.0, ""move_vy"": 0.0, ""kick_power"": 0.9, ""kick_dir"": [-0.9805296595838394, 0.19637097098345024]}, {""move_vx"": -5.219975306315379, ""move_vy"": 4.6036352811074925, ""kick_power"": 0.0, ""kick_dir"": null}, {""move_vx"": -3.606003090993677, ""move_vy"": 4.019544962771787, ""kick_power"": 0.0, ""kick_dir"": null}, {""move_vx"": -3.7511442701793114, ""move_vy"": 5.933743899453441, ""kick_power"": 0.0, ""kick_dir"": null}, {""move_vx"": -0.0, ""move_vy"": 5.8, ""kick_power"": 0.0, ""kick_dir"": null}, {""move_vx"": 6.0, ""move_vy"": 0.0, ""kick_power"": 0.0, ""kick_dir"": null}, {""move_vx"": -4.242640687119285, ""move_vy"": 4.242640687119285, ""kick_power"": 0.0, ""kick_dir"": null}, {""move_vx"": -0.0, ""move_vy"": 0.0, ""kick_power"": 0.4, ""kick_dir"": [-0.9887995872671189, -0.14924903821375382]}, {""move_vx"": 4.511446376719444, ""move_vy"": 3.58112434718274, ""kick_power"": 0.0, ""kick_dir"": null}, {""move_vx"": -5.396245992826102, ""move_vy"": -0.20131861540415094, ""kick_power"": 0.0, ""kick_dir"": null}, {""move_vx"": 6.4, ""move_vy"": 0.0, ""kick_power"": 0.0, ""kick_dir"": null}]"
482,345,default,default,0,19.000710529415098,53.57993327016916,17,B,,25.086965132835065,-0.05376691603054983,0.45199138450995874,"[{""move_vx"": 2.2239204305653715, ""move_vy"": 6.107714623205143, ""kick_power"": 0.0, ""kick_dir"": null}, {""move_vx"": 5.8, ""move_vy"": 0.0, ""kick_power"": 0.0, ""kick_dir"": null}, {""move_vx"": 3.8183766184073566, ""move_vy"": 3.8183766184073566, ""kick_power"": 0.0, ""kick_dir"": null}, {""move_vx"": 0.0, ""move_vy"": 0.0, ""kick_power"": 0.0, ""kick_dir"": null}, {""move_vx"": -2.3628699722234656, ""move_vy"": 4.977644572924495, ""kick_power"": 0.0, ""kick_dir"": null}, {""move_vx"": -2.596184355681489, ""move_vy"": 4.837347081956668, ""kick_power"": 0.0, ""kick_dir"": null}, {""move_vx"": 4.242640687119285, ""move_vy"": -4.242640687119285, ""kick_power"": 0.0, ""kick_dir"": null}, {""move_vx"": 0.0, ""move_vy"": -6.0, ""kick_power"": 0.0, ""kick_dir"": null}, {""move_vx"": -4.313351365237939, ""move_vy"": 4.313351365237939, ""kick_power"": 0.0, ""kick_dir"": null}, {""move_vx"": -6.0, ""move_vy"": 0.0, ""kick_power"": 0.0, ""kick_dir"": null}, {""move_vx"": 5.089692819542602, ""move_vy"": 3.1772672224250336, ""kick_power"": 0.0, ""kick_dir"": null}, {""move_vx"": -5.229082901972938, ""move_vy"": -0.4681794573604032, ""kick_power"": 0.0, ""kick_dir"": null}, {""move_vx"": -4.1012193308819755, ""move_vy"": 4.1012193308819755, ""kick_power"": 0.0, ""kick_dir"": null}, {""move_vx"": 4.247011610838495, ""move_vy"": 1.7409745481778334, ""kick_power"": 0.0, ""kick_dir"": null}, {""move_vx"": -3.025800974368193, ""move_vy"": 6.334424083017533, ""kick_power"": 0.0, ""kick_dir"": null}, {""move_vx"": -0.0, ""move_vy"": 5.8, ""kick_power"": 0.0, ""kick_dir"": null}, {""move_vx"": -6.0, ""move_vy"": 0.0, ""kick_power"": 0.0, ""kick_dir"": null}, {""move_vx"": -4.242640687119285, ""move_vy"": 4.242640687119285, ""kick_power"": 0.0, ""kick_dir"": null}, {""move_vx"": -0.0, ""move_vy"": 0.0, ""kick_power"": 0.4, ""kick_dir"": [-0.9891803887608893, -0.14670398562175246]}, {""move_vx"": -6.204193140877158, ""move_vy"": -5.54349956892691, ""kick_power"": 0.0, ""kick_dir"": null}, {""move_vx"": -5.399483146396997, ""move_vy"": -0.07471112216262052, ""kick_power"": 0.0, ""kick_dir"": null}, {""move_vx"": -0.0, ""move_vy"": 0.0, ""kick_power"": 0.7, ""kick_dir"": [-0.7900990973141632, -0.6129790610308663]}]"
482,346,default,default,0,18.73882570477399,53.81202018819821,17,B,,25.08556991500887,-0.044135774737241014,0.45150765155104244,"[{""move_vx"": 1.6762396993016222, ""move_vy"": 6.280144940245027, ""kick_power"": 0.0, ""kick_dir"": null}, {""move_vx"": -4.1012193308819755, ""move_vy"": 4.1012193308819755, ""kick_power"": 0.0, ""kick_dir"": null}, {""move_vx"": 3.8183766184073566, ""move_vy"": 3.8183766184073566, ""kick_power"": 0.0, ""kick_dir"": null}, {""move_vx"": 0.0, ""move_vy"": 0.0, ""kick_power"": 0.0, ""kick_dir"": null}, {""move_vx"": -7.162154345162846, ""move_vy"": 2.356935539225663, ""kick_power"": 0.0, ""kick_dir"": null}, {""move_vx"": -4.313351365237939, ""move_vy"": -4.313351365237939, ""kick_power"": 0.0, ""kick_dir"": null}, {""move_vx"": 4.242640687119285, ""move_vy"": -4.242640687119285, ""kick_power"": 0.0, ""kick_dir"": null}, {""move_vx"": 0.0, ""move_vy"": -6.0, ""kick_power"": 0.0, ""kick_dir"": null}, {""move_vx"": -4.313351365237939, ""move_vy"": 4.313351365237939, ""kick_power"": 0.0, ""kick_dir"": null}, {""move_vx"": -6.0, ""move_vy"": 0.0, ""kick_power"": 0.0, ""kick_dir"": null}, {""move_vx"": 5.089692819542601, ""move_vy"": 3.1772672224250336, ""kick_power"": 0.0, ""kick_dir"": null}, {""move_vx"": -0.0, ""move_vy"": 0.0, ""kick_power"": 0.9, ""kick_dir"": [-0.9808690590189354, 0.19466859166554945]}, {""move_vx"": -5.1175806555508805, ""move_vy"": 4.7171991937940705, ""kick_power"": 0.0, ""kick_dir"": null}, {""move_vx"": 4.247011610838495, ""move_vy"": 1.7409745481778331, ""kick_power"": 0.0, ""kick_dir"": null}, {""move_vx"": -3.783461571485841, ""move_vy"": 5.913190216548923, ""kick_power"": 0.0, ""kick_dir"": null}, {""move_vx"": -0.0, ""move_vy"": 5.8, ""kick_power"": 0.0, ""kick_dir"": null}, {""move_vx"": 6.0, ""move_vy"": 0.0, ""kick_power"": 0.0, ""kick_dir"": null}, {""move_vx"": -4.242640687119285, ""move_vy"": 4.242640687119285, ""kick_power"": 0.0, ""kick_dir"": null}, {""move_vx"": -0.0, ""move_vy"": 0.0, ""kick_power"": 0.4, ""kick_dir"": [-0.9894661868139516, -0.14476383308277227]}, {""move_vx"": 4.402826202845815, ""move_vy"": 3.713855332068592, ""kick_power"": 0.0, ""kick_dir"": null}, {""move_vx"": -5.399891372635847, ""move_vy"": -0.03425147782163611, ""kick_power"": 0.0, ""kick_dir"": null}, {""move_vx"": -0.0, ""move_vy"": 0.0, ""kick_power"": 0.7, ""kick_dir"": [-0.7862418758591457, -0.6179187854489029]}]"
482,347,default,default,0,18.456689484839313,54.03237099070002,17,B,,25.084174901738578,-0.048313104656667986,0.4512869886447473,"[{""move_vx"": 1.2449768786244493, ""move_vy"": 6.379657715872421, ""kick_power"": 0.0, ""kick_dir"": null}, {""move_vx"": -4.1012193308819755, ""move_vy"": 4.1012193308819755, ""kick_power"": 0.0, ""kick_dir"": null}, {""move_vx"": 3.8183766184073566, ""move_vy"": 3.8183766184073566, ""kick_power"": 0.0, ""kick_dir"": null}, {""move_vx"": 0.0, ""move_vy"": 0.0, ""kick_power"": 0.0, ""kick_dir"": null}, {""move_vx"": -2.4597459623134927, ""move_vy"": 4.930491841680957, ""kick_power"": 0.0, ""kick_dir"": null}, {""move_vx"": -4.313351365237939, ""move_vy"": -4.313351365237939, ""kick_power"": 0.0, ""kick_dir"": null}, {""move_vx"": 4.242640687119285, ""move_vy"": -4.242640687119285, ""kick_power"": 0.0, ""kick_dir"": null}, {""move_vx"": 0.0, ""move_vy"": -6.0, ""kick_power"": 0.0, ""kick_dir"": null}, {""move_vx"": -4.313351365237939, ""move_vy"": 4.313351365237939, ""kick_power"": 0.0, ""kick_dir"": null}, {""move_vx"": -6.0, ""move_vy"": 0.0, ""kick_power"": 0.0, ""kick_dir"": null}, {""move_vx"": 5.089692819542601, ""move_vy"": 3.1772672224250336, ""kick_power"": 0.0, ""kick_dir"": null}, {""move_vx"": -0.0, ""move_vy"": 0.0, ""kick_power"": 0.9, ""kick_dir"": [-0.9813360471142132, 0.19230063477439777]}, {""move_vx"": -5.080916189796517, ""move_vy"": 4.756668022078442, ""kick_power"": 0.0, ""kick_dir"": null}, {""move_vx"": 4.247011610838495, ""move_vy"": 1.7409745481778334, ""kick_power"": 0.0, ""kick_dir"": null}, {""move_vx"": -4.004288950695499, ""move_vy"": 5.765940512989876, ""kick_power"": 0.0, ""kick_dir"": null}, {""move_vx"": -0.0, ""move_vy"": 5.8, ""kick_power"": 0.0, ""kick_dir"": null}, {""move_vx"": -6.0, ""move_vy"": 0.0, ""kick_power"": 0.0, ""kick_dir"": null}, {""move_vx"": -4.242640687119285, ""move_vy"": 4.242640687119285, ""kick_power"": 0.0, ""kick_dir"": null}, {""move_vx"": -0.0, ""move_vy"": 0.0, ""kick_power"": 0.4, ""kick_dir"": [-0.9898072834337519, -0.14241293995421606]}, {""move_vx"": -0.0, ""move_vy"": 0.0, ""kick_power"": 1.0, ""kick_dir"": [-0.7497484699611756, -0.661722083851923]}, {""move_vx"": -5.399891415207898, ""move_vy"": 0.03424476549841169, ""kick_power"": 0.0, ""kick_dir"": null}, {""move_vx"": -0.0, ""move_vy"": 0.0, ""kick_power"": 0.7, ""kick_dir"": [-0.7814244463950025, -0.6239997975447755]}]"
482,348,default,default,0,18.18095412941548,54.2477627625001,17,B,,25.08457645521653,-0.047604802940686225,0.4521058098704141,"[{""move_vx"": 0.7589782907449003, ""move_vy"": 6.455536534958031, ""kick_power"": 0.0, ""kick_dir"": null}, {""move_vx"": 5.8, ""move_vy"": 0.0, ""kick_power"": 0.0, ""kick_dir"": null}, {""move_vx"": 3.8183766184073566, ""move_vy"": 3.8183766184073566, ""kick_power"": 0.0, ""kick_dir"": null}, {""move_vx"": 0.0, ""move_vy"": 0.0, ""kick_power"": 0.0, ""kick_dir"": null}, {""move_vx"": -7.174294757956019, ""move_vy"": 2.319718673883709, ""kick_power"": 0.0, ""kick_dir"": null}, {""move_vx"": -4.313351365237939, ""move_vy"": -4.313351365237939, ""kick_power"": 0.0, ""kick_dir"": null}, {""move_vx"": 4.242640687119285, ""move_vy"": -4.242640687119285, ""kick_power"": 0.0, ""kick_dir"": null}, {""move_vx"": 0.0, ""move_vy"": -6.0, ""kick_power"": 0.0, ""kick_dir"": null}, {""move_vx"": -4.313351365237939, ""move_vy"": 4.313351365237939, ""kick_power"": 0.0, ""kick_dir"": null}, {""move_vx"": -6.0, ""move_vy"": 0.0, ""kick_power"": 0.0, ""kick_dir"": null}, {""move_vx"": 5.0896928195426, ""move_vy"": 3.1772672224250336, ""kick_power"": 0.0, ""kick_dir"": null}, {""move_vx"": -0.0, ""move_vy"": 0.0, ""kick_power"": 0.9, ""kick_dir"": [-0.9817993396799943, 0.18992111015663224]}, {""move_vx"": -5.048181333496472, ""move_vy"": 4.791394914232992, ""kick_power"": 0.0, ""kick_dir"": null}, {""move_vx"": 4.247011610838495, ""move_vy"": 1.7409745481778331, ""kick_power"": 0.0, ""kick_dir"": null}, {""move_vx"": -4.240414704644706, ""move_vy"": 5.594576224579746, ""kick_power"": 0.0, ""kick_dir"": null}, {""move_vx"": -0.0, ""move_vy"": 5.8, ""kick_power"": 0.0, ""kick_dir"": null}, {""move_vx"": 6.0, ""move_vy"": 0.0, ""kick_power"": 0.0, ""kick_dir"": null}, {""move_vx"": -4.242640687119285, ""move_vy"": 4.242640687119285, ""kick_power"": 0.0, ""kick_dir"": null}, {""move_vx"": -0.0, ""move_vy"": 0.0, ""kick_power"": 0.4, ""kick_dir"": [-0.9901298840127642, -0.14015248166421926]}, {""move_vx"": -0.0, ""move_vy"": 0.0, ""kick_power"": 1.0, ""kick_dir"": [-0.7497484699611756, -0.661722083851923]}, {""move_vx"": -5.3990770556071395, ""move_vy"": 0.09983460129907346, ""kick_power"": 0.0, ""kick_dir"": null}, {""move_vx"": -3.3523011900275423, ""move_vy"": 5.072324588523483, ""kick_power"": 0.0, ""kick_dir"": null}]"
482,349,default,default,0,17.745420037811208,54.235403177899485,17,B,,25.083017218258778,-0.04734277013115486,0.47223118391648927,"[{""move_vx"": 5.0, ""move_vy"": 0.0, ""kick_power"": 0.0, ""kick_dir"": null}, {""move_vx"": 0.0, ""move_vy"": 5.8, ""kick_power"": 0.0, ""kick_dir"": null}, {""move_vx"": 3.8183766184073566, ""move_vy"": 3.8183766184073566, ""kick_power"": 0.0, ""kick_dir"": null}, {""move_vx"": 0.0, ""move_vy"": 0.0, ""kick_power"": 0.0, ""kick_dir"": null}, {""move_vx"": -7.149259007238116, ""move_vy"": 2.395766192144942, ""kick_power"": 0.0, ""kick_dir"": null}, {""move_vx"": -4.313351365237939, ""move_vy"": -4.313351365237939, ""kick_power"": 0.0, ""kick_dir"": null}, {""move_vx"": 4.242640687119285, ""move_vy"": -4.242640687119285, ""kick_power"": 0.0, ""kick_dir"": null}, {""move_vx"": 0.0, ""move_vy"": -6.0, ""kick_power"": 0.0, ""kick_dir"": null}, {""move_vx"": -4.313351365237939, ""move_vy"": 4.313351365237939, ""kick_power"": 0.0, ""kick_dir"": null}, {""move_vx"": -6.0, ""move_vy"": 0.0, ""kick_power"": 0.0, ""kick_dir"": null}, {""move_vx"": 0.0, ""move_vy"": 6.0, ""kick_power"": 0.0, ""kick_dir"": null}, {""move_vx"": -0.0, ""move_vy"": 0.0, ""kick_power"": 0.9, ""kick_dir"": [-0.9822586427310354, 0.18753114471565935]}, {""move_vx"": -5.015566976344494, ""move_vy"": 4.825524624929662, ""kick_power"": 0.0, ""kick_dir"": null}, {""move_vx"": 4.247011610838495, ""move_vy"": 1.740974548177833, ""kick_power"": 0.0, ""kick_dir"": null}, {""move_vx"": -4.433792889956479, ""move_vy"": 5.442598699975167, ""kick_power"": 0.0, ""kick_dir"": null}, {""move_vx"": -0.0, ""move_vy"": 5.8, ""kick_power"": 0.0, ""kick_dir"": null}, {""move_vx"": 6.0, ""move_vy"": 0.0, ""kick_power"": 0.0, ""kick_dir"": null}, {""move_vx"": -4.242640687119285, ""move_vy"": 4.242640687119285, ""kick_power"": 0.0, ""kick_dir"": null}, {""move_vx"": -0.0, ""move_vy"": 0.0, ""kick_power"": 0.4, ""kick_dir"": [-0.9904355435640995, -0.13797587052409835]}, {""move_vx"": -0.0, ""move_vy"": 0.0, ""kick_power"": 1.0, ""kick_dir"": [-0.7497484699611756, -0.661722083851923]}, {""move_vx"": -2.0623040887114703, ""move_vy"": 5.313840592799519, ""kick_power"": 0.0, ""kick_dir"": null}, {""move_vx"": -0.0, ""move_vy"": 0.0, ""kick_power"": 0.7, ""kick_dir"": [-0.7643370909015867, -0.6448168142466024]}]"
482,350,default,default,0,17.625468891927138,54.52230745188887,17,B,,25.07913497614885,-0.03845928261475668,0.4391938911273617,"[{""move_vx"": 5.0, ""move_vy"": 0.0, ""kick_power"": 0.0, ""kick_dir"": null}, {""move_vx"": -4.1012193308819755, ""move_vy"": 4.1012193308819755, ""kick_power"": 0.0, ""kick_dir"": null}, {""move_vx"": 3.8183766184073566, ""move_vy"": 3.8183766184073566, ""kick_power"": 0.0, ""kick_dir"": null}, {""move_vx"": 0.0, ""move_vy"": 0.0, ""kick_power"": 0.0, ""kick_dir"": null}, {""move_vx"": -7.180672483422809, ""move_vy"": 2.2999005817240237, ""kick_power"": 0.0, ""kick_dir"": null}, {""move_vx"": -4.313351365237939, ""move_vy"": -4.313351365237939, ""kick_power"": 0.0, ""kick_dir"": null}, {""move_vx"": 4.242640687119285, ""move_vy"": -4.242640687119285, ""kick_power"": 0.0, ""kick_dir"": null}, {""move_vx"": 0.0, ""move_vy"": -6.0, ""kick_power"": 0.0, ""kick_dir"": null}, {""move_vx"": 4.70978747114092, ""move_vy"": -3.8765838023553694, ""kick_power"": 0.0, ""kick_dir"": null}, {""move_vx"": -6.0, ""move_vy"": 0.0, ""kick_power"": 0.0, ""kick_dir"": null}, {""move_vx"": -4.242640687119285, ""move_vy"": -4.242640687119285, ""kick_power"": 0.0, ""kick_dir"": null}, {""move_vx"": -0.0, ""move_vy"": 0.0, ""kick_power"": 0.9, ""kick_dir"": [-0.9827126916563775, 0.18513707649948358]}, {""move_vx"": -5.028580345365713, ""move_vy"": 4.811962147627686, ""kick_power"": 0.0, ""kick_dir"": null}, {""move_vx"": 4.247011610838495, ""move_vy"": 1.7409745481778331, ""kick_power"": 0.0, ""kick_dir"": null}, {""move_vx"": 5.4, ""move_vy"": 0.0, ""kick_power"": 0.0, ""kick_dir"": null}, {""move_vx"": -0.0, ""move_vy"": 5.8, ""kick_power"": 0.0, ""kick_dir"": null}, {""move_vx"": 6.0, ""move_vy"": 0.0, ""kick_power"": 0.0, ""kick_dir"": null}, {""move_vx"": -4.242640687119285, ""move_vy"": 4.242640687119285, ""kick_power"": 0.0, ""kick_dir"": null}, {""move_vx"": -0.0, ""move_vy"": 0.0, ""kick_power"": 0.4, ""kick_dir"": [-0.990725443457808, -0.1358786366723479]}, {""move_vx"": -0.0, ""move_vy"": 0.0, ""kick_power"": 1.0, ""kick_dir"": [-0.7497484699611756, -0.661722083851923]}, {""move_vx"": -5.3997016124176405, ""move_vy"": -0.0567670402112013, ""kick_power"": 0.0, ""kick_dir"": null}, {""move_vx"": -3.510894292505809, ""move_vy"": 4.963871600560408, ""kick_power"": 0.0, ""kick_dir"": null}]"
482,351,default,default,0,17.428780848108218,54.658379366021954,17,B,,25.07655393083919,-0.03749562545702985,0.46119651477816703,"[{""move_vx"": 5.0, ""move_vy"": 0.0, ""kick_power"": 0.0, ""kick_dir"": null}, {""move_vx"": 5.8, ""move_vy"": 0.0, ""kick_power"": 0.0, ""kick_dir"": null}, {""move_vx"": 3.8183766184073566, ""move_vy"": 3.8183766184073566, ""kick_power"": 0.0, ""kick_dir"": null}, {""move_vx"": 0.0, ""move_vy"": 0.0, ""kick_power"": 0.0, ""kick_dir"": null}, {""move_vx"": -2.272393570171484, ""move_vy"": 5.01959435235989, ""kick_power"": 0.0, ""kick_dir"": null}, {""move_vx"": -4.313351365237939, ""move_vy"": -4.313351365237939, ""kick_power"": 0.0, ""kick_dir"": null}, {""move_vx"": 4.242640687119285, ""move_vy"": -4.242640687119285, ""kick_power"": 0.0, ""kick_dir"": null}, {""move_vx"": 0.0, ""move_vy"": -6.0, ""kick_power"": 0.0, ""kick_dir"": null}, {""move_vx"": -4.313351365237939, ""move_vy"": 4.313351365237939, ""kick_power"": 0.0, ""kick_dir"": null}, {""move_vx"": -6.0, ""move_vy"": 0.0, ""kick_power"": 0.0, ""kick_dir"": null}, {""move_vx"": 0.0, ""move_vy"": 6.0, ""kick_power"": 0.0, ""kick_dir"": null}, {""move_vx"": -0.0, ""move_vy"": 0.0, ""kick_power"": 0.9, ""kick_dir"": [-0.9831613091513027, 0.18273973734369955]}, {""move_vx"": -4.969751035151684, ""move_vy"": 4.87269685580878, ""kick_power"": 0.0, ""kick_dir"": null}, {""move_vx"": 4.247011610838495, ""move_vy"": 1.7409745481778331, ""kick_power"": 0.0, ""kick_dir"": null}, {""move_vx"": -5.310776165182344, ""move_vy"": 4.5908666418587165, ""kick_power"": 0.0, ""kick_dir"": null}, {""move_vx"": -0.0, ""move_vy"": 5.8, ""kick_power"": 0.0, ""kick_dir"": null}, {""move_vx"": 6.0, ""move_vy"": 0.0, ""kick_power"": 0.0, ""kick_dir"": null}, {""move_vx"": -4.242640687119285, ""move_vy"": 4.242640687119285, ""kick_power"": 0.0, ""kick_dir"": null}, {""move_vx"": -5.829498747127705, ""move_vy"": 2.388921170159562, ""kick_power"": 0.0, ""kick_dir"": null}, {""move_vx"": -0.0, ""move_vy"": 0.0, ""kick_power"": 1.0, ""kick_dir"": [-0.7497484699611756, -0.661722083851923]}, {""move_vx"": -5.399891721039956, ""move_vy"": 0.03419650631499022, ""kick_power"": 0.0, ""kick_dir"": null}, {""move_vx"": -3.4040210190793627, ""move_vy"": 5.037761497100265, ""kick_power"": 0.0, ""kick_dir"": null}]"
482,352,default,default,0,17.063180209698615,54.490285751938444,17,B,,25.076373302483372,-0.029076953787813928,0.4773266223320514,"[{""move_vx"": 5.0, ""move_vy"": 0.0, ""kick_power"": 0.0, ""kick_dir"": null}, {""move_vx"": -4.1012193308819755, ""move_vy"": 4.1012193308819755, ""kick_power"": 0.0, ""kick_dir"": null}, {""move_vx"": 3.8183766184073566, ""move_vy"": 3.8183766184073566, ""kick_power"": 0.0, ""kick_dir"": null}, {""move_vx"": 0.0, ""move_vy"": 0.0, ""kick_power"": 0.0, ""kick_dir"": null}, {""move_vx"": -7.1735168718702695, ""move_vy"": 2.3221230994485587, ""kick_power"": 0.0, ""kick_dir"": null}, {""move_vx"": -4.313351365237939, ""move_vy"": -4.313351365237939, ""kick_power"": 0.0, ""kick_dir"": null}, {""move_vx"": 4.242640687119285, ""move_vy"": -4.242640687119285, ""kick_power"": 0.0, ""kick_dir"": null}, {""move_vx"": 0.0, ""move_vy"": -6.0, ""kick_power"": 0.0, ""kick_dir"": null}, {""move_vx"": -4.313351365237939, ""move_vy"": 4.313351365237939, ""kick_power"": 0.0, ""kick_dir"": null}, {""move_vx"": -6.0, ""move_vy"": 0.0, ""kick_power"": 0.0, ""kick_dir"": null}, {""move_vx"": 0.0, ""move_vy"": 6.0, ""kick_power"": 0.0, ""kick_dir"": null}, {""move_vx"": -1.5150380985494198, ""move_vy"": -3.9707882794155314, ""kick_power"": 0.0, ""kick_dir"": null}, {""move_vx"": -4.937827907671893, ""move_vy"": 4.90504388912236, ""kick_power"": 0.0, ""kick_dir"": null}, {""move_vx"": 4.247011610838495, ""move_vy"": 1.7409745481778327, ""kick_power"": 0.0, ""kick_dir"": null}, {""move_vx"": -5.35152140550267, ""move_vy"": 4.543304815489132, ""kick_power"": 0.0, ""kick_dir"": null}, {""move_vx"": -0.0, ""move_vy"": 0.0, ""kick_power"": 0.9, ""kick_dir"": [-0.39892662588792593, -0.9169827897844098]}, {""move_vx"": 6.0, ""move_vy"": 0.0, ""kick_power"": 0.0, ""kick_dir"": null}, {""move_vx"": -4.242640687119285, ""move_vy"": 4.242640687119285, ""kick_power"": 0.0, ""kick_dir"": null}, {""move_vx"": -0.0, ""move_vy"": 0.0, ""kick_power"": 0.4, ""kick_dir"": [-0.9909565325090839, -0.134182934986413]}, {""move_vx"": -0.0, ""move_vy"": 0.0, ""kick_power"": 1.0, ""kick_dir"": [-0.7497484699611756, -0.661722083851923]}, {""move_vx"": -5.399435281473883, ""move_vy"": 0.07809379728918635, ""kick_power"": 0.0, ""kick_dir"": null}, {""move_vx"": -0.0, ""move_vy"": 0.0, ""kick_power"": 0.7, ""kick_dir"": [-0.7435748520626861, -0.6686526384127016]}]"
482,353,default,default,0,16.880023193236042,54.89632664011056,17,B,,25.07100663081655,-0.051649819447578696,0.4509221183968526,"[{""move_vx"": 5.0, ""move_vy"": 0.0, ""kick_power"": 0.0, ""kick_dir"": null}, {""move_vx"": -4.1012193308819755, ""move_vy"": 4.1012193308819755, ""kick_power"": 0.0, ""kick_dir"": null}, {""move_vx"": 3.8183766184073566, ""move_vy"": 3.8183766184073566, ""kick_power"": 0.0, ""kick_dir"": null}, {""move_vx"": 5.874414562596484, ""move_vy"": -0.8802576592989004, ""kick_power"": 0.0, ""kick_dir"": null}, {""move_vx"": -7.230343052788568, ""move_vy"": 2.1386302483113138, ""kick_power"": 0.0, ""kick_dir"": null}, {""move_vx"": -4.313351365237939, ""move_vy"": -4.313351365237939, ""kick_power"": 0.0, ""kick_dir"": null}, {""move_vx"": 4.242640687119285, ""move_vy"": -4.242640687119285, ""kick_power"": 0.0, ""kick_dir"": null}, {""move_vx"": 0.0, ""move_vy"": -6.0, ""kick_power"": 0.0, ""kick_dir"": null}, {""move_vx"": -4.313351365237939, ""move_vy"": 4.313351365237939, ""kick_power"": 0.0, ""kick_dir"": null}, {""move_vx"": -6.0, ""move_vy"": 0.0, ""kick_power"": 0.0, ""kick_dir"": null}, {""move_vx"": 0.0, ""move_vy"": 6.0, ""kick_power"": 0.0, ""kick_dir"": null}, {""move_vx"": -1.5440102230679964, ""move_vy"": -3.959612661746287, ""kick_power"": 0.0, ""kick_dir"": null}, {""move_vx"": -4.962091854755617, ""move_vy"": 4.880496329777122, ""kick_power"": 0.0, ""kick_dir"": null}, {""move_vx"": 4.247011610838495, ""move_vy"": 1.7409745481778327, ""kick_power"": 0.0, ""kick_dir"": null}, {""move_vx"": -5.934591995928257, ""move_vy"": 3.7498023737077486, ""kick_power"": 0.0, ""kick_dir"": null}, {""move_vx"": -0.0, ""move_vy"": 0.0, ""kick_power"": 0.6, ""kick_dir"": [-0.6066480333291456, -0.7949705125957601]}, {""move_vx"": 6.0, ""move_vy"": 0.0, ""kick_power"": 0.0, ""kick_dir"": null}, {""move_vx"": -4.242640687119285, ""move_vy"": 4.242640687119285, ""kick_power"": 0.0, ""kick_dir"": null}, {""move_vx"": -5.834395484955359, ""move_vy"": 2.3769369628016084, ""kick_power"": 0.0, ""kick_dir"": null}, {""move_vx"": 4.0619475512106495, ""move_vy"": 4.0838930068274095, ""kick_power"": 0.0, ""kick_dir"": null}, {""move_vx"": -5.399961431503231, ""move_vy"": 0.020409269403289697, ""kick_power"": 0.0, ""kick_dir"": null}, {""move_vx"": -3.5455586190549107, ""move_vy"": 4.939171395977814, ""kick_power"": 0.0, ""kick_dir"": null}]"
482,354,default,default,0,16.411003717229992,54.76742881763091,17,B,,25.069585610438978,-0.04201706343672953,0.4823117174191538,"[{""move_vx"": 5.0, ""move_vy"": 0.0, ""kick_power"": 0.0, ""kick_dir"": null}, {""move_vx"": 5.8, ""move_vy"": 0.0, ""kick_power"": 0.0, ""kick_dir"": null}, {""move_vx"": 3.8183766184073566, ""move_vy"": 3.8183766184073566, ""kick_power"": 0.0, ""kick_dir"": null}, {""move_vx"": 0.0, ""move_vy"": 0.0, ""kick_power"": 0.0, ""kick_dir"": null}, {""move_vx"": -7.157822199979676, ""move_vy"": 2.3700593565305743, ""kick_power"": 0.0, ""kick_dir"": null}, {""move_vx"": -4.313351365237939, ""move_vy"": -4.313351365237939, ""kick_power"": 0.0, ""kick_dir"": null}, {""move_vx"": 0.0, ""move_vy"": 6.0, ""kick_power"": 0.0, ""kick_dir"": null}, {""move_vx"": 0.0, ""move_vy"": 0.0, ""kick_power"": 0.9, ""kick_dir"": [-0.9577259401055621, 0.2876812340984109]}, {""move_vx"": -4.313351365237939, ""move_vy"": 4.313351365237939, ""kick_power"": 0.0, ""kick_dir"": null}, {""move_vx"": -6.0, ""move_vy"": 0.0, ""kick_power"": 0.0, ""kick_dir"": null}, {""move_vx"": 0.0, ""move_vy"": 6.0, ""kick_power"": 0.0, ""kick_dir"": null}, {""move_vx"": -1.5741050333483564, ""move_vy"": -3.9477453494352157, ""kick_power"": 0.0, ""kick_dir"": null}, {""move_vx"": -4.896415881763608, ""move_vy"": 4.946383680307575, ""kick_power"": 0.0, ""kick_dir"": null}, {""move_vx"": 4.247011610838495, ""move_vy"": 1.7409745481778325, ""kick_power"": 0.0, ""kick_dir"": null}, {""move_vx"": -5.547376801375567, ""move_vy"": 4.301977524762327, ""kick_power"": 0.0, ""kick_dir"": null}, {""move_vx"": -0.0, ""move_vy"": 5.8, ""kick_power"": 0.0, ""kick_dir"": null}, {""move_vx"": 6.0, ""move_vy"": 0.0, ""kick_power"": 0.0, ""kick_dir"": null}, {""move_vx"": -4.242640687119285, ""move_vy"": 4.242640687119285, ""kick_power"": 0.0, ""kick_dir"": null}, {""move_vx"": -7.4996931545900765, ""move_vy"": 0.06784236872885005, ""kick_power"": 0.0, ""kick_dir"": null}, {""move_vx"": -0.0, ""move_vy"": 0.0, ""kick_power"": 1.0, ""kick_dir"": [-0.7421175254022903, -0.6702690948090472]}, {""move_vx"": -5.397634047545829, ""move_vy"": 0.15983331559484765, ""kick_power"": 0.0, ""kick_dir"": null}, {""move_vx"": -0.0, ""move_vy"": 0.0, ""kick_power"": 0.7, ""kick_dir"": [-0.7338527830651314, -0.6793084745804587]}]"
482,355,default,default,0,16.026422135403976,54.787438283585566,17,B,,25.06675964528435,-0.04566008313501526,0.4734101135254978,"[{""move_vx"": 5.0, ""move_vy"": 0.0, ""kick_power"": 0.0, ""kick_dir"": null}, {""move_vx"": -4.643761183905203, ""move_vy"": 5.18431114680199, ""kick_power"": 0.0, ""kick_dir"": null}, {""move_vx"": 3.8183766184073566, ""move_vy"": 3.8183766184073566, ""kick_power"": 0.0, ""kick_dir"": null}, {""move_vx"": 0.0, ""move_vy"": 0.0, ""kick_power"": 0.0, ""kick_dir"": null}, {""move_vx"": -7.2169127395925425, ""move_vy"": 2.183522500252027, ""kick_power"": 0.0, ""kick_dir"": null}, {""move_vx"": -4.313351365237939, ""move_vy"": -4.313351365237939, ""kick_power"": 0.0, ""kick_dir"": null}, {""move_vx"": 4.242640687119285, ""move_vy"": -4.242640687119285, ""kick_power"": 0.0, ""kick_dir"": null}, {""move_vx"": 0.0, ""move_vy"": -6.0, ""kick_power"": 0.0, ""kick_dir"": null}, {""move_vx"": -4.313351365237939, ""move_vy"": 4.313351365237939, ""kick_power"": 0.0, ""kick_dir"": null}, {""move_vx"": -6.0, ""move_vy"": 0.0, ""kick_power"": 0.0, ""kick_dir"": null}, {""move_vx"": 0.0, ""move_vy"": 6.0, ""kick_power"": 0.0, ""kick_dir"": null}, {""move_vx"": -1.6053815579612685, ""move_vy"": -3.935130246047499, ""kick_power"": 0.0, ""kick_dir"": null}, {""move_vx"": -4.928602542719303, ""move_vy"": 4.91431347961247, ""kick_power"": 0.0, ""kick_dir"": null}, {""move_vx"": 4.247011610838495, ""move_vy"": 1.7409745481778327, ""kick_power"": 0.0, ""kick_dir"": null}, {""move_vx"": -6.142980417777175, ""move_vy"": 3.397674438024657, ""kick_power"": 0.0, ""kick_dir"": null}, {""move_vx"": -0.0, ""move_vy"": 0.0, ""kick_power"": 0.6, ""kick_dir"": [-0.609837430729392, -0.7925265046645182]}, {""move_vx"": 6.0, ""move_vy"": 0.0, ""kick_power"": 0.0, ""kick_dir"": null}, {""move_vx"": -4.242640687119285, ""move_vy"": 4.242640687119285, ""kick_power"": 0.0, ""kick_dir"": null}, {""move_vx"": -5.816489907942643, ""move_vy"": 2.420422514934408, ""kick_power"": 0.0, ""kick_dir"": null}, {""move_vx"": -0.0, ""move_vy"": 0.0, ""kick_power"": 1.0, ""kick_dir"": [-0.7421175254022903, -0.6702690948090472]}, {""move_vx"": -5.398880626143047, ""move_vy"": 0.10994537124075075, ""kick_power"": 0.0, ""kick_dir"": null}, {""move_vx"": -0.0, ""move_vy"": 0.0, ""kick_power"": 0.65, ""kick_dir"": [0.9208078786130582, 0.3900159553044537]}]"
482,356,default,default,0,15.568936903009844,54.750337776367495,17,B,,25.06377178851014,-0.05280192531107129,0.4753826450065903,"[{""move_vx"": 5.0, ""move_vy"": 0.0, ""kick_power"": 0.0, ""kick_dir"": null}, {""move_vx"": 0.0, ""move_vy"": 0.0, ""kick_power"": 0.4, ""kick_dir"": [-0.7056772634306294, 0.7085331801599747]}, {""move_vx"": 5.27154594530247, ""move_vy"": 1.1708131134237827, ""kick_power"": 0.0, ""kick_dir"": null}, {""move_vx"": 0.0, ""move_vy"": 0.0, ""kick_power"": 0.0, ""kick_dir"": null}, {""move_vx"": -7.236231292386288, ""move_vy"": 2.1186214109862775, ""kick_power"": 0.0, ""kick_dir"": null}, {""move_vx"": -4.313351365237939, ""move_vy"": -4.313351365237939, ""kick_power"": 0.0, ""kick_dir"": null}, {""move_vx"": 4.735228722549382, ""move_vy"": 5.816150698283473, ""kick_power"": 0.0, ""kick_dir"": null}, {""move_vx"": 0.0, ""move_vy"": -6.0, ""kick_power"": 0.0, ""kick_dir"": null}, {""move_vx"": -4.313351365237939, ""move_vy"": 4.313351365237939, ""kick_power"": 0.0, ""kick_dir"": null}, {""move_vx"": -6.0, ""move_vy"": 0.0, ""kick_power"": 0.0, ""kick_dir"": null}, {""move_vx"": 0.0, ""move_vy"": 6.0, ""kick_power"": 0.0, ""kick_dir"": null}, {""move_vx"": -1.6379021030652738, ""move_vy"": -3.921705840673718, ""kick_power"": 0.0, ""kick_dir"": null}, {""move_vx"": -4.932832816436538, ""move_vy"": 4.910067250566612, ""kick_power"": 0.0, ""kick_dir"": null}, {""move_vx"": 4.247011610838495, ""move_vy"": 1.740974548177832, ""kick_power"": 0.0, ""kick_dir"": null}, {""move_vx"": -6.348391796218644, ""move_vy"": 2.996384755284912, ""kick_power"": 0.0, ""kick_dir"": null}, {""move_vx"": -0.0, ""move_vy"": 0.0, ""kick_power"": 0.6, ""kick_dir"": [-0.6152024323623864, -0.7883691520037295]}, {""move_vx"": 6.0, ""move_vy"": 0.0, ""kick_power"": 0.0, ""kick_dir"": null}, {""move_vx"": -6.0, ""move_vy"": 0.0, ""kick_power"": 0.0, ""kick_dir"": null}, {""move_vx"": -0.0, ""move_vy"": 0.0, ""kick_power"": 0.4, ""kick_dir"": [-0.5569323677215742, -0.8305577972094328]}, {""move_vx"": -0.0, ""move_vy"": 0.0, ""kick_power"": 1.0, ""kick_dir"": [-0.7421175254022903, -0.6702690948090472]}, {""move_vx"": -5.398790277329405, ""move_vy"": 0.11429585037738764, ""kick_power"": 0.0, ""kick_dir"": null}, {""move_vx"": -0.0, ""move_vy"": 0.0, ""kick_power"": 0.65, ""kick_dir"": [0.9020421644038421, 0.43164742665399836]}]"
482,357,default,default,0,15.943969254771357,55.44290829735039,17,B,,25.058716523579857,-0.010102201724621116,0.4202939512501075,"[{""move_vx"": 5.0, ""move_vy"": 0.0, ""kick_power"": 0.0, ""kick_dir"": null}, {""move_vx"": 0.0, ""move_vy"": 0.0, ""kick_power"": 0.9, ""kick_dir"": [-0.15512967561466057, -0.9878940674059129]}, {""move_vx"": 5.27154594530247, ""move_vy"": 1.1708131134237831, ""kick_power"": 0.0, ""kick_dir"": null}, {""move_vx"": 0.0, ""move_vy"": 0.0, ""kick_power"": 0.0, ""kick_dir"": null}, {""move_vx"": -7.269402746324053, ""move_vy"": 2.0018450768569296, ""kick_power"": 0.0, ""kick_dir"": null}, {""move_vx"": -4.313351365237939, ""move_vy"": -4.313351365237939, ""kick_power"": 0.0, ""kick_dir"": null}, {""move_vx"": 4.242640687119285, ""move_vy"": -4.242640687119285, ""kick_power"": 0.0, ""kick_dir"": null}, {""move_vx"": 0.0, ""move_vy"": -6.0, ""kick_power"": 0.0, ""kick_dir"": null}, {""move_vx"": -4.313351365237939, ""move_vy"": 4.313351365237939, ""kick_power"": 0.0, ""kick_dir"": null}, {""move_vx"": -6.0, ""move_vy"": 0.0, ""kick_power"": 0.0, ""kick_dir"": null}, {""move_vx"": 0.0, ""move_vy"": 6.0, ""kick_power"": 0.0, ""kick_dir"": null}, {""move_vx"": -1.6717323379698399, ""move_vy"": -3.907404636096176, ""kick_power"": 0.0, ""kick_dir"": null}, {""move_vx"": -4.9522527856541485, ""move_vy"": 4.890479766544457, ""kick_power"": 0.0, ""kick_dir"": null}, {""move_vx"": 4.247011610838496, ""move_vy"": 1.7409745481778325, ""kick_power"": 0.0, ""kick_dir"": null}, {""move_vx"": -6.618500631744349, ""move_vy"": 2.340053287341905, ""kick_power"": 0.0, ""kick_dir"": null}, {""move_vx"": -0.0, ""move_vy"": 0.0, ""kick_power"": 0.6, ""kick_dir"": [-0.6205162224637498, -0.7841935796587557]}, {""move_vx"": 6.0, ""move_vy"": 0.0, ""kick_power"": 0.0, ""kick_dir"": null}, {""move_vx"": 4.242640687119285, ""move_vy"": -4.242640687119285, ""kick_power"": 0.0, ""kick_dir"": null}, {""move_vx"": -5.8262924074319375, ""move_vy"": 2.3967304360526174, ""kick_power"": 0.0, ""kick_dir"": null}, {""move_vx"": -0.0, ""move_vy"": 0.0, ""kick_power"": 1.0, ""kick_dir"": [-0.7421175254022903, -0.6702690948090472]}, {""move_vx"": -5.399123598334555, ""move_vy"": 0.0972849932257404, ""kick_power"": 0.0, ""kick_dir"": null}, {""move_vx"": -0.0, ""move_vy"": 0.0, ""kick_power"": 0.65, ""kick_dir"": [0.8780402533613662, 0.47858629840986244]}]"
482,358,default,default,0,15.182308701142581,54.977940240473195,17,B,,25.057856399677515,-0.05374944321617046,0.5060973108650971,"[{""move_vx"": 5.0, ""move_vy"": 0.0, ""kick_power"": 0.0, ""kick_dir"": null}, {""move_vx"": -4.1012193308819755, ""move_vy"": 4.1012193308819755, ""kick_power"": 0.0, ""kick_dir"": null}, {""move_vx"": 5.27154594530247, ""move_vy"": 1.1708131134237825, ""kick_power"": 0.0, ""kick_dir"": null}, {""move_vx"": 0.0, ""move_vy"": 0.0, ""kick_power"": 0.0, ""kick_dir"": null}, {""move_vx"": -7.084988255929219, ""move_vy"": 2.5796397836413214, ""kick_power"": 0.0, ""kick_dir"": null}, {""move_vx"": -4.313351365237939, ""move_vy"": -4.313351365237939, ""kick_power"": 0.0, ""kick_dir"": null}, {""move_vx"": 0.0, ""move_vy"": 6.0, ""kick_power"": 0.0, ""kick_dir"": null}, {""move_vx"": 0.0, ""move_vy"": -6.0, ""kick_power"": 0.0, ""kick_dir"": null}, {""move_vx"": -4.313351365237939, ""move_vy"": 4.313351365237939, ""kick_power"": 0.0, ""kick_dir"": null}, {""move_vx"": -6.0, ""move_vy"": 0.0, ""kick_power"": 0.0, ""kick_dir"": null}, {""move_vx"": 0.0, ""move_vy"": 6.0, ""kick_power"": 0.0, ""kick_dir"": null}, {""move_vx"": -1.7069413497461525, ""move_vy"": -3.892152518661978, ""kick_power"": 0.0, ""kick_dir"": null}, {""move_vx"": -4.785832055344329, ""move_vy"": 5.0534554057633345, ""kick_power"": 0.0, ""kick_dir"": null}, {""move_vx"": 4.247011610838495, ""move_vy"": 1.7409745481778318, ""kick_power"": 0.0, ""kick_dir"": null}, {""move_vx"": -5.549227755570605, ""move_vy"": 4.2995896684224215, ""kick_power"": 0.0, ""kick_dir"": null}, {""move_vx"": -0.0, ""move_vy"": 5.8, ""kick_power"": 0.0, ""kick_dir"": null}, {""move_vx"": 6.0, ""move_vy"": 0.0, ""kick_power"": 0.0, ""kick_dir"": null}, {""move_vx"": -4.242640687119285, ""move_vy"": 4.242640687119285, ""kick_power"": 0.0, ""kick_dir"": null}, {""move_vx"": -5.776957475542518, ""move_vy"": 2.513316996674602, ""kick_power"": 0.0, ""kick_dir"": null}, {""move_vx"": -0.0, ""move_vy"": 0.0, ""kick_power"": 1.0, ""kick_dir"": [-0.7421175254022903, -0.6702690948090472]}, {""move_vx"": -5.387233588330835, ""move_vy"": 0.3710987264328407, ""kick_power"": 0.0, ""kick_dir"": null}, {""move_vx"": -0.0, ""move_vy"": 0.0, ""kick_power"": 0.65, ""kick_dir"": [0.8596963840702817, 0.510804924901774]}]"
482,359,default,default,0,15.479982586187282,55.61128488526935,17,B,,25.053214151475792,-0.01485154179667424,0.42764366162565093,"[{""move_vx"": 5.0, ""move_vy"": 0.0, ""kick_power"": 0.0, ""kick_dir"": null}, {""move_vx"": 0.0, ""move_vy"": 0.0, ""kick_power"": 0.4, ""kick_dir"": [-0.5686985333003329, 0.8225458116927146]}, {""move_vx"": 5.271545945302471, ""move_vy"": 1.1708131134237834, ""kick_power"": 0.0, ""kick_dir"": null}, {""move_vx"": 0.0, ""move_vy"": 0.0, ""kick_power"": 0.0, ""kick_dir"": null}, {""move_vx"": -7.253288279579882, ""move_vy"": 2.059468167588199, ""kick_power"": 0.0, ""kick_dir"": null}, {""move_vx"": -4.313351365237939, ""move_vy"": -4.313351365237939, ""kick_power"": 0.0, ""kick_dir"": null}, {""move_vx"": 4.242640687119285, ""move_vy"": -4.242640687119285, ""kick_power"": 0.0, ""kick_dir"": null}, {""move_vx"": 0.0, ""move_vy"": -6.0, ""kick_power"": 0.0, ""kick_dir"": null}, {""move_vx"": -4.313351365237939, ""move_vy"": 4.313351365237939, ""kick_power"": 0.0, ""kick_dir"": null}, {""move_vx"": -6.0, ""move_vy"": 0.0, ""kick_power"": 0.0, ""kick_dir"": null}, {""move_vx"": 0.0, ""move_vy"": 6.0, ""kick_power"": 0.0, ""kick_dir"": null}, {""move_vx"": -1.7436016555874179, ""move_vy"": -3.875868066205662, ""kick_power"": 0.0, ""kick_dir"": null}, {""move_vx"": -4.894493071814014, ""move_vy"": 4.948286326594756, ""kick_power"": 0.0, ""kick_dir"": null}, {""move_vx"": 4.247011610838496, ""move_vy"": 1.740974548177832, ""kick_power"": 0.0, ""kick_dir"": null}, {""move_vx"": -6.6720071648044215, ""move_vy"": 2.182823949107775, ""kick_power"": 0.0, ""kick_dir"": null}, {""move_vx"": -0.0, ""move_vy"": 0.0, ""kick_power"": 0.6, ""kick_dir"": [-0.6213448005540116, -0.7835372307571022]}, {""move_vx"": 6.0, ""move_vy"": 0.0, ""kick_power"": 0.0, ""kick_dir"": null}, {""move_vx"": 4.242640687119285, ""move_vy"": -4.242640687119285, ""kick_power"": 0.0, ""kick_dir"": null}, {""move_vx"": -5.807681394154278, ""move_vy"": 2.4414825053631306, ""kick_power"": 0.0, ""kick_dir"": null}, {""move_vx"": -0.0, ""move_vy"": 0.0, ""kick_power"": 1.0, ""kick_dir"": [-0.7421175254022903, -0.6702690948090472]}, {""move_vx"": -5.397345435816641, ""move_vy"": 0.1692992807701237, ""kick_power"": 0.0, ""kick_dir"": null}, {""move_vx"": -0.0, ""move_vy"": 0.0, ""kick_power"": 0.65, ""kick_dir"": [0.8306619775879698, 0.5567766086892633]}]"
482,360,default,default,0,15.564068448702447,55.8195204089384,17,B,,25.05406502747378,-0.005819142016405234,0.4535326965256677,"[{""move_vx"": -3.5355339059327373, ""move_vy"": 3.5355339059327373, ""kick_power"": 0.0, ""kick_dir"": null}, {""move_vx"": 5.8, ""move_vy"": 0.0, ""kick_power"": 0.0, ""kick_dir"": null}, {""move_vx"": 5.27154594530247, ""move_vy"": 1.1708131134237827, ""kick_power"": 0.0, ""kick_dir"": null}, {""move_vx"": -3.8183766184073566, ""move_vy"": -3.8183766184073566, ""kick_power"": 0.0, ""kick_dir"": null}, {""move_vx"": -7.074684331129565, ""move_vy"": 2.6077656364922497, ""kick_power"": 0.0, ""kick_dir"": null}, {""move_vx"": -4.313351365237939, ""move_vy"": -4.313351365237939, ""kick_power"": 0.0, ""kick_dir"": null}, {""move_vx"": 0.0, ""move_vy"": 6.0, ""kick_power"": 0.0, ""kick_dir"": null}, {""move_vx"": 0.0, ""move_vy"": -6.0, ""kick_power"": 0.0, ""kick_dir"": null}, {""move_vx"": -4.313351365237939, ""move_vy"": 4.313351365237939, ""kick_power"": 0.0, ""kick_dir"": null}, {""move_vx"": -6.0, ""move_vy"": 0.0, ""kick_power"": 0.0, ""kick_dir"": null}, {""move_vx"": 0.0, ""move_vy"": 6.0, ""kick_power"": 0.0, ""kick_dir"": null}, {""move_vx"": -3.5355339059327373, ""move_vy"": -3.5355339059327373, ""kick_power"": 0.0, ""kick_dir"": null}, {""move_vx"": -4.7433193463572545, ""move_vy"": 5.093380172191449, ""kick_power"": 0.0, ""kick_dir"": null}, {""move_vx"": 4.247011610838495, ""move_vy"": 1.7409745481778316, ""kick_power"": 0.0, ""kick_dir"": null}, {""move_vx"": -5.791461977031362, ""move_vy"": 3.967287255619386, ""kick_power"": 0.0, ""kick_dir"": null}, {""move_vx"": -0.0, ""move_vy"": 5.8, ""kick_power"": 0.0, ""kick_dir"": null}, {""move_vx"": 6.0, ""move_vy"": 0.0, ""kick_power"": 0.0, ""kick_dir"": null}, {""move_vx"": 4.803661934806228, ""move_vy"": -1.7131351423906085, ""kick_power"": 0.0, ""kick_dir"": null}, {""move_vx"": -5.761734594409093, ""move_vy"": 2.5480216764363464, ""kick_power"": 0.0, ""kick_dir"": null}, {""move_vx"": -0.0, ""move_vy"": 0.0, ""kick_power"": 1.0, ""kick_dir"": [-0.7421175254022903, -0.6702690948090472]}, {""move_vx"": -5.382077503438352, ""move_vy"": 0.4395927057888875, ""kick_power"": 0.0, ""kick_dir"": null}, {""move_vx"": -0.0, ""move_vy"": 0.0, ""kick_power"": 0.65, ""kick_dir"": [0.8083137622039119, 0.5887515480783023]}]"
482,361,default,default,0,14.75579248140897,55.34320923964292,17,B,,25.051994395834733,-0.05219840001471212,0.5149325744522314,"[{""move_vx"": 5.0, ""move_vy"": 0.0, ""kick_power"": 0.0, ""kick_dir"": null}, {""move_vx"": -4.644253572023449, ""move_vy"": 5.18387005612095, ""kick_power"": 0.0, ""kick_dir"": null}, {""move_vx"": 5.27154594530247, ""move_vy"": 1.1708131134237834, ""kick_power"": 0.0, ""kick_dir"": null}, {""move_vx"": -1.298112653054279, ""move_vy"": 4.963043777761826, ""kick_power"": 0.0, ""kick_dir"": null}, {""move_vx"": -7.003606850350743, ""move_vy"": 2.7930433376015, ""kick_power"": 0.0, ""kick_dir"": null}, {""move_vx"": -2.2699930620595548, ""move_vy"": 4.998722986743863, ""kick_power"": 0.0, ""kick_dir"": null}, {""move_vx"": 0.0, ""move_vy"": 6.0, ""kick_power"": 0.0, ""kick_dir"": null}, {""move_vx"": 0.0, ""move_vy"": -6.0, ""kick_power"": 0.0, ""kick_dir"": null}, {""move_vx"": -4.313351365237939, ""move_vy"": 4.313351365237939, ""kick_power"": 0.0, ""kick_dir"": null}, {""move_vx"": -6.0, ""move_vy"": 0.0, ""kick_power"": 0.0, ""kick_dir"": null}, {""move_vx"": 0.0, ""move_vy"": 6.0, ""kick_power"": 0.0, ""kick_dir"": null}, {""move_vx"": -1.80762041183862, ""move_vy"": -3.846428011376838, ""kick_power"": 0.0, ""kick_dir"": null}, {""move_vx"": -4.667503344901424, ""move_vy"": 5.16294610908675, ""kick_power"": 0.0, ""kick_dir"": null}, {""move_vx"": 4.247011610838495, ""move_vy"": 1.7409745481778316, ""kick_power"": 0.0, ""kick_dir"": null}, {""move_vx"": -5.4929528870011906, ""move_vy"": 4.371254806252468, ""kick_power"": 0.0, ""kick_dir"": null}, {""move_vx"": -0.0, ""move_vy"": 5.8, ""kick_power"": 0.0, ""kick_dir"": null}, {""move_vx"": 6.0, ""move_vy"": 0.0, ""kick_power"": 0.0, ""kick_dir"": null}, {""move_vx"": -4.242640687119285, ""move_vy"": 4.242640687119285, ""kick_power"": 0.0, ""kick_dir"": null}, {""move_vx"": -5.740393818718383, ""move_vy"": 2.595742438305426, ""kick_power"": 0.0, ""kick_dir"": null}, {""move_vx"": -0.0, ""move_vy"": 0.0, ""kick_power"": 1.0, ""kick_dir"": [-0.7421175254022903, -0.6702690948090472]}, {""move_vx"": -3.5275212958471824, ""move_vy"": 4.853513521908085, ""kick_power"": 0.0, ""kick_dir"": null}, {""move_vx"": -0.0, ""move_vy"": 0.0, ""kick_power"": 0.65, ""kick_dir"": [0.7878749143027334, 0.615834924026768]}]"
482,362,default,default,0,14.106066190846867,54.59068647864079,-1,,,25.052339493564265,-0.037179740288123375,-0.24037192829012402,"[{""move_vx"": 5.0, ""move_vy"": 0.0, ""kick_power"": 0.0, ""kick_dir"": null}, {""move_vx"": 0.0, ""move_vy"": 0.0, ""kick_power"": 0.4, ""kick_dir"": [-0.42720899835040116, 0.9041526914455705]}, {""move_vx"": 5.271545945302471, ""move_vy"": 1.170813113423783, ""kick_power"": 0.0, ""kick_dir"": null}, {""move_vx"": 0.0, ""move_vy"": 0.0, ""kick_power"": 0.0, ""kick_dir"": null}, {""move_vx"": -7.217706518825112, ""move_vy"": 2.1808972025543722, ""kick_power"": 0.0, ""kick_dir"": null}, {""move_vx"": -4.313351365237939, ""move_vy"": -4.313351365237939, ""kick_power"": 0.0, ""kick_dir"": null}, {""move_vx"": 4.242640687119285, ""move_vy"": -4.242640687119285, ""kick_power"": 0.0, ""kick_dir"": null}, {""move_vx"": 0.0, ""move_vy"": -6.0, ""kick_power"": 0.0, ""kick_dir"": null}, {""move_vx"": -4.313351365237939, ""move_vy"": 4.313351365237939, ""kick_power"": 0.0, ""kick_dir"": null}, {""move_vx"": -6.0, ""move_vy"": 0.0, ""kick_power"": 0.0, ""kick_dir"": null}, {""move_vx"": 0.0, ""move_vy"": 6.0, ""kick_power"": 0.0, ""kick_dir"": null}, {""move_vx"": -1.8488831042553069, ""move_vy"": -3.8267651177984865, ""kick_power"": 0.0, ""kick_dir"": null}, {""move_vx"": -4.787061398852976, ""move_vy"": 5.052290882719619, ""kick_power"": 0.0, ""kick_dir"": null}, {""move_vx"": 4.247011610838496, ""move_vy"": 1.7409745481778318, ""kick_power"": 0.0, ""kick_dir"": null}, {""move_vx"": -6.673613223058991, ""move_vy"": 2.177908755896856, ""kick_power"": 0.0, ""kick_dir"": null}, {""move_vx"": -0.0, ""move_vy"": 0.0, ""kick_power"": 0.6, ""kick_dir"": [-0.6265617905843387, -0.7793717186549239]}, {""move_vx"": 6.0, ""move_vy"": 0.0, ""kick_power"": 0.0, ""kick_dir"": null}, {""move_vx"": -0.0, ""move_vy"": 0.0, ""kick_power"": 0.6, ""kick_dir"": [-0.6535162897834704, -0.756912395098341]}, {""move_vx"": -5.774298037005074, ""move_vy"": 2.5194210009125837, ""kick_power"": 0.0, ""kick_dir"": null}, {""move_vx"": -0.0, ""move_vy"": 0.0, ""kick_power"": 1.0, ""kick_dir"": [-0.7421175254022903, -0.6702690948090472]}, {""move_vx"": -5.399913809347056, ""move_vy"": 0.030509861077696473, ""kick_power"": 0.0, ""kick_dir"": null}, {""move_vx"": -0.0, ""move_vy"": 0.0, ""kick_power"": 0.65, ""kick_dir"": [0.928638494879888, 0.3709853962655084]}]"
482,363,default,default,0,13.471324678130925,53.85551931269707,-1,,,25.050894580467894,-0.04121099185403973,0.005929210984872434,"[{""move_vx"": -2.672564486472198, ""move_vy"": -3.6204142118889653, ""kick_power"": 0.0, ""kick_dir"": null}, {""move_vx"": 0.0, ""move_vy"": -5.8, ""kick_power"": 0.0, ""kick_dir"": null}, {""move_vx"": 3.8183766184073566, ""move_vy"": 3.8183766184073566, ""kick_power"": 0.0, ""kick_dir"": null}, {""move_vx"": 0.0, ""move_vy"": 5.4, ""kick_power"": 0.0, ""kick_dir"": null}, {""move_vx"": 0.0, ""move_vy"": 0.0, ""kick_power"": 0.4, ""kick_dir"": [0.9805824351499167, -0.19610727308661063]}, {""move_vx"": 0.0, ""move_vy"": 0.0, ""kick_power"": 0.65, ""kick_dir"": [0.8610338812266443, 0.5085471755405216]}, {""move_vx"": -4.242640687119285, ""move_vy"": -4.242640687119285, ""kick_power"": 0.0, ""kick_dir"": null}, {""move_vx"": 7.435805000386102, ""move_vy"": 0.97918537378428, ""kick_power"": 0.0, ""kick_dir"": null}, {""move_vx"": -6.347517668325574, ""move_vy"": 0.85618015060773, ""kick_power"": 0.0, ""kick_dir"": null}, {""move_vx"": 0.0, ""move_vy"": 0.0, ""kick_power"": 0.4, ""kick_dir"": [-0.01921729901999452, -0.9998149121819715]}, {""move_vx"": 0.0, ""move_vy"": 6.0, ""kick_power"": 0.0, ""kick_dir"": null}, {""move_vx"": -4.488519401422822, ""move_vy"": -0.3212375803839052, ""kick_power"": 0.0, ""kick_dir"": null}, {""move_vx"": -4.916988621157298, ""move_vy"": 4.925933708385616, ""kick_power"": 0.0, ""kick_dir"": null}, {""move_vx"": 4.247011610838496, ""move_vy"": 1.7409745481778316, ""kick_power"": 0.0, ""kick_dir"": null}, {""move_vx"": -0.0, ""move_vy"": 0.0, ""kick_power"": 0.0, ""kick_dir"": null}, {""move_vx"": -4.724163099984534, ""move_vy"": -5.876553667307439, ""kick_power"": 0.0, ""kick_dir"": null}, {""move_vx"": -0.0, ""move_vy"": 0.0, ""kick_power"": 0.65, ""kick_dir"": [0.6756976245214983, 0.7371787991201945]}, {""move_vx"": 4.242640687119285, ""move_vy"": -4.242640687119285, ""kick_power"": 0.0, ""kick_dir"": null}, {""move_vx"": -5.311104370065694, ""move_vy"": 0.9757921757572617, ""kick_power"": 0.0, ""kick_dir"": null}, {""move_vx"": 3.595686085950363, ""move_vy"": 4.499849060946708, ""kick_power"": 0.0, ""kick_dir"": null}, {""move_vx"": 4.988593789345306, ""move_vy"": -1.0601565945205649, ""kick_power"": 0.0, ""kick_dir"": null}, {""move_vx"": -4.301041343142328, ""move_vy"": 3.8312717685620314, ""kick_power"": 0.0, ""kick_dir"": null}]"
482,364,default,default,0,12.85122234609144,53.13730746597235,-1,,,25.04868915766487,-0.036633238355034875,-0.003687100361311609,"[{""move_vx"": -2.672564486472198, ""move_vy"": -3.6204142118889644, ""kick_power"": 0.0, ""kick_dir"": null}, {""move_vx"": 0.0, ""move_vy"": -5.8, ""kick_power"": 0.0, ""kick_dir"": null}, {""move_vx"": 3.8183766184073566, ""move_vy"": 3.8183766184073566, ""kick_power"": 0.0, ""kick_dir"": null}, {""move_vx"": 0.0, ""move_vy"": 5.4, ""kick_power"": 0.0, ""kick_dir"": null}, {""move_vx"": 0.0, ""move_vy"": 0.0, ""kick_power"": 0.4, ""kick_dir"": [0.9802553793910729, -0.19773559560704373]}, {""move_vx"": 0.0, ""move_vy"": 0.0, ""kick_power"": 0.0, ""kick_dir"": null}, {""move_vx"": -4.242640687119285, ""move_vy"": -4.242640687119285, ""kick_power"": 0.0, ""kick_dir"": null}, {""move_vx"": -6.0, ""move_vy"": 0.0, ""kick_power"": 0.0, ""kick_dir"": null}, {""move_vx"": -6.361761572929246, ""move_vy"": 0.7429769102743488, ""kick_power"": 0.0, ""kick_dir"": null}, {""move_vx"": 0.0, ""move_vy"": 0.0, ""kick_power"": 0.4, ""kick_dir"": [-0.01921729901999452, -0.9998149121819715]}, {""move_vx"": 0.0, ""move_vy"": 6.0, ""kick_power"": 0.0, ""kick_dir"": null}, {""move_vx"": -4.488574955923511, ""move_vy"": -0.32046039545668115, ""kick_power"": 0.0, ""kick_dir"": null}, {""move_vx"": -5.041049399597301, ""move_vy"": 4.798897889184524, ""kick_power"": 0.0, ""kick_dir"": null}, {""move_vx"": 4.247011610838496, ""move_vy"": 1.7409745481778316, ""kick_power"": 0.0, ""kick_dir"": null}, {""move_vx"": -0.0, ""move_vy"": 0.0, ""kick_power"": 0.0, ""kick_dir"": null}, {""move_vx"": -4.733610138278797, ""move_vy"": -5.868946673704251, ""kick_power"": 0.0, ""kick_dir"": null}, {""move_vx"": -6.734822037892793, ""move_vy"": 3.300329092365422, ""kick_power"": 0.0, ""kick_dir"": null}, {""move_vx"": 4.242640687119285, ""move_vy"": -4.242640687119285, ""kick_power"": 0.0, ""kick_dir"": null}, {""move_vx"": 6.0, ""move_vy"": 0.0, ""kick_power"": 0.0, ""kick_dir"": null}, {""move_vx"": 3.542024045499003, ""move_vy"": 4.542209336997457, ""kick_power"": 0.0, ""kick_dir"": null}, {""move_vx"": 4.988593789345306, ""move_vy"": -1.0601565945205647, ""kick_power"": 0.0, ""kick_dir"": null}, {""move_vx"": -5.3704097843417875, ""move_vy"": 2.0823781472744116, ""kick_power"": 0.0, ""kick_dir"": null}]"
482,365,default,default,0,12.24542156814092,52.4356598942754,-1,,,25.045827390582534,-0.0454122295248397,-0.009552372043875972,"[{""move_vx"": -2.672564486472199, ""move_vy"": -3.6204142118889653, ""kick_power"": 0.0, ""kick_dir"": null}, {""move_vx"": 0.0, ""move_vy"": 0.0, ""kick_power"": 0.4, ""kick_dir"": [0.9996742876517366, 0.025520357052917053]}, {""move_vx"": 3.8183766184073566, ""move_vy"": 3.8183766184073566, ""kick_power"": 0.0, ""kick_dir"": null}, {""move_vx"": 0.0, ""move_vy"": 5.4, ""kick_power"": 0.0, ""kick_dir"": null}, {""move_vx"": 0.0, ""move_vy"": 0.0, ""kick_power"": 0.4, ""kick_dir"": [0.9799350031323341, -0.19931724497193912]}, {""move_vx"": -1.8687485766318142, ""move_vy"": 5.485417373120897, ""kick_power"": 0.0, ""kick_dir"": null}, {""move_vx"": -4.242640687119285, ""move_vy"": -4.242640687119285, ""kick_power"": 0.0, ""kick_dir"": null}, {""move_vx"": 7.43730031717289, ""move_vy"": 0.9677623634860123, ""kick_power"": 0.0, ""kick_dir"": null}, {""move_vx"": -6.373571031204463, ""move_vy"": 0.6337328381828421, ""kick_power"": 0.0, ""kick_dir"": null}, {""move_vx"": 0.0, ""move_vy"": 0.0, ""kick_power"": 0.4, ""kick_dir"": [-0.01921729901999452, -0.9998149121819715]}, {""move_vx"": 0.0, ""move_vy"": 6.0, ""kick_power"": 0.0, ""kick_dir"": null}, {""move_vx"": -4.48863027689201, ""move_vy"": -0.31968459044557057, ""kick_power"": 0.0, ""kick_dir"": null}, {""move_vx"": -5.1550376934323205, ""move_vy"": 4.6762363476723445, ""kick_power"": 0.0, ""kick_dir"": null}, {""move_vx"": 4.247011610838496, ""move_vy"": 1.7409745481778314, ""kick_power"": 0.0, ""kick_dir"": null}, {""move_vx"": -0.0, ""move_vy"": 0.0, ""kick_power"": 0.0, ""kick_dir"": null}, {""move_vx"": -4.742224475415478, ""move_vy"": -5.861988316669558, ""kick_power"": 0.0, ""kick_dir"": null}, {""move_vx"": -6.734822037892793, ""move_vy"": 3.300329092365423, ""kick_power"": 0.0, ""kick_dir"": null}, {""move_vx"": 4.242640687119285, ""move_vy"": -4.242640687119285, ""kick_power"": 0.0, ""kick_dir"": null}, {""move_vx"": 6.0, ""move_vy"": 0.0, ""kick_power"": 0.0, ""kick_dir"": null}, {""move_vx"": -0.0, ""move_vy"": 6.4, ""kick_power"": 0.0, ""kick_dir"": null}, {""move_vx"": 4.988593789345305, ""move_vy"": -1.0601565945205642, ""kick_power"": 0.0, ""kick_dir"": null}, {""move_vx"": -5.752496198295284, ""move_vy"": 0.29391748603699036, ""kick_power"": 0.0, ""kick_dir"": null}]"
482,366,default,default,0,11.653592504446822,51.750194572151706,-1,,,25.042424053785293,-0.042638570718963216,-0.005192193230276677,"[{""move_vx"": -2.6725644864721994, ""move_vy"": -3.6204142118889644, ""kick_power"": 0.0, ""kick_dir"": null}, {""move_vx"": 0.0, ""move_vy"": -5.8, ""kick_power"": 0.0, ""kick_dir"": null}, {""move_vx"": 3.8183766184073566, ""move_vy"": 3.8183766184073566, ""kick_power"": 0.0, ""kick_dir"": null}, {""move_vx"": 0.0, ""move_vy"": 5.4, ""kick_power"": 0.0, ""kick_dir"": null}, {""move_vx"": 0.0, ""move_vy"": 0.0, ""kick_power"": 0.4, ""kick_dir"": [0.9796218072159357, -0.20085091297993257]}, {""move_vx"": 0.0, ""move_vy"": 0.0, ""kick_power"": 0.0, ""kick_dir"": null}, {""move_vx"": -4.242640687119285, ""move_vy"": -4.242640687119285, ""kick_power"": 0.0, ""kick_dir"": null}, {""move_vx"": -6.0, ""move_vy"": 0.0, ""kick_power"": 0.0, ""kick_dir"": null}, {""move_vx"": -6.3831710794278145, ""move_vy"": 0.5283483422481301, ""kick_power"": 0.0, ""kick_dir"": null}, {""move_vx"": 0.0, ""move_vy"": 0.0, ""kick_power"": 0.4, ""kick_dir"": [-0.0839514822857953, -0.9964693492195801]}, {""move_vx"": 0.0, ""move_vy"": 6.0, ""kick_power"": 0.0, ""kick_dir"": null}, {""move_vx"": -4.488685365152581, ""move_vy"": -0.318910163941249, ""kick_power"": 0.0, ""kick_dir"": null}, {""move_vx"": -5.263150973315274, ""move_vy"": 4.554211439106718, ""kick_power"": 0.0, ""kick_dir"": null}, {""move_vx"": 4.247011610838496, ""move_vy"": 1.7409745481778314, ""kick_power"": 0.0, ""kick_dir"": null}, {""move_vx"": -6.58111497959585, ""move_vy"": -2.4432203390891956, ""kick_power"": 0.0, ""kick_dir"": null}, {""move_vx"": -4.7501077166571, ""move_vy"": -5.855602162045734, ""kick_power"": 0.0, ""kick_dir"": null}, {""move_vx"": -6.734822037892792, ""move_vy"": 3.3003290923654234, ""kick_power"": 0.0, ""kick_dir"": null}, {""move_vx"": 4.242640687119285, ""move_vy"": -4.242640687119285, ""kick_power"": 0.0, ""kick_dir"": null}, {""move_vx"": 6.0, ""move_vy"": 0.0, ""kick_power"": 0.0, ""kick_dir"": null}, {""move_vx"": 3.4662184773656572, ""move_vy"": 4.600318409324393, ""kick_power"": 0.0, ""kick_dir"": null}, {""move_vx"": 4.988593789345306, ""move_vy"": -1.0601565945205638, ""kick_power"": 0.0, ""kick_dir"": null}, {""move_vx"": -5.661295372169392, ""move_vy"": -1.0617601937600716, ""kick_power"": 0.0, ""kick_dir"": null}]"
482,367,default,default,0,11.075412922343938,51.08053828488234,-1,,,25.03859229355697,-0.05357773702986556,-0.00548332652194373,"[{""move_vx"": -2.6725644864722, ""move_vy"": -3.620414211888964, ""kick_power"": 0.0, ""kick_dir"": null}, {""move_vx"": 0.0, ""move_vy"": -5.8, ""kick_power"": 0.0, ""kick_dir"": null}, {""move_vx"": 3.8183766184073566, ""move_vy"": 3.8183766184073566, ""kick_power"": 0.0, ""kick_dir"": null}, {""move_vx"": 0.0, ""move_vy"": 5.4, ""kick_power"": 0.0, ""kick_dir"": null}, {""move_vx"": 0.0, ""move_vy"": 0.0, ""kick_power"": 0.4, ""kick_dir"": [0.9793163022411645, -0.2023352527169846]}, {""move_vx"": 0.0, ""move_vy"": 0.0, ""kick_power"": 0.0, ""kick_dir"": null}, {""move_vx"": -4.242640687119285, ""move_vy"": -4.242640687119285, ""kick_power"": 0.0, ""kick_dir"": null}, {""move_vx"": 7.438765373023266, ""move_vy"": 0.9564359492982498, ""kick_power"": 0.0, ""kick_dir"": null}, {""move_vx"": -6.390769740103338, ""move_vy"": 0.4267166846744049, ""kick_power"": 0.0, ""kick_dir"": null}, {""move_vx"": 0.0, ""move_vy"": 0.0, ""kick_power"": 0.4, ""kick_dir"": [-0.0839514822857953, -0.9964693492195801]}, {""move_vx"": 0.0, ""move_vy"": 6.0, ""kick_power"": 0.0, ""kick_dir"": null}, {""move_vx"": -4.488740221527218, ""move_vy"": -0.31813711453362714, ""kick_power"": 0.0, ""kick_dir"": null}, {""move_vx"": -5.369804707759988, ""move_vy"": 4.427956345823507, ""kick_power"": 0.0, ""kick_dir"": null}, {""move_vx"": 4.247011610838496, ""move_vy"": 1.7409745481778311, ""kick_power"": 0.0, ""kick_dir"": null}, {""move_vx"": -6.491788894204303, ""move_vy"": -2.6715308257786723, ""kick_power"": 0.0, ""kick_dir"": null}, {""move_vx"": -4.757345922250642, ""move_vy"": -5.849723051226031, ""kick_power"": 0.0, ""kick_dir"": null}, {""move_vx"": -6.734822037892792, ""move_vy"": 3.3003290923654243, ""kick_power"": 0.0, ""kick_dir"": null}, {""move_vx"": -0.0, ""move_vy"": -6.0, ""kick_power"": 0.0, ""kick_dir"": null}, {""move_vx"": 6.0, ""move_vy"": 0.0, ""kick_power"": 0.0, ""kick_dir"": null}, {""move_vx"": 3.3946987138035074, ""move_vy"": 4.653345102450582, ""kick_power"": 0.0, ""kick_dir"": null}, {""move_vx"": 4.988593789345306, ""move_vy"": -1.0601565945205633, ""kick_power"": 0.0, ""kick_dir"": null}, {""move_vx"": -4.525483399593904, ""move_vy"": -4.525483399593904, ""kick_power"": 0.0, ""kick_dir"": null}]"
482,368,default,default,0,10.510568020888657,50.42632642528009,-1,,,25.034435354535656,-0.047306153348018104,-0.010125767354583284,"[{""move_vx"": -2.6725644864722002, ""move_vy"": -3.6204142118889635, ""kick_power"": 0.0, ""kick_dir"": null}, {""move_vx"": 0.0, ""move_vy"": -5.8, ""kick_power"": 0.0, ""kick_dir"": null}, {""move_vx"": 3.8183766184073566, ""move_vy"": 3.8183766184073566, ""kick_power"": 0.0, ""kick_dir"": null}, {""move_vx"": 0.0, ""move_vy"": 5.4, ""kick_power"": 0.0, ""kick_dir"": null}, {""move_vx"": 0.0, ""move_vy"": 0.0, ""kick_power"": 0.4, ""kick_dir"": [0.9790190086230078, -0.20376887640261696]}, {""move_vx"": 0.0, ""move_vy"": 0.0, ""kick_power"": 0.0, ""kick_dir"": null}, {""move_vx"": -4.242640687119285, ""move_vy"": -4.242640687119285, ""kick_power"": 0.0, ""kick_dir"": null}, {""move_vx"": -6.0, ""move_vy"": 0.0, ""kick_power"": 0.0, ""kick_dir"": null}, {""move_vx"": -6.39655878251988, ""move_vy"": 0.328725937169254, ""kick_power"": 0.0, ""kick_dir"": null}, {""move_vx"": 0.0, ""move_vy"": 0.0, ""kick_power"": 0.4, ""kick_dir"": [-0.0839514822857953, -0.9964693492195801]}, {""move_vx"": 0.0, ""move_vy"": 6.0, ""kick_power"": 0.0, ""kick_dir"": null}, {""move_vx"": -4.488794846835651, ""move_vy"": -0.317365440811862, ""kick_power"": 0.0, ""kick_dir"": null}, {""move_vx"": -4.1012193308819755, ""move_vy"": 4.1012193308819755, ""kick_power"": 0.0, ""kick_dir"": null}, {""move_vx"": 4.247011610838496, ""move_vy"": 1.7409745481778311, ""kick_power"": 0.0, ""kick_dir"": null}, {""move_vx"": -6.353581516808804, ""move_vy"": -2.985364619148815, ""kick_power"": 0.0, ""kick_dir"": null}, {""move_vx"": -4.76401243379533, ""move_vy"": -5.844295126928782, ""kick_power"": 0.0, ""kick_dir"": null}, {""move_vx"": -6.734822037892791, ""move_vy"": 3.3003290923654247, ""kick_power"": 0.0, ""kick_dir"": null}, {""move_vx"": 4.242640687119285, ""move_vy"": -4.242640687119285, ""kick_power"": 0.0, ""kick_dir"": null}, {""move_vx"": 6.0, ""move_vy"": 0.0, ""kick_power"": 0.0, ""kick_dir"": null}, {""move_vx"": 3.3140494537887086, ""move_vy"": 4.711122606963523, ""kick_power"": 0.0, ""kick_dir"": null}, {""move_vx"": 4.988593789345306, ""move_vy"": -1.0601565945205629, ""kick_power"": 0.0, ""kick_dir"": null}, {""move_vx"": -4.525483399593904, ""move_vy"": -4.525483399593904, ""kick_power"": 0.0, ""kick_dir"": null}]"
482,369,default,default,0,9.958750259459556,49.787202795172114,-1,,,25.03004251002246,-0.05379727725302391,-0.013573930632612832,"[{""move_vx"": -2.6725644864722002, ""move_vy"": -3.620414211888963, ""kick_power"": 0.0, ""kick_dir"": null}, {""move_vx"": 0.0, ""move_vy"": -5.8, ""kick_power"": 0.0, ""kick_dir"": null}, {""move_vx"": 3.8183766184073566, ""move_vy"": 3.8183766184073566, ""kick_power"": 0.0, ""kick_dir"": null}, {""move_vx"": 0.0, ""move_vy"": 5.4, ""kick_power"": 0.0, ""kick_dir"": null}, {""move_vx"": 0.0, ""move_vy"": 0.0, ""kick_power"": 0.4, ""kick_dir"": [0.9787304566563249, -0.20515035304822227]}, {""move_vx"": -2.229549408086356, ""move_vy"": 5.348937692374232, ""kick_power"": 0.0, ""kick_dir"": null}, {""move_vx"": -4.242640687119285, ""move_vy"": -4.242640687119285, ""kick_power"": 0.0, ""kick_dir"": null}, {""move_vx"": 7.440200680226042, ""move_vy"": 0.9452057119822898, ""kick_power"": 0.0, ""kick_dir"": null}, {""move_vx"": -6.400714565068116, ""move_vy"": 0.2342606593623321, ""kick_power"": 0.0, ""kick_dir"": null}, {""move_vx"": 0.0, ""move_vy"": 0.0, ""kick_power"": 0.4, ""kick_dir"": [-0.0839514822857953, -0.9964693492195801]}, {""move_vx"": 0.0, ""move_vy"": 6.0, ""kick_power"": 0.0, ""kick_dir"": null}, {""move_vx"": -1.7582885741420593, ""move_vy"": -3.8692274797485715, ""kick_power"": 0.0, ""kick_dir"": null}, {""move_vx"": -4.1012193308819755, ""move_vy"": 4.1012193308819755, ""kick_power"": 0.0, ""kick_dir"": null}, {""move_vx"": 4.247011610838496, ""move_vy"": 1.740974548177831, ""kick_power"": 0.0, ""kick_dir"": null}, {""move_vx"": -6.220540295406603, ""move_vy"": -3.2535024870472653, ""kick_power"": 0.0, ""kick_dir"": null}, {""move_vx"": -4.770170110864794, ""move_vy"": -5.839270255212732, ""kick_power"": 0.0, ""kick_dir"": null}, {""move_vx"": -6.734822037892791, ""move_vy"": 3.300329092365425, ""kick_power"": 0.0, ""kick_dir"": null}, {""move_vx"": 4.242640687119285, ""move_vy"": -4.242640687119285, ""kick_power"": 0.0, ""kick_dir"": null}, {""move_vx"": 6.0, ""move_vy"": 0.0, ""kick_power"": 0.0, ""kick_dir"": null}, {""move_vx"": 3.222765542358037, ""move_vy"": 4.774032075613832, ""kick_power"": 0.0, ""kick_dir"": null}, {""move_vx"": 4.988593789345306, ""move_vy"": -1.0601565945205627, ""kick_power"": 0.0, ""kick_dir"": null}, {""move_vx"": -4.525483399593904, ""move_vy"": -4.525483399593904, ""kick_power"": 0.0, ""kick_dir"": null}]"
482,370,default,default,0,9.419659190311025,49.162819411460994,-1,,,25.025488158506054,-0.05385480047641436,-0.016162913648352727,"[{""move_vx"": -2.672564486472201, ""move_vy"": -3.620414211888963, ""kick_power"": 0.0, ""kick_dir"": null}, {""move_vx"": 5.621345815015393, ""move_vy"": -1.4284506389822955, ""kick_power"": 0.0, ""kick_dir"": null}, {""move_vx"": 3.8183766184073566, ""move_vy"": 3.8183766184073566, ""kick_power"": 0.0, ""kick_dir"": null}, {""move_vx"": 0.0, ""move_vy"": 5.4, ""kick_power"": 0.0, ""kick_dir"": null}, {""move_vx"": 0.0, ""move_vy"": 0.0, ""kick_power"": 0.4, ""kick_dir"": [0.9784511865867236, -0.2064782059085687]}, {""move_vx"": 0.0, ""move_vy"": 0.0, ""kick_power"": 0.0, ""kick_dir"": null}, {""move_vx"": -4.242640687119285, ""move_vy"": -4.242640687119285, ""kick_power"": 0.0, ""kick_dir"": null}, {""move_vx"": -6.0, ""move_vy"": 0.0, ""kick_power"": 0.0, ""kick_dir"": null}, {""move_vx"": -6.403398926143179, ""move_vy"": 0.1432033263174816, ""kick_power"": 0.0, ""kick_dir"": null}, {""move_vx"": 0.0, ""move_vy"": 0.0, ""kick_power"": 0.4, ""kick_dir"": [-0.18376831860963147, -0.98296907635802]}, {""move_vx"": 0.0, ""move_vy"": 6.0, ""kick_power"": 0.0, ""kick_dir"": null}, {""move_vx"": -4.489657076049479, ""move_vy"": -0.30492513749909567, ""kick_power"": 0.0, ""kick_dir"": null}, {""move_vx"": -4.1012193308819755, ""move_vy"": 4.1012193308819755, ""kick_power"": 0.0, ""kick_dir"": null}, {""move_vx"": 4.247011610838496, ""move_vy"": 1.740974548177831, ""kick_power"": 0.0, ""kick_dir"": null}, {""move_vx"": -6.077718989546045, ""move_vy"": -3.513080113534476, ""kick_power"": 0.0, ""kick_dir"": null}, {""move_vx"": -3.668289227387197, ""move_vy"": -4.492622190239798, ""kick_power"": 0.0, ""kick_dir"": null}, {""move_vx"": -6.734822037892791, ""move_vy"": 3.300329092365426, ""kick_power"": 0.0, ""kick_dir"": null}, {""move_vx"": 4.242640687119285, ""move_vy"": -4.242640687119285, ""kick_power"": 0.0, ""kick_dir"": null}, {""move_vx"": 6.0, ""move_vy"": 0.0, ""kick_power"": 0.0, ""kick_dir"": null}, {""move_vx"": 3.119036344268662, ""move_vy"": 4.842438671075885, ""kick_power"": 0.0, ""kick_dir"": null}, {""move_vx"": 4.988593789345306, ""move_vy"": -1.0601565945205622, ""kick_power"": 0.0, ""kick_dir"": null}, {""move_vx"": -4.525483399593904, ""move_vy"": -4.525483399593904, ""kick_power"": 0.0, ""kick_dir"": null}]"
482,371,default,default,0,8.893001294988737,48.552836316658684,-1,,,25.020832790077378,-0.05513654297375006,-0.02271204059415252,"[{""move_vx"": -2.672564486472201, ""move_vy"": -3.6204142118889626, ""kick_power"": 0.0, ""kick_dir"": null}, {""move_vx"": 0.0, ""move_vy"": -5.8, ""kick_power"": 0.0, ""kick_dir"": null}, {""move_vx"": 5.067476367257202, ""move_vy"": -1.8656589364859175, ""kick_power"": 0.0, ""kick_dir"": null}, {""move_vx"": -3.7110875181865466, ""move_vy"": -2.7010978198428908, ""kick_power"": 0.0, ""kick_dir"": null}, {""move_vx"": 0.0, ""move_vy"": 0.0, ""kick_power"": 0.4, ""kick_dir"": [0.9781817486895072, -0.2077509097052013]}, {""move_vx"": -2.3947589540683185, ""move_vy"": 5.27704032123212, ""kick_power"": 0.0, ""kick_dir"": null}, {""move_vx"": -4.242640687119285, ""move_vy"": -4.242640687119285, ""kick_power"": 0.0, ""kick_dir"": null}, {""move_vx"": 7.441606744437232, ""move_vy"": 0.9340712291609802, ""kick_power"": 0.0, ""kick_dir"": null}, {""move_vx"": -6.404760097137893, ""move_vy"": 0.05543553111685054, ""kick_power"": 0.0, ""kick_dir"": null}, {""move_vx"": 0.0, ""move_vy"": 0.0, ""kick_power"": 0.4, ""kick_dir"": [-0.18376831860963147, -0.98296907635802]}, {""move_vx"": 0.0, ""move_vy"": 6.0, ""kick_power"": 0.0, ""kick_dir"": null}, {""move_vx"": -4.489707352094796, ""move_vy"": -0.30418397812168085, ""kick_power"": 0.0, ""kick_dir"": null}, {""move_vx"": -4.1012193308819755, ""move_vy"": 4.1012193308819755, ""kick_power"": 0.0, ""kick_dir"": null}, {""move_vx"": 4.247011610838496, ""move_vy"": 1.7409745481778307, ""kick_power"": 0.0, ""kick_dir"": null}, {""move_vx"": -5.9500171541990206, ""move_vy"": -3.725277958050566, ""kick_power"": 0.0, ""kick_dir"": null}, {""move_vx"": -0.0, ""move_vy"": 0.0, ""kick_power"": 0.9, ""kick_dir"": [-0.5415847759940944, -0.8406460558365471]}, {""move_vx"": -6.7348220378927905, ""move_vy"": 3.300329092365427, ""kick_power"": 0.0, ""kick_dir"": null}, {""move_vx"": 4.242640687119285, ""move_vy"": -4.242640687119285, ""kick_power"": 0.0, ""kick_dir"": null}, {""move_vx"": 6.0, ""move_vy"": 0.0, ""kick_power"": 0.0, ""kick_dir"": null}, {""move_vx"": 3.0006788831397135, ""move_vy"": 4.916658035727053, ""kick_power"": 0.0, ""kick_dir"": null}, {""move_vx"": 4.988593789345307, ""move_vy"": -1.0601565945205618, ""kick_power"": 0.0, ""kick_dir"": null}, {""move_vx"": -4.525483399593904, ""move_vy"": -4.525483399593904, ""kick_power"": 0.0, ""kick_dir"": null}]"
482,372,default,default,0,8.37848982451791,47.956921393790154,-1,,,25.016124797984066,-0.049054598527359605,-0.01898018765440492,"[{""move_vx"": -2.6725644864722016, ""move_vy"": -3.620414211888962, ""kick_power"": 0.0, ""kick_dir"": null}, {""move_vx"": 0.0, ""move_vy"": -5.8, ""kick_power"": 0.0, ""kick_dir"": null}, {""move_vx"": 3.8183766184073566, ""move_vy"": 3.8183766184073566, ""kick_power"": 0.0, ""kick_dir"": null}, {""move_vx"": -3.7110875181865453, ""move_vy"": -2.7010978198428917, ""kick_power"": 0.0, ""kick_dir"": null}, {""move_vx"": 0.0, ""move_vy"": 0.0, ""kick_power"": 0.4, ""kick_dir"": [0.9779227033582528, -0.20896688759760315]}, {""move_vx"": 0.0, ""move_vy"": 0.0, ""kick_power"": 0.0, ""kick_dir"": null}, {""move_vx"": -4.242640687119285, ""move_vy"": -4.242640687119285, ""kick_power"": 0.0, ""kick_dir"": null}, {""move_vx"": -6.0, ""move_vy"": 0.0, ""kick_power"": 0.0, ""kick_dir"": null}, {""move_vx"": -6.4049336167805055, ""move_vy"": -0.029161012242288654, ""kick_power"": 0.0, ""kick_dir"": null}, {""move_vx"": 0.0, ""move_vy"": 0.0, ""kick_power"": 0.4, ""kick_dir"": [-0.304839938067732, -0.952403072317394]}, {""move_vx"": 0.0, ""move_vy"": 6.0, ""kick_power"": 0.0, ""kick_dir"": null}, {""move_vx"": -4.489757415673049, ""move_vy"": -0.3034441438038796, ""kick_power"": 0.0, ""kick_dir"": null}, {""move_vx"": -4.1012193308819755, ""move_vy"": 4.1012193308819755, ""kick_power"": 0.0, ""kick_dir"": null}, {""move_vx"": 4.247011610838497, ""move_vy"": 1.7409745481778307, ""kick_power"": 0.0, ""kick_dir"": null}, {""move_vx"": -5.8365311381895495, ""move_vy"": -3.9006799757149784, ""kick_power"": 0.0, ""kick_dir"": null}, {""move_vx"": -3.71053463263795, ""move_vy"": -4.457794604958191, ""kick_power"": 0.0, ""kick_dir"": null}, {""move_vx"": -6.73482203789279, ""move_vy"": 3.3003290923654274, ""kick_power"": 0.0, ""kick_dir"": null}, {""move_vx"": 4.242640687119285, ""move_vy"": 4.242640687119285, ""kick_power"": 0.0, ""kick_dir"": null}, {""move_vx"": 6.0, ""move_vy"": 0.0, ""kick_power"": 0.0, ""kick_dir"": null}, {""move_vx"": 2.8650592018996686, ""move_vy"": 4.9969026175832205, ""kick_power"": 0.0, ""kick_dir"": null}, {""move_vx"": 4.988593789345306, ""move_vy"": -1.060156594520561, ""kick_power"": 0.0, ""kick_dir"": null}, {""move_vx"": -4.525483399593904, ""move_vy"": -4.525483399593904, ""kick_power"": 0.0, ""kick_dir"": null}]"
482,373,default,default,0,7.87584464327733,47.374750185565944,-1,,,25.011402496118013,-0.04563263457237502,-0.01996632519466819,"[{""move_vx"": -2.6725644864722025, ""move_vy"": -3.6204142118889617, ""kick_power"": 0.0, ""kick_dir"": null}, {""move_vx"": 0.0, ""move_vy"": -5.8, ""kick_power"": 0.0, ""kick_dir"": null}, {""move_vx"": 3.8183766184073566, ""move_vy"": 3.8183766184073566, ""kick_power"": 0.0, ""kick_dir"": null}, {""move_vx"": -3.7110875181865444, ""move_vy"": -2.701097819842892, ""kick_power"": 0.0, ""kick_dir"": null}, {""move_vx"": 0.0, ""move_vy"": 0.0, ""kick_power"": 0.4, ""kick_dir"": [0.9776746212048507, -0.21012450787465428]}, {""move_vx"": -2.553458859625585, ""move_vy"": 5.202102733722162, ""kick_power"": 0.0, ""kick_dir"": null}, {""move_vx"": -4.242640687119285, ""move_vy"": -4.242640687119285, ""kick_power"": 0.0, ""kick_dir"": null}, {""move_vx"": -6.0, ""move_vy"": 0.0, ""kick_power"": 0.0, ""kick_dir"": null}, {""move_vx"": -6.404043230937368, ""move_vy"": -0.11070364169840256, ""kick_power"": 0.0, ""kick_dir"": null}, {""move_vx"": 0.0, ""move_vy"": 0.0, ""kick_power"": 0.4, ""kick_dir"": [-0.304839938067732, -0.952403072317394]}, {""move_vx"": 0.0, ""move_vy"": 6.0, ""kick_power"": 0.0, ""kick_dir"": null}, {""move_vx"": -4.489807267539761, ""move_vy"": -0.3027056331605767, ""kick_power"": 0.0, ""kick_dir"": null}, {""move_vx"": -4.1012193308819755, ""move_vy"": 4.1012193308819755, ""kick_power"": 0.0, ""kick_dir"": null}, {""move_vx"": 4.247011610838497, ""move_vy"": 1.7409745481778303, ""kick_power"": 0.0, ""kick_dir"": null}, {""move_vx"": -5.735887806306055, ""move_vy"": -4.047220166172026, ""kick_power"": 0.0, ""kick_dir"": null}, {""move_vx"": -3.7115243020494866, ""move_vy"": -4.456970647793865, ""kick_power"": 0.0, ""kick_dir"": null}, {""move_vx"": -6.73482203789279, ""move_vy"": 3.3003290923654287, ""kick_power"": 0.0, ""kick_dir"": null}, {""move_vx"": 4.242640687119285, ""move_vy"": -4.242640687119285, ""kick_power"": 0.0, ""kick_dir"": null}, {""move_vx"": 6.0, ""move_vy"": 0.0, ""kick_power"": 0.0, ""kick_dir"": null}, {""move_vx"": 2.709003532751434, ""move_vy"": 5.083197798585085, ""kick_power"": 0.0, ""kick_dir"": null}, {""move_vx"": 4.988593789345306, ""move_vy"": -1.0601565945205607, ""kick_power"": 0.0, ""kick_dir"": null}, {""move_vx"": -4.525483399593904, ""move_vy"": -4.525483399593904, ""kick_power"": 0.0, ""kick_dir"": null}]"
482,374,default,default,0,7.384792076474154,46.806005717725164,-1,,,25.008642715653266,-0.052478263291953015,-0.03352275918254999,"[{""move_vx"": -5.987254697724278, ""move_vy"": -0.3908723379551914, ""kick_power"": 0.0, ""kick_dir"": null}, {""move_vx"": 0.0, ""move_vy"": -5.8, ""kick_power"": 0.0, ""kick_dir"": null}, {""move_vx"": 3.8183766184073566, ""move_vy"": 3.8183766184073566, ""kick_power"": 0.0, ""kick_dir"": null}, {""move_vx"": -3.7110875181865444, ""move_vy"": -2.701097819842894, ""kick_power"": 0.0, ""kick_dir"": null}, {""move_vx"": 0.0, ""move_vy"": 0.0, ""kick_power"": 0.4, ""kick_dir"": [0.9774380831731341, -0.21122208033499904]}, {""move_vx"": -2.6252854780053427, ""move_vy"": 5.166226975170007, ""kick_power"": 0.0, ""kick_dir"": null}, {""move_vx"": -4.242640687119285, ""move_vy"": -4.242640687119285, ""kick_power"": 0.0, ""kick_dir"": null}, {""move_vx"": 7.444313400709314, ""move_vy"": 0.9122488651786416, ""kick_power"": 0.0, ""kick_dir"": null}, {""move_vx"": -6.402201766059084, ""move_vy"": -0.1893080734409798, ""kick_power"": 0.0, ""kick_dir"": null}, {""move_vx"": 0.0, ""move_vy"": 0.0, ""kick_power"": 0.4, ""kick_dir"": [-0.44234576665702613, -0.896844034780495]}, {""move_vx"": 0.0, ""move_vy"": 6.0, ""kick_power"": 0.0, ""kick_dir"": null}, {""move_vx"": -4.489856908448353, ""move_vy"": -0.3019684448060862, ""kick_power"": 0.0, ""kick_dir"": null}, {""move_vx"": -4.1012193308819755, ""move_vy"": 4.1012193308819755, ""kick_power"": 0.0, ""kick_dir"": null}, {""move_vx"": 4.247011610838497, ""move_vy"": 1.7409745481778303, ""kick_power"": 0.0, ""kick_dir"": null}, {""move_vx"": 3.8183766184073566, ""move_vy"": 3.8183766184073566, ""kick_power"": 0.0, ""kick_dir"": null}, {""move_vx"": -3.712479146571218, ""move_vy"": -4.456175331635173, ""kick_power"": 0.0, ""kick_dir"": null}, {""move_vx"": -0.0, ""move_vy"": 0.0, ""kick_power"": 0.0, ""kick_dir"": null}, {""move_vx"": 4.242640687119285, ""move_vy"": -4.242640687119285, ""kick_power"": 0.0, ""kick_dir"": null}, {""move_vx"": 6.0, ""move_vy"": 0.0, ""kick_power"": 0.0, ""kick_dir"": null}, {""move_vx"": 2.5287050820602577, ""move_vy"": 5.175253675711234, ""kick_power"": 0.0, ""kick_dir"": null}, {""move_vx"": 4.988593789345306, ""move_vy"": -1.0601565945205602, ""kick_power"": 0.0, ""kick_dir"": null}, {""move_vx"": -4.525483399593904, ""move_vy"": -4.525483399593904, ""kick_power"": 0.0, ""kick_dir"": null}]"
482,375,default,default,0,6.9050647611364315,46.25037832645282,-1,,,25.003874231939232,-0.05220759926017134,-0.021454474512456852,"[{""move_vx"": -2.6308791422141367, ""move_vy"": -3.6508183930541662, ""kick_power"": 0.0, ""kick_dir"": null}, {""move_vx"": 0.0, ""move_vy"": 0.0, ""kick_power"": 0.0, ""kick_dir"": null}, {""move_vx"": 3.8183766184073566, ""move_vy"": 3.8183766184073566, ""kick_power"": 0.0, ""kick_dir"": null}, {""move_vx"": 4.978455741383038, ""move_vy"": -2.0916449103732373, ""kick_power"": 0.0, ""kick_dir"": null}, {""move_vx"": 0.0, ""move_vy"": 0.0, ""kick_power"": 0.4, ""kick_dir"": [0.9772136806686281, -0.2122578523202885]}, {""move_vx"": -2.69735435214019, ""move_vy"": 5.128967196131241, ""kick_power"": 0.0, ""kick_dir"": null}, {""move_vx"": -4.242640687119285, ""move_vy"": -4.242640687119285, ""kick_power"": 0.0, ""kick_dir"": null}, {""move_vx"": -6.0, ""move_vy"": 0.0, ""kick_power"": 0.0, ""kick_dir"": null}, {""move_vx"": -6.399511967784179, ""move_vy"": -0.2650878612593763, ""kick_power"": 0.0, ""kick_dir"": null}, {""move_vx"": 0.0, ""move_vy"": 0.0, ""kick_power"": 0.4, ""kick_dir"": [-0.5860098511604452, -0.8103033100905258]}, {""move_vx"": 0.0, ""move_vy"": 6.0, ""kick_power"": 0.0, ""kick_dir"": null}, {""move_vx"": -4.489906339150136, ""move_vy"": -0.30123257735416104, ""kick_power"": 0.0, ""kick_dir"": null}, {""move_vx"": -4.1012193308819755, ""move_vy"": 4.1012193308819755, ""kick_power"": 0.0, ""kick_dir"": null}, {""move_vx"": 4.247011610838497, ""move_vy"": 1.74097454817783, ""kick_power"": 0.0, ""kick_dir"": null}, {""move_vx"": -5.550370688649632, ""move_vy"": -4.298114146760066, ""kick_power"": 0.0, ""kick_dir"": null}, {""move_vx"": -3.713400916568446, ""move_vy"": -4.455407235352188, ""kick_power"": 0.0, ""kick_dir"": null}, {""move_vx"": -6.73482203789279, ""move_vy"": 3.3003290923654296, ""kick_power"": 0.0, ""kick_dir"": null}, {""move_vx"": 4.242640687119285, ""move_vy"": -4.242640687119285, ""kick_power"": 0.0, ""kick_dir"": null}, {""move_vx"": 6.0, ""move_vy"": 0.0, ""kick_power"": 0.0, ""kick_dir"": null}, {""move_vx"": 2.319640214675951, ""move_vy"": 5.272273634254781, ""kick_power"": 0.0, ""kick_dir"": null}, {""move_vx"": 4.988593789345307, ""move_vy"": -1.0601565945205598, ""kick_power"": 0.0, ""kick_dir"": null}, {""move_vx"": -4.525483399593904, ""move_vy"": -4.525483399593904, ""kick_power"": 0.0, ""kick_dir"": null}]"
482,376,default,default,0,6.436401500542209,45.70756548977738,-1,,,24.99917204778321,-0.06116408881400482,-0.028547376676482564,"[{""move_vx"": -2.6308791422141367, ""move_vy"": -3.6508183930541667, ""kick_power"": 0.0, ""kick_dir"": null}, {""move_vx"": 0.0, ""move_vy"": -5.8, ""kick_power"": 0.0, ""kick_dir"": null}, {""move_vx"": 3.8183766184073566, ""move_vy"": 3.8183766184073566, ""kick_power"": 0.0, ""kick_dir"": null}, {""move_vx"": 4.978455741383038, ""move_vy"": -2.091644910373238, ""kick_power"": 0.0, ""kick_dir"": null}, {""move_vx"": 5.799873076994256, ""move_vy"": 0.038370441190890656, ""kick_power"": 0.0, ""kick_dir"": null}, {""move_vx"": -2.771217125479328, ""move_vy"": 5.089438146146398, ""kick_power"": 0.0, ""kick_dir"": null}, {""move_vx"": -4.242640687119285, ""move_vy"": -4.242640687119285, ""kick_power"": 0.0, ""kick_dir"": null}, {""move_vx"": 7.445615778960813, ""move_vy"": 0.9015573592899015, ""kick_power"": 0.0, ""kick_dir"": null}, {""move_vx"": -6.39606729891786, ""move_vy"": -0.3381539704241212, ""kick_power"": 0.0, ""kick_dir"": null}, {""move_vx"": 0.0, ""move_vy"": 0.0, ""kick_power"": 0.4, ""kick_dir"": [-0.7238109187474944, -0.6899976477515398]}, {""move_vx"": 0.0, ""move_vy"": 6.0, ""kick_power"": 0.0, ""kick_dir"": null}, {""move_vx"": -4.489955560394323, ""move_vy"": -0.300498029417999, ""kick_power"": 0.0, ""kick_dir"": null}, {""move_vx"": -4.1012193308819755, ""move_vy"": 4.1012193308819755, ""kick_power"": 0.0, ""kick_dir"": null}, {""move_vx"": 4.247011610838497, ""move_vy"": 1.7409745481778298, ""kick_power"": 0.0, ""kick_dir"": null}, {""move_vx"": -0.0, ""move_vy"": 0.0, ""kick_power"": 0.0, ""kick_dir"": null}, {""move_vx"": -3.714291250166726, ""move_vy"": -4.454665027691185, ""kick_power"": 0.0, ""kick_dir"": null}, {""move_vx"": -6.734822037892789, ""move_vy"": 3.3003290923654305, ""kick_power"": 0.0, ""kick_dir"": null}, {""move_vx"": 4.242640687119285, ""move_vy"": -4.242640687119285, ""kick_power"": 0.0, ""kick_dir"": null}, {""move_vx"": 6.0, ""move_vy"": 0.0, ""kick_power"": 0.0, ""kick_dir"": null}, {""move_vx"": 2.0765217950994717, ""move_vy"": 5.372676915139871, ""kick_power"": 0.0, ""kick_dir"": null}, {""move_vx"": 4.988593789345307, ""move_vy"": -1.0601565945205595, ""kick_power"": 0.0, ""kick_dir"": null}, {""move_vx"": -4.525483399593904, ""move_vy"": -4.525483399593904, ""kick_power"": 0.0, ""kick_dir"": null}]"
482,377,default,default,0,5.978547122005975,45.177271662856946,-1,,,24.994549616789314,-0.049384156346191026,-0.021276467889432146,"[{""move_vx"": -2.630879142214136, ""move_vy"": -3.650818393054167, ""kick_power"": 0.0, ""kick_dir"": null}, {""move_vx"": 0.0, ""move_vy"": -5.8, ""kick_power"": 0.0, ""kick_dir"": null}, {""move_vx"": 5.4, ""move_vy"": 0.0, ""kick_power"": 0.0, ""kick_dir"": null}, {""move_vx"": 4.978455741383038, ""move_vy"": -2.091644910373238, ""kick_power"": 0.0, ""kick_dir"": null}, {""move_vx"": 0.0, ""move_vy"": 0.0, ""kick_power"": 0.4, ""kick_dir"": [0.9767597783612292, -0.21433690465664962]}, {""move_vx"": -2.8482451203979733, ""move_vy"": 5.046734066119308, ""kick_power"": 0.0, ""kick_dir"": null}, {""move_vx"": -4.242640687119285, ""move_vy"": -4.242640687119285, ""kick_power"": 0.0, ""kick_dir"": null}, {""move_vx"": -6.0, ""move_vy"": 0.0, ""kick_power"": 0.0, ""kick_dir"": null}, {""move_vx"": -6.391952693163685, ""move_vy"": -0.4086144495212003, ""kick_power"": 0.0, ""kick_dir"": null}, {""move_vx"": 0.0, ""move_vy"": 0.0, ""kick_power"": 0.7, ""kick_dir"": [0.9503486611269261, 0.3111870709776804]}, {""move_vx"": -4.820812748017383, ""move_vy"": -2.433056606113612, ""kick_power"": 0.0, ""kick_dir"": null}, {""move_vx"": -4.490004572928031, ""move_vy"": -0.29976479961025104, ""kick_power"": 0.0, ""kick_dir"": null}, {""move_vx"": -4.1012193308819755, ""move_vy"": 4.1012193308819755, ""kick_power"": 0.0, ""kick_dir"": null}, {""move_vx"": 4.247011610838497, ""move_vy"": 1.7409745481778298, ""kick_power"": 0.0, ""kick_dir"": null}, {""move_vx"": -5.5100228127354365, ""move_vy"": -4.349718221119051, ""kick_power"": 0.0, ""kick_dir"": null}, {""move_vx"": -3.7151516820548185, ""move_vy"": -4.453947460323848, ""kick_power"": 0.0, ""kick_dir"": null}, {""move_vx"": -6.734822037892789, ""move_vy"": 3.3003290923654314, ""kick_power"": 0.0, ""kick_dir"": null}, {""move_vx"": -5.362705484661812, ""move_vy"": -5.243223234307129, ""kick_power"": 0.0, ""kick_dir"": null}, {""move_vx"": 6.0, ""move_vy"": 0.0, ""kick_power"": 0.0, ""kick_dir"": null}, {""move_vx"": 1.793339832903559, ""move_vy"": 5.47371283898977, ""kick_power"": 0.0, ""kick_dir"": null}, {""move_vx"": 4.242640687119285, ""move_vy"": -4.242640687119285, ""kick_power"": 0.0, ""kick_dir"": null}, {""move_vx"": -0.0, ""move_vy"": 0.0, ""kick_power"": 0.4, ""kick_dir"": [0.7704569770195611, 0.6374915925973373]}]"
482,378,default,default,0,5.53125233794501,44.659208117064146,-1,,,24.990017174227738,-0.05988048447935814,-0.019004209081906323,"[{""move_vx"": -2.6308791422141358, ""move_vy"": -3.650818393054167, ""kick_power"": 0.0, ""kick_dir"": null}, {""move_vx"": 0.0, ""move_vy"": -5.8, ""kick_power"": 0.0, ""kick_dir"": null}, {""move_vx"": 3.8183766184073566, ""move_vy"": 3.8183766184073566, ""kick_power"": 0.0, ""kick_dir"": null}, {""move_vx"": 4.978455741383038, ""move_vy"": -2.091644910373239, ""kick_power"": 0.0, ""kick_dir"": null}, {""move_vx"": 0.0, ""move_vy"": 0.0, ""kick_power"": 0.4, ""kick_dir"": [0.9765745462627652, -0.21517929456404544]}, {""move_vx"": -2.9280783668823065, ""move_vy"": 5.000838137492138, ""kick_power"": 0.0, ""kick_dir"": null}, {""move_vx"": -4.242640687119285, ""move_vy"": -4.242640687119285, ""kick_power"": 0.0, ""kick_dir"": null}, {""move_vx"": 7.446891658236608, ""move_vy"": 0.8909571429008339, ""kick_power"": 0.0, ""kick_dir"": null}, {""move_vx"": -6.387245262685751, ""move_vy"": -0.4765741855141099, ""kick_power"": 0.0, ""kick_dir"": null}, {""move_vx"": 0.0, ""move_vy"": 0.0, ""kick_power"": 0.7, ""kick_dir"": [0.9503491726644567, 0.31118550876460815]}, {""move_vx"": 0.0, ""move_vy"": 6.0, ""kick_power"": 0.0, ""kick_dir"": null}, {""move_vx"": -4.4274176304012665, ""move_vy"": -0.8049677794868774, ""kick_power"": 0.0, ""kick_dir"": null}, {""move_vx"": -6.845236852375172, ""move_vy"": 3.161381412434264, ""kick_power"": 0.0, ""kick_dir"": null}, {""move_vx"": 4.247011610838497, ""move_vy"": 1.7409745481778296, ""kick_power"": 0.0, ""kick_dir"": null}, {""move_vx"": -5.45727941015464, ""move_vy"": -4.415710751340291, ""kick_power"": 0.0, ""kick_dir"": null}, {""move_vx"": -3.7159836514778233, ""move_vy"": -4.4532533615267775, ""kick_power"": 0.0, ""kick_dir"": null}, {""move_vx"": -6.734822037892787, ""move_vy"": 3.300329092365432, ""kick_power"": 0.0, ""kick_dir"": null}, {""move_vx"": -0.0, ""move_vy"": 0.0, ""kick_power"": 0.0, ""kick_dir"": null}, {""move_vx"": 6.0, ""move_vy"": 0.0, ""kick_power"": 0.0, ""kick_dir"": null}, {""move_vx"": 1.4635710578950882, ""move_vy"": 5.570956808169657, ""kick_power"": 0.0, ""kick_dir"": null}, {""move_vx"": 4.994642517947473, ""move_vy"": -1.0312837232843917, ""kick_power"": 0.0, ""kick_dir"": null}, {""move_vx"": -4.525483399593904, ""move_vy"": -4.525483399593904, ""kick_power"": 0.0, ""kick_dir"": null}]"
482,379,default,default,0,5.094273610149986,44.15309278278236,-1,,,24.98558243449074,-0.054444124139068774,-0.006516353977720064,"[{""move_vx"": -2.6308791422141358, ""move_vy"": -3.6508183930541676, ""kick_power"": 0.0, ""kick_dir"": null}, {""move_vx"": 5.5379855134626315, ""move_vy"": 1.723576645431828, ""kick_power"": 0.0, ""kick_dir"": null}, {""move_vx"": 3.8183766184073566, ""move_vy"": 3.8183766184073566, ""kick_power"": 0.0, ""kick_dir"": null}, {""move_vx"": 4.978455741383038, ""move_vy"": -2.0916449103732395, ""kick_power"": 0.0, ""kick_dir"": null}, {""move_vx"": 0.0, ""move_vy"": 0.0, ""kick_power"": 0.4, ""kick_dir"": [0.9764041268421899, -0.21595127736836936]}, {""move_vx"": -3.0070121324130574, ""move_vy"": 4.953776643685166, ""kick_power"": 0.0, ""kick_dir"": null}, {""move_vx"": -4.242640687119285, ""move_vy"": -4.242640687119285, ""kick_power"": 0.0, ""kick_dir"": null}, {""move_vx"": -6.0, ""move_vy"": 0.0, ""kick_power"": 0.0, ""kick_dir"": null}, {""move_vx"": -6.382014958894297, ""move_vy"": -0.542134729056731, ""kick_power"": 0.0, ""kick_dir"": null}, {""move_vx"": 0.0, ""move_vy"": 0.0, ""kick_power"": 0.7, ""kick_dir"": [0.9503491726644567, 0.31118550876460815]}, {""move_vx"": 0.0, ""move_vy"": 6.0, ""kick_power"": 0.0, ""kick_dir"": null}, {""move_vx"": -4.427760064238786, ""move_vy"": -0.8030820714797132, ""kick_power"": 0.0, ""kick_dir"": null}, {""move_vx"": -6.8998155022372565, ""move_vy"": 3.040418726933256, ""kick_power"": 0.0, ""kick_dir"": null}, {""move_vx"": 4.247011610838497, ""move_vy"": 1.7409745481778296, ""kick_power"": 0.0, ""kick_dir"": null}, {""move_vx"": -5.409188159480466, ""move_vy"": -4.4744925360689045, ""kick_power"": 0.0, ""kick_dir"": null}, {""move_vx"": -4.867884439160355, ""move_vy"": -5.758064005113219, ""kick_power"": 0.0, ""kick_dir"": null}, {""move_vx"": -6.734822037892788, ""move_vy"": 3.3003290923654314, ""kick_power"": 0.0, ""kick_dir"": null}, {""move_vx"": -5.311429158300791, ""move_vy"": -5.295160082221514, ""kick_power"": 0.0, ""kick_dir"": null}, {""move_vx"": -0.0, ""move_vy"": 0.0, ""kick_power"": 0.6, ""kick_dir"": [-0.9999622276176903, 0.008689715686972936]}, {""move_vx"": 1.0806734334484145, ""move_vy"": 5.657715522208484, ""kick_power"": 0.0, ""kick_dir"": null}, {""move_vx"": -2.390339745881673, ""move_vy"": -5.503296820930009, ""kick_power"": 0.0, ""kick_dir"": null}, {""move_vx"": -4.525483399593904, ""move_vy"": -4.525483399593904, ""kick_power"": 0.0, ""kick_dir"": null}]"
482,380,default,default,0,4.667373017185923,43.65865009582747,-1,,,24.981251129829907,-0.06633470221990163,-0.01128222980652761,"[{""move_vx"": -2.6308791422141353, ""move_vy"": -3.6508183930541676, ""kick_power"": 0.0, ""kick_dir"": null}, {""move_vx"": 0.0, ""move_vy"": -5.8, ""kick_power"": 0.0, ""kick_dir"": null}, {""move_vx"": 3.8183766184073566, ""move_vy"": 3.8183766184073566, ""kick_power"": 0.0, ""kick_dir"": null}, {""move_vx"": 4.978455741383037, ""move_vy"": -2.09164491037324, ""kick_power"": 0.0, ""kick_dir"": null}, {""move_vx"": 0.0, ""move_vy"": 0.0, ""kick_power"": 0.4, ""kick_dir"": [0.9762491840102078, -0.2166506490268093]}, {""move_vx"": -3.084911523616843, ""move_vy"": 4.905644289128188, ""kick_power"": 0.0, ""kick_dir"": null}, {""move_vx"": -4.242640687119285, ""move_vy"": -4.242640687119285, ""kick_power"": 0.0, ""kick_dir"": null}, {""move_vx"": 7.44814149125754, ""move_vy"": 0.8804477986842206, ""kick_power"": 0.0, ""kick_dir"": null}, {""move_vx"": 0.0, ""move_vy"": 0.0, ""kick_power"": 0.0, ""kick_dir"": null}, {""move_vx"": 0.0, ""move_vy"": 0.0, ""kick_power"": 0.7, ""kick_dir"": [0.9503491726644567, 0.31118550876460815]}, {""move_vx"": 4.242640687119285, ""move_vy"": 4.242640687119285, ""kick_power"": 0.0, ""kick_dir"": null}, {""move_vx"": -4.428101154230569, ""move_vy"": -0.8011992061291037, ""kick_power"": 0.0, ""kick_dir"": null}, {""move_vx"": -6.951282349690012, ""move_vy"": 2.920834417574557, ""kick_power"": 0.0, ""kick_dir"": null}, {""move_vx"": 4.247011610838497, ""move_vy"": 1.7409745481778294, ""kick_power"": 0.0, ""kick_dir"": null}, {""move_vx"": -5.365228063103202, ""move_vy"": -4.527110317950058, ""kick_power"": 0.0, ""kick_dir"": null}, {""move_vx"": -4.86934019139427, ""move_vy"": -5.756832992233874, ""kick_power"": 0.0, ""kick_dir"": null}, {""move_vx"": -6.734822037892786, ""move_vy"": 3.300329092365434, ""kick_power"": 0.0, ""kick_dir"": null}, {""move_vx"": -5.2591262695685685, ""move_vy"": -5.347110516973983, ""kick_power"": 0.0, ""kick_dir"": null}, {""move_vx"": -0.0, ""move_vy"": 0.0, ""kick_power"": 0.0, ""kick_dir"": null}, {""move_vx"": 0.6389962430256482, ""move_vy"": 5.724446156738582, ""kick_power"": 0.0, ""kick_dir"": null}, {""move_vx"": 4.242640687119285, ""move_vy"": -4.242640687119285, ""kick_power"": 0.0, ""kick_dir"": null}, {""move_vx"": -4.525483399593904, ""move_vy"": -4.525483399593904, ""kick_power"": 0.0, ""kick_dir"": null}]"
482,381,default,default,0,4.250318124851314,43.1756108474117,-1,,,24.97702742736855,-0.05288261573065468,-0.01440011024114339,"[{""move_vx"": -2.6308791422141353, ""move_vy"": -3.650818393054168, ""kick_power"": 0.0, ""kick_dir"": null}, {""move_vx"": 0.0, ""move_vy"": -5.8, ""kick_power"": 0.0, ""kick_dir"": null}, {""move_vx"": 3.8183766184073566, ""move_vy"": 3.8183766184073566, ""kick_power"": 0.0, ""kick_dir"": null}, {""move_vx"": 4.978455741383037, ""move_vy"": -2.09164491037324, ""kick_power"": 0.0, ""kick_dir"": null}, {""move_vx"": 0.0, ""move_vy"": 0.0, ""kick_power"": 0.4, ""kick_dir"": [0.9761103941770957, -0.21727510505207318]}, {""move_vx"": -3.16173205148008, ""move_vy"": 4.856487973283118, ""kick_power"": 0.0, ""kick_dir"": null}, {""move_vx"": -4.242640687119285, ""move_vy"": -4.242640687119285, ""kick_power"": 0.0, ""kick_dir"": null}, {""move_vx"": -6.0, ""move_vy"": 0.0, ""kick_power"": 0.0, ""kick_dir"": null}, {""move_vx"": -6.370290620636568, ""move_vy"": -0.6658996986256831, ""kick_power"": 0.0, ""kick_dir"": null}, {""move_vx"": 0.0, ""move_vy"": 0.0, ""kick_power"": 0.7, ""kick_dir"": [0.9503491726644567, 0.31118550876460815]}, {""move_vx"": 4.242640687119285, ""move_vy"": 4.242640687119285, ""kick_power"": 0.0, ""kick_dir"": null}, {""move_vx"": -4.42844090424514, ""move_vy"": -0.7993191838111283, ""kick_power"": 0.0, ""kick_dir"": null}, {""move_vx"": -6.999779092184833, ""move_vy"": 2.8026224613051385, ""kick_power"": 0.0, ""kick_dir"": null}, {""move_vx"": 4.247011610838497, ""move_vy"": 1.7409745481778292, ""kick_power"": 0.0, ""kick_dir"": null}, {""move_vx"": -5.3249429902592285, ""move_vy"": -4.5744269750963475, ""kick_power"": 0.0, ""kick_dir"": null}, {""move_vx"": -4.870719959400108, ""move_vy"": -5.755665650218176, ""kick_power"": 0.0, ""kick_dir"": null}, {""move_vx"": -6.734822037892786, ""move_vy"": 3.300329092365433, ""kick_power"": 0.0, ""kick_dir"": null}, {""move_vx"": -5.205807087343937, ""move_vy"": -5.399034410833075, ""kick_power"": 0.0, ""kick_dir"": null}, {""move_vx"": 4.242640687119285, ""move_vy"": 4.242640687119285, ""kick_power"": 0.0, ""kick_dir"": null}, {""move_vx"": -0.0, ""move_vy"": 0.0, ""kick_power"": 0.7, ""kick_dir"": [-0.9524005969024922, -0.3048486264176461]}, {""move_vx"": 4.242640687119285, ""move_vy"": -4.242640687119285, ""kick_power"": 0.0, ""kick_dir"": null}, {""move_vx"": -4.525483399593904, ""move_vy"": -4.525483399593904, ""kick_power"": 0.0, ""kick_dir"": null}]"
482,382,default,default,0,3.84288185962487,42.70371203756772,-1,,,24.97291425308199,-0.06118645445396988,-0.011930172873275427,"[{""move_vx"": -2.630879142214135, ""move_vy"": -3.650818393054168, ""kick_power"": 0.0, ""kick_dir"": null}, {""move_vx"": 0.0, ""move_vy"": -5.8, ""kick_power"": 0.0, ""kick_dir"": null}, {""move_vx"": 3.8183766184073566, ""move_vy"": 3.8183766184073566, ""kick_power"": 0.0, ""kick_dir"": null}, {""move_vx"": 4.978455741383037, ""move_vy"": -2.0916449103732413, ""kick_power"": 0.0, ""kick_dir"": null}, {""move_vx"": 0.0, ""move_vy"": 0.0, ""kick_power"": 0.4, ""kick_dir"": [0.9759884466449136, -0.21782223211145726]}, {""move_vx"": -3.237432202861691, ""move_vy"": 4.806355972238644, ""kick_power"": 0.0, ""kick_dir"": null}, {""move_vx"": -4.242640687119285, ""move_vy"": -4.242640687119285, ""kick_power"": 0.0, ""kick_dir"": null}, {""move_vx"": 7.449365724750869, ""move_vy"": 0.8700289069375543, ""kick_power"": 0.0, ""kick_dir"": null}, {""move_vx"": -6.363913309065134, ""move_vy"": -0.7243151211342096, ""kick_power"": 0.0, ""kick_dir"": null}, {""move_vx"": 0.0, ""move_vy"": 0.0, ""kick_power"": 0.7, ""kick_dir"": [0.9503491726644567, 0.31118550876460815]}, {""move_vx"": 4.242640687119285, ""move_vy"": 4.242640687119285, ""kick_power"": 0.0, ""kick_dir"": null}, {""move_vx"": -4.4287793181473445, ""move_vy"": -0.7974420048820748, ""kick_power"": 0.0, ""kick_dir"": null}, {""move_vx"": -7.045441501970809, ""move_vy"": 2.685768799116429, ""kick_power"": 0.0, ""kick_dir"": null}, {""move_vx"": 4.247011610838497, ""move_vy"": 1.7409745481778292, ""kick_power"": 0.0, ""kick_dir"": null}, {""move_vx"": -5.287933952535367, ""move_vy"": -4.617158705700261, ""kick_power"": 0.0, ""kick_dir"": null}, {""move_vx"": -4.872029395791936, ""move_vy"": -5.754557286754495, ""kick_power"": 0.0, ""kick_dir"": null}, {""move_vx"": -6.734822037892788, ""move_vy"": 3.300329092365433, ""kick_power"": 0.0, ""kick_dir"": null}, {""move_vx"": -5.151484495072345, ""move_vy"": -5.450890523302521, ""kick_power"": 0.0, ""kick_dir"": null}, {""move_vx"": -0.0, ""move_vy"": 0.0, ""kick_power"": 0.0, ""kick_dir"": null}, {""move_vx"": -0.0, ""move_vy"": 0.0, ""kick_power"": 0.7, ""kick_dir"": [-0.9524005969024922, -0.3048486264176461]}, {""move_vx"": 4.242640687119285, ""move_vy"": -4.242640687119285, ""kick_power"": 0.0, ""kick_dir"": null}, {""move_vx"": -4.525483399593904, ""move_vy"": -4.525483399593904, ""kick_power"": 0.0, ""kick_dir"": null}]"
482,383,default,default,0,3.4448423850309933,42.24269673195329,-1,,,24.968913544673182,-0.051881939095646215,-0.012379804115352836,"[{""move_vx"": -2.6308791422141344, ""move_vy"": -3.6508183930541684, ""kick_power"": 0.0, ""kick_dir"": null}, {""move_vx"": 0.0, ""move_vy"": -5.8, ""kick_power"": 0.0, ""kick_dir"": null}, {""move_vx"": 3.8183766184073566, ""move_vy"": 3.8183766184073566, ""kick_power"": 0.0, ""kick_dir"": null}, {""move_vx"": 4.978455741383038, ""move_vy"": -2.0916449103732404, ""kick_power"": 0.0, ""kick_dir"": null}, {""move_vx"": 0.0, ""move_vy"": 0.0, ""kick_power"": 0.4, ""kick_dir"": [0.9758840440715573, -0.21828949860710253]}, {""move_vx"": -3.3119735160784396, ""move_vy"": 4.7552977224139195, ""kick_power"": 0.0, ""kick_dir"": null}, {""move_vx"": -4.242640687119285, ""move_vy"": -4.242640687119285, ""kick_power"": 0.0, ""kick_dir"": null}, {""move_vx"": -6.0, ""move_vy"": 0.0, ""kick_power"": 0.0, ""kick_dir"": null}, {""move_vx"": -6.357239245074706, ""move_vy"": -0.7807267005053624, ""kick_power"": 0.0, ""kick_dir"": null}, {""move_vx"": 0.0, ""move_vy"": 0.0, ""kick_power"": 0.7, ""kick_dir"": [0.9503491726644567, 0.31118550876460815]}, {""move_vx"": 4.242640687119285, ""move_vy"": 4.242640687119285, ""kick_power"": 0.0, ""kick_dir"": null}, {""move_vx"": -4.429116399798306, ""move_vy"": -0.7955676696785061, ""kick_power"": 0.0, ""kick_dir"": null}, {""move_vx"": -7.088399272209516, ""move_vy"": 2.570252080582682, ""kick_power"": 0.0, ""kick_dir"": null}, {""move_vx"": 4.247011610838497, ""move_vy"": 1.740974548177829, ""kick_power"": 0.0, ""kick_dir"": null}, {""move_vx"": -5.253851862263272, ""move_vy"": -4.655903844517491, ""kick_power"": 0.0, ""kick_dir"": null}, {""move_vx"": -4.873273619370705, ""move_vy"": -5.753503648277764, ""kick_power"": 0.0, ""kick_dir"": null}, {""move_vx"": -6.734822037892786, ""move_vy"": 3.3003290923654363, ""kick_power"": 0.0, ""kick_dir"": null}, {""move_vx"": -5.096174070180964, ""move_vy"": -5.5026366267831275, ""kick_power"": 0.0, ""kick_dir"": null}, {""move_vx"": -0.0, ""move_vy"": 0.0, ""kick_power"": 0.0, ""kick_dir"": null}, {""move_vx"": -0.0, ""move_vy"": 0.0, ""kick_power"": 0.7, ""kick_dir"": [-0.9524005969024922, -0.3048486264176461]}, {""move_vx"": 4.242640687119285, ""move_vy"": -4.242640687119285, ""kick_power"": 0.0, ""kick_dir"": null}, {""move_vx"": -4.525483399593904, ""move_vy"": -4.525483399593904, ""kick_power"": 0.0, ""kick_dir"": null}]"
482,384,default,default,0,3.055982980856663,41.79231392195841,-1,,,24.96502644997973,-0.053951313302569574,-0.014433201395114049,"[{""move_vx"": -2.630879142214134, ""move_vy"": -3.650818393054169, ""kick_power"": 0.0, ""kick_dir"": null}, {""move_vx"": 0.0, ""move_vy"": -5.8, ""kick_power"": 0.0, ""kick_dir"": null}, {""move_vx"": 3.8183766184073566, ""move_vy"": 3.8183766184073566, ""kick_power"": 0.0, ""kick_dir"": null}, {""move_vx"": 4.978455741383037, ""move_vy"": -2.0916449103732413, ""kick_power"": 0.0, ""kick_dir"": null}, {""move_vx"": 0.0, ""move_vy"": 0.0, ""kick_power"": 0.4, ""kick_dir"": [0.9757979030231655, -0.21867424406925298]}, {""move_vx"": -3.3853206369245776, ""move_vy"": 4.703363603338845, ""kick_power"": 0.0, ""kick_dir"": null}, {""move_vx"": -4.242640687119285, ""move_vy"": -4.242640687119285, ""kick_power"": 0.0, ""kick_dir"": null}, {""move_vx"": -6.0, ""move_vy"": 0.0, ""kick_power"": 0.0, ""kick_dir"": null}, {""move_vx"": -6.350310006556996, ""move_vy"": -0.8352172296008281, ""kick_power"": 0.0, ""kick_dir"": null}, {""move_vx"": 6.8425141429167935, ""move_vy"": 2.240535695761989, ""kick_power"": 0.0, ""kick_dir"": null}, {""move_vx"": 4.242640687119285, ""move_vy"": 4.242640687119285, ""kick_power"": 0.0, ""kick_dir"": null}, {""move_vx"": -4.429452153055386, ""move_vy"": -0.7936961785173265, ""kick_power"": 0.0, ""kick_dir"": null}, {""move_vx"": -7.12877592404061, ""move_vy"": 2.4560443450432516, ""kick_power"": 0.0, ""kick_dir"": null}, {""move_vx"": 4.247011610838497, ""move_vy"": 1.7409745481778285, ""kick_power"": 0.0, ""kick_dir"": null}, {""move_vx"": -0.0, ""move_vy"": 0.0, ""kick_power"": 0.9, ""kick_dir"": [0.8755227518125678, 0.4831767912114617]}, {""move_vx"": -4.874457275994354, ""move_vy"": -5.752500870448061, ""kick_power"": 0.0, ""kick_dir"": null}, {""move_vx"": -6.734822037892786, ""move_vy"": 3.3003290923654354, ""kick_power"": 0.0, ""kick_dir"": null}, {""move_vx"": -5.039894150338791, ""move_vy"": -5.554229645358647, ""kick_power"": 0.0, ""kick_dir"": null}, {""move_vx"": -0.0, ""move_vy"": 0.0, ""kick_power"": 0.0, ""kick_dir"": null}, {""move_vx"": -0.0, ""move_vy"": 0.0, ""kick_power"": 0.7, ""kick_dir"": [-0.9524005969024922, -0.3048486264176461]}, {""move_vx"": -4.242640687119285, ""move_vy"": 4.242640687119285, ""kick_power"": 0.0, ""kick_dir"": null}, {""move_vx"": -4.525483399593904, ""move_vy"": -4.525483399593904, ""kick_power"": 0.0, ""kick_dir"": null}]"
482,385,default,default,0,2.6760919251539654,41.35231838803892,-1,,,24.96125348350078,-0.05962537240139079,-0.015330821211790044,"[{""move_vx"": -2.630879142214134, ""move_vy"": -3.650818393054169, ""kick_power"": 0.0, ""kick_dir"": null}, {""move_vx"": 0.0, ""move_vy"": -5.8, ""kick_power"": 0.0, ""kick_dir"": null}, {""move_vx"": 3.8183766184073566, ""move_vy"": 3.8183766184073566, ""kick_power"": 0.0, ""kick_dir"": null}, {""move_vx"": 4.978455741383037, ""move_vy"": -2.09164491037324, ""kick_power"": 0.0, ""kick_dir"": null}, {""move_vx"": 0.0, ""move_vy"": 0.0, ""kick_power"": 0.4, ""kick_dir"": [0.9757307546358158, -0.21897366715755046]}, {""move_vx"": -3.4574413553725174, ""move_vy"": 4.650604721341069, ""kick_power"": 0.0, ""kick_dir"": null}, {""move_vx"": -4.242640687119285, ""move_vy"": -4.242640687119285, ""kick_power"": 0.0, ""kick_dir"": null}, {""move_vx"": 7.451721914383057, ""move_vy"": 0.8496119765535839, ""kick_power"": 0.0, ""kick_dir"": null}, {""move_vx"": -6.343163153629858, ""move_vy"": -0.8878660971298054, ""kick_power"": 0.0, ""kick_dir"": null}, {""move_vx"": 0.0, ""move_vy"": 0.0, ""kick_power"": 0.4, ""kick_dir"": [-0.9406432639947857, 0.33939616321325006]}, {""move_vx"": 4.242640687119285, ""move_vy"": 4.242640687119285, ""kick_power"": 0.0, ""kick_dir"": null}, {""move_vx"": -4.4297865817721345, ""move_vy"": -0.7918275316958504, ""kick_power"": 0.0, ""kick_dir"": null}, {""move_vx"": -7.16668876388141, ""move_vy"": 2.343111640886096, ""kick_power"": 0.0, ""kick_dir"": null}, {""move_vx"": 4.247011610838497, ""move_vy"": 1.7409745481778285, ""kick_power"": 0.0, ""kick_dir"": null}, {""move_vx"": -0.0, ""move_vy"": 0.0, ""kick_power"": 0.9, ""kick_dir"": [0.871851231602799, 0.48977069058818673]}, {""move_vx"": -4.875584591376563, ""move_vy"": -5.751545435127106, ""kick_power"": 0.0, ""kick_dir"": null}, {""move_vx"": -6.734822037892787, ""move_vy"": 3.3003290923654345, ""kick_power"": 0.0, ""kick_dir"": null}, {""move_vx"": -4.982665885011341, ""move_vy"": -5.6056258061294235, ""kick_power"": 0.0, ""kick_dir"": null}, {""move_vx"": -0.0, ""move_vy"": 0.0, ""kick_power"": 0.0, ""kick_dir"": null}, {""move_vx"": -0.0, ""move_vy"": 0.0, ""kick_power"": 0.7, ""kick_dir"": [-0.9524005969024922, -0.3048486264176461]}, {""move_vx"": -2.6298760010504614, ""move_vy"": -5.3929353991215985, ""kick_power"": 0.0, ""kick_dir"": null}, {""move_vx"": -5.016409736508194, ""move_vy"": -4.471468814099657, ""kick_power"": 0.0, ""kick_dir"": null}]"
482,386,default,default,0,2.304962378964024,40.92247056620197,-1,,,24.95821993464015,-0.04955844389562804,-0.02138922960306384,"[{""move_vx"": -5.0, ""move_vy"": 0.0, ""kick_power"": 0.0, ""kick_dir"": null}, {""move_vx"": 0.0, ""move_vy"": -5.8, ""kick_power"": 0.0, ""kick_dir"": null}, {""move_vx"": 3.8183766184073566, ""move_vy"": 3.8183766184073566, ""kick_power"": 0.0, ""kick_dir"": null}, {""move_vx"": 4.978455741383037, ""move_vy"": -2.0916449103732413, ""kick_power"": 0.0, ""kick_dir"": null}, {""move_vx"": 0.0, ""move_vy"": 0.0, ""kick_power"": 0.4, ""kick_dir"": [0.9756833454132641, -0.2191848120185946]}, {""move_vx"": -3.528306623404787, ""move_vy"": 4.597072695883533, ""kick_power"": 0.0, ""kick_dir"": null}, {""move_vx"": -4.242640687119285, ""move_vy"": -4.242640687119285, ""kick_power"": 0.0, ""kick_dir"": null}, {""move_vx"": -6.0, ""move_vy"": 0.0, ""kick_power"": 0.0, ""kick_dir"": null}, {""move_vx"": -6.335832592276303, ""move_vy"": -0.9387493609315265, ""kick_power"": 0.0, ""kick_dir"": null}, {""move_vx"": 0.0, ""move_vy"": 0.0, ""kick_power"": 0.4, ""kick_dir"": [-0.9229612606773308, 0.3848922628199429]}, {""move_vx"": 4.242640687119285, ""move_vy"": 4.242640687119285, ""kick_power"": 0.0, ""kick_dir"": null}, {""move_vx"": -4.430119689798258, ""move_vy"": -0.7899617294918693, ""kick_power"": 0.0, ""kick_dir"": null}, {""move_vx"": -7.202248881409532, ""move_vy"": 2.2314145850189178, ""kick_power"": 0.0, ""kick_dir"": null}, {""move_vx"": 4.247011610838498, ""move_vy"": 1.7409745481778285, ""kick_power"": 0.0, ""kick_dir"": null}, {""move_vx"": -0.0, ""move_vy"": 0.0, ""kick_power"": 0.9, ""kick_dir"": [0.8680386435600342, 0.49649653732448645]}, {""move_vx"": -4.876659417028409, ""move_vy"": -5.750634132885533, ""kick_power"": 0.0, ""kick_dir"": null}, {""move_vx"": -6.734822037892785, ""move_vy"": 3.300329092365438, ""kick_power"": 0.0, ""kick_dir"": null}, {""move_vx"": -4.9245132708410875, ""move_vy"": -5.656780802303551, ""kick_power"": 0.0, ""kick_dir"": null}, {""move_vx"": -0.0, ""move_vy"": 0.0, ""kick_power"": 0.0, ""kick_dir"": null}, {""move_vx"": -0.0, ""move_vy"": 0.0, ""kick_power"": 0.7, ""kick_dir"": [-0.9524005969024922, -0.3048486264176461]}, {""move_vx"": 4.242640687119285, ""move_vy"": -4.242640687119285, ""kick_power"": 0.0, ""kick_dir"": null}, {""move_vx"": -4.26802238411187, ""move_vy"": -3.86802080251904, ""kick_power"": 0.0, ""kick_dir"": null}]"
482,387,default,default,0,1.9423922736995693,40.50253641757087,-1,,,24.954632435899036,-0.05844935855176758,-0.0175814270306408,"[{""move_vx"": -2.588080669898062, ""move_vy"": -3.681282174202353, ""kick_power"": 0.0, ""kick_dir"": null}, {""move_vx"": 0.0, ""move_vy"": -5.8, ""kick_power"": 0.0, ""kick_dir"": null}, {""move_vx"": 3.8183766184073566, ""move_vy"": 3.8183766184073566, ""kick_power"": 0.0, ""kick_dir"": null}, {""move_vx"": 4.978455741383037, ""move_vy"": -2.0916449103732404, ""kick_power"": 0.0, ""kick_dir"": null}, {""move_vx"": 0.0, ""move_vy"": 0.0, ""kick_power"": 0.4, ""kick_dir"": [0.9756564381951366, -0.21930455268782736]}, {""move_vx"": -3.5978905546146676, ""move_vy"": 4.5428194501888965, ""kick_power"": 0.0, ""kick_dir"": null}, {""move_vx"": -4.242640687119285, ""move_vy"": -4.242640687119285, ""kick_power"": 0.0, ""kick_dir"": null}, {""move_vx"": 7.452855443486373, ""move_vy"": 0.8396104683098818, ""kick_power"": 0.0, ""kick_dir"": null}, {""move_vx"": -6.328348906720618, ""move_vy"": -0.9879398335971481, ""kick_power"": 0.0, ""kick_dir"": null}, {""move_vx"": 0.0, ""move_vy"": 0.0, ""kick_power"": 0.4, ""kick_dir"": [-0.9064836199388147, 0.4222404793111236]}, {""move_vx"": 4.242640687119285, ""move_vy"": 4.242640687119285, ""kick_power"": 0.0, ""kick_dir"": null}, {""move_vx"": -4.430451480979567, ""move_vy"": -0.7880987721637194, ""kick_power"": 0.0, ""kick_dir"": null}, {""move_vx"": -7.2355611797632635, ""move_vy"": 2.1209088650630066, ""kick_power"": 0.0, ""kick_dir"": null}, {""move_vx"": 4.247011610838497, ""move_vy"": 1.740974548177828, ""kick_power"": 0.0, ""kick_dir"": null}, {""move_vx"": -0.0, ""move_vy"": 0.0, ""kick_power"": 0.9, ""kick_dir"": [0.8640791409383144, 0.5033558734619479]}, {""move_vx"": -4.877685270353679, ""move_vy"": -5.749764030234178, ""kick_power"": 0.0, ""kick_dir"": null}, {""move_vx"": -6.734822037892785, ""move_vy"": 3.300329092365437, ""kick_power"": 0.0, ""kick_dir"": null}, {""move_vx"": -3.599227026697632, ""move_vy"": -4.025613594259803, ""kick_power"": 0.0, ""kick_dir"": null}, {""move_vx"": -0.0, ""move_vy"": 0.0, ""kick_power"": 0.0, ""kick_dir"": null}, {""move_vx"": -0.0, ""move_vy"": 0.0, ""kick_power"": 0.7, ""kick_dir"": [-0.9524005969024922, -0.3048486264176461]}, {""move_vx"": -2.7115655757592414, ""move_vy"": -5.352327729909433, ""kick_power"": 0.0, ""kick_dir"": null}, {""move_vx"": -4.525483399593904, ""move_vy"": -4.525483399593904, ""kick_power"": 0.0, ""kick_dir"": null}]"
482,388,default,default,0,1.5881842011248277,40.09228730095812,-1,,,24.951694786420674,-0.04251017101342636,-0.025715854199175433,"[{""move_vx"": -5.0, ""move_vy"": 0.0, ""kick_power"": 0.0, ""kick_dir"": null}, {""move_vx"": 0.0, ""move_vy"": -5.8, ""kick_power"": 0.0, ""kick_dir"": null}, {""move_vx"": 3.8183766184073566, ""move_vy"": 3.8183766184073566, ""kick_power"": 0.0, ""kick_dir"": null}, {""move_vx"": 4.978455741383036, ""move_vy"": -2.0916449103732404, ""kick_power"": 0.0, ""kick_dir"": null}, {""move_vx"": -4.204588596048527, ""move_vy"": -3.561114255114355, ""kick_power"": 0.0, ""kick_dir"": null}, {""move_vx"": -3.66617040638084, ""move_vy"": 4.487897007661533, ""kick_power"": 0.0, ""kick_dir"": null}, {""move_vx"": -4.242640687119285, ""move_vy"": -4.242640687119285, ""kick_power"": 0.0, ""kick_dir"": null}, {""move_vx"": -6.0, ""move_vy"": 0.0, ""kick_power"": 0.0, ""kick_dir"": null}, {""move_vx"": -6.32073966286147, ""move_vy"": -1.0355071773434832, ""kick_power"": 0.0, ""kick_dir"": null}, {""move_vx"": 0.0, ""move_vy"": 0.0, ""kick_power"": 0.4, ""kick_dir"": [-0.8914965930061335, 0.4530269632734268]}, {""move_vx"": 4.242640687119285, ""move_vy"": 4.242640687119285, ""kick_power"": 0.0, ""kick_dir"": null}, {""move_vx"": -4.43078195915794, ""move_vy"": -0.7862386599503496, ""kick_power"": 0.0, ""kick_dir"": null}, {""move_vx"": -0.0, ""move_vy"": 0.0, ""kick_power"": 0.0, ""kick_dir"": null}, {""move_vx"": 4.247011610838498, ""move_vy"": 1.740974548177828, ""kick_power"": 0.0, ""kick_dir"": null}, {""move_vx"": -0.0, ""move_vy"": 0.0, ""kick_power"": 0.9, ""kick_dir"": [0.8599666361588931, 0.5103501549855345]}, {""move_vx"": -4.503383418224015, ""move_vy"": -5.3067068685263745, ""kick_power"": 0.0, ""kick_dir"": null}, {""move_vx"": -6.734822037892786, ""move_vy"": 3.3003290923654367, ""kick_power"": 0.0, ""kick_dir"": null}, {""move_vx"": -4.821291736429135, ""move_vy"": -5.745010530211423, ""kick_power"": 0.0, ""kick_dir"": null}, {""move_vx"": -0.0, ""move_vy"": 0.0, ""kick_power"": 0.0, ""kick_dir"": null}, {""move_vx"": -0.0, ""move_vy"": 0.0, ""kick_power"": 0.7, ""kick_dir"": [-0.9524005969024922, -0.3048486264176461]}, {""move_vx"": -2.7115655757592405, ""move_vy"": -5.352327729909432, ""kick_power"": 0.0, ""kick_dir"": null}, {""move_vx"": -4.525483399593904, ""move_vy"": -4.525483399593904, ""kick_power"": 0.0, ""kick_dir"": null}]"
482,389,default,default,0,1.2421453058728273,39.69149984837731,-1,,,24.948300864118735,-0.05005802275384684,-0.026232746193747682,"[{""move_vx"": -2.543623556275473, ""move_vy"": -3.7121394375697307, ""kick_power"": 0.0, ""kick_dir"": null}, {""move_vx"": 0.0, ""move_vy"": -5.8, ""kick_power"": 0.0, ""kick_dir"": null}, {""move_vx"": 3.8183766184073566, ""move_vy"": 3.8183766184073566, ""kick_power"": 0.0, ""kick_dir"": null}, {""move_vx"": 4.978455741383036, ""move_vy"": -2.0916449103732413, ""kick_power"": 0.0, ""kick_dir"": null}, {""move_vx"": 4.807404251429927, ""move_vy"": -3.2448211604545283, ""kick_power"": 0.0, ""kick_dir"": null}, {""move_vx"": -3.7331265455685183, ""move_vy"": 4.432357295477391, ""kick_power"": 0.0, ""kick_dir"": null}, {""move_vx"": -4.242640687119285, ""move_vy"": -4.242640687119285, ""kick_power"": 0.0, ""kick_dir"": null}, {""move_vx"": 7.453965791580174, ""move_vy"": 0.8296951114430786, ""kick_power"": 0.0, ""kick_dir"": null}, {""move_vx"": -6.313029684996891, ""move_vy"": -1.0815180055588758, ""kick_power"": 0.0, ""kick_dir"": null}, {""move_vx"": 0.0, ""move_vy"": 0.0, ""kick_power"": 0.7, ""kick_dir"": [0.9503491725668639, 0.311185508732652]}, {""move_vx"": -5.3410106651998035, ""move_vy"": -0.7959931370445092, ""kick_power"": 0.0, ""kick_dir"": null}, {""move_vx"": -4.431111128171284, ""move_vy"": -0.784381393071388, ""kick_power"": 0.0, ""kick_dir"": null}, {""move_vx"": -0.0, ""move_vy"": 0.0, ""kick_power"": 0.0, ""kick_dir"": null}, {""move_vx"": 4.247011610838498, ""move_vy"": 1.740974548177828, ""kick_power"": 0.0, ""kick_dir"": null}, {""move_vx"": -0.0, ""move_vy"": 0.0, ""kick_power"": 0.9, ""kick_dir"": [0.8556947941876037, 0.5174807378342668]}, {""move_vx"": -4.5042474357284625, ""move_vy"": -5.3059735240324715, ""kick_power"": 0.0, ""kick_dir"": null}, {""move_vx"": -6.734822037892785, ""move_vy"": 3.3003290923654385, ""kick_power"": 0.0, ""kick_dir"": null}, {""move_vx"": -4.760753725314244, ""move_vy"": -5.7952760043768885, ""kick_power"": 0.0, ""kick_dir"": null}, {""move_vx"": -0.0, ""move_vy"": 0.0, ""kick_power"": 0.0, ""kick_dir"": null}, {""move_vx"": -0.0, ""move_vy"": 0.0, ""kick_power"": 0.7, ""kick_dir"": [-0.9524005969024922, -0.3048486264176461]}, {""move_vx"": -2.7115655757592396, ""move_vy"": -5.352327729909432, ""kick_power"": 0.0, ""kick_dir"": null}, {""move_vx"": -4.525483399593904, ""move_vy"": -4.525483399593904, ""kick_power"": 0.0, ""kick_dir"": null}]"
482,390,default,default,0,0.904087180441601,39.29995584342621,-1,,,24.945475947984185,-0.047547024070973595,-0.026551403227390517,"[{""move_vx"": -5.0, ""move_vy"": 0.0, ""kick_power"": 0.0, ""kick_dir"": null}, {""move_vx"": 0.0, ""move_vy"": -5.8, ""kick_power"": 0.0, ""kick_dir"": null}, {""move_vx"": 3.8183766184073566, ""move_vy"": 3.8183766184073566, ""kick_power"": 0.0, ""kick_dir"": null}, {""move_vx"": 4.978455741383036, ""move_vy"": -2.0916449103732404, ""kick_power"": 0.0, ""kick_dir"": null}, {""move_vx"": 4.772948185293182, ""move_vy"": -3.295294466433389, ""kick_power"": 0.0, ""kick_dir"": null}, {""move_vx"": -3.7987423988344333, ""move_vy"": 4.376251956560271, ""kick_power"": 0.0, ""kick_dir"": null}, {""move_vx"": -4.242640687119285, ""move_vy"": -4.242640687119285, ""kick_power"": 0.0, ""kick_dir"": null}, {""move_vx"": -6.0, ""move_vy"": 0.0, ""kick_power"": 0.0, ""kick_dir"": null}, {""move_vx"": -6.305241307971651, ""move_vy"": -1.1260359888777753, ""kick_power"": 0.0, ""kick_dir"": null}, {""move_vx"": 4.242640687119285, ""move_vy"": -4.242640687119285, ""kick_power"": 0.0, ""kick_dir"": null}, {""move_vx"": 0.0, ""move_vy"": 0.0, ""kick_power"": 0.0, ""kick_dir"": null}, {""move_vx"": -4.431438991853486, ""move_vy"": -0.7825269717272102, ""kick_power"": 0.0, ""kick_dir"": null}, {""move_vx"": -0.0, ""move_vy"": 0.0, ""kick_power"": 0.0, ""kick_dir"": null}, {""move_vx"": 4.247011610838497, ""move_vy"": 1.7409745481778276, ""kick_power"": 0.0, ""kick_dir"": null}, {""move_vx"": -0.0, ""move_vy"": 0.0, ""kick_power"": 0.9, ""kick_dir"": [0.8512570262811037, 0.524748862645282]}, {""move_vx"": -4.505073392381941, ""move_vy"": -5.3052722577877445, ""kick_power"": 0.0, ""kick_dir"": null}, {""move_vx"": -6.734822037892784, ""move_vy"": 3.300329092365439, ""kick_power"": 0.0, ""kick_dir"": null}, {""move_vx"": -4.69940637913905, ""move_vy"": -5.845132991105267, ""kick_power"": 0.0, ""kick_dir"": null}, {""move_vx"": -0.0, ""move_vy"": 0.0, ""kick_power"": 0.0, ""kick_dir"": null}, {""move_vx"": -0.0, ""move_vy"": 0.0, ""kick_power"": 0.7, ""kick_dir"": [-0.9524005969024922, -0.3048486264176461]}, {""move_vx"": -2.7115655757592396, ""move_vy"": -5.352327729909433, ""kick_power"": 0.0, ""kick_dir"": null}, {""move_vx"": -4.525483399593904, ""move_vy"": -4.525483399593904, ""kick_power"": 0.0, ""kick_dir"": null}]"
482,391,default,default,0,0.5738257626121144,38.9174421024746,-1,,,24.942278905773378,-0.043394205175076125,-0.029596092586557377,"[{""move_vx"": -2.4974255788340995, ""move_vy"": -3.7433762138189057, ""kick_power"": 0.0, ""kick_dir"": null}, {""move_vx"": 0.0, ""move_vy"": -5.8, ""kick_power"": 0.0, ""kick_dir"": null}, {""move_vx"": 3.8183766184073566, ""move_vy"": 3.8183766184073566, ""kick_power"": 0.0, ""kick_dir"": null}, {""move_vx"": 0.0, ""move_vy"": 0.0, ""kick_power"": 0.0, ""kick_dir"": null}, {""move_vx"": 4.738153326316905, ""move_vy"": -3.345131246500209, ""kick_power"": 0.0, ""kick_dir"": null}, {""move_vx"": -3.863004388714983, ""move_vy"": 4.3196321710035415, ""kick_power"": 0.0, ""kick_dir"": null}, {""move_vx"": -4.242640687119285, ""move_vy"": -4.242640687119285, ""kick_power"": 0.0, ""kick_dir"": null}, {""move_vx"": 7.455053358006396, ""move_vy"": 0.8198654946255369, ""kick_power"": 0.0, ""kick_dir"": null}, {""move_vx"": -6.297394606760843, ""move_vy"": -1.1691219640137833, ""kick_power"": 0.0, ""kick_dir"": null}, {""move_vx"": 0.0, ""move_vy"": 0.0, ""kick_power"": 0.7, ""kick_dir"": [0.948701954509055, 0.3161717445894265]}, {""move_vx"": -5.3322642615831946, ""move_vy"": -0.8526182291287476, ""kick_power"": 0.0, ""kick_dir"": null}, {""move_vx"": -4.724818487462788, ""move_vy"": -0.4884570201459356, ""kick_power"": 0.0, ""kick_dir"": null}, {""move_vx"": -0.0, ""move_vy"": 0.0, ""kick_power"": 0.0, ""kick_dir"": null}, {""move_vx"": 4.247011610838498, ""move_vy"": 1.7409745481778276, ""kick_power"": 0.0, ""kick_dir"": null}, {""move_vx"": -0.0, ""move_vy"": 0.0, ""kick_power"": 0.9, ""kick_dir"": [0.8466464842056117, 0.5321556381511493]}, {""move_vx"": -3.154348186473941, ""move_vy"": -4.517763552742502, ""kick_power"": 0.0, ""kick_dir"": null}, {""move_vx"": -6.734822037892784, ""move_vy"": 3.3003290923654385, ""kick_power"": 0.0, ""kick_dir"": null}, {""move_vx"": -0.0, ""move_vy"": 0.0, ""kick_power"": 0.4, ""kick_dir"": [0.6866337653995597, 0.7270033029670406]}, {""move_vx"": -0.0, ""move_vy"": 0.0, ""kick_power"": 0.0, ""kick_dir"": null}, {""move_vx"": -0.0, ""move_vy"": 0.0, ""kick_power"": 0.7, ""kick_dir"": [-0.9524005969024922, -0.3048486264176461]}, {""move_vx"": -2.711565575759239, ""move_vy"": -5.352327729909433, ""kick_power"": 0.0, ""kick_dir"": null}, {""move_vx"": -4.525483399593904, ""move_vy"": -4.525483399593904, ""kick_power"": 0.0, ""kick_dir"": null}]"
482,392,default,default,0,0.25118123523206737,38.54375035859241,-1,,,24.93957796975563,-0.03870182240322105,-0.02662725381770664,"[{""move_vx"": -5.0, ""move_vy"": 0.0, ""kick_power"": 0.0, ""kick_dir"": null}, {""move_vx"": 0.0, ""move_vy"": -5.8, ""kick_power"": 0.0, ""kick_dir"": null}, {""move_vx"": 3.8183766184073566, ""move_vy"": 3.8183766184073566, ""kick_power"": 0.0, ""kick_dir"": null}, {""move_vx"": 4.985546645540003, ""move_vy"": -2.074686637819028, ""kick_power"": 0.0, ""kick_dir"": null}, {""move_vx"": 4.703029875068683, ""move_vy"": -3.3943349855621854, ""kick_power"": 0.0, ""kick_dir"": null}, {""move_vx"": -3.9259018567558908, ""move_vy"": 4.262548487832206, ""kick_power"": 0.0, ""kick_dir"": null}, {""move_vx"": -4.242640687119285, ""move_vy"": -4.242640687119285, ""kick_power"": 0.0, ""kick_dir"": null}, {""move_vx"": -6.0, ""move_vy"": 0.0, ""kick_power"": 0.0, ""kick_dir"": null}, {""move_vx"": -6.289507605380125, ""move_vy"": -1.2108340438993181, ""kick_power"": 0.0, ""kick_dir"": null}, {""move_vx"": 0.0, ""move_vy"": 0.0, ""kick_power"": 0.7, ""kick_dir"": [0.948701954509055, 0.3161717445894265]}, {""move_vx"": -5.32788459956969, ""move_vy"": -0.8795713124403998, ""kick_power"": 0.0, ""kick_dir"": null}, {""move_vx"": -4.723008363756854, ""move_vy"": -0.5056599607273704, ""kick_power"": 0.0, ""kick_dir"": null}, {""move_vx"": -0.0, ""move_vy"": 0.0, ""kick_power"": 0.0, ""kick_dir"": null}, {""move_vx"": 4.247011610838497, ""move_vy"": 1.740974548177827, ""kick_power"": 0.0, ""kick_dir"": null}, {""move_vx"": -0.0, ""move_vy"": 0.0, ""kick_power"": 0.9, ""kick_dir"": [0.8418560550456209, 0.5397020231500337]}, {""move_vx"": -4.51304200246289, ""move_vy"": -5.29849524714383, ""kick_power"": 0.0, ""kick_dir"": null}, {""move_vx"": -6.734822037892785, ""move_vy"": 3.300329092365438, ""kick_power"": 0.0, ""kick_dir"": null}, {""move_vx"": -4.637287100446585, ""move_vy"": -5.894537161476863, ""kick_power"": 0.0, ""kick_dir"": null}, {""move_vx"": -0.0, ""move_vy"": 0.0, ""kick_power"": 0.0, ""kick_dir"": null}, {""move_vx"": -0.0, ""move_vy"": 0.0, ""kick_power"": 0.7, ""kick_dir"": [-0.9524005969024922, -0.3048486264176461]}, {""move_vx"": -2.711565575759239, ""move_vy"": -5.352327729909433, ""kick_power"": 0.0, ""kick_dir"": null}, {""move_vx"": -4.525483399593904, ""move_vy"": -4.525483399593904, ""kick_power"": 0.0, ""kick_dir"": null}]"
482,393,default,default,0,-0.0640220716889981,38.178677148154776,-1,,left,19.93690367058271,-45.038065686788364,45.37346249465843,"[{""move_vx"": -5.0, ""move_vy"": 0.0, ""kick_power"": 0.0, ""kick_dir"": null}, {""move_vx"": 0.0, ""move_vy"": -5.8, ""kick_power"": 0.0, ""kick_dir"": null}, {""move_vx"": 3.8183766184073566, ""move_vy"": 3.8183766184073566, ""kick_power"": 0.0, ""kick_dir"": null}, {""move_vx"": 4.985546645540003, ""move_vy"": -2.074686637819028, ""kick_power"": 0.0, ""kick_dir"": null}, {""move_vx"": 4.667587420063379, ""move_vy"": -3.442909768795298, ""kick_power"": 0.0, ""kick_dir"": null}, {""move_vx"": -3.9874269749978972, ""move_vy"": 4.205050667834944, ""kick_power"": 0.0, ""kick_dir"": null}, {""move_vx"": -4.242640687119285, ""move_vy"": -4.242640687119285, ""kick_power"": 0.0, ""kick_dir"": null}, {""move_vx"": -6.0, ""move_vy"": 0.0, ""kick_power"": 0.0, ""kick_dir"": null}, {""move_vx"": -6.281596466887056, ""move_vy"": -1.2512277279504578, ""kick_power"": 0.0, ""kick_dir"": null}, {""move_vx"": 0.0, ""move_vy"": 0.0, ""kick_power"": 0.7, ""kick_dir"": [0.948701954509055, 0.3161717445894265]}, {""move_vx"": -5.323502685339274, ""move_vy"": -0.9057147228490557, ""kick_power"": 0.0, ""kick_dir"": null}, {""move_vx"": -4.721187824155191, ""move_vy"": -0.5223844647850645, ""kick_power"": 0.0, ""kick_dir"": null}, {""move_vx"": -0.0, ""move_vy"": 0.0, ""kick_power"": 0.0, ""kick_dir"": null}, {""move_vx"": 4.247011610838498, ""move_vy"": 1.740974548177827, ""kick_power"": 0.0, ""kick_dir"": null}, {""move_vx"": -0.0, ""move_vy"": 0.0, ""kick_power"": 0.9, ""kick_dir"": [0.836878356735191, 0.5473888069690668]}, {""move_vx"": -4.513653771430891, ""move_vy"": -5.297974106358741, ""kick_power"": 0.0, ""kick_dir"": null}, {""move_vx"": -6.734822037892784, ""move_vy"": 3.3003290923654394, ""kick_power"": 0.0, ""kick_dir"": null}, {""move_vx"": -4.57443597200017, ""move_vy"": -5.943444753513813, ""kick_power"": 0.0, ""kick_dir"": null}, {""move_vx"": -0.0, ""move_vy"": 0.0, ""kick_power"": 0.0, ""kick_dir"": null}, {""move_vx"": -0.0, ""move_vy"": 0.0, ""kick_power"": 0.7, ""kick_dir"": [-0.9524005969024922, -0.3048486264176461]}, {""move_vx"": -2.7115655757592387, ""move_vy"": -5.352327729909434, ""kick_power"": 0.0, ""kick_dir"": null}, {""move_vx"": -4.525483399593904, ""move_vy"": -4.525483399593904, ""kick_power"": 0.0, ""kick_dir"": null}]"
