episode,step,scenario,scenario_template,scenario_variant,ball_x,ball_y,ball_controller,ball_controller_team,last_goal,reward_p0,team_reward_left_step,team_reward_right_step,actions
2207,1,default,default,0,50.0,37.5,-1,,,-0.0008,0.004344015421594109,0.008138781301788203,"[{""move_vx"": 0.0, ""move_vy"": 0.0, ""kick_power"": 1.0, ""kick_dir"": [0.9999999818181822, 0.0]}, {""move_vx"": 0.0, ""move_vy"": 0.0, ""kick_power"": 0.0, ""kick_dir"": null}, {""move_vx"": 0.0, ""move_vy"": 0.0, ""kick_power"": 0.0, ""kick_dir"": null}, {""move_vx"": -3.8183766184073566, ""move_vy"": -3.8183766184073566, ""kick_power"": 0.0, ""kick_dir"": null}, {""move_vx"": 5.9434279414502, ""move_vy"": -3.621776401821216, ""kick_power"": 0.0, ""kick_dir"": null}, {""move_vx"": -4.313351365237939, ""move_vy"": 4.313351365237939, ""kick_power"": 0.0, ""kick_dir"": null}, {""move_vx"": -4.242640687119285, ""move_vy"": 4.242640687119285, ""kick_power"": 0.0, ""kick_dir"": null}, {""move_vx"": -4.242640687119285, ""move_vy"": 4.242640687119285, ""kick_power"": 0.0, ""kick_dir"": null}, {""move_vx"": 6.1, ""move_vy"": 0.0, ""kick_power"": 0.0, ""kick_dir"": null}, {""move_vx"": 4.449826390676585, ""move_vy"": 3.059255643590152, ""kick_power"": 0.0, ""kick_dir"": null}, {""move_vx"": 4.242640687119285, ""move_vy"": -4.242640687119285, ""kick_power"": 0.0, ""kick_dir"": null}, {""move_vx"": -6.0, ""move_vy"": 0.0, ""kick_power"": 0.0, ""kick_dir"": null}, {""move_vx"": 4.1012193308819755, ""move_vy"": 4.1012193308819755, ""kick_power"": 0.0, ""kick_dir"": null}, {""move_vx"": -5.926683448283221, ""move_vy"": 0.3975214507994843, ""kick_power"": 0.0, ""kick_dir"": null}, {""move_vx"": -0.0, ""move_vy"": 5.4, ""kick_power"": 0.0, ""kick_dir"": null}, {""move_vx"": -0.0, ""move_vy"": 0.0, ""kick_power"": 0.0, ""kick_dir"": null}, {""move_vx"": -0.0, ""move_vy"": 0.0, ""kick_power"": 0.4, ""kick_dir"": [-0.99999980000004, 0.0]}, {""move_vx"": -0.0, ""move_vy"": 0.0, ""kick_power"": 0.4, ""kick_dir"": [-0.9999999846153849, 0.0]}, {""move_vx"": -0.0, ""move_vy"": -6.0, ""kick_power"": 0.0, ""kick_dir"": null}, {""move_vx"": -4.197950719565732, ""move_vy"": 5.247438399457165, ""kick_power"": 0.0, ""kick_dir"": null}, {""move_vx"": -6.300000000000001, ""move_vy"": 0.0, ""kick_power"": 0.0, ""kick_dir"": null}, {""move_vx"": -0.0, ""move_vy"": 0.0, ""kick_power"": 0.9, ""kick_dir"": [0.99999980000004, 0.0]}]"
2207,2,default,default,0,50.0,37.5,-1,,,-0.0016,0.01110317542922222,-0.0019113675711997153,"[{""move_vx"": 0.0, ""move_vy"": 0.0, ""kick_power"": 0.7, ""kick_dir"": [0.9999999800000005, 0.0]}, {""move_vx"": 0.0, ""move_vy"": 0.0, ""kick_power"": 0.0, ""kick_dir"": null}, {""move_vx"": 5.175387917544994, ""move_vy"": 1.5412202642481976, ""kick_power"": 0.0, ""kick_dir"": null}, {""move_vx"": -3.8183766184073566, ""move_vy"": -3.8183766184073566, ""kick_power"": 0.0, ""kick_dir"": null}, {""move_vx"": 0.0, ""move_vy"": 0.0, ""kick_power"": 0.6, ""kick_dir"": [0.9732636145758181, -0.22969090684965204]}, {""move_vx"": -4.313351365237939, ""move_vy"": 4.313351365237939, ""kick_power"": 0.0, ""kick_dir"": null}, {""move_vx"": -4.242640687119285, ""move_vy"": 4.242640687119285, ""kick_power"": 0.0, ""kick_dir"": null}, {""move_vx"": 5.524148179974126, ""move_vy"": -2.3417486811544386, ""kick_power"": 0.0, ""kick_dir"": null}, {""move_vx"": 6.1, ""move_vy"": 0.0, ""kick_power"": 0.0, ""kick_dir"": null}, {""move_vx"": 4.449826390676587, ""move_vy"": 3.0592556435901512, ""kick_power"": 0.0, ""kick_dir"": null}, {""move_vx"": 4.242640687119285, ""move_vy"": -4.242640687119285, ""kick_power"": 0.0, ""kick_dir"": null}, {""move_vx"": -6.0, ""move_vy"": 0.0, ""kick_power"": 0.0, ""kick_dir"": null}, {""move_vx"": 4.1012193308819755, ""move_vy"": 4.1012193308819755, ""kick_power"": 0.0, ""kick_dir"": null}, {""move_vx"": -5.92668344828322, ""move_vy"": 0.3975214507994841, ""kick_power"": 0.0, ""kick_dir"": null}, {""move_vx"": -0.0, ""move_vy"": 5.4, ""kick_power"": 0.0, ""kick_dir"": null}, {""move_vx"": 4.661707800671136, ""move_vy"": 1.6041759196428154, ""kick_power"": 0.0, ""kick_dir"": null}, {""move_vx"": -0.0, ""move_vy"": 0.0, ""kick_power"": 0.4, ""kick_dir"": [-0.9978120006332224, 0.06611227891618145]}, {""move_vx"": -0.0, ""move_vy"": 0.0, ""kick_power"": 0.4, ""kick_dir"": [-0.9999999846153849, 0.0]}, {""move_vx"": -0.0, ""move_vy"": -6.0, ""kick_power"": 0.0, ""kick_dir"": null}, {""move_vx"": -4.197950719565732, ""move_vy"": 5.247438399457164, ""kick_power"": 0.0, ""kick_dir"": null}, {""move_vx"": -0.0, ""move_vy"": 0.0, ""kick_power"": 0.65, ""kick_dir"": [0.9999999306518773, 0.0]}, {""move_vx"": 4.525483399593904, ""move_vy"": -4.525483399593904, ""kick_power"": 0.0, ""kick_dir"": null}]"
2207,3,default,default,0,50.0,37.5,-1,,,-0.0024000000000000002,0.013250225241697437,0.008468411785251416,"[{""move_vx"": 0.0, ""move_vy"": 0.0, ""kick_power"": 0.7, ""kick_dir"": [0.9999999800000005, 0.0]}, {""move_vx"": 0.0, ""move_vy"": 0.0, ""kick_power"": 0.0, ""kick_dir"": null}, {""move_vx"": 5.175387917544994, ""move_vy"": 1.5412202642481976, ""kick_power"": 0.0, ""kick_dir"": null}, {""move_vx"": 0.0, ""move_vy"": -5.4, ""kick_power"": 0.0, ""kick_dir"": null}, {""move_vx"": 0.0, ""move_vy"": 0.0, ""kick_power"": 0.6, ""kick_dir"": [0.9733409689405874, -0.22936288767611776]}, {""move_vx"": -4.313351365237939, ""move_vy"": 4.313351365237939, ""kick_power"": 0.0, ""kick_dir"": null}, {""move_vx"": -4.242640687119285, ""move_vy"": 4.242640687119285, ""kick_power"": 0.0, ""kick_dir"": null}, {""move_vx"": 5.5241481799741265, ""move_vy"": -2.3417486811544386, ""kick_power"": 0.0, ""kick_dir"": null}, {""move_vx"": 6.1, ""move_vy"": 0.0, ""kick_power"": 0.0, ""kick_dir"": null}, {""move_vx"": 6.0, ""move_vy"": 0.0, ""kick_power"": 0.0, ""kick_dir"": null}, {""move_vx"": 4.242640687119285, ""move_vy"": -4.242640687119285, ""kick_power"": 0.0, ""kick_dir"": null}, {""move_vx"": -6.0, ""move_vy"": 0.0, ""kick_power"": 0.0, ""kick_dir"": null}, {""move_vx"": 4.1012193308819755, ""move_vy"": 4.1012193308819755, ""kick_power"": 0.0, ""kick_dir"": null}, {""move_vx"": -5.926683448283221, ""move_vy"": 0.397521450799484, ""kick_power"": 0.0, ""kick_dir"": null}, {""move_vx"": -0.0, ""move_vy"": 5.4, ""kick_power"": 0.0, ""kick_dir"": null}, {""move_vx"": -4.6617078006713815, ""move_vy"": -1.604175919642102, ""kick_power"": 0.0, ""kick_dir"": null}, {""move_vx"": -0.0, ""move_vy"": 0.0, ""kick_power"": 0.4, ""kick_dir"": [-0.9921742886767382, 0.12485921661645182]}, {""move_vx"": -0.0, ""move_vy"": 0.0, ""kick_power"": 0.4, ""kick_dir"": [-0.9999999846153849, 0.0]}, {""move_vx"": -0.0, ""move_vy"": -6.0, ""kick_power"": 0.0, ""kick_dir"": null}, {""move_vx"": -4.197950719565732, ""move_vy"": 5.247438399457165, ""kick_power"": 0.0, ""kick_dir"": null}, {""move_vx"": -6.300000000000001, ""move_vy"": 0.0, ""kick_power"": 0.0, ""kick_dir"": null}, {""move_vx"": 4.525483399593904, ""move_vy"": -4.525483399593904, ""kick_power"": 0.0, ""kick_dir"": null}]"
2207,4,default,default,0,50.0,37.5,-1,,,-0.0032,0.010650185661356924,-0.003361448687807311,"[{""move_vx"": 0.0, ""move_vy"": 0.0, ""kick_power"": 0.7, ""kick_dir"": [0.9999999800000005, 0.0]}, {""move_vx"": 0.0, ""move_vy"": 0.0, ""kick_power"": 0.0, ""kick_dir"": null}, {""move_vx"": 5.175387917544995, ""move_vy"": 1.5412202642481976, ""kick_power"": 0.0, ""kick_dir"": null}, {""move_vx"": -3.8183766184073566, ""move_vy"": -3.8183766184073566, ""kick_power"": 0.0, ""kick_dir"": null}, {""move_vx"": 0.0, ""move_vy"": 0.0, ""kick_power"": 0.6, ""kick_dir"": [0.9734187666027209, -0.2290324885274669]}, {""move_vx"": -4.313351365237939, ""move_vy"": 4.313351365237939, ""kick_power"": 0.0, ""kick_dir"": null}, {""move_vx"": -4.242640687119285, ""move_vy"": 4.242640687119285, ""kick_power"": 0.0, ""kick_dir"": null}, {""move_vx"": 5.5241481799741265, ""move_vy"": -2.341748681154438, ""kick_power"": 0.0, ""kick_dir"": null}, {""move_vx"": 6.1, ""move_vy"": 0.0, ""kick_power"": 0.0, ""kick_dir"": null}, {""move_vx"": 4.36826449043589, ""move_vy"": 3.1746283785030456, ""kick_power"": 0.0, ""kick_dir"": null}, {""move_vx"": 4.242640687119285, ""move_vy"": -4.242640687119285, ""kick_power"": 0.0, ""kick_dir"": null}, {""move_vx"": 5.0, ""move_vy"": 0.0, ""kick_power"": 0.0, ""kick_dir"": null}, {""move_vx"": -6.204689866912835, ""move_vy"": 3.1533194661228325, ""kick_power"": 0.0, ""kick_dir"": null}, {""move_vx"": 3.8183766184073566, ""move_vy"": -3.8183766184073566, ""kick_power"": 0.0, ""kick_dir"": null}, {""move_vx"": -0.0, ""move_vy"": 5.4, ""kick_power"": 0.0, ""kick_dir"": null}, {""move_vx"": 4.661707800671401, ""move_vy"": 1.6041759196420455, ""kick_power"": 0.0, ""kick_dir"": null}, {""move_vx"": -0.0, ""move_vy"": 0.0, ""kick_power"": 0.4, ""kick_dir"": [-0.9842312719247113, 0.17688546089583543]}, {""move_vx"": -0.0, ""move_vy"": 0.0, ""kick_power"": 0.4, ""kick_dir"": [-0.9999999846153849, 0.0]}, {""move_vx"": -0.0, ""move_vy"": -6.0, ""kick_power"": 0.0, ""kick_dir"": null}, {""move_vx"": -4.197950719565731, ""move_vy"": 5.247438399457164, ""kick_power"": 0.0, ""kick_dir"": null}, {""move_vx"": -6.300000000000001, ""move_vy"": 0.0, ""kick_power"": 0.0, ""kick_dir"": null}, {""move_vx"": 4.525483399593904, ""move_vy"": -4.525483399593904, ""kick_power"": 0.0, ""kick_dir"": null}]"
2207,5,default,default,0,50.0,37.5,-1,,,-0.004,0.01002925519776352,0.012452331542106992,"[{""move_vx"": 0.0, ""move_vy"": 0.0, ""kick_power"": 0.7, ""kick_dir"": [0.9999999800000005, 0.0]}, {""move_vx"": 0.0, ""move_vy"": 0.0, ""kick_power"": 0.0, ""kick_dir"": null}, {""move_vx"": 5.175387917544995, ""move_vy"": 1.5412202642481976, ""kick_power"": 0.0, ""kick_dir"": null}, {""move_vx"": -3.8183766184073566, ""move_vy"": -3.8183766184073566, ""kick_power"": 0.0, ""kick_dir"": null}, {""move_vx"": 0.0, ""move_vy"": 0.0, ""kick_power"": 0.6, ""kick_dir"": [0.9734970111120665, -0.22869968352584463]}, {""move_vx"": -4.313351365237939, ""move_vy"": 4.313351365237939, ""kick_power"": 0.0, ""kick_dir"": null}, {""move_vx"": -4.242640687119285, ""move_vy"": 4.242640687119285, ""kick_power"": 0.0, ""kick_dir"": null}, {""move_vx"": 5.5241481799741265, ""move_vy"": -2.3417486811544377, ""kick_power"": 0.0, ""kick_dir"": null}, {""move_vx"": 6.1, ""move_vy"": 0.0, ""kick_power"": 0.0, ""kick_dir"": null}, {""move_vx"": 6.0, ""move_vy"": 0.0, ""kick_power"": 0.0, ""kick_dir"": null}, {""move_vx"": 4.242640687119285, ""move_vy"": -4.242640687119285, ""kick_power"": 0.0, ""kick_dir"": null}, {""move_vx"": 5.0, ""move_vy"": 0.0, ""kick_power"": 0.0, ""kick_dir"": null}, {""move_vx"": 4.1012193308819755, ""move_vy"": 4.1012193308819755, ""kick_power"": 0.0, ""kick_dir"": null}, {""move_vx"": -6.905743282074553, ""move_vy"": 1.261391977968065, ""kick_power"": 0.0, ""kick_dir"": null}, {""move_vx"": -0.0, ""move_vy"": 0.0, ""kick_power"": 0.9, ""kick_dir"": [-0.9676409635824649, 0.25233098973419665]}, {""move_vx"": -4.6617078006713815, ""move_vy"": -1.604175919642102, ""kick_power"": 0.0, ""kick_dir"": null}, {""move_vx"": -0.0, ""move_vy"": 0.0, ""kick_power"": 0.4, ""kick_dir"": [0.974969246516691, -0.22233950688918477]}, {""move_vx"": -0.0, ""move_vy"": 0.0, ""kick_power"": 0.4, ""kick_dir"": [-0.9999999846153849, 0.0]}, {""move_vx"": -0.0, ""move_vy"": -6.0, ""kick_power"": 0.0, ""kick_dir"": null}, {""move_vx"": -4.197950719565732, ""move_vy"": 5.247438399457164, ""kick_power"": 0.0, ""kick_dir"": null}, {""move_vx"": -6.300000000000001, ""move_vy"": 0.0, ""kick_power"": 0.0, ""kick_dir"": null}, {""move_vx"": -4.525483399593904, ""move_vy"": -4.525483399593904, ""kick_power"": 0.0, ""kick_dir"": null}]"
2207,6,default,default,0,50.0,37.5,-1,,,-0.0048000000000000004,0.009733656506905568,0.005363926940993736,"[{""move_vx"": 0.0, ""move_vy"": 0.0, ""kick_power"": 0.7, ""kick_dir"": [0.9999999800000005, 0.0]}, {""move_vx"": 0.0, ""move_vy"": 0.0, ""kick_power"": 0.0, ""kick_dir"": null}, {""move_vx"": 5.175387917544995, ""move_vy"": 1.5412202642481976, ""kick_power"": 0.0, ""kick_dir"": null}, {""move_vx"": -3.8183766184073566, ""move_vy"": -3.8183766184073566, ""kick_power"": 0.0, ""kick_dir"": null}, {""move_vx"": 0.0, ""move_vy"": 0.0, ""kick_power"": 0.6, ""kick_dir"": [0.9735757060515418, -0.22836444641859208]}, {""move_vx"": -4.313351365237939, ""move_vy"": 4.313351365237939, ""kick_power"": 0.0, ""kick_dir"": null}, {""move_vx"": -4.242640687119285, ""move_vy"": 4.242640687119285, ""kick_power"": 0.0, ""kick_dir"": null}, {""move_vx"": 5.5241481799741265, ""move_vy"": -2.3417486811544377, ""kick_power"": 0.0, ""kick_dir"": null}, {""move_vx"": 6.1, ""move_vy"": 0.0, ""kick_power"": 0.0, ""kick_dir"": null}, {""move_vx"": 6.0, ""move_vy"": 0.0, ""kick_power"": 0.0, ""kick_dir"": null}, {""move_vx"": 4.242640687119285, ""move_vy"": -4.242640687119285, ""kick_power"": 0.0, ""kick_dir"": null}, {""move_vx"": 5.0, ""move_vy"": 0.0, ""kick_power"": 0.0, ""kick_dir"": null}, {""move_vx"": 4.1012193308819755, ""move_vy"": 4.1012193308819755, ""kick_power"": 0.0, ""kick_dir"": null}, {""move_vx"": -6.905743282074552, ""move_vy"": 1.2613919779680651, ""kick_power"": 0.0, ""kick_dir"": null}, {""move_vx"": -0.0, ""move_vy"": 5.4, ""kick_power"": 0.0, ""kick_dir"": null}, {""move_vx"": 4.661707800671401, ""move_vy"": 1.6041759196420455, ""kick_power"": 0.0, ""kick_dir"": null}, {""move_vx"": -6.0, ""move_vy"": 0.0, ""kick_power"": 0.0, ""kick_dir"": null}, {""move_vx"": -0.0, ""move_vy"": 0.0, ""kick_power"": 0.4, ""kick_dir"": [-0.9999999846153849, 0.0]}, {""move_vx"": -0.0, ""move_vy"": -6.0, ""kick_power"": 0.0, ""kick_dir"": null}, {""move_vx"": -4.197950719565731, ""move_vy"": 5.247438399457164, ""kick_power"": 0.0, ""kick_dir"": null}, {""move_vx"": -6.300000000000001, ""move_vy"": 0.0, ""kick_power"": 0.0, ""kick_dir"": null}, {""move_vx"": -4.525483399593904, ""move_vy"": -4.525483399593904, ""kick_power"": 0.0, ""kick_dir"": null}]"
2207,7,default,default,0,50.0,37.5,-1,,,-0.005600000000000001,0.0035829382311804193,0.01161478702059374,"[{""move_vx"": 0.0, ""move_vy"": 0.0, ""kick_power"": 0.7, ""kick_dir"": [0.9999999800000005, 0.0]}, {""move_vx"": 0.0, ""move_vy"": 0.0, ""kick_power"": 0.0, ""kick_dir"": null}, {""move_vx"": 5.175387917544995, ""move_vy"": 1.5412202642481974, ""kick_power"": 0.0, ""kick_dir"": null}, {""move_vx"": -3.8183766184073566, ""move_vy"": -3.8183766184073566, ""kick_power"": 0.0, ""kick_dir"": null}, {""move_vx"": 0.0, ""move_vy"": 0.0, ""kick_power"": 0.6, ""kick_dir"": [0.973654855037398, -0.2280267505714675]}, {""move_vx"": -4.313351365237939, ""move_vy"": -4.313351365237939, ""kick_power"": 0.0, ""kick_dir"": null}, {""move_vx"": -6.0, ""move_vy"": 0.0, ""kick_power"": 0.0, ""kick_dir"": null}, {""move_vx"": 5.5241481799741265, ""move_vy"": -2.3417486811544372, ""kick_power"": 0.0, ""kick_dir"": null}, {""move_vx"": 6.1, ""move_vy"": 0.0, ""kick_power"": 0.0, ""kick_dir"": null}, {""move_vx"": 6.0, ""move_vy"": 0.0, ""kick_power"": 0.0, ""kick_dir"": null}, {""move_vx"": 4.1132240344307345, ""move_vy"": -3.946059812342097, ""kick_power"": 0.0, ""kick_dir"": null}, {""move_vx"": 5.0, ""move_vy"": 0.0, ""kick_power"": 0.0, ""kick_dir"": null}, {""move_vx"": 4.1012193308819755, ""move_vy"": 4.1012193308819755, ""kick_power"": 0.0, ""kick_dir"": null}, {""move_vx"": -6.905743282074553, ""move_vy"": 1.2613919779680656, ""kick_power"": 0.0, ""kick_dir"": null}, {""move_vx"": -0.0, ""move_vy"": 5.4, ""kick_power"": 0.0, ""kick_dir"": null}, {""move_vx"": -4.6617078006713815, ""move_vy"": -1.604175919642102, ""kick_power"": 0.0, ""kick_dir"": null}, {""move_vx"": -6.0, ""move_vy"": 0.0, ""kick_power"": 0.0, ""kick_dir"": null}, {""move_vx"": -0.0, ""move_vy"": 0.0, ""kick_power"": 0.4, ""kick_dir"": [-0.9999999846153849, 0.0]}, {""move_vx"": -0.0, ""move_vy"": -6.0, ""kick_power"": 0.0, ""kick_dir"": null}, {""move_vx"": -4.197950719565732, ""move_vy"": 5.247438399457164, ""kick_power"": 0.0, ""kick_dir"": null}, {""move_vx"": -6.300000000000001, ""move_vy"": 0.0, ""kick_power"": 0.0, ""kick_dir"": null}, {""move_vx"": -4.525483399593904, ""move_vy"": -4.525483399593904, ""kick_power"": 0.0, ""kick_dir"": null}]"
2207,8,default,default,0,50.0,37.5,-1,,,-0.006400000000000001,-0.005299979682355442,0.004986865109376603,"[{""move_vx"": 0.0, ""move_vy"": 0.0, ""kick_power"": 0.7, ""kick_dir"": [0.9999999800000005, 0.0]}, {""move_vx"": 0.0, ""move_vy"": 0.0, ""kick_power"": 0.0, ""kick_dir"": null}, {""move_vx"": 5.175387917544995, ""move_vy"": 1.5412202642481974, ""kick_power"": 0.0, ""kick_dir"": null}, {""move_vx"": -3.8183766184073566, ""move_vy"": -3.8183766184073566, ""kick_power"": 0.0, ""kick_dir"": null}, {""move_vx"": -4.594622038703168, ""move_vy"": 1.7872739917156346, ""kick_power"": 0.0, ""kick_dir"": null}, {""move_vx"": -4.313351365237939, ""move_vy"": -4.313351365237939, ""kick_power"": 0.0, ""kick_dir"": null}, {""move_vx"": -6.0, ""move_vy"": 0.0, ""kick_power"": 0.0, ""kick_dir"": null}, {""move_vx"": 5.5241481799741265, ""move_vy"": -2.3417486811544364, ""kick_power"": 0.0, ""kick_dir"": null}, {""move_vx"": 6.1, ""move_vy"": 0.0, ""kick_power"": 0.0, ""kick_dir"": null}, {""move_vx"": 6.0, ""move_vy"": 0.0, ""kick_power"": 0.0, ""kick_dir"": null}, {""move_vx"": -4.242640687119285, ""move_vy"": -4.242640687119285, ""kick_power"": 0.0, ""kick_dir"": null}, {""move_vx"": 5.0, ""move_vy"": 0.0, ""kick_power"": 0.0, ""kick_dir"": null}, {""move_vx"": -0.0, ""move_vy"": 0.0, ""kick_power"": 0.6, ""kick_dir"": [-0.9827773826540928, 0.18479337792987607]}, {""move_vx"": -6.905743282074552, ""move_vy"": 1.2613919779680658, ""kick_power"": 0.0, ""kick_dir"": null}, {""move_vx"": -0.0, ""move_vy"": 5.4, ""kick_power"": 0.0, ""kick_dir"": null}, {""move_vx"": 4.661707800671401, ""move_vy"": 1.6041759196420455, ""kick_power"": 0.0, ""kick_dir"": null}, {""move_vx"": -6.0, ""move_vy"": 0.0, ""kick_power"": 0.0, ""kick_dir"": null}, {""move_vx"": -0.0, ""move_vy"": 0.0, ""kick_power"": 0.4, ""kick_dir"": [-0.9999999846153849, 0.0]}, {""move_vx"": -0.0, ""move_vy"": -6.0, ""kick_power"": 0.0, ""kick_dir"": null}, {""move_vx"": -4.197950719565731, ""move_vy"": 5.247438399457164, ""kick_power"": 0.0, ""kick_dir"": null}, {""move_vx"": -6.300000000000001, ""move_vy"": 0.0, ""kick_power"": 0.0, ""kick_dir"": null}, {""move_vx"": -0.0, ""move_vy"": 0.0, ""kick_power"": 0.7, ""kick_dir"": [-0.9844969908569858, -0.17540137450138185]}]"
2207,9,default,default,0,50.0,37.5,-1,,,-0.0072000000000000015,-0.0045703381840938835,0.007126153725131052,"[{""move_vx"": 0.0, ""move_vy"": 0.0, ""kick_power"": 0.0, ""kick_dir"": null}, {""move_vx"": -4.1012193308819755, ""move_vy"": -4.1012193308819755, ""kick_power"": 0.0, ""kick_dir"": null}, {""move_vx"": 5.175387917544995, ""move_vy"": 1.5412202642481971, ""kick_power"": 0.0, ""kick_dir"": null}, {""move_vx"": -3.8183766184073566, ""move_vy"": -3.8183766184073566, ""kick_power"": 0.0, ""kick_dir"": null}, {""move_vx"": 0.0, ""move_vy"": 0.0, ""kick_power"": 0.6, ""kick_dir"": [0.9736063959015391, -0.22823356804289385]}, {""move_vx"": -4.313351365237939, ""move_vy"": -4.313351365237939, ""kick_power"": 0.0, ""kick_dir"": null}, {""move_vx"": -4.242640687119285, ""move_vy"": 4.242640687119285, ""kick_power"": 0.0, ""kick_dir"": null}, {""move_vx"": 5.5241481799741265, ""move_vy"": -2.341748681154436, ""kick_power"": 0.0, ""kick_dir"": null}, {""move_vx"": 6.1, ""move_vy"": 0.0, ""kick_power"": 0.0, ""kick_dir"": null}, {""move_vx"": 0.0, ""move_vy"": 0.0, ""kick_power"": 0.0, ""kick_dir"": null}, {""move_vx"": 4.175426511515738, ""move_vy"": -3.880182140947961, ""kick_power"": 0.0, ""kick_dir"": null}, {""move_vx"": 5.0, ""move_vy"": 0.0, ""kick_power"": 0.0, ""kick_dir"": null}, {""move_vx"": 4.1012193308819755, ""move_vy"": 4.1012193308819755, ""kick_power"": 0.0, ""kick_dir"": null}, {""move_vx"": -6.905743282074552, ""move_vy"": 1.261391977968066, ""kick_power"": 0.0, ""kick_dir"": null}, {""move_vx"": -0.0, ""move_vy"": 5.4, ""kick_power"": 0.0, ""kick_dir"": null}, {""move_vx"": -4.6617078006713815, ""move_vy"": -1.604175919642102, ""kick_power"": 0.0, ""kick_dir"": null}, {""move_vx"": -6.0, ""move_vy"": 0.0, ""kick_power"": 0.0, ""kick_dir"": null}, {""move_vx"": -0.0, ""move_vy"": 0.0, ""kick_power"": 0.4, ""kick_dir"": [-0.9999999846153849, 0.0]}, {""move_vx"": -0.0, ""move_vy"": -6.0, ""kick_power"": 0.0, ""kick_dir"": null}, {""move_vx"": -4.197950719565732, ""move_vy"": 5.247438399457164, ""kick_power"": 0.0, ""kick_dir"": null}, {""move_vx"": -6.300000000000001, ""move_vy"": 0.0, ""kick_power"": 0.0, ""kick_dir"": null}, {""move_vx"": 4.525483399593904, ""move_vy"": -4.525483399593904, ""kick_power"": 0.0, ""kick_dir"": null}]"
2207,10,default,default,0,50.0,37.5,-1,,,-0.008000000000000002,0.004042542225435808,-0.005319201925792452,"[{""move_vx"": 0.0, ""move_vy"": 0.0, ""kick_power"": 0.7, ""kick_dir"": [0.9999999800000005, 0.0]}, {""move_vx"": 0.0, ""move_vy"": 0.0, ""kick_power"": 0.0, ""kick_dir"": null}, {""move_vx"": 5.175387917544995, ""move_vy"": 1.5412202642481974, ""kick_power"": 0.0, ""kick_dir"": null}, {""move_vx"": -3.8183766184073566, ""move_vy"": -3.8183766184073566, ""kick_power"": 0.0, ""kick_dir"": null}, {""move_vx"": 0.0, ""move_vy"": 0.0, ""kick_power"": 0.6, ""kick_dir"": [0.9736866401525374, -0.22789098802303762]}, {""move_vx"": -4.313351365237939, ""move_vy"": -4.313351365237939, ""kick_power"": 0.0, ""kick_dir"": null}, {""move_vx"": -6.0, ""move_vy"": 0.0, ""kick_power"": 0.0, ""kick_dir"": null}, {""move_vx"": 5.524148179974127, ""move_vy"": -2.341748681154436, ""kick_power"": 0.0, ""kick_dir"": null}, {""move_vx"": 6.1, ""move_vy"": 0.0, ""kick_power"": 0.0, ""kick_dir"": null}, {""move_vx"": 5.463755893063034, ""move_vy"": 2.479389348412017, ""kick_power"": 0.0, ""kick_dir"": null}, {""move_vx"": 4.17542651151574, ""move_vy"": -3.880182140947961, ""kick_power"": 0.0, ""kick_dir"": null}, {""move_vx"": 5.0, ""move_vy"": 0.0, ""kick_power"": 0.0, ""kick_dir"": null}, {""move_vx"": 4.1012193308819755, ""move_vy"": 4.1012193308819755, ""kick_power"": 0.0, ""kick_dir"": null}, {""move_vx"": -3.8183766184073566, ""move_vy"": -3.8183766184073566, ""kick_power"": 0.0, ""kick_dir"": null}, {""move_vx"": -0.0, ""move_vy"": 5.4, ""kick_power"": 0.0, ""kick_dir"": null}, {""move_vx"": 4.661707800671401, ""move_vy"": 1.6041759196420455, ""kick_power"": 0.0, ""kick_dir"": null}, {""move_vx"": -0.0, ""move_vy"": 0.0, ""kick_power"": 0.4, ""kick_dir"": [-0.8828610699443766, 0.4696339349438628]}, {""move_vx"": -0.0, ""move_vy"": 0.0, ""kick_power"": 0.4, ""kick_dir"": [-0.9999999846153849, 0.0]}, {""move_vx"": -0.0, ""move_vy"": -6.0, ""kick_power"": 0.0, ""kick_dir"": null}, {""move_vx"": -0.0, ""move_vy"": 0.0, ""kick_power"": 0.65, ""kick_dir"": [0.9531339569496557, -0.30254829023079194]}, {""move_vx"": -6.300000000000001, ""move_vy"": 0.0, ""kick_power"": 0.0, ""kick_dir"": null}, {""move_vx"": -4.525483399593904, ""move_vy"": -4.525483399593904, ""kick_power"": 0.0, ""kick_dir"": null}]"
2207,11,default,default,0,50.19999999999998,37.5,20,B,,-0.010589999999999836,-0.007229524579863311,2.7686301518493317,"[{""move_vx"": 0.0, ""move_vy"": 0.0, ""kick_power"": 0.7, ""kick_dir"": [0.9999999800000005, 0.0]}, {""move_vx"": 5.2554148593298535, ""move_vy"": 2.453694083689932, ""kick_power"": 0.0, ""kick_dir"": null}, {""move_vx"": 5.175387917544995, ""move_vy"": 1.5412202642481967, ""kick_power"": 0.0, ""kick_dir"": null}, {""move_vx"": -3.8183766184073566, ""move_vy"": -3.8183766184073566, ""kick_power"": 0.0, ""kick_dir"": null}, {""move_vx"": 0.0, ""move_vy"": 0.0, ""kick_power"": 0.6, ""kick_dir"": [0.9737673485023293, -0.2275458778695694]}, {""move_vx"": -4.313351365237939, ""move_vy"": -4.313351365237939, ""kick_power"": 0.0, ""kick_dir"": null}, {""move_vx"": -4.242640687119285, ""move_vy"": 4.242640687119285, ""kick_power"": 0.0, ""kick_dir"": null}, {""move_vx"": 5.524148179974127, ""move_vy"": -2.341748681154435, ""kick_power"": 0.0, ""kick_dir"": null}, {""move_vx"": 6.1, ""move_vy"": 0.0, ""kick_power"": 0.0, ""kick_dir"": null}, {""move_vx"": 6.0, ""move_vy"": 0.0, ""kick_power"": 0.0, ""kick_dir"": null}, {""move_vx"": 4.17542651151574, ""move_vy"": -3.8801821409479587, ""kick_power"": 0.0, ""kick_dir"": null}, {""move_vx"": -6.0, ""move_vy"": 0.0, ""kick_power"": 0.0, ""kick_dir"": null}, {""move_vx"": 4.1012193308819755, ""move_vy"": 4.1012193308819755, ""kick_power"": 0.0, ""kick_dir"": null}, {""move_vx"": -5.925430490739472, ""move_vy"": 0.4157805904740961, ""kick_power"": 0.0, ""kick_dir"": null}, {""move_vx"": -0.0, ""move_vy"": 5.4, ""kick_power"": 0.0, ""kick_dir"": null}, {""move_vx"": -4.6617078006713815, ""move_vy"": -1.604175919642102, ""kick_power"": 0.0, ""kick_dir"": null}, {""move_vx"": -6.0, ""move_vy"": 0.0, ""kick_power"": 0.0, ""kick_dir"": null}, {""move_vx"": -0.0, ""move_vy"": 0.0, ""kick_power"": 0.4, ""kick_dir"": [-0.9999999846153849, 0.0]}, {""move_vx"": -0.0, ""move_vy"": -6.0, ""kick_power"": 0.0, ""kick_dir"": null}, {""move_vx"": -4.197950719565731, ""move_vy"": 5.247438399457164, ""kick_power"": 0.0, ""kick_dir"": null}, {""move_vx"": -6.300000000000001, ""move_vy"": 0.0, ""kick_power"": 0.0, ""kick_dir"": null}, {""move_vx"": -4.525483399593904, ""move_vy"": -4.525483399593904, ""kick_power"": 0.0, ""kick_dir"": null}]"
2207,12,default,default,0,49.71999999999998,37.5,20,B,,-0.006393999999999797,0.034422753831947074,0.3015303789177782,"[{""move_vx"": 5.25, ""move_vy"": 0.0, ""kick_power"": 0.0, ""kick_dir"": null}, {""move_vx"": -5.8, ""move_vy"": 0.0, ""kick_power"": 0.0, ""kick_dir"": null}, {""move_vx"": 5.175387917544995, ""move_vy"": 1.5412202642481967, ""kick_power"": 0.0, ""kick_dir"": null}, {""move_vx"": 0.0, ""move_vy"": 0.0, ""kick_power"": 0.6, ""kick_dir"": [0.9985266986555704, -0.05426240366019919]}, {""move_vx"": 5.898240580372765, ""move_vy"": -3.6949097493773704, ""kick_power"": 0.0, ""kick_dir"": null}, {""move_vx"": -4.313351365237939, ""move_vy"": -4.313351365237939, ""kick_power"": 0.0, ""kick_dir"": null}, {""move_vx"": 0.0, ""move_vy"": 6.0, ""kick_power"": 0.0, ""kick_dir"": null}, {""move_vx"": 4.242640687119285, ""move_vy"": -4.242640687119285, ""kick_power"": 0.0, ""kick_dir"": null}, {""move_vx"": 6.1, ""move_vy"": 0.0, ""kick_power"": 0.0, ""kick_dir"": null}, {""move_vx"": 6.0, ""move_vy"": 0.0, ""kick_power"": 0.0, ""kick_dir"": null}, {""move_vx"": 0.0, ""move_vy"": 0.0, ""kick_power"": 0.4, ""kick_dir"": [-0.9641175299098115, 0.26547520316678364]}, {""move_vx"": -0.0, ""move_vy"": 0.0, ""kick_power"": 0.9, ""kick_dir"": [-0.999999976198033, 0.0]}, {""move_vx"": -6.3698162127985345, ""move_vy"": 2.804824667455869, ""kick_power"": 0.0, ""kick_dir"": null}, {""move_vx"": -3.8183766184073566, ""move_vy"": -3.8183766184073566, ""kick_power"": 0.0, ""kick_dir"": null}, {""move_vx"": -5.385029976408163, ""move_vy"": 0.401811091416718, ""kick_power"": 0.0, ""kick_dir"": null}, {""move_vx"": -0.0, ""move_vy"": 0.0, ""kick_power"": 0.0, ""kick_dir"": null}, {""move_vx"": -4.507279251055233, ""move_vy"": 4.401639893608629, ""kick_power"": 0.0, ""kick_dir"": null}, {""move_vx"": -5.4, ""move_vy"": 0.0, ""kick_power"": 0.0, ""kick_dir"": null}, {""move_vx"": -0.0, ""move_vy"": -6.0, ""kick_power"": 0.0, ""kick_dir"": null}, {""move_vx"": -3.981957761178142, ""move_vy"": 4.594606880701891, ""kick_power"": 0.0, ""kick_dir"": null}, {""move_vx"": -7.199999999999999, ""move_vy"": 0.0, ""kick_power"": 0.0, ""kick_dir"": null}, {""move_vx"": -6.346682062783842, ""move_vy"": 0.8243948046523841, ""kick_power"": 0.0, ""kick_dir"": null}]"
2207,13,default,default,0,49.35999999999998,37.5,20,B,,-0.003271999999999799,0.024064218372371812,0.30640857324926923,"[{""move_vx"": 5.25, ""move_vy"": 0.0, ""kick_power"": 0.0, ""kick_dir"": null}, {""move_vx"": -5.8, ""move_vy"": 0.0, ""kick_power"": 0.0, ""kick_dir"": null}, {""move_vx"": 5.175387917544995, ""move_vy"": 1.5412202642481965, ""kick_power"": 0.0, ""kick_dir"": null}, {""move_vx"": 0.0, ""move_vy"": 0.0, ""kick_power"": 0.6, ""kick_dir"": [0.9984923617258312, -0.054890617422489366]}, {""move_vx"": 0.0, ""move_vy"": 0.0, ""kick_power"": 0.0, ""kick_dir"": null}, {""move_vx"": -4.313351365237939, ""move_vy"": -4.313351365237939, ""kick_power"": 0.0, ""kick_dir"": null}, {""move_vx"": 0.0, ""move_vy"": 6.0, ""kick_power"": 0.0, ""kick_dir"": null}, {""move_vx"": 4.242640687119285, ""move_vy"": -4.242640687119285, ""kick_power"": 0.0, ""kick_dir"": null}, {""move_vx"": 6.1, ""move_vy"": 0.0, ""kick_power"": 0.0, ""kick_dir"": null}, {""move_vx"": 5.3291050254169035, ""move_vy"": 0.8721465634148329, ""kick_power"": 0.0, ""kick_dir"": null}, {""move_vx"": 0.0, ""move_vy"": 0.0, ""kick_power"": 0.4, ""kick_dir"": [-0.9720742012641208, 0.2346730178154669]}, {""move_vx"": -0.0, ""move_vy"": 0.0, ""kick_power"": 0.9, ""kick_dir"": [-0.9999999761753501, 0.0]}, {""move_vx"": -6.384536475461808, ""move_vy"": 2.771153910106351, ""kick_power"": 0.0, ""kick_dir"": null}, {""move_vx"": -3.8183766184073566, ""move_vy"": -3.8183766184073566, ""kick_power"": 0.0, ""kick_dir"": null}, {""move_vx"": -0.0, ""move_vy"": 0.0, ""kick_power"": 0.0, ""kick_dir"": null}, {""move_vx"": -0.0, ""move_vy"": 0.0, ""kick_power"": 0.0, ""kick_dir"": null}, {""move_vx"": -4.589328371746367, ""move_vy"": 4.316024223319866, ""kick_power"": 0.0, ""kick_dir"": null}, {""move_vx"": -5.4, ""move_vy"": 0.0, ""kick_power"": 0.0, ""kick_dir"": null}, {""move_vx"": -0.0, ""move_vy"": -6.0, ""kick_power"": 0.0, ""kick_dir"": null}, {""move_vx"": -4.310022131777532, ""move_vy"": 5.155784055174136, ""kick_power"": 0.0, ""kick_dir"": null}, {""move_vx"": -5.4, ""move_vy"": 0.0, ""kick_power"": 0.0, ""kick_dir"": null}, {""move_vx"": -6.346855434885526, ""move_vy"": 0.8230589824939974, ""kick_power"": 0.0, ""kick_dir"": null}]"
2207,14,default,default,0,48.879999999999974,37.5,20,B,,0.0009240000000002393,0.031597353765988004,0.2996852467721185,"[{""move_vx"": 5.25, ""move_vy"": 0.0, ""kick_power"": 0.0, ""kick_dir"": null}, {""move_vx"": -5.8, ""move_vy"": 0.0, ""kick_power"": 0.0, ""kick_dir"": null}, {""move_vx"": 5.175387917544995, ""move_vy"": 1.5412202642481967, ""kick_power"": 0.0, ""kick_dir"": null}, {""move_vx"": 0.0, ""move_vy"": 0.0, ""kick_power"": 0.6, ""kick_dir"": [0.9984574126291298, -0.055522710652709625]}, {""move_vx"": 5.840319773229644, ""move_vy"": -3.7857977952371997, ""kick_power"": 0.0, ""kick_dir"": null}, {""move_vx"": -4.313351365237939, ""move_vy"": -4.313351365237939, ""kick_power"": 0.0, ""kick_dir"": null}, {""move_vx"": 0.0, ""move_vy"": 6.0, ""kick_power"": 0.0, ""kick_dir"": null}, {""move_vx"": 4.242640687119285, ""move_vy"": -4.242640687119285, ""kick_power"": 0.0, ""kick_dir"": null}, {""move_vx"": 6.1, ""move_vy"": 0.0, ""kick_power"": 0.0, ""kick_dir"": null}, {""move_vx"": 6.0, ""move_vy"": 0.0, ""kick_power"": 0.0, ""kick_dir"": null}, {""move_vx"": 0.0, ""move_vy"": 0.0, ""kick_power"": 0.4, ""kick_dir"": [-0.9797930512061231, 0.2000130904708653]}, {""move_vx"": -0.0, ""move_vy"": 0.0, ""kick_power"": 0.9, ""kick_dir"": [-0.9999999761526238, 0.0]}, {""move_vx"": -6.395368622701304, ""move_vy"": 2.7460626685798006, ""kick_power"": 0.0, ""kick_dir"": null}, {""move_vx"": -3.8183766184073566, ""move_vy"": -3.8183766184073566, ""kick_power"": 0.0, ""kick_dir"": null}, {""move_vx"": -0.0, ""move_vy"": 0.0, ""kick_power"": 0.0, ""kick_dir"": null}, {""move_vx"": -0.0, ""move_vy"": 0.0, ""kick_power"": 0.0, ""kick_dir"": null}, {""move_vx"": -4.649150691017082, ""move_vy"": 4.251517123594281, ""kick_power"": 0.0, ""kick_dir"": null}, {""move_vx"": -5.4, ""move_vy"": 0.0, ""kick_power"": 0.0, ""kick_dir"": null}, {""move_vx"": -0.0, ""move_vy"": -6.0, ""kick_power"": 0.0, ""kick_dir"": null}, {""move_vx"": -4.139657723385479, ""move_vy"": 4.453047712883275, ""kick_power"": 0.0, ""kick_dir"": null}, {""move_vx"": -7.199999999999999, ""move_vy"": 0.0, ""kick_power"": 0.0, ""kick_dir"": null}, {""move_vx"": -0.0, ""move_vy"": 6.4, ""kick_power"": 0.0, ""kick_dir"": null}]"
2207,15,default,default,0,48.39999999999997,37.5,20,B,,0.005120000000000277,0.029729916356405654,0.30384163221955485,"[{""move_vx"": 5.25, ""move_vy"": 0.0, ""kick_power"": 0.0, ""kick_dir"": null}, {""move_vx"": -5.8, ""move_vy"": 0.0, ""kick_power"": 0.0, ""kick_dir"": null}, {""move_vx"": 5.175387917544995, ""move_vy"": 1.5412202642481965, ""kick_power"": 0.0, ""kick_dir"": null}, {""move_vx"": 0.0, ""move_vy"": 0.0, ""kick_power"": 0.6, ""kick_dir"": [0.9984218419486494, -0.05615871862969718]}, {""move_vx"": 5.809758864753373, ""move_vy"": -3.8325320524973585, ""kick_power"": 0.0, ""kick_dir"": null}, {""move_vx"": -4.313351365237939, ""move_vy"": -4.313351365237939, ""kick_power"": 0.0, ""kick_dir"": null}, {""move_vx"": 0.0, ""move_vy"": 6.0, ""kick_power"": 0.0, ""kick_dir"": null}, {""move_vx"": 4.242640687119285, ""move_vy"": -4.242640687119285, ""kick_power"": 0.0, ""kick_dir"": null}, {""move_vx"": 6.1, ""move_vy"": 0.0, ""kick_power"": 0.0, ""kick_dir"": null}, {""move_vx"": 6.0, ""move_vy"": 0.0, ""kick_power"": 0.0, ""kick_dir"": null}, {""move_vx"": 0.0, ""move_vy"": 0.0, ""kick_power"": 0.4, ""kick_dir"": [-0.9869729580513488, 0.1608851124531585]}, {""move_vx"": -0.0, ""move_vy"": 0.0, ""kick_power"": 0.9, ""kick_dir"": [-0.9999999761298543, 0.0]}, {""move_vx"": -6.409538159172051, ""move_vy"": 2.7128252037529745, ""kick_power"": 0.0, ""kick_dir"": null}, {""move_vx"": -3.8183766184073566, ""move_vy"": -3.8183766184073566, ""kick_power"": 0.0, ""kick_dir"": null}, {""move_vx"": -0.0, ""move_vy"": 0.0, ""kick_power"": 0.0, ""kick_dir"": null}, {""move_vx"": -0.0, ""move_vy"": 0.0, ""kick_power"": 0.0, ""kick_dir"": null}, {""move_vx"": -4.726616909816206, ""move_vy"": 4.165224194186852, ""kick_power"": 0.0, ""kick_dir"": null}, {""move_vx"": -0.0, ""move_vy"": 0.0, ""kick_power"": 0.65, ""kick_dir"": [0.5928804353329352, 0.8052903550781847]}, {""move_vx"": -0.0, ""move_vy"": -6.0, ""kick_power"": 0.0, ""kick_dir"": null}, {""move_vx"": -4.2191866953285695, ""move_vy"": 4.377769252708778, ""kick_power"": 0.0, ""kick_dir"": null}, {""move_vx"": -7.199999999999999, ""move_vy"": 0.0, ""kick_power"": 0.0, ""kick_dir"": null}, {""move_vx"": -6.353426906440934, ""move_vy"": 0.7706922501961382, ""kick_power"": 0.0, ""kick_dir"": null}]"
2207,16,default,default,0,47.919999999999966,37.5,20,B,,0.00860297122260576,0.02685574072598322,0.3117956255760996,"[{""move_vx"": 0.0, ""move_vy"": 5.0, ""kick_power"": 0.0, ""kick_dir"": null}, {""move_vx"": -5.8, ""move_vy"": 0.0, ""kick_power"": 0.0, ""kick_dir"": null}, {""move_vx"": 5.175387917544995, ""move_vy"": 1.5412202642481962, ""kick_power"": 0.0, ""kick_dir"": null}, {""move_vx"": 0.0, ""move_vy"": 0.0, ""kick_power"": 0.6, ""kick_dir"": [0.9983856401055646, -0.056798677051445604]}, {""move_vx"": 5.77758067212665, ""move_vy"": -3.8808712394343323, ""kick_power"": 0.0, ""kick_dir"": null}, {""move_vx"": -4.313351365237939, ""move_vy"": -4.313351365237939, ""kick_power"": 0.0, ""kick_dir"": null}, {""move_vx"": 0.0, ""move_vy"": 6.0, ""kick_power"": 0.0, ""kick_dir"": null}, {""move_vx"": 4.242640687119285, ""move_vy"": -4.242640687119285, ""kick_power"": 0.0, ""kick_dir"": null}, {""move_vx"": 6.1, ""move_vy"": 0.0, ""kick_power"": 0.0, ""kick_dir"": null}, {""move_vx"": 6.0, ""move_vy"": 0.0, ""kick_power"": 0.0, ""kick_dir"": null}, {""move_vx"": 0.0, ""move_vy"": 0.0, ""kick_power"": 0.4, ""kick_dir"": [-0.9931792686102333, 0.11659570185187092]}, {""move_vx"": -0.0, ""move_vy"": 0.0, ""kick_power"": 0.9, ""kick_dir"": [-0.9999999761070412, 0.0]}, {""move_vx"": -6.42337467646245, ""move_vy"": 2.679898834990029, ""kick_power"": 0.0, ""kick_dir"": null}, {""move_vx"": -3.8183766184073566, ""move_vy"": -3.8183766184073566, ""kick_power"": 0.0, ""kick_dir"": null}, {""move_vx"": -5.381913083252944, ""move_vy"": 0.441601137125788, ""kick_power"": 0.0, ""kick_dir"": null}, {""move_vx"": -0.0, ""move_vy"": 0.0, ""kick_power"": 0.0, ""kick_dir"": null}, {""move_vx"": -4.801196870427029, ""move_vy"": 4.0790328034231, ""kick_power"": 0.0, ""kick_dir"": null}, {""move_vx"": -7.5, ""move_vy"": 0.0, ""kick_power"": 0.0, ""kick_dir"": null}, {""move_vx"": -0.0, ""move_vy"": -6.0, ""kick_power"": 0.0, ""kick_dir"": null}, {""move_vx"": -4.296307994660192, ""move_vy"": 4.302108508047993, ""kick_power"": 0.0, ""kick_dir"": null}, {""move_vx"": -7.199999999999999, ""move_vy"": 0.0, ""kick_power"": 0.0, ""kick_dir"": null}, {""move_vx"": -6.3534269064409346, ""move_vy"": 0.7706922501961383, ""kick_power"": 0.0, ""kick_dir"": null}]"
2207,17,default,default,0,47.43999999999996,37.5,20,B,,0.012059294038750263,0.02406988228024912,0.31309597775839293,"[{""move_vx"": 0.0, ""move_vy"": 5.0, ""kick_power"": 0.0, ""kick_dir"": null}, {""move_vx"": -4.1012193308819755, ""move_vy"": -4.1012193308819755, ""kick_power"": 0.0, ""kick_dir"": null}, {""move_vx"": 5.175387917544995, ""move_vy"": 1.5412202642481962, ""kick_power"": 0.0, ""kick_dir"": null}, {""move_vx"": 0.0, ""move_vy"": 0.0, ""kick_power"": 0.6, ""kick_dir"": [0.9983487973558633, -0.057442622041186574]}, {""move_vx"": 5.743658773674122, ""move_vy"": -3.9309011551546647, ""kick_power"": 0.0, ""kick_dir"": null}, {""move_vx"": -4.313351365237939, ""move_vy"": -4.313351365237939, ""kick_power"": 0.0, ""kick_dir"": null}, {""move_vx"": 0.0, ""move_vy"": 6.0, ""kick_power"": 0.0, ""kick_dir"": null}, {""move_vx"": 4.242640687119285, ""move_vy"": -4.242640687119285, ""kick_power"": 0.0, ""kick_dir"": null}, {""move_vx"": 6.1, ""move_vy"": 0.0, ""kick_power"": 0.0, ""kick_dir"": null}, {""move_vx"": 6.0, ""move_vy"": 0.0, ""kick_power"": 0.0, ""kick_dir"": null}, {""move_vx"": 0.0, ""move_vy"": 0.0, ""kick_power"": 0.4, ""kick_dir"": [-0.9977942351785662, 0.06637964742998606]}, {""move_vx"": -0.0, ""move_vy"": 0.0, ""kick_power"": 0.9, ""kick_dir"": [-0.9999999760841843, 0.0]}, {""move_vx"": -6.436884743015179, ""move_vy"": 2.6472844208997284, ""kick_power"": 0.0, ""kick_dir"": null}, {""move_vx"": -3.8183766184073566, ""move_vy"": -3.8183766184073566, ""kick_power"": 0.0, ""kick_dir"": null}, {""move_vx"": -0.0, ""move_vy"": 0.0, ""kick_power"": 0.0, ""kick_dir"": null}, {""move_vx"": -0.0, ""move_vy"": 0.0, ""kick_power"": 0.0, ""kick_dir"": null}, {""move_vx"": -4.872918556827529, ""move_vy"": 3.9930771015002864, ""kick_power"": 0.0, ""kick_dir"": null}, {""move_vx"": -7.5, ""move_vy"": 0.0, ""kick_power"": 0.0, ""kick_dir"": null}, {""move_vx"": -0.0, ""move_vy"": -6.0, ""kick_power"": 0.0, ""kick_dir"": null}, {""move_vx"": -4.371015322463567, ""move_vy"": 4.226183272266918, ""kick_power"": 0.0, ""kick_dir"": null}, {""move_vx"": -7.199999999999999, ""move_vy"": 0.0, ""kick_power"": 0.0, ""kick_dir"": null}, {""move_vx"": -6.3534269064409346, ""move_vy"": 0.7706922501961384, ""kick_power"": 0.0, ""kick_dir"": null}]"
2207,18,default,default,0,46.95999999999996,37.5,20,B,,0.015488055646171214,0.02847422260688553,0.3161270596925152,"[{""move_vx"": 0.0, ""move_vy"": 5.0, ""kick_power"": 0.0, ""kick_dir"": null}, {""move_vx"": -5.8, ""move_vy"": 0.0, ""kick_power"": 0.0, ""kick_dir"": null}, {""move_vx"": 5.175387917544995, ""move_vy"": 1.5412202642481962, ""kick_power"": 0.0, ""kick_dir"": null}, {""move_vx"": 0.0, ""move_vy"": 0.0, ""kick_power"": 0.6, ""kick_dir"": [0.9983113037870938, -0.058090590153572576]}, {""move_vx"": 5.707853711014262, ""move_vy"": -3.982713398383157, ""kick_power"": 0.0, ""kick_dir"": null}, {""move_vx"": 4.9743101256470315, ""move_vy"": 1.4630323898962072, ""kick_power"": 0.0, ""kick_dir"": null}, {""move_vx"": 0.0, ""move_vy"": 6.0, ""kick_power"": 0.0, ""kick_dir"": null}, {""move_vx"": 5.561074970846377, ""move_vy"": -2.2526529179227714, ""kick_power"": 0.0, ""kick_dir"": null}, {""move_vx"": 6.1, ""move_vy"": 0.0, ""kick_power"": 0.0, ""kick_dir"": null}, {""move_vx"": 6.0, ""move_vy"": 0.0, ""kick_power"": 0.0, ""kick_dir"": null}, {""move_vx"": 0.0, ""move_vy"": 0.0, ""kick_power"": 0.4, ""kick_dir"": [-0.9999552887065596, 0.009433352017477387]}, {""move_vx"": -0.0, ""move_vy"": 0.0, ""kick_power"": 0.9, ""kick_dir"": [-0.9999999760612838, 0.0]}, {""move_vx"": -6.450074863772087, ""move_vy"": 2.614982648457825, ""kick_power"": 0.0, ""kick_dir"": null}, {""move_vx"": -3.8183766184073566, ""move_vy"": -3.8183766184073566, ""kick_power"": 0.0, ""kick_dir"": null}, {""move_vx"": -5.380749347394429, ""move_vy"": 0.4555616978131897, ""kick_power"": 0.0, ""kick_dir"": null}, {""move_vx"": -0.0, ""move_vy"": 0.0, ""kick_power"": 0.0, ""kick_dir"": null}, {""move_vx"": -4.94181808455278, ""move_vy"": 3.9074843594296196, ""kick_power"": 0.0, ""kick_dir"": null}, {""move_vx"": -7.5, ""move_vy"": 0.0, ""kick_power"": 0.0, ""kick_dir"": null}, {""move_vx"": -0.0, ""move_vy"": -6.0, ""kick_power"": 0.0, ""kick_dir"": null}, {""move_vx"": -4.443309951455387, ""move_vy"": 4.150108031762249, ""kick_power"": 0.0, ""kick_dir"": null}, {""move_vx"": -7.199999999999999, ""move_vy"": 0.0, ""kick_power"": 0.0, ""kick_dir"": null}, {""move_vx"": -6.353426906440934, ""move_vy"": 0.7706922501961384, ""kick_power"": 0.0, ""kick_dir"": null}]"
2207,19,default,default,0,46.479999999999954,37.5,20,B,,0.018888306730350912,0.03399029422036773,0.31831710264423213,"[{""move_vx"": 0.0, ""move_vy"": 5.0, ""kick_power"": 0.0, ""kick_dir"": null}, {""move_vx"": 5.991381768571397, ""move_vy"": 3.541884315337006, ""kick_power"": 0.0, ""kick_dir"": null}, {""move_vx"": 5.175387917544995, ""move_vy"": 1.5412202642481958, ""kick_power"": 0.0, ""kick_dir"": null}, {""move_vx"": 0.0, ""move_vy"": 0.0, ""kick_power"": 0.6, ""kick_dir"": [0.9982731493150421, -0.05874261838096584]}, {""move_vx"": 5.670011325641485, ""move_vy"": -4.036405773345551, ""kick_power"": 0.0, ""kick_dir"": null}, {""move_vx"": 4.981338460795388, ""move_vy"": 1.438920476955081, ""kick_power"": 0.0, ""kick_dir"": null}, {""move_vx"": 0.0, ""move_vy"": 6.0, ""kick_power"": 0.0, ""kick_dir"": null}, {""move_vx"": 4.242640687119285, ""move_vy"": -4.242640687119285, ""kick_power"": 0.0, ""kick_dir"": null}, {""move_vx"": 6.1, ""move_vy"": 0.0, ""kick_power"": 0.0, ""kick_dir"": null}, {""move_vx"": 6.0, ""move_vy"": 0.0, ""kick_power"": 0.0, ""kick_dir"": null}, {""move_vx"": 0.0, ""move_vy"": 0.0, ""kick_power"": 0.4, ""kick_dir"": [-0.999686203793833, -0.025040445733032705]}, {""move_vx"": -0.0, ""move_vy"": 0.0, ""kick_power"": 0.9, ""kick_dir"": [-0.9999999760383393, 0.0]}, {""move_vx"": -6.462951477119696, ""move_vy"": 2.582994038784514, ""kick_power"": 0.0, ""kick_dir"": null}, {""move_vx"": -3.8183766184073566, ""move_vy"": -3.8183766184073566, ""kick_power"": 0.0, ""kick_dir"": null}, {""move_vx"": -5.380749347394429, ""move_vy"": 0.4555616978131901, ""kick_power"": 0.0, ""kick_dir"": null}, {""move_vx"": -0.0, ""move_vy"": 0.0, ""kick_power"": 0.0, ""kick_dir"": null}, {""move_vx"": -5.007938938087385, ""move_vy"": 3.8223746012640096, ""kick_power"": 0.0, ""kick_dir"": null}, {""move_vx"": -7.5, ""move_vy"": 0.0, ""kick_power"": 0.0, ""kick_dir"": null}, {""move_vx"": -0.0, ""move_vy"": -6.0, ""kick_power"": 0.0, ""kick_dir"": null}, {""move_vx"": -4.513200316321099, ""move_vy"": 4.073993483642203, ""kick_power"": 0.0, ""kick_dir"": null}, {""move_vx"": -7.199999999999999, ""move_vy"": 0.0, ""kick_power"": 0.0, ""kick_dir"": null}, {""move_vx"": -6.353426906440934, ""move_vy"": 0.7706922501961384, ""kick_power"": 0.0, ""kick_dir"": null}]"
2207,20,default,default,0,45.99999999999995,37.5,20,B,,0.022259059997921944,0.026968951679326388,0.32052173066111084,"[{""move_vx"": 0.0, ""move_vy"": 5.0, ""kick_power"": 0.0, ""kick_dir"": null}, {""move_vx"": -4.1012193308819755, ""move_vy"": -4.1012193308819755, ""kick_power"": 0.0, ""kick_dir"": null}, {""move_vx"": 5.175387917544995, ""move_vy"": 1.5412202642481956, ""kick_power"": 0.0, ""kick_dir"": null}, {""move_vx"": 0.0, ""move_vy"": 0.0, ""kick_power"": 0.6, ""kick_dir"": [0.9982343236803353, -0.05939874415983302]}, {""move_vx"": 5.629960844052275, ""move_vy"": -4.092082708650718, ""kick_power"": 0.0, ""kick_dir"": null}, {""move_vx"": 4.988539585247803, ""move_vy"": 1.4137530924513177, ""kick_power"": 0.0, ""kick_dir"": null}, {""move_vx"": 5.3999832139993424, ""move_vy"": 0.01346434273712434, ""kick_power"": 0.0, ""kick_dir"": null}, {""move_vx"": 4.242640687119285, ""move_vy"": -4.242640687119285, ""kick_power"": 0.0, ""kick_dir"": null}, {""move_vx"": 6.1, ""move_vy"": 0.0, ""kick_power"": 0.0, ""kick_dir"": null}, {""move_vx"": 6.0, ""move_vy"": 0.0, ""kick_power"": 0.0, ""kick_dir"": null}, {""move_vx"": 0.0, ""move_vy"": 0.0, ""kick_power"": 0.4, ""kick_dir"": [-0.9952262152149786, -0.09759241412460341]}, {""move_vx"": -0.0, ""move_vy"": 0.0, ""kick_power"": 0.9, ""kick_dir"": [-0.999999976015351, 0.0]}, {""move_vx"": -6.475520952072091, ""move_vy"": 2.551318952870329, ""kick_power"": 0.0, ""kick_dir"": null}, {""move_vx"": -3.8183766184073566, ""move_vy"": -3.8183766184073566, ""kick_power"": 0.0, ""kick_dir"": null}, {""move_vx"": -5.380749347394429, ""move_vy"": 0.45556169781319034, ""kick_power"": 0.0, ""kick_dir"": null}, {""move_vx"": -0.0, ""move_vy"": 0.0, ""kick_power"": 0.0, ""kick_dir"": null}, {""move_vx"": -5.071331199660643, ""move_vy"": 3.737860332242038, ""kick_power"": 0.0, ""kick_dir"": null}, {""move_vx"": -7.5, ""move_vy"": 0.0, ""kick_power"": 0.0, ""kick_dir"": null}, {""move_vx"": -0.0, ""move_vy"": -6.0, ""kick_power"": 0.0, ""kick_dir"": null}, {""move_vx"": -4.580701568930348, ""move_vy"": 3.9979461147443023, ""kick_power"": 0.0, ""kick_dir"": null}, {""move_vx"": -7.199999999999999, ""move_vy"": 0.0, ""kick_power"": 0.0, ""kick_dir"": null}, {""move_vx"": -6.353426906440934, ""move_vy"": 0.7706922501961384, ""kick_power"": 0.0, ""kick_dir"": null}]"
2207,21,default,default,0,45.519999999999946,37.5,20,B,,0.02559928867065742,0.035193695159129366,0.32274067912967724,"[{""move_vx"": 0.0, ""move_vy"": 5.0, ""kick_power"": 0.0, ""kick_dir"": null}, {""move_vx"": 0.0, ""move_vy"": 0.0, ""kick_power"": 0.6, ""kick_dir"": [0.9787973861562892, 0.20483079096064957]}, {""move_vx"": 5.175387917544995, ""move_vy"": 1.5412202642481956, ""kick_power"": 0.0, ""kick_dir"": null}, {""move_vx"": 6.382454758635007, ""move_vy"": -1.1201210889798279, ""kick_power"": 0.0, ""kick_dir"": null}, {""move_vx"": 5.587512667900058, ""move_vy"": -4.149855682557693, ""kick_power"": 0.0, ""kick_dir"": null}, {""move_vx"": 4.995927050636126, ""move_vy"": 1.3874213147858911, ""kick_power"": 0.0, ""kick_dir"": null}, {""move_vx"": 0.0, ""move_vy"": 6.0, ""kick_power"": 0.0, ""kick_dir"": null}, {""move_vx"": 5.573792253125577, ""move_vy"": -2.2209997566405333, ""kick_power"": 0.0, ""kick_dir"": null}, {""move_vx"": 6.1, ""move_vy"": 0.0, ""kick_power"": 0.0, ""kick_dir"": null}, {""move_vx"": 0.0, ""move_vy"": 6.0, ""kick_power"": 0.0, ""kick_dir"": null}, {""move_vx"": 0.0, ""move_vy"": 0.0, ""kick_power"": 0.4, ""kick_dir"": [-0.9837910678923215, -0.17931704113301833]}, {""move_vx"": -0.0, ""move_vy"": 0.0, ""kick_power"": 0.9, ""kick_dir"": [-0.9999999759923183, 0.0]}, {""move_vx"": -6.487789585683137, ""move_vy"": 2.519957597242745, ""kick_power"": 0.0, ""kick_dir"": null}, {""move_vx"": -3.8183766184073566, ""move_vy"": -3.8183766184073566, ""kick_power"": 0.0, ""kick_dir"": null}, {""move_vx"": -5.380749347394429, ""move_vy"": 0.45556169781319067, ""kick_power"": 0.0, ""kick_dir"": null}, {""move_vx"": -0.0, ""move_vy"": 0.0, ""kick_power"": 0.0, ""kick_dir"": null}, {""move_vx"": -5.132050780611609, ""move_vy"": 3.6540463578372653, ""kick_power"": 0.0, ""kick_dir"": null}, {""move_vx"": -7.5, ""move_vy"": 0.0, ""kick_power"": 0.0, ""kick_dir"": null}, {""move_vx"": -0.0, ""move_vy"": -6.0, ""kick_power"": 0.0, ""kick_dir"": null}, {""move_vx"": -4.645835106532906, ""move_vy"": 3.922067842721029, ""kick_power"": 0.0, ""kick_dir"": null}, {""move_vx"": -7.199999999999999, ""move_vy"": 0.0, ""kick_power"": 0.0, ""kick_dir"": null}, {""move_vx"": -6.353426906440934, ""move_vy"": 0.7706922501961384, ""kick_power"": 0.0, ""kick_dir"": null}]"
2207,22,default,default,0,45.03999999999994,37.5,20,B,,0.02890792494245517,0.02447756002905619,0.3249736252263876,"[{""move_vx"": 0.0, ""move_vy"": 5.0, ""kick_power"": 0.0, ""kick_dir"": null}, {""move_vx"": -5.8, ""move_vy"": 0.0, ""kick_power"": 0.0, ""kick_dir"": null}, {""move_vx"": 5.175387917544995, ""move_vy"": 1.5412202642481958, ""kick_power"": 0.0, ""kick_dir"": null}, {""move_vx"": 6.379070582654748, ""move_vy"": -1.139235928817564, ""kick_power"": 0.0, ""kick_dir"": null}, {""move_vx"": 5.542455817318066, ""move_vy"": -4.209843644730422, ""kick_power"": 0.0, ""kick_dir"": null}, {""move_vx"": 5.003516409080997, ""move_vy"": 1.3597972437305506, ""kick_power"": 0.0, ""kick_dir"": null}, {""move_vx"": 0.0, ""move_vy"": 6.0, ""kick_power"": 0.0, ""kick_dir"": null}, {""move_vx"": 4.242640687119285, ""move_vy"": -4.242640687119285, ""kick_power"": 0.0, ""kick_dir"": null}, {""move_vx"": 6.1, ""move_vy"": 0.0, ""kick_power"": 0.0, ""kick_dir"": null}, {""move_vx"": 6.0, ""move_vy"": 0.0, ""kick_power"": 0.0, ""kick_dir"": null}, {""move_vx"": 4.242640687119285, ""move_vy"": -4.242640687119285, ""kick_power"": 0.0, ""kick_dir"": null}, {""move_vx"": -0.0, ""move_vy"": 0.0, ""kick_power"": 0.9, ""kick_dir"": [-0.9999999759692414, 0.0]}, {""move_vx"": -6.499763600679933, ""move_vy"": 2.488910029566402, ""kick_power"": 0.0, ""kick_dir"": null}, {""move_vx"": -3.8183766184073566, ""move_vy"": -3.8183766184073566, ""kick_power"": 0.0, ""kick_dir"": null}, {""move_vx"": -5.380749347394429, ""move_vy"": 0.45556169781319095, ""kick_power"": 0.0, ""kick_dir"": null}, {""move_vx"": -0.0, ""move_vy"": 0.0, ""kick_power"": 0.0, ""kick_dir"": null}, {""move_vx"": -5.190158665232163, ""move_vy"": 3.5710296875992924, ""kick_power"": 0.0, ""kick_dir"": null}, {""move_vx"": -7.5, ""move_vy"": 0.0, ""kick_power"": 0.0, ""kick_dir"": null}, {""move_vx"": -0.0, ""move_vy"": -6.0, ""kick_power"": 0.0, ""kick_dir"": null}, {""move_vx"": -4.708628080768491, ""move_vy"": 3.8464557188401947, ""kick_power"": 0.0, ""kick_dir"": null}, {""move_vx"": -7.199999999999999, ""move_vy"": 0.0, ""kick_power"": 0.0, ""kick_dir"": null}, {""move_vx"": -6.353426906440934, ""move_vy"": 0.7706922501961385, ""kick_power"": 0.0, ""kick_dir"": null}]"
2207,23,default,default,0,44.55999999999994,37.5,20,B,,0.03218385840239039,0.021556235379907546,0.3272201976731108,"[{""move_vx"": 0.0, ""move_vy"": 5.0, ""kick_power"": 0.0, ""kick_dir"": null}, {""move_vx"": -4.1012193308819755, ""move_vy"": -4.1012193308819755, ""kick_power"": 0.0, ""kick_dir"": null}, {""move_vx"": 5.386737496914053, ""move_vy"": 0.3782315948464918, ""kick_power"": 0.0, ""kick_dir"": null}, {""move_vx"": 6.375450737110457, ""move_vy"": -1.159322172080624, ""kick_power"": 0.0, ""kick_dir"": null}, {""move_vx"": 5.494554965497907, ""move_vy"": -4.272173420066451, ""kick_power"": 0.0, ""kick_dir"": null}, {""move_vx"": 5.011325667412622, ""move_vy"": 1.330729144165495, ""kick_power"": 0.0, ""kick_dir"": null}, {""move_vx"": 0.0, ""move_vy"": 6.0, ""kick_power"": 0.0, ""kick_dir"": null}, {""move_vx"": 4.242640687119285, ""move_vy"": -4.242640687119285, ""kick_power"": 0.0, ""kick_dir"": null}, {""move_vx"": 6.1, ""move_vy"": 0.0, ""kick_power"": 0.0, ""kick_dir"": null}, {""move_vx"": 0.0, ""move_vy"": -6.0, ""kick_power"": 0.0, ""kick_dir"": null}, {""move_vx"": 4.242640687119285, ""move_vy"": -4.242640687119285, ""kick_power"": 0.0, ""kick_dir"": null}, {""move_vx"": -0.0, ""move_vy"": 0.0, ""kick_power"": 0.9, ""kick_dir"": [-0.9999999759461201, 0.0]}, {""move_vx"": -6.511449143309356, ""move_vy"": 2.4581761641704722, ""kick_power"": 0.0, ""kick_dir"": null}, {""move_vx"": -3.8183766184073566, ""move_vy"": -3.8183766184073566, ""kick_power"": 0.0, ""kick_dir"": null}, {""move_vx"": -5.380749347394429, ""move_vy"": 0.4555616978131913, ""kick_power"": 0.0, ""kick_dir"": null}, {""move_vx"": -0.0, ""move_vy"": 0.0, ""kick_power"": 0.0, ""kick_dir"": null}, {""move_vx"": -5.245720175663319, ""move_vy"": 3.4888995168446466, ""kick_power"": 0.0, ""kick_dir"": null}, {""move_vx"": -7.5, ""move_vy"": 0.0, ""kick_power"": 0.0, ""kick_dir"": null}, {""move_vx"": -0.0, ""move_vy"": -6.0, ""kick_power"": 0.0, ""kick_dir"": null}, {""move_vx"": -4.769112894917444, ""move_vy"": 3.771201691176454, ""kick_power"": 0.0, ""kick_dir"": null}, {""move_vx"": -7.199999999999999, ""move_vy"": 0.0, ""kick_power"": 0.0, ""kick_dir"": null}, {""move_vx"": -6.353426906440934, ""move_vy"": 0.7706922501961384, ""kick_power"": 0.0, ""kick_dir"": null}]"
2207,24,default,default,0,44.079999999999934,37.5,20,B,,0.0354259344276679,0.016333998515431908,0.32442948879512573,"[{""move_vx"": 0.0, ""move_vy"": 5.0, ""kick_power"": 0.0, ""kick_dir"": null}, {""move_vx"": -4.1012193308819755, ""move_vy"": -4.1012193308819755, ""kick_power"": 0.0, ""kick_dir"": null}, {""move_vx"": 5.386600490595728, ""move_vy"": 0.38017779355699366, ""kick_power"": 0.0, ""kick_dir"": null}, {""move_vx"": 6.371570042709815, ""move_vy"": -1.1804639727000756, ""kick_power"": 0.0, ""kick_dir"": null}, {""move_vx"": 0.0, ""move_vy"": 0.0, ""kick_power"": 0.9, ""kick_dir"": [0.5721466026355909, 0.8201512244461988]}, {""move_vx"": 5.019375885845004, ""move_vy"": 1.3000348905308943, ""kick_power"": 0.0, ""kick_dir"": null}, {""move_vx"": 0.0, ""move_vy"": 6.0, ""kick_power"": 0.0, ""kick_dir"": null}, {""move_vx"": 4.242640687119285, ""move_vy"": -4.242640687119285, ""kick_power"": 0.0, ""kick_dir"": null}, {""move_vx"": 6.1, ""move_vy"": 0.0, ""kick_power"": 0.0, ""kick_dir"": null}, {""move_vx"": 6.0, ""move_vy"": 0.0, ""kick_power"": 0.0, ""kick_dir"": null}, {""move_vx"": 4.242640687119285, ""move_vy"": -4.242640687119285, ""kick_power"": 0.0, ""kick_dir"": null}, {""move_vx"": -0.0, ""move_vy"": 0.0, ""kick_power"": 0.9, ""kick_dir"": [-0.9999999759229542, 0.0]}, {""move_vx"": -6.522852281389528, ""move_vy"": 2.42775577749728, ""kick_power"": 0.0, ""kick_dir"": null}, {""move_vx"": -3.8183766184073566, ""move_vy"": -3.8183766184073566, ""kick_power"": 0.0, ""kick_dir"": null}, {""move_vx"": -5.380749347394428, ""move_vy"": 0.4555616978131915, ""kick_power"": 0.0, ""kick_dir"": null}, {""move_vx"": -0.0, ""move_vy"": 0.0, ""kick_power"": 0.9, ""kick_dir"": [-0.9961186674116266, 0.08802022038932714]}, {""move_vx"": -5.298804265062111, ""move_vy"": 3.407737278687953, ""kick_power"": 0.0, ""kick_dir"": null}, {""move_vx"": -0.0, ""move_vy"": 6.0, ""kick_power"": 0.0, ""kick_dir"": null}, {""move_vx"": -0.0, ""move_vy"": -6.0, ""kick_power"": 0.0, ""kick_dir"": null}, {""move_vx"": -4.827326696299994, ""move_vy"": 3.6963924260269474, ""kick_power"": 0.0, ""kick_dir"": null}, {""move_vx"": -7.199999999999999, ""move_vy"": 0.0, ""kick_power"": 0.0, ""kick_dir"": null}, {""move_vx"": -6.353426906440934, ""move_vy"": 0.7706922501961385, ""kick_power"": 0.0, ""kick_dir"": null}]"
2207,25,default,default,0,43.59999999999993,37.5,20,B,,0.03863295255115948,0.012733175560906897,0.3318278512139762,"[{""move_vx"": 0.0, ""move_vy"": 5.0, ""kick_power"": 0.0, ""kick_dir"": null}, {""move_vx"": -4.1012193308819755, ""move_vy"": -4.1012193308819755, ""kick_power"": 0.0, ""kick_dir"": null}, {""move_vx"": 5.3864602595205, ""move_vy"": 0.38215948582542414, ""kick_power"": 0.0, ""kick_dir"": null}, {""move_vx"": 6.367399629403179, ""move_vy"": -1.202755985009537, ""kick_power"": 0.0, ""kick_dir"": null}, {""move_vx"": 0.0, ""move_vy"": 0.0, ""kick_power"": 0.6, ""kick_dir"": [0.9792443031355629, -0.2026834194518582]}, {""move_vx"": 5.027691982244474, ""move_vy"": 1.2674929316073644, ""kick_power"": 0.0, ""kick_dir"": null}, {""move_vx"": 0.0, ""move_vy"": 6.0, ""kick_power"": 0.0, ""kick_dir"": null}, {""move_vx"": 4.242640687119285, ""move_vy"": -4.242640687119285, ""kick_power"": 0.0, ""kick_dir"": null}, {""move_vx"": 6.1, ""move_vy"": 0.0, ""kick_power"": 0.0, ""kick_dir"": null}, {""move_vx"": 6.0, ""move_vy"": 0.0, ""kick_power"": 0.0, ""kick_dir"": null}, {""move_vx"": 4.242640687119285, ""move_vy"": -4.242640687119285, ""kick_power"": 0.0, ""kick_dir"": null}, {""move_vx"": -0.0, ""move_vy"": 0.0, ""kick_power"": 0.9, ""kick_dir"": [-0.9999999758997438, 0.0]}, {""move_vx"": -6.533979002558106, ""move_vy"": 2.3976485134668457, ""kick_power"": 0.0, ""kick_dir"": null}, {""move_vx"": -3.8183766184073566, ""move_vy"": -3.8183766184073566, ""kick_power"": 0.0, ""kick_dir"": null}, {""move_vx"": -5.380749347394429, ""move_vy"": 0.4555616978131919, ""kick_power"": 0.0, ""kick_dir"": null}, {""move_vx"": -0.0, ""move_vy"": 0.0, ""kick_power"": 0.9, ""kick_dir"": [-0.9958924240765774, 0.09054412292380562]}, {""move_vx"": -5.349482844915143, ""move_vy"": 3.327616758576413, ""kick_power"": 0.0, ""kick_dir"": null}, {""move_vx"": -7.499832893583494, ""move_vy"": -0.05006564014408281, ""kick_power"": 0.0, ""kick_dir"": null}, {""move_vx"": -0.0, ""move_vy"": -6.0, ""kick_power"": 0.0, ""kick_dir"": null}, {""move_vx"": -4.525483399593904, ""move_vy"": 4.525483399593904, ""kick_power"": 0.0, ""kick_dir"": null}, {""move_vx"": -7.199999999999999, ""move_vy"": 0.0, ""kick_power"": 0.0, ""kick_dir"": null}, {""move_vx"": -6.353426906440934, ""move_vy"": 0.7706922501961386, ""kick_power"": 0.0, ""kick_dir"": null}]"
2207,26,default,default,0,43.23999999999993,37.5,20,B,,0.04073524155815057,0.008706939630232866,0.33422890670258254,"[{""move_vx"": 0.0, ""move_vy"": 5.0, ""kick_power"": 0.0, ""kick_dir"": null}, {""move_vx"": -4.1012193308819755, ""move_vy"": -4.1012193308819755, ""kick_power"": 0.0, ""kick_dir"": null}, {""move_vx"": 5.386316684084203, ""move_vy"": 0.3841777957614894, ""kick_power"": 0.0, ""kick_dir"": null}, {""move_vx"": 6.362906238289004, ""move_vy"": -1.2263051018171947, ""kick_power"": 0.0, ""kick_dir"": null}, {""move_vx"": 5.278105598992173, ""move_vy"": -4.536871310262995, ""kick_power"": 0.0, ""kick_dir"": null}, {""move_vx"": 5.03630383654453, ""move_vy"": 1.2328295364756785, ""kick_power"": 0.0, ""kick_dir"": null}, {""move_vx"": 0.0, ""move_vy"": 6.0, ""kick_power"": 0.0, ""kick_dir"": null}, {""move_vx"": 4.242640687119285, ""move_vy"": -4.242640687119285, ""kick_power"": 0.0, ""kick_dir"": null}, {""move_vx"": 6.1, ""move_vy"": 0.0, ""kick_power"": 0.0, ""kick_dir"": null}, {""move_vx"": 6.0, ""move_vy"": 0.0, ""kick_power"": 0.0, ""kick_dir"": null}, {""move_vx"": 4.242640687119285, ""move_vy"": -4.242640687119285, ""kick_power"": 0.0, ""kick_dir"": null}, {""move_vx"": -0.0, ""move_vy"": 0.0, ""kick_power"": 0.9, ""kick_dir"": [-0.9999999758764885, 0.0]}, {""move_vx"": -6.54483521270928, ""move_vy"": 2.36785388875257, ""kick_power"": 0.0, ""kick_dir"": null}, {""move_vx"": -3.8183766184073566, ""move_vy"": -3.8183766184073566, ""kick_power"": 0.0, ""kick_dir"": null}, {""move_vx"": -5.380749347394429, ""move_vy"": 0.4555616978131923, ""kick_power"": 0.0, ""kick_dir"": null}, {""move_vx"": -0.0, ""move_vy"": 0.0, ""kick_power"": 0.9, ""kick_dir"": [-0.9956570935974588, 0.09309624193105319]}, {""move_vx"": -5.397830151085317, ""move_vy"": 3.24860426337747, ""kick_power"": 0.0, ""kick_dir"": null}, {""move_vx"": -7.499832893583494, ""move_vy"": -0.0500656401440822, ""kick_power"": 0.0, ""kick_dir"": null}, {""move_vx"": -0.0, ""move_vy"": -6.0, ""kick_power"": 0.0, ""kick_dir"": null}, {""move_vx"": -4.525483399593904, ""move_vy"": 4.525483399593904, ""kick_power"": 0.0, ""kick_dir"": null}, {""move_vx"": -5.4, ""move_vy"": 0.0, ""kick_power"": 0.0, ""kick_dir"": null}, {""move_vx"": -0.0, ""move_vy"": 0.0, ""kick_power"": 0.0, ""kick_dir"": null}]"
2207,27,default,default,0,42.9912645157431,37.1518364932229,20,B,,0.041429711300242124,0.0005551806602991528,0.34049120590866844,"[{""move_vx"": 0.0, ""move_vy"": 5.0, ""kick_power"": 0.0, ""kick_dir"": null}, {""move_vx"": -4.1012193308819755, ""move_vy"": -4.1012193308819755, ""kick_power"": 0.0, ""kick_dir"": null}, {""move_vx"": 5.386206621098103, ""move_vy"": 0.3857178176322107, ""kick_power"": 0.0, ""kick_dir"": null}, {""move_vx"": 6.359292738334349, ""move_vy"": -1.2449079757829578, ""kick_power"": 0.0, ""kick_dir"": null}, {""move_vx"": 5.231265053293032, ""move_vy"": -4.59080232009559, ""kick_power"": 0.0, ""kick_dir"": null}, {""move_vx"": 5.045247846414585, ""move_vy"": 1.195700283620016, ""kick_power"": 0.0, ""kick_dir"": null}, {""move_vx"": 0.0, ""move_vy"": 6.0, ""kick_power"": 0.0, ""kick_dir"": null}, {""move_vx"": 4.242640687119285, ""move_vy"": -4.242640687119285, ""kick_power"": 0.0, ""kick_dir"": null}, {""move_vx"": 6.1, ""move_vy"": 0.0, ""kick_power"": 0.0, ""kick_dir"": null}, {""move_vx"": 6.0, ""move_vy"": 0.0, ""kick_power"": 0.0, ""kick_dir"": null}, {""move_vx"": 4.242640687119285, ""move_vy"": -4.242640687119285, ""kick_power"": 0.0, ""kick_dir"": null}, {""move_vx"": -0.0, ""move_vy"": 0.0, ""kick_power"": 0.9, ""kick_dir"": [-0.9999999758531882, 0.0]}, {""move_vx"": -6.55281602616819, ""move_vy"": 2.3456773280213388, ""kick_power"": 0.0, ""kick_dir"": null}, {""move_vx"": -3.8183766184073566, ""move_vy"": -3.8183766184073566, ""kick_power"": 0.0, ""kick_dir"": null}, {""move_vx"": -5.380749347394429, ""move_vy"": 0.45556169781319267, ""kick_power"": 0.0, ""kick_dir"": null}, {""move_vx"": -0.0, ""move_vy"": 0.0, ""kick_power"": 0.9, ""kick_dir"": [-0.9954124116987813, 0.0956770018848168]}, {""move_vx"": -5.4327112403833775, ""move_vy"": 3.189929243511853, ""kick_power"": 0.0, ""kick_dir"": null}, {""move_vx"": -7.499832893583495, ""move_vy"": -0.05006564014408159, ""kick_power"": 0.0, ""kick_dir"": null}, {""move_vx"": -4.242640687119285, ""move_vy"": -4.242640687119285, ""kick_power"": 0.0, ""kick_dir"": null}, {""move_vx"": -4.525483399593904, ""move_vy"": 4.525483399593904, ""kick_power"": 0.0, ""kick_dir"": null}, {""move_vx"": -5.4, ""move_vy"": 0.0, ""kick_power"": 0.0, ""kick_dir"": null}, {""move_vx"": -6.353426906440934, ""move_vy"": 0.7706922501961387, ""kick_power"": 0.0, ""kick_dir"": null}]"
2207,28,default,default,0,42.39524858522384,37.27850346952189,20,B,,0.04567809753425264,0.0026867204325868753,0.33204698326253,"[{""move_vx"": 0.0, ""move_vy"": 5.0, ""kick_power"": 0.0, ""kick_dir"": null}, {""move_vx"": 0.0, ""move_vy"": 0.0, ""kick_power"": 0.0, ""kick_dir"": null}, {""move_vx"": 0.0, ""move_vy"": 0.0, ""kick_power"": 0.9, ""kick_dir"": [-0.6517887343176355, 0.7584004518337305]}, {""move_vx"": 0.0, ""move_vy"": 0.0, ""kick_power"": 0.6, ""kick_dir"": [0.9984654919891285, -0.05537721636638236]}, {""move_vx"": -4.1012193308819755, ""move_vy"": 4.1012193308819755, ""kick_power"": 0.0, ""kick_dir"": null}, {""move_vx"": 5.054569185105966, ""move_vy"": 1.1556623005779862, ""kick_power"": 0.0, ""kick_dir"": null}, {""move_vx"": -4.242640687119285, ""move_vy"": -4.242640687119285, ""kick_power"": 0.0, ""kick_dir"": null}, {""move_vx"": 4.242640687119285, ""move_vy"": -4.242640687119285, ""kick_power"": 0.0, ""kick_dir"": null}, {""move_vx"": 6.1, ""move_vy"": 0.0, ""kick_power"": 0.0, ""kick_dir"": null}, {""move_vx"": -4.242640687119285, ""move_vy"": 4.242640687119285, ""kick_power"": 0.0, ""kick_dir"": null}, {""move_vx"": 0.0, ""move_vy"": 0.0, ""kick_power"": 0.7, ""kick_dir"": [0.9986529365832489, -0.05188713691828701]}, {""move_vx"": -0.0, ""move_vy"": 5.0, ""kick_power"": 0.0, ""kick_dir"": null}, {""move_vx"": 4.1012193308819755, ""move_vy"": 4.1012193308819755, ""kick_power"": 0.0, ""kick_dir"": null}, {""move_vx"": -3.8183766184073566, ""move_vy"": -3.8183766184073566, ""kick_power"": 0.0, ""kick_dir"": null}, {""move_vx"": -5.380749347394429, ""move_vy"": 0.45556169781319295, ""kick_power"": 0.0, ""kick_dir"": null}, {""move_vx"": -0.0, ""move_vy"": 0.0, ""kick_power"": 0.9, ""kick_dir"": [-0.9951581060211704, 0.09828683448239618]}, {""move_vx"": -5.512083668825108, ""move_vy"": 3.05072673765966, ""kick_power"": 0.0, ""kick_dir"": null}, {""move_vx"": -7.499832893583493, ""move_vy"": -0.05006564014408095, ""kick_power"": 0.0, ""kick_dir"": null}, {""move_vx"": -4.242640687119285, ""move_vy"": -4.242640687119285, ""kick_power"": 0.0, ""kick_dir"": null}, {""move_vx"": -4.525483399593904, ""move_vy"": 4.525483399593904, ""kick_power"": 0.0, ""kick_dir"": null}, {""move_vx"": -7.19999999995254, ""move_vy"": 2.6142046371731106e-05, ""kick_power"": 0.0, ""kick_dir"": null}, {""move_vx"": -8.153533545593872, ""move_vy"": -1.6559863287103107, ""kick_power"": 0.0, ""kick_dir"": null}]"
2207,29,default,default,0,42.021513419456,37.342430226661776,20,B,,0.047853828186175604,-0.005937926981080978,0.3376247794526209,"[{""move_vx"": 0.0, ""move_vy"": 5.0, ""kick_power"": 0.0, ""kick_dir"": null}, {""move_vx"": -4.1012193308819755, ""move_vy"": -4.1012193308819755, ""kick_power"": 0.0, ""kick_dir"": null}, {""move_vx"": 0.0, ""move_vy"": 0.0, ""kick_power"": 0.9, ""kick_dir"": [-0.6115247571323711, 0.7912251691088286]}, {""move_vx"": 6.327993331976436, ""move_vy"": -1.3953137247450058, ""kick_power"": 0.0, ""kick_dir"": null}, {""move_vx"": 5.074230235159287, ""move_vy"": -4.763799693584453, ""kick_power"": 0.0, ""kick_dir"": null}, {""move_vx"": 5.064325197438527, ""move_vy"": 1.1121309700701745, ""kick_power"": 0.0, ""kick_dir"": null}, {""move_vx"": -4.242640687119285, ""move_vy"": -4.242640687119285, ""kick_power"": 0.0, ""kick_dir"": null}, {""move_vx"": 4.242640687119285, ""move_vy"": -4.242640687119285, ""kick_power"": 0.0, ""kick_dir"": null}, {""move_vx"": 6.1, ""move_vy"": 0.0, ""kick_power"": 0.0, ""kick_dir"": null}, {""move_vx"": 0.0, ""move_vy"": -6.0, ""kick_power"": 0.0, ""kick_dir"": null}, {""move_vx"": 4.242640687119285, ""move_vy"": -4.242640687119285, ""kick_power"": 0.0, ""kick_dir"": null}, {""move_vx"": 3.5355339059327373, ""move_vy"": -3.5355339059327373, ""kick_power"": 0.0, ""kick_dir"": null}, {""move_vx"": 4.1012193308819755, ""move_vy"": 4.1012193308819755, ""kick_power"": 0.0, ""kick_dir"": null}, {""move_vx"": -3.8183766184073566, ""move_vy"": -3.8183766184073566, ""kick_power"": 0.0, ""kick_dir"": null}, {""move_vx"": -5.380749347394429, ""move_vy"": 0.45556169781319333, ""kick_power"": 0.0, ""kick_dir"": null}, {""move_vx"": -0.0, ""move_vy"": 0.0, ""kick_power"": 0.9, ""kick_dir"": [-0.994889878751854, 0.10096577007176105]}, {""move_vx"": -5.543834535599866, ""move_vy"": 2.992640747214778, ""kick_power"": 0.0, ""kick_dir"": null}, {""move_vx"": -7.499832893583494, ""move_vy"": -0.05006564014408031, ""kick_power"": 0.0, ""kick_dir"": null}, {""move_vx"": -4.242640687119285, ""move_vy"": -4.242640687119285, ""kick_power"": 0.0, ""kick_dir"": null}, {""move_vx"": -4.525483399593904, ""move_vy"": 4.525483399593904, ""kick_power"": 0.0, ""kick_dir"": null}, {""move_vx"": -5.399995526774715, ""move_vy"": 0.0069505980363888074, ""kick_power"": 0.0, ""kick_dir"": null}, {""move_vx"": -8.15353354559387, ""move_vy"": -1.6559863287103098, ""kick_power"": 0.0, ""kick_dir"": null}]"
2207,30,default,default,0,41.661519427555355,37.34519202860988,20,B,,0.04979568723896949,0.0031687679409784075,0.33977981232397675,"[{""move_vx"": 0.0, ""move_vy"": 5.0, ""kick_power"": 0.0, ""kick_dir"": null}, {""move_vx"": -4.1012193308819755, ""move_vy"": -4.1012193308819755, ""kick_power"": 0.0, ""kick_dir"": null}, {""move_vx"": 5.163826808338788, ""move_vy"": 1.5795229322430377, ""kick_power"": 0.0, ""kick_dir"": null}, {""move_vx"": 6.326794406198472, ""move_vy"": -1.4007399978924473, ""kick_power"": 0.0, ""kick_dir"": null}, {""move_vx"": 5.0277055405539715, ""move_vy"": -4.812876166855209, ""kick_power"": 0.0, ""kick_dir"": null}, {""move_vx"": 5.074590733665053, ""move_vy"": 1.0643091119598567, ""kick_power"": 0.0, ""kick_dir"": null}, {""move_vx"": 0.0, ""move_vy"": 6.0, ""kick_power"": 0.0, ""kick_dir"": null}, {""move_vx"": 4.242640687119285, ""move_vy"": -4.242640687119285, ""kick_power"": 0.0, ""kick_dir"": null}, {""move_vx"": 6.1, ""move_vy"": 0.0, ""kick_power"": 0.0, ""kick_dir"": null}, {""move_vx"": 0.0, ""move_vy"": 6.0, ""kick_power"": 0.0, ""kick_dir"": null}, {""move_vx"": 0.0, ""move_vy"": 0.0, ""kick_power"": 0.7, ""kick_dir"": [0.9989007672364427, -0.04687451046416382]}, {""move_vx"": 3.5355339059327373, ""move_vy"": -3.5355339059327373, ""kick_power"": 0.0, ""kick_dir"": null}, {""move_vx"": 4.1012193308819755, ""move_vy"": 4.1012193308819755, ""kick_power"": 0.0, ""kick_dir"": null}, {""move_vx"": -5.374142757644097, ""move_vy"": -0.5278158963706062, ""kick_power"": 0.0, ""kick_dir"": null}, {""move_vx"": -5.380749347394428, ""move_vy"": 0.4555616978131936, ""kick_power"": 0.0, ""kick_dir"": null}, {""move_vx"": -0.0, ""move_vy"": 0.0, ""kick_power"": 0.9, ""kick_dir"": [-0.9946127423222377, 0.10366026303915808]}, {""move_vx"": -5.271346079076883, ""move_vy"": 1.1717126416492958, ""kick_power"": 0.0, ""kick_dir"": null}, {""move_vx"": -7.499832893583494, ""move_vy"": -0.05006564014407966, ""kick_power"": 0.0, ""kick_dir"": null}, {""move_vx"": -4.242640687119285, ""move_vy"": -4.242640687119285, ""kick_power"": 0.0, ""kick_dir"": null}, {""move_vx"": -4.525483399593904, ""move_vy"": 4.525483399593904, ""kick_power"": 0.0, ""kick_dir"": null}, {""move_vx"": -5.399963408675337, ""move_vy"": 0.01987925973085947, ""kick_power"": 0.0, ""kick_dir"": null}, {""move_vx"": -8.153533545593872, ""move_vy"": -1.655986328710309, ""kick_power"": 0.0, ""kick_dir"": null}]"
2207,31,default,default,0,41.30152198596186,37.34654948694901,20,B,,0.051696615353136854,0.00042981911576756536,0.34246255224800115,"[{""move_vx"": 0.0, ""move_vy"": 5.0, ""kick_power"": 0.0, ""kick_dir"": null}, {""move_vx"": -4.1012193308819755, ""move_vy"": -4.1012193308819755, ""kick_power"": 0.0, ""kick_dir"": null}, {""move_vx"": 6.329905010480047, ""move_vy"": 1.3866155048533118, ""kick_power"": 0.0, ""kick_dir"": null}, {""move_vx"": 6.321557435800041, ""move_vy"": -1.4241880444243373, ""kick_power"": 0.0, ""kick_dir"": null}, {""move_vx"": 4.970230412072677, ""move_vy"": -4.872207882562882, ""kick_power"": 0.0, ""kick_dir"": null}, {""move_vx"": 5.085466989095005, ""move_vy"": 1.0110640448680668, ""kick_power"": 0.0, ""kick_dir"": null}, {""move_vx"": -4.242640687119285, ""move_vy"": -4.242640687119285, ""kick_power"": 0.0, ""kick_dir"": null}, {""move_vx"": 4.242640687119285, ""move_vy"": -4.242640687119285, ""kick_power"": 0.0, ""kick_dir"": null}, {""move_vx"": 6.1, ""move_vy"": 0.0, ""kick_power"": 0.0, ""kick_dir"": null}, {""move_vx"": 0.0, ""move_vy"": 6.0, ""kick_power"": 0.0, ""kick_dir"": null}, {""move_vx"": 4.242640687119285, ""move_vy"": -4.242640687119285, ""kick_power"": 0.0, ""kick_dir"": null}, {""move_vx"": 3.5355339059327373, ""move_vy"": -3.5355339059327373, ""kick_power"": 0.0, ""kick_dir"": null}, {""move_vx"": 4.1012193308819755, ""move_vy"": 4.1012193308819755, ""kick_power"": 0.0, ""kick_dir"": null}, {""move_vx"": -5.884232502471784, ""move_vy"": 0.8120393197713234, ""kick_power"": 0.0, ""kick_dir"": null}, {""move_vx"": -5.380749347394429, ""move_vy"": 0.455561697813194, ""kick_power"": 0.0, ""kick_dir"": null}, {""move_vx"": -0.0, ""move_vy"": 0.0, ""kick_power"": 0.9, ""kick_dir"": [-0.9943255706522229, 0.10637958742927013]}, {""move_vx"": -5.272550581742479, ""move_vy"": 1.1662805678596604, ""kick_power"": 0.0, ""kick_dir"": null}, {""move_vx"": -7.499832893583494, ""move_vy"": -0.05006564014407899, ""kick_power"": 0.0, ""kick_dir"": null}, {""move_vx"": -4.242640687119285, ""move_vy"": -4.242640687119285, ""kick_power"": 0.0, ""kick_dir"": null}, {""move_vx"": -8.301957530373175, ""move_vy"": 0.5476323254521697, ""kick_power"": 0.0, ""kick_dir"": null}, {""move_vx"": -5.399962739385478, ""move_vy"": 0.02006024048941513, ""kick_power"": 0.0, ""kick_dir"": null}, {""move_vx"": -8.153533545593872, ""move_vy"": -1.655986328710308, ""kick_power"": 0.0, ""kick_dir"": null}]"
2207,32,default,default,0,40.941524471690265,37.34788729052185,20,B,,0.053557378535715065,-0.002820204647930003,0.3441056915480688,"[{""move_vx"": 0.0, ""move_vy"": 5.0, ""kick_power"": 0.0, ""kick_dir"": null}, {""move_vx"": -4.1012193308819755, ""move_vy"": -4.1012193308819755, ""kick_power"": 0.0, ""kick_dir"": null}, {""move_vx"": 3.8183766184073566, ""move_vy"": 3.8183766184073566, ""kick_power"": 0.0, ""kick_dir"": null}, {""move_vx"": 6.315818584817124, ""move_vy"": -1.4494259566044203, ""kick_power"": 0.0, ""kick_dir"": null}, {""move_vx"": 4.9089491814896355, ""move_vy"": -4.933945473305542, ""kick_power"": 0.0, ""kick_dir"": null}, {""move_vx"": 5.097097190530447, ""move_vy"": 0.9506972337640529, ""kick_power"": 0.0, ""kick_dir"": null}, {""move_vx"": 0.0, ""move_vy"": 0.0, ""kick_power"": 0.6, ""kick_dir"": [0.9994367861605501, -0.03355713753311094]}, {""move_vx"": 4.242640687119285, ""move_vy"": -4.242640687119285, ""kick_power"": 0.0, ""kick_dir"": null}, {""move_vx"": 6.1, ""move_vy"": 0.0, ""kick_power"": 0.0, ""kick_dir"": null}, {""move_vx"": 0.0, ""move_vy"": 6.0, ""kick_power"": 0.0, ""kick_dir"": null}, {""move_vx"": 5.719074091506627, ""move_vy"": 1.8144397305663387, ""kick_power"": 0.0, ""kick_dir"": null}, {""move_vx"": 3.5355339059327373, ""move_vy"": -3.5355339059327373, ""kick_power"": 0.0, ""kick_dir"": null}, {""move_vx"": 4.1012193308819755, ""move_vy"": 4.1012193308819755, ""kick_power"": 0.0, ""kick_dir"": null}, {""move_vx"": -5.884232502471784, ""move_vy"": 0.8120393197713234, ""kick_power"": 0.0, ""kick_dir"": null}, {""move_vx"": -5.380749347394429, ""move_vy"": 0.4555616978131944, ""kick_power"": 0.0, ""kick_dir"": null}, {""move_vx"": -0.0, ""move_vy"": 0.0, ""kick_power"": 0.9, ""kick_dir"": [-0.9940275006812839, 0.10912966925910088]}, {""move_vx"": -5.273771619281462, ""move_vy"": 1.1607467026278322, ""kick_power"": 0.0, ""kick_dir"": null}, {""move_vx"": -7.499832893583494, ""move_vy"": -0.05006564014407832, ""kick_power"": 0.0, ""kick_dir"": null}, {""move_vx"": -4.242640687119285, ""move_vy"": -4.242640687119285, ""kick_power"": 0.0, ""kick_dir"": null}, {""move_vx"": -8.303907498812436, ""move_vy"": 0.5172235988106377, ""kick_power"": 0.0, ""kick_dir"": null}, {""move_vx"": -5.399962729893662, ""move_vy"": 0.020062795403096842, ""kick_power"": 0.0, ""kick_dir"": null}, {""move_vx"": -8.153533545593872, ""move_vy"": -1.6559863287103072, ""kick_power"": 0.0, ""kick_dir"": null}]"
2207,33,default,default,0,40.581526956388046,37.34922481668222,20,B,,0.0553769821062645,-0.003332269450494668,0.3425890823765977,"[{""move_vx"": 0.0, ""move_vy"": 5.0, ""kick_power"": 0.0, ""kick_dir"": null}, {""move_vx"": -4.1012193308819755, ""move_vy"": -4.1012193308819755, ""kick_power"": 0.0, ""kick_dir"": null}, {""move_vx"": 5.166972267638427, ""move_vy"": 1.5692028503209596, ""kick_power"": 0.0, ""kick_dir"": null}, {""move_vx"": 6.309619885708344, ""move_vy"": -1.4761764453729196, ""kick_power"": 0.0, ""kick_dir"": null}, {""move_vx"": 4.843758266958815, ""move_vy"": -4.997960169035777, ""kick_power"": 0.0, ""kick_dir"": null}, {""move_vx"": 5.109697060116431, ""move_vy"": 0.8804663274864631, ""kick_power"": 0.0, ""kick_dir"": null}, {""move_vx"": 0.0, ""move_vy"": 0.0, ""kick_power"": 0.6, ""kick_dir"": [0.9994367861605501, -0.03355713753311094]}, {""move_vx"": 4.242640687119285, ""move_vy"": -4.242640687119285, ""kick_power"": 0.0, ""kick_dir"": null}, {""move_vx"": 6.1, ""move_vy"": 0.0, ""kick_power"": 0.0, ""kick_dir"": null}, {""move_vx"": 0.0, ""move_vy"": 6.0, ""kick_power"": 0.0, ""kick_dir"": null}, {""move_vx"": 5.719074091506627, ""move_vy"": 1.814439730566339, ""kick_power"": 0.0, ""kick_dir"": null}, {""move_vx"": 3.5355339059327373, ""move_vy"": -3.5355339059327373, ""kick_power"": 0.0, ""kick_dir"": null}, {""move_vx"": 4.1012193308819755, ""move_vy"": 4.1012193308819755, ""kick_power"": 0.0, ""kick_dir"": null}, {""move_vx"": -5.884232502471783, ""move_vy"": 0.8120393197713232, ""kick_power"": 0.0, ""kick_dir"": null}, {""move_vx"": -5.380749347394429, ""move_vy"": 0.45556169781319467, ""kick_power"": 0.0, ""kick_dir"": null}, {""move_vx"": -0.0, ""move_vy"": 0.0, ""kick_power"": 0.9, ""kick_dir"": [-0.9937182043884144, 0.11191106664004612]}, {""move_vx"": -5.274987426964153, ""move_vy"": 1.1552089184948755, ""kick_power"": 0.0, ""kick_dir"": null}, {""move_vx"": -7.499832893583494, ""move_vy"": -0.05006564014407763, ""kick_power"": 0.0, ""kick_dir"": null}, {""move_vx"": -4.242640687119285, ""move_vy"": -4.242640687119285, ""kick_power"": 0.0, ""kick_dir"": null}, {""move_vx"": -4.525483399593904, ""move_vy"": -4.525483399593904, ""kick_power"": 0.0, ""kick_dir"": null}, {""move_vx"": -5.3999627297585135, ""move_vy"": 0.020062831779044703, ""kick_power"": 0.0, ""kick_dir"": null}, {""move_vx"": -8.153533545593872, ""move_vy"": -1.655986328710306, ""kick_power"": 0.0, ""kick_dir"": null}]"
2207,34,default,default,0,41.22521419627017,37.416332089810446,20,B,,0.04845138640114206,-0.006203671573290551,0.37685486064091384,"[{""move_vx"": 0.0, ""move_vy"": 5.0, ""kick_power"": 0.0, ""kick_dir"": null}, {""move_vx"": -4.1012193308819755, ""move_vy"": -4.1012193308819755, ""kick_power"": 0.0, ""kick_dir"": null}, {""move_vx"": 6.328548796074231, ""move_vy"": 1.3927922083740274, ""kick_power"": 0.0, ""kick_dir"": null}, {""move_vx"": -3.8183766184073566, ""move_vy"": -3.8183766184073566, ""kick_power"": 0.0, ""kick_dir"": null}, {""move_vx"": 4.774287738166566, ""move_vy"": -5.064363394661995, ""kick_power"": 0.0, ""kick_dir"": null}, {""move_vx"": 5.123621830626048, ""move_vy"": 0.7954397128206451, ""kick_power"": 0.0, ""kick_dir"": null}, {""move_vx"": 0.0, ""move_vy"": 0.0, ""kick_power"": 0.6, ""kick_dir"": [0.9994367861605501, -0.03355713753311094]}, {""move_vx"": 4.242640687119285, ""move_vy"": -4.242640687119285, ""kick_power"": 0.0, ""kick_dir"": null}, {""move_vx"": 6.1, ""move_vy"": 0.0, ""kick_power"": 0.0, ""kick_dir"": null}, {""move_vx"": 0.0, ""move_vy"": 6.0, ""kick_power"": 0.0, ""kick_dir"": null}, {""move_vx"": 5.719074091506627, ""move_vy"": 1.8144397305663391, ""kick_power"": 0.0, ""kick_dir"": null}, {""move_vx"": 3.5355339059327373, ""move_vy"": -3.5355339059327373, ""kick_power"": 0.0, ""kick_dir"": null}, {""move_vx"": 4.1012193308819755, ""move_vy"": 4.1012193308819755, ""kick_power"": 0.0, ""kick_dir"": null}, {""move_vx"": -5.884232502471783, ""move_vy"": 0.8120393197713232, ""kick_power"": 0.0, ""kick_dir"": null}, {""move_vx"": -5.380749347394429, ""move_vy"": 0.45556169781319505, ""kick_power"": 0.0, ""kick_dir"": null}, {""move_vx"": -0.0, ""move_vy"": 0.0, ""kick_power"": 0.9, ""kick_dir"": [-0.9933973537843331, 0.11472425117315323]}, {""move_vx"": -5.276197693557092, ""move_vy"": 1.1496686037736372, ""kick_power"": 0.0, ""kick_dir"": null}, {""move_vx"": -7.499832893583494, ""move_vy"": -0.050065640144076926, ""kick_power"": 0.0, ""kick_dir"": null}, {""move_vx"": -4.242640687119285, ""move_vy"": -4.242640687119285, ""kick_power"": 0.0, ""kick_dir"": null}, {""move_vx"": -8.303571910288616, ""move_vy"": 0.5225835154938125, ""kick_power"": 0.0, ""kick_dir"": null}, {""move_vx"": -0.0, ""move_vy"": 0.0, ""kick_power"": 0.65, ""kick_dir"": [0.9775727294612023, -0.21059777369765004]}, {""move_vx"": -8.153533545593872, ""move_vy"": -1.6559863287103047, ""kick_power"": 0.0, ""kick_dir"": null}]"
2207,35,default,default,0,40.47441603406356,38.05410239433776,20,B,,0.054785264452631516,-0.004186313241175259,0.33587480509590045,"[{""move_vx"": 0.0, ""move_vy"": 5.0, ""kick_power"": 0.0, ""kick_dir"": null}, {""move_vx"": -4.1012193308819755, ""move_vy"": -4.1012193308819755, ""kick_power"": 0.0, ""kick_dir"": null}, {""move_vx"": 6.336317943105863, ""move_vy"": 1.3570095518730474, ""kick_power"": 0.0, ""kick_dir"": null}, {""move_vx"": 6.342372179201498, ""move_vy"": -1.3284258129420847, ""kick_power"": 0.0, ""kick_dir"": null}, {""move_vx"": 4.912586629587701, ""move_vy"": -4.930323783160305, ""kick_power"": 0.0, ""kick_dir"": null}, {""move_vx"": 5.139543381117338, ""move_vy"": 0.6850684882644591, ""kick_power"": 0.0, ""kick_dir"": null}, {""move_vx"": -4.242640687119285, ""move_vy"": -4.242640687119285, ""kick_power"": 0.0, ""kick_dir"": null}, {""move_vx"": 4.242640687119285, ""move_vy"": -4.242640687119285, ""kick_power"": 0.0, ""kick_dir"": null}, {""move_vx"": 6.1, ""move_vy"": 0.0, ""kick_power"": 0.0, ""kick_dir"": null}, {""move_vx"": 0.0, ""move_vy"": 6.0, ""kick_power"": 0.0, ""kick_dir"": null}, {""move_vx"": 4.242640687119285, ""move_vy"": -4.242640687119285, ""kick_power"": 0.0, ""kick_dir"": null}, {""move_vx"": -5.249679315806531, ""move_vy"": 0.058026555929884024, ""kick_power"": 0.0, ""kick_dir"": null}, {""move_vx"": -0.0, ""move_vy"": 0.0, ""kick_power"": 0.0, ""kick_dir"": null}, {""move_vx"": -5.884232502471784, ""move_vy"": 0.8120393197713232, ""kick_power"": 0.0, ""kick_dir"": null}, {""move_vx"": -5.380749347394428, ""move_vy"": 0.45556169781319533, ""kick_power"": 0.0, ""kick_dir"": null}, {""move_vx"": -0.0, ""move_vy"": 0.0, ""kick_power"": 0.9, ""kick_dir"": [-0.9930635772570803, 0.11757843160771914]}, {""move_vx"": -5.272883929733509, ""move_vy"": 1.16477253726129, ""kick_power"": 0.0, ""kick_dir"": null}, {""move_vx"": -7.499832893583493, ""move_vy"": -0.05006564014407621, ""kick_power"": 0.0, ""kick_dir"": null}, {""move_vx"": -4.242640687119285, ""move_vy"": -4.242640687119285, ""kick_power"": 0.0, ""kick_dir"": null}, {""move_vx"": -4.525483399593904, ""move_vy"": -4.525483399593904, ""kick_power"": 0.0, ""kick_dir"": null}, {""move_vx"": -4.242640687119285, ""move_vy"": 4.242640687119285, ""kick_power"": 0.0, ""kick_dir"": null}, {""move_vx"": -8.153533545593872, ""move_vy"": -1.6559863287103038, ""kick_power"": 0.0, ""kick_dir"": null}]"
2207,36,default,default,0,39.938704469308995,37.636678146575065,20,B,,0.05731836268037048,-0.006062588750792608,0.3471153374395103,"[{""move_vx"": 0.0, ""move_vy"": 5.0, ""kick_power"": 0.0, ""kick_dir"": null}, {""move_vx"": -4.1012193308819755, ""move_vy"": -4.1012193308819755, ""kick_power"": 0.0, ""kick_dir"": null}, {""move_vx"": 5.386028489537899, ""move_vy"": 0.3881972564123867, ""kick_power"": 0.0, ""kick_dir"": null}, {""move_vx"": 6.3759127777853415, ""move_vy"": -1.1567783928106603, ""kick_power"": 0.0, ""kick_dir"": null}, {""move_vx"": 4.889039994199911, ""move_vy"": -4.953674185401552, ""kick_power"": 0.0, ""kick_dir"": null}, {""move_vx"": 5.159076352983893, ""move_vy"": 0.5178379901884409, ""kick_power"": 0.0, ""kick_dir"": null}, {""move_vx"": 0.0, ""move_vy"": 6.0, ""kick_power"": 0.0, ""kick_dir"": null}, {""move_vx"": 0.9169606036510107, ""move_vy"": 5.625760682019096, ""kick_power"": 0.0, ""kick_dir"": null}, {""move_vx"": 6.1, ""move_vy"": 0.0, ""kick_power"": 0.0, ""kick_dir"": null}, {""move_vx"": 0.0, ""move_vy"": 6.0, ""kick_power"": 0.0, ""kick_dir"": null}, {""move_vx"": 5.70484691320242, ""move_vy"": 1.858688165595516, ""kick_power"": 0.0, ""kick_dir"": null}, {""move_vx"": -0.0, ""move_vy"": 0.0, ""kick_power"": 0.9, ""kick_dir"": [-0.9996822956152295, 0.025204385118020867]}, {""move_vx"": -0.0, ""move_vy"": 0.0, ""kick_power"": 0.0, ""kick_dir"": null}, {""move_vx"": -5.884232502471784, ""move_vy"": 0.8120393197713232, ""kick_power"": 0.0, ""kick_dir"": null}, {""move_vx"": -5.380749347394429, ""move_vy"": 0.4555616978131958, ""kick_power"": 0.0, ""kick_dir"": null}, {""move_vx"": -0.0, ""move_vy"": 0.0, ""kick_power"": 0.0, ""kick_dir"": null}, {""move_vx"": -0.0, ""move_vy"": 0.0, ""kick_power"": 0.9, ""kick_dir"": [0.684789847835066, 0.7287404786602928]}, {""move_vx"": -6.299410337431983, ""move_vy"": 0.08619397110631248, ""kick_power"": 0.0, ""kick_dir"": null}, {""move_vx"": -4.242640687119285, ""move_vy"": -4.242640687119285, ""kick_power"": 0.0, ""kick_dir"": null}, {""move_vx"": -8.300684097647006, ""move_vy"": 0.5666070164321237, ""kick_power"": 0.0, ""kick_dir"": null}, {""move_vx"": -5.399862938248988, ""move_vy"": 0.03847399283940693, ""kick_power"": 0.0, ""kick_dir"": null}, {""move_vx"": -5.391060865920413, ""move_vy"": -3.449124923794649, ""kick_power"": 0.0, ""kick_dir"": null}]"
2207,37,default,default,0,39.57869389638778,37.62941330700808,20,B,,0.05687801196502098,-0.0132469643962847,0.35530025257734904,"[{""move_vx"": -3.5355339059327373, ""move_vy"": 3.5355339059327373, ""kick_power"": 0.0, ""kick_dir"": null}, {""move_vx"": -4.1012193308819755, ""move_vy"": -4.1012193308819755, ""kick_power"": 0.0, ""kick_dir"": null}, {""move_vx"": 3.8183766184073566, ""move_vy"": -3.8183766184073566, ""kick_power"": 0.0, ""kick_dir"": null}, {""move_vx"": 6.337536388262828, ""move_vy"": -1.351307710125479, ""kick_power"": 0.0, ""kick_dir"": null}, {""move_vx"": 3.7726151108928607, ""move_vy"": -4.015902790788498, ""kick_power"": 0.0, ""kick_dir"": null}, {""move_vx"": 5.184972158551769, ""move_vy"": 0.01699161684470253, ""kick_power"": 0.0, ""kick_dir"": null}, {""move_vx"": 0.0, ""move_vy"": 0.0, ""kick_power"": 0.6, ""kick_dir"": [0.9993834601694201, -0.035109409993824156]}, {""move_vx"": 4.242640687119285, ""move_vy"": -4.242640687119285, ""kick_power"": 0.0, ""kick_dir"": null}, {""move_vx"": 6.1, ""move_vy"": 0.0, ""kick_power"": 0.0, ""kick_dir"": null}, {""move_vx"": 0.0, ""move_vy"": 6.0, ""kick_power"": 0.0, ""kick_dir"": null}, {""move_vx"": 5.704846913202419, ""move_vy"": 1.8586881655955172, ""kick_power"": 0.0, ""kick_dir"": null}, {""move_vx"": -3.5355339059327373, ""move_vy"": 3.5355339059327373, ""kick_power"": 0.0, ""kick_dir"": null}, {""move_vx"": -0.0, ""move_vy"": 0.0, ""kick_power"": 0.0, ""kick_dir"": null}, {""move_vx"": -5.884232502471783, ""move_vy"": 0.812039319771323, ""kick_power"": 0.0, ""kick_dir"": null}, {""move_vx"": -0.0, ""move_vy"": 5.4, ""kick_power"": 0.0, ""kick_dir"": null}, {""move_vx"": -0.0, ""move_vy"": 0.0, ""kick_power"": 0.9, ""kick_dir"": [-0.9923768664488839, 0.12324005218146643]}, {""move_vx"": -5.2738997487480965, ""move_vy"": 1.1601644022097746, ""kick_power"": 0.0, ""kick_dir"": null}, {""move_vx"": -7.499824873156258, ""move_vy"": -0.051253019293702004, ""kick_power"": 0.0, ""kick_dir"": null}, {""move_vx"": -4.242640687119285, ""move_vy"": -4.242640687119285, ""kick_power"": 0.0, ""kick_dir"": null}, {""move_vx"": -8.299872340279938, ""move_vy"": 0.5783762919207909, ""kick_power"": 0.0, ""kick_dir"": null}, {""move_vx"": -5.399973809087418, ""move_vy"": -0.016818477039675272, ""kick_power"": 0.0, ""kick_dir"": null}, {""move_vx"": -5.391060865920414, ""move_vy"": -3.44912492379465, ""kick_power"": 0.0, ""kick_dir"": null}]"
2207,38,default,default,0,39.21869610379374,37.62814744729157,20,B,,0.058528816762384105,-0.011529242666065687,0.3594413321757781,"[{""move_vx"": 0.0, ""move_vy"": 5.0, ""kick_power"": 0.0, ""kick_dir"": null}, {""move_vx"": -4.1012193308819755, ""move_vy"": -4.1012193308819755, ""kick_power"": 0.0, ""kick_dir"": null}, {""move_vx"": 5.155614957428676, ""move_vy"": 1.6061240334226128, ""kick_power"": 0.0, ""kick_dir"": null}, {""move_vx"": 6.3304074511866535, ""move_vy"": -1.3843198698135124, ""kick_power"": 0.0, ""kick_dir"": null}, {""move_vx"": 3.728544268844274, ""move_vy"": -4.05685316905462, ""kick_power"": 0.0, ""kick_dir"": null}, {""move_vx"": -5.184936750327442, ""move_vy"": -0.025610449115491735, ""kick_power"": 0.0, ""kick_dir"": null}, {""move_vx"": 0.0, ""move_vy"": 6.0, ""kick_power"": 0.0, ""kick_dir"": null}, {""move_vx"": 4.242640687119285, ""move_vy"": -4.242640687119285, ""kick_power"": 0.0, ""kick_dir"": null}, {""move_vx"": 6.1, ""move_vy"": 0.0, ""kick_power"": 0.0, ""kick_dir"": null}, {""move_vx"": 0.0, ""move_vy"": 6.0, ""kick_power"": 0.0, ""kick_dir"": null}, {""move_vx"": 4.242640687119285, ""move_vy"": -4.242640687119285, ""kick_power"": 0.0, ""kick_dir"": null}, {""move_vx"": 3.5355339059327373, ""move_vy"": -3.5355339059327373, ""kick_power"": 0.0, ""kick_dir"": null}, {""move_vx"": -0.0, ""move_vy"": 0.0, ""kick_power"": 0.0, ""kick_dir"": null}, {""move_vx"": -5.884232502471783, ""move_vy"": 0.812039319771323, ""kick_power"": 0.0, ""kick_dir"": null}, {""move_vx"": -5.383160295524802, ""move_vy"": 0.4261281880905388, ""kick_power"": 0.0, ""kick_dir"": null}, {""move_vx"": -0.0, ""move_vy"": 0.0, ""kick_power"": 0.9, ""kick_dir"": [-0.9920122119914836, 0.12614169221901902]}, {""move_vx"": -5.2752764251759245, ""move_vy"": 1.1538884859392258, ""kick_power"": 0.0, ""kick_dir"": null}, {""move_vx"": -7.499824873156259, ""move_vy"": -0.05125301929370285, ""kick_power"": 0.0, ""kick_dir"": null}, {""move_vx"": -4.242640687119285, ""move_vy"": -4.242640687119285, ""kick_power"": 0.0, ""kick_dir"": null}, {""move_vx"": -8.299222825592473, ""move_vy"": 0.5876227456156429, ""kick_power"": 0.0, ""kick_dir"": null}, {""move_vx"": -5.399971214021115, ""move_vy"": -0.01763200905515516, ""kick_power"": 0.0, ""kick_dir"": null}, {""move_vx"": -5.391060865920413, ""move_vy"": -3.449124923794649, ""kick_power"": 0.0, ""kick_dir"": null}]"
2207,39,default,default,0,38.858698029871576,37.626969833087124,20,B,,0.06013326289441187,-0.013404532885118517,0.3609636840447681,"[{""move_vx"": 0.0, ""move_vy"": 5.0, ""kick_power"": 0.0, ""kick_dir"": null}, {""move_vx"": -4.1012193308819755, ""move_vy"": -4.1012193308819755, ""kick_power"": 0.0, ""kick_dir"": null}, {""move_vx"": 5.155614957428675, ""move_vy"": 1.6061240334226121, ""kick_power"": 0.0, ""kick_dir"": null}, {""move_vx"": 6.3231023118159415, ""move_vy"": -1.4173133578386594, ""kick_power"": 0.0, ""kick_dir"": null}, {""move_vx"": 3.6831378545884608, ""move_vy"": -4.098120977240364, ""kick_power"": 0.0, ""kick_dir"": null}, {""move_vx"": 5.184936750327443, ""move_vy"": 0.025610449115403687, ""kick_power"": 0.0, ""kick_dir"": null}, {""move_vx"": -4.242640687119285, ""move_vy"": -4.242640687119285, ""kick_power"": 0.0, ""kick_dir"": null}, {""move_vx"": 4.242640687119285, ""move_vy"": -4.242640687119285, ""kick_power"": 0.0, ""kick_dir"": null}, {""move_vx"": 6.1, ""move_vy"": 0.0, ""kick_power"": 0.0, ""kick_dir"": null}, {""move_vx"": 0.0, ""move_vy"": 6.0, ""kick_power"": 0.0, ""kick_dir"": null}, {""move_vx"": 5.689895295852432, ""move_vy"": 1.9039673112310411, ""kick_power"": 0.0, ""kick_dir"": null}, {""move_vx"": 3.5355339059327373, ""move_vy"": -3.5355339059327373, ""kick_power"": 0.0, ""kick_dir"": null}, {""move_vx"": -0.0, ""move_vy"": 0.0, ""kick_power"": 0.0, ""kick_dir"": null}, {""move_vx"": -5.884232502471783, ""move_vy"": 0.812039319771323, ""kick_power"": 0.0, ""kick_dir"": null}, {""move_vx"": -5.383160295524802, ""move_vy"": 0.4261281880905384, ""kick_power"": 0.0, ""kick_dir"": null}, {""move_vx"": -0.0, ""move_vy"": 0.0, ""kick_power"": 0.9, ""kick_dir"": [-0.9916343974049397, 0.12907818122409498]}, {""move_vx"": -5.276550666475759, ""move_vy"": 1.1480475008091886, ""kick_power"": 0.0, ""kick_dir"": null}, {""move_vx"": -7.499824873156258, ""move_vy"": -0.05125301929370371, ""kick_power"": 0.0, ""kick_dir"": null}, {""move_vx"": -4.242640687119285, ""move_vy"": -4.242640687119285, ""kick_power"": 0.0, ""kick_dir"": null}, {""move_vx"": -8.299196514184487, ""move_vy"": 0.5879942337711063, ""kick_power"": 0.0, ""kick_dir"": null}, {""move_vx"": -5.3999711745753585, ""move_vy"": -0.01764408555950031, ""kick_power"": 0.0, ""kick_dir"": null}, {""move_vx"": -4.066723502650506, ""move_vy"": -4.0791371579036175, ""kick_power"": 0.0, ""kick_dir"": null}]"
2207,40,default,default,0,38.498699951671625,37.62579352855984,20,B,,0.06169004463513943,-0.012870684760586702,0.35994942261723706,"[{""move_vx"": 0.0, ""move_vy"": 5.0, ""kick_power"": 0.0, ""kick_dir"": null}, {""move_vx"": -4.1012193308819755, ""move_vy"": -4.1012193308819755, ""kick_power"": 0.0, ""kick_dir"": null}, {""move_vx"": 3.8183766184073566, ""move_vy"": -3.8183766184073566, ""kick_power"": 0.0, ""kick_dir"": null}, {""move_vx"": 6.315029558117516, ""move_vy"": -1.4528598280983929, ""kick_power"": 0.0, ""kick_dir"": null}, {""move_vx"": 3.6356080035931826, ""move_vy"": -4.140344725286675, ""kick_power"": 0.0, ""kick_dir"": null}, {""move_vx"": -5.184739519560291, ""move_vy"": -0.05197224557125775, ""kick_power"": 0.0, ""kick_dir"": null}, {""move_vx"": 0.0, ""move_vy"": 6.0, ""kick_power"": 0.0, ""kick_dir"": null}, {""move_vx"": 4.242640687119285, ""move_vy"": -4.242640687119285, ""kick_power"": 0.0, ""kick_dir"": null}, {""move_vx"": 6.1, ""move_vy"": 0.0, ""kick_power"": 0.0, ""kick_dir"": null}, {""move_vx"": 0.0, ""move_vy"": 6.0, ""kick_power"": 0.0, ""kick_dir"": null}, {""move_vx"": 0.0, ""move_vy"": 0.0, ""kick_power"": 0.7, ""kick_dir"": [0.9988668494247708, -0.047591777630100925]}, {""move_vx"": 3.5355339059327373, ""move_vy"": -3.5355339059327373, ""kick_power"": 0.0, ""kick_dir"": null}, {""move_vx"": -0.0, ""move_vy"": 0.0, ""kick_power"": 0.0, ""kick_dir"": null}, {""move_vx"": -5.884232502471784, ""move_vy"": 0.812039319771323, ""kick_power"": 0.0, ""kick_dir"": null}, {""move_vx"": -5.383160295524802, ""move_vy"": 0.42612818809053793, ""kick_power"": 0.0, ""kick_dir"": null}, {""move_vx"": -0.0, ""move_vy"": 0.0, ""kick_power"": 0.9, ""kick_dir"": [-0.9912430948362022, 0.13204954240772282]}, {""move_vx"": -5.628045092341218, ""move_vy"": 2.8310966847802894, ""kick_power"": 0.0, ""kick_dir"": null}, {""move_vx"": -7.499824873156259, ""move_vy"": -0.05125301929370459, ""kick_power"": 0.0, ""kick_dir"": null}, {""move_vx"": -4.242640687119285, ""move_vy"": -4.242640687119285, ""kick_power"": 0.0, ""kick_dir"": null}, {""move_vx"": -4.525483399593904, ""move_vy"": -4.525483399593904, ""kick_power"": 0.0, ""kick_dir"": null}, {""move_vx"": -5.399971173984336, ""move_vy"": -0.017644266440694105, ""kick_power"": 0.0, ""kick_dir"": null}, {""move_vx"": -4.14618955265957, ""move_vy"": -3.9983386791787203, ""kick_power"": 0.0, ""kick_dir"": null}]"
2207,41,default,default,0,38.1387018734076,37.62461724364445,20,B,,0.06319801419058665,-0.01044888832955573,0.36529553050091423,"[{""move_vx"": 0.0, ""move_vy"": 5.0, ""kick_power"": 0.0, ""kick_dir"": null}, {""move_vx"": -4.1012193308819755, ""move_vy"": -4.1012193308819755, ""kick_power"": 0.0, ""kick_dir"": null}, {""move_vx"": 5.1476031190405775, ""move_vy"": 1.6316194804070314, ""kick_power"": 0.0, ""kick_dir"": null}, {""move_vx"": 6.306049443763828, ""move_vy"": -1.4913552269013304, ""kick_power"": 0.0, ""kick_dir"": null}, {""move_vx"": 3.585804829035621, ""move_vy"": -4.183551568711065, ""kick_power"": 0.0, ""kick_dir"": null}, {""move_vx"": 5.18473951956029, ""move_vy"": 0.051972245571302964, ""kick_power"": 0.0, ""kick_dir"": null}, {""move_vx"": 0.0, ""move_vy"": 6.0, ""kick_power"": 0.0, ""kick_dir"": null}, {""move_vx"": 4.242640687119285, ""move_vy"": -4.242640687119285, ""kick_power"": 0.0, ""kick_dir"": null}, {""move_vx"": 6.1, ""move_vy"": 0.0, ""kick_power"": 0.0, ""kick_dir"": null}, {""move_vx"": 0.0, ""move_vy"": 6.0, ""kick_power"": 0.0, ""kick_dir"": null}, {""move_vx"": 0.0, ""move_vy"": 0.0, ""kick_power"": 0.7, ""kick_dir"": [0.9988668494247708, -0.047591777630100925]}, {""move_vx"": 3.5355339059327373, ""move_vy"": -3.5355339059327373, ""kick_power"": 0.0, ""kick_dir"": null}, {""move_vx"": -0.0, ""move_vy"": 0.0, ""kick_power"": 0.0, ""kick_dir"": null}, {""move_vx"": -5.884232502471784, ""move_vy"": 0.812039319771323, ""kick_power"": 0.0, ""kick_dir"": null}, {""move_vx"": -5.383160295524802, ""move_vy"": 0.4261281880905375, ""kick_power"": 0.0, ""kick_dir"": null}, {""move_vx"": -0.0, ""move_vy"": 0.0, ""kick_power"": 0.9, ""kick_dir"": [-0.9908379014408644, 0.13505631233536516]}, {""move_vx"": -5.655590111118929, ""move_vy"": 2.7756621723498323, ""kick_power"": 0.0, ""kick_dir"": null}, {""move_vx"": -7.499824873156258, ""move_vy"": -0.05125301929370549, ""kick_power"": 0.0, ""kick_dir"": null}, {""move_vx"": -4.242640687119285, ""move_vy"": -4.242640687119285, ""kick_power"": 0.0, ""kick_dir"": null}, {""move_vx"": -8.295144335175713, ""move_vy"": 0.6426355565966316, ""kick_power"": 0.0, ""kick_dir"": null}, {""move_vx"": -5.399971173975404, ""move_vy"": -0.01764426917448926, ""kick_power"": 0.0, ""kick_dir"": null}, {""move_vx"": -4.223232421446208, ""move_vy"": -3.9168747636917884, ""kick_power"": 0.0, ""kick_dir"": null}]"
2207,42,default,default,0,37.77870379514259,37.6234409590254,20,B,,0.06465601096413885,-0.02190550762841588,0.3634943323116666,"[{""move_vx"": 0.0, ""move_vy"": 5.0, ""kick_power"": 0.0, ""kick_dir"": null}, {""move_vx"": -4.1012193308819755, ""move_vy"": -4.1012193308819755, ""kick_power"": 0.0, ""kick_dir"": null}, {""move_vx"": -3.8183766184073566, ""move_vy"": -3.8183766184073566, ""kick_power"": 0.0, ""kick_dir"": null}, {""move_vx"": 6.295997745801465, ""move_vy"": -1.533235919505826, ""kick_power"": 0.0, ""kick_dir"": null}, {""move_vx"": -4.1012193308819755, ""move_vy"": -4.1012193308819755, ""kick_power"": 0.0, ""kick_dir"": null}, {""move_vx"": 4.907161170433857, ""move_vy"": -1.6745131374182194, ""kick_power"": 0.0, ""kick_dir"": null}, {""move_vx"": 0.0, ""move_vy"": 6.0, ""kick_power"": 0.0, ""kick_dir"": null}, {""move_vx"": 4.242640687119285, ""move_vy"": 4.242640687119285, ""kick_power"": 0.0, ""kick_dir"": null}, {""move_vx"": 6.1, ""move_vy"": 0.0, ""kick_power"": 0.0, ""kick_dir"": null}, {""move_vx"": 0.0, ""move_vy"": 6.0, ""kick_power"": 0.0, ""kick_dir"": null}, {""move_vx"": 0.0, ""move_vy"": 0.0, ""kick_power"": 0.7, ""kick_dir"": [0.9988668494247708, -0.047591777630100925]}, {""move_vx"": 3.5355339059327373, ""move_vy"": -3.5355339059327373, ""kick_power"": 0.0, ""kick_dir"": null}, {""move_vx"": -0.0, ""move_vy"": 0.0, ""kick_power"": 0.0, ""kick_dir"": null}, {""move_vx"": -5.884232502471783, ""move_vy"": 0.812039319771323, ""kick_power"": 0.0, ""kick_dir"": null}, {""move_vx"": -5.383160295524803, ""move_vy"": 0.426128188090537, ""kick_power"": 0.0, ""kick_dir"": null}, {""move_vx"": -0.0, ""move_vy"": 0.0, ""kick_power"": 0.9, ""kick_dir"": [-0.9904184004995802, 0.13809904454796665]}, {""move_vx"": -5.682223600226799, ""move_vy"": 2.7207232415344267, ""kick_power"": 0.0, ""kick_dir"": null}, {""move_vx"": -7.499824873156258, ""move_vy"": -0.05125301929370639, ""kick_power"": 0.0, ""kick_dir"": null}, {""move_vx"": -4.242640687119285, ""move_vy"": -4.242640687119285, ""kick_power"": 0.0, ""kick_dir"": null}, {""move_vx"": -4.525483399593904, ""move_vy"": -4.525483399593904, ""kick_power"": 0.0, ""kick_dir"": null}, {""move_vx"": -5.399971173975268, ""move_vy"": -0.01764426921618578, ""kick_power"": 0.0, ""kick_dir"": null}, {""move_vx"": -4.297818373972552, ""move_vy"": -3.834886859392848, ""kick_power"": 0.0, ""kick_dir"": null}]"
2207,43,default,default,0,37.41870571687757,37.62226467441087,20,B,,0.06606285995301708,-0.009448664259528863,0.3667070715109579,"[{""move_vx"": 0.0, ""move_vy"": 5.0, ""kick_power"": 0.0, ""kick_dir"": null}, {""move_vx"": -4.1012193308819755, ""move_vy"": -4.1012193308819755, ""kick_power"": 0.0, ""kick_dir"": null}, {""move_vx"": 5.934042110740737, ""move_vy"": 0.2659778711765842, ""kick_power"": 0.0, ""kick_dir"": null}, {""move_vx"": 6.284668033042593, ""move_vy"": -1.5790337914220085, ""kick_power"": 0.0, ""kick_dir"": null}, {""move_vx"": 3.5544996445739, ""move_vy"": -4.210181976675594, ""kick_power"": 0.0, ""kick_dir"": null}, {""move_vx"": -4.717412919740132, ""move_vy"": 2.151799327230322, ""kick_power"": 0.0, ""kick_dir"": null}, {""move_vx"": 0.0, ""move_vy"": 6.0, ""kick_power"": 0.0, ""kick_dir"": null}, {""move_vx"": 4.242640687119285, ""move_vy"": -4.242640687119285, ""kick_power"": 0.0, ""kick_dir"": null}, {""move_vx"": 6.1, ""move_vy"": 0.0, ""kick_power"": 0.0, ""kick_dir"": null}, {""move_vx"": 0.0, ""move_vy"": 6.0, ""kick_power"": 0.0, ""kick_dir"": null}, {""move_vx"": 0.0, ""move_vy"": 0.0, ""kick_power"": 0.7, ""kick_dir"": [0.9988668494247708, -0.047591777630100925]}, {""move_vx"": 3.5355339059327373, ""move_vy"": -3.5355339059327373, ""kick_power"": 0.0, ""kick_dir"": null}, {""move_vx"": -0.0, ""move_vy"": 0.0, ""kick_power"": 0.0, ""kick_dir"": null}, {""move_vx"": -5.884232502471783, ""move_vy"": 0.812039319771323, ""kick_power"": 0.0, ""kick_dir"": null}, {""move_vx"": -5.383160295524802, ""move_vy"": 0.42612818809053654, ""kick_power"": 0.0, ""kick_dir"": null}, {""move_vx"": -0.0, ""move_vy"": 0.0, ""kick_power"": 0.9, ""kick_dir"": [-0.9899841619307385, 0.14117830214423308]}, {""move_vx"": -5.707963220932524, ""move_vy"": 2.666300033469904, ""kick_power"": 0.0, ""kick_dir"": null}, {""move_vx"": -7.499824873156258, ""move_vy"": -0.051253019293707326, ""kick_power"": 0.0, ""kick_dir"": null}, {""move_vx"": -4.242640687119285, ""move_vy"": -4.242640687119285, ""kick_power"": 0.0, ""kick_dir"": null}, {""move_vx"": -8.290626391032022, ""move_vy"": 0.6985084425569658, ""kick_power"": 0.0, ""kick_dir"": null}, {""move_vx"": -5.399971173975266, ""move_vy"": -0.017644269216827005, ""kick_power"": 0.0, ""kick_dir"": null}, {""move_vx"": -4.369923553179883, ""move_vy"": -3.752514908613117, ""kick_power"": 0.0, ""kick_dir"": null}]"
2207,44,default,default,0,37.058707638612546,37.62108838979641,20,B,,0.06741737291543828,-0.01469121220596806,0.3650410409697802,"[{""move_vx"": 0.0, ""move_vy"": 5.0, ""kick_power"": 0.0, ""kick_dir"": null}, {""move_vx"": -4.1012193308819755, ""move_vy"": -4.1012193308819755, ""kick_power"": 0.0, ""kick_dir"": null}, {""move_vx"": 3.8183766184073566, ""move_vy"": -3.8183766184073566, ""kick_power"": 0.0, ""kick_dir"": null}, {""move_vx"": 6.2717969218099805, ""move_vy"": -1.6294058339084387, ""kick_power"": 0.0, ""kick_dir"": null}, {""move_vx"": 3.499450692619437, ""move_vy"": -4.256048031910042, ""kick_power"": 0.0, ""kick_dir"": null}, {""move_vx"": 4.71741291974013, ""move_vy"": -2.1517993272303304, ""kick_power"": 0.0, ""kick_dir"": null}, {""move_vx"": 0.0, ""move_vy"": 6.0, ""kick_power"": 0.0, ""kick_dir"": null}, {""move_vx"": 4.242640687119285, ""move_vy"": 4.242640687119285, ""kick_power"": 0.0, ""kick_dir"": null}, {""move_vx"": 6.1, ""move_vy"": 0.0, ""kick_power"": 0.0, ""kick_dir"": null}, {""move_vx"": 0.0, ""move_vy"": 6.0, ""kick_power"": 0.0, ""kick_dir"": null}, {""move_vx"": 0.0, ""move_vy"": 0.0, ""kick_power"": 0.7, ""kick_dir"": [0.9988668494247708, -0.047591777630100925]}, {""move_vx"": -3.5355339059327373, ""move_vy"": -3.5355339059327373, ""kick_power"": 0.0, ""kick_dir"": null}, {""move_vx"": -5.703803434631371, ""move_vy"": 1.0519631072843636, ""kick_power"": 0.0, ""kick_dir"": null}, {""move_vx"": -5.884232502471784, ""move_vy"": 0.812039319771323, ""kick_power"": 0.0, ""kick_dir"": null}, {""move_vx"": -5.383160295524802, ""move_vy"": 0.4261281880905361, ""kick_power"": 0.0, ""kick_dir"": null}, {""move_vx"": -0.0, ""move_vy"": 0.0, ""kick_power"": 0.9, ""kick_dir"": [-0.9895347418417159, 0.14429465780843626]}, {""move_vx"": -5.732827061893086, ""move_vy"": 2.6124115063340034, ""kick_power"": 0.0, ""kick_dir"": null}, {""move_vx"": -7.499822651522489, ""move_vy"": -0.05157708512678744, ""kick_power"": 0.0, ""kick_dir"": null}, {""move_vx"": -4.242640687119285, ""move_vy"": -4.242640687119285, ""kick_power"": 0.0, ""kick_dir"": null}, {""move_vx"": -4.525483399593904, ""move_vy"": -4.525483399593904, ""kick_power"": 0.0, ""kick_dir"": null}, {""move_vx"": -5.399971173975265, ""move_vy"": -0.017644269216836386, ""kick_power"": 0.0, ""kick_dir"": null}, {""move_vx"": -0.0, ""move_vy"": 0.0, ""kick_power"": 0.9, ""kick_dir"": [0.4327239955998694, -0.9015263222932626]}]"
2207,45,default,default,0,36.698709560347524,37.61991210518195,20,B,,0.06871834970940716,-0.01866264322908716,0.3732941131609277,"[{""move_vx"": 0.0, ""move_vy"": 5.0, ""kick_power"": 0.0, ""kick_dir"": null}, {""move_vx"": -4.1012193308819755, ""move_vy"": -4.1012193308819755, ""kick_power"": 0.0, ""kick_dir"": null}, {""move_vx"": 3.8183766184073566, ""move_vy"": -3.8183766184073566, ""kick_power"": 0.0, ""kick_dir"": null}, {""move_vx"": 6.257042925643971, ""move_vy"": -1.6851747169503684, ""kick_power"": 0.0, ""kick_dir"": null}, {""move_vx"": 3.4415775063158662, ""move_vy"": -4.302980858430661, ""kick_power"": 0.0, ""kick_dir"": null}, {""move_vx"": -4.298654481638357, ""move_vy"": 2.8992748485596302, ""kick_power"": 0.0, ""kick_dir"": null}, {""move_vx"": 0.0, ""move_vy"": 6.0, ""kick_power"": 0.0, ""kick_dir"": null}, {""move_vx"": 4.242640687119285, ""move_vy"": -4.242640687119285, ""kick_power"": 0.0, ""kick_dir"": null}, {""move_vx"": 6.1, ""move_vy"": 0.0, ""kick_power"": 0.0, ""kick_dir"": null}, {""move_vx"": 0.0, ""move_vy"": 6.0, ""kick_power"": 0.0, ""kick_dir"": null}, {""move_vx"": 5.690343263379665, ""move_vy"": 1.9026280626832095, ""kick_power"": 0.0, ""kick_dir"": null}, {""move_vx"": -3.5355339059327373, ""move_vy"": -3.5355339059327373, ""kick_power"": 0.0, ""kick_dir"": null}, {""move_vx"": -4.1012193308819755, ""move_vy"": -4.1012193308819755, ""kick_power"": 0.0, ""kick_dir"": null}, {""move_vx"": -5.884232502471782, ""move_vy"": 0.8120393197713228, ""kick_power"": 0.0, ""kick_dir"": null}, {""move_vx"": -5.383160295524803, ""move_vy"": 0.42612818809053565, ""kick_power"": 0.0, ""kick_dir"": null}, {""move_vx"": -0.0, ""move_vy"": 0.0, ""kick_power"": 0.9, ""kick_dir"": [-0.9890696820471788, 0.14744869395681867]}, {""move_vx"": -5.756833583012465, ""move_vy"": 2.559075438024419, ""kick_power"": 0.0, ""kick_dir"": null}, {""move_vx"": -7.499867050757996, ""move_vy"": -0.04465670111578246, ""kick_power"": 0.0, ""kick_dir"": null}, {""move_vx"": -4.242640687119285, ""move_vy"": -4.242640687119285, ""kick_power"": 0.0, ""kick_dir"": null}, {""move_vx"": -8.285613189459458, ""move_vy"": 0.7556547324376928, ""kick_power"": 0.0, ""kick_dir"": null}, {""move_vx"": -5.399971173975266, ""move_vy"": -0.017644269216835894, ""kick_power"": 0.0, ""kick_dir"": null}, {""move_vx"": -4.50464211615853, ""move_vy"": -3.589679568614837, ""kick_power"": 0.0, ""kick_dir"": null}]"
2207,46,default,default,0,36.3387114820825,37.618735820567494,20,B,,0.06996457976642263,-0.02257049535248818,0.36927305965634016,"[{""move_vx"": 0.0, ""move_vy"": 5.0, ""kick_power"": 0.0, ""kick_dir"": null}, {""move_vx"": -4.1012193308819755, ""move_vy"": -4.1012193308819755, ""kick_power"": 0.0, ""kick_dir"": null}, {""move_vx"": 3.8183766184073566, ""move_vy"": -3.8183766184073566, ""kick_power"": 0.0, ""kick_dir"": null}, {""move_vx"": 6.239955117872423, ""move_vy"": -1.7473866563922718, ""kick_power"": 0.0, ""kick_dir"": null}, {""move_vx"": 3.3806807373210144, ""move_vy"": -4.350988135160408, ""kick_power"": 0.0, ""kick_dir"": null}, {""move_vx"": 0.0, ""move_vy"": 0.0, ""kick_power"": 0.65, ""kick_dir"": [-0.9580424871115674, -0.28662604455837815]}, {""move_vx"": 0.0, ""move_vy"": 6.0, ""kick_power"": 0.0, ""kick_dir"": null}, {""move_vx"": 4.242640687119285, ""move_vy"": -4.242640687119285, ""kick_power"": 0.0, ""kick_dir"": null}, {""move_vx"": 6.1, ""move_vy"": 0.0, ""kick_power"": 0.0, ""kick_dir"": null}, {""move_vx"": 0.0, ""move_vy"": 6.0, ""kick_power"": 0.0, ""kick_dir"": null}, {""move_vx"": 5.690343263379665, ""move_vy"": 1.9026280626832088, ""kick_power"": 0.0, ""kick_dir"": null}, {""move_vx"": -3.5355339059327373, ""move_vy"": -3.5355339059327373, ""kick_power"": 0.0, ""kick_dir"": null}, {""move_vx"": -0.0, ""move_vy"": 0.0, ""kick_power"": 0.0, ""kick_dir"": null}, {""move_vx"": -5.884232502471783, ""move_vy"": 0.8120393197713228, ""kick_power"": 0.0, ""kick_dir"": null}, {""move_vx"": -5.383160295524803, ""move_vy"": 0.4261281880905352, ""kick_power"": 0.0, ""kick_dir"": null}, {""move_vx"": -0.0, ""move_vy"": 0.0, ""kick_power"": 0.6, ""kick_dir"": [-0.9759742303533312, -0.2178859210732399]}, {""move_vx"": -5.780001558349547, ""move_vy"": 2.5063084378178235, ""kick_power"": 0.0, ""kick_dir"": null}, {""move_vx"": -7.499921014972412, ""move_vy"": -0.03442047610320142, ""kick_power"": 0.0, ""kick_dir"": null}, {""move_vx"": -4.242640687119285, ""move_vy"": -4.242640687119285, ""kick_power"": 0.0, ""kick_dir"": null}, {""move_vx"": -4.525483399593904, ""move_vy"": -4.525483399593904, ""kick_power"": 0.0, ""kick_dir"": null}, {""move_vx"": -5.399971173975266, ""move_vy"": -0.01764426921683542, ""kick_power"": 0.0, ""kick_dir"": null}, {""move_vx"": -0.0, ""move_vy"": 0.0, ""kick_power"": 0.9, ""kick_dir"": [0.40261129624268127, -0.9153709100364688]}]"
2207,47,default,default,0,35.97871340381748,37.617559535953035,20,B,,0.07115484370314851,-0.020562409706475666,0.3790292819135551,"[{""move_vx"": 0.0, ""move_vy"": 5.0, ""kick_power"": 0.0, ""kick_dir"": null}, {""move_vx"": 0.0, ""move_vy"": 0.0, ""kick_power"": 0.0, ""kick_dir"": null}, {""move_vx"": 5.115111265495175, ""move_vy"": 1.7307907850472122, ""kick_power"": 0.0, ""kick_dir"": null}, {""move_vx"": 6.219925377921932, ""move_vy"": -1.817396019881938, ""kick_power"": 0.0, ""kick_dir"": null}, {""move_vx"": 0.0, ""move_vy"": 0.0, ""kick_power"": 0.0, ""kick_dir"": null}, {""move_vx"": 4.298654481638474, ""move_vy"": -2.8992748485594557, ""kick_power"": 0.0, ""kick_dir"": null}, {""move_vx"": 0.0, ""move_vy"": 6.0, ""kick_power"": 0.0, ""kick_dir"": null}, {""move_vx"": 4.242640687119285, ""move_vy"": -4.242640687119285, ""kick_power"": 0.0, ""kick_dir"": null}, {""move_vx"": 6.1, ""move_vy"": 0.0, ""kick_power"": 0.0, ""kick_dir"": null}, {""move_vx"": 0.0, ""move_vy"": 6.0, ""kick_power"": 0.0, ""kick_dir"": null}, {""move_vx"": 5.690343263379665, ""move_vy"": 1.9026280626832075, ""kick_power"": 0.0, ""kick_dir"": null}, {""move_vx"": -3.5355339059327373, ""move_vy"": -3.5355339059327373, ""kick_power"": 0.0, ""kick_dir"": null}, {""move_vx"": -0.0, ""move_vy"": 0.0, ""kick_power"": 0.0, ""kick_dir"": null}, {""move_vx"": -5.884232502471783, ""move_vy"": 0.8120393197713228, ""kick_power"": 0.0, ""kick_dir"": null}, {""move_vx"": -5.383160295524803, ""move_vy"": 0.4261281880905347, ""kick_power"": 0.0, ""kick_dir"": null}, {""move_vx"": -0.0, ""move_vy"": 0.0, ""kick_power"": 0.9, ""kick_dir"": [-0.9880907361101212, 0.1538721869596211]}, {""move_vx"": -5.802350021051892, ""move_vy"": 2.454125961151775, ""kick_power"": 0.0, ""kick_dir"": null}, {""move_vx"": -7.499942965314048, ""move_vy"": -0.029249222832693107, ""kick_power"": 0.0, ""kick_dir"": null}, {""move_vx"": -4.242640687119285, ""move_vy"": -4.242640687119285, ""kick_power"": 0.0, ""kick_dir"": null}, {""move_vx"": -8.280073177036286, ""move_vy"": 0.8141180399206385, ""kick_power"": 0.0, ""kick_dir"": null}, {""move_vx"": -5.399971173975265, ""move_vy"": -0.017644269216834905, ""kick_power"": 0.0, ""kick_dir"": null}, {""move_vx"": -4.6260498363702585, ""move_vy"": -3.431801700480188, ""kick_power"": 0.0, ""kick_dir"": null}]"
2207,48,default,default,0,35.61871532555246,37.616383251338576,20,B,,0.07228791507401774,-0.014897441602440838,0.36894180513460095,"[{""move_vx"": 0.0, ""move_vy"": 5.0, ""kick_power"": 0.0, ""kick_dir"": null}, {""move_vx"": -4.1012193308819755, ""move_vy"": -4.1012193308819755, ""kick_power"": 0.0, ""kick_dir"": null}, {""move_vx"": 5.115111265495175, ""move_vy"": 1.7307907850472122, ""kick_power"": 0.0, ""kick_dir"": null}, {""move_vx"": 6.1961132315164695, ""move_vy"": -1.8969925730551884, ""kick_power"": 0.0, ""kick_dir"": null}, {""move_vx"": 3.1810304313249875, ""move_vy"": -4.499016047424632, ""kick_power"": 0.0, ""kick_dir"": null}, {""move_vx"": -3.325645852928808, ""move_vy"": 3.977977458570802, ""kick_power"": 0.0, ""kick_dir"": null}, {""move_vx"": -4.242640687119285, ""move_vy"": -4.242640687119285, ""kick_power"": 0.0, ""kick_dir"": null}, {""move_vx"": 4.242640687119285, ""move_vy"": -4.242640687119285, ""kick_power"": 0.0, ""kick_dir"": null}, {""move_vx"": 0.0, ""move_vy"": 0.0, ""kick_power"": 0.9, ""kick_dir"": [0.028669288006308007, -0.9995888916531416]}, {""move_vx"": 0.0, ""move_vy"": 6.0, ""kick_power"": 0.0, ""kick_dir"": null}, {""move_vx"": 5.690343263379666, ""move_vy"": 1.9026280626832068, ""kick_power"": 0.0, ""kick_dir"": null}, {""move_vx"": 5.0, ""move_vy"": 0.0, ""kick_power"": 0.0, ""kick_dir"": null}, {""move_vx"": -0.0, ""move_vy"": 0.0, ""kick_power"": 0.0, ""kick_dir"": null}, {""move_vx"": -5.884232502471783, ""move_vy"": 0.8120393197713228, ""kick_power"": 0.0, ""kick_dir"": null}, {""move_vx"": -0.0, ""move_vy"": 0.0, ""kick_power"": 0.9, ""kick_dir"": [0.36897218937432863, 0.9294402024821503]}, {""move_vx"": -0.0, ""move_vy"": 0.0, ""kick_power"": 0.9, ""kick_dir"": [-0.9875758575212703, 0.15714285872622186]}, {""move_vx"": -5.823898210482045, ""move_vy"": 2.4025423271909365, ""kick_power"": 0.0, ""kick_dir"": null}, {""move_vx"": -7.499942965314049, ""move_vy"": -0.02924922283269228, ""kick_power"": 0.0, ""kick_dir"": null}, {""move_vx"": -4.242640687119285, ""move_vy"": -4.242640687119285, ""kick_power"": 0.0, ""kick_dir"": null}, {""move_vx"": -4.525483399593904, ""move_vy"": -4.525483399593904, ""kick_power"": 0.0, ""kick_dir"": null}, {""move_vx"": -5.399971173975266, ""move_vy"": -0.01764426921683441, ""kick_power"": 0.0, ""kick_dir"": null}, {""move_vx"": -4.682512432891869, ""move_vy"": -3.354351996409006, ""kick_power"": 0.0, ""kick_dir"": null}]"
2207,49,default,default,0,35.258717247287436,37.61520696672412,20,B,,0.07336256226691501,-0.020966097880501005,0.37320128278530496,"[{""move_vx"": 0.0, ""move_vy"": 5.0, ""kick_power"": 0.0, ""kick_dir"": null}, {""move_vx"": -4.1012193308819755, ""move_vy"": -4.1012193308819755, ""kick_power"": 0.0, ""kick_dir"": null}, {""move_vx"": 5.115111265495176, ""move_vy"": 1.7307907850472128, ""kick_power"": 0.0, ""kick_dir"": null}, {""move_vx"": 6.167323007479357, ""move_vy"": -1.9885992359989935, ""kick_power"": 0.0, ""kick_dir"": null}, {""move_vx"": 3.1097350664426613, ""move_vy"": -4.54858745288434, ""kick_power"": 0.0, ""kick_dir"": null}, {""move_vx"": 3.3256458529288615, ""move_vy"": -3.9779774585707575, ""kick_power"": 0.0, ""kick_dir"": null}, {""move_vx"": 0.0, ""move_vy"": 0.0, ""kick_power"": 0.6, ""kick_dir"": [0.9969471652162141, -0.07807894211278263]}, {""move_vx"": 4.242640687119285, ""move_vy"": -4.242640687119285, ""kick_power"": 0.0, ""kick_dir"": null}, {""move_vx"": 0.0, ""move_vy"": 0.0, ""kick_power"": 0.9, ""kick_dir"": [0.05170122791550168, -0.9986625369063544]}, {""move_vx"": 0.0, ""move_vy"": 6.0, ""kick_power"": 0.0, ""kick_dir"": null}, {""move_vx"": 5.690343263379667, ""move_vy"": 1.9026280626832057, ""kick_power"": 0.0, ""kick_dir"": null}, {""move_vx"": 5.0, ""move_vy"": 0.0, ""kick_power"": 0.0, ""kick_dir"": null}, {""move_vx"": -0.0, ""move_vy"": 0.0, ""kick_power"": 0.0, ""kick_dir"": null}, {""move_vx"": -0.0, ""move_vy"": 0.0, ""kick_power"": 0.4, ""kick_dir"": [-0.9906115175604623, 0.13670695414219705]}, {""move_vx"": -5.381902988566411, ""move_vy"": 0.4417241465665375, ""kick_power"": 0.0, ""kick_dir"": null}, {""move_vx"": -0.0, ""move_vy"": 0.0, ""kick_power"": 0.9, ""kick_dir"": [-0.9870433532252543, 0.16045364115299277]}, {""move_vx"": -5.844665521638715, ""move_vy"": 2.3515707389248695, ""kick_power"": 0.0, ""kick_dir"": null}, {""move_vx"": -7.499942965314048, ""move_vy"": -0.029249222832691435, ""kick_power"": 0.0, ""kick_dir"": null}, {""move_vx"": -4.242640687119285, ""move_vy"": -4.242640687119285, ""kick_power"": 0.0, ""kick_dir"": null}, {""move_vx"": -8.27397257545328, ""move_vy"": 0.8739438315172371, ""kick_power"": 0.0, ""kick_dir"": null}, {""move_vx"": -5.399971173975266, ""move_vy"": -0.017644269216833878, ""kick_power"": 0.0, ""kick_dir"": null}, {""move_vx"": -4.736811439050627, ""move_vy"": -3.2772270886954304, ""kick_power"": 0.0, ""kick_dir"": null}]"
2207,50,default,default,0,34.898719169022414,37.61403068210966,20,B,,0.07437755054312199,-0.014613757111093896,0.3764958326688618,"[{""move_vx"": 0.0, ""move_vy"": 5.0, ""kick_power"": 0.0, ""kick_dir"": null}, {""move_vx"": -4.1012193308819755, ""move_vy"": -4.1012193308819755, ""kick_power"": 0.0, ""kick_dir"": null}, {""move_vx"": 5.115111265495175, ""move_vy"": 1.7307907850472128, ""kick_power"": 0.0, ""kick_dir"": null}, {""move_vx"": 6.131793891318011, ""move_vy"": -2.0955914855703965, ""kick_power"": 0.0, ""kick_dir"": null}, {""move_vx"": 3.034582628608327, ""move_vy"": -4.5990660215035595, ""kick_power"": 0.0, ""kick_dir"": null}, {""move_vx"": -1.65025654630284, ""move_vy"": 4.915371637158743, ""kick_power"": 0.0, ""kick_dir"": null}, {""move_vx"": 0.0, ""move_vy"": 0.0, ""kick_power"": 0.6, ""kick_dir"": [0.9969471652162141, -0.07807894211278263]}, {""move_vx"": 4.242640687119285, ""move_vy"": -4.242640687119285, ""kick_power"": 0.0, ""kick_dir"": null}, {""move_vx"": 0.0, ""move_vy"": 0.0, ""kick_power"": 0.4, ""kick_dir"": [0.07500383380675946, -0.9971831846528358]}, {""move_vx"": 0.0, ""move_vy"": -6.0, ""kick_power"": 0.0, ""kick_dir"": null}, {""move_vx"": 5.690343263379667, ""move_vy"": 1.9026280626832048, ""kick_power"": 0.0, ""kick_dir"": null}, {""move_vx"": 5.0, ""move_vy"": 0.0, ""kick_power"": 0.0, ""kick_dir"": null}, {""move_vx"": -0.0, ""move_vy"": 0.0, ""kick_power"": 0.0, ""kick_dir"": null}, {""move_vx"": -5.4, ""move_vy"": 0.0, ""kick_power"": 0.0, ""kick_dir"": null}, {""move_vx"": -5.381902988566411, ""move_vy"": 0.44172414656653697, ""kick_power"": 0.0, ""kick_dir"": null}, {""move_vx"": -0.0, ""move_vy"": 0.0, ""kick_power"": 0.9, ""kick_dir"": [-0.9864926856307146, 0.16380516779727622]}, {""move_vx"": -5.864671456952957, ""move_vy"": 2.3012233055488758, ""kick_power"": 0.0, ""kick_dir"": null}, {""move_vx"": -7.499942965314048, ""move_vy"": -0.029249222832690575, ""kick_power"": 0.0, ""kick_dir"": null}, {""move_vx"": -4.242640687119285, ""move_vy"": -4.242640687119285, ""kick_power"": 0.0, ""kick_dir"": null}, {""move_vx"": -4.525483399593904, ""move_vy"": -4.525483399593904, ""kick_power"": 0.0, ""kick_dir"": null}, {""move_vx"": -5.399971173975266, ""move_vy"": -0.017644269216833364, ""kick_power"": 0.0, ""kick_dir"": null}, {""move_vx"": -4.78897336956163, ""move_vy"": -3.200520905357367, ""kick_power"": 0.0, ""kick_dir"": null}]"
2207,51,default,default,0,34.53872109075739,37.6128543974952,20,B,,0.07533164422163165,-0.023026520225800005,0.38555109029191587,"[{""move_vx"": 0.0, ""move_vy"": 5.0, ""kick_power"": 0.0, ""kick_dir"": null}, {""move_vx"": -4.1012193308819755, ""move_vy"": -4.1012193308819755, ""kick_power"": 0.0, ""kick_dir"": null}, {""move_vx"": 5.115111265495175, ""move_vy"": 1.7307907850472133, ""kick_power"": 0.0, ""kick_dir"": null}, {""move_vx"": 6.086821320615581, ""move_vy"": -2.222837423407208, ""kick_power"": 0.0, ""kick_dir"": null}, {""move_vx"": 2.5158893411666505, ""move_vy"": -6.489368291521451, ""kick_power"": 0.0, ""kick_dir"": null}, {""move_vx"": 1.6502565463029166, ""move_vy"": -4.915371637158716, ""kick_power"": 0.0, ""kick_dir"": null}, {""move_vx"": 0.0, ""move_vy"": 0.0, ""kick_power"": 0.6, ""kick_dir"": [0.9969471652162141, -0.07807894211278263]}, {""move_vx"": 4.242640687119285, ""move_vy"": -4.242640687119285, ""kick_power"": 0.0, ""kick_dir"": null}, {""move_vx"": 0.0, ""move_vy"": 0.0, ""kick_power"": 0.9, ""kick_dir"": [0.09854308735184232, -0.9951327238541797]}, {""move_vx"": 0.0, ""move_vy"": 6.0, ""kick_power"": 0.0, ""kick_dir"": null}, {""move_vx"": 5.690343263379668, ""move_vy"": 1.902628062683204, ""kick_power"": 0.0, ""kick_dir"": null}, {""move_vx"": 5.0, ""move_vy"": 0.0, ""kick_power"": 0.0, ""kick_dir"": null}, {""move_vx"": -0.0, ""move_vy"": 0.0, ""kick_power"": 0.0, ""kick_dir"": null}, {""move_vx"": -5.4, ""move_vy"": 0.0, ""kick_power"": 0.0, ""kick_dir"": null}, {""move_vx"": -5.381902988566411, ""move_vy"": 0.44172414656653636, ""kick_power"": 0.0, ""kick_dir"": null}, {""move_vx"": -0.0, ""move_vy"": 0.0, ""kick_power"": 0.9, ""kick_dir"": [-0.9859232995128892, 0.16719808302985292]}, {""move_vx"": -5.883935580519073, ""move_vy"": 2.251511066884126, ""kick_power"": 0.0, ""kick_dir"": null}, {""move_vx"": -7.499942965314048, ""move_vy"": -0.029249222832689693, ""kick_power"": 0.0, ""kick_dir"": null}, {""move_vx"": -4.242640687119285, ""move_vy"": -4.242640687119285, ""kick_power"": 0.0, ""kick_dir"": null}, {""move_vx"": -8.267275203220768, ""move_vy"": 0.9351795090842203, ""kick_power"": 0.0, ""kick_dir"": null}, {""move_vx"": -5.399971173975265, ""move_vy"": -0.01764426921683281, ""kick_power"": 0.0, ""kick_dir"": null}, {""move_vx"": -4.839029611641859, ""move_vy"": -3.1243227134297826, ""kick_power"": 0.0, ""kick_dir"": null}]"
2207,52,default,default,0,34.17872301249237,37.61167811288074,20,B,,0.07622360900673343,-0.012681261201192113,0.3834383655519683,"[{""move_vx"": 0.0, ""move_vy"": 5.0, ""kick_power"": 0.0, ""kick_dir"": null}, {""move_vx"": -4.1012193308819755, ""move_vy"": -4.1012193308819755, ""kick_power"": 0.0, ""kick_dir"": null}, {""move_vx"": 1.804898440207499, ""move_vy"": 6.223563418214403, ""kick_power"": 0.0, ""kick_dir"": null}, {""move_vx"": 6.028027757412103, ""move_vy"": -2.377663003007202, ""kick_power"": 0.0, ""kick_dir"": null}, {""move_vx"": 2.2684663461888506, ""move_vy"": -6.579943801903524, ""kick_power"": 0.0, ""kick_dir"": null}, {""move_vx"": -0.4518785829927014, ""move_vy"": 5.165271604304318, ""kick_power"": 0.0, ""kick_dir"": null}, {""move_vx"": 0.0, ""move_vy"": 0.0, ""kick_power"": 0.4, ""kick_dir"": [0.9969471652162141, -0.07807894211278263]}, {""move_vx"": 4.242640687119285, ""move_vy"": 4.242640687119285, ""kick_power"": 0.0, ""kick_dir"": null}, {""move_vx"": 0.0, ""move_vy"": 0.0, ""kick_power"": 0.9, ""kick_dir"": [0.12228248453278273, -0.9924952753029048]}, {""move_vx"": 0.0, ""move_vy"": -6.0, ""kick_power"": 0.0, ""kick_dir"": null}, {""move_vx"": 5.690343263379668, ""move_vy"": 1.902628062683203, ""kick_power"": 0.0, ""kick_dir"": null}, {""move_vx"": 5.0, ""move_vy"": 0.0, ""kick_power"": 0.0, ""kick_dir"": null}, {""move_vx"": -0.0, ""move_vy"": 0.0, ""kick_power"": 0.0, ""kick_dir"": null}, {""move_vx"": -5.4, ""move_vy"": 0.0, ""kick_power"": 0.0, ""kick_dir"": null}, {""move_vx"": -5.381902988566411, ""move_vy"": 0.4417241465665358, ""kick_power"": 0.0, ""kick_dir"": null}, {""move_vx"": -0.0, ""move_vy"": 0.0, ""kick_power"": 0.9, ""kick_dir"": [-0.9853346213653968, 0.17063304228024878]}, {""move_vx"": -5.902477474800775, ""move_vy"": 2.2024440195994717, ""kick_power"": 0.0, ""kick_dir"": null}, {""move_vx"": -7.499942965314048, ""move_vy"": -0.029249222832688798, ""kick_power"": 0.0, ""kick_dir"": null}, {""move_vx"": -4.242640687119285, ""move_vy"": -4.242640687119285, ""kick_power"": 0.0, ""kick_dir"": null}, {""move_vx"": -4.525483399593904, ""move_vy"": -4.525483399593904, ""kick_power"": 0.0, ""kick_dir"": null}, {""move_vx"": -5.399971173975266, ""move_vy"": -0.01764426921683227, ""kick_power"": 0.0, ""kick_dir"": null}, {""move_vx"": -4.8870159845043455, ""move_vy"": -3.0487169050600667, ""kick_power"": 0.0, ""kick_dir"": null}]"
2207,53,default,default,0,33.81872493422735,37.61050182826628,20,B,,0.077052214456448,-0.012001418823443225,0.38923459349485307,"[{""move_vx"": 0.0, ""move_vy"": 5.0, ""kick_power"": 0.0, ""kick_dir"": null}, {""move_vx"": -4.1012193308819755, ""move_vy"": -4.1012193308819755, ""kick_power"": 0.0, ""kick_dir"": null}, {""move_vx"": 1.07986752448793, ""move_vy"": 6.38938855678353, ""kick_power"": 0.0, ""kick_dir"": null}, {""move_vx"": 5.947836930825713, ""move_vy"": -2.571699018996151, ""kick_power"": 0.0, ""kick_dir"": null}, {""move_vx"": 1.996642746370879, ""move_vy"": -6.667459616927916, ""kick_power"": 0.0, ""kick_dir"": null}, {""move_vx"": 4.313351365237939, ""move_vy"": 4.313351365237939, ""kick_power"": 0.0, ""kick_dir"": null}, {""move_vx"": 0.0, ""move_vy"": 0.0, ""kick_power"": 0.4, ""kick_dir"": [0.9969471652162141, -0.07807894211278263]}, {""move_vx"": 4.242640687119285, ""move_vy"": 4.242640687119285, ""kick_power"": 0.0, ""kick_dir"": null}, {""move_vx"": 0.0, ""move_vy"": 0.0, ""kick_power"": 0.9, ""kick_dir"": [0.1461832416212159, -0.9892574674106841]}, {""move_vx"": 0.0, ""move_vy"": 6.0, ""kick_power"": 0.0, ""kick_dir"": null}, {""move_vx"": 0.0, ""move_vy"": 0.0, ""kick_power"": 0.0, ""kick_dir"": null}, {""move_vx"": 5.0, ""move_vy"": 0.0, ""kick_power"": 0.0, ""kick_dir"": null}, {""move_vx"": -0.0, ""move_vy"": 0.0, ""kick_power"": 0.0, ""kick_dir"": null}, {""move_vx"": -5.4, ""move_vy"": 0.0, ""kick_power"": 0.0, ""kick_dir"": null}, {""move_vx"": -5.381902988566411, ""move_vy"": 0.44172414656653525, ""kick_power"": 0.0, ""kick_dir"": null}, {""move_vx"": -0.0, ""move_vy"": 0.0, ""kick_power"": 0.9, ""kick_dir"": [-0.9847260587186691, 0.17411071231816455]}, {""move_vx"": -5.920316699835345, ""move_vy"": 2.154031145004811, ""kick_power"": 0.0, ""kick_dir"": null}, {""move_vx"": -7.499942965314049, ""move_vy"": -0.02924922283268788, ""kick_power"": 0.0, ""kick_dir"": null}, {""move_vx"": -4.242640687119285, ""move_vy"": -4.242640687119285, ""kick_power"": 0.0, ""kick_dir"": null}, {""move_vx"": -8.259942281442543, ""move_vy"": 0.9978744947325593, ""kick_power"": 0.0, ""kick_dir"": null}, {""move_vx"": -5.399971173975266, ""move_vy"": -0.0176442692168317, ""kick_power"": 0.0, ""kick_dir"": null}, {""move_vx"": -4.932972293897215, ""move_vy"": -2.973782834647219, ""kick_power"": 0.0, ""kick_dir"": null}]"
2207,54,default,default,0,33.458726855962325,37.60932554365182,20,B,,0.07781623658795554,-0.026294125003237384,0.39118230019451045,"[{""move_vx"": 0.0, ""move_vy"": 5.0, ""kick_power"": 0.0, ""kick_dir"": null}, {""move_vx"": 3.4962026565868043, ""move_vy"": 3.4758404716090427, ""kick_power"": 0.0, ""kick_dir"": null}, {""move_vx"": 2.970931629458943, ""move_vy"": 4.182160357169538, ""kick_power"": 0.0, ""kick_dir"": null}, {""move_vx"": 0.0, ""move_vy"": 0.0, ""kick_power"": 0.9, ""kick_dir"": [-0.1526257886419701, 0.9882837958537752]}, {""move_vx"": 0.0, ""move_vy"": 0.0, ""kick_power"": 0.0, ""kick_dir"": null}, {""move_vx"": -1.8190769616602451, ""move_vy"": -4.855428303204252, ""kick_power"": 0.0, ""kick_dir"": null}, {""move_vx"": 0.0, ""move_vy"": 0.0, ""kick_power"": 0.4, ""kick_dir"": [0.9969471652162141, -0.07807894211278263]}, {""move_vx"": 4.242640687119285, ""move_vy"": 4.242640687119285, ""kick_power"": 0.0, ""kick_dir"": null}, {""move_vx"": 0.0, ""move_vy"": 0.0, ""kick_power"": 0.9, ""kick_dir"": [0.1461832416212159, -0.9892574674106841]}, {""move_vx"": 0.0, ""move_vy"": -6.0, ""kick_power"": 0.0, ""kick_dir"": null}, {""move_vx"": 0.0, ""move_vy"": 0.0, ""kick_power"": 0.0, ""kick_dir"": null}, {""move_vx"": 5.0, ""move_vy"": 0.0, ""kick_power"": 0.0, ""kick_dir"": null}, {""move_vx"": -0.0, ""move_vy"": 0.0, ""kick_power"": 0.0, ""kick_dir"": null}, {""move_vx"": -4.927987113139168, ""move_vy"": 2.2079273114698075, ""kick_power"": 0.0, ""kick_dir"": null}, {""move_vx"": -5.381902988566411, ""move_vy"": 0.44172414656653586, ""kick_power"": 0.0, ""kick_dir"": null}, {""move_vx"": -0.0, ""move_vy"": 0.0, ""kick_power"": 0.9, ""kick_dir"": [-0.9840969994206594, 0.17763177158315446]}, {""move_vx"": -5.937472754942065, ""move_vy"": 2.106280438194471, ""kick_power"": 0.0, ""kick_dir"": null}, {""move_vx"": -7.499942965314049, ""move_vy"": -0.029249222832686946, ""kick_power"": 0.0, ""kick_dir"": null}, {""move_vx"": -4.242640687119285, ""move_vy"": -4.242640687119285, ""kick_power"": 0.0, ""kick_dir"": null}, {""move_vx"": -8.259942281442544, ""move_vy"": 0.9978744947325602, ""kick_power"": 0.0, ""kick_dir"": null}, {""move_vx"": -5.399971173975265, ""move_vy"": -0.017644269216831137, ""kick_power"": 0.0, ""kick_dir"": null}, {""move_vx"": -4.976941887065833, ""move_vy"": -2.89959470491474, ""kick_power"": 0.0, ""kick_dir"": null}]"
2207,55,default,default,0,33.0987287776973,37.60814925903736,20,B,,0.07851446061461895,-0.026043749158639613,0.3950115228274429,"[{""move_vx"": 0.0, ""move_vy"": 5.0, ""kick_power"": 0.0, ""kick_dir"": null}, {""move_vx"": -4.1012193308819755, ""move_vy"": -4.1012193308819755, ""kick_power"": 0.0, ""kick_dir"": null}, {""move_vx"": 0.0, ""move_vy"": 0.0, ""kick_power"": 0.0, ""kick_dir"": null}, {""move_vx"": 0.0, ""move_vy"": 0.0, ""kick_power"": 0.9, ""kick_dir"": [-0.10389637512195626, 0.99458785951603]}, {""move_vx"": 1.22721562697476, ""move_vy"": -6.850951890424348, ""kick_power"": 0.0, ""kick_dir"": null}, {""move_vx"": 4.313351365237939, ""move_vy"": 4.313351365237939, ""kick_power"": 0.0, ""kick_dir"": null}, {""move_vx"": 0.0, ""move_vy"": 0.0, ""kick_power"": 0.4, ""kick_dir"": [0.9969471652162141, -0.07807894211278263]}, {""move_vx"": 4.242640687119285, ""move_vy"": 4.242640687119285, ""kick_power"": 0.0, ""kick_dir"": null}, {""move_vx"": 0.0, ""move_vy"": 0.0, ""kick_power"": 0.9, ""kick_dir"": [0.1461832416212159, -0.9892574674106841]}, {""move_vx"": 0.0, ""move_vy"": 6.0, ""kick_power"": 0.0, ""kick_dir"": null}, {""move_vx"": 0.0, ""move_vy"": 0.0, ""kick_power"": 0.0, ""kick_dir"": null}, {""move_vx"": 5.0, ""move_vy"": 0.0, ""kick_power"": 0.0, ""kick_dir"": null}, {""move_vx"": -5.780005229240849, ""move_vy"": -0.48118556706166077, ""kick_power"": 0.0, ""kick_dir"": null}, {""move_vx"": -6.745989628599982, ""move_vy"": 1.9421699026659556, ""kick_power"": 0.0, ""kick_dir"": null}, {""move_vx"": -5.381902988566411, ""move_vy"": 0.4417241465665353, ""kick_power"": 0.0, ""kick_dir"": null}, {""move_vx"": -0.0, ""move_vy"": 0.0, ""kick_power"": 0.9, ""kick_dir"": [-0.9834468108741358, 0.18119691057926887]}, {""move_vx"": -5.953965042926165, ""move_vy"": 2.0591989383285028, ""kick_power"": 0.0, ""kick_dir"": null}, {""move_vx"": -7.499942965314048, ""move_vy"": -0.029249222832685988, ""kick_power"": 0.0, ""kick_dir"": null}, {""move_vx"": -4.242640687119285, ""move_vy"": -4.242640687119285, ""kick_power"": 0.0, ""kick_dir"": null}, {""move_vx"": -8.259942281442543, ""move_vy"": 0.9978744947325612, ""kick_power"": 0.0, ""kick_dir"": null}, {""move_vx"": -5.399971173975266, ""move_vy"": -0.01764426921683054, ""kick_power"": 0.0, ""kick_dir"": null}, {""move_vx"": -5.018971213012861, ""move_vy"": -2.826221499272168, ""kick_power"": 0.0, ""kick_dir"": null}]"
2207,56,default,default,0,32.73873069943228,37.6069729744229,20,B,,0.07914568380756938,-0.0332946517548228,0.39475331990519336,"[{""move_vx"": 0.0, ""move_vy"": 5.0, ""kick_power"": 0.0, ""kick_dir"": null}, {""move_vx"": -4.1012193308819755, ""move_vy"": -4.1012193308819755, ""kick_power"": 0.0, ""kick_dir"": null}, {""move_vx"": 5.245021485978113, ""move_vy"": -1.284425790627059, ""kick_power"": 0.0, ""kick_dir"": null}, {""move_vx"": 0.0, ""move_vy"": 0.0, ""kick_power"": 0.9, ""kick_dir"": [-0.049881214199366614, 0.9987548773193128]}, {""move_vx"": 0.8970337895027415, ""move_vy"": -6.901951200964141, ""kick_power"": 0.0, ""kick_dir"": null}, {""move_vx"": -2.658506151449663, ""move_vy"": -4.451580622959029, ""kick_power"": 0.0, ""kick_dir"": null}, {""move_vx"": 0.0, ""move_vy"": 0.0, ""kick_power"": 0.4, ""kick_dir"": [0.9969471652162141, -0.07807894211278263]}, {""move_vx"": 4.242640687119285, ""move_vy"": 4.242640687119285, ""kick_power"": 0.0, ""kick_dir"": null}, {""move_vx"": 0.0, ""move_vy"": 0.0, ""kick_power"": 0.9, ""kick_dir"": [0.1461832416212159, -0.9892574674106841]}, {""move_vx"": 0.0, ""move_vy"": -6.0, ""kick_power"": 0.0, ""kick_dir"": null}, {""move_vx"": 0.0, ""move_vy"": 0.0, ""kick_power"": 0.0, ""kick_dir"": null}, {""move_vx"": 5.0, ""move_vy"": 0.0, ""kick_power"": 0.0, ""kick_dir"": null}, {""move_vx"": -0.0, ""move_vy"": 0.0, ""kick_power"": 0.0, ""kick_dir"": null}, {""move_vx"": -5.4, ""move_vy"": 0.0, ""kick_power"": 0.0, ""kick_dir"": null}, {""move_vx"": -5.381902988566411, ""move_vy"": 0.4417241465665359, ""kick_power"": 0.0, ""kick_dir"": null}, {""move_vx"": -0.0, ""move_vy"": 0.0, ""kick_power"": 0.9, ""kick_dir"": [-0.9827748392229515, 0.18480683235799336]}, {""move_vx"": -5.969812836755856, ""move_vy"": 2.0127927598501083, ""kick_power"": 0.0, ""kick_dir"": null}, {""move_vx"": -7.499942965314049, ""move_vy"": -0.029249222832685006, ""kick_power"": 0.0, ""kick_dir"": null}, {""move_vx"": -4.242640687119285, ""move_vy"": -4.242640687119285, ""kick_power"": 0.0, ""kick_dir"": null}, {""move_vx"": -8.259942281442543, ""move_vy"": 0.9978744947325622, ""kick_power"": 0.0, ""kick_dir"": null}, {""move_vx"": -5.399971173975266, ""move_vy"": -0.017644269216829957, ""kick_power"": 0.0, ""kick_dir"": null}, {""move_vx"": -5.059109392387046, ""move_vy"": -2.7537269573908714, ""kick_power"": 0.0, ""kick_dir"": null}]"
2207,57,default,default,0,32.37873262116726,37.60579668980844,20,B,,0.07970871847311096,-0.027802442418360294,0.38775676847503754,"[{""move_vx"": 0.0, ""move_vy"": 5.0, ""kick_power"": 0.0, ""kick_dir"": null}, {""move_vx"": -4.1012193308819755, ""move_vy"": -4.1012193308819755, ""kick_power"": 0.0, ""kick_dir"": null}, {""move_vx"": 0.0, ""move_vy"": 0.0, ""kick_power"": 0.0, ""kick_dir"": null}, {""move_vx"": 0.0, ""move_vy"": 0.0, ""kick_power"": 0.9, ""kick_dir"": [0.009768468120179447, 0.9999519939390963]}, {""move_vx"": 0.53798550633704, ""move_vy"": -6.939176579030921, ""kick_power"": 0.0, ""kick_dir"": null}, {""move_vx"": 4.313351365237939, ""move_vy"": 4.313351365237939, ""kick_power"": 0.0, ""kick_dir"": null}, {""move_vx"": 0.0, ""move_vy"": 0.0, ""kick_power"": 0.4, ""kick_dir"": [0.9969471652162141, -0.07807894211278263]}, {""move_vx"": 4.242640687119285, ""move_vy"": 4.242640687119285, ""kick_power"": 0.0, ""kick_dir"": null}, {""move_vx"": 0.0, ""move_vy"": 0.0, ""kick_power"": 0.9, ""kick_dir"": [0.1461832416212159, -0.9892574674106841]}, {""move_vx"": 0.0, ""move_vy"": 6.0, ""kick_power"": 0.0, ""kick_dir"": null}, {""move_vx"": 0.0, ""move_vy"": 0.0, ""kick_power"": 0.0, ""kick_dir"": null}, {""move_vx"": 5.0, ""move_vy"": 0.0, ""kick_power"": 0.0, ""kick_dir"": null}, {""move_vx"": -0.0, ""move_vy"": 0.0, ""kick_power"": 0.0, ""kick_dir"": null}, {""move_vx"": -5.4, ""move_vy"": 0.0, ""kick_power"": 0.0, ""kick_dir"": null}, {""move_vx"": -5.381902988566411, ""move_vy"": 0.4417241465665353, ""kick_power"": 0.0, ""kick_dir"": null}, {""move_vx"": -0.0, ""move_vy"": 0.0, ""kick_power"": 0.9, ""kick_dir"": [-0.9820804084769076, 0.1884622531225947]}, {""move_vx"": -5.9850352486777805, ""move_vy"": 1.9670671244480986, ""kick_power"": 0.0, ""kick_dir"": null}, {""move_vx"": -7.499942965314048, ""move_vy"": -0.029249222832684003, ""kick_power"": 0.0, ""kick_dir"": null}, {""move_vx"": -4.242640687119285, ""move_vy"": -4.242640687119285, ""kick_power"": 0.0, ""kick_dir"": null}, {""move_vx"": 6.4, ""move_vy"": 0.0, ""kick_power"": 0.0, ""kick_dir"": null}, {""move_vx"": -5.399971173975265, ""move_vy"": -0.01764426921682933, ""kick_power"": 0.0, ""kick_dir"": null}, {""move_vx"": -5.097407800764267, ""move_vy"": -2.682169590594078, ""kick_power"": 0.0, ""kick_dir"": null}]"
2207,58,default,default,0,32.271622637089074,38.314863945352414,20,B,,0.08143189343421699,-0.0144767063369632,0.40470362264232357,"[{""move_vx"": 0.0, ""move_vy"": 5.0, ""kick_power"": 0.0, ""kick_dir"": null}, {""move_vx"": -4.1012193308819755, ""move_vy"": -4.1012193308819755, ""kick_power"": 0.0, ""kick_dir"": null}, {""move_vx"": 5.247577738303243, ""move_vy"": -1.2739418669877467, ""kick_power"": 0.0, ""kick_dir"": null}, {""move_vx"": 0.0, ""move_vy"": 0.0, ""kick_power"": 0.9, ""kick_dir"": [0.07524024423582633, 0.9971651273354414]}, {""move_vx"": 0.14836689359700253, ""move_vy"": -6.958418445658782, ""kick_power"": 0.0, ""kick_dir"": null}, {""move_vx"": -2.9434094721518274, ""move_vy"": -4.268555455800814, ""kick_power"": 0.0, ""kick_dir"": null}, {""move_vx"": 5.906602853387014, ""move_vy"": 1.054534367557733, ""kick_power"": 0.0, ""kick_dir"": null}, {""move_vx"": 4.242640687119285, ""move_vy"": 4.242640687119285, ""kick_power"": 0.0, ""kick_dir"": null}, {""move_vx"": 0.0, ""move_vy"": 0.0, ""kick_power"": 0.9, ""kick_dir"": [0.1461832416212159, -0.9892574674106841]}, {""move_vx"": 0.0, ""move_vy"": -6.0, ""kick_power"": 0.0, ""kick_dir"": null}, {""move_vx"": 0.0, ""move_vy"": 0.0, ""kick_power"": 0.0, ""kick_dir"": null}, {""move_vx"": 5.0, ""move_vy"": 0.0, ""kick_power"": 0.0, ""kick_dir"": null}, {""move_vx"": -0.0, ""move_vy"": 0.0, ""kick_power"": 0.0, ""kick_dir"": null}, {""move_vx"": -5.4, ""move_vy"": 0.0, ""kick_power"": 0.0, ""kick_dir"": null}, {""move_vx"": -5.381902988566411, ""move_vy"": 0.4417241465665361, ""kick_power"": 0.0, ""kick_dir"": null}, {""move_vx"": -0.0, ""move_vy"": 0.0, ""kick_power"": 0.9, ""kick_dir"": [-0.9813628195606594, 0.1921639030017173]}, {""move_vx"": -5.999651201725341, ""move_vy"": 1.9220263935845594, ""kick_power"": 0.0, ""kick_dir"": null}, {""move_vx"": -7.499942965314048, ""move_vy"": -0.02924922283268298, ""kick_power"": 0.0, ""kick_dir"": null}, {""move_vx"": -7.49964858837966, ""move_vy"": -0.07260200283022972, ""kick_power"": 0.0, ""kick_dir"": null}, {""move_vx"": -8.261146568902332, ""move_vy"": 0.9878549322209494, ""kick_power"": 0.0, ""kick_dir"": null}, {""move_vx"": -4.242640687119285, ""move_vy"": 4.242640687119285, ""kick_power"": 0.0, ""kick_dir"": null}, {""move_vx"": -5.1339196685103925, ""move_vy"": -2.6116027334344225, ""kick_power"": 0.0, ""kick_dir"": null}]"
2207,59,default,default,0,31.73588720169938,37.891575645377614,20,B,,0.08139076422013214,-0.0500649805068489,0.3973895863357146,"[{""move_vx"": 0.0, ""move_vy"": 5.0, ""kick_power"": 0.0, ""kick_dir"": null}, {""move_vx"": -4.1012193308819755, ""move_vy"": -4.1012193308819755, ""kick_power"": 0.0, ""kick_dir"": null}, {""move_vx"": 0.0, ""move_vy"": 0.0, ""kick_power"": 0.0, ""kick_dir"": null}, {""move_vx"": 0.0, ""move_vy"": 0.0, ""kick_power"": 0.9, ""kick_dir"": [0.226092015738684, 0.9741056280495097]}, {""move_vx"": -4.1012193308819755, ""move_vy"": 4.1012193308819755, ""kick_power"": 0.0, ""kick_dir"": null}, {""move_vx"": 4.313351365237939, ""move_vy"": 4.313351365237939, ""kick_power"": 0.0, ""kick_dir"": null}, {""move_vx"": 0.0, ""move_vy"": 0.0, ""kick_power"": 0.4, ""kick_dir"": [0.9968886381031432, -0.07882267787160813]}, {""move_vx"": 4.242640687119285, ""move_vy"": 4.242640687119285, ""kick_power"": 0.0, ""kick_dir"": null}, {""move_vx"": 0.0, ""move_vy"": 0.0, ""kick_power"": 0.9, ""kick_dir"": [0.1461832416212159, -0.9892574674106841]}, {""move_vx"": 0.0, ""move_vy"": 6.0, ""kick_power"": 0.0, ""kick_dir"": null}, {""move_vx"": 0.0, ""move_vy"": 0.0, ""kick_power"": 0.0, ""kick_dir"": null}, {""move_vx"": 5.0, ""move_vy"": 0.0, ""kick_power"": 0.0, ""kick_dir"": null}, {""move_vx"": -0.0, ""move_vy"": 0.0, ""kick_power"": 0.0, ""kick_dir"": null}, {""move_vx"": -6.7055476885992285, ""move_vy"": 2.077505763150019, ""kick_power"": 0.0, ""kick_dir"": null}, {""move_vx"": -5.381902988566412, ""move_vy"": 0.44172414656653547, ""kick_power"": 0.0, ""kick_dir"": null}, {""move_vx"": -0.0, ""move_vy"": 0.0, ""kick_power"": 0.9, ""kick_dir"": [-0.9806502868028907, 0.195767627265484]}, {""move_vx"": -5.911901493820384, ""move_vy"": 2.1770210672761805, ""kick_power"": 0.0, ""kick_dir"": null}, {""move_vx"": -7.499942965314049, ""move_vy"": -0.029249222832681936, ""kick_power"": 0.0, ""kick_dir"": null}, {""move_vx"": -4.242640687119285, ""move_vy"": -4.242640687119285, ""kick_power"": 0.0, ""kick_dir"": null}, {""move_vx"": -8.26114656890233, ""move_vy"": 0.9878549322209494, ""kick_power"": 0.0, ""kick_dir"": null}, {""move_vx"": -5.399997210571658, ""move_vy"": 0.005488699146316165, ""kick_power"": 0.0, ""kick_dir"": null}, {""move_vx"": -5.279619761630106, ""move_vy"": -2.3028710716418463, ""kick_power"": 0.0, ""kick_dir"": null}]"
2207,60,default,default,0,31.62878011057635,38.59807257110346,20,B,,0.0831616753346934,-0.008264910723596435,0.40819838030430255,"[{""move_vx"": 0.0, ""move_vy"": 5.0, ""kick_power"": 0.0, ""kick_dir"": null}, {""move_vx"": -4.1012193308819755, ""move_vy"": -4.1012193308819755, ""kick_power"": 0.0, ""kick_dir"": null}, {""move_vx"": 5.249967687298237, ""move_vy"": -1.2640566768639792, ""kick_power"": 0.0, ""kick_dir"": null}, {""move_vx"": 0.0, ""move_vy"": 0.0, ""kick_power"": 0.9, ""kick_dir"": [0.2840956087273391, 0.9587956131180201]}, {""move_vx"": -0.5055526364268231, ""move_vy"": -6.941614836030727, ""kick_power"": 0.0, ""kick_dir"": null}, {""move_vx"": 4.313351365237939, ""move_vy"": 4.313351365237939, ""kick_power"": 0.0, ""kick_dir"": null}, {""move_vx"": -4.242640687119285, ""move_vy"": -4.242640687119285, ""kick_power"": 0.0, ""kick_dir"": null}, {""move_vx"": 4.242640687119285, ""move_vy"": 4.242640687119285, ""kick_power"": 0.0, ""kick_dir"": null}, {""move_vx"": 0.0, ""move_vy"": 0.0, ""kick_power"": 0.9, ""kick_dir"": [-0.12900381566623279, -0.991644036747267]}, {""move_vx"": 0.0, ""move_vy"": -6.0, ""kick_power"": 0.0, ""kick_dir"": null}, {""move_vx"": 0.0, ""move_vy"": 0.0, ""kick_power"": 0.0, ""kick_dir"": null}, {""move_vx"": 5.0, ""move_vy"": 0.0, ""kick_power"": 0.0, ""kick_dir"": null}, {""move_vx"": -0.0, ""move_vy"": 0.0, ""kick_power"": 0.0, ""kick_dir"": null}, {""move_vx"": -6.740893941145036, ""move_vy"": 1.9597828640525816, ""kick_power"": 0.0, ""kick_dir"": null}, {""move_vx"": -5.381902988566411, ""move_vy"": 0.4417241465665361, ""kick_power"": 0.0, ""kick_dir"": null}, {""move_vx"": -0.0, ""move_vy"": 0.0, ""kick_power"": 0.9, ""kick_dir"": [-0.9799355822080348, 0.19931433281704125]}, {""move_vx"": -5.992148333742656, ""move_vy"": 1.9452913268775749, ""kick_power"": 0.0, ""kick_dir"": null}, {""move_vx"": -7.499942965314048, ""move_vy"": -0.029249222832680864, ""kick_power"": 0.0, ""kick_dir"": null}, {""move_vx"": -7.4996449944269665, ""move_vy"": -0.0729723068468004, ""kick_power"": 0.0, ""kick_dir"": null}, {""move_vx"": -8.26114656890233, ""move_vy"": 0.9878549322209494, ""kick_power"": 0.0, ""kick_dir"": null}, {""move_vx"": -4.242640687119285, ""move_vy"": 4.242640687119285, ""kick_power"": 0.0, ""kick_dir"": null}, {""move_vx"": -5.245025708663027, ""move_vy"": -2.380610282146979, ""kick_power"": 0.0, ""kick_dir"": null}]"
2207,61,default,default,0,31.093072516539944,38.16643241127279,20,B,,0.0854458611511993,-0.05011071637872955,0.40132821413104763,"[{""move_vx"": 0.0, ""move_vy"": 0.0, ""kick_power"": 0.7, ""kick_dir"": [0.9582704041542139, -0.28586324380254663]}, {""move_vx"": -4.1012193308819755, ""move_vy"": -4.1012193308819755, ""kick_power"": 0.0, ""kick_dir"": null}, {""move_vx"": 0.0, ""move_vy"": 0.0, ""kick_power"": 0.0, ""kick_dir"": null}, {""move_vx"": -3.8183766184073566, ""move_vy"": 3.8183766184073566, ""kick_power"": 0.0, ""kick_dir"": null}, {""move_vx"": -4.1012193308819755, ""move_vy"": 4.1012193308819755, ""kick_power"": 0.0, ""kick_dir"": null}, {""move_vx"": 4.313351365237939, ""move_vy"": 4.313351365237939, ""kick_power"": 0.0, ""kick_dir"": null}, {""move_vx"": 0.0, ""move_vy"": 0.0, ""kick_power"": 0.4, ""kick_dir"": [0.9972599181578136, -0.0739772065915295]}, {""move_vx"": 4.242640687119285, ""move_vy"": 4.242640687119285, ""kick_power"": 0.0, ""kick_dir"": null}, {""move_vx"": 0.0, ""move_vy"": 0.0, ""kick_power"": 0.9, ""kick_dir"": [-0.126006168713979, -0.9920293989119575]}, {""move_vx"": 0.0, ""move_vy"": 6.0, ""kick_power"": 0.0, ""kick_dir"": null}, {""move_vx"": 0.0, ""move_vy"": 0.0, ""kick_power"": 0.0, ""kick_dir"": null}, {""move_vx"": 5.0, ""move_vy"": 0.0, ""kick_power"": 0.0, ""kick_dir"": null}, {""move_vx"": -0.0, ""move_vy"": 0.0, ""kick_power"": 0.0, ""kick_dir"": null}, {""move_vx"": -6.6997758710205355, ""move_vy"": 2.0960446746410333, ""kick_power"": 0.0, ""kick_dir"": null}, {""move_vx"": -5.381902988566411, ""move_vy"": 0.44172414656653547, ""kick_power"": 0.0, ""kick_dir"": null}, {""move_vx"": -0.0, ""move_vy"": 0.0, ""kick_power"": 0.9, ""kick_dir"": [-0.9792099687653303, 0.20284916874522335]}, {""move_vx"": -5.9030780644474135, ""move_vy"": 2.200833788599173, ""kick_power"": 0.0, ""kick_dir"": null}, {""move_vx"": -7.499942965314048, ""move_vy"": -0.029249222832679767, ""kick_power"": 0.0, ""kick_dir"": null}, {""move_vx"": -4.242640687119285, ""move_vy"": -4.242640687119285, ""kick_power"": 0.0, ""kick_dir"": null}, {""move_vx"": -8.26114656890233, ""move_vy"": 0.9878549322209494, ""kick_power"": 0.0, ""kick_dir"": null}, {""move_vx"": -5.399840602959399, ""move_vy"": -0.0414905125429722, ""kick_power"": 0.0, ""kick_dir"": null}, {""move_vx"": -5.381194522902199, ""move_vy"": -2.054347951708129, ""kick_power"": 0.0, ""kick_dir"": null}]"
2207,62,default,default,0,30.98594802457111,38.87814924940855,20,B,,0.08725768943358482,-0.0005748434050162378,0.40517914616539413,"[{""move_vx"": 0.0, ""move_vy"": 5.0, ""kick_power"": 0.0, ""kick_dir"": null}, {""move_vx"": 0.0, ""move_vy"": 0.0, ""kick_power"": 0.0, ""kick_dir"": null}, {""move_vx"": 5.252221375873061, ""move_vy"": -1.254659562918201, ""kick_power"": 0.0, ""kick_dir"": null}, {""move_vx"": 0.0, ""move_vy"": 0.0, ""kick_power"": 0.9, ""kick_dir"": [0.4268712527201186, 0.9043119576799431]}, {""move_vx"": 2.274145811065424, ""move_vy"": -5.018800736233068, ""kick_power"": 0.0, ""kick_dir"": null}, {""move_vx"": 4.313351365237939, ""move_vy"": 4.313351365237939, ""kick_power"": 0.0, ""kick_dir"": null}, {""move_vx"": -4.242640687119285, ""move_vy"": -4.242640687119285, ""kick_power"": 0.0, ""kick_dir"": null}, {""move_vx"": 4.242640687119285, ""move_vy"": 4.242640687119285, ""kick_power"": 0.0, ""kick_dir"": null}, {""move_vx"": 0.0, ""move_vy"": 0.0, ""kick_power"": 0.9, ""kick_dir"": [-0.12900381566623279, -0.991644036747267]}, {""move_vx"": 0.0, ""move_vy"": -6.0, ""kick_power"": 0.0, ""kick_dir"": null}, {""move_vx"": 0.0, ""move_vy"": 0.0, ""kick_power"": 0.0, ""kick_dir"": null}, {""move_vx"": 5.0, ""move_vy"": 0.0, ""kick_power"": 0.0, ""kick_dir"": null}, {""move_vx"": -0.0, ""move_vy"": 0.0, ""kick_power"": 0.0, ""kick_dir"": null}, {""move_vx"": -6.736269560199475, ""move_vy"": 1.9756195008983835, ""kick_power"": 0.0, ""kick_dir"": null}, {""move_vx"": -5.381902988566411, ""move_vy"": 0.44172414656653614, ""kick_power"": 0.0, ""kick_dir"": null}, {""move_vx"": -0.0, ""move_vy"": 0.0, ""kick_power"": 0.9, ""kick_dir"": [-0.97848716509511, 0.2063075751707314]}, {""move_vx"": -5.986226834254542, ""move_vy"": 1.9634378749659618, ""kick_power"": 0.0, ""kick_dir"": null}, {""move_vx"": -7.499942965314049, ""move_vy"": -0.029249222832678647, ""kick_power"": 0.0, ""kick_dir"": null}, {""move_vx"": -7.499641311595145, ""move_vy"": -0.07334982900770508, ""kick_power"": 0.0, ""kick_dir"": null}, {""move_vx"": -0.0, ""move_vy"": 6.4, ""kick_power"": 0.0, ""kick_dir"": null}, {""move_vx"": -4.242640687119285, ""move_vy"": 4.242640687119285, ""kick_power"": 0.0, ""kick_dir"": null}, {""move_vx"": -5.342305167970884, ""move_vy"": -2.1534566381219737, ""kick_power"": 0.0, ""kick_dir"": null}]"
2207,63,default,default,0,30.70310531209649,39.16099196188317,20,B,,0.09089192681849918,-0.02320898313297869,0.39435387518626264,"[{""move_vx"": 0.0, ""move_vy"": 0.0, ""kick_power"": 0.7, ""kick_dir"": [0.9575684160581578, -0.288205985766526]}, {""move_vx"": -4.1012193308819755, ""move_vy"": -4.1012193308819755, ""kick_power"": 0.0, ""kick_dir"": null}, {""move_vx"": 0.0, ""move_vy"": 0.0, ""kick_power"": 0.0, ""kick_dir"": null}, {""move_vx"": 0.0, ""move_vy"": 0.0, ""kick_power"": 0.9, ""kick_dir"": [0.48199877461659807, 0.8761713239943079]}, {""move_vx"": -4.1012193308819755, ""move_vy"": 4.1012193308819755, ""kick_power"": 0.0, ""kick_dir"": null}, {""move_vx"": 4.313351365237939, ""move_vy"": 4.313351365237939, ""kick_power"": 0.0, ""kick_dir"": null}, {""move_vx"": -4.242640687119285, ""move_vy"": -4.242640687119285, ""kick_power"": 0.0, ""kick_dir"": null}, {""move_vx"": 4.242640687119285, ""move_vy"": 4.242640687119285, ""kick_power"": 0.0, ""kick_dir"": null}, {""move_vx"": 0.0, ""move_vy"": 0.0, ""kick_power"": 0.9, ""kick_dir"": [-0.126006168713979, -0.9920293989119575]}, {""move_vx"": 0.0, ""move_vy"": 6.0, ""kick_power"": 0.0, ""kick_dir"": null}, {""move_vx"": 0.0, ""move_vy"": 0.0, ""kick_power"": 0.0, ""kick_dir"": null}, {""move_vx"": 5.0, ""move_vy"": 0.0, ""kick_power"": 0.0, ""kick_dir"": null}, {""move_vx"": -0.0, ""move_vy"": 0.0, ""kick_power"": 0.0, ""kick_dir"": null}, {""move_vx"": -6.694223274252306, ""move_vy"": 2.11371113316336, ""kick_power"": 0.0, ""kick_dir"": null}, {""move_vx"": -5.381902988566411, ""move_vy"": 0.4417241465665355, ""kick_power"": 0.0, ""kick_dir"": null}, {""move_vx"": -0.0, ""move_vy"": 0.0, ""kick_power"": 0.9, ""kick_dir"": [-0.9777582747824656, 0.20973484106225984]}, {""move_vx"": -5.894879261731189, ""move_vy"": 2.2227007197577358, ""kick_power"": 0.0, ""kick_dir"": null}, {""move_vx"": -7.499942965314048, ""move_vy"": -0.029249222832677495, ""kick_power"": 0.0, ""kick_dir"": null}, {""move_vx"": -4.242640687119285, ""move_vy"": -4.242640687119285, ""kick_power"": 0.0, ""kick_dir"": null}, {""move_vx"": 4.525483399593904, ""move_vy"": -4.525483399593904, ""kick_power"": 0.0, ""kick_dir"": null}, {""move_vx"": -4.242640687119285, ""move_vy"": 4.242640687119285, ""kick_power"": 0.0, ""kick_dir"": null}, {""move_vx"": -5.469046125836152, ""move_vy"": -1.8075216384532127, ""kick_power"": 0.0, ""kick_dir"": null}]"
2207,64,default,default,0,30.127369380808418,38.73672789317124,20,B,,0.09354152866869482,-0.04836501006489861,0.3951825089732707,"[{""move_vx"": 0.0, ""move_vy"": 0.0, ""kick_power"": 0.7, ""kick_dir"": [0.9586220982774334, -0.2846816367738966]}, {""move_vx"": -4.1012193308819755, ""move_vy"": -4.1012193308819755, ""kick_power"": 0.0, ""kick_dir"": null}, {""move_vx"": 0.0, ""move_vy"": 0.0, ""kick_power"": 0.0, ""kick_dir"": null}, {""move_vx"": 0.0, ""move_vy"": 0.0, ""kick_power"": 0.9, ""kick_dir"": [0.5578838636387919, 0.8299184265288991]}, {""move_vx"": -4.1012193308819755, ""move_vy"": 4.1012193308819755, ""kick_power"": 0.0, ""kick_dir"": null}, {""move_vx"": 4.313351365237939, ""move_vy"": 4.313351365237939, ""kick_power"": 0.0, ""kick_dir"": null}, {""move_vx"": -4.242640687119285, ""move_vy"": -4.242640687119285, ""kick_power"": 0.0, ""kick_dir"": null}, {""move_vx"": 5.518052812997698, ""move_vy"": -2.3560757952511198, ""kick_power"": 0.0, ""kick_dir"": null}, {""move_vx"": 0.0, ""move_vy"": 0.0, ""kick_power"": 0.9, ""kick_dir"": [-0.12900381566623279, -0.991644036747267]}, {""move_vx"": 0.0, ""move_vy"": -6.0, ""kick_power"": 0.0, ""kick_dir"": null}, {""move_vx"": 0.0, ""move_vy"": 0.0, ""kick_power"": 0.0, ""kick_dir"": null}, {""move_vx"": -0.0, ""move_vy"": -5.0, ""kick_power"": 0.0, ""kick_dir"": null}, {""move_vx"": -0.0, ""move_vy"": 0.0, ""kick_power"": 0.0, ""kick_dir"": null}, {""move_vx"": -6.681778672865894, ""move_vy"": 2.152727053491571, ""kick_power"": 0.0, ""kick_dir"": null}, {""move_vx"": -5.381902988566411, ""move_vy"": 0.4417241465665363, ""kick_power"": 0.0, ""kick_dir"": null}, {""move_vx"": -0.0, ""move_vy"": 0.0, ""kick_power"": 0.9, ""kick_dir"": [-0.9771013381119635, 0.21277434558080416]}, {""move_vx"": -5.869550416018381, ""move_vy"": 2.2887502952088195, ""kick_power"": 0.0, ""kick_dir"": null}, {""move_vx"": -7.499942965314048, ""move_vy"": -0.02924922283267632, ""kick_power"": 0.0, ""kick_dir"": null}, {""move_vx"": -4.242640687119285, ""move_vy"": -4.242640687119285, ""kick_power"": 0.0, ""kick_dir"": null}, {""move_vx"": -0.0, ""move_vy"": -6.4, ""kick_power"": 0.0, ""kick_dir"": null}, {""move_vx"": -6.0, ""move_vy"": 0.0, ""kick_power"": 0.0, ""kick_dir"": null}, {""move_vx"": -5.526084500751723, ""move_vy"": -1.624804631502381, ""kick_power"": 0.0, ""kick_dir"": null}]"
2207,65,default,default,0,30.020262599621873,39.44383467435779,20,B,,0.09774116911982149,-0.006860371125028113,0.4053504356541252,"[{""move_vx"": 0.0, ""move_vy"": 0.0, ""kick_power"": 0.7, ""kick_dir"": [0.959665046942727, -0.2811457971538046]}, {""move_vx"": -4.1012193308819755, ""move_vy"": -4.1012193308819755, ""kick_power"": 0.0, ""kick_dir"": null}, {""move_vx"": 0.0, ""move_vy"": 0.0, ""kick_power"": 0.0, ""kick_dir"": null}, {""move_vx"": 0.0, ""move_vy"": 0.0, ""kick_power"": 0.9, ""kick_dir"": [0.6461650957890285, 0.7631970053562221]}, {""move_vx"": -4.1012193308819755, ""move_vy"": 4.1012193308819755, ""kick_power"": 0.0, ""kick_dir"": null}, {""move_vx"": 4.313351365237939, ""move_vy"": 4.313351365237939, ""kick_power"": 0.0, ""kick_dir"": null}, {""move_vx"": -4.242640687119285, ""move_vy"": -4.242640687119285, ""kick_power"": 0.0, ""kick_dir"": null}, {""move_vx"": 0.0, ""move_vy"": 0.0, ""kick_power"": 0.0, ""kick_dir"": null}, {""move_vx"": 0.0, ""move_vy"": 0.0, ""kick_power"": 0.9, ""kick_dir"": [-0.126006168713979, -0.9920293989119575]}, {""move_vx"": 0.0, ""move_vy"": 0.0, ""kick_power"": 1.0, ""kick_dir"": [0.9987713452857893, -0.049555637008604304]}, {""move_vx"": 0.0, ""move_vy"": 0.0, ""kick_power"": 0.0, ""kick_dir"": null}, {""move_vx"": -0.0, ""move_vy"": 0.0, ""kick_power"": 0.9, ""kick_dir"": [-0.9970716125469369, 0.07647323061697285]}, {""move_vx"": -0.0, ""move_vy"": 0.0, ""kick_power"": 0.0, ""kick_dir"": null}, {""move_vx"": -5.4, ""move_vy"": 0.0, ""kick_power"": 0.0, ""kick_dir"": null}, {""move_vx"": -0.0, ""move_vy"": -5.4, ""kick_power"": 0.0, ""kick_dir"": null}, {""move_vx"": -5.603315363142915, ""move_vy"": -1.4976170876317425, ""kick_power"": 0.0, ""kick_dir"": null}, {""move_vx"": -5.9589388159513135, ""move_vy"": 2.0447611566510093, ""kick_power"": 0.0, ""kick_dir"": null}, {""move_vx"": -7.499942965314047, ""move_vy"": -0.029249222832675108, ""kick_power"": 0.0, ""kick_dir"": null}, {""move_vx"": -7.499606428059435, ""move_vy"": -0.07683374395144686, ""kick_power"": 0.0, ""kick_dir"": null}, {""move_vx"": -8.254505786869213, ""move_vy"": 1.0418897324298249, ""kick_power"": 0.0, ""kick_dir"": null}, {""move_vx"": -4.242640687119285, ""move_vy"": 4.242640687119285, ""kick_power"": 0.0, ""kick_dir"": null}, {""move_vx"": -0.0, ""move_vy"": 0.0, ""kick_power"": 1.0, ""kick_dir"": [-0.9936964413579468, -0.11210411921201534]}]"
2207,66,default,default,0,31.044526668333802,39.01957060564586,20,B,,0.08783525849274984,0.029070955473604207,0.44268183499053754,"[{""move_vx"": 0.0, ""move_vy"": 0.0, ""kick_power"": 0.7, ""kick_dir"": [0.9606971482091282, -0.27759854279671886]}, {""move_vx"": -4.1012193308819755, ""move_vy"": -4.1012193308819755, ""kick_power"": 0.0, ""kick_dir"": null}, {""move_vx"": 5.258394626833047, ""move_vy"": -1.2285299949506125, ""kick_power"": 0.0, ""kick_dir"": null}, {""move_vx"": 0.0, ""move_vy"": 0.0, ""kick_power"": 0.9, ""kick_dir"": [0.7443628255552749, 0.6677746505611885]}, {""move_vx"": -4.1012193308819755, ""move_vy"": 4.1012193308819755, ""kick_power"": 0.0, ""kick_dir"": null}, {""move_vx"": 4.762513666681584, ""move_vy"": 2.7310370877509387, ""kick_power"": 0.0, ""kick_dir"": null}, {""move_vx"": -4.242640687119285, ""move_vy"": -4.242640687119285, ""kick_power"": 0.0, ""kick_dir"": null}, {""move_vx"": 5.535304973731912, ""move_vy"": -2.315253516956352, ""kick_power"": 0.0, ""kick_dir"": null}, {""move_vx"": 0.0, ""move_vy"": 0.0, ""kick_power"": 0.9, ""kick_dir"": [-0.126006168713979, -0.9920293989119575]}, {""move_vx"": 0.0, ""move_vy"": -6.0, ""kick_power"": 0.0, ""kick_dir"": null}, {""move_vx"": -4.242640687119285, ""move_vy"": -4.242640687119285, ""kick_power"": 0.0, ""kick_dir"": null}, {""move_vx"": 5.0, ""move_vy"": 0.0, ""kick_power"": 0.0, ""kick_dir"": null}, {""move_vx"": -0.0, ""move_vy"": 0.0, ""kick_power"": 0.0, ""kick_dir"": null}, {""move_vx"": -5.4, ""move_vy"": 0.0, ""kick_power"": 0.0, ""kick_dir"": null}, {""move_vx"": -0.0, ""move_vy"": -5.4, ""kick_power"": 0.0, ""kick_dir"": null}, {""move_vx"": -0.0, ""move_vy"": 0.0, ""kick_power"": 0.9, ""kick_dir"": [-0.9753747550639866, 0.2205539239778256]}, {""move_vx"": -5.8643930767858174, ""move_vy"": 2.301932631713315, ""kick_power"": 0.0, ""kick_dir"": null}, {""move_vx"": -5.129608833633885, ""move_vy"": 2.4853798932769227, ""kick_power"": 0.0, ""kick_dir"": null}, {""move_vx"": -4.242640687119285, ""move_vy"": -4.242640687119285, ""kick_power"": 0.0, ""kick_dir"": null}, {""move_vx"": -8.254505786869212, ""move_vy"": 1.0418897324298244, ""kick_power"": 0.0, ""kick_dir"": null}, {""move_vx"": -0.0, ""move_vy"": 0.0, ""kick_power"": 0.0, ""kick_dir"": null}, {""move_vx"": -5.589941573997887, ""move_vy"": -1.3892995354818303, ""kick_power"": 0.0, ""kick_dir"": null}]"
2207,67,default,default,0,29.737419887147254,39.72667738683241,20,B,,0.10137344360068087,-0.06415969687021224,0.36076003390556366,"[{""move_vx"": 0.0, ""move_vy"": 0.0, ""kick_power"": 0.7, ""kick_dir"": [0.9617182924435334, -0.27403993774472796]}, {""move_vx"": -4.1012193308819755, ""move_vy"": -4.1012193308819755, ""kick_power"": 0.0, ""kick_dir"": null}, {""move_vx"": 0.0, ""move_vy"": 0.0, ""kick_power"": 0.0, ""kick_dir"": null}, {""move_vx"": 0.0, ""move_vy"": 0.0, ""kick_power"": 0.9, ""kick_dir"": [0.8454437931802556, 0.534063472420396]}, {""move_vx"": 0.15446580254055003, ""move_vy"": -6.958285731115494, ""kick_power"": 0.0, ""kick_dir"": null}, {""move_vx"": 4.313351365237939, ""move_vy"": 4.313351365237939, ""kick_power"": 0.0, ""kick_dir"": null}, {""move_vx"": -4.242640687119285, ""move_vy"": -4.242640687119285, ""kick_power"": 0.0, ""kick_dir"": null}, {""move_vx"": 5.546702017658917, ""move_vy"": -2.2878148367598508, ""kick_power"": 0.0, ""kick_dir"": null}, {""move_vx"": 0.0, ""move_vy"": 0.0, ""kick_power"": 0.9, ""kick_dir"": [-0.12314362069495584, -0.9923888019334317]}, {""move_vx"": 0.0, ""move_vy"": 0.0, ""kick_power"": 1.0, ""kick_dir"": [0.9991245101482322, -0.04183508731546608]}, {""move_vx"": 0.0, ""move_vy"": 0.0, ""kick_power"": 0.0, ""kick_dir"": null}, {""move_vx"": -0.0, ""move_vy"": 0.0, ""kick_power"": 0.9, ""kick_dir"": [-0.9973243972182932, 0.07310268385481523]}, {""move_vx"": -0.0, ""move_vy"": 0.0, ""kick_power"": 0.0, ""kick_dir"": null}, {""move_vx"": -5.4, ""move_vy"": 0.0, ""kick_power"": 0.0, ""kick_dir"": null}, {""move_vx"": -0.0, ""move_vy"": -5.4, ""kick_power"": 0.0, ""kick_dir"": null}, {""move_vx"": -0.0, ""move_vy"": 0.0, ""kick_power"": 0.9, ""kick_dir"": [-0.9747857673498005, 0.2231426753397675]}, {""move_vx"": -5.868031916557963, ""move_vy"": 2.292640710241598, ""kick_power"": 0.0, ""kick_dir"": null}, {""move_vx"": -7.499753869642207, ""move_vy"": -0.060760964333480626, ""kick_power"": 0.0, ""kick_dir"": null}, {""move_vx"": -4.242640687119285, ""move_vy"": -4.242640687119285, ""kick_power"": 0.0, ""kick_dir"": null}, {""move_vx"": -0.0, ""move_vy"": -6.4, ""kick_power"": 0.0, ""kick_dir"": null}, {""move_vx"": -4.242640687119285, ""move_vy"": 4.242640687119285, ""kick_power"": 0.0, ""kick_dir"": null}, {""move_vx"": -5.482698467242298, ""move_vy"": -1.765677636857576, ""kick_power"": 0.0, ""kick_dir"": null}]"
2207,68,default,default,0,30.796093838421925,39.92478715450127,-1,,,0.09372690808545318,0.03285308905520455,-0.17522022206792964,"[{""move_vx"": 0.0, ""move_vy"": 0.0, ""kick_power"": 0.0, ""kick_dir"": null}, {""move_vx"": -4.1012193308819755, ""move_vy"": -4.1012193308819755, ""kick_power"": 0.0, ""kick_dir"": null}, {""move_vx"": 0.0, ""move_vy"": 0.0, ""kick_power"": 0.0, ""kick_dir"": null}, {""move_vx"": 0.0, ""move_vy"": 0.0, ""kick_power"": 0.9, ""kick_dir"": [0.9351241840076397, 0.3543187272566835]}, {""move_vx"": -4.1012193308819755, ""move_vy"": 4.1012193308819755, ""kick_power"": 0.0, ""kick_dir"": null}, {""move_vx"": 4.7615428455957725, ""move_vy"": 2.7327293553434306, ""kick_power"": 0.0, ""kick_dir"": null}, {""move_vx"": -4.242640687119285, ""move_vy"": -4.242640687119285, ""kick_power"": 0.0, ""kick_dir"": null}, {""move_vx"": 5.55892109058502, ""move_vy"": -2.2579628669774574, ""kick_power"": 0.0, ""kick_dir"": null}, {""move_vx"": 0.0, ""move_vy"": 0.0, ""kick_power"": 0.9, ""kick_dir"": [-0.12314362069495584, -0.9923888019334317]}, {""move_vx"": 0.0, ""move_vy"": -6.0, ""kick_power"": 0.0, ""kick_dir"": null}, {""move_vx"": 0.0, ""move_vy"": 0.0, ""kick_power"": 0.0, ""kick_dir"": null}, {""move_vx"": -0.0, ""move_vy"": 0.0, ""kick_power"": 0.4, ""kick_dir"": [-0.9659375422743387, -0.25877519671140253]}, {""move_vx"": -0.0, ""move_vy"": 0.0, ""kick_power"": 0.0, ""kick_dir"": null}, {""move_vx"": -5.4, ""move_vy"": 0.0, ""kick_power"": 0.0, ""kick_dir"": null}, {""move_vx"": -0.0, ""move_vy"": -5.4, ""kick_power"": 0.0, ""kick_dir"": null}, {""move_vx"": -0.0, ""move_vy"": 0.0, ""kick_power"": 0.9, ""kick_dir"": [-0.9742650938635529, 0.22540512913657984]}, {""move_vx"": -5.837811527577207, ""move_vy"": 2.368534688048008, ""kick_power"": 0.0, ""kick_dir"": null}, {""move_vx"": -5.078191107611223, ""move_vy"": 2.5888173119357565, ""kick_power"": 0.0, ""kick_dir"": null}, {""move_vx"": -4.242640687119285, ""move_vy"": -4.242640687119285, ""kick_power"": 0.0, ""kick_dir"": null}, {""move_vx"": -0.0, ""move_vy"": -6.4, ""kick_power"": 0.0, ""kick_dir"": null}, {""move_vx"": -0.0, ""move_vy"": 0.0, ""kick_power"": 0.65, ""kick_dir"": [0.9829379106144338, 0.18393727442739727]}, {""move_vx"": -5.355895209026997, ""move_vy"": -3.503482055030633, ""kick_power"": 0.0, ""kick_dir"": null}]"
2207,69,default,default,0,31.161683955859182,39.30241331812048,20,B,,0.08824116423572193,-0.0009838317870117736,2.8760599253326493,"[{""move_vx"": 0.0, ""move_vy"": 0.0, ""kick_power"": 0.7, ""kick_dir"": [0.9637272372565162, -0.2668890660746145]}, {""move_vx"": 0.0, ""move_vy"": 0.0, ""kick_power"": 0.0, ""kick_dir"": null}, {""move_vx"": 5.262101927207241, ""move_vy"": -1.2125523937883464, ""kick_power"": 0.0, ""kick_dir"": null}, {""move_vx"": -3.8183766184073566, ""move_vy"": -3.8183766184073566, ""kick_power"": 0.0, ""kick_dir"": null}, {""move_vx"": -5.8, ""move_vy"": 0.0, ""kick_power"": 0.0, ""kick_dir"": null}, {""move_vx"": -4.313351365237939, ""move_vy"": -4.313351365237939, ""kick_power"": 0.0, ""kick_dir"": null}, {""move_vx"": 0.0, ""move_vy"": 6.0, ""kick_power"": 0.0, ""kick_dir"": null}, {""move_vx"": 5.571122133918346, ""move_vy"": -2.2276889749166275, ""kick_power"": 0.0, ""kick_dir"": null}, {""move_vx"": 0.0, ""move_vy"": 0.0, ""kick_power"": 0.9, ""kick_dir"": [-0.12040730727324102, -0.9927245178898977]}, {""move_vx"": -4.938200869545441, ""move_vy"": 2.8467827756997277, ""kick_power"": 0.0, ""kick_dir"": null}, {""move_vx"": 0.0, ""move_vy"": 0.0, ""kick_power"": 0.65, ""kick_dir"": [-0.17526536714973723, -0.9845205018388561]}, {""move_vx"": 5.0, ""move_vy"": 0.0, ""kick_power"": 0.0, ""kick_dir"": null}, {""move_vx"": 4.1012193308819755, ""move_vy"": 4.1012193308819755, ""kick_power"": 0.0, ""kick_dir"": null}, {""move_vx"": -3.8183766184073566, ""move_vy"": 3.8183766184073566, ""kick_power"": 0.0, ""kick_dir"": null}, {""move_vx"": -5.368962976164015, ""move_vy"": 0.5781319577570905, ""kick_power"": 0.0, ""kick_dir"": null}, {""move_vx"": -4.1012193308819755, ""move_vy"": 4.1012193308819755, ""kick_power"": 0.0, ""kick_dir"": null}, {""move_vx"": -0.0, ""move_vy"": 0.0, ""kick_power"": 0.0, ""kick_dir"": null}, {""move_vx"": -4.968919185869606, ""move_vy"": 2.792819744325963, ""kick_power"": 0.0, ""kick_dir"": null}, {""move_vx"": -4.242640687119285, ""move_vy"": -4.242640687119285, ""kick_power"": 0.0, ""kick_dir"": null}, {""move_vx"": -4.525483399593904, ""move_vy"": -4.525483399593904, ""kick_power"": 0.0, ""kick_dir"": null}, {""move_vx"": 6.0, ""move_vy"": 0.0, ""kick_power"": 0.0, ""kick_dir"": null}, {""move_vx"": -4.525483399593904, ""move_vy"": -4.525483399593904, ""kick_power"": 0.0, ""kick_dir"": null}]"
2207,70,default,default,0,29.854577174672634,40.009520099307025,20,B,,0.10034660940336242,-0.06332253936393845,0.3680119660328161,"[{""move_vx"": 3.5355339059327373, ""move_vy"": 3.5355339059327373, ""kick_power"": 0.0, ""kick_dir"": null}, {""move_vx"": -4.1012193308819755, ""move_vy"": -4.1012193308819755, ""kick_power"": 0.0, ""kick_dir"": null}, {""move_vx"": 0.0, ""move_vy"": 0.0, ""kick_power"": 0.0, ""kick_dir"": null}, {""move_vx"": 0.0, ""move_vy"": 0.0, ""kick_power"": 0.9, ""kick_dir"": [0.16960862896023893, 0.9855114458832401]}, {""move_vx"": 1.2241370340044238, ""move_vy"": -6.851502647009548, ""kick_power"": 0.0, ""kick_dir"": null}, {""move_vx"": 0.0, ""move_vy"": 0.0, ""kick_power"": 0.0, ""kick_dir"": null}, {""move_vx"": 2.6849049244006955, ""move_vy"": -4.33604491984676, ""kick_power"": 0.0, ""kick_dir"": null}, {""move_vx"": 5.581454150714185, ""move_vy"": -2.2016742637082793, ""kick_power"": 0.0, ""kick_dir"": null}, {""move_vx"": 0.0, ""move_vy"": 0.0, ""kick_power"": 0.9, ""kick_dir"": [-0.13997101522271915, -0.9901555443687685]}, {""move_vx"": 0.0, ""move_vy"": 0.0, ""kick_power"": 1.0, ""kick_dir"": [0.9992952702194151, -0.03753564259785992]}, {""move_vx"": 0.0, ""move_vy"": -6.0, ""kick_power"": 0.0, ""kick_dir"": null}, {""move_vx"": -0.0, ""move_vy"": 0.0, ""kick_power"": 0.9, ""kick_dir"": [-0.9977665251475423, 0.06679758150206672]}, {""move_vx"": -0.0, ""move_vy"": 0.0, ""kick_power"": 0.0, ""kick_dir"": null}, {""move_vx"": -6.639678923884228, ""move_vy"": 2.2792682570789213, ""kick_power"": 0.0, ""kick_dir"": null}, {""move_vx"": -0.0, ""move_vy"": -5.4, ""kick_power"": 0.0, ""kick_dir"": null}, {""move_vx"": -0.0, ""move_vy"": 0.0, ""kick_power"": 0.9, ""kick_dir"": [-0.9753575764982884, 0.2206298764415553]}, {""move_vx"": -5.809809503872386, ""move_vy"": 2.4364140716869342, ""kick_power"": 0.0, ""kick_dir"": null}, {""move_vx"": -5.034298264041887, ""move_vy"": 2.6731705872736278, ""kick_power"": 0.0, ""kick_dir"": null}, {""move_vx"": -4.242640687119285, ""move_vy"": -4.242640687119285, ""kick_power"": 0.0, ""kick_dir"": null}, {""move_vx"": -8.219140476565762, ""move_vy"": 1.2915610037773422, ""kick_power"": 0.0, ""kick_dir"": null}, {""move_vx"": -4.242640687119285, ""move_vy"": 4.242640687119285, ""kick_power"": 0.0, ""kick_dir"": null}, {""move_vx"": -5.585601687649256, ""move_vy"": -1.4066462906252566, ""kick_power"": 0.0, ""kick_dir"": null}]"
2207,71,default,default,0,29.278841243384562,39.5852560305951,20,B,,0.10085692128533615,-0.04453086527741763,0.3971920371862465,"[{""move_vx"": 0.0, ""move_vy"": 5.0, ""kick_power"": 0.0, ""kick_dir"": null}, {""move_vx"": -4.1012193308819755, ""move_vy"": -4.1012193308819755, ""kick_power"": 0.0, ""kick_dir"": null}, {""move_vx"": 0.0, ""move_vy"": 0.0, ""kick_power"": 0.0, ""kick_dir"": null}, {""move_vx"": 0.0, ""move_vy"": 0.0, ""kick_power"": 0.9, ""kick_dir"": [0.9884763990235579, 0.15137249558579197]}, {""move_vx"": -4.1012193308819755, ""move_vy"": -4.1012193308819755, ""kick_power"": 0.0, ""kick_dir"": null}, {""move_vx"": 4.747899633595037, ""move_vy"": 2.756365191571705, ""kick_power"": 0.0, ""kick_dir"": null}, {""move_vx"": 0.0, ""move_vy"": 0.0, ""kick_power"": 0.6, ""kick_dir"": [0.998419553852892, -0.05619934439539335]}, {""move_vx"": 5.587479258718276, ""move_vy"": -2.1863383849242233, ""kick_power"": 0.0, ""kick_dir"": null}, {""move_vx"": 0.0, ""move_vy"": 0.0, ""kick_power"": 0.9, ""kick_dir"": [-0.13997101522271915, -0.9901555443687685]}, {""move_vx"": 0.0, ""move_vy"": -6.0, ""kick_power"": 0.0, ""kick_dir"": null}, {""move_vx"": -4.242640687119285, ""move_vy"": -4.242640687119285, ""kick_power"": 0.0, ""kick_dir"": null}, {""move_vx"": -4.484240456133379, ""move_vy"": -0.3762811868492807, ""kick_power"": 0.0, ""kick_dir"": null}, {""move_vx"": -0.0, ""move_vy"": 0.0, ""kick_power"": 0.0, ""kick_dir"": null}, {""move_vx"": -5.4, ""move_vy"": 0.0, ""kick_power"": 0.0, ""kick_dir"": null}, {""move_vx"": -0.0, ""move_vy"": -5.4, ""kick_power"": 0.0, ""kick_dir"": null}, {""move_vx"": -0.0, ""move_vy"": 0.0, ""kick_power"": 0.9, ""kick_dir"": [-0.9736263795872406, 0.22814823526907296]}, {""move_vx"": -5.782543217027665, ""move_vy"": 2.5004387501411327, ""kick_power"": 0.0, ""kick_dir"": null}, {""move_vx"": -5.032407667175714, ""move_vy"": 2.6767280533052067, ""kick_power"": 0.0, ""kick_dir"": null}, {""move_vx"": -4.242640687119285, ""move_vy"": -4.242640687119285, ""kick_power"": 0.0, ""kick_dir"": null}, {""move_vx"": -0.0, ""move_vy"": -6.4, ""kick_power"": 0.0, ""kick_dir"": null}, {""move_vx"": -6.0, ""move_vy"": 0.0, ""kick_power"": 0.0, ""kick_dir"": null}, {""move_vx"": -5.706658140937816, ""move_vy"": -0.7820823885423703, ""kick_power"": 0.0, ""kick_dir"": null}]"
2207,72,default,default,0,28.986881511420478,39.202177957227676,20,B,,0.09904227287850972,-0.029485839691716198,0.4055156502396788,"[{""move_vx"": 0.0, ""move_vy"": 5.0, ""kick_power"": 0.0, ""kick_dir"": null}, {""move_vx"": 4.4091339171224515, ""move_vy"": 6.116464509901158, ""kick_power"": 0.0, ""kick_dir"": null}, {""move_vx"": 5.4, ""move_vy"": 0.0, ""kick_power"": 0.0, ""kick_dir"": null}, {""move_vx"": 0.0, ""move_vy"": 0.0, ""kick_power"": 0.9, ""kick_dir"": [0.18692207200885466, 0.9823746911153187]}, {""move_vx"": -4.1012193308819755, ""move_vy"": 4.1012193308819755, ""kick_power"": 0.0, ""kick_dir"": null}, {""move_vx"": 4.313351365237939, ""move_vy"": 4.313351365237939, ""kick_power"": 0.0, ""kick_dir"": null}, {""move_vx"": -4.242640687119285, ""move_vy"": -4.242640687119285, ""kick_power"": 0.0, ""kick_dir"": null}, {""move_vx"": 0.0, ""move_vy"": 0.0, ""kick_power"": 0.0, ""kick_dir"": null}, {""move_vx"": 0.0, ""move_vy"": 0.0, ""kick_power"": 0.9, ""kick_dir"": [-0.13691060468605923, -0.9905833513332845]}, {""move_vx"": 0.0, ""move_vy"": 0.0, ""kick_power"": 1.0, ""kick_dir"": [0.9995542805186145, -0.029853003786494015]}, {""move_vx"": 0.0, ""move_vy"": 0.0, ""kick_power"": 0.0, ""kick_dir"": null}, {""move_vx"": 5.0, ""move_vy"": 0.0, ""kick_power"": 0.0, ""kick_dir"": null}, {""move_vx"": -0.0, ""move_vy"": 0.0, ""kick_power"": 0.0, ""kick_dir"": null}, {""move_vx"": -5.4, ""move_vy"": 0.0, ""kick_power"": 0.0, ""kick_dir"": null}, {""move_vx"": -0.0, ""move_vy"": -5.4, ""kick_power"": 0.0, ""kick_dir"": null}, {""move_vx"": -0.0, ""move_vy"": 0.0, ""kick_power"": 0.9, ""kick_dir"": [-0.973598171217862, 0.22826858165474911]}, {""move_vx"": -5.893053742509045, ""move_vy"": 2.2275362147224804, ""kick_power"": 0.0, ""kick_dir"": null}, {""move_vx"": -5.134727023710793, ""move_vy"": 2.474788555003052, ""kick_power"": 0.0, ""kick_dir"": null}, {""move_vx"": -4.242640687119285, ""move_vy"": -4.242640687119285, ""kick_power"": 0.0, ""kick_dir"": null}, {""move_vx"": -0.0, ""move_vy"": -6.4, ""kick_power"": 0.0, ""kick_dir"": null}, {""move_vx"": -6.0, ""move_vy"": 0.0, ""kick_power"": 0.0, ""kick_dir"": null}, {""move_vx"": -5.674263921159752, ""move_vy"": -0.9901156260885688, ""kick_power"": 0.0, ""kick_dir"": null}]"
2207,73,default,default,0,28.773636510572555,39.652268038642376,20,B,,0.10044944897893773,-0.0081991263493849,0.39490145453660325,"[{""move_vx"": 0.0, ""move_vy"": 5.0, ""kick_power"": 0.0, ""kick_dir"": null}, {""move_vx"": 4.406983307951082, ""move_vy"": 6.1180142304052, ""kick_power"": 0.0, ""kick_dir"": null}, {""move_vx"": 0.0, ""move_vy"": 0.0, ""kick_power"": 0.0, ""kick_dir"": null}, {""move_vx"": 0.0, ""move_vy"": 0.0, ""kick_power"": 0.9, ""kick_dir"": [0.19593677780518112, 0.9806164758548791]}, {""move_vx"": -1.2209508606437058, ""move_vy"": -6.8520711464412996, ""kick_power"": 0.0, ""kick_dir"": null}, {""move_vx"": 4.775319611280004, ""move_vy"": 2.7085831370154754, ""kick_power"": 0.0, ""kick_dir"": null}, {""move_vx"": -4.242640687119285, ""move_vy"": -4.242640687119285, ""kick_power"": 0.0, ""kick_dir"": null}, {""move_vx"": 0.0, ""move_vy"": 0.0, ""kick_power"": 0.0, ""kick_dir"": null}, {""move_vx"": 0.0, ""move_vy"": 0.0, ""kick_power"": 0.9, ""kick_dir"": [-0.13691060468605923, -0.9905833513332845]}, {""move_vx"": 0.0, ""move_vy"": -6.0, ""kick_power"": 0.0, ""kick_dir"": null}, {""move_vx"": 0.0, ""move_vy"": 0.0, ""kick_power"": 0.0, ""kick_dir"": null}, {""move_vx"": -0.0, ""move_vy"": 0.0, ""kick_power"": 0.9, ""kick_dir"": [-0.9979295843189607, 0.06431562987641115]}, {""move_vx"": -0.0, ""move_vy"": 0.0, ""kick_power"": 0.0, ""kick_dir"": null}, {""move_vx"": -5.4, ""move_vy"": 0.0, ""kick_power"": 0.0, ""kick_dir"": null}, {""move_vx"": -0.0, ""move_vy"": -5.4, ""kick_power"": 0.0, ""kick_dir"": null}, {""move_vx"": -0.0, ""move_vy"": 0.0, ""kick_power"": 0.9, ""kick_dir"": [-0.9735861625749258, 0.22831979432316865]}, {""move_vx"": -5.968695337458652, ""move_vy"": 2.016104156188203, ""kick_power"": 0.0, ""kick_dir"": null}, {""move_vx"": -5.205624259800128, ""move_vy"": 2.3219552247578674, ""kick_power"": 0.0, ""kick_dir"": null}, {""move_vx"": 4.242640687119285, ""move_vy"": -4.242640687119285, ""kick_power"": 0.0, ""kick_dir"": null}, {""move_vx"": -0.0, ""move_vy"": -6.4, ""kick_power"": 0.0, ""kick_dir"": null}, {""move_vx"": -4.242640687119285, ""move_vy"": 4.242640687119285, ""kick_power"": 0.0, ""kick_dir"": null}, {""move_vx"": -5.6360862443557656, ""move_vy"": -1.1883315388323785, ""kick_power"": 0.0, ""kick_dir"": null}]"
2207,74,default,default,0,28.49367009787272,39.1261788426607,20,B,,0.10063684594908966,-0.033470227307673454,0.41028660332333244,"[{""move_vx"": -0.024627339586118575, ""move_vy"": -4.249928645770998, ""kick_power"": 0.0, ""kick_dir"": null}, {""move_vx"": 4.333016148954262, ""move_vy"": 6.1706216099272835, ""kick_power"": 0.0, ""kick_dir"": null}, {""move_vx"": 5.4, ""move_vy"": 0.0, ""kick_power"": 0.0, ""kick_dir"": null}, {""move_vx"": 0.0, ""move_vy"": 0.0, ""kick_power"": 0.9, ""kick_dir"": [0.20514512532908544, 0.9787315106919511]}, {""move_vx"": -4.1012193308819755, ""move_vy"": 4.1012193308819755, ""kick_power"": 0.0, ""kick_dir"": null}, {""move_vx"": 4.7567961667307035, ""move_vy"": 2.7409834417916663, ""kick_power"": 0.0, ""kick_dir"": null}, {""move_vx"": -4.242640687119285, ""move_vy"": -4.242640687119285, ""kick_power"": 0.0, ""kick_dir"": null}, {""move_vx"": 0.0, ""move_vy"": 0.0, ""kick_power"": 0.0, ""kick_dir"": null}, {""move_vx"": 0.0, ""move_vy"": 0.0, ""kick_power"": 0.9, ""kick_dir"": [-0.13397996151699015, -0.9909839866965338]}, {""move_vx"": 4.242640687119285, ""move_vy"": -4.242640687119285, ""kick_power"": 0.0, ""kick_dir"": null}, {""move_vx"": 0.0, ""move_vy"": 0.0, ""kick_power"": 0.0, ""kick_dir"": null}, {""move_vx"": -0.0, ""move_vy"": -5.0, ""kick_power"": 0.0, ""kick_dir"": null}, {""move_vx"": -0.0, ""move_vy"": 0.0, ""kick_power"": 0.0, ""kick_dir"": null}, {""move_vx"": -5.4, ""move_vy"": 0.0, ""kick_power"": 0.0, ""kick_dir"": null}, {""move_vx"": -0.0, ""move_vy"": -5.4, ""kick_power"": 0.0, ""kick_dir"": null}, {""move_vx"": -0.0, ""move_vy"": 0.0, ""kick_power"": 0.9, ""kick_dir"": [-0.9735793796743033, 0.22834871543851648]}, {""move_vx"": -5.910332947225031, ""move_vy"": 2.1812758773127, ""kick_power"": 0.0, ""kick_dir"": null}, {""move_vx"": -5.15740748544408, ""move_vy"": 2.4271687269502635, ""kick_power"": 0.0, ""kick_dir"": null}, {""move_vx"": -4.242640687119285, ""move_vy"": -4.242640687119285, ""kick_power"": 0.0, ""kick_dir"": null}, {""move_vx"": -0.0, ""move_vy"": -6.4, ""kick_power"": 0.0, ""kick_dir"": null}, {""move_vx"": -6.0, ""move_vy"": 0.0, ""kick_power"": 0.0, ""kick_dir"": null}, {""move_vx"": -5.691442914590115, ""move_vy"": -0.886046020228055, ""kick_power"": 0.0, ""kick_dir"": null}]"
2207,75,default,default,0,28.170661514472755,38.99733409980637,20,B,,0.10002577493041902,-0.01986489401594004,0.40282337684766806,"[{""move_vx"": 0.0, ""move_vy"": 5.0, ""kick_power"": 0.0, ""kick_dir"": null}, {""move_vx"": 4.345864612072191, ""move_vy"": 6.16157940576429, ""kick_power"": 0.0, ""kick_dir"": null}, {""move_vx"": 0.0, ""move_vy"": 0.0, ""kick_power"": 0.0, ""kick_dir"": null}, {""move_vx"": 0.0, ""move_vy"": 0.0, ""kick_power"": 0.0, ""kick_dir"": null}, {""move_vx"": -1.4509802959991007, ""move_vy"": -6.807073980839517, ""kick_power"": 0.0, ""kick_dir"": null}, {""move_vx"": 4.313351365237939, ""move_vy"": 4.313351365237939, ""kick_power"": 0.0, ""kick_dir"": null}, {""move_vx"": -4.242640687119285, ""move_vy"": -4.242640687119285, ""kick_power"": 0.0, ""kick_dir"": null}, {""move_vx"": 0.0, ""move_vy"": 0.0, ""kick_power"": 0.0, ""kick_dir"": null}, {""move_vx"": 4.313351365237939, ""move_vy"": 4.313351365237939, ""kick_power"": 0.0, ""kick_dir"": null}, {""move_vx"": 0.0, ""move_vy"": 0.0, ""kick_power"": 1.0, ""kick_dir"": [0.9998585494448595, -0.016817919549282155]}, {""move_vx"": -6.0, ""move_vy"": 0.0, ""kick_power"": 0.0, ""kick_dir"": null}, {""move_vx"": -0.0, ""move_vy"": 0.0, ""kick_power"": 0.9, ""kick_dir"": [-0.9976408358723488, 0.06864923954273625]}, {""move_vx"": -0.0, ""move_vy"": 0.0, ""kick_power"": 0.0, ""kick_dir"": null}, {""move_vx"": -5.4, ""move_vy"": 0.0, ""kick_power"": 0.0, ""kick_dir"": null}, {""move_vx"": -0.0, ""move_vy"": -5.4, ""kick_power"": 0.0, ""kick_dir"": null}, {""move_vx"": -0.0, ""move_vy"": 0.0, ""kick_power"": 0.9, ""kick_dir"": [-0.9735176644586938, 0.2286116823914285]}, {""move_vx"": -6.00636850292785, ""move_vy"": 1.900930668655823, ""kick_power"": 0.0, ""kick_dir"": null}, {""move_vx"": -7.493678552393143, ""move_vy"": -0.3078664538448503, ""kick_power"": 0.0, ""kick_dir"": null}, {""move_vx"": 4.242640687119285, ""move_vy"": -4.242640687119285, ""kick_power"": 0.0, ""kick_dir"": null}, {""move_vx"": -0.0, ""move_vy"": -6.4, ""kick_power"": 0.0, ""kick_dir"": null}, {""move_vx"": -6.0, ""move_vy"": 0.0, ""kick_power"": 0.0, ""kick_dir"": null}, {""move_vx"": -5.636989940975231, ""move_vy"": -1.1840373327492946, ""kick_power"": 0.0, ""kick_dir"": null}]"
2207,76,default,default,0,27.850290229915274,38.87154025583098,20,B,,0.10201929589063301,-0.028562116085230523,0.4095849911429132,"[{""move_vx"": 0.0, ""move_vy"": 0.0, ""kick_power"": 0.9, ""kick_dir"": [0.9581069733745698, -0.2864105256128669]}, {""move_vx"": 4.311761085686777, ""move_vy"": 6.185492408851309, ""kick_power"": 0.0, ""kick_dir"": null}, {""move_vx"": 5.933276554517312, ""move_vy"": 0.2825408423842188, ""kick_power"": 0.0, ""kick_dir"": null}, {""move_vx"": 0.0, ""move_vy"": 0.0, ""kick_power"": 0.0, ""kick_dir"": null}, {""move_vx"": -1.900606860426281, ""move_vy"": -6.695468136142577, ""kick_power"": 0.0, ""kick_dir"": null}, {""move_vx"": 4.785527610679042, ""move_vy"": 2.6905065484827464, ""kick_power"": 0.0, ""kick_dir"": null}, {""move_vx"": -4.242640687119285, ""move_vy"": -4.242640687119285, ""kick_power"": 0.0, ""kick_dir"": null}, {""move_vx"": 0.0, ""move_vy"": 0.0, ""kick_power"": 0.0, ""kick_dir"": null}, {""move_vx"": 0.0, ""move_vy"": 0.0, ""kick_power"": 0.9, ""kick_dir"": [0.06876830089682091, -0.9976326005500614]}, {""move_vx"": 0.0, ""move_vy"": -6.0, ""kick_power"": 0.0, ""kick_dir"": null}, {""move_vx"": 0.0, ""move_vy"": 0.0, ""kick_power"": 0.4, ""kick_dir"": [-0.9155848828860194, -0.4021241285115903]}, {""move_vx"": -0.0, ""move_vy"": 5.0, ""kick_power"": 0.0, ""kick_dir"": null}, {""move_vx"": -0.0, ""move_vy"": 0.0, ""kick_power"": 0.0, ""kick_dir"": null}, {""move_vx"": -5.4, ""move_vy"": 0.0, ""kick_power"": 0.0, ""kick_dir"": null}, {""move_vx"": -0.0, ""move_vy"": -5.4, ""kick_power"": 0.0, ""kick_dir"": null}, {""move_vx"": -7.140560167391151, ""move_vy"": -2.421569841211863, ""kick_power"": 0.0, ""kick_dir"": null}, {""move_vx"": -6.0391727884389095, ""move_vy"": 1.7939877456044726, ""kick_power"": 0.0, ""kick_dir"": null}, {""move_vx"": -5.250530162834071, ""move_vy"": 2.2185429924095703, ""kick_power"": 0.0, ""kick_dir"": null}, {""move_vx"": -0.0, ""move_vy"": 0.0, ""kick_power"": 0.65, ""kick_dir"": [0.6552963250577833, -0.7553717891257078]}, {""move_vx"": -0.0, ""move_vy"": -6.4, ""kick_power"": 0.0, ""kick_dir"": null}, {""move_vx"": -6.0, ""move_vy"": 0.0, ""kick_power"": 0.0, ""kick_dir"": null}, {""move_vx"": -5.629037037159966, ""move_vy"": -1.2212870400857272, ""kick_power"": 0.0, ""kick_dir"": null}]"
2207,77,default,default,0,27.53278493293084,38.749640337729666,20,B,,0.10126406595170015,-0.028674962821883178,0.4014135769618868,"[{""move_vx"": 0.0, ""move_vy"": 5.0, ""kick_power"": 0.0, ""kick_dir"": null}, {""move_vx"": 0.0, ""move_vy"": 0.0, ""kick_power"": 0.9, ""kick_dir"": [-0.09082628373515012, 0.9958667268179614]}, {""move_vx"": 5.4, ""move_vy"": 0.0, ""kick_power"": 0.0, ""kick_dir"": null}, {""move_vx"": 0.0, ""move_vy"": 0.0, ""kick_power"": 0.0, ""kick_dir"": null}, {""move_vx"": -2.1245480791501414, ""move_vy"": -6.627812267964403, ""kick_power"": 0.0, ""kick_dir"": null}, {""move_vx"": 4.313351365237939, ""move_vy"": 4.313351365237939, ""kick_power"": 0.0, ""kick_dir"": null}, {""move_vx"": -4.242640687119285, ""move_vy"": -4.242640687119285, ""kick_power"": 0.0, ""kick_dir"": null}, {""move_vx"": -6.261448341191576, ""move_vy"": 0.6958912778511217, ""kick_power"": 0.0, ""kick_dir"": null}, {""move_vx"": 0.0, ""move_vy"": 0.0, ""kick_power"": 0.9, ""kick_dir"": [0.06876830089682091, -0.9976326005500614]}, {""move_vx"": 0.0, ""move_vy"": 6.0, ""kick_power"": 0.0, ""kick_dir"": null}, {""move_vx"": 0.0, ""move_vy"": 0.0, ""kick_power"": 0.0, ""kick_dir"": null}, {""move_vx"": 3.5355339059327373, ""move_vy"": 3.5355339059327373, ""kick_power"": 0.0, ""kick_dir"": null}, {""move_vx"": -0.0, ""move_vy"": 0.0, ""kick_power"": 0.0, ""kick_dir"": null}, {""move_vx"": -5.4, ""move_vy"": 0.0, ""kick_power"": 0.0, ""kick_dir"": null}, {""move_vx"": -0.0, ""move_vy"": -5.4, ""kick_power"": 0.0, ""kick_dir"": null}, {""move_vx"": -0.0, ""move_vy"": 0.0, ""kick_power"": 0.9, ""kick_dir"": [-0.9698525638463443, 0.2436923228476677]}, {""move_vx"": -0.0, ""move_vy"": 0.0, ""kick_power"": 0.0, ""kick_dir"": null}, {""move_vx"": -5.224389240847107, ""move_vy"": -2.279420334234338, ""kick_power"": 0.0, ""kick_dir"": null}, {""move_vx"": -4.242640687119285, ""move_vy"": -4.242640687119285, ""kick_power"": 0.0, ""kick_dir"": null}, {""move_vx"": -0.0, ""move_vy"": -6.4, ""kick_power"": 0.0, ""kick_dir"": null}, {""move_vx"": -6.0, ""move_vy"": 0.0, ""kick_power"": 0.0, ""kick_dir"": null}, {""move_vx"": -6.543367884299562, ""move_vy"": -1.5306001211018798, ""kick_power"": 0.0, ""kick_dir"": null}]"
2207,78,default,default,0,27.218321564347303,38.63272713677766,20,B,,0.1003969779128157,-0.042255828799975956,0.41052452343707047,"[{""move_vx"": 0.0, ""move_vy"": 5.0, ""kick_power"": 0.0, ""kick_dir"": null}, {""move_vx"": -4.1012193308819755, ""move_vy"": -4.1012193308819755, ""kick_power"": 0.0, ""kick_dir"": null}, {""move_vx"": 5.4, ""move_vy"": 0.0, ""kick_power"": 0.0, ""kick_dir"": null}, {""move_vx"": 0.0, ""move_vy"": 0.0, ""kick_power"": 0.0, ""kick_dir"": null}, {""move_vx"": -4.1012193308819755, ""move_vy"": 4.1012193308819755, ""kick_power"": 0.0, ""kick_dir"": null}, {""move_vx"": 4.313351365237939, ""move_vy"": 4.313351365237939, ""kick_power"": 0.0, ""kick_dir"": null}, {""move_vx"": -4.242640687119285, ""move_vy"": -4.242640687119285, ""kick_power"": 0.0, ""kick_dir"": null}, {""move_vx"": 0.0, ""move_vy"": 0.0, ""kick_power"": 0.0, ""kick_dir"": null}, {""move_vx"": 0.0, ""move_vy"": 0.0, ""kick_power"": 0.9, ""kick_dir"": [0.06876830089682091, -0.9976326005500614]}, {""move_vx"": 0.0, ""move_vy"": 6.0, ""kick_power"": 0.0, ""kick_dir"": null}, {""move_vx"": 0.0, ""move_vy"": 0.0, ""kick_power"": 0.0, ""kick_dir"": null}, {""move_vx"": 3.5355339059327373, ""move_vy"": 3.5355339059327373, ""kick_power"": 0.0, ""kick_dir"": null}, {""move_vx"": -4.1012193308819755, ""move_vy"": 4.1012193308819755, ""kick_power"": 0.0, ""kick_dir"": null}, {""move_vx"": -5.4, ""move_vy"": 0.0, ""kick_power"": 0.0, ""kick_dir"": null}, {""move_vx"": -0.0, ""move_vy"": -5.4, ""kick_power"": 0.0, ""kick_dir"": null}, {""move_vx"": -6.804040010381794, ""move_vy"": -1.4651414734160417, ""kick_power"": 0.0, ""kick_dir"": null}, {""move_vx"": -6.0957712582835715, ""move_vy"": 1.591091690218992, ""kick_power"": 0.0, ""kick_dir"": null}, {""move_vx"": -5.226644091708323, ""move_vy"": -2.274245267909878, ""kick_power"": 0.0, ""kick_dir"": null}, {""move_vx"": 4.242640687119285, ""move_vy"": -4.242640687119285, ""kick_power"": 0.0, ""kick_dir"": null}, {""move_vx"": -0.0, ""move_vy"": -6.4, ""kick_power"": 0.0, ""kick_dir"": null}, {""move_vx"": -6.0, ""move_vy"": 0.0, ""kick_power"": 0.0, ""kick_dir"": null}, {""move_vx"": -5.6017103421420025, ""move_vy"": -1.3410597461483005, ""kick_power"": 0.0, ""kick_dir"": null}]"
2207,79,default,default,0,26.906982319953517,38.52221020836404,20,B,,0.09942861632090207,-0.03469167168539415,0.41124997981915995,"[{""move_vx"": 0.0, ""move_vy"": 5.0, ""kick_power"": 0.0, ""kick_dir"": null}, {""move_vx"": -4.1012193308819755, ""move_vy"": -4.1012193308819755, ""kick_power"": 0.0, ""kick_dir"": null}, {""move_vx"": 5.4, ""move_vy"": 0.0, ""kick_power"": 0.0, ""kick_dir"": null}, {""move_vx"": 0.0, ""move_vy"": 0.0, ""kick_power"": 0.0, ""kick_dir"": null}, {""move_vx"": -2.1900034033867883, ""move_vy"": -6.606472969229064, ""kick_power"": 0.0, ""kick_dir"": null}, {""move_vx"": -6.1, ""move_vy"": 0.0, ""kick_power"": 0.0, ""kick_dir"": null}, {""move_vx"": -4.242640687119285, ""move_vy"": -4.242640687119285, ""kick_power"": 0.0, ""kick_dir"": null}, {""move_vx"": 0.0, ""move_vy"": 0.0, ""kick_power"": 0.0, ""kick_dir"": null}, {""move_vx"": 0.0, ""move_vy"": 0.0, ""kick_power"": 0.9, ""kick_dir"": [-0.12923437289514975, -0.9916140225740091]}, {""move_vx"": 0.0, ""move_vy"": 6.0, ""kick_power"": 0.0, ""kick_dir"": null}, {""move_vx"": 0.0, ""move_vy"": 0.0, ""kick_power"": 0.0, ""kick_dir"": null}, {""move_vx"": 3.5355339059327373, ""move_vy"": 3.5355339059327373, ""kick_power"": 0.0, ""kick_dir"": null}, {""move_vx"": -4.1012193308819755, ""move_vy"": 4.1012193308819755, ""kick_power"": 0.0, ""kick_dir"": null}, {""move_vx"": -5.4, ""move_vy"": 0.0, ""kick_power"": 0.0, ""kick_dir"": null}, {""move_vx"": -0.0, ""move_vy"": -5.4, ""kick_power"": 0.0, ""kick_dir"": null}, {""move_vx"": -6.804040010381794, ""move_vy"": -1.4651414734160417, ""kick_power"": 0.0, ""kick_dir"": null}, {""move_vx"": -4.242640687119285, ""move_vy"": 4.242640687119285, ""kick_power"": 0.0, ""kick_dir"": null}, {""move_vx"": -5.229347228296107, ""move_vy"": -2.2680228318762174, ""kick_power"": 0.0, ""kick_dir"": null}, {""move_vx"": 4.242640687119285, ""move_vy"": -4.242640687119285, ""kick_power"": 0.0, ""kick_dir"": null}, {""move_vx"": -0.0, ""move_vy"": -6.4, ""kick_power"": 0.0, ""kick_dir"": null}, {""move_vx"": -6.0, ""move_vy"": 0.0, ""kick_power"": 0.0, ""kick_dir"": null}, {""move_vx"": -5.595536011608795, ""move_vy"": -1.3665931153013846, ""kick_power"": 0.0, ""kick_dir"": null}]"
2207,80,default,default,0,26.53358207578249,38.36571314859005,20,B,,0.0985252284033464,-0.03783531572817424,0.4122705049833793,"[{""move_vx"": 0.0, ""move_vy"": 5.0, ""kick_power"": 0.0, ""kick_dir"": null}, {""move_vx"": 4.168781153574338, ""move_vy"": 6.282743325459301, ""kick_power"": 0.0, ""kick_dir"": null}, {""move_vx"": 5.4, ""move_vy"": 0.0, ""kick_power"": 0.0, ""kick_dir"": null}, {""move_vx"": 0.0, ""move_vy"": 0.0, ""kick_power"": 0.0, ""kick_dir"": null}, {""move_vx"": -2.5440735408410666, ""move_vy"": -6.478370923217689, ""kick_power"": 0.0, ""kick_dir"": null}, {""move_vx"": 4.313351365237939, ""move_vy"": 4.313351365237939, ""kick_power"": 0.0, ""kick_dir"": null}, {""move_vx"": -4.242640687119285, ""move_vy"": -4.242640687119285, ""kick_power"": 0.0, ""kick_dir"": null}, {""move_vx"": 0.0, ""move_vy"": 0.0, ""kick_power"": 0.0, ""kick_dir"": null}, {""move_vx"": 0.0, ""move_vy"": 0.0, ""kick_power"": 0.9, ""kick_dir"": [-0.1320383205429012, -0.9912445573558418]}, {""move_vx"": 0.0, ""move_vy"": 6.0, ""kick_power"": 0.0, ""kick_dir"": null}, {""move_vx"": 0.0, ""move_vy"": 6.0, ""kick_power"": 0.0, ""kick_dir"": null}, {""move_vx"": 3.5355339059327373, ""move_vy"": 3.5355339059327373, ""kick_power"": 0.0, ""kick_dir"": null}, {""move_vx"": -4.1012193308819755, ""move_vy"": 4.1012193308819755, ""kick_power"": 0.0, ""kick_dir"": null}, {""move_vx"": -5.4, ""move_vy"": 0.0, ""kick_power"": 0.0, ""kick_dir"": null}, {""move_vx"": -0.0, ""move_vy"": -5.4, ""kick_power"": 0.0, ""kick_dir"": null}, {""move_vx"": -6.804040010381793, ""move_vy"": -1.465141473416041, ""kick_power"": 0.0, ""kick_dir"": null}, {""move_vx"": -6.16389233538674, ""move_vy"": 1.3024712195517414, ""kick_power"": 0.0, ""kick_dir"": null}, {""move_vx"": -5.232676618376926, ""move_vy"": -2.260330818152822, ""kick_power"": 0.0, ""kick_dir"": null}, {""move_vx"": 4.242640687119285, ""move_vy"": -4.242640687119285, ""kick_power"": 0.0, ""kick_dir"": null}, {""move_vx"": -0.0, ""move_vy"": -6.4, ""kick_power"": 0.0, ""kick_dir"": null}, {""move_vx"": -7.1923390141712895, ""move_vy"": -0.3320534674258809, ""kick_power"": 0.0, ""kick_dir"": null}, {""move_vx"": -5.590307181853805, ""move_vy"": -1.387827659514602, ""kick_power"": 0.0, ""kick_dir"": null}]"
2207,81,default,default,0,24.820033594782085,39.824669788364936,6,A,,0.36170126616016207,3.6156320600583793,-3.7275446184943393,"[{""move_vx"": 0.0, ""move_vy"": 5.0, ""kick_power"": 0.0, ""kick_dir"": null}, {""move_vx"": 4.125108129661648, ""move_vy"": 6.311504013989009, ""kick_power"": 0.0, ""kick_dir"": null}, {""move_vx"": 5.4, ""move_vy"": 0.0, ""kick_power"": 0.0, ""kick_dir"": null}, {""move_vx"": 0.0, ""move_vy"": 0.0, ""kick_power"": 0.0, ""kick_dir"": null}, {""move_vx"": -2.7133769869830293, ""move_vy"": -6.409304589931024, ""kick_power"": 0.0, ""kick_dir"": null}, {""move_vx"": 4.313351365237939, ""move_vy"": 4.313351365237939, ""kick_power"": 0.0, ""kick_dir"": null}, {""move_vx"": -4.242640687119285, ""move_vy"": -4.242640687119285, ""kick_power"": 0.0, ""kick_dir"": null}, {""move_vx"": 0.0, ""move_vy"": 0.0, ""kick_power"": 0.0, ""kick_dir"": null}, {""move_vx"": 0.0, ""move_vy"": 0.0, ""kick_power"": 0.9, ""kick_dir"": [-0.13496548650390672, -0.9908502437837816]}, {""move_vx"": 0.0, ""move_vy"": 6.0, ""kick_power"": 0.0, ""kick_dir"": null}, {""move_vx"": 0.0, ""move_vy"": 0.0, ""kick_power"": 0.0, ""kick_dir"": null}, {""move_vx"": 3.5355339059327373, ""move_vy"": 3.5355339059327373, ""kick_power"": 0.0, ""kick_dir"": null}, {""move_vx"": -4.1012193308819755, ""move_vy"": 4.1012193308819755, ""kick_power"": 0.0, ""kick_dir"": null}, {""move_vx"": -6.728767068076833, ""move_vy"": 2.0010231741698297, ""kick_power"": 0.0, ""kick_dir"": null}, {""move_vx"": -0.0, ""move_vy"": -5.4, ""kick_power"": 0.0, ""kick_dir"": null}, {""move_vx"": -6.804040010381794, ""move_vy"": -1.465141473416041, ""kick_power"": 0.0, ""kick_dir"": null}, {""move_vx"": -6.187295060147748, ""move_vy"": 1.1863304087273852, ""kick_power"": 0.0, ""kick_dir"": null}, {""move_vx"": -5.233326375751267, ""move_vy"": -2.2588260324482916, ""kick_power"": 0.0, ""kick_dir"": null}, {""move_vx"": 4.242640687119285, ""move_vy"": -4.242640687119285, ""kick_power"": 0.0, ""kick_dir"": null}, {""move_vx"": -0.0, ""move_vy"": -6.4, ""kick_power"": 0.0, ""kick_dir"": null}, {""move_vx"": -4.242640687119285, ""move_vy"": 4.242640687119285, ""kick_power"": 0.0, ""kick_dir"": null}, {""move_vx"": -5.5804473270986215, ""move_vy"": -1.4269574729044538, ""kick_power"": 0.0, ""kick_dir"": null}]"
2207,82,default,default,0,25.98636137317416,40.02284356922783,6,A,,0.3644455986180193,0.28118669366308685,0.09498716340944613,"[{""move_vx"": -0.021596618517071755, ""move_vy"": -4.249945127418544, ""kick_power"": 0.0, ""kick_dir"": null}, {""move_vx"": 0.0, ""move_vy"": 0.0, ""kick_power"": 0.0, ""kick_dir"": null}, {""move_vx"": 5.331612416361951, ""move_vy"": 0.8566849138948847, ""kick_power"": 0.0, ""kick_dir"": null}, {""move_vx"": 0.0, ""move_vy"": 0.0, ""kick_power"": 0.0, ""kick_dir"": null}, {""move_vx"": 0.0, ""move_vy"": 0.0, ""kick_power"": 0.9, ""kick_dir"": [-0.9828166197630702, 0.18458300298258154]}, {""move_vx"": -3.7814532260353153, ""move_vy"": 3.9800391328863975, ""kick_power"": 0.0, ""kick_dir"": null}, {""move_vx"": 0.0, ""move_vy"": 0.0, ""kick_power"": 0.0, ""kick_dir"": null}, {""move_vx"": 0.0, ""move_vy"": -6.0, ""kick_power"": 0.0, ""kick_dir"": null}, {""move_vx"": 7.075890913849099, ""move_vy"": -2.841195659455323, ""kick_power"": 0.0, ""kick_dir"": null}, {""move_vx"": -4.242640687119285, ""move_vy"": 4.242640687119285, ""kick_power"": 0.0, ""kick_dir"": null}, {""move_vx"": 0.0, ""move_vy"": -6.0, ""kick_power"": 0.0, ""kick_dir"": null}, {""move_vx"": -0.0, ""move_vy"": 0.0, ""kick_power"": 1.0, ""kick_dir"": [-0.9993552386382212, 0.035903439030584426]}, {""move_vx"": -4.1012193308819755, ""move_vy"": 4.1012193308819755, ""kick_power"": 0.0, ""kick_dir"": null}, {""move_vx"": -4.689599874604034, ""move_vy"": 2.079555966093201, ""kick_power"": 0.0, ""kick_dir"": null}, {""move_vx"": -5.374698543157959, ""move_vy"": -0.5221260098632489, ""kick_power"": 0.0, ""kick_dir"": null}, {""move_vx"": -6.804040010381792, ""move_vy"": -1.4651414734160406, ""kick_power"": 0.0, ""kick_dir"": null}, {""move_vx"": -6.072095484494343, ""move_vy"": 1.6791832619411797, ""kick_power"": 0.0, ""kick_dir"": null}, {""move_vx"": -0.0, ""move_vy"": -6.0, ""kick_power"": 0.0, ""kick_dir"": null}, {""move_vx"": 4.242640687119285, ""move_vy"": -4.242640687119285, ""kick_power"": 0.0, ""kick_dir"": null}, {""move_vx"": -0.0, ""move_vy"": 0.0, ""kick_power"": 0.65, ""kick_dir"": [0.40399157496751187, 0.9147625980583988]}, {""move_vx"": -0.0, ""move_vy"": 0.0, ""kick_power"": 0.0, ""kick_dir"": null}, {""move_vx"": -6.4, ""move_vy"": 0.0, ""kick_power"": 0.0, ""kick_dir"": null}]"
2207,83,default,default,0,25.965074576865614,39.51478643348938,6,A,,0.3696579832593658,-0.4564978907534955,0.7852355457484204,"[{""move_vx"": 5.176025196896023, ""move_vy"": -0.8782158966321962, ""kick_power"": 0.0, ""kick_dir"": null}, {""move_vx"": 0.0, ""move_vy"": 0.0, ""kick_power"": 0.0, ""kick_dir"": null}, {""move_vx"": 5.33144640089158, ""move_vy"": 0.8577174793719764, ""kick_power"": 0.0, ""kick_dir"": null}, {""move_vx"": 0.0, ""move_vy"": 0.0, ""kick_power"": 0.0, ""kick_dir"": null}, {""move_vx"": 0.0, ""move_vy"": 0.0, ""kick_power"": 0.9, ""kick_dir"": [-0.9839892150805112, 0.1782264241441269]}, {""move_vx"": 5.3635304854465415, ""move_vy"": 2.905605054319253, ""kick_power"": 0.0, ""kick_dir"": null}, {""move_vx"": 3.9156283738869107, ""move_vy"": -3.267698645470807, ""kick_power"": 0.0, ""kick_dir"": null}, {""move_vx"": 0.0, ""move_vy"": -6.0, ""kick_power"": 0.0, ""kick_dir"": null}, {""move_vx"": 7.0782572949275915, ""move_vy"": -2.8352951639651796, ""kick_power"": 0.0, ""kick_dir"": null}, {""move_vx"": 0.0, ""move_vy"": 6.0, ""kick_power"": 0.0, ""kick_dir"": null}, {""move_vx"": 0.0, ""move_vy"": -6.0, ""kick_power"": 0.0, ""kick_dir"": null}, {""move_vx"": -0.0, ""move_vy"": 0.0, ""kick_power"": 1.0, ""kick_dir"": [-0.9994601277550562, 0.03285426777247258]}, {""move_vx"": -4.1012193308819755, ""move_vy"": 4.1012193308819755, ""kick_power"": 0.0, ""kick_dir"": null}, {""move_vx"": -4.652482798637908, ""move_vy"": 2.1613199227274005, ""kick_power"": 0.0, ""kick_dir"": null}, {""move_vx"": -5.3081752049688244, ""move_vy"": 0.9916027396867086, ""kick_power"": 0.0, ""kick_dir"": null}, {""move_vx"": -6.804040010381793, ""move_vy"": -1.4651414734160406, ""kick_power"": 0.0, ""kick_dir"": null}, {""move_vx"": -0.0, ""move_vy"": 0.0, ""kick_power"": 0.0, ""kick_dir"": null}, {""move_vx"": -0.0, ""move_vy"": -6.0, ""kick_power"": 0.0, ""kick_dir"": null}, {""move_vx"": 4.242640687119285, ""move_vy"": -4.242640687119285, ""kick_power"": 0.0, ""kick_dir"": null}, {""move_vx"": -0.0, ""move_vy"": 0.0, ""kick_power"": 0.65, ""kick_dir"": [0.3771232576500517, 0.926162970828982]}, {""move_vx"": -0.0, ""move_vy"": 0.0, ""kick_power"": 0.0, ""kick_dir"": null}, {""move_vx"": -6.4, ""move_vy"": 0.0, ""kick_power"": 0.0, ""kick_dir"": null}]"
2207,84,default,default,0,26.08322706018191,39.33306095668929,20,B,,-0.3719146816898216,-7.575366587530241,4.156879708398153,"[{""move_vx"": 0.0, ""move_vy"": 0.0, ""kick_power"": 1.0, ""kick_dir"": [0.9597713382959885, -0.2807827330673378]}, {""move_vx"": 0.0, ""move_vy"": 0.0, ""kick_power"": 0.0, ""kick_dir"": null}, {""move_vx"": 5.339122732318155, ""move_vy"": 0.8085594902315608, ""kick_power"": 0.0, ""kick_dir"": null}, {""move_vx"": 0.0, ""move_vy"": 0.0, ""kick_power"": 0.0, ""kick_dir"": null}, {""move_vx"": 0.0, ""move_vy"": 0.0, ""kick_power"": 0.9, ""kick_dir"": [-0.994495575386929, 0.10477599945376653]}, {""move_vx"": 5.364218423649957, ""move_vy"": 2.904334812547335, ""kick_power"": 0.0, ""kick_dir"": null}, {""move_vx"": 4.727222272224822, ""move_vy"": -4.164537139824977, ""kick_power"": 0.0, ""kick_dir"": null}, {""move_vx"": 0.0, ""move_vy"": -6.0, ""kick_power"": 0.0, ""kick_dir"": null}, {""move_vx"": -6.1, ""move_vy"": 0.0, ""kick_power"": 0.0, ""kick_dir"": null}, {""move_vx"": 5.477898831688262, ""move_vy"": -2.447983739690354, ""kick_power"": 0.0, ""kick_dir"": null}, {""move_vx"": 0.0, ""move_vy"": -6.0, ""kick_power"": 0.0, ""kick_dir"": null}, {""move_vx"": -0.0, ""move_vy"": 0.0, ""kick_power"": 1.0, ""kick_dir"": [-0.9995522047854007, 0.02992222830068453]}, {""move_vx"": -4.1012193308819755, ""move_vy"": 4.1012193308819755, ""kick_power"": 0.0, ""kick_dir"": null}, {""move_vx"": -4.67967110153431, ""move_vy"": 2.1018036020200976, ""kick_power"": 0.0, ""kick_dir"": null}, {""move_vx"": -5.371393633159792, ""move_vy"": -0.5550949807469471, ""kick_power"": 0.0, ""kick_dir"": null}, {""move_vx"": -6.804040010381794, ""move_vy"": -1.4651414734160404, ""kick_power"": 0.0, ""kick_dir"": null}, {""move_vx"": -0.0, ""move_vy"": 0.0, ""kick_power"": 0.0, ""kick_dir"": null}, {""move_vx"": -0.0, ""move_vy"": -6.0, ""kick_power"": 0.0, ""kick_dir"": null}, {""move_vx"": 4.242640687119285, ""move_vy"": -4.242640687119285, ""kick_power"": 0.0, ""kick_dir"": null}, {""move_vx"": -0.0, ""move_vy"": 0.0, ""kick_power"": 0.65, ""kick_dir"": [0.37913207765796375, 0.9253424594826923]}, {""move_vx"": -0.0, ""move_vy"": 0.0, ""kick_power"": 0.0, ""kick_dir"": null}, {""move_vx"": -6.4, ""move_vy"": 0.0, ""kick_power"": 0.0, ""kick_dir"": null}]"
2207,85,default,default,0,26.394669569317383,38.30665961203206,20,B,,-0.3827140169117624,-0.010127957923694442,0.4609698524848412,"[{""move_vx"": 0.0, ""move_vy"": 5.0, ""kick_power"": 0.0, ""kick_dir"": null}, {""move_vx"": -4.1012193308819755, ""move_vy"": -4.1012193308819755, ""kick_power"": 0.0, ""kick_dir"": null}, {""move_vx"": 5.4, ""move_vy"": 0.0, ""kick_power"": 0.0, ""kick_dir"": null}, {""move_vx"": 0.0, ""move_vy"": 0.0, ""kick_power"": 0.0, ""kick_dir"": null}, {""move_vx"": -3.7209102202748436, ""move_vy"": -5.881872757264833, ""kick_power"": 0.0, ""kick_dir"": null}, {""move_vx"": 4.313351365237939, ""move_vy"": 4.313351365237939, ""kick_power"": 0.0, ""kick_dir"": null}, {""move_vx"": -4.242640687119285, ""move_vy"": -4.242640687119285, ""kick_power"": 0.0, ""kick_dir"": null}, {""move_vx"": 0.0, ""move_vy"": 0.0, ""kick_power"": 0.0, ""kick_dir"": null}, {""move_vx"": -4.487439933739562, ""move_vy"": -3.162749253589269, ""kick_power"": 0.0, ""kick_dir"": null}, {""move_vx"": 5.477898831688261, ""move_vy"": -2.447983739690355, ""kick_power"": 0.0, ""kick_dir"": null}, {""move_vx"": 0.0, ""move_vy"": 0.0, ""kick_power"": 0.0, ""kick_dir"": null}, {""move_vx"": 3.5355339059327373, ""move_vy"": 3.5355339059327373, ""kick_power"": 0.0, ""kick_dir"": null}, {""move_vx"": -4.1012193308819755, ""move_vy"": 4.1012193308819755, ""kick_power"": 0.0, ""kick_dir"": null}, {""move_vx"": -6.680702357132704, ""move_vy"": 2.156064937658775, ""kick_power"": 0.0, ""kick_dir"": null}, {""move_vx"": -0.0, ""move_vy"": -5.4, ""kick_power"": 0.0, ""kick_dir"": null}, {""move_vx"": -6.804040010381794, ""move_vy"": -1.46514147341604, ""kick_power"": 0.0, ""kick_dir"": null}, {""move_vx"": -6.090794042543663, ""move_vy"": 1.6100397297317346, ""kick_power"": 0.0, ""kick_dir"": null}, {""move_vx"": -7.499452043093467, ""move_vy"": 0.09065899481691103, ""kick_power"": 0.0, ""kick_dir"": null}, {""move_vx"": -4.242640687119285, ""move_vy"": -4.242640687119285, ""kick_power"": 0.0, ""kick_dir"": null}, {""move_vx"": -0.0, ""move_vy"": -6.4, ""kick_power"": 0.0, ""kick_dir"": null}, {""move_vx"": -5.399824975044097, ""move_vy"": -0.04347687764809794, ""kick_power"": 0.0, ""kick_dir"": null}, {""move_vx"": -5.693646031378908, ""move_vy"": -0.8717768460811659, ""kick_power"": 0.0, ""kick_dir"": null}]"
2207,86,default,default,0,26.09367089058706,38.27924038394032,20,B,,-0.3835481825142603,-0.03602556978587425,0.41880897521759125,"[{""move_vx"": 0.0, ""move_vy"": 5.0, ""kick_power"": 0.0, ""kick_dir"": null}, {""move_vx"": -4.1012193308819755, ""move_vy"": -4.1012193308819755, ""kick_power"": 0.0, ""kick_dir"": null}, {""move_vx"": 5.4, ""move_vy"": 0.0, ""kick_power"": 0.0, ""kick_dir"": null}, {""move_vx"": 0.0, ""move_vy"": 0.0, ""kick_power"": 0.0, ""kick_dir"": null}, {""move_vx"": -2.8112685974193115, ""move_vy"": -6.366974860415584, ""kick_power"": 0.0, ""kick_dir"": null}, {""move_vx"": 4.313351365237939, ""move_vy"": 4.313351365237939, ""kick_power"": 0.0, ""kick_dir"": null}, {""move_vx"": -4.242640687119285, ""move_vy"": -4.242640687119285, ""kick_power"": 0.0, ""kick_dir"": null}, {""move_vx"": 0.0, ""move_vy"": 0.0, ""kick_power"": 0.0, ""kick_dir"": null}, {""move_vx"": -4.379323205977034, ""move_vy"": -3.310834978912575, ""kick_power"": 0.0, ""kick_dir"": null}, {""move_vx"": 5.477898831688261, ""move_vy"": -2.447983739690356, ""kick_power"": 0.0, ""kick_dir"": null}, {""move_vx"": 0.0, ""move_vy"": 0.0, ""kick_power"": 0.0, ""kick_dir"": null}, {""move_vx"": -0.0, ""move_vy"": 0.0, ""kick_power"": 1.0, ""kick_dir"": [-0.9997741714413863, 0.02124984826358454]}, {""move_vx"": -4.1012193308819755, ""move_vy"": 4.1012193308819755, ""kick_power"": 0.0, ""kick_dir"": null}, {""move_vx"": -6.74640135911883, ""move_vy"": 1.9407392152681413, ""kick_power"": 0.0, ""kick_dir"": null}, {""move_vx"": -0.0, ""move_vy"": -5.4, ""kick_power"": 0.0, ""kick_dir"": null}, {""move_vx"": -6.804040010381794, ""move_vy"": -1.46514147341604, ""kick_power"": 0.0, ""kick_dir"": null}, {""move_vx"": -6.2081665456553266, ""move_vy"": 1.0717593673050017, ""kick_power"": 0.0, ""kick_dir"": null}, {""move_vx"": -7.499452043093466, ""move_vy"": 0.09065899481691113, ""kick_power"": 0.0, ""kick_dir"": null}, {""move_vx"": 4.242640687119285, ""move_vy"": -4.242640687119285, ""kick_power"": 0.0, ""kick_dir"": null}, {""move_vx"": -0.0, ""move_vy"": -6.4, ""kick_power"": 0.0, ""kick_dir"": null}, {""move_vx"": -6.0, ""move_vy"": 0.0, ""kick_power"": 0.0, ""kick_dir"": null}, {""move_vx"": -4.525483399593904, ""move_vy"": -4.525483399593904, ""kick_power"": 0.0, ""kick_dir"": null}]"
2207,87,default,default,0,26.32272120113966,37.629751995626584,20,B,,-0.38805659575048357,-0.003355667956684977,0.4337962413216958,"[{""move_vx"": 3.5355339059327373, ""move_vy"": -3.5355339059327373, ""kick_power"": 0.0, ""kick_dir"": null}, {""move_vx"": 4.007246751712661, ""move_vy"": 6.3869846931778635, ""kick_power"": 0.0, ""kick_dir"": null}, {""move_vx"": 5.4, ""move_vy"": 0.0, ""kick_power"": 0.0, ""kick_dir"": null}, {""move_vx"": 0.0, ""move_vy"": 0.0, ""kick_power"": 0.0, ""kick_dir"": null}, {""move_vx"": -3.0211655726738407, ""move_vy"": -6.270100364626578, ""kick_power"": 0.0, ""kick_dir"": null}, {""move_vx"": 4.313351365237939, ""move_vy"": 4.313351365237939, ""kick_power"": 0.0, ""kick_dir"": null}, {""move_vx"": 7.497801409505076, ""move_vy"": -0.18158750954761596, ""kick_power"": 0.0, ""kick_dir"": null}, {""move_vx"": 0.0, ""move_vy"": 0.0, ""kick_power"": 0.0, ""kick_dir"": null}, {""move_vx"": -4.396657042846234, ""move_vy"": -3.2877814476620255, ""kick_power"": 0.0, ""kick_dir"": null}, {""move_vx"": 5.477898831688261, ""move_vy"": -2.447983739690357, ""kick_power"": 0.0, ""kick_dir"": null}, {""move_vx"": 0.0, ""move_vy"": 0.0, ""kick_power"": 0.0, ""kick_dir"": null}, {""move_vx"": -0.0, ""move_vy"": 0.0, ""kick_power"": 1.0, ""kick_dir"": [-0.9998059829221702, 0.01969635489936879]}, {""move_vx"": -4.1012193308819755, ""move_vy"": 4.1012193308819755, ""kick_power"": 0.0, ""kick_dir"": null}, {""move_vx"": -6.7541376727847, ""move_vy"": 1.9136416323519077, ""kick_power"": 0.0, ""kick_dir"": null}, {""move_vx"": -0.0, ""move_vy"": -5.4, ""kick_power"": 0.0, ""kick_dir"": null}, {""move_vx"": -6.804040010381794, ""move_vy"": -1.4651414734160395, ""kick_power"": 0.0, ""kick_dir"": null}, {""move_vx"": -6.215917950564519, ""move_vy"": 1.025847957472155, ""kick_power"": 0.0, ""kick_dir"": null}, {""move_vx"": -0.0, ""move_vy"": 6.0, ""kick_power"": 0.0, ""kick_dir"": null}, {""move_vx"": 4.242640687119285, ""move_vy"": -4.242640687119285, ""kick_power"": 0.0, ""kick_dir"": null}, {""move_vx"": -0.0, ""move_vy"": -6.4, ""kick_power"": 0.0, ""kick_dir"": null}, {""move_vx"": -6.0, ""move_vy"": 0.0, ""kick_power"": 0.0, ""kick_dir"": null}, {""move_vx"": -4.525483399593904, ""move_vy"": -4.525483399593904, ""kick_power"": 0.0, ""kick_dir"": null}]"
2207,88,default,default,0,24.14541577976198,39.08448195569569,6,A,,-0.1225723875834207,3.558183737967333,-3.75649595972868,"[{""move_vx"": 0.0, ""move_vy"": 5.0, ""kick_power"": 0.0, ""kick_dir"": null}, {""move_vx"": -4.1012193308819755, ""move_vy"": -4.1012193308819755, ""kick_power"": 0.0, ""kick_dir"": null}, {""move_vx"": 5.4, ""move_vy"": 0.0, ""kick_power"": 0.0, ""kick_dir"": null}, {""move_vx"": 0.0, ""move_vy"": 0.0, ""kick_power"": 0.0, ""kick_dir"": null}, {""move_vx"": -2.27872051741036, ""move_vy"": -6.5763996839861445, ""kick_power"": 0.0, ""kick_dir"": null}, {""move_vx"": 4.313351365237939, ""move_vy"": 4.313351365237939, ""kick_power"": 0.0, ""kick_dir"": null}, {""move_vx"": -4.242640687119285, ""move_vy"": -4.242640687119285, ""kick_power"": 0.0, ""kick_dir"": null}, {""move_vx"": 0.0, ""move_vy"": 0.0, ""kick_power"": 0.0, ""kick_dir"": null}, {""move_vx"": 0.0, ""move_vy"": 0.0, ""kick_power"": 0.9, ""kick_dir"": [-0.0400869321565629, -0.9991961343795269]}, {""move_vx"": 0.0, ""move_vy"": 0.0, ""kick_power"": 0.9, ""kick_dir"": [0.9444962495254657, -0.328521015099538]}, {""move_vx"": 0.0, ""move_vy"": 0.0, ""kick_power"": 0.0, ""kick_dir"": null}, {""move_vx"": -0.0, ""move_vy"": 0.0, ""kick_power"": 1.0, ""kick_dir"": [-0.9998294366849538, 0.01846746792971774]}, {""move_vx"": -4.1012193308819755, ""move_vy"": 4.1012193308819755, ""kick_power"": 0.0, ""kick_dir"": null}, {""move_vx"": -6.793326021357678, ""move_vy"": 1.7694975466342615, ""kick_power"": 0.0, ""kick_dir"": null}, {""move_vx"": -0.0, ""move_vy"": -5.4, ""kick_power"": 0.0, ""kick_dir"": null}, {""move_vx"": -6.804040010381794, ""move_vy"": -1.4651414734160393, ""kick_power"": 0.0, ""kick_dir"": null}, {""move_vx"": -6.265493337654787, ""move_vy"": 0.6584779691101907, ""kick_power"": 0.0, ""kick_dir"": null}, {""move_vx"": -5.022864844433671, ""move_vy"": -3.2818940803371937, ""kick_power"": 0.0, ""kick_dir"": null}, {""move_vx"": 4.242640687119285, ""move_vy"": -4.242640687119285, ""kick_power"": 0.0, ""kick_dir"": null}, {""move_vx"": -0.0, ""move_vy"": -6.4, ""kick_power"": 0.0, ""kick_dir"": null}, {""move_vx"": -4.242640687119285, ""move_vy"": 4.242640687119285, ""kick_power"": 0.0, ""kick_dir"": null}, {""move_vx"": -4.525483399593904, ""move_vy"": -4.525483399593904, ""kick_power"": 0.0, ""kick_dir"": null}]"
2207,89,default,default,0,25.285130232128086,39.34660465579462,6,A,,-0.1189830759807161,0.2779684464059487,0.0847826760519649,"[{""move_vx"": -0.05010716301333569, ""move_vy"": -4.249704609995234, ""kick_power"": 0.0, ""kick_dir"": null}, {""move_vx"": 0.0, ""move_vy"": 0.0, ""kick_power"": 0.0, ""kick_dir"": null}, {""move_vx"": 5.332459231328449, ""move_vy"": 0.8513979951937967, ""kick_power"": 0.0, ""kick_dir"": null}, {""move_vx"": 0.0, ""move_vy"": 0.0, ""kick_power"": 0.0, ""kick_dir"": null}, {""move_vx"": 0.0, ""move_vy"": 0.0, ""kick_power"": 0.9, ""kick_dir"": [-0.9876688948509551, 0.15655513902377388]}, {""move_vx"": -4.331891117491385, ""move_vy"": 3.3726576088004006, ""kick_power"": 0.0, ""kick_dir"": null}, {""move_vx"": 0.0, ""move_vy"": 0.0, ""kick_power"": 0.0, ""kick_dir"": null}, {""move_vx"": 0.0, ""move_vy"": -6.0, ""kick_power"": 0.0, ""kick_dir"": null}, {""move_vx"": 7.136701171199353, ""move_vy"": -2.684794478726777, ""kick_power"": 0.0, ""kick_dir"": null}, {""move_vx"": 0.0, ""move_vy"": 0.0, ""kick_power"": 0.9, ""kick_dir"": [0.9444962495254657, -0.328521015099538]}, {""move_vx"": 0.0, ""move_vy"": -6.0, ""kick_power"": 0.0, ""kick_dir"": null}, {""move_vx"": -0.0, ""move_vy"": 0.0, ""kick_power"": 1.0, ""kick_dir"": [-0.9998537112327917, 0.01710280439353744]}, {""move_vx"": -0.0, ""move_vy"": 0.0, ""kick_power"": 0.9, ""kick_dir"": [-0.9227862054024849, -0.38531229393675354]}, {""move_vx"": -4.72917075482794, ""move_vy"": 1.9879245387288045, ""kick_power"": 0.0, ""kick_dir"": null}, {""move_vx"": -5.383918131538798, ""move_vy"": -0.4164439372686152, ""kick_power"": 0.0, ""kick_dir"": null}, {""move_vx"": -6.804040010381793, ""move_vy"": -1.465141473416039, ""kick_power"": 0.0, ""kick_dir"": null}, {""move_vx"": -0.0, ""move_vy"": 0.0, ""kick_power"": 0.0, ""kick_dir"": null}, {""move_vx"": -5.022864844433671, ""move_vy"": -3.281894080337194, ""kick_power"": 0.0, ""kick_dir"": null}, {""move_vx"": 4.242640687119285, ""move_vy"": -4.242640687119285, ""kick_power"": 0.0, ""kick_dir"": null}, {""move_vx"": -0.0, ""move_vy"": 0.0, ""kick_power"": 0.65, ""kick_dir"": [0.2003427040899168, 0.9797257912086365]}, {""move_vx"": -0.0, ""move_vy"": 0.0, ""kick_power"": 0.0, ""kick_dir"": null}, {""move_vx"": -4.525483399593904, ""move_vy"": -4.525483399593904, ""kick_power"": 0.0, ""kick_dir"": null}]"
2207,90,default,default,0,25.238160637574737,38.805790999137486,20,B,,-0.861748486375231,-7.594022871757841,4.157066347107877,"[{""move_vx"": 5.173838317187486, ""move_vy"": -0.8910090165663701, ""kick_power"": 0.0, ""kick_dir"": null}, {""move_vx"": 0.0, ""move_vy"": 0.0, ""kick_power"": 0.0, ""kick_dir"": null}, {""move_vx"": 5.331081102833112, ""move_vy"": 0.8599850434837166, ""kick_power"": 0.0, ""kick_dir"": null}, {""move_vx"": 0.0, ""move_vy"": 0.0, ""kick_power"": 0.0, ""kick_dir"": null}, {""move_vx"": 0.0, ""move_vy"": 0.0, ""kick_power"": 0.9, ""kick_dir"": [-0.9874966199664237, 0.15763825772589088]}, {""move_vx"": 5.404667981307651, ""move_vy"": 2.828350051147819, ""kick_power"": 0.0, ""kick_dir"": null}, {""move_vx"": 4.154067291471372, ""move_vy"": -2.958669453982261, ""kick_power"": 0.0, ""kick_dir"": null}, {""move_vx"": 0.0, ""move_vy"": -6.0, ""kick_power"": 0.0, ""kick_dir"": null}, {""move_vx"": 7.138825372247598, ""move_vy"": -2.6791411505469354, ""kick_power"": 0.0, ""kick_dir"": null}, {""move_vx"": 0.0, ""move_vy"": 0.0, ""kick_power"": 0.9, ""kick_dir"": [0.8899632219330534, -0.4560315024359838]}, {""move_vx"": 0.0, ""move_vy"": -6.0, ""kick_power"": 0.0, ""kick_dir"": null}, {""move_vx"": -0.0, ""move_vy"": 0.0, ""kick_power"": 1.0, ""kick_dir"": [-0.999889032223793, 0.014895401157212895]}, {""move_vx"": -0.0, ""move_vy"": 5.8, ""kick_power"": 0.0, ""kick_dir"": null}, {""move_vx"": -4.689277474508657, ""move_vy"": 2.080282857465713, ""kick_power"": 0.0, ""kick_dir"": null}, {""move_vx"": -0.0, ""move_vy"": 0.0, ""kick_power"": 0.9, ""kick_dir"": [-0.35790433626908363, 0.9337581353186101]}, {""move_vx"": -6.804040010381794, ""move_vy"": -1.4651414734160388, ""kick_power"": 0.0, ""kick_dir"": null}, {""move_vx"": -0.0, ""move_vy"": 0.0, ""kick_power"": 0.0, ""kick_dir"": null}, {""move_vx"": -5.02286484443367, ""move_vy"": -3.281894080337194, ""kick_power"": 0.0, ""kick_dir"": null}, {""move_vx"": 4.242640687119285, ""move_vy"": -4.242640687119285, ""kick_power"": 0.0, ""kick_dir"": null}, {""move_vx"": -0.0, ""move_vy"": 0.0, ""kick_power"": 0.65, ""kick_dir"": [-0.10573615593343699, 0.9943941345092677]}, {""move_vx"": -0.0, ""move_vy"": 0.0, ""kick_power"": 0.0, ""kick_dir"": null}, {""move_vx"": -6.4, ""move_vy"": 0.0, ""kick_power"": 0.0, ""kick_dir"": null}]"
2207,91,default,default,0,26.089046827225566,37.5989761101424,20,B,,-0.877796572036948,0.03161665792171743,0.4701766146785298,"[{""move_vx"": 0.0, ""move_vy"": 5.0, ""kick_power"": 0.0, ""kick_dir"": null}, {""move_vx"": 3.753836479228411, ""move_vy"": 6.539136922195012, ""kick_power"": 0.0, ""kick_dir"": null}, {""move_vx"": 5.340138484694003, ""move_vy"": 0.8018235244054954, ""kick_power"": 0.0, ""kick_dir"": null}, {""move_vx"": 0.0, ""move_vy"": 0.0, ""kick_power"": 0.0, ""kick_dir"": null}, {""move_vx"": -3.8823195314535495, ""move_vy"": -5.776607573281597, ""kick_power"": 0.0, ""kick_dir"": null}, {""move_vx"": 4.313351365237939, ""move_vy"": 4.313351365237939, ""kick_power"": 0.0, ""kick_dir"": null}, {""move_vx"": 5.397810585290234, ""move_vy"": -0.15375592778396474, ""kick_power"": 0.0, ""kick_dir"": null}, {""move_vx"": 4.242640687119285, ""move_vy"": 4.242640687119285, ""kick_power"": 0.0, ""kick_dir"": null}, {""move_vx"": -4.566298383441886, ""move_vy"": -3.0477892107847646, ""kick_power"": 0.0, ""kick_dir"": null}, {""move_vx"": 0.0, ""move_vy"": 0.0, ""kick_power"": 0.9, ""kick_dir"": [0.8280774891289572, -0.5606130488438793]}, {""move_vx"": 0.0, ""move_vy"": 0.0, ""kick_power"": 0.0, ""kick_dir"": null}, {""move_vx"": -0.0, ""move_vy"": 0.0, ""kick_power"": 1.0, ""kick_dir"": [-0.9999176831610267, 0.012828740839034986]}, {""move_vx"": -4.1012193308819755, ""move_vy"": 4.1012193308819755, ""kick_power"": 0.0, ""kick_dir"": null}, {""move_vx"": -6.740057804373254, ""move_vy"": 1.9626565653998655, ""kick_power"": 0.0, ""kick_dir"": null}, {""move_vx"": -0.0, ""move_vy"": -5.4, ""kick_power"": 0.0, ""kick_dir"": null}, {""move_vx"": -6.804040010381794, ""move_vy"": -1.4651414734160386, ""kick_power"": 0.0, ""kick_dir"": null}, {""move_vx"": -6.174330373641325, ""move_vy"": 1.2520560838597354, ""kick_power"": 0.0, ""kick_dir"": null}, {""move_vx"": -0.0, ""move_vy"": 6.0, ""kick_power"": 0.0, ""kick_dir"": null}, {""move_vx"": 4.242640687119285, ""move_vy"": -4.242640687119285, ""kick_power"": 0.0, ""kick_dir"": null}, {""move_vx"": -0.0, ""move_vy"": -6.4, ""kick_power"": 0.0, ""kick_dir"": null}, {""move_vx"": -6.0, ""move_vy"": 0.0, ""kick_power"": 0.0, ""kick_dir"": null}, {""move_vx"": -4.525483399593904, ""move_vy"": -4.525483399593904, ""kick_power"": 0.0, ""kick_dir"": null}]"
2207,92,default,default,0,23.970754375982295,38.93652613360778,6,A,,-0.6135166167303042,3.5530846407177514,-3.7536958156110045,"[{""move_vx"": 0.0, ""move_vy"": 5.0, ""kick_power"": 0.0, ""kick_dir"": null}, {""move_vx"": -4.1012193308819755, ""move_vy"": -4.1012193308819755, ""kick_power"": 0.0, ""kick_dir"": null}, {""move_vx"": 5.360070666846995, ""move_vy"": 0.655471163672679, ""kick_power"": 0.0, ""kick_dir"": null}, {""move_vx"": 0.0, ""move_vy"": 0.0, ""kick_power"": 0.0, ""kick_dir"": null}, {""move_vx"": 0.0, ""move_vy"": 0.0, ""kick_power"": 0.4, ""kick_dir"": [-0.9919882436569843, 0.1263277610780114]}, {""move_vx"": 6.1, ""move_vy"": 0.0, ""kick_power"": 0.0, ""kick_dir"": null}, {""move_vx"": -4.242640687119285, ""move_vy"": -4.242640687119285, ""kick_power"": 0.0, ""kick_dir"": null}, {""move_vx"": 4.242640687119285, ""move_vy"": 4.242640687119285, ""kick_power"": 0.0, ""kick_dir"": null}, {""move_vx"": 0.0, ""move_vy"": 0.0, ""kick_power"": 0.9, ""kick_dir"": [-0.06747514743084436, -0.9977208915148004]}, {""move_vx"": -4.242640687119285, ""move_vy"": -4.242640687119285, ""kick_power"": 0.0, ""kick_dir"": null}, {""move_vx"": 0.0, ""move_vy"": 0.0, ""kick_power"": 0.0, ""kick_dir"": null}, {""move_vx"": -0.0, ""move_vy"": 0.0, ""kick_power"": 1.0, ""kick_dir"": [-0.9999325625568629, 0.011611200565005114]}, {""move_vx"": -4.1012193308819755, ""move_vy"": 4.1012193308819755, ""kick_power"": 0.0, ""kick_dir"": null}, {""move_vx"": -6.807668019230716, ""move_vy"": 1.7134923810578595, ""kick_power"": 0.0, ""kick_dir"": null}, {""move_vx"": -0.0, ""move_vy"": -5.4, ""kick_power"": 0.0, ""kick_dir"": null}, {""move_vx"": -6.804040010381795, ""move_vy"": -1.4651414734160384, ""kick_power"": 0.0, ""kick_dir"": null}, {""move_vx"": -6.271671764315241, ""move_vy"": 0.5967690346280982, ""kick_power"": 0.0, ""kick_dir"": null}, {""move_vx"": -4.9852571636231895, ""move_vy"": -3.3387439273690442, ""kick_power"": 0.0, ""kick_dir"": null}, {""move_vx"": 4.242640687119285, ""move_vy"": -4.242640687119285, ""kick_power"": 0.0, ""kick_dir"": null}, {""move_vx"": -0.0, ""move_vy"": -6.4, ""kick_power"": 0.0, ""kick_dir"": null}, {""move_vx"": -4.242640687119285, ""move_vy"": 4.242640687119285, ""kick_power"": 0.0, ""kick_dir"": null}, {""move_vx"": -4.525483399593904, ""move_vy"": -4.525483399593904, ""kick_power"": 0.0, ""kick_dir"": null}]"
2207,93,default,default,0,25.274414721363005,39.70753489067534,6,A,,-0.6076200443591783,0.30055524823339513,0.08255231530463483,"[{""move_vx"": -0.06561872842672455, ""move_vy"": -4.249493403039904, ""kick_power"": 0.0, ""kick_dir"": null}, {""move_vx"": 0.0, ""move_vy"": 0.0, ""kick_power"": 0.9, ""kick_dir"": [-0.10743035877429456, 0.9942125884191187]}, {""move_vx"": 5.334066849959283, ""move_vy"": 0.8412674011070739, ""kick_power"": 0.0, ""kick_dir"": null}, {""move_vx"": 5.343517730528464, ""move_vy"": -0.7789854064922754, ""kick_power"": 0.0, ""kick_dir"": null}, {""move_vx"": 0.0, ""move_vy"": 0.0, ""kick_power"": 0.9, ""kick_dir"": [-0.9986424470520654, 0.05208332842849298]}, {""move_vx"": 5.407362770460024, ""move_vy"": 2.8231946211061847, ""kick_power"": 0.0, ""kick_dir"": null}, {""move_vx"": 5.860973796074605, ""move_vy"": 1.284128561214502, ""kick_power"": 0.0, ""kick_dir"": null}, {""move_vx"": 0.0, ""move_vy"": -6.0, ""kick_power"": 0.0, ""kick_dir"": null}, {""move_vx"": 7.1559128488945545, ""move_vy"": -2.63316089501303, ""kick_power"": 0.0, ""kick_dir"": null}, {""move_vx"": 0.0, ""move_vy"": 0.0, ""kick_power"": 0.9, ""kick_dir"": [0.8936467972696528, -0.44877025633763684]}, {""move_vx"": 0.0, ""move_vy"": -6.0, ""kick_power"": 0.0, ""kick_dir"": null}, {""move_vx"": -0.0, ""move_vy"": 0.0, ""kick_power"": 1.0, ""kick_dir"": [-0.9999448192832278, 0.010502760537224992]}, {""move_vx"": -0.0, ""move_vy"": 0.0, ""kick_power"": 0.9, ""kick_dir"": [-0.9143198668136797, -0.4049927477291181]}, {""move_vx"": -4.7341355360347235, ""move_vy"": 1.976072044853938, ""kick_power"": 0.0, ""kick_dir"": null}, {""move_vx"": -5.3887130402783425, ""move_vy"": -0.3489581200289746, ""kick_power"": 0.0, ""kick_dir"": null}, {""move_vx"": -6.804040010381794, ""move_vy"": -1.465141473416038, ""kick_power"": 0.0, ""kick_dir"": null}, {""move_vx"": -0.0, ""move_vy"": 0.0, ""kick_power"": 0.0, ""kick_dir"": null}, {""move_vx"": -4.953125819686312, ""move_vy"": 2.82073476497823, ""kick_power"": 0.0, ""kick_dir"": null}, {""move_vx"": 4.242640687119285, ""move_vy"": -4.242640687119285, ""kick_power"": 0.0, ""kick_dir"": null}, {""move_vx"": -0.0, ""move_vy"": 0.0, ""kick_power"": 0.65, ""kick_dir"": [-0.14963028515953708, 0.9887419373751005]}, {""move_vx"": -0.0, ""move_vy"": 0.0, ""kick_power"": 0.0, ""kick_dir"": null}, {""move_vx"": -4.525483399593904, ""move_vy"": -4.525483399593904, ""kick_power"": 0.0, ""kick_dir"": null}]"
2207,94,default,default,0,24.16380142915688,39.387966159638204,6,A,,-0.5958560239268884,0.0063039287962454935,-0.0743573662853276,"[{""move_vx"": 5.170749045233, ""move_vy"": -0.9087652673941834, ""kick_power"": 0.0, ""kick_dir"": null}, {""move_vx"": 0.0, ""move_vy"": 0.0, ""kick_power"": 0.0, ""kick_dir"": null}, {""move_vx"": 5.323534186285219, ""move_vy"": 0.9055295508444672, ""kick_power"": 0.0, ""kick_dir"": null}, {""move_vx"": 5.352939654995066, ""move_vy"": -0.7113628117784296, ""kick_power"": 0.0, ""kick_dir"": null}, {""move_vx"": 0.0, ""move_vy"": 0.0, ""kick_power"": 0.9, ""kick_dir"": [-0.9994218246011684, -0.03399110569707201]}, {""move_vx"": 5.409409917681855, ""move_vy"": 2.81927017905081, ""kick_power"": 0.0, ""kick_dir"": null}, {""move_vx"": 4.136160061486968, ""move_vy"": -2.983652115404897, ""kick_power"": 0.0, ""kick_dir"": null}, {""move_vx"": 0.0, ""move_vy"": -6.0, ""kick_power"": 0.0, ""kick_dir"": null}, {""move_vx"": 7.157984262225764, ""move_vy"": -2.627524748071517, ""kick_power"": 0.0, ""kick_dir"": null}, {""move_vx"": 0.0, ""move_vy"": 0.0, ""kick_power"": 0.9, ""kick_dir"": [0.8385929187457434, -0.544758018258011]}, {""move_vx"": 4.242640687119285, ""move_vy"": 4.242640687119285, ""kick_power"": 0.0, ""kick_dir"": null}, {""move_vx"": -0.0, ""move_vy"": 0.0, ""kick_power"": 1.0, ""kick_dir"": [-0.9999648354120546, 0.008383166620025253]}, {""move_vx"": -6.90264844677252, ""move_vy"": 0.8916526343082891, ""kick_power"": 0.0, ""kick_dir"": null}, {""move_vx"": -4.6591891925062425, ""move_vy"": 2.1468246478073207, ""kick_power"": 0.0, ""kick_dir"": null}, {""move_vx"": 4.518034062958775, ""move_vy"": 0.8096099097369189, ""kick_power"": 0.0, ""kick_dir"": null}, {""move_vx"": -5.780136836128013, ""move_vy"": 0.47960208051680425, ""kick_power"": 0.0, ""kick_dir"": null}, {""move_vx"": -0.0, ""move_vy"": 0.0, ""kick_power"": 0.0, ""kick_dir"": null}, {""move_vx"": 4.242640687119285, ""move_vy"": 4.242640687119285, ""kick_power"": 0.0, ""kick_dir"": null}, {""move_vx"": 4.242640687119285, ""move_vy"": -4.242640687119285, ""kick_power"": 0.0, ""kick_dir"": null}, {""move_vx"": -0.0, ""move_vy"": 0.0, ""kick_power"": 0.65, ""kick_dir"": [0.11908949980543439, 0.9928834412703834]}, {""move_vx"": -3.255150983611887, ""move_vy"": 4.30859513924093, ""kick_power"": 0.0, ""kick_dir"": null}, {""move_vx"": -5.759855196423784, ""move_vy"": 0.04084257863978721, ""kick_power"": 0.0, ""kick_dir"": null}]"
2207,95,default,default,0,25.363156143240982,39.360146621447115,6,A,,-0.595092174418483,0.2800510643967947,0.09274845399153996,"[{""move_vx"": 5.171199741374495, ""move_vy"": -0.9061971280071263, ""kick_power"": 0.0, ""kick_dir"": null}, {""move_vx"": 0.0, ""move_vy"": 5.8, ""kick_power"": 0.0, ""kick_dir"": null}, {""move_vx"": 5.32613607160749, ""move_vy"": 0.8900980545544067, ""kick_power"": 0.0, ""kick_dir"": null}, {""move_vx"": 3.8183766184073566, ""move_vy"": 3.8183766184073566, ""kick_power"": 0.0, ""kick_dir"": null}, {""move_vx"": 0.0, ""move_vy"": 0.0, ""kick_power"": 0.9, ""kick_dir"": [-0.9918184126806258, -0.1276541624843044]}, {""move_vx"": 5.411463814490107, ""move_vy"": 2.8153258043189555, ""kick_power"": 0.0, ""kick_dir"": null}, {""move_vx"": 0.0, ""move_vy"": 0.0, ""kick_power"": 0.0, ""kick_dir"": null}, {""move_vx"": 0.0, ""move_vy"": -6.0, ""kick_power"": 0.0, ""kick_dir"": null}, {""move_vx"": 7.160063150193323, ""move_vy"": -2.6218544363186296, ""kick_power"": 0.0, ""kick_dir"": null}, {""move_vx"": 0.0, ""move_vy"": 0.0, ""kick_power"": 0.9, ""kick_dir"": [0.8966131927449125, -0.4428139384106451]}, {""move_vx"": 0.0, ""move_vy"": -6.0, ""kick_power"": 0.0, ""kick_dir"": null}, {""move_vx"": -0.0, ""move_vy"": 0.0, ""kick_power"": 1.0, ""kick_dir"": [-0.9999817883508408, 0.006030958794581284]}, {""move_vx"": -4.1012193308819755, ""move_vy"": 4.1012193308819755, ""kick_power"": 0.0, ""kick_dir"": null}, {""move_vx"": -4.705799567295758, ""move_vy"": 2.0426332104514144, ""kick_power"": 0.0, ""kick_dir"": null}, {""move_vx"": 4.518034062958775, ""move_vy"": 0.8096099097369178, ""kick_power"": 0.0, ""kick_dir"": null}, {""move_vx"": -6.801212332404806, ""move_vy"": -1.478212031321883, ""kick_power"": 0.0, ""kick_dir"": null}, {""move_vx"": -0.0, ""move_vy"": 0.0, ""kick_power"": 0.0, ""kick_dir"": null}, {""move_vx"": -4.964679216311675, ""move_vy"": -3.369267024016188, ""kick_power"": 0.0, ""kick_dir"": null}, {""move_vx"": 4.242640687119285, ""move_vy"": -4.242640687119285, ""kick_power"": 0.0, ""kick_dir"": null}, {""move_vx"": -0.0, ""move_vy"": 0.0, ""kick_power"": 0.65, ""kick_dir"": [0.11908949980543439, 0.9928834412703834]}, {""move_vx"": -0.0, ""move_vy"": 0.0, ""kick_power"": 0.0, ""kick_dir"": null}, {""move_vx"": -5.759987858182441, ""move_vy"": -0.011826816599205571, ""kick_power"": 0.0, ""kick_dir"": null}]"
2207,96,default,default,0,25.334954065520577,38.84176442809398,6,A,,-0.590322798824219,0.13610216060803654,0.011038707511785902,"[{""move_vx"": 5.1716482977982166, ""move_vy"": -0.9036337111245922, ""kick_power"": 0.0, ""kick_dir"": null}, {""move_vx"": 0.0, ""move_vy"": 0.0, ""kick_power"": 0.0, ""kick_dir"": null}, {""move_vx"": 5.330531707579991, ""move_vy"": 0.8633838743481087, ""kick_power"": 0.0, ""kick_dir"": null}, {""move_vx"": 5.343871130768444, ""move_vy"": -0.7765573628133267, ""kick_power"": 0.0, ""kick_dir"": null}, {""move_vx"": 0.0, ""move_vy"": 0.0, ""kick_power"": 0.9, ""kick_dir"": [-0.9922974423672135, -0.12387542039922422]}, {""move_vx"": 5.4135245132640435, ""move_vy"": 2.8113612973592175, ""kick_power"": 0.0, ""kick_dir"": null}, {""move_vx"": 4.140815364897452, ""move_vy"": -2.977187954064905, ""kick_power"": 0.0, ""kick_dir"": null}, {""move_vx"": 0.0, ""move_vy"": -6.0, ""kick_power"": 0.0, ""kick_dir"": null}, {""move_vx"": 7.162149586928794, ""move_vy"": -2.616149516838764, ""kick_power"": 0.0, ""kick_dir"": null}, {""move_vx"": 0.0, ""move_vy"": 0.0, ""kick_power"": 0.9, ""kick_dir"": [0.8470882663194723, -0.531451694493304]}, {""move_vx"": 0.0, ""move_vy"": -6.0, ""kick_power"": 0.0, ""kick_dir"": null}, {""move_vx"": -0.0, ""move_vy"": 0.0, ""kick_power"": 1.0, ""kick_dir"": [-0.9999922084431461, 0.003941129703126532]}, {""move_vx"": -4.1012193308819755, ""move_vy"": 4.1012193308819755, ""kick_power"": 0.0, ""kick_dir"": null}, {""move_vx"": -4.676920796213355, ""move_vy"": 2.10791647508791, ""kick_power"": 0.0, ""kick_dir"": null}, {""move_vx"": 4.518034062958775, ""move_vy"": 0.8096099097369168, ""kick_power"": 0.0, ""kick_dir"": null}, {""move_vx"": -6.6017027561215, ""move_vy"": -2.2043413346888454, ""kick_power"": 0.0, ""kick_dir"": null}, {""move_vx"": -0.0, ""move_vy"": 0.0, ""kick_power"": 0.0, ""kick_dir"": null}, {""move_vx"": -4.9646792163116755, ""move_vy"": -3.369267024016187, ""kick_power"": 0.0, ""kick_dir"": null}, {""move_vx"": 4.242640687119285, ""move_vy"": -4.242640687119285, ""kick_power"": 0.0, ""kick_dir"": null}, {""move_vx"": -0.0, ""move_vy"": 0.0, ""kick_power"": 0.65, ""kick_dir"": [0.11908949980543439, 0.9928834412703834]}, {""move_vx"": -0.0, ""move_vy"": 0.0, ""kick_power"": 0.0, ""kick_dir"": null}, {""move_vx"": -5.759974969421891, ""move_vy"": -0.016980919683181103, ""kick_power"": 0.0, ""kick_dir"": null}]"
2207,97,default,default,0,24.698950584440723,38.29263277142858,6,A,,-0.5826704103808183,0.0622684677154544,-0.03931141192922188,"[{""move_vx"": 5.172094722047623, ""move_vy"": -0.9010750169476, ""kick_power"": 0.0, ""kick_dir"": null}, {""move_vx"": 0.0, ""move_vy"": 0.0, ""kick_power"": 0.0, ""kick_dir"": null}, {""move_vx"": 5.340113992792104, ""move_vy"": 0.8019866233210987, ""kick_power"": 0.0, ""kick_dir"": null}, {""move_vx"": 5.338278209414977, ""move_vy"": -0.8141165511677256, ""kick_power"": 0.0, ""kick_dir"": null}, {""move_vx"": 0.0, ""move_vy"": 0.0, ""kick_power"": 0.9, ""kick_dir"": [-0.9737534754283119, -0.2276037706680642]}, {""move_vx"": 5.415592067064281, ""move_vy"": 2.8073764555453575, ""kick_power"": 0.0, ""kick_dir"": null}, {""move_vx"": 0.0, ""move_vy"": -6.0, ""kick_power"": 0.0, ""kick_dir"": null}, {""move_vx"": 0.0, ""move_vy"": -6.0, ""kick_power"": 0.0, ""kick_dir"": null}, {""move_vx"": 7.164243647855451, ""move_vy"": -2.610409537632519, ""kick_power"": 0.0, ""kick_dir"": null}, {""move_vx"": 0.0, ""move_vy"": 0.0, ""kick_power"": 0.9, ""kick_dir"": [0.7958172356025419, -0.6055364532878734]}, {""move_vx"": 0.0, ""move_vy"": -6.0, ""kick_power"": 0.0, ""kick_dir"": null}, {""move_vx"": -0.0, ""move_vy"": 0.0, ""kick_power"": 1.0, ""kick_dir"": [-0.9999977241608589, 0.002121573827144511]}, {""move_vx"": -0.0, ""move_vy"": 5.8, ""kick_power"": 0.0, ""kick_dir"": null}, {""move_vx"": -4.708318769967017, ""move_vy"": 2.0368196681042425, ""kick_power"": 0.0, ""kick_dir"": null}, {""move_vx"": -0.0, ""move_vy"": 0.0, ""kick_power"": 0.4, ""kick_dir"": [-0.8333611542998013, -0.5527285714954747]}, {""move_vx"": -6.802497111799897, ""move_vy"": -1.472288369835902, ""kick_power"": 0.0, ""kick_dir"": null}, {""move_vx"": -0.0, ""move_vy"": 0.0, ""kick_power"": 0.0, ""kick_dir"": null}, {""move_vx"": -4.9646792163116755, ""move_vy"": -3.369267024016187, ""kick_power"": 0.0, ""kick_dir"": null}, {""move_vx"": 4.242640687119285, ""move_vy"": -4.242640687119285, ""kick_power"": 0.0, ""kick_dir"": null}, {""move_vx"": -0.0, ""move_vy"": 0.0, ""kick_power"": 0.65, ""kick_dir"": [0.11908949980543439, 0.9928834412703834]}, {""move_vx"": -0.0, ""move_vy"": 0.0, ""kick_power"": 0.0, ""kick_dir"": null}, {""move_vx"": -5.759003274332679, ""move_vy"": -0.10715076399864062, ""kick_power"": 0.0, ""kick_dir"": null}]"
2207,98,default,default,0,25.92178888031147,38.059963720547906,-1,,,-0.591548619911188,0.5272871797105911,-0.49621475839826745,"[{""move_vx"": -0.13795087428950392, ""move_vy"": -4.247760534244223, ""kick_power"": 0.0, ""kick_dir"": null}, {""move_vx"": 0.0, ""move_vy"": 0.0, ""kick_power"": 0.0, ""kick_dir"": null}, {""move_vx"": 5.348254027417817, ""move_vy"": 0.7457739994187891, ""kick_power"": 0.0, ""kick_dir"": null}, {""move_vx"": 5.330873751836505, ""move_vy"": -0.8612694363441661, ""kick_power"": 0.0, ""kick_dir"": null}, {""move_vx"": 0.0, ""move_vy"": 0.0, ""kick_power"": 0.9, ""kick_dir"": [-0.9419672698628925, -0.33570366486100417]}, {""move_vx"": -4.747567770378752, ""move_vy"": 2.7569367540190184, ""kick_power"": 0.0, ""kick_dir"": null}, {""move_vx"": 0.0, ""move_vy"": 0.0, ""kick_power"": 0.0, ""kick_dir"": null}, {""move_vx"": 0.0, ""move_vy"": -6.0, ""kick_power"": 0.0, ""kick_dir"": null}, {""move_vx"": 7.166345409720903, ""move_vy"": -2.6046340373595944, ""kick_power"": 0.0, ""kick_dir"": null}, {""move_vx"": 0.0, ""move_vy"": 0.0, ""kick_power"": 0.9, ""kick_dir"": [0.7453616770795726, -0.6666599378737804]}, {""move_vx"": 0.0, ""move_vy"": -6.0, ""kick_power"": 0.0, ""kick_dir"": null}, {""move_vx"": -0.0, ""move_vy"": 0.0, ""kick_power"": 1.0, ""kick_dir"": [-0.999999659448165, 0.0007940128734074902]}, {""move_vx"": -0.0, ""move_vy"": 5.8, ""kick_power"": 0.0, ""kick_dir"": null}, {""move_vx"": -4.755166178702769, ""move_vy"": 1.9249141832615024, ""kick_power"": 0.0, ""kick_dir"": null}, {""move_vx"": -6.455348482898706, ""move_vy"": -0.5646910344049972, ""kick_power"": 0.0, ""kick_dir"": null}, {""move_vx"": -6.802497111799897, ""move_vy"": -1.472288369835901, ""kick_power"": 0.0, ""kick_dir"": null}, {""move_vx"": -0.0, ""move_vy"": 0.0, ""kick_power"": 0.0, ""kick_dir"": null}, {""move_vx"": -4.964679216311675, ""move_vy"": -3.369267024016186, ""kick_power"": 0.0, ""kick_dir"": null}, {""move_vx"": 6.0, ""move_vy"": 0.0, ""kick_power"": 0.0, ""kick_dir"": null}, {""move_vx"": -4.525483399593904, ""move_vy"": -4.525483399593904, ""kick_power"": 0.0, ""kick_dir"": null}, {""move_vx"": -0.0, ""move_vy"": 0.0, ""kick_power"": 0.0, ""kick_dir"": null}, {""move_vx"": -8.315279938691612, ""move_vy"": -0.2802133851064454, ""kick_power"": 0.0, ""kick_dir"": null}]"
2207,99,default,default,0,26.409178851086324,37.70213060884548,20,B,,-0.5999166432812166,0.029316597850168317,2.9014618155717287,"[{""move_vx"": 0.0, ""move_vy"": 5.0, ""kick_power"": 0.0, ""kick_dir"": null}, {""move_vx"": 3.560168054795898, ""move_vy"": 5.9805353791789235, ""kick_power"": 0.0, ""kick_dir"": null}, {""move_vx"": 0.0, ""move_vy"": 0.0, ""kick_power"": 0.0, ""kick_dir"": null}, {""move_vx"": 0.0, ""move_vy"": 0.0, ""kick_power"": 0.0, ""kick_dir"": null}, {""move_vx"": 5.8, ""move_vy"": 0.0, ""kick_power"": 0.0, ""kick_dir"": null}, {""move_vx"": -4.313351365237939, ""move_vy"": 4.313351365237939, ""kick_power"": 0.0, ""kick_dir"": null}, {""move_vx"": 0.0, ""move_vy"": 6.0, ""kick_power"": 0.0, ""kick_dir"": null}, {""move_vx"": 0.0, ""move_vy"": 0.0, ""kick_power"": 0.0, ""kick_dir"": null}, {""move_vx"": -4.666663678416739, ""move_vy"": -2.891772832112847, ""kick_power"": 0.0, ""kick_dir"": null}, {""move_vx"": -5.211312120845245, ""move_vy"": -2.3091613150950345, ""kick_power"": 0.0, ""kick_dir"": null}, {""move_vx"": 0.0, ""move_vy"": 0.0, ""kick_power"": 0.0, ""kick_dir"": null}, {""move_vx"": -0.0, ""move_vy"": 0.0, ""kick_power"": 1.0, ""kick_dir"": [-0.9999998873185343, -0.00041793065345435953]}, {""move_vx"": -4.1012193308819755, ""move_vy"": 4.1012193308819755, ""kick_power"": 0.0, ""kick_dir"": null}, {""move_vx"": -6.278788133092977, ""move_vy"": 1.60225453025754, ""kick_power"": 0.0, ""kick_dir"": null}, {""move_vx"": -6.449967443499362, ""move_vy"": -0.6231532538616116, ""kick_power"": 0.0, ""kick_dir"": null}, {""move_vx"": -5.590954504008341, ""move_vy"": -1.5431227216617753, ""kick_power"": 0.0, ""kick_dir"": null}, {""move_vx"": -0.0, ""move_vy"": 0.0, ""kick_power"": 0.0, ""kick_dir"": null}, {""move_vx"": -4.964679216311676, ""move_vy"": -3.3692670240161853, ""kick_power"": 0.0, ""kick_dir"": null}, {""move_vx"": 6.0, ""move_vy"": 0.0, ""kick_power"": 0.0, ""kick_dir"": null}, {""move_vx"": -4.525483399593904, ""move_vy"": -4.525483399593904, ""kick_power"": 0.0, ""kick_dir"": null}, {""move_vx"": -6.214930830943102, ""move_vy"": -1.031811400689534, ""kick_power"": 0.0, ""kick_dir"": null}, {""move_vx"": -8.315022753287039, ""move_vy"": -0.28774400483561013, ""kick_power"": 0.0, ""kick_dir"": null}]"
2207,100,default,default,0,25.969105402373227,37.27238623959139,20,B,,-0.6025364892361796,-0.05005396474016614,0.4018933797711907,"[{""move_vx"": 0.0, ""move_vy"": 5.0, ""kick_power"": 0.0, ""kick_dir"": null}, {""move_vx"": -4.1012193308819755, ""move_vy"": -4.1012193308819755, ""kick_power"": 0.0, ""kick_dir"": null}, {""move_vx"": 0.0, ""move_vy"": 0.0, ""kick_power"": 0.0, ""kick_dir"": null}, {""move_vx"": 0.0, ""move_vy"": 0.0, ""kick_power"": 0.0, ""kick_dir"": null}, {""move_vx"": -4.1012193308819755, ""move_vy"": 4.1012193308819755, ""kick_power"": 0.0, ""kick_dir"": null}, {""move_vx"": 4.313351365237939, ""move_vy"": 4.313351365237939, ""kick_power"": 0.0, ""kick_dir"": null}, {""move_vx"": -4.242640687119285, ""move_vy"": -4.242640687119285, ""kick_power"": 0.0, ""kick_dir"": null}, {""move_vx"": 0.0, ""move_vy"": 0.0, ""kick_power"": 0.0, ""kick_dir"": null}, {""move_vx"": -4.613419843217933, ""move_vy"": -2.9759800654915383, ""kick_power"": 0.0, ""kick_dir"": null}, {""move_vx"": 0.0, ""move_vy"": 0.0, ""kick_power"": 1.0, ""kick_dir"": [0.9991876796527294, -0.040298160729079685]}, {""move_vx"": 0.0, ""move_vy"": 0.0, ""kick_power"": 0.0, ""kick_dir"": null}, {""move_vx"": -0.0, ""move_vy"": 0.0, ""kick_power"": 1.0, ""kick_dir"": [-0.9999995453551421, -0.0009265751203900538]}, {""move_vx"": -4.1012193308819755, ""move_vy"": 4.1012193308819755, ""kick_power"": 0.0, ""kick_dir"": null}, {""move_vx"": -6.81964025901719, ""move_vy"": 1.6652047134187347, ""kick_power"": 0.0, ""kick_dir"": null}, {""move_vx"": -0.0, ""move_vy"": -5.4, ""kick_power"": 0.0, ""kick_dir"": null}, {""move_vx"": -0.0, ""move_vy"": 0.0, ""kick_power"": 0.9, ""kick_dir"": [-0.9202361189253067, 0.3913635288872324]}, {""move_vx"": -6.262080995543817, ""move_vy"": 0.6901750540616346, ""kick_power"": 0.0, ""kick_dir"": null}, {""move_vx"": -4.964679216311678, ""move_vy"": -3.3692670240161835, ""kick_power"": 0.0, ""kick_dir"": null}, {""move_vx"": 4.242640687119285, ""move_vy"": -4.242640687119285, ""kick_power"": 0.0, ""kick_dir"": null}, {""move_vx"": -0.0, ""move_vy"": -6.4, ""kick_power"": 0.0, ""kick_dir"": null}, {""move_vx"": 5.099271792001227, ""move_vy"": -0.08618115397572275, ""kick_power"": 0.0, ""kick_dir"": null}, {""move_vx"": -6.4, ""move_vy"": 0.0, ""kick_power"": 0.0, ""kick_dir"": null}]"
2207,101,default,default,0,26.387586028594832,37.66691766546923,20,B,,-0.6057401203030137,0.02372081699165904,0.42888258664101286,"[{""move_vx"": 0.0, ""move_vy"": 5.0, ""kick_power"": 0.0, ""kick_dir"": null}, {""move_vx"": -4.1012193308819755, ""move_vy"": -4.1012193308819755, ""kick_power"": 0.0, ""kick_dir"": null}, {""move_vx"": 5.208475313533568, ""move_vy"": -1.4254069272707386, ""kick_power"": 0.0, ""kick_dir"": null}, {""move_vx"": 0.0, ""move_vy"": 0.0, ""kick_power"": 0.0, ""kick_dir"": null}, {""move_vx"": -2.9466057416367986, ""move_vy"": -6.305482900092035, ""kick_power"": 0.0, ""kick_dir"": null}, {""move_vx"": 4.313351365237939, ""move_vy"": 4.313351365237939, ""kick_power"": 0.0, ""kick_dir"": null}, {""move_vx"": -4.242640687119285, ""move_vy"": -4.242640687119285, ""kick_power"": 0.0, ""kick_dir"": null}, {""move_vx"": 0.0, ""move_vy"": 0.0, ""kick_power"": 0.0, ""kick_dir"": null}, {""move_vx"": -4.6016721834493195, ""move_vy"": -2.9941130767004736, ""kick_power"": 0.0, ""kick_dir"": null}, {""move_vx"": 4.242640687119285, ""move_vy"": -4.242640687119285, ""kick_power"": 0.0, ""kick_dir"": null}, {""move_vx"": 0.0, ""move_vy"": 0.0, ""kick_power"": 0.0, ""kick_dir"": null}, {""move_vx"": -0.0, ""move_vy"": 0.0, ""kick_power"": 1.0, ""kick_dir"": [-0.9999995439079613, -0.0009281079088908895]}, {""move_vx"": -6.924667366435131, ""move_vy"": 0.7004154939950685, ""kick_power"": 0.0, ""kick_dir"": null}, {""move_vx"": -6.857721469455541, ""move_vy"": 1.5006852592627624, ""kick_power"": 0.0, ""kick_dir"": null}, {""move_vx"": -0.0, ""move_vy"": -5.4, ""kick_power"": 0.0, ""kick_dir"": null}, {""move_vx"": -6.803349711082302, ""move_vy"": -1.4683435254450348, ""kick_power"": 0.0, ""kick_dir"": null}, {""move_vx"": -0.0, ""move_vy"": 0.0, ""kick_power"": 0.0, ""kick_dir"": null}, {""move_vx"": -4.964679216311677, ""move_vy"": -3.3692670240161835, ""kick_power"": 0.0, ""kick_dir"": null}, {""move_vx"": 4.242640687119285, ""move_vy"": 4.242640687119285, ""kick_power"": 0.0, ""kick_dir"": null}, {""move_vx"": -0.0, ""move_vy"": -6.4, ""kick_power"": 0.0, ""kick_dir"": null}, {""move_vx"": -0.0, ""move_vy"": 0.0, ""kick_power"": 0.9, ""kick_dir"": [0.9251817270511004, 0.3795230848466178]}, {""move_vx"": -6.4, ""move_vy"": 0.0, ""kick_power"": 0.0, ""kick_dir"": null}]"
2207,102,default,default,0,26.246233200381194,37.022531955323245,20,B,,-0.6100107044779103,-0.03369674156003584,0.4127597665135927,"[{""move_vx"": -3.5355339059327373, ""move_vy"": -3.5355339059327373, ""kick_power"": 0.0, ""kick_dir"": null}, {""move_vx"": -4.1012193308819755, ""move_vy"": -4.1012193308819755, ""kick_power"": 0.0, ""kick_dir"": null}, {""move_vx"": 0.0, ""move_vy"": 0.0, ""kick_power"": 0.0, ""kick_dir"": null}, {""move_vx"": 0.0, ""move_vy"": 0.0, ""kick_power"": 0.0, ""kick_dir"": null}, {""move_vx"": 0.0, ""move_vy"": 0.0, ""kick_power"": 0.4, ""kick_dir"": [-0.943938681691459, -0.33011994002412104]}, {""move_vx"": 4.313351365237939, ""move_vy"": 4.313351365237939, ""kick_power"": 0.0, ""kick_dir"": null}, {""move_vx"": -4.242640687119285, ""move_vy"": -4.242640687119285, ""kick_power"": 0.0, ""kick_dir"": null}, {""move_vx"": 0.0, ""move_vy"": 0.0, ""kick_power"": 0.0, ""kick_dir"": null}, {""move_vx"": -4.61179938269129, ""move_vy"": -2.9784906334934553, ""kick_power"": 0.0, ""kick_dir"": null}, {""move_vx"": 0.0, ""move_vy"": 0.0, ""kick_power"": 1.0, ""kick_dir"": [0.9993882405695654, -0.03497292258390359]}, {""move_vx"": 0.0, ""move_vy"": 0.0, ""kick_power"": 0.0, ""kick_dir"": null}, {""move_vx"": -0.0, ""move_vy"": 0.0, ""kick_power"": 1.0, ""kick_dir"": [-0.9999996616116754, -0.0007911544303993911]}, {""move_vx"": -4.1012193308819755, ""move_vy"": 4.1012193308819755, ""kick_power"": 0.0, ""kick_dir"": null}, {""move_vx"": -6.297110638446099, ""move_vy"": 1.528658760864886, ""kick_power"": 0.0, ""kick_dir"": null}, {""move_vx"": -0.0, ""move_vy"": -5.4, ""kick_power"": 0.0, ""kick_dir"": null}, {""move_vx"": -6.803349711082302, ""move_vy"": -1.468343525445035, ""kick_power"": 0.0, ""kick_dir"": null}, {""move_vx"": -0.0, ""move_vy"": 0.0, ""kick_power"": 0.0, ""kick_dir"": null}, {""move_vx"": -4.964679216311677, ""move_vy"": -3.369267024016183, ""kick_power"": 0.0, ""kick_dir"": null}, {""move_vx"": 4.242640687119285, ""move_vy"": -4.242640687119285, ""kick_power"": 0.0, ""kick_dir"": null}, {""move_vx"": -0.0, ""move_vy"": -6.4, ""kick_power"": 0.0, ""kick_dir"": null}, {""move_vx"": 5.099776832168906, ""move_vy"": -0.047710188359258006, ""kick_power"": 0.0, ""kick_dir"": null}, {""move_vx"": -6.4, ""move_vy"": 0.0, ""kick_power"": 0.0, ""kick_dir"": null}]"
2207,103,default,default,0,26.664450233529422,36.983174453146184,20,B,,-0.61596986226693,0.023050900636563145,0.42631835257010336,"[{""move_vx"": 0.0, ""move_vy"": 5.0, ""kick_power"": 0.0, ""kick_dir"": null}, {""move_vx"": -4.1012193308819755, ""move_vy"": -4.1012193308819755, ""kick_power"": 0.0, ""kick_dir"": null}, {""move_vx"": -3.770301998032193, ""move_vy"": 3.4787530587315993, ""kick_power"": 0.0, ""kick_dir"": null}, {""move_vx"": 0.0, ""move_vy"": 0.0, ""kick_power"": 0.9, ""kick_dir"": [0.9368241312418547, 0.34979999303148707]}, {""move_vx"": -2.7432357075654124, ""move_vy"": -6.396581731889158, ""kick_power"": 0.0, ""kick_dir"": null}, {""move_vx"": 4.313351365237939, ""move_vy"": 4.313351365237939, ""kick_power"": 0.0, ""kick_dir"": null}, {""move_vx"": 5.850992677829666, ""move_vy"": 1.3288659390561708, ""kick_power"": 0.0, ""kick_dir"": null}, {""move_vx"": 0.0, ""move_vy"": 0.0, ""kick_power"": 0.0, ""kick_dir"": null}, {""move_vx"": -4.5656165875642865, ""move_vy"": -3.048810452513872, ""kick_power"": 0.0, ""kick_dir"": null}, {""move_vx"": 4.242640687119285, ""move_vy"": -4.242640687119285, ""kick_power"": 0.0, ""kick_dir"": null}, {""move_vx"": 0.0, ""move_vy"": 0.0, ""kick_power"": 0.0, ""kick_dir"": null}, {""move_vx"": -0.0, ""move_vy"": 0.0, ""kick_power"": 1.0, ""kick_dir"": [-0.9999997886759464, -0.0006097091396871188]}, {""move_vx"": -6.927413833461611, ""move_vy"": 0.6727091347415289, ""kick_power"": 0.0, ""kick_dir"": null}, {""move_vx"": -6.343088685931777, ""move_vy"": 1.3250003480770478, ""kick_power"": 0.0, ""kick_dir"": null}, {""move_vx"": -0.0, ""move_vy"": -5.4, ""kick_power"": 0.0, ""kick_dir"": null}, {""move_vx"": -6.803349711082302, ""move_vy"": -1.4683435254450352, ""kick_power"": 0.0, ""kick_dir"": null}, {""move_vx"": -0.0, ""move_vy"": 0.0, ""kick_power"": 0.0, ""kick_dir"": null}, {""move_vx"": -4.964679216311678, ""move_vy"": -3.3692670240161817, ""kick_power"": 0.0, ""kick_dir"": null}, {""move_vx"": -0.0, ""move_vy"": 6.0, ""kick_power"": 0.0, ""kick_dir"": null}, {""move_vx"": -0.0, ""move_vy"": -6.4, ""kick_power"": 0.0, ""kick_dir"": null}, {""move_vx"": 5.099981934348188, ""move_vy"": -0.013574583681017275, ""kick_power"": 0.0, ""kick_dir"": null}, {""move_vx"": -6.4, ""move_vy"": 0.0, ""kick_power"": 0.0, ""kick_dir"": null}]"
2207,104,default,default,0,27.099667368856228,37.11975005403569,20,B,,-0.6209213104188402,0.028696976323343913,0.4102327674142815,"[{""move_vx"": 0.0, ""move_vy"": 5.0, ""kick_power"": 0.0, ""kick_dir"": null}, {""move_vx"": -4.1012193308819755, ""move_vy"": -4.1012193308819755, ""kick_power"": 0.0, ""kick_dir"": null}, {""move_vx"": 0.0, ""move_vy"": 0.0, ""kick_power"": 0.0, ""kick_dir"": null}, {""move_vx"": 0.0, ""move_vy"": -5.4, ""kick_power"": 0.0, ""kick_dir"": null}, {""move_vx"": -2.420212580942955, ""move_vy"": -6.5256548378722465, ""kick_power"": 0.0, ""kick_dir"": null}, {""move_vx"": 4.313351365237939, ""move_vy"": 4.313351365237939, ""kick_power"": 0.0, ""kick_dir"": null}, {""move_vx"": -4.242640687119285, ""move_vy"": -4.242640687119285, ""kick_power"": 0.0, ""kick_dir"": null}, {""move_vx"": 0.0, ""move_vy"": 0.0, ""kick_power"": 0.0, ""kick_dir"": null}, {""move_vx"": -4.538168012028208, ""move_vy"": -3.089519557245745, ""kick_power"": 0.0, ""kick_dir"": null}, {""move_vx"": 0.0, ""move_vy"": 0.0, ""kick_power"": 1.0, ""kick_dir"": [0.9995622454026541, -0.02958509830584768]}, {""move_vx"": 0.0, ""move_vy"": 0.0, ""kick_power"": 0.0, ""kick_dir"": null}, {""move_vx"": -0.0, ""move_vy"": 0.0, ""kick_power"": 1.0, ""kick_dir"": [-0.9999999745203203, -2.2401986680036253e-06]}, {""move_vx"": -6.927413833461611, ""move_vy"": 0.6727091347415286, ""kick_power"": 0.0, ""kick_dir"": null}, {""move_vx"": -6.339897739926266, ""move_vy"": 1.3401853033360105, ""kick_power"": 0.0, ""kick_dir"": null}, {""move_vx"": -0.0, ""move_vy"": -5.4, ""kick_power"": 0.0, ""kick_dir"": null}, {""move_vx"": -0.0, ""move_vy"": 0.0, ""kick_power"": 0.9, ""kick_dir"": [-0.9104457813463732, 0.4136283393128425]}, {""move_vx"": -0.0, ""move_vy"": 0.0, ""kick_power"": 0.0, ""kick_dir"": null}, {""move_vx"": -4.96467921631168, ""move_vy"": -3.3692670240161804, ""kick_power"": 0.0, ""kick_dir"": null}, {""move_vx"": 4.242640687119285, ""move_vy"": -4.242640687119285, ""kick_power"": 0.0, ""kick_dir"": null}, {""move_vx"": -0.0, ""move_vy"": -6.4, ""kick_power"": 0.0, ""kick_dir"": null}, {""move_vx"": 5.099953849960361, ""move_vy"": 0.021696273285856882, ""kick_power"": 0.0, ""kick_dir"": null}, {""move_vx"": -6.4, ""move_vy"": 0.0, ""kick_power"": 0.0, ""kick_dir"": null}]"
2207,105,default,default,0,25.939818171292384,37.130675770382396,-1,,,-0.6162051510351281,-0.10078089549214486,-0.31309582892273374,"[{""move_vx"": 0.0, ""move_vy"": 5.0, ""kick_power"": 0.0, ""kick_dir"": null}, {""move_vx"": -4.1012193308819755, ""move_vy"": -4.1012193308819755, ""kick_power"": 0.0, ""kick_dir"": null}, {""move_vx"": 5.209623838182744, ""move_vy"": -1.4212035268173584, ""kick_power"": 0.0, ""kick_dir"": null}, {""move_vx"": 0.0, ""move_vy"": 0.0, ""kick_power"": 0.0, ""kick_dir"": null}, {""move_vx"": 0.0, ""move_vy"": 0.0, ""kick_power"": 0.4, ""kick_dir"": [-0.9694952470942028, -0.24510900448599998]}, {""move_vx"": 4.313351365237939, ""move_vy"": 4.313351365237939, ""kick_power"": 0.0, ""kick_dir"": null}, {""move_vx"": -4.242640687119285, ""move_vy"": -4.242640687119285, ""kick_power"": 0.0, ""kick_dir"": null}, {""move_vx"": 0.0, ""move_vy"": 0.0, ""kick_power"": 0.0, ""kick_dir"": null}, {""move_vx"": -4.523971042722383, ""move_vy"": -3.110271050022707, ""kick_power"": 0.0, ""kick_dir"": null}, {""move_vx"": 5.659000230405629, ""move_vy"": 1.9939198560295832, ""kick_power"": 0.0, ""kick_dir"": null}, {""move_vx"": 0.0, ""move_vy"": 0.0, ""kick_power"": 0.0, ""kick_dir"": null}, {""move_vx"": -0.0, ""move_vy"": 0.0, ""kick_power"": 1.0, ""kick_dir"": [-0.9999998055653362, 0.0005812601145826611]}, {""move_vx"": -6.927413833461612, ""move_vy"": 0.6727091347415283, ""kick_power"": 0.0, ""kick_dir"": null}, {""move_vx"": -6.323502859960037, ""move_vy"": 1.4155251958468427, ""kick_power"": 0.0, ""kick_dir"": null}, {""move_vx"": -0.0, ""move_vy"": -5.4, ""kick_power"": 0.0, ""kick_dir"": null}, {""move_vx"": -0.0, ""move_vy"": 0.0, ""kick_power"": 0.9, ""kick_dir"": [-0.913043652776837, 0.40786175684162596]}, {""move_vx"": -0.0, ""move_vy"": 0.0, ""kick_power"": 0.0, ""kick_dir"": null}, {""move_vx"": -0.0, ""move_vy"": 0.0, ""kick_power"": 0.0, ""kick_dir"": null}, {""move_vx"": 4.242640687119285, ""move_vy"": -4.242640687119285, ""kick_power"": 0.0, ""kick_dir"": null}, {""move_vx"": -4.818709050787791, ""move_vy"": 3.1555733367893435, ""kick_power"": 0.0, ""kick_dir"": null}, {""move_vx"": -0.0, ""move_vy"": 0.0, ""kick_power"": 0.7, ""kick_dir"": [-0.999955597552419, 0.009419527332609447]}, {""move_vx"": -6.4, ""move_vy"": 0.0, ""kick_power"": 0.0, ""kick_dir"": null}]"
2207,106,default,default,0,24.80671882641728,37.14134950457193,-1,,,-0.6084001957671024,-0.09192981447265391,-0.06871194307739965,"[{""move_vx"": 0.0, ""move_vy"": 0.0, ""kick_power"": 0.7, ""kick_dir"": [0.9409195621592326, -0.3386300927136122]}, {""move_vx"": 0.0, ""move_vy"": 0.0, ""kick_power"": 0.0, ""kick_dir"": null}, {""move_vx"": 5.209623838182744, ""move_vy"": -1.421203526817358, ""kick_power"": 0.0, ""kick_dir"": null}, {""move_vx"": 0.5504414453656759, ""move_vy"": -6.998386543713041, ""kick_power"": 0.0, ""kick_dir"": null}, {""move_vx"": 5.678392417332277, ""move_vy"": -1.181465003621899, ""kick_power"": 0.0, ""kick_dir"": null}, {""move_vx"": 5.191725494590026, ""move_vy"": 1.7849611729177635, ""kick_power"": 0.0, ""kick_dir"": null}, {""move_vx"": 0.0, ""move_vy"": 6.0, ""kick_power"": 0.0, ""kick_dir"": null}, {""move_vx"": 0.0, ""move_vy"": 0.0, ""kick_power"": 0.0, ""kick_dir"": null}, {""move_vx"": -4.593234446288023, ""move_vy"": -3.007041290277398, ""kick_power"": 0.0, ""kick_dir"": null}, {""move_vx"": 6.0, ""move_vy"": 0.0, ""kick_power"": 0.0, ""kick_dir"": null}, {""move_vx"": 4.242640687119285, ""move_vy"": -4.242640687119285, ""kick_power"": 0.0, ""kick_dir"": null}, {""move_vx"": -4.471520698520376, ""move_vy"": -0.5054726923423768, ""kick_power"": 0.0, ""kick_dir"": null}, {""move_vx"": 4.1012193308819755, ""move_vy"": 4.1012193308819755, ""kick_power"": 0.0, ""kick_dir"": null}, {""move_vx"": -3.8183766184073566, ""move_vy"": 3.8183766184073566, ""kick_power"": 0.0, ""kick_dir"": null}, {""move_vx"": -0.0, ""move_vy"": -5.4, ""kick_power"": 0.0, ""kick_dir"": null}, {""move_vx"": -5.574920889800916, ""move_vy"": -1.600080333127482, ""kick_power"": 0.0, ""kick_dir"": null}, {""move_vx"": -0.0, ""move_vy"": 0.0, ""kick_power"": 0.0, ""kick_dir"": null}, {""move_vx"": -7.472973500578886, ""move_vy"": 0.6361344666387311, ""kick_power"": 0.0, ""kick_dir"": null}, {""move_vx"": -4.242640687119285, ""move_vy"": -4.242640687119285, ""kick_power"": 0.0, ""kick_dir"": null}, {""move_vx"": 5.395366080729876, ""move_vy"": 0.6954314163952805, ""kick_power"": 0.0, ""kick_dir"": null}, {""move_vx"": -6.194926154318959, ""move_vy"": -1.1458140959749623, ""kick_power"": 0.0, ""kick_dir"": null}, {""move_vx"": -4.525483399593904, ""move_vy"": -4.525483399593904, ""kick_power"": 0.0, ""kick_dir"": null}]"
2207,107,default,default,0,23.699752396597678,37.15177706812324,-1,,,-0.600898416420042,-0.1134583759050109,-0.0732021179154859,"[{""move_vx"": 0.0, ""move_vy"": 0.0, ""kick_power"": 0.7, ""kick_dir"": [0.9421278349732228, -0.3352537914291402]}, {""move_vx"": -4.1012193308819755, ""move_vy"": -4.1012193308819755, ""kick_power"": 0.0, ""kick_dir"": null}, {""move_vx"": 5.209623838182744, ""move_vy"": -1.4212035268173573, ""kick_power"": 0.0, ""kick_dir"": null}, {""move_vx"": 5.9251509274594785, ""move_vy"": -0.4197457406884542, ""kick_power"": 0.0, ""kick_dir"": null}, {""move_vx"": 5.674448439329192, ""move_vy"": -1.200264516427316, ""kick_power"": 0.0, ""kick_dir"": null}, {""move_vx"": 5.177546080816977, ""move_vy"": 1.825682497318954, ""kick_power"": 0.0, ""kick_dir"": null}, {""move_vx"": 0.0, ""move_vy"": 6.0, ""kick_power"": 0.0, ""kick_dir"": null}, {""move_vx"": 0.0, ""move_vy"": 0.0, ""kick_power"": 0.0, ""kick_dir"": null}, {""move_vx"": -4.655324517588475, ""move_vy"": -2.9099920336557004, ""kick_power"": 0.0, ""kick_dir"": null}, {""move_vx"": 6.0, ""move_vy"": 0.0, ""kick_power"": 0.0, ""kick_dir"": null}, {""move_vx"": 4.242640687119285, ""move_vy"": -4.242640687119285, ""kick_power"": 0.0, ""kick_dir"": null}, {""move_vx"": -0.0, ""move_vy"": 0.0, ""kick_power"": 1.0, ""kick_dir"": [-0.9999982270407957, 0.0018694329732874394]}, {""move_vx"": 4.1012193308819755, ""move_vy"": 4.1012193308819755, ""kick_power"": 0.0, ""kick_dir"": null}, {""move_vx"": -3.8183766184073566, ""move_vy"": 3.8183766184073566, ""kick_power"": 0.0, ""kick_dir"": null}, {""move_vx"": -0.0, ""move_vy"": -5.4, ""kick_power"": 0.0, ""kick_dir"": null}, {""move_vx"": -5.580838131869985, ""move_vy"": -1.579318126871829, ""kick_power"": 0.0, ""kick_dir"": null}, {""move_vx"": -0.0, ""move_vy"": 0.0, ""kick_power"": 0.0, ""kick_dir"": null}, {""move_vx"": -7.472973500578887, ""move_vy"": 0.6361344666387299, ""kick_power"": 0.0, ""kick_dir"": null}, {""move_vx"": -4.242640687119285, ""move_vy"": -4.242640687119285, ""kick_power"": 0.0, ""kick_dir"": null}, {""move_vx"": 5.395366080729876, ""move_vy"": 0.695431416395281, ""kick_power"": 0.0, ""kick_dir"": null}, {""move_vx"": -6.28325792006215, ""move_vy"": 0.4589879192051494, ""kick_power"": 0.0, ""kick_dir"": null}, {""move_vx"": -0.0, ""move_vy"": -6.4, ""kick_power"": 0.0, ""kick_dir"": null}]"
2207,108,default,default,0,22.618316172766278,37.16196413852295,-1,,,-0.5936990785323585,-0.11164782304841661,-0.08591879853865886,"[{""move_vx"": 0.0, ""move_vy"": 0.0, ""kick_power"": 0.7, ""kick_dir"": [0.9433268897451992, -0.3318649441215005]}, {""move_vx"": 0.0, ""move_vy"": 0.0, ""kick_power"": 0.0, ""kick_dir"": null}, {""move_vx"": 5.209623838182745, ""move_vy"": -1.4212035268173566, ""kick_power"": 0.0, ""kick_dir"": null}, {""move_vx"": 5.9251509274594785, ""move_vy"": -0.4197457406884542, ""kick_power"": 0.0, ""kick_dir"": null}, {""move_vx"": 5.670354251956138, ""move_vy"": -1.2194599859458017, ""kick_power"": 0.0, ""kick_dir"": null}, {""move_vx"": 0.0, ""move_vy"": 0.0, ""kick_power"": 0.9, ""kick_dir"": [-0.37284141252287056, 0.927894837629426]}, {""move_vx"": 0.0, ""move_vy"": 0.0, ""kick_power"": 0.0, ""kick_dir"": null}, {""move_vx"": 0.0, ""move_vy"": 0.0, ""kick_power"": 0.0, ""kick_dir"": null}, {""move_vx"": -4.7111285574500625, ""move_vy"": -2.8187528652186766, ""kick_power"": 0.0, ""kick_dir"": null}, {""move_vx"": 6.0, ""move_vy"": 0.0, ""kick_power"": 0.0, ""kick_dir"": null}, {""move_vx"": 4.242640687119285, ""move_vy"": -4.242640687119285, ""kick_power"": 0.0, ""kick_dir"": null}, {""move_vx"": -0.0, ""move_vy"": 0.0, ""kick_power"": 1.0, ""kick_dir"": [-0.999997511835884, 0.002219264343061448]}, {""move_vx"": 4.1012193308819755, ""move_vy"": 4.1012193308819755, ""kick_power"": 0.0, ""kick_dir"": null}, {""move_vx"": -3.8183766184073566, ""move_vy"": 3.8183766184073566, ""kick_power"": 0.0, ""kick_dir"": null}, {""move_vx"": -0.0, ""move_vy"": -5.4, ""kick_power"": 0.0, ""kick_dir"": null}, {""move_vx"": -0.0, ""move_vy"": 0.0, ""kick_power"": 0.9, ""kick_dir"": [-0.9078293903074, 0.4193396256981805]}, {""move_vx"": -0.0, ""move_vy"": 0.0, ""kick_power"": 0.0, ""kick_dir"": null}, {""move_vx"": -7.472973500578886, ""move_vy"": 0.6361344666387286, ""kick_power"": 0.0, ""kick_dir"": null}, {""move_vx"": -4.242640687119285, ""move_vy"": -4.242640687119285, ""kick_power"": 0.0, ""kick_dir"": null}, {""move_vx"": 5.395366080729875, ""move_vy"": 0.6954314163952818, ""kick_power"": 0.0, ""kick_dir"": null}, {""move_vx"": -6.240613941556237, ""move_vy"": 0.8629818262593566, ""kick_power"": 0.0, ""kick_dir"": null}, {""move_vx"": 5.165111797837724, ""move_vy"": 1.707401568418385, ""kick_power"": 0.0, ""kick_dir"": null}]"
2207,109,default,default,0,21.561821346265255,37.17191626231659,-1,,,-0.5868018772569741,-0.12889515729584025,-0.07425056107686273,"[{""move_vx"": 0.0, ""move_vy"": 0.0, ""kick_power"": 0.7, ""kick_dir"": [0.9445166019163709, -0.32846362159609893]}, {""move_vx"": -4.1012193308819755, ""move_vy"": -4.1012193308819755, ""kick_power"": 0.0, ""kick_dir"": null}, {""move_vx"": 3.8183766184073566, ""move_vy"": -3.8183766184073566, ""kick_power"": 0.0, ""kick_dir"": null}, {""move_vx"": 5.9251509274594785, ""move_vy"": -0.4197457406884542, ""kick_power"": 0.0, ""kick_dir"": null}, {""move_vx"": 5.666101714148693, ""move_vy"": -1.2390687490697336, ""kick_power"": 0.0, ""kick_dir"": null}, {""move_vx"": 5.143921540758908, ""move_vy"": 1.9183772263338899, ""kick_power"": 0.0, ""kick_dir"": null}, {""move_vx"": 0.0, ""move_vy"": 0.0, ""kick_power"": 0.0, ""kick_dir"": null}, {""move_vx"": 5.258619716494121, ""move_vy"": 2.8891034383177234, ""kick_power"": 0.0, ""kick_dir"": null}, {""move_vx"": -4.313351365237939, ""move_vy"": 4.313351365237939, ""kick_power"": 0.0, ""kick_dir"": null}, {""move_vx"": 6.0, ""move_vy"": 0.0, ""kick_power"": 0.0, ""kick_dir"": null}, {""move_vx"": 4.242640687119285, ""move_vy"": -4.242640687119285, ""kick_power"": 0.0, ""kick_dir"": null}, {""move_vx"": -0.0, ""move_vy"": 0.0, ""kick_power"": 1.0, ""kick_dir"": [-0.9999967396499171, 0.002543511235545519]}, {""move_vx"": 4.1012193308819755, ""move_vy"": 4.1012193308819755, ""kick_power"": 0.0, ""kick_dir"": null}, {""move_vx"": -6.940235382650495, ""move_vy"": 1.0552406518923299, ""kick_power"": 0.0, ""kick_dir"": null}, {""move_vx"": -0.0, ""move_vy"": 5.4, ""kick_power"": 0.0, ""kick_dir"": null}, {""move_vx"": -5.592687848815599, ""move_vy"": -1.5368287561437508, ""kick_power"": 0.0, ""kick_dir"": null}, {""move_vx"": -0.0, ""move_vy"": 0.0, ""kick_power"": 0.0, ""kick_dir"": null}, {""move_vx"": -7.472973500578887, ""move_vy"": 0.6361344666387274, ""kick_power"": 0.0, ""kick_dir"": null}, {""move_vx"": -4.242640687119285, ""move_vy"": -4.242640687119285, ""kick_power"": 0.0, ""kick_dir"": null}, {""move_vx"": 5.395366080729875, ""move_vy"": 0.6954314163952824, ""kick_power"": 0.0, ""kick_dir"": null}, {""move_vx"": -6.2774268230071995, ""move_vy"": 0.5328343849544104, ""kick_power"": 0.0, ""kick_dir"": null}, {""move_vx"": -0.0, ""move_vy"": -6.4, ""kick_power"": 0.0, ""kick_dir"": null}]"
2207,110,default,default,0,20.529692688258102,37.18163885812851,-1,,,-0.5802069396866399,-0.1182420837229315,-0.07653884141071646,"[{""move_vx"": 0.0, ""move_vy"": 0.0, ""kick_power"": 0.7, ""kick_dir"": [0.945696847102174, -0.32504989669837453]}, {""move_vx"": 0.0, ""move_vy"": 0.0, ""kick_power"": 0.0, ""kick_dir"": null}, {""move_vx"": 3.8183766184073566, ""move_vy"": -3.8183766184073566, ""kick_power"": 0.0, ""kick_dir"": null}, {""move_vx"": 5.9251509274594785, ""move_vy"": -0.4197457406884542, ""kick_power"": 0.0, ""kick_dir"": null}, {""move_vx"": 5.661682029055577, ""move_vy"": -1.2591094479310045, ""kick_power"": 0.0, ""kick_dir"": null}, {""move_vx"": 5.127144546037404, ""move_vy"": 1.9627757905677625, ""kick_power"": 0.0, ""kick_dir"": null}, {""move_vx"": -4.242640687119285, ""move_vy"": -4.242640687119285, ""kick_power"": 0.0, ""kick_dir"": null}, {""move_vx"": 0.0, ""move_vy"": 0.0, ""kick_power"": 0.0, ""kick_dir"": null}, {""move_vx"": 0.0, ""move_vy"": 0.0, ""kick_power"": 0.0, ""kick_dir"": null}, {""move_vx"": 6.0, ""move_vy"": 0.0, ""kick_power"": 0.0, ""kick_dir"": null}, {""move_vx"": 4.242640687119285, ""move_vy"": -4.242640687119285, ""kick_power"": 0.0, ""kick_dir"": null}, {""move_vx"": -5.249996707863593, ""move_vy"": 0.005879406554735996, ""kick_power"": 0.0, ""kick_dir"": null}, {""move_vx"": 4.1012193308819755, ""move_vy"": 4.1012193308819755, ""kick_power"": 0.0, ""kick_dir"": null}, {""move_vx"": -3.8183766184073566, ""move_vy"": 3.8183766184073566, ""kick_power"": 0.0, ""kick_dir"": null}, {""move_vx"": -0.0, ""move_vy"": -5.4, ""kick_power"": 0.0, ""kick_dir"": null}, {""move_vx"": -5.597663083516773, ""move_vy"": -1.518607257796923, ""kick_power"": 0.0, ""kick_dir"": null}, {""move_vx"": -0.0, ""move_vy"": 0.0, ""kick_power"": 0.0, ""kick_dir"": null}, {""move_vx"": -7.472973500578888, ""move_vy"": 0.6361344666387261, ""kick_power"": 0.0, ""kick_dir"": null}, {""move_vx"": -4.242640687119285, ""move_vy"": -4.242640687119285, ""kick_power"": 0.0, ""kick_dir"": null}, {""move_vx"": 5.3953660807298744, ""move_vy"": 0.6954314163952832, ""kick_power"": 0.0, ""kick_dir"": null}, {""move_vx"": -6.288565407472432, ""move_vy"": 0.37940099623102946, ""kick_power"": 0.0, ""kick_dir"": null}, {""move_vx"": -0.0, ""move_vy"": -6.4, ""kick_power"": 0.0, ""kick_dir"": null}]"
2207,111,default,default,0,19.521368236535277,37.191137219612145,-1,,,-0.5739148225125756,-0.11635667428380536,-0.07532321290967423,"[{""move_vx"": 0.0, ""move_vy"": 0.0, ""kick_power"": 0.7, ""kick_dir"": [0.9468675011228795, -0.32162384432014196]}, {""move_vx"": -4.1012193308819755, ""move_vy"": -4.1012193308819755, ""kick_power"": 0.0, ""kick_dir"": null}, {""move_vx"": 3.8183766184073566, ""move_vy"": -3.8183766184073566, ""kick_power"": 0.0, ""kick_dir"": null}, {""move_vx"": 5.9251509274594785, ""move_vy"": -0.4197457406884542, ""kick_power"": 0.0, ""kick_dir"": null}, {""move_vx"": 5.657085673474575, ""move_vy"": -1.279602158082236, ""kick_power"": 0.0, ""kick_dir"": null}, {""move_vx"": 5.109322566347157, ""move_vy"": 2.0087117545869297, ""kick_power"": 0.0, ""kick_dir"": null}, {""move_vx"": -4.242640687119285, ""move_vy"": -4.242640687119285, ""kick_power"": 0.0, ""kick_dir"": null}, {""move_vx"": 0.0, ""move_vy"": 0.0, ""kick_power"": 0.0, ""kick_dir"": null}, {""move_vx"": -4.313351365237939, ""move_vy"": 4.313351365237939, ""kick_power"": 0.0, ""kick_dir"": null}, {""move_vx"": -4.242640687119285, ""move_vy"": 4.242640687119285, ""kick_power"": 0.0, ""kick_dir"": null}, {""move_vx"": 4.242640687119285, ""move_vy"": -4.242640687119285, ""kick_power"": 0.0, ""kick_dir"": null}, {""move_vx"": -5.2499967264740866, ""move_vy"": 0.005862764823771507, ""kick_power"": 0.0, ""kick_dir"": null}, {""move_vx"": 4.1012193308819755, ""move_vy"": 4.1012193308819755, ""kick_power"": 0.0, ""kick_dir"": null}, {""move_vx"": -6.960567951846792, ""move_vy"": 0.9115337556686447, ""kick_power"": 0.0, ""kick_dir"": null}, {""move_vx"": -0.0, ""move_vy"": 5.4, ""kick_power"": 0.0, ""kick_dir"": null}, {""move_vx"": -5.60239995536024, ""move_vy"": -1.5010378876562613, ""kick_power"": 0.0, ""kick_dir"": null}, {""move_vx"": -0.0, ""move_vy"": 0.0, ""kick_power"": 0.0, ""kick_dir"": null}, {""move_vx"": -7.472973500578887, ""move_vy"": 0.6361344666387247, ""kick_power"": 0.0, ""kick_dir"": null}, {""move_vx"": -4.242640687119285, ""move_vy"": -4.242640687119285, ""kick_power"": 0.0, ""kick_dir"": null}, {""move_vx"": 5.3953660807298744, ""move_vy"": 0.6954314163952839, ""kick_power"": 0.0, ""kick_dir"": null}, {""move_vx"": -6.288140604414599, ""move_vy"": 0.38637771560017614, ""kick_power"": 0.0, ""kick_dir"": null}, {""move_vx"": -0.0, ""move_vy"": -6.4, ""kick_power"": 0.0, ""kick_dir"": null}]"
2207,112,default,default,0,18.536298989543116,37.200416518332275,-1,,,-0.567926503566576,-0.12315461276119861,-0.07482642545322837,"[{""move_vx"": 0.0, ""move_vy"": 0.0, ""kick_power"": 0.7, ""kick_dir"": [0.9480284400345292, -0.3181855414053005]}, {""move_vx"": -4.1012193308819755, ""move_vy"": -4.1012193308819755, ""kick_power"": 0.0, ""kick_dir"": null}, {""move_vx"": 3.8183766184073566, ""move_vy"": -3.8183766184073566, ""kick_power"": 0.0, ""kick_dir"": null}, {""move_vx"": 5.9251509274594785, ""move_vy"": -0.4197457406884542, ""kick_power"": 0.0, ""kick_dir"": null}, {""move_vx"": 5.652302317843561, ""move_vy"": -1.3005685324888925, ""kick_power"": 0.0, ""kick_dir"": null}, {""move_vx"": 5.090359663115725, ""move_vy"": 2.056292416006137, ""kick_power"": 0.0, ""kick_dir"": null}, {""move_vx"": -4.242640687119285, ""move_vy"": -4.242640687119285, ""kick_power"": 0.0, ""kick_dir"": null}, {""move_vx"": 0.0, ""move_vy"": 0.0, ""kick_power"": 0.0, ""kick_dir"": null}, {""move_vx"": -4.313351365237939, ""move_vy"": 4.313351365237939, ""kick_power"": 0.0, ""kick_dir"": null}, {""move_vx"": 6.0, ""move_vy"": 0.0, ""kick_power"": 0.0, ""kick_dir"": null}, {""move_vx"": 4.242640687119285, ""move_vy"": -4.242640687119285, ""kick_power"": 0.0, ""kick_dir"": null}, {""move_vx"": -0.0, ""move_vy"": 0.0, ""kick_power"": 1.0, ""kick_dir"": [-0.9999959606369405, 0.0028332370895949397]}, {""move_vx"": 4.1012193308819755, ""move_vy"": 4.1012193308819755, ""kick_power"": 0.0, ""kick_dir"": null}, {""move_vx"": -6.9675309803530405, ""move_vy"": 0.856686662567245, ""kick_power"": 0.0, ""kick_dir"": null}, {""move_vx"": -0.0, ""move_vy"": -5.4, ""kick_power"": 0.0, ""kick_dir"": null}, {""move_vx"": -5.606913601426428, ""move_vy"": -1.4840889010228868, ""kick_power"": 0.0, ""kick_dir"": null}, {""move_vx"": -0.0, ""move_vy"": 0.0, ""kick_power"": 0.0, ""kick_dir"": null}, {""move_vx"": -6.0, ""move_vy"": 0.0, ""kick_power"": 0.0, ""kick_dir"": null}, {""move_vx"": -4.242640687119285, ""move_vy"": -4.242640687119285, ""kick_power"": 0.0, ""kick_dir"": null}, {""move_vx"": 5.395366080729875, ""move_vy"": 0.6954314163952848, ""kick_power"": 0.0, ""kick_dir"": null}, {""move_vx"": -6.2806111431805505, ""move_vy"": 0.4938862907150824, ""kick_power"": 0.0, ""kick_dir"": null}, {""move_vx"": -0.0, ""move_vy"": -6.4, ""kick_power"": 0.0, ""kick_dir"": null}]"
2207,113,default,default,0,17.57394860746943,37.209481806580754,-1,,,-0.5622433655606235,-0.12313091090969658,-0.06782147342003476,"[{""move_vx"": 0.0, ""move_vy"": 0.0, ""kick_power"": 0.7, ""kick_dir"": [0.9491795401601942, -0.31473506695490056]}, {""move_vx"": -4.1012193308819755, ""move_vy"": -4.1012193308819755, ""kick_power"": 0.0, ""kick_dir"": null}, {""move_vx"": 3.8183766184073566, ""move_vy"": -3.8183766184073566, ""kick_power"": 0.0, ""kick_dir"": null}, {""move_vx"": 5.9251509274594785, ""move_vy"": -0.4197457406884542, ""kick_power"": 0.0, ""kick_dir"": null}, {""move_vx"": 5.647320735261272, ""move_vy"": -1.3220319637164886, ""kick_power"": 0.0, ""kick_dir"": null}, {""move_vx"": 5.07014706682792, ""move_vy"": 2.105637366864542, ""kick_power"": 0.0, ""kick_dir"": null}, {""move_vx"": -4.242640687119285, ""move_vy"": -4.242640687119285, ""kick_power"": 0.0, ""kick_dir"": null}, {""move_vx"": 0.0, ""move_vy"": 0.0, ""kick_power"": 0.0, ""kick_dir"": null}, {""move_vx"": -4.313351365237939, ""move_vy"": 4.313351365237939, ""kick_power"": 0.0, ""kick_dir"": null}, {""move_vx"": 6.0, ""move_vy"": 0.0, ""kick_power"": 0.0, ""kick_dir"": null}, {""move_vx"": 4.242640687119285, ""move_vy"": -4.242640687119285, ""kick_power"": 0.0, ""kick_dir"": null}, {""move_vx"": -0.0, ""move_vy"": 0.0, ""kick_power"": 1.0, ""kick_dir"": [-0.9999951820876477, 0.003095847404190015]}, {""move_vx"": 4.1012193308819755, ""move_vy"": 4.1012193308819755, ""kick_power"": 0.0, ""kick_dir"": null}, {""move_vx"": -5.059014959994226, ""move_vy"": -1.888482892311877, ""kick_power"": 0.0, ""kick_dir"": null}, {""move_vx"": -0.0, ""move_vy"": 5.4, ""kick_power"": 0.0, ""kick_dir"": null}, {""move_vx"": -5.611217976825997, ""move_vy"": -1.4677304986082307, ""kick_power"": 0.0, ""kick_dir"": null}, {""move_vx"": -0.0, ""move_vy"": 0.0, ""kick_power"": 0.0, ""kick_dir"": null}, {""move_vx"": -7.472117716085903, ""move_vy"": 0.6461089977358119, ""kick_power"": 0.0, ""kick_dir"": null}, {""move_vx"": -4.242640687119285, ""move_vy"": -4.242640687119285, ""kick_power"": 0.0, ""kick_dir"": null}, {""move_vx"": 5.395366080729875, ""move_vy"": 0.6954314163952856, ""kick_power"": 0.0, ""kick_dir"": null}, {""move_vx"": -6.274742688897222, ""move_vy"": 0.5635638279120432, ""kick_power"": 0.0, ""kick_dir"": null}, {""move_vx"": -8.319541426749332, ""move_vy"": 0.08735243901392598, ""kick_power"": 0.0, ""kick_dir"": null}]"
2207,114,default,default,0,16.633793120223014,37.218338020127334,-1,,,-0.5568671701135117,-0.12383042634585098,-0.07506607085058778,"[{""move_vx"": 0.0, ""move_vy"": 0.0, ""kick_power"": 0.0, ""kick_dir"": null}, {""move_vx"": -4.1012193308819755, ""move_vy"": -4.1012193308819755, ""kick_power"": 0.0, ""kick_dir"": null}, {""move_vx"": 3.8183766184073566, ""move_vy"": -3.8183766184073566, ""kick_power"": 0.0, ""kick_dir"": null}, {""move_vx"": 5.9251509274594785, ""move_vy"": -0.4197457406884542, ""kick_power"": 0.0, ""kick_dir"": null}, {""move_vx"": 5.642128697721642, ""move_vy"": -1.3440177671243378, ""kick_power"": 0.0, ""kick_dir"": null}, {""move_vx"": 5.048560874623478, ""move_vy"": 2.1568804081870243, ""kick_power"": 0.0, ""kick_dir"": null}, {""move_vx"": -4.242640687119285, ""move_vy"": -4.242640687119285, ""kick_power"": 0.0, ""kick_dir"": null}, {""move_vx"": 0.0, ""move_vy"": 0.0, ""kick_power"": 0.0, ""kick_dir"": null}, {""move_vx"": -4.313351365237939, ""move_vy"": 4.313351365237939, ""kick_power"": 0.0, ""kick_dir"": null}, {""move_vx"": 6.0, ""move_vy"": 0.0, ""kick_power"": 0.0, ""kick_dir"": null}, {""move_vx"": 4.242640687119285, ""move_vy"": -4.242640687119285, ""kick_power"": 0.0, ""kick_dir"": null}, {""move_vx"": -0.0, ""move_vy"": 0.0, ""kick_power"": 1.0, ""kick_dir"": [-0.9999944099776662, 0.0033359301566936294]}, {""move_vx"": 4.1012193308819755, ""move_vy"": 4.1012193308819755, ""kick_power"": 0.0, ""kick_dir"": null}, {""move_vx"": -6.977621189980601, ""move_vy"": 0.7701964224363238, ""kick_power"": 0.0, ""kick_dir"": null}, {""move_vx"": 3.8183766184073566, ""move_vy"": -3.8183766184073566, ""kick_power"": 0.0, ""kick_dir"": null}, {""move_vx"": -0.0, ""move_vy"": 0.0, ""kick_power"": 0.6, ""kick_dir"": [-0.978208810304043, -0.20762342342878534]}, {""move_vx"": -0.0, ""move_vy"": 0.0, ""kick_power"": 0.0, ""kick_dir"": null}, {""move_vx"": -6.0, ""move_vy"": 0.0, ""kick_power"": 0.0, ""kick_dir"": null}, {""move_vx"": -4.242640687119285, ""move_vy"": -4.242640687119285, ""kick_power"": 0.0, ""kick_dir"": null}, {""move_vx"": 5.3953660807298744, ""move_vy"": 0.6954314163952864, ""kick_power"": 0.0, ""kick_dir"": null}, {""move_vx"": -6.274458010190341, ""move_vy"": 0.5667245171670846, ""kick_power"": 0.0, ""kick_dir"": null}, {""move_vx"": -8.319541426749332, ""move_vy"": 0.08735243901392474, ""kick_power"": 0.0, ""kick_dir"": null}]"
2207,115,default,default,0,15.715320642148116,37.22698998090704,-1,,,-0.5518000199670351,-0.1243306712014914,-0.06578064262080001,"[{""move_vx"": 0.0, ""move_vy"": 0.0, ""kick_power"": 0.0, ""kick_dir"": null}, {""move_vx"": -4.1012193308819755, ""move_vy"": -4.1012193308819755, ""kick_power"": 0.0, ""kick_dir"": null}, {""move_vx"": 3.8183766184073566, ""move_vy"": -3.8183766184073566, ""kick_power"": 0.0, ""kick_dir"": null}, {""move_vx"": 5.9251509274594785, ""move_vy"": -0.4197457406884542, ""kick_power"": 0.0, ""kick_dir"": null}, {""move_vx"": 5.636712857390362, ""move_vy"": -1.366553388393651, ""kick_power"": 0.0, ""kick_dir"": null}, {""move_vx"": 5.025459224718166, ""move_vy"": 2.2101718441549036, ""kick_power"": 0.0, ""kick_dir"": null}, {""move_vx"": -4.242640687119285, ""move_vy"": -4.242640687119285, ""kick_power"": 0.0, ""kick_dir"": null}, {""move_vx"": 0.0, ""move_vy"": 0.0, ""kick_power"": 0.0, ""kick_dir"": null}, {""move_vx"": -4.313351365237939, ""move_vy"": 4.313351365237939, ""kick_power"": 0.0, ""kick_dir"": null}, {""move_vx"": 6.0, ""move_vy"": 0.0, ""kick_power"": 0.0, ""kick_dir"": null}, {""move_vx"": 4.242640687119285, ""move_vy"": -4.242640687119285, ""kick_power"": 0.0, ""kick_dir"": null}, {""move_vx"": -0.0, ""move_vy"": 0.0, ""kick_power"": 1.0, ""kick_dir"": [-0.9999936572337416, 0.003554413550819403]}, {""move_vx"": 4.1012193308819755, ""move_vy"": 4.1012193308819755, ""kick_power"": 0.0, ""kick_dir"": null}, {""move_vx"": -5.042714350175218, ""move_vy"": -1.9315879432572909, ""kick_power"": 0.0, ""kick_dir"": null}, {""move_vx"": -0.0, ""move_vy"": 5.4, ""kick_power"": 0.0, ""kick_dir"": null}, {""move_vx"": -5.619769777179286, ""move_vy"": -1.4346385089987947, ""kick_power"": 0.0, ""kick_dir"": null}, {""move_vx"": -0.0, ""move_vy"": 0.0, ""kick_power"": 0.0, ""kick_dir"": null}, {""move_vx"": -4.9438299470760105, ""move_vy"": 2.836995850260342, ""kick_power"": 0.0, ""kick_dir"": null}, {""move_vx"": -4.242640687119285, ""move_vy"": -4.242640687119285, ""kick_power"": 0.0, ""kick_dir"": null}, {""move_vx"": 5.3953660807298744, ""move_vy"": 0.6954314163952873, ""kick_power"": 0.0, ""kick_dir"": null}, {""move_vx"": -6.270747275076785, ""move_vy"": 0.6064063094304696, ""kick_power"": 0.0, ""kick_dir"": null}, {""move_vx"": -8.319541426749332, ""move_vy"": 0.08735243901392345, ""kick_power"": 0.0, ""kick_dir"": null}]"
2207,116,default,default,0,14.818031093318481,37.23544239964559,-1,,,-0.5470443071809138,-0.12348731352976348,-0.06910170066545028,"[{""move_vx"": 0.0, ""move_vy"": 0.0, ""kick_power"": 0.0, ""kick_dir"": null}, {""move_vx"": -4.1012193308819755, ""move_vy"": -4.1012193308819755, ""kick_power"": 0.0, ""kick_dir"": null}, {""move_vx"": 3.8183766184073566, ""move_vy"": -3.8183766184073566, ""kick_power"": 0.0, ""kick_dir"": null}, {""move_vx"": 5.9251509274594785, ""move_vy"": -0.4197457406884542, ""kick_power"": 0.0, ""kick_dir"": null}, {""move_vx"": 5.631058610316647, ""move_vy"": -1.3896686393449162, ""kick_power"": 0.0, ""kick_dir"": null}, {""move_vx"": 5.000678802038248, ""move_vy"": 2.2656812482883186, ""kick_power"": 0.0, ""kick_dir"": null}, {""move_vx"": -4.242640687119285, ""move_vy"": -4.242640687119285, ""kick_power"": 0.0, ""kick_dir"": null}, {""move_vx"": 0.0, ""move_vy"": 0.0, ""kick_power"": 0.0, ""kick_dir"": null}, {""move_vx"": -4.313351365237939, ""move_vy"": 4.313351365237939, ""kick_power"": 0.0, ""kick_dir"": null}, {""move_vx"": 6.0, ""move_vy"": 0.0, ""kick_power"": 0.0, ""kick_dir"": null}, {""move_vx"": 4.242640687119285, ""move_vy"": -4.242640687119285, ""kick_power"": 0.0, ""kick_dir"": null}, {""move_vx"": -0.0, ""move_vy"": 0.0, ""kick_power"": 1.0, ""kick_dir"": [-0.9999929346092147, 0.003752204918166467]}, {""move_vx"": 4.1012193308819755, ""move_vy"": 4.1012193308819755, ""kick_power"": 0.0, ""kick_dir"": null}, {""move_vx"": -5.039997173849767, ""move_vy"": -1.9386666777933643, ""kick_power"": 0.0, ""kick_dir"": null}, {""move_vx"": -0.0, ""move_vy"": -5.4, ""kick_power"": 0.0, ""kick_dir"": null}, {""move_vx"": 4.743606209672699, ""move_vy"": 1.3427956387904336, ""kick_power"": 0.0, ""kick_dir"": null}, {""move_vx"": -7.498358193681086, ""move_vy"": 0.15692163412265303, ""kick_power"": 0.0, ""kick_dir"": null}, {""move_vx"": -0.0, ""move_vy"": 0.0, ""kick_power"": 0.65, ""kick_dir"": [0.9176974465417134, 0.39727948249074857]}, {""move_vx"": -4.242640687119285, ""move_vy"": -4.242640687119285, ""kick_power"": 0.0, ""kick_dir"": null}, {""move_vx"": 5.3953660807298744, ""move_vy"": 0.6954314163952882, ""kick_power"": 0.0, ""kick_dir"": null}, {""move_vx"": -6.263716214583727, ""move_vy"": 0.6751734467238113, ""kick_power"": 0.0, ""kick_dir"": null}, {""move_vx"": -8.31956750551066, ""move_vy"": 0.08483231254147332, ""kick_power"": 0.0, ""kick_dir"": null}]"
2207,117,default,default,0,13.941435927259258,37.24369987842419,-1,,,-0.5426026451024405,-0.11541304255227713,-0.06510587774728599,"[{""move_vx"": 0.0, ""move_vy"": 0.0, ""kick_power"": 0.0, ""kick_dir"": null}, {""move_vx"": -4.1012193308819755, ""move_vy"": -4.1012193308819755, ""kick_power"": 0.0, ""kick_dir"": null}, {""move_vx"": 3.8183766184073566, ""move_vy"": -3.8183766184073566, ""kick_power"": 0.0, ""kick_dir"": null}, {""move_vx"": 5.9251509274594785, ""move_vy"": -0.4197457406884542, ""kick_power"": 0.0, ""kick_dir"": null}, {""move_vx"": -5.8, ""move_vy"": 0.0, ""kick_power"": 0.0, ""kick_dir"": null}, {""move_vx"": 4.97403048090747, ""move_vy"": 2.323600820925015, ""kick_power"": 0.0, ""kick_dir"": null}, {""move_vx"": -4.242640687119285, ""move_vy"": -4.242640687119285, ""kick_power"": 0.0, ""kick_dir"": null}, {""move_vx"": 0.0, ""move_vy"": 0.0, ""kick_power"": 0.0, ""kick_dir"": null}, {""move_vx"": -4.313351365237939, ""move_vy"": 4.313351365237939, ""kick_power"": 0.0, ""kick_dir"": null}, {""move_vx"": 6.0, ""move_vy"": 0.0, ""kick_power"": 0.0, ""kick_dir"": null}, {""move_vx"": 4.242640687119285, ""move_vy"": -4.242640687119285, ""kick_power"": 0.0, ""kick_dir"": null}, {""move_vx"": -0.0, ""move_vy"": 0.0, ""kick_power"": 1.0, ""kick_dir"": [-0.9999922508995382, 0.003930190522722374]}, {""move_vx"": 4.1012193308819755, ""move_vy"": 4.1012193308819755, ""kick_power"": 0.0, ""kick_dir"": null}, {""move_vx"": -5.039857188326074, ""move_vy"": -1.9390305622341286, ""kick_power"": 0.0, ""kick_dir"": null}, {""move_vx"": -0.0, ""move_vy"": 5.4, ""kick_power"": 0.0, ""kick_dir"": null}, {""move_vx"": 4.7436062096726985, ""move_vy"": 1.3427956387904332, ""kick_power"": 0.0, ""kick_dir"": null}, {""move_vx"": -7.498358193681085, ""move_vy"": 0.1569216341226526, ""kick_power"": 0.0, ""kick_dir"": null}, {""move_vx"": -0.0, ""move_vy"": 0.0, ""kick_power"": 0.65, ""kick_dir"": [0.8914730453132484, 0.45307323486655415]}, {""move_vx"": -7.499611600432066, ""move_vy"": -0.07632720789324962, ""kick_power"": 0.0, ""kick_dir"": null}, {""move_vx"": 5.3953660807298744, ""move_vy"": 0.695431416395289, ""kick_power"": 0.0, ""kick_dir"": null}, {""move_vx"": -6.249721737124942, ""move_vy"": 0.7943413677431249, ""kick_power"": 0.0, ""kick_dir"": null}, {""move_vx"": -8.319654298377094, ""move_vy"": 0.07584428452797604, ""kick_power"": 0.0, ""kick_dir"": null}]"
2207,118,default,default,0,13.085057864948523,37.25176691318526,-1,,,-0.5384777820901839,-0.12066971205415727,-0.07123187222634564,"[{""move_vx"": 0.0, ""move_vy"": 0.0, ""kick_power"": 0.0, ""kick_dir"": null}, {""move_vx"": -4.1012193308819755, ""move_vy"": -4.1012193308819755, ""kick_power"": 0.0, ""kick_dir"": null}, {""move_vx"": 3.8183766184073566, ""move_vy"": -3.8183766184073566, ""kick_power"": 0.0, ""kick_dir"": null}, {""move_vx"": 5.9251509274594785, ""move_vy"": -0.4197457406884542, ""kick_power"": 0.0, ""kick_dir"": null}, {""move_vx"": 5.624654216179065, ""move_vy"": -1.4153674252359563, ""kick_power"": 0.0, ""kick_dir"": null}, {""move_vx"": 4.945293842988725, ""move_vy"": 2.3841494933199576, ""kick_power"": 0.0, ""kick_dir"": null}, {""move_vx"": -4.242640687119285, ""move_vy"": -4.242640687119285, ""kick_power"": 0.0, ""kick_dir"": null}, {""move_vx"": 0.0, ""move_vy"": 0.0, ""kick_power"": 0.65, ""kick_dir"": [0.9754703314025017, 0.2201301486882858]}, {""move_vx"": -4.313351365237939, ""move_vy"": 4.313351365237939, ""kick_power"": 0.0, ""kick_dir"": null}, {""move_vx"": 6.0, ""move_vy"": 0.0, ""kick_power"": 0.0, ""kick_dir"": null}, {""move_vx"": 4.242640687119285, ""move_vy"": -4.242640687119285, ""kick_power"": 0.0, ""kick_dir"": null}, {""move_vx"": -0.0, ""move_vy"": 0.0, ""kick_power"": 0.9, ""kick_dir"": [-0.9508579533281415, -0.30962739684284696]}, {""move_vx"": 4.1012193308819755, ""move_vy"": 4.1012193308819755, ""kick_power"": 0.0, ""kick_dir"": null}, {""move_vx"": -5.039857188326075, ""move_vy"": -1.9390305622341286, ""kick_power"": 0.0, ""kick_dir"": null}, {""move_vx"": -0.0, ""move_vy"": 0.0, ""kick_power"": 0.0, ""kick_dir"": null}, {""move_vx"": 4.743606209672699, ""move_vy"": 1.3427956387904325, ""kick_power"": 0.0, ""kick_dir"": null}, {""move_vx"": -0.0, ""move_vy"": 0.0, ""kick_power"": 0.0, ""kick_dir"": null}, {""move_vx"": -0.0, ""move_vy"": 0.0, ""kick_power"": 0.65, ""kick_dir"": [0.8600753244195037, 0.5101665680538133]}, {""move_vx"": -7.4996116004320665, ""move_vy"": -0.07632720789325032, ""kick_power"": 0.0, ""kick_dir"": null}, {""move_vx"": 5.3953660807298744, ""move_vy"": 0.6954314163952899, ""kick_power"": 0.0, ""kick_dir"": null}, {""move_vx"": -6.23911029076712, ""move_vy"": 0.873786461124137, ""kick_power"": 0.0, ""kick_dir"": null}, {""move_vx"": -8.319654298377094, ""move_vy"": 0.07584428452797838, ""kick_power"": 0.0, ""kick_dir"": null}]"
2207,119,default,default,0,12.248430634953573,37.25964789618034,-1,,,-0.5346724953934748,-0.11699430497194493,-0.06053746045496545,"[{""move_vx"": 0.0, ""move_vy"": 0.0, ""kick_power"": 0.0, ""kick_dir"": null}, {""move_vx"": -4.1012193308819755, ""move_vy"": -4.1012193308819755, ""kick_power"": 0.0, ""kick_dir"": null}, {""move_vx"": 3.8183766184073566, ""move_vy"": -3.8183766184073566, ""kick_power"": 0.0, ""kick_dir"": null}, {""move_vx"": 5.9251509274594785, ""move_vy"": -0.4197457406884542, ""kick_power"": 0.0, ""kick_dir"": null}, {""move_vx"": 5.8, ""move_vy"": 0.0, ""kick_power"": 0.0, ""kick_dir"": null}, {""move_vx"": 4.914210213217559, ""move_vy"": 2.4475779824774198, ""kick_power"": 0.0, ""kick_dir"": null}, {""move_vx"": -4.242640687119285, ""move_vy"": -4.242640687119285, ""kick_power"": 0.0, ""kick_dir"": null}, {""move_vx"": 0.0, ""move_vy"": 0.0, ""kick_power"": 0.65, ""kick_dir"": [0.9864291560777652, 0.1641864276480812]}, {""move_vx"": -4.313351365237939, ""move_vy"": 4.313351365237939, ""kick_power"": 0.0, ""kick_dir"": null}, {""move_vx"": 6.0, ""move_vy"": 0.0, ""kick_power"": 0.0, ""kick_dir"": null}, {""move_vx"": 4.242640687119285, ""move_vy"": -4.242640687119285, ""kick_power"": 0.0, ""kick_dir"": null}, {""move_vx"": -0.0, ""move_vy"": 0.0, ""kick_power"": 0.9, ""kick_dir"": [-0.9508263210052554, -0.3097245220376181]}, {""move_vx"": 4.1012193308819755, ""move_vy"": 4.1012193308819755, ""kick_power"": 0.0, ""kick_dir"": null}, {""move_vx"": -5.039857188326074, ""move_vy"": -1.9390305622341282, ""kick_power"": 0.0, ""kick_dir"": null}, {""move_vx"": -0.0, ""move_vy"": 5.4, ""kick_power"": 0.0, ""kick_dir"": null}, {""move_vx"": -0.0, ""move_vy"": -5.8, ""kick_power"": 0.0, ""kick_dir"": null}, {""move_vx"": -7.498358193681086, ""move_vy"": 0.1569216341226522, ""kick_power"": 0.0, ""kick_dir"": null}, {""move_vx"": -0.0, ""move_vy"": 0.0, ""kick_power"": 0.65, ""kick_dir"": [0.8223235958932991, 0.5690196253249763]}, {""move_vx"": -7.4996116004320665, ""move_vy"": -0.07632720789325102, ""kick_power"": 0.0, ""kick_dir"": null}, {""move_vx"": 5.3953660807298744, ""move_vy"": 0.6954314163952912, ""kick_power"": 0.0, ""kick_dir"": null}, {""move_vx"": -6.228784437200943, ""move_vy"": 0.944586912297292, ""kick_power"": 0.0, ""kick_dir"": null}, {""move_vx"": -8.319618980446785, ""move_vy"": 0.07962424373007168, ""kick_power"": 0.0, ""kick_dir"": null}]"
2207,120,default,default,0,11.431098719560525,37.267347118361506,-1,,,-0.5311894643123096,-0.11554104972853316,-0.06317963317578335,"[{""move_vx"": 0.0, ""move_vy"": 0.0, ""kick_power"": 0.0, ""kick_dir"": null}, {""move_vx"": -4.1012193308819755, ""move_vy"": -4.1012193308819755, ""kick_power"": 0.0, ""kick_dir"": null}, {""move_vx"": 3.8183766184073566, ""move_vy"": -3.8183766184073566, ""kick_power"": 0.0, ""kick_dir"": null}, {""move_vx"": 5.9251509274594785, ""move_vy"": -0.4197457406884542, ""kick_power"": 0.0, ""kick_dir"": null}, {""move_vx"": 5.606064089360233, ""move_vy"": -1.4872946668315665, ""kick_power"": 0.0, ""kick_dir"": null}, {""move_vx"": 4.880473719807261, ""move_vy"": 2.5141750675461476, ""kick_power"": 0.0, ""kick_dir"": null}, {""move_vx"": -5.386060645511568, ""move_vy"": -0.38775085154195865, ""kick_power"": 0.0, ""kick_dir"": null}, {""move_vx"": 0.0, ""move_vy"": 0.0, ""kick_power"": 0.65, ""kick_dir"": [0.9937108539638932, 0.11197506355613682]}, {""move_vx"": -4.313351365237939, ""move_vy"": 4.313351365237939, ""kick_power"": 0.0, ""kick_dir"": null}, {""move_vx"": 6.0, ""move_vy"": 0.0, ""kick_power"": 0.0, ""kick_dir"": null}, {""move_vx"": 4.242640687119285, ""move_vy"": -4.242640687119285, ""kick_power"": 0.0, ""kick_dir"": null}, {""move_vx"": -0.0, ""move_vy"": 0.0, ""kick_power"": 0.9, ""kick_dir"": [-0.9507918729914795, -0.3098302543425956]}, {""move_vx"": -0.0, ""move_vy"": 0.0, ""kick_power"": 0.9, ""kick_dir"": [-0.8693973033273096, -0.4941136273357972]}, {""move_vx"": -5.039857188326075, ""move_vy"": -1.9390305622341282, ""kick_power"": 0.0, ""kick_dir"": null}, {""move_vx"": -0.0, ""move_vy"": 5.4, ""kick_power"": 0.0, ""kick_dir"": null}, {""move_vx"": 4.726696531011059, ""move_vy"": 1.401156630690523, ""kick_power"": 0.0, ""kick_dir"": null}, {""move_vx"": -4.242640687119285, ""move_vy"": -4.242640687119285, ""kick_power"": 0.0, ""kick_dir"": null}, {""move_vx"": -0.0, ""move_vy"": 0.0, ""kick_power"": 0.65, ""kick_dir"": [0.8057321083100106, 0.5922796199090729]}, {""move_vx"": -7.499737603087885, ""move_vy"": -0.06273663068405334, ""kick_power"": 0.0, ""kick_dir"": null}, {""move_vx"": 5.3953660807298744, ""move_vy"": 0.695431416395292, ""kick_power"": 0.0, ""kick_dir"": null}, {""move_vx"": -6.225580338948785, ""move_vy"": 0.9654788673473607, ""kick_power"": 0.0, ""kick_dir"": null}, {""move_vx"": -8.319220044330246, ""move_vy"": 0.11392038454058799, ""kick_power"": 0.0, ""kick_dir"": null}]"
2207,121,default,default,0,10.632617106758964,37.27486877171769,-1,,,-0.5280311228345195,-0.11938025329847264,-0.06166017224465334,"[{""move_vx"": 0.0, ""move_vy"": 0.0, ""kick_power"": 0.0, ""kick_dir"": null}, {""move_vx"": -4.1012193308819755, ""move_vy"": -4.1012193308819755, ""kick_power"": 0.0, ""kick_dir"": null}, {""move_vx"": 3.8183766184073566, ""move_vy"": -3.8183766184073566, ""kick_power"": 0.0, ""kick_dir"": null}, {""move_vx"": 5.9251509274594785, ""move_vy"": -0.4197457406884542, ""kick_power"": 0.0, ""kick_dir"": null}, {""move_vx"": 5.59920598790231, ""move_vy"": -1.5129085580559456, ""kick_power"": 0.0, ""kick_dir"": null}, {""move_vx"": 4.84371968576443, ""move_vy"": 2.5842754508252654, ""kick_power"": 0.0, ""kick_dir"": null}, {""move_vx"": -4.242640687119285, ""move_vy"": -4.242640687119285, ""kick_power"": 0.0, ""kick_dir"": null}, {""move_vx"": 0.0, ""move_vy"": 0.0, ""kick_power"": 0.65, ""kick_dir"": [0.9979797069635377, 0.06353104415912877]}, {""move_vx"": 4.313351365237939, ""move_vy"": 4.313351365237939, ""kick_power"": 0.0, ""kick_dir"": null}, {""move_vx"": 6.0, ""move_vy"": 0.0, ""kick_power"": 0.0, ""kick_dir"": null}, {""move_vx"": 4.242640687119285, ""move_vy"": -4.242640687119285, ""kick_power"": 0.0, ""kick_dir"": null}, {""move_vx"": -0.0, ""move_vy"": 0.0, ""kick_power"": 0.9, ""kick_dir"": [-0.9507547375151151, -0.30994419067001533]}, {""move_vx"": -0.0, ""move_vy"": 0.0, ""kick_power"": 0.9, ""kick_dir"": [-0.8730552350699056, -0.4876212712138169]}, {""move_vx"": -5.039857188326074, ""move_vy"": -1.939030562234128, ""kick_power"": 0.0, ""kick_dir"": null}, {""move_vx"": -0.0, ""move_vy"": 5.4, ""kick_power"": 0.0, ""kick_dir"": null}, {""move_vx"": 4.726696531011059, ""move_vy"": 1.4011566306905228, ""kick_power"": 0.0, ""kick_dir"": null}, {""move_vx"": -5.537450147836988, ""move_vy"": 1.3515346315282177, ""kick_power"": 0.0, ""kick_dir"": null}, {""move_vx"": -0.0, ""move_vy"": 0.0, ""kick_power"": 0.65, ""kick_dir"": [0.7836179381877525, 0.621242495233115]}, {""move_vx"": -7.499906967662478, ""move_vy"": -0.03735607591564904, ""kick_power"": 0.0, ""kick_dir"": null}, {""move_vx"": 5.3953660807298744, ""move_vy"": 0.6954314163952932, ""kick_power"": 0.0, ""kick_dir"": null}, {""move_vx"": -3.488890930638064, ""move_vy"": 4.88135637647073, ""kick_power"": 0.0, ""kick_dir"": null}, {""move_vx"": -8.318587001950377, ""move_vy"": 0.1533306589767746, ""kick_power"": 0.0, ""kick_dir"": null}]"
2207,122,default,default,0,9.852551047946642,37.28221695155709,-1,,,-0.5251994933884749,-0.11843056782603927,-0.06502039522488808,"[{""move_vx"": 0.0, ""move_vy"": 0.0, ""kick_power"": 0.0, ""kick_dir"": null}, {""move_vx"": -4.1012193308819755, ""move_vy"": -4.1012193308819755, ""kick_power"": 0.0, ""kick_dir"": null}, {""move_vx"": 3.8183766184073566, ""move_vy"": -3.8183766184073566, ""kick_power"": 0.0, ""kick_dir"": null}, {""move_vx"": 5.9251509274594785, ""move_vy"": -0.4197457406884542, ""kick_power"": 0.0, ""kick_dir"": null}, {""move_vx"": 5.592016660691921, ""move_vy"": -1.5392691988550862, ""kick_power"": 0.0, ""kick_dir"": null}, {""move_vx"": 4.803509365770275, ""move_vy"": 2.6582696953012976, ""kick_power"": 0.0, ""kick_dir"": null}, {""move_vx"": -4.242640687119285, ""move_vy"": -4.242640687119285, ""kick_power"": 0.0, ""kick_dir"": null}, {""move_vx"": 0.0, ""move_vy"": 0.0, ""kick_power"": 0.65, ""kick_dir"": [0.9998236809396647, 0.018769887738086265]}, {""move_vx"": 4.313351365237939, ""move_vy"": 4.313351365237939, ""kick_power"": 0.0, ""kick_dir"": null}, {""move_vx"": 6.0, ""move_vy"": 0.0, ""kick_power"": 0.0, ""kick_dir"": null}, {""move_vx"": 4.242640687119285, ""move_vy"": -4.242640687119285, ""kick_power"": 0.0, ""kick_dir"": null}, {""move_vx"": -0.0, ""move_vy"": 0.0, ""kick_power"": 0.9, ""kick_dir"": [-0.9507150391392019, -0.3100659390791113]}, {""move_vx"": 4.1012193308819755, ""move_vy"": 4.1012193308819755, ""kick_power"": 0.0, ""kick_dir"": null}, {""move_vx"": -5.039857188326074, ""move_vy"": -1.939030562234128, ""kick_power"": 0.0, ""kick_dir"": null}, {""move_vx"": -0.0, ""move_vy"": -5.4, ""kick_power"": 0.0, ""kick_dir"": null}, {""move_vx"": 4.726696531011059, ""move_vy"": 1.4011566306905223, ""kick_power"": 0.0, ""kick_dir"": null}, {""move_vx"": -0.0, ""move_vy"": 0.0, ""kick_power"": 0.0, ""kick_dir"": null}, {""move_vx"": -0.0, ""move_vy"": 0.0, ""kick_power"": 0.65, ""kick_dir"": [0.7581365579352104, 0.652095237254539]}, {""move_vx"": -7.499927747401027, ""move_vy"": -0.032920871254570765, ""kick_power"": 0.0, ""kick_dir"": null}, {""move_vx"": 5.395366080729874, ""move_vy"": 0.6954314163952944, ""kick_power"": 0.0, ""kick_dir"": null}, {""move_vx"": -3.443047374460394, ""move_vy"": 4.913799423788214, ""kick_power"": 0.0, ""kick_dir"": null}, {""move_vx"": -8.317862885647495, ""move_vy"": 0.18856567971907937, ""kick_power"": 0.0, ""kick_dir"": null}]"
2207,123,default,default,0,9.090475821222274,37.28939565873689,-1,,,-0.5226960051319608,-0.11723170682850612,-0.06801881851114161,"[{""move_vx"": 0.0, ""move_vy"": 0.0, ""kick_power"": 0.0, ""kick_dir"": null}, {""move_vx"": -4.1012193308819755, ""move_vy"": -4.1012193308819755, ""kick_power"": 0.0, ""kick_dir"": null}, {""move_vx"": 3.8183766184073566, ""move_vy"": -3.8183766184073566, ""kick_power"": 0.0, ""kick_dir"": null}, {""move_vx"": 5.9251509274594785, ""move_vy"": -0.4197457406884542, ""kick_power"": 0.0, ""kick_dir"": null}, {""move_vx"": 5.576893272280284, ""move_vy"": -1.593192213637422, ""kick_power"": 0.0, ""kick_dir"": null}, {""move_vx"": 4.7593096004220286, ""move_vy"": 2.7366169127831386, ""kick_power"": 0.0, ""kick_dir"": null}, {""move_vx"": -4.242640687119285, ""move_vy"": -4.242640687119285, ""kick_power"": 0.0, ""kick_dir"": null}, {""move_vx"": 0.0, ""move_vy"": 0.0, ""kick_power"": 0.65, ""kick_dir"": [0.9997473169980357, -0.02247255906587152]}, {""move_vx"": 4.313351365237939, ""move_vy"": 4.313351365237939, ""kick_power"": 0.0, ""kick_dir"": null}, {""move_vx"": 6.0, ""move_vy"": 0.0, ""kick_power"": 0.0, ""kick_dir"": null}, {""move_vx"": 4.242640687119285, ""move_vy"": -4.242640687119285, ""kick_power"": 0.0, ""kick_dir"": null}, {""move_vx"": -0.0, ""move_vy"": 0.0, ""kick_power"": 0.9, ""kick_dir"": [-0.9506728988115947, -0.31019511871178235]}, {""move_vx"": 4.1012193308819755, ""move_vy"": 4.1012193308819755, ""kick_power"": 0.0, ""kick_dir"": null}, {""move_vx"": -0.0, ""move_vy"": 0.0, ""kick_power"": 0.9, ""kick_dir"": [-0.93147946047225, 0.3637935925864195]}, {""move_vx"": -0.0, ""move_vy"": 5.4, ""kick_power"": 0.0, ""kick_dir"": null}, {""move_vx"": 4.72669653101106, ""move_vy"": 1.4011566306905219, ""kick_power"": 0.0, ""kick_dir"": null}, {""move_vx"": -0.0, ""move_vy"": 0.0, ""kick_power"": 0.0, ""kick_dir"": null}, {""move_vx"": -0.0, ""move_vy"": 0.0, ""kick_power"": 0.65, ""kick_dir"": [0.7260483707614409, 0.6876430194368978]}, {""move_vx"": -7.499926415205019, ""move_vy"": -0.03322298165397252, ""kick_power"": 0.0, ""kick_dir"": null}, {""move_vx"": 4.525483399593904, ""move_vy"": 4.525483399593904, ""kick_power"": 0.0, ""kick_dir"": null}, {""move_vx"": -3.3880095000591597, ""move_vy"": 4.951907877526486, ""kick_power"": 0.0, ""kick_dir"": null}, {""move_vx"": -8.317079928993184, ""move_vy"": 0.2204120113304609, ""kick_power"": 0.0, ""kick_dir"": null}]"
2207,124,default,default,0,8.345976500137565,37.29640880184168,-1,,,-0.5205213022257793,-0.11612725950973492,-0.061887529983783746,"[{""move_vx"": 0.0, ""move_vy"": 0.0, ""kick_power"": 0.0, ""kick_dir"": null}, {""move_vx"": -4.1012193308819755, ""move_vy"": -4.1012193308819755, ""kick_power"": 0.0, ""kick_dir"": null}, {""move_vx"": 3.8183766184073566, ""move_vy"": -3.8183766184073566, ""kick_power"": 0.0, ""kick_dir"": null}, {""move_vx"": 5.9251509274594785, ""move_vy"": -0.4197457406884542, ""kick_power"": 0.0, ""kick_dir"": null}, {""move_vx"": 5.560302330857201, ""move_vy"": -1.6501630190572003, ""kick_power"": 0.0, ""kick_dir"": null}, {""move_vx"": 4.71046528143101, ""move_vy"": 2.819861137083363, ""kick_power"": 0.0, ""kick_dir"": null}, {""move_vx"": 4.242640687119285, ""move_vy"": -4.242640687119285, ""kick_power"": 0.0, ""kick_dir"": null}, {""move_vx"": 0.0, ""move_vy"": 0.0, ""kick_power"": 0.65, ""kick_dir"": [0.9981736013928028, -0.06040849949021349]}, {""move_vx"": 4.313351365237939, ""move_vy"": 4.313351365237939, ""kick_power"": 0.0, ""kick_dir"": null}, {""move_vx"": 6.0, ""move_vy"": 0.0, ""kick_power"": 0.0, ""kick_dir"": null}, {""move_vx"": 4.242640687119285, ""move_vy"": -4.242640687119285, ""kick_power"": 0.0, ""kick_dir"": null}, {""move_vx"": -0.0, ""move_vy"": 0.0, ""kick_power"": 0.9, ""kick_dir"": [-0.9506284339173601, -0.31033135971140086]}, {""move_vx"": -0.0, ""move_vy"": 5.8, ""kick_power"": 0.0, ""kick_dir"": null}, {""move_vx"": -5.045308594859707, ""move_vy"": -1.9248015956546751, ""kick_power"": 0.0, ""kick_dir"": null}, {""move_vx"": -0.0, ""move_vy"": 0.0, ""kick_power"": 0.4, ""kick_dir"": [-0.9992112587599858, -0.03970930281956569]}, {""move_vx"": 4.72669653101106, ""move_vy"": 1.4011566306905217, ""kick_power"": 0.0, ""kick_dir"": null}, {""move_vx"": -0.0, ""move_vy"": 0.0, ""kick_power"": 0.0, ""kick_dir"": null}, {""move_vx"": -0.0, ""move_vy"": 0.0, ""kick_power"": 0.65, ""kick_dir"": [0.6870543988574191, 0.7266053282773627]}, {""move_vx"": -7.499925045822267, ""move_vy"": -0.03353068815078505, ""kick_power"": 0.0, ""kick_dir"": null}, {""move_vx"": 5.405509352158116, ""move_vy"": 0.6116115137333044, ""kick_power"": 0.0, ""kick_dir"": null}, {""move_vx"": -3.331295513583802, ""move_vy"": 4.990237489456431, ""kick_power"": 0.0, ""kick_dir"": null}, {""move_vx"": -8.315831523896247, ""move_vy"": 0.26333641254758766, ""kick_power"": 0.0, ""kick_dir"": null}]"
2207,125,default,default,0,7.618647727782567,37.30326019931149,-1,,,-0.5175808355109337,-0.11399412477200312,-0.057911705056375336,"[{""move_vx"": 1.9466427237367137, ""move_vy"": -4.332791491189359, ""kick_power"": 0.0, ""kick_dir"": null}, {""move_vx"": -4.1012193308819755, ""move_vy"": -4.1012193308819755, ""kick_power"": 0.0, ""kick_dir"": null}, {""move_vx"": 3.8183766184073566, ""move_vy"": -3.8183766184073566, ""kick_power"": 0.0, ""kick_dir"": null}, {""move_vx"": 5.9251509274594785, ""move_vy"": -0.4197457406884542, ""kick_power"": 0.0, ""kick_dir"": null}, {""move_vx"": 5.542063483079843, ""move_vy"": -1.7104187643711422, ""kick_power"": 0.0, ""kick_dir"": null}, {""move_vx"": 4.656161456752002, ""move_vy"": 2.9086526930276624, ""kick_power"": 0.0, ""kick_dir"": null}, {""move_vx"": -4.242640687119285, ""move_vy"": -4.242640687119285, ""kick_power"": 0.0, ""kick_dir"": null}, {""move_vx"": 0.0, ""move_vy"": 0.0, ""kick_power"": 0.65, ""kick_dir"": [0.9954508985304505, -0.09527457663420602]}, {""move_vx"": 4.313351365237939, ""move_vy"": 4.313351365237939, ""kick_power"": 0.0, ""kick_dir"": null}, {""move_vx"": 6.0, ""move_vy"": 0.0, ""kick_power"": 0.0, ""kick_dir"": null}, {""move_vx"": 4.242640687119285, ""move_vy"": -4.242640687119285, ""kick_power"": 0.0, ""kick_dir"": null}, {""move_vx"": -0.0, ""move_vy"": 0.0, ""kick_power"": 0.9, ""kick_dir"": [-0.9505817583330254, -0.31047430312681606]}, {""move_vx"": -0.0, ""move_vy"": 0.0, ""kick_power"": 0.9, ""kick_dir"": [-0.8739888780814546, -0.48594587094794556]}, {""move_vx"": -5.045308594859706, ""move_vy"": -1.9248015956546751, ""kick_power"": 0.0, ""kick_dir"": null}, {""move_vx"": -0.0, ""move_vy"": -5.4, ""kick_power"": 0.0, ""kick_dir"": null}, {""move_vx"": 4.72669653101106, ""move_vy"": 1.4011566306905214, ""kick_power"": 0.0, ""kick_dir"": null}, {""move_vx"": -0.0, ""move_vy"": 0.0, ""kick_power"": 0.0, ""kick_dir"": null}, {""move_vx"": -0.0, ""move_vy"": 0.0, ""kick_power"": 0.65, ""kick_dir"": [0.6337272068543925, 0.7735558914396747]}, {""move_vx"": -7.499923637855762, ""move_vy"": -0.0338441476831079, ""kick_power"": 0.0, ""kick_dir"": null}, {""move_vx"": 5.405509352158116, ""move_vy"": 0.6116115137333035, ""kick_power"": 0.0, ""kick_dir"": null}, {""move_vx"": -3.275054704645843, ""move_vy"": 5.02732699171012, ""kick_power"": 0.0, ""kick_dir"": null}, {""move_vx"": -8.313857226982062, ""move_vy"": 0.3196529514303262, ""kick_power"": 0.0, ""kick_dir"": null}]"
2207,126,default,default,0,6.9080934960813405,37.30995358152085,-1,,,-0.5161209184910684,-0.11405794692074298,-0.056591715131583044,"[{""move_vx"": 0.0, ""move_vy"": 0.0, ""kick_power"": 0.0, ""kick_dir"": null}, {""move_vx"": -4.1012193308819755, ""move_vy"": -4.1012193308819755, ""kick_power"": 0.0, ""kick_dir"": null}, {""move_vx"": 3.8183766184073566, ""move_vy"": -3.8183766184073566, ""kick_power"": 0.0, ""kick_dir"": null}, {""move_vx"": 5.9251509274594785, ""move_vy"": -0.4197457406884542, ""kick_power"": 0.0, ""kick_dir"": null}, {""move_vx"": 5.521970030182038, ""move_vy"": -1.7742172882066565, ""kick_power"": 0.0, ""kick_dir"": null}, {""move_vx"": 4.595370192954801, ""move_vy"": 3.0037764213906724, ""kick_power"": 0.0, ""kick_dir"": null}, {""move_vx"": 4.242640687119285, ""move_vy"": -4.242640687119285, ""kick_power"": 0.0, ""kick_dir"": null}, {""move_vx"": 0.0, ""move_vy"": 0.0, ""kick_power"": 0.65, ""kick_dir"": [0.9918621844298441, -0.12731517533982054]}, {""move_vx"": 4.313351365237939, ""move_vy"": 4.313351365237939, ""kick_power"": 0.0, ""kick_dir"": null}, {""move_vx"": 6.0, ""move_vy"": 0.0, ""kick_power"": 0.0, ""kick_dir"": null}, {""move_vx"": 4.242640687119285, ""move_vy"": -4.242640687119285, ""kick_power"": 0.0, ""kick_dir"": null}, {""move_vx"": -0.0, ""move_vy"": 0.0, ""kick_power"": 0.9, ""kick_dir"": [-0.9505329824822704, -0.3106236008034176]}, {""move_vx"": -0.0, ""move_vy"": 0.0, ""kick_power"": 0.9, ""kick_dir"": [-0.8774537454945311, -0.4796612063426587]}, {""move_vx"": -5.045308594859706, ""move_vy"": -1.9248015956546753, ""kick_power"": 0.0, ""kick_dir"": null}, {""move_vx"": -0.0, ""move_vy"": 5.4, ""kick_power"": 0.0, ""kick_dir"": null}, {""move_vx"": 4.72669653101106, ""move_vy"": 1.4011566306905212, ""kick_power"": 0.0, ""kick_dir"": null}, {""move_vx"": -0.0, ""move_vy"": 0.0, ""kick_power"": 0.0, ""kick_dir"": null}, {""move_vx"": -0.0, ""move_vy"": 0.0, ""kick_power"": 0.65, ""kick_dir"": [0.5426853265766471, 0.8399352770837228]}, {""move_vx"": -7.499922189842275, ""move_vy"": -0.03416352311256594, ""kick_power"": 0.0, ""kick_dir"": null}, {""move_vx"": 5.405509352158116, ""move_vy"": 0.6116115137333025, ""kick_power"": 0.0, ""kick_dir"": null}, {""move_vx"": -3.2235219182303965, ""move_vy"": 5.060524324878622, ""kick_power"": 0.0, ""kick_dir"": null}, {""move_vx"": -8.31088263991907, ""move_vy"": 0.3893966428872509, ""kick_power"": 0.0, ""kick_dir"": null}]"
2207,127,default,default,0,6.2139269301777835,37.31649259280987,-1,,,-0.5149866403284264,-0.10429138242956879,-0.05319274285820472,"[{""move_vx"": 0.0, ""move_vy"": 0.0, ""kick_power"": 0.0, ""kick_dir"": null}, {""move_vx"": -4.1012193308819755, ""move_vy"": -4.1012193308819755, ""kick_power"": 0.0, ""kick_dir"": null}, {""move_vx"": 3.8183766184073566, ""move_vy"": -3.8183766184073566, ""kick_power"": 0.0, ""kick_dir"": null}, {""move_vx"": 0.0, ""move_vy"": 0.0, ""kick_power"": 0.0, ""kick_dir"": null}, {""move_vx"": 5.499784639601527, ""move_vy"": -1.8418384614300742, ""kick_power"": 0.0, ""kick_dir"": null}, {""move_vx"": 0.0, ""move_vy"": 0.0, ""kick_power"": 0.0, ""kick_dir"": null}, {""move_vx"": -4.242640687119285, ""move_vy"": -4.242640687119285, ""kick_power"": 0.0, ""kick_dir"": null}, {""move_vx"": 0.0, ""move_vy"": 0.0, ""kick_power"": 0.65, ""kick_dir"": [0.9876348199496473, -0.15677123161686812]}, {""move_vx"": 4.313351365237939, ""move_vy"": 4.313351365237939, ""kick_power"": 0.0, ""kick_dir"": null}, {""move_vx"": 6.0, ""move_vy"": 0.0, ""kick_power"": 0.0, ""kick_dir"": null}, {""move_vx"": 4.242640687119285, ""move_vy"": -4.242640687119285, ""kick_power"": 0.0, ""kick_dir"": null}, {""move_vx"": -0.0, ""move_vy"": 0.0, ""kick_power"": 0.9, ""kick_dir"": [-0.9504822133926965, -0.31077891526294854]}, {""move_vx"": 4.1012193308819755, ""move_vy"": 4.1012193308819755, ""kick_power"": 0.0, ""kick_dir"": null}, {""move_vx"": -4.517322012211177, ""move_vy"": 2.958682449671199, ""kick_power"": 0.0, ""kick_dir"": null}, {""move_vx"": -0.0, ""move_vy"": 5.4, ""kick_power"": 0.0, ""kick_dir"": null}, {""move_vx"": 4.726696531011059, ""move_vy"": 1.4011566306905205, ""kick_power"": 0.0, ""kick_dir"": null}, {""move_vx"": -0.0, ""move_vy"": 0.0, ""kick_power"": 0.0, ""kick_dir"": null}, {""move_vx"": -6.0, ""move_vy"": 0.0, ""kick_power"": 0.0, ""kick_dir"": null}, {""move_vx"": -7.499920700248549, ""move_vy"": -0.0344889835064402, ""kick_power"": 0.0, ""kick_dir"": null}, {""move_vx"": 5.405509352158116, ""move_vy"": 0.6116115137333016, ""kick_power"": 0.0, ""kick_dir"": null}, {""move_vx"": -3.183587897831992, ""move_vy"": 5.0857416466802245, ""kick_power"": 0.0, ""kick_dir"": null}, {""move_vx"": -8.306827140596335, ""move_vy"": 0.4679987780455461, ""kick_power"": 0.0, ""kick_dir"": null}]"
2207,128,default,default,0,5.5357700777942025,37.322880793468435,-1,,,-0.5141733863671146,-0.10914129783299921,-0.050308281866150856,"[{""move_vx"": 0.0, ""move_vy"": 0.0, ""kick_power"": 0.0, ""kick_dir"": null}, {""move_vx"": -4.1012193308819755, ""move_vy"": -4.1012193308819755, ""kick_power"": 0.0, ""kick_dir"": null}, {""move_vx"": 3.8183766184073566, ""move_vy"": -3.8183766184073566, ""kick_power"": 0.0, ""kick_dir"": null}, {""move_vx"": 5.925023255107121, ""move_vy"": -0.4215440978590933, ""kick_power"": 0.0, ""kick_dir"": null}, {""move_vx"": 5.475234343909818, ""move_vy"": -1.9135853467432327, ""kick_power"": 0.0, ""kick_dir"": null}, {""move_vx"": 0.0, ""move_vy"": 0.0, ""kick_power"": 0.0, ""kick_dir"": null}, {""move_vx"": 4.242640687119285, ""move_vy"": -4.242640687119285, ""kick_power"": 0.0, ""kick_dir"": null}, {""move_vx"": 0.0, ""move_vy"": 0.0, ""kick_power"": 0.65, ""kick_dir"": [0.9829498542797583, -0.183873189784287]}, {""move_vx"": 4.313351365237939, ""move_vy"": 4.313351365237939, ""kick_power"": 0.0, ""kick_dir"": null}, {""move_vx"": 6.0, ""move_vy"": 0.0, ""kick_power"": 0.0, ""kick_dir"": null}, {""move_vx"": 4.242640687119285, ""move_vy"": -4.242640687119285, ""kick_power"": 0.0, ""kick_dir"": null}, {""move_vx"": -0.0, ""move_vy"": 0.0, ""kick_power"": 0.9, ""kick_dir"": [-0.9504295547533609, -0.310939919573595]}, {""move_vx"": -0.0, ""move_vy"": 0.0, ""kick_power"": 0.9, ""kick_dir"": [-0.87953641363874, -0.47583153088146085]}, {""move_vx"": -5.0285469389598125, ""move_vy"": -1.9681757245423745, ""kick_power"": 0.0, ""kick_dir"": null}, {""move_vx"": -0.0, ""move_vy"": 5.4, ""kick_power"": 0.0, ""kick_dir"": null}, {""move_vx"": 4.7266965310110605, ""move_vy"": 1.4011566306905203, ""kick_power"": 0.0, ""kick_dir"": null}, {""move_vx"": -0.0, ""move_vy"": 0.0, ""kick_power"": 0.0, ""kick_dir"": null}, {""move_vx"": -5.399138308640702, ""move_vy"": 1.8273766782380698, ""kick_power"": 0.0, ""kick_dir"": null}, {""move_vx"": -7.499919167467246, ""move_vy"": -0.034820704436078535, ""kick_power"": 0.0, ""kick_dir"": null}, {""move_vx"": 5.405509352158116, ""move_vy"": 0.6116115137333006, ""kick_power"": 0.0, ""kick_dir"": null}, {""move_vx"": -3.163152888892009, ""move_vy"": 5.098476615764177, ""kick_power"": 0.0, ""kick_dir"": null}, {""move_vx"": -8.302198159969212, ""move_vy"": 0.5439721616074048, ""kick_power"": 0.0, ""kick_dir"": null}]"
2207,129,default,default,0,4.8732537034479595,37.32912166167472,-1,,,-0.51367492061237,-0.10125316176198024,-0.052936202831775026,"[{""move_vx"": 0.0, ""move_vy"": 0.0, ""kick_power"": 0.0, ""kick_dir"": null}, {""move_vx"": -4.1012193308819755, ""move_vy"": -4.1012193308819755, ""kick_power"": 0.0, ""kick_dir"": null}, {""move_vx"": 3.8183766184073566, ""move_vy"": -3.8183766184073566, ""kick_power"": 0.0, ""kick_dir"": null}, {""move_vx"": 0.0, ""move_vy"": 0.0, ""kick_power"": 0.0, ""kick_dir"": null}, {""move_vx"": 5.4480047293605, ""move_vy"": -1.989785030817557, ""kick_power"": 0.0, ""kick_dir"": null}, {""move_vx"": 0.0, ""move_vy"": 0.0, ""kick_power"": 0.0, ""kick_dir"": null}, {""move_vx"": -4.242640687119285, ""move_vy"": -4.242640687119285, ""kick_power"": 0.0, ""kick_dir"": null}, {""move_vx"": 0.0, ""move_vy"": 0.0, ""kick_power"": 0.65, ""kick_dir"": [0.9779503586809674, -0.20883694759803717]}, {""move_vx"": 4.313351365237939, ""move_vy"": 4.313351365237939, ""kick_power"": 0.0, ""kick_dir"": null}, {""move_vx"": 6.0, ""move_vy"": 0.0, ""kick_power"": 0.0, ""kick_dir"": null}, {""move_vx"": 4.242640687119285, ""move_vy"": -4.242640687119285, ""kick_power"": 0.0, ""kick_dir"": null}, {""move_vx"": -0.0, ""move_vy"": 0.0, ""kick_power"": 0.9, ""kick_dir"": [-0.9503751069727994, -0.31110629721172867]}, {""move_vx"": -0.0, ""move_vy"": 0.0, ""kick_power"": 0.9, ""kick_dir"": [-0.8828815366480263, -0.4695957205795347]}, {""move_vx"": -5.0285469389598125, ""move_vy"": -1.9681757245423739, ""kick_power"": 0.0, ""kick_dir"": null}, {""move_vx"": -0.0, ""move_vy"": 5.4, ""kick_power"": 0.0, ""kick_dir"": null}, {""move_vx"": 4.7266965310110605, ""move_vy"": 1.40115663069052, ""kick_power"": 0.0, ""kick_dir"": null}, {""move_vx"": -0.0, ""move_vy"": 0.0, ""kick_power"": 0.0, ""kick_dir"": null}, {""move_vx"": -0.0, ""move_vy"": 0.0, ""kick_power"": 0.65, ""kick_dir"": [0.15299119677783704, 0.9882260840059197]}, {""move_vx"": -7.499917589812597, ""move_vy"": -0.035158868292692706, ""kick_power"": 0.0, ""kick_dir"": null}, {""move_vx"": 5.405509352158117, ""move_vy"": 0.6116115137332995, ""kick_power"": 0.0, ""kick_dir"": null}, {""move_vx"": -3.1605835946423504, ""move_vy"": 5.10006973886413, ""kick_power"": 0.0, ""kick_dir"": null}, {""move_vx"": -8.298567531033184, ""move_vy"": 0.5968056072807859, ""kick_power"": 0.0, ""kick_dir"": null}]"
2207,130,default,default,0,4.226017087414148,37.335218595388895,-1,,,-0.5134833443835104,-0.10440821612472204,-0.05152128452478929,"[{""move_vx"": 0.0, ""move_vy"": 0.0, ""kick_power"": 0.0, ""kick_dir"": null}, {""move_vx"": -4.1012193308819755, ""move_vy"": -4.1012193308819755, ""kick_power"": 0.0, ""kick_dir"": null}, {""move_vx"": 3.8183766184073566, ""move_vy"": -3.8183766184073566, ""kick_power"": 0.0, ""kick_dir"": null}, {""move_vx"": 5.924900677995167, ""move_vy"": -0.42326345919819575, ""kick_power"": 0.0, ""kick_dir"": null}, {""move_vx"": 5.41773321849245, ""move_vy"": -2.070788925323737, ""kick_power"": 0.0, ""kick_dir"": null}, {""move_vx"": 4.20946932251001, ""move_vy"": 3.5242684379665414, ""kick_power"": 0.0, ""kick_dir"": null}, {""move_vx"": 4.242640687119285, ""move_vy"": -4.242640687119285, ""kick_power"": 0.0, ""kick_dir"": null}, {""move_vx"": 0.0, ""move_vy"": 0.0, ""kick_power"": 0.65, ""kick_dir"": [0.9727486084954896, -0.2318618719496443]}, {""move_vx"": 4.313351365237939, ""move_vy"": 4.313351365237939, ""kick_power"": 0.0, ""kick_dir"": null}, {""move_vx"": 6.0, ""move_vy"": 0.0, ""kick_power"": 0.0, ""kick_dir"": null}, {""move_vx"": 0.0, ""move_vy"": 6.0, ""kick_power"": 0.0, ""kick_dir"": null}, {""move_vx"": -0.0, ""move_vy"": 0.0, ""kick_power"": 0.9, ""kick_dir"": [-0.9503189672373038, -0.31127774191653207]}, {""move_vx"": 4.1012193308819755, ""move_vy"": 4.1012193308819755, ""kick_power"": 0.0, ""kick_dir"": null}, {""move_vx"": -5.028546938959813, ""move_vy"": -1.9681757245423737, ""kick_power"": 0.0, ""kick_dir"": null}, {""move_vx"": -0.0, ""move_vy"": 5.4, ""kick_power"": 0.0, ""kick_dir"": null}, {""move_vx"": -0.0, ""move_vy"": 0.0, ""kick_power"": 0.6, ""kick_dir"": [-0.9784755060091741, -0.20636290685151884]}, {""move_vx"": -0.0, ""move_vy"": 0.0, ""kick_power"": 0.0, ""kick_dir"": null}, {""move_vx"": -0.0, ""move_vy"": 0.0, ""kick_power"": 0.65, ""kick_dir"": [-0.5508648259211317, 0.8345930425091046]}, {""move_vx"": -7.499915965515775, ""move_vy"": -0.035503664621735195, ""kick_power"": 0.0, ""kick_dir"": null}, {""move_vx"": 5.405509352158118, ""move_vy"": 0.6116115137332985, ""kick_power"": 0.0, ""kick_dir"": null}, {""move_vx"": -6.296024902723204, ""move_vy"": -0.22376421583728603, ""kick_power"": 0.0, ""kick_dir"": null}, {""move_vx"": -8.297764243179213, ""move_vy"": 0.607872161409393, ""kick_power"": 0.0, ""kick_dir"": null}]"
2207,131,default,default,0,3.5937078293248255,37.34117491420326,-1,,,-0.5135891132925322,-0.09841867197144949,-0.050688141207187246,"[{""move_vx"": 0.0, ""move_vy"": 0.0, ""kick_power"": 0.0, ""kick_dir"": null}, {""move_vx"": -4.1012193308819755, ""move_vy"": -4.1012193308819755, ""kick_power"": 0.0, ""kick_dir"": null}, {""move_vx"": 3.8183766184073566, ""move_vy"": -3.8183766184073566, ""kick_power"": 0.0, ""kick_dir"": null}, {""move_vx"": 0.0, ""move_vy"": 0.0, ""kick_power"": 0.4, ""kick_dir"": [0.9974580116016087, -0.0712564735411411]}, {""move_vx"": 5.384001364871584, ""move_vy"": -2.1569722536604194, ""kick_power"": 0.0, ""kick_dir"": null}, {""move_vx"": 0.0, ""move_vy"": 0.0, ""kick_power"": 0.0, ""kick_dir"": null}, {""move_vx"": -4.242640687119285, ""move_vy"": -4.242640687119285, ""kick_power"": 0.0, ""kick_dir"": null}, {""move_vx"": 0.0, ""move_vy"": 0.0, ""kick_power"": 0.65, ""kick_dir"": [0.9817445685190087, -0.19020353090955533]}, {""move_vx"": 4.313351365237939, ""move_vy"": 4.313351365237939, ""kick_power"": 0.0, ""kick_dir"": null}, {""move_vx"": 6.0, ""move_vy"": 0.0, ""kick_power"": 0.0, ""kick_dir"": null}, {""move_vx"": 4.242640687119285, ""move_vy"": -4.242640687119285, ""kick_power"": 0.0, ""kick_dir"": null}, {""move_vx"": -0.0, ""move_vy"": 0.0, ""kick_power"": 0.9, ""kick_dir"": [-0.9502612295692554, -0.31145395753861643]}, {""move_vx"": 4.1012193308819755, ""move_vy"": 4.1012193308819755, ""kick_power"": 0.0, ""kick_dir"": null}, {""move_vx"": -5.028546938959813, ""move_vy"": -1.9681757245423734, ""kick_power"": 0.0, ""kick_dir"": null}, {""move_vx"": -0.0, ""move_vy"": 5.4, ""kick_power"": 0.0, ""kick_dir"": null}, {""move_vx"": 4.7252379686932855, ""move_vy"": 1.406067615450748, ""kick_power"": 0.0, ""kick_dir"": null}, {""move_vx"": -0.0, ""move_vy"": 0.0, ""kick_power"": 0.0, ""kick_dir"": null}, {""move_vx"": -0.0, ""move_vy"": 0.0, ""kick_power"": 0.65, ""kick_dir"": [-0.8174525938476693, 0.5759944472640106]}, {""move_vx"": -7.4999142927199385, ""move_vy"": -0.035855290477143864, ""kick_power"": 0.0, ""kick_dir"": null}, {""move_vx"": 5.405509352158117, ""move_vy"": 0.6116115137332973, ""kick_power"": 0.0, ""kick_dir"": null}, {""move_vx"": -6.2958222638540775, ""move_vy"": -0.22939490395241102, ""kick_power"": 0.0, ""kick_dir"": null}, {""move_vx"": -8.29649763382197, ""move_vy"": 0.6249216046725073, ""kick_power"": 0.0, ""kick_dir"": null}]"
2207,132,default,default,0,2.975981656297893,37.34699386114964,-1,,,-0.5139811141982962,-0.09873993332624828,-0.05781717457189503,"[{""move_vx"": 0.0, ""move_vy"": 0.0, ""kick_power"": 0.0, ""kick_dir"": null}, {""move_vx"": -4.1012193308819755, ""move_vy"": -4.1012193308819755, ""kick_power"": 0.0, ""kick_dir"": null}, {""move_vx"": 3.8183766184073566, ""move_vy"": -3.8183766184073566, ""kick_power"": 0.0, ""kick_dir"": null}, {""move_vx"": 0.0, ""move_vy"": 0.0, ""kick_power"": 0.0, ""kick_dir"": null}, {""move_vx"": 5.34632611088438, ""move_vy"": -2.248732335356056, ""kick_power"": 0.0, ""kick_dir"": null}, {""move_vx"": 5.860199677457022, ""move_vy"": -1.6935346882578524, ""kick_power"": 0.0, ""kick_dir"": null}, {""move_vx"": -4.242640687119285, ""move_vy"": -4.242640687119285, ""kick_power"": 0.0, ""kick_dir"": null}, {""move_vx"": 0.0, ""move_vy"": 0.0, ""kick_power"": 0.65, ""kick_dir"": [0.9769714239271904, -0.21336969219477434]}, {""move_vx"": 4.313351365237939, ""move_vy"": 4.313351365237939, ""kick_power"": 0.0, ""kick_dir"": null}, {""move_vx"": 6.0, ""move_vy"": 0.0, ""kick_power"": 0.0, ""kick_dir"": null}, {""move_vx"": 4.242640687119285, ""move_vy"": -4.242640687119285, ""kick_power"": 0.0, ""kick_dir"": null}, {""move_vx"": -0.0, ""move_vy"": 0.0, ""kick_power"": 0.9, ""kick_dir"": [-0.9502019848853399, -0.31163465788361117]}, {""move_vx"": -0.0, ""move_vy"": 0.0, ""kick_power"": 0.9, ""kick_dir"": [-0.8834739348175709, -0.46848026196284404]}, {""move_vx"": 5.4, ""move_vy"": 0.0, ""kick_power"": 0.0, ""kick_dir"": null}, {""move_vx"": -0.0, ""move_vy"": -5.4, ""kick_power"": 0.0, ""kick_dir"": null}, {""move_vx"": 4.7252379686932855, ""move_vy"": 1.4060676154507483, ""kick_power"": 0.0, ""kick_dir"": null}, {""move_vx"": -0.0, ""move_vy"": 0.0, ""kick_power"": 0.0, ""kick_dir"": null}, {""move_vx"": -0.0, ""move_vy"": 0.0, ""kick_power"": 0.65, ""kick_dir"": [-0.9104646819742059, 0.4135853726868698]}, {""move_vx"": -7.499912569474906, ""move_vy"": -0.03621395079684511, ""kick_power"": 0.0, ""kick_dir"": null}, {""move_vx"": 5.405509352158117, ""move_vy"": 0.6116115137332959, ""kick_power"": 0.0, ""kick_dir"": null}, {""move_vx"": -0.0, ""move_vy"": -6.0, ""kick_power"": 0.0, ""kick_dir"": null}, {""move_vx"": -8.294807901853913, ""move_vy"": 0.6469635780644192, ""kick_power"": 0.0, ""kick_dir"": null}]"
2207,133,default,default,0,2.372502235491127,37.35267860446512,-1,,,-0.5146467992057228,-0.08600322125842554,-0.058458623201905834,"[{""move_vx"": 0.0, ""move_vy"": 0.0, ""kick_power"": 0.0, ""kick_dir"": null}, {""move_vx"": -4.1012193308819755, ""move_vy"": -4.1012193308819755, ""kick_power"": 0.0, ""kick_dir"": null}, {""move_vx"": 0.0, ""move_vy"": 0.0, ""kick_power"": 0.9, ""kick_dir"": [-0.7838036799319901, -0.6210086128432319]}, {""move_vx"": 5.9246654548776965, ""move_vy"": -0.4265433715097138, ""kick_power"": 0.0, ""kick_dir"": null}, {""move_vx"": 5.304150022934321, ""move_vy"": -2.3464851446804076, ""kick_power"": 0.0, ""kick_dir"": null}, {""move_vx"": 0.0, ""move_vy"": 0.0, ""kick_power"": 0.0, ""kick_dir"": null}, {""move_vx"": -4.242640687119285, ""move_vy"": -4.242640687119285, ""kick_power"": 0.0, ""kick_dir"": null}, {""move_vx"": 0.0, ""move_vy"": 0.0, ""kick_power"": 0.65, ""kick_dir"": [0.9720344219498513, -0.23483798365759043]}, {""move_vx"": 4.313351365237939, ""move_vy"": 4.313351365237939, ""kick_power"": 0.0, ""kick_dir"": null}, {""move_vx"": -5.623691113176858, ""move_vy"": -0.9295688589747526, ""kick_power"": 0.0, ""kick_dir"": null}, {""move_vx"": 4.242640687119285, ""move_vy"": -4.242640687119285, ""kick_power"": 0.0, ""kick_dir"": null}, {""move_vx"": -0.0, ""move_vy"": 0.0, ""kick_power"": 0.9, ""kick_dir"": [-0.9501413210545078, -0.3118195665516047]}, {""move_vx"": -0.0, ""move_vy"": 0.0, ""kick_power"": 0.9, ""kick_dir"": [-0.8866316415819141, -0.46247624946752824]}, {""move_vx"": 5.4, ""move_vy"": 0.0, ""kick_power"": 0.0, ""kick_dir"": null}, {""move_vx"": -0.0, ""move_vy"": -5.4, ""kick_power"": 0.0, ""kick_dir"": null}, {""move_vx"": 4.7252379686932855, ""move_vy"": 1.4060676154507488, ""kick_power"": 0.0, ""kick_dir"": null}, {""move_vx"": -0.0, ""move_vy"": 0.0, ""kick_power"": 0.0, ""kick_dir"": null}, {""move_vx"": -0.0, ""move_vy"": 0.0, ""kick_power"": 0.65, ""kick_dir"": [-0.9771153485642089, 0.21270778105323132]}, {""move_vx"": -7.499910793731489, ""move_vy"": -0.0365798588010193, ""kick_power"": 0.0, ""kick_dir"": null}, {""move_vx"": 5.405509352158117, ""move_vy"": 0.6116115137332947, ""kick_power"": 0.0, ""kick_dir"": null}, {""move_vx"": -0.0, ""move_vy"": -6.0, ""kick_power"": 0.0, ""kick_dir"": null}, {""move_vx"": -5.732118986323185, ""move_vy"": 0.5660494029970069, ""kick_power"": 0.0, ""kick_dir"": null}]"
2207,134,default,default,0,1.782940990979328,37.358232239317026,-1,,,-0.5155723694082313,-0.0821523797967785,-0.057436707788313855,"[{""move_vx"": 0.0, ""move_vy"": 0.0, ""kick_power"": 0.0, ""kick_dir"": null}, {""move_vx"": -4.1012193308819755, ""move_vy"": -4.1012193308819755, ""kick_power"": 0.0, ""kick_dir"": null}, {""move_vx"": 0.0, ""move_vy"": 0.0, ""kick_power"": 0.9, ""kick_dir"": [-0.7776572589348659, -0.6286883908448078]}, {""move_vx"": 0.0, ""move_vy"": 0.0, ""kick_power"": 0.0, ""kick_dir"": null}, {""move_vx"": 5.256830629012387, ""move_vy"": -2.4506594495925436, ""kick_power"": 0.0, ""kick_dir"": null}, {""move_vx"": 5.86120729577249, ""move_vy"": -1.6900440929109894, ""kick_power"": 0.0, ""kick_dir"": null}, {""move_vx"": 4.242640687119285, ""move_vy"": -4.242640687119285, ""kick_power"": 0.0, ""kick_dir"": null}, {""move_vx"": 0.0, ""move_vy"": 0.0, ""kick_power"": 0.65, ""kick_dir"": [0.9670042968182377, -0.2547596766813282]}, {""move_vx"": 4.313351365237939, ""move_vy"": 4.313351365237939, ""kick_power"": 0.0, ""kick_dir"": null}, {""move_vx"": -4.242640687119285, ""move_vy"": -4.242640687119285, ""kick_power"": 0.0, ""kick_dir"": null}, {""move_vx"": 4.242640687119285, ""move_vy"": -4.242640687119285, ""kick_power"": 0.0, ""kick_dir"": null}, {""move_vx"": -0.0, ""move_vy"": 0.0, ""kick_power"": 0.9, ""kick_dir"": [-0.9500793229555602, -0.3120084167732066]}, {""move_vx"": -0.0, ""move_vy"": 0.0, ""kick_power"": 0.9, ""kick_dir"": [-0.889769879867312, -0.45640936655905046]}, {""move_vx"": 5.4, ""move_vy"": 0.0, ""kick_power"": 0.0, ""kick_dir"": null}, {""move_vx"": -0.0, ""move_vy"": -5.4, ""kick_power"": 0.0, ""kick_dir"": null}, {""move_vx"": 4.7252379686932855, ""move_vy"": 1.4060676154507488, ""kick_power"": 0.0, ""kick_dir"": null}, {""move_vx"": -0.0, ""move_vy"": 0.0, ""kick_power"": 0.0, ""kick_dir"": null}, {""move_vx"": -0.0, ""move_vy"": 0.0, ""kick_power"": 0.65, ""kick_dir"": [-0.9964635168818762, 0.08402138496655083]}, {""move_vx"": -7.499908963335386, ""move_vy"": -0.03695323641475424, ""kick_power"": 0.0, ""kick_dir"": null}, {""move_vx"": 5.405509352158117, ""move_vy"": 0.6116115137332933, ""kick_power"": 0.0, ""kick_dir"": null}, {""move_vx"": -0.0, ""move_vy"": -6.0, ""kick_power"": 0.0, ""kick_dir"": null}, {""move_vx"": -5.723171282783837, ""move_vy"": 0.6503156679016953, ""kick_power"": 0.0, ""kick_dir"": null}]"
2207,135,default,default,0,1.2069769248548634,37.363657789488194,-1,,,-0.5167429974973897,-0.08422565952251804,-0.054680438851512594,"[{""move_vx"": 0.0, ""move_vy"": 0.0, ""kick_power"": 0.0, ""kick_dir"": null}, {""move_vx"": -4.1012193308819755, ""move_vy"": -4.1012193308819755, ""kick_power"": 0.0, ""kick_dir"": null}, {""move_vx"": 3.8183766184073566, ""move_vy"": 3.8183766184073566, ""kick_power"": 0.0, ""kick_dir"": null}, {""move_vx"": 5.924552721735057, ""move_vy"": -0.4281063505506004, ""kick_power"": 0.0, ""kick_dir"": null}, {""move_vx"": 0.0, ""move_vy"": 0.0, ""kick_power"": 0.4, ""kick_dir"": [-0.9932213493578791, -0.11623696258672139]}, {""move_vx"": 0.0, ""move_vy"": 0.0, ""kick_power"": 0.0, ""kick_dir"": null}, {""move_vx"": -4.242640687119285, ""move_vy"": -4.242640687119285, ""kick_power"": 0.0, ""kick_dir"": null}, {""move_vx"": 0.0, ""move_vy"": 0.0, ""kick_power"": 0.65, ""kick_dir"": [-0.8624254071160672, 0.5061830671262176]}, {""move_vx"": 4.313351365237939, ""move_vy"": 4.313351365237939, ""kick_power"": 0.0, ""kick_dir"": null}, {""move_vx"": -4.680691182117155, ""move_vy"": -2.025124701753132, ""kick_power"": 0.0, ""kick_dir"": null}, {""move_vx"": 4.242640687119285, ""move_vy"": -4.242640687119285, ""kick_power"": 0.0, ""kick_dir"": null}, {""move_vx"": -0.0, ""move_vy"": 0.0, ""kick_power"": 0.9, ""kick_dir"": [-0.9500160725342686, -0.31220095124292074]}, {""move_vx"": 4.1012193308819755, ""move_vy"": 4.1012193308819755, ""kick_power"": 0.0, ""kick_dir"": null}, {""move_vx"": 5.4, ""move_vy"": 0.0, ""kick_power"": 0.0, ""kick_dir"": null}, {""move_vx"": -0.0, ""move_vy"": -5.4, ""kick_power"": 0.0, ""kick_dir"": null}, {""move_vx"": 4.7252379686932855, ""move_vy"": 1.406067615450749, ""kick_power"": 0.0, ""kick_dir"": null}, {""move_vx"": -0.0, ""move_vy"": 0.0, ""kick_power"": 0.0, ""kick_dir"": null}, {""move_vx"": -6.0, ""move_vy"": 0.0, ""kick_power"": 0.0, ""kick_dir"": null}, {""move_vx"": -7.4999070760206505, ""move_vy"": -0.037334314716847276, ""kick_power"": 0.0, ""kick_dir"": null}, {""move_vx"": 5.405509352158118, ""move_vy"": 0.6116115137332919, ""kick_power"": 0.0, ""kick_dir"": null}, {""move_vx"": -0.0, ""move_vy"": -6.0, ""kick_power"": 0.0, ""kick_dir"": null}, {""move_vx"": -5.713726635594525, ""move_vy"": 0.7286480176996907, ""kick_power"": 0.0, ""kick_dir"": null}]"
2207,136,default,default,0,0.6442964424542139,37.3689582090233,-1,,,-0.5181430760309174,-0.0789439786394051,-0.04393950524766576,"[{""move_vx"": 0.0, ""move_vy"": 0.0, ""kick_power"": 0.0, ""kick_dir"": null}, {""move_vx"": -4.1012193308819755, ""move_vy"": -4.1012193308819755, ""kick_power"": 0.0, ""kick_dir"": null}, {""move_vx"": -4.55688070849499, ""move_vy"": 0.5503982272375122, ""kick_power"": 0.0, ""kick_dir"": null}, {""move_vx"": 0.0, ""move_vy"": 0.0, ""kick_power"": 0.0, ""kick_dir"": null}, {""move_vx"": 5.142641455487293, ""move_vy"": -2.682021413095641, ""kick_power"": 0.0, ""kick_dir"": null}, {""move_vx"": 5.862217872843002, ""move_vy"": -1.6865353869160487, ""kick_power"": 0.0, ""kick_dir"": null}, {""move_vx"": 4.242640687119285, ""move_vy"": -4.242640687119285, ""kick_power"": 0.0, ""kick_dir"": null}, {""move_vx"": 0.0, ""move_vy"": 0.0, ""kick_power"": 0.65, ""kick_dir"": [-0.8624254071160672, 0.5061830671262176]}, {""move_vx"": 4.313351365237939, ""move_vy"": 4.313351365237939, ""kick_power"": 0.0, ""kick_dir"": null}, {""move_vx"": -4.242640687119285, ""move_vy"": -4.242640687119285, ""kick_power"": 0.0, ""kick_dir"": null}, {""move_vx"": 4.242640687119285, ""move_vy"": -4.242640687119285, ""kick_power"": 0.0, ""kick_dir"": null}, {""move_vx"": -0.0, ""move_vy"": 0.0, ""kick_power"": 0.9, ""kick_dir"": [-0.9499516488599518, -0.3123969219504249]}, {""move_vx"": 4.1012193308819755, ""move_vy"": 4.1012193308819755, ""kick_power"": 0.0, ""kick_dir"": null}, {""move_vx"": -6.971422429107834, ""move_vy"": 0.8244205934668478, ""kick_power"": 0.0, ""kick_dir"": null}, {""move_vx"": -0.0, ""move_vy"": 5.4, ""kick_power"": 0.0, ""kick_dir"": null}, {""move_vx"": 4.7252379686932855, ""move_vy"": 1.406067615450749, ""kick_power"": 0.0, ""kick_dir"": null}, {""move_vx"": -0.0, ""move_vy"": 0.0, ""kick_power"": 0.0, ""kick_dir"": null}, {""move_vx"": -5.391316687264722, ""move_vy"": 1.8503254788336392, ""kick_power"": 0.0, ""kick_dir"": null}, {""move_vx"": -7.499905129402671, ""move_vy"": -0.03772333441666274, ""kick_power"": 0.0, ""kick_dir"": null}, {""move_vx"": 5.405509352158118, ""move_vy"": 0.6116115137332905, ""kick_power"": 0.0, ""kick_dir"": null}, {""move_vx"": -2.834529399875044, ""move_vy"": 5.288236292115172, ""kick_power"": 0.0, ""kick_dir"": null}, {""move_vx"": -5.705057228885724, ""move_vy"": 0.7936762659540496, ""kick_power"": 0.0, ""kick_dir"": null}]"
2207,137,default,default,0,0.09459318161535274,37.37413638383723,-1,,,-0.5197564772767086,-0.08101067749266998,-0.050704827309283,"[{""move_vx"": 0.0, ""move_vy"": 0.0, ""kick_power"": 0.0, ""kick_dir"": null}, {""move_vx"": -4.1012193308819755, ""move_vy"": -4.1012193308819755, ""kick_power"": 0.0, ""kick_dir"": null}, {""move_vx"": -4.55688070849499, ""move_vy"": 0.5503982272375116, ""kick_power"": 0.0, ""kick_dir"": null}, {""move_vx"": 5.924444500459921, ""move_vy"": -0.4296013977749703, ""kick_power"": 0.0, ""kick_dir"": null}, {""move_vx"": 5.1139899346769075, ""move_vy"": -2.7362578365393997, ""kick_power"": 0.0, ""kick_dir"": null}, {""move_vx"": 0.0, ""move_vy"": 0.0, ""kick_power"": 0.0, ""kick_dir"": null}, {""move_vx"": 7.498242006991857, ""move_vy"": 0.16237858412587647, ""kick_power"": 0.0, ""kick_dir"": null}, {""move_vx"": 0.0, ""move_vy"": 0.0, ""kick_power"": 0.65, ""kick_dir"": [-0.8442920400461762, 0.5358820741089921]}, {""move_vx"": 4.313351365237939, ""move_vy"": 4.313351365237939, ""kick_power"": 0.0, ""kick_dir"": null}, {""move_vx"": -4.242640687119285, ""move_vy"": -4.242640687119285, ""kick_power"": 0.0, ""kick_dir"": null}, {""move_vx"": 4.242640687119285, ""move_vy"": -4.242640687119285, ""kick_power"": 0.0, ""kick_dir"": null}, {""move_vx"": -0.0, ""move_vy"": -5.0, ""kick_power"": 0.0, ""kick_dir"": null}, {""move_vx"": -0.0, ""move_vy"": 0.0, ""kick_power"": 0.9, ""kick_dir"": [-0.8901342360101806, -0.4556983559951043]}, {""move_vx"": 5.4, ""move_vy"": 0.0, ""kick_power"": 0.0, ""kick_dir"": null}, {""move_vx"": -0.0, ""move_vy"": 5.4, ""kick_power"": 0.0, ""kick_dir"": null}, {""move_vx"": 4.725237968693285, ""move_vy"": 1.4060676154507492, ""kick_power"": 0.0, ""kick_dir"": null}, {""move_vx"": -0.0, ""move_vy"": 0.0, ""kick_power"": 0.0, ""kick_dir"": null}, {""move_vx"": -6.0, ""move_vy"": 0.0, ""kick_power"": 0.0, ""kick_dir"": null}, {""move_vx"": -7.4999031209706395, ""move_vy"": -0.03812054636111251, ""kick_power"": 0.0, ""kick_dir"": null}, {""move_vx"": 5.405509352158118, ""move_vy"": 0.6116115137332888, ""kick_power"": 0.0, ""kick_dir"": null}, {""move_vx"": -0.0, ""move_vy"": -6.0, ""kick_power"": 0.0, ""kick_dir"": null}, {""move_vx"": -5.704245246339441, ""move_vy"": 0.7994911942065992, ""kick_power"": 0.0, ""kick_dir"": null}]"
2207,138,default,default,0,-0.1754857923858062,37.376680513080366,-1,,left,-5.520125920037285,-45.044318876528585,45.38286536525351,"[{""move_vx"": 0.0, ""move_vy"": 0.0, ""kick_power"": 0.0, ""kick_dir"": null}, {""move_vx"": -4.1012193308819755, ""move_vy"": -4.1012193308819755, ""kick_power"": 0.0, ""kick_dir"": null}, {""move_vx"": -4.55688070849499, ""move_vy"": 0.5503982272375123, ""kick_power"": 0.0, ""kick_dir"": null}, {""move_vx"": 0.0, ""move_vy"": 0.0, ""kick_power"": 0.0, ""kick_dir"": null}, {""move_vx"": 5.063684695708309, ""move_vy"": -2.8282675443545706, ""kick_power"": 0.0, ""kick_dir"": null}, {""move_vx"": 5.863231435093971, ""move_vy"": -1.6830083596125975, ""kick_power"": 0.0, ""kick_dir"": null}, {""move_vx"": 4.242640687119285, ""move_vy"": -4.242640687119285, ""kick_power"": 0.0, ""kick_dir"": null}, {""move_vx"": 0.0, ""move_vy"": 0.0, ""kick_power"": 0.65, ""kick_dir"": [-0.8442920400461762, 0.5358820741089921]}, {""move_vx"": 4.313351365237939, ""move_vy"": 4.313351365237939, ""kick_power"": 0.0, ""kick_dir"": null}, {""move_vx"": -4.242640687119285, ""move_vy"": -4.242640687119285, ""kick_power"": 0.0, ""kick_dir"": null}, {""move_vx"": 7.03005025542908, ""move_vy"": 1.5551184540547134, ""kick_power"": 0.0, ""kick_dir"": null}, {""move_vx"": -0.0, ""move_vy"": 0.0, ""kick_power"": 0.9, ""kick_dir"": [-0.951264393281624, -0.3083764356029737]}, {""move_vx"": -0.0, ""move_vy"": 0.0, ""kick_power"": 0.9, ""kick_dir"": [-0.893090071483183, -0.44987784319917784]}, {""move_vx"": -6.974739267471001, ""move_vy"": 0.7958719437183948, ""kick_power"": 0.0, ""kick_dir"": null}, {""move_vx"": -5.074563679579457, ""move_vy"": -1.8462945219799052, ""kick_power"": 0.0, ""kick_dir"": null}, {""move_vx"": 4.7252379686932855, ""move_vy"": 1.4060676154507494, ""kick_power"": 0.0, ""kick_dir"": null}, {""move_vx"": -0.0, ""move_vy"": 0.0, ""kick_power"": 0.0, ""kick_dir"": null}, {""move_vx"": -6.0, ""move_vy"": 0.0, ""kick_power"": 0.0, ""kick_dir"": null}, {""move_vx"": -7.499901048079451, ""move_vy"": -0.03852621207400314, ""kick_power"": 0.0, ""kick_dir"": null}, {""move_vx"": 5.405509352158118, ""move_vy"": 0.6116115137332871, ""kick_power"": 0.0, ""kick_dir"": null}, {""move_vx"": -0.0, ""move_vy"": -6.0, ""kick_power"": 0.0, ""kick_dir"": null}, {""move_vx"": -5.703374586888402, ""move_vy"": 0.8056787955727489, ""kick_power"": 0.0, ""kick_dir"": null}]"
