episode,step,scenario,scenario_template,scenario_variant,ball_x,ball_y,ball_controller,ball_controller_team,last_goal,reward_p0,team_reward_left_step,team_reward_right_step,actions
362,1,default,default,0,50.0,37.5,-1,,,-0.0008,0.007881660367446634,0.008236320266905064,"[{""move_vx"": 0.0, ""move_vy"": 0.0, ""kick_power"": 0.4, ""kick_dir"": [0.920967185823896, -0.3896399632331868]}, {""move_vx"": -5.8, ""move_vy"": 0.0, ""kick_power"": 0.0, ""kick_dir"": null}, {""move_vx"": 0.0, ""move_vy"": 0.0, ""kick_power"": 0.0, ""kick_dir"": null}, {""move_vx"": 0.0, ""move_vy"": -5.4, ""kick_power"": 0.0, ""kick_dir"": null}, {""move_vx"": 0.0, ""move_vy"": 0.0, ""kick_power"": 0.4, ""kick_dir"": [0.0, -0.9999999166666736]}, {""move_vx"": -4.313351365237939, ""move_vy"": 4.313351365237939, ""kick_power"": 0.0, ""kick_dir"": null}, {""move_vx"": -4.242640687119285, ""move_vy"": 4.242640687119285, ""kick_power"": 0.0, ""kick_dir"": null}, {""move_vx"": 4.829906831399547, ""move_vy"": -2.4149534156997734, ""kick_power"": 0.0, ""kick_dir"": null}, {""move_vx"": 3.9051974232422797, ""move_vy"": -5.076756650214964, ""kick_power"": 0.0, ""kick_dir"": null}, {""move_vx"": 7.167844525297528, ""move_vy"": 0.6797093946402828, ""kick_power"": 0.0, ""kick_dir"": null}, {""move_vx"": 5.265717421273883, ""move_vy"": -1.196753959380428, ""kick_power"": 0.0, ""kick_dir"": null}, {""move_vx"": 3.5355339059327373, ""move_vy"": -3.5355339059327373, ""kick_power"": 0.0, ""kick_dir"": null}, {""move_vx"": -0.0, ""move_vy"": 0.0, ""kick_power"": 0.0, ""kick_dir"": null}, {""move_vx"": -0.0, ""move_vy"": 0.0, ""kick_power"": 0.4, ""kick_dir"": [-0.9977581441361324, 0.06692280235059424]}, {""move_vx"": -0.0, ""move_vy"": 0.0, ""kick_power"": 0.4, ""kick_dir"": [0.8661855283349528, -0.49972242019324203]}, {""move_vx"": -0.0, ""move_vy"": 0.0, ""kick_power"": 0.0, ""kick_dir"": null}, {""move_vx"": -7.365048352354854, ""move_vy"": 1.4163554523759336, ""kick_power"": 0.0, ""kick_dir"": null}, {""move_vx"": -0.0, ""move_vy"": 0.0, ""kick_power"": 0.65, ""kick_dir"": [0.967372178817913, -0.25335938016659626]}, {""move_vx"": -0.0, ""move_vy"": -6.0, ""kick_power"": 0.0, ""kick_dir"": null}, {""move_vx"": -0.0, ""move_vy"": 0.0, ""kick_power"": 0.0, ""kick_dir"": null}, {""move_vx"": -6.0, ""move_vy"": 0.0, ""kick_power"": 0.0, ""kick_dir"": null}, {""move_vx"": 6.4, ""move_vy"": 0.0, ""kick_power"": 0.0, ""kick_dir"": null}]"
362,2,default,default,0,50.0,37.5,-1,,,-0.0016,0.004066208286024338,0.0150879878926687,"[{""move_vx"": 0.0, ""move_vy"": 0.0, ""kick_power"": 0.4, ""kick_dir"": [0.9247470127200396, -0.3805822158513076]}, {""move_vx"": -5.8, ""move_vy"": 0.0, ""kick_power"": 0.0, ""kick_dir"": null}, {""move_vx"": 0.0, ""move_vy"": 0.0, ""kick_power"": 0.0, ""kick_dir"": null}, {""move_vx"": 0.0, ""move_vy"": -5.4, ""kick_power"": 0.0, ""kick_dir"": null}, {""move_vx"": 0.0, ""move_vy"": 0.0, ""kick_power"": 0.0, ""kick_dir"": null}, {""move_vx"": -4.313351365237939, ""move_vy"": -4.313351365237939, ""kick_power"": 0.0, ""kick_dir"": null}, {""move_vx"": -4.242640687119285, ""move_vy"": 4.242640687119285, ""kick_power"": 0.0, ""kick_dir"": null}, {""move_vx"": 4.829906831399547, ""move_vy"": -2.4149534156997707, ""kick_power"": 0.0, ""kick_dir"": null}, {""move_vx"": 3.9051974232422797, ""move_vy"": -5.076756650214964, ""kick_power"": 0.0, ""kick_dir"": null}, {""move_vx"": 7.167844525297527, ""move_vy"": 0.6797093946402829, ""kick_power"": 0.0, ""kick_dir"": null}, {""move_vx"": 7.141088909942925, ""move_vy"": -0.9191567767743207, ""kick_power"": 0.0, ""kick_dir"": null}, {""move_vx"": 3.5355339059327373, ""move_vy"": -3.5355339059327373, ""kick_power"": 0.0, ""kick_dir"": null}, {""move_vx"": -0.0, ""move_vy"": 0.0, ""kick_power"": 0.0, ""kick_dir"": null}, {""move_vx"": -0.0, ""move_vy"": 0.0, ""kick_power"": 0.4, ""kick_dir"": [-0.9977774428977326, 0.06663445077430222]}, {""move_vx"": -0.0, ""move_vy"": 0.0, ""kick_power"": 0.4, ""kick_dir"": [0.8691412590408308, -0.49456379066545375]}, {""move_vx"": -0.0, ""move_vy"": 0.0, ""kick_power"": 0.0, ""kick_dir"": null}, {""move_vx"": -7.365048352354854, ""move_vy"": 1.4163554523759334, ""kick_power"": 0.0, ""kick_dir"": null}, {""move_vx"": -0.0, ""move_vy"": 0.0, ""kick_power"": 0.65, ""kick_dir"": [0.9670559858636366, -0.2545636009619437]}, {""move_vx"": -0.0, ""move_vy"": -6.0, ""kick_power"": 0.0, ""kick_dir"": null}, {""move_vx"": -0.0, ""move_vy"": 0.0, ""kick_power"": 0.0, ""kick_dir"": null}, {""move_vx"": -6.0, ""move_vy"": 0.0, ""kick_power"": 0.0, ""kick_dir"": null}, {""move_vx"": -4.525483399593904, ""move_vy"": -4.525483399593904, ""kick_power"": 0.0, ""kick_dir"": null}]"
362,3,default,default,0,50.0,37.5,-1,,,-0.0024000000000000002,0.003069075165234176,0.01646868280329525,"[{""move_vx"": 0.0, ""move_vy"": 0.0, ""kick_power"": 0.4, ""kick_dir"": [0.8866577422705342, 0.46242611481494017]}, {""move_vx"": -5.8, ""move_vy"": 0.0, ""kick_power"": 0.0, ""kick_dir"": null}, {""move_vx"": 0.0, ""move_vy"": 0.0, ""kick_power"": 0.0, ""kick_dir"": null}, {""move_vx"": 0.0, ""move_vy"": -5.4, ""kick_power"": 0.0, ""kick_dir"": null}, {""move_vx"": 0.0, ""move_vy"": 0.0, ""kick_power"": 0.4, ""kick_dir"": [-0.04525166895703517, -0.9989755387078164]}, {""move_vx"": -4.313351365237939, ""move_vy"": -4.313351365237939, ""kick_power"": 0.0, ""kick_dir"": null}, {""move_vx"": -4.242640687119285, ""move_vy"": 4.242640687119285, ""kick_power"": 0.0, ""kick_dir"": null}, {""move_vx"": 4.829906831399548, ""move_vy"": -2.414953415699769, ""kick_power"": 0.0, ""kick_dir"": null}, {""move_vx"": 3.905197423242279, ""move_vy"": -5.076756650214964, ""kick_power"": 0.0, ""kick_dir"": null}, {""move_vx"": 7.167844525297527, ""move_vy"": 0.6797093946402831, ""kick_power"": 0.0, ""kick_dir"": null}, {""move_vx"": 5.264053254301659, ""move_vy"": -1.2040528791860068, ""kick_power"": 0.0, ""kick_dir"": null}, {""move_vx"": 3.5355339059327373, ""move_vy"": -3.5355339059327373, ""kick_power"": 0.0, ""kick_dir"": null}, {""move_vx"": -0.0, ""move_vy"": 0.0, ""kick_power"": 0.0, ""kick_dir"": null}, {""move_vx"": -0.0, ""move_vy"": 0.0, ""kick_power"": 0.4, ""kick_dir"": [-0.99779678306357, 0.06634421763880931]}, {""move_vx"": -0.0, ""move_vy"": 0.0, ""kick_power"": 0.4, ""kick_dir"": [0.8718775055056267, -0.48972389238851016]}, {""move_vx"": -0.0, ""move_vy"": 0.0, ""kick_power"": 0.0, ""kick_dir"": null}, {""move_vx"": -7.365048352354854, ""move_vy"": 1.4163554523759332, ""kick_power"": 0.0, ""kick_dir"": null}, {""move_vx"": -0.0, ""move_vy"": 0.0, ""kick_power"": 0.65, ""kick_dir"": [0.9667303151463053, -0.2557975827450314]}, {""move_vx"": -5.377837137457418, ""move_vy"": -2.66061416274209, ""kick_power"": 0.0, ""kick_dir"": null}, {""move_vx"": -0.0, ""move_vy"": 0.0, ""kick_power"": 0.0, ""kick_dir"": null}, {""move_vx"": -6.0, ""move_vy"": 0.0, ""kick_power"": 0.0, ""kick_dir"": null}, {""move_vx"": -4.525483399593904, ""move_vy"": -4.525483399593904, ""kick_power"": 0.0, ""kick_dir"": null}]"
362,4,default,default,0,50.0,37.5,-1,,,-0.0032123455096660764,-0.006793305148864779,0.014947522258467556,"[{""move_vx"": 0.0, ""move_vy"": -5.0, ""kick_power"": 0.0, ""kick_dir"": null}, {""move_vx"": -5.8, ""move_vy"": 0.0, ""kick_power"": 0.0, ""kick_dir"": null}, {""move_vx"": 0.0, ""move_vy"": 0.0, ""kick_power"": 0.0, ""kick_dir"": null}, {""move_vx"": 0.0, ""move_vy"": -5.4, ""kick_power"": 0.0, ""kick_dir"": null}, {""move_vx"": -4.1012193308819755, ""move_vy"": 4.1012193308819755, ""kick_power"": 0.0, ""kick_dir"": null}, {""move_vx"": -4.313351365237939, ""move_vy"": -4.313351365237939, ""kick_power"": 0.0, ""kick_dir"": null}, {""move_vx"": -4.242640687119285, ""move_vy"": 4.242640687119285, ""kick_power"": 0.0, ""kick_dir"": null}, {""move_vx"": 0.0, ""move_vy"": 0.0, ""kick_power"": 0.0, ""kick_dir"": null}, {""move_vx"": 3.905197423242278, ""move_vy"": -5.076756650214965, ""kick_power"": 0.0, ""kick_dir"": null}, {""move_vx"": 7.167844525297528, ""move_vy"": 0.6797093946402835, ""kick_power"": 0.0, ""kick_dir"": null}, {""move_vx"": 7.141646158699509, ""move_vy"": -0.9148170002424165, ""kick_power"": 0.0, ""kick_dir"": null}, {""move_vx"": 3.5355339059327373, ""move_vy"": -3.5355339059327373, ""kick_power"": 0.0, ""kick_dir"": null}, {""move_vx"": -0.0, ""move_vy"": 0.0, ""kick_power"": 0.0, ""kick_dir"": null}, {""move_vx"": -0.0, ""move_vy"": 0.0, ""kick_power"": 0.4, ""kick_dir"": [-0.9978161642075265, 0.0660520845421315]}, {""move_vx"": -0.0, ""move_vy"": 0.0, ""kick_power"": 0.4, ""kick_dir"": [0.8744172565813285, -0.48517454662713677]}, {""move_vx"": -0.0, ""move_vy"": 0.0, ""kick_power"": 0.0, ""kick_dir"": null}, {""move_vx"": -7.365048352354854, ""move_vy"": 1.4163554523759334, ""kick_power"": 0.0, ""kick_dir"": null}, {""move_vx"": -0.0, ""move_vy"": 0.0, ""kick_power"": 0.65, ""kick_dir"": [0.9663947476608751, -0.2570624361059868]}, {""move_vx"": -0.0, ""move_vy"": -6.0, ""kick_power"": 0.0, ""kick_dir"": null}, {""move_vx"": -0.0, ""move_vy"": 0.0, ""kick_power"": 0.0, ""kick_dir"": null}, {""move_vx"": -6.0, ""move_vy"": 0.0, ""kick_power"": 0.0, ""kick_dir"": null}, {""move_vx"": -4.525483399593904, ""move_vy"": -4.525483399593904, ""kick_power"": 0.0, ""kick_dir"": null}]"
362,5,default,default,0,50.0,37.5,-1,,,-0.004001975325893753,-0.0009623796813798899,0.013513233368361216,"[{""move_vx"": 0.0, ""move_vy"": 0.0, ""kick_power"": 0.4, ""kick_dir"": [0.8973528916999735, 0.4413135503283458]}, {""move_vx"": -5.8, ""move_vy"": 0.0, ""kick_power"": 0.0, ""kick_dir"": null}, {""move_vx"": 0.0, ""move_vy"": 0.0, ""kick_power"": 0.0, ""kick_dir"": null}, {""move_vx"": 0.0, ""move_vy"": -5.4, ""kick_power"": 0.0, ""kick_dir"": null}, {""move_vx"": 0.0, ""move_vy"": 0.0, ""kick_power"": 0.4, ""kick_dir"": [-0.04299914756238227, -0.999075034430204]}, {""move_vx"": -4.313351365237939, ""move_vy"": 4.313351365237939, ""kick_power"": 0.0, ""kick_dir"": null}, {""move_vx"": -4.242640687119285, ""move_vy"": 4.242640687119285, ""kick_power"": 0.0, ""kick_dir"": null}, {""move_vx"": 0.0, ""move_vy"": 0.0, ""kick_power"": 0.0, ""kick_dir"": null}, {""move_vx"": 3.9051974232422775, ""move_vy"": -5.076756650214966, ""kick_power"": 0.0, ""kick_dir"": null}, {""move_vx"": 0.0, ""move_vy"": 6.0, ""kick_power"": 0.0, ""kick_dir"": null}, {""move_vx"": 0.0, ""move_vy"": 0.0, ""kick_power"": 0.0, ""kick_dir"": null}, {""move_vx"": 3.5355339059327373, ""move_vy"": -3.5355339059327373, ""kick_power"": 0.0, ""kick_dir"": null}, {""move_vx"": -0.0, ""move_vy"": 0.0, ""kick_power"": 0.0, ""kick_dir"": null}, {""move_vx"": -0.0, ""move_vy"": 0.0, ""kick_power"": 0.4, ""kick_dir"": [-0.997835585886978, 0.06575803284253635]}, {""move_vx"": -0.0, ""move_vy"": 0.0, ""kick_power"": 0.4, ""kick_dir"": [0.8767804600612865, -0.4808907441819524]}, {""move_vx"": -0.0, ""move_vy"": 0.0, ""kick_power"": 0.0, ""kick_dir"": null}, {""move_vx"": -7.365048352354854, ""move_vy"": 1.4163554523759336, ""kick_power"": 0.0, ""kick_dir"": null}, {""move_vx"": 4.242640687119285, ""move_vy"": -4.242640687119285, ""kick_power"": 0.0, ""kick_dir"": null}, {""move_vx"": -5.392886893826304, ""move_vy"": -2.629975465740406, ""kick_power"": 0.0, ""kick_dir"": null}, {""move_vx"": -0.0, ""move_vy"": 0.0, ""kick_power"": 0.0, ""kick_dir"": null}, {""move_vx"": -6.0, ""move_vy"": 0.0, ""kick_power"": 0.0, ""kick_dir"": null}, {""move_vx"": -4.525483399593904, ""move_vy"": -4.525483399593904, ""kick_power"": 0.0, ""kick_dir"": null}]"
362,6,default,default,0,50.0,37.5,-1,,,-0.00480049376054612,0.004453896207612251,0.018736519254868533,"[{""move_vx"": 0.0, ""move_vy"": 0.0, ""kick_power"": 0.4, ""kick_dir"": [0.9123586253379593, 0.40939174198873257]}, {""move_vx"": 0.0, ""move_vy"": 0.0, ""kick_power"": 0.0, ""kick_dir"": null}, {""move_vx"": 0.0, ""move_vy"": 0.0, ""kick_power"": 0.0, ""kick_dir"": null}, {""move_vx"": 0.0, ""move_vy"": -5.4, ""kick_power"": 0.0, ""kick_dir"": null}, {""move_vx"": 0.0, ""move_vy"": 0.0, ""kick_power"": 0.4, ""kick_dir"": [-0.06276384809937839, -0.998028332996222]}, {""move_vx"": -4.313351365237939, ""move_vy"": -4.313351365237939, ""kick_power"": 0.0, ""kick_dir"": null}, {""move_vx"": -4.242640687119285, ""move_vy"": 4.242640687119285, ""kick_power"": 0.0, ""kick_dir"": null}, {""move_vx"": 0.0, ""move_vy"": 0.0, ""kick_power"": 0.0, ""kick_dir"": null}, {""move_vx"": 3.9051974232422766, ""move_vy"": -5.076756650214966, ""kick_power"": 0.0, ""kick_dir"": null}, {""move_vx"": 0.0, ""move_vy"": 6.0, ""kick_power"": 0.0, ""kick_dir"": null}, {""move_vx"": 7.141646158699509, ""move_vy"": -0.9148170002424162, ""kick_power"": 0.0, ""kick_dir"": null}, {""move_vx"": 3.5355339059327373, ""move_vy"": -3.5355339059327373, ""kick_power"": 0.0, ""kick_dir"": null}, {""move_vx"": -0.0, ""move_vy"": 0.0, ""kick_power"": 0.0, ""kick_dir"": null}, {""move_vx"": -0.0, ""move_vy"": 0.0, ""kick_power"": 0.4, ""kick_dir"": [-0.9978550476423448, 0.06546204365464588]}, {""move_vx"": -0.0, ""move_vy"": 0.0, ""kick_power"": 0.4, ""kick_dir"": [0.8789845014591278, -0.4768502203493772]}, {""move_vx"": -0.0, ""move_vy"": 0.0, ""kick_power"": 0.0, ""kick_dir"": null}, {""move_vx"": -7.365048352354854, ""move_vy"": 1.416355452375934, ""kick_power"": 0.0, ""kick_dir"": null}, {""move_vx"": -3.6062445840514825, ""move_vy"": 3.6062445840513013, ""kick_power"": 0.0, ""kick_dir"": null}, {""move_vx"": -5.392886893826305, ""move_vy"": -2.6299754657404053, ""kick_power"": 0.0, ""kick_dir"": null}, {""move_vx"": -0.0, ""move_vy"": 0.0, ""kick_power"": 0.0, ""kick_dir"": null}, {""move_vx"": -6.0, ""move_vy"": 0.0, ""kick_power"": 0.0, ""kick_dir"": null}, {""move_vx"": -4.525483399593904, ""move_vy"": -4.525483399593904, ""kick_power"": 0.0, ""kick_dir"": null}]"
362,7,default,default,0,50.0,37.5,-1,,,-0.005600493738332138,0.010821921834164767,0.013226730067212557,"[{""move_vx"": 0.0, ""move_vy"": 0.0, ""kick_power"": 0.4, ""kick_dir"": [0.9266630500225483, 0.37589286925847265]}, {""move_vx"": -5.8, ""move_vy"": 0.0, ""kick_power"": 0.0, ""kick_dir"": null}, {""move_vx"": 0.0, ""move_vy"": 0.0, ""kick_power"": 0.0, ""kick_dir"": null}, {""move_vx"": 4.915779946997153, ""move_vy"": -1.4669722262880984, ""kick_power"": 0.0, ""kick_dir"": null}, {""move_vx"": 0.0, ""move_vy"": 0.0, ""kick_power"": 0.4, ""kick_dir"": [-0.08172308042730991, -0.9966550030634943]}, {""move_vx"": -4.313351365237939, ""move_vy"": 4.313351365237939, ""kick_power"": 0.0, ""kick_dir"": null}, {""move_vx"": 5.232792437255481, ""move_vy"": 2.260062678025067, ""kick_power"": 0.0, ""kick_dir"": null}, {""move_vx"": 0.0, ""move_vy"": 0.0, ""kick_power"": 0.0, ""kick_dir"": null}, {""move_vx"": 3.905197423242276, ""move_vy"": -5.076756650214967, ""kick_power"": 0.0, ""kick_dir"": null}, {""move_vx"": 0.0, ""move_vy"": 6.0, ""kick_power"": 0.0, ""kick_dir"": null}, {""move_vx"": 5.379007725739013, ""move_vy"": -2.6582467692898644, ""kick_power"": 0.0, ""kick_dir"": null}, {""move_vx"": 3.5355339059327373, ""move_vy"": -3.5355339059327373, ""kick_power"": 0.0, ""kick_dir"": null}, {""move_vx"": -0.0, ""move_vy"": 0.0, ""kick_power"": 0.0, ""kick_dir"": null}, {""move_vx"": -0.0, ""move_vy"": 0.0, ""kick_power"": 0.4, ""kick_dir"": [-0.9978745489966282, 0.06516409784546327]}, {""move_vx"": -0.0, ""move_vy"": 0.0, ""kick_power"": 0.4, ""kick_dir"": [0.8810445963342897, -0.4730330950290375]}, {""move_vx"": -0.0, ""move_vy"": 0.0, ""kick_power"": 0.0, ""kick_dir"": null}, {""move_vx"": -7.365048352354854, ""move_vy"": 1.4163554523759343, ""kick_power"": 0.0, ""kick_dir"": null}, {""move_vx"": 4.242640687119285, ""move_vy"": -4.242640687119285, ""kick_power"": 0.0, ""kick_dir"": null}, {""move_vx"": -5.392886893826305, ""move_vy"": -2.629975465740405, ""kick_power"": 0.0, ""kick_dir"": null}, {""move_vx"": -0.0, ""move_vy"": 0.0, ""kick_power"": 0.0, ""kick_dir"": null}, {""move_vx"": -6.0, ""move_vy"": 0.0, ""kick_power"": 0.0, ""kick_dir"": null}, {""move_vx"": -4.525483399593904, ""move_vy"": -4.525483399593904, ""kick_power"": 0.0, ""kick_dir"": null}]"
362,8,default,default,0,50.0,37.5,-1,,,-0.006400493716121141,0.0018260096589280636,0.011840637306388516,"[{""move_vx"": 0.0, ""move_vy"": 0.0, ""kick_power"": 0.4, ""kick_dir"": [0.9321807652691761, 0.36199292945602884]}, {""move_vx"": -5.8, ""move_vy"": 0.0, ""kick_power"": 0.0, ""kick_dir"": null}, {""move_vx"": 0.0, ""move_vy"": 0.0, ""kick_power"": 0.0, ""kick_dir"": null}, {""move_vx"": 0.0, ""move_vy"": -5.4, ""kick_power"": 0.0, ""kick_dir"": null}, {""move_vx"": 0.0, ""move_vy"": 0.0, ""kick_power"": 0.4, ""kick_dir"": [-0.07853980299565522, -0.9969109068960416]}, {""move_vx"": -4.313351365237939, ""move_vy"": 4.313351365237939, ""kick_power"": 0.0, ""kick_dir"": null}, {""move_vx"": -4.242640687119285, ""move_vy"": 4.242640687119285, ""kick_power"": 0.0, ""kick_dir"": null}, {""move_vx"": 0.0, ""move_vy"": 0.0, ""kick_power"": 0.0, ""kick_dir"": null}, {""move_vx"": 3.905197423242276, ""move_vy"": -5.076756650214968, ""kick_power"": 0.0, ""kick_dir"": null}, {""move_vx"": 0.0, ""move_vy"": 6.0, ""kick_power"": 0.0, ""kick_dir"": null}, {""move_vx"": 5.379007725739013, ""move_vy"": -2.658246769289865, ""kick_power"": 0.0, ""kick_dir"": null}, {""move_vx"": 3.5355339059327373, ""move_vy"": -3.5355339059327373, ""kick_power"": 0.0, ""kick_dir"": null}, {""move_vx"": -0.0, ""move_vy"": 0.0, ""kick_power"": 0.0, ""kick_dir"": null}, {""move_vx"": -0.0, ""move_vy"": 0.0, ""kick_power"": 0.4, ""kick_dir"": [-0.9978940894549362, 0.06486417603032363]}, {""move_vx"": -0.0, ""move_vy"": 0.0, ""kick_power"": 0.4, ""kick_dir"": [0.8829741136229353, -0.4694215669131266]}, {""move_vx"": -0.0, ""move_vy"": 0.0, ""kick_power"": 0.0, ""kick_dir"": null}, {""move_vx"": -7.366873907903075, ""move_vy"": 1.4068293517896446, ""kick_power"": 0.0, ""kick_dir"": null}, {""move_vx"": 4.242640687119285, ""move_vy"": -4.242640687119285, ""kick_power"": 0.0, ""kick_dir"": null}, {""move_vx"": -5.392886893826305, ""move_vy"": -2.629975465740405, ""kick_power"": 0.0, ""kick_dir"": null}, {""move_vx"": 5.060336687211743, ""move_vy"": 1.9966453395780843, ""kick_power"": 0.0, ""kick_dir"": null}, {""move_vx"": -6.0, ""move_vy"": 0.0, ""kick_power"": 0.0, ""kick_dir"": null}, {""move_vx"": -4.525483399593904, ""move_vy"": -4.525483399593904, ""kick_power"": 0.0, ""kick_dir"": null}]"
362,9,default,default,0,50.0,37.5,-1,,,-0.007200493693913128,0.0038718286669084446,0.012049807737031298,"[{""move_vx"": 0.0, ""move_vy"": 0.0, ""kick_power"": 0.4, ""kick_dir"": [0.940491703968633, 0.3398164410869424]}, {""move_vx"": -5.8, ""move_vy"": 0.0, ""kick_power"": 0.0, ""kick_dir"": null}, {""move_vx"": 0.0, ""move_vy"": 0.0, ""kick_power"": 0.0, ""kick_dir"": null}, {""move_vx"": 0.0, ""move_vy"": -5.4, ""kick_power"": 0.0, ""kick_dir"": null}, {""move_vx"": 0.0, ""move_vy"": 0.0, ""kick_power"": 0.4, ""kick_dir"": [-0.09679927215473659, -0.995303853451683]}, {""move_vx"": 5.185, ""move_vy"": 0.0, ""kick_power"": 0.0, ""kick_dir"": null}, {""move_vx"": -4.242640687119285, ""move_vy"": 4.242640687119285, ""kick_power"": 0.0, ""kick_dir"": null}, {""move_vx"": 0.0, ""move_vy"": 0.0, ""kick_power"": 0.0, ""kick_dir"": null}, {""move_vx"": 3.9051974232422753, ""move_vy"": -5.076756650214968, ""kick_power"": 0.0, ""kick_dir"": null}, {""move_vx"": 0.0, ""move_vy"": 6.0, ""kick_power"": 0.0, ""kick_dir"": null}, {""move_vx"": 5.379007725739013, ""move_vy"": -2.658246769289865, ""kick_power"": 0.0, ""kick_dir"": null}, {""move_vx"": 3.5355339059327373, ""move_vy"": -3.5355339059327373, ""kick_power"": 0.0, ""kick_dir"": null}, {""move_vx"": -0.0, ""move_vy"": 0.0, ""kick_power"": 0.0, ""kick_dir"": null}, {""move_vx"": -0.0, ""move_vy"": 0.0, ""kick_power"": 0.4, ""kick_dir"": [-0.9979136685039938, 0.06456225856876613]}, {""move_vx"": -0.0, ""move_vy"": 0.0, ""kick_power"": 0.4, ""kick_dir"": [0.8847848435614005, -0.4659996527224956]}, {""move_vx"": -0.0, ""move_vy"": 0.0, ""kick_power"": 0.0, ""kick_dir"": null}, {""move_vx"": -7.372398085429973, ""move_vy"": 1.3775871914142048, ""kick_power"": 0.0, ""kick_dir"": null}, {""move_vx"": -0.0, ""move_vy"": 0.0, ""kick_power"": 0.65, ""kick_dir"": [0.9702720413554247, -0.24201665156130808]}, {""move_vx"": -5.392886893826306, ""move_vy"": -2.629975465740405, ""kick_power"": 0.0, ""kick_dir"": null}, {""move_vx"": 4.024731891919559, ""move_vy"": 3.6599362287020263, ""kick_power"": 0.0, ""kick_dir"": null}, {""move_vx"": -0.0, ""move_vy"": 0.0, ""kick_power"": 1.0, ""kick_dir"": [-0.9999999806949811, 0.0]}, {""move_vx"": -4.525483399593904, ""move_vy"": -4.525483399593904, ""kick_power"": 0.0, ""kick_dir"": null}]"
362,10,default,default,0,50.0,37.5,-1,,,-0.008000493671708171,0.010782888881159722,0.008165557939087699,"[{""move_vx"": 0.0, ""move_vy"": 0.0, ""kick_power"": 0.4, ""kick_dir"": [0.948405954458713, 0.3170583593385264]}, {""move_vx"": -5.8, ""move_vy"": 0.0, ""kick_power"": 0.0, ""kick_dir"": null}, {""move_vx"": 0.0, ""move_vy"": 0.0, ""kick_power"": 0.0, ""kick_dir"": null}, {""move_vx"": 0.0, ""move_vy"": -5.4, ""kick_power"": 0.0, ""kick_dir"": null}, {""move_vx"": 0.0, ""move_vy"": 0.0, ""kick_power"": 0.4, ""kick_dir"": [-0.11431105476112946, -0.993444938242764]}, {""move_vx"": -4.313351365237939, ""move_vy"": 4.313351365237939, ""kick_power"": 0.0, ""kick_dir"": null}, {""move_vx"": 5.298590458135743, ""move_vy"": 2.1011756606606804, ""kick_power"": 0.0, ""kick_dir"": null}, {""move_vx"": 4.829906831399549, ""move_vy"": -2.414953415699767, ""kick_power"": 0.0, ""kick_dir"": null}, {""move_vx"": 3.9051974232422744, ""move_vy"": -5.076756650214969, ""kick_power"": 0.0, ""kick_dir"": null}, {""move_vx"": 0.0, ""move_vy"": 6.0, ""kick_power"": 0.0, ""kick_dir"": null}, {""move_vx"": 5.379007725739013, ""move_vy"": -2.658246769289865, ""kick_power"": 0.0, ""kick_dir"": null}, {""move_vx"": 3.5355339059327373, ""move_vy"": -3.5355339059327373, ""kick_power"": 0.0, ""kick_dir"": null}, {""move_vx"": -0.0, ""move_vy"": 0.0, ""kick_power"": 0.0, ""kick_dir"": null}, {""move_vx"": -5.927723790820978, ""move_vy"": 0.3816944586118415, ""kick_power"": 0.0, ""kick_dir"": null}, {""move_vx"": 3.8183766184073566, ""move_vy"": 3.8183766184073566, ""kick_power"": 0.0, ""kick_dir"": null}, {""move_vx"": -0.0, ""move_vy"": 0.0, ""kick_power"": 0.0, ""kick_dir"": null}, {""move_vx"": -7.378334364308922, ""move_vy"": 1.3454300459176798, ""kick_power"": 0.0, ""kick_dir"": null}, {""move_vx"": -0.0, ""move_vy"": 0.0, ""kick_power"": 0.65, ""kick_dir"": [0.9699639766826309, -0.24324838394064432]}, {""move_vx"": -5.392886893826306, ""move_vy"": -2.6299754657404044, ""kick_power"": 0.0, ""kick_dir"": null}, {""move_vx"": 4.049495047223978, ""move_vy"": 3.632518391214073, ""kick_power"": 0.0, ""kick_dir"": null}, {""move_vx"": -7.199999999999999, ""move_vy"": 0.0, ""kick_power"": 0.0, ""kick_dir"": null}, {""move_vx"": -0.0, ""move_vy"": 0.0, ""kick_power"": 1.0, ""kick_dir"": [-0.9852198261806042, -0.17129465880528824]}]"
362,11,default,default,0,50.612893218813404,36.792893218813454,20,B,,-0.014351018708613132,-0.046004623498750404,2.7732326320751994,"[{""move_vx"": 0.0, ""move_vy"": 0.0, ""kick_power"": 0.4, ""kick_dir"": [0.9558855386995904, 0.2937391588838037]}, {""move_vx"": -5.8, ""move_vy"": 0.0, ""kick_power"": 0.0, ""kick_dir"": null}, {""move_vx"": 0.0, ""move_vy"": 0.0, ""kick_power"": 0.0, ""kick_dir"": null}, {""move_vx"": 0.0, ""move_vy"": -5.4, ""kick_power"": 0.0, ""kick_dir"": null}, {""move_vx"": 0.0, ""move_vy"": 0.0, ""kick_power"": 0.4, ""kick_dir"": [-0.13110474325952592, -0.9913684539880128]}, {""move_vx"": 4.10032044703421, ""move_vy"": 4.095045449275644, ""kick_power"": 0.0, ""kick_dir"": null}, {""move_vx"": -4.242640687119285, ""move_vy"": 4.242640687119285, ""kick_power"": 0.0, ""kick_dir"": null}, {""move_vx"": 4.242640687119285, ""move_vy"": -4.242640687119285, ""kick_power"": 0.0, ""kick_dir"": null}, {""move_vx"": 3.905197423242274, ""move_vy"": -5.0767566502149695, ""kick_power"": 0.0, ""kick_dir"": null}, {""move_vx"": 0.0, ""move_vy"": 6.0, ""kick_power"": 0.0, ""kick_dir"": null}, {""move_vx"": 0.0, ""move_vy"": 6.0, ""kick_power"": 0.0, ""kick_dir"": null}, {""move_vx"": 3.5355339059327373, ""move_vy"": -3.5355339059327373, ""kick_power"": 0.0, ""kick_dir"": null}, {""move_vx"": -0.0, ""move_vy"": 0.0, ""kick_power"": 0.0, ""kick_dir"": null}, {""move_vx"": -0.0, ""move_vy"": 0.0, ""kick_power"": 0.4, ""kick_dir"": [-0.9979332855492646, 0.0642583255563107]}, {""move_vx"": 3.8183766184073566, ""move_vy"": 3.8183766184073566, ""kick_power"": 0.0, ""kick_dir"": null}, {""move_vx"": -0.0, ""move_vy"": 0.0, ""kick_power"": 0.0, ""kick_dir"": null}, {""move_vx"": -7.384056456896635, ""move_vy"": 1.3136629100964594, ""kick_power"": 0.0, ""kick_dir"": null}, {""move_vx"": -0.0, ""move_vy"": 0.0, ""kick_power"": 0.65, ""kick_dir"": [0.9690010631865777, -0.2470563287809481]}, {""move_vx"": -5.392886893826306, ""move_vy"": -2.6299754657404044, ""kick_power"": 0.0, ""kick_dir"": null}, {""move_vx"": -0.035322542497873255, ""move_vy"": 5.439885322136074, ""kick_power"": 0.0, ""kick_dir"": null}, {""move_vx"": -4.242640687119285, ""move_vy"": -4.242640687119285, ""kick_power"": 0.0, ""kick_dir"": null}, {""move_vx"": -3.582940561789918, ""move_vy"": -4.510004094308624, ""kick_power"": 0.0, ""kick_dir"": null}]"
362,12,default,default,0,49.957173871964514,37.22314244529903,20,B,,-0.00921899676368818,0.0591605356167745,0.27585054214967925,"[{""move_vx"": 0.0, ""move_vy"": 0.0, ""kick_power"": 0.9, ""kick_dir"": [0.7442800289527783, 0.6678676358079124]}, {""move_vx"": -4.1012193308819755, ""move_vy"": -4.1012193308819755, ""kick_power"": 0.0, ""kick_dir"": null}, {""move_vx"": 3.8183766184073566, ""move_vy"": 3.8183766184073566, ""kick_power"": 0.0, ""kick_dir"": null}, {""move_vx"": 0.0, ""move_vy"": 0.0, ""kick_power"": 0.0, ""kick_dir"": null}, {""move_vx"": 0.0, ""move_vy"": 0.0, ""kick_power"": 0.4, ""kick_dir"": [-0.1472099477347353, -0.9891052012772491]}, {""move_vx"": 4.313351365237939, ""move_vy"": 4.313351365237939, ""kick_power"": 0.0, ""kick_dir"": null}, {""move_vx"": -4.242640687119285, ""move_vy"": 4.242640687119285, ""kick_power"": 0.0, ""kick_dir"": null}, {""move_vx"": 0.0, ""move_vy"": -6.0, ""kick_power"": 0.0, ""kick_dir"": null}, {""move_vx"": 3.3587150626211146, ""move_vy"": -4.3427103435667975, ""kick_power"": 0.0, ""kick_dir"": null}, {""move_vx"": 6.081691120258932, ""move_vy"": 1.6440903618000053, ""kick_power"": 0.0, ""kick_dir"": null}, {""move_vx"": 3.500173256915154, ""move_vy"": -5.238204575193296, ""kick_power"": 0.0, ""kick_dir"": null}, {""move_vx"": 3.5355339059327373, ""move_vy"": -3.5355339059327373, ""kick_power"": 0.0, ""kick_dir"": null}, {""move_vx"": -0.0, ""move_vy"": 0.0, ""kick_power"": 0.0, ""kick_dir"": null}, {""move_vx"": -5.331164322481861, ""move_vy"": -0.8594690027549095, ""kick_power"": 0.0, ""kick_dir"": null}, {""move_vx"": 3.8183766184073566, ""move_vy"": 3.8183766184073566, ""kick_power"": 0.0, ""kick_dir"": null}, {""move_vx"": -6.2440540944621725, ""move_vy"": -4.226510199376096, ""kick_power"": 0.0, ""kick_dir"": null}, {""move_vx"": 4.670343994716784, ""move_vy"": -2.0488745620493387, ""kick_power"": 0.0, ""kick_dir"": null}, {""move_vx"": -0.0, ""move_vy"": 0.0, ""kick_power"": 0.65, ""kick_dir"": [0.9686870018034341, -0.24828487862678492]}, {""move_vx"": -4.242640687119285, ""move_vy"": 4.242640687119285, ""kick_power"": 0.0, ""kick_dir"": null}, {""move_vx"": -5.589910700153959, ""move_vy"": 3.1165523201615386, ""kick_power"": 0.0, ""kick_dir"": null}, {""move_vx"": -7.199889437072163, ""move_vy"": 0.03990105182438514, ""kick_power"": 0.0, ""kick_dir"": null}, {""move_vx"": -0.0, ""move_vy"": 0.0, ""kick_power"": 0.7, ""kick_dir"": [-0.9859568041757296, -0.16700043762877512]}]"
362,13,default,default,0,49.477181242826376,37.22580251542065,20,B,,-0.005721165362807276,0.02929078678907414,0.2900739041004225,"[{""move_vx"": 0.0, ""move_vy"": 0.0, ""kick_power"": 0.9, ""kick_dir"": [0.7452674489696083, -0.6667656034056776]}, {""move_vx"": -4.1012193308819755, ""move_vy"": -4.1012193308819755, ""kick_power"": 0.0, ""kick_dir"": null}, {""move_vx"": 3.8183766184073566, ""move_vy"": 3.8183766184073566, ""kick_power"": 0.0, ""kick_dir"": null}, {""move_vx"": 0.0, ""move_vy"": 5.4, ""kick_power"": 0.0, ""kick_dir"": null}, {""move_vx"": 0.0, ""move_vy"": 0.0, ""kick_power"": 0.4, ""kick_dir"": [-0.15078285988970894, -0.9885668391708039]}, {""move_vx"": -4.313351365237939, ""move_vy"": 4.313351365237939, ""kick_power"": 0.0, ""kick_dir"": null}, {""move_vx"": 0.0, ""move_vy"": 0.0, ""kick_power"": 0.4, ""kick_dir"": [0.999371595388324, 0.035445515303823026]}, {""move_vx"": 4.242640687119285, ""move_vy"": -4.242640687119285, ""kick_power"": 0.0, ""kick_dir"": null}, {""move_vx"": 3.3022126522823987, ""move_vy"": -4.38582849631698, ""kick_power"": 0.0, ""kick_dir"": null}, {""move_vx"": -4.242640687119285, ""move_vy"": -4.242640687119285, ""kick_power"": 0.0, ""kick_dir"": null}, {""move_vx"": 0.0, ""move_vy"": 0.0, ""kick_power"": 0.0, ""kick_dir"": null}, {""move_vx"": -6.4907865043068185, ""move_vy"": 0.3459632285496277, ""kick_power"": 0.0, ""kick_dir"": null}, {""move_vx"": -0.0, ""move_vy"": 0.0, ""kick_power"": 0.9, ""kick_dir"": [0.004943187477634132, 0.9999876940729117]}, {""move_vx"": -5.331164322481861, ""move_vy"": -0.8594690027549098, ""kick_power"": 0.0, ""kick_dir"": null}, {""move_vx"": 3.8183766184073566, ""move_vy"": 3.8183766184073566, ""kick_power"": 0.0, ""kick_dir"": null}, {""move_vx"": -0.0, ""move_vy"": 0.0, ""kick_power"": 0.0, ""kick_dir"": null}, {""move_vx"": -0.0, ""move_vy"": 0.0, ""kick_power"": 0.65, ""kick_dir"": [0.8681942131439476, -0.49622392987348546]}, {""move_vx"": -0.0, ""move_vy"": 0.0, ""kick_power"": 0.65, ""kick_dir"": [0.9666261865314518, -0.25619075283830045]}, {""move_vx"": -5.376226936774897, ""move_vy"": -2.663866348805061, ""kick_power"": 0.0, ""kick_dir"": null}, {""move_vx"": -5.592245354895148, ""move_vy"": 3.1123611439956087, ""kick_power"": 0.0, ""kick_dir"": null}, {""move_vx"": -7.199889437072162, ""move_vy"": 0.039901051824385796, ""kick_power"": 0.0, ""kick_dir"": null}, {""move_vx"": -0.0, ""move_vy"": 0.0, ""kick_power"": 0.7, ""kick_dir"": [-0.9859568041757296, -0.16700043762877512]}]"
362,14,default,default,0,48.99718861368824,37.228462585542275,20,B,,-0.0022332167324389325,0.03282023235174781,0.28897119121962445,"[{""move_vx"": 0.0, ""move_vy"": 5.0, ""kick_power"": 0.0, ""kick_dir"": null}, {""move_vx"": -4.1012193308819755, ""move_vy"": -4.1012193308819755, ""kick_power"": 0.0, ""kick_dir"": null}, {""move_vx"": 3.8183766184073566, ""move_vy"": 3.8183766184073566, ""kick_power"": 0.0, ""kick_dir"": null}, {""move_vx"": 0.0, ""move_vy"": 5.4, ""kick_power"": 0.0, ""kick_dir"": null}, {""move_vx"": 0.0, ""move_vy"": 0.0, ""kick_power"": 0.4, ""kick_dir"": [-0.1744183129593117, -0.9846715770681836]}, {""move_vx"": 0.0, ""move_vy"": 0.0, ""kick_power"": 0.65, ""kick_dir"": [-0.9944572319699202, -0.10514125045932173]}, {""move_vx"": 0.0, ""move_vy"": 0.0, ""kick_power"": 0.4, ""kick_dir"": [0.999371595388324, 0.035445515303823026]}, {""move_vx"": 4.242640687119285, ""move_vy"": -4.242640687119285, ""kick_power"": 0.0, ""kick_dir"": null}, {""move_vx"": 3.2241600673631874, ""move_vy"": -4.443522460843493, ""kick_power"": 0.0, ""kick_dir"": null}, {""move_vx"": 0.0, ""move_vy"": 0.0, ""kick_power"": 0.0, ""kick_dir"": null}, {""move_vx"": 5.263415907202788, ""move_vy"": -1.2068359407163252, ""kick_power"": 0.0, ""kick_dir"": null}, {""move_vx"": 3.5355339059327373, ""move_vy"": -3.5355339059327373, ""kick_power"": 0.0, ""kick_dir"": null}, {""move_vx"": -0.0, ""move_vy"": 0.0, ""kick_power"": 0.4, ""kick_dir"": [-0.9788633405650577, 0.20451536735923495]}, {""move_vx"": -5.331164322481861, ""move_vy"": -0.8594690027549101, ""kick_power"": 0.0, ""kick_dir"": null}, {""move_vx"": 3.8183766184073566, ""move_vy"": 3.8183766184073566, ""kick_power"": 0.0, ""kick_dir"": null}, {""move_vx"": -0.0, ""move_vy"": 0.0, ""kick_power"": 0.0, ""kick_dir"": null}, {""move_vx"": -0.0, ""move_vy"": 0.0, ""kick_power"": 0.65, ""kick_dir"": [0.8673321434915369, -0.49772908171871494]}, {""move_vx"": -0.0, ""move_vy"": 0.0, ""kick_power"": 0.65, ""kick_dir"": [0.9644186136158809, -0.26437969263617295]}, {""move_vx"": -5.376226936774898, ""move_vy"": -2.663866348805061, ""kick_power"": 0.0, ""kick_dir"": null}, {""move_vx"": -5.592245354895147, ""move_vy"": 3.1123611439956087, ""kick_power"": 0.0, ""kick_dir"": null}, {""move_vx"": -7.199889437072161, ""move_vy"": 0.039901051824386455, ""kick_power"": 0.0, ""kick_dir"": null}, {""move_vx"": -0.0, ""move_vy"": 0.0, ""kick_power"": 0.7, ""kick_dir"": [-0.9859568041757296, -0.16700043762877512]}]"
362,15,default,default,0,50.488166534043565,37.1974295776465,-1,,,-0.016369194558581615,-0.08808021834592937,-0.16942248121538714,"[{""move_vx"": 0.0, ""move_vy"": -5.0, ""kick_power"": 0.0, ""kick_dir"": null}, {""move_vx"": 0.0, ""move_vy"": 0.0, ""kick_power"": 0.4, ""kick_dir"": [-0.42655265767212597, 0.9044626753270197]}, {""move_vx"": 3.8183766184073566, ""move_vy"": 3.8183766184073566, ""kick_power"": 0.0, ""kick_dir"": null}, {""move_vx"": 0.0, ""move_vy"": 5.4, ""kick_power"": 0.0, ""kick_dir"": null}, {""move_vx"": 0.0, ""move_vy"": 0.0, ""kick_power"": 0.4, ""kick_dir"": [-0.19929897161781931, -0.9799386606317679]}, {""move_vx"": -4.313351365237939, ""move_vy"": 4.313351365237939, ""kick_power"": 0.0, ""kick_dir"": null}, {""move_vx"": 0.0, ""move_vy"": 0.0, ""kick_power"": 0.4, ""kick_dir"": [0.999371595388324, 0.035445515303823026]}, {""move_vx"": 4.242640687119285, ""move_vy"": -4.242640687119285, ""kick_power"": 0.0, ""kick_dir"": null}, {""move_vx"": 3.1410998304729314, ""move_vy"": -4.5026205541887405, ""kick_power"": 0.0, ""kick_dir"": null}, {""move_vx"": 0.0, ""move_vy"": 0.0, ""kick_power"": 0.0, ""kick_dir"": null}, {""move_vx"": 5.2612365541347526, ""move_vy"": -1.216301739469393, ""kick_power"": 0.0, ""kick_dir"": null}, {""move_vx"": -0.0, ""move_vy"": 0.0, ""kick_power"": 0.7, ""kick_dir"": [-0.9975058972153485, 0.07058284919711492]}, {""move_vx"": -0.0, ""move_vy"": 0.0, ""kick_power"": 0.4, ""kick_dir"": [-0.9789311559136059, 0.2041905161267196]}, {""move_vx"": -5.331164322481861, ""move_vy"": -0.8594690027549103, ""kick_power"": 0.0, ""kick_dir"": null}, {""move_vx"": 3.8183766184073566, ""move_vy"": 3.8183766184073566, ""kick_power"": 0.0, ""kick_dir"": null}, {""move_vx"": -0.0, ""move_vy"": 0.0, ""kick_power"": 0.0, ""kick_dir"": null}, {""move_vx"": -0.0, ""move_vy"": 0.0, ""kick_power"": 0.65, ""kick_dir"": [0.8661560707752326, -0.49977276703247825]}, {""move_vx"": -0.0, ""move_vy"": 0.0, ""kick_power"": 0.65, ""kick_dir"": [0.9620522026505269, -0.2728652438597866]}, {""move_vx"": -0.0, ""move_vy"": 0.0, ""kick_power"": 0.9, ""kick_dir"": [-0.9999380117116957, -0.011107471294751004]}, {""move_vx"": -5.592245354895147, ""move_vy"": 3.1123611439956096, ""kick_power"": 0.0, ""kick_dir"": null}, {""move_vx"": -0.0, ""move_vy"": 0.0, ""kick_power"": 0.9, ""kick_dir"": [0.9997833995083961, -0.02080935318184126]}, {""move_vx"": -0.0, ""move_vy"": 0.0, ""kick_power"": 0.7, ""kick_dir"": [-0.9859568041757296, -0.16700043762877512]}]"
362,16,default,default,0,50.19717940011092,37.225137497890245,20,B,,-0.01456513397329798,0.023179186597688476,2.7572247683679763,"[{""move_vx"": 0.0, ""move_vy"": 0.0, ""kick_power"": 0.4, ""kick_dir"": [0.931687237709643, 0.36326127497350014]}, {""move_vx"": -5.8, ""move_vy"": 0.0, ""kick_power"": 0.0, ""kick_dir"": null}, {""move_vx"": 3.8183766184073566, ""move_vy"": 3.8183766184073566, ""kick_power"": 0.0, ""kick_dir"": null}, {""move_vx"": 0.0, ""move_vy"": -5.4, ""kick_power"": 0.0, ""kick_dir"": null}, {""move_vx"": 0.0, ""move_vy"": 0.0, ""kick_power"": 0.4, ""kick_dir"": [-0.2254726143263388, -0.9742494315414764]}, {""move_vx"": 0.0, ""move_vy"": -6.1, ""kick_power"": 0.0, ""kick_dir"": null}, {""move_vx"": 5.393162132673801, ""move_vy"": 1.8449396225062138, ""kick_power"": 0.0, ""kick_dir"": null}, {""move_vx"": 4.959763666338939, ""move_vy"": -2.1355899358407076, ""kick_power"": 0.0, ""kick_dir"": null}, {""move_vx"": 4.000357979187279, ""move_vy"": -5.002115656235137, ""kick_power"": 0.0, ""kick_dir"": null}, {""move_vx"": -4.242640687119285, ""move_vy"": -4.242640687119285, ""kick_power"": 0.0, ""kick_dir"": null}, {""move_vx"": 7.150016582345941, ""move_vy"": -0.8469137336104896, ""kick_power"": 0.0, ""kick_dir"": null}, {""move_vx"": 3.5355339059327373, ""move_vy"": -3.5355339059327373, ""kick_power"": 0.0, ""kick_dir"": null}, {""move_vx"": -5.799938718679965, ""move_vy"": -0.0266619496099703, ""kick_power"": 0.0, ""kick_dir"": null}, {""move_vx"": -0.0, ""move_vy"": -5.4, ""kick_power"": 0.0, ""kick_dir"": null}, {""move_vx"": -5.109520607295068, ""move_vy"": -1.7472261340842643, ""kick_power"": 0.0, ""kick_dir"": null}, {""move_vx"": -0.0, ""move_vy"": 0.0, ""kick_power"": 0.0, ""kick_dir"": null}, {""move_vx"": -7.387580850535241, ""move_vy"": 1.29369593676606, ""kick_power"": 0.0, ""kick_dir"": null}, {""move_vx"": -0.0, ""move_vy"": 0.0, ""kick_power"": 0.65, ""kick_dir"": [0.9595137280115066, -0.281661650522326]}, {""move_vx"": -5.376226936774898, ""move_vy"": -2.6638663488050605, ""kick_power"": 0.0, ""kick_dir"": null}, {""move_vx"": -5.592245354895146, ""move_vy"": 3.1123611439956096, ""kick_power"": 0.0, ""kick_dir"": null}, {""move_vx"": -0.0, ""move_vy"": 0.0, ""kick_power"": 0.0, ""kick_dir"": null}, {""move_vx"": -0.0, ""move_vy"": -6.4, ""kick_power"": 0.0, ""kick_dir"": null}]"
362,17,default,default,0,48.669751896444204,37.59914047306895,20,B,,-0.0017004678861894437,0.09437187605582606,0.270084391964286,"[{""move_vx"": 0.0, ""move_vy"": 0.0, ""kick_power"": 0.9, ""kick_dir"": [0.7482345049785, -0.6634342964460157]}, {""move_vx"": -4.1012193308819755, ""move_vy"": -4.1012193308819755, ""kick_power"": 0.0, ""kick_dir"": null}, {""move_vx"": 3.8183766184073566, ""move_vy"": 3.8183766184073566, ""kick_power"": 0.0, ""kick_dir"": null}, {""move_vx"": 0.0, ""move_vy"": 5.4, ""kick_power"": 0.0, ""kick_dir"": null}, {""move_vx"": 0.0, ""move_vy"": 0.0, ""kick_power"": 0.4, ""kick_dir"": [-0.24044194103383137, -0.9706634488490291]}, {""move_vx"": -4.313351365237939, ""move_vy"": 4.313351365237939, ""kick_power"": 0.0, ""kick_dir"": null}, {""move_vx"": 0.0, ""move_vy"": 0.0, ""kick_power"": 0.4, ""kick_dir"": [0.9994286928351485, 0.033797307584014176]}, {""move_vx"": 0.0, ""move_vy"": 0.0, ""kick_power"": 0.9, ""kick_dir"": [0.1189118176629082, 0.9929047089175398]}, {""move_vx"": 0.0, ""move_vy"": 0.0, ""kick_power"": 0.0, ""kick_dir"": null}, {""move_vx"": 0.0, ""move_vy"": 0.0, ""kick_power"": 0.0, ""kick_dir"": null}, {""move_vx"": 5.264638310425601, ""move_vy"": -1.2014921807482037, ""kick_power"": 0.0, ""kick_dir"": null}, {""move_vx"": -0.0, ""move_vy"": 0.0, ""kick_power"": 0.0, ""kick_dir"": null}, {""move_vx"": -0.0, ""move_vy"": 0.0, ""kick_power"": 0.4, ""kick_dir"": [-0.9787908263155553, 0.2048621316880887]}, {""move_vx"": -5.335435920732178, ""move_vy"": -0.8325404108875297, ""kick_power"": 0.0, ""kick_dir"": null}, {""move_vx"": -0.0, ""move_vy"": 5.4, ""kick_power"": 0.0, ""kick_dir"": null}, {""move_vx"": -0.0, ""move_vy"": 0.0, ""kick_power"": 0.0, ""kick_dir"": null}, {""move_vx"": -0.0, ""move_vy"": 0.0, ""kick_power"": 0.0, ""kick_dir"": null}, {""move_vx"": -0.0, ""move_vy"": 0.0, ""kick_power"": 0.65, ""kick_dir"": [0.9534894908583109, -0.30142606256936766]}, {""move_vx"": -4.242640687119285, ""move_vy"": 4.242640687119285, ""kick_power"": 0.0, ""kick_dir"": null}, {""move_vx"": -5.5961617068792355, ""move_vy"": 3.105313856997146, ""kick_power"": 0.0, ""kick_dir"": null}, {""move_vx"": -5.564565022000286, ""move_vy"": 2.2440178510722593, ""kick_power"": 0.0, ""kick_dir"": null}, {""move_vx"": -0.0, ""move_vy"": 0.0, ""kick_power"": 0.0, ""kick_dir"": null}]"
362,18,default,default,0,48.146211895138265,37.3774868536935,20,B,,0.0021913899425767013,0.03106434005527416,0.29196016079760395,"[{""move_vx"": 0.0, ""move_vy"": 0.0, ""kick_power"": 0.9, ""kick_dir"": [0.7452674581081937, -0.6667655931911574]}, {""move_vx"": 0.0, ""move_vy"": 0.0, ""kick_power"": 0.4, ""kick_dir"": [0.9781695580828247, 0.20780830852845125]}, {""move_vx"": 3.8183766184073566, ""move_vy"": 3.8183766184073566, ""kick_power"": 0.0, ""kick_dir"": null}, {""move_vx"": 0.0, ""move_vy"": 5.4, ""kick_power"": 0.0, ""kick_dir"": null}, {""move_vx"": 0.0, ""move_vy"": 0.0, ""kick_power"": 0.4, ""kick_dir"": [-0.26761958847994005, -0.9635245767099618]}, {""move_vx"": -4.313351365237939, ""move_vy"": 4.313351365237939, ""kick_power"": 0.0, ""kick_dir"": null}, {""move_vx"": 0.0, ""move_vy"": 0.0, ""kick_power"": 0.4, ""kick_dir"": [0.9994286928351485, 0.033797307584014176]}, {""move_vx"": 4.242640687119285, ""move_vy"": -4.242640687119285, ""kick_power"": 0.0, ""kick_dir"": null}, {""move_vx"": 0.0, ""move_vy"": 0.0, ""kick_power"": 0.0, ""kick_dir"": null}, {""move_vx"": -4.242640687119285, ""move_vy"": -4.242640687119285, ""kick_power"": 0.0, ""kick_dir"": null}, {""move_vx"": 5.265175163311436, ""move_vy"": -1.1991373981526865, ""kick_power"": 0.0, ""kick_dir"": null}, {""move_vx"": -0.0, ""move_vy"": 0.0, ""kick_power"": 0.0, ""kick_dir"": null}, {""move_vx"": -0.0, ""move_vy"": 0.0, ""kick_power"": 0.4, ""kick_dir"": [-0.9788687544251812, 0.20448945252339804]}, {""move_vx"": -5.335435920732179, ""move_vy"": -0.8325404108875295, ""kick_power"": 0.0, ""kick_dir"": null}, {""move_vx"": 3.8183766184073566, ""move_vy"": 3.8183766184073566, ""kick_power"": 0.0, ""kick_dir"": null}, {""move_vx"": -0.0, ""move_vy"": 0.0, ""kick_power"": 0.0, ""kick_dir"": null}, {""move_vx"": 4.706741442295764, ""move_vy"": -1.9638189823340633, ""kick_power"": 0.0, ""kick_dir"": null}, {""move_vx"": -0.0, ""move_vy"": 0.0, ""kick_power"": 0.65, ""kick_dir"": [0.9505002211413546, -0.31072368374004294]}, {""move_vx"": -4.242640687119285, ""move_vy"": -4.242640687119285, ""kick_power"": 0.0, ""kick_dir"": null}, {""move_vx"": -5.5981258175131, ""move_vy"": 3.1017716439630565, ""kick_power"": 0.0, ""kick_dir"": null}, {""move_vx"": -7.199976690039769, ""move_vy"": 0.01832110487843759, ""kick_power"": 0.0, ""kick_dir"": null}, {""move_vx"": -0.0, ""move_vy"": 0.0, ""kick_power"": 0.7, ""kick_dir"": [-0.9871316781011068, -0.1599093990897407]}]"
362,19,default,default,0,47.66621344913561,37.3787082606854,20,B,,0.005687372582870021,0.028509165996877153,0.3039105007974751,"[{""move_vx"": 0.0, ""move_vy"": 0.0, ""kick_power"": 0.9, ""kick_dir"": [0.745267447980001, -0.6667656045117968]}, {""move_vx"": 0.0, ""move_vy"": 0.0, ""kick_power"": 0.4, ""kick_dir"": [-0.42361863687706397, 0.9058405770598076]}, {""move_vx"": 3.8183766184073566, ""move_vy"": 3.8183766184073566, ""kick_power"": 0.0, ""kick_dir"": null}, {""move_vx"": 0.0, ""move_vy"": 5.4, ""kick_power"": 0.0, ""kick_dir"": null}, {""move_vx"": 0.0, ""move_vy"": 0.0, ""kick_power"": 0.4, ""kick_dir"": [-0.2960707855959252, -0.9551659227695444]}, {""move_vx"": -4.313351365237939, ""move_vy"": 4.313351365237939, ""kick_power"": 0.0, ""kick_dir"": null}, {""move_vx"": 0.0, ""move_vy"": 0.0, ""kick_power"": 0.4, ""kick_dir"": [0.9994286928351485, 0.033797307584014176]}, {""move_vx"": 4.242640687119285, ""move_vy"": -4.242640687119285, ""kick_power"": 0.0, ""kick_dir"": null}, {""move_vx"": 0.0, ""move_vy"": 0.0, ""kick_power"": 0.0, ""kick_dir"": null}, {""move_vx"": -4.242640687119285, ""move_vy"": -4.242640687119285, ""kick_power"": 0.0, ""kick_dir"": null}, {""move_vx"": 7.151236686750023, ""move_vy"": -0.8365487732825553, ""kick_power"": 0.0, ""kick_dir"": null}, {""move_vx"": -0.0, ""move_vy"": 0.0, ""kick_power"": 0.0, ""kick_dir"": null}, {""move_vx"": -0.0, ""move_vy"": 0.0, ""kick_power"": 0.4, ""kick_dir"": [-0.9789490738666349, 0.20410459392705638]}, {""move_vx"": -5.335435920732178, ""move_vy"": -0.8325404108875291, ""kick_power"": 0.0, ""kick_dir"": null}, {""move_vx"": -0.0, ""move_vy"": 0.0, ""kick_power"": 0.9, ""kick_dir"": [-0.45253071538515915, 0.8917486994180115]}, {""move_vx"": -0.0, ""move_vy"": 0.0, ""kick_power"": 0.0, ""kick_dir"": null}, {""move_vx"": -0.0, ""move_vy"": 0.0, ""kick_power"": 0.0, ""kick_dir"": null}, {""move_vx"": -0.0, ""move_vy"": 0.0, ""kick_power"": 0.65, ""kick_dir"": [0.9472954859841094, -0.3203609492946882]}, {""move_vx"": -5.364717703286971, ""move_vy"": -2.6869692897462327, ""kick_power"": 0.0, ""kick_dir"": null}, {""move_vx"": -5.5981258175131, ""move_vy"": 3.1017716439630574, ""kick_power"": 0.0, ""kick_dir"": null}, {""move_vx"": -7.19997669003977, ""move_vy"": 0.018321104878436602, ""kick_power"": 0.0, ""kick_dir"": null}, {""move_vx"": -0.0, ""move_vy"": 0.0, ""kick_power"": 0.7, ""kick_dir"": [-0.9871316781011068, -0.1599093990897407]}]"
362,20,default,default,0,47.18621500313296,37.3799296676773,20,B,,0.009183354789298485,0.026330020763042097,0.29589289347107245,"[{""move_vx"": 0.0, ""move_vy"": 0.0, ""kick_power"": 0.9, ""kick_dir"": [0.7452675680006969, -0.6667654703603976]}, {""move_vx"": 0.0, ""move_vy"": 0.0, ""kick_power"": 0.4, ""kick_dir"": [-0.43687403678980086, 0.899522638284494]}, {""move_vx"": 3.8183766184073566, ""move_vy"": 3.8183766184073566, ""kick_power"": 0.0, ""kick_dir"": null}, {""move_vx"": 0.0, ""move_vy"": 5.4, ""kick_power"": 0.0, ""kick_dir"": null}, {""move_vx"": 0.0, ""move_vy"": 0.0, ""kick_power"": 0.4, ""kick_dir"": [-0.3257973539494055, -0.9454395433988543]}, {""move_vx"": -4.313351365237939, ""move_vy"": 4.313351365237939, ""kick_power"": 0.0, ""kick_dir"": null}, {""move_vx"": 0.0, ""move_vy"": 0.0, ""kick_power"": 0.4, ""kick_dir"": [0.9994286928351485, 0.033797307584014176]}, {""move_vx"": 4.242640687119285, ""move_vy"": -4.242640687119285, ""kick_power"": 0.0, ""kick_dir"": null}, {""move_vx"": 0.0, ""move_vy"": 0.0, ""kick_power"": 0.0, ""kick_dir"": null}, {""move_vx"": -4.242640687119285, ""move_vy"": -4.242640687119285, ""kick_power"": 0.0, ""kick_dir"": null}, {""move_vx"": 7.151236686750022, ""move_vy"": -0.8365487732825546, ""kick_power"": 0.0, ""kick_dir"": null}, {""move_vx"": -0.0, ""move_vy"": 0.0, ""kick_power"": 0.0, ""kick_dir"": null}, {""move_vx"": -0.0, ""move_vy"": 0.0, ""kick_power"": 0.4, ""kick_dir"": [-0.9790278884653564, 0.20372620841713418]}, {""move_vx"": -5.335435920732178, ""move_vy"": -0.8325404108875286, ""kick_power"": 0.0, ""kick_dir"": null}, {""move_vx"": -0.0, ""move_vy"": 5.4, ""kick_power"": 0.0, ""kick_dir"": null}, {""move_vx"": -0.0, ""move_vy"": 0.0, ""kick_power"": 0.0, ""kick_dir"": null}, {""move_vx"": 4.706741442295764, ""move_vy"": -1.963818982334062, ""kick_power"": 0.0, ""kick_dir"": null}, {""move_vx"": -0.0, ""move_vy"": 0.0, ""kick_power"": 0.65, ""kick_dir"": [0.943857216397574, -0.3303534896750545]}, {""move_vx"": -4.242640687119285, ""move_vy"": 4.242640687119285, ""kick_power"": 0.0, ""kick_dir"": null}, {""move_vx"": -5.5981258175131, ""move_vy"": 3.101771643963058, ""kick_power"": 0.0, ""kick_dir"": null}, {""move_vx"": -7.199976690039769, ""move_vy"": 0.018321104878435593, ""kick_power"": 0.0, ""kick_dir"": null}, {""move_vx"": -0.0, ""move_vy"": 0.0, ""kick_power"": 0.7, ""kick_dir"": [-0.9871316781011068, -0.1599093990897407]}]"
362,21,default,default,0,46.706216557130304,37.381151074669205,20,B,,0.012679336547121176,0.017539357185201433,0.3093503789554386,"[{""move_vx"": 0.0, ""move_vy"": 0.0, ""kick_power"": 0.9, ""kick_dir"": [0.7452676738468749, -0.6667653520523207]}, {""move_vx"": -4.1012193308819755, ""move_vy"": -4.1012193308819755, ""kick_power"": 0.0, ""kick_dir"": null}, {""move_vx"": 3.8183766184073566, ""move_vy"": 3.8183766184073566, ""kick_power"": 0.0, ""kick_dir"": null}, {""move_vx"": 0.0, ""move_vy"": 5.4, ""kick_power"": 0.0, ""kick_dir"": null}, {""move_vx"": 0.0, ""move_vy"": 0.0, ""kick_power"": 0.4, ""kick_dir"": [-0.35679266838272006, -0.9341835118186808]}, {""move_vx"": -4.313351365237939, ""move_vy"": 4.313351365237939, ""kick_power"": 0.0, ""kick_dir"": null}, {""move_vx"": 0.0, ""move_vy"": 0.0, ""kick_power"": 0.4, ""kick_dir"": [0.9994286928351485, 0.033797307584014176]}, {""move_vx"": 4.242640687119285, ""move_vy"": -4.242640687119285, ""kick_power"": 0.0, ""kick_dir"": null}, {""move_vx"": 0.0, ""move_vy"": 0.0, ""kick_power"": 0.0, ""kick_dir"": null}, {""move_vx"": -4.242640687119285, ""move_vy"": -4.242640687119285, ""kick_power"": 0.0, ""kick_dir"": null}, {""move_vx"": 7.151236686750023, ""move_vy"": -0.8365487732825538, ""kick_power"": 0.0, ""kick_dir"": null}, {""move_vx"": -0.0, ""move_vy"": 0.0, ""kick_power"": 0.0, ""kick_dir"": null}, {""move_vx"": -0.0, ""move_vy"": 0.0, ""kick_power"": 0.4, ""kick_dir"": [-0.979107182584219, 0.2033447793839064]}, {""move_vx"": -5.335435920732178, ""move_vy"": -0.8325404108875282, ""kick_power"": 0.0, ""kick_dir"": null}, {""move_vx"": -0.0, ""move_vy"": 5.4, ""kick_power"": 0.0, ""kick_dir"": null}, {""move_vx"": -0.0, ""move_vy"": 0.0, ""kick_power"": 0.0, ""kick_dir"": null}, {""move_vx"": -7.384434699750241, ""move_vy"": 1.311535041516077, ""kick_power"": 0.0, ""kick_dir"": null}, {""move_vx"": -0.0, ""move_vy"": 0.0, ""kick_power"": 0.65, ""kick_dir"": [0.9401656282356432, -0.34071756921198076]}, {""move_vx"": -5.348112623603713, ""move_vy"": -2.719869733139918, ""kick_power"": 0.0, ""kick_dir"": null}, {""move_vx"": -5.5981258175130995, ""move_vy"": 3.1017716439630583, ""kick_power"": 0.0, ""kick_dir"": null}, {""move_vx"": -7.199976690039769, ""move_vy"": 0.018321104878434562, ""kick_power"": 0.0, ""kick_dir"": null}, {""move_vx"": -0.0, ""move_vy"": 0.0, ""kick_power"": 0.7, ""kick_dir"": [-0.9871373638243537, -0.15987429661981234]}]"
362,22,default,default,0,46.22621811112765,37.38237248166111,20,B,,0.01617531784087313,0.022146306130846595,0.30661039368722,"[{""move_vx"": 0.0, ""move_vy"": 0.0, ""kick_power"": 0.9, ""kick_dir"": [0.7452677680988188, -0.6667652467035042]}, {""move_vx"": 0.0, ""move_vy"": 0.0, ""kick_power"": 0.4, ""kick_dir"": [-0.4337731161324274, 0.9010220781994576]}, {""move_vx"": 3.8183766184073566, ""move_vy"": 3.8183766184073566, ""kick_power"": 0.0, ""kick_dir"": null}, {""move_vx"": 0.0, ""move_vy"": 5.4, ""kick_power"": 0.0, ""kick_dir"": null}, {""move_vx"": 0.0, ""move_vy"": 0.0, ""kick_power"": 0.4, ""kick_dir"": [-0.3890248829943132, -0.9212271588737971]}, {""move_vx"": -4.313351365237939, ""move_vy"": 4.313351365237939, ""kick_power"": 0.0, ""kick_dir"": null}, {""move_vx"": 0.0, ""move_vy"": 0.0, ""kick_power"": 0.4, ""kick_dir"": [0.9994286928351485, 0.033797307584014176]}, {""move_vx"": 4.242640687119285, ""move_vy"": -4.242640687119285, ""kick_power"": 0.0, ""kick_dir"": null}, {""move_vx"": 0.0, ""move_vy"": 0.0, ""kick_power"": 0.0, ""kick_dir"": null}, {""move_vx"": -4.242640687119285, ""move_vy"": -4.242640687119285, ""kick_power"": 0.0, ""kick_dir"": null}, {""move_vx"": 7.151236686750023, ""move_vy"": -0.8365487732825532, ""kick_power"": 0.0, ""kick_dir"": null}, {""move_vx"": -0.0, ""move_vy"": 0.0, ""kick_power"": 0.4, ""kick_dir"": [-0.8173932999666964, 0.5760799406323648]}, {""move_vx"": -0.0, ""move_vy"": 0.0, ""kick_power"": 0.9, ""kick_dir"": [-0.011301072947631958, 0.9999360388287762]}, {""move_vx"": -5.335435920732179, ""move_vy"": -0.8325404108875281, ""kick_power"": 0.0, ""kick_dir"": null}, {""move_vx"": -0.0, ""move_vy"": 5.4, ""kick_power"": 0.0, ""kick_dir"": null}, {""move_vx"": -0.0, ""move_vy"": 0.0, ""kick_power"": 0.0, ""kick_dir"": null}, {""move_vx"": -0.0, ""move_vy"": 0.0, ""kick_power"": 0.0, ""kick_dir"": null}, {""move_vx"": -0.0, ""move_vy"": 0.0, ""kick_power"": 0.65, ""kick_dir"": [0.9361990491774893, -0.3514700671635923]}, {""move_vx"": -4.242640687119285, ""move_vy"": 4.242640687119285, ""kick_power"": 0.0, ""kick_dir"": null}, {""move_vx"": -5.5981258175130995, ""move_vy"": 3.101771643963059, ""kick_power"": 0.0, ""kick_dir"": null}, {""move_vx"": -7.199976690039769, ""move_vy"": 0.01832110487843351, ""kick_power"": 0.0, ""kick_dir"": null}, {""move_vx"": -0.0, ""move_vy"": -6.4, ""kick_power"": 0.0, ""kick_dir"": null}]"
362,23,default,default,0,45.746219665125,37.38359388865301,20,B,,0.019671298654331447,0.013635504742945649,0.3088428841374017,"[{""move_vx"": 0.0, ""move_vy"": 0.0, ""kick_power"": 0.9, ""kick_dir"": [0.7452678526763312, -0.666765152168125]}, {""move_vx"": -4.1012193308819755, ""move_vy"": -4.1012193308819755, ""kick_power"": 0.0, ""kick_dir"": null}, {""move_vx"": 3.8183766184073566, ""move_vy"": 3.8183766184073566, ""kick_power"": 0.0, ""kick_dir"": null}, {""move_vx"": 0.0, ""move_vy"": 5.4, ""kick_power"": 0.0, ""kick_dir"": null}, {""move_vx"": 0.0, ""move_vy"": 0.0, ""kick_power"": 0.4, ""kick_dir"": [-0.4224357771478845, -0.9063927668986611]}, {""move_vx"": -4.313351365237939, ""move_vy"": 4.313351365237939, ""kick_power"": 0.0, ""kick_dir"": null}, {""move_vx"": 0.0, ""move_vy"": 0.0, ""kick_power"": 0.4, ""kick_dir"": [0.9994286928351485, 0.033797307584014176]}, {""move_vx"": 4.242640687119285, ""move_vy"": -4.242640687119285, ""kick_power"": 0.0, ""kick_dir"": null}, {""move_vx"": 0.0, ""move_vy"": 0.0, ""kick_power"": 1.0, ""kick_dir"": [0.9738620620392529, -0.227140159979325]}, {""move_vx"": -4.242640687119285, ""move_vy"": -4.242640687119285, ""kick_power"": 0.0, ""kick_dir"": null}, {""move_vx"": 7.151236686750024, ""move_vy"": -0.8365487732825525, ""kick_power"": 0.0, ""kick_dir"": null}, {""move_vx"": -0.0, ""move_vy"": 0.0, ""kick_power"": 0.0, ""kick_dir"": null}, {""move_vx"": -0.0, ""move_vy"": 0.0, ""kick_power"": 0.9, ""kick_dir"": [-0.018683655851285723, 0.9998253417178624]}, {""move_vx"": -5.335435920732179, ""move_vy"": -0.8325404108875276, ""kick_power"": 0.0, ""kick_dir"": null}, {""move_vx"": -0.0, ""move_vy"": 5.4, ""kick_power"": 0.0, ""kick_dir"": null}, {""move_vx"": -0.0, ""move_vy"": 0.0, ""kick_power"": 0.0, ""kick_dir"": null}, {""move_vx"": 4.749987671888498, ""move_vy"": -1.856776000735491, ""kick_power"": 0.0, ""kick_dir"": null}, {""move_vx"": -0.0, ""move_vy"": 0.0, ""kick_power"": 0.65, ""kick_dir"": [0.931933729245519, -0.3626284452428764]}, {""move_vx"": -5.332917858370239, ""move_vy"": -2.749543074017168, ""kick_power"": 0.0, ""kick_dir"": null}, {""move_vx"": -5.5981258175130995, ""move_vy"": 3.1017716439630587, ""kick_power"": 0.0, ""kick_dir"": null}, {""move_vx"": -7.19997669003977, ""move_vy"": 0.018321104878432446, ""kick_power"": 0.0, ""kick_dir"": null}, {""move_vx"": -0.0, ""move_vy"": -6.4, ""kick_power"": 0.0, ""kick_dir"": null}]"
362,24,default,default,0,45.26622121912234,37.3848152956449,20,B,,0.023167278970477066,0.017267837449288417,0.31899271701693177,"[{""move_vx"": 0.0, ""move_vy"": 0.0, ""kick_power"": 0.9, ""kick_dir"": [0.7452679290460131, -0.6667650668069176]}, {""move_vx"": -4.1012193308819755, ""move_vy"": -4.1012193308819755, ""kick_power"": 0.0, ""kick_dir"": null}, {""move_vx"": 3.8183766184073566, ""move_vy"": 3.8183766184073566, ""kick_power"": 0.0, ""kick_dir"": null}, {""move_vx"": 4.764421348903858, ""move_vy"": -1.9018909564191981, ""kick_power"": 0.0, ""kick_dir"": null}, {""move_vx"": 5.1866212707631645, ""move_vy"": -2.5959506531648664, ""kick_power"": 0.0, ""kick_dir"": null}, {""move_vx"": -4.313351365237939, ""move_vy"": 4.313351365237939, ""kick_power"": 0.0, ""kick_dir"": null}, {""move_vx"": 0.0, ""move_vy"": 0.0, ""kick_power"": 0.4, ""kick_dir"": [0.9994286928351485, 0.033797307584014176]}, {""move_vx"": 4.242640687119285, ""move_vy"": -4.242640687119285, ""kick_power"": 0.0, ""kick_dir"": null}, {""move_vx"": 0.0, ""move_vy"": 0.0, ""kick_power"": 0.0, ""kick_dir"": null}, {""move_vx"": -4.242640687119285, ""move_vy"": -4.242640687119285, ""kick_power"": 0.0, ""kick_dir"": null}, {""move_vx"": 7.151236686750023, ""move_vy"": -0.8365487732825517, ""kick_power"": 0.0, ""kick_dir"": null}, {""move_vx"": -0.0, ""move_vy"": 0.0, ""kick_power"": 0.4, ""kick_dir"": [-0.8056129698079135, 0.5924421058031122]}, {""move_vx"": -0.0, ""move_vy"": 0.0, ""kick_power"": 0.9, ""kick_dir"": [-0.026289996770078455, 0.9996542531617725]}, {""move_vx"": -5.33543592073218, ""move_vy"": -0.8325404108875273, ""kick_power"": 0.0, ""kick_dir"": null}, {""move_vx"": -0.0, ""move_vy"": 5.4, ""kick_power"": 0.0, ""kick_dir"": null}, {""move_vx"": -0.0, ""move_vy"": 0.0, ""kick_power"": 0.0, ""kick_dir"": null}, {""move_vx"": -7.3830191261094305, ""move_vy"": 1.3194804217957672, ""kick_power"": 0.0, ""kick_dir"": null}, {""move_vx"": -5.3995529833712235, ""move_vy"": 0.06948078703442673, ""kick_power"": 0.0, ""kick_dir"": null}, {""move_vx"": -4.242640687119285, ""move_vy"": 4.242640687119285, ""kick_power"": 0.0, ""kick_dir"": null}, {""move_vx"": -5.5981258175130995, ""move_vy"": 3.1017716439630587, ""kick_power"": 0.0, ""kick_dir"": null}, {""move_vx"": -7.19997669003977, ""move_vy"": 0.018321104878431353, ""kick_power"": 0.0, ""kick_dir"": null}, {""move_vx"": -0.0, ""move_vy"": -6.4, ""kick_power"": 0.0, ""kick_dir"": null}]"
362,25,default,default,0,44.78622277311969,37.3860367026368,20,B,,0.026663258771451065,0.018946553139154023,0.31323493673534897,"[{""move_vx"": 0.0, ""move_vy"": 0.0, ""kick_power"": 0.9, ""kick_dir"": [0.745267998353031, -0.6667649893398933]}, {""move_vx"": -4.1012193308819755, ""move_vy"": -4.1012193308819755, ""kick_power"": 0.0, ""kick_dir"": null}, {""move_vx"": 3.8183766184073566, ""move_vy"": 3.8183766184073566, ""kick_power"": 0.0, ""kick_dir"": null}, {""move_vx"": 4.754730212406955, ""move_vy"": -1.9259908118224538, ""kick_power"": 0.0, ""kick_dir"": null}, {""move_vx"": 5.78902959679094, ""move_vy"": -4.831018146051464, ""kick_power"": 0.0, ""kick_dir"": null}, {""move_vx"": -4.313351365237939, ""move_vy"": 4.313351365237939, ""kick_power"": 0.0, ""kick_dir"": null}, {""move_vx"": 0.0, ""move_vy"": 0.0, ""kick_power"": 0.4, ""kick_dir"": [0.9994286928351485, 0.033797307584014176]}, {""move_vx"": 4.242640687119285, ""move_vy"": -4.242640687119285, ""kick_power"": 0.0, ""kick_dir"": null}, {""move_vx"": 0.0, ""move_vy"": 0.0, ""kick_power"": 0.0, ""kick_dir"": null}, {""move_vx"": -4.242640687119285, ""move_vy"": -4.242640687119285, ""kick_power"": 0.0, ""kick_dir"": null}, {""move_vx"": 5.284916433085945, ""move_vy"": -2.84071439875573, ""kick_power"": 0.0, ""kick_dir"": null}, {""move_vx"": 3.5355339059327373, ""move_vy"": -3.5355339059327373, ""kick_power"": 0.0, ""kick_dir"": null}, {""move_vx"": -0.0, ""move_vy"": 0.0, ""kick_power"": 0.9, ""kick_dir"": [-0.03412905830042333, 0.9994173272198964]}, {""move_vx"": -5.335435920732179, ""move_vy"": -0.8325404108875268, ""kick_power"": 0.0, ""kick_dir"": null}, {""move_vx"": -0.0, ""move_vy"": 5.4, ""kick_power"": 0.0, ""kick_dir"": null}, {""move_vx"": -0.0, ""move_vy"": 0.0, ""kick_power"": 0.0, ""kick_dir"": null}, {""move_vx"": -4.4080676019604175, ""move_vy"": 3.1191248799217606, ""kick_power"": 0.0, ""kick_dir"": null}, {""move_vx"": -0.0, ""move_vy"": 0.0, ""kick_power"": 0.65, ""kick_dir"": [0.9259423411765553, -0.37766472324806927]}, {""move_vx"": -0.0, ""move_vy"": 0.0, ""kick_power"": 0.4, ""kick_dir"": [-0.5015089129703664, -0.8651519922932706]}, {""move_vx"": -5.5981258175130995, ""move_vy"": 3.1017716439630587, ""kick_power"": 0.0, ""kick_dir"": null}, {""move_vx"": -7.199976690039769, ""move_vy"": 0.018321104878432463, ""kick_power"": 0.0, ""kick_dir"": null}, {""move_vx"": -0.0, ""move_vy"": -6.4, ""kick_power"": 0.0, ""kick_dir"": null}]"
362,26,default,default,0,44.426223938617696,37.38695275788072,20,B,,0.029085243267983077,0.007172688415737344,0.3109837061956241,"[{""move_vx"": 0.0, ""move_vy"": 0.0, ""kick_power"": 0.9, ""kick_dir"": [0.7452680615081596, -0.6667649187490492]}, {""move_vx"": -4.1012193308819755, ""move_vy"": -4.1012193308819755, ""kick_power"": 0.0, ""kick_dir"": null}, {""move_vx"": 3.8183766184073566, ""move_vy"": 3.8183766184073566, ""kick_power"": 0.0, ""kick_dir"": null}, {""move_vx"": 0.0, ""move_vy"": 5.4, ""kick_power"": 0.0, ""kick_dir"": null}, {""move_vx"": 5.190592977914428, ""move_vy"": -2.5880001038688993, ""kick_power"": 0.0, ""kick_dir"": null}, {""move_vx"": -4.313351365237939, ""move_vy"": 4.313351365237939, ""kick_power"": 0.0, ""kick_dir"": null}, {""move_vx"": 0.0, ""move_vy"": 0.0, ""kick_power"": 0.4, ""kick_dir"": [0.9994286928351485, 0.033797307584014176]}, {""move_vx"": 4.242640687119285, ""move_vy"": -4.242640687119285, ""kick_power"": 0.0, ""kick_dir"": null}, {""move_vx"": 0.0, ""move_vy"": 0.0, ""kick_power"": 0.0, ""kick_dir"": null}, {""move_vx"": -4.242640687119285, ""move_vy"": -4.242640687119285, ""kick_power"": 0.0, ""kick_dir"": null}, {""move_vx"": 5.284916433085945, ""move_vy"": -2.840714398755731, ""kick_power"": 0.0, ""kick_dir"": null}, {""move_vx"": -0.0, ""move_vy"": 0.0, ""kick_power"": 0.4, ""kick_dir"": [-0.7903054898061254, 0.6127129356439222]}, {""move_vx"": -0.0, ""move_vy"": 0.0, ""kick_power"": 0.9, ""kick_dir"": [-0.04221018884351353, 0.9991086443485542]}, {""move_vx"": -5.335435920732179, ""move_vy"": -0.8325404108875264, ""kick_power"": 0.0, ""kick_dir"": null}, {""move_vx"": -0.0, ""move_vy"": 5.4, ""kick_power"": 0.0, ""kick_dir"": null}, {""move_vx"": -0.0, ""move_vy"": 0.0, ""kick_power"": 0.0, ""kick_dir"": null}, {""move_vx"": 4.753681344469386, ""move_vy"": -1.847299021610668, ""kick_power"": 0.0, ""kick_dir"": null}, {""move_vx"": 4.242640687119285, ""move_vy"": 4.242640687119285, ""kick_power"": 0.0, ""kick_dir"": null}, {""move_vx"": -0.0, ""move_vy"": 0.0, ""kick_power"": 0.4, ""kick_dir"": [-0.9856391093627264, -0.16886536788092715]}, {""move_vx"": -5.5981258175131, ""move_vy"": 3.1017716439630587, ""kick_power"": 0.0, ""kick_dir"": null}, {""move_vx"": -5.3999825175298275, ""move_vy"": 0.013740828658823718, ""kick_power"": 0.0, ""kick_dir"": null}, {""move_vx"": -0.0, ""move_vy"": -6.4, ""kick_power"": 0.0, ""kick_dir"": null}]"
362,27,default,default,0,44.0662251041157,37.38786881312464,20,B,,0.031507227455741776,0.00759060376163361,0.3226513506967253,"[{""move_vx"": 0.0, ""move_vy"": 0.0, ""kick_power"": 0.9, ""kick_dir"": [0.7452681192824737, -0.6667648541725306]}, {""move_vx"": -4.1012193308819755, ""move_vy"": -4.1012193308819755, ""kick_power"": 0.0, ""kick_dir"": null}, {""move_vx"": 3.8183766184073566, ""move_vy"": 3.8183766184073566, ""kick_power"": 0.0, ""kick_dir"": null}, {""move_vx"": 0.0, ""move_vy"": 5.4, ""kick_power"": 0.0, ""kick_dir"": null}, {""move_vx"": 5.6701544210135495, ""move_vy"": -4.97000491366563, ""kick_power"": 0.0, ""kick_dir"": null}, {""move_vx"": -4.313351365237939, ""move_vy"": 4.313351365237939, ""kick_power"": 0.0, ""kick_dir"": null}, {""move_vx"": 0.0, ""move_vy"": 0.0, ""kick_power"": 0.4, ""kick_dir"": [0.9994286928351485, 0.033797307584014176]}, {""move_vx"": 4.242640687119285, ""move_vy"": -4.242640687119285, ""kick_power"": 0.0, ""kick_dir"": null}, {""move_vx"": 0.0, ""move_vy"": 0.0, ""kick_power"": 0.0, ""kick_dir"": null}, {""move_vx"": -4.242640687119285, ""move_vy"": -4.242640687119285, ""kick_power"": 0.0, ""kick_dir"": null}, {""move_vx"": 5.284916433085946, ""move_vy"": -2.8407143987557317, ""kick_power"": 0.0, ""kick_dir"": null}, {""move_vx"": -0.0, ""move_vy"": 0.0, ""kick_power"": 0.4, ""kick_dir"": [-0.7843231404435991, 0.6203524164594508]}, {""move_vx"": -0.0, ""move_vy"": 0.0, ""kick_power"": 0.9, ""kick_dir"": [-0.050543108547616004, 0.9987217700787759]}, {""move_vx"": -5.335435920732179, ""move_vy"": -0.832540410887526, ""kick_power"": 0.0, ""kick_dir"": null}, {""move_vx"": -0.0, ""move_vy"": 5.4, ""kick_power"": 0.0, ""kick_dir"": null}, {""move_vx"": -0.0, ""move_vy"": 0.0, ""kick_power"": 0.0, ""kick_dir"": null}, {""move_vx"": -5.324605177794966, ""move_vy"": 2.7656065701033903, ""kick_power"": 0.0, ""kick_dir"": null}, {""move_vx"": -0.0, ""move_vy"": 0.0, ""kick_power"": 0.65, ""kick_dir"": [0.9043195713475992, -0.4268559098064203]}, {""move_vx"": -0.0, ""move_vy"": 0.0, ""kick_power"": 0.4, ""kick_dir"": [-0.37920763740336116, -0.9253112623590312]}, {""move_vx"": -5.5981258175130995, ""move_vy"": 3.1017716439630583, ""kick_power"": 0.0, ""kick_dir"": null}, {""move_vx"": -5.3999825175298275, ""move_vy"": 0.013740828658823933, ""kick_power"": 0.0, ""kick_dir"": null}, {""move_vx"": -0.0, ""move_vy"": -6.4, ""kick_power"": 0.0, ""kick_dir"": null}]"
362,28,default,default,0,43.70622626961371,37.38878486836856,20,B,,0.03392921132617408,0.005475054665883336,0.3176393265852441,"[{""move_vx"": 0.0, ""move_vy"": 0.0, ""kick_power"": 0.9, ""kick_dir"": [0.7452681733933341, -0.6667647936907815]}, {""move_vx"": -4.1012193308819755, ""move_vy"": -4.1012193308819755, ""kick_power"": 0.0, ""kick_dir"": null}, {""move_vx"": 3.8183766184073566, ""move_vy"": 3.8183766184073566, ""kick_power"": 0.0, ""kick_dir"": null}, {""move_vx"": 0.0, ""move_vy"": 5.4, ""kick_power"": 0.0, ""kick_dir"": null}, {""move_vx"": 5.195035253836818, ""move_vy"": -2.5790712885441196, ""kick_power"": 0.0, ""kick_dir"": null}, {""move_vx"": -4.313351365237939, ""move_vy"": 4.313351365237939, ""kick_power"": 0.0, ""kick_dir"": null}, {""move_vx"": 0.0, ""move_vy"": 0.0, ""kick_power"": 0.4, ""kick_dir"": [0.9994286928351485, 0.033797307584014176]}, {""move_vx"": 4.242640687119285, ""move_vy"": -4.242640687119285, ""kick_power"": 0.0, ""kick_dir"": null}, {""move_vx"": 0.0, ""move_vy"": 0.0, ""kick_power"": 0.0, ""kick_dir"": null}, {""move_vx"": -4.242640687119285, ""move_vy"": -4.242640687119285, ""kick_power"": 0.0, ""kick_dir"": null}, {""move_vx"": 5.284916433085944, ""move_vy"": -2.8407143987557317, ""kick_power"": 0.0, ""kick_dir"": null}, {""move_vx"": -0.0, ""move_vy"": 0.0, ""kick_power"": 0.4, ""kick_dir"": [-0.7782575432731427, 0.6279451457806227]}, {""move_vx"": -0.0, ""move_vy"": 0.0, ""kick_power"": 0.9, ""kick_dir"": [-0.0591378867192527, 0.9982497116000587]}, {""move_vx"": -5.33543592073218, ""move_vy"": -0.8325404108875256, ""kick_power"": 0.0, ""kick_dir"": null}, {""move_vx"": -0.0, ""move_vy"": 5.4, ""kick_power"": 0.0, ""kick_dir"": null}, {""move_vx"": -0.0, ""move_vy"": 0.0, ""kick_power"": 0.0, ""kick_dir"": null}, {""move_vx"": 4.738632314333051, ""move_vy"": -1.8855672328396516, ""kick_power"": 0.0, ""kick_dir"": null}, {""move_vx"": -0.0, ""move_vy"": 0.0, ""kick_power"": 0.65, ""kick_dir"": [0.8978223593532033, -0.4403576531788564]}, {""move_vx"": -4.242640687119285, ""move_vy"": 4.242640687119285, ""kick_power"": 0.0, ""kick_dir"": null}, {""move_vx"": -5.5981258175130995, ""move_vy"": 3.101771643963059, ""kick_power"": 0.0, ""kick_dir"": null}, {""move_vx"": -5.3999825175298275, ""move_vy"": 0.013740828658824148, ""kick_power"": 0.0, ""kick_dir"": null}, {""move_vx"": -0.0, ""move_vy"": -6.4, ""kick_power"": 0.0, ""kick_dir"": null}]"
362,29,default,default,0,43.346227435111714,37.38970092361248,20,B,,0.036351194870402115,0.005998779577828319,0.3166488116112437,"[{""move_vx"": 0.0, ""move_vy"": 0.0, ""kick_power"": 0.9, ""kick_dir"": [0.7452682241349712, -0.6667647369749315]}, {""move_vx"": -4.1012193308819755, ""move_vy"": -4.1012193308819755, ""kick_power"": 0.0, ""kick_dir"": null}, {""move_vx"": 3.8183766184073566, ""move_vy"": 3.8183766184073566, ""kick_power"": 0.0, ""kick_dir"": null}, {""move_vx"": 0.0, ""move_vy"": 5.4, ""kick_power"": 0.0, ""kick_dir"": null}, {""move_vx"": 5.551994203537159, ""move_vy"": -5.101662509799113, ""kick_power"": 0.0, ""kick_dir"": null}, {""move_vx"": -4.313351365237939, ""move_vy"": 4.313351365237939, ""kick_power"": 0.0, ""kick_dir"": null}, {""move_vx"": 0.0, ""move_vy"": 0.0, ""kick_power"": 0.4, ""kick_dir"": [0.9994286928351485, 0.033797307584014176]}, {""move_vx"": 4.242640687119285, ""move_vy"": -4.242640687119285, ""kick_power"": 0.0, ""kick_dir"": null}, {""move_vx"": 0.0, ""move_vy"": 0.0, ""kick_power"": 0.0, ""kick_dir"": null}, {""move_vx"": -4.242640687119285, ""move_vy"": -4.242640687119285, ""kick_power"": 0.0, ""kick_dir"": null}, {""move_vx"": 5.284916433085944, ""move_vy"": -2.840714398755732, ""kick_power"": 0.0, ""kick_dir"": null}, {""move_vx"": -0.0, ""move_vy"": 0.0, ""kick_power"": 0.4, ""kick_dir"": [-0.7721102925773153, 0.6354884785777312]}, {""move_vx"": -0.0, ""move_vy"": 0.0, ""kick_power"": 0.9, ""kick_dir"": [-0.06800507415901016, 0.9976848613930065]}, {""move_vx"": -5.33543592073218, ""move_vy"": -0.8325404108875252, ""kick_power"": 0.0, ""kick_dir"": null}, {""move_vx"": -0.0, ""move_vy"": 5.4, ""kick_power"": 0.0, ""kick_dir"": null}, {""move_vx"": -6.596661626371706, ""move_vy"": -3.6518016631732637, ""kick_power"": 0.0, ""kick_dir"": null}, {""move_vx"": 4.738632314333052, ""move_vy"": -1.8855672328396507, ""kick_power"": 0.0, ""kick_dir"": null}, {""move_vx"": 6.0, ""move_vy"": 0.0, ""kick_power"": 0.0, ""kick_dir"": null}, {""move_vx"": -0.0, ""move_vy"": 0.0, ""kick_power"": 0.4, ""kick_dir"": [-0.21944966291683088, -0.9756235767217186]}, {""move_vx"": -5.5981258175130995, ""move_vy"": 3.1017716439630587, ""kick_power"": 0.0, ""kick_dir"": null}, {""move_vx"": -5.3999825175298275, ""move_vy"": 0.013740828658824367, ""kick_power"": 0.0, ""kick_dir"": null}, {""move_vx"": -0.0, ""move_vy"": -6.4, ""kick_power"": 0.0, ""kick_dir"": null}]"
362,30,default,default,0,42.98622860060972,37.3906169788564,20,B,,0.03875644574304996,0.005766102037484382,0.31942769648211733,"[{""move_vx"": 0.0, ""move_vy"": -5.0, ""kick_power"": 0.0, ""kick_dir"": null}, {""move_vx"": -4.1012193308819755, ""move_vy"": -4.1012193308819755, ""kick_power"": 0.0, ""kick_dir"": null}, {""move_vx"": 3.8183766184073566, ""move_vy"": 3.8183766184073566, ""kick_power"": 0.0, ""kick_dir"": null}, {""move_vx"": 0.0, ""move_vy"": 5.4, ""kick_power"": 0.0, ""kick_dir"": null}, {""move_vx"": 5.199941056525887, ""move_vy"": -2.5691658196108014, ""kick_power"": 0.0, ""kick_dir"": null}, {""move_vx"": -4.313351365237939, ""move_vy"": 4.313351365237939, ""kick_power"": 0.0, ""kick_dir"": null}, {""move_vx"": 0.0, ""move_vy"": 0.0, ""kick_power"": 0.4, ""kick_dir"": [0.9994286928351485, 0.033797307584014176]}, {""move_vx"": 4.242640687119285, ""move_vy"": -4.242640687119285, ""kick_power"": 0.0, ""kick_dir"": null}, {""move_vx"": -4.313351365237939, ""move_vy"": -4.313351365237939, ""kick_power"": 0.0, ""kick_dir"": null}, {""move_vx"": -4.242640687119285, ""move_vy"": -4.242640687119285, ""kick_power"": 0.0, ""kick_dir"": null}, {""move_vx"": 5.284916433085943, ""move_vy"": -2.8407143987557326, ""kick_power"": 0.0, ""kick_dir"": null}, {""move_vx"": -0.0, ""move_vy"": 0.0, ""kick_power"": 0.4, ""kick_dir"": [-0.7658833111825205, 0.6429795210642638]}, {""move_vx"": -0.0, ""move_vy"": 0.0, ""kick_power"": 0.9, ""kick_dir"": [-0.07715564119433858, 0.9970189447080225]}, {""move_vx"": -5.335435920732179, ""move_vy"": -0.8325404108875247, ""kick_power"": 0.0, ""kick_dir"": null}, {""move_vx"": -0.0, ""move_vy"": 5.4, ""kick_power"": 0.0, ""kick_dir"": null}, {""move_vx"": -6.615202182943832, ""move_vy"": -3.6181072508668337, ""kick_power"": 0.0, ""kick_dir"": null}, {""move_vx"": 4.738632314333052, ""move_vy"": -1.8855672328396498, ""kick_power"": 0.0, ""kick_dir"": null}, {""move_vx"": 4.242640687119285, ""move_vy"": 4.242640687119285, ""kick_power"": 0.0, ""kick_dir"": null}, {""move_vx"": -0.0, ""move_vy"": 0.0, ""kick_power"": 0.4, ""kick_dir"": [-0.19940008214348068, -0.9799179400780715]}, {""move_vx"": -5.5981258175131, ""move_vy"": 3.101771643963059, ""kick_power"": 0.0, ""kick_dir"": null}, {""move_vx"": -5.3999825175298275, ""move_vy"": 0.01374082865882459, ""kick_power"": 0.0, ""kick_dir"": null}, {""move_vx"": -0.0, ""move_vy"": -6.4, ""kick_power"": 0.0, ""kick_dir"": null}]"
362,31,default,default,0,42.62622976610773,37.39153303410032,20,B,,0.041191915005397164,0.004260415523757905,0.3230850065704051,"[{""move_vx"": 0.0, ""move_vy"": 0.0, ""kick_power"": 0.9, ""kick_dir"": [0.7502181938506208, -0.6611902915183027]}, {""move_vx"": -4.1012193308819755, ""move_vy"": -4.1012193308819755, ""kick_power"": 0.0, ""kick_dir"": null}, {""move_vx"": 3.8183766184073566, ""move_vy"": 3.8183766184073566, ""kick_power"": 0.0, ""kick_dir"": null}, {""move_vx"": 3.8183766184073566, ""move_vy"": -3.8183766184073566, ""kick_power"": 0.0, ""kick_dir"": null}, {""move_vx"": 5.418283496926607, ""move_vy"": -5.243453437090176, ""kick_power"": 0.0, ""kick_dir"": null}, {""move_vx"": -4.313351365237939, ""move_vy"": 4.313351365237939, ""kick_power"": 0.0, ""kick_dir"": null}, {""move_vx"": 0.0, ""move_vy"": 0.0, ""kick_power"": 0.4, ""kick_dir"": [0.9994286928351485, 0.033797307584014176]}, {""move_vx"": -6.0, ""move_vy"": 0.0, ""kick_power"": 0.0, ""kick_dir"": null}, {""move_vx"": -4.313351365237939, ""move_vy"": -4.313351365237939, ""kick_power"": 0.0, ""kick_dir"": null}, {""move_vx"": -4.242640687119285, ""move_vy"": -4.242640687119285, ""kick_power"": 0.0, ""kick_dir"": null}, {""move_vx"": 5.284916433085943, ""move_vy"": -2.8407143987557335, ""kick_power"": 0.0, ""kick_dir"": null}, {""move_vx"": -0.0, ""move_vy"": 0.0, ""kick_power"": 0.4, ""kick_dir"": [-0.7595788662433267, 0.6504151423272563]}, {""move_vx"": -0.0, ""move_vy"": 0.0, ""kick_power"": 0.9, ""kick_dir"": [-0.08660098150215488, 0.9962429599686382]}, {""move_vx"": -0.0, ""move_vy"": -5.4, ""kick_power"": 0.0, ""kick_dir"": null}, {""move_vx"": -0.0, ""move_vy"": 5.4, ""kick_power"": 0.0, ""kick_dir"": null}, {""move_vx"": -6.633502042119405, ""move_vy"": -3.5844456554950983, ""kick_power"": 0.0, ""kick_dir"": null}, {""move_vx"": -5.329336611772582, ""move_vy"": 2.7564780569451885, ""kick_power"": 0.0, ""kick_dir"": null}, {""move_vx"": 6.0, ""move_vy"": 0.0, ""kick_power"": 0.0, ""kick_dir"": null}, {""move_vx"": -0.0, ""move_vy"": 0.0, ""kick_power"": 0.4, ""kick_dir"": [-0.1826488141922162, -0.9831780151690042]}, {""move_vx"": -5.5981258175130995, ""move_vy"": 3.1017716439630587, ""kick_power"": 0.0, ""kick_dir"": null}, {""move_vx"": -5.3999825175298275, ""move_vy"": 0.013740828658824816, ""kick_power"": 0.0, ""kick_dir"": null}, {""move_vx"": -0.0, ""move_vy"": -6.4, ""kick_power"": 0.0, ""kick_dir"": null}]"
362,32,default,default,0,42.26623093160573,37.39244908934424,20,B,,0.04361700966173937,0.005016490694850528,0.3271857208162651,"[{""move_vx"": 0.0, ""move_vy"": 0.0, ""kick_power"": 0.9, ""kick_dir"": [0.7472453682971004, -0.6645481922170146]}, {""move_vx"": -4.1012193308819755, ""move_vy"": -4.1012193308819755, ""kick_power"": 0.0, ""kick_dir"": null}, {""move_vx"": 3.8183766184073566, ""move_vy"": 3.8183766184073566, ""kick_power"": 0.0, ""kick_dir"": null}, {""move_vx"": 5.4, ""move_vy"": 0.0, ""kick_power"": 0.0, ""kick_dir"": null}, {""move_vx"": -5.8, ""move_vy"": 0.0, ""kick_power"": 0.0, ""kick_dir"": null}, {""move_vx"": -4.313351365237939, ""move_vy"": 4.313351365237939, ""kick_power"": 0.0, ""kick_dir"": null}, {""move_vx"": 0.0, ""move_vy"": 0.0, ""kick_power"": 0.4, ""kick_dir"": [0.9994286928351485, 0.033797307584014176]}, {""move_vx"": 4.242640687119285, ""move_vy"": -4.242640687119285, ""kick_power"": 0.0, ""kick_dir"": null}, {""move_vx"": -4.313351365237939, ""move_vy"": -4.313351365237939, ""kick_power"": 0.0, ""kick_dir"": null}, {""move_vx"": 6.0, ""move_vy"": 0.0, ""kick_power"": 0.0, ""kick_dir"": null}, {""move_vx"": 5.284916433085943, ""move_vy"": -2.840714398755734, ""kick_power"": 0.0, ""kick_dir"": null}, {""move_vx"": 3.5355339059327373, ""move_vy"": -3.5355339059327373, ""kick_power"": 0.0, ""kick_dir"": null}, {""move_vx"": -0.0, ""move_vy"": 0.0, ""kick_power"": 0.9, ""kick_dir"": [-0.05613184716270986, 0.9984232405745633]}, {""move_vx"": -5.339891948295519, ""move_vy"": -0.803463739398794, ""kick_power"": 0.0, ""kick_dir"": null}, {""move_vx"": -0.0, ""move_vy"": 5.4, ""kick_power"": 0.0, ""kick_dir"": null}, {""move_vx"": -6.651561615675402, ""move_vy"": -3.5508207604543527, ""kick_power"": 0.0, ""kick_dir"": null}, {""move_vx"": -5.329336611772583, ""move_vy"": 2.7564780569451885, ""kick_power"": 0.0, ""kick_dir"": null}, {""move_vx"": 4.242640687119285, ""move_vy"": 4.242640687119285, ""kick_power"": 0.0, ""kick_dir"": null}, {""move_vx"": -0.0, ""move_vy"": 0.0, ""kick_power"": 0.4, ""kick_dir"": [-0.16845568248772108, -0.9857090407662409]}, {""move_vx"": -5.5981258175131, ""move_vy"": 3.1017716439630587, ""kick_power"": 0.0, ""kick_dir"": null}, {""move_vx"": -5.3999825175298275, ""move_vy"": 0.013740828658825045, ""kick_power"": 0.0, ""kick_dir"": null}, {""move_vx"": -0.0, ""move_vy"": -6.4, ""kick_power"": 0.0, ""kick_dir"": null}]"
362,33,default,default,0,42.48693503285559,36.617973823451,20,B,,0.04079143934129481,-0.020569487196641492,0.34522019843991686,"[{""move_vx"": 0.0, ""move_vy"": 0.0, ""kick_power"": 0.9, ""kick_dir"": [0.7442812418120224, -0.6678662841798916]}, {""move_vx"": -4.1012193308819755, ""move_vy"": -4.1012193308819755, ""kick_power"": 0.0, ""kick_dir"": null}, {""move_vx"": 3.8183766184073566, ""move_vy"": 3.8183766184073566, ""kick_power"": 0.0, ""kick_dir"": null}, {""move_vx"": 0.0, ""move_vy"": 5.4, ""kick_power"": 0.0, ""kick_dir"": null}, {""move_vx"": 0.0, ""move_vy"": 0.0, ""kick_power"": 0.9, ""kick_dir"": [0.4550292559196721, 0.8904763448468375]}, {""move_vx"": -4.313351365237939, ""move_vy"": 4.313351365237939, ""kick_power"": 0.0, ""kick_dir"": null}, {""move_vx"": 0.0, ""move_vy"": 0.0, ""kick_power"": 0.4, ""kick_dir"": [0.9994286928351485, 0.033797307584014176]}, {""move_vx"": 4.242640687119285, ""move_vy"": -4.242640687119285, ""kick_power"": 0.0, ""kick_dir"": null}, {""move_vx"": -4.313351365237939, ""move_vy"": -4.313351365237939, ""kick_power"": 0.0, ""kick_dir"": null}, {""move_vx"": -4.242640687119285, ""move_vy"": -4.242640687119285, ""kick_power"": 0.0, ""kick_dir"": null}, {""move_vx"": -6.0, ""move_vy"": 0.0, ""kick_power"": 0.0, ""kick_dir"": null}, {""move_vx"": -0.0, ""move_vy"": 0.0, ""kick_power"": 0.9, ""kick_dir"": [-0.9989743306951187, 0.0452795800475192]}, {""move_vx"": -0.0, ""move_vy"": 0.0, ""kick_power"": 0.9, ""kick_dir"": [-0.065969524066628, 0.9978215116423694]}, {""move_vx"": -5.339891948295518, ""move_vy"": -0.8034637393987941, ""kick_power"": 0.0, ""kick_dir"": null}, {""move_vx"": -0.0, ""move_vy"": 5.4, ""kick_power"": 0.0, ""kick_dir"": null}, {""move_vx"": -6.669381376215684, ""move_vy"": -3.5172364234704796, ""kick_power"": 0.0, ""kick_dir"": null}, {""move_vx"": -5.329336611772583, ""move_vy"": 2.7564780569451885, ""kick_power"": 0.0, ""kick_dir"": null}, {""move_vx"": 4.242640687119285, ""move_vy"": 4.242640687119285, ""kick_power"": 0.0, ""kick_dir"": null}, {""move_vx"": -0.0, ""move_vy"": 0.0, ""kick_power"": 0.4, ""kick_dir"": [-0.15628352698548664, -0.9877120612496915]}, {""move_vx"": -5.5981258175131, ""move_vy"": 3.1017716439630583, ""kick_power"": 0.0, ""kick_dir"": null}, {""move_vx"": -5.3999825175298275, ""move_vy"": 0.013740828658825279, ""kick_power"": 0.0, ""kick_dir"": null}, {""move_vx"": -0.0, ""move_vy"": -6.4, ""kick_power"": 0.0, ""kick_dir"": null}]"
362,34,default,default,0,42.195925737502144,36.41872893294124,20,B,,0.042595702316387415,0.007679288785513161,0.3337081975874361,"[{""move_vx"": 0.0, ""move_vy"": 0.0, ""kick_power"": 0.9, ""kick_dir"": [0.7472453641524227, -0.6645481968774614]}, {""move_vx"": -4.1012193308819755, ""move_vy"": -4.1012193308819755, ""kick_power"": 0.0, ""kick_dir"": null}, {""move_vx"": 3.8183766184073566, ""move_vy"": 3.8183766184073566, ""kick_power"": 0.0, ""kick_dir"": null}, {""move_vx"": 0.0, ""move_vy"": 0.0, ""kick_power"": 0.0, ""kick_dir"": null}, {""move_vx"": 0.0, ""move_vy"": 0.0, ""kick_power"": 0.9, ""kick_dir"": [0.42128607010905794, 0.9069276649360042]}, {""move_vx"": 0.0, ""move_vy"": 6.1, ""kick_power"": 0.0, ""kick_dir"": null}, {""move_vx"": 0.0, ""move_vy"": 0.0, ""kick_power"": 0.4, ""kick_dir"": [0.9994286928351485, 0.033797307584014176]}, {""move_vx"": 4.242640687119285, ""move_vy"": -4.242640687119285, ""kick_power"": 0.0, ""kick_dir"": null}, {""move_vx"": -4.313351365237939, ""move_vy"": -4.313351365237939, ""kick_power"": 0.0, ""kick_dir"": null}, {""move_vx"": -4.242640687119285, ""move_vy"": -4.242640687119285, ""kick_power"": 0.0, ""kick_dir"": null}, {""move_vx"": -5.6525564605924465, ""move_vy"": -2.7818349087993366, ""kick_power"": 0.0, ""kick_dir"": null}, {""move_vx"": -0.0, ""move_vy"": 0.0, ""kick_power"": 0.4, ""kick_dir"": [-0.7382637670413772, 0.6745120643775485]}, {""move_vx"": -0.0, ""move_vy"": 0.0, ""kick_power"": 0.4, ""kick_dir"": [-0.07598429121609386, 0.9971088858733015]}, {""move_vx"": -6.8775028313253435, ""move_vy"": 1.4072507968062746, ""kick_power"": 0.0, ""kick_dir"": null}, {""move_vx"": -0.0, ""move_vy"": 5.4, ""kick_power"": 0.0, ""kick_dir"": null}, {""move_vx"": -6.584686712309467, ""move_vy"": -3.6733500923183375, ""kick_power"": 0.0, ""kick_dir"": null}, {""move_vx"": -5.329336611772582, ""move_vy"": 2.7564780569451885, ""kick_power"": 0.0, ""kick_dir"": null}, {""move_vx"": 4.242640687119285, ""move_vy"": 4.242640687119285, ""kick_power"": 0.0, ""kick_dir"": null}, {""move_vx"": -4.242640687119285, ""move_vy"": 4.242640687119285, ""kick_power"": 0.0, ""kick_dir"": null}, {""move_vx"": -5.598125817513099, ""move_vy"": 3.1017716439630587, ""kick_power"": 0.0, ""kick_dir"": null}, {""move_vx"": -5.39992546172012, ""move_vy"": -0.028372660551175707, ""kick_power"": 0.0, ""kick_dir"": null}, {""move_vx"": -0.0, ""move_vy"": -6.4, ""kick_power"": 0.0, ""kick_dir"": null}]"
362,35,default,default,0,41.812158306794736,36.277590640959154,20,B,,0.041870991689806764,0.007681738346064914,0.33280176881582696,"[{""move_vx"": -5.0, ""move_vy"": 0.0, ""kick_power"": 0.0, ""kick_dir"": null}, {""move_vx"": -4.1012193308819755, ""move_vy"": -4.1012193308819755, ""kick_power"": 0.0, ""kick_dir"": null}, {""move_vx"": 3.8183766184073566, ""move_vy"": 3.8183766184073566, ""kick_power"": 0.0, ""kick_dir"": null}, {""move_vx"": 0.0, ""move_vy"": 0.0, ""kick_power"": 0.0, ""kick_dir"": null}, {""move_vx"": 0.0, ""move_vy"": 0.0, ""kick_power"": 0.9, ""kick_dir"": [0.3863078071754015, 0.9223697841608279]}, {""move_vx"": 4.313351365237939, ""move_vy"": 4.313351365237939, ""kick_power"": 0.0, ""kick_dir"": null}, {""move_vx"": 0.0, ""move_vy"": 0.0, ""kick_power"": 0.4, ""kick_dir"": [0.9994286928351485, 0.033797307584014176]}, {""move_vx"": 4.242640687119285, ""move_vy"": -4.242640687119285, ""kick_power"": 0.0, ""kick_dir"": null}, {""move_vx"": -4.313351365237939, ""move_vy"": -4.313351365237939, ""kick_power"": 0.0, ""kick_dir"": null}, {""move_vx"": -4.242640687119285, ""move_vy"": -4.242640687119285, ""kick_power"": 0.0, ""kick_dir"": null}, {""move_vx"": -5.640446817685673, ""move_vy"": -2.8063071280349154, ""kick_power"": 0.0, ""kick_dir"": null}, {""move_vx"": -0.0, ""move_vy"": 0.0, ""kick_power"": 0.4, ""kick_dir"": [-0.7310815609780775, 0.6822900164569978]}, {""move_vx"": -0.0, ""move_vy"": 0.0, ""kick_power"": 0.4, ""kick_dir"": [-0.09750144017435645, 0.9952352550220986]}, {""move_vx"": -6.8892432002101325, ""move_vy"": 1.348602286946919, ""kick_power"": 0.0, ""kick_dir"": null}, {""move_vx"": -0.0, ""move_vy"": 5.4, ""kick_power"": 0.0, ""kick_dir"": null}, {""move_vx"": -6.581129143961379, ""move_vy"": -3.6797199880564526, ""kick_power"": 0.0, ""kick_dir"": null}, {""move_vx"": -5.329336611772582, ""move_vy"": 2.756478056945189, ""kick_power"": 0.0, ""kick_dir"": null}, {""move_vx"": 4.242640687119285, ""move_vy"": 4.242640687119285, ""kick_power"": 0.0, ""kick_dir"": null}, {""move_vx"": -4.242640687119285, ""move_vy"": 4.242640687119285, ""kick_power"": 0.0, ""kick_dir"": null}, {""move_vx"": -5.5981258175130995, ""move_vy"": 3.1017716439630587, ""kick_power"": 0.0, ""kick_dir"": null}, {""move_vx"": -5.399989910914735, ""move_vy"": 0.010438487393936095, ""kick_power"": 0.0, ""kick_dir"": null}, {""move_vx"": -0.0, ""move_vy"": -6.4, ""kick_power"": 0.0, ""kick_dir"": null}]"
362,36,default,default,0,41.36302181925262,36.258178492478606,20,B,,0.04528546000775294,0.013089371120778463,0.3326902964457275,"[{""move_vx"": 0.0, ""move_vy"": 0.0, ""kick_power"": 0.7, ""kick_dir"": [0.999956989984846, 0.009272456365871408]}, {""move_vx"": -4.1012193308819755, ""move_vy"": -4.1012193308819755, ""kick_power"": 0.0, ""kick_dir"": null}, {""move_vx"": 3.8183766184073566, ""move_vy"": 3.8183766184073566, ""kick_power"": 0.0, ""kick_dir"": null}, {""move_vx"": 0.0, ""move_vy"": 0.0, ""kick_power"": 0.4, ""kick_dir"": [0.717869571536486, 0.6961774728419977]}, {""move_vx"": 0.0, ""move_vy"": 0.0, ""kick_power"": 0.9, ""kick_dir"": [0.35032358334855046, 0.9366285957221072]}, {""move_vx"": 4.313351365237939, ""move_vy"": 4.313351365237939, ""kick_power"": 0.0, ""kick_dir"": null}, {""move_vx"": 0.0, ""move_vy"": 0.0, ""kick_power"": 0.4, ""kick_dir"": [0.9994286928351485, 0.033797307584014176]}, {""move_vx"": 4.242640687119285, ""move_vy"": -4.242640687119285, ""kick_power"": 0.0, ""kick_dir"": null}, {""move_vx"": -4.313351365237939, ""move_vy"": -4.313351365237939, ""kick_power"": 0.0, ""kick_dir"": null}, {""move_vx"": -4.242640687119285, ""move_vy"": -4.242640687119285, ""kick_power"": 0.0, ""kick_dir"": null}, {""move_vx"": -5.651204687932758, ""move_vy"": -2.7845799638521487, ""kick_power"": 0.0, ""kick_dir"": null}, {""move_vx"": -0.0, ""move_vy"": 0.0, ""kick_power"": 0.4, ""kick_dir"": [-0.7236335629433516, 0.6901843106108311]}, {""move_vx"": -0.0, ""move_vy"": 0.0, ""kick_power"": 0.4, ""kick_dir"": [-0.11886890097698093, 0.9929098292321377]}, {""move_vx"": -6.89872325936601, ""move_vy"": 1.2992372341810499, ""kick_power"": 0.0, ""kick_dir"": null}, {""move_vx"": -0.0, ""move_vy"": 5.4, ""kick_power"": 0.0, ""kick_dir"": null}, {""move_vx"": -6.588220193862364, ""move_vy"": -3.667008955154619, ""kick_power"": 0.0, ""kick_dir"": null}, {""move_vx"": -5.329336611772582, ""move_vy"": 2.756478056945189, ""kick_power"": 0.0, ""kick_dir"": null}, {""move_vx"": 4.242640687119285, ""move_vy"": 4.242640687119285, ""kick_power"": 0.0, ""kick_dir"": null}, {""move_vx"": -0.0, ""move_vy"": 0.0, ""kick_power"": 0.4, ""kick_dir"": [0.9553877751056428, 0.29535411415705454]}, {""move_vx"": -5.5981258175130995, ""move_vy"": 3.1017716439630587, ""kick_power"": 0.0, ""kick_dir"": null}, {""move_vx"": -5.399729579794696, ""move_vy"": 0.0540413276132383, ""kick_power"": 0.0, ""kick_dir"": null}, {""move_vx"": -0.0, ""move_vy"": -6.4, ""kick_power"": 0.0, ""kick_dir"": null}]"
362,37,default,default,0,40.93613061514804,36.39797355250818,20,B,,0.04499266935679184,0.010502366908013648,0.3378343143966799,"[{""move_vx"": -5.0, ""move_vy"": 0.0, ""kick_power"": 0.0, ""kick_dir"": null}, {""move_vx"": -4.1012193308819755, ""move_vy"": -4.1012193308819755, ""kick_power"": 0.0, ""kick_dir"": null}, {""move_vx"": 3.8183766184073566, ""move_vy"": 3.8183766184073566, ""kick_power"": 0.0, ""kick_dir"": null}, {""move_vx"": 0.0, ""move_vy"": 0.0, ""kick_power"": 0.0, ""kick_dir"": null}, {""move_vx"": 5.202566091385125, ""move_vy"": -2.5638459518406522, ""kick_power"": 0.0, ""kick_dir"": null}, {""move_vx"": 4.313351365237939, ""move_vy"": 4.313351365237939, ""kick_power"": 0.0, ""kick_dir"": null}, {""move_vx"": 0.0, ""move_vy"": 0.0, ""kick_power"": 0.4, ""kick_dir"": [0.9994286928351485, 0.033797307584014176]}, {""move_vx"": 4.242640687119285, ""move_vy"": -4.242640687119285, ""kick_power"": 0.0, ""kick_dir"": null}, {""move_vx"": -4.313351365237939, ""move_vy"": -4.313351365237939, ""kick_power"": 0.0, ""kick_dir"": null}, {""move_vx"": -4.242640687119285, ""move_vy"": -4.242640687119285, ""kick_power"": 0.0, ""kick_dir"": null}, {""move_vx"": -5.694068389869784, ""move_vy"": -2.6958459101895516, ""kick_power"": 0.0, ""kick_dir"": null}, {""move_vx"": -0.0, ""move_vy"": 0.0, ""kick_power"": 0.4, ""kick_dir"": [-0.716027331049904, 0.6980721867494355]}, {""move_vx"": -0.0, ""move_vy"": 0.0, ""kick_power"": 0.4, ""kick_dir"": [-0.14008536165437135, 0.9901393018327647]}, {""move_vx"": -5.333743810401893, ""move_vy"": -0.8433130883601249, ""kick_power"": 0.0, ""kick_dir"": null}, {""move_vx"": -0.0, ""move_vy"": 0.0, ""kick_power"": 0.6, ""kick_dir"": [-0.9831730267903701, -0.18267669548346996]}, {""move_vx"": -6.610414993202339, ""move_vy"": -3.6268462357323243, ""kick_power"": 0.0, ""kick_dir"": null}, {""move_vx"": -5.329336611772582, ""move_vy"": 2.756478056945189, ""kick_power"": 0.0, ""kick_dir"": null}, {""move_vx"": 4.242640687119285, ""move_vy"": 4.242640687119285, ""kick_power"": 0.0, ""kick_dir"": null}, {""move_vx"": -0.0, ""move_vy"": 0.0, ""kick_power"": 0.4, ""kick_dir"": [0.9576872650823145, 0.28781061551826]}, {""move_vx"": -5.5981258175130995, ""move_vy"": 3.1017716439630587, ""kick_power"": 0.0, ""kick_dir"": null}, {""move_vx"": -5.399106836179225, ""move_vy"": 0.09821085236752695, ""kick_power"": 0.0, ""kick_dir"": null}, {""move_vx"": -0.0, ""move_vy"": -6.4, ""kick_power"": 0.0, ""kick_dir"": null}]"
362,38,default,default,0,40.57597499479413,36.44540944356936,20,B,,0.04777046530957687,0.00012234851830070573,0.3411556294376525,"[{""move_vx"": 0.0, ""move_vy"": 0.0, ""kick_power"": 0.7, ""kick_dir"": [0.9999179667402772, 0.012807041290823664]}, {""move_vx"": -4.1012193308819755, ""move_vy"": -4.1012193308819755, ""kick_power"": 0.0, ""kick_dir"": null}, {""move_vx"": 3.8183766184073566, ""move_vy"": 3.8183766184073566, ""kick_power"": 0.0, ""kick_dir"": null}, {""move_vx"": 0.0, ""move_vy"": 5.4, ""kick_power"": 0.0, ""kick_dir"": null}, {""move_vx"": 5.202566091385126, ""move_vy"": -2.5638459518406527, ""kick_power"": 0.0, ""kick_dir"": null}, {""move_vx"": 4.313351365237939, ""move_vy"": 4.313351365237939, ""kick_power"": 0.0, ""kick_dir"": null}, {""move_vx"": 0.0, ""move_vy"": 0.0, ""kick_power"": 0.4, ""kick_dir"": [0.9994286928351485, 0.033797307584014176]}, {""move_vx"": 4.242640687119285, ""move_vy"": -4.242640687119285, ""kick_power"": 0.0, ""kick_dir"": null}, {""move_vx"": -4.313351365237939, ""move_vy"": -4.313351365237939, ""kick_power"": 0.0, ""kick_dir"": null}, {""move_vx"": 7.124158042393724, ""move_vy"": 1.0422917955144968, ""kick_power"": 0.0, ""kick_dir"": null}, {""move_vx"": 5.379389591770113, ""move_vy"": -2.657473917079033, ""kick_power"": 0.0, ""kick_dir"": null}, {""move_vx"": -0.0, ""move_vy"": 0.0, ""kick_power"": 0.4, ""kick_dir"": [-0.7234994800873421, 0.6903248645884269]}, {""move_vx"": -0.0, ""move_vy"": 0.0, ""kick_power"": 0.4, ""kick_dir"": [-0.15087277980225888, 0.9885530566558234]}, {""move_vx"": -5.333743810401893, ""move_vy"": -0.8433130883601249, ""kick_power"": 0.0, ""kick_dir"": null}, {""move_vx"": -0.0, ""move_vy"": 0.0, ""kick_power"": 0.6, ""kick_dir"": [-0.9836056880648345, -0.18033254291380024]}, {""move_vx"": -6.646222094597018, ""move_vy"": -3.5608049468189655, ""kick_power"": 0.0, ""kick_dir"": null}, {""move_vx"": -5.329336611772582, ""move_vy"": 2.756478056945189, ""kick_power"": 0.0, ""kick_dir"": null}, {""move_vx"": 4.242640687119285, ""move_vy"": 4.242640687119285, ""kick_power"": 0.0, ""kick_dir"": null}, {""move_vx"": -0.0, ""move_vy"": 0.0, ""kick_power"": 0.4, ""kick_dir"": [0.9600323460443401, 0.2798887935741013]}, {""move_vx"": -5.5981258175131, ""move_vy"": 3.101771643963059, ""kick_power"": 0.0, ""kick_dir"": null}, {""move_vx"": -5.39830738561037, ""move_vy"": 0.13519382554148224, ""kick_power"": 0.0, ""kick_dir"": null}, {""move_vx"": -0.0, ""move_vy"": -6.4, ""kick_power"": 0.0, ""kick_dir"": null}]"
362,39,default,default,0,40.2161103283794,36.455304306912325,20,B,,0.050561913808110884,0.0009247280724255513,0.3392796865215618,"[{""move_vx"": 0.0, ""move_vy"": 0.0, ""kick_power"": 0.7, ""kick_dir"": [0.9998888676097584, 0.014906807888861567]}, {""move_vx"": -4.1012193308819755, ""move_vy"": -4.1012193308819755, ""kick_power"": 0.0, ""kick_dir"": null}, {""move_vx"": 3.8183766184073566, ""move_vy"": 3.8183766184073566, ""kick_power"": 0.0, ""kick_dir"": null}, {""move_vx"": 4.387029405702556, ""move_vy"": -2.659111316492989, ""kick_power"": 0.0, ""kick_dir"": null}, {""move_vx"": 5.202566091385126, ""move_vy"": -2.5638459518406527, ""kick_power"": 0.0, ""kick_dir"": null}, {""move_vx"": 4.313351365237939, ""move_vy"": 4.313351365237939, ""kick_power"": 0.0, ""kick_dir"": null}, {""move_vx"": 0.0, ""move_vy"": 0.0, ""kick_power"": 0.4, ""kick_dir"": [0.9994286928351485, 0.033797307584014176]}, {""move_vx"": 4.242640687119285, ""move_vy"": -4.242640687119285, ""kick_power"": 0.0, ""kick_dir"": null}, {""move_vx"": -4.313351365237939, ""move_vy"": -4.313351365237939, ""kick_power"": 0.0, ""kick_dir"": null}, {""move_vx"": -4.242640687119285, ""move_vy"": -4.242640687119285, ""kick_power"": 0.0, ""kick_dir"": null}, {""move_vx"": 5.379389591770113, ""move_vy"": -2.657473917079034, ""kick_power"": 0.0, ""kick_dir"": null}, {""move_vx"": -0.0, ""move_vy"": 0.0, ""kick_power"": 0.4, ""kick_dir"": [-0.7311003605767878, 0.6822698723705523]}, {""move_vx"": -0.0, ""move_vy"": 0.0, ""kick_power"": 0.4, ""kick_dir"": [-0.16208866490748364, 0.986776064761496]}, {""move_vx"": -5.333743810401894, ""move_vy"": -0.843313088360125, ""kick_power"": 0.0, ""kick_dir"": null}, {""move_vx"": -0.0, ""move_vy"": 5.4, ""kick_power"": 0.0, ""kick_dir"": null}, {""move_vx"": -6.669153974768178, ""move_vy"": -3.51766758816603, ""kick_power"": 0.0, ""kick_dir"": null}, {""move_vx"": -5.329336611772583, ""move_vy"": 2.7564780569451894, ""kick_power"": 0.0, ""kick_dir"": null}, {""move_vx"": 4.242640687119285, ""move_vy"": 4.242640687119285, ""kick_power"": 0.0, ""kick_dir"": null}, {""move_vx"": -0.0, ""move_vy"": 0.0, ""kick_power"": 0.4, ""kick_dir"": [0.9623837970119229, 0.27169332547152186]}, {""move_vx"": -5.5981258175131, ""move_vy"": 3.1017716439630587, ""kick_power"": 0.0, ""kick_dir"": null}, {""move_vx"": -5.398180864589325, ""move_vy"": 0.14015474726762425, ""kick_power"": 0.0, ""kick_dir"": null}, {""move_vx"": -0.0, ""move_vy"": -6.4, ""kick_power"": 0.0, ""kick_dir"": null}]"
362,40,default,default,0,39.856231935773884,36.46466072918259,20,B,,0.05336601325257473,0.0008634837290438426,0.34437780476056956,"[{""move_vx"": 0.0, ""move_vy"": 0.0, ""kick_power"": 0.7, ""kick_dir"": [0.9998630660485813, 0.016547193594643718]}, {""move_vx"": -4.1012193308819755, ""move_vy"": -4.1012193308819755, ""kick_power"": 0.0, ""kick_dir"": null}, {""move_vx"": 5.267891789196957, ""move_vy"": 1.187146198794099, ""kick_power"": 0.0, ""kick_dir"": null}, {""move_vx"": 4.370920664792876, ""move_vy"": -2.6855078741434757, ""kick_power"": 0.0, ""kick_dir"": null}, {""move_vx"": 5.202566091385125, ""move_vy"": -2.563845951840652, ""kick_power"": 0.0, ""kick_dir"": null}, {""move_vx"": 4.313351365237939, ""move_vy"": 4.313351365237939, ""kick_power"": 0.0, ""kick_dir"": null}, {""move_vx"": 0.0, ""move_vy"": 0.0, ""kick_power"": 0.4, ""kick_dir"": [0.9994286928351485, 0.033797307584014176]}, {""move_vx"": 4.242640687119285, ""move_vy"": -4.242640687119285, ""kick_power"": 0.0, ""kick_dir"": null}, {""move_vx"": -4.313351365237939, ""move_vy"": -4.313351365237939, ""kick_power"": 0.0, ""kick_dir"": null}, {""move_vx"": -4.242640687119285, ""move_vy"": -4.242640687119285, ""kick_power"": 0.0, ""kick_dir"": null}, {""move_vx"": 5.379389591770113, ""move_vy"": -2.657473917079035, ""kick_power"": 0.0, ""kick_dir"": null}, {""move_vx"": -0.0, ""move_vy"": 0.0, ""kick_power"": 0.4, ""kick_dir"": [-0.7236459427359856, 0.690171331055391]}, {""move_vx"": -0.0, ""move_vy"": 0.0, ""kick_power"": 0.4, ""kick_dir"": [-0.9805215111561653, 0.19641165552952805]}, {""move_vx"": -5.333743810401893, ""move_vy"": -0.8433130883601249, ""kick_power"": 0.0, ""kick_dir"": null}, {""move_vx"": -0.0, ""move_vy"": 0.0, ""kick_power"": 0.6, ""kick_dir"": [-0.9832554708009328, -0.18223241954382607]}, {""move_vx"": -6.6881653254796545, ""move_vy"": -3.4813854395989554, ""kick_power"": 0.0, ""kick_dir"": null}, {""move_vx"": -5.329336611772582, ""move_vy"": 2.7564780569451894, ""kick_power"": 0.0, ""kick_dir"": null}, {""move_vx"": 4.242640687119285, ""move_vy"": 4.242640687119285, ""kick_power"": 0.0, ""kick_dir"": null}, {""move_vx"": -0.0, ""move_vy"": 0.0, ""kick_power"": 0.4, ""kick_dir"": [0.9647822261426042, 0.26304958673610757]}, {""move_vx"": -5.5981258175130995, ""move_vy"": 3.1017716439630583, ""kick_power"": 0.0, ""kick_dir"": null}, {""move_vx"": -5.398178998774347, ""move_vy"": 0.14022659231254012, ""kick_power"": 0.0, ""kick_dir"": null}, {""move_vx"": -0.0, ""move_vy"": -6.4, ""kick_power"": 0.0, ""kick_dir"": null}]"
362,41,default,default,0,39.496353340702775,36.47400935526689,20,B,,0.05617852857932017,-0.004863249395127146,0.33863155657413574,"[{""move_vx"": 0.0, ""move_vy"": 0.0, ""kick_power"": 0.7, ""kick_dir"": [0.999841590590985, 0.01779758858835239]}, {""move_vx"": -4.1012193308819755, ""move_vy"": -4.1012193308819755, ""kick_power"": 0.0, ""kick_dir"": null}, {""move_vx"": 5.267891789196959, ""move_vy"": 1.1871461987940994, ""kick_power"": 0.0, ""kick_dir"": null}, {""move_vx"": 0.0, ""move_vy"": 0.0, ""kick_power"": 0.0, ""kick_dir"": null}, {""move_vx"": 5.202566091385125, ""move_vy"": -2.5638459518406522, ""kick_power"": 0.0, ""kick_dir"": null}, {""move_vx"": -4.313351365237939, ""move_vy"": 4.313351365237939, ""kick_power"": 0.0, ""kick_dir"": null}, {""move_vx"": 0.0, ""move_vy"": 0.0, ""kick_power"": 0.4, ""kick_dir"": [0.9994286928351485, 0.033797307584014176]}, {""move_vx"": 4.242640687119285, ""move_vy"": -4.242640687119285, ""kick_power"": 0.0, ""kick_dir"": null}, {""move_vx"": -4.313351365237939, ""move_vy"": -4.313351365237939, ""kick_power"": 0.0, ""kick_dir"": null}, {""move_vx"": -4.242640687119285, ""move_vy"": -4.242640687119285, ""kick_power"": 0.0, ""kick_dir"": null}, {""move_vx"": 5.379389591770112, ""move_vy"": -2.6574739170790354, ""kick_power"": 0.0, ""kick_dir"": null}, {""move_vx"": -0.0, ""move_vy"": 0.0, ""kick_power"": 0.4, ""kick_dir"": [-0.7311569412878705, 0.6822092373095078]}, {""move_vx"": -0.0, ""move_vy"": 0.0, ""kick_power"": 0.4, ""kick_dir"": [-0.18563583966190675, 0.9826184730109226]}, {""move_vx"": -5.333743810401893, ""move_vy"": -0.843313088360125, ""kick_power"": 0.0, ""kick_dir"": null}, {""move_vx"": -0.0, ""move_vy"": 0.0, ""kick_power"": 0.6, ""kick_dir"": [-0.9836952194975189, -0.17984351719604208]}, {""move_vx"": -6.706855620531295, ""move_vy"": -3.445241310176661, ""kick_power"": 0.0, ""kick_dir"": null}, {""move_vx"": 4.644263400110793, ""move_vy"": -2.1073247187824027, ""kick_power"": 0.0, ""kick_dir"": null}, {""move_vx"": 4.242640687119285, ""move_vy"": 4.242640687119285, ""kick_power"": 0.0, ""kick_dir"": null}, {""move_vx"": -0.0, ""move_vy"": 0.0, ""kick_power"": 0.4, ""kick_dir"": [-0.9826886610465665, -0.18526457144775135]}, {""move_vx"": -5.5981258175130995, ""move_vy"": 3.101771643963059, ""kick_power"": 0.0, ""kick_dir"": null}, {""move_vx"": -5.398178971508976, ""move_vy"": 0.14022764191951148, ""kick_power"": 0.0, ""kick_dir"": null}, {""move_vx"": -0.0, ""move_vy"": -6.4, ""kick_power"": 0.0, ""kick_dir"": null}]"
362,42,default,default,0,39.13647474267362,36.483357867478354,20,B,,0.05899592521339761,-0.009981808468329818,0.3399337982248104,"[{""move_vx"": 0.0, ""move_vy"": 0.0, ""kick_power"": 0.7, ""kick_dir"": [0.9998253415751986, 0.01868814461634747]}, {""move_vx"": -4.1012193308819755, ""move_vy"": -4.1012193308819755, ""kick_power"": 0.0, ""kick_dir"": null}, {""move_vx"": 5.267891789196958, ""move_vy"": 1.1871461987940997, ""kick_power"": 0.0, ""kick_dir"": null}, {""move_vx"": 0.0, ""move_vy"": 5.4, ""kick_power"": 0.0, ""kick_dir"": null}, {""move_vx"": 5.202566091385126, ""move_vy"": -2.5638459518406522, ""kick_power"": 0.0, ""kick_dir"": null}, {""move_vx"": -4.313351365237939, ""move_vy"": 4.313351365237939, ""kick_power"": 0.0, ""kick_dir"": null}, {""move_vx"": 0.0, ""move_vy"": 0.0, ""kick_power"": 0.4, ""kick_dir"": [0.9994286928351485, 0.033797307584014176]}, {""move_vx"": 4.242640687119285, ""move_vy"": -4.242640687119285, ""kick_power"": 0.0, ""kick_dir"": null}, {""move_vx"": -4.313351365237939, ""move_vy"": -4.313351365237939, ""kick_power"": 0.0, ""kick_dir"": null}, {""move_vx"": -4.242640687119285, ""move_vy"": -4.242640687119285, ""kick_power"": 0.0, ""kick_dir"": null}, {""move_vx"": 5.379389591770112, ""move_vy"": -2.6574739170790362, ""kick_power"": 0.0, ""kick_dir"": null}, {""move_vx"": -0.0, ""move_vy"": 0.0, ""kick_power"": 0.4, ""kick_dir"": [-0.7386179347740528, 0.6741242187599423]}, {""move_vx"": -0.0, ""move_vy"": 0.0, ""kick_power"": 0.4, ""kick_dir"": [-0.19797945060385524, 0.9802060298908851]}, {""move_vx"": -5.333743810401893, ""move_vy"": -0.843313088360125, ""kick_power"": 0.0, ""kick_dir"": null}, {""move_vx"": -0.0, ""move_vy"": 0.0, ""kick_power"": 0.6, ""kick_dir"": [-0.9841310033323551, -0.17744335368401493]}, {""move_vx"": -6.725276017415679, ""move_vy"": -3.4091439526035723, ""kick_power"": 0.0, ""kick_dir"": null}, {""move_vx"": 4.644263400110795, ""move_vy"": -2.1073247187824, ""kick_power"": 0.0, ""kick_dir"": null}, {""move_vx"": 4.242640687119285, ""move_vy"": 4.242640687119285, ""kick_power"": 0.0, ""kick_dir"": null}, {""move_vx"": -0.0, ""move_vy"": 0.0, ""kick_power"": 0.4, ""kick_dir"": [0.9697673704418723, 0.2440308597838189]}, {""move_vx"": -5.5981258175131, ""move_vy"": 3.101771643963059, ""kick_power"": 0.0, ""kick_dir"": null}, {""move_vx"": -5.398178971107122, ""move_vy"": 0.14022765738915455, ""kick_power"": 0.0, ""kick_dir"": null}, {""move_vx"": -0.0, ""move_vy"": 0.0, ""kick_power"": 0.7, ""kick_dir"": [-0.9999187956097753, -0.012742345356999486]}]"
362,43,default,default,0,38.77659614460088,36.49270637801186,20,B,,0.06181571933883931,-0.005759297292881833,0.3485348015346345,"[{""move_vx"": 0.0, ""move_vy"": 0.0, ""kick_power"": 0.7, ""kick_dir"": [0.9998142814704921, 0.019270779490987273]}, {""move_vx"": -4.1012193308819755, ""move_vy"": -4.1012193308819755, ""kick_power"": 0.0, ""kick_dir"": null}, {""move_vx"": 6.662815784185558, ""move_vy"": -2.2107206576154725, ""kick_power"": 0.0, ""kick_dir"": null}, {""move_vx"": 4.289199710967713, ""move_vy"": -2.8141900858745292, ""kick_power"": 0.0, ""kick_dir"": null}, {""move_vx"": 5.202566091385125, ""move_vy"": -2.563845951840652, ""kick_power"": 0.0, ""kick_dir"": null}, {""move_vx"": -4.313351365237939, ""move_vy"": 4.313351365237939, ""kick_power"": 0.0, ""kick_dir"": null}, {""move_vx"": 0.0, ""move_vy"": 0.0, ""kick_power"": 0.9, ""kick_dir"": [-0.6719789168511734, 0.7405700586652333]}, {""move_vx"": 4.242640687119285, ""move_vy"": -4.242640687119285, ""kick_power"": 0.0, ""kick_dir"": null}, {""move_vx"": 0.0, ""move_vy"": 0.0, ""kick_power"": 0.0, ""kick_dir"": null}, {""move_vx"": -4.242640687119285, ""move_vy"": -4.242640687119285, ""kick_power"": 0.0, ""kick_dir"": null}, {""move_vx"": 5.37938959177011, ""move_vy"": -2.6574739170790367, ""kick_power"": 0.0, ""kick_dir"": null}, {""move_vx"": -0.0, ""move_vy"": 0.0, ""kick_power"": 0.4, ""kick_dir"": [-0.7460256125863702, 0.6659171877107439]}, {""move_vx"": -0.0, ""move_vy"": 0.0, ""kick_power"": 0.4, ""kick_dir"": [-0.21072068015549916, 0.9775461698364647]}, {""move_vx"": -5.333743810401893, ""move_vy"": -0.843313088360125, ""kick_power"": 0.0, ""kick_dir"": null}, {""move_vx"": -0.0, ""move_vy"": 0.0, ""kick_power"": 0.6, ""kick_dir"": [-0.9845627511969627, -0.17503189534716113]}, {""move_vx"": -6.743427883584582, ""move_vy"": -3.3730965564142927, ""kick_power"": 0.0, ""kick_dir"": null}, {""move_vx"": -5.331044899515108, ""move_vy"": 2.7531727659836314, ""kick_power"": 0.0, ""kick_dir"": null}, {""move_vx"": 4.242640687119285, ""move_vy"": 4.242640687119285, ""kick_power"": 0.0, ""kick_dir"": null}, {""move_vx"": -0.0, ""move_vy"": -6.0, ""kick_power"": 0.0, ""kick_dir"": null}, {""move_vx"": -4.525483399593904, ""move_vy"": -4.525483399593904, ""kick_power"": 0.0, ""kick_dir"": null}, {""move_vx"": -5.398178971101148, ""move_vy"": 0.14022765761918907, ""kick_power"": 0.0, ""kick_dir"": null}, {""move_vx"": -0.0, ""move_vy"": -6.4, ""kick_power"": 0.0, ""kick_dir"": null}]"
362,44,default,default,0,38.41671754652748,36.50205488852042,20,B,,0.06090333716069784,-0.005919514815886269,0.35292599977817346,"[{""move_vx"": -5.0, ""move_vy"": 0.0, ""kick_power"": 0.0, ""kick_dir"": null}, {""move_vx"": 4.1012193308819755, ""move_vy"": -4.1012193308819755, ""kick_power"": 0.0, ""kick_dir"": null}, {""move_vx"": 3.8183766184073566, ""move_vy"": 3.8183766184073566, ""kick_power"": 0.0, ""kick_dir"": null}, {""move_vx"": 4.269731443700551, ""move_vy"": -2.8436408702005265, ""kick_power"": 0.0, ""kick_dir"": null}, {""move_vx"": 5.202566091385126, ""move_vy"": -2.563845951840652, ""kick_power"": 0.0, ""kick_dir"": null}, {""move_vx"": -4.313351365237939, ""move_vy"": 4.313351365237939, ""kick_power"": 0.0, ""kick_dir"": null}, {""move_vx"": 0.0, ""move_vy"": 0.0, ""kick_power"": 0.4, ""kick_dir"": [0.9994286928351485, 0.033797307584014176]}, {""move_vx"": 0.0, ""move_vy"": 0.0, ""kick_power"": 0.65, ""kick_dir"": [0.3264627813847986, -0.945209943432265]}, {""move_vx"": 0.0, ""move_vy"": 0.0, ""kick_power"": 0.0, ""kick_dir"": null}, {""move_vx"": 6.0, ""move_vy"": 0.0, ""kick_power"": 0.0, ""kick_dir"": null}, {""move_vx"": 5.37938959177011, ""move_vy"": -2.6574739170790376, ""kick_power"": 0.0, ""kick_dir"": null}, {""move_vx"": -0.0, ""move_vy"": 0.0, ""kick_power"": 0.4, ""kick_dir"": [-0.7533766758346038, 0.6575891570555834]}, {""move_vx"": -0.0, ""move_vy"": 0.0, ""kick_power"": 0.4, ""kick_dir"": [-0.22387295425506734, 0.9746181892180616]}, {""move_vx"": -5.333743810401894, ""move_vy"": -0.8433130883601252, ""kick_power"": 0.0, ""kick_dir"": null}, {""move_vx"": -0.0, ""move_vy"": 0.0, ""kick_power"": 0.6, ""kick_dir"": [-0.984990391211278, -0.17260910926567494]}, {""move_vx"": -6.761311941272903, ""move_vy"": -3.3371036592830703, ""kick_power"": 0.0, ""kick_dir"": null}, {""move_vx"": -5.331044899515108, ""move_vy"": 2.7531727659836314, ""kick_power"": 0.0, ""kick_dir"": null}, {""move_vx"": 4.242640687119285, ""move_vy"": 4.242640687119285, ""kick_power"": 0.0, ""kick_dir"": null}, {""move_vx"": -0.0, ""move_vy"": -6.0, ""kick_power"": 0.0, ""kick_dir"": null}, {""move_vx"": -5.570505872978262, ""move_vy"": 3.1511052535760693, ""kick_power"": 0.0, ""kick_dir"": null}, {""move_vx"": -5.398178971101057, ""move_vy"": 0.1402276576226391, ""kick_power"": 0.0, ""kick_dir"": null}, {""move_vx"": -0.0, ""move_vy"": 0.0, ""kick_power"": 0.7, ""kick_dir"": [-0.999985862124968, -0.005314200480742286]}]"
362,45,default,default,0,39.41868376461496,36.10695779543467,-1,,,0.0477794116367157,-0.029291374177986954,-0.17204221175528606,"[{""move_vx"": -5.0, ""move_vy"": 0.0, ""kick_power"": 0.0, ""kick_dir"": null}, {""move_vx"": -4.1012193308819755, ""move_vy"": -4.1012193308819755, ""kick_power"": 0.0, ""kick_dir"": null}, {""move_vx"": 3.8183766184073566, ""move_vy"": 3.8183766184073566, ""kick_power"": 0.0, ""kick_dir"": null}, {""move_vx"": 4.249361697725719, ""move_vy"": -2.873991155501628, ""kick_power"": 0.0, ""kick_dir"": null}, {""move_vx"": 5.202566091385126, ""move_vy"": -2.563845951840652, ""kick_power"": 0.0, ""kick_dir"": null}, {""move_vx"": -4.313351365237939, ""move_vy"": 4.313351365237939, ""kick_power"": 0.0, ""kick_dir"": null}, {""move_vx"": 0.0, ""move_vy"": 0.0, ""kick_power"": 0.4, ""kick_dir"": [0.9994286928351485, 0.033797307584014176]}, {""move_vx"": 4.242640687119285, ""move_vy"": -4.242640687119285, ""kick_power"": 0.0, ""kick_dir"": null}, {""move_vx"": 0.0, ""move_vy"": 0.0, ""kick_power"": 0.0, ""kick_dir"": null}, {""move_vx"": -4.242640687119285, ""move_vy"": -4.242640687119285, ""kick_power"": 0.0, ""kick_dir"": null}, {""move_vx"": 5.37938959177011, ""move_vy"": -2.6574739170790385, ""kick_power"": 0.0, ""kick_dir"": null}, {""move_vx"": -4.477540165374496, ""move_vy"": -0.4490368219401842, ""kick_power"": 0.0, ""kick_dir"": null}, {""move_vx"": -0.0, ""move_vy"": 0.0, ""kick_power"": 0.4, ""kick_dir"": [-0.23744975299442594, 0.9713996727819151]}, {""move_vx"": -5.333743810401893, ""move_vy"": -0.843313088360125, ""kick_power"": 0.0, ""kick_dir"": null}, {""move_vx"": -0.0, ""move_vy"": 0.0, ""kick_power"": 0.6, ""kick_dir"": [-0.9854138507353801, -0.17017496321581121]}, {""move_vx"": -6.778928976461815, ""move_vy"": -3.301169782378115, ""kick_power"": 0.0, ""kick_dir"": null}, {""move_vx"": -5.331044899515108, ""move_vy"": 2.7531727659836314, ""kick_power"": 0.0, ""kick_dir"": null}, {""move_vx"": 4.242640687119285, ""move_vy"": 4.242640687119285, ""kick_power"": 0.0, ""kick_dir"": null}, {""move_vx"": -0.0, ""move_vy"": -6.0, ""kick_power"": 0.0, ""kick_dir"": null}, {""move_vx"": -5.570505872978261, ""move_vy"": 3.1511052535760684, ""kick_power"": 0.0, ""kick_dir"": null}, {""move_vx"": -0.0, ""move_vy"": 0.0, ""kick_power"": 0.65, ""kick_dir"": [0.9302869686638586, -0.36683240454576]}, {""move_vx"": -0.0, ""move_vy"": -6.4, ""kick_power"": 0.0, ""kick_dir"": null}]"
362,46,default,default,0,39.73073716453775,36.01908276656874,20,B,,0.04455048829728273,-0.00921139818135396,2.825063171572949,"[{""move_vx"": 0.0, ""move_vy"": 0.0, ""kick_power"": 0.4, ""kick_dir"": [0.18511540632388432, -0.9827167462367795]}, {""move_vx"": 5.402168433349878, ""move_vy"": 2.111060448617735, ""kick_power"": 0.0, ""kick_dir"": null}, {""move_vx"": 0.0, ""move_vy"": 0.0, ""kick_power"": 0.4, ""kick_dir"": [-0.8258840757050899, 0.5638397615480811]}, {""move_vx"": 0.0, ""move_vy"": -5.4, ""kick_power"": 0.0, ""kick_dir"": null}, {""move_vx"": 0.0, ""move_vy"": 0.0, ""kick_power"": 0.6, ""kick_dir"": [0.9810083329333925, -0.19396551856920533]}, {""move_vx"": 0.0, ""move_vy"": 0.0, ""kick_power"": 0.0, ""kick_dir"": null}, {""move_vx"": 0.0, ""move_vy"": 0.0, ""kick_power"": 0.4, ""kick_dir"": [-0.5437841261980682, 0.8392249307112922]}, {""move_vx"": 0.0, ""move_vy"": 0.0, ""kick_power"": 0.9, ""kick_dir"": [-0.10570434461005884, -0.994397488494498]}, {""move_vx"": 4.313351365237939, ""move_vy"": -4.313351365237939, ""kick_power"": 0.0, ""kick_dir"": null}, {""move_vx"": 5.946880496771666, ""move_vy"": -0.7966256066162952, ""kick_power"": 0.0, ""kick_dir"": null}, {""move_vx"": 7.192290989734803, ""move_vy"": -0.33309205781517853, ""kick_power"": 0.0, ""kick_dir"": null}, {""move_vx"": -4.9997487768016535, ""move_vy"": 0.0501215409815476, ""kick_power"": 0.0, ""kick_dir"": null}, {""move_vx"": -0.0, ""move_vy"": 0.0, ""kick_power"": 0.0, ""kick_dir"": null}, {""move_vx"": -5.906946865107769, ""move_vy"": 0.6257625210840947, ""kick_power"": 0.0, ""kick_dir"": null}, {""move_vx"": -5.4, ""move_vy"": 0.0, ""kick_power"": 0.0, ""kick_dir"": null}, {""move_vx"": -0.0, ""move_vy"": 0.0, ""kick_power"": 0.0, ""kick_dir"": null}, {""move_vx"": -4.242640687119285, ""move_vy"": -4.242640687119285, ""kick_power"": 0.0, ""kick_dir"": null}, {""move_vx"": -0.0, ""move_vy"": 0.0, ""kick_power"": 0.6, ""kick_dir"": [-0.9984593620698082, -0.055487602215389856]}, {""move_vx"": -5.944665077586758, ""move_vy"": 0.8129926908161133, ""kick_power"": 0.0, ""kick_dir"": null}, {""move_vx"": -4.886972742951846, ""move_vy"": 3.6171670419882074, ""kick_power"": 0.0, ""kick_dir"": null}, {""move_vx"": 3.9273800056844084, ""move_vy"": -3.70616868085498, ""kick_power"": 0.0, ""kick_dir"": null}, {""move_vx"": -0.0, ""move_vy"": -6.4, ""kick_power"": 0.0, ""kick_dir"": null}]"
362,47,default,default,0,38.31868495128284,36.26510884525464,20,B,,0.05307468747344644,-0.009070937314097818,0.3113232956071088,"[{""move_vx"": -5.0, ""move_vy"": 0.0, ""kick_power"": 0.0, ""kick_dir"": null}, {""move_vx"": -4.1012193308819755, ""move_vy"": -4.1012193308819755, ""kick_power"": 0.0, ""kick_dir"": null}, {""move_vx"": 3.8183766184073566, ""move_vy"": 3.8183766184073566, ""kick_power"": 0.0, ""kick_dir"": null}, {""move_vx"": -3.8183766184073566, ""move_vy"": 3.8183766184073566, ""kick_power"": 0.0, ""kick_dir"": null}, {""move_vx"": 5.198763135879099, ""move_vy"": -2.571548532893072, ""kick_power"": 0.0, ""kick_dir"": null}, {""move_vx"": -4.313351365237939, ""move_vy"": 4.313351365237939, ""kick_power"": 0.0, ""kick_dir"": null}, {""move_vx"": 0.0, ""move_vy"": 0.0, ""kick_power"": 0.4, ""kick_dir"": [0.9994286928351485, 0.033797307584014176]}, {""move_vx"": 4.242640687119285, ""move_vy"": -4.242640687119285, ""kick_power"": 0.0, ""kick_dir"": null}, {""move_vx"": 0.0, ""move_vy"": 0.0, ""kick_power"": 0.0, ""kick_dir"": null}, {""move_vx"": 6.0, ""move_vy"": 0.0, ""kick_power"": 0.0, ""kick_dir"": null}, {""move_vx"": 5.367034584275937, ""move_vy"": -2.6823384893010833, ""kick_power"": 0.0, ""kick_dir"": null}, {""move_vx"": -0.0, ""move_vy"": 0.0, ""kick_power"": 0.4, ""kick_dir"": [-0.7714015772325182, 0.6363485853125164]}, {""move_vx"": -0.0, ""move_vy"": 0.0, ""kick_power"": 0.4, ""kick_dir"": [-0.2665591781464414, 0.9638184004010688]}, {""move_vx"": -5.332283495311494, ""move_vy"": -0.8524979329175116, ""kick_power"": 0.0, ""kick_dir"": null}, {""move_vx"": 5.4, ""move_vy"": 0.0, ""kick_power"": 0.0, ""kick_dir"": null}, {""move_vx"": -6.636803958500326, ""move_vy"": -3.5783282711951414, ""kick_power"": 0.0, ""kick_dir"": null}, {""move_vx"": -0.0, ""move_vy"": 0.0, ""kick_power"": 0.65, ""kick_dir"": [0.9620932591812875, -0.2727204437911569]}, {""move_vx"": 4.242640687119285, ""move_vy"": 4.242640687119285, ""kick_power"": 0.0, ""kick_dir"": null}, {""move_vx"": -0.0, ""move_vy"": -6.0, ""kick_power"": 0.0, ""kick_dir"": null}, {""move_vx"": -5.57395442507978, ""move_vy"": 3.145001123550443, ""kick_power"": 0.0, ""kick_dir"": null}, {""move_vx"": -5.398062707320964, ""move_vy"": 0.14463404796473242, ""kick_power"": 0.0, ""kick_dir"": null}, {""move_vx"": -0.0, ""move_vy"": -6.4, ""kick_power"": 0.0, ""kick_dir"": null}]"
362,48,default,default,0,37.958962741203905,36.27980205359021,20,B,,0.052161531802414236,-0.0134739031724455,0.3558196477334342,"[{""move_vx"": -5.0, ""move_vy"": 0.0, ""kick_power"": 0.0, ""kick_dir"": null}, {""move_vx"": -4.1012193308819755, ""move_vy"": -4.1012193308819755, ""kick_power"": 0.0, ""kick_dir"": null}, {""move_vx"": 3.8183766184073566, ""move_vy"": 3.8183766184073566, ""kick_power"": 0.0, ""kick_dir"": null}, {""move_vx"": 4.2470798963962375, ""move_vy"": -2.8773620477143513, ""kick_power"": 0.0, ""kick_dir"": null}, {""move_vx"": 5.1987631358790996, ""move_vy"": -2.5715485328930727, ""kick_power"": 0.0, ""kick_dir"": null}, {""move_vx"": -4.313351365237939, ""move_vy"": 4.313351365237939, ""kick_power"": 0.0, ""kick_dir"": null}, {""move_vx"": 0.0, ""move_vy"": 0.0, ""kick_power"": 0.4, ""kick_dir"": [0.9994286928351485, 0.033797307584014176]}, {""move_vx"": 4.242640687119285, ""move_vy"": -4.242640687119285, ""kick_power"": 0.0, ""kick_dir"": null}, {""move_vx"": -4.313351365237939, ""move_vy"": -4.313351365237939, ""kick_power"": 0.0, ""kick_dir"": null}, {""move_vx"": 6.0, ""move_vy"": 0.0, ""kick_power"": 0.0, ""kick_dir"": null}, {""move_vx"": 5.367034584275938, ""move_vy"": -2.6823384893010824, ""kick_power"": 0.0, ""kick_dir"": null}, {""move_vx"": -0.0, ""move_vy"": 0.0, ""kick_power"": 0.4, ""kick_dir"": [-0.7646002955604668, 0.644504695312752]}, {""move_vx"": -0.0, ""move_vy"": 0.0, ""kick_power"": 0.4, ""kick_dir"": [-0.28067855000327335, 0.9598016728160923]}, {""move_vx"": -5.332283495311495, ""move_vy"": -0.8524979329175116, ""kick_power"": 0.0, ""kick_dir"": null}, {""move_vx"": -0.0, ""move_vy"": 0.0, ""kick_power"": 0.6, ""kick_dir"": [-0.9858334709898011, -0.16772698873292305]}, {""move_vx"": -6.737763432662882, ""move_vy"": -3.384397128806089, ""kick_power"": 0.0, ""kick_dir"": null}, {""move_vx"": -7.405810016765525, ""move_vy"": 1.1848957741402502, ""kick_power"": 0.0, ""kick_dir"": null}, {""move_vx"": 4.242640687119285, ""move_vy"": 4.242640687119285, ""kick_power"": 0.0, ""kick_dir"": null}, {""move_vx"": -0.0, ""move_vy"": -6.0, ""kick_power"": 0.0, ""kick_dir"": null}, {""move_vx"": -5.57395442507978, ""move_vy"": 3.145001123550442, ""kick_power"": 0.0, ""kick_dir"": null}, {""move_vx"": -5.397226623769589, ""move_vy"": 0.17304557686553676, ""kick_power"": 0.0, ""kick_dir"": null}, {""move_vx"": -0.0, ""move_vy"": -6.4, ""kick_power"": 0.0, ""kick_dir"": null}]"
362,49,default,default,0,37.59915011593458,36.29141577132594,20,B,,0.05124900239893665,-0.016300545533165102,0.35661267759426857,"[{""move_vx"": -5.0, ""move_vy"": 0.0, ""kick_power"": 0.0, ""kick_dir"": null}, {""move_vx"": -4.1012193308819755, ""move_vy"": -4.1012193308819755, ""kick_power"": 0.0, ""kick_dir"": null}, {""move_vx"": 3.8183766184073566, ""move_vy"": 3.8183766184073566, ""kick_power"": 0.0, ""kick_dir"": null}, {""move_vx"": 4.226081367118463, ""move_vy"": -2.9081155889156367, ""kick_power"": 0.0, ""kick_dir"": null}, {""move_vx"": 0.0, ""move_vy"": 0.0, ""kick_power"": 0.4, ""kick_dir"": [0.9815013209261948, -0.19145529053328403]}, {""move_vx"": -4.313351365237939, ""move_vy"": 4.313351365237939, ""kick_power"": 0.0, ""kick_dir"": null}, {""move_vx"": 0.0, ""move_vy"": 0.0, ""kick_power"": 0.4, ""kick_dir"": [0.9994286928351485, 0.033797307584014176]}, {""move_vx"": 4.242640687119285, ""move_vy"": -4.242640687119285, ""kick_power"": 0.0, ""kick_dir"": null}, {""move_vx"": -4.313351365237939, ""move_vy"": -4.313351365237939, ""kick_power"": 0.0, ""kick_dir"": null}, {""move_vx"": 6.0, ""move_vy"": 0.0, ""kick_power"": 0.0, ""kick_dir"": null}, {""move_vx"": 5.367034584275938, ""move_vy"": -2.682338489301081, ""kick_power"": 0.0, ""kick_dir"": null}, {""move_vx"": -0.0, ""move_vy"": 0.0, ""kick_power"": 0.4, ""kick_dir"": [-0.771530323963636, 0.6361924812143976]}, {""move_vx"": -0.0, ""move_vy"": 0.0, ""kick_power"": 0.4, ""kick_dir"": [-0.29543842763380274, 0.9553616226338638]}, {""move_vx"": -5.332283495311494, ""move_vy"": -0.8524979329175113, ""kick_power"": 0.0, ""kick_dir"": null}, {""move_vx"": -0.0, ""move_vy"": 0.0, ""kick_power"": 0.6, ""kick_dir"": [-0.9862493240633149, -0.1652641703590423]}, {""move_vx"": -6.757093178936934, ""move_vy"": -3.345637722641824, ""kick_power"": 0.0, ""kick_dir"": null}, {""move_vx"": -5.303640395183109, ""move_vy"": 2.80560128289498, ""kick_power"": 0.0, ""kick_dir"": null}, {""move_vx"": 4.242640687119285, ""move_vy"": 4.242640687119285, ""kick_power"": 0.0, ""kick_dir"": null}, {""move_vx"": -0.0, ""move_vy"": -6.0, ""kick_power"": 0.0, ""kick_dir"": null}, {""move_vx"": -5.573954425079781, ""move_vy"": 3.145001123550442, ""kick_power"": 0.0, ""kick_dir"": null}, {""move_vx"": -5.397212656995958, ""move_vy"": 0.17348064780439995, ""kick_power"": 0.0, ""kick_dir"": null}, {""move_vx"": -0.0, ""move_vy"": -6.4, ""kick_power"": 0.0, ""kick_dir"": null}]"
362,50,default,default,0,38.9059471923429,36.97924692497866,20,B,,0.03538101926338011,-0.015420903449692965,0.40004781857467836,"[{""move_vx"": -5.0, ""move_vy"": 0.0, ""kick_power"": 0.0, ""kick_dir"": null}, {""move_vx"": 0.0, ""move_vy"": 0.0, ""kick_power"": 0.4, ""kick_dir"": [-0.20032337048607143, 0.9797297926067209]}, {""move_vx"": 3.8183766184073566, ""move_vy"": 3.8183766184073566, ""kick_power"": 0.0, ""kick_dir"": null}, {""move_vx"": 4.203766099563429, ""move_vy"": -2.940280697511935, ""kick_power"": 0.0, ""kick_dir"": null}, {""move_vx"": 5.193758058394922, ""move_vy"": -2.5816423514611406, ""kick_power"": 0.0, ""kick_dir"": null}, {""move_vx"": -4.313351365237939, ""move_vy"": 4.313351365237939, ""kick_power"": 0.0, ""kick_dir"": null}, {""move_vx"": 0.0, ""move_vy"": 0.0, ""kick_power"": 0.4, ""kick_dir"": [0.9994286928351485, 0.033797307584014176]}, {""move_vx"": 4.242640687119285, ""move_vy"": -4.242640687119285, ""kick_power"": 0.0, ""kick_dir"": null}, {""move_vx"": -4.313351365237939, ""move_vy"": -4.313351365237939, ""kick_power"": 0.0, ""kick_dir"": null}, {""move_vx"": 6.0, ""move_vy"": 0.0, ""kick_power"": 0.0, ""kick_dir"": null}, {""move_vx"": 5.367034584275939, ""move_vy"": -2.6823384893010807, ""kick_power"": 0.0, ""kick_dir"": null}, {""move_vx"": -0.0, ""move_vy"": 0.0, ""kick_power"": 0.4, ""kick_dir"": [-0.7784153017216521, 0.6277495772209161]}, {""move_vx"": -0.0, ""move_vy"": 0.0, ""kick_power"": 0.4, ""kick_dir"": [-0.3106537356095889, 0.9505229854762983]}, {""move_vx"": -5.332283495311494, ""move_vy"": -0.8524979329175112, ""kick_power"": 0.0, ""kick_dir"": null}, {""move_vx"": -0.0, ""move_vy"": 0.0, ""kick_power"": 0.6, ""kick_dir"": [-0.9866607282852426, -0.16278999485826337]}, {""move_vx"": -6.775820186269199, ""move_vy"": -3.307546039490129, ""kick_power"": 0.0, ""kick_dir"": null}, {""move_vx"": -5.303640395183109, ""move_vy"": 2.8056012828949797, ""kick_power"": 0.0, ""kick_dir"": null}, {""move_vx"": 4.242640687119285, ""move_vy"": 4.242640687119285, ""kick_power"": 0.0, ""kick_dir"": null}, {""move_vx"": -0.0, ""move_vy"": -6.0, ""kick_power"": 0.0, ""kick_dir"": null}, {""move_vx"": -5.57395442507978, ""move_vy"": 3.145001123550441, ""kick_power"": 0.0, ""kick_dir"": null}, {""move_vx"": 4.242640687119285, ""move_vy"": 4.242640687119285, ""kick_power"": 0.0, ""kick_dir"": null}, {""move_vx"": -0.0, ""move_vy"": -6.4, ""kick_power"": 0.0, ""kick_dir"": null}]"
362,51,default,default,0,37.52230388755714,36.589500697891005,20,B,,0.04739831997103833,0.0033643327940330453,0.31885135528468156,"[{""move_vx"": 0.0, ""move_vy"": 0.0, ""kick_power"": 0.7, ""kick_dir"": [0.9997913985274817, 0.02042354672812675]}, {""move_vx"": 0.0, ""move_vy"": 0.0, ""kick_power"": 0.4, ""kick_dir"": [-0.2246921937466553, 0.9744297498350312]}, {""move_vx"": 0.0, ""move_vy"": 0.0, ""kick_power"": 0.4, ""kick_dir"": [0.9987341727019688, -0.05029933767224761]}, {""move_vx"": 0.0, ""move_vy"": -5.4, ""kick_power"": 0.0, ""kick_dir"": null}, {""move_vx"": 5.193758058394922, ""move_vy"": -2.58164235146114, ""kick_power"": 0.0, ""kick_dir"": null}, {""move_vx"": -4.313351365237939, ""move_vy"": 4.313351365237939, ""kick_power"": 0.0, ""kick_dir"": null}, {""move_vx"": 0.0, ""move_vy"": 0.0, ""kick_power"": 0.4, ""kick_dir"": [0.9994286928351485, 0.033797307584014176]}, {""move_vx"": 5.380298254102933, ""move_vy"": 0.4608586517544556, ""kick_power"": 0.0, ""kick_dir"": null}, {""move_vx"": 0.0, ""move_vy"": 0.0, ""kick_power"": 0.0, ""kick_dir"": null}, {""move_vx"": 6.0, ""move_vy"": 0.0, ""kick_power"": 0.0, ""kick_dir"": null}, {""move_vx"": -6.2624817628315395, ""move_vy"": -0.6865290745499293, ""kick_power"": 0.0, ""kick_dir"": null}, {""move_vx"": -0.0, ""move_vy"": 0.0, ""kick_power"": 0.4, ""kick_dir"": [-0.7856979001470955, 0.6186103159769669]}, {""move_vx"": -0.0, ""move_vy"": 0.0, ""kick_power"": 0.4, ""kick_dir"": [-0.3270620644750264, 0.9450026929839003]}, {""move_vx"": -5.332283495311495, ""move_vy"": -0.8524979329175111, ""kick_power"": 0.0, ""kick_dir"": null}, {""move_vx"": -0.0, ""move_vy"": 0.0, ""kick_power"": 0.6, ""kick_dir"": [-0.9870664530055626, -0.1603115481291175]}, {""move_vx"": -6.781068755064489, ""move_vy"": -3.2967721393945544, ""kick_power"": 0.0, ""kick_dir"": null}, {""move_vx"": 4.722179790485837, ""move_vy"": -1.92640027676678, ""kick_power"": 0.0, ""kick_dir"": null}, {""move_vx"": 4.242640687119285, ""move_vy"": 4.242640687119285, ""kick_power"": 0.0, ""kick_dir"": null}, {""move_vx"": -0.0, ""move_vy"": -6.0, ""kick_power"": 0.0, ""kick_dir"": null}, {""move_vx"": -5.573954425079781, ""move_vy"": 3.145001123550441, ""kick_power"": 0.0, ""kick_dir"": null}, {""move_vx"": -5.3965082029152835, ""move_vy"": 0.19416285913648207, ""kick_power"": 0.0, ""kick_dir"": null}, {""move_vx"": -0.0, ""move_vy"": -6.4, ""kick_power"": 0.0, ""kick_dir"": null}]"
362,52,default,default,0,37.16220692397167,36.59156307738523,20,B,,0.05022088940950919,-0.015607428851124995,0.35853583285017676,"[{""move_vx"": 0.0, ""move_vy"": 0.0, ""kick_power"": 0.7, ""kick_dir"": [0.9998018482559652, 0.019905427030784593]}, {""move_vx"": 0.0, ""move_vy"": 0.0, ""kick_power"": 0.4, ""kick_dir"": [-0.23445892379765146, 0.97212598576467]}, {""move_vx"": 0.0, ""move_vy"": 0.0, ""kick_power"": 0.4, ""kick_dir"": [0.998890452812614, -0.04709388956314228]}, {""move_vx"": -3.8183766184073566, ""move_vy"": 3.8183766184073566, ""kick_power"": 0.0, ""kick_dir"": null}, {""move_vx"": 5.193758058394922, ""move_vy"": -2.5816423514611397, ""kick_power"": 0.0, ""kick_dir"": null}, {""move_vx"": -4.313351365237939, ""move_vy"": 4.313351365237939, ""kick_power"": 0.0, ""kick_dir"": null}, {""move_vx"": 0.0, ""move_vy"": 0.0, ""kick_power"": 0.4, ""kick_dir"": [0.9994286928351485, 0.033797307584014176]}, {""move_vx"": 4.242640687119285, ""move_vy"": -4.242640687119285, ""kick_power"": 0.0, ""kick_dir"": null}, {""move_vx"": 0.0, ""move_vy"": 0.0, ""kick_power"": 0.0, ""kick_dir"": null}, {""move_vx"": 6.0, ""move_vy"": 0.0, ""kick_power"": 0.0, ""kick_dir"": null}, {""move_vx"": 5.38208041798547, ""move_vy"": -2.6520200554176316, ""kick_power"": 0.0, ""kick_dir"": null}, {""move_vx"": -0.0, ""move_vy"": 0.0, ""kick_power"": 0.4, ""kick_dir"": [-0.7932119554299987, 0.6089455696105655]}, {""move_vx"": -0.0, ""move_vy"": 0.0, ""kick_power"": 0.4, ""kick_dir"": [-0.3445276624977847, 0.9387759943555913]}, {""move_vx"": -5.332283495311495, ""move_vy"": -0.8524979329175109, ""kick_power"": 0.0, ""kick_dir"": null}, {""move_vx"": -0.0, ""move_vy"": 0.0, ""kick_power"": 0.6, ""kick_dir"": [-0.9874667714741544, -0.15782696313660688]}, {""move_vx"": -6.8095951605737195, ""move_vy"": -3.2374393815314875, ""kick_power"": 0.0, ""kick_dir"": null}, {""move_vx"": 4.722179790485837, ""move_vy"": -1.9264002767667805, ""kick_power"": 0.0, ""kick_dir"": null}, {""move_vx"": -6.199004498934933, ""move_vy"": -1.1235404853339575, ""kick_power"": 0.0, ""kick_dir"": null}, {""move_vx"": -0.0, ""move_vy"": -6.0, ""kick_power"": 0.0, ""kick_dir"": null}, {""move_vx"": -5.573954425079781, ""move_vy"": 3.1450011235504403, ""kick_power"": 0.0, ""kick_dir"": null}, {""move_vx"": -5.398363046990296, ""move_vy"": 0.13295267161533347, ""kick_power"": 0.0, ""kick_dir"": null}, {""move_vx"": -0.0, ""move_vy"": -6.4, ""kick_power"": 0.0, ""kick_dir"": null}]"
362,53,default,default,0,36.80231187824796,36.600256418125234,20,B,,0.053041427736135405,-0.016395722300561466,0.3519002019167802,"[{""move_vx"": 0.0, ""move_vy"": 0.0, ""kick_power"": 0.7, ""kick_dir"": [0.9998056773886858, 0.019712159530586387]}, {""move_vx"": 0.0, ""move_vy"": 0.0, ""kick_power"": 0.4, ""kick_dir"": [-0.24438581795629652, 0.9696780346779683]}, {""move_vx"": 0.0, ""move_vy"": 0.0, ""kick_power"": 0.4, ""kick_dir"": [0.9990360641799164, -0.04389662496729568]}, {""move_vx"": -3.8183766184073566, ""move_vy"": 3.8183766184073566, ""kick_power"": 0.0, ""kick_dir"": null}, {""move_vx"": 5.1937580583949225, ""move_vy"": -2.5816423514611397, ""kick_power"": 0.0, ""kick_dir"": null}, {""move_vx"": -4.313351365237939, ""move_vy"": 4.313351365237939, ""kick_power"": 0.0, ""kick_dir"": null}, {""move_vx"": 0.0, ""move_vy"": 0.0, ""kick_power"": 0.4, ""kick_dir"": [0.9994286928351485, 0.033797307584014176]}, {""move_vx"": 4.242640687119285, ""move_vy"": -4.242640687119285, ""kick_power"": 0.0, ""kick_dir"": null}, {""move_vx"": 0.0, ""move_vy"": 0.0, ""kick_power"": 0.0, ""kick_dir"": null}, {""move_vx"": 6.0, ""move_vy"": 0.0, ""kick_power"": 0.0, ""kick_dir"": null}, {""move_vx"": 5.38208041798547, ""move_vy"": -2.652020055417632, ""kick_power"": 0.0, ""kick_dir"": null}, {""move_vx"": -0.0, ""move_vy"": 0.0, ""kick_power"": 0.4, ""kick_dir"": [-0.800295116840266, 0.5996062363315691]}, {""move_vx"": -0.0, ""move_vy"": 0.0, ""kick_power"": 0.4, ""kick_dir"": [-0.3618985027110483, 0.9322173275277197]}, {""move_vx"": -5.332283495311495, ""move_vy"": -0.8524979329175107, ""kick_power"": 0.0, ""kick_dir"": null}, {""move_vx"": -0.0, ""move_vy"": 0.0, ""kick_power"": 0.6, ""kick_dir"": [-0.98786337166062, -0.1553252520869812]}, {""move_vx"": 4.519277753370267, ""move_vy"": 1.9700326362506246, ""kick_power"": 0.0, ""kick_dir"": null}, {""move_vx"": 4.722179790485837, ""move_vy"": -1.9264002767667805, ""kick_power"": 0.0, ""kick_dir"": null}, {""move_vx"": -6.201122404249929, ""move_vy"": -1.1117917644548303, ""kick_power"": 0.0, ""kick_dir"": null}, {""move_vx"": -0.0, ""move_vy"": -6.0, ""kick_power"": 0.0, ""kick_dir"": null}, {""move_vx"": -5.573954425079782, ""move_vy"": 3.14500112355044, ""kick_power"": 0.0, ""kick_dir"": null}, {""move_vx"": -5.3983865365647885, ""move_vy"": 0.13199546142207902, ""kick_power"": 0.0, ""kick_dir"": null}, {""move_vx"": -0.0, ""move_vy"": -6.4, ""kick_power"": 0.0, ""kick_dir"": null}]"
362,54,default,default,0,36.4424193768063,36.60905342958236,20,B,,0.05586193807609994,-0.010873463945245687,0.36038360916397755,"[{""move_vx"": 0.0, ""move_vy"": 0.0, ""kick_power"": 0.7, ""kick_dir"": [0.99980937214031, 0.019523860352183946]}, {""move_vx"": 0.0, ""move_vy"": 0.0, ""kick_power"": 0.4, ""kick_dir"": [-0.254335768474521, 0.9671159370231094]}, {""move_vx"": -3.8183766184073566, ""move_vy"": -3.8183766184073566, ""kick_power"": 0.0, ""kick_dir"": null}, {""move_vx"": 5.107762097195743, ""move_vy"": -1.7523602250823151, ""kick_power"": 0.0, ""kick_dir"": null}, {""move_vx"": 5.193758058394922, ""move_vy"": -2.581642351461139, ""kick_power"": 0.0, ""kick_dir"": null}, {""move_vx"": -4.313351365237939, ""move_vy"": 4.313351365237939, ""kick_power"": 0.0, ""kick_dir"": null}, {""move_vx"": 0.0, ""move_vy"": 0.0, ""kick_power"": 0.4, ""kick_dir"": [0.9994286928351485, 0.033797307584014176]}, {""move_vx"": 4.242640687119285, ""move_vy"": -4.242640687119285, ""kick_power"": 0.0, ""kick_dir"": null}, {""move_vx"": 0.0, ""move_vy"": 0.0, ""kick_power"": 0.0, ""kick_dir"": null}, {""move_vx"": 6.0, ""move_vy"": 0.0, ""kick_power"": 0.0, ""kick_dir"": null}, {""move_vx"": 5.38208041798547, ""move_vy"": -2.6520200554176325, ""kick_power"": 0.0, ""kick_dir"": null}, {""move_vx"": -0.0, ""move_vy"": 0.0, ""kick_power"": 0.4, ""kick_dir"": [-0.807277708347811, 0.5901716818057314]}, {""move_vx"": -0.0, ""move_vy"": 0.0, ""kick_power"": 0.4, ""kick_dir"": [-0.3797908274353875, 0.9250722098869028]}, {""move_vx"": -5.332283495311495, ""move_vy"": -0.8524979329175106, ""kick_power"": 0.0, ""kick_dir"": null}, {""move_vx"": -0.0, ""move_vy"": 0.0, ""kick_power"": 0.6, ""kick_dir"": [-0.988255285052021, -0.15281186641522024]}, {""move_vx"": -5.8, ""move_vy"": 0.0, ""kick_power"": 0.0, ""kick_dir"": null}, {""move_vx"": 4.722179790485837, ""move_vy"": -1.9264002767667812, ""kick_power"": 0.0, ""kick_dir"": null}, {""move_vx"": -6.203405458367841, ""move_vy"": -1.0989816736834603, ""kick_power"": 0.0, ""kick_dir"": null}, {""move_vx"": -0.0, ""move_vy"": -6.0, ""kick_power"": 0.0, ""kick_dir"": null}, {""move_vx"": -5.573954425079783, ""move_vy"": 3.14500112355044, ""kick_power"": 0.0, ""kick_dir"": null}, {""move_vx"": -5.398386905962329, ""move_vy"": 0.1319803528351098, ""kick_power"": 0.0, ""kick_dir"": null}, {""move_vx"": -0.0, ""move_vy"": -6.4, ""kick_power"": 0.0, ""kick_dir"": null}]"
362,55,default,default,0,36.08252691536243,36.61785207697081,20,B,,0.058682446220566495,-0.01876860826696059,0.3675632832512773,"[{""move_vx"": 0.0, ""move_vy"": 0.0, ""kick_power"": 0.7, ""kick_dir"": [0.9998130446484323, 0.019334876883106054]}, {""move_vx"": 0.0, ""move_vy"": 0.0, ""kick_power"": 0.4, ""kick_dir"": [-0.26430290105707005, 0.9644396793396321]}, {""move_vx"": -3.8183766184073566, ""move_vy"": -3.8183766184073566, ""kick_power"": 0.0, ""kick_dir"": null}, {""move_vx"": -3.8183766184073566, ""move_vy"": 3.8183766184073566, ""kick_power"": 0.0, ""kick_dir"": null}, {""move_vx"": 5.1937580583949225, ""move_vy"": -2.581642351461139, ""kick_power"": 0.0, ""kick_dir"": null}, {""move_vx"": -4.313351365237939, ""move_vy"": 4.313351365237939, ""kick_power"": 0.0, ""kick_dir"": null}, {""move_vx"": 0.0, ""move_vy"": 0.0, ""kick_power"": 0.4, ""kick_dir"": [0.9994286928351485, 0.033797307584014176]}, {""move_vx"": 4.242640687119285, ""move_vy"": -4.242640687119285, ""kick_power"": 0.0, ""kick_dir"": null}, {""move_vx"": 0.0, ""move_vy"": 0.0, ""kick_power"": 0.0, ""kick_dir"": null}, {""move_vx"": 6.0, ""move_vy"": 0.0, ""kick_power"": 0.0, ""kick_dir"": null}, {""move_vx"": 5.38208041798547, ""move_vy"": -2.652020055417633, ""kick_power"": 0.0, ""kick_dir"": null}, {""move_vx"": -0.0, ""move_vy"": 0.0, ""kick_power"": 0.4, ""kick_dir"": [-0.8141629470049707, 0.5806363817855263]}, {""move_vx"": -5.8, ""move_vy"": 0.0, ""kick_power"": 0.0, ""kick_dir"": null}, {""move_vx"": -5.332283495311494, ""move_vy"": -0.8524979329175103, ""kick_power"": 0.0, ""kick_dir"": null}, {""move_vx"": -0.0, ""move_vy"": 0.0, ""kick_power"": 0.6, ""kick_dir"": [-0.9886424176808817, -0.1502868752039226]}, {""move_vx"": -6.844855957225397, ""move_vy"": -3.1622060218834553, ""kick_power"": 0.0, ""kick_dir"": null}, {""move_vx"": -7.404762793067418, ""move_vy"": 1.1914226699221495, ""kick_power"": 0.0, ""kick_dir"": null}, {""move_vx"": -0.0, ""move_vy"": 6.0, ""kick_power"": 0.0, ""kick_dir"": null}, {""move_vx"": -0.0, ""move_vy"": -6.0, ""kick_power"": 0.0, ""kick_dir"": null}, {""move_vx"": -5.573954425079782, ""move_vy"": 3.145001123550439, ""kick_power"": 0.0, ""kick_dir"": null}, {""move_vx"": -5.398386911848282, ""move_vy"": 0.13198011208196336, ""kick_power"": 0.0, ""kick_dir"": null}, {""move_vx"": -0.0, ""move_vy"": -6.4, ""kick_power"": 0.0, ""kick_dir"": null}]"
362,56,default,default,0,35.7226344545557,36.626650750421014,20,B,,0.06150295264811917,-0.007883895299583603,0.36591304631204713,"[{""move_vx"": 0.0, ""move_vy"": 0.0, ""kick_power"": 0.7, ""kick_dir"": [0.999816695801064, 0.019145142497572248]}, {""move_vx"": 5.19251800705158, ""move_vy"": 4.634582693883569, ""kick_power"": 0.0, ""kick_dir"": null}, {""move_vx"": 0.0, ""move_vy"": 0.0, ""kick_power"": 0.4, ""kick_dir"": [0.9994497914637456, -0.03316754167371842]}, {""move_vx"": 4.130360228271286, ""move_vy"": -3.0425358477287943, ""kick_power"": 0.0, ""kick_dir"": null}, {""move_vx"": 5.193758058394923, ""move_vy"": -2.581642351461139, ""kick_power"": 0.0, ""kick_dir"": null}, {""move_vx"": -4.313351365237939, ""move_vy"": 4.313351365237939, ""kick_power"": 0.0, ""kick_dir"": null}, {""move_vx"": 0.0, ""move_vy"": 0.0, ""kick_power"": 0.4, ""kick_dir"": [0.9994286928351485, 0.033797307584014176]}, {""move_vx"": 4.242640687119285, ""move_vy"": -4.242640687119285, ""kick_power"": 0.0, ""kick_dir"": null}, {""move_vx"": -4.313351365237939, ""move_vy"": -4.313351365237939, ""kick_power"": 0.0, ""kick_dir"": null}, {""move_vx"": 6.0, ""move_vy"": 0.0, ""kick_power"": 0.0, ""kick_dir"": null}, {""move_vx"": 5.3820804179854695, ""move_vy"": -2.6520200554176325, ""kick_power"": 0.0, ""kick_dir"": null}, {""move_vx"": -0.0, ""move_vy"": 0.0, ""kick_power"": 0.4, ""kick_dir"": [-0.8209482147531096, 0.5710025749190438]}, {""move_vx"": -5.8, ""move_vy"": 0.0, ""kick_power"": 0.0, ""kick_dir"": null}, {""move_vx"": -5.332283495311495, ""move_vy"": -0.8524979329175102, ""kick_power"": 0.0, ""kick_dir"": null}, {""move_vx"": -0.0, ""move_vy"": 0.0, ""kick_power"": 0.6, ""kick_dir"": [-0.9890246896931364, -0.14775025556553137]}, {""move_vx"": -6.861843531535886, ""move_vy"": -3.125172531032346, ""kick_power"": 0.0, ""kick_dir"": null}, {""move_vx"": 4.7449503807123214, ""move_vy"": -1.8696111586578599, ""kick_power"": 0.0, ""kick_dir"": null}, {""move_vx"": -6.195423492257199, ""move_vy"": -1.1431219320735744, ""kick_power"": 0.0, ""kick_dir"": null}, {""move_vx"": -0.0, ""move_vy"": -6.0, ""kick_power"": 0.0, ""kick_dir"": null}, {""move_vx"": -5.573954425079782, ""move_vy"": 3.145001123550438, ""kick_power"": 0.0, ""kick_dir"": null}, {""move_vx"": -5.398386911942979, ""move_vy"": 0.1319801082085641, ""kick_power"": 0.0, ""kick_dir"": null}, {""move_vx"": -0.0, ""move_vy"": -6.4, ""kick_power"": 0.0, ""kick_dir"": null}]"
362,57,default,default,0,35.36274199375923,36.63544942429039,20,B,,0.06462373682683718,-0.01822345668253708,0.3622336381509725,"[{""move_vx"": 5.2497281745423265, ""move_vy"": 0.05342371586191565, ""kick_power"": 0.0, ""kick_dir"": null}, {""move_vx"": 0.0, ""move_vy"": 0.0, ""kick_power"": 0.4, ""kick_dir"": [-0.2891323248694253, 0.9572890976434774]}, {""move_vx"": 0.0, ""move_vy"": 0.0, ""kick_power"": 0.4, ""kick_dir"": [0.9995496677383107, -0.030007220161761227]}, {""move_vx"": -3.8183766184073566, ""move_vy"": 3.8183766184073566, ""kick_power"": 0.0, ""kick_dir"": null}, {""move_vx"": 5.193758058394924, ""move_vy"": -2.581642351461139, ""kick_power"": 0.0, ""kick_dir"": null}, {""move_vx"": -4.313351365237939, ""move_vy"": 4.313351365237939, ""kick_power"": 0.0, ""kick_dir"": null}, {""move_vx"": -4.242640687119285, ""move_vy"": 4.242640687119285, ""kick_power"": 0.0, ""kick_dir"": null}, {""move_vx"": 4.242640687119285, ""move_vy"": -4.242640687119285, ""kick_power"": 0.0, ""kick_dir"": null}, {""move_vx"": -4.313351365237939, ""move_vy"": -4.313351365237939, ""kick_power"": 0.0, ""kick_dir"": null}, {""move_vx"": 6.0, ""move_vy"": 0.0, ""kick_power"": 0.0, ""kick_dir"": null}, {""move_vx"": 5.377562208478089, ""move_vy"": -2.6611697980302296, ""kick_power"": 0.0, ""kick_dir"": null}, {""move_vx"": -4.499666473574186, ""move_vy"": 0.054787102427962066, ""kick_power"": 0.0, ""kick_dir"": null}, {""move_vx"": -5.8, ""move_vy"": 0.0, ""kick_power"": 0.0, ""kick_dir"": null}, {""move_vx"": -0.0, ""move_vy"": 0.0, ""kick_power"": 0.0, ""kick_dir"": null}, {""move_vx"": -0.0, ""move_vy"": 0.0, ""kick_power"": 0.4, ""kick_dir"": [-0.9894020206795643, -0.14520198436395448]}, {""move_vx"": -6.878547919788795, ""move_vy"": -3.088232263799025, ""kick_power"": 0.0, ""kick_dir"": null}, {""move_vx"": 4.744950380712322, ""move_vy"": -1.8696111586578597, ""kick_power"": 0.0, ""kick_dir"": null}, {""move_vx"": -6.197812664144576, ""move_vy"": -1.1300965357743247, ""kick_power"": 0.0, ""kick_dir"": null}, {""move_vx"": -0.0, ""move_vy"": -6.0, ""kick_power"": 0.0, ""kick_dir"": null}, {""move_vx"": -5.573954425079783, ""move_vy"": 3.145001123550438, ""kick_power"": 0.0, ""kick_dir"": null}, {""move_vx"": -5.398386911944518, ""move_vy"": 0.13198010814563826, ""kick_power"": 0.0, ""kick_dir"": null}, {""move_vx"": -0.0, ""move_vy"": -6.4, ""kick_power"": 0.0, ""kick_dir"": null}]"
362,58,default,default,0,35.00284953296292,36.644248098166585,20,B,,0.06744417943339408,-0.005894390820195399,0.3702541078684689,"[{""move_vx"": 0.0, ""move_vy"": 0.0, ""kick_power"": 0.7, ""kick_dir"": [0.9998211368442863, 0.01891179320292599]}, {""move_vx"": 0.0, ""move_vy"": 0.0, ""kick_power"": 0.4, ""kick_dir"": [-0.2981502922149021, 0.9545188949433333]}, {""move_vx"": 0.0, ""move_vy"": 0.0, ""kick_power"": 0.4, ""kick_dir"": [0.999639186517684, -0.02686016336340515]}, {""move_vx"": 4.069515796332772, ""move_vy"": -3.1234502050453834, ""kick_power"": 0.0, ""kick_dir"": null}, {""move_vx"": 5.193758058394923, ""move_vy"": -2.581642351461138, ""kick_power"": 0.0, ""kick_dir"": null}, {""move_vx"": -4.313351365237939, ""move_vy"": 4.313351365237939, ""kick_power"": 0.0, ""kick_dir"": null}, {""move_vx"": 0.0, ""move_vy"": 0.0, ""kick_power"": 0.4, ""kick_dir"": [0.9995664519773536, 0.02944279649911198]}, {""move_vx"": 4.242640687119285, ""move_vy"": -4.242640687119285, ""kick_power"": 0.0, ""kick_dir"": null}, {""move_vx"": 0.0, ""move_vy"": 0.0, ""kick_power"": 0.0, ""kick_dir"": null}, {""move_vx"": -5.113405238526518, ""move_vy"": 3.6800933230842903, ""kick_power"": 0.0, ""kick_dir"": null}, {""move_vx"": 5.373890926766537, ""move_vy"": -2.668575707604393, ""kick_power"": 0.0, ""kick_dir"": null}, {""move_vx"": -0.0, ""move_vy"": 0.0, ""kick_power"": 0.4, ""kick_dir"": [-0.8334483137612634, 0.5525973395414682]}, {""move_vx"": -5.8, ""move_vy"": 0.0, ""kick_power"": 0.0, ""kick_dir"": null}, {""move_vx"": -5.331881763487955, ""move_vy"": -0.8550069357523282, ""kick_power"": 0.0, ""kick_dir"": null}, {""move_vx"": -0.0, ""move_vy"": 0.0, ""kick_power"": 0.6, ""kick_dir"": [-0.9897743294386449, -0.14264203979890408]}, {""move_vx"": -6.894970568138146, ""move_vy"": -3.05138998892451, ""kick_power"": 0.0, ""kick_dir"": null}, {""move_vx"": 4.744950380712323, ""move_vy"": -1.8696111586578592, ""kick_power"": 0.0, ""kick_dir"": null}, {""move_vx"": -6.200155395967432, ""move_vy"": -1.1171719052392697, ""kick_power"": 0.0, ""kick_dir"": null}, {""move_vx"": -4.242640687119285, ""move_vy"": 4.242640687119285, ""kick_power"": 0.0, ""kick_dir"": null}, {""move_vx"": -5.5739544250797834, ""move_vy"": 3.1450011235504376, ""kick_power"": 0.0, ""kick_dir"": null}, {""move_vx"": -5.398386911944543, ""move_vy"": 0.13198010814460473, ""kick_power"": 0.0, ""kick_dir"": null}, {""move_vx"": -0.0, ""move_vy"": -6.4, ""kick_power"": 0.0, ""kick_dir"": null}]"
362,59,default,default,0,34.64295707216662,36.653046772042885,20,B,,0.07026462497630064,-0.012734540165926797,0.36839219621236996,"[{""move_vx"": 0.0, ""move_vy"": 0.0, ""kick_power"": 0.7, ""kick_dir"": [0.999825043902888, 0.018704094678012487]}, {""move_vx"": 0.0, ""move_vy"": 0.0, ""kick_power"": 0.4, ""kick_dir"": [-0.30821191137799614, 0.9513176835844696]}, {""move_vx"": 0.0, ""move_vy"": 0.0, ""kick_power"": 0.4, ""kick_dir"": [0.9997184752828493, -0.02372639534065969]}, {""move_vx"": 4.040556438093694, ""move_vy"": -3.160823258358429, ""kick_power"": 0.0, ""kick_dir"": null}, {""move_vx"": 5.193758058394924, ""move_vy"": -2.581642351461138, ""kick_power"": 0.0, ""kick_dir"": null}, {""move_vx"": -4.313351365237939, ""move_vy"": 4.313351365237939, ""kick_power"": 0.0, ""kick_dir"": null}, {""move_vx"": -4.242640687119285, ""move_vy"": 4.242640687119285, ""kick_power"": 0.0, ""kick_dir"": null}, {""move_vx"": 4.242640687119285, ""move_vy"": -4.242640687119285, ""kick_power"": 0.0, ""kick_dir"": null}, {""move_vx"": -4.313351365237939, ""move_vy"": -4.313351365237939, ""kick_power"": 0.0, ""kick_dir"": null}, {""move_vx"": 6.0, ""move_vy"": 0.0, ""kick_power"": 0.0, ""kick_dir"": null}, {""move_vx"": 5.372816307634518, ""move_vy"": -2.670738647718378, ""kick_power"": 0.0, ""kick_dir"": null}, {""move_vx"": -0.0, ""move_vy"": 0.0, ""kick_power"": 0.4, ""kick_dir"": [-0.8399793610113886, 0.5426182675060751]}, {""move_vx"": -5.8, ""move_vy"": 0.0, ""kick_power"": 0.0, ""kick_dir"": null}, {""move_vx"": -5.331881763487954, ""move_vy"": -0.8550069357523278, ""kick_power"": 0.0, ""kick_dir"": null}, {""move_vx"": -0.0, ""move_vy"": 0.0, ""kick_power"": 0.6, ""kick_dir"": [-0.9901415339686246, -0.14007040154712366]}, {""move_vx"": -6.911113000025755, ""move_vy"": -3.014650411055157, ""kick_power"": 0.0, ""kick_dir"": null}, {""move_vx"": 4.744950380712323, ""move_vy"": -1.869611158657858, ""kick_power"": 0.0, ""kick_dir"": null}, {""move_vx"": -6.202452435939902, ""move_vy"": -1.1043476716610536, ""kick_power"": 0.0, ""kick_dir"": null}, {""move_vx"": -0.0, ""move_vy"": -6.0, ""kick_power"": 0.0, ""kick_dir"": null}, {""move_vx"": -6.4, ""move_vy"": 0.0, ""kick_power"": 0.0, ""kick_dir"": null}, {""move_vx"": -5.398386911944543, ""move_vy"": 0.13198010814458674, ""kick_power"": 0.0, ""kick_dir"": null}, {""move_vx"": 4.525483399593904, ""move_vy"": -4.525483399593904, ""kick_power"": 0.0, ""kick_dir"": null}]"
362,60,default,default,0,34.283064611370314,36.661845445919184,20,B,,0.0718203489862494,-0.022219133897390768,0.3811965894661373,"[{""move_vx"": -1.2605577046682033, ""move_vy"": -4.3198372970751615, ""kick_power"": 0.0, ""kick_dir"": null}, {""move_vx"": 0.0, ""move_vy"": 0.0, ""kick_power"": 0.4, ""kick_dir"": [-0.3182715013575446, 0.947999561556926]}, {""move_vx"": 0.0, ""move_vy"": 0.0, ""kick_power"": 0.4, ""kick_dir"": [0.9997876609514879, -0.02060593911943015]}, {""move_vx"": -3.8183766184073566, ""move_vy"": 3.8183766184073566, ""kick_power"": 0.0, ""kick_dir"": null}, {""move_vx"": 5.193758058394924, ""move_vy"": -2.5816423514611375, ""kick_power"": 0.0, ""kick_dir"": null}, {""move_vx"": -4.313351365237939, ""move_vy"": 4.313351365237939, ""kick_power"": 0.0, ""kick_dir"": null}, {""move_vx"": 0.0, ""move_vy"": 0.0, ""kick_power"": 0.4, ""kick_dir"": [0.9996843474257049, 0.025123212733850455]}, {""move_vx"": 4.242640687119285, ""move_vy"": -4.242640687119285, ""kick_power"": 0.0, ""kick_dir"": null}, {""move_vx"": 0.0, ""move_vy"": 0.0, ""kick_power"": 0.9, ""kick_dir"": [0.5222168633562758, 0.8528124026663665]}, {""move_vx"": 6.0, ""move_vy"": 0.0, ""kick_power"": 0.0, ""kick_dir"": null}, {""move_vx"": 5.368279508744457, ""move_vy"": -2.679846099311372, ""kick_power"": 0.0, ""kick_dir"": null}, {""move_vx"": -0.0, ""move_vy"": 0.0, ""kick_power"": 0.4, ""kick_dir"": [-0.8463962113099608, 0.5325536258701873]}, {""move_vx"": -5.8, ""move_vy"": 0.0, ""kick_power"": 0.0, ""kick_dir"": null}, {""move_vx"": -5.331881763487954, ""move_vy"": -0.8550069357523273, ""kick_power"": 0.0, ""kick_dir"": null}, {""move_vx"": -0.0, ""move_vy"": 0.0, ""kick_power"": 0.6, ""kick_dir"": [-0.9905035514627062, -0.13748705089792845]}, {""move_vx"": -6.926976811942654, ""move_vy"": -2.9780181743583736, ""kick_power"": 0.0, ""kick_dir"": null}, {""move_vx"": -5.30990018406047, ""move_vy"": 2.793735856396339, ""kick_power"": 0.0, ""kick_dir"": null}, {""move_vx"": -6.204704523356277, ""move_vy"": -1.091623459734244, ""kick_power"": 0.0, ""kick_dir"": null}, {""move_vx"": -4.242640687119285, ""move_vy"": 4.242640687119285, ""kick_power"": 0.0, ""kick_dir"": null}, {""move_vx"": -6.4, ""move_vy"": 0.0, ""kick_power"": 0.0, ""kick_dir"": null}, {""move_vx"": -5.398386911944543, ""move_vy"": 0.1319801081445877, ""kick_power"": 0.0, ""kick_dir"": null}, {""move_vx"": -0.0, ""move_vy"": -6.4, ""kick_power"": 0.0, ""kick_dir"": null}]"
362,61,default,default,0,34.01862410825305,36.144137795232375,20,B,,0.0738078280382446,-0.021491276534152136,0.38392975709557825,"[{""move_vx"": 0.0, ""move_vy"": 0.0, ""kick_power"": 0.7, ""kick_dir"": [0.9997121106397652, 0.023992862484474766]}, {""move_vx"": 0.0, ""move_vy"": 0.0, ""kick_power"": 0.4, ""kick_dir"": [-0.33682443492871517, 0.9415674252910048]}, {""move_vx"": 0.0, ""move_vy"": 0.0, ""kick_power"": 0.4, ""kick_dir"": [0.9998468698700377, -0.01749881679068405]}, {""move_vx"": -3.8183766184073566, ""move_vy"": 3.8183766184073566, ""kick_power"": 0.0, ""kick_dir"": null}, {""move_vx"": -0.9396412618487988, ""move_vy"": -7.481221444325198, ""kick_power"": 0.0, ""kick_dir"": null}, {""move_vx"": -4.313351365237939, ""move_vy"": 4.313351365237939, ""kick_power"": 0.0, ""kick_dir"": null}, {""move_vx"": -4.242640687119285, ""move_vy"": 4.242640687119285, ""kick_power"": 0.0, ""kick_dir"": null}, {""move_vx"": 4.242640687119285, ""move_vy"": -4.242640687119285, ""kick_power"": 0.0, ""kick_dir"": null}, {""move_vx"": 0.0, ""move_vy"": 0.0, ""kick_power"": 0.9, ""kick_dir"": [0.6088858199816751, 0.7932575325439296]}, {""move_vx"": 0.0, ""move_vy"": 0.0, ""kick_power"": 0.7, ""kick_dir"": [0.982389812463283, 0.18684276324091983]}, {""move_vx"": 5.368279508744457, ""move_vy"": -2.6798460993113715, ""kick_power"": 0.0, ""kick_dir"": null}, {""move_vx"": -0.0, ""move_vy"": 0.0, ""kick_power"": 0.4, ""kick_dir"": [-0.8526966868466981, 0.522406231771142]}, {""move_vx"": -5.8, ""move_vy"": 0.0, ""kick_power"": 0.0, ""kick_dir"": null}, {""move_vx"": -5.4, ""move_vy"": 0.0, ""kick_power"": 0.0, ""kick_dir"": null}, {""move_vx"": -0.0, ""move_vy"": 5.4, ""kick_power"": 0.0, ""kick_dir"": null}, {""move_vx"": -5.1672255322708445, ""move_vy"": -2.634346275387555, ""kick_power"": 0.0, ""kick_dir"": null}, {""move_vx"": -5.309900184060471, ""move_vy"": 2.7937358563963395, ""kick_power"": 0.0, ""kick_dir"": null}, {""move_vx"": -6.206912388607396, ""move_vy"": -1.0789988879290104, ""kick_power"": 0.0, ""kick_dir"": null}, {""move_vx"": -5.85354881435129, ""move_vy"": 1.3175607302916261, ""kick_power"": 0.0, ""kick_dir"": null}, {""move_vx"": -6.4, ""move_vy"": 0.0, ""kick_power"": 0.0, ""kick_dir"": null}, {""move_vx"": -5.185567626666655, ""move_vy"": -3.0182591653578648, ""kick_power"": 0.0, ""kick_dir"": null}, {""move_vx"": -0.0, ""move_vy"": -6.4, ""kick_power"": 0.0, ""kick_dir"": null}]"
362,62,default,default,0,33.922944989358115,35.77390622991859,20,B,,0.07422703462097639,-0.004692221099947619,0.39078924414583227,"[{""move_vx"": 0.0, ""move_vy"": 0.0, ""kick_power"": 0.7, ""kick_dir"": [0.9997200063486704, 0.023661582506225597]}, {""move_vx"": 0.0, ""move_vy"": 0.0, ""kick_power"": 0.4, ""kick_dir"": [-0.3468699472731632, 0.9379131921100332]}, {""move_vx"": 0.0, ""move_vy"": 0.0, ""kick_power"": 0.4, ""kick_dir"": [0.9998963338685324, -0.014397685721148874]}, {""move_vx"": 0.0, ""move_vy"": 0.0, ""kick_power"": 0.4, ""kick_dir"": [0.06731199710185508, -0.9977318873503622]}, {""move_vx"": 1.2499797806944488, ""move_vy"": -5.366344244255586, ""kick_power"": 0.0, ""kick_dir"": null}, {""move_vx"": -4.313351365237939, ""move_vy"": 4.313351365237939, ""kick_power"": 0.0, ""kick_dir"": null}, {""move_vx"": 0.0, ""move_vy"": 0.0, ""kick_power"": 0.4, ""kick_dir"": [0.9997828426588911, 0.02083837690979553]}, {""move_vx"": 4.242640687119285, ""move_vy"": -4.242640687119285, ""kick_power"": 0.0, ""kick_dir"": null}, {""move_vx"": 0.0, ""move_vy"": -6.1, ""kick_power"": 0.0, ""kick_dir"": null}, {""move_vx"": 0.0, ""move_vy"": 0.0, ""kick_power"": 0.7, ""kick_dir"": [0.982389812463283, 0.18684276324091983]}, {""move_vx"": -6.294057858835085, ""move_vy"": -0.27356108940473445, ""kick_power"": 0.0, ""kick_dir"": null}, {""move_vx"": -0.0, ""move_vy"": 0.0, ""kick_power"": 0.4, ""kick_dir"": [-0.8451045495471886, 0.5346009836293432]}, {""move_vx"": -5.8, ""move_vy"": 0.0, ""kick_power"": 0.0, ""kick_dir"": null}, {""move_vx"": -5.4, ""move_vy"": 0.0, ""kick_power"": 0.0, ""kick_dir"": null}, {""move_vx"": -0.0, ""move_vy"": 0.0, ""kick_power"": 0.6, ""kick_dir"": [-0.9902386995168582, -0.1393818229376283]}, {""move_vx"": -5.1672255322708445, ""move_vy"": -2.6343462753875553, ""kick_power"": 0.0, ""kick_dir"": null}, {""move_vx"": -5.30990018406047, ""move_vy"": 2.7937358563963395, ""kick_power"": 0.0, ""kick_dir"": null}, {""move_vx"": -6.1919688542083735, ""move_vy"": -1.161689161743991, ""kick_power"": 0.0, ""kick_dir"": null}, {""move_vx"": -4.242640687119285, ""move_vy"": 4.242640687119285, ""kick_power"": 0.0, ""kick_dir"": null}, {""move_vx"": -6.4, ""move_vy"": 0.0, ""kick_power"": 0.0, ""kick_dir"": null}, {""move_vx"": -5.185567626666654, ""move_vy"": -3.0182591653578656, ""kick_power"": 0.0, ""kick_dir"": null}, {""move_vx"": -0.0, ""move_vy"": -6.4, ""kick_power"": 0.0, ""kick_dir"": null}]"
362,63,default,default,0,34.88445574430126,36.25276944009497,20,B,,0.06398147682066634,-8.002936157697205e-05,0.4212839942781656,"[{""move_vx"": -1.2927992147288312, ""move_vy"": -4.310298155626421, ""kick_power"": 0.0, ""kick_dir"": null}, {""move_vx"": 0.0, ""move_vy"": 0.0, ""kick_power"": 0.4, ""kick_dir"": [-0.3575025690112502, 0.9339121099970581]}, {""move_vx"": 0.0, ""move_vy"": 0.0, ""kick_power"": 0.4, ""kick_dir"": [0.9999362072580782, -0.01129395021386772]}, {""move_vx"": 0.0, ""move_vy"": 0.0, ""kick_power"": 0.0, ""kick_dir"": null}, {""move_vx"": 0.0, ""move_vy"": 0.0, ""kick_power"": 0.9, ""kick_dir"": [-0.43981626556727943, 0.89808769172016]}, {""move_vx"": -4.313351365237939, ""move_vy"": 4.313351365237939, ""kick_power"": 0.0, ""kick_dir"": null}, {""move_vx"": 0.0, ""move_vy"": 0.0, ""kick_power"": 0.4, ""kick_dir"": [0.9997809666858997, 0.020928189615954485]}, {""move_vx"": 4.242640687119285, ""move_vy"": -4.242640687119285, ""kick_power"": 0.0, ""kick_dir"": null}, {""move_vx"": 0.0, ""move_vy"": 0.0, ""kick_power"": 0.9, ""kick_dir"": [0.6756042722649784, 0.737264042127209]}, {""move_vx"": 0.0, ""move_vy"": 0.0, ""kick_power"": 0.7, ""kick_dir"": [0.982389812463283, 0.18684276324091983]}, {""move_vx"": -6.2888883638462705, ""move_vy"": -0.374009554796371, ""kick_power"": 0.0, ""kick_dir"": null}, {""move_vx"": -0.0, ""move_vy"": 0.0, ""kick_power"": 0.4, ""kick_dir"": [-0.8501140235449884, 0.5265985740869314]}, {""move_vx"": -5.8, ""move_vy"": 0.0, ""kick_power"": 0.0, ""kick_dir"": null}, {""move_vx"": -5.4, ""move_vy"": 0.0, ""kick_power"": 0.0, ""kick_dir"": null}, {""move_vx"": -0.0, ""move_vy"": 0.0, ""kick_power"": 0.6, ""kick_dir"": [-0.9906125826382199, -0.13669925256981216]}, {""move_vx"": -5.1672255322708445, ""move_vy"": -2.6343462753875553, ""kick_power"": 0.0, ""kick_dir"": null}, {""move_vx"": -5.30990018406047, ""move_vy"": 2.7937358563963395, ""kick_power"": 0.0, ""kick_dir"": null}, {""move_vx"": -6.180030342757882, ""move_vy"": -1.2236114426532194, ""kick_power"": 0.0, ""kick_dir"": null}, {""move_vx"": -4.242640687119285, ""move_vy"": 4.242640687119285, ""kick_power"": 0.0, ""kick_dir"": null}, {""move_vx"": -6.4, ""move_vy"": 0.0, ""kick_power"": 0.0, ""kick_dir"": null}, {""move_vx"": -0.0, ""move_vy"": 0.0, ""kick_power"": 0.0, ""kick_dir"": null}, {""move_vx"": -0.0, ""move_vy"": -6.4, ""kick_power"": 0.0, ""kick_dir"": null}]"
362,64,default,default,0,33.7610276239561,35.569837160195284,20,B,,0.07238650038531662,-0.03266766958395827,0.35722295872331744,"[{""move_vx"": -1.2927992147288319, ""move_vy"": -4.31029815562642, ""kick_power"": 0.0, ""kick_dir"": null}, {""move_vx"": 0.0, ""move_vy"": 0.0, ""kick_power"": 0.4, ""kick_dir"": [-0.376547650084741, 0.9263972055040747]}, {""move_vx"": 0.0, ""move_vy"": 0.0, ""kick_power"": 0.4, ""kick_dir"": [0.9999663352135235, -0.008203681857830583]}, {""move_vx"": 0.0, ""move_vy"": -5.4, ""kick_power"": 0.0, ""kick_dir"": null}, {""move_vx"": 0.0, ""move_vy"": 0.0, ""kick_power"": 0.9, ""kick_dir"": [-0.44282955993642137, 0.8966057254362186]}, {""move_vx"": -4.313351365237939, ""move_vy"": 4.313351365237939, ""kick_power"": 0.0, ""kick_dir"": null}, {""move_vx"": 0.0, ""move_vy"": 0.0, ""kick_power"": 0.4, ""kick_dir"": [0.9997809666858997, 0.020928189615954485]}, {""move_vx"": 4.242640687119285, ""move_vy"": -4.242640687119285, ""kick_power"": 0.0, ""kick_dir"": null}, {""move_vx"": 0.0, ""move_vy"": 0.0, ""kick_power"": 0.9, ""kick_dir"": [0.6187921679625294, 0.785554377875432]}, {""move_vx"": 0.0, ""move_vy"": 0.0, ""kick_power"": 0.7, ""kick_dir"": [0.982389812463283, 0.18684276324091983]}, {""move_vx"": 5.383949391766166, ""move_vy"": -2.648223734298281, ""kick_power"": 0.0, ""kick_dir"": null}, {""move_vx"": -0.0, ""move_vy"": 0.0, ""kick_power"": 0.4, ""kick_dir"": [-0.8551587732037946, 0.5183660711929953]}, {""move_vx"": -5.8, ""move_vy"": 0.0, ""kick_power"": 0.0, ""kick_dir"": null}, {""move_vx"": -5.4, ""move_vy"": 0.0, ""kick_power"": 0.0, ""kick_dir"": null}, {""move_vx"": -0.0, ""move_vy"": 0.0, ""kick_power"": 0.6, ""kick_dir"": [-0.9909806104443616, -0.134005239470861]}, {""move_vx"": -5.1672255322708445, ""move_vy"": -2.6343462753875553, ""kick_power"": 0.0, ""kick_dir"": null}, {""move_vx"": -5.30990018406047, ""move_vy"": 2.7937358563963395, ""kick_power"": 0.0, ""kick_dir"": null}, {""move_vx"": -6.190255413495665, ""move_vy"": -1.1707851705960526, ""kick_power"": 0.0, ""kick_dir"": null}, {""move_vx"": -4.242640687119285, ""move_vy"": 4.242640687119285, ""kick_power"": 0.0, ""kick_dir"": null}, {""move_vx"": -6.4, ""move_vy"": 0.0, ""kick_power"": 0.0, ""kick_dir"": null}, {""move_vx"": -5.189519918202221, ""move_vy"": -3.0114586197692343, ""kick_power"": 0.0, ""kick_dir"": null}, {""move_vx"": -0.0, ""move_vy"": -6.4, ""kick_power"": 0.0, ""kick_dir"": null}]"
362,65,default,default,0,33.57649348661166,35.3559170841417,20,B,,0.07237768576171752,-0.01568511974041276,0.38811845555912594,"[{""move_vx"": -1.2927992147288319, ""move_vy"": -4.31029815562642, ""kick_power"": 0.0, ""kick_dir"": null}, {""move_vx"": 0.0, ""move_vy"": 0.0, ""kick_power"": 0.4, ""kick_dir"": [-0.3958337263412863, 0.9183221522757968]}, {""move_vx"": 0.0, ""move_vy"": 0.0, ""kick_power"": 0.6, ""kick_dir"": [0.9999868576016804, -0.005124123292419475]}, {""move_vx"": 0.0, ""move_vy"": 0.0, ""kick_power"": 0.0, ""kick_dir"": null}, {""move_vx"": 0.0, ""move_vy"": 0.0, ""kick_power"": 0.9, ""kick_dir"": [-0.4459104157802537, 0.8950775070005546]}, {""move_vx"": -4.313351365237939, ""move_vy"": 4.313351365237939, ""kick_power"": 0.0, ""kick_dir"": null}, {""move_vx"": 0.0, ""move_vy"": 0.0, ""kick_power"": 0.9, ""kick_dir"": [-0.8949750636954367, 0.4461156080480776]}, {""move_vx"": 4.242640687119285, ""move_vy"": -4.242640687119285, ""kick_power"": 0.0, ""kick_dir"": null}, {""move_vx"": 0.0, ""move_vy"": 0.0, ""kick_power"": 0.9, ""kick_dir"": [0.5640485220696598, 0.8257413153387]}, {""move_vx"": 0.0, ""move_vy"": 0.0, ""kick_power"": 0.7, ""kick_dir"": [0.982389812463283, 0.18684276324091983]}, {""move_vx"": -6.287284317351399, ""move_vy"": -0.4000698848790959, ""kick_power"": 0.0, ""kick_dir"": null}, {""move_vx"": -0.0, ""move_vy"": 0.0, ""kick_power"": 0.4, ""kick_dir"": [-0.8600701501486151, 0.5101757029521833]}, {""move_vx"": -4.949244596514762, ""move_vy"": 2.4217922957738196, ""kick_power"": 0.0, ""kick_dir"": null}, {""move_vx"": -5.4, ""move_vy"": 0.0, ""kick_power"": 0.0, ""kick_dir"": null}, {""move_vx"": -0.0, ""move_vy"": 0.0, ""kick_power"": 0.6, ""kick_dir"": [-0.9913430606713509, -0.13129703153212408]}, {""move_vx"": -5.1672255322708445, ""move_vy"": -2.6343462753875553, ""kick_power"": 0.0, ""kick_dir"": null}, {""move_vx"": -5.309900184060471, ""move_vy"": 2.79373585639634, ""kick_power"": 0.0, ""kick_dir"": null}, {""move_vx"": -6.1737397900190585, ""move_vy"": -1.2549649417953606, ""kick_power"": 0.0, ""kick_dir"": null}, {""move_vx"": -4.242640687119285, ""move_vy"": 4.242640687119285, ""kick_power"": 0.0, ""kick_dir"": null}, {""move_vx"": -0.0, ""move_vy"": 6.4, ""kick_power"": 0.0, ""kick_dir"": null}, {""move_vx"": -5.198152223817926, ""move_vy"": -2.9965335736508534, ""kick_power"": 0.0, ""kick_dir"": null}, {""move_vx"": -4.525483399593904, ""move_vy"": -4.525483399593904, ""kick_power"": 0.0, ""kick_dir"": null}]"
362,66,default,default,0,33.36156546447873,35.1340762720657,20,B,,0.07263926522904175,-0.017528281104729166,0.3852515124655928,"[{""move_vx"": -1.292799214728833, ""move_vy"": -4.31029815562642, ""kick_power"": 0.0, ""kick_dir"": null}, {""move_vx"": 0.0, ""move_vy"": 0.0, ""kick_power"": 0.4, ""kick_dir"": [-0.4153370138164536, 0.9096675647560912]}, {""move_vx"": 0.0, ""move_vy"": 0.0, ""kick_power"": 0.4, ""kick_dir"": [0.9999979043858112, -0.0020404161625253415]}, {""move_vx"": 0.0, ""move_vy"": 0.0, ""kick_power"": 0.0, ""kick_dir"": null}, {""move_vx"": 0.0, ""move_vy"": 0.0, ""kick_power"": 0.9, ""kick_dir"": [-0.44872249697397143, 0.8936710576991274]}, {""move_vx"": -4.313351365237939, ""move_vy"": 4.313351365237939, ""kick_power"": 0.0, ""kick_dir"": null}, {""move_vx"": 0.0, ""move_vy"": 0.0, ""kick_power"": 0.4, ""kick_dir"": [0.9997874317877363, 0.02061702828451293]}, {""move_vx"": 4.242640687119285, ""move_vy"": -4.242640687119285, ""kick_power"": 0.0, ""kick_dir"": null}, {""move_vx"": 0.0, ""move_vy"": 0.0, ""kick_power"": 0.9, ""kick_dir"": [0.511418824041944, 0.8593312911100552]}, {""move_vx"": 0.0, ""move_vy"": 0.0, ""kick_power"": 0.7, ""kick_dir"": [0.982389812463283, 0.18684276324091983]}, {""move_vx"": -6.283875169563704, ""move_vy"": -0.45045849236166025, ""kick_power"": 0.0, ""kick_dir"": null}, {""move_vx"": -0.0, ""move_vy"": 0.0, ""kick_power"": 0.4, ""kick_dir"": [-0.8641879650588388, 0.5031690293501286]}, {""move_vx"": -4.966352555167654, ""move_vy"": 2.3865125806875005, ""kick_power"": 0.0, ""kick_dir"": null}, {""move_vx"": -5.4, ""move_vy"": 0.0, ""kick_power"": 0.0, ""kick_dir"": null}, {""move_vx"": -0.0, ""move_vy"": 0.0, ""kick_power"": 0.6, ""kick_dir"": [-0.9917016416503404, -0.1285606017683009]}, {""move_vx"": -5.1672255322708445, ""move_vy"": -2.6343462753875553, ""kick_power"": 0.0, ""kick_dir"": null}, {""move_vx"": -5.309900184060471, ""move_vy"": 2.7937358563963395, ""kick_power"": 0.0, ""kick_dir"": null}, {""move_vx"": -6.167231206802472, ""move_vy"": -1.2865687862845636, ""kick_power"": 0.0, ""kick_dir"": null}, {""move_vx"": -4.242640687119285, ""move_vy"": 4.242640687119285, ""kick_power"": 0.0, ""kick_dir"": null}, {""move_vx"": -0.0, ""move_vy"": 6.4, ""kick_power"": 0.0, ""kick_dir"": null}, {""move_vx"": -5.20780652038261, ""move_vy"": -2.979723350625084, ""kick_power"": 0.0, ""kick_dir"": null}, {""move_vx"": -0.0, ""move_vy"": -6.4, ""kick_power"": 0.0, ""kick_dir"": null}]"
362,67,default,default,0,33.108821273447205,34.90995031268013,20,B,,0.07323797059282937,-0.024231776769104617,0.3835656118835481,"[{""move_vx"": -1.292799214728834, ""move_vy"": -4.310298155626419, ""kick_power"": 0.0, ""kick_dir"": null}, {""move_vx"": 0.0, ""move_vy"": 0.0, ""kick_power"": 0.4, ""kick_dir"": [-0.43502823243983274, 0.900416764375034]}, {""move_vx"": 0.0, ""move_vy"": 0.0, ""kick_power"": 0.4, ""kick_dir"": [0.9999994464083631, 0.001038901006164495]}, {""move_vx"": 0.0, ""move_vy"": 0.0, ""kick_power"": 0.0, ""kick_dir"": null}, {""move_vx"": 0.0, ""move_vy"": 0.0, ""kick_power"": 0.0, ""kick_dir"": null}, {""move_vx"": -4.313351365237939, ""move_vy"": 4.313351365237939, ""kick_power"": 0.0, ""kick_dir"": null}, {""move_vx"": 0.0, ""move_vy"": 0.0, ""kick_power"": 0.4, ""kick_dir"": [0.9997985645731016, 0.020069901756019682]}, {""move_vx"": 4.242640687119285, ""move_vy"": -4.242640687119285, ""kick_power"": 0.0, ""kick_dir"": null}, {""move_vx"": 0.0, ""move_vy"": 0.0, ""kick_power"": 0.9, ""kick_dir"": [0.46151640523174375, 0.8871313963639007]}, {""move_vx"": 0.0, ""move_vy"": 0.0, ""kick_power"": 0.7, ""kick_dir"": [0.982389812463283, 0.18684276324091983]}, {""move_vx"": 4.242640687119285, ""move_vy"": -4.242640687119285, ""kick_power"": 0.0, ""kick_dir"": null}, {""move_vx"": -0.0, ""move_vy"": 0.0, ""kick_power"": 0.4, ""kick_dir"": [-0.8680193671538822, 0.49653025015196256]}, {""move_vx"": -4.984546049950591, ""move_vy"": 2.3482761072586755, ""kick_power"": 0.0, ""kick_dir"": null}, {""move_vx"": -5.4, ""move_vy"": 0.0, ""kick_power"": 0.0, ""kick_dir"": null}, {""move_vx"": -0.0, ""move_vy"": 0.0, ""kick_power"": 0.6, ""kick_dir"": [-0.9920550864293848, -0.12580413275203775]}, {""move_vx"": -5.1672255322708445, ""move_vy"": -2.6343462753875557, ""kick_power"": 0.0, ""kick_dir"": null}, {""move_vx"": -5.309900184060471, ""move_vy"": 2.7937358563963395, ""kick_power"": 0.0, ""kick_dir"": null}, {""move_vx"": -6.160512201695939, ""move_vy"": -1.318366190690379, ""kick_power"": 0.0, ""kick_dir"": null}, {""move_vx"": -4.242640687119285, ""move_vy"": 4.242640687119285, ""kick_power"": 0.0, ""kick_dir"": null}, {""move_vx"": -0.0, ""move_vy"": 6.4, ""kick_power"": 0.0, ""kick_dir"": null}, {""move_vx"": -5.218116067174743, ""move_vy"": -2.9616321023200682, ""kick_power"": 0.0, ""kick_dir"": null}, {""move_vx"": -0.0, ""move_vy"": -6.4, ""kick_power"": 0.0, ""kick_dir"": null}]"
362,68,default,default,0,32.8140808881524,34.692949740573496,20,B,,0.07421080325030903,-0.019332461790865684,0.3843510875868853,"[{""move_vx"": -1.2927992147288334, ""move_vy"": -4.31029815562642, ""kick_power"": 0.0, ""kick_dir"": null}, {""move_vx"": 0.0, ""move_vy"": 0.0, ""kick_power"": 0.4, ""kick_dir"": [-0.45487667332584, 0.8905543912941546]}, {""move_vx"": 0.0, ""move_vy"": 0.0, ""kick_power"": 0.4, ""kick_dir"": [0.999991521970447, 0.004114386639247547]}, {""move_vx"": 0.0, ""move_vy"": 0.0, ""kick_power"": 0.0, ""kick_dir"": null}, {""move_vx"": 0.0, ""move_vy"": 0.0, ""kick_power"": 0.9, ""kick_dir"": [-0.4537889678551168, 0.8911090860064576]}, {""move_vx"": -4.313351365237939, ""move_vy"": 4.313351365237939, ""kick_power"": 0.0, ""kick_dir"": null}, {""move_vx"": 0.0, ""move_vy"": 0.0, ""kick_power"": 0.65, ""kick_dir"": [0.36469069254085484, 0.9311277470371846]}, {""move_vx"": 4.242640687119285, ""move_vy"": -4.242640687119285, ""kick_power"": 0.0, ""kick_dir"": null}, {""move_vx"": 0.0, ""move_vy"": 0.0, ""kick_power"": 0.9, ""kick_dir"": [0.41428097278357695, 0.9101487824083498]}, {""move_vx"": 0.0, ""move_vy"": 0.0, ""kick_power"": 0.7, ""kick_dir"": [0.982389812463283, 0.18684276324091983]}, {""move_vx"": -6.279738063862218, ""move_vy"": -0.5048661696727321, ""kick_power"": 0.0, ""kick_dir"": null}, {""move_vx"": -0.0, ""move_vy"": 0.0, ""kick_power"": 0.4, ""kick_dir"": [-0.8715932576718654, 0.4902296444510244]}, {""move_vx"": -5.0036156807749546, ""move_vy"": 2.3073643230107783, ""kick_power"": 0.0, ""kick_dir"": null}, {""move_vx"": -5.4, ""move_vy"": 0.0, ""kick_power"": 0.0, ""kick_dir"": null}, {""move_vx"": -0.0, ""move_vy"": 0.0, ""kick_power"": 0.6, ""kick_dir"": [-0.9924032954627499, -0.12302712478062915]}, {""move_vx"": -5.1672255322708445, ""move_vy"": -2.6343462753875557, ""kick_power"": 0.0, ""kick_dir"": null}, {""move_vx"": -6.106791568783712, ""move_vy"": 1.5482560303232065, ""kick_power"": 0.0, ""kick_dir"": null}, {""move_vx"": -6.153885459560344, ""move_vy"": -1.3489602479731473, ""kick_power"": 0.0, ""kick_dir"": null}, {""move_vx"": -4.242640687119285, ""move_vy"": 4.242640687119285, ""kick_power"": 0.0, ""kick_dir"": null}, {""move_vx"": -0.0, ""move_vy"": 6.4, ""kick_power"": 0.0, ""kick_dir"": null}, {""move_vx"": -5.228398777700878, ""move_vy"": -2.943441220975198, ""kick_power"": 0.0, ""kick_dir"": null}, {""move_vx"": -0.0, ""move_vy"": -6.4, ""kick_power"": 0.0, ""kick_dir"": null}]"
362,69,default,default,0,32.41538841323678,34.77520949921866,20,B,,0.07737280260821737,-0.01361759502810157,0.3858256845731943,"[{""move_vx"": 0.0, ""move_vy"": 0.0, ""kick_power"": 0.7, ""kick_dir"": [0.9983931755043404, 0.05666594291712542]}, {""move_vx"": 0.0, ""move_vy"": 0.0, ""kick_power"": 0.9, ""kick_dir"": [0.9998780067661314, 0.0156157893881824]}, {""move_vx"": 0.0, ""move_vy"": 0.0, ""kick_power"": 0.4, ""kick_dir"": [0.9999741639204547, 0.007186357858612714]}, {""move_vx"": 0.0, ""move_vy"": 0.0, ""kick_power"": 0.0, ""kick_dir"": null}, {""move_vx"": -4.545734529777739, ""move_vy"": 1.9081922295162914, ""kick_power"": 0.0, ""kick_dir"": null}, {""move_vx"": -4.313351365237939, ""move_vy"": 4.313351365237939, ""kick_power"": 0.0, ""kick_dir"": null}, {""move_vx"": 0.0, ""move_vy"": 0.0, ""kick_power"": 0.65, ""kick_dir"": [0.416237325633622, 0.9092546717933977]}, {""move_vx"": 4.242640687119285, ""move_vy"": -4.242640687119285, ""kick_power"": 0.0, ""kick_dir"": null}, {""move_vx"": 0.0, ""move_vy"": 0.0, ""kick_power"": 0.9, ""kick_dir"": [0.3693468114600084, 0.9292913889396823]}, {""move_vx"": 0.0, ""move_vy"": 0.0, ""kick_power"": 0.7, ""kick_dir"": [0.982389812463283, 0.18684276324091983]}, {""move_vx"": 0.0, ""move_vy"": 0.0, ""kick_power"": 0.0, ""kick_dir"": null}, {""move_vx"": -0.0, ""move_vy"": 0.0, ""kick_power"": 0.4, ""kick_dir"": [-0.8749436342876784, 0.48422468752369907]}, {""move_vx"": -5.023044323467363, ""move_vy"": 2.2647573213221537, ""kick_power"": 0.0, ""kick_dir"": null}, {""move_vx"": -5.342623234726209, ""move_vy"": 0.7850967913344578, ""kick_power"": 0.0, ""kick_dir"": null}, {""move_vx"": -5.3173212816194715, ""move_vy"": -0.9413258670814654, ""kick_power"": 0.0, ""kick_dir"": null}, {""move_vx"": -5.1672255322708445, ""move_vy"": -2.6343462753875557, ""kick_power"": 0.0, ""kick_dir"": null}, {""move_vx"": -6.126133201686566, ""move_vy"": 1.469861216303603, ""kick_power"": 0.0, ""kick_dir"": null}, {""move_vx"": -6.147808261169312, ""move_vy"": -1.3763915082193585, ""kick_power"": 0.0, ""kick_dir"": null}, {""move_vx"": -4.242640687119285, ""move_vy"": 4.242640687119285, ""kick_power"": 0.0, ""kick_dir"": null}, {""move_vx"": -0.0, ""move_vy"": 6.4, ""kick_power"": 0.0, ""kick_dir"": null}, {""move_vx"": -6.0, ""move_vy"": 0.0, ""kick_power"": 0.0, ""kick_dir"": null}, {""move_vx"": -0.0, ""move_vy"": -6.4, ""kick_power"": 0.0, ""kick_dir"": null}]"
362,70,default,default,0,32.09962878717619,34.696006865008805,20,B,,0.07980342845799762,-0.014265203529956761,0.3945886662691954,"[{""move_vx"": 0.0, ""move_vy"": 0.0, ""kick_power"": 0.7, ""kick_dir"": [0.9984106727379928, 0.05635681426131538]}, {""move_vx"": 0.0, ""move_vy"": 0.0, ""kick_power"": 0.4, ""kick_dir"": [-0.4848022236132911, 0.8746237563039411]}, {""move_vx"": 0.0, ""move_vy"": 0.0, ""kick_power"": 0.4, ""kick_dir"": [0.9999474566758693, 0.010249692312192681]}, {""move_vx"": 0.0, ""move_vy"": 0.0, ""kick_power"": 0.4, ""kick_dir"": [-0.297418408638636, -0.9547471359130646]}, {""move_vx"": -4.545734529777739, ""move_vy"": 1.90819222951629, ""kick_power"": 0.0, ""kick_dir"": null}, {""move_vx"": -4.313351365237939, ""move_vy"": 4.313351365237939, ""kick_power"": 0.0, ""kick_dir"": null}, {""move_vx"": 0.0, ""move_vy"": 0.0, ""kick_power"": 0.65, ""kick_dir"": [0.597503156455391, 0.8018642071117578]}, {""move_vx"": 4.242640687119285, ""move_vy"": -4.242640687119285, ""kick_power"": 0.0, ""kick_dir"": null}, {""move_vx"": 0.0, ""move_vy"": 0.0, ""kick_power"": 0.9, ""kick_dir"": [0.3003376211316733, 0.9538327252995362]}, {""move_vx"": 0.0, ""move_vy"": 0.0, ""kick_power"": 0.7, ""kick_dir"": [0.982389812463283, 0.18684276324091983]}, {""move_vx"": -6.27596578738151, ""move_vy"": -0.5497758048666752, ""kick_power"": 0.0, ""kick_dir"": null}, {""move_vx"": -0.0, ""move_vy"": 0.0, ""kick_power"": 0.4, ""kick_dir"": [-0.8773591484342044, 0.4798341765959792]}, {""move_vx"": -5.028364211391906, ""move_vy"": 2.252921072206715, ""kick_power"": 0.0, ""kick_dir"": null}, {""move_vx"": -5.4, ""move_vy"": 0.0, ""kick_power"": 0.0, ""kick_dir"": null}, {""move_vx"": -5.318470922477985, ""move_vy"": -0.9348085615548123, ""kick_power"": 0.0, ""kick_dir"": null}, {""move_vx"": -5.1672255322708445, ""move_vy"": -2.6343462753875557, ""kick_power"": 0.0, ""kick_dir"": null}, {""move_vx"": -6.127000686274255, ""move_vy"": 1.4662409728263688, ""kick_power"": 0.0, ""kick_dir"": null}, {""move_vx"": -5.633185836260988, ""move_vy"": -2.065724409050877, ""kick_power"": 0.0, ""kick_dir"": null}, {""move_vx"": -4.242640687119285, ""move_vy"": 4.242640687119285, ""kick_power"": 0.0, ""kick_dir"": null}, {""move_vx"": -6.573492943531439, ""move_vy"": -1.3955610059550938, ""kick_power"": 0.0, ""kick_dir"": null}, {""move_vx"": -6.0, ""move_vy"": 0.0, ""kick_power"": 0.0, ""kick_dir"": null}, {""move_vx"": -0.0, ""move_vy"": -6.4, ""kick_power"": 0.0, ""kick_dir"": null}]"
362,71,default,default,0,31.7874764123138,34.68223611574609,20,B,,0.08219759957093897,-0.012486558215050304,0.38448267735437675,"[{""move_vx"": 0.0, ""move_vy"": 0.0, ""kick_power"": 0.7, ""kick_dir"": [0.998426525023771, 0.05607527129005105]}, {""move_vx"": 0.0, ""move_vy"": 0.0, ""kick_power"": 0.4, ""kick_dir"": [-0.494699471341261, 0.8690640622299285]}, {""move_vx"": 0.0, ""move_vy"": 0.0, ""kick_power"": 0.4, ""kick_dir"": [0.9999115309934036, 0.013300471751970331]}, {""move_vx"": 0.0, ""move_vy"": 0.0, ""kick_power"": 0.0, ""kick_dir"": null}, {""move_vx"": -4.54573452977774, ""move_vy"": 1.9081922295162888, ""kick_power"": 0.0, ""kick_dir"": null}, {""move_vx"": -4.313351365237939, ""move_vy"": 4.313351365237939, ""kick_power"": 0.0, ""kick_dir"": null}, {""move_vx"": 0.0, ""move_vy"": 0.0, ""kick_power"": 0.65, ""kick_dir"": [0.9353060623044019, 0.35382971467021085]}, {""move_vx"": 4.242640687119285, ""move_vy"": -4.242640687119285, ""kick_power"": 0.0, ""kick_dir"": null}, {""move_vx"": 0.0, ""move_vy"": 0.0, ""kick_power"": 0.9, ""kick_dir"": [0.2306704711146057, 0.97303170165167]}, {""move_vx"": 0.0, ""move_vy"": 0.0, ""kick_power"": 0.7, ""kick_dir"": [0.982389812463283, 0.18684276324091983]}, {""move_vx"": -6.272500557317419, ""move_vy"": -0.5879938421894229, ""kick_power"": 0.0, ""kick_dir"": null}, {""move_vx"": -0.0, ""move_vy"": 0.0, ""kick_power"": 0.9, ""kick_dir"": [-0.9549829930459486, -0.29666050351530426]}, {""move_vx"": -5.0403495662405655, ""move_vy"": 2.225977594248994, ""kick_power"": 0.0, ""kick_dir"": null}, {""move_vx"": -5.4, ""move_vy"": 0.0, ""kick_power"": 0.0, ""kick_dir"": null}, {""move_vx"": -5.318292544915504, ""move_vy"": -0.9358228500609376, ""kick_power"": 0.0, ""kick_dir"": null}, {""move_vx"": -5.1672255322708445, ""move_vy"": -2.6343462753875557, ""kick_power"": 0.0, ""kick_dir"": null}, {""move_vx"": -6.136924473916494, ""move_vy"": 1.4241341234043856, ""kick_power"": 0.0, ""kick_dir"": null}, {""move_vx"": -0.0, ""move_vy"": 0.0, ""kick_power"": 0.65, ""kick_dir"": [0.9538876993659934, 0.3001635149264862]}, {""move_vx"": -4.242640687119285, ""move_vy"": 4.242640687119285, ""kick_power"": 0.0, ""kick_dir"": null}, {""move_vx"": 4.525483399593904, ""move_vy"": 4.525483399593904, ""kick_power"": 0.0, ""kick_dir"": null}, {""move_vx"": -5.386122361668261, ""move_vy"": 0.38689262740084435, ""kick_power"": 0.0, ""kick_dir"": null}, {""move_vx"": -0.0, ""move_vy"": -6.4, ""kick_power"": 0.0, ""kick_dir"": null}]"
362,72,default,default,0,31.45938670827775,34.66677993174,20,B,,0.08473444272941527,-0.013018758286751626,0.38926332287754695,"[{""move_vx"": 0.0, ""move_vy"": 0.0, ""kick_power"": 0.7, ""kick_dir"": [0.9984364323136619, 0.05589859140143937]}, {""move_vx"": 0.0, ""move_vy"": 0.0, ""kick_power"": 0.4, ""kick_dir"": [-0.5046146395280848, 0.8633446454719835]}, {""move_vx"": 0.0, ""move_vy"": 0.0, ""kick_power"": 0.4, ""kick_dir"": [0.9998664606820373, 0.01634115120935259]}, {""move_vx"": 0.0, ""move_vy"": 0.0, ""kick_power"": 0.4, ""kick_dir"": [0.969240429072673, 0.24611537226090333]}, {""move_vx"": -4.54573452977774, ""move_vy"": 1.9081922295162874, ""kick_power"": 0.0, ""kick_dir"": null}, {""move_vx"": -4.313351365237939, ""move_vy"": 4.313351365237939, ""kick_power"": 0.0, ""kick_dir"": null}, {""move_vx"": 0.0, ""move_vy"": 0.0, ""kick_power"": 0.0, ""kick_dir"": null}, {""move_vx"": 4.242640687119285, ""move_vy"": -4.242640687119285, ""kick_power"": 0.0, ""kick_dir"": null}, {""move_vx"": 0.0, ""move_vy"": 0.0, ""kick_power"": 0.9, ""kick_dir"": [0.16146953928758337, 0.9868774760917368]}, {""move_vx"": 0.0, ""move_vy"": 0.0, ""kick_power"": 0.7, ""kick_dir"": [0.982389812463283, 0.18684276324091983]}, {""move_vx"": -6.270676428035028, ""move_vy"": -0.6071384808146194, ""kick_power"": 0.0, ""kick_dir"": null}, {""move_vx"": -0.0, ""move_vy"": 0.0, ""kick_power"": 0.4, ""kick_dir"": [-0.8821469707410577, 0.47097413584615805]}, {""move_vx"": -5.048539269682635, ""move_vy"": 2.2073403096197737, ""kick_power"": 0.0, ""kick_dir"": null}, {""move_vx"": -5.4, ""move_vy"": 0.0, ""kick_power"": 0.0, ""kick_dir"": null}, {""move_vx"": -5.318603179314973, ""move_vy"": -0.9340557911498976, ""kick_power"": 0.0, ""kick_dir"": null}, {""move_vx"": -5.1672255322708445, ""move_vy"": -2.6343462753875557, ""kick_power"": 0.0, ""kick_dir"": null}, {""move_vx"": -6.1423647232638166, ""move_vy"": 1.4004840614602618, ""kick_power"": 0.0, ""kick_dir"": null}, {""move_vx"": -5.633185836260989, ""move_vy"": -2.065724409050877, ""kick_power"": 0.0, ""kick_dir"": null}, {""move_vx"": -4.242640687119285, ""move_vy"": 4.242640687119285, ""kick_power"": 0.0, ""kick_dir"": null}, {""move_vx"": 4.525483399593904, ""move_vy"": 4.525483399593904, ""kick_power"": 0.0, ""kick_dir"": null}, {""move_vx"": -5.384359626112451, ""move_vy"": 0.4106962584321947, ""kick_power"": 0.0, ""kick_dir"": null}, {""move_vx"": -0.0, ""move_vy"": -6.4, ""kick_power"": 0.0, ""kick_dir"": null}]"
362,73,default,default,0,31.269083196018716,35.11029337001326,20,B,,0.08598920463945903,-0.0032194093403169724,0.3885750682851851,"[{""move_vx"": 0.0, ""move_vy"": 0.0, ""kick_power"": 0.7, ""kick_dir"": [0.9984436770689118, 0.05576903785838695]}, {""move_vx"": 0.0, ""move_vy"": 0.0, ""kick_power"": 0.4, ""kick_dir"": [-0.5144908775144846, 0.8574958007682233]}, {""move_vx"": 0.0, ""move_vy"": 0.0, ""kick_power"": 0.4, ""kick_dir"": [0.9998123671501025, 0.019370156701138293]}, {""move_vx"": 0.0, ""move_vy"": 0.0, ""kick_power"": 0.0, ""kick_dir"": null}, {""move_vx"": -4.545734529777741, ""move_vy"": 1.9081922295162856, ""kick_power"": 0.0, ""kick_dir"": null}, {""move_vx"": -4.313351365237939, ""move_vy"": 4.313351365237939, ""kick_power"": 0.0, ""kick_dir"": null}, {""move_vx"": 0.0, ""move_vy"": 0.0, ""kick_power"": 0.0, ""kick_dir"": null}, {""move_vx"": 4.242640687119285, ""move_vy"": -4.242640687119285, ""kick_power"": 0.0, ""kick_dir"": null}, {""move_vx"": 0.0, ""move_vy"": 0.0, ""kick_power"": 0.4, ""kick_dir"": [0.09376132692105506, 0.9955944890555205]}, {""move_vx"": 5.929568365993603, ""move_vy"": -0.9166346016859435, ""kick_power"": 0.0, ""kick_dir"": null}, {""move_vx"": -6.269442879651645, ""move_vy"": -0.6197467053444597, ""kick_power"": 0.0, ""kick_dir"": null}, {""move_vx"": -0.0, ""move_vy"": 0.0, ""kick_power"": 0.4, ""kick_dir"": [-0.8845103235181205, 0.4665205282607718]}, {""move_vx"": -5.057078309634529, ""move_vy"": 2.1877063263207805, ""kick_power"": 0.0, ""kick_dir"": null}, {""move_vx"": -5.4, ""move_vy"": 0.0, ""kick_power"": 0.0, ""kick_dir"": null}, {""move_vx"": 3.8183766184073566, ""move_vy"": -3.8183766184073566, ""kick_power"": 0.0, ""kick_dir"": null}, {""move_vx"": -5.1672255322708445, ""move_vy"": -2.6343462753875557, ""kick_power"": 0.0, ""kick_dir"": null}, {""move_vx"": -6.147994456261363, ""move_vy"": 1.375559582780609, ""kick_power"": 0.0, ""kick_dir"": null}, {""move_vx"": -0.0, ""move_vy"": 0.0, ""kick_power"": 0.65, ""kick_dir"": [0.9517751545825673, 0.30679623768856534]}, {""move_vx"": -4.242640687119285, ""move_vy"": 4.242640687119285, ""kick_power"": 0.0, ""kick_dir"": null}, {""move_vx"": 6.4, ""move_vy"": 0.0, ""kick_power"": 0.0, ""kick_dir"": null}, {""move_vx"": -4.242640687119285, ""move_vy"": 4.242640687119285, ""kick_power"": 0.0, ""kick_dir"": null}, {""move_vx"": -0.0, ""move_vy"": -6.4, ""kick_power"": 0.0, ""kick_dir"": null}]"
362,74,default,default,0,31.02416448838813,35.21904470777658,20,B,,0.08775843071187839,-0.019726914956059795,0.38807869102332304,"[{""move_vx"": 0.0, ""move_vy"": 0.0, ""kick_power"": 0.7, ""kick_dir"": [0.9984667911631214, 0.055353669952675044]}, {""move_vx"": 0.0, ""move_vy"": 0.0, ""kick_power"": 0.4, ""kick_dir"": [-0.5239980002747846, 0.8517194416226072]}, {""move_vx"": 0.0, ""move_vy"": 0.0, ""kick_power"": 0.4, ""kick_dir"": [0.9997496181759351, 0.022375734438647057]}, {""move_vx"": 0.0, ""move_vy"": -5.4, ""kick_power"": 0.0, ""kick_dir"": null}, {""move_vx"": 5.178345823287149, ""move_vy"": -2.612419287642114, ""kick_power"": 0.0, ""kick_dir"": null}, {""move_vx"": -4.313351365237939, ""move_vy"": 4.313351365237939, ""kick_power"": 0.0, ""kick_dir"": null}, {""move_vx"": 0.0, ""move_vy"": 0.0, ""kick_power"": 0.0, ""kick_dir"": null}, {""move_vx"": 4.242640687119285, ""move_vy"": -4.242640687119285, ""kick_power"": 0.0, ""kick_dir"": null}, {""move_vx"": 0.0, ""move_vy"": 0.0, ""kick_power"": 0.4, ""kick_dir"": [0.028411897364796296, 0.9995960918377784]}, {""move_vx"": 5.929568365993603, ""move_vy"": -0.9166346016859441, ""kick_power"": 0.0, ""kick_dir"": null}, {""move_vx"": 5.45063181138303, ""move_vy"": -2.508109418813172, ""kick_power"": 0.0, ""kick_dir"": null}, {""move_vx"": -0.0, ""move_vy"": 0.0, ""kick_power"": 0.4, ""kick_dir"": [-0.8850285895377655, 0.465536583053864]}, {""move_vx"": -5.037517435485163, ""move_vy"": 2.232379467559893, ""kick_power"": 0.0, ""kick_dir"": null}, {""move_vx"": -5.4, ""move_vy"": 0.0, ""kick_power"": 0.0, ""kick_dir"": null}, {""move_vx"": 5.4, ""move_vy"": 0.0, ""kick_power"": 0.0, ""kick_dir"": null}, {""move_vx"": -5.1672255322708445, ""move_vy"": -2.634346275387556, ""kick_power"": 0.0, ""kick_dir"": null}, {""move_vx"": -6.122023510033435, ""move_vy"": 1.4868853831408506, ""kick_power"": 0.0, ""kick_dir"": null}, {""move_vx"": -5.633185836260989, ""move_vy"": -2.0657244090508775, ""kick_power"": 0.0, ""kick_dir"": null}, {""move_vx"": -4.242640687119285, ""move_vy"": 4.242640687119285, ""kick_power"": 0.0, ""kick_dir"": null}, {""move_vx"": 4.525483399593904, ""move_vy"": 4.525483399593904, ""kick_power"": 0.0, ""kick_dir"": null}, {""move_vx"": -4.242640687119285, ""move_vy"": 4.242640687119285, ""kick_power"": 0.0, ""kick_dir"": null}, {""move_vx"": -0.0, ""move_vy"": -6.4, ""kick_power"": 0.0, ""kick_dir"": null}]"
362,75,default,default,0,30.763835961739634,35.326717598226125,20,B,,0.08966264827257928,-0.025698582968188083,0.3922376042343802,"[{""move_vx"": 0.0, ""move_vy"": 0.0, ""kick_power"": 0.7, ""kick_dir"": [0.9985110626903256, 0.05454923911184848]}, {""move_vx"": 0.0, ""move_vy"": 0.0, ""kick_power"": 0.4, ""kick_dir"": [-0.5330253906037602, 0.8460991931952243]}, {""move_vx"": 0.0, ""move_vy"": 0.0, ""kick_power"": 0.4, ""kick_dir"": [0.9996785560546726, 0.025352655824194856]}, {""move_vx"": 0.0, ""move_vy"": 0.0, ""kick_power"": 0.0, ""kick_dir"": null}, {""move_vx"": 5.17834582328715, ""move_vy"": -2.6124192876421137, ""kick_power"": 0.0, ""kick_dir"": null}, {""move_vx"": -4.313351365237939, ""move_vy"": 4.313351365237939, ""kick_power"": 0.0, ""kick_dir"": null}, {""move_vx"": 0.0, ""move_vy"": 0.0, ""kick_power"": 0.0, ""kick_dir"": null}, {""move_vx"": 4.242640687119285, ""move_vy"": -4.242640687119285, ""kick_power"": 0.0, ""kick_dir"": null}, {""move_vx"": 0.0, ""move_vy"": 0.0, ""kick_power"": 0.4, ""kick_dir"": [0.1037062454016795, 0.9946077537474026]}, {""move_vx"": 5.929568365993603, ""move_vy"": -0.9166346016859446, ""kick_power"": 0.0, ""kick_dir"": null}, {""move_vx"": 5.44589235683639, ""move_vy"": -2.518383695498162, ""kick_power"": 0.0, ""kick_dir"": null}, {""move_vx"": -4.4989391160004235, ""move_vy"": 0.09770788361910215, ""kick_power"": 0.0, ""kick_dir"": null}, {""move_vx"": -5.037505664659707, ""move_vy"": 2.232406029046097, ""kick_power"": 0.0, ""kick_dir"": null}, {""move_vx"": -5.4, ""move_vy"": 0.0, ""kick_power"": 0.0, ""kick_dir"": null}, {""move_vx"": -5.328705780982611, ""move_vy"": -0.874582585993171, ""kick_power"": 0.0, ""kick_dir"": null}, {""move_vx"": -5.1672255322708445, ""move_vy"": -2.6343462753875557, ""kick_power"": 0.0, ""kick_dir"": null}, {""move_vx"": -6.118682959762802, ""move_vy"": 1.5005728365888549, ""kick_power"": 0.0, ""kick_dir"": null}, {""move_vx"": -0.0, ""move_vy"": 0.0, ""kick_power"": 0.65, ""kick_dir"": [0.9589459967152191, 0.28358853700755926]}, {""move_vx"": -4.242640687119285, ""move_vy"": 4.242640687119285, ""kick_power"": 0.0, ""kick_dir"": null}, {""move_vx"": 4.525483399593904, ""move_vy"": 4.525483399593904, ""kick_power"": 0.0, ""kick_dir"": null}, {""move_vx"": -4.137035042990742, ""move_vy"": 3.9210892686939154, ""kick_power"": 0.0, ""kick_dir"": null}, {""move_vx"": -0.0, ""move_vy"": -6.4, ""kick_power"": 0.0, ""kick_dir"": null}]"
362,76,default,default,0,30.49164515306741,35.499369026160004,20,B,,0.09165250342410848,-0.013766736186196128,0.3984731881493734,"[{""move_vx"": 0.0, ""move_vy"": 0.0, ""kick_power"": 0.9, ""kick_dir"": [0.8104220666846919, -0.5858464084848513]}, {""move_vx"": 0.0, ""move_vy"": 0.0, ""kick_power"": 0.4, ""kick_dir"": [-0.5418477212265003, 0.8404766260908536]}, {""move_vx"": 0.0, ""move_vy"": 0.0, ""kick_power"": 0.4, ""kick_dir"": [0.999599182345664, 0.02830984467154885]}, {""move_vx"": 0.0, ""move_vy"": -5.4, ""kick_power"": 0.0, ""kick_dir"": null}, {""move_vx"": 5.178345823287151, ""move_vy"": -2.6124192876421133, ""kick_power"": 0.0, ""kick_dir"": null}, {""move_vx"": -4.313351365237939, ""move_vy"": 4.313351365237939, ""kick_power"": 0.0, ""kick_dir"": null}, {""move_vx"": 0.0, ""move_vy"": 0.0, ""kick_power"": 0.0, ""kick_dir"": null}, {""move_vx"": 4.242640687119285, ""move_vy"": -4.242640687119285, ""kick_power"": 0.0, ""kick_dir"": null}, {""move_vx"": 0.0, ""move_vy"": 0.0, ""kick_power"": 0.4, ""kick_dir"": [0.18292067732068326, 0.9831274501490979]}, {""move_vx"": 5.929568365993603, ""move_vy"": -0.9166346016859451, ""kick_power"": 0.0, ""kick_dir"": null}, {""move_vx"": -5.348287073485164, ""move_vy"": -1.971249699959772, ""kick_power"": 0.0, ""kick_dir"": null}, {""move_vx"": -0.0, ""move_vy"": 0.0, ""kick_power"": 0.4, ""kick_dir"": [-0.8845505739763732, 0.4664442047586658]}, {""move_vx"": -6.6213672389713105, ""move_vy"": 2.1445502760899418, ""kick_power"": 0.0, ""kick_dir"": null}, {""move_vx"": -5.4, ""move_vy"": 0.0, ""kick_power"": 0.0, ""kick_dir"": null}, {""move_vx"": -5.3297607249530605, ""move_vy"": -0.8681305286348521, ""kick_power"": 0.0, ""kick_dir"": null}, {""move_vx"": -5.1672255322708445, ""move_vy"": -2.634346275387556, ""kick_power"": 0.0, ""kick_dir"": null}, {""move_vx"": -6.115667042261506, ""move_vy"": 1.5128174470822369, ""kick_power"": 0.0, ""kick_dir"": null}, {""move_vx"": -5.633185836260988, ""move_vy"": -2.0657244090508775, ""kick_power"": 0.0, ""kick_dir"": null}, {""move_vx"": -4.242640687119285, ""move_vy"": 4.242640687119285, ""kick_power"": 0.0, ""kick_dir"": null}, {""move_vx"": 4.525483399593904, ""move_vy"": 4.525483399593904, ""kick_power"": 0.0, ""kick_dir"": null}, {""move_vx"": -4.242640687119285, ""move_vy"": 4.242640687119285, ""kick_power"": 0.0, ""kick_dir"": null}, {""move_vx"": -0.0, ""move_vy"": -6.4, ""kick_power"": 0.0, ""kick_dir"": null}]"
362,77,default,default,0,30.204437083167555,35.69912022652158,20,B,,0.09375916267632976,-0.014216583230937354,0.4035772191788502,"[{""move_vx"": 0.0, ""move_vy"": 0.0, ""kick_power"": 0.9, ""kick_dir"": [0.8092247052925007, -0.5874992058314024]}, {""move_vx"": 0.0, ""move_vy"": 0.0, ""kick_power"": 0.4, ""kick_dir"": [-0.5504323978381706, 0.8348796845611706]}, {""move_vx"": 5.189142597471358, ""move_vy"": 1.4942553674349668, ""kick_power"": 0.0, ""kick_dir"": null}, {""move_vx"": 0.0, ""move_vy"": 0.0, ""kick_power"": 0.0, ""kick_dir"": null}, {""move_vx"": 5.17834582328715, ""move_vy"": -2.612419287642112, ""kick_power"": 0.0, ""kick_dir"": null}, {""move_vx"": -4.313351365237939, ""move_vy"": 4.313351365237939, ""kick_power"": 0.0, ""kick_dir"": null}, {""move_vx"": 0.0, ""move_vy"": 0.0, ""kick_power"": 0.0, ""kick_dir"": null}, {""move_vx"": 4.242640687119285, ""move_vy"": -4.242640687119285, ""kick_power"": 0.0, ""kick_dir"": null}, {""move_vx"": 0.0, ""move_vy"": 0.0, ""kick_power"": 0.4, ""kick_dir"": [0.2647311868253027, 0.9643220141136105]}, {""move_vx"": 5.929568365993603, ""move_vy"": -0.9166346016859457, ""kick_power"": 0.0, ""kick_dir"": null}, {""move_vx"": -5.36294856671311, ""move_vy"": -1.931005611278692, ""kick_power"": 0.0, ""kick_dir"": null}, {""move_vx"": -4.498938472953991, ""move_vy"": 0.09773748807087945, ""kick_power"": 0.0, ""kick_dir"": null}, {""move_vx"": -6.615471094670156, ""move_vy"": 2.1626701541343856, ""kick_power"": 0.0, ""kick_dir"": null}, {""move_vx"": -5.4, ""move_vy"": 0.0, ""kick_power"": 0.0, ""kick_dir"": null}, {""move_vx"": -5.331275144292034, ""move_vy"": -0.8587813085145414, ""kick_power"": 0.0, ""kick_dir"": null}, {""move_vx"": -5.1672255322708445, ""move_vy"": -2.6343462753875566, ""kick_power"": 0.0, ""kick_dir"": null}, {""move_vx"": -6.108283293335921, ""move_vy"": 1.542360271905784, ""kick_power"": 0.0, ""kick_dir"": null}, {""move_vx"": -5.633185836260988, ""move_vy"": -2.065724409050878, ""kick_power"": 0.0, ""kick_dir"": null}, {""move_vx"": -5.529398714460376, ""move_vy"": -3.019230010536455, ""kick_power"": 0.0, ""kick_dir"": null}, {""move_vx"": 4.440481671197077, ""move_vy"": -3.1425662328362813, ""kick_power"": 0.0, ""kick_dir"": null}, {""move_vx"": -4.242640687119285, ""move_vy"": 4.242640687119285, ""kick_power"": 0.0, ""kick_dir"": null}, {""move_vx"": -0.0, ""move_vy"": -6.4, ""kick_power"": 0.0, ""kick_dir"": null}]"
362,78,default,default,0,29.75893590469542,35.375719934824176,20,B,,0.09742246648937562,-0.03418583656152365,0.39610163202134674,"[{""move_vx"": 0.0, ""move_vy"": 0.0, ""kick_power"": 0.9, ""kick_dir"": [0.8078892048969221, -0.5893343474930584]}, {""move_vx"": 0.0, ""move_vy"": 0.0, ""kick_power"": 0.4, ""kick_dir"": [-0.5587255454503839, 0.8293525652346756]}, {""move_vx"": 0.0, ""move_vy"": 0.0, ""kick_power"": 0.4, ""kick_dir"": [0.9995490344256003, 0.030028325938647453]}, {""move_vx"": 0.0, ""move_vy"": 0.0, ""kick_power"": 0.9, ""kick_dir"": [0.27980908918547476, 0.9600556034773348]}, {""move_vx"": 5.178345823287151, ""move_vy"": -2.612419287642112, ""kick_power"": 0.0, ""kick_dir"": null}, {""move_vx"": -4.313351365237939, ""move_vy"": 4.313351365237939, ""kick_power"": 0.0, ""kick_dir"": null}, {""move_vx"": -3.176696860332929, ""move_vy"": -5.440459268991076, ""kick_power"": 0.0, ""kick_dir"": null}, {""move_vx"": 4.242640687119285, ""move_vy"": -4.242640687119285, ""kick_power"": 0.0, ""kick_dir"": null}, {""move_vx"": 0.0, ""move_vy"": 0.0, ""kick_power"": 0.4, ""kick_dir"": [0.3474354711762059, 0.9377036500591898]}, {""move_vx"": 5.929568365993603, ""move_vy"": -0.9166346016859463, ""kick_power"": 0.0, ""kick_dir"": null}, {""move_vx"": -4.477640302659155, ""move_vy"": 2.4414621274970507, ""kick_power"": 0.0, ""kick_dir"": null}, {""move_vx"": -4.49894375070539, ""move_vy"": 0.09749424592722976, ""kick_power"": 0.0, ""kick_dir"": null}, {""move_vx"": -6.607987658779972, ""move_vy"": 2.1854288140801055, ""kick_power"": 0.0, ""kick_dir"": null}, {""move_vx"": -5.4, ""move_vy"": 0.0, ""kick_power"": 0.0, ""kick_dir"": null}, {""move_vx"": -5.3329792973724, ""move_vy"": -0.8481343135361226, ""kick_power"": 0.0, ""kick_dir"": null}, {""move_vx"": -4.1012193308819755, ""move_vy"": -4.1012193308819755, ""kick_power"": 0.0, ""kick_dir"": null}, {""move_vx"": -6.099143955781485, ""move_vy"": 1.5781137495929052, ""kick_power"": 0.0, ""kick_dir"": null}, {""move_vx"": -5.633185836260988, ""move_vy"": -2.065724409050878, ""kick_power"": 0.0, ""kick_dir"": null}, {""move_vx"": -5.567589839281017, ""move_vy"": -2.9482101996863777, ""kick_power"": 0.0, ""kick_dir"": null}, {""move_vx"": 4.525483399593904, ""move_vy"": 4.525483399593904, ""kick_power"": 0.0, ""kick_dir"": null}, {""move_vx"": -4.242640687119285, ""move_vy"": 4.242640687119285, ""kick_power"": 0.0, ""kick_dir"": null}, {""move_vx"": -0.0, ""move_vy"": -6.4, ""kick_power"": 0.0, ""kick_dir"": null}]"
362,79,default,default,0,29.39947595669189,35.48168833772742,20,B,,0.10021539684170311,-0.026532761834018558,0.3885521359874902,"[{""move_vx"": 0.0, ""move_vy"": 0.0, ""kick_power"": 0.9, ""kick_dir"": [0.806649127571713, -0.5910305622553561]}, {""move_vx"": 0.0, ""move_vy"": 0.0, ""kick_power"": 0.4, ""kick_dir"": [-0.5670392655168737, 0.8236907091032004]}, {""move_vx"": 0.0, ""move_vy"": 0.0, ""kick_power"": 0.4, ""kick_dir"": [0.9994618989524107, 0.03280068882377454]}, {""move_vx"": 0.0, ""move_vy"": 0.0, ""kick_power"": 0.0, ""kick_dir"": null}, {""move_vx"": 0.08386553787161687, ""move_vy"": -5.5093617208854155, ""kick_power"": 0.0, ""kick_dir"": null}, {""move_vx"": -4.313351365237939, ""move_vy"": 4.313351365237939, ""kick_power"": 0.0, ""kick_dir"": null}, {""move_vx"": 0.0, ""move_vy"": 0.0, ""kick_power"": 0.0, ""kick_dir"": null}, {""move_vx"": 4.242640687119285, ""move_vy"": -4.242640687119285, ""kick_power"": 0.0, ""kick_dir"": null}, {""move_vx"": 0.0, ""move_vy"": 0.0, ""kick_power"": 0.4, ""kick_dir"": [0.4290846646759892, 0.9032640199449731]}, {""move_vx"": 5.929568365993603, ""move_vy"": -0.9166346016859468, ""kick_power"": 0.0, ""kick_dir"": null}, {""move_vx"": 5.4649179605665905, ""move_vy"": -2.4768269387013495, ""kick_power"": 0.0, ""kick_dir"": null}, {""move_vx"": -4.498949005498866, ""move_vy"": 0.09725145716527496, ""kick_power"": 0.0, ""kick_dir"": null}, {""move_vx"": -5.0512962515798225, ""move_vy"": 2.2010238932768607, ""kick_power"": 0.0, ""kick_dir"": null}, {""move_vx"": -0.0, ""move_vy"": 0.0, ""kick_power"": 0.9, ""kick_dir"": [-0.8695074567752922, -0.49391974636119773]}, {""move_vx"": -5.331225708634305, ""move_vy"": -0.8590881465813949, ""kick_power"": 0.0, ""kick_dir"": null}, {""move_vx"": -0.0, ""move_vy"": 5.8, ""kick_power"": 0.0, ""kick_dir"": null}, {""move_vx"": -6.129819236424063, ""move_vy"": 1.4544126404722693, ""kick_power"": 0.0, ""kick_dir"": null}, {""move_vx"": -5.633185836260988, ""move_vy"": -2.065724409050878, ""kick_power"": 0.0, ""kick_dir"": null}, {""move_vx"": -4.242640687119285, ""move_vy"": 4.242640687119285, ""kick_power"": 0.0, ""kick_dir"": null}, {""move_vx"": 4.525483399593904, ""move_vy"": 4.525483399593904, ""kick_power"": 0.0, ""kick_dir"": null}, {""move_vx"": -5.388329429791906, ""move_vy"": 0.3548322928348582, ""kick_power"": 0.0, ""kick_dir"": null}, {""move_vx"": -0.0, ""move_vy"": -6.4, ""kick_power"": 0.0, ""kick_dir"": null}]"
362,80,default,default,0,29.29107244548222,36.149369308598985,20,B,,0.10056351240388915,-0.006206752333750572,0.40669233262583027,"[{""move_vx"": 0.0, ""move_vy"": 0.0, ""kick_power"": 0.9, ""kick_dir"": [0.805552052227332, -0.592524962917415]}, {""move_vx"": 0.0, ""move_vy"": 0.0, ""kick_power"": 0.4, ""kick_dir"": [-0.5754359039363742, 0.8178468277345099]}, {""move_vx"": 0.0, ""move_vy"": 0.0, ""kick_power"": 0.0, ""kick_dir"": null}, {""move_vx"": 0.0, ""move_vy"": 0.0, ""kick_power"": 0.9, ""kick_dir"": [0.2836722465134362, 0.9589212392510894]}, {""move_vx"": -0.016320704198517166, ""move_vy"": -5.509975828859366, ""kick_power"": 0.0, ""kick_dir"": null}, {""move_vx"": -4.313351365237939, ""move_vy"": 4.313351365237939, ""kick_power"": 0.0, ""kick_dir"": null}, {""move_vx"": 0.0, ""move_vy"": 0.0, ""kick_power"": 0.0, ""kick_dir"": null}, {""move_vx"": 4.242640687119285, ""move_vy"": -4.242640687119285, ""kick_power"": 0.0, ""kick_dir"": null}, {""move_vx"": 0.0, ""move_vy"": 0.0, ""kick_power"": 0.4, ""kick_dir"": [0.46533209556774424, 0.8851358893356104]}, {""move_vx"": -4.242640687119285, ""move_vy"": -4.242640687119285, ""kick_power"": 0.0, ""kick_dir"": null}, {""move_vx"": 5.46485976373169, ""move_vy"": -2.476955341290274, ""kick_power"": 0.0, ""kick_dir"": null}, {""move_vx"": -4.498954237419906, ""move_vy"": 0.09700912122817931, ""kick_power"": 0.0, ""kick_dir"": null}, {""move_vx"": -5.054067896804437, ""move_vy"": 2.194652066841295, ""kick_power"": 0.0, ""kick_dir"": null}, {""move_vx"": -5.4, ""move_vy"": 0.0, ""kick_power"": 0.0, ""kick_dir"": null}, {""move_vx"": -5.332369476283209, ""move_vy"": -0.8519599570420767, ""kick_power"": 0.0, ""kick_dir"": null}, {""move_vx"": -0.0, ""move_vy"": 5.8, ""kick_power"": 0.0, ""kick_dir"": null}, {""move_vx"": -6.128419417554133, ""move_vy"": 1.4602997783145288, ""kick_power"": 0.0, ""kick_dir"": null}, {""move_vx"": -5.633185836260987, ""move_vy"": -2.065724409050878, ""kick_power"": 0.0, ""kick_dir"": null}, {""move_vx"": -4.242640687119285, ""move_vy"": 4.242640687119285, ""kick_power"": 0.0, ""kick_dir"": null}, {""move_vx"": 4.525483399593904, ""move_vy"": 4.525483399593904, ""kick_power"": 0.0, ""kick_dir"": null}, {""move_vx"": -4.242640687119285, ""move_vy"": 4.242640687119285, ""kick_power"": 0.0, ""kick_dir"": null}, {""move_vx"": -0.0, ""move_vy"": -6.4, ""kick_power"": 0.0, ""kick_dir"": null}]"
362,81,default,default,0,29.008229733007603,36.4322120210736,20,B,,0.10255023925550925,-0.0196094944614338,0.40854482972126765,"[{""move_vx"": 0.0, ""move_vy"": 0.0, ""kick_power"": 0.9, ""kick_dir"": [0.8041531095241011, -0.5944221706770638]}, {""move_vx"": 0.0, ""move_vy"": 0.0, ""kick_power"": 0.4, ""kick_dir"": [-0.5833187422625618, 0.8122432877205351]}, {""move_vx"": 0.0, ""move_vy"": 0.0, ""kick_power"": 0.4, ""kick_dir"": [0.9992668059470063, 0.03828607198077618]}, {""move_vx"": 0.0, ""move_vy"": 0.0, ""kick_power"": 0.9, ""kick_dir"": [0.2838240267319168, 0.9588763259058353]}, {""move_vx"": 5.2051783261865525, ""move_vy"": -2.558538370358701, ""kick_power"": 0.0, ""kick_dir"": null}, {""move_vx"": -4.313351365237939, ""move_vy"": 4.313351365237939, ""kick_power"": 0.0, ""kick_dir"": null}, {""move_vx"": 0.0, ""move_vy"": 0.0, ""kick_power"": 0.0, ""kick_dir"": null}, {""move_vx"": 4.242640687119285, ""move_vy"": -4.242640687119285, ""kick_power"": 0.0, ""kick_dir"": null}, {""move_vx"": 0.0, ""move_vy"": 0.0, ""kick_power"": 0.4, ""kick_dir"": [0.5055837369067382, 0.8627772269344595]}, {""move_vx"": -4.242640687119285, ""move_vy"": -4.242640687119285, ""kick_power"": 0.0, ""kick_dir"": null}, {""move_vx"": -4.493960010696541, ""move_vy"": 2.411290820755626, ""kick_power"": 0.0, ""kick_dir"": null}, {""move_vx"": -4.498959446553739, ""move_vy"": 0.09676723755940272, ""kick_power"": 0.0, ""kick_dir"": null}, {""move_vx"": -6.602398457461195, ""move_vy"": 2.2022567082231856, ""kick_power"": 0.0, ""kick_dir"": null}, {""move_vx"": -5.4, ""move_vy"": 0.0, ""kick_power"": 0.0, ""kick_dir"": null}, {""move_vx"": -5.337075109096106, ""move_vy"": -0.8219667145735271, ""kick_power"": 0.0, ""kick_dir"": null}, {""move_vx"": -4.1012193308819755, ""move_vy"": -4.1012193308819755, ""kick_power"": 0.0, ""kick_dir"": null}, {""move_vx"": -6.081817891541769, ""move_vy"": 1.6436213475501082, ""kick_power"": 0.0, ""kick_dir"": null}, {""move_vx"": -5.633185836260987, ""move_vy"": -2.0657244090508784, ""kick_power"": 0.0, ""kick_dir"": null}, {""move_vx"": -5.57490752599933, ""move_vy"": -2.93434934466843, ""kick_power"": 0.0, ""kick_dir"": null}, {""move_vx"": 4.525483399593904, ""move_vy"": 4.525483399593904, ""kick_power"": 0.0, ""kick_dir"": null}, {""move_vx"": -4.242640687119285, ""move_vy"": 4.242640687119285, ""kick_power"": 0.0, ""kick_dir"": null}, {""move_vx"": -0.0, ""move_vy"": -6.4, ""kick_power"": 0.0, ""kick_dir"": null}]"
362,82,default,default,0,28.725387020532985,36.71505473354822,20,B,,0.10296698082992511,-0.022628047213602474,0.412621186175237,"[{""move_vx"": -1.4369331263325318, ""move_vy"": -4.264413581073981, ""kick_power"": 0.0, ""kick_dir"": null}, {""move_vx"": 0.0, ""move_vy"": 0.0, ""kick_power"": 0.4, ""kick_dir"": [-0.5905560238729127, 0.8069965902222546]}, {""move_vx"": 0.0, ""move_vy"": 0.0, ""kick_power"": 0.4, ""kick_dir"": [0.9991619305660839, 0.040931764560601054]}, {""move_vx"": 0.0, ""move_vy"": 0.0, ""kick_power"": 0.9, ""kick_dir"": [0.2878621874790708, 0.9576717840047659]}, {""move_vx"": 0.0, ""move_vy"": 0.0, ""kick_power"": 0.9, ""kick_dir"": [-0.45440067711148135, 0.8907973215329845]}, {""move_vx"": -4.313351365237939, ""move_vy"": 4.313351365237939, ""kick_power"": 0.0, ""kick_dir"": null}, {""move_vx"": 0.0, ""move_vy"": 0.0, ""kick_power"": 0.0, ""kick_dir"": null}, {""move_vx"": 4.242640687119285, ""move_vy"": -4.242640687119285, ""kick_power"": 0.0, ""kick_dir"": null}, {""move_vx"": 0.0, ""move_vy"": 0.0, ""kick_power"": 0.4, ""kick_dir"": [0.5918370698021486, 0.8060572858864604]}, {""move_vx"": -4.242640687119285, ""move_vy"": -4.242640687119285, ""kick_power"": 0.0, ""kick_dir"": null}, {""move_vx"": -4.49396001069654, ""move_vy"": 2.411290820755628, ""kick_power"": 0.0, ""kick_dir"": null}, {""move_vx"": -4.498964632985322, ""move_vy"": 0.09652580560269976, ""kick_power"": 0.0, ""kick_dir"": null}, {""move_vx"": -6.588664614094228, ""move_vy"": 2.2430110572582005, ""kick_power"": 0.0, ""kick_dir"": null}, {""move_vx"": -5.4, ""move_vy"": 0.0, ""kick_power"": 0.0, ""kick_dir"": null}, {""move_vx"": -5.339268641358191, ""move_vy"": -0.807595428051111, ""kick_power"": 0.0, ""kick_dir"": null}, {""move_vx"": -4.1012193308819755, ""move_vy"": -4.1012193308819755, ""kick_power"": 0.0, ""kick_dir"": null}, {""move_vx"": -5.316448434336435, ""move_vy"": 0.9462431215293821, ""kick_power"": 0.0, ""kick_dir"": null}, {""move_vx"": -6.247787505426758, ""move_vy"": -0.8094141628568832, ""kick_power"": 0.0, ""kick_dir"": null}, {""move_vx"": -5.101444802887246, ""move_vy"": -3.15836364643065, ""kick_power"": 0.0, ""kick_dir"": null}, {""move_vx"": 4.525483399593904, ""move_vy"": 4.525483399593904, ""kick_power"": 0.0, ""kick_dir"": null}, {""move_vx"": -4.242640687119285, ""move_vy"": 4.242640687119285, ""kick_power"": 0.0, ""kick_dir"": null}, {""move_vx"": -4.525483399593904, ""move_vy"": -4.525483399593904, ""kick_power"": 0.0, ""kick_dir"": null}]"
362,83,default,default,0,28.442544308058366,36.99789744602284,20,B,,0.10487055768254101,-0.016284144254426446,0.41280051633331266,"[{""move_vx"": 0.0, ""move_vy"": 0.0, ""kick_power"": 0.9, ""kick_dir"": [0.807393452095256, -0.5900133506614833]}, {""move_vx"": 3.0859180382874047, ""move_vy"": 4.564779278450648, ""kick_power"": 0.0, ""kick_dir"": null}, {""move_vx"": 0.0, ""move_vy"": 0.0, ""kick_power"": 0.4, ""kick_dir"": [0.9990525196284183, 0.04352052314855152]}, {""move_vx"": 0.0, ""move_vy"": 0.0, ""kick_power"": 0.9, ""kick_dir"": [0.2878569201640369, 0.9576733672670393]}, {""move_vx"": -0.2953948527960433, ""move_vy"": -5.502076142779343, ""kick_power"": 0.0, ""kick_dir"": null}, {""move_vx"": -4.313351365237939, ""move_vy"": 4.313351365237939, ""kick_power"": 0.0, ""kick_dir"": null}, {""move_vx"": 0.0, ""move_vy"": 0.0, ""kick_power"": 0.0, ""kick_dir"": null}, {""move_vx"": 4.242640687119285, ""move_vy"": -4.242640687119285, ""kick_power"": 0.0, ""kick_dir"": null}, {""move_vx"": 0.0, ""move_vy"": 0.0, ""kick_power"": 0.4, ""kick_dir"": [0.5393760267016009, 0.8420647190480361]}, {""move_vx"": -4.242640687119285, ""move_vy"": -4.242640687119285, ""kick_power"": 0.0, ""kick_dir"": null}, {""move_vx"": -4.493960010696539, ""move_vy"": 2.4112908207556303, ""kick_power"": 0.0, ""kick_dir"": null}, {""move_vx"": -4.498969796799354, ""move_vy"": 0.09628482480212099, ""kick_power"": 0.0, ""kick_dir"": null}, {""move_vx"": -4.9960497666901, ""move_vy"": 2.3237010842093695, ""kick_power"": 0.0, ""kick_dir"": null}, {""move_vx"": -5.4, ""move_vy"": 0.0, ""kick_power"": 0.0, ""kick_dir"": null}, {""move_vx"": -4.914750934137476, ""move_vy"": -1.4704160143968779, ""kick_power"": 0.0, ""kick_dir"": null}, {""move_vx"": -4.1012193308819755, ""move_vy"": -4.1012193308819755, ""kick_power"": 0.0, ""kick_dir"": null}, {""move_vx"": -6.046386714127801, ""move_vy"": 1.7695218854873815, ""kick_power"": 0.0, ""kick_dir"": null}, {""move_vx"": -5.629798136894217, ""move_vy"": -2.074939261236916, ""kick_power"": 0.0, ""kick_dir"": null}, {""move_vx"": -5.1014448028872454, ""move_vy"": -3.158363646430649, ""kick_power"": 0.0, ""kick_dir"": null}, {""move_vx"": 4.525483399593904, ""move_vy"": 4.525483399593904, ""kick_power"": 0.0, ""kick_dir"": null}, {""move_vx"": -4.242640687119285, ""move_vy"": 4.242640687119285, ""kick_power"": 0.0, ""kick_dir"": null}, {""move_vx"": -4.525483399593904, ""move_vy"": -4.525483399593904, ""kick_power"": 0.0, ""kick_dir"": null}]"
362,84,default,default,0,28.159701595583748,37.28074015849746,20,B,,0.10675606573996128,-0.026818899329339757,0.4134673867940848,"[{""move_vx"": 0.0, ""move_vy"": 0.0, ""kick_power"": 0.9, ""kick_dir"": [0.805165773947912, -0.593049759301623]}, {""move_vx"": 0.0, ""move_vy"": 0.0, ""kick_power"": 0.4, ""kick_dir"": [-0.6175146494514399, 0.7865593246376247]}, {""move_vx"": 0.0, ""move_vy"": 0.0, ""kick_power"": 0.4, ""kick_dir"": [0.998939450027171, 0.046042894784352716]}, {""move_vx"": 0.0, ""move_vy"": 0.0, ""kick_power"": 0.9, ""kick_dir"": [0.28785231493378166, 0.9576747514923708]}, {""move_vx"": 0.0, ""move_vy"": 0.0, ""kick_power"": 0.9, ""kick_dir"": [-0.444162956869596, 0.8959459310760534]}, {""move_vx"": -4.313351365237939, ""move_vy"": 4.313351365237939, ""kick_power"": 0.0, ""kick_dir"": null}, {""move_vx"": 0.0, ""move_vy"": 0.0, ""kick_power"": 0.0, ""kick_dir"": null}, {""move_vx"": 4.242640687119285, ""move_vy"": -4.242640687119285, ""kick_power"": 0.0, ""kick_dir"": null}, {""move_vx"": 0.0, ""move_vy"": 0.0, ""kick_power"": 0.4, ""kick_dir"": [0.5810809127664632, 0.8138454505578762]}, {""move_vx"": 4.235927231944263, ""move_vy"": 3.349167133135193, ""kick_power"": 0.0, ""kick_dir"": null}, {""move_vx"": -4.493960010696538, ""move_vy"": 2.411290820755632, ""kick_power"": 0.0, ""kick_dir"": null}, {""move_vx"": -4.4989749380802735, ""move_vy"": 0.09604429460201354, ""kick_power"": 0.0, ""kick_dir"": null}, {""move_vx"": -4.9873212510686695, ""move_vy"": 2.342376301672906, ""kick_power"": 0.0, ""kick_dir"": null}, {""move_vx"": -5.4, ""move_vy"": 0.0, ""kick_power"": 0.0, ""kick_dir"": null}, {""move_vx"": -5.344189634384882, ""move_vy"": -0.7743624162710863, ""kick_power"": 0.0, ""kick_dir"": null}, {""move_vx"": -4.1012193308819755, ""move_vy"": -4.1012193308819755, ""kick_power"": 0.0, ""kick_dir"": null}, {""move_vx"": -5.311351033472449, ""move_vy"": 0.974448664235912, ""kick_power"": 0.0, ""kick_dir"": null}, {""move_vx"": -6.0, ""move_vy"": 0.0, ""kick_power"": 0.0, ""kick_dir"": null}, {""move_vx"": -5.1014448028872454, ""move_vy"": -3.158363646430649, ""kick_power"": 0.0, ""kick_dir"": null}, {""move_vx"": 4.525483399593904, ""move_vy"": 4.525483399593904, ""kick_power"": 0.0, ""kick_dir"": null}, {""move_vx"": -4.242640687119285, ""move_vy"": 4.242640687119285, ""kick_power"": 0.0, ""kick_dir"": null}, {""move_vx"": -4.525483399593904, ""move_vy"": -4.525483399593904, ""kick_power"": 0.0, ""kick_dir"": null}]"
362,85,default,default,0,27.87685888310913,37.56358287097208,20,B,,0.10862425866354829,-0.023579650168076876,0.4142931303973412,"[{""move_vx"": 0.0, ""move_vy"": 0.0, ""kick_power"": 0.9, ""kick_dir"": [0.8028583290474085, -0.5961698114904528]}, {""move_vx"": 0.0, ""move_vy"": 0.0, ""kick_power"": 0.4, ""kick_dir"": [-0.6236675308209995, 0.7816896603285257]}, {""move_vx"": 0.0, ""move_vy"": 0.0, ""kick_power"": 0.4, ""kick_dir"": [0.9988238936742191, 0.04848507479008907]}, {""move_vx"": 0.0, ""move_vy"": 0.0, ""kick_power"": 0.9, ""kick_dir"": [0.2878509806836929, 0.9576751525324823]}, {""move_vx"": 5.2013038154770275, ""move_vy"": -2.566405778341397, ""kick_power"": 0.0, ""kick_dir"": null}, {""move_vx"": -4.313351365237939, ""move_vy"": 4.313351365237939, ""kick_power"": 0.0, ""kick_dir"": null}, {""move_vx"": 0.0, ""move_vy"": 0.0, ""kick_power"": 0.0, ""kick_dir"": null}, {""move_vx"": 4.242640687119285, ""move_vy"": -4.242640687119285, ""kick_power"": 0.0, ""kick_dir"": null}, {""move_vx"": 0.0, ""move_vy"": 0.0, ""kick_power"": 0.4, ""kick_dir"": [0.530099934805937, 0.8479348633127448]}, {""move_vx"": -4.242640687119285, ""move_vy"": -4.242640687119285, ""kick_power"": 0.0, ""kick_dir"": null}, {""move_vx"": -4.493960010696538, ""move_vy"": 2.4112908207556307, ""kick_power"": 0.0, ""kick_dir"": null}, {""move_vx"": -4.498980056912254, ""move_vy"": 0.09580421444701889, ""kick_power"": 0.0, ""kick_dir"": null}, {""move_vx"": -4.9786156908090655, ""move_vy"": 2.3608231198524314, ""kick_power"": 0.0, ""kick_dir"": null}, {""move_vx"": -5.4, ""move_vy"": 0.0, ""kick_power"": 0.0, ""kick_dir"": null}, {""move_vx"": -5.346265566125784, ""move_vy"": -0.7598976881513387, ""kick_power"": 0.0, ""kick_dir"": null}, {""move_vx"": -4.1012193308819755, ""move_vy"": -4.1012193308819755, ""kick_power"": 0.0, ""kick_dir"": null}, {""move_vx"": -5.30810056268059, ""move_vy"": 0.9920022260408494, ""kick_power"": 0.0, ""kick_dir"": null}, {""move_vx"": -5.624646421903565, ""move_vy"": -2.088863956452747, ""kick_power"": 0.0, ""kick_dir"": null}, {""move_vx"": -5.101444802887246, ""move_vy"": -3.158363646430649, ""kick_power"": 0.0, ""kick_dir"": null}, {""move_vx"": 4.525483399593904, ""move_vy"": 4.525483399593904, ""kick_power"": 0.0, ""kick_dir"": null}, {""move_vx"": -4.242640687119285, ""move_vy"": 4.242640687119285, ""kick_power"": 0.0, ""kick_dir"": null}, {""move_vx"": -4.525483399593904, ""move_vy"": -4.525483399593904, ""kick_power"": 0.0, ""kick_dir"": null}]"
362,86,default,default,0,27.59401617063451,37.846425583446695,20,B,,0.1078707592999211,-0.026517910871017694,0.415513288484202,"[{""move_vx"": -3.580267795831859, ""move_vy"": 2.726111243168422, ""kick_power"": 0.0, ""kick_dir"": null}, {""move_vx"": 0.0, ""move_vy"": 0.0, ""kick_power"": 0.4, ""kick_dir"": [-0.6296225101933056, 0.7769011580224726]}, {""move_vx"": 0.0, ""move_vy"": 0.0, ""kick_power"": 0.4, ""kick_dir"": [0.998707548158964, 0.05082525332319517]}, {""move_vx"": 0.0, ""move_vy"": 0.0, ""kick_power"": 0.9, ""kick_dir"": [0.28784481939786327, 0.9576770044248789]}, {""move_vx"": 0.0, ""move_vy"": 0.0, ""kick_power"": 0.9, ""kick_dir"": [-0.4644694725369532, 0.8855890429230178]}, {""move_vx"": -4.313351365237939, ""move_vy"": 4.313351365237939, ""kick_power"": 0.0, ""kick_dir"": null}, {""move_vx"": 0.0, ""move_vy"": 0.0, ""kick_power"": 0.0, ""kick_dir"": null}, {""move_vx"": -6.0, ""move_vy"": 0.0, ""kick_power"": 0.0, ""kick_dir"": null}, {""move_vx"": 0.0, ""move_vy"": 0.0, ""kick_power"": 0.4, ""kick_dir"": [0.6120710877020707, 0.790802418321474]}, {""move_vx"": 4.242640687119285, ""move_vy"": 4.242640687119285, ""kick_power"": 0.0, ""kick_dir"": null}, {""move_vx"": -4.4939600106965365, ""move_vy"": 2.4112908207556325, ""kick_power"": 0.0, ""kick_dir"": null}, {""move_vx"": -4.498985153379211, ""move_vy"": 0.0955645837820768, ""kick_power"": 0.0, ""kick_dir"": null}, {""move_vx"": -4.969934613656761, ""move_vy"": 2.3790439121580773, ""kick_power"": 0.0, ""kick_dir"": null}, {""move_vx"": -5.4, ""move_vy"": 0.0, ""kick_power"": 0.0, ""kick_dir"": null}, {""move_vx"": -5.348306444043934, ""move_vy"": -0.7453980014717851, ""kick_power"": 0.0, ""kick_dir"": null}, {""move_vx"": -4.1012193308819755, ""move_vy"": -4.1012193308819755, ""kick_power"": 0.0, ""kick_dir"": null}, {""move_vx"": -5.304789146997183, ""move_vy"": 1.0095603527778376, ""kick_power"": 0.0, ""kick_dir"": null}, {""move_vx"": -5.624646421903565, ""move_vy"": -2.0888639564527476, ""kick_power"": 0.0, ""kick_dir"": null}, {""move_vx"": -5.1014448028872454, ""move_vy"": -3.158363646430649, ""kick_power"": 0.0, ""kick_dir"": null}, {""move_vx"": 4.525483399593904, ""move_vy"": 4.525483399593904, ""kick_power"": 0.0, ""kick_dir"": null}, {""move_vx"": -4.242640687119285, ""move_vy"": 4.242640687119285, ""kick_power"": 0.0, ""kick_dir"": null}, {""move_vx"": -4.525483399593904, ""move_vy"": -4.525483399593904, ""kick_power"": 0.0, ""kick_dir"": null}]"
362,87,default,default,0,27.311173458159892,38.129268295921314,20,B,,0.10972097894846604,-0.012099355222444819,0.4102343785488835,"[{""move_vx"": 0.0, ""move_vy"": 0.0, ""kick_power"": 0.9, ""kick_dir"": [0.8004395965887825, -0.5994133744787675]}, {""move_vx"": -4.1012193308819755, ""move_vy"": 4.1012193308819755, ""kick_power"": 0.0, ""kick_dir"": null}, {""move_vx"": 0.0, ""move_vy"": 0.0, ""kick_power"": 0.4, ""kick_dir"": [0.9985931970311412, 0.053024523042245905]}, {""move_vx"": 5.116009710125099, ""move_vy"": -1.7281332836056678, ""kick_power"": 0.0, ""kick_dir"": null}, {""move_vx"": -4.154148649291834, ""move_vy"": -5.584321713474863, ""kick_power"": 0.0, ""kick_dir"": null}, {""move_vx"": -4.313351365237939, ""move_vy"": 4.313351365237939, ""kick_power"": 0.0, ""kick_dir"": null}, {""move_vx"": 0.0, ""move_vy"": 0.0, ""kick_power"": 0.0, ""kick_dir"": null}, {""move_vx"": -6.0, ""move_vy"": 0.0, ""kick_power"": 0.0, ""kick_dir"": null}, {""move_vx"": 0.0, ""move_vy"": 0.0, ""kick_power"": 0.4, ""kick_dir"": [0.5606553853986221, 0.8280489366253754]}, {""move_vx"": -4.242640687119285, ""move_vy"": -4.242640687119285, ""kick_power"": 0.0, ""kick_dir"": null}, {""move_vx"": -4.493960010696538, ""move_vy"": 2.4112908207556316, ""kick_power"": 0.0, ""kick_dir"": null}, {""move_vx"": -4.498990227564797, ""move_vy"": 0.09532540205242315, ""kick_power"": 0.0, ""kick_dir"": null}, {""move_vx"": -4.961279491735586, ""move_vy"": 2.3970410519813545, ""kick_power"": 0.0, ""kick_dir"": null}, {""move_vx"": 4.576549519878861, ""move_vy"": 0.35113315436820186, ""kick_power"": 0.0, ""kick_dir"": null}, {""move_vx"": -5.3503120093860055, ""move_vy"": -0.73086346345942, ""kick_power"": 0.0, ""kick_dir"": null}, {""move_vx"": -4.1012193308819755, ""move_vy"": -4.1012193308819755, ""kick_power"": 0.0, ""kick_dir"": null}, {""move_vx"": -5.301416724645741, ""move_vy"": 1.0271225397421788, ""kick_power"": 0.0, ""kick_dir"": null}, {""move_vx"": -5.624646421903564, ""move_vy"": -2.088863956452748, ""kick_power"": 0.0, ""kick_dir"": null}, {""move_vx"": -5.101444802887246, ""move_vy"": -3.15836364643065, ""kick_power"": 0.0, ""kick_dir"": null}, {""move_vx"": 4.525483399593904, ""move_vy"": 4.525483399593904, ""kick_power"": 0.0, ""kick_dir"": null}, {""move_vx"": -4.242640687119285, ""move_vy"": 4.242640687119285, ""kick_power"": 0.0, ""kick_dir"": null}, {""move_vx"": -4.525483399593904, ""move_vy"": -4.525483399593904, ""kick_power"": 0.0, ""kick_dir"": null}]"
362,88,default,default,0,27.028330745685274,38.41211100839593,20,B,,0.11155504260198783,-0.020108720852623944,0.4216866920213528,"[{""move_vx"": 0.0, ""move_vy"": 0.0, ""kick_power"": 0.9, ""kick_dir"": [0.7980787019066633, -0.6025531735616472]}, {""move_vx"": 0.0, ""move_vy"": 0.0, ""kick_power"": 0.4, ""kick_dir"": [-0.10874518850038713, 0.9940695969096397]}, {""move_vx"": 0.0, ""move_vy"": 0.0, ""kick_power"": 0.4, ""kick_dir"": [0.9984865281005987, 0.05499660427541045]}, {""move_vx"": 0.0, ""move_vy"": 0.0, ""kick_power"": 0.9, ""kick_dir"": [0.27199143960659916, 0.9622996103190987]}, {""move_vx"": 0.0, ""move_vy"": 0.0, ""kick_power"": 0.9, ""kick_dir"": [-0.43774084276647146, 0.8991011051723803]}, {""move_vx"": -4.313351365237939, ""move_vy"": 4.313351365237939, ""kick_power"": 0.0, ""kick_dir"": null}, {""move_vx"": 0.0, ""move_vy"": 0.0, ""kick_power"": 0.0, ""kick_dir"": null}, {""move_vx"": -6.0, ""move_vy"": 0.0, ""kick_power"": 0.0, ""kick_dir"": null}, {""move_vx"": 0.0, ""move_vy"": 0.0, ""kick_power"": 0.4, ""kick_dir"": [0.5558518772026726, 0.8312810165252327]}, {""move_vx"": -4.137657940735657, ""move_vy"": 2.9815745446772173, ""kick_power"": 0.0, ""kick_dir"": null}, {""move_vx"": -4.493960010696537, ""move_vy"": 2.411290820755632, ""kick_power"": 0.0, ""kick_dir"": null}, {""move_vx"": -4.498995279552409, ""move_vy"": 0.09508666870359131, ""kick_power"": 0.0, ""kick_dir"": null}, {""move_vx"": -4.948026170232367, ""move_vy"": 2.424280721924672, ""kick_power"": 0.0, ""kick_dir"": null}, {""move_vx"": -5.4, ""move_vy"": 0.0, ""kick_power"": 0.0, ""kick_dir"": null}, {""move_vx"": -6.923025521520933, ""move_vy"": -1.1628059289364705, ""kick_power"": 0.0, ""kick_dir"": null}, {""move_vx"": -4.1012193308819755, ""move_vy"": -4.1012193308819755, ""kick_power"": 0.0, ""kick_dir"": null}, {""move_vx"": -5.297983238855771, ""move_vy"": 1.0446882792504746, ""kick_power"": 0.0, ""kick_dir"": null}, {""move_vx"": -5.624646421903565, ""move_vy"": -2.088863956452748, ""kick_power"": 0.0, ""kick_dir"": null}, {""move_vx"": -5.1014448028872454, ""move_vy"": -3.158363646430649, ""kick_power"": 0.0, ""kick_dir"": null}, {""move_vx"": -0.0, ""move_vy"": 6.4, ""kick_power"": 0.0, ""kick_dir"": null}, {""move_vx"": -4.242640687119285, ""move_vy"": 4.242640687119285, ""kick_power"": 0.0, ""kick_dir"": null}, {""move_vx"": -4.525483399593904, ""move_vy"": -4.525483399593904, ""kick_power"": 0.0, ""kick_dir"": null}]"
362,89,default,default,0,26.745488033210655,38.69495372087055,20,B,,0.11337338514092052,-0.014821528311638719,0.40837632335022134,"[{""move_vx"": 0.0, ""move_vy"": 0.0, ""kick_power"": 0.9, ""kick_dir"": [0.7956645938853032, -0.6057373981890091]}, {""move_vx"": 0.0, ""move_vy"": 0.0, ""kick_power"": 0.4, ""kick_dir"": [-0.14292859031502417, 0.9897329423596196]}, {""move_vx"": 0.0, ""move_vy"": 0.0, ""kick_power"": 0.4, ""kick_dir"": [0.998407944988583, 0.056405219179520016]}, {""move_vx"": 0.0, ""move_vy"": 0.0, ""kick_power"": 0.9, ""kick_dir"": [0.28687161831886687, 0.9579689753275501]}, {""move_vx"": -4.751774413280285, ""move_vy"": -5.854249732057458, ""kick_power"": 0.0, ""kick_dir"": null}, {""move_vx"": 5.109253276572277, ""move_vy"": 2.0088879898678895, ""kick_power"": 0.0, ""kick_dir"": null}, {""move_vx"": 6.0, ""move_vy"": 0.0, ""kick_power"": 0.0, ""kick_dir"": null}, {""move_vx"": -6.0, ""move_vy"": 0.0, ""kick_power"": 0.0, ""kick_dir"": null}, {""move_vx"": 0.0, ""move_vy"": 0.0, ""kick_power"": 0.4, ""kick_dir"": [0.5080565318090474, 0.8613234181573758]}, {""move_vx"": 4.242640687119285, ""move_vy"": 4.242640687119285, ""kick_power"": 0.0, ""kick_dir"": null}, {""move_vx"": -4.493960010696538, ""move_vy"": 2.4112908207556303, ""kick_power"": 0.0, ""kick_dir"": null}, {""move_vx"": -5.248833694329377, ""move_vy"": 0.11065644704497962, ""kick_power"": 0.0, ""kick_dir"": null}, {""move_vx"": -4.935158841702366, ""move_vy"": 2.45036879003283, ""kick_power"": 0.0, ""kick_dir"": null}, {""move_vx"": -5.4, ""move_vy"": 0.0, ""kick_power"": 0.0, ""kick_dir"": null}, {""move_vx"": 3.8183766184073566, ""move_vy"": -3.8183766184073566, ""kick_power"": 0.0, ""kick_dir"": null}, {""move_vx"": -4.1012193308819755, ""move_vy"": -4.1012193308819755, ""kick_power"": 0.0, ""kick_dir"": null}, {""move_vx"": -5.294488637917071, ""move_vy"": 1.0622570606811934, ""kick_power"": 0.0, ""kick_dir"": null}, {""move_vx"": -5.624646421903564, ""move_vy"": -2.088863956452749, ""kick_power"": 0.0, ""kick_dir"": null}, {""move_vx"": -5.1014448028872454, ""move_vy"": -3.158363646430649, ""kick_power"": 0.0, ""kick_dir"": null}, {""move_vx"": 4.525483399593904, ""move_vy"": 4.525483399593904, ""kick_power"": 0.0, ""kick_dir"": null}, {""move_vx"": -4.242640687119285, ""move_vy"": 4.242640687119285, ""kick_power"": 0.0, ""kick_dir"": null}, {""move_vx"": 1.78324615934774, ""move_vy"": 5.139419532901702, ""kick_power"": 0.0, ""kick_dir"": null}]"
362,90,default,default,0,26.462645320736037,38.97779643334517,20,B,,0.11517637509897621,-0.010522346683842181,0.4161951484711056,"[{""move_vx"": 0.0, ""move_vy"": 0.0, ""kick_power"": 0.9, ""kick_dir"": [0.7932038580424261, -0.6089561406545715]}, {""move_vx"": 0.0, ""move_vy"": 0.0, ""kick_power"": 0.4, ""kick_dir"": [-0.14440246398789425, 0.989518977631348]}, {""move_vx"": 0.0, ""move_vy"": 0.0, ""kick_power"": 0.4, ""kick_dir"": [0.9984298020424367, 0.0560169952247804]}, {""move_vx"": 0.0, ""move_vy"": 0.0, ""kick_power"": 0.9, ""kick_dir"": [0.2912599334292222, 0.9566438904233333]}, {""move_vx"": 0.0, ""move_vy"": -5.8, ""kick_power"": 0.0, ""kick_dir"": null}, {""move_vx"": 5.038786639310783, ""move_vy"": 2.1796167561071704, ""kick_power"": 0.0, ""kick_dir"": null}, {""move_vx"": 0.0, ""move_vy"": 0.0, ""kick_power"": 0.0, ""kick_dir"": null}, {""move_vx"": -6.0, ""move_vy"": 0.0, ""kick_power"": 0.0, ""kick_dir"": null}, {""move_vx"": 0.0, ""move_vy"": 0.0, ""kick_power"": 0.4, ""kick_dir"": [0.48833524487389074, 0.8726557617981737]}, {""move_vx"": -4.242640687119285, ""move_vy"": -4.242640687119285, ""kick_power"": 0.0, ""kick_dir"": null}, {""move_vx"": -4.493960010696537, ""move_vy"": 2.411290820755633, ""kick_power"": 0.0, ""kick_dir"": null}, {""move_vx"": -4.499006151294556, ""move_vy"": 0.09457087613928257, ""kick_power"": 0.0, ""kick_dir"": null}, {""move_vx"": -4.922405727685773, ""move_vy"": 2.4758880936032415, ""kick_power"": 0.0, ""kick_dir"": null}, {""move_vx"": -5.4, ""move_vy"": 0.0, ""kick_power"": 0.0, ""kick_dir"": null}, {""move_vx"": -6.945837121546271, ""move_vy"": -1.017716404972341, ""kick_power"": 0.0, ""kick_dir"": null}, {""move_vx"": -4.1012193308819755, ""move_vy"": -4.1012193308819755, ""kick_power"": 0.0, ""kick_dir"": null}, {""move_vx"": -5.290932875233692, ""move_vy"": 1.0798283705160434, ""kick_power"": 0.0, ""kick_dir"": null}, {""move_vx"": -5.624646421903564, ""move_vy"": -2.0888639564527494, ""kick_power"": 0.0, ""kick_dir"": null}, {""move_vx"": -5.101444802887246, ""move_vy"": -3.158363646430649, ""kick_power"": 0.0, ""kick_dir"": null}, {""move_vx"": -0.0, ""move_vy"": 6.4, ""kick_power"": 0.0, ""kick_dir"": null}, {""move_vx"": -4.242640687119285, ""move_vy"": 4.242640687119285, ""kick_power"": 0.0, ""kick_dir"": null}, {""move_vx"": 6.4, ""move_vy"": 0.0, ""kick_power"": 0.0, ""kick_dir"": null}]"
362,91,default,default,0,26.17980260826142,39.26063914581979,20,B,,0.11696431958994273,-0.01099344528771418,0.40516662558546257,"[{""move_vx"": 0.0, ""move_vy"": 0.0, ""kick_power"": 0.9, ""kick_dir"": [0.7907022081616178, -0.6122009145653013]}, {""move_vx"": 0.0, ""move_vy"": 0.0, ""kick_power"": 0.4, ""kick_dir"": [-0.1466658096369073, 0.9891860381437383]}, {""move_vx"": 0.0, ""move_vy"": 0.0, ""kick_power"": 0.4, ""kick_dir"": [0.9984566025116581, 0.05553725101764235]}, {""move_vx"": 0.0, ""move_vy"": 0.0, ""kick_power"": 0.9, ""kick_dir"": [0.29354302621431566, 0.9559458005306798]}, {""move_vx"": -5.218069487949791, ""move_vy"": -5.442733763369969, ""kick_power"": 0.0, ""kick_dir"": null}, {""move_vx"": 4.944753827590187, ""move_vy"": 2.3852692897306587, ""kick_power"": 0.0, ""kick_dir"": null}, {""move_vx"": 5.793896226180607, ""move_vy"": -1.5590915689112461, ""kick_power"": 0.0, ""kick_dir"": null}, {""move_vx"": -6.0, ""move_vy"": 0.0, ""kick_power"": 0.0, ""kick_dir"": null}, {""move_vx"": -4.313351365237939, ""move_vy"": -4.313351365237939, ""kick_power"": 0.0, ""kick_dir"": null}, {""move_vx"": 4.242640687119285, ""move_vy"": 4.242640687119285, ""kick_power"": 0.0, ""kick_dir"": null}, {""move_vx"": -4.493960010696538, ""move_vy"": 2.411290820755631, ""kick_power"": 0.0, ""kick_dir"": null}, {""move_vx"": -4.499011133528177, ""move_vy"": 0.09433355919027349, ""kick_power"": 0.0, ""kick_dir"": null}, {""move_vx"": -4.909797343136022, ""move_vy"": 2.5007978825435813, ""kick_power"": 0.0, ""kick_dir"": null}, {""move_vx"": -5.4, ""move_vy"": 0.0, ""kick_power"": 0.0, ""kick_dir"": null}, {""move_vx"": 3.8183766184073566, ""move_vy"": -3.8183766184073566, ""kick_power"": 0.0, ""kick_dir"": null}, {""move_vx"": -0.0, ""move_vy"": 0.0, ""kick_power"": 0.4, ""kick_dir"": [-0.8788687993877521, 0.47706311854433364]}, {""move_vx"": -5.287315909377547, ""move_vy"": 1.0974016923820962, ""kick_power"": 0.0, ""kick_dir"": null}, {""move_vx"": -5.624646421903564, ""move_vy"": -2.08886395645275, ""kick_power"": 0.0, ""kick_dir"": null}, {""move_vx"": -5.101444802887246, ""move_vy"": -3.158363646430649, ""kick_power"": 0.0, ""kick_dir"": null}, {""move_vx"": 4.525483399593904, ""move_vy"": 4.525483399593904, ""kick_power"": 0.0, ""kick_dir"": null}, {""move_vx"": -4.242640687119285, ""move_vy"": 4.242640687119285, ""kick_power"": 0.0, ""kick_dir"": null}, {""move_vx"": 1.6142395765382402, ""move_vy"": 5.194981288660975, ""kick_power"": 0.0, ""kick_dir"": null}]"
362,92,default,default,0,25.8969598957868,39.543481858294406,20,B,,0.118737468849564,-0.013839260160855866,0.4131627512442972,"[{""move_vx"": 0.0, ""move_vy"": 0.0, ""kick_power"": 0.9, ""kick_dir"": [0.7881646254197568, -0.615464430458637]}, {""move_vx"": 0.0, ""move_vy"": 0.0, ""kick_power"": 0.4, ""kick_dir"": [-0.1492238201561098, 0.9888033820392381]}, {""move_vx"": 0.0, ""move_vy"": 0.0, ""kick_power"": 0.4, ""kick_dir"": [0.9985274156767525, 0.05424917950990565]}, {""move_vx"": 0.0, ""move_vy"": 0.0, ""kick_power"": 0.9, ""kick_dir"": [0.2948567641924956, 0.9555414016805039]}, {""move_vx"": -5.3949929433902115, ""move_vy"": -5.267414084801936, ""kick_power"": 0.0, ""kick_dir"": null}, {""move_vx"": 4.83595578466618, ""move_vy"": 2.598775028499718, ""kick_power"": 0.0, ""kick_dir"": null}, {""move_vx"": 0.0, ""move_vy"": -6.0, ""kick_power"": 0.0, ""kick_dir"": null}, {""move_vx"": -4.242640687119285, ""move_vy"": 4.242640687119285, ""kick_power"": 0.0, ""kick_dir"": null}, {""move_vx"": -4.313351365237939, ""move_vy"": -4.313351365237939, ""kick_power"": 0.0, ""kick_dir"": null}, {""move_vx"": -4.242640687119285, ""move_vy"": -4.242640687119285, ""kick_power"": 0.0, ""kick_dir"": null}, {""move_vx"": 4.242640687119285, ""move_vy"": -4.242640687119285, ""kick_power"": 0.0, ""kick_dir"": null}, {""move_vx"": -4.4990160939085575, ""move_vy"": 0.09409668831467027, ""kick_power"": 0.0, ""kick_dir"": null}, {""move_vx"": -4.897367308481058, ""move_vy"": 2.525053157028778, ""kick_power"": 0.0, ""kick_dir"": null}, {""move_vx"": -5.4, ""move_vy"": 0.0, ""kick_power"": 0.0, ""kick_dir"": null}, {""move_vx"": 3.8183766184073566, ""move_vy"": -3.8183766184073566, ""kick_power"": 0.0, ""kick_dir"": null}, {""move_vx"": -0.0, ""move_vy"": 0.0, ""kick_power"": 0.4, ""kick_dir"": [-0.9286985177130099, 0.3708351102874009]}, {""move_vx"": -5.283637704141619, ""move_vy"": 1.1149765070946944, ""kick_power"": 0.0, ""kick_dir"": null}, {""move_vx"": -5.624646421903564, ""move_vy"": -2.0888639564527502, ""kick_power"": 0.0, ""kick_dir"": null}, {""move_vx"": -5.101444802887246, ""move_vy"": -3.158363646430649, ""kick_power"": 0.0, ""kick_dir"": null}, {""move_vx"": -5.7588271645111275, ""move_vy"": 0.11623118896719704, ""kick_power"": 0.0, ""kick_dir"": null}, {""move_vx"": -4.242640687119285, ""move_vy"": 4.242640687119285, ""kick_power"": 0.0, ""kick_dir"": null}, {""move_vx"": 1.5802660573300376, ""move_vy"": 5.205416331865356, ""kick_power"": 0.0, ""kick_dir"": null}]"
362,93,default,default,0,25.61411718331218,39.826324570769025,20,B,,0.12049602032413263,-0.014360299904228522,0.4143048808795729,"[{""move_vx"": 0.0, ""move_vy"": 0.0, ""kick_power"": 0.9, ""kick_dir"": [0.785595473278332, -0.618740409564665]}, {""move_vx"": 0.0, ""move_vy"": 0.0, ""kick_power"": 0.4, ""kick_dir"": [-0.15212737433487353, 0.9883608338328117]}, {""move_vx"": 0.0, ""move_vy"": 0.0, ""kick_power"": 0.4, ""kick_dir"": [0.9986094147507133, 0.052718214264088036]}, {""move_vx"": 0.0, ""move_vy"": 0.0, ""kick_power"": 0.9, ""kick_dir"": [0.2946259507265838, 0.9556125944432542]}, {""move_vx"": -5.573154748914914, ""move_vy"": -5.078537795925825, ""kick_power"": 0.0, ""kick_dir"": null}, {""move_vx"": 4.711097342491355, ""move_vy"": 2.8188050357502368, ""kick_power"": 0.0, ""kick_dir"": null}, {""move_vx"": 5.803468246423201, ""move_vy"": -1.5230746248157403, ""kick_power"": 0.0, ""kick_dir"": null}, {""move_vx"": -4.242640687119285, ""move_vy"": 4.242640687119285, ""kick_power"": 0.0, ""kick_dir"": null}, {""move_vx"": -4.313351365237939, ""move_vy"": -4.313351365237939, ""kick_power"": 0.0, ""kick_dir"": null}, {""move_vx"": 3.9383356507047957, ""move_vy"": 3.694524638216349, ""kick_power"": 0.0, ""kick_dir"": null}, {""move_vx"": -4.473899548631142, ""move_vy"": 2.4483101986386577, ""kick_power"": 0.0, ""kick_dir"": null}, {""move_vx"": -4.499021032517759, ""move_vy"": 0.09386026295954539, ""kick_power"": 0.0, ""kick_dir"": null}, {""move_vx"": -4.885152271287693, ""move_vy"": 2.5486049686706425, ""kick_power"": 0.0, ""kick_dir"": null}, {""move_vx"": -5.4, ""move_vy"": 0.0, ""kick_power"": 0.0, ""kick_dir"": null}, {""move_vx"": 3.8183766184073566, ""move_vy"": -3.8183766184073566, ""kick_power"": 0.0, ""kick_dir"": null}, {""move_vx"": -0.0, ""move_vy"": 0.0, ""kick_power"": 0.4, ""kick_dir"": [-0.9612018300717047, 0.27584540532178486]}, {""move_vx"": -5.2798982285928115, ""move_vy"": 1.1325522927010918, ""kick_power"": 0.0, ""kick_dir"": null}, {""move_vx"": -5.624646421903563, ""move_vy"": -2.0888639564527507, ""kick_power"": 0.0, ""kick_dir"": null}, {""move_vx"": -5.1014448028872454, ""move_vy"": -3.158363646430649, ""kick_power"": 0.0, ""kick_dir"": null}, {""move_vx"": -5.756588954001158, ""move_vy"": 0.19820094518410306, ""kick_power"": 0.0, ""kick_dir"": null}, {""move_vx"": -4.242640687119285, ""move_vy"": 4.242640687119285, ""kick_power"": 0.0, ""kick_dir"": null}, {""move_vx"": 1.5468107539562064, ""move_vy"": 5.215455540165733, ""kick_power"": 0.0, ""kick_dir"": null}]"
362,94,default,default,0,25.331274470837563,40.10916728324364,20,B,,0.1222401222867721,-0.015188487931502017,0.4088786956938199,"[{""move_vx"": 0.0, ""move_vy"": 0.0, ""kick_power"": 0.9, ""kick_dir"": [0.7829985923323417, -0.622023429312671]}, {""move_vx"": 0.0, ""move_vy"": 0.0, ""kick_power"": 0.4, ""kick_dir"": [-0.15543268548612457, 0.9878464228744285]}, {""move_vx"": 0.0, ""move_vy"": 0.0, ""kick_power"": 0.0, ""kick_dir"": null}, {""move_vx"": 0.0, ""move_vy"": 0.0, ""kick_power"": 0.9, ""kick_dir"": [0.2936881841371493, 0.9559012144516565]}, {""move_vx"": -1.0242155350817725, ""move_vy"": -5.41397105068887, ""kick_power"": 0.0, ""kick_dir"": null}, {""move_vx"": 4.569109510195293, ""move_vy"": 3.043573275582983, ""kick_power"": 0.0, ""kick_dir"": null}, {""move_vx"": 5.803468246423202, ""move_vy"": -1.5230746248157399, ""kick_power"": 0.0, ""kick_dir"": null}, {""move_vx"": -4.242640687119285, ""move_vy"": 4.242640687119285, ""kick_power"": 0.0, ""kick_dir"": null}, {""move_vx"": -4.313351365237939, ""move_vy"": -4.313351365237939, ""kick_power"": 0.0, ""kick_dir"": null}, {""move_vx"": -4.242640687119285, ""move_vy"": -4.242640687119285, ""kick_power"": 0.0, ""kick_dir"": null}, {""move_vx"": -6.0, ""move_vy"": 0.0, ""kick_power"": 0.0, ""kick_dir"": null}, {""move_vx"": -4.499025949437592, ""move_vy"": 0.09362428257227015, ""kick_power"": 0.0, ""kick_dir"": null}, {""move_vx"": -0.0, ""move_vy"": 0.0, ""kick_power"": 0.4, ""kick_dir"": [-0.9855937611885971, 0.16912983274709256]}, {""move_vx"": -5.4, ""move_vy"": 0.0, ""kick_power"": 0.0, ""kick_dir"": null}, {""move_vx"": 3.8183766184073566, ""move_vy"": -3.8183766184073566, ""kick_power"": 0.0, ""kick_dir"": null}, {""move_vx"": -0.0, ""move_vy"": 0.0, ""kick_power"": 0.4, ""kick_dir"": [-0.981219295519952, 0.19289470710813728]}, {""move_vx"": -5.276097457124374, ""move_vy"": 1.1501285245248583, ""kick_power"": 0.0, ""kick_dir"": null}, {""move_vx"": -5.624646421903563, ""move_vy"": -2.0888639564527507, ""kick_power"": 0.0, ""kick_dir"": null}, {""move_vx"": -5.1014448028872454, ""move_vy"": -3.158363646430649, ""kick_power"": 0.0, ""kick_dir"": null}, {""move_vx"": -5.753225338041416, ""move_vy"": 0.27928159573850303, ""kick_power"": 0.0, ""kick_dir"": null}, {""move_vx"": -4.242640687119285, ""move_vy"": 4.242640687119285, ""kick_power"": 0.0, ""kick_dir"": null}, {""move_vx"": 1.5138777216424262, ""move_vy"": 5.2251099743368785, ""kick_power"": 0.0, ""kick_dir"": null}]"
362,95,default,default,0,25.048431758362945,40.39200999571826,20,B,,0.12396987699078303,-0.022186076391509962,0.4166200091817111,"[{""move_vx"": 0.0, ""move_vy"": 0.0, ""kick_power"": 0.9, ""kick_dir"": [0.7803773787150491, -0.6253087950335733]}, {""move_vx"": 0.0, ""move_vy"": 0.0, ""kick_power"": 0.4, ""kick_dir"": [-0.15920072178770384, 0.9872461719840263]}, {""move_vx"": 0.0, ""move_vy"": 0.0, ""kick_power"": 0.4, ""kick_dir"": [0.9986599231358133, 0.05175259686557748]}, {""move_vx"": 0.4209542005864751, ""move_vy"": -7.007367377339982, ""kick_power"": 0.0, ""kick_dir"": null}, {""move_vx"": -1.1631320617130767, ""move_vy"": -5.385835479014847, ""kick_power"": 0.0, ""kick_dir"": null}, {""move_vx"": 4.409281530631221, ""move_vy"": 3.27083114569285, ""kick_power"": 0.0, ""kick_dir"": null}, {""move_vx"": 5.8034682464232015, ""move_vy"": -1.5230746248157394, ""kick_power"": 0.0, ""kick_dir"": null}, {""move_vx"": -4.242640687119285, ""move_vy"": 4.242640687119285, ""kick_power"": 0.0, ""kick_dir"": null}, {""move_vx"": -4.313351365237939, ""move_vy"": -4.313351365237939, ""kick_power"": 0.0, ""kick_dir"": null}, {""move_vx"": 3.8521430779603616, ""move_vy"": 3.784308881014085, ""kick_power"": 0.0, ""kick_dir"": null}, {""move_vx"": 7.19850270541744, ""move_vy"": -0.14682915275168953, ""kick_power"": 0.0, ""kick_dir"": null}, {""move_vx"": -4.499030844749609, ""move_vy"": 0.09338874660051588, ""kick_power"": 0.0, ""kick_dir"": null}, {""move_vx"": -4.87092081680195, ""move_vy"": 2.575699981838997, ""kick_power"": 0.0, ""kick_dir"": null}, {""move_vx"": -5.4, ""move_vy"": 0.0, ""kick_power"": 0.0, ""kick_dir"": null}, {""move_vx"": 3.8183766184073566, ""move_vy"": -3.8183766184073566, ""kick_power"": 0.0, ""kick_dir"": null}, {""move_vx"": -0.0, ""move_vy"": 0.0, ""kick_power"": 0.4, ""kick_dir"": [-0.9926153281096465, 0.12130338011347556]}, {""move_vx"": -5.272235369507927, ""move_vy"": 1.167704675210997, ""kick_power"": 0.0, ""kick_dir"": null}, {""move_vx"": -5.624646421903563, ""move_vy"": -2.0888639564527516, ""kick_power"": 0.0, ""kick_dir"": null}, {""move_vx"": -5.101444802887246, ""move_vy"": -3.158363646430649, ""kick_power"": 0.0, ""kick_dir"": null}, {""move_vx"": -5.748774562475727, ""move_vy"": 0.3594315370582006, ""kick_power"": 0.0, ""kick_dir"": null}, {""move_vx"": -4.242640687119285, ""move_vy"": 4.242640687119285, ""kick_power"": 0.0, ""kick_dir"": null}, {""move_vx"": 1.4814701864010014, ""move_vy"": 5.23439070826825, ""kick_power"": 0.0, ""kick_dir"": null}]"
362,96,default,default,0,24.765589045888326,40.67485270819288,20,B,,0.12568534338461326,-0.018985020006602973,0.4149892600449017,"[{""move_vx"": 0.0, ""move_vy"": 0.0, ""kick_power"": 0.9, ""kick_dir"": [0.7777348490631936, -0.6285924331874856]}, {""move_vx"": 0.0, ""move_vy"": 0.0, ""kick_power"": 0.4, ""kick_dir"": [-0.16349615835718598, 0.9865439063292356]}, {""move_vx"": 0.0, ""move_vy"": 0.0, ""kick_power"": 0.4, ""kick_dir"": [0.9986839586439664, 0.051286685453337776]}, {""move_vx"": -0.17972448054305826, ""move_vy"": -7.01769898977532, ""kick_power"": 0.0, ""kick_dir"": null}, {""move_vx"": -1.3102663392651166, ""move_vy"": -5.3519437702753185, ""kick_power"": 0.0, ""kick_dir"": null}, {""move_vx"": 4.231399054237876, ""move_vy"": 3.497908238332562, ""kick_power"": 0.0, ""kick_dir"": null}, {""move_vx"": 5.803468246423202, ""move_vy"": -1.523074624815739, ""kick_power"": 0.0, ""kick_dir"": null}, {""move_vx"": -4.242640687119285, ""move_vy"": 4.242640687119285, ""kick_power"": 0.0, ""kick_dir"": null}, {""move_vx"": -4.313351365237939, ""move_vy"": -4.313351365237939, ""kick_power"": 0.0, ""kick_dir"": null}, {""move_vx"": -4.242640687119285, ""move_vy"": -4.242640687119285, ""kick_power"": 0.0, ""kick_dir"": null}, {""move_vx"": 7.198502705417441, ""move_vy"": -0.14682915275168906, ""kick_power"": 0.0, ""kick_dir"": null}, {""move_vx"": -4.49903571853511, ""move_vy"": 0.09315365449225185, ""kick_power"": 0.0, ""kick_dir"": null}, {""move_vx"": -4.862871804369359, ""move_vy"": 2.5908642986983113, ""kick_power"": 0.0, ""kick_dir"": null}, {""move_vx"": -5.4, ""move_vy"": 0.0, ""kick_power"": 0.0, ""kick_dir"": null}, {""move_vx"": 3.8183766184073566, ""move_vy"": -3.8183766184073566, ""kick_power"": 0.0, ""kick_dir"": null}, {""move_vx"": -0.0, ""move_vy"": 0.0, ""kick_power"": 0.4, ""kick_dir"": [-0.9982124716964454, 0.059762731139121575]}, {""move_vx"": -5.268311950945056, ""move_vy"": 1.1852802147718071, ""kick_power"": 0.0, ""kick_dir"": null}, {""move_vx"": -5.624646421903563, ""move_vy"": -2.088863956452752, ""kick_power"": 0.0, ""kick_dir"": null}, {""move_vx"": -5.101444802887246, ""move_vy"": -3.158363646430649, ""kick_power"": 0.0, ""kick_dir"": null}, {""move_vx"": -5.743276026564718, ""move_vy"": 0.4386119956031585, ""kick_power"": 0.0, ""kick_dir"": null}, {""move_vx"": -4.242640687119285, ""move_vy"": 4.242640687119285, ""kick_power"": 0.0, ""kick_dir"": null}, {""move_vx"": 1.4495905794807262, ""move_vy"": 5.243308798066421, ""kick_power"": 0.0, ""kick_dir"": null}]"
362,97,default,default,0,24.482746333413708,40.9576954206675,20,B,,0.12738653942005546,-0.021387301394946726,0.4149338481745847,"[{""move_vx"": 0.0, ""move_vy"": 0.0, ""kick_power"": 0.9, ""kick_dir"": [0.7750736945121367, -0.6318708022511895]}, {""move_vx"": 0.0, ""move_vy"": 0.0, ""kick_power"": 0.4, ""kick_dir"": [-0.16838581197668584, 0.9857211016429016]}, {""move_vx"": 0.0, ""move_vy"": 0.0, ""kick_power"": 0.4, ""kick_dir"": [0.9987038784564024, 0.05089731334402086]}, {""move_vx"": -1.0341813321557811, ""move_vy"": -6.943404710386721, ""kick_power"": 0.0, ""kick_dir"": null}, {""move_vx"": -1.4661499517270253, ""move_vy"": -5.311356165712373, ""kick_power"": 0.0, ""kick_dir"": null}, {""move_vx"": 4.035868735539671, ""move_vy"": 3.721809176931753, ""kick_power"": 0.0, ""kick_dir"": null}, {""move_vx"": 5.803468246423202, ""move_vy"": -1.5230746248157383, ""kick_power"": 0.0, ""kick_dir"": null}, {""move_vx"": -4.242640687119285, ""move_vy"": 4.242640687119285, ""kick_power"": 0.0, ""kick_dir"": null}, {""move_vx"": -4.313351365237939, ""move_vy"": -4.313351365237939, ""kick_power"": 0.0, ""kick_dir"": null}, {""move_vx"": 3.766056490813581, ""move_vy"": 3.8699894713036245, ""kick_power"": 0.0, ""kick_dir"": null}, {""move_vx"": 7.198742559198726, ""move_vy"": -0.13455692617243217, ""kick_power"": 0.0, ""kick_dir"": null}, {""move_vx"": -4.499040570875141, ""move_vy"": 0.09291900569574713, ""kick_power"": 0.0, ""kick_dir"": null}, {""move_vx"": -4.854860987622038, ""move_vy"": 2.6058443527704354, ""kick_power"": 0.0, ""kick_dir"": null}, {""move_vx"": -5.4, ""move_vy"": 0.0, ""kick_power"": 0.0, ""kick_dir"": null}, {""move_vx"": 3.8183766184073566, ""move_vy"": -3.8183766184073566, ""kick_power"": 0.0, ""kick_dir"": null}, {""move_vx"": -0.0, ""move_vy"": 0.0, ""kick_power"": 0.4, ""kick_dir"": [-0.9999766106887201, 0.006820651154333731]}, {""move_vx"": -5.264327192118468, ""move_vy"": 1.2028546106334304, ""kick_power"": 0.0, ""kick_dir"": null}, {""move_vx"": -5.625884610949906, ""move_vy"": -2.085526874503665, ""kick_power"": 0.0, ""kick_dir"": null}, {""move_vx"": -5.1014448028872454, ""move_vy"": -3.158363646430648, ""kick_power"": 0.0, ""kick_dir"": null}, {""move_vx"": -5.736770096292231, ""move_vy"": 0.5167870570043718, ""kick_power"": 0.0, ""kick_dir"": null}, {""move_vx"": -4.242640687119285, ""move_vy"": 4.242640687119285, ""kick_power"": 0.0, ""kick_dir"": null}, {""move_vx"": 1.418240572636671, ""move_vy"": 5.251875253481104, ""kick_power"": 0.0, ""kick_dir"": null}]"
362,98,default,default,0,23.99740487333664,40.3156605348111,20,B,,0.13233548745350676,-0.01769446441706366,0.4178385692944607,"[{""move_vx"": 0.0, ""move_vy"": 0.0, ""kick_power"": 0.9, ""kick_dir"": [0.7723963257322305, -0.6351408180983487]}, {""move_vx"": 0.0, ""move_vy"": 0.0, ""kick_power"": 0.4, ""kick_dir"": [-0.17393657104589155, 0.9847567923748646]}, {""move_vx"": 5.341887802012861, ""move_vy"": 0.7900852553403384, ""kick_power"": 0.0, ""kick_dir"": null}, {""move_vx"": -2.3264616977679258, ""move_vy"": -6.623290418577369, ""kick_power"": 0.0, ""kick_dir"": null}, {""move_vx"": -1.6313082287851204, ""move_vy"": -5.262977623237434, ""kick_power"": 0.0, ""kick_dir"": null}, {""move_vx"": 3.8238045965148455, ""move_vy"": 3.9393677675068544, ""kick_power"": 0.0, ""kick_dir"": null}, {""move_vx"": 5.803468246423202, ""move_vy"": -1.523074624815738, ""kick_power"": 0.0, ""kick_dir"": null}, {""move_vx"": -4.242640687119285, ""move_vy"": 4.242640687119285, ""kick_power"": 0.0, ""kick_dir"": null}, {""move_vx"": -4.313351365237939, ""move_vy"": -4.313351365237939, ""kick_power"": 0.0, ""kick_dir"": null}, {""move_vx"": -4.242640687119285, ""move_vy"": -4.242640687119285, ""kick_power"": 0.0, ""kick_dir"": null}, {""move_vx"": 7.199111034089534, ""move_vy"": -0.11313849411369728, ""kick_power"": 0.0, ""kick_dir"": null}, {""move_vx"": -4.499045401850493, ""move_vy"": 0.09268479965957174, ""kick_power"": 0.0, ""kick_dir"": null}, {""move_vx"": -0.0, ""move_vy"": 0.0, ""kick_power"": 0.4, ""kick_dir"": [-0.986661218921471, 0.16278698031968303]}, {""move_vx"": -5.4, ""move_vy"": 0.0, ""kick_power"": 0.0, ""kick_dir"": null}, {""move_vx"": 3.8183766184073566, ""move_vy"": -3.8183766184073566, ""kick_power"": 0.0, ""kick_dir"": null}, {""move_vx"": -0.0, ""move_vy"": 5.8, ""kick_power"": 0.0, ""kick_dir"": null}, {""move_vx"": -5.260281089242688, ""move_vy"": 1.2204273276831217, ""kick_power"": 0.0, ""kick_dir"": null}, {""move_vx"": -5.6267655973758925, ""move_vy"": -2.0831487974187337, ""kick_power"": 0.0, ""kick_dir"": null}, {""move_vx"": -5.1014448028872454, ""move_vy"": -3.158363646430648, ""kick_power"": 0.0, ""kick_dir"": null}, {""move_vx"": -5.729297920668304, ""move_vy"": 0.5939236787886695, ""kick_power"": 0.0, ""kick_dir"": null}, {""move_vx"": -4.242640687119285, ""move_vy"": 4.242640687119285, ""kick_power"": 0.0, ""kick_dir"": null}, {""move_vx"": 1.3874211139586534, ""move_vy"": 5.260101011629124, ""kick_power"": 0.0, ""kick_dir"": null}]"
362,99,default,default,0,23.65777735819061,40.82499481868877,20,B,,0.1342503761559149,-0.03369669823892917,0.42477486842916357,"[{""move_vx"": 0.0, ""move_vy"": 0.0, ""kick_power"": 0.9, ""kick_dir"": [0.7697573868487392, -0.6383365165514333]}, {""move_vx"": 0.0, ""move_vy"": 0.0, ""kick_power"": 0.4, ""kick_dir"": [-0.18024860982816474, 0.9836210187442999]}, {""move_vx"": 0.0, ""move_vy"": 0.0, ""kick_power"": 0.4, ""kick_dir"": [0.9987616569778672, 0.04975063576730069]}, {""move_vx"": 2.7068144338456657, ""move_vy"": -4.357758095709854, ""kick_power"": 0.0, ""kick_dir"": null}, {""move_vx"": -1.755658322976453, ""move_vy"": -5.222811872254591, ""kick_power"": 0.0, ""kick_dir"": null}, {""move_vx"": 3.806571074870307, ""move_vy"": 3.9560228325883955, ""kick_power"": 0.0, ""kick_dir"": null}, {""move_vx"": 0.0, ""move_vy"": 0.0, ""kick_power"": 0.0, ""kick_dir"": null}, {""move_vx"": -4.242640687119285, ""move_vy"": 4.242640687119285, ""kick_power"": 0.0, ""kick_dir"": null}, {""move_vx"": 0.0, ""move_vy"": -6.1, ""kick_power"": 0.0, ""kick_dir"": null}, {""move_vx"": 3.7341160344004636, ""move_vy"": 3.900817535034593, ""kick_power"": 0.0, ""kick_dir"": null}, {""move_vx"": -5.3988066193972974, ""move_vy"": 1.8283563893158035, ""kick_power"": 0.0, ""kick_dir"": null}, {""move_vx"": 3.5355339059327373, ""move_vy"": 3.5355339059327373, ""kick_power"": 0.0, ""kick_dir"": null}, {""move_vx"": -4.905955626385558, ""move_vy"": 2.508326013885733, ""kick_power"": 0.0, ""kick_dir"": null}, {""move_vx"": -5.4, ""move_vy"": 0.0, ""kick_power"": 0.0, ""kick_dir"": null}, {""move_vx"": -7.008389029644579, ""move_vy"": -0.40358791998463556, ""kick_power"": 0.0, ""kick_dir"": null}, {""move_vx"": -0.0, ""move_vy"": 5.8, ""kick_power"": 0.0, ""kick_dir"": null}, {""move_vx"": -5.274095784199979, ""move_vy"": 1.1592729010392782, ""kick_power"": 0.0, ""kick_dir"": null}, {""move_vx"": -5.626012931231786, ""move_vy"": -2.0851806870419467, ""kick_power"": 0.0, ""kick_dir"": null}, {""move_vx"": -5.1014448028872454, ""move_vy"": -3.158363646430649, ""kick_power"": 0.0, ""kick_dir"": null}, {""move_vx"": -5.746176585348788, ""move_vy"": 0.39881656182930003, ""kick_power"": 0.0, ""kick_dir"": null}, {""move_vx"": -4.242640687119285, ""move_vy"": 4.242640687119285, ""kick_power"": 0.0, ""kick_dir"": null}, {""move_vx"": 1.3571324640168763, ""move_vy"": 5.267996912974748, ""kick_power"": 0.0, ""kick_dir"": null}]"
362,100,default,default,0,23.50536042864948,41.303367762235176,20,B,,0.13448968391235835,-0.028279989991158095,0.4343730034118749,"[{""move_vx"": 0.0, ""move_vy"": 0.0, ""kick_power"": 0.9, ""kick_dir"": [0.7686685151481742, 0.639647290954688]}, {""move_vx"": 0.0, ""move_vy"": 0.0, ""kick_power"": 0.4, ""kick_dir"": [-0.18672082822856487, 0.982412948381706]}, {""move_vx"": 5.341881090328051, ""move_vy"": 0.7901306327409433, ""kick_power"": 0.0, ""kick_dir"": null}, {""move_vx"": 3.8183766184073566, ""move_vy"": 3.8183766184073566, ""kick_power"": 0.0, ""kick_dir"": null}, {""move_vx"": -1.9880141719443, ""move_vy"": -5.138861707824858, ""kick_power"": 0.0, ""kick_dir"": null}, {""move_vx"": 3.4626918984956947, ""move_vy"": 4.26026581519185, ""kick_power"": 0.0, ""kick_dir"": null}, {""move_vx"": 5.803468246423202, ""move_vy"": -1.5230746248157372, ""kick_power"": 0.0, ""kick_dir"": null}, {""move_vx"": -4.242640687119285, ""move_vy"": 4.242640687119285, ""kick_power"": 0.0, ""kick_dir"": null}, {""move_vx"": 0.0, ""move_vy"": -6.1, ""kick_power"": 0.0, ""kick_dir"": null}, {""move_vx"": -4.242640687119285, ""move_vy"": -4.242640687119285, ""kick_power"": 0.0, ""kick_dir"": null}, {""move_vx"": -5.369353505909709, ""move_vy"": 1.9131238665008372, ""kick_power"": 0.0, ""kick_dir"": null}, {""move_vx"": -4.4992690878034995, ""move_vy"": 0.08110287008402343, ""kick_power"": 0.0, ""kick_dir"": null}, {""move_vx"": -4.886299951167149, ""move_vy"": 2.546403893184252, ""kick_power"": 0.0, ""kick_dir"": null}, {""move_vx"": -5.4, ""move_vy"": 0.0, ""kick_power"": 0.0, ""kick_dir"": null}, {""move_vx"": -7.012336171018081, ""move_vy"": -0.3279350921012806, ""kick_power"": 0.0, ""kick_dir"": null}, {""move_vx"": -0.0, ""move_vy"": 5.8, ""kick_power"": 0.0, ""kick_dir"": null}, {""move_vx"": -5.266168889031544, ""move_vy"": 1.1947657645732386, ""kick_power"": 0.0, ""kick_dir"": null}, {""move_vx"": -5.626045309124884, ""move_vy"": -2.0850933263702816, ""kick_power"": 0.0, ""kick_dir"": null}, {""move_vx"": -5.101444802887246, ""move_vy"": -3.158363646430649, ""kick_power"": 0.0, ""kick_dir"": null}, {""move_vx"": -5.73344494986216, ""move_vy"": 0.5524572444091085, ""kick_power"": 0.0, ""kick_dir"": null}, {""move_vx"": -4.242640687119285, ""move_vy"": 4.242640687119285, ""kick_power"": 0.0, ""kick_dir"": null}, {""move_vx"": 1.3273742321030924, ""move_vy"": 5.275573679510952, ""kick_power"": 0.0, ""kick_dir"": null}]"
362,101,default,default,0,23.222517716174863,41.586210474709794,20,B,,0.1361761565180158,-0.03956984036966843,0.4161507060774896,"[{""move_vx"": 0.0, ""move_vy"": 0.0, ""kick_power"": 0.9, ""kick_dir"": [0.7708614323834169, 0.6370028217083515]}, {""move_vx"": 0.0, ""move_vy"": 0.0, ""kick_power"": 0.4, ""kick_dir"": [-0.19433398719417572, 0.9809353542627661]}, {""move_vx"": 5.336417160675352, ""move_vy"": 0.8262275033243698, ""kick_power"": 0.0, ""kick_dir"": null}, {""move_vx"": 0.0, ""move_vy"": 5.4, ""kick_power"": 0.0, ""kick_dir"": null}, {""move_vx"": -2.148003976175353, ""move_vy"": -5.074069266213742, ""kick_power"": 0.0, ""kick_dir"": null}, {""move_vx"": 3.193076864321386, ""move_vy"": 4.465910896842379, ""kick_power"": 0.0, ""kick_dir"": null}, {""move_vx"": 5.803468246423203, ""move_vy"": -1.523074624815737, ""kick_power"": 0.0, ""kick_dir"": null}, {""move_vx"": -4.242640687119285, ""move_vy"": 4.242640687119285, ""kick_power"": 0.0, ""kick_dir"": null}, {""move_vx"": 0.0, ""move_vy"": -6.1, ""kick_power"": 0.0, ""kick_dir"": null}, {""move_vx"": 3.6208375998243163, ""move_vy"": 4.006187099437379, ""kick_power"": 0.0, ""kick_dir"": null}, {""move_vx"": 7.199010332063683, ""move_vy"": -0.11937436425098416, ""kick_power"": 0.0, ""kick_dir"": null}, {""move_vx"": -4.499272764137016, ""move_vy"": 0.08089866435761568, ""kick_power"": 0.0, ""kick_dir"": null}, {""move_vx"": -0.0, ""move_vy"": 0.0, ""kick_power"": 0.4, ""kick_dir"": [-0.9873199823108838, 0.1587426033644962]}, {""move_vx"": -5.4, ""move_vy"": 0.0, ""kick_power"": 0.0, ""kick_dir"": null}, {""move_vx"": -0.0, ""move_vy"": 0.0, ""kick_power"": 0.0, ""kick_dir"": null}, {""move_vx"": -0.0, ""move_vy"": 5.8, ""kick_power"": 0.0, ""kick_dir"": null}, {""move_vx"": -5.257779482239572, ""move_vy"": 1.2311599880359103, ""kick_power"": 0.0, ""kick_dir"": null}, {""move_vx"": -5.626277296610001, ""move_vy"": -2.0844672656702605, ""kick_power"": 0.0, ""kick_dir"": null}, {""move_vx"": -5.101444802887246, ""move_vy"": -3.158363646430649, ""kick_power"": 0.0, ""kick_dir"": null}, {""move_vx"": -5.7169111367805145, ""move_vy"": 0.7032261756753216, ""kick_power"": 0.0, ""kick_dir"": null}, {""move_vx"": -4.242640687119285, ""move_vy"": 4.242640687119285, ""kick_power"": 0.0, ""kick_dir"": null}, {""move_vx"": 1.2981454123658156, ""move_vy"": 5.28284189507443, ""kick_power"": 0.0, ""kick_dir"": null}]"
362,102,default,default,0,22.939675003700245,41.86905318718441,20,B,,0.13784746206024226,-0.03186792699475812,0.4242846610806857,"[{""move_vx"": 0.0, ""move_vy"": 0.0, ""kick_power"": 0.9, ""kick_dir"": [0.7731144517212647, 0.6342664953571462]}, {""move_vx"": 0.0, ""move_vy"": 0.0, ""kick_power"": 0.4, ""kick_dir"": [-0.20288041704944826, 0.9792034534140559]}, {""move_vx"": 5.332677290303093, ""move_vy"": 0.850031127362797, ""kick_power"": 0.0, ""kick_dir"": null}, {""move_vx"": -5.99197061750131, ""move_vy"": -3.657415497178436, ""kick_power"": 0.0, ""kick_dir"": null}, {""move_vx"": -2.343600523645011, ""move_vy"": -4.986746091949221, ""kick_power"": 0.0, ""kick_dir"": null}, {""move_vx"": 2.926425133437546, ""move_vy"": 4.6450119416837925, ""kick_power"": 0.0, ""kick_dir"": null}, {""move_vx"": 5.721249606418416, ""move_vy"": 1.8075682396681807, ""kick_power"": 0.0, ""kick_dir"": null}, {""move_vx"": -4.242640687119285, ""move_vy"": 4.242640687119285, ""kick_power"": 0.0, ""kick_dir"": null}, {""move_vx"": 0.0, ""move_vy"": -6.1, ""kick_power"": 0.0, ""kick_dir"": null}, {""move_vx"": -4.242640687119285, ""move_vy"": -4.242640687119285, ""kick_power"": 0.0, ""kick_dir"": null}, {""move_vx"": 7.199226899002344, ""move_vy"": -0.10550856212207184, ""kick_power"": 0.0, ""kick_dir"": null}, {""move_vx"": -0.5253171460113245, ""move_vy"": 4.217409382085941, ""kick_power"": 0.0, ""kick_dir"": null}, {""move_vx"": -0.0, ""move_vy"": 0.0, ""kick_power"": 0.4, ""kick_dir"": [-0.9872787519852968, 0.1589988292140126]}, {""move_vx"": -5.4, ""move_vy"": 0.0, ""kick_power"": 0.0, ""kick_dir"": null}, {""move_vx"": -7.0162620679608505, ""move_vy"": -0.22905587461085106, ""kick_power"": 0.0, ""kick_dir"": null}, {""move_vx"": -0.0, ""move_vy"": 5.8, ""kick_power"": 0.0, ""kick_dir"": null}, {""move_vx"": -5.253574344569078, ""move_vy"": 1.2489822280903686, ""kick_power"": 0.0, ""kick_dir"": null}, {""move_vx"": -5.6291589465663785, ""move_vy"": -2.076672712367479, ""kick_power"": 0.0, ""kick_dir"": null}, {""move_vx"": -5.101444802887246, ""move_vy"": -3.158363646430649, ""kick_power"": 0.0, ""kick_dir"": null}, {""move_vx"": -5.705308452016407, ""move_vy"": 0.7918683396563796, ""kick_power"": 0.0, ""kick_dir"": null}, {""move_vx"": -4.242640687119285, ""move_vy"": 4.242640687119285, ""kick_power"": 0.0, ""kick_dir"": null}, {""move_vx"": 1.2694444196579122, ""move_vy"": 5.289811987717464, ""kick_power"": 0.0, ""kick_dir"": null}]"
362,103,default,default,0,22.41224002133656,41.892351714067225,20,B,,0.14251192124471748,-0.0486666776479491,0.4236026885681455,"[{""move_vx"": 0.0, ""move_vy"": 0.0, ""kick_power"": 0.9, ""kick_dir"": [0.7754018579287402, 0.6314680523227031]}, {""move_vx"": 0.0, ""move_vy"": 0.0, ""kick_power"": 0.4, ""kick_dir"": [-0.2123719531818278, 0.9771888350200859]}, {""move_vx"": 5.328766251556677, ""move_vy"": 0.87421406776064, ""kick_power"": 0.0, ""kick_dir"": null}, {""move_vx"": -6.528680939005655, ""move_vy"": -2.58006302183963, ""kick_power"": 0.0, ""kick_dir"": null}, {""move_vx"": -2.5501561817978504, ""move_vy"": -4.884342683354455, ""kick_power"": 0.0, ""kick_dir"": null}, {""move_vx"": 2.6562111528819115, ""move_vy"": 4.804647990363679, ""kick_power"": 0.0, ""kick_dir"": null}, {""move_vx"": 5.797888639512008, ""move_vy"": -1.5441785271844695, ""kick_power"": 0.0, ""kick_dir"": null}, {""move_vx"": -4.242640687119285, ""move_vy"": 4.242640687119285, ""kick_power"": 0.0, ""kick_dir"": null}, {""move_vx"": 0.0, ""move_vy"": -6.1, ""kick_power"": 0.0, ""kick_dir"": null}, {""move_vx"": 3.535053997333753, ""move_vy"": 4.082081973201256, ""kick_power"": 0.0, ""kick_dir"": null}, {""move_vx"": 7.199435574971079, ""move_vy"": -0.09015210391805406, ""kick_power"": 0.0, ""kick_dir"": null}, {""move_vx"": -4.4994949684134555, ""move_vy"": 0.0674168318893306, ""kick_power"": 0.0, ""kick_dir"": null}, {""move_vx"": -0.0, ""move_vy"": 0.0, ""kick_power"": 0.4, ""kick_dir"": [-0.9872434780209179, 0.15921770358713352]}, {""move_vx"": -5.2607924206294685, ""move_vy"": -1.2182212882098011, ""kick_power"": 0.0, ""kick_dir"": null}, {""move_vx"": -7.017503899802299, ""move_vy"": -0.1871871156344521, ""kick_power"": 0.0, ""kick_dir"": null}, {""move_vx"": -0.0, ""move_vy"": 5.8, ""kick_power"": 0.0, ""kick_dir"": null}, {""move_vx"": -5.2493060979237445, ""move_vy"": 1.2668012828777022, ""kick_power"": 0.0, ""kick_dir"": null}, {""move_vx"": -5.631575322226629, ""move_vy"": -2.0701109608153967, ""kick_power"": 0.0, ""kick_dir"": null}, {""move_vx"": -5.1014448028872454, ""move_vy"": -3.158363646430648, ""kick_power"": 0.0, ""kick_dir"": null}, {""move_vx"": -5.692251988609941, ""move_vy"": 0.8808332976030095, ""kick_power"": 0.0, ""kick_dir"": null}, {""move_vx"": -4.242640687119285, ""move_vy"": 4.242640687119285, ""kick_power"": 0.0, ""kick_dir"": null}, {""move_vx"": -0.0, ""move_vy"": 0.0, ""kick_power"": 0.0, ""kick_dir"": null}]"
362,104,default,default,0,22.004959341134523,42.16857841844995,20,B,,0.14597889969236988,-0.03518004333050191,0.428959452173325,"[{""move_vx"": 0.0, ""move_vy"": 0.0, ""kick_power"": 0.9, ""kick_dir"": [0.7772703270203052, 0.629166735339991]}, {""move_vx"": 0.0, ""move_vy"": 0.0, ""kick_power"": 0.4, ""kick_dir"": [-0.22284129274807207, 0.9748546676484786]}, {""move_vx"": 5.327409248162217, ""move_vy"": 0.8824458638328371, ""kick_power"": 0.0, ""kick_dir"": null}, {""move_vx"": -6.717201132923002, ""move_vy"": -2.039511936679446, ""kick_power"": 0.0, ""kick_dir"": null}, {""move_vx"": -2.855406757577228, ""move_vy"": -4.7124040837753185, ""kick_power"": 0.0, ""kick_dir"": null}, {""move_vx"": 2.3253107048481954, ""move_vy"": 4.973231356564702, ""kick_power"": 0.0, ""kick_dir"": null}, {""move_vx"": -4.242640687119285, ""move_vy"": 4.242640687119285, ""kick_power"": 0.0, ""kick_dir"": null}, {""move_vx"": -4.242640687119285, ""move_vy"": 4.242640687119285, ""kick_power"": 0.0, ""kick_dir"": null}, {""move_vx"": 0.0, ""move_vy"": -6.1, ""kick_power"": 0.0, ""kick_dir"": null}, {""move_vx"": -4.242640687119285, ""move_vy"": -4.242640687119285, ""kick_power"": 0.0, ""kick_dir"": null}, {""move_vx"": -5.358166217111911, ""move_vy"": 0.6708612299131852, ""kick_power"": 0.0, ""kick_dir"": null}, {""move_vx"": -4.499497512319527, ""move_vy"": 0.06724683360865234, ""kick_power"": 0.0, ""kick_dir"": null}, {""move_vx"": -0.0, ""move_vy"": 0.0, ""kick_power"": 0.4, ""kick_dir"": [-0.9872117611146354, 0.15941424328533688]}, {""move_vx"": -5.4, ""move_vy"": 0.0, ""kick_power"": 0.0, ""kick_dir"": null}, {""move_vx"": -7.017644607879964, ""move_vy"": -0.18183552318858734, ""kick_power"": 0.0, ""kick_dir"": null}, {""move_vx"": -0.0, ""move_vy"": 5.8, ""kick_power"": 0.0, ""kick_dir"": null}, {""move_vx"": -5.251377325242791, ""move_vy"": 1.2581876600594522, ""kick_power"": 0.0, ""kick_dir"": null}, {""move_vx"": -5.633269716983169, ""move_vy"": -2.0654956537645806, ""kick_power"": 0.0, ""kick_dir"": null}, {""move_vx"": -5.1014448028872454, ""move_vy"": -3.158363646430648, ""kick_power"": 0.0, ""kick_dir"": null}, {""move_vx"": -5.69223342848622, ""move_vy"": 0.8809532312353605, ""kick_power"": 0.0, ""kick_dir"": null}, {""move_vx"": -4.242640687119285, ""move_vy"": 4.242640687119285, ""kick_power"": 0.0, ""kick_dir"": null}, {""move_vx"": 1.2412691249343297, ""move_vy"": 5.296494214051854, ""kick_power"": 0.0, ""kick_dir"": null}]"
362,105,default,default,0,21.617746338531592,42.463929411587294,20,B,,0.1491641559315716,-0.04489074999915006,0.4310852818777609,"[{""move_vx"": 0.0, ""move_vy"": 0.0, ""kick_power"": 0.9, ""kick_dir"": [0.7787765047177615, 0.627301440710592]}, {""move_vx"": 0.0, ""move_vy"": 0.0, ""kick_power"": 0.4, ""kick_dir"": [-0.23449185488607785, 0.972118014345674]}, {""move_vx"": 5.323013252371362, ""move_vy"": 0.9085867680518256, ""kick_power"": 0.0, ""kick_dir"": null}, {""move_vx"": -6.948510176972333, ""move_vy"": -0.9993029172938053, ""kick_power"": 0.0, ""kick_dir"": null}, {""move_vx"": -3.1653818175474595, ""move_vy"": -4.510039683765536, ""kick_power"": 0.0, ""kick_dir"": null}, {""move_vx"": 1.9844191349267655, ""move_vy"": 5.11880656959574, ""kick_power"": 0.0, ""kick_dir"": null}, {""move_vx"": 5.7925703849862344, ""move_vy"": -1.5640103372357945, ""kick_power"": 0.0, ""kick_dir"": null}, {""move_vx"": -4.242640687119285, ""move_vy"": 4.242640687119285, ""kick_power"": 0.0, ""kick_dir"": null}, {""move_vx"": 0.0, ""move_vy"": -6.1, ""kick_power"": 0.0, ""kick_dir"": null}, {""move_vx"": 3.436761010995934, ""move_vy"": 4.16517391633269, ""kick_power"": 0.0, ""kick_dir"": null}, {""move_vx"": -5.291724533697564, ""move_vy"": 2.118407765153652, ""kick_power"": 0.0, ""kick_dir"": null}, {""move_vx"": -4.499500045010146, ""move_vy"": 0.06707715672036345, ""kick_power"": 0.0, ""kick_dir"": null}, {""move_vx"": -0.0, ""move_vy"": 0.0, ""kick_power"": 0.4, ""kick_dir"": [-0.9871832753042153, 0.15959054927357239]}, {""move_vx"": -5.4, ""move_vy"": 0.0, ""kick_power"": 0.0, ""kick_dir"": null}, {""move_vx"": -7.018589780893615, ""move_vy"": -0.14070354485839787, ""kick_power"": 0.0, ""kick_dir"": null}, {""move_vx"": -0.0, ""move_vy"": 5.8, ""kick_power"": 0.0, ""kick_dir"": null}, {""move_vx"": -5.2477937002483594, ""move_vy"": 1.273051954805317, ""kick_power"": 0.0, ""kick_dir"": null}, {""move_vx"": -5.6334456474279975, ""move_vy"": -2.065015771725376, ""kick_power"": 0.0, ""kick_dir"": null}, {""move_vx"": -5.101444802887246, ""move_vy"": -3.158363646430648, ""kick_power"": 0.0, ""kick_dir"": null}, {""move_vx"": -5.679223747226585, ""move_vy"": 0.9612583570183523, ""kick_power"": 0.0, ""kick_dir"": null}, {""move_vx"": -4.242640687119285, ""move_vy"": 4.242640687119285, ""kick_power"": 0.0, ""kick_dir"": null}, {""move_vx"": 1.213616890056628, ""move_vy"": 5.302898645473934, ""kick_power"": 0.0, ""kick_dir"": null}]"
362,106,default,default,0,21.248258523183893,42.76873143848333,20,B,,0.15210395562779205,-0.043483213599416703,0.43122322364462773,"[{""move_vx"": 0.0, ""move_vy"": 0.0, ""kick_power"": 0.9, ""kick_dir"": [0.7803937344122917, 0.6252883821109357]}, {""move_vx"": 0.0, ""move_vy"": 0.0, ""kick_power"": 0.4, ""kick_dir"": [0.3179571215926403, 0.9481050234363546]}, {""move_vx"": 5.318181147012587, ""move_vy"": 0.9364557050709272, ""kick_power"": 0.0, ""kick_dir"": null}, {""move_vx"": -7.019883329156855, ""move_vy"": -0.04047276894011287, ""kick_power"": 0.0, ""kick_dir"": null}, {""move_vx"": -3.467597701202875, ""move_vy"": -4.282039955746857, ""kick_power"": 0.0, ""kick_dir"": null}, {""move_vx"": 1.6574584878052228, ""move_vy"": 5.233825690754558, ""kick_power"": 0.0, ""kick_dir"": null}, {""move_vx"": 5.792570384986235, ""move_vy"": -1.5640103372357943, ""kick_power"": 0.0, ""kick_dir"": null}, {""move_vx"": -4.242640687119285, ""move_vy"": 4.242640687119285, ""kick_power"": 0.0, ""kick_dir"": null}, {""move_vx"": 0.0, ""move_vy"": -6.1, ""kick_power"": 0.0, ""kick_dir"": null}, {""move_vx"": -4.242640687119285, ""move_vy"": -4.242640687119285, ""kick_power"": 0.0, ""kick_dir"": null}, {""move_vx"": -5.280659441641736, ""move_vy"": 2.145841527559756, ""kick_power"": 0.0, ""kick_dir"": null}, {""move_vx"": -4.499502566527686, ""move_vy"": 0.06690780082148455, ""kick_power"": 0.0, ""kick_dir"": null}, {""move_vx"": -0.0, ""move_vy"": 0.0, ""kick_power"": 0.4, ""kick_dir"": [-0.9871609601160485, 0.15972852434904666]}, {""move_vx"": -5.2558757958059905, ""move_vy"": -1.2392617233904848, ""kick_power"": 0.0, ""kick_dir"": null}, {""move_vx"": -7.019327857202664, ""move_vy"": -0.09714130480211819, ""kick_power"": 0.0, ""kick_dir"": null}, {""move_vx"": -0.0, ""move_vy"": 5.8, ""kick_power"": 0.0, ""kick_dir"": null}, {""move_vx"": -0.0, ""move_vy"": 6.0, ""kick_power"": 0.0, ""kick_dir"": null}, {""move_vx"": -5.633738742675231, ""move_vy"": -2.0642160204978817, ""kick_power"": 0.0, ""kick_dir"": null}, {""move_vx"": -5.101444802887246, ""move_vy"": -3.158363646430649, ""kick_power"": 0.0, ""kick_dir"": null}, {""move_vx"": -5.663975701619692, ""move_vy"": 1.0473677727817117, ""kick_power"": 0.0, ""kick_dir"": null}, {""move_vx"": -4.242640687119285, ""move_vy"": 4.242640687119285, ""kick_power"": 0.0, ""kick_dir"": null}, {""move_vx"": 1.186484601879069, ""move_vy"": 5.309035156175167, ""kick_power"": 0.0, ""kick_dir"": null}]"
362,107,default,default,0,21.03063579013076,43.12884345512302,20,B,,0.15352333768287293,-0.03949256060328987,0.4362926010096388,"[{""move_vx"": 0.0, ""move_vy"": 0.0, ""kick_power"": 0.9, ""kick_dir"": [0.7821185817203781, 0.6231295734735365]}, {""move_vx"": 0.0, ""move_vy"": 0.0, ""kick_power"": 0.4, ""kick_dir"": [0.3251579346629703, 0.945659655333961]}, {""move_vx"": 5.313010669607769, ""move_vy"": 0.9653588061617357, ""kick_power"": 0.0, ""kick_dir"": null}, {""move_vx"": 0.0, ""move_vy"": -5.4, ""kick_power"": 0.0, ""kick_dir"": null}, {""move_vx"": -3.663710088190142, ""move_vy"": -4.115498559068364, ""kick_power"": 0.0, ""kick_dir"": null}, {""move_vx"": 1.3520129036631028, ""move_vy"": 5.320917318313494, ""kick_power"": 0.0, ""kick_dir"": null}, {""move_vx"": 5.7925703849862344, ""move_vy"": -1.564010337235794, ""kick_power"": 0.0, ""kick_dir"": null}, {""move_vx"": -4.242640687119285, ""move_vy"": 4.242640687119285, ""kick_power"": 0.0, ""kick_dir"": null}, {""move_vx"": 0.0, ""move_vy"": -6.1, ""kick_power"": 0.0, ""kick_dir"": null}, {""move_vx"": 3.3314565901302693, ""move_vy"": 4.249870231910334, ""kick_power"": 0.0, ""kick_dir"": null}, {""move_vx"": -5.269193615833899, ""move_vy"": 2.1738442075860163, ""kick_power"": 0.0, ""kick_dir"": null}, {""move_vx"": -5.975536377669011, ""move_vy"": 0.5412624124713593, ""kick_power"": 0.0, ""kick_dir"": null}, {""move_vx"": -0.0, ""move_vy"": 0.0, ""kick_power"": 0.4, ""kick_dir"": [-0.9871452318294185, 0.15982569928600823]}, {""move_vx"": -5.2558757958059905, ""move_vy"": -1.239261723390485, ""kick_power"": 0.0, ""kick_dir"": null}, {""move_vx"": -7.019803683729451, ""move_vy"": -0.05249992284227293, ""kick_power"": 0.0, ""kick_dir"": null}, {""move_vx"": -0.0, ""move_vy"": 5.8, ""kick_power"": 0.0, ""kick_dir"": null}, {""move_vx"": -0.0, ""move_vy"": 6.0, ""kick_power"": 0.0, ""kick_dir"": null}, {""move_vx"": -5.6338626869702715, ""move_vy"": -2.0638777154579966, ""kick_power"": 0.0, ""kick_dir"": null}, {""move_vx"": -5.101444802887246, ""move_vy"": -3.158363646430649, ""kick_power"": 0.0, ""kick_dir"": null}, {""move_vx"": -5.6467896244741835, ""move_vy"": 1.1363832702617214, ""kick_power"": 0.0, ""kick_dir"": null}, {""move_vx"": -4.242640687119285, ""move_vy"": 4.242640687119285, ""kick_power"": 0.0, ""kick_dir"": null}, {""move_vx"": 1.159868705508277, ""move_vy"": 5.314913412839625, ""kick_power"": 0.0, ""kick_dir"": null}]"
362,108,default,default,0,20.74779307765614,43.41168616759764,20,B,,0.15787226017225284,-0.04593782730344863,0.4271427254318046,"[{""move_vx"": 5.249376652765473, ""move_vy"": -0.08089967491137001, ""kick_power"": 0.0, ""kick_dir"": null}, {""move_vx"": 0.0, ""move_vy"": 0.0, ""kick_power"": 0.4, ""kick_dir"": [0.33241597544945095, 0.9431328035009089]}, {""move_vx"": 5.307176021187418, ""move_vy"": 0.9969366480039158, ""kick_power"": 0.0, ""kick_dir"": null}, {""move_vx"": 0.0, ""move_vy"": -5.4, ""kick_power"": 0.0, ""kick_dir"": null}, {""move_vx"": -3.7383155782069437, ""move_vy"": 4.047850866538352, ""kick_power"": 0.0, ""kick_dir"": null}, {""move_vx"": 1.1428463677603224, ""move_vy"": 5.369730177550548, ""kick_power"": 0.0, ""kick_dir"": null}, {""move_vx"": 5.7925703849862344, ""move_vy"": -1.5640103372357936, ""kick_power"": 0.0, ""kick_dir"": null}, {""move_vx"": -4.242640687119285, ""move_vy"": 4.242640687119285, ""kick_power"": 0.0, ""kick_dir"": null}, {""move_vx"": 0.0, ""move_vy"": -6.1, ""kick_power"": 0.0, ""kick_dir"": null}, {""move_vx"": -4.242640687119285, ""move_vy"": -4.242640687119285, ""kick_power"": 0.0, ""kick_dir"": null}, {""move_vx"": 7.198629415481486, ""move_vy"": -0.1404796731369631, ""kick_power"": 0.0, ""kick_dir"": null}, {""move_vx"": -0.0, ""move_vy"": 0.0, ""kick_power"": 0.0, ""kick_dir"": null}, {""move_vx"": -0.0, ""move_vy"": 0.0, ""kick_power"": 0.0, ""kick_dir"": null}, {""move_vx"": -5.2558757958059905, ""move_vy"": -1.2392617233904855, ""kick_power"": 0.0, ""kick_dir"": null}, {""move_vx"": -7.0199999990290305, ""move_vy"": -0.00011675792555938587, ""kick_power"": 0.0, ""kick_dir"": null}, {""move_vx"": -0.0, ""move_vy"": 5.8, ""kick_power"": 0.0, ""kick_dir"": null}, {""move_vx"": -0.0, ""move_vy"": 6.0, ""kick_power"": 0.0, ""kick_dir"": null}, {""move_vx"": -0.0, ""move_vy"": 0.0, ""kick_power"": 0.0, ""kick_dir"": null}, {""move_vx"": -0.0, ""move_vy"": 0.0, ""kick_power"": 0.4, ""kick_dir"": [-0.9946163486929402, -0.10362562987012654]}, {""move_vx"": -5.622719522549169, ""move_vy"": 1.2500500672950887, ""kick_power"": 0.0, ""kick_dir"": null}, {""move_vx"": -4.242640687119285, ""move_vy"": 4.242640687119285, ""kick_power"": 0.0, ""kick_dir"": null}, {""move_vx"": 1.133765236644703, ""move_vy"": 5.320542865927873, ""kick_power"": 0.0, ""kick_dir"": null}]"
362,109,default,default,0,20.464950365181522,43.694528880072255,20,B,,0.16309378300128738,-0.04181793577081925,0.4372893340900626,"[{""move_vx"": 6.288380825674667, ""move_vy"": 1.6450734303632752, ""kick_power"": 0.0, ""kick_dir"": null}, {""move_vx"": 0.0, ""move_vy"": 0.0, ""kick_power"": 0.4, ""kick_dir"": [0.3397199505433536, 0.9405265655792969]}, {""move_vx"": 5.30205735363666, ""move_vy"": 1.0238104408275073, ""kick_power"": 0.0, ""kick_dir"": null}, {""move_vx"": 0.0, ""move_vy"": -5.4, ""kick_power"": 0.0, ""kick_dir"": null}, {""move_vx"": -3.790080789563784, ""move_vy"": 3.999423409515372, ""kick_power"": 0.0, ""kick_dir"": null}, {""move_vx"": 0.9217634165140243, ""move_vy"": 5.412065428648881, ""kick_power"": 0.0, ""kick_dir"": null}, {""move_vx"": 5.792570384986235, ""move_vy"": -1.5640103372357932, ""kick_power"": 0.0, ""kick_dir"": null}, {""move_vx"": -4.242640687119285, ""move_vy"": 4.242640687119285, ""kick_power"": 0.0, ""kick_dir"": null}, {""move_vx"": 6.1, ""move_vy"": 0.0, ""kick_power"": 0.0, ""kick_dir"": null}, {""move_vx"": 0.0, ""move_vy"": 6.0, ""kick_power"": 0.0, ""kick_dir"": null}, {""move_vx"": -5.249421320502417, ""move_vy"": 2.221165414788969, ""kick_power"": 0.0, ""kick_dir"": null}, {""move_vx"": -0.0, ""move_vy"": 0.0, ""kick_power"": 0.0, ""kick_dir"": null}, {""move_vx"": -0.0, ""move_vy"": 0.0, ""kick_power"": 0.4, ""kick_dir"": [-0.9871361269644581, 0.15988192557736128]}, {""move_vx"": -5.2558757958059905, ""move_vy"": -1.2392617233904857, ""kick_power"": 0.0, ""kick_dir"": null}, {""move_vx"": -7.019880271941544, ""move_vy"": 0.040999604948454595, ""kick_power"": 0.0, ""kick_dir"": null}, {""move_vx"": -0.0, ""move_vy"": 5.8, ""kick_power"": 0.0, ""kick_dir"": null}, {""move_vx"": -0.0, ""move_vy"": 6.0, ""kick_power"": 0.0, ""kick_dir"": null}, {""move_vx"": -5.639322147143279, ""move_vy"": -2.0489133023969837, ""kick_power"": 0.0, ""kick_dir"": null}, {""move_vx"": -5.101444802887246, ""move_vy"": -3.158363646430649, ""kick_power"": 0.0, ""kick_dir"": null}, {""move_vx"": -5.602590697960228, ""move_vy"": 1.3373770863632783, ""kick_power"": 0.0, ""kick_dir"": null}, {""move_vx"": -4.242640687119285, ""move_vy"": 4.242640687119285, ""kick_power"": 0.0, ""kick_dir"": null}, {""move_vx"": 1.108169852929515, ""move_vy"": 5.325932742445983, ""kick_power"": 0.0, ""kick_dir"": null}]"
362,110,default,default,0,20.182107652706904,43.977371592546874,20,B,,0.16824200977804463,-0.04393604392060123,0.4384640040219874,"[{""move_vx"": 6.253398967882859, ""move_vy"": 1.7734151652902932, ""kick_power"": 0.0, ""kick_dir"": null}, {""move_vx"": 0.0, ""move_vy"": 0.0, ""kick_power"": 0.4, ""kick_dir"": [0.3470684127333452, 0.9378397420853205]}, {""move_vx"": 5.2967057858764, ""move_vy"": 1.051145954595967, ""kick_power"": 0.0, ""kick_dir"": null}, {""move_vx"": 0.0, ""move_vy"": -5.4, ""kick_power"": 0.0, ""kick_dir"": null}, {""move_vx"": -3.893355400319779, ""move_vy"": 3.8989593133041045, ""kick_power"": 0.0, ""kick_dir"": null}, {""move_vx"": 0.7153562935438774, ""move_vy"": 5.44319440891901, ""kick_power"": 0.0, ""kick_dir"": null}, {""move_vx"": 5.792570384986235, ""move_vy"": -1.564010337235793, ""kick_power"": 0.0, ""kick_dir"": null}, {""move_vx"": 0.0, ""move_vy"": 0.0, ""kick_power"": 0.65, ""kick_dir"": [0.9978060038849036, 0.06620378554899246]}, {""move_vx"": 0.0, ""move_vy"": -6.1, ""kick_power"": 0.0, ""kick_dir"": null}, {""move_vx"": -4.242640687119285, ""move_vy"": -4.242640687119285, ""kick_power"": 0.0, ""kick_dir"": null}, {""move_vx"": -5.237440503212799, ""move_vy"": 2.2492703206386855, ""kick_power"": 0.0, ""kick_dir"": null}, {""move_vx"": -0.0, ""move_vy"": 0.0, ""kick_power"": 0.0, ""kick_dir"": null}, {""move_vx"": -0.0, ""move_vy"": 0.0, ""kick_power"": 0.4, ""kick_dir"": [-0.9871416620332831, 0.15984774807288674]}, {""move_vx"": -5.2558757958059905, ""move_vy"": -1.2392617233904861, ""kick_power"": 0.0, ""kick_dir"": null}, {""move_vx"": -7.019520736038004, ""move_vy"": 0.0820282654485662, ""kick_power"": 0.0, ""kick_dir"": null}, {""move_vx"": -0.0, ""move_vy"": 5.8, ""kick_power"": 0.0, ""kick_dir"": null}, {""move_vx"": -0.0, ""move_vy"": 6.0, ""kick_power"": 0.0, ""kick_dir"": null}, {""move_vx"": -5.639322147143279, ""move_vy"": -2.0489133023969845, ""kick_power"": 0.0, ""kick_dir"": null}, {""move_vx"": -5.1014448028872454, ""move_vy"": -3.158363646430648, ""kick_power"": 0.0, ""kick_dir"": null}, {""move_vx"": -5.581075003471171, ""move_vy"": 1.4245005460263147, ""kick_power"": 0.0, ""kick_dir"": null}, {""move_vx"": -4.242640687119285, ""move_vy"": 4.242640687119285, ""kick_power"": 0.0, ""kick_dir"": null}, {""move_vx"": 1.08307786423461, ""move_vy"": 5.331092040098819, ""kick_power"": 0.0, ""kick_dir"": null}]"
362,111,default,default,0,19.899264940232285,44.26021430502149,20,B,,0.17331228057589004,-0.04661036076844869,0.43742418768193175,"[{""move_vx"": 6.213823282394612, ""move_vy"": 1.9074590992130456, ""kick_power"": 0.0, ""kick_dir"": null}, {""move_vx"": 0.0, ""move_vy"": 0.0, ""kick_power"": 0.4, ""kick_dir"": [-0.3262579909458434, 0.9452806896171794]}, {""move_vx"": 5.29111089284062, ""move_vy"": 1.0789557542658257, ""kick_power"": 0.0, ""kick_dir"": null}, {""move_vx"": 0.0, ""move_vy"": -5.4, ""kick_power"": 0.0, ""kick_dir"": null}, {""move_vx"": -3.9212483584225772, ""move_vy"": 3.8709057482155567, ""kick_power"": 0.0, ""kick_dir"": null}, {""move_vx"": 0.5233669346185595, ""move_vy"": 5.46499652806367, ""kick_power"": 0.0, ""kick_dir"": null}, {""move_vx"": 5.7925703849862344, ""move_vy"": -1.5640103372357927, ""kick_power"": 0.0, ""kick_dir"": null}, {""move_vx"": -4.242640687119285, ""move_vy"": 4.242640687119285, ""kick_power"": 0.0, ""kick_dir"": null}, {""move_vx"": 0.0, ""move_vy"": -6.1, ""kick_power"": 0.0, ""kick_dir"": null}, {""move_vx"": 0.0, ""move_vy"": 6.0, ""kick_power"": 0.0, ""kick_dir"": null}, {""move_vx"": 5.610042521135158, ""move_vy"": 2.127774168246124, ""kick_power"": 0.0, ""kick_dir"": null}, {""move_vx"": -0.0, ""move_vy"": 0.0, ""kick_power"": 0.0, ""kick_dir"": null}, {""move_vx"": -0.0, ""move_vy"": 0.0, ""kick_power"": 0.4, ""kick_dir"": [-0.9871537409022836, 0.15977313762744008]}, {""move_vx"": -5.25587579580599, ""move_vy"": -1.2392617233904863, ""kick_power"": 0.0, ""kick_dir"": null}, {""move_vx"": -7.0189229684345475, ""move_vy"": 0.12296488597146522, ""kick_power"": 0.0, ""kick_dir"": null}, {""move_vx"": -0.0, ""move_vy"": 5.8, ""kick_power"": 0.0, ""kick_dir"": null}, {""move_vx"": -0.0, ""move_vy"": 6.0, ""kick_power"": 0.0, ""kick_dir"": null}, {""move_vx"": -5.639322147143279, ""move_vy"": -2.0489133023969854, ""kick_power"": 0.0, ""kick_dir"": null}, {""move_vx"": -5.101444802887246, ""move_vy"": -3.158363646430648, ""kick_power"": 0.0, ""kick_dir"": null}, {""move_vx"": -4.525483399593904, ""move_vy"": -4.525483399593904, ""kick_power"": 0.0, ""kick_dir"": null}, {""move_vx"": -4.242640687119285, ""move_vy"": 4.242640687119285, ""kick_power"": 0.0, ""kick_dir"": null}, {""move_vx"": 1.058484261846646, ""move_vy"": 5.336029522727827, ""kick_power"": 0.0, ""kick_dir"": null}]"
362,112,default,default,0,19.616422227757667,44.54305701749611,20,B,,0.17829956088432836,-0.03784439732179946,0.44109485572778345,"[{""move_vx"": 6.1691021405514785, ""move_vy"": 2.0474810815837015, ""kick_power"": 0.0, ""kick_dir"": null}, {""move_vx"": 0.0, ""move_vy"": 0.0, ""kick_power"": 0.4, ""kick_dir"": [-0.3442416398140791, 0.9388810103380199]}, {""move_vx"": 5.285261688836385, ""move_vy"": 1.1072528530188466, ""kick_power"": 0.0, ""kick_dir"": null}, {""move_vx"": 0.0, ""move_vy"": -5.4, ""kick_power"": 0.0, ""kick_dir"": null}, {""move_vx"": -3.9354584479160764, ""move_vy"": 3.856457805386439, ""kick_power"": 0.0, ""kick_dir"": null}, {""move_vx"": 0.3452575393408703, ""move_vy"": 5.479132890478957, ""kick_power"": 0.0, ""kick_dir"": null}, {""move_vx"": 0.0, ""move_vy"": 0.0, ""kick_power"": 0.0, ""kick_dir"": null}, {""move_vx"": -4.242640687119285, ""move_vy"": 4.242640687119285, ""kick_power"": 0.0, ""kick_dir"": null}, {""move_vx"": 0.0, ""move_vy"": -6.1, ""kick_power"": 0.0, ""kick_dir"": null}, {""move_vx"": -4.242640687119285, ""move_vy"": -4.242640687119285, ""kick_power"": 0.0, ""kick_dir"": null}, {""move_vx"": -5.239260427947039, ""move_vy"": 2.2450278769200605, ""kick_power"": 0.0, ""kick_dir"": null}, {""move_vx"": -0.0, ""move_vy"": 0.0, ""kick_power"": 0.0, ""kick_dir"": null}, {""move_vx"": -0.0, ""move_vy"": 0.0, ""kick_power"": 0.4, ""kick_dir"": [-0.9871724460074434, 0.15965752636526068]}, {""move_vx"": -5.25587579580599, ""move_vy"": -1.2392617233904868, ""kick_power"": 0.0, ""kick_dir"": null}, {""move_vx"": -7.018088619150803, ""move_vy"": 0.16380517008318823, ""kick_power"": 0.0, ""kick_dir"": null}, {""move_vx"": -0.0, ""move_vy"": 5.8, ""kick_power"": 0.0, ""kick_dir"": null}, {""move_vx"": -0.0, ""move_vy"": 6.0, ""kick_power"": 0.0, ""kick_dir"": null}, {""move_vx"": -5.642928721413387, ""move_vy"": -2.0389594025011535, ""kick_power"": 0.0, ""kick_dir"": null}, {""move_vx"": -5.101444802887246, ""move_vy"": -3.158363646430648, ""kick_power"": 0.0, ""kick_dir"": null}, {""move_vx"": -5.5108013909313955, ""move_vy"": 1.6759081209029958, ""kick_power"": 0.0, ""kick_dir"": null}, {""move_vx"": -4.242640687119285, ""move_vy"": 4.242640687119285, ""kick_power"": 0.0, ""kick_dir"": null}, {""move_vx"": 1.034383746507997, ""move_vy"": 5.340753716935474, ""kick_power"": 0.0, ""kick_dir"": null}]"
362,113,default,default,0,19.33357951528305,44.82589972997073,20,B,,0.1831984126050858,-0.043981927547986105,0.43912342994614756,"[{""move_vx"": 6.118614683432106, ""move_vy"": 2.193753485624362, ""kick_power"": 0.0, ""kick_dir"": null}, {""move_vx"": 0.0, ""move_vy"": 0.0, ""kick_power"": 0.4, ""kick_dir"": [-0.36279333408499714, 0.9318695478964159]}, {""move_vx"": 5.279146591721617, ""move_vy"": 1.136050730871661, ""kick_power"": 0.0, ""kick_dir"": null}, {""move_vx"": 0.0, ""move_vy"": -5.4, ""kick_power"": 0.0, ""kick_dir"": null}, {""move_vx"": -3.9360201682290743, ""move_vy"": 3.8558844945477757, ""kick_power"": 0.0, ""kick_dir"": null}, {""move_vx"": 0.1803098033900226, ""move_vy"": 5.487038215175966, ""kick_power"": 0.0, ""kick_dir"": null}, {""move_vx"": 5.792570384986235, ""move_vy"": -1.5640103372357923, ""kick_power"": 0.0, ""kick_dir"": null}, {""move_vx"": -4.242640687119285, ""move_vy"": 4.242640687119285, ""kick_power"": 0.0, ""kick_dir"": null}, {""move_vx"": 5.745693935776879, ""move_vy"": -2.0486583893799333, ""kick_power"": 0.0, ""kick_dir"": null}, {""move_vx"": 0.0, ""move_vy"": 6.0, ""kick_power"": 0.0, ""kick_dir"": null}, {""move_vx"": -5.2275256339017755, ""move_vy"": 2.272218243677272, ""kick_power"": 0.0, ""kick_dir"": null}, {""move_vx"": -0.0, ""move_vy"": 0.0, ""kick_power"": 0.0, ""kick_dir"": null}, {""move_vx"": -0.0, ""move_vy"": 0.0, ""kick_power"": 0.4, ""kick_dir"": [-0.9871978632352916, 0.15950029122108547]}, {""move_vx"": -5.25587579580599, ""move_vy"": -1.2392617233904872, ""kick_power"": 0.0, ""kick_dir"": null}, {""move_vx"": -7.017019409862449, ""move_vy"": 0.20454486454974358, ""kick_power"": 0.0, ""kick_dir"": null}, {""move_vx"": -0.0, ""move_vy"": 5.8, ""kick_power"": 0.0, ""kick_dir"": null}, {""move_vx"": -0.0, ""move_vy"": 6.0, ""kick_power"": 0.0, ""kick_dir"": null}, {""move_vx"": -4.242640687119285, ""move_vy"": -4.242640687119285, ""kick_power"": 0.0, ""kick_dir"": null}, {""move_vx"": -5.101444802887246, ""move_vy"": -3.158363646430648, ""kick_power"": 0.0, ""kick_dir"": null}, {""move_vx"": -4.525483399593904, ""move_vy"": -4.525483399593904, ""kick_power"": 0.0, ""kick_dir"": null}, {""move_vx"": -4.242640687119285, ""move_vy"": 4.242640687119285, ""kick_power"": 0.0, ""kick_dir"": null}, {""move_vx"": 1.0107707552884446, ""move_vy"": 5.3452729098011105, ""kick_power"": 0.0, ""kick_dir"": null}]"
362,114,default,default,0,19.05073680280843,45.10874244244535,20,B,,0.18800296479723244,-0.041469922584852756,0.4411354910159813,"[{""move_vx"": 6.061662849339608, ""move_vy"": 2.3465386212325643, ""kick_power"": 0.0, ""kick_dir"": null}, {""move_vx"": 0.0, ""move_vy"": 0.0, ""kick_power"": 0.4, ""kick_dir"": [-0.381837534040516, 0.9242293841981364]}, {""move_vx"": 5.272753384429164, ""move_vy"": 1.1653633540620736, ""kick_power"": 0.0, ""kick_dir"": null}, {""move_vx"": 0.0, ""move_vy"": -5.4, ""kick_power"": 0.0, ""kick_dir"": null}, {""move_vx"": -3.946670199751242, ""move_vy"": 3.844983008336382, ""kick_power"": 0.0, ""kick_dir"": null}, {""move_vx"": 0.02770240553250973, ""move_vy"": 5.489930106725195, ""kick_power"": 0.0, ""kick_dir"": null}, {""move_vx"": 5.792586586263171, ""move_vy"": -1.56395033189804, ""kick_power"": 0.0, ""kick_dir"": null}, {""move_vx"": -4.242640687119285, ""move_vy"": 4.242640687119285, ""kick_power"": 0.0, ""kick_dir"": null}, {""move_vx"": 0.0, ""move_vy"": -6.1, ""kick_power"": 0.0, ""kick_dir"": null}, {""move_vx"": -4.242640687119285, ""move_vy"": -4.242640687119285, ""kick_power"": 0.0, ""kick_dir"": null}, {""move_vx"": -5.2158019403659965, ""move_vy"": 2.299001983225395, ""kick_power"": 0.0, ""kick_dir"": null}, {""move_vx"": -5.0, ""move_vy"": 0.0, ""kick_power"": 0.0, ""kick_dir"": null}, {""move_vx"": -0.0, ""move_vy"": 0.0, ""kick_power"": 0.4, ""kick_dir"": [-0.9872300822781173, 0.1593007498836264]}, {""move_vx"": -5.25587579580599, ""move_vy"": -1.2392617233904875, ""kick_power"": 0.0, ""kick_dir"": null}, {""move_vx"": -7.015717132598693, ""move_vy"": 0.24517976132050487, ""kick_power"": 0.0, ""kick_dir"": null}, {""move_vx"": -0.0, ""move_vy"": 5.8, ""kick_power"": 0.0, ""kick_dir"": null}, {""move_vx"": -0.0, ""move_vy"": 0.0, ""kick_power"": 0.4, ""kick_dir"": [-0.1025378768927519, 0.9947288966591564]}, {""move_vx"": -5.650181513977916, ""move_vy"": -2.018774098085822, ""kick_power"": 0.0, ""kick_dir"": null}, {""move_vx"": -5.101444802887246, ""move_vy"": -3.158363646430648, ""kick_power"": 0.0, ""kick_dir"": null}, {""move_vx"": -5.4411179944057375, ""move_vy"": 1.8899298851952415, ""kick_power"": 0.0, ""kick_dir"": null}, {""move_vx"": -4.242640687119285, ""move_vy"": 4.242640687119285, ""kick_power"": 0.0, ""kick_dir"": null}, {""move_vx"": 0.9876394872714234, ""move_vy"": 5.34959514759596, ""kick_power"": 0.0, ""kick_dir"": null}]"
362,115,default,default,0,18.76789409033381,45.391585154919966,20,B,,0.19270688509464873,-0.04912396965704226,0.4423399769290247,"[{""move_vx"": 5.997463034931586, ""move_vy"": 2.5060800355593607, ""kick_power"": 0.0, ""kick_dir"": null}, {""move_vx"": 0.0, ""move_vy"": 0.0, ""kick_power"": 0.4, ""kick_dir"": [-0.4012981613346344, 0.9159474014709682]}, {""move_vx"": 5.266069173614441, ""move_vy"": 1.1952051952312313, ""kick_power"": 0.0, ""kick_dir"": null}, {""move_vx"": 0.0, ""move_vy"": -5.4, ""kick_power"": 0.0, ""kick_dir"": null}, {""move_vx"": -3.9443794373727936, ""move_vy"": 3.8473329533627165, ""kick_power"": 0.0, ""kick_dir"": null}, {""move_vx"": -0.11343146090025252, ""move_vy"": 5.4888280446446895, ""kick_power"": 0.0, ""kick_dir"": null}, {""move_vx"": 5.795193471491354, ""move_vy"": -1.5542627281074464, ""kick_power"": 0.0, ""kick_dir"": null}, {""move_vx"": 4.242640687119285, ""move_vy"": -4.242640687119285, ""kick_power"": 0.0, ""kick_dir"": null}, {""move_vx"": 0.0, ""move_vy"": -6.1, ""kick_power"": 0.0, ""kick_dir"": null}, {""move_vx"": -4.242640687119285, ""move_vy"": -4.242640687119285, ""kick_power"": 0.0, ""kick_dir"": null}, {""move_vx"": -6.204242681482075, ""move_vy"": 1.0942452875274926, ""kick_power"": 0.0, ""kick_dir"": null}, {""move_vx"": -0.0, ""move_vy"": 0.0, ""kick_power"": 0.4, ""kick_dir"": [-0.9796578334268854, 0.20067501316926525]}, {""move_vx"": -0.0, ""move_vy"": 0.0, ""kick_power"": 0.4, ""kick_dir"": [-0.9872691970200195, 0.1590581562639301]}, {""move_vx"": -5.25587579580599, ""move_vy"": -1.239261723390488, ""kick_power"": 0.0, ""kick_dir"": null}, {""move_vx"": -7.014183648386657, ""move_vy"": 0.2857056994623189, ""kick_power"": 0.0, ""kick_dir"": null}, {""move_vx"": -0.0, ""move_vy"": 5.8, ""kick_power"": 0.0, ""kick_dir"": null}, {""move_vx"": -0.0, ""move_vy"": 6.0, ""kick_power"": 0.0, ""kick_dir"": null}, {""move_vx"": -5.650181513977916, ""move_vy"": -2.0187740980858235, ""kick_power"": 0.0, ""kick_dir"": null}, {""move_vx"": -5.1014448028872454, ""move_vy"": -3.158363646430648, ""kick_power"": 0.0, ""kick_dir"": null}, {""move_vx"": -4.525483399593904, ""move_vy"": -4.525483399593904, ""kick_power"": 0.0, ""kick_dir"": null}, {""move_vx"": -4.242640687119285, ""move_vy"": 4.242640687119285, ""kick_power"": 0.0, ""kick_dir"": null}, {""move_vx"": 0.9649839280473532, ""move_vy"": 5.353728235408508, ""kick_power"": 0.0, ""kick_dir"": null}]"
362,116,default,default,0,18.485051377859193,45.674427867394584,20,B,,0.19730335311182584,-0.04649565600733575,0.4451430253606806,"[{""move_vx"": 5.925137663280342, ""move_vy"": 2.67259119043238, ""kick_power"": 0.0, ""kick_dir"": null}, {""move_vx"": 0.0, ""move_vy"": 0.0, ""kick_power"": 0.4, ""kick_dir"": [-0.4212110890941209, 0.9069625541294057]}, {""move_vx"": 5.259080345183309, ""move_vy"": 1.2255912544182976, ""kick_power"": 0.0, ""kick_dir"": null}, {""move_vx"": 0.0, ""move_vy"": -5.4, ""kick_power"": 0.0, ""kick_dir"": null}, {""move_vx"": -3.9422000321995623, ""move_vy"": 3.8495660672504077, ""kick_power"": 0.0, ""kick_dir"": null}, {""move_vx"": -0.24305500486687548, ""move_vy"": 5.484617057243756, ""kick_power"": 0.0, ""kick_dir"": null}, {""move_vx"": 0.0, ""move_vy"": 0.0, ""kick_power"": 0.4, ""kick_dir"": [0.9992595462258084, 0.038475010977601434]}, {""move_vx"": 4.242640687119285, ""move_vy"": -4.242640687119285, ""kick_power"": 0.0, ""kick_dir"": null}, {""move_vx"": 0.0, ""move_vy"": -6.1, ""kick_power"": 0.0, ""kick_dir"": null}, {""move_vx"": -4.242640687119285, ""move_vy"": -4.242640687119285, ""kick_power"": 0.0, ""kick_dir"": null}, {""move_vx"": -5.183948707407334, ""move_vy"": 2.3699526997325964, ""kick_power"": 0.0, ""kick_dir"": null}, {""move_vx"": -0.0, ""move_vy"": 0.0, ""kick_power"": 0.4, ""kick_dir"": [-0.981458303690732, 0.1916755868886745]}, {""move_vx"": 4.1012193308819755, ""move_vy"": -4.1012193308819755, ""kick_power"": 0.0, ""kick_dir"": null}, {""move_vx"": -5.255875795805989, ""move_vy"": -1.2392617233904881, ""kick_power"": 0.0, ""kick_dir"": null}, {""move_vx"": -7.012420885844648, ""move_vy"": 0.3261185670423885, ""kick_power"": 0.0, ""kick_dir"": null}, {""move_vx"": -0.0, ""move_vy"": 5.8, ""kick_power"": 0.0, ""kick_dir"": null}, {""move_vx"": -0.0, ""move_vy"": 6.0, ""kick_power"": 0.0, ""kick_dir"": null}, {""move_vx"": -5.650181513977914, ""move_vy"": -2.018774098085824, ""kick_power"": 0.0, ""kick_dir"": null}, {""move_vx"": -5.101444802887246, ""move_vy"": -3.158363646430648, ""kick_power"": 0.0, ""kick_dir"": null}, {""move_vx"": -5.366009311525829, ""move_vy"": 2.093691493180909, ""kick_power"": 0.0, ""kick_dir"": null}, {""move_vx"": -4.242640687119285, ""move_vy"": 4.242640687119285, ""kick_power"": 0.0, ""kick_dir"": null}, {""move_vx"": 0.9427978730146898, ""move_vy"": 5.357679737595276, ""kick_power"": 0.0, ""kick_dir"": null}]"
362,117,default,default,0,18.202208665384575,45.9572705798692,20,B,,0.20178503766260455,-0.050632586621671596,0.4485884077898594,"[{""move_vx"": 5.843707093361595, ""move_vy"": 2.8462409256764225, ""kick_power"": 0.0, ""kick_dir"": null}, {""move_vx"": -5.8, ""move_vy"": 0.0, ""kick_power"": 0.0, ""kick_dir"": null}, {""move_vx"": 5.251772516433947, ""move_vy"": 1.256537080881038, ""kick_power"": 0.0, ""kick_dir"": null}, {""move_vx"": 0.0, ""move_vy"": -5.4, ""kick_power"": 0.0, ""kick_dir"": null}, {""move_vx"": -3.9401262378840536, ""move_vy"": 3.8516886205322525, ""kick_power"": 0.0, ""kick_dir"": null}, {""move_vx"": -0.36198786196110916, ""move_vy"": 5.4780530106775, ""kick_power"": 0.0, ""kick_dir"": null}, {""move_vx"": 5.796233615626722, ""move_vy"": -1.550379267495142, ""kick_power"": 0.0, ""kick_dir"": null}, {""move_vx"": 4.242640687119285, ""move_vy"": -4.242640687119285, ""kick_power"": 0.0, ""kick_dir"": null}, {""move_vx"": 0.0, ""move_vy"": -6.1, ""kick_power"": 0.0, ""kick_dir"": null}, {""move_vx"": -4.242640687119285, ""move_vy"": -4.242640687119285, ""kick_power"": 0.0, ""kick_dir"": null}, {""move_vx"": -5.172293760663972, ""move_vy"": 2.3952822909620783, ""kick_power"": 0.0, ""kick_dir"": null}, {""move_vx"": -0.0, ""move_vy"": 0.0, ""kick_power"": 0.4, ""kick_dir"": [-0.9831118873300514, 0.18300532901592628]}, {""move_vx"": -0.0, ""move_vy"": 0.0, ""kick_power"": 0.4, ""kick_dir"": [-0.986675202002441, 0.1627022144756938]}, {""move_vx"": -5.25587579580599, ""move_vy"": -1.2392617233904888, ""kick_power"": 0.0, ""kick_dir"": null}, {""move_vx"": -7.010430839726453, ""move_vy"": 0.3664143029580851, ""kick_power"": 0.0, ""kick_dir"": null}, {""move_vx"": -4.1012193308819755, ""move_vy"": -4.1012193308819755, ""kick_power"": 0.0, ""kick_dir"": null}, {""move_vx"": -0.0, ""move_vy"": 6.0, ""kick_power"": 0.0, ""kick_dir"": null}, {""move_vx"": -5.650181513977914, ""move_vy"": -2.018774098085825, ""kick_power"": 0.0, ""kick_dir"": null}, {""move_vx"": -5.101444802887246, ""move_vy"": -3.158363646430648, ""kick_power"": 0.0, ""kick_dir"": null}, {""move_vx"": -4.525483399593904, ""move_vy"": -4.525483399593904, ""kick_power"": 0.0, ""kick_dir"": null}, {""move_vx"": -4.242640687119285, ""move_vy"": 4.242640687119285, ""kick_power"": 0.0, ""kick_dir"": null}, {""move_vx"": -0.0, ""move_vy"": 0.0, ""kick_power"": 0.0, ""kick_dir"": null}]"
362,118,default,default,0,17.919365952909956,46.24011329234382,20,B,,0.20614408026147493,-0.044315170918626585,0.4468524564923015,"[{""move_vx"": 5.752082526849538, ""move_vy"": 3.0271350489055218, ""kick_power"": 0.0, ""kick_dir"": null}, {""move_vx"": 0.0, ""move_vy"": 0.0, ""kick_power"": 0.4, ""kick_dir"": [-0.420111258581605, 0.9074725255596052]}, {""move_vx"": 5.244130484521443, ""move_vy"": 1.288058795751537, ""kick_power"": 0.0, ""kick_dir"": null}, {""move_vx"": 0.0, ""move_vy"": -5.4, ""kick_power"": 0.0, ""kick_dir"": null}, {""move_vx"": -3.938152619126162, ""move_vy"": 3.8537065208017265, ""kick_power"": 0.0, ""kick_dir"": null}, {""move_vx"": -0.4712233849774386, ""move_vy"": 5.469739346755968, ""kick_power"": 0.0, ""kick_dir"": null}, {""move_vx"": 5.796233615626722, ""move_vy"": -1.5503792674951422, ""kick_power"": 0.0, ""kick_dir"": null}, {""move_vx"": -4.242640687119285, ""move_vy"": 4.242640687119285, ""kick_power"": 0.0, ""kick_dir"": null}, {""move_vx"": 0.0, ""move_vy"": -6.1, ""kick_power"": 0.0, ""kick_dir"": null}, {""move_vx"": -4.242640687119285, ""move_vy"": -4.242640687119285, ""kick_power"": 0.0, ""kick_dir"": null}, {""move_vx"": -5.160668961575932, ""move_vy"": 2.4202264086293224, ""kick_power"": 0.0, ""kick_dir"": null}, {""move_vx"": -0.0, ""move_vy"": 0.0, ""kick_power"": 0.4, ""kick_dir"": [-0.984629946982083, 0.1746533764555637]}, {""move_vx"": -0.0, ""move_vy"": 0.0, ""kick_power"": 0.4, ""kick_dir"": [-0.9867643549238851, 0.16216063911116224]}, {""move_vx"": -5.25587579580599, ""move_vy"": -1.2392617233904892, ""kick_power"": 0.0, ""kick_dir"": null}, {""move_vx"": -7.008215569418809, ""move_vy"": 0.40658889871196063, ""kick_power"": 0.0, ""kick_dir"": null}, {""move_vx"": -4.1012193308819755, ""move_vy"": -4.1012193308819755, ""kick_power"": 0.0, ""kick_dir"": null}, {""move_vx"": -0.0, ""move_vy"": 6.0, ""kick_power"": 0.0, ""kick_dir"": null}, {""move_vx"": -5.650181513977914, ""move_vy"": -2.018774098085826, ""kick_power"": 0.0, ""kick_dir"": null}, {""move_vx"": 4.242640687119285, ""move_vy"": -4.242640687119285, ""kick_power"": 0.0, ""kick_dir"": null}, {""move_vx"": -4.525483399593904, ""move_vy"": -4.525483399593904, ""kick_power"": 0.0, ""kick_dir"": null}, {""move_vx"": -4.242640687119285, ""move_vy"": 4.242640687119285, ""kick_power"": 0.0, ""kick_dir"": null}, {""move_vx"": -6.469821459015306, ""move_vy"": 1.8165379953265701, ""kick_power"": 0.0, ""kick_dir"": null}]"
362,119,default,default,0,17.636523240435338,46.52295600481844,20,B,,0.21037208817424183,-0.057955390294976164,0.45406854713861555,"[{""move_vx"": 5.64906086382137, ""move_vy"": 3.215293354709919, ""kick_power"": 0.0, ""kick_dir"": null}, {""move_vx"": 0.0, ""move_vy"": 0.0, ""kick_power"": 0.4, ""kick_dir"": [-0.4415955813556323, 0.8972141308190924]}, {""move_vx"": 5.236138170926067, ""move_vy"": 1.3201731155310759, ""kick_power"": 0.0, ""kick_dir"": null}, {""move_vx"": 0.0, ""move_vy"": -5.4, ""kick_power"": 0.0, ""kick_dir"": null}, {""move_vx"": 5.375334628571759, ""move_vy"": -2.1784805784944044, ""kick_power"": 0.0, ""kick_dir"": null}, {""move_vx"": -0.5716774014858109, ""move_vy"": 5.460154297144948, ""kick_power"": 0.0, ""kick_dir"": null}, {""move_vx"": 5.796233615626722, ""move_vy"": -1.5503792674951422, ""kick_power"": 0.0, ""kick_dir"": null}, {""move_vx"": 4.242640687119285, ""move_vy"": -4.242640687119285, ""kick_power"": 0.0, ""kick_dir"": null}, {""move_vx"": 0.0, ""move_vy"": -6.1, ""kick_power"": 0.0, ""kick_dir"": null}, {""move_vx"": -4.242640687119285, ""move_vy"": -4.242640687119285, ""kick_power"": 0.0, ""kick_dir"": null}, {""move_vx"": -5.14907788430931, ""move_vy"": 2.4447897540109147, ""kick_power"": 0.0, ""kick_dir"": null}, {""move_vx"": -0.0, ""move_vy"": 0.0, ""kick_power"": 0.4, ""kick_dir"": [-0.9860230003003141, 0.16660905798263456]}, {""move_vx"": -0.0, ""move_vy"": 0.0, ""kick_power"": 0.4, ""kick_dir"": [-0.9868605655334168, 0.16157409879590168]}, {""move_vx"": -5.25587579580599, ""move_vy"": -1.2392617233904897, ""kick_power"": 0.0, ""kick_dir"": null}, {""move_vx"": -7.005777197394237, ""move_vy"": 0.4466384001303016, ""kick_power"": 0.0, ""kick_dir"": null}, {""move_vx"": -4.1012193308819755, ""move_vy"": -4.1012193308819755, ""kick_power"": 0.0, ""kick_dir"": null}, {""move_vx"": -0.0, ""move_vy"": 6.0, ""kick_power"": 0.0, ""kick_dir"": null}, {""move_vx"": -5.650181513977914, ""move_vy"": -2.018774098085827, ""kick_power"": 0.0, ""kick_dir"": null}, {""move_vx"": -5.135227745536679, ""move_vy"": -3.1031332555129323, ""kick_power"": 0.0, ""kick_dir"": null}, {""move_vx"": -4.525483399593904, ""move_vy"": -4.525483399593904, ""kick_power"": 0.0, ""kick_dir"": null}, {""move_vx"": -4.242640687119285, ""move_vy"": 4.242640687119285, ""kick_power"": 0.0, ""kick_dir"": null}, {""move_vx"": -6.45567236247442, ""move_vy"": 1.8661978320595976, ""kick_power"": 0.0, ""kick_dir"": null}]"
362,120,default,default,0,17.35368052796072,46.80579871729306,20,B,,0.21446014123785584,-0.04707331520372261,0.4576617994858549,"[{""move_vx"": 5.533322841489161, ""move_vy"": 3.4106213996652164, ""kick_power"": 0.0, ""kick_dir"": null}, {""move_vx"": 0.0, ""move_vy"": 0.0, ""kick_power"": 0.4, ""kick_dir"": [-0.46325543872925357, 0.88622471889443]}, {""move_vx"": 5.227778561575762, ""move_vy"": 1.3528973764217544, ""kick_power"": 0.0, ""kick_dir"": null}, {""move_vx"": 0.0, ""move_vy"": -5.4, ""kick_power"": 0.0, ""kick_dir"": null}, {""move_vx"": -3.9929056137339156, ""move_vy"": 3.7969467681035747, ""kick_power"": 0.0, ""kick_dir"": null}, {""move_vx"": 4.313351365237939, ""move_vy"": -4.313351365237939, ""kick_power"": 0.0, ""kick_dir"": null}, {""move_vx"": 5.6269944536428955, ""move_vy"": 2.082530532470554, ""kick_power"": 0.0, ""kick_dir"": null}, {""move_vx"": -4.242640687119285, ""move_vy"": 4.242640687119285, ""kick_power"": 0.0, ""kick_dir"": null}, {""move_vx"": 0.0, ""move_vy"": -6.1, ""kick_power"": 0.0, ""kick_dir"": null}, {""move_vx"": -4.242640687119285, ""move_vy"": -4.242640687119285, ""kick_power"": 0.0, ""kick_dir"": null}, {""move_vx"": -5.137523951044403, ""move_vy"": 2.4689770457509534, ""kick_power"": 0.0, ""kick_dir"": null}, {""move_vx"": -0.0, ""move_vy"": 0.0, ""kick_power"": 0.4, ""kick_dir"": [-0.9873007778738936, 0.1588619219112256]}, {""move_vx"": -0.0, ""move_vy"": 0.0, ""kick_power"": 0.4, ""kick_dir"": [-0.98696393759019, 0.16094145296469065]}, {""move_vx"": -5.25587579580599, ""move_vy"": -1.2392617233904901, ""kick_power"": 0.0, ""kick_dir"": null}, {""move_vx"": -7.003117907621551, ""move_vy"": 0.4865589090237307, ""kick_power"": 0.0, ""kick_dir"": null}, {""move_vx"": -4.1012193308819755, ""move_vy"": -4.1012193308819755, ""kick_power"": 0.0, ""kick_dir"": null}, {""move_vx"": -0.0, ""move_vy"": 6.0, ""kick_power"": 0.0, ""kick_dir"": null}, {""move_vx"": -5.650181513977914, ""move_vy"": -2.018774098085828, ""kick_power"": 0.0, ""kick_dir"": null}, {""move_vx"": -5.135227745536678, ""move_vy"": -3.1031332555129323, ""kick_power"": 0.0, ""kick_dir"": null}, {""move_vx"": -5.154899592239983, ""move_vy"": 2.5699436168764622, ""kick_power"": 0.0, ""kick_dir"": null}, {""move_vx"": -4.242640687119285, ""move_vy"": 4.242640687119285, ""kick_power"": 0.0, ""kick_dir"": null}, {""move_vx"": -6.441108315908115, ""move_vy"": 1.9158610760541435, ""kick_power"": 0.0, ""kick_dir"": null}]"
362,121,default,default,0,17.0708378154861,47.08864142976768,20,B,,0.21839881775771686,-0.05004592005692849,0.4561988499459722,"[{""move_vx"": 5.403436265195105, ""move_vy"": 3.6128764894436087, ""kick_power"": 0.0, ""kick_dir"": null}, {""move_vx"": 0.0, ""move_vy"": 0.0, ""kick_power"": 0.4, ""kick_dir"": [-0.47921844212416875, 0.877695581880657]}, {""move_vx"": 3.8183766184073566, ""move_vy"": -3.8183766184073566, ""kick_power"": 0.0, ""kick_dir"": null}, {""move_vx"": 0.0, ""move_vy"": -5.4, ""kick_power"": 0.0, ""kick_dir"": null}, {""move_vx"": -3.9889602095197243, ""move_vy"": 3.801091480991788, ""kick_power"": 0.0, ""kick_dir"": null}, {""move_vx"": 4.313351365237939, ""move_vy"": -4.313351365237939, ""kick_power"": 0.0, ""kick_dir"": null}, {""move_vx"": 5.7897070556647305, ""move_vy"": -1.5745768350849207, ""kick_power"": 0.0, ""kick_dir"": null}, {""move_vx"": -4.242640687119285, ""move_vy"": 4.242640687119285, ""kick_power"": 0.0, ""kick_dir"": null}, {""move_vx"": 0.0, ""move_vy"": -6.1, ""kick_power"": 0.0, ""kick_dir"": null}, {""move_vx"": -4.242640687119285, ""move_vy"": -4.242640687119285, ""kick_power"": 0.0, ""kick_dir"": null}, {""move_vx"": -5.126010435378584, ""move_vy"": 2.4927930151518516, ""kick_power"": 0.0, ""kick_dir"": null}, {""move_vx"": -0.0, ""move_vy"": 0.0, ""kick_power"": 0.4, ""kick_dir"": [-0.9884722782173795, 0.1514017579134615]}, {""move_vx"": -0.0, ""move_vy"": 0.0, ""kick_power"": 0.4, ""kick_dir"": [-0.9870745816953275, 0.16026146053909168]}, {""move_vx"": -5.255875795805989, ""move_vy"": -1.2392617233904906, ""kick_power"": 0.0, ""kick_dir"": null}, {""move_vx"": -7.000239943936322, ""move_vy"": 0.5263465847884046, ""kick_power"": 0.0, ""kick_dir"": null}, {""move_vx"": -4.1012193308819755, ""move_vy"": -4.1012193308819755, ""kick_power"": 0.0, ""kick_dir"": null}, {""move_vx"": -0.0, ""move_vy"": 6.0, ""kick_power"": 0.0, ""kick_dir"": null}, {""move_vx"": -5.6501815139779135, ""move_vy"": -2.018774098085829, ""kick_power"": 0.0, ""kick_dir"": null}, {""move_vx"": -5.135227745536677, ""move_vy"": -3.1031332555129323, ""kick_power"": 0.0, ""kick_dir"": null}, {""move_vx"": -4.525483399593904, ""move_vy"": -4.525483399593904, ""kick_power"": 0.0, ""kick_dir"": null}, {""move_vx"": -4.242640687119285, ""move_vy"": 4.242640687119285, ""kick_power"": 0.0, ""kick_dir"": null}, {""move_vx"": -6.426130602592239, ""move_vy"": 1.9655140494098535, ""kick_power"": 0.0, ""kick_dir"": null}]"
362,122,default,default,0,16.787995103011482,47.371484142242295,20,B,,0.22217824595296387,-0.04898086199613031,0.45732030637267523,"[{""move_vx"": 5.257866699359403, ""move_vy"": 3.821627633844963, ""kick_power"": 0.0, ""kick_dir"": null}, {""move_vx"": 0.0, ""move_vy"": 0.0, ""kick_power"": 0.4, ""kick_dir"": [-0.49593439326478683, 0.8683599040272393]}, {""move_vx"": 5.193041782310988, ""move_vy"": 1.480647509426984, ""kick_power"": 0.0, ""kick_dir"": null}, {""move_vx"": 0.0, ""move_vy"": -5.4, ""kick_power"": 0.0, ""kick_dir"": null}, {""move_vx"": -4.1012193308819755, ""move_vy"": 4.1012193308819755, ""kick_power"": 0.0, ""kick_dir"": null}, {""move_vx"": 4.313351365237939, ""move_vy"": -4.313351365237939, ""kick_power"": 0.0, ""kick_dir"": null}, {""move_vx"": 5.7897070556647305, ""move_vy"": -1.5745768350849207, ""kick_power"": 0.0, ""kick_dir"": null}, {""move_vx"": -4.242640687119285, ""move_vy"": 4.242640687119285, ""kick_power"": 0.0, ""kick_dir"": null}, {""move_vx"": 0.0, ""move_vy"": -6.1, ""kick_power"": 0.0, ""kick_dir"": null}, {""move_vx"": -4.242640687119285, ""move_vy"": -4.242640687119285, ""kick_power"": 0.0, ""kick_dir"": null}, {""move_vx"": -5.1145404657615625, ""move_vy"": 2.516242401694934, ""kick_power"": 0.0, ""kick_dir"": null}, {""move_vx"": -0.0, ""move_vy"": 0.0, ""kick_power"": 0.4, ""kick_dir"": [-0.9895458197575399, 0.14421861378940076]}, {""move_vx"": -0.0, ""move_vy"": 0.0, ""kick_power"": 0.4, ""kick_dir"": [-0.9871926159682929, 0.15953277003788455]}, {""move_vx"": -5.255875795805989, ""move_vy"": -1.2392617233904906, ""kick_power"": 0.0, ""kick_dir"": null}, {""move_vx"": -6.997145608373674, ""move_vy"": 0.5659976459465363, ""kick_power"": 0.0, ""kick_dir"": null}, {""move_vx"": -4.1012193308819755, ""move_vy"": -4.1012193308819755, ""kick_power"": 0.0, ""kick_dir"": null}, {""move_vx"": -0.0, ""move_vy"": 6.0, ""kick_power"": 0.0, ""kick_dir"": null}, {""move_vx"": -5.6501815139779135, ""move_vy"": -2.0187740980858297, ""kick_power"": 0.0, ""kick_dir"": null}, {""move_vx"": -4.242640687119285, ""move_vy"": -4.242640687119285, ""kick_power"": 0.0, ""kick_dir"": null}, {""move_vx"": -5.465590714274267, ""move_vy"": -3.329762475618782, ""kick_power"": 0.0, ""kick_dir"": null}, {""move_vx"": -4.242640687119285, ""move_vy"": 4.242640687119285, ""kick_power"": 0.0, ""kick_dir"": null}, {""move_vx"": -6.410740917116172, ""move_vy"": 2.0151428965739684, ""kick_power"": 0.0, ""kick_dir"": null}]"
362,123,default,default,0,16.505152390536864,47.65432685471691,20,B,,0.2257881885289574,-0.04956071369161552,0.45925157954464996,"[{""move_vx"": 5.0949985902384665, ""move_vy"": 4.036209777188004, ""kick_power"": 0.0, ""kick_dir"": null}, {""move_vx"": 0.0, ""move_vy"": 0.0, ""kick_power"": 0.4, ""kick_dir"": [-0.5134427474880915, 0.8581237590191122]}, {""move_vx"": 5.183071316632259, ""move_vy"": 1.5151804271122107, ""kick_power"": 0.0, ""kick_dir"": null}, {""move_vx"": 0.0, ""move_vy"": -5.4, ""kick_power"": 0.0, ""kick_dir"": null}, {""move_vx"": -3.985065823061589, ""move_vy"": 3.805174159728626, ""kick_power"": 0.0, ""kick_dir"": null}, {""move_vx"": 4.313351365237939, ""move_vy"": -4.313351365237939, ""kick_power"": 0.0, ""kick_dir"": null}, {""move_vx"": 5.78970705566473, ""move_vy"": -1.5745768350849207, ""kick_power"": 0.0, ""kick_dir"": null}, {""move_vx"": -4.242640687119285, ""move_vy"": 4.242640687119285, ""kick_power"": 0.0, ""kick_dir"": null}, {""move_vx"": 0.0, ""move_vy"": 0.0, ""kick_power"": 0.7, ""kick_dir"": [0.996983885619457, -0.07760865281072697]}, {""move_vx"": -4.242640687119285, ""move_vy"": -4.242640687119285, ""kick_power"": 0.0, ""kick_dir"": null}, {""move_vx"": -5.103117028954202, ""move_vy"": 2.539329948785236, ""kick_power"": 0.0, ""kick_dir"": null}, {""move_vx"": -0.0, ""move_vy"": 0.0, ""kick_power"": 0.4, ""kick_dir"": [-0.9905290898026661, 0.13730280789951776]}, {""move_vx"": -0.0, ""move_vy"": 0.0, ""kick_power"": 0.4, ""kick_dir"": [-0.9873181668099579, 0.15875390829333455]}, {""move_vx"": -5.255875795805988, ""move_vy"": -1.239261723390491, ""kick_power"": 0.0, ""kick_dir"": null}, {""move_vx"": -6.993837259465795, ""move_vy"": 0.6055083716250278, ""kick_power"": 0.0, ""kick_dir"": null}, {""move_vx"": -4.1012193308819755, ""move_vy"": -4.1012193308819755, ""kick_power"": 0.0, ""kick_dir"": null}, {""move_vx"": -0.0, ""move_vy"": 6.0, ""kick_power"": 0.0, ""kick_dir"": null}, {""move_vx"": -5.650181513977913, ""move_vy"": -2.0187740980858306, ""kick_power"": 0.0, ""kick_dir"": null}, {""move_vx"": -5.143825008573797, ""move_vy"": -3.088861324367083, ""kick_power"": 0.0, ""kick_dir"": null}, {""move_vx"": -5.465590714274266, ""move_vy"": -3.3297624756187822, ""kick_power"": 0.0, ""kick_dir"": null}, {""move_vx"": -4.242640687119285, ""move_vy"": 4.242640687119285, ""kick_power"": 0.0, ""kick_dir"": null}, {""move_vx"": -6.394941371546237, ""move_vy"": 2.0647336037577197, ""kick_power"": 0.0, ""kick_dir"": null}]"
362,124,default,default,0,16.222309678062246,47.93716956719153,20,B,,0.22921816879001364,-0.047299368299734176,0.4622619368350991,"[{""move_vx"": 4.913170357481072, ""move_vy"": 4.255673511721653, ""kick_power"": 0.0, ""kick_dir"": null}, {""move_vx"": 0.0, ""move_vy"": 0.0, ""kick_power"": 0.4, ""kick_dir"": [-0.5317824140434876, 0.8468809243427119]}, {""move_vx"": 5.171428187180055, ""move_vy"": 1.5544550507620427, ""kick_power"": 0.0, ""kick_dir"": null}, {""move_vx"": 0.0, ""move_vy"": -5.4, ""kick_power"": 0.0, ""kick_dir"": null}, {""move_vx"": -3.9814654103685805, ""move_vy"": 3.808941215881199, ""kick_power"": 0.0, ""kick_dir"": null}, {""move_vx"": 4.313351365237939, ""move_vy"": -4.313351365237939, ""kick_power"": 0.0, ""kick_dir"": null}, {""move_vx"": 5.78970705566473, ""move_vy"": -1.5745768350849207, ""kick_power"": 0.0, ""kick_dir"": null}, {""move_vx"": -4.242640687119285, ""move_vy"": 4.242640687119285, ""kick_power"": 0.0, ""kick_dir"": null}, {""move_vx"": -4.313351365237939, ""move_vy"": -4.313351365237939, ""kick_power"": 0.0, ""kick_dir"": null}, {""move_vx"": -4.242640687119285, ""move_vy"": -4.242640687119285, ""kick_power"": 0.0, ""kick_dir"": null}, {""move_vx"": -5.091742973502631, ""move_vy"": 2.5620603997147633, ""kick_power"": 0.0, ""kick_dir"": null}, {""move_vx"": -0.0, ""move_vy"": 0.0, ""kick_power"": 0.4, ""kick_dir"": [-0.9914291905255191, 0.13064493788962614]}, {""move_vx"": -0.0, ""move_vy"": 0.0, ""kick_power"": 0.4, ""kick_dir"": [-0.987451369767836, 0.1579232675259192]}, {""move_vx"": -5.255875795805989, ""move_vy"": -1.239261723390492, ""kick_power"": 0.0, ""kick_dir"": null}, {""move_vx"": -6.9903173105065814, ""move_vy"": 0.6448751029711466, ""kick_power"": 0.0, ""kick_dir"": null}, {""move_vx"": -4.1012193308819755, ""move_vy"": -4.1012193308819755, ""kick_power"": 0.0, ""kick_dir"": null}, {""move_vx"": -0.0, ""move_vy"": 6.0, ""kick_power"": 0.0, ""kick_dir"": null}, {""move_vx"": -5.650181513977913, ""move_vy"": -2.0187740980858315, ""kick_power"": 0.0, ""kick_dir"": null}, {""move_vx"": -5.143825008573798, ""move_vy"": -3.088861324367084, ""kick_power"": 0.0, ""kick_dir"": null}, {""move_vx"": -4.939426252528062, ""move_vy"": 2.9630505051106706, ""kick_power"": 0.0, ""kick_dir"": null}, {""move_vx"": -4.242640687119285, ""move_vy"": 4.242640687119285, ""kick_power"": 0.0, ""kick_dir"": null}, {""move_vx"": -6.3787345005662965, ""move_vy"": 2.114272019226773, ""kick_power"": 0.0, ""kick_dir"": null}]"
362,125,default,default,0,15.939466965587627,48.22001227966615,20,B,,0.23245764692103266,-0.05600919581972933,0.45962854144586685,"[{""move_vx"": 4.71072736254508, ""move_vy"": 4.478732824780807, ""kick_power"": 0.0, ""kick_dir"": null}, {""move_vx"": 0.0, ""move_vy"": 0.0, ""kick_power"": 0.4, ""kick_dir"": [-0.5509906333772885, 0.8345113257141799]}, {""move_vx"": 5.159140758402984, ""move_vy"": 1.5947622503009915, ""kick_power"": 0.0, ""kick_dir"": null}, {""move_vx"": 0.0, ""move_vy"": -5.4, ""kick_power"": 0.0, ""kick_dir"": null}, {""move_vx"": -3.9780206044133863, ""move_vy"": 3.812538795981302, ""kick_power"": 0.0, ""kick_dir"": null}, {""move_vx"": 4.313351365237939, ""move_vy"": -4.313351365237939, ""kick_power"": 0.0, ""kick_dir"": null}, {""move_vx"": 5.7897070556647305, ""move_vy"": -1.574576835084921, ""kick_power"": 0.0, ""kick_dir"": null}, {""move_vx"": 0.0, ""move_vy"": -6.0, ""kick_power"": 0.0, ""kick_dir"": null}, {""move_vx"": 0.0, ""move_vy"": 0.0, ""kick_power"": 0.7, ""kick_dir"": [0.9970086932056648, -0.07728930693766844]}, {""move_vx"": -4.242640687119285, ""move_vy"": -4.242640687119285, ""kick_power"": 0.0, ""kick_dir"": null}, {""move_vx"": -5.081941764662548, ""move_vy"": 2.5814468618545092, ""kick_power"": 0.0, ""kick_dir"": null}, {""move_vx"": -0.0, ""move_vy"": 0.0, ""kick_power"": 0.4, ""kick_dir"": [-0.9922526820258045, 0.12423588626333722]}, {""move_vx"": -0.0, ""move_vy"": 0.0, ""kick_power"": 0.4, ""kick_dir"": [-0.9875923705223794, 0.15703909047569053]}, {""move_vx"": -5.255875795805988, ""move_vy"": -1.239261723390492, ""kick_power"": 0.0, ""kick_dir"": null}, {""move_vx"": -3.8183766184073566, ""move_vy"": 3.8183766184073566, ""kick_power"": 0.0, ""kick_dir"": null}, {""move_vx"": -4.1012193308819755, ""move_vy"": -4.1012193308819755, ""kick_power"": 0.0, ""kick_dir"": null}, {""move_vx"": -0.0, ""move_vy"": 6.0, ""kick_power"": 0.0, ""kick_dir"": null}, {""move_vx"": -5.650181513977913, ""move_vy"": -2.018774098085833, ""kick_power"": 0.0, ""kick_dir"": null}, {""move_vx"": -5.143825008573797, ""move_vy"": -3.088861324367084, ""kick_power"": 0.0, ""kick_dir"": null}, {""move_vx"": -4.525483399593904, ""move_vy"": -4.525483399593904, ""kick_power"": 0.0, ""kick_dir"": null}, {""move_vx"": -4.242640687119285, ""move_vy"": 4.242640687119285, ""kick_power"": 0.0, ""kick_dir"": null}, {""move_vx"": -6.362123265542784, ""move_vy"": 2.1637438744082527, ""kick_power"": 0.0, ""kick_dir"": null}]"
362,126,default,default,0,15.656624253113009,48.50285499214077,20,B,,0.2354962541840132,-0.056485813971740795,0.4629615397446001,"[{""move_vx"": 4.486096591648552, ""move_vy"": 4.703715273100536, ""kick_power"": 0.0, ""kick_dir"": null}, {""move_vx"": 0.0, ""move_vy"": 0.0, ""kick_power"": 0.4, ""kick_dir"": [-0.5711014570070281, 0.8208793768118696]}, {""move_vx"": 5.137885513701784, ""move_vy"": 1.661966440122471, ""kick_power"": 0.0, ""kick_dir"": null}, {""move_vx"": 0.0, ""move_vy"": -5.4, ""kick_power"": 0.0, ""kick_dir"": null}, {""move_vx"": -3.9747243269557972, ""move_vy"": 3.815975173491801, ""kick_power"": 0.0, ""kick_dir"": null}, {""move_vx"": 4.313351365237939, ""move_vy"": -4.313351365237939, ""kick_power"": 0.0, ""kick_dir"": null}, {""move_vx"": 5.579801025973402, ""move_vy"": 2.2058604920860647, ""kick_power"": 0.0, ""kick_dir"": null}, {""move_vx"": 4.242640687119285, ""move_vy"": -4.242640687119285, ""kick_power"": 0.0, ""kick_dir"": null}, {""move_vx"": 0.0, ""move_vy"": 0.0, ""kick_power"": 0.7, ""kick_dir"": [0.9970086932056648, -0.07728930693766844]}, {""move_vx"": -4.242640687119285, ""move_vy"": -4.242640687119285, ""kick_power"": 0.0, ""kick_dir"": null}, {""move_vx"": -5.0706699946414, ""move_vy"": 2.603517967182746, ""kick_power"": 0.0, ""kick_dir"": null}, {""move_vx"": -0.0, ""move_vy"": 0.0, ""kick_power"": 0.4, ""kick_dir"": [-0.9921710693588099, 0.12488598805434634]}, {""move_vx"": -0.0, ""move_vy"": 0.0, ""kick_power"": 0.4, ""kick_dir"": [-0.9877413260175789, 0.15609945321952262]}, {""move_vx"": -5.255875795805988, ""move_vy"": -1.2392617233904923, ""kick_power"": 0.0, ""kick_dir"": null}, {""move_vx"": -6.98620609080477, ""move_vy"": 0.68798579694812, ""kick_power"": 0.0, ""kick_dir"": null}, {""move_vx"": -4.1012193308819755, ""move_vy"": -4.1012193308819755, ""kick_power"": 0.0, ""kick_dir"": null}, {""move_vx"": -0.0, ""move_vy"": 6.0, ""kick_power"": 0.0, ""kick_dir"": null}, {""move_vx"": -5.650181513977912, ""move_vy"": -2.0187740980858337, ""kick_power"": 0.0, ""kick_dir"": null}, {""move_vx"": -5.143825008573797, ""move_vy"": -3.088861324367084, ""kick_power"": 0.0, ""kick_dir"": null}, {""move_vx"": -5.419410361856382, ""move_vy"": -3.404407632731968, ""kick_power"": 0.0, ""kick_dir"": null}, {""move_vx"": -4.242640687119285, ""move_vy"": 4.242640687119285, ""kick_power"": 0.0, ""kick_dir"": null}, {""move_vx"": -6.345111057465849, ""move_vy"": 2.213134805750573, ""kick_power"": 0.0, ""kick_dir"": null}]"
362,127,default,default,0,15.37378154063839,48.78569770461539,20,B,,0.23832409019973205,-0.05690300028779721,0.46359704170446514,"[{""move_vx"": 4.23788603082817, ""move_vy"": 4.928521278204189, ""kick_power"": 0.0, ""kick_dir"": null}, {""move_vx"": 0.0, ""move_vy"": 0.0, ""kick_power"": 0.4, ""kick_dir"": [-0.5921437214686863, 0.8058322610724924]}, {""move_vx"": 5.1254383827084595, ""move_vy"": 1.699965112894642, ""kick_power"": 0.0, ""kick_dir"": null}, {""move_vx"": 0.0, ""move_vy"": -5.4, ""kick_power"": 0.0, ""kick_dir"": null}, {""move_vx"": -3.971569831731414, ""move_vy"": 3.819258183427889, ""kick_power"": 0.0, ""kick_dir"": null}, {""move_vx"": 4.313351365237939, ""move_vy"": -4.313351365237939, ""kick_power"": 0.0, ""kick_dir"": null}, {""move_vx"": 5.579801025973401, ""move_vy"": 2.2058604920860647, ""kick_power"": 0.0, ""kick_dir"": null}, {""move_vx"": 4.242640687119285, ""move_vy"": -4.242640687119285, ""kick_power"": 0.0, ""kick_dir"": null}, {""move_vx"": 0.0, ""move_vy"": 0.0, ""kick_power"": 0.7, ""kick_dir"": [0.9970086932056648, -0.07728930693766844]}, {""move_vx"": -4.242640687119285, ""move_vy"": -4.242640687119285, ""kick_power"": 0.0, ""kick_dir"": null}, {""move_vx"": -5.05945500293071, ""move_vy"": 2.625245716750987, ""kick_power"": 0.0, ""kick_dir"": null}, {""move_vx"": -0.0, ""move_vy"": 0.0, ""kick_power"": 0.4, ""kick_dir"": [-0.9929224829549961, 0.11876398653257346]}, {""move_vx"": -0.0, ""move_vy"": 0.0, ""kick_power"": 0.4, ""kick_dir"": [-0.9878984057646835, 0.15510224521550559]}, {""move_vx"": -5.255875795805988, ""move_vy"": -1.2392617233904928, ""kick_power"": 0.0, ""kick_dir"": null}, {""move_vx"": -6.982254166135815, ""move_vy"": 0.7269984590623697, ""kick_power"": 0.0, ""kick_dir"": null}, {""move_vx"": -4.1012193308819755, ""move_vy"": -4.1012193308819755, ""kick_power"": 0.0, ""kick_dir"": null}, {""move_vx"": -0.0, ""move_vy"": 6.0, ""kick_power"": 0.0, ""kick_dir"": null}, {""move_vx"": -5.650181513977912, ""move_vy"": -2.0187740980858346, ""kick_power"": 0.0, ""kick_dir"": null}, {""move_vx"": -5.135531778709222, ""move_vy"": -3.102630069774304, ""kick_power"": 0.0, ""kick_dir"": null}, {""move_vx"": -4.525483399593904, ""move_vy"": -4.525483399593904, ""kick_power"": 0.0, ""kick_dir"": null}, {""move_vx"": -4.242640687119285, ""move_vy"": 4.242640687119285, ""kick_power"": 0.0, ""kick_dir"": null}, {""move_vx"": -6.327701698723111, ""move_vy"": 2.2624303772661514, ""kick_power"": 0.0, ""kick_dir"": null}]"
362,128,default,default,0,15.090938828163772,49.068540417090006,20,B,,0.2409320835964497,-0.04679886417369372,0.46564789574248944,"[{""move_vx"": 3.965009639827902, ""move_vy"": 5.150601766402817, ""kick_power"": 0.0, ""kick_dir"": null}, {""move_vx"": 0.0, ""move_vy"": 0.0, ""kick_power"": 0.4, ""kick_dir"": [-0.6141383867293561, 0.7891982361368004]}, {""move_vx"": 5.112654543495408, ""move_vy"": 1.7380343836862853, ""kick_power"": 0.0, ""kick_dir"": null}, {""move_vx"": 0.0, ""move_vy"": -5.4, ""kick_power"": 0.0, ""kick_dir"": null}, {""move_vx"": -3.9685506889888407, ""move_vy"": 3.8223952476066887, ""kick_power"": 0.0, ""kick_dir"": null}, {""move_vx"": 0.0, ""move_vy"": 0.0, ""kick_power"": 0.9, ""kick_dir"": [0.6621047270916293, 0.7494110123920864]}, {""move_vx"": 5.579801025973401, ""move_vy"": 2.2058604920860656, ""kick_power"": 0.0, ""kick_dir"": null}, {""move_vx"": -4.242640687119285, ""move_vy"": 4.242640687119285, ""kick_power"": 0.0, ""kick_dir"": null}, {""move_vx"": 0.0, ""move_vy"": 0.0, ""kick_power"": 0.7, ""kick_dir"": [0.9970086932056648, -0.07728930693766844]}, {""move_vx"": -4.242640687119285, ""move_vy"": -4.242640687119285, ""kick_power"": 0.0, ""kick_dir"": null}, {""move_vx"": -5.048299134696888, ""move_vy"": 2.646634815500362, ""kick_power"": 0.0, ""kick_dir"": null}, {""move_vx"": -0.0, ""move_vy"": 0.0, ""kick_power"": 0.4, ""kick_dir"": [-0.9936097029712054, 0.11287028204106195]}, {""move_vx"": -0.0, ""move_vy"": 0.0, ""kick_power"": 0.4, ""kick_dir"": [-0.9880637933550704, 0.1540451460024166]}, {""move_vx"": -5.255875795805988, ""move_vy"": -1.2392617233904935, ""kick_power"": 0.0, ""kick_dir"": null}, {""move_vx"": -6.978098866819378, ""move_vy"": 0.7658565171715308, ""kick_power"": 0.0, ""kick_dir"": null}, {""move_vx"": -4.1012193308819755, ""move_vy"": -4.1012193308819755, ""kick_power"": 0.0, ""kick_dir"": null}, {""move_vx"": -0.0, ""move_vy"": 6.0, ""kick_power"": 0.0, ""kick_dir"": null}, {""move_vx"": -5.650181513977912, ""move_vy"": -2.018774098085836, ""kick_power"": 0.0, ""kick_dir"": null}, {""move_vx"": -5.118636478001434, ""move_vy"": -3.130424988092364, ""kick_power"": 0.0, ""kick_dir"": null}, {""move_vx"": -5.430009071215607, ""move_vy"": -3.3874771566043416, ""kick_power"": 0.0, ""kick_dir"": null}, {""move_vx"": -4.242640687119285, ""move_vy"": 4.242640687119285, ""kick_power"": 0.0, ""kick_dir"": null}, {""move_vx"": -6.30989944366796, ""move_vy"": 2.311616103681314, ""kick_power"": 0.0, ""kick_dir"": null}]"
362,129,default,default,0,15.49936529781168,48.58906272420536,20,B,,0.24202692406014562,0.053516198710175766,0.5059174904494762,"[{""move_vx"": 0.0, ""move_vy"": 0.0, ""kick_power"": 0.0, ""kick_dir"": null}, {""move_vx"": 0.0, ""move_vy"": 0.0, ""kick_power"": 0.4, ""kick_dir"": [-0.6358794748491466, 0.7717882531432992]}, {""move_vx"": 5.099287339132591, ""move_vy"": 1.776870460377475, ""kick_power"": 0.0, ""kick_dir"": null}, {""move_vx"": 0.0, ""move_vy"": -5.4, ""kick_power"": 0.0, ""kick_dir"": null}, {""move_vx"": -3.965660770679787, ""move_vy"": 3.825393398317537, ""kick_power"": 0.0, ""kick_dir"": null}, {""move_vx"": 4.313351365237939, ""move_vy"": -4.313351365237939, ""kick_power"": 0.0, ""kick_dir"": null}, {""move_vx"": 5.579801025973401, ""move_vy"": 2.205860492086066, ""kick_power"": 0.0, ""kick_dir"": null}, {""move_vx"": 5.0525530120703115, ""move_vy"": 1.9057040851662215, ""kick_power"": 0.0, ""kick_dir"": null}, {""move_vx"": 0.0, ""move_vy"": 0.0, ""kick_power"": 0.7, ""kick_dir"": [0.9970086932056648, -0.07728930693766844]}, {""move_vx"": -4.242640687119285, ""move_vy"": -4.242640687119285, ""kick_power"": 0.0, ""kick_dir"": null}, {""move_vx"": -5.0372046139055096, ""move_vy"": 2.6676899515590335, ""kick_power"": 0.0, ""kick_dir"": null}, {""move_vx"": -0.0, ""move_vy"": 0.0, ""kick_power"": 0.4, ""kick_dir"": [-0.9942377932113418, 0.10719679888590189]}, {""move_vx"": -0.0, ""move_vy"": 0.0, ""kick_power"": 0.4, ""kick_dir"": [-0.9882376882277446, 0.1529255978348123]}, {""move_vx"": -5.4, ""move_vy"": 0.0, ""kick_power"": 0.0, ""kick_dir"": null}, {""move_vx"": -6.973742803742345, ""move_vy"": 0.8045565904595283, ""kick_power"": 0.0, ""kick_dir"": null}, {""move_vx"": -4.1012193308819755, ""move_vy"": -4.1012193308819755, ""kick_power"": 0.0, ""kick_dir"": null}, {""move_vx"": -0.0, ""move_vy"": 6.0, ""kick_power"": 0.0, ""kick_dir"": null}, {""move_vx"": 6.0, ""move_vy"": 0.0, ""kick_power"": 0.0, ""kick_dir"": null}, {""move_vx"": -0.0, ""move_vy"": 0.0, ""kick_power"": 0.0, ""kick_dir"": null}, {""move_vx"": -5.430009071215606, ""move_vy"": -3.3874771566043407, ""kick_power"": 0.0, ""kick_dir"": null}, {""move_vx"": -0.0, ""move_vy"": 0.0, ""kick_power"": 0.65, ""kick_dir"": [0.8630274832672391, -0.505156887631734]}, {""move_vx"": -6.291708977950182, ""move_vy"": 2.36067747411227, ""kick_power"": 0.0, ""kick_dir"": null}]"
362,130,default,default,0,14.70084060558847,49.224633185616526,20,B,,0.24437009377981753,-0.12883001975456565,0.42673864100653125,"[{""move_vx"": 4.272207505743464, ""move_vy"": 4.8988001620671575, ""kick_power"": 0.0, ""kick_dir"": null}, {""move_vx"": 0.0, ""move_vy"": 0.0, ""kick_power"": 0.4, ""kick_dir"": [-0.6589619743673711, 0.7521761260313372]}, {""move_vx"": 5.121230284500744, ""move_vy"": 1.7126004709541651, ""kick_power"": 0.0, ""kick_dir"": null}, {""move_vx"": 0.0, ""move_vy"": -5.4, ""kick_power"": 0.0, ""kick_dir"": null}, {""move_vx"": -3.9919167750899898, ""move_vy"": 3.797986369216606, ""kick_power"": 0.0, ""kick_dir"": null}, {""move_vx"": 4.313351365237939, ""move_vy"": -4.313351365237939, ""kick_power"": 0.0, ""kick_dir"": null}, {""move_vx"": 0.0, ""move_vy"": -6.0, ""kick_power"": 0.0, ""kick_dir"": null}, {""move_vx"": 4.242640687119285, ""move_vy"": -4.242640687119285, ""kick_power"": 0.0, ""kick_dir"": null}, {""move_vx"": 0.0, ""move_vy"": 0.0, ""kick_power"": 0.7, ""kick_dir"": [0.9970086932056648, -0.07728930693766844]}, {""move_vx"": -4.242640687119285, ""move_vy"": -4.242640687119285, ""kick_power"": 0.0, ""kick_dir"": null}, {""move_vx"": -5.05952274981878, ""move_vy"": 2.6251151487251367, ""kick_power"": 0.0, ""kick_dir"": null}, {""move_vx"": -0.0, ""move_vy"": 0.0, ""kick_power"": 0.4, ""kick_dir"": [-0.9451753120357431, -0.3265632791595476]}, {""move_vx"": -0.0, ""move_vy"": 0.0, ""kick_power"": 0.4, ""kick_dir"": [-0.9884115163582575, 0.151798028301761]}, {""move_vx"": -4.893233203905918, ""move_vy"": 2.283915237523632, ""kick_power"": 0.0, ""kick_dir"": null}, {""move_vx"": -6.981233133316196, ""move_vy"": 0.7367387177881564, ""kick_power"": 0.0, ""kick_dir"": null}, {""move_vx"": -4.1012193308819755, ""move_vy"": -4.1012193308819755, ""kick_power"": 0.0, ""kick_dir"": null}, {""move_vx"": 6.0, ""move_vy"": 0.0, ""kick_power"": 0.0, ""kick_dir"": null}, {""move_vx"": 6.0, ""move_vy"": 0.0, ""kick_power"": 0.0, ""kick_dir"": null}, {""move_vx"": -5.31433983621304, ""move_vy"": 0.9580146685929035, ""kick_power"": 0.0, ""kick_dir"": null}, {""move_vx"": -5.430009071215605, ""move_vy"": -3.387477156604344, ""kick_power"": 0.0, ""kick_dir"": null}, {""move_vx"": -4.8861737477233635, ""move_vy"": 3.4821410234307013, ""kick_power"": 0.0, ""kick_dir"": null}, {""move_vx"": -6.301165561257464, ""move_vy"": 2.3353185156682397, ""kick_power"": 0.0, ""kick_dir"": null}]"
362,131,default,default,0,15.256185452852453,48.745064489196146,-1,,,0.24916680080183853,0.07290103191479723,-0.19105509050451733,"[{""move_vx"": 3.4450404328822173, ""move_vy"": 5.511959398962106, ""kick_power"": 0.0, ""kick_dir"": null}, {""move_vx"": 0.0, ""move_vy"": 0.0, ""kick_power"": 0.4, ""kick_dir"": [-0.6828863946001192, 0.7305244514226203]}, {""move_vx"": 5.088045141170204, ""move_vy"": 1.8088108362717996, ""kick_power"": 0.0, ""kick_dir"": null}, {""move_vx"": 0.0, ""move_vy"": -5.4, ""kick_power"": 0.0, ""kick_dir"": null}, {""move_vx"": -4.027391643865898, ""move_vy"": 3.7603479289713526, ""kick_power"": 0.0, ""kick_dir"": null}, {""move_vx"": 4.313351365237939, ""move_vy"": -4.313351365237939, ""kick_power"": 0.0, ""kick_dir"": null}, {""move_vx"": 0.0, ""move_vy"": -6.0, ""kick_power"": 0.0, ""kick_dir"": null}, {""move_vx"": 4.242640687119285, ""move_vy"": -4.242640687119285, ""kick_power"": 0.0, ""kick_dir"": null}, {""move_vx"": 0.0, ""move_vy"": 0.0, ""kick_power"": 0.7, ""kick_dir"": [0.9970086932056648, -0.07728930693766844]}, {""move_vx"": -4.242640687119285, ""move_vy"": -4.242640687119285, ""kick_power"": 0.0, ""kick_dir"": null}, {""move_vx"": -6.137729528073509, ""move_vy"": 1.4206604943527334, ""kick_power"": 0.0, ""kick_dir"": null}, {""move_vx"": -0.0, ""move_vy"": 0.0, ""kick_power"": 0.4, ""kick_dir"": [-0.9427947500406446, -0.33337367134466234]}, {""move_vx"": -0.0, ""move_vy"": 0.0, ""kick_power"": 0.4, ""kick_dir"": [-0.9885793223052896, 0.15070132956973925]}, {""move_vx"": -5.2436744705109115, ""move_vy"": -1.2899139689576662, ""kick_power"": 0.0, ""kick_dir"": null}, {""move_vx"": -6.971646269931839, ""move_vy"": 0.8225255539771864, ""kick_power"": 0.0, ""kick_dir"": null}, {""move_vx"": -4.1012193308819755, ""move_vy"": -4.1012193308819755, ""kick_power"": 0.0, ""kick_dir"": null}, {""move_vx"": -0.0, ""move_vy"": 6.0, ""kick_power"": 0.0, ""kick_dir"": null}, {""move_vx"": 6.0, ""move_vy"": 0.0, ""kick_power"": 0.0, ""kick_dir"": null}, {""move_vx"": -5.077501401176315, ""move_vy"": -3.196713862868017, ""kick_power"": 0.0, ""kick_dir"": null}, {""move_vx"": -5.430009071215606, ""move_vy"": -3.387477156604343, ""kick_power"": 0.0, ""kick_dir"": null}, {""move_vx"": -0.0, ""move_vy"": 0.0, ""kick_power"": 0.65, ""kick_dir"": [0.8461932006100481, -0.5328761444150063]}, {""move_vx"": -6.273507516085238, ""move_vy"": 2.4086310314413093, ""kick_power"": 0.0, ""kick_dir"": null}]"
362,132,default,default,0,15.789457980360806,48.876419083273454,20,B,,0.2441853861413312,0.03875551146625724,2.924326198697193,"[{""move_vx"": 0.0, ""move_vy"": 0.0, ""kick_power"": 0.4, ""kick_dir"": [0.9571641306234142, 0.2895456904598077]}, {""move_vx"": 0.0, ""move_vy"": 0.0, ""kick_power"": 0.9, ""kick_dir"": [-0.7076142674824796, 0.7065987858162233]}, {""move_vx"": 3.8183766184073566, ""move_vy"": 3.8183766184073566, ""kick_power"": 0.0, ""kick_dir"": null}, {""move_vx"": -5.4, ""move_vy"": 0.0, ""kick_power"": 0.0, ""kick_dir"": null}, {""move_vx"": 0.0, ""move_vy"": 0.0, ""kick_power"": 0.9, ""kick_dir"": [0.225681129993315, 0.9742011350192281]}, {""move_vx"": -1.8164112574694011, ""move_vy"": 5.180805935734171, ""kick_power"": 0.0, ""kick_dir"": null}, {""move_vx"": 0.0, ""move_vy"": -6.0, ""kick_power"": 0.0, ""kick_dir"": null}, {""move_vx"": 0.0, ""move_vy"": -6.0, ""kick_power"": 0.0, ""kick_dir"": null}, {""move_vx"": 0.0, ""move_vy"": 6.1, ""kick_power"": 0.0, ""kick_dir"": null}, {""move_vx"": 4.242640687119285, ""move_vy"": 4.242640687119285, ""kick_power"": 0.0, ""kick_dir"": null}, {""move_vx"": -3.8299071411905894, ""move_vy"": 3.367760574900972, ""kick_power"": 0.0, ""kick_dir"": null}, {""move_vx"": -0.0, ""move_vy"": 0.0, ""kick_power"": 0.4, ""kick_dir"": [-0.9403728236930397, -0.34014540652412956]}, {""move_vx"": -0.0, ""move_vy"": 0.0, ""kick_power"": 0.0, ""kick_dir"": null}, {""move_vx"": 5.4, ""move_vy"": 0.0, ""kick_power"": 0.0, ""kick_dir"": null}, {""move_vx"": -3.8183766184073566, ""move_vy"": -3.8183766184073566, ""kick_power"": 0.0, ""kick_dir"": null}, {""move_vx"": -0.0, ""move_vy"": 0.0, ""kick_power"": 0.0, ""kick_dir"": null}, {""move_vx"": -0.0, ""move_vy"": 6.0, ""kick_power"": 0.0, ""kick_dir"": null}, {""move_vx"": -5.669036317361574, ""move_vy"": -1.9652041197889654, ""kick_power"": 0.0, ""kick_dir"": null}, {""move_vx"": -6.0, ""move_vy"": 0.0, ""kick_power"": 0.0, ""kick_dir"": null}, {""move_vx"": -5.430009071215604, ""move_vy"": -3.387477156604346, ""kick_power"": 0.0, ""kick_dir"": null}, {""move_vx"": -0.0, ""move_vy"": 0.0, ""kick_power"": 0.65, ""kick_dir"": [0.8376385716347406, -0.5462248078730886]}, {""move_vx"": 2.68250717465379, ""move_vy"": 4.732626676374437, ""kick_power"": 0.0, ""kick_dir"": null}]"
362,133,default,default,0,14.375095689073582,49.4567759205119,20,B,,0.2499876685141918,-0.17646811552753622,0.4097082097715238,"[{""move_vx"": 4.493940247178418, ""move_vy"": 4.696221998030969, ""kick_power"": 0.0, ""kick_dir"": null}, {""move_vx"": 0.0, ""move_vy"": 0.0, ""kick_power"": 0.4, ""kick_dir"": [-0.7170752803916013, 0.6969955850298789]}, {""move_vx"": 0.0, ""move_vy"": 0.0, ""kick_power"": 0.0, ""kick_dir"": null}, {""move_vx"": 0.0, ""move_vy"": 0.0, ""kick_power"": 0.0, ""kick_dir"": null}, {""move_vx"": -3.782934837390523, ""move_vy"": -4.006183222976345, ""kick_power"": 0.0, ""kick_dir"": null}, {""move_vx"": 4.313351365237939, ""move_vy"": -4.313351365237939, ""kick_power"": 0.0, ""kick_dir"": null}, {""move_vx"": 0.0, ""move_vy"": -6.0, ""kick_power"": 0.0, ""kick_dir"": null}, {""move_vx"": 4.242640687119285, ""move_vy"": -4.242640687119285, ""kick_power"": 0.0, ""kick_dir"": null}, {""move_vx"": 0.0, ""move_vy"": 0.0, ""kick_power"": 0.7, ""kick_dir"": [0.9965422672296043, -0.08308718874099646]}, {""move_vx"": -4.242640687119285, ""move_vy"": -4.242640687119285, ""kick_power"": 0.0, ""kick_dir"": null}, {""move_vx"": -6.149618045774179, ""move_vy"": 1.3682828256937856, ""kick_power"": 0.0, ""kick_dir"": null}, {""move_vx"": -0.0, ""move_vy"": 0.0, ""kick_power"": 0.4, ""kick_dir"": [-0.9377919008658581, -0.34719777571711524]}, {""move_vx"": -0.0, ""move_vy"": 0.0, ""kick_power"": 0.4, ""kick_dir"": [-0.9889056864759647, 0.14854464241541704]}, {""move_vx"": -5.247157447966646, ""move_vy"": -1.2756718685650175, ""kick_power"": 0.0, ""kick_dir"": null}, {""move_vx"": -6.970400630454314, ""move_vy"": 0.8330156366852326, ""kick_power"": 0.0, ""kick_dir"": null}, {""move_vx"": -0.0, ""move_vy"": 0.0, ""kick_power"": 0.4, ""kick_dir"": [-0.9797469105792983, -0.2002397356027668]}, {""move_vx"": -0.0, ""move_vy"": 6.0, ""kick_power"": 0.0, ""kick_dir"": null}, {""move_vx"": 6.0, ""move_vy"": 0.0, ""kick_power"": 0.0, ""kick_dir"": null}, {""move_vx"": -5.037146509972776, ""move_vy"": -3.2599317534373444, ""kick_power"": 0.0, ""kick_dir"": null}, {""move_vx"": -5.430009071215604, ""move_vy"": -3.387477156604345, ""kick_power"": 0.0, ""kick_dir"": null}, {""move_vx"": -4.886173747723359, ""move_vy"": 3.4821410234307084, ""kick_power"": 0.0, ""kick_dir"": null}, {""move_vx"": 2.6396258179302943, ""move_vy"": 4.7566769431311835, ""kick_power"": 0.0, ""kick_dir"": null}]"
362,134,default,default,0,14.14597070003954,49.10035759675022,20,B,,0.25750812201499945,-0.004277853006100092,0.4867131899872884,"[{""move_vx"": 3.1584436469237347, ""move_vy"": 5.681041606009157, ""kick_power"": 0.0, ""kick_dir"": null}, {""move_vx"": 0.0, ""move_vy"": 0.0, ""kick_power"": 0.4, ""kick_dir"": [-0.7414692181490559, 0.6709867330012188]}, {""move_vx"": 3.8183766184073566, ""move_vy"": 3.8183766184073566, ""kick_power"": 0.0, ""kick_dir"": null}, {""move_vx"": -3.5002557178916485, ""move_vy"": 6.085113795925828, ""kick_power"": 0.0, ""kick_dir"": null}, {""move_vx"": -4.019655317263569, ""move_vy"": 3.7686166069785756, ""kick_power"": 0.0, ""kick_dir"": null}, {""move_vx"": 4.313351365237939, ""move_vy"": -4.313351365237939, ""kick_power"": 0.0, ""kick_dir"": null}, {""move_vx"": 5.5146399153918475, ""move_vy"": 2.3640530035443375, ""kick_power"": 0.0, ""kick_dir"": null}, {""move_vx"": 4.242640687119285, ""move_vy"": -4.242640687119285, ""kick_power"": 0.0, ""kick_dir"": null}, {""move_vx"": 0.0, ""move_vy"": 0.0, ""kick_power"": 0.7, ""kick_dir"": [0.9965422672296043, -0.08308718874099646]}, {""move_vx"": -4.242640687119285, ""move_vy"": -4.242640687119285, ""kick_power"": 0.0, ""kick_dir"": null}, {""move_vx"": -6.137952700593722, ""move_vy"": 1.4196959693097158, ""kick_power"": 0.0, ""kick_dir"": null}, {""move_vx"": -0.0, ""move_vy"": 0.0, ""kick_power"": 0.4, ""kick_dir"": [-0.9352230816842593, -0.3540589385183921]}, {""move_vx"": -0.0, ""move_vy"": 0.0, ""kick_power"": 0.4, ""kick_dir"": [-0.9890785537433876, 0.1473892201364263]}, {""move_vx"": -5.247157447966646, ""move_vy"": -1.275671868565017, ""kick_power"": 0.0, ""kick_dir"": null}, {""move_vx"": -6.962326453632484, ""move_vy"": 0.8980035373256217, ""kick_power"": 0.0, ""kick_dir"": null}, {""move_vx"": -4.1012193308819755, ""move_vy"": -4.1012193308819755, ""kick_power"": 0.0, ""kick_dir"": null}, {""move_vx"": -0.0, ""move_vy"": 6.0, ""kick_power"": 0.0, ""kick_dir"": null}, {""move_vx"": 6.0, ""move_vy"": 0.0, ""kick_power"": 0.0, ""kick_dir"": null}, {""move_vx"": -5.01799442823128, ""move_vy"": -3.2893360908000626, ""kick_power"": 0.0, ""kick_dir"": null}, {""move_vx"": -5.430009071215603, ""move_vy"": -3.387477156604348, ""kick_power"": 0.0, ""kick_dir"": null}, {""move_vx"": -0.0, ""move_vy"": 0.0, ""kick_power"": 0.7, ""kick_dir"": [-0.7881198607955547, -0.6155217128367091]}, {""move_vx"": -6.266119512134213, ""move_vy"": 2.4277862878867444, ""kick_power"": 0.0, ""kick_dir"": null}]"
362,135,default,default,0,13.86371306384592,49.10856181816883,20,B,,0.261955511569651,-0.03201689028841645,0.47569641178684446,"[{""move_vx"": 3.1261178439756483, ""move_vy"": 5.698893508881969, ""kick_power"": 0.0, ""kick_dir"": null}, {""move_vx"": -3.6254489679145894, ""move_vy"": 5.941188414875179, ""kick_power"": 0.0, ""kick_dir"": null}, {""move_vx"": 0.0, ""move_vy"": 0.0, ""kick_power"": 0.0, ""kick_dir"": null}, {""move_vx"": 0.0, ""move_vy"": -5.4, ""kick_power"": 0.0, ""kick_dir"": null}, {""move_vx"": -4.185688403545506, ""move_vy"": 3.5833102835820223, ""kick_power"": 0.0, ""kick_dir"": null}, {""move_vx"": 4.313351365237939, ""move_vy"": -4.313351365237939, ""kick_power"": 0.0, ""kick_dir"": null}, {""move_vx"": 0.0, ""move_vy"": -6.0, ""kick_power"": 0.0, ""kick_dir"": null}, {""move_vx"": 4.242640687119285, ""move_vy"": -4.242640687119285, ""kick_power"": 0.0, ""kick_dir"": null}, {""move_vx"": 0.0, ""move_vy"": 0.0, ""kick_power"": 0.7, ""kick_dir"": [0.9965422672296043, -0.08308718874099646]}, {""move_vx"": 4.242640687119285, ""move_vy"": 4.242640687119285, ""kick_power"": 0.0, ""kick_dir"": null}, {""move_vx"": -6.155872387390327, ""move_vy"": 1.3398638550857787, ""kick_power"": 0.0, ""kick_dir"": null}, {""move_vx"": -0.0, ""move_vy"": 0.0, ""kick_power"": 0.4, ""kick_dir"": [-0.9326068630253527, -0.36089386689506847]}, {""move_vx"": -0.0, ""move_vy"": 0.0, ""kick_power"": 0.4, ""kick_dir"": [-0.9892566772051742, 0.1461888998638078]}, {""move_vx"": -5.247157447966646, ""move_vy"": -1.2756718685650161, ""kick_power"": 0.0, ""kick_dir"": null}, {""move_vx"": -6.969959777638747, ""move_vy"": 0.8366962997994145, ""kick_power"": 0.0, ""kick_dir"": null}, {""move_vx"": -4.1012193308819755, ""move_vy"": -4.1012193308819755, ""kick_power"": 0.0, ""kick_dir"": null}, {""move_vx"": -0.0, ""move_vy"": 6.0, ""kick_power"": 0.0, ""kick_dir"": null}, {""move_vx"": 6.0, ""move_vy"": 0.0, ""kick_power"": 0.0, ""kick_dir"": null}, {""move_vx"": -4.998393861964663, ""move_vy"": -3.319044862708846, ""kick_power"": 0.0, ""kick_dir"": null}, {""move_vx"": -5.430009071215603, ""move_vy"": -3.3874771566043473, ""kick_power"": 0.0, ""kick_dir"": null}, {""move_vx"": -6.0, ""move_vy"": 0.0, ""kick_power"": 0.0, ""kick_dir"": null}, {""move_vx"": -6.282075188463418, ""move_vy"": 2.3861959949870686, ""kick_power"": 0.0, ""kick_dir"": null}]"
362,136,default,default,0,13.46371306384592,49.10856181816883,20,B,,0.2625183477688227,-0.04591542523829094,0.473582762942374,"[{""move_vx"": 0.0, ""move_vy"": 0.0, ""kick_power"": 0.9, ""kick_dir"": [0.7735083574255004, 0.6337860323058707]}, {""move_vx"": 0.0, ""move_vy"": 0.0, ""kick_power"": 0.4, ""kick_dir"": [-0.7828949941262145, 0.622153679352909]}, {""move_vx"": 0.0, ""move_vy"": 0.0, ""kick_power"": 0.0, ""kick_dir"": null}, {""move_vx"": 0.0, ""move_vy"": -5.4, ""kick_power"": 0.0, ""kick_dir"": null}, {""move_vx"": -4.120724284050262, ""move_vy"": -3.65783151263675, ""kick_power"": 0.0, ""kick_dir"": null}, {""move_vx"": 4.313351365237939, ""move_vy"": -4.313351365237939, ""kick_power"": 0.0, ""kick_dir"": null}, {""move_vx"": 0.0, ""move_vy"": -6.0, ""kick_power"": 0.0, ""kick_dir"": null}, {""move_vx"": -4.242640687119285, ""move_vy"": 4.242640687119285, ""kick_power"": 0.0, ""kick_dir"": null}, {""move_vx"": 0.0, ""move_vy"": 0.0, ""kick_power"": 0.7, ""kick_dir"": [0.9965422672296043, -0.08308718874099646]}, {""move_vx"": 0.0, ""move_vy"": 0.0, ""kick_power"": 0.0, ""kick_dir"": null}, {""move_vx"": -5.054394951979323, ""move_vy"": 2.6349746999555674, ""kick_power"": 0.0, ""kick_dir"": null}, {""move_vx"": -0.0, ""move_vy"": 0.0, ""kick_power"": 0.4, ""kick_dir"": [-0.9298662956249989, -0.3678975618982089]}, {""move_vx"": -0.0, ""move_vy"": 0.0, ""kick_power"": 0.4, ""kick_dir"": [-0.9894222198953108, 0.14506425736862266]}, {""move_vx"": -5.247157447966646, ""move_vy"": -1.2756718685650155, ""kick_power"": 0.0, ""kick_dir"": null}, {""move_vx"": -6.970451114022015, ""move_vy"": 0.8325930981153211, ""kick_power"": 0.0, ""kick_dir"": null}, {""move_vx"": -4.1012193308819755, ""move_vy"": -4.1012193308819755, ""kick_power"": 0.0, ""kick_dir"": null}, {""move_vx"": -0.0, ""move_vy"": 6.0, ""kick_power"": 0.0, ""kick_dir"": null}, {""move_vx"": 6.0, ""move_vy"": 0.0, ""kick_power"": 0.0, ""kick_dir"": null}, {""move_vx"": -4.978335743455784, ""move_vy"": -3.3490555721621806, ""kick_power"": 0.0, ""kick_dir"": null}, {""move_vx"": -5.4300090712156015, ""move_vy"": -3.38747715660435, ""kick_power"": 0.0, ""kick_dir"": null}, {""move_vx"": -6.0, ""move_vy"": 0.0, ""kick_power"": 0.0, ""kick_dir"": null}, {""move_vx"": -6.280379835471558, ""move_vy"": 2.3906545384480524, ""kick_power"": 0.0, ""kick_dir"": null}]"
362,137,default,default,0,13.063713063845922,49.10856181816883,20,B,,0.26301024989405225,-0.04927164109177358,0.47702254086392765,"[{""move_vx"": 0.0, ""move_vy"": 0.0, ""kick_power"": 0.7, ""kick_dir"": [0.9836317218956097, -0.18019042718864955]}, {""move_vx"": 0.0, ""move_vy"": 0.0, ""kick_power"": 0.4, ""kick_dir"": [-0.8094179629503965, 0.5872327710194983]}, {""move_vx"": 3.8183766184073566, ""move_vy"": 3.8183766184073566, ""kick_power"": 0.0, ""kick_dir"": null}, {""move_vx"": 0.0, ""move_vy"": -5.4, ""kick_power"": 0.0, ""kick_dir"": null}, {""move_vx"": -4.213787112879311, ""move_vy"": 3.550225086854669, ""kick_power"": 0.0, ""kick_dir"": null}, {""move_vx"": 4.313351365237939, ""move_vy"": -4.313351365237939, ""kick_power"": 0.0, ""kick_dir"": null}, {""move_vx"": 0.0, ""move_vy"": -6.0, ""kick_power"": 0.0, ""kick_dir"": null}, {""move_vx"": -4.242640687119285, ""move_vy"": 4.242640687119285, ""kick_power"": 0.0, ""kick_dir"": null}, {""move_vx"": 0.0, ""move_vy"": 0.0, ""kick_power"": 0.7, ""kick_dir"": [0.9965422672296043, -0.08308718874099646]}, {""move_vx"": -4.242640687119285, ""move_vy"": -4.242640687119285, ""kick_power"": 0.0, ""kick_dir"": null}, {""move_vx"": -5.072381859266647, ""move_vy"": 2.600181200182522, ""kick_power"": 0.0, ""kick_dir"": null}, {""move_vx"": -0.0, ""move_vy"": 0.0, ""kick_power"": 0.7, ""kick_dir"": [-0.994436842903696, -0.10533430417048129]}, {""move_vx"": -0.0, ""move_vy"": 0.0, ""kick_power"": 0.4, ""kick_dir"": [-0.98958520881001, 0.143948194297876]}, {""move_vx"": -5.2471574479666465, ""move_vy"": -1.275671868565015, ""kick_power"": 0.0, ""kick_dir"": null}, {""move_vx"": -6.971360414971143, ""move_vy"": 0.8249448251691595, ""kick_power"": 0.0, ""kick_dir"": null}, {""move_vx"": -4.1012193308819755, ""move_vy"": -4.1012193308819755, ""kick_power"": 0.0, ""kick_dir"": null}, {""move_vx"": -0.0, ""move_vy"": 6.0, ""kick_power"": 0.0, ""kick_dir"": null}, {""move_vx"": 6.0, ""move_vy"": 0.0, ""kick_power"": 0.0, ""kick_dir"": null}, {""move_vx"": -7.498757380262178, ""move_vy"": -0.13652015222497182, ""kick_power"": 0.0, ""kick_dir"": null}, {""move_vx"": -5.430009071215601, ""move_vy"": -3.3874771566043496, ""kick_power"": 0.0, ""kick_dir"": null}, {""move_vx"": -6.0, ""move_vy"": 0.0, ""kick_power"": 0.0, ""kick_dir"": null}, {""move_vx"": -6.290398084566373, ""move_vy"": 2.3641683395400843, ""kick_power"": 0.0, ""kick_dir"": null}]"
362,138,default,default,0,12.663713063845924,49.10856181816883,20,B,,0.2634213642634262,-0.047025501172691504,0.48038169304120515,"[{""move_vx"": 0.0, ""move_vy"": 0.0, ""kick_power"": 0.9, ""kick_dir"": [0.783454945089887, 0.6214485202655146]}, {""move_vx"": 0.0, ""move_vy"": 0.0, ""kick_power"": 0.4, ""kick_dir"": [-0.8357414213112756, 0.5491229702735386]}, {""move_vx"": 0.0, ""move_vy"": 0.0, ""kick_power"": 0.0, ""kick_dir"": null}, {""move_vx"": 0.0, ""move_vy"": -5.4, ""kick_power"": 0.0, ""kick_dir"": null}, {""move_vx"": -4.184211450741547, ""move_vy"": -3.5850348025484102, ""kick_power"": 0.0, ""kick_dir"": null}, {""move_vx"": 4.313351365237939, ""move_vy"": -4.313351365237939, ""kick_power"": 0.0, ""kick_dir"": null}, {""move_vx"": 5.463531002951082, ""move_vy"": 2.4798848722858784, ""kick_power"": 0.0, ""kick_dir"": null}, {""move_vx"": -4.242640687119285, ""move_vy"": 4.242640687119285, ""kick_power"": 0.0, ""kick_dir"": null}, {""move_vx"": 0.0, ""move_vy"": 0.0, ""kick_power"": 0.7, ""kick_dir"": [0.9965422672296043, -0.08308718874099646]}, {""move_vx"": -4.242640687119285, ""move_vy"": -4.242640687119285, ""kick_power"": 0.0, ""kick_dir"": null}, {""move_vx"": -5.089911630913141, ""move_vy"": 2.5656967064513134, ""kick_power"": 0.0, ""kick_dir"": null}, {""move_vx"": -0.0, ""move_vy"": 0.0, ""kick_power"": 0.4, ""kick_dir"": [-0.9241262274993984, -0.3820872397326207]}, {""move_vx"": -0.0, ""move_vy"": 0.0, ""kick_power"": 0.4, ""kick_dir"": [-0.9897454488271145, 0.1428422724915293]}, {""move_vx"": -3.8077122958490923, ""move_vy"": 3.4377648366401736, ""kick_power"": 0.0, ""kick_dir"": null}, {""move_vx"": -6.972254542441766, ""move_vy"": 0.8173534091200515, ""kick_power"": 0.0, ""kick_dir"": null}, {""move_vx"": -4.1012193308819755, ""move_vy"": -4.1012193308819755, ""kick_power"": 0.0, ""kick_dir"": null}, {""move_vx"": -0.0, ""move_vy"": 6.0, ""kick_power"": 0.0, ""kick_dir"": null}, {""move_vx"": 6.0, ""move_vy"": 0.0, ""kick_power"": 0.0, ""kick_dir"": null}, {""move_vx"": -7.498757380262177, ""move_vy"": -0.13652015222497285, ""kick_power"": 0.0, ""kick_dir"": null}, {""move_vx"": -5.430009071215601, ""move_vy"": -3.3874771566043522, ""kick_power"": 0.0, ""kick_dir"": null}, {""move_vx"": -6.0, ""move_vy"": 0.0, ""kick_power"": 0.0, ""kick_dir"": null}, {""move_vx"": -6.301081456211915, ""move_vy"": 2.3355454356921306, ""kick_power"": 0.0, ""kick_dir"": null}]"
362,139,default,default,0,12.451015652758318,48.397279231561015,20,B,,0.2727991246863125,0.012488937187870149,0.5062469721984474,"[{""move_vx"": 2.846998206434507, ""move_vy"": 3.802249493728509, ""kick_power"": 0.0, ""kick_dir"": null}, {""move_vx"": 0.0, ""move_vy"": 0.0, ""kick_power"": 0.4, ""kick_dir"": [-0.8615260449962341, 0.5077131350109833]}, {""move_vx"": 3.8183766184073566, ""move_vy"": 3.8183766184073566, ""kick_power"": 0.0, ""kick_dir"": null}, {""move_vx"": 0.0, ""move_vy"": -5.4, ""kick_power"": 0.0, ""kick_dir"": null}, {""move_vx"": -4.270258844423643, ""move_vy"": 3.4820955474572575, ""kick_power"": 0.0, ""kick_dir"": null}, {""move_vx"": 4.313351365237939, ""move_vy"": -4.313351365237939, ""kick_power"": 0.0, ""kick_dir"": null}, {""move_vx"": 5.463531002951083, ""move_vy"": 2.4798848722858775, ""kick_power"": 0.0, ""kick_dir"": null}, {""move_vx"": -4.242640687119285, ""move_vy"": 4.242640687119285, ""kick_power"": 0.0, ""kick_dir"": null}, {""move_vx"": 0.0, ""move_vy"": 0.0, ""kick_power"": 0.7, ""kick_dir"": [0.9965422672296043, -0.08308718874099646]}, {""move_vx"": -4.242640687119285, ""move_vy"": -4.242640687119285, ""kick_power"": 0.0, ""kick_dir"": null}, {""move_vx"": -5.106993137227136, ""move_vy"": 2.5315254484825793, ""kick_power"": 0.0, ""kick_dir"": null}, {""move_vx"": -0.0, ""move_vy"": 0.0, ""kick_power"": 0.4, ""kick_dir"": [-0.921121595238561, -0.38927490230865314]}, {""move_vx"": -0.0, ""move_vy"": 0.0, ""kick_power"": 0.4, ""kick_dir"": [-0.9899029943816653, 0.1417463584886251]}, {""move_vx"": -3.8304807188118, ""move_vy"": 3.412377098565021, ""kick_power"": 0.0, ""kick_dir"": null}, {""move_vx"": -6.973133722124808, ""move_vy"": 0.8098185558295352, ""kick_power"": 0.0, ""kick_dir"": null}, {""move_vx"": -0.0, ""move_vy"": 0.0, ""kick_power"": 0.4, ""kick_dir"": [0.9510592957407761, -0.30900799750733915]}, {""move_vx"": -0.0, ""move_vy"": 6.0, ""kick_power"": 0.0, ""kick_dir"": null}, {""move_vx"": 6.0, ""move_vy"": 0.0, ""kick_power"": 0.0, ""kick_dir"": null}, {""move_vx"": -7.498757380262178, ""move_vy"": -0.13652015222497393, ""kick_power"": 0.0, ""kick_dir"": null}, {""move_vx"": -5.4300090712156, ""move_vy"": -3.3874771566043513, ""kick_power"": 0.0, ""kick_dir"": null}, {""move_vx"": -5.4179827405840255, ""move_vy"": -4.741883910718776, ""kick_power"": 0.0, ""kick_dir"": null}, {""move_vx"": -6.312818156509091, ""move_vy"": 2.3036334176359676, ""kick_power"": 0.0, ""kick_dir"": null}]"
362,140,default,default,0,12.217054788601098,49.52054705049453,20,B,,0.2617282519953275,-0.09617418125301584,0.44785712778194514,"[{""move_vx"": 0.0, ""move_vy"": 0.0, ""kick_power"": 0.9, ""kick_dir"": [0.7905105948000927, 0.6124482941426844]}, {""move_vx"": 0.0, ""move_vy"": 0.0, ""kick_power"": 0.4, ""kick_dir"": [-0.8862796291848335, 0.46315026382009655]}, {""move_vx"": 0.0, ""move_vy"": 0.0, ""kick_power"": 0.0, ""kick_dir"": null}, {""move_vx"": 0.0, ""move_vy"": -5.4, ""kick_power"": 0.0, ""kick_dir"": null}, {""move_vx"": -3.9998847581152708, ""move_vy"": -3.789593899324456, ""kick_power"": 0.0, ""kick_dir"": null}, {""move_vx"": 4.129684126317761, ""move_vy"": -3.1352725586205596, ""kick_power"": 0.0, ""kick_dir"": null}, {""move_vx"": 0.0, ""move_vy"": 0.0, ""kick_power"": 0.4, ""kick_dir"": [0.30845704287477954, 0.9512381007903922]}, {""move_vx"": -4.242640687119285, ""move_vy"": 4.242640687119285, ""kick_power"": 0.0, ""kick_dir"": null}, {""move_vx"": 0.0, ""move_vy"": 0.0, ""kick_power"": 0.7, ""kick_dir"": [0.9965422672296043, -0.08308718874099646]}, {""move_vx"": -4.242640687119285, ""move_vy"": -4.242640687119285, ""kick_power"": 0.0, ""kick_dir"": null}, {""move_vx"": 0.0, ""move_vy"": 0.0, ""kick_power"": 0.4, ""kick_dir"": [0.6913242880263036, -0.7225444133831935]}, {""move_vx"": -0.0, ""move_vy"": 0.0, ""kick_power"": 0.4, ""kick_dir"": [-0.9179007921038531, -0.3968098767762984]}, {""move_vx"": -5.8, ""move_vy"": 0.0, ""kick_power"": 0.0, ""kick_dir"": null}, {""move_vx"": -3.8877808345120766, ""move_vy"": 3.3469478906610686, ""kick_power"": 0.0, ""kick_dir"": null}, {""move_vx"": -3.8183766184073566, ""move_vy"": -3.8183766184073566, ""kick_power"": 0.0, ""kick_dir"": null}, {""move_vx"": -7.530061577351191, ""move_vy"": 0.3870047044924708, ""kick_power"": 0.0, ""kick_dir"": null}, {""move_vx"": -0.0, ""move_vy"": 6.0, ""kick_power"": 0.0, ""kick_dir"": null}, {""move_vx"": 6.0, ""move_vy"": 0.0, ""kick_power"": 0.0, ""kick_dir"": null}, {""move_vx"": -7.498757380262178, ""move_vy"": -0.13652015222497502, ""kick_power"": 0.0, ""kick_dir"": null}, {""move_vx"": -5.430009071215598, ""move_vy"": -3.387477156604355, ""kick_power"": 0.0, ""kick_dir"": null}, {""move_vx"": -4.112756555235335, ""move_vy"": 4.3686649582416806, ""kick_power"": 0.0, ""kick_dir"": null}, {""move_vx"": 2.8427772773396236, ""move_vy"": 4.638126491530985, ""kick_power"": 0.0, ""kick_dir"": null}]"
362,141,default,default,0,12.017511108948415,49.11457996654667,20,B,,0.2656469240115546,-0.002193770210455549,0.49797933676276585,"[{""move_vx"": 0.0, ""move_vy"": 0.0, ""kick_power"": 0.7, ""kick_dir"": [0.9817285761571587, -0.19028651443348513]}, {""move_vx"": 0.0, ""move_vy"": 0.0, ""kick_power"": 0.4, ""kick_dir"": [-0.9060680464931792, 0.4231317043237075]}, {""move_vx"": 3.8183766184073566, ""move_vy"": 3.8183766184073566, ""kick_power"": 0.0, ""kick_dir"": null}, {""move_vx"": -3.7221279877734568, ""move_vy"": 5.951988175612709, ""kick_power"": 0.0, ""kick_dir"": null}, {""move_vx"": -4.122910568363444, ""move_vy"": 3.655367073944423, ""kick_power"": 0.0, ""kick_dir"": null}, {""move_vx"": 4.313351365237939, ""move_vy"": -4.313351365237939, ""kick_power"": 0.0, ""kick_dir"": null}, {""move_vx"": 5.463531002951083, ""move_vy"": 2.479884872285877, ""kick_power"": 0.0, ""kick_dir"": null}, {""move_vx"": 4.242640687119285, ""move_vy"": -4.242640687119285, ""kick_power"": 0.0, ""kick_dir"": null}, {""move_vx"": 0.0, ""move_vy"": 0.0, ""kick_power"": 0.7, ""kick_dir"": [0.9965422672296043, -0.08308718874099646]}, {""move_vx"": 0.0, ""move_vy"": 6.0, ""kick_power"": 0.0, ""kick_dir"": null}, {""move_vx"": -6.172121654961117, ""move_vy"": 1.2628991552614395, ""kick_power"": 0.0, ""kick_dir"": null}, {""move_vx"": -0.0, ""move_vy"": 0.0, ""kick_power"": 0.4, ""kick_dir"": [-0.9175727151510407, -0.39756792573933264]}, {""move_vx"": -0.0, ""move_vy"": 0.0, ""kick_power"": 0.0, ""kick_dir"": null}, {""move_vx"": -5.208324214443894, ""move_vy"": -1.4259589325213406, ""kick_power"": 0.0, ""kick_dir"": null}, {""move_vx"": -6.960278760625711, ""move_vy"": 0.9137393361252603, ""kick_power"": 0.0, ""kick_dir"": null}, {""move_vx"": -4.1012193308819755, ""move_vy"": -4.1012193308819755, ""kick_power"": 0.0, ""kick_dir"": null}, {""move_vx"": -0.0, ""move_vy"": 6.0, ""kick_power"": 0.0, ""kick_dir"": null}, {""move_vx"": 6.0, ""move_vy"": 0.0, ""kick_power"": 0.0, ""kick_dir"": null}, {""move_vx"": -0.0, ""move_vy"": -6.0, ""kick_power"": 0.0, ""kick_dir"": null}, {""move_vx"": -5.430009071215599, ""move_vy"": -3.387477156604353, ""kick_power"": 0.0, ""kick_dir"": null}, {""move_vx"": -0.0, ""move_vy"": 0.0, ""kick_power"": 0.7, ""kick_dir"": [-0.7369299173702932, -0.6759690674683501]}, {""move_vx"": -6.3126163507839355, ""move_vy"": 2.304186365686445, ""kick_power"": 0.0, ""kick_dir"": null}]"
362,142,default,default,0,11.628330444124634,49.08368055467036,20,B,,0.2659707794375281,-0.055062179272381793,0.48825923500919516,"[{""move_vx"": 0.0, ""move_vy"": 0.0, ""kick_power"": 0.9, ""kick_dir"": [0.7998249225020356, 0.600233294230559]}, {""move_vx"": 0.0, ""move_vy"": 0.0, ""kick_power"": 0.4, ""kick_dir"": [-0.9281072188454267, 0.3723126770287976]}, {""move_vx"": 3.8183766184073566, ""move_vy"": 3.8183766184073566, ""kick_power"": 0.0, ""kick_dir"": null}, {""move_vx"": 0.0, ""move_vy"": -5.4, ""kick_power"": 0.0, ""kick_dir"": null}, {""move_vx"": -4.175983237583312, ""move_vy"": -3.594615973845219, ""kick_power"": 0.0, ""kick_dir"": null}, {""move_vx"": 4.313351365237939, ""move_vy"": -4.313351365237939, ""kick_power"": 0.0, ""kick_dir"": null}, {""move_vx"": 0.0, ""move_vy"": -6.0, ""kick_power"": 0.0, ""kick_dir"": null}, {""move_vx"": 4.242640687119285, ""move_vy"": -4.242640687119285, ""kick_power"": 0.0, ""kick_dir"": null}, {""move_vx"": 0.0, ""move_vy"": 0.0, ""kick_power"": 0.7, ""kick_dir"": [0.9965422672296043, -0.08308718874099646]}, {""move_vx"": -4.242640687119285, ""move_vy"": -4.242640687119285, ""kick_power"": 0.0, ""kick_dir"": null}, {""move_vx"": -5.123433776292016, ""move_vy"": 2.498084534188169, ""kick_power"": 0.0, ""kick_dir"": null}, {""move_vx"": -0.0, ""move_vy"": 0.0, ""kick_power"": 0.4, ""kick_dir"": [-0.9144602725054602, -0.4046756143442862]}, {""move_vx"": 4.1012193308819755, ""move_vy"": 4.1012193308819755, ""kick_power"": 0.0, ""kick_dir"": null}, {""move_vx"": -3.8405141351739704, ""move_vy"": 3.401080883708727, ""kick_power"": 0.0, ""kick_dir"": null}, {""move_vx"": -3.8183766184073566, ""move_vy"": -3.8183766184073566, ""kick_power"": 0.0, ""kick_dir"": null}, {""move_vx"": -7.516763468011048, ""move_vy"": 0.591495533351281, ""kick_power"": 0.0, ""kick_dir"": null}, {""move_vx"": -0.0, ""move_vy"": 6.0, ""kick_power"": 0.0, ""kick_dir"": null}, {""move_vx"": 6.0, ""move_vy"": 0.0, ""kick_power"": 0.0, ""kick_dir"": null}, {""move_vx"": -7.498757380262177, ""move_vy"": -0.1365201522249762, ""kick_power"": 0.0, ""kick_dir"": null}, {""move_vx"": -5.430009071215598, ""move_vy"": -3.3874771566043567, ""kick_power"": 0.0, ""kick_dir"": null}, {""move_vx"": -6.0, ""move_vy"": 0.0, ""kick_power"": 0.0, ""kick_dir"": null}, {""move_vx"": -6.344657143697348, ""move_vy"": 2.2144357585918404, ""kick_power"": 0.0, ""kick_dir"": null}]"
362,143,default,default,0,11.228330444124635,49.08368055467036,20,B,,0.2658607253601439,-0.05608653659877812,0.4939346459395086,"[{""move_vx"": 0.0, ""move_vy"": 0.0, ""kick_power"": 0.9, ""kick_dir"": [0.8043637542844785, 0.5941370761788572]}, {""move_vx"": 0.0, ""move_vy"": 0.0, ""kick_power"": 0.4, ""kick_dir"": [-0.9478555094209952, 0.3186999658457314]}, {""move_vx"": 3.8183766184073566, ""move_vy"": 3.8183766184073566, ""kick_power"": 0.0, ""kick_dir"": null}, {""move_vx"": 0.0, ""move_vy"": -5.4, ""kick_power"": 0.0, ""kick_dir"": null}, {""move_vx"": 5.350105246007668, ""move_vy"": -2.2397262905634756, ""kick_power"": 0.0, ""kick_dir"": null}, {""move_vx"": 4.313351365237939, ""move_vy"": -4.313351365237939, ""kick_power"": 0.0, ""kick_dir"": null}, {""move_vx"": 5.4457643518193315, ""move_vy"": 2.5186604821717795, ""kick_power"": 0.0, ""kick_dir"": null}, {""move_vx"": -4.242640687119285, ""move_vy"": 4.242640687119285, ""kick_power"": 0.0, ""kick_dir"": null}, {""move_vx"": 0.0, ""move_vy"": 0.0, ""kick_power"": 0.7, ""kick_dir"": [0.9965422672296043, -0.08308718874099646]}, {""move_vx"": 0.0, ""move_vy"": 6.0, ""kick_power"": 0.0, ""kick_dir"": null}, {""move_vx"": -5.141905789709804, ""move_vy"": 2.459838378786051, ""kick_power"": 0.0, ""kick_dir"": null}, {""move_vx"": -0.0, ""move_vy"": 0.0, ""kick_power"": 0.4, ""kick_dir"": [-0.9139646808155885, -0.40579367245012715]}, {""move_vx"": -5.8, ""move_vy"": 0.0, ""kick_power"": 0.0, ""kick_dir"": null}, {""move_vx"": -3.86440784324136, ""move_vy"": 3.3739075300154053, ""kick_power"": 0.0, ""kick_dir"": null}, {""move_vx"": -3.8183766184073566, ""move_vy"": -3.8183766184073566, ""kick_power"": 0.0, ""kick_dir"": null}, {""move_vx"": -7.517760622665113, ""move_vy"": 0.57868404186208, ""kick_power"": 0.0, ""kick_dir"": null}, {""move_vx"": -0.0, ""move_vy"": 6.0, ""kick_power"": 0.0, ""kick_dir"": null}, {""move_vx"": 6.0, ""move_vy"": 0.0, ""kick_power"": 0.0, ""kick_dir"": null}, {""move_vx"": -7.498757380262177, ""move_vy"": -0.13652015222497743, ""kick_power"": 0.0, ""kick_dir"": null}, {""move_vx"": -5.4300090712156, ""move_vy"": -3.387477156604353, ""kick_power"": 0.0, ""kick_dir"": null}, {""move_vx"": -6.0, ""move_vy"": 0.0, ""kick_power"": 0.0, ""kick_dir"": null}, {""move_vx"": -6.3600775120237785, ""move_vy"": 2.169749764615593, ""kick_power"": 0.0, ""kick_dir"": null}]"
362,144,default,default,0,10.828330444124637,49.08368055467036,20,B,,0.2655951244057367,-0.056815563580336646,0.48823140528671916,"[{""move_vx"": 0.0, ""move_vy"": 0.0, ""kick_power"": 0.9, ""kick_dir"": [0.8088160276232501, 0.5880616874945418]}, {""move_vx"": 0.0, ""move_vy"": 0.0, ""kick_power"": 0.4, ""kick_dir"": [-0.9649418789769502, 0.26246314364970413]}, {""move_vx"": 3.8183766184073566, ""move_vy"": 3.8183766184073566, ""kick_power"": 0.0, ""kick_dir"": null}, {""move_vx"": 0.0, ""move_vy"": -5.4, ""kick_power"": 0.0, ""kick_dir"": null}, {""move_vx"": -4.379640696525656, ""move_vy"": 3.343478333911596, ""kick_power"": 0.0, ""kick_dir"": null}, {""move_vx"": 4.313351365237939, ""move_vy"": -4.313351365237939, ""kick_power"": 0.0, ""kick_dir"": null}, {""move_vx"": 5.4457643518193315, ""move_vy"": 2.5186604821717795, ""kick_power"": 0.0, ""kick_dir"": null}, {""move_vx"": -4.242640687119285, ""move_vy"": 4.242640687119285, ""kick_power"": 0.0, ""kick_dir"": null}, {""move_vx"": 0.0, ""move_vy"": 0.0, ""kick_power"": 0.7, ""kick_dir"": [0.9965422672296043, -0.08308718874099646]}, {""move_vx"": 4.242640687119285, ""move_vy"": -4.242640687119285, ""kick_power"": 0.0, ""kick_dir"": null}, {""move_vx"": -5.157761370444974, ""move_vy"": 2.426416626539139, ""kick_power"": 0.0, ""kick_dir"": null}, {""move_vx"": 3.5355339059327373, ""move_vy"": -3.5355339059327373, ""kick_power"": 0.0, ""kick_dir"": null}, {""move_vx"": 4.1012193308819755, ""move_vy"": 4.1012193308819755, ""kick_power"": 0.0, ""kick_dir"": null}, {""move_vx"": -3.8866131450774555, ""move_vy"": 3.3483037885638645, ""kick_power"": 0.0, ""kick_dir"": null}, {""move_vx"": -3.8183766184073566, ""move_vy"": -3.8183766184073566, ""kick_power"": 0.0, ""kick_dir"": null}, {""move_vx"": -7.5182529355413115, ""move_vy"": 0.5722523894440777, ""kick_power"": 0.0, ""kick_dir"": null}, {""move_vx"": -0.0, ""move_vy"": 6.0, ""kick_power"": 0.0, ""kick_dir"": null}, {""move_vx"": 6.0, ""move_vy"": 0.0, ""kick_power"": 0.0, ""kick_dir"": null}, {""move_vx"": -7.498757380262177, ""move_vy"": -0.13652015222497862, ""kick_power"": 0.0, ""kick_dir"": null}, {""move_vx"": -5.430009071215597, ""move_vy"": -3.3874771566043558, ""kick_power"": 0.0, ""kick_dir"": null}, {""move_vx"": -6.0, ""move_vy"": 0.0, ""kick_power"": 0.0, ""kick_dir"": null}, {""move_vx"": -6.3692874779963695, ""move_vy"": 2.1425631898823103, ""kick_power"": 0.0, ""kick_dir"": null}]"
362,145,default,default,0,10.428330444124638,49.08368055467036,20,B,,0.26515765336168323,-0.05072758319588963,0.4978721771686027,"[{""move_vx"": 0.0, ""move_vy"": 0.0, ""kick_power"": 0.9, ""kick_dir"": [0.8131872221311598, 0.5820021107745367]}, {""move_vx"": 0.0, ""move_vy"": 0.0, ""kick_power"": 0.4, ""kick_dir"": [-0.9789630225749495, 0.20403707873862492]}, {""move_vx"": 3.8183766184073566, ""move_vy"": 3.8183766184073566, ""kick_power"": 0.0, ""kick_dir"": null}, {""move_vx"": 0.0, ""move_vy"": -5.4, ""kick_power"": 0.0, ""kick_dir"": null}, {""move_vx"": -4.425867780599561, ""move_vy"": -3.2820411924061386, ""kick_power"": 0.0, ""kick_dir"": null}, {""move_vx"": 4.313351365237939, ""move_vy"": -4.313351365237939, ""kick_power"": 0.0, ""kick_dir"": null}, {""move_vx"": 5.4457643518193315, ""move_vy"": 2.5186604821717795, ""kick_power"": 0.0, ""kick_dir"": null}, {""move_vx"": -4.242640687119285, ""move_vy"": 4.242640687119285, ""kick_power"": 0.0, ""kick_dir"": null}, {""move_vx"": 0.0, ""move_vy"": 0.0, ""kick_power"": 0.0, ""kick_dir"": null}, {""move_vx"": 0.0, ""move_vy"": 6.0, ""kick_power"": 0.0, ""kick_dir"": null}, {""move_vx"": -5.17319878555795, ""move_vy"": 2.3933270409832685, ""kick_power"": 0.0, ""kick_dir"": null}, {""move_vx"": -0.0, ""move_vy"": 0.0, ""kick_power"": 0.4, ""kick_dir"": [-0.9188395949704534, -0.39463114603512645]}, {""move_vx"": -5.738062298145099, ""move_vy"": -0.8453644554899282, ""kick_power"": 0.0, ""kick_dir"": null}, {""move_vx"": -3.9085030881347493, ""move_vy"": 3.322725328708518, ""kick_power"": 0.0, ""kick_dir"": null}, {""move_vx"": -3.8183766184073566, ""move_vy"": -3.8183766184073566, ""kick_power"": 0.0, ""kick_dir"": null}, {""move_vx"": -7.518735754548856, ""move_vy"": 0.5658733544430627, ""kick_power"": 0.0, ""kick_dir"": null}, {""move_vx"": -0.0, ""move_vy"": 6.0, ""kick_power"": 0.0, ""kick_dir"": null}, {""move_vx"": 6.0, ""move_vy"": 0.0, ""kick_power"": 0.0, ""kick_dir"": null}, {""move_vx"": -7.498757380262177, ""move_vy"": -0.13652015222497987, ""kick_power"": 0.0, ""kick_dir"": null}, {""move_vx"": -5.430009071215599, ""move_vy"": -3.3874771566043522, ""kick_power"": 0.0, ""kick_dir"": null}, {""move_vx"": -6.0, ""move_vy"": 0.0, ""kick_power"": 0.0, ""kick_dir"": null}, {""move_vx"": -6.3706279553608445, ""move_vy"": 2.1385741638706204, ""kick_power"": 0.0, ""kick_dir"": null}]"
362,146,default,default,0,10.02833044412464,49.08368055467036,20,B,,0.26219987414916723,-0.06021796656388051,0.4927512100037282,"[{""move_vx"": 4.9881711725991815, ""move_vy"": -0.34372714884120414, ""kick_power"": 0.0, ""kick_dir"": null}, {""move_vx"": 0.0, ""move_vy"": 0.0, ""kick_power"": 0.4, ""kick_dir"": [-0.9895811920484662, 0.14397496958476225]}, {""move_vx"": 3.8183766184073566, ""move_vy"": 3.8183766184073566, ""kick_power"": 0.0, ""kick_dir"": null}, {""move_vx"": 0.0, ""move_vy"": -5.4, ""kick_power"": 0.0, ""kick_dir"": null}, {""move_vx"": -4.422208056265693, ""move_vy"": 3.2869706276598825, ""kick_power"": 0.0, ""kick_dir"": null}, {""move_vx"": 4.313351365237939, ""move_vy"": -4.313351365237939, ""kick_power"": 0.0, ""kick_dir"": null}, {""move_vx"": 5.4457643518193315, ""move_vy"": 2.5186604821717795, ""kick_power"": 0.0, ""kick_dir"": null}, {""move_vx"": -4.242640687119285, ""move_vy"": 4.242640687119285, ""kick_power"": 0.0, ""kick_dir"": null}, {""move_vx"": 0.0, ""move_vy"": 0.0, ""kick_power"": 0.7, ""kick_dir"": [0.9965422672296043, -0.08308718874099646]}, {""move_vx"": 4.242640687119285, ""move_vy"": -4.242640687119285, ""kick_power"": 0.0, ""kick_dir"": null}, {""move_vx"": -5.188226945921265, ""move_vy"": 2.360572209786536, ""kick_power"": 0.0, ""kick_dir"": null}, {""move_vx"": -0.0, ""move_vy"": 0.0, ""kick_power"": 0.4, ""kick_dir"": [-0.9178890191229359, -0.3968371101749811]}, {""move_vx"": -0.0, ""move_vy"": 0.0, ""kick_power"": 0.4, ""kick_dir"": [-0.991059492492588, 0.13342057835358945]}, {""move_vx"": -3.9300790649812156, ""move_vy"": 3.2971773599544765, ""kick_power"": 0.0, ""kick_dir"": null}, {""move_vx"": -3.8183766184073566, ""move_vy"": -3.8183766184073566, ""kick_power"": 0.0, ""kick_dir"": null}, {""move_vx"": -7.519209234806519, ""move_vy"": 0.5595466765162322, ""kick_power"": 0.0, ""kick_dir"": null}, {""move_vx"": -0.0, ""move_vy"": 6.0, ""kick_power"": 0.0, ""kick_dir"": null}, {""move_vx"": 6.0, ""move_vy"": 0.0, ""kick_power"": 0.0, ""kick_dir"": null}, {""move_vx"": -5.27345215638117, ""move_vy"": 1.1621972097534878, ""kick_power"": 0.0, ""kick_dir"": null}, {""move_vx"": -5.430009071215597, ""move_vy"": -3.3874771566043558, ""kick_power"": 0.0, ""kick_dir"": null}, {""move_vx"": -6.0, ""move_vy"": 0.0, ""kick_power"": 0.0, ""kick_dir"": null}, {""move_vx"": -6.370221932864049, ""move_vy"": 2.1397832895080335, ""kick_power"": 0.0, ""kick_dir"": null}]"
362,147,default,default,0,9.628330444124641,49.08368055467036,20,B,,0.25793721432933076,-0.057115799581216015,0.4955949891880928,"[{""move_vx"": -2.380520189029, ""move_vy"": -3.520741914657383, ""kick_power"": 0.0, ""kick_dir"": null}, {""move_vx"": 0.0, ""move_vy"": 0.0, ""kick_power"": 0.4, ""kick_dir"": [-0.9965568886168488, 0.08291016065920462]}, {""move_vx"": 3.8183766184073566, ""move_vy"": -3.8183766184073566, ""kick_power"": 0.0, ""kick_dir"": null}, {""move_vx"": 0.0, ""move_vy"": -5.4, ""kick_power"": 0.0, ""kick_dir"": null}, {""move_vx"": -4.465155292903878, ""move_vy"": -3.228387865522433, ""kick_power"": 0.0, ""kick_dir"": null}, {""move_vx"": 4.313351365237939, ""move_vy"": -4.313351365237939, ""kick_power"": 0.0, ""kick_dir"": null}, {""move_vx"": 5.4457643518193315, ""move_vy"": 2.518660482171779, ""kick_power"": 0.0, ""kick_dir"": null}, {""move_vx"": -4.242640687119285, ""move_vy"": 4.242640687119285, ""kick_power"": 0.0, ""kick_dir"": null}, {""move_vx"": 0.0, ""move_vy"": 0.0, ""kick_power"": 0.7, ""kick_dir"": [0.9965422672296043, -0.08308718874099646]}, {""move_vx"": 0.0, ""move_vy"": 6.0, ""kick_power"": 0.0, ""kick_dir"": null}, {""move_vx"": -5.20285470102669, ""move_vy"": 2.3281544106876715, ""kick_power"": 0.0, ""kick_dir"": null}, {""move_vx"": -0.0, ""move_vy"": 0.0, ""kick_power"": 0.4, ""kick_dir"": [-0.9139961651214298, -0.40572275422988424]}, {""move_vx"": -0.0, ""move_vy"": 0.0, ""kick_power"": 0.4, ""kick_dir"": [-0.9910529568539967, 0.13346911720696233]}, {""move_vx"": -3.9513425842565755, ""move_vy"": 3.271664986186784, ""kick_power"": 0.0, ""kick_dir"": null}, {""move_vx"": -3.8183766184073566, ""move_vy"": -3.8183766184073566, ""kick_power"": 0.0, ""kick_dir"": null}, {""move_vx"": -7.519673529390372, ""move_vy"": 0.5532720952530891, ""kick_power"": 0.0, ""kick_dir"": null}, {""move_vx"": -0.0, ""move_vy"": 6.0, ""kick_power"": 0.0, ""kick_dir"": null}, {""move_vx"": 6.0, ""move_vy"": 0.0, ""kick_power"": 0.0, ""kick_dir"": null}, {""move_vx"": -7.49832717259596, ""move_vy"": -0.15839700978577886, ""kick_power"": 0.0, ""kick_dir"": null}, {""move_vx"": -5.4300090712156, ""move_vy"": -3.387477156604353, ""kick_power"": 0.0, ""kick_dir"": null}, {""move_vx"": -6.0, ""move_vy"": 0.0, ""kick_power"": 0.0, ""kick_dir"": null}, {""move_vx"": -6.369815667053119, ""move_vy"": 2.140992379193499, ""kick_power"": 0.0, ""kick_dir"": null}]"
362,148,default,default,0,9.228330444124643,49.08368055467036,20,B,,0.2536155444319721,-0.062158511353342306,0.497608064931248,"[{""move_vx"": -2.3805201890289993, ""move_vy"": -3.5207419146573833, ""kick_power"": 0.0, ""kick_dir"": null}, {""move_vx"": 0.0, ""move_vy"": 0.0, ""kick_power"": 0.4, ""kick_dir"": [-0.9997681858252763, 0.02152445354797557]}, {""move_vx"": 3.8183766184073566, ""move_vy"": 3.8183766184073566, ""kick_power"": 0.0, ""kick_dir"": null}, {""move_vx"": 0.0, ""move_vy"": -5.4, ""kick_power"": 0.0, ""kick_dir"": null}, {""move_vx"": -4.461679202680909, ""move_vy"": 3.233190172625892, ""kick_power"": 0.0, ""kick_dir"": null}, {""move_vx"": 4.313351365237939, ""move_vy"": -4.313351365237939, ""kick_power"": 0.0, ""kick_dir"": null}, {""move_vx"": 5.4457643518193315, ""move_vy"": 2.518660482171779, ""kick_power"": 0.0, ""kick_dir"": null}, {""move_vx"": -4.242640687119285, ""move_vy"": 4.242640687119285, ""kick_power"": 0.0, ""kick_dir"": null}, {""move_vx"": 0.0, ""move_vy"": 0.0, ""kick_power"": 0.7, ""kick_dir"": [0.9965422672296043, -0.08308718874099646]}, {""move_vx"": 4.242640687119285, ""move_vy"": -4.242640687119285, ""kick_power"": 0.0, ""kick_dir"": null}, {""move_vx"": -5.217090830959631, ""move_vy"": 2.296075621907286, ""kick_power"": 0.0, ""kick_dir"": null}, {""move_vx"": -0.0, ""move_vy"": 0.0, ""kick_power"": 0.4, ""kick_dir"": [-0.909977282699939, -0.41465803723942335]}, {""move_vx"": -0.0, ""move_vy"": 0.0, ""kick_power"": 0.4, ""kick_dir"": [-0.9910464802680419, 0.13351719976528673]}, {""move_vx"": -3.972295266439846, ""move_vy"": 3.246193203772627, ""kick_power"": 0.0, ""kick_dir"": null}, {""move_vx"": -3.8183766184073566, ""move_vy"": -3.8183766184073566, ""kick_power"": 0.0, ""kick_dir"": null}, {""move_vx"": -7.520128789352809, ""move_vy"": 0.5470493501934484, ""kick_power"": 0.0, ""kick_dir"": null}, {""move_vx"": -0.0, ""move_vy"": 6.0, ""kick_power"": 0.0, ""kick_dir"": null}, {""move_vx"": 6.0, ""move_vy"": 0.0, ""kick_power"": 0.0, ""kick_dir"": null}, {""move_vx"": -7.49832717259596, ""move_vy"": -0.15839700978577823, ""kick_power"": 0.0, ""kick_dir"": null}, {""move_vx"": -5.430009071215597, ""move_vy"": -3.3874771566043558, ""kick_power"": 0.0, ""kick_dir"": null}, {""move_vx"": -6.0, ""move_vy"": 0.0, ""kick_power"": 0.0, ""kick_dir"": null}, {""move_vx"": -6.3694091589491535, ""move_vy"": 2.1422014298134178, ""kick_power"": 0.0, ""kick_dir"": null}]"
362,149,default,default,0,8.828330444124644,49.08368055467036,20,B,,0.25229107026716757,-0.05505205855618734,0.49962314549021936,"[{""move_vx"": 0.0, ""move_vy"": 0.0, ""kick_power"": 0.4, ""kick_dir"": [0.9703684479102276, 0.24162973291411002]}, {""move_vx"": 5.8, ""move_vy"": 0.0, ""kick_power"": 0.0, ""kick_dir"": null}, {""move_vx"": 3.8183766184073566, ""move_vy"": 3.8183766184073566, ""kick_power"": 0.0, ""kick_dir"": null}, {""move_vx"": 0.0, ""move_vy"": -5.4, ""kick_power"": 0.0, ""kick_dir"": null}, {""move_vx"": -4.501638365958888, ""move_vy"": -3.177318369651834, ""kick_power"": 0.0, ""kick_dir"": null}, {""move_vx"": 4.313351365237939, ""move_vy"": -4.313351365237939, ""kick_power"": 0.0, ""kick_dir"": null}, {""move_vx"": 5.4457643518193315, ""move_vy"": 2.5186604821717795, ""kick_power"": 0.0, ""kick_dir"": null}, {""move_vx"": -4.242640687119285, ""move_vy"": 4.242640687119285, ""kick_power"": 0.0, ""kick_dir"": null}, {""move_vx"": 0.0, ""move_vy"": 0.0, ""kick_power"": 0.7, ""kick_dir"": [0.9965422672296043, -0.08308718874099646]}, {""move_vx"": 0.0, ""move_vy"": 6.0, ""kick_power"": 0.0, ""kick_dir"": null}, {""move_vx"": -5.230944038949761, ""move_vy"": 2.264337532563542, ""kick_power"": 0.0, ""kick_dir"": null}, {""move_vx"": -0.0, ""move_vy"": 0.0, ""kick_power"": 0.4, ""kick_dir"": [-0.9058303520755658, -0.42364055030096964]}, {""move_vx"": -0.0, ""move_vy"": 0.0, ""kick_power"": 0.4, ""kick_dir"": [-0.991040061939419, 0.1335648324311109]}, {""move_vx"": -3.9929388395981187, ""move_vy"": 3.2207668998592283, ""kick_power"": 0.0, ""kick_dir"": null}, {""move_vx"": -3.8183766184073566, ""move_vy"": -3.8183766184073566, ""kick_power"": 0.0, ""kick_dir"": null}, {""move_vx"": -7.520575163741513, ""move_vy"": 0.5408781808451055, ""kick_power"": 0.0, ""kick_dir"": null}, {""move_vx"": -0.0, ""move_vy"": 6.0, ""kick_power"": 0.0, ""kick_dir"": null}, {""move_vx"": 6.0, ""move_vy"": 0.0, ""kick_power"": 0.0, ""kick_dir"": null}, {""move_vx"": -7.4983271725959595, ""move_vy"": -0.15839700978577753, ""kick_power"": 0.0, ""kick_dir"": null}, {""move_vx"": -5.430009071215599, ""move_vy"": -3.3874771566043536, ""kick_power"": 0.0, ""kick_dir"": null}, {""move_vx"": -6.0, ""move_vy"": 0.0, ""kick_power"": 0.0, ""kick_dir"": null}, {""move_vx"": -6.369002409577387, ""move_vy"": 2.1434104382496235, ""kick_power"": 0.0, ""kick_dir"": null}]"
362,150,default,default,0,8.428330444124645,49.08368055467036,20,B,,0.2507953241394428,-0.06267700717095126,0.4953154873316081,"[{""move_vx"": 0.0, ""move_vy"": 0.0, ""kick_power"": 0.4, ""kick_dir"": [0.9750654896957309, 0.2219169691209919]}, {""move_vx"": 5.8, ""move_vy"": 0.0, ""kick_power"": 0.0, ""kick_dir"": null}, {""move_vx"": 3.8183766184073566, ""move_vy"": 3.8183766184073566, ""kick_power"": 0.0, ""kick_dir"": null}, {""move_vx"": -3.8183766184073566, ""move_vy"": -3.8183766184073566, ""kick_power"": 0.0, ""kick_dir"": null}, {""move_vx"": 0.0, ""move_vy"": 5.8, ""kick_power"": 0.0, ""kick_dir"": null}, {""move_vx"": 4.313351365237939, ""move_vy"": -4.313351365237939, ""kick_power"": 0.0, ""kick_dir"": null}, {""move_vx"": 5.4457643518193315, ""move_vy"": 2.5186604821717795, ""kick_power"": 0.0, ""kick_dir"": null}, {""move_vx"": -4.242640687119285, ""move_vy"": 4.242640687119285, ""kick_power"": 0.0, ""kick_dir"": null}, {""move_vx"": 0.0, ""move_vy"": 0.0, ""kick_power"": 0.7, ""kick_dir"": [0.9965422672296043, -0.08308718874099646]}, {""move_vx"": 4.242640687119285, ""move_vy"": -4.242640687119285, ""kick_power"": 0.0, ""kick_dir"": null}, {""move_vx"": -5.2444229444808395, ""move_vy"": 2.2329415530646815, ""kick_power"": 0.0, ""kick_dir"": null}, {""move_vx"": -0.0, ""move_vy"": 0.0, ""kick_power"": 0.4, ""kick_dir"": [-0.9015534099463554, -0.4326677609218988]}, {""move_vx"": -0.0, ""move_vy"": 0.0, ""kick_power"": 0.4, ""kick_dir"": [-0.9910337010871237, 0.1336120214869656]}, {""move_vx"": 5.4, ""move_vy"": 0.0, ""kick_power"": 0.0, ""kick_dir"": null}, {""move_vx"": -3.8183766184073566, ""move_vy"": -3.8183766184073566, ""kick_power"": 0.0, ""kick_dir"": null}, {""move_vx"": -7.521012799618394, ""move_vy"": 0.5347583267012219, ""kick_power"": 0.0, ""kick_dir"": null}, {""move_vx"": -0.0, ""move_vy"": 6.0, ""kick_power"": 0.0, ""kick_dir"": null}, {""move_vx"": 6.0, ""move_vy"": 0.0, ""kick_power"": 0.0, ""kick_dir"": null}, {""move_vx"": -7.4983271725959595, ""move_vy"": -0.1583970097857768, ""kick_power"": 0.0, ""kick_dir"": null}, {""move_vx"": -5.430009071215597, ""move_vy"": -3.3874771566043558, ""kick_power"": 0.0, ""kick_dir"": null}, {""move_vx"": -6.0, ""move_vy"": 0.0, ""kick_power"": 0.0, ""kick_dir"": null}, {""move_vx"": -6.368595419967183, ""move_vy"": 2.1446194013794204, ""kick_power"": 0.0, ""kick_dir"": null}]"
362,151,default,default,0,8.028330444124647,49.08368055467036,20,B,,0.24913224173630302,-0.055970185136446235,0.5036444378064706,"[{""move_vx"": 0.0, ""move_vy"": 0.0, ""kick_power"": 0.4, ""kick_dir"": [0.9709604724448877, 0.2392396579184355]}, {""move_vx"": 5.8, ""move_vy"": 0.0, ""kick_power"": 0.0, ""kick_dir"": null}, {""move_vx"": 3.8183766184073566, ""move_vy"": 3.8183766184073566, ""kick_power"": 0.0, ""kick_dir"": null}, {""move_vx"": 0.0, ""move_vy"": -5.4, ""kick_power"": 0.0, ""kick_dir"": null}, {""move_vx"": -4.543149169109862, ""move_vy"": -3.117674714786065, ""kick_power"": 0.0, ""kick_dir"": null}, {""move_vx"": 4.313351365237939, ""move_vy"": -4.313351365237939, ""kick_power"": 0.0, ""kick_dir"": null}, {""move_vx"": 5.4457643518193315, ""move_vy"": 2.518660482171779, ""kick_power"": 0.0, ""kick_dir"": null}, {""move_vx"": -4.242640687119285, ""move_vy"": 4.242640687119285, ""kick_power"": 0.0, ""kick_dir"": null}, {""move_vx"": 0.0, ""move_vy"": 0.0, ""kick_power"": 0.7, ""kick_dir"": [0.9965422672296043, -0.08308718874099646]}, {""move_vx"": 0.0, ""move_vy"": 6.0, ""kick_power"": 0.0, ""kick_dir"": null}, {""move_vx"": -5.257536076941891, ""move_vy"": 2.201888825452924, ""kick_power"": 0.0, ""kick_dir"": null}, {""move_vx"": -0.0, ""move_vy"": 0.0, ""kick_power"": 0.4, ""kick_dir"": [-0.8971445556195545, -0.44173701268839594]}, {""move_vx"": -0.0, ""move_vy"": 0.0, ""kick_power"": 0.4, ""kick_dir"": [-0.9910273969442572, 0.13365877309724297]}, {""move_vx"": -4.050612421502092, ""move_vy"": 3.147926144427941, ""kick_power"": 0.0, ""kick_dir"": null}, {""move_vx"": -3.8183766184073566, ""move_vy"": -3.8183766184073566, ""kick_power"": 0.0, ""kick_dir"": null}, {""move_vx"": -7.521441842078445, ""move_vy"": 0.5286895272573722, ""kick_power"": 0.0, ""kick_dir"": null}, {""move_vx"": -0.0, ""move_vy"": 6.0, ""kick_power"": 0.0, ""kick_dir"": null}, {""move_vx"": 6.0, ""move_vy"": 0.0, ""kick_power"": 0.0, ""kick_dir"": null}, {""move_vx"": -7.4983271725959595, ""move_vy"": -0.1583970097857761, ""kick_power"": 0.0, ""kick_dir"": null}, {""move_vx"": -5.4300090712156, ""move_vy"": -3.3874771566043544, ""kick_power"": 0.0, ""kick_dir"": null}, {""move_vx"": -6.0, ""move_vy"": 0.0, ""kick_power"": 0.0, ""kick_dir"": null}, {""move_vx"": -6.3681881911520275, ""move_vy"": 2.145828316075608, ""kick_power"": 0.0, ""kick_dir"": null}]"
362,152,default,default,0,7.628330444124648,49.08368055467036,20,B,,0.2473078996019525,-0.06282176713571676,0.4991080093416425,"[{""move_vx"": 0.0, ""move_vy"": 0.0, ""kick_power"": 0.4, ""kick_dir"": [0.9755295876236622, 0.2198678568909787]}, {""move_vx"": 5.8, ""move_vy"": 0.0, ""kick_power"": 0.0, ""kick_dir"": null}, {""move_vx"": 3.8183766184073566, ""move_vy"": 3.8183766184073566, ""kick_power"": 0.0, ""kick_dir"": null}, {""move_vx"": 0.0, ""move_vy"": -5.4, ""kick_power"": 0.0, ""kick_dir"": null}, {""move_vx"": -4.606385747125161, ""move_vy"": -3.023459996209999, ""kick_power"": 0.0, ""kick_dir"": null}, {""move_vx"": 4.313351365237939, ""move_vy"": -4.313351365237939, ""kick_power"": 0.0, ""kick_dir"": null}, {""move_vx"": 5.4457643518193315, ""move_vy"": 2.518660482171779, ""kick_power"": 0.0, ""kick_dir"": null}, {""move_vx"": -4.242640687119285, ""move_vy"": 4.242640687119285, ""kick_power"": 0.0, ""kick_dir"": null}, {""move_vx"": 0.0, ""move_vy"": 0.0, ""kick_power"": 0.7, ""kick_dir"": [0.9965422672296043, -0.08308718874099646]}, {""move_vx"": 4.242640687119285, ""move_vy"": -4.242640687119285, ""kick_power"": 0.0, ""kick_dir"": null}, {""move_vx"": -5.270291869801289, ""move_vy"": 2.1711802336762447, ""kick_power"": 0.0, ""kick_dir"": null}, {""move_vx"": -0.0, ""move_vy"": 0.0, ""kick_power"": 0.4, ""kick_dir"": [-0.8926019573371835, -0.4508455251496948]}, {""move_vx"": -0.0, ""move_vy"": 0.0, ""kick_power"": 0.4, ""kick_dir"": [-0.9910211487580864, 0.1337050933081558]}, {""move_vx"": -0.0, ""move_vy"": 0.0, ""kick_power"": 0.9, ""kick_dir"": [-0.717941685190422, 0.6961031169850675]}, {""move_vx"": -5.1906647238167185, ""move_vy"": 1.4889592757777885, ""kick_power"": 0.0, ""kick_dir"": null}, {""move_vx"": -7.521862434268565, ""move_vy"": 0.5226715220283026, ""kick_power"": 0.0, ""kick_dir"": null}, {""move_vx"": 4.242640687119285, ""move_vy"": 4.242640687119285, ""kick_power"": 0.0, ""kick_dir"": null}, {""move_vx"": 6.0, ""move_vy"": 0.0, ""kick_power"": 0.0, ""kick_dir"": null}, {""move_vx"": -7.49832717259596, ""move_vy"": -0.15839700978577534, ""kick_power"": 0.0, ""kick_dir"": null}, {""move_vx"": -5.430009071215597, ""move_vy"": -3.3874771566043558, ""kick_power"": 0.0, ""kick_dir"": null}, {""move_vx"": -6.0, ""move_vy"": 0.0, ""kick_power"": 0.0, ""kick_dir"": null}, {""move_vx"": -6.3677807241695215, ""move_vy"": 2.14703717920652, ""kick_power"": 0.0, ""kick_dir"": null}]"
362,153,default,default,0,7.228330444124649,49.08368055467036,20,B,,0.24533012269348542,-0.05684972449356143,0.5116115870682338,"[{""move_vx"": 0.0, ""move_vy"": 0.0, ""kick_power"": 0.4, ""kick_dir"": [0.9797227448619195, 0.20035765980104273]}, {""move_vx"": 5.8, ""move_vy"": 0.0, ""kick_power"": 0.0, ""kick_dir"": null}, {""move_vx"": 3.8183766184073566, ""move_vy"": 3.8183766184073566, ""kick_power"": 0.0, ""kick_dir"": null}, {""move_vx"": 0.0, ""move_vy"": -5.4, ""kick_power"": 0.0, ""kick_dir"": null}, {""move_vx"": -4.588476636957604, ""move_vy"": 3.050570791195351, ""kick_power"": 0.0, ""kick_dir"": null}, {""move_vx"": 4.313351365237939, ""move_vy"": -4.313351365237939, ""kick_power"": 0.0, ""kick_dir"": null}, {""move_vx"": 5.4457643518193315, ""move_vy"": 2.518660482171779, ""kick_power"": 0.0, ""kick_dir"": null}, {""move_vx"": -4.242640687119285, ""move_vy"": 4.242640687119285, ""kick_power"": 0.0, ""kick_dir"": null}, {""move_vx"": 0.0, ""move_vy"": 0.0, ""kick_power"": 0.7, ""kick_dir"": [0.9965422672296043, -0.08308718874099646]}, {""move_vx"": 0.0, ""move_vy"": 6.0, ""kick_power"": 0.0, ""kick_dir"": null}, {""move_vx"": -5.282698655284823, ""move_vy"": 2.1408164137664683, ""kick_power"": 0.0, ""kick_dir"": null}, {""move_vx"": -0.0, ""move_vy"": 0.0, ""kick_power"": 0.4, ""kick_dir"": [-0.8879238592141087, -0.45999039312207407]}, {""move_vx"": -5.8, ""move_vy"": 0.0, ""kick_power"": 0.0, ""kick_dir"": null}, {""move_vx"": -4.102480245910616, ""move_vy"": 3.0800252972846125, ""kick_power"": 0.0, ""kick_dir"": null}, {""move_vx"": -3.8183766184073566, ""move_vy"": -3.8183766184073566, ""kick_power"": 0.0, ""kick_dir"": null}, {""move_vx"": -7.522274717406322, ""move_vy"": 0.5167040505643733, ""kick_power"": 0.0, ""kick_dir"": null}, {""move_vx"": 4.242640687119285, ""move_vy"": 4.242640687119285, ""kick_power"": 0.0, ""kick_dir"": null}, {""move_vx"": 6.0, ""move_vy"": 0.0, ""kick_power"": 0.0, ""kick_dir"": null}, {""move_vx"": -7.4983271725959595, ""move_vy"": -0.15839700978577453, ""kick_power"": 0.0, ""kick_dir"": null}, {""move_vx"": -5.4300090712156, ""move_vy"": -3.3874771566043536, ""kick_power"": 0.0, ""kick_dir"": null}, {""move_vx"": -6.0, ""move_vy"": 0.0, ""kick_power"": 0.0, ""kick_dir"": null}, {""move_vx"": -6.3673730200613825, ""move_vy"": 2.1482459876360505, ""kick_power"": 0.0, ""kick_dir"": null}]"
362,154,default,default,0,6.828330444124648,49.08368055467036,20,B,,0.23841298685678808,-0.07546430926614911,0.5097833036860957,"[{""move_vx"": 5.224835521677602, ""move_vy"": -0.5134138403042328, ""kick_power"": 0.0, ""kick_dir"": null}, {""move_vx"": 5.8, ""move_vy"": 0.0, ""kick_power"": 0.0, ""kick_dir"": null}, {""move_vx"": 3.8183766184073566, ""move_vy"": 3.8183766184073566, ""kick_power"": 0.0, ""kick_dir"": null}, {""move_vx"": 0.0, ""move_vy"": -5.4, ""kick_power"": 0.0, ""kick_dir"": null}, {""move_vx"": -4.6336153047009425, ""move_vy"": -2.981561538529967, ""kick_power"": 0.0, ""kick_dir"": null}, {""move_vx"": 4.313351365237939, ""move_vy"": -4.313351365237939, ""kick_power"": 0.0, ""kick_dir"": null}, {""move_vx"": 5.4457643518193315, ""move_vy"": 2.5186604821717786, ""kick_power"": 0.0, ""kick_dir"": null}, {""move_vx"": -4.242640687119285, ""move_vy"": 4.242640687119285, ""kick_power"": 0.0, ""kick_dir"": null}, {""move_vx"": 0.0, ""move_vy"": 0.0, ""kick_power"": 0.7, ""kick_dir"": [0.9965422672296043, -0.08308718874099646]}, {""move_vx"": 4.242640687119285, ""move_vy"": -4.242640687119285, ""kick_power"": 0.0, ""kick_dir"": null}, {""move_vx"": 5.088460118955563, ""move_vy"": -0.34289009580146107, ""kick_power"": 0.0, ""kick_dir"": null}, {""move_vx"": -0.0, ""move_vy"": 0.0, ""kick_power"": 0.4, ""kick_dir"": [-0.8879208078873957, -0.4599962838759961]}, {""move_vx"": -0.0, ""move_vy"": 0.0, ""kick_power"": 0.4, ""kick_dir"": [-0.9909081963976069, 0.13453964298686744]}, {""move_vx"": -4.120592744222859, ""move_vy"": 3.0557512065379155, ""kick_power"": 0.0, ""kick_dir"": null}, {""move_vx"": -3.8183766184073566, ""move_vy"": -3.8183766184073566, ""kick_power"": 0.0, ""kick_dir"": null}, {""move_vx"": -7.522678830798649, ""move_vy"": 0.5107868524677183, ""kick_power"": 0.0, ""kick_dir"": null}, {""move_vx"": -0.0, ""move_vy"": 6.0, ""kick_power"": 0.0, ""kick_dir"": null}, {""move_vx"": 6.0, ""move_vy"": 0.0, ""kick_power"": 0.0, ""kick_dir"": null}, {""move_vx"": -7.49832717259596, ""move_vy"": -0.15839700978577373, ""kick_power"": 0.0, ""kick_dir"": null}, {""move_vx"": -5.430009071215597, ""move_vy"": -3.3874771566043558, ""kick_power"": 0.0, ""kick_dir"": null}, {""move_vx"": -6.0, ""move_vy"": 0.0, ""kick_power"": 0.0, ""kick_dir"": null}, {""move_vx"": -6.366965079873436, ""move_vy"": 2.149454738223689, ""kick_power"": 0.0, ""kick_dir"": null}]"
362,155,default,default,0,6.428330444124648,49.08368055467036,20,B,,0.23602458301334306,-0.05069164931535562,0.514131220791708,"[{""move_vx"": 0.0, ""move_vy"": 0.0, ""kick_power"": 0.4, ""kick_dir"": [0.9780885522141385, 0.20818891207496107]}, {""move_vx"": -3.3673499881287845, ""move_vy"": 4.36131334089275, ""kick_power"": 0.0, ""kick_dir"": null}, {""move_vx"": 3.8183766184073566, ""move_vy"": 3.8183766184073566, ""kick_power"": 0.0, ""kick_dir"": null}, {""move_vx"": -4.194305493891987, ""move_vy"": 5.629227426912817, ""kick_power"": 0.0, ""kick_dir"": null}, {""move_vx"": -4.616993200115289, ""move_vy"": 3.00723690288763, ""kick_power"": 0.0, ""kick_dir"": null}, {""move_vx"": 4.313351365237939, ""move_vy"": -4.313351365237939, ""kick_power"": 0.0, ""kick_dir"": null}, {""move_vx"": 5.4457643518193315, ""move_vy"": 2.5186604821717786, ""kick_power"": 0.0, ""kick_dir"": null}, {""move_vx"": -4.242640687119285, ""move_vy"": 4.242640687119285, ""kick_power"": 0.0, ""kick_dir"": null}, {""move_vx"": 0.0, ""move_vy"": 0.0, ""kick_power"": 0.7, ""kick_dir"": [0.9965422672296043, -0.08308718874099646]}, {""move_vx"": 0.0, ""move_vy"": 6.0, ""kick_power"": 0.0, ""kick_dir"": null}, {""move_vx"": 5.088460118955563, ""move_vy"": -0.3428900958014578, ""kick_power"": 0.0, ""kick_dir"": null}, {""move_vx"": -0.0, ""move_vy"": 0.0, ""kick_power"": 0.4, ""kick_dir"": [-0.8834772165692408, -0.4684740652196614]}, {""move_vx"": -5.8, ""move_vy"": 0.0, ""kick_power"": 0.0, ""kick_dir"": null}, {""move_vx"": -4.138429301151605, ""move_vy"": 3.031551239773102, ""kick_power"": 0.0, ""kick_dir"": null}, {""move_vx"": -3.8183766184073566, ""move_vy"": -3.8183766184073566, ""kick_power"": 0.0, ""kick_dir"": null}, {""move_vx"": -7.523074911860475, ""move_vy"": 0.5049196674081, ""kick_power"": 0.0, ""kick_dir"": null}, {""move_vx"": -0.0, ""move_vy"": 6.0, ""kick_power"": 0.0, ""kick_dir"": null}, {""move_vx"": 6.0, ""move_vy"": 0.0, ""kick_power"": 0.0, ""kick_dir"": null}, {""move_vx"": -0.0, ""move_vy"": 0.0, ""kick_power"": 0.0, ""kick_dir"": null}, {""move_vx"": -5.430009071215599, ""move_vy"": -3.3874771566043536, ""kick_power"": 0.0, ""kick_dir"": null}, {""move_vx"": -6.0, ""move_vy"": 0.0, ""kick_power"": 0.0, ""kick_dir"": null}, {""move_vx"": -6.366556904655605, ""move_vy"": 2.1506634278245507, ""kick_power"": 0.0, ""kick_dir"": null}]"
362,156,default,default,0,6.028330444124648,49.08368055467036,20,B,,0.23353645010699595,-0.05746723791852721,0.5217625214389827,"[{""move_vx"": 0.0, ""move_vy"": 0.0, ""kick_power"": 0.4, ""kick_dir"": [0.9758187881278367, 0.2185807183573595]}, {""move_vx"": 5.8, ""move_vy"": 0.0, ""kick_power"": 0.0, ""kick_dir"": null}, {""move_vx"": 3.8183766184073566, ""move_vy"": 3.8183766184073566, ""kick_power"": 0.0, ""kick_dir"": null}, {""move_vx"": 0.0, ""move_vy"": 0.0, ""kick_power"": 0.4, ""kick_dir"": [0.9928809393310627, 0.11911093453036271]}, {""move_vx"": -4.659222565865193, ""move_vy"": -2.941384891803955, ""kick_power"": 0.0, ""kick_dir"": null}, {""move_vx"": 4.313351365237939, ""move_vy"": -4.313351365237939, ""kick_power"": 0.0, ""kick_dir"": null}, {""move_vx"": 5.4457643518193315, ""move_vy"": 2.5186604821717786, ""kick_power"": 0.0, ""kick_dir"": null}, {""move_vx"": -4.242640687119285, ""move_vy"": 4.242640687119285, ""kick_power"": 0.0, ""kick_dir"": null}, {""move_vx"": 0.0, ""move_vy"": 0.0, ""kick_power"": 0.7, ""kick_dir"": [0.9965422672296043, -0.08308718874099646]}, {""move_vx"": 0.0, ""move_vy"": 0.0, ""kick_power"": 0.9, ""kick_dir"": [-0.8757130755628437, 0.4828316812282063]}, {""move_vx"": -5.332153542473183, ""move_vy"": 2.014482216225965, ""kick_power"": 0.0, ""kick_dir"": null}, {""move_vx"": -0.08137284300452075, ""move_vy"": -4.249220923936688, ""kick_power"": 0.0, ""kick_dir"": null}, {""move_vx"": -5.8, ""move_vy"": 0.0, ""kick_power"": 0.0, ""kick_dir"": null}, {""move_vx"": -4.155992177307396, ""move_vy"": 3.0074289720889054, ""kick_power"": 0.0, ""kick_dir"": null}, {""move_vx"": -3.8183766184073566, ""move_vy"": -3.8183766184073566, ""kick_power"": 0.0, ""kick_dir"": null}, {""move_vx"": -7.523463096133308, ""move_vy"": 0.499102235138482, ""kick_power"": 0.0, ""kick_dir"": null}, {""move_vx"": -0.0, ""move_vy"": 6.0, ""kick_power"": 0.0, ""kick_dir"": null}, {""move_vx"": 6.0, ""move_vy"": 0.0, ""kick_power"": 0.0, ""kick_dir"": null}, {""move_vx"": -5.392616136285029, ""move_vy"": 3.25725209443149, ""kick_power"": 0.0, ""kick_dir"": null}, {""move_vx"": -5.430009071215598, ""move_vy"": -3.3874771566043567, ""kick_power"": 0.0, ""kick_dir"": null}, {""move_vx"": -6.0, ""move_vy"": 0.0, ""kick_power"": 0.0, ""kick_dir"": null}, {""move_vx"": -6.366148495461916, ""move_vy"": 2.1518720532894138, ""kick_power"": 0.0, ""kick_dir"": null}]"
362,157,default,default,0,5.628330444124647,49.08368055467036,20,B,,0.23176427629062513,-0.05725509862912537,0.5242415490136451,"[{""move_vx"": -5.0, ""move_vy"": 0.0, ""kick_power"": 0.0, ""kick_dir"": null}, {""move_vx"": 5.8, ""move_vy"": 0.0, ""kick_power"": 0.0, ""kick_dir"": null}, {""move_vx"": 3.8183766184073566, ""move_vy"": 3.8183766184073566, ""kick_power"": 0.0, ""kick_dir"": null}, {""move_vx"": 0.0, ""move_vy"": 0.0, ""kick_power"": 0.4, ""kick_dir"": [0.9929321094790673, 0.11868361456731293]}, {""move_vx"": -4.643807532504864, ""move_vy"": 2.965662084771473, ""kick_power"": 0.0, ""kick_dir"": null}, {""move_vx"": 4.313351365237939, ""move_vy"": -4.313351365237939, ""kick_power"": 0.0, ""kick_dir"": null}, {""move_vx"": 5.4457643518193315, ""move_vy"": 2.5186604821717786, ""kick_power"": 0.0, ""kick_dir"": null}, {""move_vx"": -4.242640687119285, ""move_vy"": 4.242640687119285, ""kick_power"": 0.0, ""kick_dir"": null}, {""move_vx"": 0.0, ""move_vy"": 0.0, ""kick_power"": 0.7, ""kick_dir"": [0.9965422672296043, -0.08308718874099646]}, {""move_vx"": 0.0, ""move_vy"": 0.0, ""kick_power"": 0.9, ""kick_dir"": [-0.8673686241599577, 0.4976660401288451]}, {""move_vx"": -5.34230755848107, ""move_vy"": 1.9873977836849936, ""kick_power"": 0.0, ""kick_dir"": null}, {""move_vx"": -0.0, ""move_vy"": 0.0, ""kick_power"": 0.4, ""kick_dir"": [-0.8892101505685305, -0.4574989083826875]}, {""move_vx"": -5.8, ""move_vy"": 0.0, ""kick_power"": 0.0, ""kick_dir"": null}, {""move_vx"": -4.1732836933521265, ""move_vy"": 2.9833878753526557, ""kick_power"": 0.0, ""kick_dir"": null}, {""move_vx"": -3.8183766184073566, ""move_vy"": -3.8183766184073566, ""kick_power"": 0.0, ""kick_dir"": null}, {""move_vx"": -7.523843517303729, ""move_vy"": 0.49333429551031527, ""kick_power"": 0.0, ""kick_dir"": null}, {""move_vx"": -0.0, ""move_vy"": 6.0, ""kick_power"": 0.0, ""kick_dir"": null}, {""move_vx"": 6.0, ""move_vy"": 0.0, ""kick_power"": 0.0, ""kick_dir"": null}, {""move_vx"": -5.4239628976729755, ""move_vy"": 3.2047818154543672, ""kick_power"": 0.0, ""kick_dir"": null}, {""move_vx"": -5.392891894406964, ""move_vy"": -3.4462613097731984, ""kick_power"": 0.0, ""kick_dir"": null}, {""move_vx"": -6.0, ""move_vy"": 0.0, ""kick_power"": 0.0, ""kick_dir"": null}, {""move_vx"": -6.3657398533504805, ""move_vy"": 2.153080611464744, ""kick_power"": 0.0, ""kick_dir"": null}]"
362,158,default,default,0,5.228330444124647,49.08368055467036,20,B,,0.22917134225389427,-0.06384570363376049,0.5308247594462755,"[{""move_vx"": 0.0, ""move_vy"": 0.0, ""kick_power"": 0.4, ""kick_dir"": [0.9769949903335527, 0.21326186921297335]}, {""move_vx"": 5.8, ""move_vy"": 0.0, ""kick_power"": 0.0, ""kick_dir"": null}, {""move_vx"": 3.8183766184073566, ""move_vy"": 3.8183766184073566, ""kick_power"": 0.0, ""kick_dir"": null}, {""move_vx"": 0.0, ""move_vy"": 0.0, ""kick_power"": 0.4, ""kick_dir"": [0.9929837237436971, 0.11825099896156781]}, {""move_vx"": 0.0, ""move_vy"": 0.0, ""kick_power"": 0.6, ""kick_dir"": [0.9892572635346332, -0.1461849560748911]}, {""move_vx"": 4.313351365237939, ""move_vy"": -4.313351365237939, ""kick_power"": 0.0, ""kick_dir"": null}, {""move_vx"": 5.4457643518193315, ""move_vy"": 2.518660482171778, ""kick_power"": 0.0, ""kick_dir"": null}, {""move_vx"": -4.242640687119285, ""move_vy"": 4.242640687119285, ""kick_power"": 0.0, ""kick_dir"": null}, {""move_vx"": 0.0, ""move_vy"": 0.0, ""kick_power"": 0.7, ""kick_dir"": [0.9965422672296043, -0.08308718874099646]}, {""move_vx"": 0.0, ""move_vy"": 0.0, ""kick_power"": 0.9, ""kick_dir"": [-0.8582224610589226, 0.5132777214034536]}, {""move_vx"": -5.3521919187484865, ""move_vy"": 1.9606227747538245, ""kick_power"": 0.0, ""kick_dir"": null}, {""move_vx"": -0.0, ""move_vy"": 0.0, ""kick_power"": 0.4, ""kick_dir"": [-0.8891913328318074, -0.4575354820750742]}, {""move_vx"": -5.8, ""move_vy"": 0.0, ""kick_power"": 0.0, ""kick_dir"": null}, {""move_vx"": -4.174502935670995, ""move_vy"": 2.98168161279407, ""kick_power"": 0.0, ""kick_dir"": null}, {""move_vx"": -3.8183766184073566, ""move_vy"": -3.8183766184073566, ""kick_power"": 0.0, ""kick_dir"": null}, {""move_vx"": -7.524216307221835, ""move_vy"": 0.48761558848853925, ""kick_power"": 0.0, ""kick_dir"": null}, {""move_vx"": -0.0, ""move_vy"": 6.0, ""kick_power"": 0.0, ""kick_dir"": null}, {""move_vx"": -0.0, ""move_vy"": 6.0, ""kick_power"": 0.0, ""kick_dir"": null}, {""move_vx"": -5.454412207919548, ""move_vy"": 3.1526794106122202, ""kick_power"": 0.0, ""kick_dir"": null}, {""move_vx"": -5.350329343335318, ""move_vy"": -3.5119760702267144, ""kick_power"": 0.0, ""kick_dir"": null}, {""move_vx"": -6.0, ""move_vy"": 0.0, ""kick_power"": 0.0, ""kick_dir"": null}, {""move_vx"": -6.365330979383505, ""move_vy"": 2.154289099192735, ""kick_power"": 0.0, ""kick_dir"": null}]"
362,159,default,default,0,4.828330444124647,49.08368055467036,20,B,,0.2214427008390032,-0.07085384039536768,0.529605694964215,"[{""move_vx"": 4.985328496770246, ""move_vy"": -0.3827528958617037, ""kick_power"": 0.0, ""kick_dir"": null}, {""move_vx"": 5.8, ""move_vy"": 0.0, ""kick_power"": 0.0, ""kick_dir"": null}, {""move_vx"": 3.8183766184073566, ""move_vy"": 3.8183766184073566, ""kick_power"": 0.0, ""kick_dir"": null}, {""move_vx"": -2.0108378460226555, ""move_vy"": 4.719473610160668, ""kick_power"": 0.0, ""kick_dir"": null}, {""move_vx"": 0.0, ""move_vy"": 0.0, ""kick_power"": 0.6, ""kick_dir"": [0.9889753774170674, -0.1480799703514464]}, {""move_vx"": 4.313351365237939, ""move_vy"": -4.313351365237939, ""kick_power"": 0.0, ""kick_dir"": null}, {""move_vx"": 5.4457643518193315, ""move_vy"": 2.518660482171778, ""kick_power"": 0.0, ""kick_dir"": null}, {""move_vx"": -4.242640687119285, ""move_vy"": 4.242640687119285, ""kick_power"": 0.0, ""kick_dir"": null}, {""move_vx"": -4.313351365237939, ""move_vy"": 4.313351365237939, ""kick_power"": 0.0, ""kick_dir"": null}, {""move_vx"": 0.0, ""move_vy"": 0.0, ""kick_power"": 0.9, ""kick_dir"": [-0.8481787079206636, 0.5297100011940928]}, {""move_vx"": 5.051754159404941, ""move_vy"": -0.6998427772970743, ""kick_power"": 0.0, ""kick_dir"": null}, {""move_vx"": -0.0, ""move_vy"": 0.0, ""kick_power"": 0.4, ""kick_dir"": [-0.8891727599902364, -0.4575715761613489]}, {""move_vx"": -5.8, ""move_vy"": 0.0, ""kick_power"": 0.0, ""kick_dir"": null}, {""move_vx"": -4.174502935670994, ""move_vy"": 2.9816816127940697, ""kick_power"": 0.0, ""kick_dir"": null}, {""move_vx"": 4.535908658073066, ""move_vy"": 0.7025899555343718, ""kick_power"": 0.0, ""kick_dir"": null}, {""move_vx"": -7.524581595919598, ""move_vy"": 0.48194585416630936, ""kick_power"": 0.0, ""kick_dir"": null}, {""move_vx"": -0.0, ""move_vy"": 6.0, ""kick_power"": 0.0, ""kick_dir"": null}, {""move_vx"": -5.778830013924512, ""move_vy"": -1.6140395503720528, ""kick_power"": 0.0, ""kick_dir"": null}, {""move_vx"": -5.483978556325376, ""move_vy"": 3.1009642361309897, ""kick_power"": 0.0, ""kick_dir"": null}, {""move_vx"": -5.31600356384248, ""move_vy"": -3.5637208236917304, ""kick_power"": 0.0, ""kick_dir"": null}, {""move_vx"": -6.0, ""move_vy"": 0.0, ""kick_power"": 0.0, ""kick_dir"": null}, {""move_vx"": -6.364921874627265, ""move_vy"": 2.1554975133113374, ""kick_power"": 0.0, ""kick_dir"": null}]"
362,160,default,default,0,4.428330444124646,49.08368055467036,20,B,,0.21864275014643017,-0.07276592602319772,0.5323054002083645,"[{""move_vx"": 0.0, ""move_vy"": 0.0, ""kick_power"": 0.4, ""kick_dir"": [0.9759321162769587, 0.21807417518210356]}, {""move_vx"": 5.8, ""move_vy"": 0.0, ""kick_power"": 0.0, ""kick_dir"": null}, {""move_vx"": 3.8183766184073566, ""move_vy"": 3.8183766184073566, ""kick_power"": 0.0, ""kick_dir"": null}, {""move_vx"": 0.0, ""move_vy"": 0.0, ""kick_power"": 0.4, ""kick_dir"": [0.9934373276038392, 0.11437766593042967]}, {""move_vx"": 0.0, ""move_vy"": 0.0, ""kick_power"": 0.6, ""kick_dir"": [0.9886879802448989, -0.14998684073345173]}, {""move_vx"": 4.313351365237939, ""move_vy"": -4.313351365237939, ""kick_power"": 0.0, ""kick_dir"": null}, {""move_vx"": 5.4457643518193315, ""move_vy"": 2.518660482171778, ""kick_power"": 0.0, ""kick_dir"": null}, {""move_vx"": 4.242640687119285, ""move_vy"": -4.242640687119285, ""kick_power"": 0.0, ""kick_dir"": null}, {""move_vx"": -4.313351365237939, ""move_vy"": 4.313351365237939, ""kick_power"": 0.0, ""kick_dir"": null}, {""move_vx"": 0.0, ""move_vy"": 0.0, ""kick_power"": 0.9, ""kick_dir"": [-0.8371286918581622, 0.547005806976808]}, {""move_vx"": 5.063481942559712, ""move_vy"": -0.6092213205163738, ""kick_power"": 0.0, ""kick_dir"": null}, {""move_vx"": -0.0, ""move_vy"": 0.0, ""kick_power"": 0.4, ""kick_dir"": [-0.8891544086585504, -0.45760723622425187]}, {""move_vx"": -5.8, ""move_vy"": 0.0, ""kick_power"": 0.0, ""kick_dir"": null}, {""move_vx"": -4.174502935670995, ""move_vy"": 2.9816816127940697, ""kick_power"": 0.0, ""kick_dir"": null}, {""move_vx"": -3.8183766184073566, ""move_vy"": -3.8183766184073566, ""kick_power"": 0.0, ""kick_dir"": null}, {""move_vx"": -5.657651737452448, ""move_vy"": 1.2770970275203422, ""kick_power"": 0.0, ""kick_dir"": null}, {""move_vx"": -0.0, ""move_vy"": 6.0, ""kick_power"": 0.0, ""kick_dir"": null}, {""move_vx"": -4.242640687119285, ""move_vy"": -4.242640687119285, ""kick_power"": 0.0, ""kick_dir"": null}, {""move_vx"": -5.512676901835803, ""move_vy"": 3.0496546322437923, ""kick_power"": 0.0, ""kick_dir"": null}, {""move_vx"": -5.281451557221555, ""move_vy"": -3.614729512525387, ""kick_power"": 0.0, ""kick_dir"": null}, {""move_vx"": -6.0, ""move_vy"": 0.0, ""kick_power"": 0.0, ""kick_dir"": null}, {""move_vx"": -6.364512540152117, ""move_vy"": 2.156705850654293, ""kick_power"": 0.0, ""kick_dir"": null}]"
362,161,default,default,0,4.028330444124646,49.08368055467036,20,B,,0.2106343518958168,-0.07545009522839899,0.541304792685256,"[{""move_vx"": 4.984313483848462, ""move_vy"": -0.395751304137347, ""kick_power"": 0.0, ""kick_dir"": null}, {""move_vx"": 5.8, ""move_vy"": 0.0, ""kick_power"": 0.0, ""kick_dir"": null}, {""move_vx"": 3.8183766184073566, ""move_vy"": 3.8183766184073566, ""kick_power"": 0.0, ""kick_dir"": null}, {""move_vx"": 0.0, ""move_vy"": 0.0, ""kick_power"": 0.4, ""kick_dir"": [0.9938021256628019, 0.11116343528453453]}, {""move_vx"": 0.0, ""move_vy"": 0.0, ""kick_power"": 0.6, ""kick_dir"": [0.9883949847740875, -0.15190565711765824]}, {""move_vx"": 4.313351365237939, ""move_vy"": -4.313351365237939, ""kick_power"": 0.0, ""kick_dir"": null}, {""move_vx"": 5.4457643518193315, ""move_vy"": 2.5186604821717777, ""kick_power"": 0.0, ""kick_dir"": null}, {""move_vx"": 0.0, ""move_vy"": 0.0, ""kick_power"": 0.4, ""kick_dir"": [0.9957978360278188, -0.0915785726269766]}, {""move_vx"": -4.313351365237939, ""move_vy"": 4.313351365237939, ""kick_power"": 0.0, ""kick_dir"": null}, {""move_vx"": 0.0, ""move_vy"": 0.0, ""kick_power"": 0.9, ""kick_dir"": [-0.8249493211937526, 0.5652065201255609]}, {""move_vx"": 5.08042526811082, ""move_vy"": -0.4464068717449297, ""kick_power"": 0.0, ""kick_dir"": null}, {""move_vx"": -0.0, ""move_vy"": 0.0, ""kick_power"": 0.4, ""kick_dir"": [-0.8891362550220983, -0.4576425086610962]}, {""move_vx"": -5.8, ""move_vy"": 0.0, ""kick_power"": 0.0, ""kick_dir"": null}, {""move_vx"": -4.174502935670994, ""move_vy"": 2.9816816127940697, ""kick_power"": 0.0, ""kick_dir"": null}, {""move_vx"": -6.878698328188918, ""move_vy"": 1.4013954865672311, ""kick_power"": 0.0, ""kick_dir"": null}, {""move_vx"": -7.5286498873950505, ""move_vy"": 0.41355879029045206, ""kick_power"": 0.0, ""kick_dir"": null}, {""move_vx"": -0.0, ""move_vy"": 6.0, ""kick_power"": 0.0, ""kick_dir"": null}, {""move_vx"": -0.0, ""move_vy"": 6.0, ""kick_power"": 0.0, ""kick_dir"": null}, {""move_vx"": -5.5405226212970184, ""move_vy"": 2.998767927482222, ""kick_power"": 0.0, ""kick_dir"": null}, {""move_vx"": -3.7258987890701105, ""move_vy"": 4.392639094394838, ""kick_power"": 0.0, ""kick_dir"": null}, {""move_vx"": -6.0, ""move_vy"": 0.0, ""kick_power"": 0.0, ""kick_dir"": null}, {""move_vx"": -6.364102977032484, ""move_vy"": 2.157914108051169, ""kick_power"": 0.0, ""kick_dir"": null}]"
362,162,default,default,0,3.628330444124645,49.08368055467036,20,B,,0.20251551300389392,-0.0796543528139091,0.5435881474141854,"[{""move_vx"": 4.984165314177032, ""move_vy"": -0.3976130291559448, ""kick_power"": 0.0, ""kick_dir"": null}, {""move_vx"": 5.8, ""move_vy"": 0.0, ""kick_power"": 0.0, ""kick_dir"": null}, {""move_vx"": 3.8183766184073566, ""move_vy"": 3.8183766184073566, ""kick_power"": 0.0, ""kick_dir"": null}, {""move_vx"": 0.0, ""move_vy"": 0.0, ""kick_power"": 0.4, ""kick_dir"": [0.9941657000802955, 0.10786350206758974]}, {""move_vx"": 0.0, ""move_vy"": 0.0, ""kick_power"": 0.6, ""kick_dir"": [0.9880963023456666, -0.15383650996517287]}, {""move_vx"": 4.313351365237939, ""move_vy"": -4.313351365237939, ""kick_power"": 0.0, ""kick_dir"": null}, {""move_vx"": 4.242640687119285, ""move_vy"": -4.242640687119285, ""kick_power"": 0.0, ""kick_dir"": null}, {""move_vx"": 0.0, ""move_vy"": 0.0, ""kick_power"": 0.4, ""kick_dir"": [0.9957114873214669, -0.09251269742218009]}, {""move_vx"": 0.0, ""move_vy"": 0.0, ""kick_power"": 0.7, ""kick_dir"": [0.9955534213933673, -0.09419849701578603]}, {""move_vx"": 0.0, ""move_vy"": 0.0, ""kick_power"": 0.9, ""kick_dir"": [-0.8115013639637461, 0.5843503420054731]}, {""move_vx"": 5.085906791412039, ""move_vy"": -0.37888271149381425, ""kick_power"": 0.0, ""kick_dir"": null}, {""move_vx"": -0.0, ""move_vy"": 0.0, ""kick_power"": 0.4, ""kick_dir"": [-0.8891182746793519, -0.45767744098984664]}, {""move_vx"": -5.8, ""move_vy"": 0.0, ""kick_power"": 0.0, ""kick_dir"": null}, {""move_vx"": -5.866055569131235, ""move_vy"": 0.9343404410943763, ""kick_power"": 0.0, ""kick_dir"": null}, {""move_vx"": -6.881102453652535, ""move_vy"": 1.3895427385787988, ""kick_power"": 0.0, ""kick_dir"": null}, {""move_vx"": -7.529491568406412, ""move_vy"": 0.39794060021157374, ""kick_power"": 0.0, ""kick_dir"": null}, {""move_vx"": -0.0, ""move_vy"": 6.0, ""kick_power"": 0.0, ""kick_dir"": null}, {""move_vx"": -0.0, ""move_vy"": 6.0, ""kick_power"": 0.0, ""kick_dir"": null}, {""move_vx"": -5.567531459152307, ""move_vy"": 2.9483204458385113, ""kick_power"": 0.0, ""kick_dir"": null}, {""move_vx"": -3.7788076248907325, ""move_vy"": 4.347207486889448, ""kick_power"": 0.0, ""kick_dir"": null}, {""move_vx"": -6.0, ""move_vy"": 0.0, ""kick_power"": 0.0, ""kick_dir"": null}, {""move_vx"": -6.360790655832514, ""move_vy"": 2.167658237055318, ""kick_power"": 0.0, ""kick_dir"": null}]"
362,163,default,default,0,3.2283304441246448,49.08368055467036,20,B,,0.19431624510964002,-0.07945182440869536,0.5385843254043894,"[{""move_vx"": 4.984013838751171, ""move_vy"": -0.3995072654368312, ""kick_power"": 0.0, ""kick_dir"": null}, {""move_vx"": 5.8, ""move_vy"": 0.0, ""kick_power"": 0.0, ""kick_dir"": null}, {""move_vx"": 3.8183766184073566, ""move_vy"": 3.8183766184073566, ""kick_power"": 0.0, ""kick_dir"": null}, {""move_vx"": 0.0, ""move_vy"": 0.0, ""kick_power"": 0.6, ""kick_dir"": [0.9945189011957503, 0.10455682396352733]}, {""move_vx"": 0.0, ""move_vy"": 0.0, ""kick_power"": 0.6, ""kick_dir"": [0.98779184286271, -0.15577949029769883]}, {""move_vx"": 0.0, ""move_vy"": -6.1, ""kick_power"": 0.0, ""kick_dir"": null}, {""move_vx"": 5.423824108193773, ""move_vy"": 2.5655666125392314, ""kick_power"": 0.0, ""kick_dir"": null}, {""move_vx"": 0.0, ""move_vy"": 0.0, ""kick_power"": 0.4, ""kick_dir"": [0.9955122070705573, -0.09463303156122664]}, {""move_vx"": 0.0, ""move_vy"": -6.1, ""kick_power"": 0.0, ""kick_dir"": null}, {""move_vx"": 0.0, ""move_vy"": 0.0, ""kick_power"": 0.9, ""kick_dir"": [-0.7966276874396102, 0.6044701036035285]}, {""move_vx"": 5.085906791412039, ""move_vy"": -0.37888271149381153, ""kick_power"": 0.0, ""kick_dir"": null}, {""move_vx"": -0.0, ""move_vy"": 0.0, ""kick_power"": 0.0, ""kick_dir"": null}, {""move_vx"": -5.8, ""move_vy"": 0.0, ""kick_power"": 0.0, ""kick_dir"": null}, {""move_vx"": -4.1608100783576525, ""move_vy"": 3.0007598190853906, ""kick_power"": 0.0, ""kick_dir"": null}, {""move_vx"": -0.0, ""move_vy"": 0.0, ""kick_power"": 0.0, ""kick_dir"": null}, {""move_vx"": -7.52973603060257, ""move_vy"": 0.3932878201081989, ""kick_power"": 0.0, ""kick_dir"": null}, {""move_vx"": -0.0, ""move_vy"": 6.0, ""kick_power"": 0.0, ""kick_dir"": null}, {""move_vx"": -0.0, ""move_vy"": 6.0, ""kick_power"": 0.0, ""kick_dir"": null}, {""move_vx"": -5.593719478713779, ""move_vy"": 2.89832751659609, ""kick_power"": 0.0, ""kick_dir"": null}, {""move_vx"": -4.469348409251553, ""move_vy"": 5.01829899435263, ""kick_power"": 0.0, ""kick_dir"": null}, {""move_vx"": -6.0, ""move_vy"": 0.0, ""kick_power"": 0.0, ""kick_dir"": null}, {""move_vx"": -6.356681707946028, ""move_vy"": 2.1796783395410375, ""kick_power"": 0.0, ""kick_dir"": null}]"
362,164,default,default,0,2.8643537005269124,47.98236749178262,-1,,,0.18907266563603767,-0.03223985179536789,-0.23380157048250777,"[{""move_vx"": 4.983858940206707, ""move_vy"": -0.401435006098973, ""kick_power"": 0.0, ""kick_dir"": null}, {""move_vx"": 5.8, ""move_vy"": 0.0, ""kick_power"": 0.0, ""kick_dir"": null}, {""move_vx"": 3.8183766184073566, ""move_vy"": 3.8183766184073566, ""kick_power"": 0.0, ""kick_dir"": null}, {""move_vx"": 0.0, ""move_vy"": 0.0, ""kick_power"": 0.4, ""kick_dir"": [0.9948616636469627, 0.10124349093795194]}, {""move_vx"": 0.0, ""move_vy"": 0.0, ""kick_power"": 0.6, ""kick_dir"": [0.9874815147669631, -0.1577346896934388]}, {""move_vx"": 0.0, ""move_vy"": 0.0, ""kick_power"": 0.4, ""kick_dir"": [0.8852405665577179, 0.46513326457143694]}, {""move_vx"": 4.242640687119285, ""move_vy"": -4.242640687119285, ""kick_power"": 0.0, ""kick_dir"": null}, {""move_vx"": 0.0, ""move_vy"": 0.0, ""kick_power"": 0.4, ""kick_dir"": [0.9953139707175707, -0.09669573259572925]}, {""move_vx"": 0.0, ""move_vy"": 0.0, ""kick_power"": 0.7, ""kick_dir"": [0.996077204747707, -0.08848826959078698]}, {""move_vx"": 0.0, ""move_vy"": 0.0, ""kick_power"": 0.9, ""kick_dir"": [-0.7801515569945426, 0.6255903763064078]}, {""move_vx"": 5.085906791412039, ""move_vy"": -0.3788827114938081, ""kick_power"": 0.0, ""kick_dir"": null}, {""move_vx"": -0.0, ""move_vy"": 0.0, ""kick_power"": 0.4, ""kick_dir"": [-0.8890827324196574, -0.4577464827745809]}, {""move_vx"": -5.8, ""move_vy"": 0.0, ""kick_power"": 0.0, ""kick_dir"": null}, {""move_vx"": -4.160810078357652, ""move_vy"": 3.0007598190853906, ""kick_power"": 0.0, ""kick_dir"": null}, {""move_vx"": -5.387621621602727, ""move_vy"": 0.36542203332422935, ""kick_power"": 0.0, ""kick_dir"": null}, {""move_vx"": -7.529975528836213, ""move_vy"": 0.3886753595583051, ""kick_power"": 0.0, ""kick_dir"": null}, {""move_vx"": -0.0, ""move_vy"": 6.0, ""kick_power"": 0.0, ""kick_dir"": null}, {""move_vx"": -0.0, ""move_vy"": 6.0, ""kick_power"": 0.0, ""kick_dir"": null}, {""move_vx"": -5.619103015125815, ""move_vy"": 2.8488034866245133, ""kick_power"": 0.0, ""kick_dir"": null}, {""move_vx"": -0.0, ""move_vy"": 0.0, ""kick_power"": 0.65, ""kick_dir"": [0.5430395218589528, 0.8397070265839901]}, {""move_vx"": -0.0, ""move_vy"": 0.0, ""kick_power"": 0.7, ""kick_dir"": [-0.31379990329548735, -0.9494890503613553]}, {""move_vx"": -6.352279862768648, ""move_vy"": 2.192473613310762, ""kick_power"": 0.0, ""kick_dir"": null}]"
362,165,default,default,0,2.5087714312227503,46.90645425005983,-1,,,0.1874850171743561,-0.028224786330447733,-0.0073882097948789905,"[{""move_vx"": 0.0, ""move_vy"": 0.0, ""kick_power"": 0.0, ""kick_dir"": null}, {""move_vx"": 3.8294987223704116, ""move_vy"": 4.356023362582366, ""kick_power"": 0.0, ""kick_dir"": null}, {""move_vx"": 3.8183766184073566, ""move_vy"": 3.8183766184073566, ""kick_power"": 0.0, ""kick_dir"": null}, {""move_vx"": 0.0, ""move_vy"": 0.0, ""kick_power"": 0.6, ""kick_dir"": [0.9951938847235918, 0.09792398092114837]}, {""move_vx"": 0.0, ""move_vy"": -5.8, ""kick_power"": 0.0, ""kick_dir"": null}, {""move_vx"": -3.8246065624498833, ""move_vy"": 3.9385891690382344, ""kick_power"": 0.0, ""kick_dir"": null}, {""move_vx"": 5.631320570355416, ""move_vy"": -2.0708038617628564, ""kick_power"": 0.0, ""kick_dir"": null}, {""move_vx"": 0.0, ""move_vy"": 0.0, ""kick_power"": 0.0, ""kick_dir"": null}, {""move_vx"": 4.313351365237939, ""move_vy"": 4.313351365237939, ""kick_power"": 0.0, ""kick_dir"": null}, {""move_vx"": 6.930053741864054, ""move_vy"": 1.9530374125643406, ""kick_power"": 0.0, ""kick_dir"": null}, {""move_vx"": 7.142731087502588, ""move_vy"": -0.9063071287505626, ""kick_power"": 0.0, ""kick_dir"": null}, {""move_vx"": -0.0, ""move_vy"": 5.0, ""kick_power"": 0.0, ""kick_dir"": null}, {""move_vx"": -0.0, ""move_vy"": 0.0, ""kick_power"": 0.0, ""kick_dir"": null}, {""move_vx"": -0.0, ""move_vy"": 0.0, ""kick_power"": 0.9, ""kick_dir"": [-0.8016381432655, 0.5978094302680428]}, {""move_vx"": -4.893563298001557, ""move_vy"": -2.2832078855093614, ""kick_power"": 0.0, ""kick_dir"": null}, {""move_vx"": -0.0, ""move_vy"": 0.0, ""kick_power"": 0.0, ""kick_dir"": null}, {""move_vx"": -7.499964923435373, ""move_vy"": 0.0229378996211072, ""kick_power"": 0.0, ""kick_dir"": null}, {""move_vx"": -6.127646959408545, ""move_vy"": 1.4635377483519907, ""kick_power"": 0.0, ""kick_dir"": null}, {""move_vx"": -4.131753173852563, ""move_vy"": 4.350702898424492, ""kick_power"": 0.0, ""kick_dir"": null}, {""move_vx"": -4.9801007387040075, ""move_vy"": -4.019775694284421, ""kick_power"": 0.0, ""kick_dir"": null}, {""move_vx"": 4.242640687119285, ""move_vy"": -4.242640687119285, ""kick_power"": 0.0, ""kick_dir"": null}, {""move_vx"": -0.0, ""move_vy"": 0.0, ""kick_power"": 0.65, ""kick_dir"": [0.8701405029625978, 0.4928031872482383]}]"
362,166,default,default,0,2.161390032637466,45.85535502793753,-1,,,0.18508302014260877,-0.029854840312497397,-0.0013969554364860622,"[{""move_vx"": -3.5355339059327373, ""move_vy"": -3.5355339059327373, ""kick_power"": 0.0, ""kick_dir"": null}, {""move_vx"": 3.8781923440709556, ""move_vy"": 4.312728155401107, ""kick_power"": 0.0, ""kick_dir"": null}, {""move_vx"": -5.4, ""move_vy"": 0.0, ""kick_power"": 0.0, ""kick_dir"": null}, {""move_vx"": 0.0, ""move_vy"": 0.0, ""kick_power"": 0.6, ""kick_dir"": [0.9955153948356673, 0.09459953940122728]}, {""move_vx"": 0.0, ""move_vy"": -5.8, ""kick_power"": 0.0, ""kick_dir"": null}, {""move_vx"": -3.936002932199294, ""move_vy"": 3.82726807497444, ""kick_power"": 0.0, ""kick_dir"": null}, {""move_vx"": 5.641572878808842, ""move_vy"": -2.0427078726750234, ""kick_power"": 0.0, ""kick_dir"": null}, {""move_vx"": 6.0, ""move_vy"": 0.0, ""kick_power"": 0.0, ""kick_dir"": null}, {""move_vx"": 0.0, ""move_vy"": 0.0, ""kick_power"": 1.0, ""kick_dir"": [0.995683905374154, -0.0928091168804773]}, {""move_vx"": 6.930053741864054, ""move_vy"": 1.9530374125643406, ""kick_power"": 0.0, ""kick_dir"": null}, {""move_vx"": 7.142731087502587, ""move_vy"": -0.9063071287505623, ""kick_power"": 0.0, ""kick_dir"": null}, {""move_vx"": -0.0, ""move_vy"": 5.0, ""kick_power"": 0.0, ""kick_dir"": null}, {""move_vx"": -0.0, ""move_vy"": 0.0, ""kick_power"": 0.0, ""kick_dir"": null}, {""move_vx"": -5.876483928543829, ""move_vy"": 0.8663351762257526, ""kick_power"": 0.0, ""kick_dir"": null}, {""move_vx"": -4.893563298001557, ""move_vy"": -2.2832078855093605, ""kick_power"": 0.0, ""kick_dir"": null}, {""move_vx"": -0.0, ""move_vy"": 0.0, ""kick_power"": 0.0, ""kick_dir"": null}, {""move_vx"": -0.0, ""move_vy"": -6.0, ""kick_power"": 0.0, ""kick_dir"": null}, {""move_vx"": -6.161234432303431, ""move_vy"": 1.314986794686024, ""kick_power"": 0.0, ""kick_dir"": null}, {""move_vx"": -4.131753173852564, ""move_vy"": 4.35070289842449, ""kick_power"": 0.0, ""kick_dir"": null}, {""move_vx"": -4.154983786948471, ""move_vy"": 3.9891991339359514, ""kick_power"": 0.0, ""kick_dir"": null}, {""move_vx"": 4.242640687119285, ""move_vy"": -4.242640687119285, ""kick_power"": 0.0, ""kick_dir"": null}, {""move_vx"": -5.886910795856134, ""move_vy"": -2.510832786473942, ""kick_power"": 0.0, ""kick_dir"": null}]"
362,167,default,default,0,1.8220203663174481,44.82849753431931,-1,,,0.18201438808697123,-0.02346482143392028,-0.0031086153516354307,"[{""move_vx"": -3.5355339059327373, ""move_vy"": -3.5355339059327373, ""kick_power"": 0.0, ""kick_dir"": null}, {""move_vx"": 3.928802575797429, ""move_vy"": 4.266674386499101, ""kick_power"": 0.0, ""kick_dir"": null}, {""move_vx"": 3.8183766184073566, ""move_vy"": 3.8183766184073566, ""kick_power"": 0.0, ""kick_dir"": null}, {""move_vx"": 0.0, ""move_vy"": 0.0, ""kick_power"": 0.6, ""kick_dir"": [0.9958261477194531, 0.09127024546431578]}, {""move_vx"": 0.0, ""move_vy"": -5.8, ""kick_power"": 0.0, ""kick_dir"": null}, {""move_vx"": -4.04579719707284, ""move_vy"": 3.711014017779716, ""kick_power"": 0.0, ""kick_dir"": null}, {""move_vx"": 0.0, ""move_vy"": 0.0, ""kick_power"": 0.0, ""kick_dir"": null}, {""move_vx"": -4.242640687119285, ""move_vy"": 4.242640687119285, ""kick_power"": 0.0, ""kick_dir"": null}, {""move_vx"": 4.313351365237939, ""move_vy"": 4.313351365237939, ""kick_power"": 0.0, ""kick_dir"": null}, {""move_vx"": 6.930053741864054, ""move_vy"": 1.9530374125643404, ""kick_power"": 0.0, ""kick_dir"": null}, {""move_vx"": -6.0, ""move_vy"": 0.0, ""kick_power"": 0.0, ""kick_dir"": null}, {""move_vx"": -0.0, ""move_vy"": 5.0, ""kick_power"": 0.0, ""kick_dir"": null}, {""move_vx"": -0.0, ""move_vy"": 0.0, ""kick_power"": 0.0, ""kick_dir"": null}, {""move_vx"": -5.876483928543829, ""move_vy"": 0.8663351762257527, ""kick_power"": 0.0, ""kick_dir"": null}, {""move_vx"": -4.893563298001557, ""move_vy"": -2.28320788550936, ""kick_power"": 0.0, ""kick_dir"": null}, {""move_vx"": -0.0, ""move_vy"": 0.0, ""kick_power"": 0.0, ""kick_dir"": null}, {""move_vx"": -0.0, ""move_vy"": -6.0, ""kick_power"": 0.0, ""kick_dir"": null}, {""move_vx"": -6.191361275188886, ""move_vy"": 1.1649229846180682, ""kick_power"": 0.0, ""kick_dir"": null}, {""move_vx"": -4.131753173852565, ""move_vy"": 4.3507028984244895, ""kick_power"": 0.0, ""kick_dir"": null}, {""move_vx"": -4.324595537090408, ""move_vy"": 3.804664694894642, ""kick_power"": 0.0, ""kick_dir"": null}, {""move_vx"": 4.242640687119285, ""move_vy"": -4.242640687119285, ""kick_power"": 0.0, ""kick_dir"": null}, {""move_vx"": -5.8762897957369535, ""move_vy"": -2.5355903132244695, ""kick_power"": 0.0, ""kick_dir"": null}]"
362,168,default,default,0,1.4904776559501147,43.82532267698201,-1,,,0.1783901754818187,-0.03495127417545842,-0.004898015506807445,"[{""move_vx"": -3.5355339059327373, ""move_vy"": -3.5355339059327373, ""kick_power"": 0.0, ""kick_dir"": null}, {""move_vx"": 3.9814636873782456, ""move_vy"": 4.21757595143092, ""kick_power"": 0.0, ""kick_dir"": null}, {""move_vx"": 3.8183766184073566, ""move_vy"": 3.8183766184073566, ""kick_power"": 0.0, ""kick_dir"": null}, {""move_vx"": 5.058572526599712, ""move_vy"": 1.8896676938368302, ""kick_power"": 0.0, ""kick_dir"": null}, {""move_vx"": 0.0, ""move_vy"": -5.8, ""kick_power"": 0.0, ""kick_dir"": null}, {""move_vx"": -4.153616854875744, ""move_vy"": 3.589925768437578, ""kick_power"": 0.0, ""kick_dir"": null}, {""move_vx"": -6.180586199183646, ""move_vy"": 1.2208006530390871, ""kick_power"": 0.0, ""kick_dir"": null}, {""move_vx"": -6.0, ""move_vy"": 0.0, ""kick_power"": 0.0, ""kick_dir"": null}, {""move_vx"": 4.313351365237939, ""move_vy"": 4.313351365237939, ""kick_power"": 0.0, ""kick_dir"": null}, {""move_vx"": 6.930053741864055, ""move_vy"": 1.9530374125643404, ""kick_power"": 0.0, ""kick_dir"": null}, {""move_vx"": 7.143481538651004, ""move_vy"": -0.9003729821314407, ""kick_power"": 0.0, ""kick_dir"": null}, {""move_vx"": -0.0, ""move_vy"": 5.0, ""kick_power"": 0.0, ""kick_dir"": null}, {""move_vx"": -0.0, ""move_vy"": 0.0, ""kick_power"": 0.0, ""kick_dir"": null}, {""move_vx"": -5.876483928543829, ""move_vy"": 0.866335176225753, ""kick_power"": 0.0, ""kick_dir"": null}, {""move_vx"": -4.893563298001558, ""move_vy"": -2.2832078855093596, ""kick_power"": 0.0, ""kick_dir"": null}, {""move_vx"": -0.0, ""move_vy"": 0.0, ""kick_power"": 0.0, ""kick_dir"": null}, {""move_vx"": -0.0, ""move_vy"": -6.0, ""kick_power"": 0.0, ""kick_dir"": null}, {""move_vx"": -6.215513419695121, ""move_vy"": 1.0282961293274784, ""kick_power"": 0.0, ""kick_dir"": null}, {""move_vx"": -4.131753173852566, ""move_vy"": 4.350702898424489, ""kick_power"": 0.0, ""kick_dir"": null}, {""move_vx"": -4.4909866210322935, ""move_vy"": 3.6067491137739194, ""kick_power"": 0.0, ""kick_dir"": null}, {""move_vx"": 4.242640687119285, ""move_vy"": -4.242640687119285, ""kick_power"": 0.0, ""kick_dir"": null}, {""move_vx"": -6.4, ""move_vy"": 0.0, ""kick_power"": 0.0, ""kick_dir"": null}]"
362,169,default,default,0,1.1665813867589105,42.845284258167226,-1,,,0.1743172768314867,-0.0464967273695402,-0.014593211980005934,"[{""move_vx"": -3.5355339059327373, ""move_vy"": -3.5355339059327373, ""kick_power"": 0.0, ""kick_dir"": null}, {""move_vx"": 4.036322954335497, ""move_vy"": 4.165104681554158, ""kick_power"": 0.0, ""kick_dir"": null}, {""move_vx"": 3.8183766184073566, ""move_vy"": 3.8183766184073566, ""kick_power"": 0.0, ""kick_dir"": null}, {""move_vx"": 5.084688672062995, ""move_vy"": 1.818224713338331, ""kick_power"": 0.0, ""kick_dir"": null}, {""move_vx"": 0.0, ""move_vy"": -5.8, ""kick_power"": 0.0, ""kick_dir"": null}, {""move_vx"": -4.259086862074988, ""move_vy"": 3.4641418997062208, ""kick_power"": 0.0, ""kick_dir"": null}, {""move_vx"": -6.203820237162094, ""move_vy"": 1.0966378002686532, ""kick_power"": 0.0, ""kick_dir"": null}, {""move_vx"": 6.0, ""move_vy"": 0.0, ""kick_power"": 0.0, ""kick_dir"": null}, {""move_vx"": 4.313351365237939, ""move_vy"": 4.313351365237939, ""kick_power"": 0.0, ""kick_dir"": null}, {""move_vx"": 6.930053741864055, ""move_vy"": 1.9530374125643404, ""kick_power"": 0.0, ""kick_dir"": null}, {""move_vx"": 7.143481538651004, ""move_vy"": -0.9003729821314409, ""kick_power"": 0.0, ""kick_dir"": null}, {""move_vx"": -0.0, ""move_vy"": 5.0, ""kick_power"": 0.0, ""kick_dir"": null}, {""move_vx"": -0.0, ""move_vy"": 0.0, ""kick_power"": 0.0, ""kick_dir"": null}, {""move_vx"": -5.876483928543829, ""move_vy"": 0.8663351762257534, ""kick_power"": 0.0, ""kick_dir"": null}, {""move_vx"": -4.893563298001559, ""move_vy"": -2.2832078855093587, ""kick_power"": 0.0, ""kick_dir"": null}, {""move_vx"": -0.0, ""move_vy"": 0.0, ""kick_power"": 0.0, ""kick_dir"": null}, {""move_vx"": 4.242640687119285, ""move_vy"": -4.242640687119285, ""kick_power"": 0.0, ""kick_dir"": null}, {""move_vx"": -6.234550905792098, ""move_vy"": 0.9057455509617133, ""kick_power"": 0.0, ""kick_dir"": null}, {""move_vx"": -4.131753173852568, ""move_vy"": 4.350702898424487, ""kick_power"": 0.0, ""kick_dir"": null}, {""move_vx"": -4.652680508517577, ""move_vy"": 3.395609530800123, ""kick_power"": 0.0, ""kick_dir"": null}, {""move_vx"": 4.242640687119285, ""move_vy"": -4.242640687119285, ""kick_power"": 0.0, ""kick_dir"": null}, {""move_vx"": -0.0, ""move_vy"": 0.0, ""kick_power"": 0.65, ""kick_dir"": [0.8949567967321275, 0.44615231235858943]}]"
362,170,default,default,0,0.8501552072185822,41.88784867719349,-1,,,0.16989325961936597,-0.04992193439511212,-0.014783824782725658,"[{""move_vx"": -3.5355339059327373, ""move_vy"": -3.5355339059327373, ""kick_power"": 0.0, ""kick_dir"": null}, {""move_vx"": 4.093542019504612, ""move_vy"": 4.108882297480678, ""kick_power"": 0.0, ""kick_dir"": null}, {""move_vx"": 3.8183766184073566, ""move_vy"": 3.8183766184073566, ""kick_power"": 0.0, ""kick_dir"": null}, {""move_vx"": 5.110071938298128, ""move_vy"": 1.7456130113567598, ""kick_power"": 0.0, ""kick_dir"": null}, {""move_vx"": 0.0, ""move_vy"": 0.0, ""kick_power"": 0.0, ""kick_dir"": null}, {""move_vx"": -4.361834502999083, ""move_vy"": 3.3338415931844674, ""kick_power"": 0.0, ""kick_dir"": null}, {""move_vx"": -6.224157189609455, ""move_vy"": 0.974611347683236, ""kick_power"": 0.0, ""kick_dir"": null}, {""move_vx"": 6.0, ""move_vy"": 0.0, ""kick_power"": 0.0, ""kick_dir"": null}, {""move_vx"": 4.313351365237939, ""move_vy"": 4.313351365237939, ""kick_power"": 0.0, ""kick_dir"": null}, {""move_vx"": 0.0, ""move_vy"": 0.0, ""kick_power"": 0.65, ""kick_dir"": [-0.4813571380030781, 0.8765244002726563]}, {""move_vx"": 7.143481538651004, ""move_vy"": -0.9003729821314411, ""kick_power"": 0.0, ""kick_dir"": null}, {""move_vx"": -0.0, ""move_vy"": 5.0, ""kick_power"": 0.0, ""kick_dir"": null}, {""move_vx"": -0.0, ""move_vy"": 0.0, ""kick_power"": 0.0, ""kick_dir"": null}, {""move_vx"": -5.876483928543829, ""move_vy"": 0.866335176225754, ""kick_power"": 0.0, ""kick_dir"": null}, {""move_vx"": -4.893563298001559, ""move_vy"": -2.283207885509358, ""kick_power"": 0.0, ""kick_dir"": null}, {""move_vx"": -0.0, ""move_vy"": 0.0, ""kick_power"": 0.0, ""kick_dir"": null}, {""move_vx"": -0.0, ""move_vy"": -6.0, ""kick_power"": 0.0, ""kick_dir"": null}, {""move_vx"": -6.250830110645962, ""move_vy"": 0.7855717203679069, ""kick_power"": 0.0, ""kick_dir"": null}, {""move_vx"": -4.1317531738525695, ""move_vy"": 4.350702898424485, ""kick_power"": 0.0, ""kick_dir"": null}, {""move_vx"": -4.808137360883696, ""move_vy"": 3.171658102455935, ""kick_power"": 0.0, ""kick_dir"": null}, {""move_vx"": -0.0, ""move_vy"": 0.0, ""kick_power"": 0.65, ""kick_dir"": [0.9472493792418172, -0.3204972899029431]}, {""move_vx"": -0.0, ""move_vy"": 0.0, ""kick_power"": 0.65, ""kick_dir"": [0.906523229678436, 0.4221554356994763]}]"
362,171,default,default,0,0.5410268330372127,40.95249463992716,-1,,,0.16520378056464746,-0.05039787317558331,-0.017809697966203738,"[{""move_vx"": -3.5355339059327373, ""move_vy"": -3.5355339059327373, ""kick_power"": 0.0, ""kick_dir"": null}, {""move_vx"": 4.1532983268318695, ""move_vy"": 4.048470452940912, ""kick_power"": 0.0, ""kick_dir"": null}, {""move_vx"": 3.8183766184073566, ""move_vy"": 3.8183766184073566, ""kick_power"": 0.0, ""kick_dir"": null}, {""move_vx"": 5.134683100224912, ""move_vy"": 1.6718341605149398, ""kick_power"": 0.0, ""kick_dir"": null}, {""move_vx"": 0.0, ""move_vy"": 0.0, ""kick_power"": 0.0, ""kick_dir"": null}, {""move_vx"": -4.461494555851868, ""move_vy"": 3.199244649617179, ""kick_power"": 0.0, ""kick_dir"": null}, {""move_vx"": -6.241737982344043, ""move_vy"": 0.8548139913242699, ""kick_power"": 0.0, ""kick_dir"": null}, {""move_vx"": 6.0, ""move_vy"": 0.0, ""kick_power"": 0.0, ""kick_dir"": null}, {""move_vx"": 0.0, ""move_vy"": 0.0, ""kick_power"": 0.65, ""kick_dir"": [-0.7367866120483482, 0.6761250044611993]}, {""move_vx"": 0.0, ""move_vy"": 0.0, ""kick_power"": 0.65, ""kick_dir"": [-0.43570583432061816, 0.9000889673391328]}, {""move_vx"": 7.143481538651004, ""move_vy"": -0.9003729821314416, ""kick_power"": 0.0, ""kick_dir"": null}, {""move_vx"": -0.0, ""move_vy"": 5.0, ""kick_power"": 0.0, ""kick_dir"": null}, {""move_vx"": -0.0, ""move_vy"": 0.0, ""kick_power"": 0.0, ""kick_dir"": null}, {""move_vx"": -3.8183766184073566, ""move_vy"": -3.8183766184073566, ""kick_power"": 0.0, ""kick_dir"": null}, {""move_vx"": -4.893563298001559, ""move_vy"": -2.283207885509357, ""kick_power"": 0.0, ""kick_dir"": null}, {""move_vx"": -0.0, ""move_vy"": 0.0, ""kick_power"": 0.0, ""kick_dir"": null}, {""move_vx"": -0.0, ""move_vy"": -6.0, ""kick_power"": 0.0, ""kick_dir"": null}, {""move_vx"": -6.264501538984802, ""move_vy"": 0.6678476383555301, ""kick_power"": 0.0, ""kick_dir"": null}, {""move_vx"": -4.13175317385257, ""move_vy"": 4.350702898424484, ""kick_power"": 0.0, ""kick_dir"": null}, {""move_vx"": -7.916542885092104, ""move_vy"": 2.5594430543572546, ""kick_power"": 0.0, ""kick_dir"": null}, {""move_vx"": -0.0, ""move_vy"": 0.0, ""kick_power"": 0.65, ""kick_dir"": [0.9502692808128157, -0.31142927195568115]}, {""move_vx"": -0.0, ""move_vy"": 0.0, ""kick_power"": 0.65, ""kick_dir"": [0.906523229678436, 0.4221554356994763]}]"
362,172,default,default,0,0.2390279533527405,40.03871287495386,-1,,,0.1603219546053477,-0.05543737773757455,-0.017714140402660204,"[{""move_vx"": -3.5355339059327373, ""move_vy"": -3.5355339059327373, ""kick_power"": 0.0, ""kick_dir"": null}, {""move_vx"": 4.215786576537731, ""move_vy"": 3.983358324464959, ""kick_power"": 0.0, ""kick_dir"": null}, {""move_vx"": 3.8183766184073566, ""move_vy"": 3.8183766184073566, ""kick_power"": 0.0, ""kick_dir"": null}, {""move_vx"": 5.158482335320346, ""move_vy"": 1.5968907276917719, ""kick_power"": 0.0, ""kick_dir"": null}, {""move_vx"": 0.0, ""move_vy"": 0.0, ""kick_power"": 0.0, ""kick_dir"": null}, {""move_vx"": -4.557714618388575, ""move_vy"": 3.060610634714433, ""kick_power"": 0.0, ""kick_dir"": null}, {""move_vx"": -6.256704698942242, ""move_vy"": 0.7373237485894992, ""kick_power"": 0.0, ""kick_dir"": null}, {""move_vx"": 6.0, ""move_vy"": 0.0, ""kick_power"": 0.0, ""kick_dir"": null}, {""move_vx"": 4.313351365237939, ""move_vy"": 4.313351365237939, ""kick_power"": 0.0, ""kick_dir"": null}, {""move_vx"": 0.0, ""move_vy"": 0.0, ""kick_power"": 0.65, ""kick_dir"": [-0.3902826747624686, 0.9206949342278623]}, {""move_vx"": 7.141179097114011, ""move_vy"": -0.9184558252534061, ""kick_power"": 0.0, ""kick_dir"": null}, {""move_vx"": -0.0, ""move_vy"": 5.0, ""kick_power"": 0.0, ""kick_dir"": null}, {""move_vx"": -0.0, ""move_vy"": 0.0, ""kick_power"": 0.0, ""kick_dir"": null}, {""move_vx"": -5.8676058776421955, ""move_vy"": 0.9245546304349833, ""kick_power"": 0.0, ""kick_dir"": null}, {""move_vx"": -4.893563298001559, ""move_vy"": -2.283207885509356, ""kick_power"": 0.0, ""kick_dir"": null}, {""move_vx"": -0.0, ""move_vy"": 0.0, ""kick_power"": 0.0, ""kick_dir"": null}, {""move_vx"": -0.0, ""move_vy"": -6.0, ""kick_power"": 0.0, ""kick_dir"": null}, {""move_vx"": -6.275714964896946, ""move_vy"": 0.5526315946166396, ""kick_power"": 0.0, ""kick_dir"": null}, {""move_vx"": -4.131753173852571, ""move_vy"": 4.350702898424483, ""kick_power"": 0.0, ""kick_dir"": null}, {""move_vx"": -7.916542885092104, ""move_vy"": 2.559443054357257, ""kick_power"": 0.0, ""kick_dir"": null}, {""move_vx"": -0.0, ""move_vy"": 0.0, ""kick_power"": 0.65, ""kick_dir"": [0.9533085212545102, -0.3019979452116107]}, {""move_vx"": -0.0, ""move_vy"": 0.0, ""kick_power"": 0.65, ""kick_dir"": [0.906523229678436, 0.4221554356994763]}]"
362,173,default,default,0,-0.05600586090711171,39.146005856295886,-1,,left,-4.8446910459811825,-45.05790648867903,45.380093348699475,"[{""move_vx"": -3.5355339059327373, ""move_vy"": -3.5355339059327373, ""kick_power"": 0.0, ""kick_dir"": null}, {""move_vx"": 4.28122010858832, ""move_vy"": 3.9129470200628846, ""kick_power"": 0.0, ""kick_dir"": null}, {""move_vx"": 3.8183766184073566, ""move_vy"": 3.8183766184073566, ""kick_power"": 0.0, ""kick_dir"": null}, {""move_vx"": 5.181429248476432, ""move_vy"": 1.5207862910458412, ""kick_power"": 0.0, ""kick_dir"": null}, {""move_vx"": 0.0, ""move_vy"": 0.0, ""kick_power"": 0.0, ""kick_dir"": null}, {""move_vx"": -4.650160437203705, ""move_vy"": 2.9182371233786757, ""kick_power"": 0.0, ""kick_dir"": null}, {""move_vx"": -5.534592199759737, ""move_vy"": 1.3631908092261589, ""kick_power"": 0.0, ""kick_dir"": null}, {""move_vx"": 6.0, ""move_vy"": 0.0, ""kick_power"": 0.0, ""kick_dir"": null}, {""move_vx"": 4.313351365237939, ""move_vy"": 4.313351365237939, ""kick_power"": 0.0, ""kick_dir"": null}, {""move_vx"": 0.0, ""move_vy"": 0.0, ""kick_power"": 0.65, ""kick_dir"": [-0.3453386287926533, 0.9384780044307591]}, {""move_vx"": 7.13855011068019, ""move_vy"": -0.9386705051869085, ""kick_power"": 0.0, ""kick_dir"": null}, {""move_vx"": -0.0, ""move_vy"": 5.0, ""kick_power"": 0.0, ""kick_dir"": null}, {""move_vx"": -0.0, ""move_vy"": 0.0, ""kick_power"": 0.0, ""kick_dir"": null}, {""move_vx"": -5.8676058776421955, ""move_vy"": 0.9245546304349831, ""kick_power"": 0.0, ""kick_dir"": null}, {""move_vx"": -4.893563298001559, ""move_vy"": -2.283207885509355, ""kick_power"": 0.0, ""kick_dir"": null}, {""move_vx"": -0.0, ""move_vy"": 0.0, ""kick_power"": 0.0, ""kick_dir"": null}, {""move_vx"": -0.0, ""move_vy"": -6.0, ""kick_power"": 0.0, ""kick_dir"": null}, {""move_vx"": -6.284618370747049, ""move_vy"": 0.4399681057403194, ""kick_power"": 0.0, ""kick_dir"": null}, {""move_vx"": -4.131753173852574, ""move_vy"": 4.350702898424481, ""kick_power"": 0.0, ""kick_dir"": null}, {""move_vx"": -7.916542885092104, ""move_vy"": 2.559443054357255, ""kick_power"": 0.0, ""kick_dir"": null}, {""move_vx"": -0.0, ""move_vy"": 0.0, ""kick_power"": 0.65, ""kick_dir"": [0.9563620262342629, -0.29218413448989594]}, {""move_vx"": -0.0, ""move_vy"": 0.0, ""kick_power"": 0.65, ""kick_dir"": [0.906523229678436, 0.4221554356994763]}]"
