episode,step,scenario,scenario_template,scenario_variant,ball_x,ball_y,ball_controller,ball_controller_team,last_goal,reward_p0,team_reward_left_step,team_reward_right_step,actions
631,1,default,default,0,50.0,37.5,-1,,,-0.0008,0.00978407161668042,0.017067624990835764,"[{""move_vx"": 0.0, ""move_vy"": 0.0, ""kick_power"": 0.0, ""kick_dir"": null}, {""move_vx"": 0.0, ""move_vy"": 5.8, ""kick_power"": 0.0, ""kick_dir"": null}, {""move_vx"": 6.918553213133469, ""move_vy"": 1.189126333507315, ""kick_power"": 0.0, ""kick_dir"": null}, {""move_vx"": 0.0, ""move_vy"": 0.0, ""kick_power"": 0.6, ""kick_dir"": [0.9958432716251319, -0.09108322606327426]}, {""move_vx"": 4.575314302529748, ""move_vy"": -3.070276703013383, ""kick_power"": 0.0, ""kick_dir"": null}, {""move_vx"": 4.313351365237939, ""move_vy"": -4.313351365237939, ""kick_power"": 0.0, ""kick_dir"": null}, {""move_vx"": 0.0, ""move_vy"": 6.0, ""kick_power"": 0.0, ""kick_dir"": null}, {""move_vx"": 5.307509809445339, ""move_vy"": -0.995158089271001, ""kick_power"": 0.0, ""kick_dir"": null}, {""move_vx"": -6.1, ""move_vy"": 0.0, ""kick_power"": 0.0, ""kick_dir"": null}, {""move_vx"": 4.4045396507938355, ""move_vy"": 3.618014713152079, ""kick_power"": 0.0, ""kick_dir"": null}, {""move_vx"": 0.0, ""move_vy"": 0.0, ""kick_power"": 0.0, ""kick_dir"": null}, {""move_vx"": 5.0, ""move_vy"": 0.0, ""kick_power"": 0.0, ""kick_dir"": null}, {""move_vx"": -0.0, ""move_vy"": 0.0, ""kick_power"": 0.0, ""kick_dir"": null}, {""move_vx"": -0.0, ""move_vy"": 0.0, ""kick_power"": 0.9, ""kick_dir"": [0.920967185823896, 0.3896399632331868]}, {""move_vx"": -0.0, ""move_vy"": 0.0, ""kick_power"": 0.4, ""kick_dir"": [-0.9958432716251319, -0.09108322606327426]}, {""move_vx"": -5.215563514725617, ""move_vy"": -2.5373011693259757, ""kick_power"": 0.0, ""kick_dir"": null}, {""move_vx"": -0.0, ""move_vy"": 0.0, ""kick_power"": 0.0, ""kick_dir"": null}, {""move_vx"": -6.300000000000001, ""move_vy"": 0.0, ""kick_power"": 0.0, ""kick_dir"": null}, {""move_vx"": -4.8397940614634685, ""move_vy"": -4.033161717886224, ""kick_power"": 0.0, ""kick_dir"": null}, {""move_vx"": -4.197950719565732, ""move_vy"": 5.247438399457165, ""kick_power"": 0.0, ""kick_dir"": null}, {""move_vx"": -6.300000000000001, ""move_vy"": 0.0, ""kick_power"": 0.0, ""kick_dir"": null}, {""move_vx"": -0.0, ""move_vy"": 0.0, ""kick_power"": 0.4, ""kick_dir"": [0.99999980000004, 0.0]}]"
631,2,default,default,0,50.0,37.5,-1,,,-0.0016,0.005266263119932269,0.02220857978088037,"[{""move_vx"": 0.0, ""move_vy"": 0.0, ""kick_power"": 0.0, ""kick_dir"": null}, {""move_vx"": 0.0, ""move_vy"": 5.8, ""kick_power"": 0.0, ""kick_dir"": null}, {""move_vx"": 6.918553213133469, ""move_vy"": 1.189126333507315, ""kick_power"": 0.0, ""kick_dir"": null}, {""move_vx"": 0.0, ""move_vy"": 0.0, ""kick_power"": 0.6, ""kick_dir"": [0.9958785881669581, -0.09069626929141576]}, {""move_vx"": 4.575314302529747, ""move_vy"": -3.070276703013383, ""kick_power"": 0.0, ""kick_dir"": null}, {""move_vx"": 0.0, ""move_vy"": 0.0, ""kick_power"": 0.9, ""kick_dir"": [-0.9992402890784354, 0.0389708747681043]}, {""move_vx"": 0.0, ""move_vy"": 0.0, ""kick_power"": 0.4, ""kick_dir"": [0.9969360177900988, 0.07822113370353075]}, {""move_vx"": 0.0, ""move_vy"": 0.0, ""kick_power"": 0.65, ""kick_dir"": [-0.9999996039302214, 0.0007996168449632996]}, {""move_vx"": -6.1, ""move_vy"": 0.0, ""kick_power"": 0.0, ""kick_dir"": null}, {""move_vx"": 4.404539650793836, ""move_vy"": 3.618014713152076, ""kick_power"": 0.0, ""kick_dir"": null}, {""move_vx"": 0.0, ""move_vy"": 0.0, ""kick_power"": 0.0, ""kick_dir"": null}, {""move_vx"": -0.0, ""move_vy"": 0.0, ""kick_power"": 0.9, ""kick_dir"": [-0.9455010560168127, 0.32561898612823903]}, {""move_vx"": 4.710490227525489, ""move_vy"": -1.4547102173240103, ""kick_power"": 0.0, ""kick_dir"": null}, {""move_vx"": -0.0, ""move_vy"": 0.0, ""kick_power"": 0.9, ""kick_dir"": [0.9280076244233053, 0.3725610185030915]}, {""move_vx"": -0.0, ""move_vy"": 0.0, ""kick_power"": 0.4, ""kick_dir"": [-0.9958785881669581, -0.09069626929141575]}, {""move_vx"": -5.939861927845741, ""move_vy"": -3.6276218488327414, ""kick_power"": 0.0, ""kick_dir"": null}, {""move_vx"": -0.0, ""move_vy"": 6.0, ""kick_power"": 0.0, ""kick_dir"": null}, {""move_vx"": -6.300000000000001, ""move_vy"": 0.0, ""kick_power"": 0.0, ""kick_dir"": null}, {""move_vx"": -4.83979406146347, ""move_vy"": -4.033161717886221, ""kick_power"": 0.0, ""kick_dir"": null}, {""move_vx"": -4.197950719565732, ""move_vy"": 5.247438399457164, ""kick_power"": 0.0, ""kick_dir"": null}, {""move_vx"": -6.300000000000001, ""move_vy"": 0.0, ""kick_power"": 0.0, ""kick_dir"": null}, {""move_vx"": -4.525483399593904, ""move_vy"": -4.525483399593904, ""kick_power"": 0.0, ""kick_dir"": null}]"
631,3,default,default,0,50.0,37.5,-1,,,-0.0024000000000000002,0.010231994704579651,0.028596895382075552,"[{""move_vx"": 0.0, ""move_vy"": 0.0, ""kick_power"": 0.0, ""kick_dir"": null}, {""move_vx"": 0.0, ""move_vy"": 5.8, ""kick_power"": 0.0, ""kick_dir"": null}, {""move_vx"": 6.918553213133469, ""move_vy"": 1.1891263335073152, ""kick_power"": 0.0, ""kick_dir"": null}, {""move_vx"": 0.0, ""move_vy"": 0.0, ""kick_power"": 0.6, ""kick_dir"": [0.9959139814487185, -0.0903067943673535]}, {""move_vx"": 4.575314302529748, ""move_vy"": -3.070276703013383, ""kick_power"": 0.0, ""kick_dir"": null}, {""move_vx"": 0.0, ""move_vy"": 0.0, ""kick_power"": 0.4, ""kick_dir"": [-0.9981222734465339, 0.061252034880584096]}, {""move_vx"": 0.0, ""move_vy"": 6.0, ""kick_power"": 0.0, ""kick_dir"": null}, {""move_vx"": 4.242640687119285, ""move_vy"": -4.242640687119285, ""kick_power"": 0.0, ""kick_dir"": null}, {""move_vx"": -6.1, ""move_vy"": 0.0, ""kick_power"": 0.0, ""kick_dir"": null}, {""move_vx"": 4.404539650793838, ""move_vy"": 3.618014713152075, ""kick_power"": 0.0, ""kick_dir"": null}, {""move_vx"": 0.0, ""move_vy"": 0.0, ""kick_power"": 0.0, ""kick_dir"": null}, {""move_vx"": -0.0, ""move_vy"": 0.0, ""kick_power"": 0.9, ""kick_dir"": [-0.9454396286340017, 0.3257972984059897]}, {""move_vx"": -4.710490227525772, ""move_vy"": 1.454710217323093, ""kick_power"": 0.0, ""kick_dir"": null}, {""move_vx"": -0.0, ""move_vy"": 0.0, ""kick_power"": 0.9, ""kick_dir"": [0.9310299151293289, 0.3649426837184701]}, {""move_vx"": -0.0, ""move_vy"": 0.0, ""kick_power"": 0.4, ""kick_dir"": [-0.9959139814487185, -0.09030679436735349]}, {""move_vx"": -5.939861927845741, ""move_vy"": -3.6276218488327405, ""kick_power"": 0.0, ""kick_dir"": null}, {""move_vx"": -0.0, ""move_vy"": 6.0, ""kick_power"": 0.0, ""kick_dir"": null}, {""move_vx"": -6.300000000000001, ""move_vy"": 0.0, ""kick_power"": 0.0, ""kick_dir"": null}, {""move_vx"": -4.839794061463471, ""move_vy"": -4.03316171788622, ""kick_power"": 0.0, ""kick_dir"": null}, {""move_vx"": -4.197950719565732, ""move_vy"": 5.247438399457165, ""kick_power"": 0.0, ""kick_dir"": null}, {""move_vx"": -6.300000000000001, ""move_vy"": 0.0, ""kick_power"": 0.0, ""kick_dir"": null}, {""move_vx"": -4.525483399593904, ""move_vy"": -4.525483399593904, ""kick_power"": 0.0, ""kick_dir"": null}]"
631,4,default,default,0,50.0,37.5,-1,,,-0.0032,0.010056031417748244,0.02287466160915467,"[{""move_vx"": 0.0, ""move_vy"": 0.0, ""kick_power"": 0.0, ""kick_dir"": null}, {""move_vx"": 0.0, ""move_vy"": 5.8, ""kick_power"": 0.0, ""kick_dir"": null}, {""move_vx"": 6.91855321313347, ""move_vy"": 1.1891263335073152, ""kick_power"": 0.0, ""kick_dir"": null}, {""move_vx"": 0.0, ""move_vy"": 0.0, ""kick_power"": 0.6, ""kick_dir"": [0.9959494507180108, -0.08991477681161207]}, {""move_vx"": 4.575314302529748, ""move_vy"": -3.070276703013383, ""kick_power"": 0.0, ""kick_dir"": null}, {""move_vx"": 0.0, ""move_vy"": 0.0, ""kick_power"": 0.9, ""kick_dir"": [-0.9965125766318162, 0.08344201176825987]}, {""move_vx"": 0.0, ""move_vy"": 6.0, ""kick_power"": 0.0, ""kick_dir"": null}, {""move_vx"": 4.242640687119285, ""move_vy"": -4.242640687119285, ""kick_power"": 0.0, ""kick_dir"": null}, {""move_vx"": -6.1, ""move_vy"": 0.0, ""kick_power"": 0.0, ""kick_dir"": null}, {""move_vx"": 4.404539650793839, ""move_vy"": 3.618014713152072, ""kick_power"": 0.0, ""kick_dir"": null}, {""move_vx"": 0.0, ""move_vy"": 0.0, ""kick_power"": 0.0, ""kick_dir"": null}, {""move_vx"": -3.5355339059327373, ""move_vy"": -3.5355339059327373, ""kick_power"": 0.0, ""kick_dir"": null}, {""move_vx"": 4.710490227525752, ""move_vy"": -1.4547102173231574, ""kick_power"": 0.0, ""kick_dir"": null}, {""move_vx"": -0.0, ""move_vy"": 0.0, ""kick_power"": 0.0, ""kick_dir"": null}, {""move_vx"": -5.3581616815417314, ""move_vy"": 0.670897454502467, ""kick_power"": 0.0, ""kick_dir"": null}, {""move_vx"": -5.93986192784574, ""move_vy"": -3.6276218488327405, ""kick_power"": 0.0, ""kick_dir"": null}, {""move_vx"": -0.0, ""move_vy"": 6.0, ""kick_power"": 0.0, ""kick_dir"": null}, {""move_vx"": -6.300000000000001, ""move_vy"": 0.0, ""kick_power"": 0.0, ""kick_dir"": null}, {""move_vx"": -4.839794061463473, ""move_vy"": -4.033161717886218, ""kick_power"": 0.0, ""kick_dir"": null}, {""move_vx"": -4.197950719565731, ""move_vy"": 5.247438399457164, ""kick_power"": 0.0, ""kick_dir"": null}, {""move_vx"": -6.300000000000001, ""move_vy"": 0.0, ""kick_power"": 0.0, ""kick_dir"": null}, {""move_vx"": -4.525483399593904, ""move_vy"": -4.525483399593904, ""kick_power"": 0.0, ""kick_dir"": null}]"
631,5,default,default,0,50.0,37.5,-1,,,-0.004,0.011219919038635338,0.023288664198986855,"[{""move_vx"": 0.0, ""move_vy"": 0.0, ""kick_power"": 0.0, ""kick_dir"": null}, {""move_vx"": 0.0, ""move_vy"": 5.8, ""kick_power"": 0.0, ""kick_dir"": null}, {""move_vx"": 0.0, ""move_vy"": 5.4, ""kick_power"": 0.0, ""kick_dir"": null}, {""move_vx"": 0.0, ""move_vy"": 0.0, ""kick_power"": 0.6, ""kick_dir"": [0.9959849951930271, -0.08952019182880064]}, {""move_vx"": 4.575314302529748, ""move_vy"": -3.070276703013383, ""kick_power"": 0.0, ""kick_dir"": null}, {""move_vx"": 0.0, ""move_vy"": 0.0, ""kick_power"": 0.4, ""kick_dir"": [-0.9944183357404881, 0.10550857073582487]}, {""move_vx"": 0.0, ""move_vy"": 6.0, ""kick_power"": 0.0, ""kick_dir"": null}, {""move_vx"": 4.242640687119285, ""move_vy"": -4.242640687119285, ""kick_power"": 0.0, ""kick_dir"": null}, {""move_vx"": 6.092029233862885, ""move_vy"": -0.31173676998388655, ""kick_power"": 0.0, ""kick_dir"": null}, {""move_vx"": 4.404539650793841, ""move_vy"": 3.6180147131520703, ""kick_power"": 0.0, ""kick_dir"": null}, {""move_vx"": 0.0, ""move_vy"": 0.0, ""kick_power"": 0.0, ""kick_dir"": null}, {""move_vx"": 5.0, ""move_vy"": 0.0, ""kick_power"": 0.0, ""kick_dir"": null}, {""move_vx"": -4.710490227525772, ""move_vy"": 1.454710217323093, ""kick_power"": 0.0, ""kick_dir"": null}, {""move_vx"": -0.0, ""move_vy"": 0.0, ""kick_power"": 0.9, ""kick_dir"": [0.941618823416933, 0.33668064886759164]}, {""move_vx"": -5.353517523399787, ""move_vy"": -0.707000796782735, ""kick_power"": 0.0, ""kick_dir"": null}, {""move_vx"": -5.939861927845742, ""move_vy"": -3.6276218488327405, ""kick_power"": 0.0, ""kick_dir"": null}, {""move_vx"": -0.0, ""move_vy"": 0.0, ""kick_power"": 0.0, ""kick_dir"": null}, {""move_vx"": -6.300000000000001, ""move_vy"": 0.0, ""kick_power"": 0.0, ""kick_dir"": null}, {""move_vx"": -4.839794061463473, ""move_vy"": -4.033161717886219, ""kick_power"": 0.0, ""kick_dir"": null}, {""move_vx"": -4.197950719565732, ""move_vy"": 5.247438399457164, ""kick_power"": 0.0, ""kick_dir"": null}, {""move_vx"": -6.300000000000001, ""move_vy"": 0.0, ""kick_power"": 0.0, ""kick_dir"": null}, {""move_vx"": -4.525483399593904, ""move_vy"": -4.525483399593904, ""kick_power"": 0.0, ""kick_dir"": null}]"
631,6,default,default,0,50.0,37.5,-1,,,-0.0048000000000000004,0.015131017258315936,0.02077863786608112,"[{""move_vx"": 0.0, ""move_vy"": 0.0, ""kick_power"": 0.0, ""kick_dir"": null}, {""move_vx"": 0.0, ""move_vy"": 5.8, ""kick_power"": 0.0, ""kick_dir"": null}, {""move_vx"": 6.931901674475194, ""move_vy"": 1.1086654930176232, ""kick_power"": 0.0, ""kick_dir"": null}, {""move_vx"": 0.0, ""move_vy"": 0.0, ""kick_power"": 0.6, ""kick_dir"": [0.9960206140617573, -0.08912301430254367]}, {""move_vx"": 4.575314302529748, ""move_vy"": -3.070276703013383, ""kick_power"": 0.0, ""kick_dir"": null}, {""move_vx"": 0.0, ""move_vy"": 0.0, ""kick_power"": 0.9, ""kick_dir"": [-0.9918487445445792, 0.12742037983861734]}, {""move_vx"": 0.0, ""move_vy"": 6.0, ""kick_power"": 0.0, ""kick_dir"": null}, {""move_vx"": 4.242640687119285, ""move_vy"": -4.242640687119285, ""kick_power"": 0.0, ""kick_dir"": null}, {""move_vx"": 6.092029233862885, ""move_vy"": -0.3117367699838873, ""kick_power"": 0.0, ""kick_dir"": null}, {""move_vx"": 4.40453965079384, ""move_vy"": 3.6180147131520712, ""kick_power"": 0.0, ""kick_dir"": null}, {""move_vx"": 0.0, ""move_vy"": 0.0, ""kick_power"": 0.0, ""kick_dir"": null}, {""move_vx"": -0.0, ""move_vy"": 0.0, ""kick_power"": 0.9, ""kick_dir"": [-0.946856978220634, -0.32165483658832683]}, {""move_vx"": 4.710490227525752, ""move_vy"": -1.4547102173231574, ""kick_power"": 0.0, ""kick_dir"": null}, {""move_vx"": -0.0, ""move_vy"": 0.0, ""kick_power"": 0.9, ""kick_dir"": [0.9466553772901617, 0.3222475278561701]}, {""move_vx"": -5.353517523399786, ""move_vy"": -0.7070007967827342, ""kick_power"": 0.0, ""kick_dir"": null}, {""move_vx"": -5.939861927845741, ""move_vy"": -3.62762184883274, ""kick_power"": 0.0, ""kick_dir"": null}, {""move_vx"": -0.0, ""move_vy"": 0.0, ""kick_power"": 0.0, ""kick_dir"": null}, {""move_vx"": -5.746092785293419, ""move_vy"": 1.7269677770007537, ""kick_power"": 0.0, ""kick_dir"": null}, {""move_vx"": -4.839794061463473, ""move_vy"": -4.033161717886219, ""kick_power"": 0.0, ""kick_dir"": null}, {""move_vx"": -4.197950719565731, ""move_vy"": 5.247438399457164, ""kick_power"": 0.0, ""kick_dir"": null}, {""move_vx"": -7.199999999999999, ""move_vy"": 0.0, ""kick_power"": 0.0, ""kick_dir"": null}, {""move_vx"": -4.525483399593904, ""move_vy"": -4.525483399593904, ""kick_power"": 0.0, ""kick_dir"": null}]"
631,7,default,default,0,50.0,37.5,-1,,,-0.005600000000000001,0.013727227929331426,0.022202242528669123,"[{""move_vx"": 0.0, ""move_vy"": 0.0, ""kick_power"": 0.0, ""kick_dir"": null}, {""move_vx"": 0.0, ""move_vy"": 5.8, ""kick_power"": 0.0, ""kick_dir"": null}, {""move_vx"": 6.398678468746333, ""move_vy"": 1.0233835320162676, ""kick_power"": 0.0, ""kick_dir"": null}, {""move_vx"": 0.0, ""move_vy"": 0.0, ""kick_power"": 0.6, ""kick_dir"": [0.996056306481168, -0.08872321879031576]}, {""move_vx"": 4.575314302529748, ""move_vy"": -3.070276703013382, ""kick_power"": 0.0, ""kick_dir"": null}, {""move_vx"": 0.0, ""move_vy"": 0.0, ""kick_power"": 0.9, ""kick_dir"": [-0.9888149429548375, 0.14914722321611493]}, {""move_vx"": 0.0, ""move_vy"": 0.0, ""kick_power"": 0.6, ""kick_dir"": [0.998553425383375, 0.053768261366796674]}, {""move_vx"": 4.242640687119285, ""move_vy"": -4.242640687119285, ""kick_power"": 0.0, ""kick_dir"": null}, {""move_vx"": 6.092029233862885, ""move_vy"": -0.311736769983888, ""kick_power"": 0.0, ""kick_dir"": null}, {""move_vx"": 4.404539650793843, ""move_vy"": 3.618014713152069, ""kick_power"": 0.0, ""kick_dir"": null}, {""move_vx"": 0.0, ""move_vy"": 0.0, ""kick_power"": 0.0, ""kick_dir"": null}, {""move_vx"": -0.0, ""move_vy"": 0.0, ""kick_power"": 0.9, ""kick_dir"": [-0.9464700589814714, -0.3227915713782709]}, {""move_vx"": -4.710490227525772, ""move_vy"": 1.454710217323093, ""kick_power"": 0.0, ""kick_dir"": null}, {""move_vx"": -0.0, ""move_vy"": 0.0, ""kick_power"": 0.9, ""kick_dir"": [0.9474815911200557, 0.3198101137449678]}, {""move_vx"": -5.353517523399787, ""move_vy"": -0.7070007967827335, ""kick_power"": 0.0, ""kick_dir"": null}, {""move_vx"": -5.939861927845741, ""move_vy"": -3.627621848832739, ""kick_power"": 0.0, ""kick_dir"": null}, {""move_vx"": -0.0, ""move_vy"": 0.0, ""kick_power"": 0.0, ""kick_dir"": null}, {""move_vx"": -5.399771583901426, ""move_vy"": -0.049667310081050825, ""kick_power"": 0.0, ""kick_dir"": null}, {""move_vx"": -4.839794061463472, ""move_vy"": -4.033161717886219, ""kick_power"": 0.0, ""kick_dir"": null}, {""move_vx"": -4.197950719565732, ""move_vy"": 5.247438399457164, ""kick_power"": 0.0, ""kick_dir"": null}, {""move_vx"": -0.0, ""move_vy"": 0.0, ""kick_power"": 0.7, ""kick_dir"": [-0.9999999809233121, 0.0]}, {""move_vx"": -4.525483399593904, ""move_vy"": -4.525483399593904, ""kick_power"": 0.0, ""kick_dir"": null}]"
631,8,default,default,0,50.0,37.5,-1,,,-0.009399999999999973,0.010708960354930477,0.016966563551905685,"[{""move_vx"": -4.5, ""move_vy"": 0.0, ""kick_power"": 0.0, ""kick_dir"": null}, {""move_vx"": 4.1012193308819755, ""move_vy"": -4.1012193308819755, ""kick_power"": 0.0, ""kick_dir"": null}, {""move_vx"": 6.931901674475194, ""move_vy"": 1.1086654930176238, ""kick_power"": 0.0, ""kick_dir"": null}, {""move_vx"": 0.0, ""move_vy"": 0.0, ""kick_power"": 0.6, ""kick_dir"": [0.9960920715763595, -0.08832077951817822]}, {""move_vx"": 4.5753143025297485, ""move_vy"": -3.070276703013383, ""kick_power"": 0.0, ""kick_dir"": null}, {""move_vx"": 0.0, ""move_vy"": 0.0, ""kick_power"": 0.9, ""kick_dir"": [-0.9853298856299085, 0.1706601959790103]}, {""move_vx"": 0.0, ""move_vy"": 0.0, ""kick_power"": 0.6, ""kick_dir"": [0.998553425383375, 0.053768261366796674]}, {""move_vx"": 4.242640687119285, ""move_vy"": -4.242640687119285, ""kick_power"": 0.0, ""kick_dir"": null}, {""move_vx"": 6.092029233862885, ""move_vy"": -0.3117367699838888, ""kick_power"": 0.0, ""kick_dir"": null}, {""move_vx"": 4.404539650793842, ""move_vy"": 3.61801471315207, ""kick_power"": 0.0, ""kick_dir"": null}, {""move_vx"": 0.0, ""move_vy"": 0.0, ""kick_power"": 0.0, ""kick_dir"": null}, {""move_vx"": -0.0, ""move_vy"": 0.0, ""kick_power"": 0.9, ""kick_dir"": [-0.9461627411812245, -0.32369127003076237]}, {""move_vx"": 4.710490227525752, ""move_vy"": -1.4547102173231574, ""kick_power"": 0.0, ""kick_dir"": null}, {""move_vx"": -0.0, ""move_vy"": 0.0, ""kick_power"": 0.9, ""kick_dir"": [0.9486199834049263, 0.3164174507643817]}, {""move_vx"": -5.353517523399787, ""move_vy"": -0.7070007967827329, ""kick_power"": 0.0, ""kick_dir"": null}, {""move_vx"": -5.939861927845743, ""move_vy"": -3.62762184883274, ""kick_power"": 0.0, ""kick_dir"": null}, {""move_vx"": -0.0, ""move_vy"": 0.0, ""kick_power"": 0.0, ""kick_dir"": null}, {""move_vx"": -0.0, ""move_vy"": 0.0, ""kick_power"": 0.65, ""kick_dir"": [0.3999469267042532, 0.9165382050637362]}, {""move_vx"": -4.839794061463472, ""move_vy"": -4.03316171788622, ""kick_power"": 0.0, ""kick_dir"": null}, {""move_vx"": -4.197950719565731, ""move_vy"": 5.247438399457164, ""kick_power"": 0.0, ""kick_dir"": null}, {""move_vx"": -7.199999999999999, ""move_vy"": 0.0, ""kick_power"": 0.0, ""kick_dir"": null}, {""move_vx"": -4.525483399593904, ""move_vy"": -4.525483399593904, ""kick_power"": 0.0, ""kick_dir"": null}]"
631,9,default,default,0,50.0,37.5,-1,,,-0.009800001380947462,0.015298343323938821,0.02661936195114291,"[{""move_vx"": 0.0, ""move_vy"": 0.0, ""kick_power"": 0.0, ""kick_dir"": null}, {""move_vx"": 0.0, ""move_vy"": 5.8, ""kick_power"": 0.0, ""kick_dir"": null}, {""move_vx"": 6.931901674475194, ""move_vy"": 1.108665493017624, ""kick_power"": 0.0, ""kick_dir"": null}, {""move_vx"": 5.131775075248058, ""move_vy"": -1.6807392947934539, ""kick_power"": 0.0, ""kick_dir"": null}, {""move_vx"": 4.575314302529748, ""move_vy"": -3.070276703013382, ""kick_power"": 0.0, ""kick_dir"": null}, {""move_vx"": 0.0, ""move_vy"": 0.0, ""kick_power"": 0.0, ""kick_dir"": null}, {""move_vx"": 0.0, ""move_vy"": 0.0, ""kick_power"": 0.6, ""kick_dir"": [0.998553425383375, 0.053768261366796674]}, {""move_vx"": 4.242640687119285, ""move_vy"": -4.242640687119285, ""kick_power"": 0.0, ""kick_dir"": null}, {""move_vx"": 6.092029233862885, ""move_vy"": -0.311736769983888, ""kick_power"": 0.0, ""kick_dir"": null}, {""move_vx"": 4.404539650793842, ""move_vy"": 3.6180147131520712, ""kick_power"": 0.0, ""kick_dir"": null}, {""move_vx"": 0.0, ""move_vy"": 0.0, ""kick_power"": 0.0, ""kick_dir"": null}, {""move_vx"": -0.0, ""move_vy"": 0.0, ""kick_power"": 0.9, ""kick_dir"": [-0.9459256948123657, -0.32438333954963616]}, {""move_vx"": -4.710490227525772, ""move_vy"": 1.454710217323093, ""kick_power"": 0.0, ""kick_dir"": null}, {""move_vx"": -0.0, ""move_vy"": 0.0, ""kick_power"": 0.9, ""kick_dir"": [0.9500082999236052, 0.3122244509167259]}, {""move_vx"": -5.353517523399786, ""move_vy"": -0.707000796782732, ""kick_power"": 0.0, ""kick_dir"": null}, {""move_vx"": -5.939861927845742, ""move_vy"": -3.627621848832739, ""kick_power"": 0.0, ""kick_dir"": null}, {""move_vx"": -0.0, ""move_vy"": 0.0, ""kick_power"": 0.0, ""kick_dir"": null}, {""move_vx"": -5.742823334383598, ""move_vy"": 1.7378090085102138, ""kick_power"": 0.0, ""kick_dir"": null}, {""move_vx"": -4.839794061463471, ""move_vy"": -4.033161717886219, ""kick_power"": 0.0, ""kick_dir"": null}, {""move_vx"": -4.197950719565732, ""move_vy"": 5.247438399457164, ""kick_power"": 0.0, ""kick_dir"": null}, {""move_vx"": -6.300000000000001, ""move_vy"": 0.0, ""kick_power"": 0.0, ""kick_dir"": null}, {""move_vx"": -4.525483399593904, ""move_vy"": -4.525483399593904, ""kick_power"": 0.0, ""kick_dir"": null}]"
631,10,default,default,0,50.0,37.5,20,B,,-0.013600001380947434,-0.0028529070639518586,2.769316202035281,"[{""move_vx"": -4.5, ""move_vy"": 0.0, ""kick_power"": 0.0, ""kick_dir"": null}, {""move_vx"": 0.0, ""move_vy"": 5.8, ""kick_power"": 0.0, ""kick_dir"": null}, {""move_vx"": 6.931901674475194, ""move_vy"": 1.1086654930176243, ""kick_power"": 0.0, ""kick_dir"": null}, {""move_vx"": 0.0, ""move_vy"": 0.0, ""kick_power"": 0.6, ""kick_dir"": [0.9962171363392769, -0.08689874696767097]}, {""move_vx"": 4.5753143025297485, ""move_vy"": -3.070276703013382, ""kick_power"": 0.0, ""kick_dir"": null}, {""move_vx"": 0.0, ""move_vy"": 0.0, ""kick_power"": 0.9, ""kick_dir"": [-0.9837271274301336, 0.17966864813220554]}, {""move_vx"": -4.242640687119285, ""move_vy"": -4.242640687119285, ""kick_power"": 0.0, ""kick_dir"": null}, {""move_vx"": 0.0, ""move_vy"": 0.0, ""kick_power"": 0.4, ""kick_dir"": [0.9158144123884538, 0.4016012568906175]}, {""move_vx"": -4.313351365237939, ""move_vy"": 4.313351365237939, ""kick_power"": 0.0, ""kick_dir"": null}, {""move_vx"": 4.404539650793843, ""move_vy"": 3.6180147131520677, ""kick_power"": 0.0, ""kick_dir"": null}, {""move_vx"": 0.0, ""move_vy"": 0.0, ""kick_power"": 0.0, ""kick_dir"": null}, {""move_vx"": -0.0, ""move_vy"": 0.0, ""kick_power"": 0.9, ""kick_dir"": [-0.9457456666222435, -0.3249078409901176]}, {""move_vx"": 4.710490227525752, ""move_vy"": -1.4547102173231574, ""kick_power"": 0.0, ""kick_dir"": null}, {""move_vx"": -0.0, ""move_vy"": 0.0, ""kick_power"": 0.9, ""kick_dir"": [0.9515727861551555, 0.3074233430659556]}, {""move_vx"": -5.353517523399787, ""move_vy"": -0.7070007967827314, ""kick_power"": 0.0, ""kick_dir"": null}, {""move_vx"": -5.939861927845742, ""move_vy"": -3.6276218488327383, ""kick_power"": 0.0, ""kick_dir"": null}, {""move_vx"": -0.0, ""move_vy"": 0.0, ""kick_power"": 0.0, ""kick_dir"": null}, {""move_vx"": -6.298822499750023, ""move_vy"": -0.12179949360685938, ""kick_power"": 0.0, ""kick_dir"": null}, {""move_vx"": -4.83979406146347, ""move_vy"": -4.03316171788622, ""kick_power"": 0.0, ""kick_dir"": null}, {""move_vx"": -4.197950719565731, ""move_vy"": 5.247438399457164, ""kick_power"": 0.0, ""kick_dir"": null}, {""move_vx"": -6.300000000000001, ""move_vy"": 0.0, ""kick_power"": 0.0, ""kick_dir"": null}, {""move_vx"": -4.525483399593904, ""move_vy"": -4.525483399593904, ""kick_power"": 0.0, ""kick_dir"": null}]"
631,11,default,default,0,50.166097062362226,37.142473353340534,20,B,,-0.018900456056252152,-0.014426491615209723,0.3058072141600034,"[{""move_vx"": -4.5, ""move_vy"": 0.0, ""kick_power"": 0.0, ""kick_dir"": null}, {""move_vx"": 0.0, ""move_vy"": 5.8, ""kick_power"": 0.0, ""kick_dir"": null}, {""move_vx"": 6.931901674475194, ""move_vy"": 1.1086654930176247, ""kick_power"": 0.0, ""kick_dir"": null}, {""move_vx"": -5.4, ""move_vy"": 0.0, ""kick_power"": 0.0, ""kick_dir"": null}, {""move_vx"": 0.0, ""move_vy"": 0.0, ""kick_power"": 0.9, ""kick_dir"": [0.8710512012925833, 0.49119202973367415]}, {""move_vx"": -4.313351365237939, ""move_vy"": -4.313351365237939, ""kick_power"": 0.0, ""kick_dir"": null}, {""move_vx"": -4.242640687119285, ""move_vy"": 4.242640687119285, ""kick_power"": 0.0, ""kick_dir"": null}, {""move_vx"": 4.959781041294124, ""move_vy"": -2.1355495832266165, ""kick_power"": 0.0, ""kick_dir"": null}, {""move_vx"": 0.0, ""move_vy"": 0.0, ""kick_power"": 1.0, ""kick_dir"": [0.9569344395114865, -0.2903040629751067]}, {""move_vx"": 5.539374561445126, ""move_vy"": 2.3054998304087175, ""kick_power"": 0.0, ""kick_dir"": null}, {""move_vx"": 3.93950090235646, ""move_vy"": -3.693282095959181, ""kick_power"": 0.0, ""kick_dir"": null}, {""move_vx"": 5.0, ""move_vy"": 0.0, ""kick_power"": 0.0, ""kick_dir"": null}, {""move_vx"": -4.710490227525772, ""move_vy"": 1.454710217323093, ""kick_power"": 0.0, ""kick_dir"": null}, {""move_vx"": -0.0, ""move_vy"": 0.0, ""kick_power"": 0.9, ""kick_dir"": [0.9532431553956341, 0.3022041816144348]}, {""move_vx"": -0.0, ""move_vy"": 0.0, ""kick_power"": 0.6, ""kick_dir"": [-0.9959635976464823, -0.08975793479602026]}, {""move_vx"": -5.799747305248294, ""move_vy"": -0.054140514082732544, ""kick_power"": 0.0, ""kick_dir"": null}, {""move_vx"": -4.242640687119285, ""move_vy"": 4.242640687119285, ""kick_power"": 0.0, ""kick_dir"": null}, {""move_vx"": 4.242640687119285, ""move_vy"": -4.242640687119285, ""kick_power"": 0.0, ""kick_dir"": null}, {""move_vx"": -4.83979406146347, ""move_vy"": -4.0331617178862205, ""kick_power"": 0.0, ""kick_dir"": null}, {""move_vx"": -5.5473286450655275, ""move_vy"": 1.5507239933771149, ""kick_power"": 0.0, ""kick_dir"": null}, {""move_vx"": -5.603417625826555, ""move_vy"": -2.1451598799568026, ""kick_power"": 0.0, ""kick_dir"": null}, {""move_vx"": -0.0, ""move_vy"": 0.0, ""kick_power"": 0.4, ""kick_dir"": [0.9999823307665575, 0.005906996303017242]}]"
631,12,default,default,0,49.792535887307125,36.99946269467675,20,B,,-0.01937045723903661,0.03163100095635613,0.28593839255460096,"[{""move_vx"": -4.5, ""move_vy"": 0.0, ""kick_power"": 0.0, ""kick_dir"": null}, {""move_vx"": 0.0, ""move_vy"": 5.8, ""kick_power"": 0.0, ""kick_dir"": null}, {""move_vx"": 6.946343966979002, ""move_vy"": 1.0142511978866093, ""kick_power"": 0.0, ""kick_dir"": null}, {""move_vx"": 3.8183766184073566, ""move_vy"": 3.8183766184073566, ""kick_power"": 0.0, ""kick_dir"": null}, {""move_vx"": 0.0, ""move_vy"": 0.0, ""kick_power"": 0.9, ""kick_dir"": [0.8605354970087801, 0.509390282262321]}, {""move_vx"": 0.0, ""move_vy"": 0.0, ""kick_power"": 0.7, ""kick_dir"": [0.9634431005078558, 0.2679129754965348]}, {""move_vx"": -4.242640687119285, ""move_vy"": 4.242640687119285, ""kick_power"": 0.0, ""kick_dir"": null}, {""move_vx"": 4.918004620995149, ""move_vy"": -2.230074112640735, ""kick_power"": 0.0, ""kick_dir"": null}, {""move_vx"": 0.0, ""move_vy"": 0.0, ""kick_power"": 1.0, ""kick_dir"": [0.9569344395114865, -0.2903040629751067]}, {""move_vx"": 5.5393745614451255, ""move_vy"": 2.3054998304087166, ""kick_power"": 0.0, ""kick_dir"": null}, {""move_vx"": 3.8895902085034115, ""move_vy"": -3.745809393163832, ""kick_power"": 0.0, ""kick_dir"": null}, {""move_vx"": 5.0, ""move_vy"": 0.0, ""kick_power"": 0.0, ""kick_dir"": null}, {""move_vx"": 4.710490227525752, ""move_vy"": -1.4547102173231574, ""kick_power"": 0.0, ""kick_dir"": null}, {""move_vx"": -5.4, ""move_vy"": 0.0, ""kick_power"": 0.0, ""kick_dir"": null}, {""move_vx"": -0.0, ""move_vy"": 0.0, ""kick_power"": 0.6, ""kick_dir"": [-0.9960247913136115, -0.08907631391434809]}, {""move_vx"": -5.799747305248294, ""move_vy"": -0.05414051408273214, ""kick_power"": 0.0, ""kick_dir"": null}, {""move_vx"": -4.242640687119285, ""move_vy"": 4.242640687119285, ""kick_power"": 0.0, ""kick_dir"": null}, {""move_vx"": 4.242640687119285, ""move_vy"": 4.242640687119285, ""kick_power"": 0.0, ""kick_dir"": null}, {""move_vx"": -4.735874986619625, ""move_vy"": -4.154694707329356, ""kick_power"": 0.0, ""kick_dir"": null}, {""move_vx"": -5.555231656437856, ""move_vy"": 1.5221699127596515, ""kick_power"": 0.0, ""kick_dir"": null}, {""move_vx"": -5.603417625826556, ""move_vy"": -2.145159879956803, ""kick_power"": 0.0, ""kick_dir"": null}, {""move_vx"": -0.0, ""move_vy"": 0.0, ""kick_power"": 0.4, ""kick_dir"": [0.9983118983950936, -0.05807645193054434]}]"
631,13,default,default,0,49.41897471225202,36.85645203601297,20,B,,-0.01984495832342171,0.027446201666662843,0.29538211881157567,"[{""move_vx"": -4.5, ""move_vy"": 0.0, ""kick_power"": 0.0, ""kick_dir"": null}, {""move_vx"": 0.0, ""move_vy"": 5.8, ""kick_power"": 0.0, ""kick_dir"": null}, {""move_vx"": 6.94959363563895, ""move_vy"": 0.9917400362426717, ""kick_power"": 0.0, ""kick_dir"": null}, {""move_vx"": 3.8183766184073566, ""move_vy"": 3.8183766184073566, ""kick_power"": 0.0, ""kick_dir"": null}, {""move_vx"": 0.0, ""move_vy"": 0.0, ""kick_power"": 0.9, ""kick_dir"": [0.8491157799791387, 0.5282065782803884]}, {""move_vx"": 0.0, ""move_vy"": 0.0, ""kick_power"": 0.7, ""kick_dir"": [0.9634431005078558, 0.2679129754965348]}, {""move_vx"": -4.242640687119285, ""move_vy"": 4.242640687119285, ""kick_power"": 0.0, ""kick_dir"": null}, {""move_vx"": 0.0, ""move_vy"": 0.0, ""kick_power"": 0.9, ""kick_dir"": [0.9263836761745284, 0.3765805033319779]}, {""move_vx"": 0.0, ""move_vy"": 0.0, ""kick_power"": 1.0, ""kick_dir"": [0.9569344395114865, -0.2903040629751067]}, {""move_vx"": 5.5393745614451255, ""move_vy"": 2.305499830408716, ""kick_power"": 0.0, ""kick_dir"": null}, {""move_vx"": 3.7574320729235566, ""move_vy"": -3.8783636004590116, ""kick_power"": 0.0, ""kick_dir"": null}, {""move_vx"": 5.0, ""move_vy"": 0.0, ""kick_power"": 0.0, ""kick_dir"": null}, {""move_vx"": -4.710490227525772, ""move_vy"": 1.454710217323093, ""kick_power"": 0.0, ""kick_dir"": null}, {""move_vx"": -5.4, ""move_vy"": 0.0, ""kick_power"": 0.0, ""kick_dir"": null}, {""move_vx"": -5.35159228923919, ""move_vy"": -0.7214291162378021, ""kick_power"": 0.0, ""kick_dir"": null}, {""move_vx"": -5.799747305248295, ""move_vy"": -0.05414051408273173, ""kick_power"": 0.0, ""kick_dir"": null}, {""move_vx"": -4.242640687119285, ""move_vy"": 4.242640687119285, ""kick_power"": 0.0, ""kick_dir"": null}, {""move_vx"": 4.242640687119285, ""move_vy"": 4.242640687119285, ""kick_power"": 0.0, ""kick_dir"": null}, {""move_vx"": -4.774213165488277, ""move_vy"": -4.110582519604542, ""kick_power"": 0.0, ""kick_dir"": null}, {""move_vx"": -5.561573514681155, ""move_vy"": 1.4988328928860335, ""kick_power"": 0.0, ""kick_dir"": null}, {""move_vx"": -5.603417625826556, ""move_vy"": -2.145159879956803, ""kick_power"": 0.0, ""kick_dir"": null}, {""move_vx"": -0.0, ""move_vy"": 0.0, ""kick_power"": 0.4, ""kick_dir"": [0.991025634599096, -0.13367002955108112]}]"
631,14,default,default,0,49.04541353719692,36.713441377349184,20,B,,-0.02032398045936411,0.02873301619592712,0.2865125127713751,"[{""move_vx"": -4.5, ""move_vy"": 0.0, ""kick_power"": 0.0, ""kick_dir"": null}, {""move_vx"": 0.0, ""move_vy"": 5.8, ""kick_power"": 0.0, ""kick_dir"": null}, {""move_vx"": 5.4, ""move_vy"": 0.0, ""kick_power"": 0.0, ""kick_dir"": null}, {""move_vx"": 3.8183766184073566, ""move_vy"": 3.8183766184073566, ""kick_power"": 0.0, ""kick_dir"": null}, {""move_vx"": 0.0, ""move_vy"": 0.0, ""kick_power"": 0.9, ""kick_dir"": [0.8367470786412979, 0.5475893711098078]}, {""move_vx"": 0.0, ""move_vy"": 0.0, ""kick_power"": 0.7, ""kick_dir"": [0.9634431005078558, 0.2679129754965348]}, {""move_vx"": -4.242640687119285, ""move_vy"": 4.242640687119285, ""kick_power"": 0.0, ""kick_dir"": null}, {""move_vx"": 5.872015926816209, ""move_vy"": 1.2326511895977639, ""kick_power"": 0.0, ""kick_dir"": null}, {""move_vx"": 0.0, ""move_vy"": 0.0, ""kick_power"": 1.0, ""kick_dir"": [0.9569344395114865, -0.2903040629751067]}, {""move_vx"": 5.539374561445126, ""move_vy"": 2.305499830408716, ""kick_power"": 0.0, ""kick_dir"": null}, {""move_vx"": 3.6113269345544197, ""move_vy"": -4.01476248011782, ""kick_power"": 0.0, ""kick_dir"": null}, {""move_vx"": 5.0, ""move_vy"": 0.0, ""kick_power"": 0.0, ""kick_dir"": null}, {""move_vx"": 4.710490227525752, ""move_vy"": -1.4547102173231574, ""kick_power"": 0.0, ""kick_dir"": null}, {""move_vx"": -5.329886171707877, ""move_vy"": -0.8673600155858863, ""kick_power"": 0.0, ""kick_dir"": null}, {""move_vx"": -5.350972740798887, ""move_vy"": -0.7260101426476465, ""kick_power"": 0.0, ""kick_dir"": null}, {""move_vx"": -5.799747305248295, ""move_vy"": -0.05414051408273133, ""kick_power"": 0.0, ""kick_dir"": null}, {""move_vx"": -0.0, ""move_vy"": 0.0, ""kick_power"": 0.4, ""kick_dir"": [0.9348379004950611, 0.3550745955610225]}, {""move_vx"": 4.242640687119285, ""move_vy"": 4.242640687119285, ""kick_power"": 0.0, ""kick_dir"": null}, {""move_vx"": -4.811299258252768, ""move_vy"": -4.067111929555957, ""kick_power"": 0.0, ""kick_dir"": null}, {""move_vx"": -5.566942540995426, ""move_vy"": 1.4787666297477098, ""kick_power"": 0.0, ""kick_dir"": null}, {""move_vx"": -5.603417625826555, ""move_vy"": -2.145159879956803, ""kick_power"": 0.0, ""kick_dir"": null}, {""move_vx"": -0.0, ""move_vy"": 0.0, ""kick_power"": 0.4, ""kick_dir"": [0.9756888450940038, -0.21915913188810282]}]"
631,15,default,default,0,48.67185236214182,36.5704307186854,20,B,,-0.02080754479509152,0.029729016461212038,0.29919842834816757,"[{""move_vx"": -4.5, ""move_vy"": 0.0, ""kick_power"": 0.0, ""kick_dir"": null}, {""move_vx"": 0.0, ""move_vy"": 5.8, ""kick_power"": 0.0, ""kick_dir"": null}, {""move_vx"": 5.4, ""move_vy"": 0.0, ""kick_power"": 0.0, ""kick_dir"": null}, {""move_vx"": 3.8183766184073566, ""move_vy"": 3.8183766184073566, ""kick_power"": 0.0, ""kick_dir"": null}, {""move_vx"": 0.0, ""move_vy"": 0.0, ""kick_power"": 0.9, ""kick_dir"": [0.8233600761088866, 0.5675191396019792]}, {""move_vx"": 6.1, ""move_vy"": 0.0, ""kick_power"": 0.0, ""kick_dir"": null}, {""move_vx"": -4.242640687119285, ""move_vy"": 4.242640687119285, ""kick_power"": 0.0, ""kick_dir"": null}, {""move_vx"": 5.872015926816209, ""move_vy"": 1.2326511895977639, ""kick_power"": 0.0, ""kick_dir"": null}, {""move_vx"": 0.0, ""move_vy"": 0.0, ""kick_power"": 1.0, ""kick_dir"": [0.9569344395114865, -0.2903040629751067]}, {""move_vx"": 5.539374561445126, ""move_vy"": 2.3054998304087153, ""kick_power"": 0.0, ""kick_dir"": null}, {""move_vx"": 3.4497502489451897, ""move_vy"": -4.154422128275194, ""kick_power"": 0.0, ""kick_dir"": null}, {""move_vx"": 5.0, ""move_vy"": 0.0, ""kick_power"": 0.0, ""kick_dir"": null}, {""move_vx"": -6.207731648620846, ""move_vy"": 3.1473270847992785, ""kick_power"": 0.0, ""kick_dir"": null}, {""move_vx"": -0.0, ""move_vy"": 0.0, ""kick_power"": 0.9, ""kick_dir"": [0.30695947141674407, -0.9517225065409611]}, {""move_vx"": -5.350349614828023, ""move_vy"": -0.7305881186480058, ""kick_power"": 0.0, ""kick_dir"": null}, {""move_vx"": -5.799747305248293, ""move_vy"": -0.0541405140827309, ""kick_power"": 0.0, ""kick_dir"": null}, {""move_vx"": -4.242640687119285, ""move_vy"": 4.242640687119285, ""kick_power"": 0.0, ""kick_dir"": null}, {""move_vx"": 4.242640687119285, ""move_vy"": 4.242640687119285, ""kick_power"": 0.0, ""kick_dir"": null}, {""move_vx"": -4.847167517945149, ""move_vy"": -4.024297088061154, ""kick_power"": 0.0, ""kick_dir"": null}, {""move_vx"": -5.572248856396509, ""move_vy"": 1.458644124654057, ""kick_power"": 0.0, ""kick_dir"": null}, {""move_vx"": -5.603417625826555, ""move_vy"": -2.145159879956804, ""kick_power"": 0.0, ""kick_dir"": null}, {""move_vx"": -0.0, ""move_vy"": 0.0, ""kick_power"": 0.4, ""kick_dir"": [0.9492073964033527, -0.31465016678071567]}]"
631,16,default,default,0,48.29829118708672,36.42742006002162,-1,,,-0.02129567247499066,0.7967437050928574,-0.8701188761273522,"[{""move_vx"": -4.5, ""move_vy"": 0.0, ""kick_power"": 0.0, ""kick_dir"": null}, {""move_vx"": 0.0, ""move_vy"": 5.8, ""kick_power"": 0.0, ""kick_dir"": null}, {""move_vx"": 5.4, ""move_vy"": 0.0, ""kick_power"": 0.0, ""kick_dir"": null}, {""move_vx"": 3.8183766184073566, ""move_vy"": 3.8183766184073566, ""kick_power"": 0.0, ""kick_dir"": null}, {""move_vx"": 0.0, ""move_vy"": 0.0, ""kick_power"": 0.9, ""kick_dir"": [0.8088839006417052, 0.5879682132376964]}, {""move_vx"": 0.0, ""move_vy"": 0.0, ""kick_power"": 0.7, ""kick_dir"": [0.9631164792753402, 0.26908477767092537]}, {""move_vx"": -4.242640687119285, ""move_vy"": 4.242640687119285, ""kick_power"": 0.0, ""kick_dir"": null}, {""move_vx"": 5.872015926816209, ""move_vy"": 1.2326511895977637, ""kick_power"": 0.0, ""kick_dir"": null}, {""move_vx"": 0.0, ""move_vy"": 0.0, ""kick_power"": 1.0, ""kick_dir"": [0.9569344395114865, -0.2903040629751067]}, {""move_vx"": 5.539374561445126, ""move_vy"": 2.305499830408715, ""kick_power"": 0.0, ""kick_dir"": null}, {""move_vx"": 3.2710881944101486, ""move_vy"": -4.296508119902785, ""kick_power"": 0.0, ""kick_dir"": null}, {""move_vx"": 5.0, ""move_vy"": 0.0, ""kick_power"": 0.0, ""kick_dir"": null}, {""move_vx"": 4.372103624364151, ""move_vy"": -2.2780715304445245, ""kick_power"": 0.0, ""kick_dir"": null}, {""move_vx"": -0.0, ""move_vy"": 0.0, ""kick_power"": 0.9, ""kick_dir"": [0.299981819502439, -0.9539448370373692]}, {""move_vx"": -5.349722920051195, ""move_vy"": -0.7351630286398559, ""kick_power"": 0.0, ""kick_dir"": null}, {""move_vx"": -5.799747305248296, ""move_vy"": -0.0541405140827305, ""kick_power"": 0.0, ""kick_dir"": null}, {""move_vx"": -4.242640687119285, ""move_vy"": 4.242640687119285, ""kick_power"": 0.0, ""kick_dir"": null}, {""move_vx"": 4.242640687119285, ""move_vy"": 4.242640687119285, ""kick_power"": 0.0, ""kick_dir"": null}, {""move_vx"": -4.881852012475119, ""move_vy"": -3.982150289516035, ""kick_power"": 0.0, ""kick_dir"": null}, {""move_vx"": -5.577491937793905, ""move_vy"": 1.4384657395447416, ""kick_power"": 0.0, ""kick_dir"": null}, {""move_vx"": -5.603417625826555, ""move_vy"": -2.1451598799568043, ""kick_power"": 0.0, ""kick_dir"": null}, {""move_vx"": -0.0, ""move_vy"": 0.0, ""kick_power"": 0.4, ""kick_dir"": [0.9079841720409237, -0.41900371665389996]}]"
631,17,default,default,0,48.87383789514423,36.976367629010504,20,B,,-0.026770494154189625,-0.02099366901915875,2.781938130570646,"[{""move_vx"": 0.0, ""move_vy"": 0.0, ""kick_power"": 0.9, ""kick_dir"": [0.9999999809014519, 0.0]}, {""move_vx"": 4.9883242246778465, ""move_vy"": 2.3402396094186924, ""kick_power"": 0.0, ""kick_dir"": null}, {""move_vx"": 6.957744948994174, ""move_vy"": 0.9328371909106389, ""kick_power"": 0.0, ""kick_dir"": null}, {""move_vx"": 5.4, ""move_vy"": 0.0, ""kick_power"": 0.0, ""kick_dir"": null}, {""move_vx"": 4.1012193308819755, ""move_vy"": 4.1012193308819755, ""kick_power"": 0.0, ""kick_dir"": null}, {""move_vx"": 0.0, ""move_vy"": -6.1, ""kick_power"": 0.0, ""kick_dir"": null}, {""move_vx"": 0.0, ""move_vy"": 6.0, ""kick_power"": 0.0, ""kick_dir"": null}, {""move_vx"": 4.403440441361877, ""move_vy"": -3.125653896287739, ""kick_power"": 0.0, ""kick_dir"": null}, {""move_vx"": 5.146948761273635, ""move_vy"": -3.2739759389500382, ""kick_power"": 0.0, ""kick_dir"": null}, {""move_vx"": 4.0454743618006335, ""move_vy"": 4.015487166959166, ""kick_power"": 0.0, ""kick_dir"": null}, {""move_vx"": 0.0, ""move_vy"": 0.0, ""kick_power"": 0.0, ""kick_dir"": null}, {""move_vx"": -0.0, ""move_vy"": 0.0, ""kick_power"": 0.9, ""kick_dir"": [-0.9485500365931055, -0.31662722547110905]}, {""move_vx"": -0.0, ""move_vy"": 5.8, ""kick_power"": 0.0, ""kick_dir"": null}, {""move_vx"": -0.0, ""move_vy"": -5.4, ""kick_power"": 0.0, ""kick_dir"": null}, {""move_vx"": -5.349092665240766, ""move_vy"": -0.739734857004482, ""kick_power"": 0.0, ""kick_dir"": null}, {""move_vx"": 4.1012193308819755, ""move_vy"": -4.1012193308819755, ""kick_power"": 0.0, ""kick_dir"": null}, {""move_vx"": -0.0, ""move_vy"": 0.0, ""kick_power"": 0.0, ""kick_dir"": null}, {""move_vx"": -6.2166781658377595, ""move_vy"": -1.021230915315476, ""kick_power"": 0.0, ""kick_dir"": null}, {""move_vx"": -0.0, ""move_vy"": 0.0, ""kick_power"": 0.4, ""kick_dir"": [-0.9907737525400404, -0.13552615307665625]}, {""move_vx"": -4.578700727207072, ""move_vy"": 4.918729475247997, ""kick_power"": 0.0, ""kick_dir"": null}, {""move_vx"": -5.0430758632438915, ""move_vy"": -1.9306438919611473, ""kick_power"": 0.0, ""kick_dir"": null}, {""move_vx"": -4.284759356846989, ""move_vy"": -5.17679797306329, ""kick_power"": 0.0, ""kick_dir"": null}]"
631,18,default,default,0,48.30464549365987,37.32329500933461,20,B,,-0.02545444937125985,0.02968016271036411,0.2871971425723521,"[{""move_vx"": -4.498370617654358, ""move_vy"": 0.12108586302267643, ""kick_power"": 0.0, ""kick_dir"": null}, {""move_vx"": 0.0, ""move_vy"": 5.8, ""kick_power"": 0.0, ""kick_dir"": null}, {""move_vx"": 5.4, ""move_vy"": 0.0, ""kick_power"": 0.0, ""kick_dir"": null}, {""move_vx"": 0.0, ""move_vy"": 5.4, ""kick_power"": 0.0, ""kick_dir"": null}, {""move_vx"": 0.0, ""move_vy"": 0.0, ""kick_power"": 0.9, ""kick_dir"": [0.7967544129094356, 0.6043030498723104]}, {""move_vx"": -4.313351365237939, ""move_vy"": -4.313351365237939, ""kick_power"": 0.0, ""kick_dir"": null}, {""move_vx"": -4.242640687119285, ""move_vy"": 4.242640687119285, ""kick_power"": 0.0, ""kick_dir"": null}, {""move_vx"": 0.0, ""move_vy"": 0.0, ""kick_power"": 0.0, ""kick_dir"": null}, {""move_vx"": 0.0, ""move_vy"": 0.0, ""kick_power"": 1.0, ""kick_dir"": [0.9575095797172551, -0.288401413168251]}, {""move_vx"": 5.542350039216248, ""move_vy"": 2.2983376694471294, ""kick_power"": 0.0, ""kick_dir"": null}, {""move_vx"": 4.054128606096466, ""move_vy"": -4.822244419897267, ""kick_power"": 0.0, ""kick_dir"": null}, {""move_vx"": 5.0, ""move_vy"": 0.0, ""kick_power"": 0.0, ""kick_dir"": null}, {""move_vx"": 1.0490486992470607, ""move_vy"": -4.8170942306133115, ""kick_power"": 0.0, ""kick_dir"": null}, {""move_vx"": -0.0, ""move_vy"": 0.0, ""kick_power"": 0.9, ""kick_dir"": [0.3525213586379646, -0.9358036821944143]}, {""move_vx"": -5.352318575140497, ""move_vy"": -0.7160208587785725, ""kick_power"": 0.0, ""kick_dir"": null}, {""move_vx"": -5.799919180679167, ""move_vy"": -0.03061858242809918, ""kick_power"": 0.0, ""kick_dir"": null}, {""move_vx"": -0.0, ""move_vy"": 0.0, ""kick_power"": 0.0, ""kick_dir"": null}, {""move_vx"": 4.242640687119285, ""move_vy"": 4.242640687119285, ""kick_power"": 0.0, ""kick_dir"": null}, {""move_vx"": -4.934536961439374, ""move_vy"": -3.916675245177812, ""kick_power"": 0.0, ""kick_dir"": null}, {""move_vx"": -5.578386656725311, ""move_vy"": 1.4349920933820557, ""kick_power"": 0.0, ""kick_dir"": null}, {""move_vx"": -5.5990495112157435, ""move_vy"": -2.156535316417224, ""kick_power"": 0.0, ""kick_dir"": null}, {""move_vx"": -6.3345763167333295, ""move_vy"": 0.9127666117256983, ""kick_power"": 0.0, ""kick_dir"": null}]"
631,19,default,default,0,49.076509459853575,37.44727192007246,20,B,,-0.03616016364190574,-0.046783662421021575,0.310975916414524,"[{""move_vx"": -4.498370617654358, ""move_vy"": 0.12108586302267534, ""kick_power"": 0.0, ""kick_dir"": null}, {""move_vx"": 0.0, ""move_vy"": 5.8, ""kick_power"": 0.0, ""kick_dir"": null}, {""move_vx"": 6.914587949265116, ""move_vy"": 1.2119709121417246, ""kick_power"": 0.0, ""kick_dir"": null}, {""move_vx"": -5.4, ""move_vy"": 0.0, ""kick_power"": 0.0, ""kick_dir"": null}, {""move_vx"": 0.0, ""move_vy"": 0.0, ""kick_power"": 0.9, ""kick_dir"": [0.7791941809915567, 0.626782413827236]}, {""move_vx"": -4.313351365237939, ""move_vy"": -4.313351365237939, ""kick_power"": 0.0, ""kick_dir"": null}, {""move_vx"": 0.0, ""move_vy"": 6.0, ""kick_power"": 0.0, ""kick_dir"": null}, {""move_vx"": 6.0, ""move_vy"": 0.0, ""kick_power"": 0.0, ""kick_dir"": null}, {""move_vx"": 0.0, ""move_vy"": 0.0, ""kick_power"": 1.0, ""kick_dir"": [0.9575095797172551, -0.288401413168251]}, {""move_vx"": 5.5352398084952, ""move_vy"": 2.31540930775749, ""kick_power"": 0.0, ""kick_dir"": null}, {""move_vx"": 3.913301045957723, ""move_vy"": -4.937213275088103, ""kick_power"": 0.0, ""kick_dir"": null}, {""move_vx"": 5.0, ""move_vy"": 0.0, ""kick_power"": 0.0, ""kick_dir"": null}, {""move_vx"": 1.0490486992473542, ""move_vy"": -4.817094230613248, ""kick_power"": 0.0, ""kick_dir"": null}, {""move_vx"": -0.0, ""move_vy"": 0.0, ""kick_power"": 0.9, ""kick_dir"": [0.36366351585770695, -0.9315302964963346]}, {""move_vx"": -6.817221060677985, ""move_vy"": -1.6750811950017637, ""kick_power"": 0.0, ""kick_dir"": null}, {""move_vx"": -5.799919180679166, ""move_vy"": -0.03061858242809923, ""kick_power"": 0.0, ""kick_dir"": null}, {""move_vx"": 6.0, ""move_vy"": 0.0, ""kick_power"": 0.0, ""kick_dir"": null}, {""move_vx"": 4.242640687119285, ""move_vy"": -4.242640687119285, ""kick_power"": 0.0, ""kick_dir"": null}, {""move_vx"": -5.106601950145271, ""move_vy"": -3.6895279539220898, ""kick_power"": 0.0, ""kick_dir"": null}, {""move_vx"": -5.5739093239237025, ""move_vy"": 1.4522860767343424, ""kick_power"": 0.0, ""kick_dir"": null}, {""move_vx"": -0.0, ""move_vy"": 0.0, ""kick_power"": 0.0, ""kick_dir"": null}, {""move_vx"": -0.0, ""move_vy"": 0.0, ""kick_power"": 0.4, ""kick_dir"": [0.8815796799045444, -0.47203460531924113]}]"
631,20,default,default,0,47.94684194631364,37.36325344108908,20,B,,-0.029849407921530586,0.05890582228564856,0.2784481615867984,"[{""move_vx"": -4.498370617654358, ""move_vy"": 0.12108586302267396, ""kick_power"": 0.0, ""kick_dir"": null}, {""move_vx"": 0.0, ""move_vy"": 5.8, ""kick_power"": 0.0, ""kick_dir"": null}, {""move_vx"": 6.915160542439154, ""move_vy"": 1.208699579007389, ""kick_power"": 0.0, ""kick_dir"": null}, {""move_vx"": -5.4, ""move_vy"": 0.0, ""kick_power"": 0.0, ""kick_dir"": null}, {""move_vx"": 0.0, ""move_vy"": 0.0, ""kick_power"": 0.9, ""kick_dir"": [0.760316640032096, 0.6495524368725462]}, {""move_vx"": -4.313351365237939, ""move_vy"": -4.313351365237939, ""kick_power"": 0.0, ""kick_dir"": null}, {""move_vx"": -4.242640687119285, ""move_vy"": 4.242640687119285, ""kick_power"": 0.0, ""kick_dir"": null}, {""move_vx"": 5.339678294972624, ""move_vy"": -0.8048824176227561, ""kick_power"": 0.0, ""kick_dir"": null}, {""move_vx"": 0.0, ""move_vy"": 0.0, ""kick_power"": 1.0, ""kick_dir"": [0.9575095797172551, -0.288401413168251]}, {""move_vx"": 5.530962138967174, ""move_vy"": 2.3256091282310654, ""kick_power"": 0.0, ""kick_dir"": null}, {""move_vx"": 3.732104580227877, ""move_vy"": -3.902742036343435, ""kick_power"": 0.0, ""kick_dir"": null}, {""move_vx"": 5.0, ""move_vy"": 0.0, ""kick_power"": 0.0, ""kick_dir"": null}, {""move_vx"": -1.0490486992474017, ""move_vy"": 4.817094230613238, ""kick_power"": 0.0, ""kick_dir"": null}, {""move_vx"": -0.0, ""move_vy"": 0.0, ""kick_power"": 0.9, ""kick_dir"": [0.37374745470372905, -0.9275304264052864]}, {""move_vx"": -6.813295124453792, ""move_vy"": -1.6909788724564798, ""kick_power"": 0.0, ""kick_dir"": null}, {""move_vx"": -5.799919180679165, ""move_vy"": -0.030618582428099287, ""kick_power"": 0.0, ""kick_dir"": null}, {""move_vx"": 6.0, ""move_vy"": 0.0, ""kick_power"": 0.0, ""kick_dir"": null}, {""move_vx"": 4.242640687119285, ""move_vy"": -4.242640687119285, ""kick_power"": 0.0, ""kick_dir"": null}, {""move_vx"": -5.002693186363244, ""move_vy"": -3.8292376373261012, ""kick_power"": 0.0, ""kick_dir"": null}, {""move_vx"": -5.5663617248409265, ""move_vy"": 1.480951433446063, ""kick_power"": 0.0, ""kick_dir"": null}, {""move_vx"": -5.5865862599609795, ""move_vy"": -2.1886191902693364, ""kick_power"": 0.0, ""kick_dir"": null}, {""move_vx"": -0.0, ""move_vy"": 0.0, ""kick_power"": 0.4, ""kick_dir"": [0.8192035249200351, -0.5735023582475755]}]"
631,21,default,default,0,47.4099662270056,37.17673304935832,20,B,,-0.02885117648368067,0.015002957796653584,0.2900717479448142,"[{""move_vx"": -4.498370617654358, ""move_vy"": 0.12108586302267205, ""kick_power"": 0.0, ""kick_dir"": null}, {""move_vx"": 0.0, ""move_vy"": 5.8, ""kick_power"": 0.0, ""kick_dir"": null}, {""move_vx"": 0.0, ""move_vy"": 0.0, ""kick_power"": 0.0, ""kick_dir"": null}, {""move_vx"": -5.4, ""move_vy"": 0.0, ""kick_power"": 0.0, ""kick_dir"": null}, {""move_vx"": 0.0, ""move_vy"": 0.0, ""kick_power"": 0.9, ""kick_dir"": [0.7400175307283746, 0.6725874002527079]}, {""move_vx"": -4.313351365237939, ""move_vy"": -4.313351365237939, ""kick_power"": 0.0, ""kick_dir"": null}, {""move_vx"": 0.0, ""move_vy"": 6.0, ""kick_power"": 0.0, ""kick_dir"": null}, {""move_vx"": 5.336679467056447, ""move_vy"": -0.8245315433008721, ""kick_power"": 0.0, ""kick_dir"": null}, {""move_vx"": 0.0, ""move_vy"": 0.0, ""kick_power"": 1.0, ""kick_dir"": [0.9575095797172551, -0.288401413168251]}, {""move_vx"": 0.0, ""move_vy"": 0.0, ""kick_power"": 0.0, ""kick_dir"": null}, {""move_vx"": 0.0, ""move_vy"": -6.0, ""kick_power"": 0.0, ""kick_dir"": null}, {""move_vx"": 5.0, ""move_vy"": 0.0, ""kick_power"": 0.0, ""kick_dir"": null}, {""move_vx"": 1.0490486992473542, ""move_vy"": -4.817094230613248, ""kick_power"": 0.0, ""kick_dir"": null}, {""move_vx"": -5.32716699176003, ""move_vy"": -0.8839071455206136, ""kick_power"": 0.0, ""kick_dir"": null}, {""move_vx"": -6.824649116651795, ""move_vy"": -1.644555999224074, ""kick_power"": 0.0, ""kick_dir"": null}, {""move_vx"": -5.799919180679166, ""move_vy"": -0.03061858242809935, ""kick_power"": 0.0, ""kick_dir"": null}, {""move_vx"": 6.0, ""move_vy"": 0.0, ""kick_power"": 0.0, ""kick_dir"": null}, {""move_vx"": 4.242640687119285, ""move_vy"": -4.242640687119285, ""kick_power"": 0.0, ""kick_dir"": null}, {""move_vx"": -5.1761953523699455, ""move_vy"": -3.591239573476515, ""kick_power"": 0.0, ""kick_dir"": null}, {""move_vx"": -5.575219067679046, ""move_vy"": 1.4472499256824942, ""kick_power"": 0.0, ""kick_dir"": null}, {""move_vx"": -7.199741123191212, ""move_vy"": 0.06105537674385696, ""kick_power"": 0.0, ""kick_dir"": null}, {""move_vx"": -0.0, ""move_vy"": 0.0, ""kick_power"": 0.4, ""kick_dir"": [0.7375459490029947, -0.6752964701916258]}]"
631,22,default,default,0,47.176037120931355,36.76112534641651,20,B,,-0.03060203296702813,0.001242584752135777,0.3001392512360595,"[{""move_vx"": -4.498370617654358, ""move_vy"": 0.12108586302266935, ""kick_power"": 0.0, ""kick_dir"": null}, {""move_vx"": 0.0, ""move_vy"": 5.8, ""kick_power"": 0.0, ""kick_dir"": null}, {""move_vx"": 5.1540257344866625, ""move_vy"": 1.6112165367352755, ""kick_power"": 0.0, ""kick_dir"": null}, {""move_vx"": -5.4, ""move_vy"": 0.0, ""kick_power"": 0.0, ""kick_dir"": null}, {""move_vx"": 0.0, ""move_vy"": 0.0, ""kick_power"": 0.9, ""kick_dir"": [0.7181601548928054, 0.6958776790437899]}, {""move_vx"": -4.313351365237939, ""move_vy"": -4.313351365237939, ""kick_power"": 0.0, ""kick_dir"": null}, {""move_vx"": 0.0, ""move_vy"": 6.0, ""kick_power"": 0.0, ""kick_dir"": null}, {""move_vx"": 5.333364697038638, ""move_vy"": -0.8457074011630493, ""kick_power"": 0.0, ""kick_dir"": null}, {""move_vx"": 0.0, ""move_vy"": 0.0, ""kick_power"": 1.0, ""kick_dir"": [0.9575095797172551, -0.288401413168251]}, {""move_vx"": 0.0, ""move_vy"": 0.0, ""kick_power"": 0.0, ""kick_dir"": null}, {""move_vx"": 3.4078775397314547, ""move_vy"": -5.298714058542308, ""kick_power"": 0.0, ""kick_dir"": null}, {""move_vx"": 5.0, ""move_vy"": 0.0, ""kick_power"": 0.0, ""kick_dir"": null}, {""move_vx"": -1.0490486992474017, ""move_vy"": 4.817094230613238, ""kick_power"": 0.0, ""kick_dir"": null}, {""move_vx"": -0.0, ""move_vy"": 0.0, ""kick_power"": 0.9, ""kick_dir"": [0.41025705104231397, -0.9119698497167512]}, {""move_vx"": -6.8213831549273864, ""move_vy"": -1.6580506185496573, ""kick_power"": 0.0, ""kick_dir"": null}, {""move_vx"": -5.799919180679165, ""move_vy"": -0.030618582428099398, ""kick_power"": 0.0, ""kick_dir"": null}, {""move_vx"": 6.0, ""move_vy"": 0.0, ""kick_power"": 0.0, ""kick_dir"": null}, {""move_vx"": 4.242640687119285, ""move_vy"": 4.242640687119285, ""kick_power"": 0.0, ""kick_dir"": null}, {""move_vx"": -5.216831369905387, ""move_vy"": -3.5319499512268133, ""kick_power"": 0.0, ""kick_dir"": null}, {""move_vx"": -5.582611726960786, ""move_vy"": 1.4184661807741188, ""kick_power"": 0.0, ""kick_dir"": null}, {""move_vx"": -4.242640687119285, ""move_vy"": -4.242640687119285, ""kick_power"": 0.0, ""kick_dir"": null}, {""move_vx"": -0.0, ""move_vy"": 0.0, ""kick_power"": 0.4, ""kick_dir"": [0.6387856422795652, -0.769384324476842]}]"
631,23,default,default,0,46.904107547323875,36.51592304944841,20,B,,-0.032013019431166835,0.0029886248547288537,0.31482193994453406,"[{""move_vx"": -4.498370617654358, ""move_vy"": 0.12108586302266533, ""kick_power"": 0.0, ""kick_dir"": null}, {""move_vx"": 5.8, ""move_vy"": 0.0, ""kick_power"": 0.0, ""kick_dir"": null}, {""move_vx"": 5.384071540770581, ""move_vy"": 0.4144558406685803, ""kick_power"": 0.0, ""kick_dir"": null}, {""move_vx"": 0.0, ""move_vy"": 5.4, ""kick_power"": 0.0, ""kick_dir"": null}, {""move_vx"": 0.0, ""move_vy"": 0.0, ""kick_power"": 0.9, ""kick_dir"": [0.6946463054683162, 0.7193512759633567]}, {""move_vx"": -4.313351365237939, ""move_vy"": -4.313351365237939, ""kick_power"": 0.0, ""kick_dir"": null}, {""move_vx"": -4.242640687119285, ""move_vy"": 4.242640687119285, ""kick_power"": 0.0, ""kick_dir"": null}, {""move_vx"": 5.327531990214938, ""move_vy"": -0.8817045385141524, ""kick_power"": 0.0, ""kick_dir"": null}, {""move_vx"": 0.0, ""move_vy"": 0.0, ""kick_power"": 1.0, ""kick_dir"": [0.9575095797172551, -0.288401413168251]}, {""move_vx"": 5.512195000632702, ""move_vy"": 2.3697481459007093, ""kick_power"": 0.0, ""kick_dir"": null}, {""move_vx"": 5.498840239661326, ""move_vy"": -2.4005741018934152, ""kick_power"": 0.0, ""kick_dir"": null}, {""move_vx"": -4.99996591696904, ""move_vy"": -0.01846155865454454, ""kick_power"": 0.0, ""kick_dir"": null}, {""move_vx"": -6.80857095347397, ""move_vy"": 1.4439396010604355, ""kick_power"": 0.0, ""kick_dir"": null}, {""move_vx"": -5.32522946679105, ""move_vy"": -0.895506072575906, ""kick_power"": 0.0, ""kick_dir"": null}, {""move_vx"": -6.80017319168724, ""move_vy"": -1.7429987272107148, ""kick_power"": 0.0, ""kick_dir"": null}, {""move_vx"": -5.799919180679166, ""move_vy"": -0.030618582428099464, ""kick_power"": 0.0, ""kick_dir"": null}, {""move_vx"": 6.0, ""move_vy"": 0.0, ""kick_power"": 0.0, ""kick_dir"": null}, {""move_vx"": -5.396909991448171, ""move_vy"": -0.18265416558870856, ""kick_power"": 0.0, ""kick_dir"": null}, {""move_vx"": -5.160030526608479, ""move_vy"": -3.6144273356188297, ""kick_power"": 0.0, ""kick_dir"": null}, {""move_vx"": -5.593245545035518, ""move_vy"": 1.3759375977639172, ""kick_power"": 0.0, ""kick_dir"": null}, {""move_vx"": -4.242640687119285, ""move_vy"": -4.242640687119285, ""kick_power"": 0.0, ""kick_dir"": null}, {""move_vx"": -0.0, ""move_vy"": 0.0, ""kick_power"": 0.4, ""kick_dir"": [0.5252840081301218, -0.8509265795228441]}]"
631,24,default,default,0,46.68513101967074,36.157332203800614,20,B,,-0.03394284675804137,-0.004892675863597399,0.30034705074848034,"[{""move_vx"": -4.498370617654359, ""move_vy"": 0.12108586302265853, ""kick_power"": 0.0, ""kick_dir"": null}, {""move_vx"": 0.0, ""move_vy"": 5.8, ""kick_power"": 0.0, ""kick_dir"": null}, {""move_vx"": 0.0, ""move_vy"": 0.0, ""kick_power"": 0.0, ""kick_dir"": null}, {""move_vx"": 3.8183766184073566, ""move_vy"": 3.8183766184073566, ""kick_power"": 0.0, ""kick_dir"": null}, {""move_vx"": 0.0, ""move_vy"": 0.0, ""kick_power"": 0.9, ""kick_dir"": [0.6694346474758073, 0.7428707805256242]}, {""move_vx"": 0.0, ""move_vy"": 0.0, ""kick_power"": 0.7, ""kick_dir"": [0.9567050174675166, 0.29105923923642724]}, {""move_vx"": -4.242640687119285, ""move_vy"": 4.242640687119285, ""kick_power"": 0.0, ""kick_dir"": null}, {""move_vx"": 5.323612574058922, ""move_vy"": -0.9050685948157404, ""kick_power"": 0.0, ""kick_dir"": null}, {""move_vx"": 0.0, ""move_vy"": 0.0, ""kick_power"": 1.0, ""kick_dir"": [0.9575095797172551, -0.288401413168251]}, {""move_vx"": 5.505328731755423, ""move_vy"": 2.385656210628058, ""kick_power"": 0.0, ""kick_dir"": null}, {""move_vx"": 2.378695019855391, ""move_vy"": -5.833678942358344, ""kick_power"": 0.0, ""kick_dir"": null}, {""move_vx"": -4.999929844397829, ""move_vy"": -0.02648680992312805, ""kick_power"": 0.0, ""kick_dir"": null}, {""move_vx"": 4.510619623303696, ""move_vy"": -1.9897765235994767, ""kick_power"": 0.0, ""kick_dir"": null}, {""move_vx"": -0.0, ""move_vy"": 0.0, ""kick_power"": 0.9, ""kick_dir"": [0.424838396694149, -0.9052691247194546]}, {""move_vx"": -6.267128986879045, ""move_vy"": -1.647268727870608, ""kick_power"": 0.0, ""kick_dir"": null}, {""move_vx"": -5.799919180679167, ""move_vy"": -0.030618582428099526, ""kick_power"": 0.0, ""kick_dir"": null}, {""move_vx"": 6.0, ""move_vy"": 0.0, ""kick_power"": 0.0, ""kick_dir"": null}, {""move_vx"": 4.242640687119285, ""move_vy"": 4.242640687119285, ""kick_power"": 0.0, ""kick_dir"": null}, {""move_vx"": -5.147860444472881, ""move_vy"": -3.6317396443345817, ""kick_power"": 0.0, ""kick_dir"": null}, {""move_vx"": -5.600131558047114, ""move_vy"": 1.3476373891239475, ""kick_power"": 0.0, ""kick_dir"": null}, {""move_vx"": -4.242640687119285, ""move_vy"": -4.242640687119285, ""kick_power"": 0.0, ""kick_dir"": null}, {""move_vx"": -0.0, ""move_vy"": 0.0, ""kick_power"": 0.4, ""kick_dir"": [0.403379141863199, -0.9150325745534214]}]"
631,25,default,default,0,46.19589979497787,36.98844556761737,20,B,,-0.03319985506094776,0.03335857786148183,0.3166135360455811,"[{""move_vx"": -4.498370617654359, ""move_vy"": 0.12108586302264474, ""kick_power"": 0.0, ""kick_dir"": null}, {""move_vx"": 0.0, ""move_vy"": 5.8, ""kick_power"": 0.0, ""kick_dir"": null}, {""move_vx"": 3.8183766184073566, ""move_vy"": 3.8183766184073566, ""kick_power"": 0.0, ""kick_dir"": null}, {""move_vx"": 3.8183766184073566, ""move_vy"": 3.8183766184073566, ""kick_power"": 0.0, ""kick_dir"": null}, {""move_vx"": 0.0, ""move_vy"": 0.0, ""kick_power"": 0.9, ""kick_dir"": [0.6424808158381824, 0.7663015993850004]}, {""move_vx"": 0.0, ""move_vy"": 0.0, ""kick_power"": 0.7, ""kick_dir"": [0.9567050174675166, 0.29105923923642724]}, {""move_vx"": -4.242640687119285, ""move_vy"": 4.242640687119285, ""kick_power"": 0.0, ""kick_dir"": null}, {""move_vx"": 5.31802962718067, ""move_vy"": -0.9373157869302303, ""kick_power"": 0.0, ""kick_dir"": null}, {""move_vx"": 0.0, ""move_vy"": 0.0, ""kick_power"": 1.0, ""kick_dir"": [0.9575095797172551, -0.288401413168251]}, {""move_vx"": 5.504625470348692, ""move_vy"": 2.387278456985786, ""kick_power"": 0.0, ""kick_dir"": null}, {""move_vx"": 2.003085411001499, ""move_vy"": -5.973076999020938, ""kick_power"": 0.0, ""kick_dir"": null}, {""move_vx"": -4.999853858782029, ""move_vy"": -0.03822814176038736, ""kick_power"": 0.0, ""kick_dir"": null}, {""move_vx"": -0.0, ""move_vy"": 0.0, ""kick_power"": 0.4, ""kick_dir"": [0.7007464542226219, 0.7134103479408859]}, {""move_vx"": -5.322960326010029, ""move_vy"": -0.9088967860671587, ""kick_power"": 0.0, ""kick_dir"": null}, {""move_vx"": -6.770243488603175, ""move_vy"": -1.855856434379105, ""kick_power"": 0.0, ""kick_dir"": null}, {""move_vx"": -5.799919180679166, ""move_vy"": -0.030618582428099582, ""kick_power"": 0.0, ""kick_dir"": null}, {""move_vx"": 6.0, ""move_vy"": 0.0, ""kick_power"": 0.0, ""kick_dir"": null}, {""move_vx"": -5.393842652736549, ""move_vy"": -0.2578011588801726, ""kick_power"": 0.0, ""kick_dir"": null}, {""move_vx"": -5.10195119051509, ""move_vy"": -3.695956445847497, ""kick_power"": 0.0, ""kick_dir"": null}, {""move_vx"": -5.60909211117064, ""move_vy"": 1.3098418562571967, ""kick_power"": 0.0, ""kick_dir"": null}, {""move_vx"": -5.480971760428771, ""move_vy"": 2.44109577062891, ""kick_power"": 0.0, ""kick_dir"": null}, {""move_vx"": -0.0, ""move_vy"": 0.0, ""kick_power"": 0.4, ""kick_dir"": [0.2807883869450565, -0.9597693728968965]}]"
631,26,default,default,0,45.66413806693317,36.761793002405724,20,B,,-0.030772306331925993,0.007294742409038481,0.2934791716424802,"[{""move_vx"": -4.49837061765436, ""move_vy"": 0.12108586302260113, ""kick_power"": 0.0, ""kick_dir"": null}, {""move_vx"": 0.0, ""move_vy"": 5.8, ""kick_power"": 0.0, ""kick_dir"": null}, {""move_vx"": 6.9208391014034305, ""move_vy"": 1.1757491792407744, ""kick_power"": 0.0, ""kick_dir"": null}, {""move_vx"": -5.4, ""move_vy"": 0.0, ""kick_power"": 0.0, ""kick_dir"": null}, {""move_vx"": 0.0, ""move_vy"": 0.0, ""kick_power"": 0.9, ""kick_dir"": [0.613923242075609, 0.7893655611426083]}, {""move_vx"": -4.313351365237939, ""move_vy"": -4.313351365237939, ""kick_power"": 0.0, ""kick_dir"": null}, {""move_vx"": 0.0, ""move_vy"": 6.0, ""kick_power"": 0.0, ""kick_dir"": null}, {""move_vx"": -6.0, ""move_vy"": 0.0, ""kick_power"": 0.0, ""kick_dir"": null}, {""move_vx"": 0.0, ""move_vy"": 0.0, ""kick_power"": 1.0, ""kick_dir"": [0.9575095797172551, -0.288401413168251]}, {""move_vx"": 0.0, ""move_vy"": 0.0, ""kick_power"": 0.0, ""kick_dir"": null}, {""move_vx"": 1.6996159018858668, ""move_vy"": -6.06640798051505, ""kick_power"": 0.0, ""kick_dir"": null}, {""move_vx"": -4.999988943548171, ""move_vy"": -0.010514960582073005, ""kick_power"": 0.0, ""kick_dir"": null}, {""move_vx"": 4.656273407874523, ""move_vy"": -1.6198820793874391, ""kick_power"": 0.0, ""kick_dir"": null}, {""move_vx"": -0.0, ""move_vy"": 0.0, ""kick_power"": 0.9, ""kick_dir"": [0.45643244045327436, -0.8897579911422234]}, {""move_vx"": -6.829226178668534, ""move_vy"": -1.6254444932351197, ""kick_power"": 0.0, ""kick_dir"": null}, {""move_vx"": -0.0, ""move_vy"": 5.8, ""kick_power"": 0.0, ""kick_dir"": null}, {""move_vx"": 6.0, ""move_vy"": 0.0, ""kick_power"": 0.0, ""kick_dir"": null}, {""move_vx"": 4.242640687119285, ""move_vy"": -4.242640687119285, ""kick_power"": 0.0, ""kick_dir"": null}, {""move_vx"": -5.364117795841969, ""move_vy"": -3.303973406722805, ""kick_power"": 0.0, ""kick_dir"": null}, {""move_vx"": -5.593255964662794, ""move_vy"": 1.3758952408392455, ""kick_power"": 0.0, ""kick_dir"": null}, {""move_vx"": -7.1990593605838535, ""move_vy"": 0.11638007900838557, ""kick_power"": 0.0, ""kick_dir"": null}, {""move_vx"": -0.0, ""move_vy"": 0.0, ""kick_power"": 0.4, ""kick_dir"": [0.16463319627013562, -0.9863545556160555]}]"
631,27,default,default,0,45.18420077622758,36.76955167433961,20,B,,-0.027276018083006812,0.013644232493784852,0.3142840776551023,"[{""move_vx"": -4.499952921765846, ""move_vy"": -0.020584020283306307, ""kick_power"": 0.0, ""kick_dir"": null}, {""move_vx"": 5.7673792515439235, ""move_vy"": -0.614277273599355, ""kick_power"": 0.0, ""kick_dir"": null}, {""move_vx"": 5.154293955160256, ""move_vy"": 1.6103582905050797, ""kick_power"": 0.0, ""kick_dir"": null}, {""move_vx"": 0.0, ""move_vy"": 5.4, ""kick_power"": 0.0, ""kick_dir"": null}, {""move_vx"": 0.0, ""move_vy"": 0.0, ""kick_power"": 0.9, ""kick_dir"": [0.5838222456840608, 0.8118813449246147]}, {""move_vx"": -4.313351365237939, ""move_vy"": -4.313351365237939, ""kick_power"": 0.0, ""kick_dir"": null}, {""move_vx"": 0.0, ""move_vy"": 6.0, ""kick_power"": 0.0, ""kick_dir"": null}, {""move_vx"": -6.0, ""move_vy"": 0.0, ""kick_power"": 0.0, ""kick_dir"": null}, {""move_vx"": 0.0, ""move_vy"": 0.0, ""kick_power"": 1.0, ""kick_dir"": [0.9575095797172551, -0.288401413168251]}, {""move_vx"": 0.0, ""move_vy"": 0.0, ""kick_power"": 0.0, ""kick_dir"": null}, {""move_vx"": 0.7290240989863027, ""move_vy"": -6.257677193903279, ""kick_power"": 0.0, ""kick_dir"": null}, {""move_vx"": -4.99996792694624, ""move_vy"": -0.01790892260643838, ""kick_power"": 0.0, ""kick_dir"": null}, {""move_vx"": -0.0, ""move_vy"": 0.0, ""kick_power"": 0.4, ""kick_dir"": [0.6970262257572756, 0.7170455759172487]}, {""move_vx"": -0.0, ""move_vy"": 0.0, ""kick_power"": 0.9, ""kick_dir"": [0.46950708591656415, -0.8829286250117716]}, {""move_vx"": -6.823445536100256, ""move_vy"": -1.6495426687035066, ""kick_power"": 0.0, ""kick_dir"": null}, {""move_vx"": -0.0, ""move_vy"": 5.8, ""kick_power"": 0.0, ""kick_dir"": null}, {""move_vx"": -0.0, ""move_vy"": 0.0, ""kick_power"": 0.0, ""kick_dir"": null}, {""move_vx"": -5.726800162107674, ""move_vy"": -1.7899049983961506, ""kick_power"": 0.0, ""kick_dir"": null}, {""move_vx"": -5.385852481033566, ""move_vy"": -3.268423634191964, ""kick_power"": 0.0, ""kick_dir"": null}, {""move_vx"": -5.601268244870136, ""move_vy"": 1.3429050781829037, ""kick_power"": 0.0, ""kick_dir"": null}, {""move_vx"": -7.199059360583853, ""move_vy"": 0.11638007900838664, ""kick_power"": 0.0, ""kick_dir"": null}, {""move_vx"": -0.0, ""move_vy"": 0.0, ""kick_power"": 0.4, ""kick_dir"": [0.05418529285710568, -0.9985306122556791]}]"
631,28,default,default,0,44.704263485521984,36.77731034627351,20,B,,-0.02337966956869944,0.012605539212450027,0.30893803641377376,"[{""move_vx"": 0.0, ""move_vy"": 0.0, ""kick_power"": 0.7, ""kick_dir"": [0.9999999816731211, 1.4324335272968448e-05]}, {""move_vx"": 0.0, ""move_vy"": 5.8, ""kick_power"": 0.0, ""kick_dir"": null}, {""move_vx"": 5.154293955160257, ""move_vy"": 1.6103582905050802, ""kick_power"": 0.0, ""kick_dir"": null}, {""move_vx"": -3.5111507625157277, ""move_vy"": -2.956335624195133, ""kick_power"": 0.0, ""kick_dir"": null}, {""move_vx"": 0.0, ""move_vy"": 0.0, ""kick_power"": 0.9, ""kick_dir"": [0.5520743475541114, 0.833794725586193]}, {""move_vx"": -4.313351365237939, ""move_vy"": -4.313351365237939, ""kick_power"": 0.0, ""kick_dir"": null}, {""move_vx"": 0.0, ""move_vy"": 6.0, ""kick_power"": 0.0, ""kick_dir"": null}, {""move_vx"": 0.0, ""move_vy"": 0.0, ""kick_power"": 0.9, ""kick_dir"": [-0.9507334168440277, -0.310009309122599]}, {""move_vx"": 0.0, ""move_vy"": 0.0, ""kick_power"": 1.0, ""kick_dir"": [0.9575095797172551, -0.288401413168251]}, {""move_vx"": 0.0, ""move_vy"": 0.0, ""kick_power"": 0.0, ""kick_dir"": null}, {""move_vx"": -0.20548513872211713, ""move_vy"": -6.296647985854407, ""kick_power"": 0.0, ""kick_dir"": null}, {""move_vx"": -4.999969253799482, ""move_vy"": -0.01753456756941968, ""kick_power"": 0.0, ""kick_dir"": null}, {""move_vx"": 4.703819248228673, ""move_vy"": -1.4761383674958937, ""kick_power"": 0.0, ""kick_dir"": null}, {""move_vx"": -0.0, ""move_vy"": 0.0, ""kick_power"": 0.9, ""kick_dir"": [0.45547344775821036, -0.8902492906706588]}, {""move_vx"": -6.830577090115119, ""move_vy"": -1.6197581967671837, ""kick_power"": 0.0, ""kick_dir"": null}, {""move_vx"": -0.0, ""move_vy"": 5.8, ""kick_power"": 0.0, ""kick_dir"": null}, {""move_vx"": -0.0, ""move_vy"": 0.0, ""kick_power"": 0.0, ""kick_dir"": null}, {""move_vx"": -5.726800162107674, ""move_vy"": -1.7899049983961504, ""kick_power"": 0.0, ""kick_dir"": null}, {""move_vx"": -5.449194965262263, ""move_vy"": -3.161688509413981, ""kick_power"": 0.0, ""kick_dir"": null}, {""move_vx"": -5.603650924059265, ""move_vy"": 1.332927725456174, ""kick_power"": 0.0, ""kick_dir"": null}, {""move_vx"": -7.199059360583853, ""move_vy"": 0.11638007900838776, ""kick_power"": 0.0, ""kick_dir"": null}, {""move_vx"": -0.0, ""move_vy"": 0.0, ""kick_power"": 0.4, ""kick_dir"": [-0.04541691000812118, -0.9989678508570342]}]"
631,29,default,default,0,44.22432619481639,36.785069018207395,20,B,,-0.021368373635363588,0.010428742328097944,0.3175088906947701,"[{""move_vx"": -4.429266138425533, ""move_vy"": 0.7947335874347858, ""kick_power"": 0.0, ""kick_dir"": null}, {""move_vx"": 5.764067359349272, ""move_vy"": -0.6446142077896747, ""kick_power"": 0.0, ""kick_dir"": null}, {""move_vx"": 5.3864329436854925, ""move_vy"": 0.38254430224437574, ""kick_power"": 0.0, ""kick_dir"": null}, {""move_vx"": -5.4, ""move_vy"": 0.0, ""kick_power"": 0.0, ""kick_dir"": null}, {""move_vx"": 0.0, ""move_vy"": 0.0, ""kick_power"": 0.9, ""kick_dir"": [0.5187717938677006, 0.8549125994647553]}, {""move_vx"": -4.313351365237939, ""move_vy"": -4.313351365237939, ""kick_power"": 0.0, ""kick_dir"": null}, {""move_vx"": 0.0, ""move_vy"": 6.0, ""kick_power"": 0.0, ""kick_dir"": null}, {""move_vx"": 5.848336807922158, ""move_vy"": 1.3405060914083406, ""kick_power"": 0.0, ""kick_dir"": null}, {""move_vx"": 0.0, ""move_vy"": 0.0, ""kick_power"": 1.0, ""kick_dir"": [0.9575095797172551, -0.288401413168251]}, {""move_vx"": 0.0, ""move_vy"": 0.0, ""kick_power"": 0.0, ""kick_dir"": null}, {""move_vx"": -1.2860510644003253, ""move_vy"": -6.167339187993052, ""kick_power"": 0.0, ""kick_dir"": null}, {""move_vx"": -4.999970541162803, ""move_vy"": -0.01716355161835141, ""kick_power"": 0.0, ""kick_dir"": null}, {""move_vx"": -0.0, ""move_vy"": 0.0, ""kick_power"": 0.4, ""kick_dir"": [0.6933899016705205, 0.7205625311135754]}, {""move_vx"": -0.0, ""move_vy"": 0.0, ""kick_power"": 0.9, ""kick_dir"": [0.4696462708724854, -0.882854599360393]}, {""move_vx"": -6.837462304634696, ""move_vy"": -1.5904430931974902, ""kick_power"": 0.0, ""kick_dir"": null}, {""move_vx"": -0.0, ""move_vy"": 5.8, ""kick_power"": 0.0, ""kick_dir"": null}, {""move_vx"": -0.0, ""move_vy"": 0.0, ""kick_power"": 0.0, ""kick_dir"": null}, {""move_vx"": -5.726800162107674, ""move_vy"": -1.7899049983961504, ""kick_power"": 0.0, ""kick_dir"": null}, {""move_vx"": -5.508554672989242, ""move_vy"": -3.0570942763821325, ""kick_power"": 0.0, ""kick_dir"": null}, {""move_vx"": -5.606008984034186, ""move_vy"": 1.322975158847664, ""kick_power"": 0.0, ""kick_dir"": null}, {""move_vx"": -7.1990593605838535, ""move_vy"": 0.11638007900838666, ""kick_power"": 0.0, ""kick_dir"": null}, {""move_vx"": -0.0, ""move_vy"": 0.0, ""kick_power"": 0.4, ""kick_dir"": [-0.13424427505089703, -0.9909480159295561]}]"
631,30,default,default,0,43.7443889041108,36.792827690141294,20,B,,-0.0174718429198367,0.00791564793395175,0.3198563058925888,"[{""move_vx"": 0.0, ""move_vy"": 0.0, ""kick_power"": 0.7, ""kick_dir"": [0.9999998951739678, -0.0004162632973934823]}, {""move_vx"": 0.0, ""move_vy"": 5.8, ""kick_power"": 0.0, ""kick_dir"": null}, {""move_vx"": 5.386250604346667, ""move_vy"": 0.38510313836057386, ""kick_power"": 0.0, ""kick_dir"": null}, {""move_vx"": 0.0, ""move_vy"": 5.4, ""kick_power"": 0.0, ""kick_dir"": null}, {""move_vx"": 3.9683978467351935, ""move_vy"": -3.8225539276807434, ""kick_power"": 0.0, ""kick_dir"": null}, {""move_vx"": -4.313351365237939, ""move_vy"": -4.313351365237939, ""kick_power"": 0.0, ""kick_dir"": null}, {""move_vx"": 0.0, ""move_vy"": 6.0, ""kick_power"": 0.0, ""kick_dir"": null}, {""move_vx"": 6.0, ""move_vy"": 0.0, ""kick_power"": 0.0, ""kick_dir"": null}, {""move_vx"": 0.0, ""move_vy"": 0.0, ""kick_power"": 1.0, ""kick_dir"": [0.9575095797172551, -0.288401413168251]}, {""move_vx"": 0.0, ""move_vy"": 0.0, ""kick_power"": 0.0, ""kick_dir"": null}, {""move_vx"": -6.0, ""move_vy"": 0.0, ""kick_power"": 0.0, ""kick_dir"": null}, {""move_vx"": -4.999971789904781, ""move_vy"": -0.016795837471841848, ""kick_power"": 0.0, ""kick_dir"": null}, {""move_vx"": -0.0, ""move_vy"": 0.0, ""kick_power"": 0.4, ""kick_dir"": [0.699888798653626, 0.7142517671092261]}, {""move_vx"": -0.0, ""move_vy"": 0.0, ""kick_power"": 0.9, ""kick_dir"": [0.45647632169439106, -0.8897354826646471]}, {""move_vx"": -6.844109149230057, ""move_vy"": -1.5615921213381652, ""kick_power"": 0.0, ""kick_dir"": null}, {""move_vx"": -0.0, ""move_vy"": 5.8, ""kick_power"": 0.0, ""kick_dir"": null}, {""move_vx"": -0.0, ""move_vy"": 0.0, ""kick_power"": 0.0, ""kick_dir"": null}, {""move_vx"": -5.726800162107674, ""move_vy"": -1.7899049983961506, ""kick_power"": 0.0, ""kick_dir"": null}, {""move_vx"": -5.5641170609915385, ""move_vy"": -2.9547590987393346, ""kick_power"": 0.0, ""kick_dir"": null}, {""move_vx"": -5.608342541978969, ""move_vy"": 1.313047574092002, ""kick_power"": 0.0, ""kick_dir"": null}, {""move_vx"": -7.1990593605838535, ""move_vy"": 0.11638007900838782, ""kick_power"": 0.0, ""kick_dir"": null}, {""move_vx"": -0.0, ""move_vy"": 0.0, ""kick_power"": 0.4, ""kick_dir"": [-0.21265748510135749, -0.97712656357494]}]"
631,31,default,default,0,43.26445161340521,36.80058636207518,20,B,,-0.013980797427604332,0.008841162877821749,0.3222119117246348,"[{""move_vx"": -4.476508202687438, ""move_vy"": 0.45921053044554216, ""kick_power"": 0.0, ""kick_dir"": null}, {""move_vx"": 5.491894840432831, ""move_vy"": 1.8652321736521826, ""kick_power"": 0.0, ""kick_dir"": null}, {""move_vx"": 5.386063486881595, ""move_vy"": 0.3877113814177873, ""kick_power"": 0.0, ""kick_dir"": null}, {""move_vx"": -5.4, ""move_vy"": 0.0, ""kick_power"": 0.0, ""kick_dir"": null}, {""move_vx"": 3.929380006120943, ""move_vy"": -3.8626510025495424, ""kick_power"": 0.0, ""kick_dir"": null}, {""move_vx"": -4.313351365237939, ""move_vy"": -4.313351365237939, ""kick_power"": 0.0, ""kick_dir"": null}, {""move_vx"": 0.0, ""move_vy"": 6.0, ""kick_power"": 0.0, ""kick_dir"": null}, {""move_vx"": 6.0, ""move_vy"": 0.0, ""kick_power"": 0.0, ""kick_dir"": null}, {""move_vx"": 0.0, ""move_vy"": 0.0, ""kick_power"": 1.0, ""kick_dir"": [0.9575095797172551, -0.288401413168251]}, {""move_vx"": 0.0, ""move_vy"": 0.0, ""kick_power"": 0.0, ""kick_dir"": null}, {""move_vx"": -3.207576336983037, ""move_vy"": -5.422310765939784, ""kick_power"": 0.0, ""kick_dir"": null}, {""move_vx"": -4.999973000874801, ""move_vy"": -0.016431388347952398, ""kick_power"": 0.0, ""kick_dir"": null}, {""move_vx"": -0.0, ""move_vy"": 0.0, ""kick_power"": 0.4, ""kick_dir"": [0.7062811398481635, 0.7079314014185896]}, {""move_vx"": -0.0, ""move_vy"": 0.0, ""kick_power"": 0.9, ""kick_dir"": [0.44281762425469096, -0.8966116277563392]}, {""move_vx"": -6.850525368397627, ""move_vy"": -1.5331999794353492, ""kick_power"": 0.0, ""kick_dir"": null}, {""move_vx"": -0.0, ""move_vy"": 5.8, ""kick_power"": 0.0, ""kick_dir"": null}, {""move_vx"": -0.0, ""move_vy"": 0.0, ""kick_power"": 0.0, ""kick_dir"": null}, {""move_vx"": -5.726800162107674, ""move_vy"": -1.7899049983961504, ""kick_power"": 0.0, ""kick_dir"": null}, {""move_vx"": -5.616068947507092, ""move_vy"": -2.8547801275836635, ""kick_power"": 0.0, ""kick_dir"": null}, {""move_vx"": -5.610651715761271, ""move_vy"": 1.3031451662900422, ""kick_power"": 0.0, ""kick_dir"": null}, {""move_vx"": -7.199059360583853, ""move_vy"": 0.11638007900838666, ""kick_power"": 0.0, ""kick_dir"": null}, {""move_vx"": -0.0, ""move_vy"": 0.0, ""kick_power"": 0.4, ""kick_dir"": [-0.2815273902902328, -0.9595529612023241]}]"
631,32,default,default,0,42.784514322699614,36.80834503400908,20,B,,-0.010084209413994863,0.005980958090984697,0.3245752972995774,"[{""move_vx"": 0.0, ""move_vy"": 0.0, ""kick_power"": 0.7, ""kick_dir"": [0.9999998824240457, -0.0004458124830878705]}, {""move_vx"": 5.49189484043283, ""move_vy"": 1.8652321736521826, ""kick_power"": 0.0, ""kick_dir"": null}, {""move_vx"": 4.7101546740046105, ""move_vy"": 2.032570526931974, ""kick_power"": 0.0, ""kick_dir"": null}, {""move_vx"": -5.4, ""move_vy"": 0.0, ""kick_power"": 0.0, ""kick_dir"": null}, {""move_vx"": 3.8886211913938618, ""move_vy"": -3.9036809846403404, ""kick_power"": 0.0, ""kick_dir"": null}, {""move_vx"": -4.313351365237939, ""move_vy"": -4.313351365237939, ""kick_power"": 0.0, ""kick_dir"": null}, {""move_vx"": 0.0, ""move_vy"": 6.0, ""kick_power"": 0.0, ""kick_dir"": null}, {""move_vx"": 6.0, ""move_vy"": 0.0, ""kick_power"": 0.0, ""kick_dir"": null}, {""move_vx"": 0.0, ""move_vy"": 0.0, ""kick_power"": 1.0, ""kick_dir"": [0.9575095797172551, -0.288401413168251]}, {""move_vx"": 0.0, ""move_vy"": 0.0, ""kick_power"": 0.0, ""kick_dir"": null}, {""move_vx"": -4.241359269365942, ""move_vy"": -4.658419425960227, ""kick_power"": 0.0, ""kick_dir"": null}, {""move_vx"": -4.9999741749034925, ""move_vy"": -0.01607016795640555, ""kick_power"": 0.0, ""kick_dir"": null}, {""move_vx"": -0.0, ""move_vy"": 0.0, ""kick_power"": 0.4, ""kick_dir"": [0.7125673010862542, 0.7016037053541172]}, {""move_vx"": -0.0, ""move_vy"": 0.0, ""kick_power"": 0.9, ""kick_dir"": [0.4286535020639099, -0.903468888518791]}, {""move_vx"": -6.856718485642426, ""move_vy"": -1.5052613090920255, ""kick_power"": 0.0, ""kick_dir"": null}, {""move_vx"": -0.0, ""move_vy"": 5.8, ""kick_power"": 0.0, ""kick_dir"": null}, {""move_vx"": -0.0, ""move_vy"": 0.0, ""kick_power"": 0.0, ""kick_dir"": null}, {""move_vx"": -5.726800162107674, ""move_vy"": -1.7899049983961501, ""kick_power"": 0.0, ""kick_dir"": null}, {""move_vx"": -5.664596700910062, ""move_vy"": -2.7572348859026965, ""kick_power"": 0.0, ""kick_dir"": null}, {""move_vx"": -5.612936623921283, ""move_vy"": 1.2932681299108693, ""kick_power"": 0.0, ""kick_dir"": null}, {""move_vx"": -7.199059360583853, ""move_vy"": 0.11638007900838783, ""kick_power"": 0.0, ""kick_dir"": null}, {""move_vx"": -0.0, ""move_vy"": 0.0, ""kick_power"": 0.4, ""kick_dir"": [-0.34192975840958134, -0.9397252920817539]}]"
631,33,default,default,0,42.30457703199402,36.816103705942965,20,B,,-0.006590204137887936,0.005468739417161919,0.3222293131590349,"[{""move_vx"": -4.495979700177809, ""move_vy"": 0.19017501305128523, ""kick_power"": 0.0, ""kick_dir"": null}, {""move_vx"": 5.491894840432831, ""move_vy"": 1.8652321736521833, ""kick_power"": 0.0, ""kick_dir"": null}, {""move_vx"": 4.691107697189807, ""move_vy"": 2.0761523483035997, ""kick_power"": 0.0, ""kick_dir"": null}, {""move_vx"": -5.4, ""move_vy"": 0.0, ""kick_power"": 0.0, ""kick_dir"": null}, {""move_vx"": 3.846015493086317, ""move_vy"": -3.945664053988886, ""kick_power"": 0.0, ""kick_dir"": null}, {""move_vx"": -4.313351365237939, ""move_vy"": -4.313351365237939, ""kick_power"": 0.0, ""kick_dir"": null}, {""move_vx"": 5.870178990067352, ""move_vy"": 1.2413696566985415, ""kick_power"": 0.0, ""kick_dir"": null}, {""move_vx"": 6.0, ""move_vy"": 0.0, ""kick_power"": 0.0, ""kick_dir"": null}, {""move_vx"": 0.0, ""move_vy"": 0.0, ""kick_power"": 1.0, ""kick_dir"": [0.9575095797172551, -0.288401413168251]}, {""move_vx"": 0.0, ""move_vy"": 0.0, ""kick_power"": 0.0, ""kick_dir"": null}, {""move_vx"": 0.0, ""move_vy"": 0.0, ""kick_power"": 1.0, ""kick_dir"": [0.9998417677473662, -0.017787723755652726]}, {""move_vx"": 3.5355339059327373, ""move_vy"": -3.5355339059327373, ""kick_power"": 0.0, ""kick_dir"": null}, {""move_vx"": -0.0, ""move_vy"": 0.0, ""kick_power"": 0.4, ""kick_dir"": [0.7187477297661999, 0.6952708962900699]}, {""move_vx"": -0.0, ""move_vy"": 0.0, ""kick_power"": 0.9, ""kick_dir"": [0.4139675560328256, -0.9102915565127568]}, {""move_vx"": -6.862695807661061, ""move_vy"": -1.4777707032930727, ""kick_power"": 0.0, ""kick_dir"": null}, {""move_vx"": -0.0, ""move_vy"": 0.0, ""kick_power"": 0.9, ""kick_dir"": [-0.21714493234585472, -0.976139305188053]}, {""move_vx"": -0.0, ""move_vy"": 0.0, ""kick_power"": 0.0, ""kick_dir"": null}, {""move_vx"": 4.242640687119285, ""move_vy"": 4.242640687119285, ""kick_power"": 0.0, ""kick_dir"": null}, {""move_vx"": -5.7098846834625405, ""move_vy"": -2.662182732563619, ""kick_power"": 0.0, ""kick_dir"": null}, {""move_vx"": -5.61519738566063, ""move_vy"": 1.2834166587940314, ""kick_power"": 0.0, ""kick_dir"": null}, {""move_vx"": -7.1990593605838535, ""move_vy"": 0.11638007900838666, ""kick_power"": 0.0, ""kick_dir"": null}, {""move_vx"": -0.0, ""move_vy"": 0.0, ""kick_power"": 0.4, ""kick_dir"": [-0.3949619072393158, -0.9186972848968387]}]"
631,34,default,default,0,41.82463974128843,36.823862377876864,20,B,,-0.0026935880621809676,-0.004260726385661802,0.326335938013143,"[{""move_vx"": 0.0, ""move_vy"": 0.0, ""kick_power"": 0.7, ""kick_dir"": [0.9999999698563835, -0.00015445988366268517]}, {""move_vx"": 5.491894840432831, ""move_vy"": 1.8652321736521835, ""kick_power"": 0.0, ""kick_dir"": null}, {""move_vx"": 4.670493669081212, ""move_vy"": 2.1221189615740967, ""kick_power"": 0.0, ""kick_dir"": null}, {""move_vx"": -5.4, ""move_vy"": 0.0, ""kick_power"": 0.0, ""kick_dir"": null}, {""move_vx"": 3.8014492533586552, ""move_vy"": -3.9886192566023295, ""kick_power"": 0.0, ""kick_dir"": null}, {""move_vx"": -4.313351365237939, ""move_vy"": -4.313351365237939, ""kick_power"": 0.0, ""kick_dir"": null}, {""move_vx"": 0.0, ""move_vy"": 6.0, ""kick_power"": 0.0, ""kick_dir"": null}, {""move_vx"": 6.0, ""move_vy"": 0.0, ""kick_power"": 0.0, ""kick_dir"": null}, {""move_vx"": 0.0, ""move_vy"": 0.0, ""kick_power"": 1.0, ""kick_dir"": [0.9575095797172551, -0.288401413168251]}, {""move_vx"": 5.504625470348692, ""move_vy"": 2.387278456985785, ""kick_power"": 0.0, ""kick_dir"": null}, {""move_vx"": 0.0, ""move_vy"": 0.0, ""kick_power"": 1.0, ""kick_dir"": [0.9998417677473662, -0.017787723755652726]}, {""move_vx"": 3.5355339059327373, ""move_vy"": -3.5355339059327373, ""kick_power"": 0.0, ""kick_dir"": null}, {""move_vx"": -0.0, ""move_vy"": 0.0, ""kick_power"": 0.4, ""kick_dir"": [0.7353209796771496, 0.6777189503400598]}, {""move_vx"": -0.0, ""move_vy"": 0.0, ""kick_power"": 0.9, ""kick_dir"": [0.3987444530978873, -0.9170620013742155]}, {""move_vx"": -6.868464428607184, ""move_vy"": -1.4507227140145684, ""kick_power"": 0.0, ""kick_dir"": null}, {""move_vx"": -0.0, ""move_vy"": 5.8, ""kick_power"": 0.0, ""kick_dir"": null}, {""move_vx"": -0.0, ""move_vy"": 0.0, ""kick_power"": 0.0, ""kick_dir"": null}, {""move_vx"": -5.720891869672307, ""move_vy"": -1.8087001452748634, ""kick_power"": 0.0, ""kick_dir"": null}, {""move_vx"": -5.752113938866521, ""move_vy"": -2.5696663663397015, ""kick_power"": 0.0, ""kick_dir"": null}, {""move_vx"": -5.617434120831301, ""move_vy"": 1.2735909461519719, ""kick_power"": 0.0, ""kick_dir"": null}, {""move_vx"": -7.1990593605838535, ""move_vy"": 0.11638007900838786, ""kick_power"": 0.0, ""kick_dir"": null}, {""move_vx"": -0.0, ""move_vy"": 0.0, ""kick_power"": 0.4, ""kick_dir"": [-0.44164743681539986, -0.8971884829903354]}]"
631,35,default,default,0,41.34470245058284,36.83162104981075,20,B,,0.0007958009924918406,-0.006640830737846167,0.3224802106305109,"[{""move_vx"": -4.457604812328305, ""move_vy"": 0.6162461659982414, ""kick_power"": 0.0, ""kick_dir"": null}, {""move_vx"": 5.49189484043283, ""move_vy"": 1.8652321736521835, ""kick_power"": 0.0, ""kick_dir"": null}, {""move_vx"": 4.648123197891433, ""move_vy"": 2.1706797868924665, ""kick_power"": 0.0, ""kick_dir"": null}, {""move_vx"": -5.4, ""move_vy"": 0.0, ""kick_power"": 0.0, ""kick_dir"": null}, {""move_vx"": 3.7548004551559724, ""move_vy"": -4.0325641398445855, ""kick_power"": 0.0, ""kick_dir"": null}, {""move_vx"": -4.313351365237939, ""move_vy"": -4.313351365237939, ""kick_power"": 0.0, ""kick_dir"": null}, {""move_vx"": 0.0, ""move_vy"": 6.0, ""kick_power"": 0.0, ""kick_dir"": null}, {""move_vx"": 6.0, ""move_vy"": 0.0, ""kick_power"": 0.0, ""kick_dir"": null}, {""move_vx"": 0.0, ""move_vy"": 0.0, ""kick_power"": 1.0, ""kick_dir"": [0.9575095797172551, -0.288401413168251]}, {""move_vx"": 5.504625470348692, ""move_vy"": 2.3872784569857846, ""kick_power"": 0.0, ""kick_dir"": null}, {""move_vx"": 0.0, ""move_vy"": 0.0, ""kick_power"": 1.0, ""kick_dir"": [0.9998417677473662, -0.017787723755652726]}, {""move_vx"": 3.5355339059327373, ""move_vy"": -3.5355339059327373, ""kick_power"": 0.0, ""kick_dir"": null}, {""move_vx"": -0.0, ""move_vy"": 0.0, ""kick_power"": 0.4, ""kick_dir"": [0.7512515007154577, 0.6600159862053238]}, {""move_vx"": -0.0, ""move_vy"": 0.0, ""kick_power"": 0.9, ""kick_dir"": [0.3829724865094284, -0.9237596688193143]}, {""move_vx"": -6.874031234423394, ""move_vy"": -1.4241118594308504, ""kick_power"": 0.0, ""kick_dir"": null}, {""move_vx"": -0.0, ""move_vy"": 5.8, ""kick_power"": 0.0, ""kick_dir"": null}, {""move_vx"": -0.0, ""move_vy"": 0.0, ""kick_power"": 0.0, ""kick_dir"": null}, {""move_vx"": 4.242640687119285, ""move_vy"": 4.242640687119285, ""kick_power"": 0.0, ""kick_dir"": null}, {""move_vx"": -5.791461108295278, ""move_vy"": -2.4797133364772734, ""kick_power"": 0.0, ""kick_dir"": null}, {""move_vx"": -4.435530690116146, ""move_vy"": 4.158421274599026, ""kick_power"": 0.0, ""kick_dir"": null}, {""move_vx"": -7.199059360583853, ""move_vy"": 0.11638007900838666, ""kick_power"": 0.0, ""kick_dir"": null}, {""move_vx"": -0.0, ""move_vy"": 0.0, ""kick_power"": 0.4, ""kick_dir"": [-0.4828959740225, -0.8756775272337902]}]"
631,36,default,default,0,40.984749482553646,36.83744005376117,20,B,,0.0032254074256349613,-0.007321512538860267,0.33361780467947655,"[{""move_vx"": -4.445140067540915, ""move_vy"": -0.7005210774433219, ""kick_power"": 0.0, ""kick_dir"": null}, {""move_vx"": 5.491894840432831, ""move_vy"": 1.865232173652184, ""kick_power"": 0.0, ""kick_dir"": null}, {""move_vx"": 4.623776444557228, ""move_vy"": 2.222069168760892, ""kick_power"": 0.0, ""kick_dir"": null}, {""move_vx"": -5.4, ""move_vy"": 0.0, ""kick_power"": 0.0, ""kick_dir"": null}, {""move_vx"": 3.7059380688595644, ""move_vy"": -4.077514319996613, ""kick_power"": 0.0, ""kick_dir"": null}, {""move_vx"": -4.313351365237939, ""move_vy"": -4.313351365237939, ""kick_power"": 0.0, ""kick_dir"": null}, {""move_vx"": 0.0, ""move_vy"": 6.0, ""kick_power"": 0.0, ""kick_dir"": null}, {""move_vx"": 0.0, ""move_vy"": 0.0, ""kick_power"": 0.0, ""kick_dir"": null}, {""move_vx"": 0.0, ""move_vy"": 0.0, ""kick_power"": 1.0, ""kick_dir"": [0.9575095797172551, -0.288401413168251]}, {""move_vx"": 5.504625470348693, ""move_vy"": 2.387278456985784, ""kick_power"": 0.0, ""kick_dir"": null}, {""move_vx"": 0.0, ""move_vy"": 0.0, ""kick_power"": 1.0, ""kick_dir"": [0.9998417677473662, -0.017787723755652726]}, {""move_vx"": 3.5355339059327373, ""move_vy"": -3.5355339059327373, ""kick_power"": 0.0, ""kick_dir"": null}, {""move_vx"": -0.0, ""move_vy"": 0.0, ""kick_power"": 0.4, ""kick_dir"": [0.7665347704157517, 0.6422027450301487]}, {""move_vx"": -0.0, ""move_vy"": 0.0, ""kick_power"": 0.9, ""kick_dir"": [0.36664834834276616, -0.9303595206832369]}, {""move_vx"": -6.879402907224696, ""move_vy"": -1.3979326307331146, ""kick_power"": 0.0, ""kick_dir"": null}, {""move_vx"": -0.0, ""move_vy"": 5.8, ""kick_power"": 0.0, ""kick_dir"": null}, {""move_vx"": -0.0, ""move_vy"": 0.0, ""kick_power"": 0.0, ""kick_dir"": null}, {""move_vx"": -5.3982935313563525, ""move_vy"": -0.13574589981349722, ""kick_power"": 0.0, ""kick_dir"": null}, {""move_vx"": -5.828097556847288, ""move_vy"": -2.3923375321786597, ""kick_power"": 0.0, ""kick_dir"": null}, {""move_vx"": -5.630845786309946, ""move_vy"": 1.2129203315945951, ""kick_power"": 0.0, ""kick_dir"": null}, {""move_vx"": -5.39929452043789, ""move_vy"": 0.08728505925627428, ""kick_power"": 0.0, ""kick_dir"": null}, {""move_vx"": -0.0, ""move_vy"": 0.0, ""kick_power"": 0.4, ""kick_dir"": [-0.5194937351540408, -0.8544740672890502]}]"
631,37,default,default,0,40.50481219184805,36.84519872569507,20,B,,0.0067128921633924825,-0.008932543883937352,0.3259746935556384,"[{""move_vx"": -4.429822794286783, ""move_vy"": 0.7916249182644787, ""kick_power"": 0.0, ""kick_dir"": null}, {""move_vx"": 5.49189484043283, ""move_vy"": 1.865232173652184, ""kick_power"": 0.0, ""kick_dir"": null}, {""move_vx"": 5.93541170972076, ""move_vy"": 0.23342629695411102, ""kick_power"": 0.0, ""kick_dir"": null}, {""move_vx"": -5.4, ""move_vy"": 0.0, ""kick_power"": 0.0, ""kick_dir"": null}, {""move_vx"": 5.2217182605266155, ""move_vy"": -2.5246105457442143, ""kick_power"": 0.0, ""kick_dir"": null}, {""move_vx"": -4.313351365237939, ""move_vy"": -4.313351365237939, ""kick_power"": 0.0, ""kick_dir"": null}, {""move_vx"": 0.0, ""move_vy"": 6.0, ""kick_power"": 0.0, ""kick_dir"": null}, {""move_vx"": 6.0, ""move_vy"": 0.0, ""kick_power"": 0.0, ""kick_dir"": null}, {""move_vx"": 0.0, ""move_vy"": 0.0, ""kick_power"": 1.0, ""kick_dir"": [0.9575095797172551, -0.288401413168251]}, {""move_vx"": 5.504625470348694, ""move_vy"": 2.3872784569857837, ""kick_power"": 0.0, ""kick_dir"": null}, {""move_vx"": 0.0, ""move_vy"": 0.0, ""kick_power"": 1.0, ""kick_dir"": [0.9998417677473662, -0.017787723755652726]}, {""move_vx"": 3.5355339059327373, ""move_vy"": -3.5355339059327373, ""kick_power"": 0.0, ""kick_dir"": null}, {""move_vx"": -0.0, ""move_vy"": 0.0, ""kick_power"": 0.4, ""kick_dir"": [-0.349770103400215, 0.9368354827458646]}, {""move_vx"": -0.0, ""move_vy"": 0.0, ""kick_power"": 0.9, ""kick_dir"": [0.349770103400215, -0.9368354827458646]}, {""move_vx"": -6.883315733309708, ""move_vy"": -1.3785370925626357, ""kick_power"": 0.0, ""kick_dir"": null}, {""move_vx"": -0.0, ""move_vy"": 5.8, ""kick_power"": 0.0, ""kick_dir"": null}, {""move_vx"": -0.0, ""move_vy"": 0.0, ""kick_power"": 0.0, ""kick_dir"": null}, {""move_vx"": 4.242640687119285, ""move_vy"": 4.242640687119285, ""kick_power"": 0.0, ""kick_dir"": null}, {""move_vx"": -5.853997824149535, ""move_vy"": -2.328241713150186, ""kick_power"": 0.0, ""kick_dir"": null}, {""move_vx"": -5.63236361370736, ""move_vy"": 1.2058524466058755, ""kick_power"": 0.0, ""kick_dir"": null}, {""move_vx"": -7.1990593605838535, ""move_vy"": 0.11638007900838758, ""kick_power"": 0.0, ""kick_dir"": null}, {""move_vx"": -0.0, ""move_vy"": 0.0, ""kick_power"": 0.4, ""kick_dir"": [0.9215756397325265, -0.3881986315568011]}]"
631,38,default,default,0,40.14485922381886,36.85101772964549,20,B,,0.009144520095651544,-0.01300159866982487,0.3378652345905928,"[{""move_vx"": -4.411482478840588, ""move_vy"": -0.8881567085162991, ""kick_power"": 0.0, ""kick_dir"": null}, {""move_vx"": 5.49189484043283, ""move_vy"": 1.8652321736521842, ""kick_power"": 0.0, ""kick_dir"": null}, {""move_vx"": 4.553925163109953, ""move_vy"": 2.3619198988945405, ""kick_power"": 0.0, ""kick_dir"": null}, {""move_vx"": -5.4, ""move_vy"": 0.0, ""kick_power"": 0.0, ""kick_dir"": null}, {""move_vx"": 0.0, ""move_vy"": 0.0, ""kick_power"": 0.9, ""kick_dir"": [0.16185418312166458, 0.9868145658407844]}, {""move_vx"": -4.313351365237939, ""move_vy"": -4.313351365237939, ""kick_power"": 0.0, ""kick_dir"": null}, {""move_vx"": 0.0, ""move_vy"": 6.0, ""kick_power"": 0.0, ""kick_dir"": null}, {""move_vx"": 6.0, ""move_vy"": 0.0, ""kick_power"": 0.0, ""kick_dir"": null}, {""move_vx"": 0.0, ""move_vy"": 0.0, ""kick_power"": 1.0, ""kick_dir"": [0.9575095797172551, -0.288401413168251]}, {""move_vx"": 5.504625470348693, ""move_vy"": 2.387278456985783, ""kick_power"": 0.0, ""kick_dir"": null}, {""move_vx"": 0.0, ""move_vy"": 0.0, ""kick_power"": 1.0, ""kick_dir"": [0.9998417677473662, -0.017787723755652726]}, {""move_vx"": 3.5355339059327373, ""move_vy"": -3.5355339059327373, ""kick_power"": 0.0, ""kick_dir"": null}, {""move_vx"": -0.0, ""move_vy"": 0.0, ""kick_power"": 0.4, ""kick_dir"": [-0.33231298739445453, 0.943169085192821]}, {""move_vx"": -0.0, ""move_vy"": 0.0, ""kick_power"": 0.9, ""kick_dir"": [0.33231298739445453, -0.943169085192821]}, {""move_vx"": -6.888382415135107, ""move_vy"": -1.3529921296361738, ""kick_power"": 0.0, ""kick_dir"": null}, {""move_vx"": -0.0, ""move_vy"": 5.8, ""kick_power"": 0.0, ""kick_dir"": null}, {""move_vx"": -0.0, ""move_vy"": 0.0, ""kick_power"": 0.0, ""kick_dir"": null}, {""move_vx"": -5.3973436101378764, ""move_vy"": -0.16935747430756223, ""kick_power"": 0.0, ""kick_dir"": null}, {""move_vx"": -5.886534157379398, ""move_vy"": -2.244708358340929, ""kick_power"": 0.0, ""kick_dir"": null}, {""move_vx"": -5.634371559837408, ""move_vy"": 1.196435174046374, ""kick_power"": 0.0, ""kick_dir"": null}, {""move_vx"": -5.39929452043789, ""move_vy"": 0.08728505925627428, ""kick_power"": 0.0, ""kick_dir"": null}, {""move_vx"": -0.0, ""move_vy"": 0.0, ""kick_power"": 0.4, ""kick_dir"": [0.9127824270392215, -0.40844592411709196]}]"
631,39,default,default,0,39.66492193311327,36.85877640157938,20,B,,0.012629872718268128,-0.007478913298326485,0.3322001272178677,"[{""move_vx"": -4.390201483018494, ""move_vy"": 0.9879933899081615, ""kick_power"": 0.0, ""kick_dir"": null}, {""move_vx"": 5.491894840432831, ""move_vy"": 1.8652321736521846, ""kick_power"": 0.0, ""kick_dir"": null}, {""move_vx"": 4.52973419232526, ""move_vy"": 2.407988402563314, ""kick_power"": 0.0, ""kick_dir"": null}, {""move_vx"": -5.4, ""move_vy"": 0.0, ""kick_power"": 0.0, ""kick_dir"": null}, {""move_vx"": 0.0, ""move_vy"": 0.0, ""kick_power"": 0.9, ""kick_dir"": [0.1268190612958059, 0.9919257478891599]}, {""move_vx"": -4.313351365237939, ""move_vy"": -4.313351365237939, ""kick_power"": 0.0, ""kick_dir"": null}, {""move_vx"": 4.231328213271333, ""move_vy"": -3.354975640980726, ""kick_power"": 0.0, ""kick_dir"": null}, {""move_vx"": 6.0, ""move_vy"": 0.0, ""kick_power"": 0.0, ""kick_dir"": null}, {""move_vx"": 0.0, ""move_vy"": 0.0, ""kick_power"": 1.0, ""kick_dir"": [0.9575095797172551, -0.288401413168251]}, {""move_vx"": 5.504625470348694, ""move_vy"": 2.387278456985782, ""kick_power"": 0.0, ""kick_dir"": null}, {""move_vx"": 0.0, ""move_vy"": 0.0, ""kick_power"": 1.0, ""kick_dir"": [0.9998417677473662, -0.017787723755652726]}, {""move_vx"": 3.5355339059327373, ""move_vy"": -3.5355339059327373, ""kick_power"": 0.0, ""kick_dir"": null}, {""move_vx"": -6.97456977468608, ""move_vy"": 2.8647820960825907, ""kick_power"": 0.0, ""kick_dir"": null}, {""move_vx"": -0.0, ""move_vy"": 0.0, ""kick_power"": 0.9, ""kick_dir"": [0.3142595383645006, -0.9493370240780801]}, {""move_vx"": -6.892072232489513, ""move_vy"": -1.3340690919690177, ""kick_power"": 0.0, ""kick_dir"": null}, {""move_vx"": -0.0, ""move_vy"": 5.8, ""kick_power"": 0.0, ""kick_dir"": null}, {""move_vx"": -0.0, ""move_vy"": 0.0, ""kick_power"": 0.0, ""kick_dir"": null}, {""move_vx"": 4.242640687119285, ""move_vy"": 4.242640687119285, ""kick_power"": 0.0, ""kick_dir"": null}, {""move_vx"": -5.909504644153839, ""move_vy"": -2.183518916960469, ""kick_power"": 0.0, ""kick_dir"": null}, {""move_vx"": -5.635865662520781, ""move_vy"": 1.1893772463012766, ""kick_power"": 0.0, ""kick_dir"": null}, {""move_vx"": -7.1990593605838535, ""move_vy"": 0.11638007900838607, ""kick_power"": 0.0, ""kick_dir"": null}, {""move_vx"": -0.0, ""move_vy"": 0.0, ""kick_power"": 0.4, ""kick_dir"": [0.9029697446195977, -0.42970392925458945]}]"
631,40,default,default,0,39.30496896508408,36.8645954055298,20,B,,0.01506365931076328,-0.001372571324199821,0.3371321178048585,"[{""move_vx"": -4.366403984216675, ""move_vy"": -1.088354834884625, ""kick_power"": 0.0, ""kick_dir"": null}, {""move_vx"": 5.491894840432831, ""move_vy"": 1.8652321736521849, ""kick_power"": 0.0, ""kick_dir"": null}, {""move_vx"": 4.494518396859125, ""move_vy"": 2.473096112223477, ""kick_power"": 0.0, ""kick_dir"": null}, {""move_vx"": 1.9933517847673534, ""move_vy"": -4.134567530246035, ""kick_power"": 0.0, ""kick_dir"": null}, {""move_vx"": 3.425120519845823, ""move_vy"": -4.316091915672218, ""kick_power"": 0.0, ""kick_dir"": null}, {""move_vx"": -4.313351365237939, ""move_vy"": -4.313351365237939, ""kick_power"": 0.0, ""kick_dir"": null}, {""move_vx"": 4.127960910926382, ""move_vy"": -3.4813702356778773, ""kick_power"": 0.0, ""kick_dir"": null}, {""move_vx"": 6.0, ""move_vy"": 0.0, ""kick_power"": 0.0, ""kick_dir"": null}, {""move_vx"": 0.0, ""move_vy"": 0.0, ""kick_power"": 1.0, ""kick_dir"": [0.9575095797172551, -0.288401413168251]}, {""move_vx"": 5.504625470348695, ""move_vy"": 2.3872784569857814, ""kick_power"": 0.0, ""kick_dir"": null}, {""move_vx"": 0.0, ""move_vy"": 0.0, ""kick_power"": 1.0, ""kick_dir"": [0.9998417677473662, -0.017787723755652726]}, {""move_vx"": 3.5355339059327373, ""move_vy"": -3.5355339059327373, ""kick_power"": 0.0, ""kick_dir"": null}, {""move_vx"": -0.0, ""move_vy"": 0.0, ""kick_power"": 0.4, ""kick_dir"": [-0.28492534436586503, 0.9585496266773219]}, {""move_vx"": -0.0, ""move_vy"": 0.0, ""kick_power"": 0.9, ""kick_dir"": [0.28492534436586503, -0.9585496266773219]}, {""move_vx"": -0.0, ""move_vy"": 0.0, ""kick_power"": 0.9, ""kick_dir"": [0.685727057633557, -0.7278586679457243]}, {""move_vx"": -0.0, ""move_vy"": 5.8, ""kick_power"": 0.0, ""kick_dir"": null}, {""move_vx"": -0.0, ""move_vy"": 0.0, ""kick_power"": 0.0, ""kick_dir"": null}, {""move_vx"": -5.396216436079793, ""move_vy"": -0.2021093144372897, ""kick_power"": 0.0, ""kick_dir"": null}, {""move_vx"": -5.938323606919129, ""move_vy"": -2.103880400475987, ""kick_power"": 0.0, ""kick_dir"": null}, {""move_vx"": -5.637842012305218, ""move_vy"": 1.1799734930439116, ""kick_power"": 0.0, ""kick_dir"": null}, {""move_vx"": -5.39929452043789, ""move_vy"": 0.08728505925627428, ""kick_power"": 0.0, ""kick_dir"": null}, {""move_vx"": -0.0, ""move_vy"": 0.0, ""kick_power"": 0.4, ""kick_dir"": [0.891990908584077, -0.4520531381534306]}]"
631,41,default,default,0,38.94501599705489,36.87041440948022,20,B,,0.017472848357426508,-0.0057327778468660336,0.3396392763462627,"[{""move_vx"": -4.34088806124621, ""move_vy"": 1.1860399823488739, ""kick_power"": 0.0, ""kick_dir"": null}, {""move_vx"": 5.49189484043283, ""move_vy"": 1.8652321736521849, ""kick_power"": 0.0, ""kick_dir"": null}, {""move_vx"": 4.465595860157737, ""move_vy"": 2.5249462595750605, ""kick_power"": 0.0, ""kick_dir"": null}, {""move_vx"": -5.4, ""move_vy"": 0.0, ""kick_power"": 0.0, ""kick_dir"": null}, {""move_vx"": 0.0, ""move_vy"": 0.0, ""kick_power"": 0.9, ""kick_dir"": [0.06259356103253369, 0.9980389857218981]}, {""move_vx"": 0.0, ""move_vy"": 0.0, ""kick_power"": 0.65, ""kick_dir"": [-0.10343087802337193, 0.9946365875377561]}, {""move_vx"": 4.038851315273836, ""move_vy"": -3.5843660601438043, ""kick_power"": 0.0, ""kick_dir"": null}, {""move_vx"": 6.0, ""move_vy"": 0.0, ""kick_power"": 0.0, ""kick_dir"": null}, {""move_vx"": 0.0, ""move_vy"": 0.0, ""kick_power"": 1.0, ""kick_dir"": [0.9575095797172551, -0.288401413168251]}, {""move_vx"": 5.504625470348694, ""move_vy"": 2.38727845698578, ""kick_power"": 0.0, ""kick_dir"": null}, {""move_vx"": 0.0, ""move_vy"": 0.0, ""kick_power"": 1.0, ""kick_dir"": [0.9998417677473662, -0.017787723755652726]}, {""move_vx"": 3.5355339059327373, ""move_vy"": -3.5355339059327373, ""kick_power"": 0.0, ""kick_dir"": null}, {""move_vx"": -0.0, ""move_vy"": 0.0, ""kick_power"": 0.4, ""kick_dir"": [-0.2651565913260926, 0.9642052782628314]}, {""move_vx"": -0.0, ""move_vy"": 0.0, ""kick_power"": 0.9, ""kick_dir"": [0.2651565913260926, -0.9642052782628314]}, {""move_vx"": -6.900509275945935, ""move_vy"": -1.2897176949178142, ""kick_power"": 0.0, ""kick_dir"": null}, {""move_vx"": -0.0, ""move_vy"": 5.8, ""kick_power"": 0.0, ""kick_dir"": null}, {""move_vx"": -0.0, ""move_vy"": 0.0, ""kick_power"": 0.0, ""kick_dir"": null}, {""move_vx"": 4.242640687119285, ""move_vy"": 4.242640687119285, ""kick_power"": 0.0, ""kick_dir"": null}, {""move_vx"": -5.9586445677904765, ""move_vy"": -2.045618467540086, ""kick_power"": 0.0, ""kick_dir"": null}, {""move_vx"": -5.639312445739427, ""move_vy"": 1.1729258882505822, ""kick_power"": 0.0, ""kick_dir"": null}, {""move_vx"": -5.39929452043789, ""move_vy"": 0.08728505925627428, ""kick_power"": 0.0, ""kick_dir"": null}, {""move_vx"": -0.0, ""move_vy"": 0.0, ""kick_power"": 0.4, ""kick_dir"": [0.8981885980375088, -0.4396101300812629]}]"
631,42,default,default,0,38.5850630290257,36.87623341343064,20,B,,0.019908682434407618,-0.0022867904444378645,0.3481343311090443,"[{""move_vx"": -4.314761242039067, ""move_vy"": -1.2778244888080266, ""kick_power"": 0.0, ""kick_dir"": null}, {""move_vx"": 5.49189484043283, ""move_vy"": 1.8652321736521853, ""kick_power"": 0.0, ""kick_dir"": null}, {""move_vx"": 4.434131672497611, ""move_vy"": 2.5798016030217394, ""kick_power"": 0.0, ""kick_dir"": null}, {""move_vx"": 2.5031943671601575, ""move_vy"": -3.847352071258576, ""kick_power"": 0.0, ""kick_dir"": null}, {""move_vx"": 3.2910992912512094, ""move_vy"": -4.419136279311353, ""kick_power"": 0.0, ""kick_dir"": null}, {""move_vx"": -4.313351365237939, ""move_vy"": -4.313351365237939, ""kick_power"": 0.0, ""kick_dir"": null}, {""move_vx"": 3.9371273111869503, ""move_vy"": -3.695812297114914, ""kick_power"": 0.0, ""kick_dir"": null}, {""move_vx"": 6.0, ""move_vy"": 0.0, ""kick_power"": 0.0, ""kick_dir"": null}, {""move_vx"": 0.0, ""move_vy"": 0.0, ""kick_power"": 1.0, ""kick_dir"": [0.9575095797172551, -0.288401413168251]}, {""move_vx"": 5.504625470348696, ""move_vy"": 2.38727845698578, ""kick_power"": 0.0, ""kick_dir"": null}, {""move_vx"": 0.0, ""move_vy"": 0.0, ""kick_power"": 1.0, ""kick_dir"": [0.9998417677473662, -0.017787723755652726]}, {""move_vx"": 3.5355339059327373, ""move_vy"": -3.5355339059327373, ""kick_power"": 0.0, ""kick_dir"": null}, {""move_vx"": -0.0, ""move_vy"": 0.0, ""kick_power"": 0.4, ""kick_dir"": [-0.2447571091905759, 0.9695843397861306]}, {""move_vx"": -0.0, ""move_vy"": 0.0, ""kick_power"": 0.9, ""kick_dir"": [0.2447571091905759, -0.9695843397861306]}, {""move_vx"": -6.903814156934799, ""move_vy"": -1.2719080495486488, ""kick_power"": 0.0, ""kick_dir"": null}, {""move_vx"": -0.0, ""move_vy"": 5.8, ""kick_power"": 0.0, ""kick_dir"": null}, {""move_vx"": -0.0, ""move_vy"": 0.0, ""kick_power"": 0.0, ""kick_dir"": null}, {""move_vx"": -5.394906601250295, ""move_vy"": -0.2344840373799443, ""kick_power"": 0.0, ""kick_dir"": null}, {""move_vx"": -5.97800139406105, ""move_vy"": -1.9883408492017018, ""kick_power"": 0.0, ""kick_dir"": null}, {""move_vx"": -5.640775709470055, ""move_vy"": 1.1658685155079092, ""kick_power"": 0.0, ""kick_dir"": null}, {""move_vx"": -5.39929452043789, ""move_vy"": 0.08728505925627428, ""kick_power"": 0.0, ""kick_dir"": null}, {""move_vx"": -0.0, ""move_vy"": 0.0, ""kick_power"": 0.0, ""kick_dir"": null}]"
631,43,default,default,0,38.225110060996506,36.88205241738106,20,B,,0.022315979868258007,-0.005092846743715203,0.3499634248416629,"[{""move_vx"": -4.289272578034086, ""move_vy"": 1.3609337791842875, ""kick_power"": 0.0, ""kick_dir"": null}, {""move_vx"": 5.491894840432831, ""move_vy"": 1.8652321736521853, ""kick_power"": 0.0, ""kick_dir"": null}, {""move_vx"": 4.399790271361338, ""move_vy"": 2.637943435336345, ""kick_power"": 0.0, ""kick_dir"": null}, {""move_vx"": -3.8183766184073566, ""move_vy"": -3.8183766184073566, ""kick_power"": 0.0, ""kick_dir"": null}, {""move_vx"": 0.0, ""move_vy"": 0.0, ""kick_power"": 0.9, ""kick_dir"": [0.0030529106408666395, 0.9999952290554994]}, {""move_vx"": 0.0, ""move_vy"": 0.0, ""kick_power"": 0.65, ""kick_dir"": [-0.045057448897613664, 0.9989843426772745]}, {""move_vx"": 3.820099949261304, ""move_vy"": -3.816652509418927, ""kick_power"": 0.0, ""kick_dir"": null}, {""move_vx"": 6.0, ""move_vy"": 0.0, ""kick_power"": 0.0, ""kick_dir"": null}, {""move_vx"": 0.0, ""move_vy"": 0.0, ""kick_power"": 1.0, ""kick_dir"": [0.9575095797172551, -0.288401413168251]}, {""move_vx"": 5.504625470348696, ""move_vy"": 2.3872784569857792, ""kick_power"": 0.0, ""kick_dir"": null}, {""move_vx"": 0.0, ""move_vy"": 0.0, ""kick_power"": 1.0, ""kick_dir"": [0.9998417677473662, -0.017787723755652726]}, {""move_vx"": 3.5355339059327373, ""move_vy"": -3.5355339059327373, ""kick_power"": 0.0, ""kick_dir"": null}, {""move_vx"": -0.0, ""move_vy"": 0.0, ""kick_power"": 0.4, ""kick_dir"": [-0.22372531329794518, 0.9746521515772234]}, {""move_vx"": -0.0, ""move_vy"": 0.0, ""kick_power"": 0.9, ""kick_dir"": [0.22372531329794518, -0.9746521515772234]}, {""move_vx"": -6.9070453126047875, ""move_vy"": -1.2542428192436426, ""kick_power"": 0.0, ""kick_dir"": null}, {""move_vx"": -0.0, ""move_vy"": 5.8, ""kick_power"": 0.0, ""kick_dir"": null}, {""move_vx"": -0.0, ""move_vy"": 0.0, ""kick_power"": 0.0, ""kick_dir"": null}, {""move_vx"": -5.394966360572596, ""move_vy"": -0.23310505848239085, ""kick_power"": 0.0, ""kick_dir"": null}, {""move_vx"": -5.996428183071142, ""move_vy"": -1.932058240651697, ""kick_power"": 0.0, ""kick_dir"": null}, {""move_vx"": -5.642231781306532, ""move_vy"": 1.158801331555378, ""kick_power"": 0.0, ""kick_dir"": null}, {""move_vx"": -5.39929452043789, ""move_vy"": 0.08728505925627428, ""kick_power"": 0.0, ""kick_dir"": null}, {""move_vx"": -0.0, ""move_vy"": 0.0, ""kick_power"": 0.4, ""kick_dir"": [0.8738858517949568, -0.4861309802508833]}]"
631,44,default,default,0,37.865157092967316,36.88787142133148,20,B,,0.024753501621996996,-0.008900136334615342,0.3521095513351074,"[{""move_vx"": -4.265585963753572, ""move_vy"": -1.4334491221625254, ""kick_power"": 0.0, ""kick_dir"": null}, {""move_vx"": 5.491894840432831, ""move_vy"": 1.8652321736521849, ""kick_power"": 0.0, ""kick_dir"": null}, {""move_vx"": 4.362176447899168, ""move_vy"": 2.699688248186037, ""kick_power"": 0.0, ""kick_dir"": null}, {""move_vx"": -3.8183766184073566, ""move_vy"": -3.8183766184073566, ""kick_power"": 0.0, ""kick_dir"": null}, {""move_vx"": 3.1428481508297383, ""move_vy"": -4.5257712603296785, ""kick_power"": 0.0, ""kick_dir"": null}, {""move_vx"": -4.313351365237939, ""move_vy"": -4.313351365237939, ""kick_power"": 0.0, ""kick_dir"": null}, {""move_vx"": 5.880524815384126, ""move_vy"": 1.1913974549458688, ""kick_power"": 0.0, ""kick_dir"": null}, {""move_vx"": 6.0, ""move_vy"": 0.0, ""kick_power"": 0.0, ""kick_dir"": null}, {""move_vx"": 0.0, ""move_vy"": 0.0, ""kick_power"": 1.0, ""kick_dir"": [0.9575095797172551, -0.288401413168251]}, {""move_vx"": 5.504625470348696, ""move_vy"": 2.3872784569857783, ""kick_power"": 0.0, ""kick_dir"": null}, {""move_vx"": 0.0, ""move_vy"": 0.0, ""kick_power"": 1.0, ""kick_dir"": [0.9998417677473662, -0.017787723755652726]}, {""move_vx"": 3.5355339059327373, ""move_vy"": -3.5355339059327373, ""kick_power"": 0.0, ""kick_dir"": null}, {""move_vx"": -0.0, ""move_vy"": 0.0, ""kick_power"": 0.4, ""kick_dir"": [-0.20206280978974098, 0.9793724782940693]}, {""move_vx"": -0.0, ""move_vy"": 0.0, ""kick_power"": 0.9, ""kick_dir"": [0.20206280978974098, -0.9793724782940693]}, {""move_vx"": -6.910203975528573, ""move_vy"": -1.2367218832822175, ""kick_power"": 0.0, ""kick_dir"": null}, {""move_vx"": -0.0, ""move_vy"": 5.8, ""kick_power"": 0.0, ""kick_dir"": null}, {""move_vx"": -0.0, ""move_vy"": 0.0, ""kick_power"": 0.0, ""kick_dir"": null}, {""move_vx"": -5.395025768316229, ""move_vy"": -0.23172604343035363, ""kick_power"": 0.0, ""kick_dir"": null}, {""move_vx"": -6.013958675004536, ""move_vy"": -1.8767794370510562, ""kick_power"": 0.0, ""kick_dir"": null}, {""move_vx"": -4.672379160598976, ""move_vy"": 3.368452609077411, ""kick_power"": 0.0, ""kick_dir"": null}, {""move_vx"": -5.39929452043789, ""move_vy"": 0.08728505925627428, ""kick_power"": 0.0, ""kick_dir"": null}, {""move_vx"": -0.0, ""move_vy"": 0.0, ""kick_power"": 0.4, ""kick_dir"": [0.8594754988822678, -0.5111767524118629]}]"
631,45,default,default,0,37.505204124938125,36.8936904252819,20,B,,0.027159359063549538,-0.0009559254316052722,0.35453069267279297,"[{""move_vx"": -4.244576007378079, ""move_vy"": 1.4945148100940222, ""kick_power"": 0.0, ""kick_dir"": null}, {""move_vx"": 5.49189484043283, ""move_vy"": 1.8652321736521849, ""kick_power"": 0.0, ""kick_dir"": null}, {""move_vx"": 4.320821934328679, ""move_vy"": 2.7653928856175516, ""kick_power"": 0.0, ""kick_dir"": null}, {""move_vx"": 3.5993484541440393, ""move_vy"": -2.848296105683346, ""kick_power"": 0.0, ""kick_dir"": null}, {""move_vx"": 0.0, ""move_vy"": 0.0, ""kick_power"": 0.9, ""kick_dir"": [-0.051602914593897896, 0.9986675748575397]}, {""move_vx"": 0.0, ""move_vy"": 0.0, ""kick_power"": 0.65, ""kick_dir"": [0.01042254041741635, 0.9999456306641381]}, {""move_vx"": 5.880524815384126, ""move_vy"": 1.1913974549458688, ""kick_power"": 0.0, ""kick_dir"": null}, {""move_vx"": 0.0, ""move_vy"": 0.0, ""kick_power"": 0.0, ""kick_dir"": null}, {""move_vx"": 0.0, ""move_vy"": 0.0, ""kick_power"": 1.0, ""kick_dir"": [0.9575095797172551, -0.288401413168251]}, {""move_vx"": 5.504625470348696, ""move_vy"": 2.3872784569857775, ""kick_power"": 0.0, ""kick_dir"": null}, {""move_vx"": 0.0, ""move_vy"": 0.0, ""kick_power"": 1.0, ""kick_dir"": [0.9998417677473662, -0.017787723755652726]}, {""move_vx"": -3.6580348675166863, ""move_vy"": 2.163626794997737, ""kick_power"": 0.0, ""kick_dir"": null}, {""move_vx"": -0.0, ""move_vy"": 0.0, ""kick_power"": 0.4, ""kick_dir"": [-0.17977468988048512, 0.9837077255009624]}, {""move_vx"": -0.0, ""move_vy"": 0.0, ""kick_power"": 0.9, ""kick_dir"": [0.17977468988048512, -0.9837077255009624]}, {""move_vx"": -6.913291366678198, ""move_vy"": -1.2193451026730273, ""kick_power"": 0.0, ""kick_dir"": null}, {""move_vx"": -0.0, ""move_vy"": 5.8, ""kick_power"": 0.0, ""kick_dir"": null}, {""move_vx"": -0.0, ""move_vy"": 0.0, ""kick_power"": 0.0, ""kick_dir"": null}, {""move_vx"": -5.3950848244574425, ""move_vy"": -0.2303469924027881, ""kick_power"": 0.0, ""kick_dir"": null}, {""move_vx"": -6.030626180763109, ""move_vy"": -1.8225114177679553, ""kick_power"": 0.0, ""kick_dir"": null}, {""move_vx"": -4.752745222122567, ""move_vy"": 3.2540763441553002, ""kick_power"": 0.0, ""kick_dir"": null}, {""move_vx"": -5.39929452043789, ""move_vy"": 0.08728505925627428, ""kick_power"": 0.0, ""kick_dir"": null}, {""move_vx"": -0.0, ""move_vy"": 0.0, ""kick_power"": 0.4, ""kick_dir"": [0.8432920851827304, -0.5374553540625452]}]"
631,46,default,default,0,37.145251156908934,36.899509429232324,20,B,,0.029585170488182405,-0.010970245426927589,0.3557066956827961,"[{""move_vx"": -0.05529438513164737, ""move_vy"": -4.499660268395038, ""kick_power"": 0.0, ""kick_dir"": null}, {""move_vx"": 5.491894840432831, ""move_vy"": 1.8652321736521855, ""kick_power"": 0.0, ""kick_dir"": null}, {""move_vx"": 4.275168331535799, ""move_vy"": 2.835460410062785, ""kick_power"": 0.0, ""kick_dir"": null}, {""move_vx"": -3.8183766184073566, ""move_vy"": -3.8183766184073566, ""kick_power"": 0.0, ""kick_dir"": null}, {""move_vx"": 2.978977163606418, ""move_vy"": -4.635277236445676, ""kick_power"": 0.0, ""kick_dir"": null}, {""move_vx"": -4.313351365237939, ""move_vy"": -4.313351365237939, ""kick_power"": 0.0, ""kick_dir"": null}, {""move_vx"": 5.880524815384126, ""move_vy"": 1.1913974549458688, ""kick_power"": 0.0, ""kick_dir"": null}, {""move_vx"": 6.0, ""move_vy"": 0.0, ""kick_power"": 0.0, ""kick_dir"": null}, {""move_vx"": 0.0, ""move_vy"": 0.0, ""kick_power"": 1.0, ""kick_dir"": [0.9575095797172551, -0.288401413168251]}, {""move_vx"": 5.504625470348697, ""move_vy"": 2.3872784569857775, ""kick_power"": 0.0, ""kick_dir"": null}, {""move_vx"": 0.0, ""move_vy"": 0.0, ""kick_power"": 1.0, ""kick_dir"": [0.9998417677473662, -0.017787723755652726]}, {""move_vx"": 3.5355339059327373, ""move_vy"": -3.5355339059327373, ""kick_power"": 0.0, ""kick_dir"": null}, {""move_vx"": -0.0, ""move_vy"": 0.0, ""kick_power"": 0.0, ""kick_dir"": null}, {""move_vx"": -0.0, ""move_vy"": 0.0, ""kick_power"": 0.9, ""kick_dir"": [0.15686984063203804, -0.9876191975998609]}, {""move_vx"": -6.91630869531245, ""move_vy"": -1.2021123205197561, ""kick_power"": 0.0, ""kick_dir"": null}, {""move_vx"": -0.0, ""move_vy"": 5.8, ""kick_power"": 0.0, ""kick_dir"": null}, {""move_vx"": -0.0, ""move_vy"": 0.0, ""kick_power"": 0.0, ""kick_dir"": null}, {""move_vx"": -5.3951435289726, ""move_vy"": -0.22896790557867489, ""kick_power"": 0.0, ""kick_dir"": null}, {""move_vx"": -6.046463517072327, ""move_vy"": -1.7692594317152457, ""kick_power"": 0.0, ""kick_dir"": null}, {""move_vx"": -4.828347413755281, ""move_vy"": 3.1408058284591074, ""kick_power"": 0.0, ""kick_dir"": null}, {""move_vx"": -5.39929452043789, ""move_vy"": 0.08728505925627428, ""kick_power"": 0.0, ""kick_dir"": null}, {""move_vx"": -0.0, ""move_vy"": 0.0, ""kick_power"": 0.4, ""kick_dir"": [0.8251052260948859, -0.5649788998488541]}]"
631,47,default,default,0,36.78529818887974,36.905328433182746,20,B,,0.03244869218616937,-0.010065970068183161,0.34895716551173994,"[{""move_vx"": 3.5355339059327373, ""move_vy"": 3.5355339059327373, ""kick_power"": 0.0, ""kick_dir"": null}, {""move_vx"": 5.491894840432831, ""move_vy"": 1.8652321736521853, ""kick_power"": 0.0, ""kick_dir"": null}, {""move_vx"": 4.224545203470036, ""move_vy"": 2.9103466844756323, ""kick_power"": 0.0, ""kick_dir"": null}, {""move_vx"": -5.4, ""move_vy"": 0.0, ""kick_power"": 0.0, ""kick_dir"": null}, {""move_vx"": 2.918251199018155, ""move_vy"": -4.673746884398973, ""kick_power"": 0.0, ""kick_dir"": null}, {""move_vx"": 0.0, ""move_vy"": 0.0, ""kick_power"": 0.65, ""kick_dir"": [0.06274603709779965, 0.9980294743189497]}, {""move_vx"": 5.880524815384126, ""move_vy"": 1.1913974549458688, ""kick_power"": 0.0, ""kick_dir"": null}, {""move_vx"": 6.0, ""move_vy"": 0.0, ""kick_power"": 0.0, ""kick_dir"": null}, {""move_vx"": 0.0, ""move_vy"": 0.0, ""kick_power"": 0.0, ""kick_dir"": null}, {""move_vx"": 5.504625470348697, ""move_vy"": 2.387278456985776, ""kick_power"": 0.0, ""kick_dir"": null}, {""move_vx"": 0.0, ""move_vy"": 0.0, ""kick_power"": 1.0, ""kick_dir"": [0.9998417677473662, -0.017787723755652726]}, {""move_vx"": -3.618587710369333, ""move_vy"": 2.228973526618033, ""kick_power"": 0.0, ""kick_dir"": null}, {""move_vx"": -0.0, ""move_vy"": 0.0, ""kick_power"": 0.4, ""kick_dir"": [-0.1333612515336291, 0.9910674048947359]}, {""move_vx"": -0.0, ""move_vy"": 0.0, ""kick_power"": 0.9, ""kick_dir"": [0.1333612515336291, -0.9910674048947359]}, {""move_vx"": -6.9192571588721545, ""move_vy"": -1.1850233623842383, ""kick_power"": 0.0, ""kick_dir"": null}, {""move_vx"": -0.0, ""move_vy"": 0.0, ""kick_power"": 0.0, ""kick_dir"": null}, {""move_vx"": -0.0, ""move_vy"": 0.0, ""kick_power"": 0.0, ""kick_dir"": null}, {""move_vx"": 4.242640687119285, ""move_vy"": 4.242640687119285, ""kick_power"": 0.0, ""kick_dir"": null}, {""move_vx"": -6.061502948568969, ""move_vy"": -1.7170270832138064, ""kick_power"": 0.0, ""kick_dir"": null}, {""move_vx"": 6.4, ""move_vy"": 0.0, ""kick_power"": 0.0, ""kick_dir"": null}, {""move_vx"": -5.39929452043789, ""move_vy"": 0.08728505925627428, ""kick_power"": 0.0, ""kick_dir"": null}, {""move_vx"": -0.0, ""move_vy"": 0.0, ""kick_power"": 0.4, ""kick_dir"": [0.8046597594964903, -0.5937360149333925]}]"
631,48,default,default,0,36.42534522085055,36.91114743713317,20,B,,0.03337146758347696,-0.013355841794976665,0.3594091389432153,"[{""move_vx"": -4.487647959602934, ""move_vy"": 0.33319032199573406, ""kick_power"": 0.0, ""kick_dir"": null}, {""move_vx"": 5.49189484043283, ""move_vy"": 1.8652321736521846, ""kick_power"": 0.0, ""kick_dir"": null}, {""move_vx"": 4.168141735583631, ""move_vy"": 2.9905675836011265, ""kick_power"": 0.0, ""kick_dir"": null}, {""move_vx"": -5.4, ""move_vy"": 0.0, ""kick_power"": 0.0, ""kick_dir"": null}, {""move_vx"": 2.8549477520945685, ""move_vy"": -4.712682180331088, ""kick_power"": 0.0, ""kick_dir"": null}, {""move_vx"": 0.0, ""move_vy"": 0.0, ""kick_power"": 0.65, ""kick_dir"": [0.08101303661421472, 0.9967129905214197]}, {""move_vx"": 5.880524815384126, ""move_vy"": 1.1913974549458688, ""kick_power"": 0.0, ""kick_dir"": null}, {""move_vx"": 6.0, ""move_vy"": 0.0, ""kick_power"": 0.0, ""kick_dir"": null}, {""move_vx"": 0.0, ""move_vy"": 0.0, ""kick_power"": 1.0, ""kick_dir"": [0.9575095797172551, -0.288401413168251]}, {""move_vx"": 5.504625470348698, ""move_vy"": 2.3872784569857752, ""kick_power"": 0.0, ""kick_dir"": null}, {""move_vx"": 0.0, ""move_vy"": 0.0, ""kick_power"": 1.0, ""kick_dir"": [0.9998417677473662, -0.017787723755652726]}, {""move_vx"": 3.5355339059327373, ""move_vy"": -3.5355339059327373, ""kick_power"": 0.0, ""kick_dir"": null}, {""move_vx"": -0.0, ""move_vy"": 0.0, ""kick_power"": 0.4, ""kick_dir"": [-0.10926630106927972, 0.9940124234907161]}, {""move_vx"": -0.0, ""move_vy"": 0.0, ""kick_power"": 0.9, ""kick_dir"": [0.10926630106927972, -0.9940124234907161]}, {""move_vx"": -6.922137942883208, ""move_vy"": -1.1680780366467947, ""kick_power"": 0.0, ""kick_dir"": null}, {""move_vx"": -0.0, ""move_vy"": 5.8, ""kick_power"": 0.0, ""kick_dir"": null}, {""move_vx"": -0.0, ""move_vy"": 0.0, ""kick_power"": 0.0, ""kick_dir"": null}, {""move_vx"": -5.393676897851742, ""move_vy"": -0.26124609390459025, ""kick_power"": 0.0, ""kick_dir"": null}, {""move_vx"": -6.075776136592614, ""move_vy"": -1.665816417859944, ""kick_power"": 0.0, ""kick_dir"": null}, {""move_vx"": -8.268800476916544, ""move_vy"": 0.9215957209887329, ""kick_power"": 0.0, ""kick_dir"": null}, {""move_vx"": -5.39929452043789, ""move_vy"": 0.08728505925627428, ""kick_power"": 0.0, ""kick_dir"": null}, {""move_vx"": -0.0, ""move_vy"": 0.0, ""kick_power"": 0.4, ""kick_dir"": [0.7816766378236424, -0.6236837421175239]}]"
631,49,default,default,0,36.06539225282136,36.91696644108359,20,B,,0.03621839137294398,-0.0037433570969877435,0.36073051156102204,"[{""move_vx"": 3.5355339059327373, ""move_vy"": 3.5355339059327373, ""kick_power"": 0.0, ""kick_dir"": null}, {""move_vx"": 5.491894840432831, ""move_vy"": 1.8652321736521849, ""kick_power"": 0.0, ""kick_dir"": null}, {""move_vx"": 4.104969751761025, ""move_vy"": 3.076706573127674, ""kick_power"": 0.0, ""kick_dir"": null}, {""move_vx"": -5.4, ""move_vy"": 0.0, ""kick_power"": 0.0, ""kick_dir"": null}, {""move_vx"": 2.7889245107611007, ""move_vy"": -4.75205219597554, ""kick_power"": 0.0, ""kick_dir"": null}, {""move_vx"": 0.0, ""move_vy"": 0.0, ""kick_power"": 0.65, ""kick_dir"": [0.09896844665733792, 0.9950905209867916]}, {""move_vx"": -0.14601044634124458, ""move_vy"": -5.097909468552696, ""kick_power"": 0.0, ""kick_dir"": null}, {""move_vx"": 0.0, ""move_vy"": 0.0, ""kick_power"": 0.4, ""kick_dir"": [-0.6500479106293789, -0.7598929731106725]}, {""move_vx"": 0.0, ""move_vy"": 0.0, ""kick_power"": 1.0, ""kick_dir"": [0.9575095797172551, -0.288401413168251]}, {""move_vx"": 5.504625470348697, ""move_vy"": 2.3872784569857743, ""kick_power"": 0.0, ""kick_dir"": null}, {""move_vx"": -1.829676311052138, ""move_vy"": -5.398359435678087, ""kick_power"": 0.0, ""kick_dir"": null}, {""move_vx"": 3.5355339059327373, ""move_vy"": -3.5355339059327373, ""kick_power"": 0.0, ""kick_dir"": null}, {""move_vx"": -0.0, ""move_vy"": 0.0, ""kick_power"": 0.4, ""kick_dir"": [-0.0846070092053994, 0.9964143088159206]}, {""move_vx"": -0.0, ""move_vy"": 0.0, ""kick_power"": 0.9, ""kick_dir"": [0.0846070092053994, -0.9964143088159206]}, {""move_vx"": -6.924952220867196, ""move_vy"": -1.1512761348636136, ""kick_power"": 0.0, ""kick_dir"": null}, {""move_vx"": -0.0, ""move_vy"": 0.0, ""kick_power"": 0.6, ""kick_dir"": [-0.9472801826603277, -0.3204063504687902]}, {""move_vx"": -0.0, ""move_vy"": 0.0, ""kick_power"": 0.0, ""kick_dir"": null}, {""move_vx"": 4.242640687119285, ""move_vy"": 4.242640687119285, ""kick_power"": 0.0, ""kick_dir"": null}, {""move_vx"": -6.089314094378912, ""move_vy"": -1.61562800792706, ""kick_power"": 0.0, ""kick_dir"": null}, {""move_vx"": -8.268800476916544, ""move_vy"": 0.921595720988732, ""kick_power"": 0.0, ""kick_dir"": null}, {""move_vx"": -5.39929452043789, ""move_vy"": 0.08728505925627428, ""kick_power"": 0.0, ""kick_dir"": null}, {""move_vx"": -0.0, ""move_vy"": 0.0, ""kick_power"": 0.4, ""kick_dir"": [0.7558558514561371, -0.6547378866512972]}]"
631,50,default,default,0,36.28845584555567,37.49145330748053,20,B,,0.03395547610888785,0.0059912749591893594,0.37444683486399133,"[{""move_vx"": 3.5355339059327373, ""move_vy"": 3.5355339059327373, ""kick_power"": 0.0, ""kick_dir"": null}, {""move_vx"": 5.491894840432831, ""move_vy"": 1.8652321736521855, ""kick_power"": 0.0, ""kick_dir"": null}, {""move_vx"": 4.02406984000883, ""move_vy"": -3.181785964318045, ""kick_power"": 0.0, ""kick_dir"": null}, {""move_vx"": -5.4, ""move_vy"": 0.0, ""kick_power"": 0.0, ""kick_dir"": null}, {""move_vx"": 2.7200307583826446, ""move_vy"": -4.7918193490001615, ""kick_power"": 0.0, ""kick_dir"": null}, {""move_vx"": 0.0, ""move_vy"": 0.0, ""kick_power"": 0.65, ""kick_dir"": [0.11660304865978402, 0.993178548031409]}, {""move_vx"": -6.0, ""move_vy"": 0.0, ""kick_power"": 0.0, ""kick_dir"": null}, {""move_vx"": 5.799887627775525, ""move_vy"": 1.5366533458058746, ""kick_power"": 0.0, ""kick_dir"": null}, {""move_vx"": 0.0, ""move_vy"": 0.0, ""kick_power"": 1.0, ""kick_dir"": [0.9575095797172551, -0.288401413168251]}, {""move_vx"": 0.0, ""move_vy"": 0.0, ""kick_power"": 0.0, ""kick_dir"": null}, {""move_vx"": 0.0, ""move_vy"": 0.0, ""kick_power"": 0.9, ""kick_dir"": [0.6305762379848127, 0.77612708313429]}, {""move_vx"": 3.5355339059327373, ""move_vy"": -3.5355339059327373, ""kick_power"": 0.0, ""kick_dir"": null}, {""move_vx"": 4.716485288878804, ""move_vy"": -1.435153831402691, ""kick_power"": 0.0, ""kick_dir"": null}, {""move_vx"": -0.0, ""move_vy"": 0.0, ""kick_power"": 0.9, ""kick_dir"": [0.0594102423080374, -0.9982335609578772]}, {""move_vx"": -6.927701154259389, ""move_vy"": -1.1346174321211282, ""kick_power"": 0.0, ""kick_dir"": null}, {""move_vx"": -0.0, ""move_vy"": 5.8, ""kick_power"": 0.0, ""kick_dir"": null}, {""move_vx"": -0.0, ""move_vy"": 0.0, ""kick_power"": 0.0, ""kick_dir"": null}, {""move_vx"": -5.392056869740382, ""move_vy"": -0.29278441469032157, ""kick_power"": 0.0, ""kick_dir"": null}, {""move_vx"": -6.102147148334693, ""move_vy"": -1.5664610368824303, ""kick_power"": 0.0, ""kick_dir"": null}, {""move_vx"": -8.268800476916544, ""move_vy"": 0.9215957209887312, ""kick_power"": 0.0, ""kick_dir"": null}, {""move_vx"": -5.39929452043789, ""move_vy"": 0.08728505925627428, ""kick_power"": 0.0, ""kick_dir"": null}, {""move_vx"": -0.0, ""move_vy"": 0.0, ""kick_power"": 0.4, ""kick_dir"": [0.7268822395804826, -0.6867619457316647]}]"
631,51,default,default,0,36.666652007914365,37.890400253824964,20,B,,0.02903083111311862,0.000153932482003509,0.37595307094752506,"[{""move_vx"": -1.1509796537964225, ""move_vy"": -4.350315601947365, ""kick_power"": 0.0, ""kick_dir"": null}, {""move_vx"": -4.1012193308819755, ""move_vy"": 4.1012193308819755, ""kick_power"": 0.0, ""kick_dir"": null}, {""move_vx"": 3.863251887428144, ""move_vy"": 3.375231081612469, ""kick_power"": 0.0, ""kick_dir"": null}, {""move_vx"": -5.4, ""move_vy"": 0.0, ""kick_power"": 0.0, ""kick_dir"": null}, {""move_vx"": 0.0, ""move_vy"": 0.0, ""kick_power"": 0.9, ""kick_dir"": [-0.15723172460682264, 0.9875616452780762]}, {""move_vx"": 0.0, ""move_vy"": 0.0, ""kick_power"": 0.65, ""kick_dir"": [0.13390907459438275, 0.9909935720376143]}, {""move_vx"": 0.05445912783443739, ""move_vy"": -5.099709227337918, ""kick_power"": 0.0, ""kick_dir"": null}, {""move_vx"": 7.463882293287218, ""move_vy"": -0.7351606028301055, ""kick_power"": 0.0, ""kick_dir"": null}, {""move_vx"": 0.0, ""move_vy"": 0.0, ""kick_power"": 1.0, ""kick_dir"": [0.9575095797172551, -0.288401413168251]}, {""move_vx"": 0.0, ""move_vy"": 0.0, ""kick_power"": 0.0, ""kick_dir"": null}, {""move_vx"": -5.385623983493474, ""move_vy"": -0.39376935942234736, ""kick_power"": 0.0, ""kick_dir"": null}, {""move_vx"": -3.449768085915916, ""move_vy"": 2.482257068354533, ""kick_power"": 0.0, ""kick_dir"": null}, {""move_vx"": -0.0, ""move_vy"": 0.0, ""kick_power"": 0.0, ""kick_dir"": null}, {""move_vx"": -0.0, ""move_vy"": 0.0, ""kick_power"": 0.9, ""kick_dir"": [0.09282424904940642, -0.9956824203580059]}, {""move_vx"": -6.9493035376997945, ""move_vy"": -0.9937707687958612, ""kick_power"": 0.0, ""kick_dir"": null}, {""move_vx"": 4.1012193308819755, ""move_vy"": -4.1012193308819755, ""kick_power"": 0.0, ""kick_dir"": null}, {""move_vx"": -0.0, ""move_vy"": 0.0, ""kick_power"": 0.0, ""kick_dir"": null}, {""move_vx"": 4.791415245457542, ""move_vy"": -1.747094715691465, ""kick_power"": 0.0, ""kick_dir"": null}, {""move_vx"": -6.165220611273892, ""move_vy"": -1.2961692845934876, ""kick_power"": 0.0, ""kick_dir"": null}, {""move_vx"": -5.471273294642277, ""move_vy"": 3.9017391680293354, ""kick_power"": 0.0, ""kick_dir"": null}, {""move_vx"": -1.9654322515077347, ""move_vy"": 5.029619872786932, ""kick_power"": 0.0, ""kick_dir"": null}, {""move_vx"": -0.0, ""move_vy"": 0.0, ""kick_power"": 0.4, ""kick_dir"": [0.6944351833773404, -0.7195550904809971]}]"
631,52,default,default,0,36.93041252673885,38.25215767785849,20,B,,0.026332598088614687,-0.0019179050443853254,0.37872754757231825,"[{""move_vx"": 3.5355339059327373, ""move_vy"": 3.5355339059327373, ""kick_power"": 0.0, ""kick_dir"": null}, {""move_vx"": 0.0, ""move_vy"": 5.8, ""kick_power"": 0.0, ""kick_dir"": null}, {""move_vx"": 5.939747136074168, ""move_vy"": 0.05480838894498441, ""kick_power"": 0.0, ""kick_dir"": null}, {""move_vx"": -3.8183766184073566, ""move_vy"": -3.8183766184073566, ""kick_power"": 0.0, ""kick_dir"": null}, {""move_vx"": 0.0, ""move_vy"": 0.0, ""kick_power"": 0.9, ""kick_dir"": [-0.18216552299670952, 0.9832677858909517]}, {""move_vx"": -4.313351365237939, ""move_vy"": -4.313351365237939, ""kick_power"": 0.0, ""kick_dir"": null}, {""move_vx"": 5.868278317759355, ""move_vy"": 1.250323792189622, ""kick_power"": 0.0, ""kick_dir"": null}, {""move_vx"": 7.463882293287219, ""move_vy"": -0.7351606028301055, ""kick_power"": 0.0, ""kick_dir"": null}, {""move_vx"": 0.0, ""move_vy"": 0.0, ""kick_power"": 1.0, ""kick_dir"": [0.9575095797172551, -0.288401413168251]}, {""move_vx"": 0.0, ""move_vy"": 0.0, ""kick_power"": 0.0, ""kick_dir"": null}, {""move_vx"": -5.398207678225314, ""move_vy"": -0.13911816110511538, ""kick_power"": 0.0, ""kick_dir"": null}, {""move_vx"": -3.4936662327355323, ""move_vy"": 2.420081869326638, ""kick_power"": 0.0, ""kick_dir"": null}, {""move_vx"": -0.0, ""move_vy"": 0.0, ""kick_power"": 0.4, ""kick_dir"": [-0.06406711143050961, 0.9979455035360014]}, {""move_vx"": -0.0, ""move_vy"": 0.0, ""kick_power"": 0.0, ""kick_dir"": null}, {""move_vx"": -6.962100298781234, ""move_vy"": -0.8997552054366003, ""kick_power"": 0.0, ""kick_dir"": null}, {""move_vx"": 4.1012193308819755, ""move_vy"": -4.1012193308819755, ""kick_power"": 0.0, ""kick_dir"": null}, {""move_vx"": -0.0, ""move_vy"": 0.0, ""kick_power"": 0.0, ""kick_dir"": null}, {""move_vx"": -7.496430653221288, ""move_vy"": -0.2313600255970388, ""kick_power"": 0.0, ""kick_dir"": null}, {""move_vx"": -6.2010557166705444, ""move_vy"": -1.1121636564586954, ""kick_power"": 0.0, ""kick_dir"": null}, {""move_vx"": -5.183045451822157, ""move_vy"": 4.277200000508001, ""kick_power"": 0.0, ""kick_dir"": null}, {""move_vx"": 0.9958419938290366, ""move_vy"": 5.307381531727921, ""kick_power"": 0.0, ""kick_dir"": null}, {""move_vx"": -0.0, ""move_vy"": 0.0, ""kick_power"": 0.4, ""kick_dir"": [0.6586377766480566, -0.7524599809368134]}]"
631,53,default,default,0,37.08704739075371,38.64994459626431,20,B,,0.024584288259760684,-0.005430195059633891,0.3742791196031909,"[{""move_vx"": 3.5355339059327373, ""move_vy"": 3.5355339059327373, ""kick_power"": 0.0, ""kick_dir"": null}, {""move_vx"": -4.1012193308819755, ""move_vy"": 4.1012193308819755, ""kick_power"": 0.0, ""kick_dir"": null}, {""move_vx"": 5.939716368225751, ""move_vy"": 0.05804709321838888, ""kick_power"": 0.0, ""kick_dir"": null}, {""move_vx"": -5.4, ""move_vy"": 0.0, ""kick_power"": 0.0, ""kick_dir"": null}, {""move_vx"": 0.0, ""move_vy"": 0.0, ""kick_power"": 0.9, ""kick_dir"": [-0.20724096379076126, 0.9782898330846601]}, {""move_vx"": -6.1, ""move_vy"": 0.0, ""kick_power"": 0.0, ""kick_dir"": null}, {""move_vx"": 5.868278317759355, ""move_vy"": 1.2503237921896222, ""kick_power"": 0.0, ""kick_dir"": null}, {""move_vx"": 7.463882293287219, ""move_vy"": -0.7351606028301054, ""kick_power"": 0.0, ""kick_dir"": null}, {""move_vx"": 0.0, ""move_vy"": 0.0, ""kick_power"": 1.0, ""kick_dir"": [0.9575095797172551, -0.288401413168251]}, {""move_vx"": 0.0, ""move_vy"": 0.0, ""kick_power"": 0.0, ""kick_dir"": null}, {""move_vx"": -5.3985222276691625, ""move_vy"": 0.12632401736009613, ""kick_power"": 0.0, ""kick_dir"": null}, {""move_vx"": -3.536827442429919, ""move_vy"": 2.3565550370136985, ""kick_power"": 0.0, ""kick_dir"": null}, {""move_vx"": -0.0, ""move_vy"": 0.0, ""kick_power"": 0.4, ""kick_dir"": [-0.03767166617518795, 0.9992900816241604]}, {""move_vx"": -0.0, ""move_vy"": 0.0, ""kick_power"": 0.9, ""kick_dir"": [0.03767166617518795, -0.9992900816241604]}, {""move_vx"": -6.973428729074802, ""move_vy"": -0.8072742783677649, ""kick_power"": 0.0, ""kick_dir"": null}, {""move_vx"": 4.1012193308819755, ""move_vy"": -4.1012193308819755, ""kick_power"": 0.0, ""kick_dir"": null}, {""move_vx"": -0.0, ""move_vy"": 0.0, ""kick_power"": 0.0, ""kick_dir"": null}, {""move_vx"": -7.496430653221287, ""move_vy"": -0.23136002559703953, ""kick_power"": 0.0, ""kick_dir"": null}, {""move_vx"": -6.233182140540721, ""move_vy"": -0.9151176989022872, ""kick_power"": 0.0, ""kick_dir"": null}, {""move_vx"": -4.912483024700178, ""move_vy"": 4.585401894276291, ""kick_power"": 0.0, ""kick_dir"": null}, {""move_vx"": 2.2272100968999933, ""move_vy"": 5.893177002624877, ""kick_power"": 0.0, ""kick_dir"": null}, {""move_vx"": -0.0, ""move_vy"": 0.0, ""kick_power"": 0.4, ""kick_dir"": [0.6190408502313566, -0.7853586193481148]}]"
631,54,default,default,0,36.2878580015042,38.48719220922994,20,B,,0.03143960901537546,-0.015722136787324825,0.34438542859816235,"[{""move_vx"": 3.5355339059327373, ""move_vy"": 3.5355339059327373, ""kick_power"": 0.0, ""kick_dir"": null}, {""move_vx"": 5.519980925677918, ""move_vy"": 1.780396186288873, ""kick_power"": 0.0, ""kick_dir"": null}, {""move_vx"": 5.9397120208674155, ""move_vy"": 0.058490248444807214, ""kick_power"": 0.0, ""kick_dir"": null}, {""move_vx"": -3.8183766184073566, ""move_vy"": -3.8183766184073566, ""kick_power"": 0.0, ""kick_dir"": null}, {""move_vx"": 0.0, ""move_vy"": 0.0, ""kick_power"": 0.9, ""kick_dir"": [-0.23241745057360919, 0.9726160297121416]}, {""move_vx"": 0.0, ""move_vy"": 0.0, ""kick_power"": 1.0, ""kick_dir"": [0.9423488244114101, 0.3346321369194807]}, {""move_vx"": 2.0945187027416092, ""move_vy"": -4.977247372179286, ""kick_power"": 0.0, ""kick_dir"": null}, {""move_vx"": 0.0, ""move_vy"": -6.0, ""kick_power"": 0.0, ""kick_dir"": null}, {""move_vx"": -4.313351365237939, ""move_vy"": 4.313351365237939, ""kick_power"": 0.0, ""kick_dir"": null}, {""move_vx"": 0.0, ""move_vy"": 0.0, ""kick_power"": 0.0, ""kick_dir"": null}, {""move_vx"": -5.381363350464497, ""move_vy"": 0.44825047716374705, ""kick_power"": 0.0, ""kick_dir"": null}, {""move_vx"": -3.579135782485579, ""move_vy"": 2.291786868478685, ""kick_power"": 0.0, ""kick_dir"": null}, {""move_vx"": -0.0, ""move_vy"": 0.0, ""kick_power"": 0.6, ""kick_dir"": [-0.9796569761166, 0.20067930401492703]}, {""move_vx"": -0.0, ""move_vy"": 0.0, ""kick_power"": 0.9, ""kick_dir"": [0.014739628094309443, -0.9998912761670038]}, {""move_vx"": -0.0, ""move_vy"": 0.0, ""kick_power"": 0.9, ""kick_dir"": [-0.7390541566748601, -0.6736454251323036]}, {""move_vx"": 4.1012193308819755, ""move_vy"": -4.1012193308819755, ""kick_power"": 0.0, ""kick_dir"": null}, {""move_vx"": -0.0, ""move_vy"": 0.0, ""kick_power"": 0.0, ""kick_dir"": null}, {""move_vx"": -7.496430653221288, ""move_vy"": -0.23136002559704025, ""kick_power"": 0.0, ""kick_dir"": null}, {""move_vx"": -6.265168696677885, ""move_vy"": -0.6615596739278614, ""kick_power"": 0.0, ""kick_dir"": null}, {""move_vx"": -4.645868646634372, ""move_vy"": 4.855337734722448, ""kick_power"": 0.0, ""kick_dir"": null}, {""move_vx"": -5.163503668627579, ""move_vy"": -3.0558517411794597, ""kick_power"": 0.0, ""kick_dir"": null}, {""move_vx"": -0.0, ""move_vy"": 0.0, ""kick_power"": 0.4, ""kick_dir"": [0.5753722619280263, -0.8178914884962936]}]"
631,55,default,default,0,35.99290672260345,38.81503568676102,20,B,,0.0337473094425043,-0.01702552523283913,0.36470588248909636,"[{""move_vx"": 3.5355339059327373, ""move_vy"": 3.5355339059327373, ""kick_power"": 0.0, ""kick_dir"": null}, {""move_vx"": 5.519980925677917, ""move_vy"": 1.7803961862888726, ""kick_power"": 0.0, ""kick_dir"": null}, {""move_vx"": 5.939455059127454, ""move_vy"": 0.08045868881174735, ""kick_power"": 0.0, ""kick_dir"": null}, {""move_vx"": -5.4, ""move_vy"": 0.0, ""kick_power"": 0.0, ""kick_dir"": null}, {""move_vx"": 0.0, ""move_vy"": 0.0, ""kick_power"": 0.9, ""kick_dir"": [-0.2577794981148973, 0.9662036746566905]}, {""move_vx"": 0.0, ""move_vy"": 0.0, ""kick_power"": 0.65, ""kick_dir"": [0.1492263573797356, 0.9888030141897073]}, {""move_vx"": -6.0, ""move_vy"": 0.0, ""kick_power"": 0.0, ""kick_dir"": null}, {""move_vx"": 7.469504993913815, ""move_vy"": -0.6756442450702813, ""kick_power"": 0.0, ""kick_dir"": null}, {""move_vx"": 0.0, ""move_vy"": 0.0, ""kick_power"": 1.0, ""kick_dir"": [0.9566879230832902, -0.29111542101187377]}, {""move_vx"": 0.0, ""move_vy"": 0.0, ""kick_power"": 0.0, ""kick_dir"": null}, {""move_vx"": 0.0, ""move_vy"": 0.0, ""kick_power"": 0.9, ""kick_dir"": [0.8696561462976956, 0.4936577079103247]}, {""move_vx"": 3.5355339059327373, ""move_vy"": -3.5355339059327373, ""kick_power"": 0.0, ""kick_dir"": null}, {""move_vx"": -0.0, ""move_vy"": 0.0, ""kick_power"": 0.4, ""kick_dir"": [0.012569787758012227, 0.9999209065661894]}, {""move_vx"": -0.0, ""move_vy"": 0.0, ""kick_power"": 0.9, ""kick_dir"": [-0.012569787758012227, -0.9999209065661894]}, {""move_vx"": -6.982298814602816, ""move_vy"": -0.7265695173870941, ""kick_power"": 0.0, ""kick_dir"": null}, {""move_vx"": 4.1012193308819755, ""move_vy"": -4.1012193308819755, ""kick_power"": 0.0, ""kick_dir"": null}, {""move_vx"": -0.0, ""move_vy"": 0.0, ""kick_power"": 0.0, ""kick_dir"": null}, {""move_vx"": -7.496430653221288, ""move_vy"": -0.23136002559704097, ""kick_power"": 0.0, ""kick_dir"": null}, {""move_vx"": -6.2595525002821235, ""move_vy"": -0.712742938380888, ""kick_power"": 0.0, ""kick_dir"": null}, {""move_vx"": -5.0976981762327105, ""move_vy"": 4.378569778367555, ""kick_power"": 0.0, ""kick_dir"": null}, {""move_vx"": -5.031323917043026, ""move_vy"": 3.7915405367463557, ""kick_power"": 0.0, ""kick_dir"": null}, {""move_vx"": -0.0, ""move_vy"": 0.0, ""kick_power"": 0.4, ""kick_dir"": [0.6017980520483653, -0.7986481299598273]}]"
631,56,default,default,0,35.707985440598534,39.03508082545005,20,B,,0.035969486531313474,-0.011556859502099916,0.3545635744900839,"[{""move_vx"": 3.5355339059327373, ""move_vy"": 3.5355339059327373, ""kick_power"": 0.0, ""kick_dir"": null}, {""move_vx"": 5.519980925677918, ""move_vy"": 1.7803961862888724, ""kick_power"": 0.0, ""kick_dir"": null}, {""move_vx"": 5.939365245512487, ""move_vy"": 0.08683593955512132, ""kick_power"": 0.0, ""kick_dir"": null}, {""move_vx"": 4.572585896272691, ""move_vy"": -0.3994473947944496, ""kick_power"": 0.0, ""kick_dir"": null}, {""move_vx"": 2.5656857492677716, ""move_vy"": -4.876203096262939, ""kick_power"": 0.0, ""kick_dir"": null}, {""move_vx"": -4.313351365237939, ""move_vy"": -4.313351365237939, ""kick_power"": 0.0, ""kick_dir"": null}, {""move_vx"": -6.0, ""move_vy"": 0.0, ""kick_power"": 0.0, ""kick_dir"": null}, {""move_vx"": 5.759342192010708, ""move_vy"": 1.682253701236914, ""kick_power"": 0.0, ""kick_dir"": null}, {""move_vx"": 0.0, ""move_vy"": 0.0, ""kick_power"": 1.0, ""kick_dir"": [0.9566879230832902, -0.29111542101187377]}, {""move_vx"": 0.0, ""move_vy"": 0.0, ""kick_power"": 0.0, ""kick_dir"": null}, {""move_vx"": 0.0, ""move_vy"": 0.0, ""kick_power"": 0.9, ""kick_dir"": [0.8861511388542597, 0.46339606955563517]}, {""move_vx"": -3.5665416039283824, ""move_vy"": 2.3113374888682876, ""kick_power"": 0.0, ""kick_dir"": null}, {""move_vx"": 4.709485478402884, ""move_vy"": -1.45795971436537, ""kick_power"": 0.0, ""kick_dir"": null}, {""move_vx"": -0.0, ""move_vy"": 0.0, ""kick_power"": 0.9, ""kick_dir"": [-0.034310927250851816, -0.9994111161550913]}, {""move_vx"": -0.0, ""move_vy"": 0.0, ""kick_power"": 0.9, ""kick_dir"": [-0.8382593520867464, -0.5452711503542598]}, {""move_vx"": 4.1012193308819755, ""move_vy"": -4.1012193308819755, ""kick_power"": 0.0, ""kick_dir"": null}, {""move_vx"": -0.0, ""move_vy"": 0.0, ""kick_power"": 0.0, ""kick_dir"": null}, {""move_vx"": -7.496430653221287, ""move_vy"": -0.2313600255970417, ""kick_power"": 0.0, ""kick_dir"": null}, {""move_vx"": -6.282254529469958, ""move_vy"": -0.47252304383406124, ""kick_power"": 0.0, ""kick_dir"": null}, {""move_vx"": -5.062467461287052, ""move_vy"": 4.419255955860651, ""kick_power"": 0.0, ""kick_dir"": null}, {""move_vx"": -4.273819230073775, ""move_vy"": 3.300677080335429, ""kick_power"": 0.0, ""kick_dir"": null}, {""move_vx"": -0.0, ""move_vy"": 0.0, ""kick_power"": 0.4, ""kick_dir"": [0.5564130265360471, -0.8309056903383175]}]"
631,57,default,default,0,35.375577278259456,39.29180015392059,20,B,,0.03861484004249385,-0.01837186599028869,0.34600387817607514,"[{""move_vx"": 3.5355339059327373, ""move_vy"": 3.5355339059327373, ""kick_power"": 0.0, ""kick_dir"": null}, {""move_vx"": 0.0, ""move_vy"": -5.8, ""kick_power"": 0.0, ""kick_dir"": null}, {""move_vx"": 5.939365245512486, ""move_vy"": 0.08683593955512144, ""kick_power"": 0.0, ""kick_dir"": null}, {""move_vx"": 4.572585896272691, ""move_vy"": -0.3994473947944447, ""kick_power"": 0.0, ""kick_dir"": null}, {""move_vx"": 5.215047773316927, ""move_vy"": -2.5383610306696256, ""kick_power"": 0.0, ""kick_dir"": null}, {""move_vx"": 0.0, ""move_vy"": 0.0, ""kick_power"": 0.65, ""kick_dir"": [0.1908592615393831, 0.9816173652771323]}, {""move_vx"": -6.0, ""move_vy"": 0.0, ""kick_power"": 0.0, ""kick_dir"": null}, {""move_vx"": 5.759342192010708, ""move_vy"": 1.682253701236915, ""kick_power"": 0.0, ""kick_dir"": null}, {""move_vx"": 0.0, ""move_vy"": 0.0, ""kick_power"": 1.0, ""kick_dir"": [0.9566879230832902, -0.29111542101187377]}, {""move_vx"": 0.0, ""move_vy"": 0.0, ""kick_power"": 0.0, ""kick_dir"": null}, {""move_vx"": 0.0, ""move_vy"": 0.0, ""kick_power"": 0.9, ""kick_dir"": [0.8903160679096521, 0.455342803119673]}, {""move_vx"": -3.607707834575746, ""move_vy"": 2.246540491587184, ""kick_power"": 0.0, ""kick_dir"": null}, {""move_vx"": 4.7094854784028835, ""move_vy"": -1.457959714365372, ""kick_power"": 0.0, ""kick_dir"": null}, {""move_vx"": -0.0, ""move_vy"": 0.0, ""kick_power"": 0.9, ""kick_dir"": [-0.005548382315867443, -0.9999845182240006]}, {""move_vx"": -0.0, ""move_vy"": 0.0, ""kick_power"": 0.9, ""kick_dir"": [-0.8855111820327642, -0.46461750751876624]}, {""move_vx"": 4.1012193308819755, ""move_vy"": -4.1012193308819755, ""kick_power"": 0.0, ""kick_dir"": null}, {""move_vx"": -0.0, ""move_vy"": 0.0, ""kick_power"": 0.0, ""kick_dir"": null}, {""move_vx"": -7.496430653221288, ""move_vy"": -0.23136002559704247, ""kick_power"": 0.0, ""kick_dir"": null}, {""move_vx"": 6.0, ""move_vy"": 0.0, ""kick_power"": 0.0, ""kick_dir"": null}, {""move_vx"": -5.076143898592574, ""move_vy"": 4.403539839808581, ""kick_power"": 0.0, ""kick_dir"": null}, {""move_vx"": -4.986122435086071, ""move_vy"": 3.8507899270580004, ""kick_power"": 0.0, ""kick_dir"": null}, {""move_vx"": -0.0, ""move_vy"": 0.0, ""kick_power"": 0.4, ""kick_dir"": [0.5840016769895099, -0.8117522822380259]}]"
631,58,default,default,0,35.09065599625454,39.51184529260963,20,B,,0.040837052607760924,-0.02082883695399403,0.3596121752817234,"[{""move_vx"": 3.5355339059327373, ""move_vy"": 3.5355339059327373, ""kick_power"": 0.0, ""kick_dir"": null}, {""move_vx"": -4.1012193308819755, ""move_vy"": 4.1012193308819755, ""kick_power"": 0.0, ""kick_dir"": null}, {""move_vx"": 0.0, ""move_vy"": 0.0, ""kick_power"": 0.0, ""kick_dir"": null}, {""move_vx"": 4.572585896272692, ""move_vy"": -0.399447394794439, ""kick_power"": 0.0, ""kick_dir"": null}, {""move_vx"": 0.0, ""move_vy"": 0.0, ""kick_power"": 0.9, ""kick_dir"": [-0.3142549566021899, 0.9493385285093843]}, {""move_vx"": -4.313351365237939, ""move_vy"": -4.313351365237939, ""kick_power"": 0.0, ""kick_dir"": null}, {""move_vx"": -6.0, ""move_vy"": 0.0, ""kick_power"": 0.0, ""kick_dir"": null}, {""move_vx"": 5.759342192010707, ""move_vy"": 1.6822537012369159, ""kick_power"": 0.0, ""kick_dir"": null}, {""move_vx"": 4.752298732187671, ""move_vy"": -2.7487736829443503, ""kick_power"": 0.0, ""kick_dir"": null}, {""move_vx"": 0.0, ""move_vy"": 0.0, ""kick_power"": 0.0, ""kick_dir"": null}, {""move_vx"": 0.0, ""move_vy"": 0.0, ""kick_power"": 0.9, ""kick_dir"": [-0.9752769032634278, -0.22098569308169]}, {""move_vx"": -3.647856933613585, ""move_vy"": 2.1807429449358056, ""kick_power"": 0.0, ""kick_dir"": null}, {""move_vx"": -5.8, ""move_vy"": 0.0, ""kick_power"": 0.0, ""kick_dir"": null}, {""move_vx"": -0.0, ""move_vy"": 0.0, ""kick_power"": 0.9, ""kick_dir"": [0.021349747292983032, -0.9997719800492776]}, {""move_vx"": -0.0, ""move_vy"": 0.0, ""kick_power"": 0.9, ""kick_dir"": [-0.9136363893706616, -0.40653180783546594]}, {""move_vx"": 4.1012193308819755, ""move_vy"": -4.1012193308819755, ""kick_power"": 0.0, ""kick_dir"": null}, {""move_vx"": -0.0, ""move_vy"": 0.0, ""kick_power"": 0.0, ""kick_dir"": null}, {""move_vx"": -7.496430653221288, ""move_vy"": -0.23136002559704325, ""kick_power"": 0.0, ""kick_dir"": null}, {""move_vx"": -0.0, ""move_vy"": -6.0, ""kick_power"": 0.0, ""kick_dir"": null}, {""move_vx"": -5.09128203306109, ""move_vy"": 4.38602864329787, ""kick_power"": 0.0, ""kick_dir"": null}, {""move_vx"": -4.273819230073752, ""move_vy"": 3.30067708033546, ""kick_power"": 0.0, ""kick_dir"": null}, {""move_vx"": -0.0, ""move_vy"": 0.0, ""kick_power"": 0.4, ""kick_dir"": [0.6101674335986098, -0.7922723229256775]}]"
631,59,default,default,0,34.75824783391548,39.768564621080166,20,B,,0.04348234664736948,-0.01507851865510032,0.36038237104314425,"[{""move_vx"": 3.5355339059327373, ""move_vy"": 3.5355339059327373, ""kick_power"": 0.0, ""kick_dir"": null}, {""move_vx"": -4.1012193308819755, ""move_vy"": 4.1012193308819755, ""kick_power"": 0.0, ""kick_dir"": null}, {""move_vx"": 2.3935335714138395, ""move_vy"": 4.5373887912008275, ""kick_power"": 0.0, ""kick_dir"": null}, {""move_vx"": 4.572585896272692, ""move_vy"": -0.3994473947944325, ""kick_power"": 0.0, ""kick_dir"": null}, {""move_vx"": 0.0, ""move_vy"": 0.0, ""kick_power"": 0.9, ""kick_dir"": [-0.33495885246953644, 0.9422326589773482]}, {""move_vx"": 7.17382208733197, ""move_vy"": 2.583970135142429, ""kick_power"": 0.0, ""kick_dir"": null}, {""move_vx"": -6.0, ""move_vy"": 0.0, ""kick_power"": 0.0, ""kick_dir"": null}, {""move_vx"": 5.759342192010707, ""move_vy"": 1.6822537012369165, ""kick_power"": 0.0, ""kick_dir"": null}, {""move_vx"": 0.0, ""move_vy"": 0.0, ""kick_power"": 1.0, ""kick_dir"": [0.9571440229835196, -0.2896123092495688]}, {""move_vx"": 0.0, ""move_vy"": 0.0, ""kick_power"": 0.0, ""kick_dir"": null}, {""move_vx"": 0.0, ""move_vy"": 0.0, ""kick_power"": 0.9, ""kick_dir"": [-0.9749627017848561, -0.2223678375357286]}, {""move_vx"": -3.6868883021827394, ""move_vy"": 2.114084824984106, ""kick_power"": 0.0, ""kick_dir"": null}, {""move_vx"": 4.731109963647281, ""move_vy"": -1.3861812694873004, ""kick_power"": 0.0, ""kick_dir"": null}, {""move_vx"": -0.0, ""move_vy"": 0.0, ""kick_power"": 0.9, ""kick_dir"": [-0.013574826172948171, -0.9999077700231186]}, {""move_vx"": -0.0, ""move_vy"": 0.0, ""kick_power"": 0.9, ""kick_dir"": [-0.6349318469482109, 0.7725679806935468]}, {""move_vx"": 4.1012193308819755, ""move_vy"": -4.1012193308819755, ""kick_power"": 0.0, ""kick_dir"": null}, {""move_vx"": -0.0, ""move_vy"": 0.0, ""kick_power"": 0.0, ""kick_dir"": null}, {""move_vx"": -7.496430653221287, ""move_vy"": -0.231360025597044, ""kick_power"": 0.0, ""kick_dir"": null}, {""move_vx"": -6.294577154239266, ""move_vy"": 0.26133972015197915, ""kick_power"": 0.0, ""kick_dir"": null}, {""move_vx"": -5.103586166939255, ""move_vy"": 4.371705415124205, ""kick_power"": 0.0, ""kick_dir"": null}, {""move_vx"": -4.986122435086007, ""move_vy"": 3.850789927058083, ""kick_power"": 0.0, ""kick_dir"": null}, {""move_vx"": -8.20512199049588, ""move_vy"": -1.377814617820903, ""kick_power"": 0.0, ""kick_dir"": null}]"
631,60,default,default,0,34.40454274599873,38.84194299803377,20,B,,0.046174095754288914,-0.020759252631821296,0.3651049880392301,"[{""move_vx"": 0.0, ""move_vy"": 0.0, ""kick_power"": 0.4, ""kick_dir"": [0.9255192129726881, 0.3787004810564022]}, {""move_vx"": 4.085288494258903, ""move_vy"": 3.697366348994352, ""kick_power"": 0.0, ""kick_dir"": null}, {""move_vx"": 2.202240043449332, ""move_vy"": 4.633253585875511, ""kick_power"": 0.0, ""kick_dir"": null}, {""move_vx"": 4.572585896272693, ""move_vy"": -0.3994473947944248, ""kick_power"": 0.0, ""kick_dir"": null}, {""move_vx"": 0.0, ""move_vy"": 0.0, ""kick_power"": 0.9, ""kick_dir"": [-0.3559360858668129, 0.934510201242126]}, {""move_vx"": 7.175179870167896, ""move_vy"": 2.5801974402625514, ""kick_power"": 0.0, ""kick_dir"": null}, {""move_vx"": -6.0, ""move_vy"": 0.0, ""kick_power"": 0.0, ""kick_dir"": null}, {""move_vx"": 5.759342192010707, ""move_vy"": 1.6822537012369172, ""kick_power"": 0.0, ""kick_dir"": null}, {""move_vx"": 4.759083037677021, ""move_vy"": -2.7370108952093823, ""kick_power"": 0.0, ""kick_dir"": null}, {""move_vx"": 0.0, ""move_vy"": 0.0, ""kick_power"": 0.0, ""kick_dir"": null}, {""move_vx"": 0.0, ""move_vy"": 0.0, ""kick_power"": 0.9, ""kick_dir"": [-0.9836027498529567, -0.18034783816815783]}, {""move_vx"": -3.7247082687074498, ""move_vy"": 2.046716471087862, ""kick_power"": 0.0, ""kick_dir"": null}, {""move_vx"": 4.731109963647281, ""move_vy"": -1.386181269487299, ""kick_power"": 0.0, ""kick_dir"": null}, {""move_vx"": -0.0, ""move_vy"": 0.0, ""kick_power"": 0.9, ""kick_dir"": [0.013017556785802504, -0.9999151812748978]}, {""move_vx"": -0.0, ""move_vy"": 0.0, ""kick_power"": 0.9, ""kick_dir"": [-0.9475599525072473, -0.3195775315831919]}, {""move_vx"": 4.1012193308819755, ""move_vy"": -4.1012193308819755, ""kick_power"": 0.0, ""kick_dir"": null}, {""move_vx"": -0.0, ""move_vy"": 0.0, ""kick_power"": 0.0, ""kick_dir"": null}, {""move_vx"": -7.4960081640400835, ""move_vy"": -0.2446663128516289, ""kick_power"": 0.0, ""kick_dir"": null}, {""move_vx"": -6.289120845792179, ""move_vy"": 0.3700797036075824, ""kick_power"": 0.0, ""kick_dir"": null}, {""move_vx"": -5.11719733443782, ""move_vy"": 4.3557653105306855, ""kick_power"": 0.0, ""kick_dir"": null}, {""move_vx"": -4.971443347549625, ""move_vy"": -3.359278351388074, ""kick_power"": 0.0, ""kick_dir"": null}, {""move_vx"": -4.525483399593904, ""move_vy"": 4.525483399593904, ""kick_power"": 0.0, ""kick_dir"": null}]"
631,61,default,default,0,33.943236763872086,39.123345700714864,20,B,,0.050217379972053576,-0.020982593968696023,0.3591406591020819,"[{""move_vx"": 5.0, ""move_vy"": 0.0, ""kick_power"": 0.0, ""kick_dir"": null}, {""move_vx"": 5.532229878755362, ""move_vy"": 1.7419622753109305, ""kick_power"": 0.0, ""kick_dir"": null}, {""move_vx"": 2.2443863908056745, ""move_vy"": 4.612984904458964, ""kick_power"": 0.0, ""kick_dir"": null}, {""move_vx"": 4.5725858962726935, ""move_vy"": -0.3994473947944157, ""kick_power"": 0.0, ""kick_dir"": null}, {""move_vx"": 0.0, ""move_vy"": 0.0, ""kick_power"": 0.9, ""kick_dir"": [-0.3777237903626743, 0.9259182192254497]}, {""move_vx"": 0.0, ""move_vy"": 0.0, ""kick_power"": 0.65, ""kick_dir"": [0.1574163209584861, 0.9875322841933522]}, {""move_vx"": -4.242640687119285, ""move_vy"": -4.242640687119285, ""kick_power"": 0.0, ""kick_dir"": null}, {""move_vx"": 5.759342192010707, ""move_vy"": 1.682253701236918, ""kick_power"": 0.0, ""kick_dir"": null}, {""move_vx"": -6.1, ""move_vy"": 0.0, ""kick_power"": 0.0, ""kick_dir"": null}, {""move_vx"": 6.0, ""move_vy"": 0.0, ""kick_power"": 0.0, ""kick_dir"": null}, {""move_vx"": 0.0, ""move_vy"": 0.0, ""kick_power"": 1.0, ""kick_dir"": [0.9999673028207112, -0.008084433894155653]}, {""move_vx"": 3.5355339059327373, ""move_vy"": -3.5355339059327373, ""kick_power"": 0.0, ""kick_dir"": null}, {""move_vx"": -4.1012193308819755, ""move_vy"": -4.1012193308819755, ""kick_power"": 0.0, ""kick_dir"": null}, {""move_vx"": -0.0, ""move_vy"": 0.0, ""kick_power"": 0.0, ""kick_dir"": null}, {""move_vx"": -0.0, ""move_vy"": 0.0, ""kick_power"": 0.9, ""kick_dir"": [0.8587701313791928, -0.5123609378611365]}, {""move_vx"": -0.0, ""move_vy"": 5.8, ""kick_power"": 0.0, ""kick_dir"": null}, {""move_vx"": -0.0, ""move_vy"": 0.0, ""kick_power"": 0.0, ""kick_dir"": null}, {""move_vx"": -7.495455286265335, ""move_vy"": -0.26105564846797685, ""kick_power"": 0.0, ""kick_dir"": null}, {""move_vx"": -6.294009306101355, ""move_vy"": -0.2746759084986427, ""kick_power"": 0.0, ""kick_dir"": null}, {""move_vx"": -5.722963233328101, ""move_vy"": 3.522228247853166, ""kick_power"": 0.0, ""kick_dir"": null}, {""move_vx"": -5.391283032459087, ""move_vy"": -0.3067038700746285, ""kick_power"": 0.0, ""kick_dir"": null}, {""move_vx"": -4.525483399593904, ""move_vy"": 4.525483399593904, ""kick_power"": 0.0, ""kick_dir"": null}]"
631,62,default,default,0,33.583378400676516,39.11126841167231,20,B,,0.05330275554819206,-0.013061786524705275,0.3681853841143176,"[{""move_vx"": 5.0, ""move_vy"": 0.0, ""kick_power"": 0.0, ""kick_dir"": null}, {""move_vx"": 5.532229878755361, ""move_vy"": 1.74196227531093, ""kick_power"": 0.0, ""kick_dir"": null}, {""move_vx"": 1.9414048750653456, ""move_vy"": 4.748457340134005, ""kick_power"": 0.0, ""kick_dir"": null}, {""move_vx"": 4.572585896272695, ""move_vy"": -0.3994473947944047, ""kick_power"": 0.0, ""kick_dir"": null}, {""move_vx"": 0.0, ""move_vy"": 0.0, ""kick_power"": 0.9, ""kick_dir"": [-0.4004133068224835, 0.916334541220252]}, {""move_vx"": 0.0, ""move_vy"": 0.0, ""kick_power"": 0.65, ""kick_dir"": [0.17257836316653738, 0.9849957460279427]}, {""move_vx"": 1.8187787341717727, ""move_vy"": -5.084490526702211, ""kick_power"": 0.0, ""kick_dir"": null}, {""move_vx"": 5.759342192010707, ""move_vy"": 1.682253701236919, ""kick_power"": 0.0, ""kick_dir"": null}, {""move_vx"": 0.0, ""move_vy"": -6.1, ""kick_power"": 0.0, ""kick_dir"": null}, {""move_vx"": 0.0, ""move_vy"": 0.0, ""kick_power"": 0.0, ""kick_dir"": null}, {""move_vx"": 0.0, ""move_vy"": 0.0, ""kick_power"": 1.0, ""kick_dir"": [0.999981501834609, -0.006079542170218536]}, {""move_vx"": -3.725661772561431, ""move_vy"": 2.044980282661527, ""kick_power"": 0.0, ""kick_dir"": null}, {""move_vx"": 4.7922822854430125, ""move_vy"": -1.1571216429697835, ""kick_power"": 0.0, ""kick_dir"": null}, {""move_vx"": -0.0, ""move_vy"": 0.0, ""kick_power"": 0.9, ""kick_dir"": [0.011679412132066063, -0.9999317085059308]}, {""move_vx"": -0.0, ""move_vy"": 0.0, ""kick_power"": 0.9, ""kick_dir"": [0.8524619910272656, -0.5227890790326597]}, {""move_vx"": -0.0, ""move_vy"": 5.8, ""kick_power"": 0.0, ""kick_dir"": null}, {""move_vx"": -5.196450347529343, ""move_vy"": 2.3424140935501048, ""kick_power"": 0.0, ""kick_dir"": null}, {""move_vx"": -7.494877820245571, ""move_vy"": -0.2771397834865881, ""kick_power"": 0.0, ""kick_dir"": null}, {""move_vx"": -6.298002820694696, ""move_vy"": -0.15862052364577553, ""kick_power"": 0.0, ""kick_dir"": null}, {""move_vx"": -5.724176083166237, ""move_vy"": 3.5202568328046233, ""kick_power"": 0.0, ""kick_dir"": null}, {""move_vx"": -5.393755188262016, ""move_vy"": -0.25962466966100517, ""kick_power"": 0.0, ""kick_dir"": null}, {""move_vx"": -4.525483399593904, ""move_vy"": 4.525483399593904, ""kick_power"": 0.0, ""kick_dir"": null}]"
631,63,default,default,0,33.3302708626618,38.76979266474641,20,B,,0.055369022448097105,-0.017117364788240226,0.3708534211602431,"[{""move_vx"": 5.0, ""move_vy"": 0.0, ""kick_power"": 0.0, ""kick_dir"": null}, {""move_vx"": 5.532229878755362, ""move_vy"": 1.74196227531093, ""kick_power"": 0.0, ""kick_dir"": null}, {""move_vx"": 1.7406353420021425, ""move_vy"": 4.825669757264071, ""kick_power"": 0.0, ""kick_dir"": null}, {""move_vx"": 4.5725858962726935, ""move_vy"": -0.39944739479441566, ""kick_power"": 0.0, ""kick_dir"": null}, {""move_vx"": 0.0, ""move_vy"": 0.0, ""kick_power"": 0.9, ""kick_dir"": [-0.4233189439016649, 0.9059806160321356]}, {""move_vx"": 0.0, ""move_vy"": 0.0, ""kick_power"": 0.65, ""kick_dir"": [0.18746260752491756, 0.9822716949062702]}, {""move_vx"": -4.242640687119285, ""move_vy"": -4.242640687119285, ""kick_power"": 0.0, ""kick_dir"": null}, {""move_vx"": 5.759342192010706, ""move_vy"": 1.6822537012369199, ""kick_power"": 0.0, ""kick_dir"": null}, {""move_vx"": 0.0, ""move_vy"": -6.1, ""kick_power"": 0.0, ""kick_dir"": null}, {""move_vx"": 0.0, ""move_vy"": 0.0, ""kick_power"": 0.0, ""kick_dir"": null}, {""move_vx"": 0.0, ""move_vy"": 0.0, ""kick_power"": 1.0, ""kick_dir"": [0.9999910040146536, -0.004237543471348527]}, {""move_vx"": -4.995914289682599, ""move_vy"": 0.2020901040259528, ""kick_power"": 0.0, ""kick_dir"": null}, {""move_vx"": 4.792282285443013, ""move_vy"": -1.1571216429697828, ""kick_power"": 0.0, ""kick_dir"": null}, {""move_vx"": -0.0, ""move_vy"": 0.0, ""kick_power"": 0.0, ""kick_dir"": null}, {""move_vx"": -0.0, ""move_vy"": 0.0, ""kick_power"": 0.9, ""kick_dir"": [0.8460656717046, -0.5330785539890046]}, {""move_vx"": -0.0, ""move_vy"": 5.8, ""kick_power"": 0.0, ""kick_dir"": null}, {""move_vx"": 4.242640687119285, ""move_vy"": 4.242640687119285, ""kick_power"": 0.0, ""kick_dir"": null}, {""move_vx"": -7.494874462068934, ""move_vy"": -0.27723058602346684, ""kick_power"": 0.0, ""kick_dir"": null}, {""move_vx"": -6.29607481261211, ""move_vy"": -0.22235546764449102, ""kick_power"": 0.0, ""kick_dir"": null}, {""move_vx"": -5.836526876523959, ""move_vy"": 3.3306687045717234, ""kick_power"": 0.0, ""kick_dir"": null}, {""move_vx"": -5.393794181863041, ""move_vy"": -0.2588132989249514, ""kick_power"": 0.0, ""kick_dir"": null}, {""move_vx"": -4.525483399593904, ""move_vy"": -4.525483399593904, ""kick_power"": 0.0, ""kick_dir"": null}]"
631,64,default,default,0,32.899418962732845,39.00387890375915,20,B,,0.0591397470766988,-0.02053916915435808,0.3724145257865512,"[{""move_vx"": 5.0, ""move_vy"": 0.0, ""kick_power"": 0.0, ""kick_dir"": null}, {""move_vx"": 5.532229878755362, ""move_vy"": 1.7419622753109296, ""kick_power"": 0.0, ""kick_dir"": null}, {""move_vx"": 1.6571678472425295, ""move_vy"": 4.854965986087396, ""kick_power"": 0.0, ""kick_dir"": null}, {""move_vx"": 4.572585896272694, ""move_vy"": -0.3994473947944017, ""kick_power"": 0.0, ""kick_dir"": null}, {""move_vx"": 0.0, ""move_vy"": 0.0, ""kick_power"": 0.9, ""kick_dir"": [-0.4469378082175487, 0.8945649209798032]}, {""move_vx"": 0.0, ""move_vy"": 0.0, ""kick_power"": 0.65, ""kick_dir"": [0.2020665108386868, 0.979371756662207]}, {""move_vx"": -6.0, ""move_vy"": 0.0, ""kick_power"": 0.0, ""kick_dir"": null}, {""move_vx"": 5.759342192010706, ""move_vy"": 1.6822537012369205, ""kick_power"": 0.0, ""kick_dir"": null}, {""move_vx"": 0.0, ""move_vy"": -6.1, ""kick_power"": 0.0, ""kick_dir"": null}, {""move_vx"": 0.0, ""move_vy"": 0.0, ""kick_power"": 0.0, ""kick_dir"": null}, {""move_vx"": 0.0, ""move_vy"": 0.0, ""kick_power"": 1.0, ""kick_dir"": [0.9999962645337603, -0.002726870783964674]}, {""move_vx"": -4.996354798338199, ""move_vy"": 0.19088931118020208, ""kick_power"": 0.0, ""kick_dir"": null}, {""move_vx"": -4.966903929723058, ""move_vy"": 2.3853648259546474, ""kick_power"": 0.0, ""kick_dir"": null}, {""move_vx"": -0.0, ""move_vy"": 0.0, ""kick_power"": 0.9, ""kick_dir"": [0.06353451134051497, -0.9979795582499899]}, {""move_vx"": -0.0, ""move_vy"": 0.0, ""kick_power"": 0.9, ""kick_dir"": [0.8396147931667342, -0.5431821637607908]}, {""move_vx"": -0.0, ""move_vy"": 5.8, ""kick_power"": 0.0, ""kick_dir"": null}, {""move_vx"": -0.0, ""move_vy"": 0.0, ""kick_power"": 0.0, ""kick_dir"": null}, {""move_vx"": -7.494874462068934, ""move_vy"": -0.27723058602346673, ""kick_power"": 0.0, ""kick_dir"": null}, {""move_vx"": -6.281996625100271, ""move_vy"": -0.4759394942939812, ""kick_power"": 0.0, ""kick_dir"": null}, {""move_vx"": -6.067825778478945, ""move_vy"": 2.8878868263881814, ""kick_power"": 0.0, ""kick_dir"": null}, {""move_vx"": -5.392280527771255, ""move_vy"": -0.28863594685859356, ""kick_power"": 0.0, ""kick_dir"": null}, {""move_vx"": -4.525483399593904, ""move_vy"": 4.525483399593904, ""kick_power"": 0.0, ""kick_dir"": null}]"
631,65,default,default,0,32.539574702529485,38.991849518572714,20,B,,0.06222420537704175,-0.022632343126610548,0.3672627170450331,"[{""move_vx"": 5.0, ""move_vy"": 0.0, ""kick_power"": 0.0, ""kick_dir"": null}, {""move_vx"": 5.529309604200468, ""move_vy"": 1.7512096678857323, ""kick_power"": 0.0, ""kick_dir"": null}, {""move_vx"": 1.3102416021899008, ""move_vy"": 4.959855536594875, ""kick_power"": 0.0, ""kick_dir"": null}, {""move_vx"": 0.0, ""move_vy"": 0.0, ""kick_power"": 0.0, ""kick_dir"": null}, {""move_vx"": 0.0, ""move_vy"": 0.0, ""kick_power"": 0.9, ""kick_dir"": [-0.47094261622612626, 0.882163733083832]}, {""move_vx"": 0.0, ""move_vy"": 0.0, ""kick_power"": 0.65, ""kick_dir"": [0.21745729528536842, 0.976069791342888]}, {""move_vx"": -6.0, ""move_vy"": 0.0, ""kick_power"": 0.0, ""kick_dir"": null}, {""move_vx"": 5.759342192010705, ""move_vy"": 1.6822537012369212, ""kick_power"": 0.0, ""kick_dir"": null}, {""move_vx"": 0.0, ""move_vy"": -6.1, ""kick_power"": 0.0, ""kick_dir"": null}, {""move_vx"": 0.0, ""move_vy"": 0.0, ""kick_power"": 0.0, ""kick_dir"": null}, {""move_vx"": 0.0, ""move_vy"": 0.0, ""kick_power"": 1.0, ""kick_dir"": [0.9999986004429613, -0.00166253559035553]}, {""move_vx"": -4.996125536696135, ""move_vy"": 0.19679842878630058, ""kick_power"": 0.0, ""kick_dir"": null}, {""move_vx"": 4.778813548881392, ""move_vy"": -1.211544908382526, ""kick_power"": 0.0, ""kick_dir"": null}, {""move_vx"": -0.0, ""move_vy"": 0.0, ""kick_power"": 0.0, ""kick_dir"": null}, {""move_vx"": -0.0, ""move_vy"": 0.0, ""kick_power"": 0.9, ""kick_dir"": [0.8324053844057147, -0.5541670668804775]}, {""move_vx"": 4.1012193308819755, ""move_vy"": -4.1012193308819755, ""kick_power"": 0.0, ""kick_dir"": null}, {""move_vx"": -4.242640687119285, ""move_vy"": 4.242640687119285, ""kick_power"": 0.0, ""kick_dir"": null}, {""move_vx"": -7.494874462068934, ""move_vy"": -0.27723058602346656, ""kick_power"": 0.0, ""kick_dir"": null}, {""move_vx"": 4.242640687119285, ""move_vy"": 4.242640687119285, ""kick_power"": 0.0, ""kick_dir"": null}, {""move_vx"": -6.05453488130303, ""move_vy"": 2.9156487050200184, ""kick_power"": 0.0, ""kick_dir"": null}, {""move_vx"": -5.394299293500968, ""move_vy"": -0.24806275846035333, ""kick_power"": 0.0, ""kick_dir"": null}, {""move_vx"": -4.525483399593904, ""move_vy"": 4.525483399593904, ""kick_power"": 0.0, ""kick_dir"": null}]"
631,66,default,default,0,32.17994886446452,38.975440165022704,20,B,,0.06530576310899519,-0.02751233486816775,0.378235389781243,"[{""move_vx"": 5.0, ""move_vy"": 0.0, ""kick_power"": 0.0, ""kick_dir"": null}, {""move_vx"": 3.5648595303817943, ""move_vy"": 4.201413634557552, ""kick_power"": 0.0, ""kick_dir"": null}, {""move_vx"": 1.04151008242398, ""move_vy"": 5.023162026872037, ""kick_power"": 0.0, ""kick_dir"": null}, {""move_vx"": 4.576223519930921, ""move_vy"": -0.35535657533109627, ""kick_power"": 0.0, ""kick_dir"": null}, {""move_vx"": 0.0, ""move_vy"": 0.0, ""kick_power"": 0.9, ""kick_dir"": [-0.49487617693764246, 0.868963386249197]}, {""move_vx"": 0.0, ""move_vy"": 0.0, ""kick_power"": 0.65, ""kick_dir"": [0.23267958407607886, 0.97255340435019]}, {""move_vx"": 0.0, ""move_vy"": 6.0, ""kick_power"": 0.0, ""kick_dir"": null}, {""move_vx"": 5.759342192010705, ""move_vy"": 1.6822537012369219, ""kick_power"": 0.0, ""kick_dir"": null}, {""move_vx"": 0.0, ""move_vy"": -6.1, ""kick_power"": 0.0, ""kick_dir"": null}, {""move_vx"": 0.0, ""move_vy"": 0.0, ""kick_power"": 0.0, ""kick_dir"": null}, {""move_vx"": 0.0, ""move_vy"": 0.0, ""kick_power"": 1.0, ""kick_dir"": [0.9999986004429613, -0.00166253559035553]}, {""move_vx"": -4.996180946745171, ""move_vy"": 0.19538666121443476, ""kick_power"": 0.0, ""kick_dir"": null}, {""move_vx"": -4.975937085661199, ""move_vy"": 2.366463631569591, ""kick_power"": 0.0, ""kick_dir"": null}, {""move_vx"": -0.0, ""move_vy"": 0.0, ""kick_power"": 0.9, ""kick_dir"": [0.06414672747886434, -0.9979403935648965]}, {""move_vx"": -0.0, ""move_vy"": 0.0, ""kick_power"": 0.9, ""kick_dir"": [0.8250863824316148, -0.5650064793508566]}, {""move_vx"": 4.1012193308819755, ""move_vy"": -4.1012193308819755, ""kick_power"": 0.0, ""kick_dir"": null}, {""move_vx"": -4.242640687119285, ""move_vy"": 4.242640687119285, ""kick_power"": 0.0, ""kick_dir"": null}, {""move_vx"": -7.4948744620689345, ""move_vy"": -0.27723058602346645, ""kick_power"": 0.0, ""kick_dir"": null}, {""move_vx"": -6.280266166026438, ""move_vy"": -0.49825383477058915, ""kick_power"": 0.0, ""kick_dir"": null}, {""move_vx"": -8.318193615866639, ""move_vy"": 0.17336368984168932, ""kick_power"": 0.0, ""kick_dir"": null}, {""move_vx"": -5.394332397553494, ""move_vy"": -0.24734183775652507, ""kick_power"": 0.0, ""kick_dir"": null}, {""move_vx"": 4.525483399593904, ""move_vy"": 4.525483399593904, ""kick_power"": 0.0, ""kick_dir"": null}]"
631,67,default,default,0,31.820326599106174,38.95895301057322,20,B,,0.0683870826855506,-0.02195119063498208,0.3855639269970514,"[{""move_vx"": 5.0, ""move_vy"": 0.0, ""kick_power"": 0.0, ""kick_dir"": null}, {""move_vx"": 3.4298390634149443, ""move_vy"": 4.312343214433761, ""kick_power"": 0.0, ""kick_dir"": null}, {""move_vx"": 0.7291053278750583, ""move_vy"": -5.077923337434723, ""kick_power"": 0.0, ""kick_dir"": null}, {""move_vx"": 4.57622351993092, ""move_vy"": -0.35535657533111, ""kick_power"": 0.0, ""kick_dir"": null}, {""move_vx"": 0.0, ""move_vy"": 0.0, ""kick_power"": 0.9, ""kick_dir"": [-0.5192528998350541, 0.8546205127246456]}, {""move_vx"": 0.0, ""move_vy"": 0.0, ""kick_power"": 0.65, ""kick_dir"": [0.2424045798180231, 0.970175207400479]}, {""move_vx"": -6.0, ""move_vy"": 0.0, ""kick_power"": 0.0, ""kick_dir"": null}, {""move_vx"": 5.759342192010705, ""move_vy"": 1.682253701236923, ""kick_power"": 0.0, ""kick_dir"": null}, {""move_vx"": 0.0, ""move_vy"": -6.1, ""kick_power"": 0.0, ""kick_dir"": null}, {""move_vx"": 0.0, ""move_vy"": 0.0, ""kick_power"": 0.0, ""kick_dir"": null}, {""move_vx"": 0.0, ""move_vy"": 0.0, ""kick_power"": 1.0, ""kick_dir"": [0.9999986004429613, -0.00166253559035553]}, {""move_vx"": -4.996240660671007, ""move_vy"": 0.19385370942477484, ""kick_power"": 0.0, ""kick_dir"": null}, {""move_vx"": -4.983268300513538, ""move_vy"": 2.3509863983223966, ""kick_power"": 0.0, ""kick_dir"": null}, {""move_vx"": -0.0, ""move_vy"": 0.0, ""kick_power"": 0.0, ""kick_dir"": null}, {""move_vx"": -0.0, ""move_vy"": 0.0, ""kick_power"": 0.9, ""kick_dir"": [0.8174306982706017, -0.5760268325908501]}, {""move_vx"": 4.1012193308819755, ""move_vy"": -4.1012193308819755, ""kick_power"": 0.0, ""kick_dir"": null}, {""move_vx"": -4.242640687119285, ""move_vy"": 4.242640687119285, ""kick_power"": 0.0, ""kick_dir"": null}, {""move_vx"": -7.494874462068934, ""move_vy"": -0.2772305860234663, ""kick_power"": 0.0, ""kick_dir"": null}, {""move_vx"": -6.280811848453219, ""move_vy"": -0.4913273087562531, ""kick_power"": 0.0, ""kick_dir"": null}, {""move_vx"": -8.318193615866639, ""move_vy"": 0.17336368984168843, ""kick_power"": 0.0, ""kick_dir"": null}, {""move_vx"": -5.394332991111688, ""move_vy"": -0.24732889237618297, ""kick_power"": 0.0, ""kick_dir"": null}, {""move_vx"": -4.525483399593904, ""move_vy"": 4.525483399593904, ""kick_power"": 0.0, ""kick_dir"": null}]"
631,68,default,default,0,31.46070439778332,38.94246445952375,20,B,,0.07120311242400236,-0.022746539918344494,0.3870244205369272,"[{""move_vx"": 0.0, ""move_vy"": 0.0, ""kick_power"": 0.7, ""kick_dir"": [0.9992704932315359, -0.038189584863580164]}, {""move_vx"": 3.285824617409707, ""move_vy"": 4.423059640523101, ""kick_power"": 0.0, ""kick_dir"": null}, {""move_vx"": 0.380020268970732, ""move_vy"": 5.115905061196055, ""kick_power"": 0.0, ""kick_dir"": null}, {""move_vx"": 4.576223519930919, ""move_vy"": -0.35535657533113085, ""kick_power"": 0.0, ""kick_dir"": null}, {""move_vx"": 0.0, ""move_vy"": 0.0, ""kick_power"": 0.9, ""kick_dir"": [-0.5193962541298269, 0.854533396681056]}, {""move_vx"": 0.0, ""move_vy"": 0.0, ""kick_power"": 0.65, ""kick_dir"": [0.25169280791224796, 0.9678071316269645]}, {""move_vx"": -6.0, ""move_vy"": 0.0, ""kick_power"": 0.0, ""kick_dir"": null}, {""move_vx"": 5.759342192010704, ""move_vy"": 1.6822537012369239, ""kick_power"": 0.0, ""kick_dir"": null}, {""move_vx"": 0.0, ""move_vy"": -6.1, ""kick_power"": 0.0, ""kick_dir"": null}, {""move_vx"": 0.0, ""move_vy"": 0.0, ""kick_power"": 0.0, ""kick_dir"": null}, {""move_vx"": 0.0, ""move_vy"": 0.0, ""kick_power"": 1.0, ""kick_dir"": [0.9999986004429613, -0.00166253559035553]}, {""move_vx"": -0.0, ""move_vy"": 0.0, ""kick_power"": 0.0, ""kick_dir"": null}, {""move_vx"": -4.990518426641708, ""move_vy"": 2.335556857229036, ""kick_power"": 0.0, ""kick_dir"": null}, {""move_vx"": -0.0, ""move_vy"": 0.0, ""kick_power"": 0.9, ""kick_dir"": [0.008494149451653572, -0.9999638374695795]}, {""move_vx"": -0.0, ""move_vy"": 0.0, ""kick_power"": 0.9, ""kick_dir"": [0.8094211903969868, -0.5872283993563236]}, {""move_vx"": 4.1012193308819755, ""move_vy"": -4.1012193308819755, ""kick_power"": 0.0, ""kick_dir"": null}, {""move_vx"": -4.242640687119285, ""move_vy"": 4.242640687119285, ""kick_power"": 0.0, ""kick_dir"": null}, {""move_vx"": -7.494874462068934, ""move_vy"": -0.2772305860234662, ""kick_power"": 0.0, ""kick_dir"": null}, {""move_vx"": -6.281331737805, ""move_vy"": -0.48463553279102045, ""kick_power"": 0.0, ""kick_dir"": null}, {""move_vx"": -8.318193615866639, ""move_vy"": 0.17336368984168748, ""kick_power"": 0.0, ""kick_dir"": null}, {""move_vx"": -5.394333001885817, ""move_vy"": -0.24732865738839896, ""kick_power"": 0.0, ""kick_dir"": null}, {""move_vx"": -4.525483399593904, ""move_vy"": 4.525483399593904, ""kick_power"": 0.0, ""kick_dir"": null}]"
631,69,default,default,0,31.10108219762245,38.925975883131194,20,B,,0.07401916797131576,-0.02694438268372388,0.3887818329998638,"[{""move_vx"": 0.0, ""move_vy"": 0.0, ""kick_power"": 0.7, ""kick_dir"": [0.9992900861543049, -0.03767342194673854]}, {""move_vx"": 3.132753458675365, ""move_vy"": 4.532764693557072, ""kick_power"": 0.0, ""kick_dir"": null}, {""move_vx"": 5.208485960338145, ""move_vy"": 1.425368022989303, ""kick_power"": 0.0, ""kick_dir"": null}, {""move_vx"": 4.576223519930917, ""move_vy"": -0.3553565753311667, ""kick_power"": 0.0, ""kick_dir"": null}, {""move_vx"": 0.0, ""move_vy"": 0.0, ""kick_power"": 0.9, ""kick_dir"": [-0.519547811751858, 0.8544412596850492]}, {""move_vx"": 0.0, ""move_vy"": 0.0, ""kick_power"": 0.65, ""kick_dir"": [0.26052631751059013, 0.9654667014848917]}, {""move_vx"": -6.0, ""move_vy"": 0.0, ""kick_power"": 0.0, ""kick_dir"": null}, {""move_vx"": 5.759342192010704, ""move_vy"": 1.6822537012369247, ""kick_power"": 0.0, ""kick_dir"": null}, {""move_vx"": 0.0, ""move_vy"": -6.1, ""kick_power"": 0.0, ""kick_dir"": null}, {""move_vx"": 0.0, ""move_vy"": 0.0, ""kick_power"": 0.0, ""kick_dir"": null}, {""move_vx"": 0.0, ""move_vy"": 0.0, ""kick_power"": 1.0, ""kick_dir"": [0.9999986004429613, -0.00166253559035553]}, {""move_vx"": -0.0, ""move_vy"": 0.0, ""kick_power"": 0.0, ""kick_dir"": null}, {""move_vx"": -4.997685163210706, ""move_vy"": 2.320181675952031, ""kick_power"": 0.0, ""kick_dir"": null}, {""move_vx"": -0.0, ""move_vy"": 0.0, ""kick_power"": 0.9, ""kick_dir"": [-0.020610830558138442, -0.9997874864936361]}, {""move_vx"": -0.0, ""move_vy"": 0.0, ""kick_power"": 0.9, ""kick_dir"": [0.801042257999502, -0.5986076807777763]}, {""move_vx"": 4.1012193308819755, ""move_vy"": -4.1012193308819755, ""kick_power"": 0.0, ""kick_dir"": null}, {""move_vx"": -4.242640687119285, ""move_vy"": 4.242640687119285, ""kick_power"": 0.0, ""kick_dir"": null}, {""move_vx"": -7.494874462068934, ""move_vy"": -0.277230586023466, ""kick_power"": 0.0, ""kick_dir"": null}, {""move_vx"": -6.281830353282519, ""move_vy"": -0.47812907522805426, ""kick_power"": 0.0, ""kick_dir"": null}, {""move_vx"": -8.318193615866637, ""move_vy"": 0.1733636898416865, ""kick_power"": 0.0, ""kick_dir"": null}, {""move_vx"": -5.394333002083545, ""move_vy"": -0.24732865307587507, ""kick_power"": 0.0, ""kick_dir"": null}, {""move_vx"": -4.525483399593904, ""move_vy"": 4.525483399593904, ""kick_power"": 0.0, ""kick_dir"": null}]"
631,70,default,default,0,30.74145999748289,38.90948730627369,20,B,,0.07683524855526604,-0.02210702425995502,0.39054069441803313,"[{""move_vx"": 0.0, ""move_vy"": 0.0, ""kick_power"": 0.7, ""kick_dir"": [0.999309209400868, -0.03716270961922318]}, {""move_vx"": 2.9707227587076135, ""move_vy"": 4.640571763360268, ""kick_power"": 0.0, ""kick_dir"": null}, {""move_vx"": 0.0, ""move_vy"": 0.0, ""kick_power"": 0.0, ""kick_dir"": null}, {""move_vx"": 4.576223519930919, ""move_vy"": -0.35535657533112464, ""kick_power"": 0.0, ""kick_dir"": null}, {""move_vx"": 0.0, ""move_vy"": 0.0, ""kick_power"": 0.9, ""kick_dir"": [-0.5190572845891869, 0.8547393348913603]}, {""move_vx"": 0.0, ""move_vy"": 0.0, ""kick_power"": 0.65, ""kick_dir"": [0.2688878596130198, 0.9631714452523092]}, {""move_vx"": -6.0, ""move_vy"": 0.0, ""kick_power"": 0.0, ""kick_dir"": null}, {""move_vx"": 5.759342192010704, ""move_vy"": 1.6822537012369256, ""kick_power"": 0.0, ""kick_dir"": null}, {""move_vx"": 0.0, ""move_vy"": -6.1, ""kick_power"": 0.0, ""kick_dir"": null}, {""move_vx"": 0.0, ""move_vy"": 0.0, ""kick_power"": 0.0, ""kick_dir"": null}, {""move_vx"": 0.0, ""move_vy"": 0.0, ""kick_power"": 1.0, ""kick_dir"": [0.9999986004429613, -0.00166253559035553]}, {""move_vx"": -0.0, ""move_vy"": 0.0, ""kick_power"": 0.0, ""kick_dir"": null}, {""move_vx"": -5.004769109420395, ""move_vy"": 2.3048614191294425, ""kick_power"": 0.0, ""kick_dir"": null}, {""move_vx"": -0.0, ""move_vy"": 0.0, ""kick_power"": 0.9, ""kick_dir"": [-0.0505058210691662, -0.9987236776490552]}, {""move_vx"": -0.0, ""move_vy"": 0.0, ""kick_power"": 0.9, ""kick_dir"": [0.7922779653883535, -0.6101602070274393]}, {""move_vx"": 4.1012193308819755, ""move_vy"": -4.1012193308819755, ""kick_power"": 0.0, ""kick_dir"": null}, {""move_vx"": -4.242640687119285, ""move_vy"": 4.242640687119285, ""kick_power"": 0.0, ""kick_dir"": null}, {""move_vx"": -7.494874462068934, ""move_vy"": -0.2772305860234659, ""kick_power"": 0.0, ""kick_dir"": null}, {""move_vx"": -6.282308641157804, ""move_vy"": -0.47180307039483416, ""kick_power"": 0.0, ""kick_dir"": null}, {""move_vx"": -8.318193615866637, ""move_vy"": 0.17336368984168554, ""kick_power"": 0.0, ""kick_dir"": null}, {""move_vx"": -5.394333002087215, ""move_vy"": -0.24732865299584889, ""kick_power"": 0.0, ""kick_dir"": null}, {""move_vx"": -4.525483399593904, ""move_vy"": 4.525483399593904, ""kick_power"": 0.0, ""kick_dir"": null}]"
631,71,default,default,0,30.381837797343735,38.892998729407566,20,B,,0.07965135339992295,-0.02963268242167444,0.3926300714220276,"[{""move_vx"": 0.0, ""move_vy"": 0.0, ""kick_power"": 0.7, ""kick_dir"": [0.9993278772713471, -0.03665728658968583]}, {""move_vx"": 2.799994459119571, ""move_vy"": 4.745538012586106, ""kick_power"": 0.0, ""kick_dir"": null}, {""move_vx"": 0.0, ""move_vy"": 0.0, ""kick_power"": 0.0, ""kick_dir"": null}, {""move_vx"": 4.5762235199309105, ""move_vy"": -0.35535657533124254, ""kick_power"": 0.0, ""kick_dir"": null}, {""move_vx"": 0.0, ""move_vy"": 0.0, ""kick_power"": 0.9, ""kick_dir"": [-0.5064898757650079, 0.8622457908136367]}, {""move_vx"": 0.0, ""move_vy"": 0.0, ""kick_power"": 0.65, ""kick_dir"": [0.27676119850156833, 0.9609386833716478]}, {""move_vx"": -6.0, ""move_vy"": 0.0, ""kick_power"": 0.0, ""kick_dir"": null}, {""move_vx"": 5.7593421920107035, ""move_vy"": 1.6822537012369265, ""kick_power"": 0.0, ""kick_dir"": null}, {""move_vx"": 7.40403607754416, ""move_vy"": -1.8223267441445485, ""kick_power"": 0.0, ""kick_dir"": null}, {""move_vx"": 0.0, ""move_vy"": 0.0, ""kick_power"": 0.0, ""kick_dir"": null}, {""move_vx"": 0.0, ""move_vy"": 0.0, ""kick_power"": 1.0, ""kick_dir"": [0.9999986004429613, -0.00166253559035553]}, {""move_vx"": -0.0, ""move_vy"": 0.0, ""kick_power"": 0.0, ""kick_dir"": null}, {""move_vx"": -5.011770917967991, ""move_vy"": 2.2895965290439904, ""kick_power"": 0.0, ""kick_dir"": null}, {""move_vx"": -0.0, ""move_vy"": 0.0, ""kick_power"": 0.9, ""kick_dir"": [-0.08112943647563857, -0.9967034838386034]}, {""move_vx"": -0.0, ""move_vy"": 0.0, ""kick_power"": 0.9, ""kick_dir"": [0.7831120535222237, -0.6218805049057518]}, {""move_vx"": 4.1012193308819755, ""move_vy"": -4.1012193308819755, ""kick_power"": 0.0, ""kick_dir"": null}, {""move_vx"": -5.334772519822474, ""move_vy"": 2.0075363413265914, ""kick_power"": 0.0, ""kick_dir"": null}, {""move_vx"": -7.494874462068933, ""move_vy"": -0.27723058602346573, ""kick_power"": 0.0, ""kick_dir"": null}, {""move_vx"": -6.282767447565399, ""move_vy"": -0.4656535190595799, ""kick_power"": 0.0, ""kick_dir"": null}, {""move_vx"": -8.318193615866637, ""move_vy"": 0.17336368984168452, ""kick_power"": 0.0, ""kick_dir"": null}, {""move_vx"": -5.394333002087284, ""move_vy"": -0.24732865299434825, ""kick_power"": 0.0, ""kick_dir"": null}, {""move_vx"": -4.525483399593904, ""move_vy"": 4.525483399593904, ""kick_power"": 0.0, ""kick_dir"": null}]"
631,72,default,default,0,30.940390892526914,38.53617555616796,20,B,,0.07416955588706094,0.014075649495125098,0.4218721900063226,"[{""move_vx"": 0.0, ""move_vy"": 0.0, ""kick_power"": 0.7, ""kick_dir"": [0.9993461035688319, -0.036156993869544296]}, {""move_vx"": 2.6210093350379786, ""move_vy"": 4.846690630279983, ""kick_power"": 0.0, ""kick_dir"": null}, {""move_vx"": 0.0, ""move_vy"": 0.0, ""kick_power"": 0.0, ""kick_dir"": null}, {""move_vx"": -4.5762235199309105, ""move_vy"": 0.3553565753312421, ""kick_power"": 0.0, ""kick_dir"": null}, {""move_vx"": 0.0, ""move_vy"": 0.0, ""kick_power"": 0.9, ""kick_dir"": [-0.5120709839333168, 0.8589430152111214]}, {""move_vx"": 0.0, ""move_vy"": 0.0, ""kick_power"": 0.65, ""kick_dir"": [0.28413140673501, 0.9587853034413513]}, {""move_vx"": -6.0, ""move_vy"": 0.0, ""kick_power"": 0.0, ""kick_dir"": null}, {""move_vx"": 5.7593421920107035, ""move_vy"": 1.6822537012369274, ""kick_power"": 0.0, ""kick_dir"": null}, {""move_vx"": 0.0, ""move_vy"": -6.1, ""kick_power"": 0.0, ""kick_dir"": null}, {""move_vx"": 0.0, ""move_vy"": 0.0, ""kick_power"": 0.0, ""kick_dir"": null}, {""move_vx"": 0.0, ""move_vy"": 0.0, ""kick_power"": 1.0, ""kick_dir"": [0.9999986004429613, -0.00166253559035553]}, {""move_vx"": -0.0, ""move_vy"": 0.0, ""kick_power"": 0.0, ""kick_dir"": null}, {""move_vx"": -5.0186912439956615, ""move_vy"": 2.2743874334513174, ""kick_power"": 0.0, ""kick_dir"": null}, {""move_vx"": -0.0, ""move_vy"": 0.0, ""kick_power"": 0.9, ""kick_dir"": [-0.1124082710162975, -0.9936620143745326]}, {""move_vx"": -0.0, ""move_vy"": 0.0, ""kick_power"": 0.9, ""kick_dir"": [0.7735279980828561, -0.6337620097423672]}, {""move_vx"": 4.1012193308819755, ""move_vy"": -4.1012193308819755, ""kick_power"": 0.0, ""kick_dir"": null}, {""move_vx"": -5.341378305680018, ""move_vy"": 1.9898939156675766, ""kick_power"": 0.0, ""kick_dir"": null}, {""move_vx"": -7.494874462068934, ""move_vy"": -0.27723058602346556, ""kick_power"": 0.0, ""kick_dir"": null}, {""move_vx"": -6.283207581783679, ""move_vy"": -0.4596764995255897, ""kick_power"": 0.0, ""kick_dir"": null}, {""move_vx"": -8.318193615866637, ""move_vy"": 0.1733636898416835, ""kick_power"": 0.0, ""kick_dir"": null}, {""move_vx"": -0.0, ""move_vy"": 0.0, ""kick_power"": 0.4, ""kick_dir"": [0.84271671451078, -0.5383567915153562]}, {""move_vx"": -4.525483399593904, ""move_vy"": 4.525483399593904, ""kick_power"": 0.0, ""kick_dir"": null}]"
631,73,default,default,0,30.14512855538358,39.46908787834884,20,B,,0.08101160311165456,-0.037176175015747714,0.37166386413427127,"[{""move_vx"": 0.0, ""move_vy"": 0.0, ""kick_power"": 0.7, ""kick_dir"": [0.9993666992346152, -0.03558318924539256]}, {""move_vx"": 2.8192283074065605, ""move_vy"": 4.734136853822198, ""kick_power"": 0.0, ""kick_dir"": null}, {""move_vx"": 0.0, ""move_vy"": 0.0, ""kick_power"": 0.0, ""kick_dir"": null}, {""move_vx"": 4.5762235199309105, ""move_vy"": -0.35535657533124254, ""kick_power"": 0.0, ""kick_dir"": null}, {""move_vx"": 0.0, ""move_vy"": 0.0, ""kick_power"": 0.9, ""kick_dir"": [-0.49955160955325484, 0.866284011341791]}, {""move_vx"": 0.0, ""move_vy"": 0.0, ""kick_power"": 0.65, ""kick_dir"": [0.29098517117785094, 0.9567275185373731]}, {""move_vx"": 5.877664502613205, ""move_vy"": 1.2054293818887376, ""kick_power"": 0.0, ""kick_dir"": null}, {""move_vx"": 7.41820194375734, ""move_vy"": -1.104662809021298, ""kick_power"": 0.0, ""kick_dir"": null}, {""move_vx"": 0.0, ""move_vy"": -6.1, ""kick_power"": 0.0, ""kick_dir"": null}, {""move_vx"": 0.0, ""move_vy"": 0.0, ""kick_power"": 0.0, ""kick_dir"": null}, {""move_vx"": 0.0, ""move_vy"": 0.0, ""kick_power"": 0.9, ""kick_dir"": [-0.9798541170775723, 0.19971375165552455]}, {""move_vx"": -0.0, ""move_vy"": 5.0, ""kick_power"": 0.0, ""kick_dir"": null}, {""move_vx"": -5.022721299293961, ""move_vy"": 2.2654736258934425, ""kick_power"": 0.0, ""kick_dir"": null}, {""move_vx"": -0.0, ""move_vy"": 0.0, ""kick_power"": 0.9, ""kick_dir"": [-0.1454408911337509, -0.9893668498577983]}, {""move_vx"": -5.070986756162713, ""move_vy"": -1.8560962579624927, ""kick_power"": 0.0, ""kick_dir"": null}, {""move_vx"": 4.1012193308819755, ""move_vy"": -4.1012193308819755, ""kick_power"": 0.0, ""kick_dir"": null}, {""move_vx"": -5.347957984873611, ""move_vy"": 1.9721423356407557, ""kick_power"": 0.0, ""kick_dir"": null}, {""move_vx"": -7.494874462068934, ""move_vy"": -0.2772305860234654, ""kick_power"": 0.0, ""kick_dir"": null}, {""move_vx"": -0.0, ""move_vy"": 0.0, ""kick_power"": 0.65, ""kick_dir"": [-0.7042473127094014, -0.7099543810873511]}, {""move_vx"": -0.0, ""move_vy"": 0.0, ""kick_power"": 0.0, ""kick_dir"": null}, {""move_vx"": -5.016477453152476, ""move_vy"": 3.2916491249847475, ""kick_power"": 0.0, ""kick_dir"": null}, {""move_vx"": -4.525483399593904, ""move_vy"": 4.525483399593904, ""kick_power"": 0.0, ""kick_dir"": null}]"
631,74,default,default,0,29.846906277228538,38.86417469683547,20,B,,0.0832327526072149,-0.03344449753898632,0.4050426859069532,"[{""move_vx"": 0.0, ""move_vy"": 0.0, ""kick_power"": 0.7, ""kick_dir"": [0.9993809881814808, -0.035179586831181345]}, {""move_vx"": 2.308355251343231, ""move_vy"": 5.003158605680628, ""kick_power"": 0.0, ""kick_dir"": null}, {""move_vx"": 0.0, ""move_vy"": 0.0, ""kick_power"": 0.0, ""kick_dir"": null}, {""move_vx"": 0.0, ""move_vy"": 5.4, ""kick_power"": 0.0, ""kick_dir"": null}, {""move_vx"": 5.120754274668608, ""move_vy"": -2.7235777313054927, ""kick_power"": 0.0, ""kick_dir"": null}, {""move_vx"": 7.176540933109075, ""move_vy"": 2.5764093687552716, ""kick_power"": 0.0, ""kick_dir"": null}, {""move_vx"": 0.045725491898205975, ""move_vy"": -5.39980640202875, ""kick_power"": 0.0, ""kick_dir"": null}, {""move_vx"": 7.41820194375734, ""move_vy"": -1.104662809021298, ""kick_power"": 0.0, ""kick_dir"": null}, {""move_vx"": 0.0, ""move_vy"": 0.0, ""kick_power"": 0.4, ""kick_dir"": [-0.43874896823009435, -0.8986091157326291]}, {""move_vx"": 0.0, ""move_vy"": 0.0, ""kick_power"": 0.0, ""kick_dir"": null}, {""move_vx"": 0.0, ""move_vy"": 0.0, ""kick_power"": 0.9, ""kick_dir"": [-0.9844762456739865, 0.1755169686691265]}, {""move_vx"": -0.0, ""move_vy"": 0.0, ""kick_power"": 0.0, ""kick_dir"": null}, {""move_vx"": -5.000501841950987, ""move_vy"": 2.314104865524634, ""kick_power"": 0.0, ""kick_dir"": null}, {""move_vx"": -0.0, ""move_vy"": 0.0, ""kick_power"": 0.9, ""kick_dir"": [-0.17599118243316925, -0.9843916489221622]}, {""move_vx"": -5.070986756162713, ""move_vy"": -1.856096257962493, ""kick_power"": 0.0, ""kick_dir"": null}, {""move_vx"": -0.0, ""move_vy"": 0.0, ""kick_power"": 0.4, ""kick_dir"": [-0.9651674719782911, -0.2616328078584977]}, {""move_vx"": -5.319683270158973, ""move_vy"": 2.0471858501833022, ""kick_power"": 0.0, ""kick_dir"": null}, {""move_vx"": -7.494874462068934, ""move_vy"": -0.27723058602346523, ""kick_power"": 0.0, ""kick_dir"": null}, {""move_vx"": -6.299157996038375, ""move_vy"": -0.10299777155752135, ""kick_power"": 0.0, ""kick_dir"": null}, {""move_vx"": -0.0, ""move_vy"": 0.0, ""kick_power"": 0.0, ""kick_dir"": null}, {""move_vx"": -4.514829707837233, ""move_vy"": 2.962484212486265, ""kick_power"": 0.0, ""kick_dir"": null}, {""move_vx"": -4.525483399593904, ""move_vy"": 4.525483399593904, ""kick_power"": 0.0, ""kick_dir"": null}]"
631,75,default,default,0,29.41455850534516,39.093039318271934,20,B,,0.08673408421476261,-0.03254844843777009,0.39680467728092894,"[{""move_vx"": 0.0, ""move_vy"": 0.0, ""kick_power"": 0.7, ""kick_dir"": [0.9993874128953426, -0.03499659678927853]}, {""move_vx"": 2.2420842711221876, ""move_vy"": 5.033205551255232, ""kick_power"": 0.0, ""kick_dir"": null}, {""move_vx"": 5.939110855342042, ""move_vy"": -0.10277279775475516, ""kick_power"": 0.0, ""kick_dir"": null}, {""move_vx"": -0.7857253782896345, ""move_vy"": -4.522248957091107, ""kick_power"": 0.0, ""kick_dir"": null}, {""move_vx"": 0.18015935519947032, ""move_vy"": -5.507053895390357, ""kick_power"": 0.0, ""kick_dir"": null}, {""move_vx"": 0.0, ""move_vy"": 0.0, ""kick_power"": 0.65, ""kick_dir"": [0.2923731665913832, 0.9563042640328113]}, {""move_vx"": -6.0, ""move_vy"": 0.0, ""kick_power"": 0.0, ""kick_dir"": null}, {""move_vx"": 7.4182019437573405, ""move_vy"": -1.104662809021298, ""kick_power"": 0.0, ""kick_dir"": null}, {""move_vx"": 0.0, ""move_vy"": -6.1, ""kick_power"": 0.0, ""kick_dir"": null}, {""move_vx"": 0.0, ""move_vy"": 0.0, ""kick_power"": 0.0, ""kick_dir"": null}, {""move_vx"": 0.0, ""move_vy"": 0.0, ""kick_power"": 1.0, ""kick_dir"": [0.9999986004429613, -0.00166253559035553]}, {""move_vx"": -0.0, ""move_vy"": 0.0, ""kick_power"": 0.0, ""kick_dir"": null}, {""move_vx"": -5.029216986364261, ""move_vy"": 2.2510167711647933, ""kick_power"": 0.0, ""kick_dir"": null}, {""move_vx"": -0.0, ""move_vy"": 0.0, ""kick_power"": 0.0, ""kick_dir"": null}, {""move_vx"": -5.070986756162712, ""move_vy"": -1.8560962579624931, ""kick_power"": 0.0, ""kick_dir"": null}, {""move_vx"": -0.0, ""move_vy"": 5.8, ""kick_power"": 0.0, ""kick_dir"": null}, {""move_vx"": -5.35148617749668, ""move_vy"": 1.9625482648999895, ""kick_power"": 0.0, ""kick_dir"": null}, {""move_vx"": -7.4948744620689345, ""move_vy"": -0.2772305860234651, ""kick_power"": 0.0, ""kick_dir"": null}, {""move_vx"": -6.282602407221348, ""move_vy"": -0.4678749755827174, ""kick_power"": 0.0, ""kick_dir"": null}, {""move_vx"": -4.525483399593904, ""move_vy"": -4.525483399593904, ""kick_power"": 0.0, ""kick_dir"": null}, {""move_vx"": -5.389361831698199, ""move_vy"": -0.3387905651499672, ""kick_power"": 0.0, ""kick_dir"": null}, {""move_vx"": -4.525483399593904, ""move_vy"": 4.525483399593904, ""kick_power"": 0.0, ""kick_dir"": null}]"
631,76,default,default,0,29.133591321034366,39.46615379550911,20,B,,0.08885900486179289,-0.02266004007982038,0.39428446279208385,"[{""move_vx"": 0.0, ""move_vy"": 0.0, ""kick_power"": 0.7, ""kick_dir"": [0.9993998481706381, -0.03463966352360397]}, {""move_vx"": 1.97448164046954, ""move_vy"": 5.144076423562222, ""kick_power"": 0.0, ""kick_dir"": null}, {""move_vx"": 0.0, ""move_vy"": 0.0, ""kick_power"": 0.0, ""kick_dir"": null}, {""move_vx"": -0.7857253782896026, ""move_vy"": -4.522248957091113, ""kick_power"": 0.0, ""kick_dir"": null}, {""move_vx"": 0.0, ""move_vy"": 0.0, ""kick_power"": 0.9, ""kick_dir"": [-0.4970362446886803, 0.8677296713049627]}, {""move_vx"": 0.0, ""move_vy"": 0.0, ""kick_power"": 0.65, ""kick_dir"": [0.2982378154696655, 0.9544915502700915]}, {""move_vx"": -6.0, ""move_vy"": 0.0, ""kick_power"": 0.0, ""kick_dir"": null}, {""move_vx"": 7.41820194375734, ""move_vy"": -1.1046628090212978, ""kick_power"": 0.0, ""kick_dir"": null}, {""move_vx"": 0.0, ""move_vy"": -6.1, ""kick_power"": 0.0, ""kick_dir"": null}, {""move_vx"": 0.0, ""move_vy"": 0.0, ""kick_power"": 0.0, ""kick_dir"": null}, {""move_vx"": 0.0, ""move_vy"": 0.0, ""kick_power"": 1.0, ""kick_dir"": [0.9999986004429613, -0.00166253559035553]}, {""move_vx"": -0.0, ""move_vy"": 0.0, ""kick_power"": 0.0, ""kick_dir"": null}, {""move_vx"": -5.027863953579953, ""move_vy"": 2.2540372810340465, ""kick_power"": 0.0, ""kick_dir"": null}, {""move_vx"": -0.0, ""move_vy"": 0.0, ""kick_power"": 0.9, ""kick_dir"": [-0.24145116878371395, -0.970412873524597]}, {""move_vx"": -5.070986756162712, ""move_vy"": -1.8560962579624936, ""kick_power"": 0.0, ""kick_dir"": null}, {""move_vx"": -0.0, ""move_vy"": 5.8, ""kick_power"": 0.0, ""kick_dir"": null}, {""move_vx"": -5.348427826030383, ""move_vy"": 1.9708677758144781, ""kick_power"": 0.0, ""kick_dir"": null}, {""move_vx"": -7.4948744620689345, ""move_vy"": -0.27723058602346495, ""kick_power"": 0.0, ""kick_dir"": null}, {""move_vx"": 4.242640687119285, ""move_vy"": -4.242640687119285, ""kick_power"": 0.0, ""kick_dir"": null}, {""move_vx"": -0.0, ""move_vy"": 0.0, ""kick_power"": 0.0, ""kick_dir"": null}, {""move_vx"": -4.97201423792232, ""move_vy"": 3.3584333278922984, ""kick_power"": 0.0, ""kick_dir"": null}, {""move_vx"": -4.525483399593904, ""move_vy"": 4.525483399593904, ""kick_power"": 0.0, ""kick_dir"": null}]"
631,77,default,default,0,28.78326600311661,39.45132949900726,20,B,,0.09159497539046492,-0.03193372332808501,0.39523216590709875,"[{""move_vx"": 0.0, ""move_vy"": 0.0, ""kick_power"": 0.7, ""kick_dir"": [0.9994028296349581, -0.0345535367566401]}, {""move_vx"": 1.7520093233202043, ""move_vy"": 5.224037072131004, ""kick_power"": 0.0, ""kick_dir"": null}, {""move_vx"": 0.0, ""move_vy"": 0.0, ""kick_power"": 0.0, ""kick_dir"": null}, {""move_vx"": 0.7857253782896483, ""move_vy"": 4.522248957091105, ""kick_power"": 0.0, ""kick_dir"": null}, {""move_vx"": 0.0, ""move_vy"": 0.0, ""kick_power"": 0.9, ""kick_dir"": [-0.48344155375545855, 0.8753765323520645]}, {""move_vx"": 7.177905298084472, ""move_vy"": 2.572605786305176, ""kick_power"": 0.0, ""kick_dir"": null}, {""move_vx"": -6.0, ""move_vy"": 0.0, ""kick_power"": 0.0, ""kick_dir"": null}, {""move_vx"": 7.41820194375734, ""move_vy"": -1.1046628090212978, ""kick_power"": 0.0, ""kick_dir"": null}, {""move_vx"": 0.0, ""move_vy"": -6.1, ""kick_power"": 0.0, ""kick_dir"": null}, {""move_vx"": 0.0, ""move_vy"": 0.0, ""kick_power"": 0.0, ""kick_dir"": null}, {""move_vx"": 0.0, ""move_vy"": 0.0, ""kick_power"": 0.9, ""kick_dir"": [-0.9902465799579986, 0.13932479405195608]}, {""move_vx"": -0.0, ""move_vy"": 0.0, ""kick_power"": 0.0, ""kick_dir"": null}, {""move_vx"": -5.018363686144354, ""move_vy"": 2.2751100882347775, ""kick_power"": 0.0, ""kick_dir"": null}, {""move_vx"": -0.0, ""move_vy"": 0.0, ""kick_power"": 0.9, ""kick_dir"": [-0.2744729333630152, -0.9615947274279927]}, {""move_vx"": -5.070986756162712, ""move_vy"": -1.8560962579624938, ""kick_power"": 0.0, ""kick_dir"": null}, {""move_vx"": 4.1012193308819755, ""move_vy"": -4.1012193308819755, ""kick_power"": 0.0, ""kick_dir"": null}, {""move_vx"": -5.336592340213, ""move_vy"": 2.0026937345435316, ""kick_power"": 0.0, ""kick_dir"": null}, {""move_vx"": -7.494874462068934, ""move_vy"": -0.27723058602346473, ""kick_power"": 0.0, ""kick_dir"": null}, {""move_vx"": 4.242640687119285, ""move_vy"": -4.242640687119285, ""kick_power"": 0.0, ""kick_dir"": null}, {""move_vx"": -0.0, ""move_vy"": 0.0, ""kick_power"": 0.0, ""kick_dir"": null}, {""move_vx"": -5.091711159605227, ""move_vy"": 1.7984653088540794, ""kick_power"": 0.0, ""kick_dir"": null}, {""move_vx"": -4.525483399593904, ""move_vy"": 4.525483399593904, ""kick_power"": 0.0, ""kick_dir"": null}]"
631,78,default,default,0,28.43009549071098,39.44763977624884,20,B,,0.09435599041531709,-0.030926201797872525,0.395958121076198,"[{""move_vx"": 0.0, ""move_vy"": 0.0, ""kick_power"": 0.7, ""kick_dir"": [0.9993991108332878, -0.034660929341209096]}, {""move_vx"": 1.5591602400216478, ""move_vy"": 5.284800785832484, ""kick_power"": 0.0, ""kick_dir"": null}, {""move_vx"": 0.0, ""move_vy"": 0.0, ""kick_power"": 0.0, ""kick_dir"": null}, {""move_vx"": -0.7857253782896026, ""move_vy"": -4.522248957091113, ""kick_power"": 0.0, ""kick_dir"": null}, {""move_vx"": 0.0, ""move_vy"": 0.0, ""kick_power"": 0.9, ""kick_dir"": [-0.4724547858988537, 0.8813547993511889]}, {""move_vx"": 7.179272987280433, ""move_vy"": 2.5687865567433747, ""kick_power"": 0.0, ""kick_dir"": null}, {""move_vx"": -6.0, ""move_vy"": 0.0, ""kick_power"": 0.0, ""kick_dir"": null}, {""move_vx"": 7.41820194375734, ""move_vy"": -1.1046628090212978, ""kick_power"": 0.0, ""kick_dir"": null}, {""move_vx"": 0.0, ""move_vy"": -6.1, ""kick_power"": 0.0, ""kick_dir"": null}, {""move_vx"": 0.0, ""move_vy"": 0.0, ""kick_power"": 0.0, ""kick_dir"": null}, {""move_vx"": 0.0, ""move_vy"": 0.0, ""kick_power"": 0.9, ""kick_dir"": [-0.9929359883181967, 0.11864999489274407]}, {""move_vx"": -0.0, ""move_vy"": 0.0, ""kick_power"": 0.0, ""kick_dir"": null}, {""move_vx"": -5.025041768240038, ""move_vy"": 2.260321930045149, ""kick_power"": 0.0, ""kick_dir"": null}, {""move_vx"": -0.0, ""move_vy"": 0.0, ""kick_power"": 0.9, ""kick_dir"": [-0.3074820026217348, -0.9515537967833707]}, {""move_vx"": -3.8183766184073566, ""move_vy"": -3.8183766184073566, ""kick_power"": 0.0, ""kick_dir"": null}, {""move_vx"": 4.1012193308819755, ""move_vy"": -4.1012193308819755, ""kick_power"": 0.0, ""kick_dir"": null}, {""move_vx"": -5.343033015580261, ""move_vy"": 1.9854465982290483, ""kick_power"": 0.0, ""kick_dir"": null}, {""move_vx"": -7.494874462068934, ""move_vy"": -0.27723058602346456, ""kick_power"": 0.0, ""kick_dir"": null}, {""move_vx"": 4.242640687119285, ""move_vy"": -4.242640687119285, ""kick_power"": 0.0, ""kick_dir"": null}, {""move_vx"": -0.0, ""move_vy"": 0.0, ""kick_power"": 0.0, ""kick_dir"": null}, {""move_vx"": -5.299606052051971, ""move_vy"": 1.036424475325687, ""kick_power"": 0.0, ""kick_dir"": null}, {""move_vx"": -4.525483399593904, ""move_vy"": 4.525483399593904, ""kick_power"": 0.0, ""kick_dir"": null}]"
631,79,default,default,0,27.27261782019973,39.372706641821985,-1,,,0.10431659535235675,-0.09421879972779418,-0.3417416864868771,"[{""move_vx"": 0.0, ""move_vy"": 0.0, ""kick_power"": 0.7, ""kick_dir"": [0.9993955493921179, -0.03476346623612919]}, {""move_vx"": 1.362494959365388, ""move_vy"": 5.338886352574281, ""kick_power"": 0.0, ""kick_dir"": null}, {""move_vx"": 0.0, ""move_vy"": 0.0, ""kick_power"": 0.0, ""kick_dir"": null}, {""move_vx"": 0.7857253782896483, ""move_vy"": 4.522248957091105, ""kick_power"": 0.0, ""kick_dir"": null}, {""move_vx"": 0.0, ""move_vy"": 0.0, ""kick_power"": 0.9, ""kick_dir"": [-0.46538235721272836, 0.8851096348170404]}, {""move_vx"": 7.180644023145055, ""move_vy"": 2.564951542012284, ""kick_power"": 0.0, ""kick_dir"": null}, {""move_vx"": 5.8835926648975185, ""move_vy"": 1.1761536266849357, ""kick_power"": 0.0, ""kick_dir"": null}, {""move_vx"": 7.41820194375734, ""move_vy"": -1.1046628090212975, ""kick_power"": 0.0, ""kick_dir"": null}, {""move_vx"": 0.0, ""move_vy"": -6.1, ""kick_power"": 0.0, ""kick_dir"": null}, {""move_vx"": 0.0, ""move_vy"": 0.0, ""kick_power"": 0.0, ""kick_dir"": null}, {""move_vx"": 0.0, ""move_vy"": 0.0, ""kick_power"": 0.9, ""kick_dir"": [-0.9950554187780665, 0.09931979643704866]}, {""move_vx"": -0.0, ""move_vy"": 0.0, ""kick_power"": 0.0, ""kick_dir"": null}, {""move_vx"": -5.031267222081068, ""move_vy"": 2.2464305330930334, ""kick_power"": 0.0, ""kick_dir"": null}, {""move_vx"": -0.0, ""move_vy"": 0.0, ""kick_power"": 0.9, ""kick_dir"": [-0.3403887759582534, -0.940284685983567]}, {""move_vx"": 5.4, ""move_vy"": 0.0, ""kick_power"": 0.0, ""kick_dir"": null}, {""move_vx"": -0.0, ""move_vy"": 5.8, ""kick_power"": 0.0, ""kick_dir"": null}, {""move_vx"": -5.348937874155504, ""move_vy"": 1.9694830840666782, ""kick_power"": 0.0, ""kick_dir"": null}, {""move_vx"": -7.4948744620689345, ""move_vy"": -0.2772305860234644, ""kick_power"": 0.0, ""kick_dir"": null}, {""move_vx"": 4.242640687119285, ""move_vy"": -4.242640687119285, ""kick_power"": 0.0, ""kick_dir"": null}, {""move_vx"": -0.0, ""move_vy"": 0.0, ""kick_power"": 0.0, ""kick_dir"": null}, {""move_vx"": -0.0, ""move_vy"": 0.0, ""kick_power"": 0.7, ""kick_dir"": [-0.9979110059826493, -0.06460306013878296]}, {""move_vx"": -4.525483399593904, ""move_vy"": 4.525483399593904, ""kick_power"": 0.0, ""kick_dir"": null}]"
631,80,default,default,0,26.14183530733632,39.29950170646759,-1,,,0.11127454052899527,-0.11247737034131883,-0.06354846738794709,"[{""move_vx"": -3.5355339059327373, ""move_vy"": -3.5355339059327373, ""kick_power"": 0.0, ""kick_dir"": null}, {""move_vx"": -3.4353690357785918, ""move_vy"": -3.5359778828513138, ""kick_power"": 0.0, ""kick_dir"": null}, {""move_vx"": 5.163310525552314, ""move_vy"": -1.5812097952898918, ""kick_power"": 0.0, ""kick_dir"": null}, {""move_vx"": 0.0, ""move_vy"": 5.4, ""kick_power"": 0.0, ""kick_dir"": null}, {""move_vx"": 4.1012193308819755, ""move_vy"": 4.1012193308819755, ""kick_power"": 0.0, ""kick_dir"": null}, {""move_vx"": 0.0, ""move_vy"": 0.0, ""kick_power"": 0.0, ""kick_dir"": null}, {""move_vx"": 0.0, ""move_vy"": 0.0, ""kick_power"": 0.4, ""kick_dir"": [0.51095844916835, 0.8596053087788119]}, {""move_vx"": 0.0, ""move_vy"": 0.0, ""kick_power"": 0.0, ""kick_dir"": null}, {""move_vx"": 6.0959775225221575, ""move_vy"": 0.22149050748195928, ""kick_power"": 0.0, ""kick_dir"": null}, {""move_vx"": 4.242640687119285, ""move_vy"": 4.242640687119285, ""kick_power"": 0.0, ""kick_dir"": null}, {""move_vx"": 0.0, ""move_vy"": 0.0, ""kick_power"": 0.9, ""kick_dir"": [-0.9966957945590627, 0.08122321809047904]}, {""move_vx"": -0.0, ""move_vy"": 0.0, ""kick_power"": 0.9, ""kick_dir"": [-0.9542980186621878, -0.2988565943449331]}, {""move_vx"": -6.832835523046776, ""move_vy"": 1.3243710639356665, ""kick_power"": 0.0, ""kick_dir"": null}, {""move_vx"": -5.309224747950673, ""move_vy"": -0.9859678370758923, ""kick_power"": 0.0, ""kick_dir"": null}, {""move_vx"": -3.8183766184073566, ""move_vy"": -3.8183766184073566, ""kick_power"": 0.0, ""kick_dir"": null}, {""move_vx"": -6.708954148573498, ""move_vy"": -1.8524400752354864, ""kick_power"": 0.0, ""kick_dir"": null}, {""move_vx"": -4.242640687119285, ""move_vy"": -4.242640687119285, ""kick_power"": 0.0, ""kick_dir"": null}, {""move_vx"": -7.494874462068933, ""move_vy"": -0.27723058602346423, ""kick_power"": 0.0, ""kick_dir"": null}, {""move_vx"": -0.0, ""move_vy"": 0.0, ""kick_power"": 0.4, ""kick_dir"": [0.990286549110294, 0.13904018344087024]}, {""move_vx"": -8.316247588975404, ""move_vy"": 0.24985203393364183, ""kick_power"": 0.0, ""kick_dir"": null}, {""move_vx"": -7.18501524220026, ""move_vy"": -0.46428005486983515, ""kick_power"": 0.0, ""kick_dir"": null}, {""move_vx"": -0.0, ""move_vy"": 0.0, ""kick_power"": 0.0, ""kick_dir"": null}]"
631,81,default,default,0,25.037132275931047,39.22798511235698,-1,,,0.11798748753284197,-0.11154850442543778,-0.0729562253997604,"[{""move_vx"": -3.5355339059327373, ""move_vy"": -3.5355339059327373, ""kick_power"": 0.0, ""kick_dir"": null}, {""move_vx"": -3.435369035778592, ""move_vy"": -3.5359778828513146, ""kick_power"": 0.0, ""kick_dir"": null}, {""move_vx"": 5.163310525552313, ""move_vy"": -1.5812097952898918, ""kick_power"": 0.0, ""kick_dir"": null}, {""move_vx"": 0.0, ""move_vy"": 5.4, ""kick_power"": 0.0, ""kick_dir"": null}, {""move_vx"": 4.1012193308819755, ""move_vy"": 4.1012193308819755, ""kick_power"": 0.0, ""kick_dir"": null}, {""move_vx"": 0.0, ""move_vy"": 0.0, ""kick_power"": 0.0, ""kick_dir"": null}, {""move_vx"": -4.286954955497342, ""move_vy"": -3.2835982107341906, ""kick_power"": 0.0, ""kick_dir"": null}, {""move_vx"": 0.0, ""move_vy"": 0.0, ""kick_power"": 0.0, ""kick_dir"": null}, {""move_vx"": 6.096032669895503, ""move_vy"": 0.21996746933743155, ""kick_power"": 0.0, ""kick_dir"": null}, {""move_vx"": 4.242640687119285, ""move_vy"": 4.242640687119285, ""kick_power"": 0.0, ""kick_dir"": null}, {""move_vx"": 0.0, ""move_vy"": 0.0, ""kick_power"": 0.9, ""kick_dir"": [-0.9975595096616435, 0.06981925268416728]}, {""move_vx"": -0.0, ""move_vy"": 0.0, ""kick_power"": 0.9, ""kick_dir"": [-0.9538306805581281, -0.3003448105630032]}, {""move_vx"": -6.832835523046776, ""move_vy"": 1.3243710639356663, ""kick_power"": 0.0, ""kick_dir"": null}, {""move_vx"": -5.309224747950673, ""move_vy"": -0.9859678370758928, ""kick_power"": 0.0, ""kick_dir"": null}, {""move_vx"": -3.8183766184073566, ""move_vy"": -3.8183766184073566, ""kick_power"": 0.0, ""kick_dir"": null}, {""move_vx"": -6.708954148573497, ""move_vy"": -1.8524400752354864, ""kick_power"": 0.0, ""kick_dir"": null}, {""move_vx"": 6.0, ""move_vy"": 0.0, ""kick_power"": 0.0, ""kick_dir"": null}, {""move_vx"": -7.494874462068934, ""move_vy"": -0.27723058602346407, ""kick_power"": 0.0, ""kick_dir"": null}, {""move_vx"": -0.0, ""move_vy"": 0.0, ""kick_power"": 0.4, ""kick_dir"": [0.988745814225065, 0.14960380211481766]}, {""move_vx"": -0.0, ""move_vy"": 0.0, ""kick_power"": 0.0, ""kick_dir"": null}, {""move_vx"": -7.18501524220026, ""move_vy"": -0.464280054869836, ""kick_power"": 0.0, ""kick_dir"": null}, {""move_vx"": -0.0, ""move_vy"": 0.0, ""kick_power"": 0.0, ""kick_dir"": null}]"
631,82,default,default,0,23.957907249267226,39.158117920911195,-1,,,0.12445923049901349,-0.10845425955314035,-0.06675924195553302,"[{""move_vx"": -3.5355339059327373, ""move_vy"": -3.5355339059327373, ""kick_power"": 0.0, ""kick_dir"": null}, {""move_vx"": -3.4353690357785918, ""move_vy"": -3.5359778828513138, ""kick_power"": 0.0, ""kick_dir"": null}, {""move_vx"": 5.163310525552313, ""move_vy"": -1.581209795289892, ""kick_power"": 0.0, ""kick_dir"": null}, {""move_vx"": 0.0, ""move_vy"": 5.4, ""kick_power"": 0.0, ""kick_dir"": null}, {""move_vx"": 4.1012193308819755, ""move_vy"": 4.1012193308819755, ""kick_power"": 0.0, ""kick_dir"": null}, {""move_vx"": 0.0, ""move_vy"": 0.0, ""kick_power"": 0.0, ""kick_dir"": null}, {""move_vx"": -4.242640687119285, ""move_vy"": -4.242640687119285, ""kick_power"": 0.0, ""kick_dir"": null}, {""move_vx"": 0.0, ""move_vy"": 0.0, ""kick_power"": 0.0, ""kick_dir"": null}, {""move_vx"": 0.0, ""move_vy"": -6.1, ""kick_power"": 0.0, ""kick_dir"": null}, {""move_vx"": 4.242640687119285, ""move_vy"": 4.242640687119285, ""kick_power"": 0.0, ""kick_dir"": null}, {""move_vx"": 0.0, ""move_vy"": 0.0, ""kick_power"": 0.9, ""kick_dir"": [-0.9983652647315272, 0.057153173893473255]}, {""move_vx"": -0.0, ""move_vy"": 0.0, ""kick_power"": 0.9, ""kick_dir"": [-0.9533788993798604, -0.3017758217994774]}, {""move_vx"": -6.832835523046776, ""move_vy"": 1.3243710639356658, ""kick_power"": 0.0, ""kick_dir"": null}, {""move_vx"": -5.309224747950673, ""move_vy"": -0.985967837075893, ""kick_power"": 0.0, ""kick_dir"": null}, {""move_vx"": -5.4, ""move_vy"": 0.0, ""kick_power"": 0.0, ""kick_dir"": null}, {""move_vx"": -6.708954148573499, ""move_vy"": -1.8524400752354866, ""kick_power"": 0.0, ""kick_dir"": null}, {""move_vx"": -4.242640687119285, ""move_vy"": -4.242640687119285, ""kick_power"": 0.0, ""kick_dir"": null}, {""move_vx"": -7.494874462068934, ""move_vy"": -0.27723058602346384, ""kick_power"": 0.0, ""kick_dir"": null}, {""move_vx"": 4.242640687119285, ""move_vy"": -4.242640687119285, ""kick_power"": 0.0, ""kick_dir"": null}, {""move_vx"": -0.0, ""move_vy"": 0.0, ""kick_power"": 0.0, ""kick_dir"": null}, {""move_vx"": -7.185658949967057, ""move_vy"": -0.4542086026907922, ""kick_power"": 0.0, ""kick_dir"": null}, {""move_vx"": -0.0, ""move_vy"": 0.0, ""kick_power"": 0.0, ""kick_dir"": null}]"
631,83,default,default,0,22.903572622615663,39.08986209160014,-1,,,0.130693294645533,-0.11479833707305621,-0.06675614670919536,"[{""move_vx"": -3.5355339059327373, ""move_vy"": -3.5355339059327373, ""kick_power"": 0.0, ""kick_dir"": null}, {""move_vx"": -3.435369035778592, ""move_vy"": -3.5359778828513146, ""kick_power"": 0.0, ""kick_dir"": null}, {""move_vx"": 5.163310525552314, ""move_vy"": -1.5812097952898923, ""kick_power"": 0.0, ""kick_dir"": null}, {""move_vx"": 0.0, ""move_vy"": 5.4, ""kick_power"": 0.0, ""kick_dir"": null}, {""move_vx"": 0.0, ""move_vy"": 5.8, ""kick_power"": 0.0, ""kick_dir"": null}, {""move_vx"": 0.0, ""move_vy"": 0.0, ""kick_power"": 0.0, ""kick_dir"": null}, {""move_vx"": 0.0, ""move_vy"": 0.0, ""kick_power"": 0.4, ""kick_dir"": [0.5364348858142676, 0.8439416206340434]}, {""move_vx"": 4.242640687119285, ""move_vy"": -4.242640687119285, ""kick_power"": 0.0, ""kick_dir"": null}, {""move_vx"": 0.0, ""move_vy"": -6.1, ""kick_power"": 0.0, ""kick_dir"": null}, {""move_vx"": 4.242640687119285, ""move_vy"": 4.242640687119285, ""kick_power"": 0.0, ""kick_dir"": null}, {""move_vx"": -0.7045814010818195, ""move_vy"": 5.051095430621914, ""kick_power"": 0.0, ""kick_dir"": null}, {""move_vx"": -0.0, ""move_vy"": 0.0, ""kick_power"": 0.9, ""kick_dir"": [-0.952943365864304, -0.3031483363955936]}, {""move_vx"": -6.832835523046776, ""move_vy"": 1.3243710639356654, ""kick_power"": 0.0, ""kick_dir"": null}, {""move_vx"": -5.3092247479506725, ""move_vy"": -0.9859678370758933, ""kick_power"": 0.0, ""kick_dir"": null}, {""move_vx"": -5.4, ""move_vy"": 0.0, ""kick_power"": 0.0, ""kick_dir"": null}, {""move_vx"": -6.708954148573498, ""move_vy"": -1.8524400752354866, ""kick_power"": 0.0, ""kick_dir"": null}, {""move_vx"": 6.0, ""move_vy"": 0.0, ""kick_power"": 0.0, ""kick_dir"": null}, {""move_vx"": -7.494874462068934, ""move_vy"": -0.2772305860234636, ""kick_power"": 0.0, ""kick_dir"": null}, {""move_vx"": 4.242640687119285, ""move_vy"": -4.242640687119285, ""kick_power"": 0.0, ""kick_dir"": null}, {""move_vx"": -8.316247588975404, ""move_vy"": 0.24985203393364078, ""kick_power"": 0.0, ""kick_dir"": null}, {""move_vx"": -4.242640687119285, ""move_vy"": 4.242640687119285, ""kick_power"": 0.0, ""kick_dir"": null}, {""move_vx"": -0.0, ""move_vy"": 0.0, ""kick_power"": 0.0, ""kick_dir"": null}]"
631,84,default,default,0,21.87355434330202,39.02318046123068,-1,,,0.13669292855960166,-0.11577845199479778,-0.05612852886206158,"[{""move_vx"": -3.5355339059327373, ""move_vy"": -3.5355339059327373, ""kick_power"": 0.0, ""kick_dir"": null}, {""move_vx"": -3.4353690357785918, ""move_vy"": -3.5359778828513146, ""kick_power"": 0.0, ""kick_dir"": null}, {""move_vx"": 5.163310525552313, ""move_vy"": -1.5812097952898923, ""kick_power"": 0.0, ""kick_dir"": null}, {""move_vx"": 0.0, ""move_vy"": 5.4, ""kick_power"": 0.0, ""kick_dir"": null}, {""move_vx"": 4.1012193308819755, ""move_vy"": 4.1012193308819755, ""kick_power"": 0.0, ""kick_dir"": null}, {""move_vx"": 0.0, ""move_vy"": 0.0, ""kick_power"": 0.0, ""kick_dir"": null}, {""move_vx"": 0.0, ""move_vy"": -6.0, ""kick_power"": 0.0, ""kick_dir"": null}, {""move_vx"": 0.0, ""move_vy"": 0.0, ""kick_power"": 0.0, ""kick_dir"": null}, {""move_vx"": 6.092064175122439, ""move_vy"": 0.3110531886828385, ""kick_power"": 0.0, ""kick_dir"": null}, {""move_vx"": 4.242640687119285, ""move_vy"": 4.242640687119285, ""kick_power"": 0.0, ""kick_dir"": null}, {""move_vx"": -6.285501133876807, ""move_vy"": 0.42717150657948005, ""kick_power"": 0.0, ""kick_dir"": null}, {""move_vx"": -0.0, ""move_vy"": 0.0, ""kick_power"": 0.9, ""kick_dir"": [-0.9525247011082594, -0.3044612720541363]}, {""move_vx"": -5.211558541312978, ""move_vy"": 2.5455171518706656, ""kick_power"": 0.0, ""kick_dir"": null}, {""move_vx"": -5.309224747950673, ""move_vy"": -0.9859678370758937, ""kick_power"": 0.0, ""kick_dir"": null}, {""move_vx"": -5.4, ""move_vy"": 0.0, ""kick_power"": 0.0, ""kick_dir"": null}, {""move_vx"": -6.708954148573499, ""move_vy"": -1.852440075235487, ""kick_power"": 0.0, ""kick_dir"": null}, {""move_vx"": -4.242640687119285, ""move_vy"": -4.242640687119285, ""kick_power"": 0.0, ""kick_dir"": null}, {""move_vx"": -7.4939006141761375, ""move_vy"": -0.30241293763744315, ""kick_power"": 0.0, ""kick_dir"": null}, {""move_vx"": 4.242640687119285, ""move_vy"": -4.242640687119285, ""kick_power"": 0.0, ""kick_dir"": null}, {""move_vx"": -8.316247588975406, ""move_vy"": 0.24985203393363972, ""kick_power"": 0.0, ""kick_dir"": null}, {""move_vx"": -7.18260492383052, ""move_vy"": -0.5001864733932496, ""kick_power"": 0.0, ""kick_dir"": null}, {""move_vx"": -0.0, ""move_vy"": 0.0, ""kick_power"": 0.0, ""kick_dir"": null}]"
631,85,default,default,0,20.86729159815284,38.958036723712446,-1,,,0.14363824024242283,-0.11205208416499998,-0.06943439308509589,"[{""move_vx"": -3.5355339059327373, ""move_vy"": -3.5355339059327373, ""kick_power"": 0.0, ""kick_dir"": null}, {""move_vx"": -3.4353690357785918, ""move_vy"": -3.5359778828513146, ""kick_power"": 0.0, ""kick_dir"": null}, {""move_vx"": 5.163310525552313, ""move_vy"": -1.5812097952898927, ""kick_power"": 0.0, ""kick_dir"": null}, {""move_vx"": 0.0, ""move_vy"": 5.4, ""kick_power"": 0.0, ""kick_dir"": null}, {""move_vx"": 0.0, ""move_vy"": 5.8, ""kick_power"": 0.0, ""kick_dir"": null}, {""move_vx"": 0.0, ""move_vy"": 0.0, ""kick_power"": 0.0, ""kick_dir"": null}, {""move_vx"": 0.0, ""move_vy"": 0.0, ""kick_power"": 0.4, ""kick_dir"": [0.25799748275392603, -0.9661454611769071]}, {""move_vx"": 0.0, ""move_vy"": 0.0, ""kick_power"": 0.0, ""kick_dir"": null}, {""move_vx"": 0.0, ""move_vy"": -6.1, ""kick_power"": 0.0, ""kick_dir"": null}, {""move_vx"": 4.242640687119285, ""move_vy"": 4.242640687119285, ""kick_power"": 0.0, ""kick_dir"": null}, {""move_vx"": 0.0, ""move_vy"": 0.0, ""kick_power"": 0.9, ""kick_dir"": [-0.9998881079346392, 0.014946517919713128]}, {""move_vx"": -0.0, ""move_vy"": 0.0, ""kick_power"": 0.9, ""kick_dir"": [-0.952123447267193, -0.305713777189589]}, {""move_vx"": -6.834724725179217, ""move_vy"": 1.3145866008079865, ""kick_power"": 0.0, ""kick_dir"": null}, {""move_vx"": -5.3092247479506725, ""move_vy"": -0.985967837075894, ""kick_power"": 0.0, ""kick_dir"": null}, {""move_vx"": -5.4, ""move_vy"": 0.0, ""kick_power"": 0.0, ""kick_dir"": null}, {""move_vx"": -6.708954148573498, ""move_vy"": -1.852440075235487, ""kick_power"": 0.0, ""kick_dir"": null}, {""move_vx"": 6.0, ""move_vy"": 0.0, ""kick_power"": 0.0, ""kick_dir"": null}, {""move_vx"": -7.493315392865362, ""move_vy"": -0.3165824111459965, ""kick_power"": 0.0, ""kick_dir"": null}, {""move_vx"": 4.242640687119285, ""move_vy"": -4.242640687119285, ""kick_power"": 0.0, ""kick_dir"": null}, {""move_vx"": -0.0, ""move_vy"": 0.0, ""kick_power"": 0.0, ""kick_dir"": null}, {""move_vx"": -4.242640687119285, ""move_vy"": 4.242640687119285, ""kick_power"": 0.0, ""kick_dir"": null}, {""move_vx"": -0.0, ""move_vy"": 0.0, ""kick_power"": 0.0, ""kick_dir"": null}]"
631,86,default,default,0,19.884236508150074,38.894395410290265,-1,,,0.15152987919330546,-0.11166929531046564,-0.05912954050160504,"[{""move_vx"": -3.5355339059327373, ""move_vy"": -3.5355339059327373, ""kick_power"": 0.0, ""kick_dir"": null}, {""move_vx"": -3.4353690357785918, ""move_vy"": -3.5359778828513138, ""kick_power"": 0.0, ""kick_dir"": null}, {""move_vx"": 5.163310525552314, ""move_vy"": -1.581209795289893, ""kick_power"": 0.0, ""kick_dir"": null}, {""move_vx"": 0.0, ""move_vy"": 5.4, ""kick_power"": 0.0, ""kick_dir"": null}, {""move_vx"": 4.1012193308819755, ""move_vy"": 4.1012193308819755, ""kick_power"": 0.0, ""kick_dir"": null}, {""move_vx"": 0.0, ""move_vy"": 0.0, ""kick_power"": 0.0, ""kick_dir"": null}, {""move_vx"": 0.0, ""move_vy"": -6.0, ""kick_power"": 0.0, ""kick_dir"": null}, {""move_vx"": 0.0, ""move_vy"": 0.0, ""kick_power"": 0.0, ""kick_dir"": null}, {""move_vx"": 0.0, ""move_vy"": -6.1, ""kick_power"": 0.0, ""kick_dir"": null}, {""move_vx"": 4.242640687119285, ""move_vy"": 4.242640687119285, ""kick_power"": 0.0, ""kick_dir"": null}, {""move_vx"": 0.0, ""move_vy"": 0.0, ""kick_power"": 0.9, ""kick_dir"": [-0.9997524508057003, 0.022240642811007794]}, {""move_vx"": -0.0, ""move_vy"": 0.0, ""kick_power"": 0.9, ""kick_dir"": [-0.951740059682578, -0.30690524790473483]}, {""move_vx"": -5.206968400136454, ""move_vy"": 2.5548933598059267, ""kick_power"": 0.0, ""kick_dir"": null}, {""move_vx"": -0.0, ""move_vy"": 0.0, ""kick_power"": 0.6, ""kick_dir"": [-0.9981392761224345, 0.0609750610421029]}, {""move_vx"": -5.4, ""move_vy"": 0.0, ""kick_power"": 0.0, ""kick_dir"": null}, {""move_vx"": -6.708954148573498, ""move_vy"": -1.8524400752354875, ""kick_power"": 0.0, ""kick_dir"": null}, {""move_vx"": -4.242640687119285, ""move_vy"": -4.242640687119285, ""kick_power"": 0.0, ""kick_dir"": null}, {""move_vx"": -7.492601965176159, ""move_vy"": -0.33304022495541447, ""kick_power"": 0.0, ""kick_dir"": null}, {""move_vx"": 4.242640687119285, ""move_vy"": -4.242640687119285, ""kick_power"": 0.0, ""kick_dir"": null}, {""move_vx"": -8.316247588975404, ""move_vy"": 0.24985203393363856, ""kick_power"": 0.0, ""kick_dir"": null}, {""move_vx"": -4.242640687119285, ""move_vy"": 4.242640687119285, ""kick_power"": 0.0, ""kick_dir"": null}, {""move_vx"": -5.434417617217264, ""move_vy"": -1.909111092021268, ""kick_power"": 0.0, ""kick_dir"": null}]"
631,87,default,default,0,18.923853830127875,38.83222187023254,-1,,,0.15919133321777584,-0.11080310006001799,-0.05193344362502572,"[{""move_vx"": -3.5355339059327373, ""move_vy"": -3.5355339059327373, ""kick_power"": 0.0, ""kick_dir"": null}, {""move_vx"": -3.435369035778592, ""move_vy"": -3.535977882851315, ""kick_power"": 0.0, ""kick_dir"": null}, {""move_vx"": 5.163310525552313, ""move_vy"": -1.581209795289893, ""kick_power"": 0.0, ""kick_dir"": null}, {""move_vx"": 0.0, ""move_vy"": 5.4, ""kick_power"": 0.0, ""kick_dir"": null}, {""move_vx"": 0.0, ""move_vy"": 5.8, ""kick_power"": 0.0, ""kick_dir"": null}, {""move_vx"": 0.0, ""move_vy"": 0.0, ""kick_power"": 0.0, ""kick_dir"": null}, {""move_vx"": 0.0, ""move_vy"": 0.0, ""kick_power"": 0.4, ""kick_dir"": [0.2023856786470417, -0.9793057690217881]}, {""move_vx"": 0.0, ""move_vy"": 0.0, ""kick_power"": 0.0, ""kick_dir"": null}, {""move_vx"": 0.0, ""move_vy"": -6.1, ""kick_power"": 0.0, ""kick_dir"": null}, {""move_vx"": 4.242640687119285, ""move_vy"": 4.242640687119285, ""kick_power"": 0.0, ""kick_dir"": null}, {""move_vx"": 0.0, ""move_vy"": 0.0, ""kick_power"": 0.9, ""kick_dir"": [-0.9999177818349284, 0.012807058618252348]}, {""move_vx"": -0.0, ""move_vy"": 0.0, ""kick_power"": 0.9, ""kick_dir"": [-0.9513749007580765, -0.30803533985483994]}, {""move_vx"": -5.206968400136454, ""move_vy"": 2.5548933598059267, ""kick_power"": 0.0, ""kick_dir"": null}, {""move_vx"": -5.309323178320461, ""move_vy"": -0.9854376632487357, ""kick_power"": 0.0, ""kick_dir"": null}, {""move_vx"": -5.4, ""move_vy"": 0.0, ""kick_power"": 0.0, ""kick_dir"": null}, {""move_vx"": -6.708954148573499, ""move_vy"": -1.8524400752354875, ""kick_power"": 0.0, ""kick_dir"": null}, {""move_vx"": -4.242640687119285, ""move_vy"": -4.242640687119285, ""kick_power"": 0.0, ""kick_dir"": null}, {""move_vx"": -7.492351504643148, ""move_vy"": -0.3386280125322729, ""kick_power"": 0.0, ""kick_dir"": null}, {""move_vx"": 4.242640687119285, ""move_vy"": -4.242640687119285, ""kick_power"": 0.0, ""kick_dir"": null}, {""move_vx"": -8.316247588975404, ""move_vy"": 0.24985203393363725, ""kick_power"": 0.0, ""kick_dir"": null}, {""move_vx"": -4.242640687119285, ""move_vy"": 4.242640687119285, ""kick_power"": 0.0, ""kick_dir"": null}, {""move_vx"": -5.440338043435241, ""move_vy"": -1.8921738749785189, ""kick_power"": 0.0, ""kick_dir"": null}]"
631,88,default,default,0,17.985620665349185,38.77148225196496,-1,,,0.1666230553551109,-0.11634462424182096,-0.050168145091324216,"[{""move_vx"": -3.5355339059327373, ""move_vy"": -3.5355339059327373, ""kick_power"": 0.0, ""kick_dir"": null}, {""move_vx"": -3.435369035778592, ""move_vy"": -3.5359778828513146, ""kick_power"": 0.0, ""kick_dir"": null}, {""move_vx"": 5.163310525552312, ""move_vy"": -1.581209795289893, ""kick_power"": 0.0, ""kick_dir"": null}, {""move_vx"": 0.0, ""move_vy"": 5.4, ""kick_power"": 0.0, ""kick_dir"": null}, {""move_vx"": 4.1012193308819755, ""move_vy"": 4.1012193308819755, ""kick_power"": 0.0, ""kick_dir"": null}, {""move_vx"": 0.0, ""move_vy"": 0.0, ""kick_power"": 0.0, ""kick_dir"": null}, {""move_vx"": 0.0, ""move_vy"": -6.0, ""kick_power"": 0.0, ""kick_dir"": null}, {""move_vx"": 7.424748009132641, ""move_vy"": -1.0597721457374085, ""kick_power"": 0.0, ""kick_dir"": null}, {""move_vx"": 0.0, ""move_vy"": -6.1, ""kick_power"": 0.0, ""kick_dir"": null}, {""move_vx"": 4.242640687119285, ""move_vy"": 4.242640687119285, ""kick_power"": 0.0, ""kick_dir"": null}, {""move_vx"": 0.0, ""move_vy"": 0.0, ""kick_power"": 0.9, ""kick_dir"": [-0.9999991939345702, -0.0010866921208575642]}, {""move_vx"": -0.0, ""move_vy"": 0.0, ""kick_power"": 0.4, ""kick_dir"": [-0.9863062486828831, -0.16492394678127473]}, {""move_vx"": -5.206968400136454, ""move_vy"": 2.554893359805927, ""kick_power"": 0.0, ""kick_dir"": null}, {""move_vx"": -5.30932317832046, ""move_vy"": -0.9854376632487362, ""kick_power"": 0.0, ""kick_dir"": null}, {""move_vx"": -5.4, ""move_vy"": 0.0, ""kick_power"": 0.0, ""kick_dir"": null}, {""move_vx"": -6.708954148573497, ""move_vy"": -1.8524400752354875, ""kick_power"": 0.0, ""kick_dir"": null}, {""move_vx"": -4.242640687119285, ""move_vy"": -4.242640687119285, ""kick_power"": 0.0, ""kick_dir"": null}, {""move_vx"": -7.490762777525977, ""move_vy"": -0.37211961898201174, ""kick_power"": 0.0, ""kick_dir"": null}, {""move_vx"": 4.242640687119285, ""move_vy"": -4.242640687119285, ""kick_power"": 0.0, ""kick_dir"": null}, {""move_vx"": -8.316247588975404, ""move_vy"": 0.2498520339336361, ""kick_power"": 0.0, ""kick_dir"": null}, {""move_vx"": -4.242640687119285, ""move_vy"": 4.242640687119285, ""kick_power"": 0.0, ""kick_dir"": null}, {""move_vx"": -5.445996906769219, ""move_vy"": -1.8758245364266113, ""kick_power"": 0.0, ""kick_dir"": null}]"
631,89,default,default,0,17.069026174803522,38.71214348463943,-1,,,0.17382471822448567,-0.11524035680903898,-0.04663455836647327,"[{""move_vx"": -3.5355339059327373, ""move_vy"": -3.5355339059327373, ""kick_power"": 0.0, ""kick_dir"": null}, {""move_vx"": -3.4353690357785918, ""move_vy"": -3.5359778828513146, ""kick_power"": 0.0, ""kick_dir"": null}, {""move_vx"": 5.163310525552312, ""move_vy"": -1.5812097952898934, ""kick_power"": 0.0, ""kick_dir"": null}, {""move_vx"": 0.0, ""move_vy"": 5.4, ""kick_power"": 0.0, ""kick_dir"": null}, {""move_vx"": 0.0, ""move_vy"": 5.8, ""kick_power"": 0.0, ""kick_dir"": null}, {""move_vx"": 0.0, ""move_vy"": 0.0, ""kick_power"": 0.0, ""kick_dir"": null}, {""move_vx"": 0.0, ""move_vy"": 0.0, ""kick_power"": 0.4, ""kick_dir"": [0.14579435191539736, -0.9893147925817644]}, {""move_vx"": 7.424748009132641, ""move_vy"": -1.0597721457374085, ""kick_power"": 0.0, ""kick_dir"": null}, {""move_vx"": 0.0, ""move_vy"": -6.1, ""kick_power"": 0.0, ""kick_dir"": null}, {""move_vx"": 4.242640687119285, ""move_vy"": 4.242640687119285, ""kick_power"": 0.0, ""kick_dir"": null}, {""move_vx"": 0.0, ""move_vy"": 0.0, ""kick_power"": 0.9, ""kick_dir"": [-0.9998561109142662, -0.016950014295719924]}, {""move_vx"": -0.0, ""move_vy"": 0.0, ""kick_power"": 0.4, ""kick_dir"": [-0.9858085825477134, -0.16787305897945579]}, {""move_vx"": -5.206968400136454, ""move_vy"": 2.554893359805927, ""kick_power"": 0.0, ""kick_dir"": null}, {""move_vx"": -5.309323178320461, ""move_vy"": -0.9854376632487367, ""kick_power"": 0.0, ""kick_dir"": null}, {""move_vx"": -5.4, ""move_vy"": 0.0, ""kick_power"": 0.0, ""kick_dir"": null}, {""move_vx"": -6.708954148573498, ""move_vy"": -1.852440075235488, ""kick_power"": 0.0, ""kick_dir"": null}, {""move_vx"": -5.437187218992276, ""move_vy"": 1.7108463243748788, ""kick_power"": 0.0, ""kick_dir"": null}, {""move_vx"": -7.489309300420424, ""move_vy"": -0.40030763499607097, ""kick_power"": 0.0, ""kick_dir"": null}, {""move_vx"": 4.242640687119285, ""move_vy"": -4.242640687119285, ""kick_power"": 0.0, ""kick_dir"": null}, {""move_vx"": -8.316247588975404, ""move_vy"": 0.2498520339336347, ""kick_power"": 0.0, ""kick_dir"": null}, {""move_vx"": -4.242640687119285, ""move_vy"": 4.242640687119285, ""kick_power"": 0.0, ""kick_dir"": null}, {""move_vx"": -5.451409792878592, ""move_vy"": -1.8600352873285473, ""kick_power"": 0.0, ""kick_dir"": null}]"
631,90,default,default,0,16.173571301070897,38.65417326012792,-1,,,0.18079509124597648,-0.10398079766864891,-0.05391529268253367,"[{""move_vx"": -3.5355339059327373, ""move_vy"": -3.5355339059327373, ""kick_power"": 0.0, ""kick_dir"": null}, {""move_vx"": -3.4353690357785918, ""move_vy"": -3.5359778828513146, ""kick_power"": 0.0, ""kick_dir"": null}, {""move_vx"": 5.163310525552313, ""move_vy"": -1.5812097952898936, ""kick_power"": 0.0, ""kick_dir"": null}, {""move_vx"": 0.0, ""move_vy"": 5.4, ""kick_power"": 0.0, ""kick_dir"": null}, {""move_vx"": 0.0, ""move_vy"": 0.0, ""kick_power"": 0.0, ""kick_dir"": null}, {""move_vx"": 0.0, ""move_vy"": 0.0, ""kick_power"": 0.0, ""kick_dir"": null}, {""move_vx"": 0.0, ""move_vy"": -6.0, ""kick_power"": 0.0, ""kick_dir"": null}, {""move_vx"": 7.424748009132641, ""move_vy"": -1.0597721457374083, ""kick_power"": 0.0, ""kick_dir"": null}, {""move_vx"": 0.0, ""move_vy"": -6.1, ""kick_power"": 0.0, ""kick_dir"": null}, {""move_vx"": 4.242640687119285, ""move_vy"": 4.242640687119285, ""kick_power"": 0.0, ""kick_dir"": null}, {""move_vx"": 0.0, ""move_vy"": 0.0, ""kick_power"": 0.9, ""kick_dir"": [-0.9994428839271687, -0.0333683173753655]}, {""move_vx"": -0.0, ""move_vy"": 0.0, ""kick_power"": 0.4, ""kick_dir"": [-0.9853452717106613, -0.170571456552602]}, {""move_vx"": -5.206968400136453, ""move_vy"": 2.5548933598059276, ""kick_power"": 0.0, ""kick_dir"": null}, {""move_vx"": -5.30932317832046, ""move_vy"": -0.9854376632487372, ""kick_power"": 0.0, ""kick_dir"": null}, {""move_vx"": -5.4, ""move_vy"": 0.0, ""kick_power"": 0.0, ""kick_dir"": null}, {""move_vx"": -0.0, ""move_vy"": 0.0, ""kick_power"": 0.0, ""kick_dir"": null}, {""move_vx"": -4.242640687119285, ""move_vy"": -4.242640687119285, ""kick_power"": 0.0, ""kick_dir"": null}, {""move_vx"": -7.488552702298582, ""move_vy"": -0.41422026133038126, ""kick_power"": 0.0, ""kick_dir"": null}, {""move_vx"": -7.4998033374373625, ""move_vy"": -0.05431297969549541, ""kick_power"": 0.0, ""kick_dir"": null}, {""move_vx"": -8.316247588975404, ""move_vy"": 0.2498520339336334, ""kick_power"": 0.0, ""kick_dir"": null}, {""move_vx"": 4.242640687119285, ""move_vy"": -4.242640687119285, ""kick_power"": 0.0, ""kick_dir"": null}, {""move_vx"": -0.0, ""move_vy"": 0.0, ""kick_power"": 0.0, ""kick_dir"": null}]"
631,91,default,default,0,15.298768496600447,38.59754001543178,-1,,,0.18753189173126542,-0.110927510918742,-0.04891768565897784,"[{""move_vx"": -3.5355339059327373, ""move_vy"": -3.5355339059327373, ""kick_power"": 0.0, ""kick_dir"": null}, {""move_vx"": -3.4353690357785918, ""move_vy"": -3.5359778828513146, ""kick_power"": 0.0, ""kick_dir"": null}, {""move_vx"": 5.167113184725562, ""move_vy"": -1.5687387724650872, ""kick_power"": 0.0, ""kick_dir"": null}, {""move_vx"": 0.0, ""move_vy"": 5.4, ""kick_power"": 0.0, ""kick_dir"": null}, {""move_vx"": 4.1012193308819755, ""move_vy"": 4.1012193308819755, ""kick_power"": 0.0, ""kick_dir"": null}, {""move_vx"": 0.0, ""move_vy"": 0.0, ""kick_power"": 0.0, ""kick_dir"": null}, {""move_vx"": 0.0, ""move_vy"": 0.0, ""kick_power"": 0.4, ""kick_dir"": [0.0887770254940802, -0.9960514003530653]}, {""move_vx"": 7.424748009132641, ""move_vy"": -1.0597721457374083, ""kick_power"": 0.0, ""kick_dir"": null}, {""move_vx"": 0.0, ""move_vy"": -6.1, ""kick_power"": 0.0, ""kick_dir"": null}, {""move_vx"": 4.242640687119285, ""move_vy"": 4.242640687119285, ""kick_power"": 0.0, ""kick_dir"": null}, {""move_vx"": 0.0, ""move_vy"": 0.0, ""kick_power"": 0.9, ""kick_dir"": [-0.996548822065967, -0.08300571018161725]}, {""move_vx"": -0.0, ""move_vy"": 0.0, ""kick_power"": 0.4, ""kick_dir"": [-0.9849163840918251, -0.17303075886346966]}, {""move_vx"": -5.206968400136453, ""move_vy"": 2.554893359805928, ""kick_power"": 0.0, ""kick_dir"": null}, {""move_vx"": -5.309323178320461, ""move_vy"": -0.9854376632487378, ""kick_power"": 0.0, ""kick_dir"": null}, {""move_vx"": -5.4, ""move_vy"": 0.0, ""kick_power"": 0.0, ""kick_dir"": null}, {""move_vx"": -0.0, ""move_vy"": 0.0, ""kick_power"": 0.0, ""kick_dir"": null}, {""move_vx"": -6.15904050960917, ""move_vy"": 1.325224509656091, ""kick_power"": 0.0, ""kick_dir"": null}, {""move_vx"": -7.488016746466923, ""move_vy"": -0.42379854250682697, ""kick_power"": 0.0, ""kick_dir"": null}, {""move_vx"": 4.242640687119285, ""move_vy"": -4.242640687119285, ""kick_power"": 0.0, ""kick_dir"": null}, {""move_vx"": -8.316247588975404, ""move_vy"": 0.24985203393363192, ""kick_power"": 0.0, ""kick_dir"": null}, {""move_vx"": -4.242640687119285, ""move_vy"": 4.242640687119285, ""kick_power"": 0.0, ""kick_dir"": null}, {""move_vx"": -5.461510468760288, ""move_vy"": -1.8301648558591055, ""kick_power"": 0.0, ""kick_dir"": null}]"
631,92,default,default,0,14.44414145825583,38.54221291549661,-1,,,0.1944060930915119,-0.10974989388860985,-0.0515667130112423,"[{""move_vx"": -0.5322390953172457, ""move_vy"": 4.468413761662619, ""kick_power"": 0.0, ""kick_dir"": null}, {""move_vx"": -3.4353690357785918, ""move_vy"": -3.5359778828513146, ""kick_power"": 0.0, ""kick_dir"": null}, {""move_vx"": 5.167316212381308, ""move_vy"": -1.5680698840489544, ""kick_power"": 0.0, ""kick_dir"": null}, {""move_vx"": 0.0, ""move_vy"": 5.4, ""kick_power"": 0.0, ""kick_dir"": null}, {""move_vx"": 0.0, ""move_vy"": 5.8, ""kick_power"": 0.0, ""kick_dir"": null}, {""move_vx"": 0.0, ""move_vy"": 0.0, ""kick_power"": 0.0, ""kick_dir"": null}, {""move_vx"": 0.0, ""move_vy"": -6.0, ""kick_power"": 0.0, ""kick_dir"": null}, {""move_vx"": 7.424748009132641, ""move_vy"": -1.0597721457374083, ""kick_power"": 0.0, ""kick_dir"": null}, {""move_vx"": 0.0, ""move_vy"": -6.1, ""kick_power"": 0.0, ""kick_dir"": null}, {""move_vx"": 4.242640687119285, ""move_vy"": 4.242640687119285, ""kick_power"": 0.0, ""kick_dir"": null}, {""move_vx"": 0.0, ""move_vy"": 0.0, ""kick_power"": 0.9, ""kick_dir"": [-0.9927943148557256, -0.11982865941501357]}, {""move_vx"": -0.0, ""move_vy"": 0.0, ""kick_power"": 0.7, ""kick_dir"": [-0.9999953890958161, -0.0030292000106466204]}, {""move_vx"": -6.846331252631327, ""move_vy"": 1.2527363566383638, ""kick_power"": 0.0, ""kick_dir"": null}, {""move_vx"": -0.0, ""move_vy"": 0.0, ""kick_power"": 0.0, ""kick_dir"": null}, {""move_vx"": -5.4, ""move_vy"": 0.0, ""kick_power"": 0.0, ""kick_dir"": null}, {""move_vx"": -0.0, ""move_vy"": 0.0, ""kick_power"": 0.0, ""kick_dir"": null}, {""move_vx"": -4.242640687119285, ""move_vy"": -4.242640687119285, ""kick_power"": 0.0, ""kick_dir"": null}, {""move_vx"": -7.488016746466924, ""move_vy"": -0.4237985425068278, ""kick_power"": 0.0, ""kick_dir"": null}, {""move_vx"": 4.242640687119285, ""move_vy"": -4.242640687119285, ""kick_power"": 0.0, ""kick_dir"": null}, {""move_vx"": -8.316247588975404, ""move_vy"": 0.24985203393363054, ""kick_power"": 0.0, ""kick_dir"": null}, {""move_vx"": -4.242640687119285, ""move_vy"": -4.242640687119285, ""kick_power"": 0.0, ""kick_dir"": null}, {""move_vx"": -5.466226667131409, ""move_vy"": -1.816030292572639, ""kick_power"": 0.0, ""kick_dir"": null}]"
631,93,default,default,0,13.609224867982869,38.48816183642353,-1,,,0.20303905049032786,-0.0969459308245671,-0.042837039945486155,"[{""move_vx"": 0.0, ""move_vy"": 0.0, ""kick_power"": 0.7, ""kick_dir"": [0.9999274257454488, 0.01204602959102715]}, {""move_vx"": -3.4353690357785918, ""move_vy"": -3.5359778828513146, ""kick_power"": 0.0, ""kick_dir"": null}, {""move_vx"": 5.1675837867153245, ""move_vy"": -1.5671878659806262, ""kick_power"": 0.0, ""kick_dir"": null}, {""move_vx"": -0.0090509886502303, ""move_vy"": -4.589991076200961, ""kick_power"": 0.0, ""kick_dir"": null}, {""move_vx"": 0.0, ""move_vy"": 0.0, ""kick_power"": 0.0, ""kick_dir"": null}, {""move_vx"": 0.0, ""move_vy"": 0.0, ""kick_power"": 0.0, ""kick_dir"": null}, {""move_vx"": 0.0, ""move_vy"": 0.0, ""kick_power"": 0.4, ""kick_dir"": [0.031898152112462864, -0.9994910012726844]}, {""move_vx"": 7.424748009132641, ""move_vy"": -1.0597721457374083, ""kick_power"": 0.0, ""kick_dir"": null}, {""move_vx"": 0.0, ""move_vy"": -6.1, ""kick_power"": 0.0, ""kick_dir"": null}, {""move_vx"": 4.242640687119285, ""move_vy"": 4.242640687119285, ""kick_power"": 0.0, ""kick_dir"": null}, {""move_vx"": 0.0, ""move_vy"": 0.0, ""kick_power"": 0.9, ""kick_dir"": [-0.9889484702780043, -0.14825771262145251]}, {""move_vx"": -0.0, ""move_vy"": 0.0, ""kick_power"": 0.7, ""kick_dir"": [-0.9999913600341624, -0.004151395212437592]}, {""move_vx"": -5.201971133763465, ""move_vy"": 2.5650528890242508, ""kick_power"": 0.0, ""kick_dir"": null}, {""move_vx"": -5.309452416227572, ""move_vy"": -0.9847411029378221, ""kick_power"": 0.0, ""kick_dir"": null}, {""move_vx"": -5.4, ""move_vy"": 0.0, ""kick_power"": 0.0, ""kick_dir"": null}, {""move_vx"": -0.0, ""move_vy"": 0.0, ""kick_power"": 0.0, ""kick_dir"": null}, {""move_vx"": -6.162920396033463, ""move_vy"": 1.30706242856061, ""kick_power"": 0.0, ""kick_dir"": null}, {""move_vx"": -7.488016746466923, ""move_vy"": -0.4237985425068286, ""kick_power"": 0.0, ""kick_dir"": null}, {""move_vx"": 4.242640687119285, ""move_vy"": -4.242640687119285, ""kick_power"": 0.0, ""kick_dir"": null}, {""move_vx"": -8.316247588975406, ""move_vy"": 0.24985203393362895, ""kick_power"": 0.0, ""kick_dir"": null}, {""move_vx"": -4.242640687119285, ""move_vy"": 4.242640687119285, ""kick_power"": 0.0, ""kick_dir"": null}, {""move_vx"": -5.470751068803875, ""move_vy"": -1.802354777279227, ""kick_power"": 0.0, ""kick_dir"": null}]"
631,94,default,default,0,12.79356413945823,38.43535734906763,-1,,,0.20862379246741194,-0.11550457676819698,-0.04063649383088754,"[{""move_vx"": -1.8435605995614033, ""move_vy"": 4.105031585231081, ""kick_power"": 0.0, ""kick_dir"": null}, {""move_vx"": -3.4353690357785918, ""move_vy"": -3.5359778828513146, ""kick_power"": 0.0, ""kick_dir"": null}, {""move_vx"": 5.168243138353993, ""move_vy"": -1.5650120967126362, ""kick_power"": 0.0, ""kick_dir"": null}, {""move_vx"": 0.0, ""move_vy"": 5.4, ""kick_power"": 0.0, ""kick_dir"": null}, {""move_vx"": 4.1012193308819755, ""move_vy"": 4.1012193308819755, ""kick_power"": 0.0, ""kick_dir"": null}, {""move_vx"": 4.313351365237939, ""move_vy"": -4.313351365237939, ""kick_power"": 0.0, ""kick_dir"": null}, {""move_vx"": 0.0, ""move_vy"": -6.0, ""kick_power"": 0.0, ""kick_dir"": null}, {""move_vx"": 7.424748009132641, ""move_vy"": -1.0597721457374083, ""kick_power"": 0.0, ""kick_dir"": null}, {""move_vx"": 0.0, ""move_vy"": -6.1, ""kick_power"": 0.0, ""kick_dir"": null}, {""move_vx"": 4.242640687119285, ""move_vy"": 4.242640687119285, ""kick_power"": 0.0, ""kick_dir"": null}, {""move_vx"": 0.0, ""move_vy"": 0.0, ""kick_power"": 0.9, ""kick_dir"": [-0.9841235638536814, -0.1774829727266934]}, {""move_vx"": -0.0, ""move_vy"": 0.0, ""kick_power"": 0.7, ""kick_dir"": [-0.9999866164551205, -0.005169245122605244]}, {""move_vx"": -6.8483110520449095, ""move_vy"": 1.2418678409716306, ""kick_power"": 0.0, ""kick_dir"": null}, {""move_vx"": -5.309452416227572, ""move_vy"": -0.9847411029378226, ""kick_power"": 0.0, ""kick_dir"": null}, {""move_vx"": -5.4, ""move_vy"": 0.0, ""kick_power"": 0.0, ""kick_dir"": null}, {""move_vx"": -0.0, ""move_vy"": 0.0, ""kick_power"": 0.0, ""kick_dir"": null}, {""move_vx"": -4.242640687119285, ""move_vy"": -4.242640687119285, ""kick_power"": 0.0, ""kick_dir"": null}, {""move_vx"": -7.488016746466924, ""move_vy"": -0.42379854250682947, ""kick_power"": 0.0, ""kick_dir"": null}, {""move_vx"": 4.242640687119285, ""move_vy"": -4.242640687119285, ""kick_power"": 0.0, ""kick_dir"": null}, {""move_vx"": -8.316247588975404, ""move_vy"": 0.24985203393362743, ""kick_power"": 0.0, ""kick_dir"": null}, {""move_vx"": -4.242640687119285, ""move_vy"": -4.242640687119285, ""kick_power"": 0.0, ""kick_dir"": null}, {""move_vx"": -5.475094225339271, ""move_vy"": -1.7891180016020694, ""kick_power"": 0.0, ""kick_dir"": null}]"
631,95,default,default,0,11.996715170581187,38.383770703014754,-1,,,0.21525858436835568,-0.10291240157857495,-0.0433077244976585,"[{""move_vx"": 0.0, ""move_vy"": 5.0, ""kick_power"": 0.0, ""kick_dir"": null}, {""move_vx"": -3.4353690357785918, ""move_vy"": -3.5359778828513146, ""kick_power"": 0.0, ""kick_dir"": null}, {""move_vx"": 5.168417099074319, ""move_vy"": -1.564437499549342, ""kick_power"": 0.0, ""kick_dir"": null}, {""move_vx"": -0.008370426440841652, ""move_vy"": -4.5899923677454195, ""kick_power"": 0.0, ""kick_dir"": null}, {""move_vx"": 0.0, ""move_vy"": 5.8, ""kick_power"": 0.0, ""kick_dir"": null}, {""move_vx"": 0.0, ""move_vy"": 0.0, ""kick_power"": 0.0, ""kick_dir"": null}, {""move_vx"": 0.0, ""move_vy"": 0.0, ""kick_power"": 0.4, ""kick_dir"": [-0.024294343863725427, -0.999704726750112]}, {""move_vx"": 7.424748009132641, ""move_vy"": -1.0597721457374076, ""kick_power"": 0.0, ""kick_dir"": null}, {""move_vx"": 0.0, ""move_vy"": -6.1, ""kick_power"": 0.0, ""kick_dir"": null}, {""move_vx"": 6.0, ""move_vy"": 0.0, ""kick_power"": 0.0, ""kick_dir"": null}, {""move_vx"": 0.0, ""move_vy"": 0.0, ""kick_power"": 0.9, ""kick_dir"": [-0.9784544738876269, -0.20646112468766284]}, {""move_vx"": -0.0, ""move_vy"": 0.0, ""kick_power"": 0.7, ""kick_dir"": [-0.9999814607061397, -0.006085424189762255]}, {""move_vx"": -5.196824576290129, ""move_vy"": 2.5754639044775827, ""kick_power"": 0.0, ""kick_dir"": null}, {""move_vx"": -5.309452416227572, ""move_vy"": -0.9847411029378228, ""kick_power"": 0.0, ""kick_dir"": null}, {""move_vx"": -5.4, ""move_vy"": 0.0, ""kick_power"": 0.0, ""kick_dir"": null}, {""move_vx"": -4.1012193308819755, ""move_vy"": 4.1012193308819755, ""kick_power"": 0.0, ""kick_dir"": null}, {""move_vx"": -0.0, ""move_vy"": 0.0, ""kick_power"": 0.9, ""kick_dir"": [0.8894170521259767, -0.4570962725760272]}, {""move_vx"": -7.488016746466923, ""move_vy"": -0.42379854250683024, ""kick_power"": 0.0, ""kick_dir"": null}, {""move_vx"": 4.242640687119285, ""move_vy"": -4.242640687119285, ""kick_power"": 0.0, ""kick_dir"": null}, {""move_vx"": -8.316247588975406, ""move_vy"": 0.2498520339336257, ""kick_power"": 0.0, ""kick_dir"": null}, {""move_vx"": -4.242640687119285, ""move_vy"": -4.242640687119285, ""kick_power"": 0.0, ""kick_dir"": null}, {""move_vx"": -5.4792659641659345, ""move_vy"": -1.7763007892619873, ""kick_power"": 0.0, ""kick_dir"": null}]"
631,96,default,default,0,11.218244101673733,38.33337381092776,-1,,,0.22343143157550496,-0.0969640574640499,-0.042568561345454385,"[{""move_vx"": 0.0, ""move_vy"": 0.0, ""kick_power"": 0.7, ""kick_dir"": [0.9999999640404169, -0.00018830658221667755]}, {""move_vx"": -3.4353690357785918, ""move_vy"": -3.5359778828513146, ""kick_power"": 0.0, ""kick_dir"": null}, {""move_vx"": 5.168417099074319, ""move_vy"": -1.5644374995493426, ""kick_power"": 0.0, ""kick_dir"": null}, {""move_vx"": -5.4, ""move_vy"": 0.0, ""kick_power"": 0.0, ""kick_dir"": null}, {""move_vx"": -3.475009060553788, ""move_vy"": -4.276027599194033, ""kick_power"": 0.0, ""kick_dir"": null}, {""move_vx"": 0.0, ""move_vy"": 0.0, ""kick_power"": 0.0, ""kick_dir"": null}, {""move_vx"": 4.242640687119285, ""move_vy"": -4.242640687119285, ""kick_power"": 0.0, ""kick_dir"": null}, {""move_vx"": 7.424748009132641, ""move_vy"": -1.0597721457374072, ""kick_power"": 0.0, ""kick_dir"": null}, {""move_vx"": 0.0, ""move_vy"": -6.1, ""kick_power"": 0.0, ""kick_dir"": null}, {""move_vx"": 4.242640687119285, ""move_vy"": 4.242640687119285, ""kick_power"": 0.0, ""kick_dir"": null}, {""move_vx"": 0.0, ""move_vy"": 0.0, ""kick_power"": 0.9, ""kick_dir"": [-0.9714562652789813, -0.2372172592767093]}, {""move_vx"": -0.0, ""move_vy"": 0.0, ""kick_power"": 0.7, ""kick_dir"": [-0.9999761518198164, -0.006902890264171208]}, {""move_vx"": -5.196824576290129, ""move_vy"": 2.5754639044775827, ""kick_power"": 0.0, ""kick_dir"": null}, {""move_vx"": -5.309452416227573, ""move_vy"": -0.9847411029378232, ""kick_power"": 0.0, ""kick_dir"": null}, {""move_vx"": -5.4, ""move_vy"": 0.0, ""kick_power"": 0.0, ""kick_dir"": null}, {""move_vx"": -0.0, ""move_vy"": 0.0, ""kick_power"": 0.0, ""kick_dir"": null}, {""move_vx"": -0.0, ""move_vy"": 0.0, ""kick_power"": 0.9, ""kick_dir"": [0.8889979853437839, -0.45791075327246067]}, {""move_vx"": -5.120857663279457, ""move_vy"": -3.126790174033437, ""kick_power"": 0.0, ""kick_dir"": null}, {""move_vx"": 4.242640687119285, ""move_vy"": -4.242640687119285, ""kick_power"": 0.0, ""kick_dir"": null}, {""move_vx"": -8.316247588975404, ""move_vy"": 0.24985203393362404, ""kick_power"": 0.0, ""kick_dir"": null}, {""move_vx"": -4.242640687119285, ""move_vy"": -4.242640687119285, ""kick_power"": 0.0, ""kick_dir"": null}, {""move_vx"": -5.483275447677959, ""move_vy"": -1.763885020315126, ""kick_power"": 0.0, ""kick_dir"": null}]"
631,97,default,default,0,10.457727079257376,38.28413923325382,-1,,,0.2264587363454927,-0.1047289322313985,-0.047215532522323155,"[{""move_vx"": -4.461146596210697, ""move_vy"": -0.5900602063499201, ""kick_power"": 0.0, ""kick_dir"": null}, {""move_vx"": -3.435369035778592, ""move_vy"": -3.535977882851315, ""kick_power"": 0.0, ""kick_dir"": null}, {""move_vx"": 5.168417099074319, ""move_vy"": -1.5644374995493435, ""kick_power"": 0.0, ""kick_dir"": null}, {""move_vx"": 0.3592216670457755, ""move_vy"": -4.575921742548145, ""kick_power"": 0.0, ""kick_dir"": null}, {""move_vx"": 4.1012193308819755, ""move_vy"": 4.1012193308819755, ""kick_power"": 0.0, ""kick_dir"": null}, {""move_vx"": 0.0, ""move_vy"": 0.0, ""kick_power"": 0.0, ""kick_dir"": null}, {""move_vx"": 0.0, ""move_vy"": 0.0, ""kick_power"": 0.4, ""kick_dir"": [-0.11149598303050914, -0.9937647651804595]}, {""move_vx"": 7.424748009132641, ""move_vy"": -1.0597721457374067, ""kick_power"": 0.0, ""kick_dir"": null}, {""move_vx"": 0.0, ""move_vy"": -6.1, ""kick_power"": 0.0, ""kick_dir"": null}, {""move_vx"": 4.242640687119285, ""move_vy"": 4.242640687119285, ""kick_power"": 0.0, ""kick_dir"": null}, {""move_vx"": 0.0, ""move_vy"": 0.0, ""kick_power"": 0.9, ""kick_dir"": [-0.9622964486151955, -0.2720014483685887]}, {""move_vx"": -0.0, ""move_vy"": 0.0, ""kick_power"": 0.4, ""kick_dir"": [-0.9829786332740886, -0.18371972430867858]}, {""move_vx"": -5.19682457629013, ""move_vy"": 2.5754639044775827, ""kick_power"": 0.0, ""kick_dir"": null}, {""move_vx"": -5.309452416227573, ""move_vy"": -0.9847411029378237, ""kick_power"": 0.0, ""kick_dir"": null}, {""move_vx"": -0.0, ""move_vy"": 0.0, ""kick_power"": 0.4, ""kick_dir"": [-0.9989772120292278, -0.045216098981278756]}, {""move_vx"": -0.0, ""move_vy"": 0.0, ""kick_power"": 0.0, ""kick_dir"": null}, {""move_vx"": -0.0, ""move_vy"": 0.0, ""kick_power"": 0.9, ""kick_dir"": [0.8885219976514775, -0.45883364516556174]}, {""move_vx"": -5.120857663279457, ""move_vy"": -3.126790174033437, ""kick_power"": 0.0, ""kick_dir"": null}, {""move_vx"": 4.242640687119285, ""move_vy"": -4.242640687119285, ""kick_power"": 0.0, ""kick_dir"": null}, {""move_vx"": -8.316247588975404, ""move_vy"": 0.24985203393362213, ""kick_power"": 0.0, ""kick_dir"": null}, {""move_vx"": -4.242640687119285, ""move_vy"": -4.242640687119285, ""kick_power"": 0.0, ""kick_dir"": null}, {""move_vx"": -5.487131226793316, ""move_vy"": -1.7518535612172825, ""kick_power"": 0.0, ""kick_dir"": null}]"
631,98,default,default,0,9.714750025277992,38.23604016328444,-1,,,0.23247246905524793,-0.09699289917468233,-0.045260747134466935,"[{""move_vx"": -3.5355339059327373, ""move_vy"": 3.5355339059327373, ""kick_power"": 0.0, ""kick_dir"": null}, {""move_vx"": -3.4353690357785918, ""move_vy"": -3.5359778828513146, ""kick_power"": 0.0, ""kick_dir"": null}, {""move_vx"": 0.0, ""move_vy"": -5.4, ""kick_power"": 0.0, ""kick_dir"": null}, {""move_vx"": -5.4, ""move_vy"": 0.0, ""kick_power"": 0.0, ""kick_dir"": null}, {""move_vx"": 4.1012193308819755, ""move_vy"": 4.1012193308819755, ""kick_power"": 0.0, ""kick_dir"": null}, {""move_vx"": 0.0, ""move_vy"": 0.0, ""kick_power"": 0.0, ""kick_dir"": null}, {""move_vx"": 0.0, ""move_vy"": -6.0, ""kick_power"": 0.0, ""kick_dir"": null}, {""move_vx"": 7.424748009132641, ""move_vy"": -1.0597721457374063, ""kick_power"": 0.0, ""kick_dir"": null}, {""move_vx"": 0.0, ""move_vy"": -6.1, ""kick_power"": 0.0, ""kick_dir"": null}, {""move_vx"": 4.242640687119285, ""move_vy"": 4.242640687119285, ""kick_power"": 0.0, ""kick_dir"": null}, {""move_vx"": 0.0, ""move_vy"": 0.0, ""kick_power"": 0.9, ""kick_dir"": [-0.9537840860710918, -0.3004914249904725]}, {""move_vx"": -0.0, ""move_vy"": 0.0, ""kick_power"": 0.4, ""kick_dir"": [-0.9827672625077444, -0.18484706947489668]}, {""move_vx"": -5.19682457629013, ""move_vy"": 2.5754639044775827, ""kick_power"": 0.0, ""kick_dir"": null}, {""move_vx"": -5.309452416227573, ""move_vy"": -0.984741102937824, ""kick_power"": 0.0, ""kick_dir"": null}, {""move_vx"": -0.0, ""move_vy"": 0.0, ""kick_power"": 0.4, ""kick_dir"": [0.05873574628539632, -0.9982734788728693]}, {""move_vx"": -0.0, ""move_vy"": 0.0, ""kick_power"": 0.0, ""kick_dir"": null}, {""move_vx"": -0.0, ""move_vy"": 0.0, ""kick_power"": 0.9, ""kick_dir"": [0.8879766523877577, -0.4598881323722994]}, {""move_vx"": -5.120857663279457, ""move_vy"": -3.1267901740334354, ""kick_power"": 0.0, ""kick_dir"": null}, {""move_vx"": 4.242640687119285, ""move_vy"": -4.242640687119285, ""kick_power"": 0.0, ""kick_dir"": null}, {""move_vx"": -8.316247588975404, ""move_vy"": 0.24985203393362035, ""kick_power"": 0.0, ""kick_dir"": null}, {""move_vx"": -6.266668458690142, ""move_vy"": -0.6471989098091271, ""kick_power"": 0.0, ""kick_dir"": null}, {""move_vx"": -5.490841289554043, ""move_vy"": -1.7401902002162044, ""kick_power"": 0.0, ""kick_dir"": null}]"
631,99,default,default,0,8.988908411653105,38.189050412560064,-1,,,0.23827001294591202,-0.10001485342578713,-0.03857987086242123,"[{""move_vx"": -3.5355339059327373, ""move_vy"": 3.5355339059327373, ""kick_power"": 0.0, ""kick_dir"": null}, {""move_vx"": -3.4353690357785918, ""move_vy"": -3.5359778828513146, ""kick_power"": 0.0, ""kick_dir"": null}, {""move_vx"": 0.0, ""move_vy"": 0.0, ""kick_power"": 0.0, ""kick_dir"": null}, {""move_vx"": 5.052415540414484, ""move_vy"": -1.9060685210606214, ""kick_power"": 0.0, ""kick_dir"": null}, {""move_vx"": 4.1012193308819755, ""move_vy"": 4.1012193308819755, ""kick_power"": 0.0, ""kick_dir"": null}, {""move_vx"": 0.0, ""move_vy"": 0.0, ""kick_power"": 0.0, ""kick_dir"": null}, {""move_vx"": 5.816627645495188, ""move_vy"": 1.4720199841242376, ""kick_power"": 0.0, ""kick_dir"": null}, {""move_vx"": 7.424748009132642, ""move_vy"": -1.0597721457374056, ""kick_power"": 0.0, ""kick_dir"": null}, {""move_vx"": 0.0, ""move_vy"": -6.1, ""kick_power"": 0.0, ""kick_dir"": null}, {""move_vx"": 4.242640687119285, ""move_vy"": 4.242640687119285, ""kick_power"": 0.0, ""kick_dir"": null}, {""move_vx"": 0.0, ""move_vy"": 0.0, ""kick_power"": 0.9, ""kick_dir"": [-0.9205820171571091, -0.390548312778219]}, {""move_vx"": -0.0, ""move_vy"": 0.0, ""kick_power"": 0.4, ""kick_dir"": [-0.9825833916347901, -0.1858219862983374]}, {""move_vx"": -5.19682457629013, ""move_vy"": 2.5754639044775827, ""kick_power"": 0.0, ""kick_dir"": null}, {""move_vx"": -5.309452416227573, ""move_vy"": -0.9847411029378244, ""kick_power"": 0.0, ""kick_dir"": null}, {""move_vx"": -5.4, ""move_vy"": 0.0, ""kick_power"": 0.0, ""kick_dir"": null}, {""move_vx"": -0.0, ""move_vy"": 0.0, ""kick_power"": 0.0, ""kick_dir"": null}, {""move_vx"": -0.0, ""move_vy"": 0.0, ""kick_power"": 0.9, ""kick_dir"": [0.8873456071888332, -0.46110451559403626]}, {""move_vx"": -5.120857663279459, ""move_vy"": -3.126790174033435, ""kick_power"": 0.0, ""kick_dir"": null}, {""move_vx"": 4.242640687119285, ""move_vy"": -4.242640687119285, ""kick_power"": 0.0, ""kick_dir"": null}, {""move_vx"": -8.316247588975404, ""move_vy"": 0.2498520339336183, ""kick_power"": 0.0, ""kick_dir"": null}, {""move_vx"": -4.242640687119285, ""move_vy"": -4.242640687119285, ""kick_power"": 0.0, ""kick_dir"": null}, {""move_vx"": -5.494413105283672, ""move_vy"": -1.7288795876194027, ""kick_power"": 0.0, ""kick_dir"": null}]"
631,100,default,default,0,8.27980704001882,38.143144396611206,-1,,,0.24374369391879375,-0.09951220807978423,-0.03368133673293539,"[{""move_vx"": -3.5355339059327373, ""move_vy"": -3.5355339059327373, ""kick_power"": 0.0, ""kick_dir"": null}, {""move_vx"": -3.435369035778592, ""move_vy"": -3.535977882851315, ""kick_power"": 0.0, ""kick_dir"": null}, {""move_vx"": 5.181908205780955, ""move_vy"": -1.5191534968066966, ""kick_power"": 0.0, ""kick_dir"": null}, {""move_vx"": 5.052415540414483, ""move_vy"": -1.9060685210606212, ""kick_power"": 0.0, ""kick_dir"": null}, {""move_vx"": 4.1012193308819755, ""move_vy"": 4.1012193308819755, ""kick_power"": 0.0, ""kick_dir"": null}, {""move_vx"": 0.0, ""move_vy"": 0.0, ""kick_power"": 0.0, ""kick_dir"": null}, {""move_vx"": 0.0, ""move_vy"": -6.0, ""kick_power"": 0.0, ""kick_dir"": null}, {""move_vx"": 0.0, ""move_vy"": 0.0, ""kick_power"": 0.0, ""kick_dir"": null}, {""move_vx"": 5.043275686507646, ""move_vy"": -2.1692096140946893, ""kick_power"": 0.0, ""kick_dir"": null}, {""move_vx"": 4.242640687119285, ""move_vy"": 4.242640687119285, ""kick_power"": 0.0, ""kick_dir"": null}, {""move_vx"": 0.0, ""move_vy"": 0.0, ""kick_power"": 0.9, ""kick_dir"": [-0.9455088552613073, -0.32559533864181583]}, {""move_vx"": -0.0, ""move_vy"": 0.0, ""kick_power"": 0.4, ""kick_dir"": [-0.982425497796125, -0.18665496009521831]}, {""move_vx"": -5.19682457629013, ""move_vy"": 2.5754639044775827, ""kick_power"": 0.0, ""kick_dir"": null}, {""move_vx"": -5.309452416227572, ""move_vy"": -0.9847411029378246, ""kick_power"": 0.0, ""kick_dir"": null}, {""move_vx"": -5.4, ""move_vy"": 0.0, ""kick_power"": 0.0, ""kick_dir"": null}, {""move_vx"": -0.0, ""move_vy"": 0.0, ""kick_power"": 0.0, ""kick_dir"": null}, {""move_vx"": -5.495522642842623, ""move_vy"": 1.5130204499622677, ""kick_power"": 0.0, ""kick_dir"": null}, {""move_vx"": -5.12085766327946, ""move_vy"": -3.126790174033435, ""kick_power"": 0.0, ""kick_dir"": null}, {""move_vx"": 4.242640687119285, ""move_vy"": -4.242640687119285, ""kick_power"": 0.0, ""kick_dir"": null}, {""move_vx"": -8.316247588975406, ""move_vy"": 0.24985203393361632, ""kick_power"": 0.0, ""kick_dir"": null}, {""move_vx"": -4.242640687119285, ""move_vy"": -4.242640687119285, ""kick_power"": 0.0, ""kick_dir"": null}, {""move_vx"": -5.4978536647582095, ""move_vy"": -1.7179071805265649, ""kick_power"": 0.0, ""kick_dir"": null}]"
631,101,default,default,0,7.587059826556516,38.09829712102854,-1,,,0.24868939782896662,-0.0947428132767568,-0.027958807227710884,"[{""move_vx"": -0.8165671890695654, ""move_vy"": -4.425292987558567, ""kick_power"": 0.0, ""kick_dir"": null}, {""move_vx"": -3.4353690357785918, ""move_vy"": -3.535977882851315, ""kick_power"": 0.0, ""kick_dir"": null}, {""move_vx"": 5.181908205780954, ""move_vy"": -1.519153496806697, ""kick_power"": 0.0, ""kick_dir"": null}, {""move_vx"": 5.052415540414484, ""move_vy"": -1.9060685210606216, ""kick_power"": 0.0, ""kick_dir"": null}, {""move_vx"": 4.1012193308819755, ""move_vy"": 4.1012193308819755, ""kick_power"": 0.0, ""kick_dir"": null}, {""move_vx"": 0.0, ""move_vy"": 0.0, ""kick_power"": 0.0, ""kick_dir"": null}, {""move_vx"": 0.0, ""move_vy"": -6.0, ""kick_power"": 0.0, ""kick_dir"": null}, {""move_vx"": 0.0, ""move_vy"": 0.0, ""kick_power"": 0.0, ""kick_dir"": null}, {""move_vx"": 0.0, ""move_vy"": -6.1, ""kick_power"": 0.0, ""kick_dir"": null}, {""move_vx"": 4.242640687119285, ""move_vy"": 4.242640687119285, ""kick_power"": 0.0, ""kick_dir"": null}, {""move_vx"": 0.0, ""move_vy"": 0.0, ""kick_power"": 0.9, ""kick_dir"": [-0.9366029820942462, -0.3503913736793798]}, {""move_vx"": -0.0, ""move_vy"": 0.0, ""kick_power"": 0.4, ""kick_dir"": [-0.9822920317224187, -0.18735607271975155]}, {""move_vx"": -5.19682457629013, ""move_vy"": 2.5754639044775827, ""kick_power"": 0.0, ""kick_dir"": null}, {""move_vx"": -5.309452416227572, ""move_vy"": -0.9847411029378251, ""kick_power"": 0.0, ""kick_dir"": null}, {""move_vx"": -5.4, ""move_vy"": 0.0, ""kick_power"": 0.0, ""kick_dir"": null}, {""move_vx"": -0.0, ""move_vy"": 0.0, ""kick_power"": 0.0, ""kick_dir"": null}, {""move_vx"": -4.242640687119285, ""move_vy"": -4.242640687119285, ""kick_power"": 0.0, ""kick_dir"": null}, {""move_vx"": -5.12085766327946, ""move_vy"": -3.126790174033435, ""kick_power"": 0.0, ""kick_dir"": null}, {""move_vx"": -6.299994889705388, ""move_vy"": 0.00802431841333752, ""kick_power"": 0.0, ""kick_dir"": null}, {""move_vx"": -8.316247588975404, ""move_vy"": 0.2498520339336141, ""kick_power"": 0.0, ""kick_dir"": null}, {""move_vx"": -4.242640687119285, ""move_vy"": -4.242640687119285, ""kick_power"": 0.0, ""kick_dir"": null}, {""move_vx"": -5.501169516795042, ""move_vy"": -1.7072591916533952, ""kick_power"": 0.0, ""kick_dir"": null}]"
631,102,default,default,0,6.910289591782109,38.054484167854206,-1,,,0.25412610633666494,-0.09301130917148255,-0.03241548456672737,"[{""move_vx"": -3.5355339059327373, ""move_vy"": 3.5355339059327373, ""kick_power"": 0.0, ""kick_dir"": null}, {""move_vx"": -3.4353690357785918, ""move_vy"": -3.5359778828513146, ""kick_power"": 0.0, ""kick_dir"": null}, {""move_vx"": 5.181908205780954, ""move_vy"": -1.5191534968066975, ""kick_power"": 0.0, ""kick_dir"": null}, {""move_vx"": 5.052415540414484, ""move_vy"": -1.906068521060622, ""kick_power"": 0.0, ""kick_dir"": null}, {""move_vx"": 4.1012193308819755, ""move_vy"": 4.1012193308819755, ""kick_power"": 0.0, ""kick_dir"": null}, {""move_vx"": 0.0, ""move_vy"": 0.0, ""kick_power"": 0.0, ""kick_dir"": null}, {""move_vx"": 0.0, ""move_vy"": -6.0, ""kick_power"": 0.0, ""kick_dir"": null}, {""move_vx"": 0.0, ""move_vy"": 0.0, ""kick_power"": 0.0, ""kick_dir"": null}, {""move_vx"": 0.0, ""move_vy"": -6.1, ""kick_power"": 0.0, ""kick_dir"": null}, {""move_vx"": 4.242640687119285, ""move_vy"": 4.242640687119285, ""kick_power"": 0.0, ""kick_dir"": null}, {""move_vx"": 0.0, ""move_vy"": 0.0, ""kick_power"": 0.9, ""kick_dir"": [-0.901723008641289, -0.43231330271562457]}, {""move_vx"": -0.0, ""move_vy"": 0.0, ""kick_power"": 0.4, ""kick_dir"": [-0.9821814376777206, -0.18793498279205653]}, {""move_vx"": -5.196824576290129, ""move_vy"": 2.5754639044775827, ""kick_power"": 0.0, ""kick_dir"": null}, {""move_vx"": -5.309452416227572, ""move_vy"": -0.9847411029378254, ""kick_power"": 0.0, ""kick_dir"": null}, {""move_vx"": -5.4, ""move_vy"": 0.0, ""kick_power"": 0.0, ""kick_dir"": null}, {""move_vx"": -0.0, ""move_vy"": 0.0, ""kick_power"": 0.0, ""kick_dir"": null}, {""move_vx"": -5.359215845493717, ""move_vy"": 2.6979261519561772, ""kick_power"": 0.0, ""kick_dir"": null}, {""move_vx"": -5.120857663279459, ""move_vy"": -3.126790174033435, ""kick_power"": 0.0, ""kick_dir"": null}, {""move_vx"": 4.242640687119285, ""move_vy"": -4.242640687119285, ""kick_power"": 0.0, ""kick_dir"": null}, {""move_vx"": -8.316247588975404, ""move_vy"": 0.2498520339336119, ""kick_power"": 0.0, ""kick_dir"": null}, {""move_vx"": -4.242640687119285, ""move_vy"": -4.242640687119285, ""kick_power"": 0.0, ""kick_dir"": null}, {""move_vx"": -5.504366801619056, ""move_vy"": -1.696922541907562, ""kick_power"": 0.0, ""kick_dir"": null}]"
631,103,default,default,0,6.249127855183471,38.011681682286984,-1,,,0.25888673157362824,-0.08808801282894572,-0.04209640178068651,"[{""move_vx"": -0.42667543888401993, ""move_vy"": -4.479726338723508, ""kick_power"": 0.0, ""kick_dir"": null}, {""move_vx"": -3.4353690357785918, ""move_vy"": -3.5359778828513146, ""kick_power"": 0.0, ""kick_dir"": null}, {""move_vx"": 5.181908205780954, ""move_vy"": -1.5191534968066982, ""kick_power"": 0.0, ""kick_dir"": null}, {""move_vx"": 3.8183766184073566, ""move_vy"": -3.8183766184073566, ""kick_power"": 0.0, ""kick_dir"": null}, {""move_vx"": 4.1012193308819755, ""move_vy"": 4.1012193308819755, ""kick_power"": 0.0, ""kick_dir"": null}, {""move_vx"": 0.0, ""move_vy"": 0.0, ""kick_power"": 0.0, ""kick_dir"": null}, {""move_vx"": -4.242640687119285, ""move_vy"": 4.242640687119285, ""kick_power"": 0.0, ""kick_dir"": null}, {""move_vx"": 0.0, ""move_vy"": 0.0, ""kick_power"": 0.0, ""kick_dir"": null}, {""move_vx"": 0.0, ""move_vy"": -6.1, ""kick_power"": 0.0, ""kick_dir"": null}, {""move_vx"": 4.242640687119285, ""move_vy"": 4.242640687119285, ""kick_power"": 0.0, ""kick_dir"": null}, {""move_vx"": 0.0, ""move_vy"": 0.0, ""kick_power"": 0.9, ""kick_dir"": [-0.8482910962670737, -0.5295293151062365]}, {""move_vx"": -0.0, ""move_vy"": 0.0, ""kick_power"": 0.4, ""kick_dir"": [-0.9820921703887134, -0.18840091248757737]}, {""move_vx"": -5.19682457629013, ""move_vy"": 2.5754639044775827, ""kick_power"": 0.0, ""kick_dir"": null}, {""move_vx"": -5.309452416227572, ""move_vy"": -0.9847411029378258, ""kick_power"": 0.0, ""kick_dir"": null}, {""move_vx"": -5.4, ""move_vy"": 0.0, ""kick_power"": 0.0, ""kick_dir"": null}, {""move_vx"": -0.0, ""move_vy"": 0.0, ""kick_power"": 0.0, ""kick_dir"": null}, {""move_vx"": -4.242640687119285, ""move_vy"": -4.242640687119285, ""kick_power"": 0.0, ""kick_dir"": null}, {""move_vx"": -5.12085766327946, ""move_vy"": -3.1267901740334354, ""kick_power"": 0.0, ""kick_dir"": null}, {""move_vx"": 4.242640687119285, ""move_vy"": -4.242640687119285, ""kick_power"": 0.0, ""kick_dir"": null}, {""move_vx"": -0.0, ""move_vy"": -6.4, ""kick_power"": 0.0, ""kick_dir"": null}, {""move_vx"": -4.242640687119285, ""move_vy"": -4.242640687119285, ""kick_power"": 0.0, ""kick_dir"": null}, {""move_vx"": -0.0, ""move_vy"": 0.0, ""kick_power"": 0.0, ""kick_dir"": null}]"
631,104,default,default,0,5.603214634594152,37.96986635969409,-1,,,0.2640730210487751,-0.0915770521376843,-0.02899234962652423,"[{""move_vx"": -3.5355339059327373, ""move_vy"": 3.5355339059327373, ""kick_power"": 0.0, ""kick_dir"": null}, {""move_vx"": -3.4353690357785918, ""move_vy"": -3.535977882851315, ""kick_power"": 0.0, ""kick_dir"": null}, {""move_vx"": 5.18250026328568, ""move_vy"": -1.5171324995015656, ""kick_power"": 0.0, ""kick_dir"": null}, {""move_vx"": 5.056028185282795, ""move_vy"": -1.8964648664359625, ""kick_power"": 0.0, ""kick_dir"": null}, {""move_vx"": 4.1012193308819755, ""move_vy"": 4.1012193308819755, ""kick_power"": 0.0, ""kick_dir"": null}, {""move_vx"": 0.0, ""move_vy"": 0.0, ""kick_power"": 0.0, ""kick_dir"": null}, {""move_vx"": 0.0, ""move_vy"": -6.0, ""kick_power"": 0.0, ""kick_dir"": null}, {""move_vx"": 0.0, ""move_vy"": 0.0, ""kick_power"": 0.0, ""kick_dir"": null}, {""move_vx"": 0.0, ""move_vy"": -6.1, ""kick_power"": 0.0, ""kick_dir"": null}, {""move_vx"": 4.242640687119285, ""move_vy"": 4.242640687119285, ""kick_power"": 0.0, ""kick_dir"": null}, {""move_vx"": 0.0, ""move_vy"": 0.0, ""kick_power"": 0.9, ""kick_dir"": [-0.7821194900573775, -0.6231276781259487]}, {""move_vx"": -0.0, ""move_vy"": 0.0, ""kick_power"": 0.4, ""kick_dir"": [-0.9820227091373517, -0.18876264031108048]}, {""move_vx"": -5.8, ""move_vy"": 0.0, ""kick_power"": 0.0, ""kick_dir"": null}, {""move_vx"": -5.309452416227571, ""move_vy"": -0.9847411029378261, ""kick_power"": 0.0, ""kick_dir"": null}, {""move_vx"": -5.4, ""move_vy"": 0.0, ""kick_power"": 0.0, ""kick_dir"": null}, {""move_vx"": -0.0, ""move_vy"": 0.0, ""kick_power"": 0.0, ""kick_dir"": null}, {""move_vx"": -5.340850960989437, ""move_vy"": 2.734101500035837, ""kick_power"": 0.0, ""kick_dir"": null}, {""move_vx"": -5.120857663279459, ""move_vy"": -3.1267901740334354, ""kick_power"": 0.0, ""kick_dir"": null}, {""move_vx"": 4.242640687119285, ""move_vy"": -4.242640687119285, ""kick_power"": 0.0, ""kick_dir"": null}, {""move_vx"": -8.306849733471946, ""move_vy"": 0.4675975892977484, ""kick_power"": 0.0, ""kick_dir"": null}, {""move_vx"": -4.242640687119285, ""move_vy"": -4.242640687119285, ""kick_power"": 0.0, ""kick_dir"": null}, {""move_vx"": -5.510402175753503, ""move_vy"": -1.6772202781540246, ""kick_power"": 0.0, ""kick_dir"": null}]"
631,105,default,default,0,4.9721982501941975,37.929015432922505,-1,,,0.2690247096147729,-0.09198948127435626,-0.03074991462774474,"[{""move_vx"": -3.5355339059327373, ""move_vy"": 3.5355339059327373, ""kick_power"": 0.0, ""kick_dir"": null}, {""move_vx"": -3.4353690357785918, ""move_vy"": -3.5359778828513146, ""kick_power"": 0.0, ""kick_dir"": null}, {""move_vx"": 5.184991437852187, ""move_vy"": -1.5085966291224155, ""kick_power"": 0.0, ""kick_dir"": null}, {""move_vx"": 5.056028185282795, ""move_vy"": -1.8964648664359625, ""kick_power"": 0.0, ""kick_dir"": null}, {""move_vx"": 4.1012193308819755, ""move_vy"": 4.1012193308819755, ""kick_power"": 0.0, ""kick_dir"": null}, {""move_vx"": 0.0, ""move_vy"": 0.0, ""kick_power"": 0.0, ""kick_dir"": null}, {""move_vx"": 0.0, ""move_vy"": 0.0, ""kick_power"": 0.4, ""kick_dir"": [-0.3157993488135042, -0.9488258806316742]}, {""move_vx"": 0.0, ""move_vy"": 0.0, ""kick_power"": 0.0, ""kick_dir"": null}, {""move_vx"": 0.0, ""move_vy"": -6.1, ""kick_power"": 0.0, ""kick_dir"": null}, {""move_vx"": 7.078413139974197, ""move_vy"": -1.317599111961074, ""kick_power"": 0.0, ""kick_dir"": null}, {""move_vx"": 0.0, ""move_vy"": 0.0, ""kick_power"": 0.9, ""kick_dir"": [-0.7273262042526213, -0.6862911819472138]}, {""move_vx"": -0.0, ""move_vy"": 0.0, ""kick_power"": 0.4, ""kick_dir"": [-0.9819715692403347, -0.18902849917702141]}, {""move_vx"": -5.189424278530215, ""move_vy"": 2.5903427683225924, ""kick_power"": 0.0, ""kick_dir"": null}, {""move_vx"": -5.309452416227572, ""move_vy"": -0.9847411029378267, ""kick_power"": 0.0, ""kick_dir"": null}, {""move_vx"": -5.4, ""move_vy"": 0.0, ""kick_power"": 0.0, ""kick_dir"": null}, {""move_vx"": -0.0, ""move_vy"": 0.0, ""kick_power"": 0.0, ""kick_dir"": null}, {""move_vx"": -5.340850960989436, ""move_vy"": 2.7341015000358366, ""kick_power"": 0.0, ""kick_dir"": null}, {""move_vx"": -5.120857663279459, ""move_vy"": -3.1267901740334363, ""kick_power"": 0.0, ""kick_dir"": null}, {""move_vx"": 4.242640687119285, ""move_vy"": -4.242640687119285, ""kick_power"": 0.0, ""kick_dir"": null}, {""move_vx"": -8.305090605864862, ""move_vy"": 0.4978654721661304, ""kick_power"": 0.0, ""kick_dir"": null}, {""move_vx"": -0.0, ""move_vy"": 0.0, ""kick_power"": 0.0, ""kick_dir"": null}, {""move_vx"": -5.513251957807815, ""move_vy"": -1.667828783097448, ""kick_power"": 0.0, ""kick_dir"": null}]"
631,106,default,default,0,4.355735133031343,37.88910665990301,-1,,,0.27370088293969913,-0.08508864998090927,-0.028800262683022892,"[{""move_vx"": -3.5355339059327373, ""move_vy"": 3.5355339059327373, ""kick_power"": 0.0, ""kick_dir"": null}, {""move_vx"": -3.4353690357785918, ""move_vy"": -3.5359778828513146, ""kick_power"": 0.0, ""kick_dir"": null}, {""move_vx"": 5.187464796865543, ""move_vy"": -1.5000696588094633, ""kick_power"": 0.0, ""kick_dir"": null}, {""move_vx"": -3.8183766184073566, ""move_vy"": 3.8183766184073566, ""kick_power"": 0.0, ""kick_dir"": null}, {""move_vx"": 5.789268228331375, ""move_vy"": -0.3526661033228192, ""kick_power"": 0.0, ""kick_dir"": null}, {""move_vx"": -3.772736123894179, ""move_vy"": 3.9883031654406533, ""kick_power"": 0.0, ""kick_dir"": null}, {""move_vx"": 4.242640687119285, ""move_vy"": -4.242640687119285, ""kick_power"": 0.0, ""kick_dir"": null}, {""move_vx"": 0.0, ""move_vy"": 0.0, ""kick_power"": 0.0, ""kick_dir"": null}, {""move_vx"": 0.0, ""move_vy"": -6.1, ""kick_power"": 0.0, ""kick_dir"": null}, {""move_vx"": 4.722166663083452, ""move_vy"": -3.701505370259957, ""kick_power"": 0.0, ""kick_dir"": null}, {""move_vx"": 0.0, ""move_vy"": 0.0, ""kick_power"": 0.9, ""kick_dir"": [-0.6618077967988487, -0.749672880369617]}, {""move_vx"": -0.0, ""move_vy"": 0.0, ""kick_power"": 0.4, ""kick_dir"": [-0.9819373111663867, -0.1892063790710033]}, {""move_vx"": -5.189424278530216, ""move_vy"": 2.590342768322593, ""kick_power"": 0.0, ""kick_dir"": null}, {""move_vx"": -5.309452416227572, ""move_vy"": -0.984741102937827, ""kick_power"": 0.0, ""kick_dir"": null}, {""move_vx"": -5.4, ""move_vy"": 0.0, ""kick_power"": 0.0, ""kick_dir"": null}, {""move_vx"": -0.0, ""move_vy"": 0.0, ""kick_power"": 0.0, ""kick_dir"": null}, {""move_vx"": -4.242640687119285, ""move_vy"": -4.242640687119285, ""kick_power"": 0.0, ""kick_dir"": null}, {""move_vx"": -5.120857663279458, ""move_vy"": -3.1267901740334363, ""kick_power"": 0.0, ""kick_dir"": null}, {""move_vx"": 4.242640687119285, ""move_vy"": -4.242640687119285, ""kick_power"": 0.0, ""kick_dir"": null}, {""move_vx"": -8.30431359759066, ""move_vy"": 0.5106619947390352, ""kick_power"": 0.0, ""kick_dir"": null}, {""move_vx"": -4.242640687119285, ""move_vy"": -4.242640687119285, ""kick_power"": 0.0, ""kick_dir"": null}, {""move_vx"": -5.5160053402606435, ""move_vy"": -1.6586998179948251, ""kick_power"": 0.0, ""kick_dir"": null}]"
631,107,default,default,0,3.7534896379583143,37.850118311540015,-1,,,0.2780363840885383,-0.0868842572150901,-0.02588216972365571,"[{""move_vx"": -3.5355339059327373, ""move_vy"": 3.5355339059327373, ""kick_power"": 0.0, ""kick_dir"": null}, {""move_vx"": -3.4353690357785918, ""move_vy"": -3.535977882851315, ""kick_power"": 0.0, ""kick_dir"": null}, {""move_vx"": 5.189860307784892, ""move_vy"": -1.4917606998707609, ""kick_power"": 0.0, ""kick_dir"": null}, {""move_vx"": 5.052381964212451, ""move_vy"": -1.9061575191207951, ""kick_power"": 0.0, ""kick_dir"": null}, {""move_vx"": 4.1012193308819755, ""move_vy"": 4.1012193308819755, ""kick_power"": 0.0, ""kick_dir"": null}, {""move_vx"": -6.1, ""move_vy"": 0.0, ""kick_power"": 0.0, ""kick_dir"": null}, {""move_vx"": 0.0, ""move_vy"": 0.0, ""kick_power"": 0.4, ""kick_dir"": [-0.37904021635462154, -0.9253800866942815]}, {""move_vx"": 0.0, ""move_vy"": 0.0, ""kick_power"": 0.0, ""kick_dir"": null}, {""move_vx"": 0.0, ""move_vy"": -6.1, ""kick_power"": 0.0, ""kick_dir"": null}, {""move_vx"": 7.084678971966601, ""move_vy"": -1.283481150689118, ""kick_power"": 0.0, ""kick_dir"": null}, {""move_vx"": 0.0, ""move_vy"": 0.0, ""kick_power"": 0.9, ""kick_dir"": [-0.5603155070860236, -0.8282786504295951]}, {""move_vx"": -0.0, ""move_vy"": 0.0, ""kick_power"": 0.4, ""kick_dir"": [-0.9819185475545232, -0.18930373356274718]}, {""move_vx"": -5.189424278530216, ""move_vy"": 2.5903427683225924, ""kick_power"": 0.0, ""kick_dir"": null}, {""move_vx"": -5.309452416227571, ""move_vy"": -0.9847411029378274, ""kick_power"": 0.0, ""kick_dir"": null}, {""move_vx"": -5.4, ""move_vy"": 0.0, ""kick_power"": 0.0, ""kick_dir"": null}, {""move_vx"": -0.0, ""move_vy"": 0.0, ""kick_power"": 0.0, ""kick_dir"": null}, {""move_vx"": -5.321887320657945, ""move_vy"": 2.770832969743972, ""kick_power"": 0.0, ""kick_dir"": null}, {""move_vx"": -5.120857663279459, ""move_vy"": -3.126790174033435, ""kick_power"": 0.0, ""kick_dir"": null}, {""move_vx"": 4.242640687119285, ""move_vy"": -4.242640687119285, ""kick_power"": 0.0, ""kick_dir"": null}, {""move_vx"": -8.300863875416356, ""move_vy"": 0.5639671283042699, ""kick_power"": 0.0, ""kick_dir"": null}, {""move_vx"": -4.242640687119285, ""move_vy"": -4.242640687119285, ""kick_power"": 0.0, ""kick_dir"": null}, {""move_vx"": -5.518666761004607, ""move_vy"": -1.6498233787235896, ""kick_power"": 0.0, ""kick_dir"": null}]"
631,108,default,default,0,3.165133860884401,37.81202915988077,-1,,,0.28192587673367553,-0.0827460736692303,-0.0248899257266339,"[{""move_vx"": -3.5355339059327373, ""move_vy"": 3.5355339059327373, ""kick_power"": 0.0, ""kick_dir"": null}, {""move_vx"": -3.4353690357785918, ""move_vy"": -3.535977882851315, ""kick_power"": 0.0, ""kick_dir"": null}, {""move_vx"": 5.1921820333178035, ""move_vy"": -1.483659574461677, ""kick_power"": 0.0, ""kick_dir"": null}, {""move_vx"": -5.4, ""move_vy"": 0.0, ""kick_power"": 0.0, ""kick_dir"": null}, {""move_vx"": 4.1012193308819755, ""move_vy"": 4.1012193308819755, ""kick_power"": 0.0, ""kick_dir"": null}, {""move_vx"": -3.8438122883112262, ""move_vy"": 3.919847840443251, ""kick_power"": 0.0, ""kick_dir"": null}, {""move_vx"": 4.242640687119285, ""move_vy"": -4.242640687119285, ""kick_power"": 0.0, ""kick_dir"": null}, {""move_vx"": 0.0, ""move_vy"": 0.0, ""kick_power"": 0.0, ""kick_dir"": null}, {""move_vx"": 0.0, ""move_vy"": -6.1, ""kick_power"": 0.0, ""kick_dir"": null}, {""move_vx"": 7.084678971966601, ""move_vy"": -1.2834811506891173, ""kick_power"": 0.0, ""kick_dir"": null}, {""move_vx"": 0.0, ""move_vy"": 0.0, ""kick_power"": 0.9, ""kick_dir"": [-0.46367059694616897, -0.8860070901974418]}, {""move_vx"": -0.0, ""move_vy"": 0.0, ""kick_power"": 0.4, ""kick_dir"": [-0.9819139483965446, -0.1893275894683487]}, {""move_vx"": -5.189424278530216, ""move_vy"": 2.5903427683225924, ""kick_power"": 0.0, ""kick_dir"": null}, {""move_vx"": -5.309452416227571, ""move_vy"": -0.9847411029378278, ""kick_power"": 0.0, ""kick_dir"": null}, {""move_vx"": -5.4, ""move_vy"": 0.0, ""kick_power"": 0.0, ""kick_dir"": null}, {""move_vx"": -0.0, ""move_vy"": 0.0, ""kick_power"": 0.0, ""kick_dir"": null}, {""move_vx"": -5.321887320657945, ""move_vy"": 2.7708329697439726, ""kick_power"": 0.0, ""kick_dir"": null}, {""move_vx"": -5.120857663279459, ""move_vy"": -3.1267901740334354, ""kick_power"": 0.0, ""kick_dir"": null}, {""move_vx"": 4.242640687119285, ""move_vy"": -4.242640687119285, ""kick_power"": 0.0, ""kick_dir"": null}, {""move_vx"": -8.297920515391006, ""move_vy"": 0.6057351898751467, ""kick_power"": 0.0, ""kick_dir"": null}, {""move_vx"": -4.242640687119285, ""move_vy"": -4.242640687119285, ""kick_power"": 0.0, ""kick_dir"": null}, {""move_vx"": -5.521240402274078, ""move_vy"": -1.6411899403470622, ""kick_power"": 0.0, ""kick_dir"": null}]"
631,109,default,default,0,2.590347460241799,37.77481846655737,-1,,,0.2865662525501924,-0.0825283045981576,-0.023979792157439374,"[{""move_vx"": -3.5355339059327373, ""move_vy"": -3.5355339059327373, ""kick_power"": 0.0, ""kick_dir"": null}, {""move_vx"": -3.4353690357785918, ""move_vy"": -3.5359778828513146, ""kick_power"": 0.0, ""kick_dir"": null}, {""move_vx"": 5.194275659292871, ""move_vy"": -1.4763131020476696, ""kick_power"": 0.0, ""kick_dir"": null}, {""move_vx"": 5.055494976886017, ""move_vy"": -1.8978858075975615, ""kick_power"": 0.0, ""kick_dir"": null}, {""move_vx"": 4.1012193308819755, ""move_vy"": 4.1012193308819755, ""kick_power"": 0.0, ""kick_dir"": null}, {""move_vx"": -3.892349899214501, ""move_vy"": 3.8716549771492903, ""kick_power"": 0.0, ""kick_dir"": null}, {""move_vx"": 0.0, ""move_vy"": 0.0, ""kick_power"": 0.4, ""kick_dir"": [-0.4350476949413936, -0.9004072986755012]}, {""move_vx"": 0.0, ""move_vy"": 0.0, ""kick_power"": 0.0, ""kick_dir"": null}, {""move_vx"": 0.0, ""move_vy"": -6.1, ""kick_power"": 0.0, ""kick_dir"": null}, {""move_vx"": 7.084678971966602, ""move_vy"": -1.283481150689117, ""kick_power"": 0.0, ""kick_dir"": null}, {""move_vx"": 0.0, ""move_vy"": 0.0, ""kick_power"": 0.9, ""kick_dir"": [-0.3486864920263027, -0.9372388775788523]}, {""move_vx"": -0.0, ""move_vy"": 0.0, ""kick_power"": 0.4, ""kick_dir"": [-0.981922244637946, -0.18928455900868624]}, {""move_vx"": -5.189424278530216, ""move_vy"": 2.5903427683225924, ""kick_power"": 0.0, ""kick_dir"": null}, {""move_vx"": -5.309452416227572, ""move_vy"": -0.9847411029378283, ""kick_power"": 0.0, ""kick_dir"": null}, {""move_vx"": -5.4, ""move_vy"": 0.0, ""kick_power"": 0.0, ""kick_dir"": null}, {""move_vx"": -0.0, ""move_vy"": 0.0, ""kick_power"": 0.0, ""kick_dir"": null}, {""move_vx"": -5.321887320657945, ""move_vy"": 2.7708329697439735, ""kick_power"": 0.0, ""kick_dir"": null}, {""move_vx"": -5.120857663279458, ""move_vy"": -3.1267901740334354, ""kick_power"": 0.0, ""kick_dir"": null}, {""move_vx"": 4.242640687119285, ""move_vy"": -4.242640687119285, ""kick_power"": 0.0, ""kick_dir"": null}, {""move_vx"": -8.295945440104106, ""move_vy"": 0.6322098186645755, ""kick_power"": 0.0, ""kick_dir"": null}, {""move_vx"": -4.242640687119285, ""move_vy"": -4.242640687119285, ""kick_power"": 0.0, ""kick_dir"": null}, {""move_vx"": -5.523730208313053, ""move_vy"": -1.6327904292253341, ""kick_power"": 0.0, ""kick_dir"": null}]"
631,110,default,default,0,2.028817482569508,37.73846597149538,-1,,,0.2910694460720733,-0.07871184237832742,-0.024625469187914598,"[{""move_vx"": -3.5355339059327373, ""move_vy"": -3.5355339059327373, ""kick_power"": 0.0, ""kick_dir"": null}, {""move_vx"": -3.4353690357785918, ""move_vy"": -3.535977882851315, ""kick_power"": 0.0, ""kick_dir"": null}, {""move_vx"": 5.195959256977575, ""move_vy"": -1.4703766183631486, ""kick_power"": 0.0, ""kick_dir"": null}, {""move_vx"": -5.4, ""move_vy"": 0.0, ""kick_power"": 0.0, ""kick_dir"": null}, {""move_vx"": 4.1012193308819755, ""move_vy"": 4.1012193308819755, ""kick_power"": 0.0, ""kick_dir"": null}, {""move_vx"": -3.9386586366522853, ""move_vy"": 3.8245350232314994, ""kick_power"": 0.0, ""kick_dir"": null}, {""move_vx"": 4.242640687119285, ""move_vy"": -4.242640687119285, ""kick_power"": 0.0, ""kick_dir"": null}, {""move_vx"": 0.0, ""move_vy"": 0.0, ""kick_power"": 0.0, ""kick_dir"": null}, {""move_vx"": 0.0, ""move_vy"": -6.1, ""kick_power"": 0.0, ""kick_dir"": null}, {""move_vx"": 7.084678971966601, ""move_vy"": -1.2834811506891166, ""kick_power"": 0.0, ""kick_dir"": null}, {""move_vx"": 0.0, ""move_vy"": 0.0, ""kick_power"": 0.9, ""kick_dir"": [-0.2127376721454308, -0.9771088296691006]}, {""move_vx"": -0.0, ""move_vy"": 0.0, ""kick_power"": 0.4, ""kick_dir"": [-0.9819422304360099, -0.1891808538733006]}, {""move_vx"": -5.189424278530216, ""move_vy"": 2.590342768322592, ""kick_power"": 0.0, ""kick_dir"": null}, {""move_vx"": -5.309452416227571, ""move_vy"": -0.9847411029378287, ""kick_power"": 0.0, ""kick_dir"": null}, {""move_vx"": -5.4, ""move_vy"": 0.0, ""kick_power"": 0.0, ""kick_dir"": null}, {""move_vx"": -0.0, ""move_vy"": 0.0, ""kick_power"": 0.0, ""kick_dir"": null}, {""move_vx"": -4.242640687119285, ""move_vy"": -4.242640687119285, ""kick_power"": 0.0, ""kick_dir"": null}, {""move_vx"": -5.120857663279459, ""move_vy"": -3.126790174033435, ""kick_power"": 0.0, ""kick_dir"": null}, {""move_vx"": 4.242640687119285, ""move_vy"": -4.242640687119285, ""kick_power"": 0.0, ""kick_dir"": null}, {""move_vx"": -8.295176744507803, ""move_vy"": 0.6422170796365697, ""kick_power"": 0.0, ""kick_dir"": null}, {""move_vx"": -4.242640687119285, ""move_vy"": -4.242640687119285, ""kick_power"": 0.0, ""kick_dir"": null}, {""move_vx"": -5.526139901631111, ""move_vy"": -1.6246161970140853, ""kick_power"": 0.0, ""kick_dir"": null}]"
631,111,default,default,0,1.4802381921198293,37.70295188188284,-1,,,0.2978183262214483,-0.07029278188933007,-0.022512098664196796,"[{""move_vx"": 3.724531170902427, ""move_vy"": -2.9479429365196665, ""kick_power"": 0.0, ""kick_dir"": null}, {""move_vx"": -3.4353690357785918, ""move_vy"": -3.535977882851315, ""kick_power"": 0.0, ""kick_dir"": null}, {""move_vx"": 5.196969498049904, ""move_vy"": -1.466801975843685, ""kick_power"": 0.0, ""kick_dir"": null}, {""move_vx"": 5.0585819334555735, ""move_vy"": -1.8896425118304458, ""kick_power"": 0.0, ""kick_dir"": null}, {""move_vx"": -4.921275746836423, ""move_vy"": -0.2931638170027071, ""kick_power"": 0.0, ""kick_dir"": null}, {""move_vx"": -3.982856163231596, ""move_vy"": 3.7784860437757466, ""kick_power"": 0.0, ""kick_dir"": null}, {""move_vx"": 0.0, ""move_vy"": 0.0, ""kick_power"": 0.4, ""kick_dir"": [-0.48441349986646187, -0.874839054437787]}, {""move_vx"": 0.0, ""move_vy"": 0.0, ""kick_power"": 0.0, ""kick_dir"": null}, {""move_vx"": 0.0, ""move_vy"": -6.1, ""kick_power"": 0.0, ""kick_dir"": null}, {""move_vx"": 7.084678971966601, ""move_vy"": -1.283481150689116, ""kick_power"": 0.0, ""kick_dir"": null}, {""move_vx"": 0.0, ""move_vy"": 0.0, ""kick_power"": 0.9, ""kick_dir"": [-0.05636137478359593, -0.9984099259668642]}, {""move_vx"": -0.0, ""move_vy"": 0.0, ""kick_power"": 0.4, ""kick_dir"": [-0.9819727642943702, -0.18902230066825348]}, {""move_vx"": -5.189424278530216, ""move_vy"": 2.590342768322592, ""kick_power"": 0.0, ""kick_dir"": null}, {""move_vx"": -5.309452416227571, ""move_vy"": -0.9847411029378291, ""kick_power"": 0.0, ""kick_dir"": null}, {""move_vx"": -5.4, ""move_vy"": 0.0, ""kick_power"": 0.0, ""kick_dir"": null}, {""move_vx"": -0.0, ""move_vy"": 0.0, ""kick_power"": 0.0, ""kick_dir"": null}, {""move_vx"": -5.302154350319245, ""move_vy"": 2.8084086678029427, ""kick_power"": 0.0, ""kick_dir"": null}, {""move_vx"": -5.12085766327946, ""move_vy"": -3.126790174033435, ""kick_power"": 0.0, ""kick_dir"": null}, {""move_vx"": 4.242640687119285, ""move_vy"": -4.242640687119285, ""kick_power"": 0.0, ""kick_dir"": null}, {""move_vx"": -8.295176744507803, ""move_vy"": 0.6422170796365686, ""kick_power"": 0.0, ""kick_dir"": null}, {""move_vx"": -4.242640687119285, ""move_vy"": -4.242640687119285, ""kick_power"": 0.0, ""kick_dir"": null}, {""move_vx"": -5.528472997974865, ""move_vy"": -1.616658996406729, ""kick_power"": 0.0, ""kick_dir"": null}]"
631,112,default,default,0,0.9476572558521317,37.29792106604582,0,A,,1.472508285315703,3.017371308047343,-0.02340936963877196,"[{""move_vx"": 3.607665416748177, ""move_vy"": -3.089862495451732, ""kick_power"": 0.0, ""kick_dir"": null}, {""move_vx"": -3.4353690357785913, ""move_vy"": -3.5359778828513146, ""kick_power"": 0.0, ""kick_dir"": null}, {""move_vx"": 5.196969498049904, ""move_vy"": -1.466801975843685, ""kick_power"": 0.0, ""kick_dir"": null}, {""move_vx"": -5.4, ""move_vy"": 0.0, ""kick_power"": 0.0, ""kick_dir"": null}, {""move_vx"": 4.1012193308819755, ""move_vy"": 4.1012193308819755, ""kick_power"": 0.0, ""kick_dir"": null}, {""move_vx"": -3.219382729308504, ""move_vy"": 4.818464469333577, ""kick_power"": 0.0, ""kick_dir"": null}, {""move_vx"": 4.242640687119285, ""move_vy"": -4.242640687119285, ""kick_power"": 0.0, ""kick_dir"": null}, {""move_vx"": 0.0, ""move_vy"": 0.0, ""kick_power"": 0.0, ""kick_dir"": null}, {""move_vx"": 0.0, ""move_vy"": -6.1, ""kick_power"": 0.0, ""kick_dir"": null}, {""move_vx"": 7.084678971966602, ""move_vy"": -1.2834811506891157, ""kick_power"": 0.0, ""kick_dir"": null}, {""move_vx"": 0.0, ""move_vy"": 0.0, ""kick_power"": 0.9, ""kick_dir"": [0.11302161021343593, -0.9935920402176449]}, {""move_vx"": -0.0, ""move_vy"": 0.0, ""kick_power"": 0.4, ""kick_dir"": [-0.982012769271688, -0.1888143572973243]}, {""move_vx"": -5.189424278530216, ""move_vy"": 2.590342768322592, ""kick_power"": 0.0, ""kick_dir"": null}, {""move_vx"": -5.309452416227571, ""move_vy"": -0.9847411029378296, ""kick_power"": 0.0, ""kick_dir"": null}, {""move_vx"": -5.4, ""move_vy"": 0.0, ""kick_power"": 0.0, ""kick_dir"": null}, {""move_vx"": -0.0, ""move_vy"": 0.0, ""kick_power"": 0.0, ""kick_dir"": null}, {""move_vx"": -4.242640687119285, ""move_vy"": -4.242640687119285, ""kick_power"": 0.0, ""kick_dir"": null}, {""move_vx"": -4.242640687119285, ""move_vy"": -4.242640687119285, ""kick_power"": 0.0, ""kick_dir"": null}, {""move_vx"": 4.242640687119285, ""move_vy"": -4.242640687119285, ""kick_power"": 0.0, ""kick_dir"": null}, {""move_vx"": -8.295176744507804, ""move_vy"": 0.6422170796365674, ""kick_power"": 0.0, ""kick_dir"": null}, {""move_vx"": -4.242640687119285, ""move_vy"": -4.242640687119285, ""kick_power"": 0.0, ""kick_dir"": null}, {""move_vx"": -5.5307328201296135, ""move_vy"": -1.6089109584874945, ""kick_power"": 0.0, ""kick_dir"": null}]"
631,113,default,default,0,-0.16801417852876643,37.028253157416486,0,A,left,-13.700868915697718,-91.95025646997928,45.31878453151434,"[{""move_vx"": -3.5355339059327373, ""move_vy"": -3.5355339059327373, ""kick_power"": 0.0, ""kick_dir"": null}, {""move_vx"": 0.0, ""move_vy"": 0.0, ""kick_power"": 0.0, ""kick_dir"": null}, {""move_vx"": -6.462782787458379, ""move_vy"": 0.4720578800652525, ""kick_power"": 0.0, ""kick_dir"": null}, {""move_vx"": -1.7650184582265556, ""move_vy"": -4.23707562383769, ""kick_power"": 0.0, ""kick_dir"": null}, {""move_vx"": -4.254501265621123, ""move_vy"": -3.5013310298839593, ""kick_power"": 0.0, ""kick_dir"": null}, {""move_vx"": -3.307833645945461, ""move_vy"": 4.758178387865586, ""kick_power"": 0.0, ""kick_dir"": null}, {""move_vx"": 5.753338950078639, ""move_vy"": 1.70267170221039, ""kick_power"": 0.0, ""kick_dir"": null}, {""move_vx"": -4.242640687119285, ""move_vy"": -4.242640687119285, ""kick_power"": 0.0, ""kick_dir"": null}, {""move_vx"": 7.593704171425257, ""move_vy"": -0.6901318402150852, ""kick_power"": 0.0, ""kick_dir"": null}, {""move_vx"": 0.0, ""move_vy"": 0.0, ""kick_power"": 0.0, ""kick_dir"": null}, {""move_vx"": 5.601629836220576, ""move_vy"": 2.1498239876704877, ""kick_power"": 0.0, ""kick_dir"": null}, {""move_vx"": -0.0, ""move_vy"": 0.0, ""kick_power"": 0.4, ""kick_dir"": [-0.9820612324397108, -0.1885621298948363]}, {""move_vx"": -5.1894242785302165, ""move_vy"": 2.590342768322592, ""kick_power"": 0.0, ""kick_dir"": null}, {""move_vx"": -0.0, ""move_vy"": 0.0, ""kick_power"": 0.9, ""kick_dir"": [-0.9025083991921513, -0.4306721922185538]}, {""move_vx"": -5.392300880899488, ""move_vy"": -0.2882554593595945, ""kick_power"": 0.0, ""kick_dir"": null}, {""move_vx"": -0.0, ""move_vy"": 0.0, ""kick_power"": 0.9, ""kick_dir"": [-0.7221526845411284, -0.6917336180533048]}, {""move_vx"": -5.281916708427042, ""move_vy"": 2.8462880889395654, ""kick_power"": 0.0, ""kick_dir"": null}, {""move_vx"": -0.0, ""move_vy"": 0.0, ""kick_power"": 0.65, ""kick_dir"": [-0.9988197742483544, 0.04856791248027012]}, {""move_vx"": 4.242640687119285, ""move_vy"": -4.242640687119285, ""kick_power"": 0.0, ""kick_dir"": null}, {""move_vx"": -2.9646281149973923, ""move_vy"": 5.671946768065355, ""kick_power"": 0.0, ""kick_dir"": null}, {""move_vx"": -4.242640687119285, ""move_vy"": -4.242640687119285, ""kick_power"": 0.0, ""kick_dir"": null}, {""move_vx"": -5.526187463722974, ""move_vy"": -1.6244544055746997, ""kick_power"": 0.0, ""kick_dir"": null}]"
