episode,step,scenario,scenario_template,scenario_variant,ball_x,ball_y,ball_controller,ball_controller_team,last_goal,reward_p0,team_reward_left_step,team_reward_right_step,actions
1968,1,default,default,0,50.0,37.5,-1,,,-0.003163163237979364,0.007385901219608495,0.01703353085284859,"[{""move_vx"": -3.5355339059327373, ""move_vy"": 3.5355339059327373, ""kick_power"": 0.0, ""kick_dir"": null}, {""move_vx"": -5.8, ""move_vy"": 0.0, ""kick_power"": 0.0, ""kick_dir"": null}, {""move_vx"": 6.386356812123203, ""move_vy"": 1.0976550770836755, ""kick_power"": 0.0, ""kick_dir"": null}, {""move_vx"": -3.8183766184073566, ""move_vy"": -3.8183766184073566, ""kick_power"": 0.0, ""kick_dir"": null}, {""move_vx"": 5.215563514725617, ""move_vy"": -2.5373011693259757, ""kick_power"": 0.0, ""kick_dir"": null}, {""move_vx"": 5.029703768613018, ""move_vy"": 2.2004953987681954, ""kick_power"": 0.0, ""kick_dir"": null}, {""move_vx"": 4.242640687119285, ""move_vy"": 4.242640687119285, ""kick_power"": 0.0, ""kick_dir"": null}, {""move_vx"": 0.0, ""move_vy"": 0.0, ""kick_power"": 0.6, ""kick_dir"": [0.9934089206886496, -0.11462410623330573]}, {""move_vx"": 7.303425424811279, ""move_vy"": -2.191027627443384, ""kick_power"": 0.0, ""kick_dir"": null}, {""move_vx"": -4.242640687119285, ""move_vy"": 4.242640687119285, ""kick_power"": 0.0, ""kick_dir"": null}, {""move_vx"": 5.409138344809641, ""move_vy"": -2.5963864055086274, ""kick_power"": 0.0, ""kick_dir"": null}, {""move_vx"": -4.717465370533661, ""move_vy"": -0.5549959259451367, ""kick_power"": 0.0, ""kick_dir"": null}, {""move_vx"": -0.0, ""move_vy"": 5.8, ""kick_power"": 0.0, ""kick_dir"": null}, {""move_vx"": -5.17609632390689, ""move_vy"": 1.5388394476479943, ""kick_power"": 0.0, ""kick_dir"": null}, {""move_vx"": -0.0, ""move_vy"": 0.0, ""kick_power"": 0.0, ""kick_dir"": null}, {""move_vx"": -0.0, ""move_vy"": 5.8, ""kick_power"": 0.0, ""kick_dir"": null}, {""move_vx"": -5.347668184566516, ""move_vy"": 2.7207434623233153, ""kick_power"": 0.0, ""kick_dir"": null}, {""move_vx"": -5.4, ""move_vy"": 0.0, ""kick_power"": 0.0, ""kick_dir"": null}, {""move_vx"": -4.277046270559939, ""move_vy"": -3.76787409549328, ""kick_power"": 0.0, ""kick_dir"": null}, {""move_vx"": -3.5982434739134845, ""move_vy"": 4.497804342391856, ""kick_power"": 0.0, ""kick_dir"": null}, {""move_vx"": -5.4, ""move_vy"": 0.0, ""kick_power"": 0.0, ""kick_dir"": null}, {""move_vx"": 4.525483399593904, ""move_vy"": -4.525483399593904, ""kick_power"": 0.0, ""kick_dir"": null}]"
1968,2,default,default,0,50.0,37.5,-1,,,-0.006338479932767205,0.007979545233433985,0.010237856017906556,"[{""move_vx"": -3.5355339059327373, ""move_vy"": 3.5355339059327373, ""kick_power"": 0.0, ""kick_dir"": null}, {""move_vx"": -5.8, ""move_vy"": 0.0, ""kick_power"": 0.0, ""kick_dir"": null}, {""move_vx"": 6.3863568121232035, ""move_vy"": 1.0976550770836746, ""kick_power"": 0.0, ""kick_dir"": null}, {""move_vx"": 0.0, ""move_vy"": 0.0, ""kick_power"": 0.9, ""kick_dir"": [0.6262802431471467, 0.7795979443480804]}, {""move_vx"": 5.215563514725617, ""move_vy"": -2.5373011693259766, ""kick_power"": 0.0, ""kick_dir"": null}, {""move_vx"": 5.029703768613019, ""move_vy"": 2.2004953987681954, ""kick_power"": 0.0, ""kick_dir"": null}, {""move_vx"": 4.242640687119285, ""move_vy"": 4.242640687119285, ""kick_power"": 0.0, ""kick_dir"": null}, {""move_vx"": 0.0, ""move_vy"": 0.0, ""kick_power"": 0.6, ""kick_dir"": [0.9934089206886496, -0.11462410623330573]}, {""move_vx"": 7.303425424811279, ""move_vy"": -2.1910276274433835, ""kick_power"": 0.0, ""kick_dir"": null}, {""move_vx"": -4.242640687119285, ""move_vy"": 4.242640687119285, ""kick_power"": 0.0, ""kick_dir"": null}, {""move_vx"": 0.0, ""move_vy"": 0.0, ""kick_power"": 0.4, ""kick_dir"": [-0.9997234766281845, 0.02350954352962077]}, {""move_vx"": -0.0, ""move_vy"": 0.0, ""kick_power"": 1.0, ""kick_dir"": [-0.999999410596549, 0.0010590377020298046]}, {""move_vx"": -0.0, ""move_vy"": 5.8, ""kick_power"": 0.0, ""kick_dir"": null}, {""move_vx"": -5.17609632390689, ""move_vy"": 1.5388394476479943, ""kick_power"": 0.0, ""kick_dir"": null}, {""move_vx"": 4.488113080615287, ""move_vy"": 0.9617385172748092, ""kick_power"": 0.0, ""kick_dir"": null}, {""move_vx"": -0.0, ""move_vy"": 5.8, ""kick_power"": 0.0, ""kick_dir"": null}, {""move_vx"": -4.242640687119285, ""move_vy"": 4.242640687119285, ""kick_power"": 0.0, ""kick_dir"": null}, {""move_vx"": -5.760546458680053, ""move_vy"": -1.6781252925180241, ""kick_power"": 0.0, ""kick_dir"": null}, {""move_vx"": -4.841990659206513, ""move_vy"": -4.030524340102275, ""kick_power"": 0.0, ""kick_dir"": null}, {""move_vx"": -3.598243473913483, ""move_vy"": 4.497804342391857, ""kick_power"": 0.0, ""kick_dir"": null}, {""move_vx"": -5.4, ""move_vy"": 0.0, ""kick_power"": 0.0, ""kick_dir"": null}, {""move_vx"": -0.0, ""move_vy"": 0.0, ""kick_power"": 1.0, ""kick_dir"": [-0.980147052451431, -0.19827184132565245]}]"
1968,3,default,default,0,50.0,37.5,-1,,,-0.009525760629040697,0.010834735501672634,0.01737744918373772,"[{""move_vx"": -3.5355339059327373, ""move_vy"": 3.5355339059327373, ""kick_power"": 0.0, ""kick_dir"": null}, {""move_vx"": -5.8, ""move_vy"": 0.0, ""kick_power"": 0.0, ""kick_dir"": null}, {""move_vx"": 6.3863568121232035, ""move_vy"": 1.0976550770836737, ""kick_power"": 0.0, ""kick_dir"": null}, {""move_vx"": 0.0, ""move_vy"": 0.0, ""kick_power"": 0.9, ""kick_dir"": [0.6168847078236398, 0.787053463475246]}, {""move_vx"": 5.215563514725617, ""move_vy"": -2.5373011693259766, ""kick_power"": 0.0, ""kick_dir"": null}, {""move_vx"": 5.029703768613019, ""move_vy"": 2.2004953987681946, ""kick_power"": 0.0, ""kick_dir"": null}, {""move_vx"": 4.242640687119285, ""move_vy"": 4.242640687119285, ""kick_power"": 0.0, ""kick_dir"": null}, {""move_vx"": 0.0, ""move_vy"": 0.0, ""kick_power"": 0.6, ""kick_dir"": [0.9934089206886496, -0.11462410623330573]}, {""move_vx"": 0.0, ""move_vy"": -6.1, ""kick_power"": 0.0, ""kick_dir"": null}, {""move_vx"": -4.242640687119285, ""move_vy"": 4.242640687119285, ""kick_power"": 0.0, ""kick_dir"": null}, {""move_vx"": 5.409138344809641, ""move_vy"": -2.5963864055086274, ""kick_power"": 0.0, ""kick_dir"": null}, {""move_vx"": -4.717074801903429, ""move_vy"": 0.5583057524759374, ""kick_power"": 0.0, ""kick_dir"": null}, {""move_vx"": -0.0, ""move_vy"": 5.8, ""kick_power"": 0.0, ""kick_dir"": null}, {""move_vx"": -5.176096323906889, ""move_vy"": 1.5388394476479943, ""kick_power"": 0.0, ""kick_dir"": null}, {""move_vx"": -4.488113080615358, ""move_vy"": -0.9617385172744826, ""kick_power"": 0.0, ""kick_dir"": null}, {""move_vx"": -0.0, ""move_vy"": 5.8, ""kick_power"": 0.0, ""kick_dir"": null}, {""move_vx"": -4.242640687119285, ""move_vy"": 4.242640687119285, ""kick_power"": 0.0, ""kick_dir"": null}, {""move_vx"": -5.399833728888651, ""move_vy"": 0.04237570479055096, ""kick_power"": 0.0, ""kick_dir"": null}, {""move_vx"": -4.841990659206515, ""move_vy"": -4.030524340102274, ""kick_power"": 0.0, ""kick_dir"": null}, {""move_vx"": -3.598243473913483, ""move_vy"": 4.497804342391857, ""kick_power"": 0.0, ""kick_dir"": null}, {""move_vx"": -5.4, ""move_vy"": 0.0, ""kick_power"": 0.0, ""kick_dir"": null}, {""move_vx"": -0.0, ""move_vy"": 0.0, ""kick_power"": 1.0, ""kick_dir"": [-0.980147052451431, -0.19827184132565245]}]"
1968,4,default,default,0,50.0,37.5,-1,,,-0.012724818864026512,0.009455232857976724,0.00999194881509397,"[{""move_vx"": -3.5355339059327373, ""move_vy"": 3.5355339059327373, ""kick_power"": 0.0, ""kick_dir"": null}, {""move_vx"": -5.8, ""move_vy"": 0.0, ""kick_power"": 0.0, ""kick_dir"": null}, {""move_vx"": 6.3863568121232035, ""move_vy"": 1.0976550770836728, ""kick_power"": 0.0, ""kick_dir"": null}, {""move_vx"": 0.0, ""move_vy"": 0.0, ""kick_power"": 0.6, ""kick_dir"": [0.9961895545872581, -0.08721437354784486]}, {""move_vx"": 5.7966180310757105, ""move_vy"": -0.1980388896352163, ""kick_power"": 0.0, ""kick_dir"": null}, {""move_vx"": 5.029703768613019, ""move_vy"": 2.200495398768194, ""kick_power"": 0.0, ""kick_dir"": null}, {""move_vx"": 4.242640687119285, ""move_vy"": 4.242640687119285, ""kick_power"": 0.0, ""kick_dir"": null}, {""move_vx"": 0.0, ""move_vy"": 0.0, ""kick_power"": 0.6, ""kick_dir"": [0.9934089206886496, -0.11462410623330573]}, {""move_vx"": 6.0948610355666935, ""move_vy"": -0.25033768619785496, ""kick_power"": 0.0, ""kick_dir"": null}, {""move_vx"": -4.242640687119285, ""move_vy"": 4.242640687119285, ""kick_power"": 0.0, ""kick_dir"": null}, {""move_vx"": 5.409138344809642, ""move_vy"": -2.5963864055086274, ""kick_power"": 0.0, ""kick_dir"": null}, {""move_vx"": -0.0, ""move_vy"": 0.0, ""kick_power"": 1.0, ""kick_dir"": [-0.9999999713619455, -6.348494177700834e-06]}, {""move_vx"": -0.0, ""move_vy"": 5.8, ""kick_power"": 0.0, ""kick_dir"": null}, {""move_vx"": -5.17609632390689, ""move_vy"": 1.5388394476479945, ""kick_power"": 0.0, ""kick_dir"": null}, {""move_vx"": 4.488113080615338, ""move_vy"": 0.9617385172745755, ""kick_power"": 0.0, ""kick_dir"": null}, {""move_vx"": -0.0, ""move_vy"": 5.8, ""kick_power"": 0.0, ""kick_dir"": null}, {""move_vx"": -4.242640687119285, ""move_vy"": 4.242640687119285, ""kick_power"": 0.0, ""kick_dir"": null}, {""move_vx"": -5.757558608197985, ""move_vy"": -1.6883479715879905, ""kick_power"": 0.0, ""kick_dir"": null}, {""move_vx"": -4.841990659206516, ""move_vy"": -4.030524340102272, ""kick_power"": 0.0, ""kick_dir"": null}, {""move_vx"": -3.598243473913483, ""move_vy"": 4.497804342391857, ""kick_power"": 0.0, ""kick_dir"": null}, {""move_vx"": -5.4, ""move_vy"": 0.0, ""kick_power"": 0.0, ""kick_dir"": null}, {""move_vx"": -0.0, ""move_vy"": 0.0, ""kick_power"": 1.0, ""kick_dir"": [-0.980147052451431, -0.19827184132565245]}]"
1968,5,default,default,0,50.0,37.5,-1,,,-0.015935471138097353,0.006160855716726248,0.017018848634502134,"[{""move_vx"": -3.5355339059327373, ""move_vy"": 3.5355339059327373, ""kick_power"": 0.0, ""kick_dir"": null}, {""move_vx"": -5.8, ""move_vy"": 0.0, ""kick_power"": 0.0, ""kick_dir"": null}, {""move_vx"": 6.3863568121232035, ""move_vy"": 1.097655077083672, ""kick_power"": 0.0, ""kick_dir"": null}, {""move_vx"": 0.0, ""move_vy"": 0.0, ""kick_power"": 0.9, ""kick_dir"": [0.5974509460859093, 0.8019053951740717]}, {""move_vx"": 5.7966180310757105, ""move_vy"": -0.1980388896352166, ""kick_power"": 0.0, ""kick_dir"": null}, {""move_vx"": 5.02970376861302, ""move_vy"": 2.2004953987681937, ""kick_power"": 0.0, ""kick_dir"": null}, {""move_vx"": 4.242640687119285, ""move_vy"": 4.242640687119285, ""kick_power"": 0.0, ""kick_dir"": null}, {""move_vx"": 0.0, ""move_vy"": 0.0, ""kick_power"": 0.4, ""kick_dir"": [-0.9997196820223662, -0.023673528453364644]}, {""move_vx"": 0.0, ""move_vy"": -6.1, ""kick_power"": 0.0, ""kick_dir"": null}, {""move_vx"": -4.242640687119285, ""move_vy"": 4.242640687119285, ""kick_power"": 0.0, ""kick_dir"": null}, {""move_vx"": 4.242640687119285, ""move_vy"": 4.242640687119285, ""kick_power"": 0.0, ""kick_dir"": null}, {""move_vx"": -0.0, ""move_vy"": 0.0, ""kick_power"": 1.0, ""kick_dir"": [-0.9999999714274053, -6.333931125419058e-06]}, {""move_vx"": -0.0, ""move_vy"": 5.8, ""kick_power"": 0.0, ""kick_dir"": null}, {""move_vx"": -5.17609632390689, ""move_vy"": 1.5388394476479945, ""kick_power"": 0.0, ""kick_dir"": null}, {""move_vx"": -4.488113080615358, ""move_vy"": -0.9617385172744826, ""kick_power"": 0.0, ""kick_dir"": null}, {""move_vx"": -0.0, ""move_vy"": 5.8, ""kick_power"": 0.0, ""kick_dir"": null}, {""move_vx"": -4.242640687119285, ""move_vy"": 4.242640687119285, ""kick_power"": 0.0, ""kick_dir"": null}, {""move_vx"": -5.399273905642967, ""move_vy"": 0.08855106912366667, ""kick_power"": 0.0, ""kick_dir"": null}, {""move_vx"": -4.841990659206517, ""move_vy"": -4.0305243401022715, ""kick_power"": 0.0, ""kick_dir"": null}, {""move_vx"": -3.5982434739134823, ""move_vy"": 4.497804342391857, ""kick_power"": 0.0, ""kick_dir"": null}, {""move_vx"": -5.4, ""move_vy"": 0.0, ""kick_power"": 0.0, ""kick_dir"": null}, {""move_vx"": -0.0, ""move_vy"": 0.0, ""kick_power"": 1.0, ""kick_dir"": [-0.980147052451431, -0.19827184132565245]}]"
1968,6,default,default,0,50.0,37.5,-1,,,-0.019157536884411883,0.00978357097374933,0.004020884963153372,"[{""move_vx"": -3.5355339059327373, ""move_vy"": 3.5355339059327373, ""kick_power"": 0.0, ""kick_dir"": null}, {""move_vx"": -5.8, ""move_vy"": 0.0, ""kick_power"": 0.0, ""kick_dir"": null}, {""move_vx"": 6.3863568121232035, ""move_vy"": 1.0976550770836708, ""kick_power"": 0.0, ""kick_dir"": null}, {""move_vx"": 0.0, ""move_vy"": 0.0, ""kick_power"": 0.9, ""kick_dir"": [0.5874096780002103, 0.8092896671326893]}, {""move_vx"": 5.79661803107571, ""move_vy"": -0.19803888963521693, ""kick_power"": 0.0, ""kick_dir"": null}, {""move_vx"": 5.02970376861302, ""move_vy"": 2.2004953987681932, ""kick_power"": 0.0, ""kick_dir"": null}, {""move_vx"": 4.242640687119285, ""move_vy"": 4.242640687119285, ""kick_power"": 0.0, ""kick_dir"": null}, {""move_vx"": 0.0, ""move_vy"": 0.0, ""kick_power"": 0.4, ""kick_dir"": [0.1258649170459241, 0.9920472973901961]}, {""move_vx"": 0.0, ""move_vy"": -6.1, ""kick_power"": 0.0, ""kick_dir"": null}, {""move_vx"": -4.242640687119285, ""move_vy"": 4.242640687119285, ""kick_power"": 0.0, ""kick_dir"": null}, {""move_vx"": 5.390905515163119, ""move_vy"": -2.634034496088436, ""kick_power"": 0.0, ""kick_dir"": null}, {""move_vx"": -0.0, ""move_vy"": 0.0, ""kick_power"": 1.0, ""kick_dir"": [-0.9999997747741128, -0.0006271221852857935]}, {""move_vx"": -0.0, ""move_vy"": 0.0, ""kick_power"": 0.9, ""kick_dir"": [-0.9912278817877745, -0.13216371757170295]}, {""move_vx"": -5.176096323906889, ""move_vy"": 1.5388394476479945, ""kick_power"": 0.0, ""kick_dir"": null}, {""move_vx"": 4.488113080615338, ""move_vy"": 0.9617385172745755, ""kick_power"": 0.0, ""kick_dir"": null}, {""move_vx"": -0.0, ""move_vy"": 5.8, ""kick_power"": 0.0, ""kick_dir"": null}, {""move_vx"": 3.824279364267747, ""move_vy"": -3.3741498698243797, ""kick_power"": 0.0, ""kick_dir"": null}, {""move_vx"": -5.754408589429794, ""move_vy"": -1.6990532027857772, ""kick_power"": 0.0, ""kick_dir"": null}, {""move_vx"": -4.841990659206518, ""move_vy"": -4.03052434010227, ""kick_power"": 0.0, ""kick_dir"": null}, {""move_vx"": -3.598243473913483, ""move_vy"": 4.497804342391857, ""kick_power"": 0.0, ""kick_dir"": null}, {""move_vx"": -5.4, ""move_vy"": 0.0, ""kick_power"": 0.0, ""kick_dir"": null}, {""move_vx"": -0.0, ""move_vy"": 0.0, ""kick_power"": 0.7, ""kick_dir"": [-0.980147052451431, -0.19827184132565245]}]"
1968,7,default,default,0,50.0,37.5,-1,,,-0.022390838437690352,0.009568333543549227,0.01729728533823848,"[{""move_vx"": -3.5355339059327373, ""move_vy"": 3.5355339059327373, ""kick_power"": 0.0, ""kick_dir"": null}, {""move_vx"": -5.8, ""move_vy"": 0.0, ""kick_power"": 0.0, ""kick_dir"": null}, {""move_vx"": 6.3863568121232035, ""move_vy"": 1.09765507708367, ""kick_power"": 0.0, ""kick_dir"": null}, {""move_vx"": 0.0, ""move_vy"": 0.0, ""kick_power"": 0.9, ""kick_dir"": [0.5771505802957919, 0.8166376810780804]}, {""move_vx"": 5.7966180310757105, ""move_vy"": -0.19803888963521726, ""kick_power"": 0.0, ""kick_dir"": null}, {""move_vx"": 5.02970376861302, ""move_vy"": 2.200495398768193, ""kick_power"": 0.0, ""kick_dir"": null}, {""move_vx"": 4.242640687119285, ""move_vy"": 4.242640687119285, ""kick_power"": 0.0, ""kick_dir"": null}, {""move_vx"": 0.0, ""move_vy"": 0.0, ""kick_power"": 0.4, ""kick_dir"": [0.13067117350050772, 0.9914256679414536]}, {""move_vx"": 0.0, ""move_vy"": -6.1, ""kick_power"": 0.0, ""kick_dir"": null}, {""move_vx"": -4.242640687119285, ""move_vy"": 4.242640687119285, ""kick_power"": 0.0, ""kick_dir"": null}, {""move_vx"": 5.390905515163119, ""move_vy"": -2.6340344960884363, ""kick_power"": 0.0, ""kick_dir"": null}, {""move_vx"": -0.0, ""move_vy"": 0.0, ""kick_power"": 1.0, ""kick_dir"": [-0.9999997753158327, -0.0006263199596000113]}, {""move_vx"": -0.0, ""move_vy"": 5.8, ""kick_power"": 0.0, ""kick_dir"": null}, {""move_vx"": -0.0, ""move_vy"": 0.0, ""kick_power"": 0.0, ""kick_dir"": null}, {""move_vx"": -4.488113080615358, ""move_vy"": -0.9617385172744826, ""kick_power"": 0.0, ""kick_dir"": null}, {""move_vx"": -4.1012193308819755, ""move_vy"": 4.1012193308819755, ""kick_power"": 0.0, ""kick_dir"": null}, {""move_vx"": -4.242640687119285, ""move_vy"": 4.242640687119285, ""kick_power"": 0.0, ""kick_dir"": null}, {""move_vx"": -5.7544085894297945, ""move_vy"": -1.699053202785777, ""kick_power"": 0.0, ""kick_dir"": null}, {""move_vx"": -0.0, ""move_vy"": -6.0, ""kick_power"": 0.0, ""kick_dir"": null}, {""move_vx"": -3.5982434739134823, ""move_vy"": 4.497804342391857, ""kick_power"": 0.0, ""kick_dir"": null}, {""move_vx"": -5.4, ""move_vy"": 0.0, ""kick_power"": 0.0, ""kick_dir"": null}, {""move_vx"": -0.0, ""move_vy"": 0.0, ""kick_power"": 1.0, ""kick_dir"": [-0.980147052451431, -0.19827184132565245]}]"
1968,8,default,default,0,50.0,37.5,-1,,,-0.02285823806900182,0.012121988945620742,0.014846278534238333,"[{""move_vx"": 0.0, ""move_vy"": 0.0, ""kick_power"": 0.4, ""kick_dir"": [0.9486706407508975, 0.3162655475825769]}, {""move_vx"": -5.8, ""move_vy"": 0.0, ""kick_power"": 0.0, ""kick_dir"": null}, {""move_vx"": 6.3863568121232035, ""move_vy"": 1.0976550770836688, ""kick_power"": 0.0, ""kick_dir"": null}, {""move_vx"": 0.0, ""move_vy"": 0.0, ""kick_power"": 0.9, ""kick_dir"": [0.5666728462541711, 0.8239428251863832]}, {""move_vx"": 5.79661803107571, ""move_vy"": -0.19803888963521754, ""kick_power"": 0.0, ""kick_dir"": null}, {""move_vx"": 5.02970376861302, ""move_vy"": 2.200495398768192, ""kick_power"": 0.0, ""kick_dir"": null}, {""move_vx"": 4.242640687119285, ""move_vy"": 4.242640687119285, ""kick_power"": 0.0, ""kick_dir"": null}, {""move_vx"": 0.0, ""move_vy"": 0.0, ""kick_power"": 0.4, ""kick_dir"": [0.13585548396798638, 0.9907285655516902]}, {""move_vx"": 0.0, ""move_vy"": -6.1, ""kick_power"": 0.0, ""kick_dir"": null}, {""move_vx"": -4.242640687119285, ""move_vy"": 4.242640687119285, ""kick_power"": 0.0, ""kick_dir"": null}, {""move_vx"": 5.3909055151631184, ""move_vy"": -2.6340344960884363, ""kick_power"": 0.0, ""kick_dir"": null}, {""move_vx"": -0.0, ""move_vy"": 0.0, ""kick_power"": 1.0, ""kick_dir"": [-0.9999986595360182, -0.0016198133005082532]}, {""move_vx"": -0.0, ""move_vy"": 5.8, ""kick_power"": 0.0, ""kick_dir"": null}, {""move_vx"": -5.175053302762818, ""move_vy"": 1.5423434486402996, ""kick_power"": 0.0, ""kick_dir"": null}, {""move_vx"": 4.488113080615338, ""move_vy"": 0.9617385172745755, ""kick_power"": 0.0, ""kick_dir"": null}, {""move_vx"": -0.0, ""move_vy"": 5.8, ""kick_power"": 0.0, ""kick_dir"": null}, {""move_vx"": -4.242640687119285, ""move_vy"": 4.242640687119285, ""kick_power"": 0.0, ""kick_dir"": null}, {""move_vx"": -5.754408589429794, ""move_vy"": -1.6990532027857763, ""kick_power"": 0.0, ""kick_dir"": null}, {""move_vx"": -4.242640687119285, ""move_vy"": -4.242640687119285, ""kick_power"": 0.0, ""kick_dir"": null}, {""move_vx"": -3.5982434739134823, ""move_vy"": 4.497804342391857, ""kick_power"": 0.0, ""kick_dir"": null}, {""move_vx"": -5.4, ""move_vy"": 0.0, ""kick_power"": 0.0, ""kick_dir"": null}, {""move_vx"": -4.335838985758399, ""move_vy"": -5.1340919634904845, ""kick_power"": 0.0, ""kick_dir"": null}]"
1968,9,default,default,0,50.0,37.5,-1,,,-0.026095854544163126,0.009130697333824508,0.0172269100642598,"[{""move_vx"": -3.5355339059327373, ""move_vy"": 3.5355339059327373, ""kick_power"": 0.0, ""kick_dir"": null}, {""move_vx"": -5.8, ""move_vy"": 0.0, ""kick_power"": 0.0, ""kick_dir"": null}, {""move_vx"": 6.3863568121232035, ""move_vy"": 1.0976550770836677, ""kick_power"": 0.0, ""kick_dir"": null}, {""move_vx"": 0.0, ""move_vy"": 0.0, ""kick_power"": 0.9, ""kick_dir"": [0.5559759903538891, 0.8311982864416656]}, {""move_vx"": 5.796618031075711, ""move_vy"": -0.19803888963521793, ""kick_power"": 0.0, ""kick_dir"": null}, {""move_vx"": 5.029703768613021, ""move_vy"": 2.2004953987681914, ""kick_power"": 0.0, ""kick_dir"": null}, {""move_vx"": 4.242640687119285, ""move_vy"": 4.242640687119285, ""kick_power"": 0.0, ""kick_dir"": null}, {""move_vx"": 0.0, ""move_vy"": 0.0, ""kick_power"": 0.4, ""kick_dir"": [0.14146379541229126, 0.989943326450823]}, {""move_vx"": 0.0, ""move_vy"": -6.1, ""kick_power"": 0.0, ""kick_dir"": null}, {""move_vx"": -4.242640687119285, ""move_vy"": 4.242640687119285, ""kick_power"": 0.0, ""kick_dir"": null}, {""move_vx"": 5.3909055151631184, ""move_vy"": -2.6340344960884368, ""kick_power"": 0.0, ""kick_dir"": null}, {""move_vx"": -6.499994804483689, ""move_vy"": -0.008218374842922175, ""kick_power"": 0.0, ""kick_dir"": null}, {""move_vx"": -0.0, ""move_vy"": 5.8, ""kick_power"": 0.0, ""kick_dir"": null}, {""move_vx"": -5.175053302762818, ""move_vy"": 1.5423434486403003, ""kick_power"": 0.0, ""kick_dir"": null}, {""move_vx"": -4.488113080615358, ""move_vy"": -0.9617385172744826, ""kick_power"": 0.0, ""kick_dir"": null}, {""move_vx"": -0.0, ""move_vy"": 5.8, ""kick_power"": 0.0, ""kick_dir"": null}, {""move_vx"": -4.242640687119285, ""move_vy"": 4.242640687119285, ""kick_power"": 0.0, ""kick_dir"": null}, {""move_vx"": -5.7544085894297945, ""move_vy"": -1.6990532027857757, ""kick_power"": 0.0, ""kick_dir"": null}, {""move_vx"": -4.242640687119285, ""move_vy"": -4.242640687119285, ""kick_power"": 0.0, ""kick_dir"": null}, {""move_vx"": -3.5982434739134823, ""move_vy"": 4.497804342391857, ""kick_power"": 0.0, ""kick_dir"": null}, {""move_vx"": -5.4, ""move_vy"": 0.0, ""kick_power"": 0.0, ""kick_dir"": null}, {""move_vx"": -0.0, ""move_vy"": 0.0, ""kick_power"": 1.0, ""kick_dir"": [-0.9810385075349706, -0.1938128324935254]}]"
1968,10,default,default,0,50.0,37.5,-1,,,-0.026553798063814707,0.014920388622013768,0.015271033484369888,"[{""move_vx"": 0.0, ""move_vy"": 0.0, ""kick_power"": 0.0, ""kick_dir"": null}, {""move_vx"": 0.0, ""move_vy"": 0.0, ""kick_power"": 0.0, ""kick_dir"": null}, {""move_vx"": 6.3863568121232035, ""move_vy"": 1.0976550770836666, ""kick_power"": 0.0, ""kick_dir"": null}, {""move_vx"": 0.0, ""move_vy"": 0.0, ""kick_power"": 0.9, ""kick_dir"": [0.5450598677861662, 0.8383970617487702]}, {""move_vx"": 5.7966180310757105, ""move_vy"": -0.19803888963521826, ""kick_power"": 0.0, ""kick_dir"": null}, {""move_vx"": 0.0, ""move_vy"": 0.0, ""kick_power"": 0.65, ""kick_dir"": [-0.9977151351610248, -0.06756039320070482]}, {""move_vx"": 4.242640687119285, ""move_vy"": 4.242640687119285, ""kick_power"": 0.0, ""kick_dir"": null}, {""move_vx"": 0.0, ""move_vy"": 0.0, ""kick_power"": 0.4, ""kick_dir"": [0.14754972270344496, 0.989054531109207]}, {""move_vx"": 0.0, ""move_vy"": -6.1, ""kick_power"": 0.0, ""kick_dir"": null}, {""move_vx"": -4.242640687119285, ""move_vy"": 4.242640687119285, ""kick_power"": 0.0, ""kick_dir"": null}, {""move_vx"": 5.3909055151631184, ""move_vy"": -2.634034496088437, ""kick_power"": 0.0, ""kick_dir"": null}, {""move_vx"": -4.716749256394254, ""move_vy"": -0.5610494205542375, ""kick_power"": 0.0, ""kick_dir"": null}, {""move_vx"": -0.0, ""move_vy"": 5.8, ""kick_power"": 0.0, ""kick_dir"": null}, {""move_vx"": -5.175053302762818, ""move_vy"": 1.5423434486403007, ""kick_power"": 0.0, ""kick_dir"": null}, {""move_vx"": 4.488113080615338, ""move_vy"": 0.9617385172745755, ""kick_power"": 0.0, ""kick_dir"": null}, {""move_vx"": -0.0, ""move_vy"": 5.8, ""kick_power"": 0.0, ""kick_dir"": null}, {""move_vx"": -4.242640687119285, ""move_vy"": 4.242640687119285, ""kick_power"": 0.0, ""kick_dir"": null}, {""move_vx"": -5.7544085894297945, ""move_vy"": -1.699053202785775, ""kick_power"": 0.0, ""kick_dir"": null}, {""move_vx"": -4.242640687119285, ""move_vy"": -4.242640687119285, ""kick_power"": 0.0, ""kick_dir"": null}, {""move_vx"": -3.5982434739134823, ""move_vy"": 4.497804342391857, ""kick_power"": 0.0, ""kick_dir"": null}, {""move_vx"": -5.4, ""move_vy"": 0.0, ""kick_power"": 0.0, ""kick_dir"": null}, {""move_vx"": -4.335838985758403, ""move_vy"": -5.134091963490483, ""kick_power"": 0.0, ""kick_dir"": null}]"
1968,11,default,default,0,50.0,37.5,20,B,,-0.02700843394188152,0.012324398377105392,2.76581593111443,"[{""move_vx"": 0.0, ""move_vy"": 0.0, ""kick_power"": 0.0, ""kick_dir"": null}, {""move_vx"": -5.8, ""move_vy"": 0.0, ""kick_power"": 0.0, ""kick_dir"": null}, {""move_vx"": 6.386356812123204, ""move_vy"": 1.0976550770836655, ""kick_power"": 0.0, ""kick_dir"": null}, {""move_vx"": 0.0, ""move_vy"": 0.0, ""kick_power"": 0.9, ""kick_dir"": [0.5339246935988566, 0.8455319707637303]}, {""move_vx"": 5.79661803107571, ""move_vy"": -0.19803888963521857, ""kick_power"": 0.0, ""kick_dir"": null}, {""move_vx"": 4.313351365237939, ""move_vy"": 4.313351365237939, ""kick_power"": 0.0, ""kick_dir"": null}, {""move_vx"": 4.242640687119285, ""move_vy"": 4.242640687119285, ""kick_power"": 0.0, ""kick_dir"": null}, {""move_vx"": 0.0, ""move_vy"": 0.0, ""kick_power"": 0.4, ""kick_dir"": [0.1541761948379442, 0.9880432569073186]}, {""move_vx"": 0.0, ""move_vy"": -6.1, ""kick_power"": 0.0, ""kick_dir"": null}, {""move_vx"": -4.242640687119285, ""move_vy"": 4.242640687119285, ""kick_power"": 0.0, ""kick_dir"": null}, {""move_vx"": 5.390905515163118, ""move_vy"": -2.634034496088437, ""kick_power"": 0.0, ""kick_dir"": null}, {""move_vx"": -6.499999419972116, ""move_vy"": -0.0027459719876523846, ""kick_power"": 0.0, ""kick_dir"": null}, {""move_vx"": -0.0, ""move_vy"": 5.8, ""kick_power"": 0.0, ""kick_dir"": null}, {""move_vx"": -5.175053302762818, ""move_vy"": 1.5423434486403012, ""kick_power"": 0.0, ""kick_dir"": null}, {""move_vx"": -4.488113080615358, ""move_vy"": -0.9617385172744826, ""kick_power"": 0.0, ""kick_dir"": null}, {""move_vx"": -0.0, ""move_vy"": 5.8, ""kick_power"": 0.0, ""kick_dir"": null}, {""move_vx"": -4.242640687119285, ""move_vy"": 4.242640687119285, ""kick_power"": 0.0, ""kick_dir"": null}, {""move_vx"": -5.754408589429795, ""move_vy"": -1.6990532027857745, ""kick_power"": 0.0, ""kick_dir"": null}, {""move_vx"": -4.242640687119285, ""move_vy"": -4.242640687119285, ""kick_power"": 0.0, ""kick_dir"": null}, {""move_vx"": -3.5982434739134823, ""move_vy"": 4.497804342391857, ""kick_power"": 0.0, ""kick_dir"": null}, {""move_vx"": -5.4, ""move_vy"": 0.0, ""kick_power"": 0.0, ""kick_dir"": null}, {""move_vx"": -0.0, ""move_vy"": 0.0, ""kick_power"": 1.0, ""kick_dir"": [-0.9819195826416767, -0.18929844252570843]}]"
1968,12,default,default,0,49.96,37.5,20,B,,-0.026959751177252342,0.02415001844904952,0.32199709727610293,"[{""move_vx"": 3.2820935309190276, ""move_vy"": -2.7000670462600502, ""kick_power"": 0.0, ""kick_dir"": null}, {""move_vx"": 6.77135567899814, ""move_vy"": 3.3166763888717914, ""kick_power"": 0.0, ""kick_dir"": null}, {""move_vx"": 3.8183766184073566, ""move_vy"": 3.8183766184073566, ""kick_power"": 0.0, ""kick_dir"": null}, {""move_vx"": 0.0, ""move_vy"": 0.0, ""kick_power"": 0.0, ""kick_dir"": null}, {""move_vx"": 5.174151687983738, ""move_vy"": -2.6207163733863, ""kick_power"": 0.0, ""kick_dir"": null}, {""move_vx"": 6.1, ""move_vy"": 0.0, ""kick_power"": 0.0, ""kick_dir"": null}, {""move_vx"": 4.242640687119285, ""move_vy"": 4.242640687119285, ""kick_power"": 0.0, ""kick_dir"": null}, {""move_vx"": 0.0, ""move_vy"": 6.0, ""kick_power"": 0.0, ""kick_dir"": null}, {""move_vx"": 0.0, ""move_vy"": -6.1, ""kick_power"": 0.0, ""kick_dir"": null}, {""move_vx"": 7.194092832994085, ""move_vy"": 0.2915961424009654, ""kick_power"": 0.0, ""kick_dir"": null}, {""move_vx"": 3.7122250855726624, ""move_vy"": -4.32543465030337, ""kick_power"": 0.0, ""kick_dir"": null}, {""move_vx"": -4.499999911775378, ""move_vy"": -0.0008910788922728578, ""kick_power"": 0.0, ""kick_dir"": null}, {""move_vx"": -4.890209223501608, ""move_vy"": 2.5388882902522107, ""kick_power"": 0.0, ""kick_dir"": null}, {""move_vx"": -5.175053302762818, ""move_vy"": 1.5423434486403018, ""kick_power"": 0.0, ""kick_dir"": null}, {""move_vx"": -5.136016446486001, ""move_vy"": -1.6677335103143194, ""kick_power"": 0.0, ""kick_dir"": null}, {""move_vx"": -6.685912031384057, ""move_vy"": -1.9339545776966678, ""kick_power"": 0.0, ""kick_dir"": null}, {""move_vx"": -5.3932209622290745, ""move_vy"": 2.6292903324990364, ""kick_power"": 0.0, ""kick_dir"": null}, {""move_vx"": -5.754408589429795, ""move_vy"": -1.699053202785774, ""kick_power"": 0.0, ""kick_dir"": null}, {""move_vx"": -4.959974369014367, ""move_vy"": -3.8844117004664342, ""kick_power"": 0.0, ""kick_dir"": null}, {""move_vx"": -4.197950719565729, ""move_vy"": 5.247438399457166, ""kick_power"": 0.0, ""kick_dir"": null}, {""move_vx"": -7.199999999999999, ""move_vy"": 0.0, ""kick_power"": 0.0, ""kick_dir"": null}, {""move_vx"": -4.335838985758402, ""move_vy"": -5.134091963490483, ""kick_power"": 0.0, ""kick_dir"": null}]"
1968,13,default,default,0,49.48,37.5,20,B,,-0.023110649288351583,0.0504861612116784,0.3046043237924671,"[{""move_vx"": 0.0, ""move_vy"": 0.0, ""kick_power"": 0.0, ""kick_dir"": null}, {""move_vx"": 6.769861557741044, ""move_vy"": 3.319725062263438, ""kick_power"": 0.0, ""kick_dir"": null}, {""move_vx"": 3.8183766184073566, ""move_vy"": 3.8183766184073566, ""kick_power"": 0.0, ""kick_dir"": null}, {""move_vx"": 0.0, ""move_vy"": 0.0, ""kick_power"": 0.9, ""kick_dir"": [-0.9542304120354106, -0.299072250473526]}, {""move_vx"": 5.174151687983737, ""move_vy"": -2.6207163733863004, ""kick_power"": 0.0, ""kick_dir"": null}, {""move_vx"": -4.313351365237939, ""move_vy"": 4.313351365237939, ""kick_power"": 0.0, ""kick_dir"": null}, {""move_vx"": 4.242640687119285, ""move_vy"": 4.242640687119285, ""kick_power"": 0.0, ""kick_dir"": null}, {""move_vx"": 0.0, ""move_vy"": 6.0, ""kick_power"": 0.0, ""kick_dir"": null}, {""move_vx"": 0.0, ""move_vy"": -6.1, ""kick_power"": 0.0, ""kick_dir"": null}, {""move_vx"": 7.194092832994086, ""move_vy"": 0.2915961424009651, ""kick_power"": 0.0, ""kick_dir"": null}, {""move_vx"": 3.703846979605059, ""move_vy"": -4.332610939337903, ""kick_power"": 0.0, ""kick_dir"": null}, {""move_vx"": -4.49999991222196, ""move_vy"": -0.0008888207637299446, ""kick_power"": 0.0, ""kick_dir"": null}, {""move_vx"": -0.0, ""move_vy"": 0.0, ""kick_power"": 0.4, ""kick_dir"": [-0.9867001383333974, 0.16255095436050904]}, {""move_vx"": -0.0, ""move_vy"": -5.4, ""kick_power"": 0.0, ""kick_dir"": null}, {""move_vx"": -5.136016446486001, ""move_vy"": -1.6677335103143194, ""kick_power"": 0.0, ""kick_dir"": null}, {""move_vx"": -6.685912031384057, ""move_vy"": -1.9339545776966678, ""kick_power"": 0.0, ""kick_dir"": null}, {""move_vx"": -5.3932209622290745, ""move_vy"": 2.6292903324990373, ""kick_power"": 0.0, ""kick_dir"": null}, {""move_vx"": -5.691459571415205, ""move_vy"": 1.8992861677341448, ""kick_power"": 0.0, ""kick_dir"": null}, {""move_vx"": -4.966434076726268, ""move_vy"": -3.8761491923727753, ""kick_power"": 0.0, ""kick_dir"": null}, {""move_vx"": -4.232367977667378, ""move_vy"": 5.219718507890608, ""kick_power"": 0.0, ""kick_dir"": null}, {""move_vx"": -7.199999999999999, ""move_vy"": 0.0, ""kick_power"": 0.0, ""kick_dir"": null}, {""move_vx"": -6.4, ""move_vy"": 0.0, ""kick_power"": 0.0, ""kick_dir"": null}]"
1968,14,default,default,0,48.99999999999999,37.5,20,B,,-0.01971445338791894,0.052381690825239524,0.31333335366056775,"[{""move_vx"": 0.0, ""move_vy"": 5.0, ""kick_power"": 0.0, ""kick_dir"": null}, {""move_vx"": 6.751364268108372, ""move_vy"": 3.357183420563958, ""kick_power"": 0.0, ""kick_dir"": null}, {""move_vx"": 3.8183766184073566, ""move_vy"": 3.8183766184073566, ""kick_power"": 0.0, ""kick_dir"": null}, {""move_vx"": 0.0, ""move_vy"": 0.0, ""kick_power"": 0.9, ""kick_dir"": [-0.9542269606109818, -0.29908326488697656]}, {""move_vx"": 5.174151687983737, ""move_vy"": -2.6207163733863004, ""kick_power"": 0.0, ""kick_dir"": null}, {""move_vx"": 6.1, ""move_vy"": 0.0, ""kick_power"": 0.0, ""kick_dir"": null}, {""move_vx"": 4.242640687119285, ""move_vy"": 4.242640687119285, ""kick_power"": 0.0, ""kick_dir"": null}, {""move_vx"": 0.0, ""move_vy"": 0.0, ""kick_power"": 0.9, ""kick_dir"": [0.1982165199870773, 0.9801581117134468]}, {""move_vx"": 0.0, ""move_vy"": -6.1, ""kick_power"": 0.0, ""kick_dir"": null}, {""move_vx"": 7.194092832994086, ""move_vy"": 0.2915961424009647, ""kick_power"": 0.0, ""kick_dir"": null}, {""move_vx"": 3.597343002846923, ""move_vy"": -4.421439055315393, ""kick_power"": 0.0, ""kick_dir"": null}, {""move_vx"": -4.4999999126665635, ""move_vy"": -0.000886566929735802, ""kick_power"": 0.0, ""kick_dir"": null}, {""move_vx"": -4.897419495269186, ""move_vy"": 2.524951937633133, ""kick_power"": 0.0, ""kick_dir"": null}, {""move_vx"": -5.167714672298701, ""move_vy"": 1.5667562240848871, ""kick_power"": 0.0, ""kick_dir"": null}, {""move_vx"": -5.136016446486001, ""move_vy"": -1.6677335103143194, ""kick_power"": 0.0, ""kick_dir"": null}, {""move_vx"": -6.685912031384058, ""move_vy"": -1.933954577696668, ""kick_power"": 0.0, ""kick_dir"": null}, {""move_vx"": -5.3932209622290745, ""move_vy"": 2.6292903324990373, ""kick_power"": 0.0, ""kick_dir"": null}, {""move_vx"": -5.747206211374101, ""move_vy"": -1.723258762909087, ""kick_power"": 0.0, ""kick_dir"": null}, {""move_vx"": -5.042913344986968, ""move_vy"": -3.776112418209018, ""kick_power"": 0.0, ""kick_dir"": null}, {""move_vx"": -4.402932936558676, ""move_vy"": 5.076670321792307, ""kick_power"": 0.0, ""kick_dir"": null}, {""move_vx"": -7.199999999999999, ""move_vy"": 0.0, ""kick_power"": 0.0, ""kick_dir"": null}, {""move_vx"": -4.375980411857769, ""move_vy"": -5.0999211204720725, ""kick_power"": 0.0, ""kick_dir"": null}]"
1968,15,default,default,0,48.51999999999999,37.5,20,B,,-0.015876758583764687,0.04776370522434506,0.31303303517529996,"[{""move_vx"": 0.0, ""move_vy"": 0.0, ""kick_power"": 0.0, ""kick_dir"": null}, {""move_vx"": 6.731971042443564, ""move_vy"": 3.3959042807036406, ""kick_power"": 0.0, ""kick_dir"": null}, {""move_vx"": 3.8183766184073566, ""move_vy"": 3.8183766184073566, ""kick_power"": 0.0, ""kick_dir"": null}, {""move_vx"": 0.0, ""move_vy"": 0.0, ""kick_power"": 0.9, ""kick_dir"": [-0.9610280393298793, -0.2764507191982322]}, {""move_vx"": 5.174151687983738, ""move_vy"": -2.6207163733863013, ""kick_power"": 0.0, ""kick_dir"": null}, {""move_vx"": -4.313351365237939, ""move_vy"": 4.313351365237939, ""kick_power"": 0.0, ""kick_dir"": null}, {""move_vx"": 4.242640687119285, ""move_vy"": 4.242640687119285, ""kick_power"": 0.0, ""kick_dir"": null}, {""move_vx"": -6.0, ""move_vy"": 0.0, ""kick_power"": 0.0, ""kick_dir"": null}, {""move_vx"": 0.0, ""move_vy"": -6.1, ""kick_power"": 0.0, ""kick_dir"": null}, {""move_vx"": 7.194092832994086, ""move_vy"": 0.2915961424009644, ""kick_power"": 0.0, ""kick_dir"": null}, {""move_vx"": 3.48115376378967, ""move_vy"": -4.513487395889459, ""kick_power"": 0.0, ""kick_dir"": null}, {""move_vx"": -4.499999913109195, ""move_vy"": -0.000884317384842556, ""kick_power"": 0.0, ""kick_dir"": null}, {""move_vx"": -4.910463586552906, ""move_vy"": 2.499489420889388, ""kick_power"": 0.0, ""kick_dir"": null}, {""move_vx"": -0.0, ""move_vy"": 0.0, ""kick_power"": 0.4, ""kick_dir"": [-0.9982475397377484, 0.059176208713693994]}, {""move_vx"": -5.136016446486, ""move_vy"": -1.6677335103143194, ""kick_power"": 0.0, ""kick_dir"": null}, {""move_vx"": -6.685912031384058, ""move_vy"": -1.9339545776966685, ""kick_power"": 0.0, ""kick_dir"": null}, {""move_vx"": -5.3932209622290745, ""move_vy"": 2.6292903324990373, ""kick_power"": 0.0, ""kick_dir"": null}, {""move_vx"": -5.7472062113741, ""move_vy"": -1.7232587629090879, ""kick_power"": 0.0, ""kick_dir"": null}, {""move_vx"": -5.115641605101412, ""move_vy"": -3.6769839499453147, ""kick_power"": 0.0, ""kick_dir"": null}, {""move_vx"": -4.566011044136866, ""move_vy"": 4.930511448604513, ""kick_power"": 0.0, ""kick_dir"": null}, {""move_vx"": -7.199999999999999, ""move_vy"": 0.0, ""kick_power"": 0.0, ""kick_dir"": null}, {""move_vx"": -6.4, ""move_vy"": 0.0, ""kick_power"": 0.0, ""kick_dir"": null}]"
1968,16,default,default,0,48.039999999999985,37.5,20,B,,-0.01203430926380843,0.05077304307440398,0.3177950784740802,"[{""move_vx"": 0.0, ""move_vy"": 0.0, ""kick_power"": 0.0, ""kick_dir"": null}, {""move_vx"": 6.711616258804881, ""move_vy"": 3.435957973338145, ""kick_power"": 0.0, ""kick_dir"": null}, {""move_vx"": 0.0, ""move_vy"": 5.4, ""kick_power"": 0.0, ""kick_dir"": null}, {""move_vx"": 0.0, ""move_vy"": 0.0, ""kick_power"": 0.9, ""kick_dir"": [-0.9607634167428736, -0.27736897984619413]}, {""move_vx"": 5.174151687983737, ""move_vy"": -2.620716373386301, ""kick_power"": 0.0, ""kick_dir"": null}, {""move_vx"": 6.1, ""move_vy"": 0.0, ""kick_power"": 0.0, ""kick_dir"": null}, {""move_vx"": 4.242640687119285, ""move_vy"": 4.242640687119285, ""kick_power"": 0.0, ""kick_dir"": null}, {""move_vx"": 0.0, ""move_vy"": -6.0, ""kick_power"": 0.0, ""kick_dir"": null}, {""move_vx"": 0.0, ""move_vy"": -6.1, ""kick_power"": 0.0, ""kick_dir"": null}, {""move_vx"": 7.194092832994086, ""move_vy"": 0.29159614240096404, ""kick_power"": 0.0, ""kick_dir"": null}, {""move_vx"": 3.354132629801666, ""move_vy"": -4.608665132302384, ""kick_power"": 0.0, ""kick_dir"": null}, {""move_vx"": -4.499999913549862, ""move_vy"": -0.0008820721236054137, ""kick_power"": 0.0, ""kick_dir"": null}, {""move_vx"": -4.923227464561602, ""move_vy"": 2.4742536919617475, ""kick_power"": 0.0, ""kick_dir"": null}, {""move_vx"": -5.166468779528436, ""move_vy"": 1.5708597487229592, ""kick_power"": 0.0, ""kick_dir"": null}, {""move_vx"": -5.136016446486001, ""move_vy"": -1.6677335103143194, ""kick_power"": 0.0, ""kick_dir"": null}, {""move_vx"": -6.685912031384057, ""move_vy"": -1.933954577696668, ""kick_power"": 0.0, ""kick_dir"": null}, {""move_vx"": -5.3932209622290745, ""move_vy"": 2.6292903324990378, ""kick_power"": 0.0, ""kick_dir"": null}, {""move_vx"": -5.747206211374101, ""move_vy"": -1.7232587629090887, ""kick_power"": 0.0, ""kick_dir"": null}, {""move_vx"": -5.184715850669383, ""move_vy"": -3.5789274298059843, ""kick_power"": 0.0, ""kick_dir"": null}, {""move_vx"": -4.721350672767927, ""move_vy"": 4.781971123370974, ""kick_power"": 0.0, ""kick_dir"": null}, {""move_vx"": -7.199999999999999, ""move_vy"": 0.0, ""kick_power"": 0.0, ""kick_dir"": null}, {""move_vx"": -4.515445705823512, ""move_vy"": -4.976861468612523, ""kick_power"": 0.0, ""kick_dir"": null}]"
1968,17,default,default,0,47.55999999999998,37.5,20,B,,-0.008186998108604676,0.04682980354561327,0.3196345118072387,"[{""move_vx"": 0.0, ""move_vy"": 0.0, ""kick_power"": 0.0, ""kick_dir"": null}, {""move_vx"": 6.690227824425503, ""move_vy"": 3.477420258939492, ""kick_power"": 0.0, ""kick_dir"": null}, {""move_vx"": 0.0, ""move_vy"": 5.4, ""kick_power"": 0.0, ""kick_dir"": null}, {""move_vx"": 0.0, ""move_vy"": 0.0, ""kick_power"": 0.9, ""kick_dir"": [0.18642015624954897, 0.9824700268477039]}, {""move_vx"": 5.174151687983736, ""move_vy"": -2.6207163733863017, ""kick_power"": 0.0, ""kick_dir"": null}, {""move_vx"": -4.313351365237939, ""move_vy"": 4.313351365237939, ""kick_power"": 0.0, ""kick_dir"": null}, {""move_vx"": 4.242640687119285, ""move_vy"": 4.242640687119285, ""kick_power"": 0.0, ""kick_dir"": null}, {""move_vx"": 0.0, ""move_vy"": 0.0, ""kick_power"": 0.9, ""kick_dir"": [0.28423519898115285, 0.9587544171033856]}, {""move_vx"": 0.0, ""move_vy"": -6.1, ""kick_power"": 0.0, ""kick_dir"": null}, {""move_vx"": 7.194092832994085, ""move_vy"": 0.2915961424009636, ""kick_power"": 0.0, ""kick_dir"": null}, {""move_vx"": 3.214987213382286, ""move_vy"": -4.706788418634133, ""kick_power"": 0.0, ""kick_dir"": null}, {""move_vx"": -4.499999913988573, ""move_vy"": -0.0008798311405826729, ""kick_power"": 0.0, ""kick_dir"": null}, {""move_vx"": -4.935716554081067, ""move_vy"": 2.4492452098085495, ""kick_power"": 0.0, ""kick_dir"": null}, {""move_vx"": -5.166468779528436, ""move_vy"": 1.5708597487229594, ""kick_power"": 0.0, ""kick_dir"": null}, {""move_vx"": -5.136016446486001, ""move_vy"": -1.6677335103143194, ""kick_power"": 0.0, ""kick_dir"": null}, {""move_vx"": -6.685912031384057, ""move_vy"": -1.9339545776966685, ""kick_power"": 0.0, ""kick_dir"": null}, {""move_vx"": -5.3932209622290745, ""move_vy"": 2.629290332499038, ""kick_power"": 0.0, ""kick_dir"": null}, {""move_vx"": -5.7472062113741, ""move_vy"": -1.7232587629090896, ""kick_power"": 0.0, ""kick_dir"": null}, {""move_vx"": -5.250241845571137, ""move_vy"": -3.482091406470224, ""kick_power"": 0.0, ""kick_dir"": null}, {""move_vx"": -5.722108523213182, ""move_vy"": 2.866613690152733, ""kick_power"": 0.0, ""kick_dir"": null}, {""move_vx"": -7.199999999999999, ""move_vy"": 0.0, ""kick_power"": 0.0, ""kick_dir"": null}, {""move_vx"": -4.6360703477807785, ""move_vy"": -4.864694412851421, ""kick_power"": 0.0, ""kick_dir"": null}]"
1968,18,default,default,0,47.07999999999998,37.5,20,B,,-0.004334791056940342,0.03948665177784077,0.317362555557464,"[{""move_vx"": 0.0, ""move_vy"": 0.0, ""kick_power"": 0.0, ""kick_dir"": null}, {""move_vx"": -4.1012193308819755, ""move_vy"": 4.1012193308819755, ""kick_power"": 0.0, ""kick_dir"": null}, {""move_vx"": 0.0, ""move_vy"": 5.4, ""kick_power"": 0.0, ""kick_dir"": null}, {""move_vx"": 0.0, ""move_vy"": 0.0, ""kick_power"": 0.9, ""kick_dir"": [0.1953402479742944, 0.9807354455569447]}, {""move_vx"": 5.174151687983736, ""move_vy"": -2.6207163733863017, ""kick_power"": 0.0, ""kick_dir"": null}, {""move_vx"": 6.1, ""move_vy"": 0.0, ""kick_power"": 0.0, ""kick_dir"": null}, {""move_vx"": 4.242640687119285, ""move_vy"": 4.242640687119285, ""kick_power"": 0.0, ""kick_dir"": null}, {""move_vx"": 0.0, ""move_vy"": 0.0, ""kick_power"": 0.9, ""kick_dir"": [0.30304639455147453, 0.95297562522325]}, {""move_vx"": 0.0, ""move_vy"": -6.1, ""kick_power"": 0.0, ""kick_dir"": null}, {""move_vx"": 7.194092832994086, ""move_vy"": 0.2915961424009633, ""kick_power"": 0.0, ""kick_dir"": null}, {""move_vx"": 3.0622668503648325, ""move_vy"": -4.8075484123570345, ""kick_power"": 0.0, ""kick_dir"": null}, {""move_vx"": -4.499999914425334, ""move_vy"": -0.0008775944303357321, ""kick_power"": 0.0, ""kick_dir"": null}, {""move_vx"": -4.947936218352223, ""move_vy"": 2.4244643076602097, ""kick_power"": 0.0, ""kick_dir"": null}, {""move_vx"": -5.166468779528436, ""move_vy"": 1.57085974872296, ""kick_power"": 0.0, ""kick_dir"": null}, {""move_vx"": -5.136016446486001, ""move_vy"": -1.6677335103143194, ""kick_power"": 0.0, ""kick_dir"": null}, {""move_vx"": -6.685912031384058, ""move_vy"": -1.9339545776966685, ""kick_power"": 0.0, ""kick_dir"": null}, {""move_vx"": -5.393220962229074, ""move_vy"": 2.629290332499038, ""kick_power"": 0.0, ""kick_dir"": null}, {""move_vx"": -5.7472062113741, ""move_vy"": -1.7232587629090905, ""kick_power"": 0.0, ""kick_dir"": null}, {""move_vx"": -4.547160111854511, ""move_vy"": -3.4370532316446982, ""kick_power"": 0.0, ""kick_dir"": null}, {""move_vx"": -0.0, ""move_vy"": 0.0, ""kick_power"": 0.65, ""kick_dir"": [0.9828608428146297, -0.18434840927554266]}, {""move_vx"": -7.199999999999999, ""move_vy"": 0.0, ""kick_power"": 0.0, ""kick_dir"": null}, {""move_vx"": -4.752175841033965, ""move_vy"": -4.7513392612918235, ""kick_power"": 0.0, ""kick_dir"": null}]"
1968,19,default,default,0,46.59999999999997,37.5,20,B,,-0.00047773338828484497,0.039859684467277084,0.32036852616205697,"[{""move_vx"": 0.0, ""move_vy"": 0.0, ""kick_power"": 0.0, ""kick_dir"": null}, {""move_vx"": 6.68266354697976, ""move_vy"": 3.491934695533107, ""kick_power"": 0.0, ""kick_dir"": null}, {""move_vx"": 0.0, ""move_vy"": 5.4, ""kick_power"": 0.0, ""kick_dir"": null}, {""move_vx"": 0.0, ""move_vy"": 0.0, ""kick_power"": 0.9, ""kick_dir"": [0.20441711548230143, 0.9788837867035135]}, {""move_vx"": 5.174151687983737, ""move_vy"": -2.6207163733863026, ""kick_power"": 0.0, ""kick_dir"": null}, {""move_vx"": -4.313351365237939, ""move_vy"": 4.313351365237939, ""kick_power"": 0.0, ""kick_dir"": null}, {""move_vx"": 4.242640687119285, ""move_vy"": 4.242640687119285, ""kick_power"": 0.0, ""kick_dir"": null}, {""move_vx"": 0.0, ""move_vy"": 0.0, ""kick_power"": 0.9, ""kick_dir"": [0.3243704260246254, 0.9459299457585901]}, {""move_vx"": 0.0, ""move_vy"": -6.1, ""kick_power"": 0.0, ""kick_dir"": null}, {""move_vx"": 7.194092832994086, ""move_vy"": 0.29159614240096293, ""kick_power"": 0.0, ""kick_dir"": null}, {""move_vx"": 0.0, ""move_vy"": 0.0, ""kick_power"": 0.0, ""kick_dir"": null}, {""move_vx"": -4.499999914860154, ""move_vy"": -0.0008753619874304557, ""kick_power"": 0.0, ""kick_dir"": null}, {""move_vx"": -4.959891757112208, ""move_vy"": 2.3999111978842826, ""kick_power"": 0.0, ""kick_dir"": null}, {""move_vx"": -0.0, ""move_vy"": 0.0, ""kick_power"": 0.0, ""kick_dir"": null}, {""move_vx"": -5.136016446486001, ""move_vy"": -1.6677335103143194, ""kick_power"": 0.0, ""kick_dir"": null}, {""move_vx"": -6.685912031384057, ""move_vy"": -1.9339545776966685, ""kick_power"": 0.0, ""kick_dir"": null}, {""move_vx"": -5.393220962229074, ""move_vy"": 2.629290332499038, ""kick_power"": 0.0, ""kick_dir"": null}, {""move_vx"": -5.7472062113741, ""move_vy"": -1.72325876290909, ""kick_power"": 0.0, ""kick_dir"": null}, {""move_vx"": -5.377707317740887, ""move_vy"": -3.281808038980362, ""kick_power"": 0.0, ""kick_dir"": null}, {""move_vx"": -6.284181436251341, ""move_vy"": -1.2120493703946373, ""kick_power"": 0.0, ""kick_dir"": null}, {""move_vx"": -7.199999999999999, ""move_vy"": 0.0, ""kick_power"": 0.0, ""kick_dir"": null}, {""move_vx"": -6.4, ""move_vy"": 0.0, ""kick_power"": 0.0, ""kick_dir"": null}]"
1968,20,default,default,0,46.11999999999997,37.5,20,B,,0.003384048564431353,0.030999751511086172,0.3249383708666003,"[{""move_vx"": 0.0, ""move_vy"": 0.0, ""kick_power"": 0.0, ""kick_dir"": null}, {""move_vx"": -4.1012193308819755, ""move_vy"": 4.1012193308819755, ""kick_power"": 0.0, ""kick_dir"": null}, {""move_vx"": 0.0, ""move_vy"": 5.4, ""kick_power"": 0.0, ""kick_dir"": null}, {""move_vx"": 0.0, ""move_vy"": 0.0, ""kick_power"": 0.9, ""kick_dir"": [0.1399377976710119, -0.9901601811700886]}, {""move_vx"": 5.174151687983736, ""move_vy"": -2.620716373386302, ""kick_power"": 0.0, ""kick_dir"": null}, {""move_vx"": 6.1, ""move_vy"": 0.0, ""kick_power"": 0.0, ""kick_dir"": null}, {""move_vx"": 4.242640687119285, ""move_vy"": 4.242640687119285, ""kick_power"": 0.0, ""kick_dir"": null}, {""move_vx"": 0.0, ""move_vy"": 0.0, ""kick_power"": 0.9, ""kick_dir"": [0.3487048053247967, 0.9372323975223013]}, {""move_vx"": -4.313351365237939, ""move_vy"": -4.313351365237939, ""kick_power"": 0.0, ""kick_dir"": null}, {""move_vx"": 7.194092832994086, ""move_vy"": 0.29159614240096254, ""kick_power"": 0.0, ""kick_dir"": null}, {""move_vx"": 2.7156374065157407, ""move_vy"": -5.011518081014221, ""kick_power"": 0.0, ""kick_dir"": null}, {""move_vx"": -6.499999521667211, ""move_vy"": -0.002493657160175544, ""kick_power"": 0.0, ""kick_dir"": null}, {""move_vx"": -4.971588404824581, ""move_vy"": 2.3755859767673693, ""kick_power"": 0.0, ""kick_dir"": null}, {""move_vx"": -5.16417629840038, ""move_vy"": 1.5783799159390444, ""kick_power"": 0.0, ""kick_dir"": null}, {""move_vx"": -5.136016446486, ""move_vy"": -1.667733510314319, ""kick_power"": 0.0, ""kick_dir"": null}, {""move_vx"": -6.685912031384057, ""move_vy"": -1.933954577696669, ""kick_power"": 0.0, ""kick_dir"": null}, {""move_vx"": -5.393220962229074, ""move_vy"": 2.6292903324990387, ""kick_power"": 0.0, ""kick_dir"": null}, {""move_vx"": -5.7472062113741, ""move_vy"": -1.723258762909091, ""kick_power"": 0.0, ""kick_dir"": null}, {""move_vx"": -4.626175696862899, ""move_vy"": -3.329939702420309, ""kick_power"": 0.0, ""kick_dir"": null}, {""move_vx"": -6.284181436251341, ""move_vy"": -1.2120493703946371, ""kick_power"": 0.0, ""kick_dir"": null}, {""move_vx"": -7.199999999999999, ""move_vy"": 0.0, ""kick_power"": 0.0, ""kick_dir"": null}, {""move_vx"": -4.875598298324742, ""move_vy"": -4.624601737811906, ""kick_power"": 0.0, ""kick_dir"": null}]"
1968,21,default,default,0,45.639999999999965,37.5,20,B,,0.007250350767204336,0.030485136256877172,0.327421575265719,"[{""move_vx"": 0.0, ""move_vy"": 0.0, ""kick_power"": 0.0, ""kick_dir"": null}, {""move_vx"": 6.6746109374369, ""move_vy"": 3.507302215927179, ""kick_power"": 0.0, ""kick_dir"": null}, {""move_vx"": 0.0, ""move_vy"": 5.4, ""kick_power"": 0.0, ""kick_dir"": null}, {""move_vx"": 0.0, ""move_vy"": 0.0, ""kick_power"": 0.9, ""kick_dir"": [0.11567465386049719, -0.9932870350979195]}, {""move_vx"": 5.174151687983735, ""move_vy"": -2.620716373386303, ""kick_power"": 0.0, ""kick_dir"": null}, {""move_vx"": -4.313351365237939, ""move_vy"": 4.313351365237939, ""kick_power"": 0.0, ""kick_dir"": null}, {""move_vx"": 4.242640687119285, ""move_vy"": 4.242640687119285, ""kick_power"": 0.0, ""kick_dir"": null}, {""move_vx"": 0.0, ""move_vy"": 0.0, ""kick_power"": 0.9, ""kick_dir"": [0.31500682346923164, 0.9490891839360499]}, {""move_vx"": 4.313351365237939, ""move_vy"": 4.313351365237939, ""kick_power"": 0.0, ""kick_dir"": null}, {""move_vx"": 7.1940928329940865, ""move_vy"": 0.29159614240096215, ""kick_power"": 0.0, ""kick_dir"": null}, {""move_vx"": 2.519238856385899, ""move_vy"": -5.11306518484514, ""kick_power"": 0.0, ""kick_dir"": null}, {""move_vx"": -4.4999999166724205, ""move_vy"": -0.0008659955009076712, ""kick_power"": 0.0, ""kick_dir"": null}, {""move_vx"": -4.98303132909049, ""move_vy"": 2.351488629209729, ""kick_power"": 0.0, ""kick_dir"": null}, {""move_vx"": -5.16417629840038, ""move_vy"": 1.5783799159390441, ""kick_power"": 0.0, ""kick_dir"": null}, {""move_vx"": -5.136016446486001, ""move_vy"": -1.6677335103143194, ""kick_power"": 0.0, ""kick_dir"": null}, {""move_vx"": -6.685912031384057, ""move_vy"": -1.933954577696669, ""kick_power"": 0.0, ""kick_dir"": null}, {""move_vx"": -5.393220962229074, ""move_vy"": 2.629290332499039, ""kick_power"": 0.0, ""kick_dir"": null}, {""move_vx"": -5.747206211374101, ""move_vy"": -1.7232587629090905, ""kick_power"": 0.0, ""kick_dir"": null}, {""move_vx"": -5.492049002922768, ""move_vy"": -3.086648303499287, ""kick_power"": 0.0, ""kick_dir"": null}, {""move_vx"": -6.284181436251341, ""move_vy"": -1.2120493703946371, ""kick_power"": 0.0, ""kick_dir"": null}, {""move_vx"": -7.199999999999999, ""move_vy"": 0.0, ""kick_power"": 0.0, ""kick_dir"": null}, {""move_vx"": -4.981640459767747, ""move_vy"": -4.5101727605054105, ""kick_power"": 0.0, ""kick_dir"": null}]"
1968,22,default,default,0,45.19037854267875,37.73395077919965,20,B,,0.010878482236191677,0.022852077681652164,0.3273541107689697,"[{""move_vx"": 0.0, ""move_vy"": 0.0, ""kick_power"": 0.0, ""kick_dir"": null}, {""move_vx"": -4.1012193308819755, ""move_vy"": 4.1012193308819755, ""kick_power"": 0.0, ""kick_dir"": null}, {""move_vx"": 0.0, ""move_vy"": 5.4, ""kick_power"": 0.0, ""kick_dir"": null}, {""move_vx"": 0.0, ""move_vy"": 0.0, ""kick_power"": 0.9, ""kick_dir"": [0.08866978702048041, -0.9960609496483377]}, {""move_vx"": 5.174151687983736, ""move_vy"": -2.620716373386303, ""kick_power"": 0.0, ""kick_dir"": null}, {""move_vx"": 6.1, ""move_vy"": 0.0, ""kick_power"": 0.0, ""kick_dir"": null}, {""move_vx"": 4.242640687119285, ""move_vy"": 4.242640687119285, ""kick_power"": 0.0, ""kick_dir"": null}, {""move_vx"": 0.0, ""move_vy"": 0.0, ""kick_power"": 0.9, ""kick_dir"": [0.33624422298572326, 0.9417746167910946]}, {""move_vx"": 0.0, ""move_vy"": -6.1, ""kick_power"": 0.0, ""kick_dir"": null}, {""move_vx"": -4.242640687119285, ""move_vy"": 4.242640687119285, ""kick_power"": 0.0, ""kick_dir"": null}, {""move_vx"": 5.7567234668115645, ""move_vy"": 1.6911933439619031, ""kick_power"": 0.0, ""kick_dir"": null}, {""move_vx"": -4.49999991709675, ""move_vy"": -0.0008637877274417963, ""kick_power"": 0.0, ""kick_dir"": null}, {""move_vx"": -4.994225629232734, ""move_vy"": 2.3276190333288866, ""kick_power"": 0.0, ""kick_dir"": null}, {""move_vx"": -5.16417629840038, ""move_vy"": 1.578379915939044, ""kick_power"": 0.0, ""kick_dir"": null}, {""move_vx"": -5.136016446486, ""move_vy"": -1.667733510314319, ""kick_power"": 0.0, ""kick_dir"": null}, {""move_vx"": -6.685912031384058, ""move_vy"": -1.9339545776966693, ""kick_power"": 0.0, ""kick_dir"": null}, {""move_vx"": -5.393220962229074, ""move_vy"": 2.62929033249904, ""kick_power"": 0.0, ""kick_dir"": null}, {""move_vx"": -5.747206211374101, ""move_vy"": -1.7232587629090896, ""kick_power"": 0.0, ""kick_dir"": null}, {""move_vx"": -4.699444947904928, ""move_vy"": -3.225711887570069, ""kick_power"": 0.0, ""kick_dir"": null}, {""move_vx"": -0.0, ""move_vy"": 0.0, ""kick_power"": 0.65, ""kick_dir"": [0.9968179095093056, -0.07971084892104127]}, {""move_vx"": -7.199999999999999, ""move_vy"": 0.0, ""kick_power"": 0.0, ""kick_dir"": null}, {""move_vx"": -5.08309564580703, ""move_vy"": -4.395513468933706, ""kick_power"": 0.0, ""kick_dir"": null}]"
1968,23,default,default,0,44.67958815139653,37.54316803495129,20,B,,0.01501372223057975,0.020891325717283287,0.32319640742328026,"[{""move_vx"": 0.0, ""move_vy"": 0.0, ""kick_power"": 0.0, ""kick_dir"": null}, {""move_vx"": -4.1012193308819755, ""move_vy"": 4.1012193308819755, ""kick_power"": 0.0, ""kick_dir"": null}, {""move_vx"": 0.0, ""move_vy"": 5.4, ""kick_power"": 0.0, ""kick_dir"": null}, {""move_vx"": 0.0, ""move_vy"": 0.0, ""kick_power"": 0.9, ""kick_dir"": [0.05850212351354806, -0.998287149931299]}, {""move_vx"": 5.174151687983735, ""move_vy"": -2.6207163733863035, ""kick_power"": 0.0, ""kick_dir"": null}, {""move_vx"": -4.313351365237939, ""move_vy"": 4.313351365237939, ""kick_power"": 0.0, ""kick_dir"": null}, {""move_vx"": 4.242640687119285, ""move_vy"": 4.242640687119285, ""kick_power"": 0.0, ""kick_dir"": null}, {""move_vx"": 3.606244584051392, ""move_vy"": -3.606244584051392, ""kick_power"": 0.0, ""kick_dir"": null}, {""move_vx"": 0.0, ""move_vy"": -6.1, ""kick_power"": 0.0, ""kick_dir"": null}, {""move_vx"": 7.195321173485373, ""move_vy"": 0.2595249706542, ""kick_power"": 0.0, ""kick_dir"": null}, {""move_vx"": 4.242640687119285, ""move_vy"": -4.242640687119285, ""kick_power"": 0.0, ""kick_dir"": null}, {""move_vx"": -4.4999999175191885, ""move_vy"": -0.0008615841780491135, ""kick_power"": 0.0, ""kick_dir"": null}, {""move_vx"": 4.1012193308819755, ""move_vy"": 4.1012193308819755, ""kick_power"": 0.0, ""kick_dir"": null}, {""move_vx"": -5.16417629840038, ""move_vy"": 1.578379915939044, ""kick_power"": 0.0, ""kick_dir"": null}, {""move_vx"": -5.136016446486001, ""move_vy"": -1.6677335103143194, ""kick_power"": 0.0, ""kick_dir"": null}, {""move_vx"": -6.685912031384057, ""move_vy"": -1.9339545776966693, ""kick_power"": 0.0, ""kick_dir"": null}, {""move_vx"": -5.393220962229073, ""move_vy"": 2.6292903324990395, ""kick_power"": 0.0, ""kick_dir"": null}, {""move_vx"": -5.747206211374101, ""move_vy"": -1.7232587629090907, ""kick_power"": 0.0, ""kick_dir"": null}, {""move_vx"": -5.63200167897065, ""move_vy"": -2.82321750633418, ""kick_power"": 0.0, ""kick_dir"": null}, {""move_vx"": -0.0, ""move_vy"": 0.0, ""kick_power"": 0.65, ""kick_dir"": [0.9980920044028085, -0.06174223926442132]}, {""move_vx"": -7.199996639464917, ""move_vy"": -0.006956413866853028, ""kick_power"": 0.0, ""kick_dir"": null}, {""move_vx"": -5.229257307315807, ""move_vy"": -4.220576739485286, ""kick_power"": 0.0, ""kick_dir"": null}]"
1968,24,default,default,0,44.1995883754322,37.54270427402683,20,B,,0.018893222976470107,0.023476724906782487,0.3311899658178015,"[{""move_vx"": 0.0, ""move_vy"": 0.0, ""kick_power"": 0.0, ""kick_dir"": null}, {""move_vx"": 6.677986309899076, ""move_vy"": 3.5008711551270375, ""kick_power"": 0.0, ""kick_dir"": null}, {""move_vx"": 0.0, ""move_vy"": 5.4, ""kick_power"": 0.0, ""kick_dir"": null}, {""move_vx"": 0.0, ""move_vy"": 0.0, ""kick_power"": 0.9, ""kick_dir"": [0.02457999871123088, -0.9996977244153447]}, {""move_vx"": 5.174151687983736, ""move_vy"": -2.6207163733863035, ""kick_power"": 0.0, ""kick_dir"": null}, {""move_vx"": 6.1, ""move_vy"": 0.0, ""kick_power"": 0.0, ""kick_dir"": null}, {""move_vx"": 4.242640687119285, ""move_vy"": 4.242640687119285, ""kick_power"": 0.0, ""kick_dir"": null}, {""move_vx"": 4.322366792888536, ""move_vy"": -3.715796725836124, ""kick_power"": 0.0, ""kick_dir"": null}, {""move_vx"": 0.0, ""move_vy"": -6.1, ""kick_power"": 0.0, ""kick_dir"": null}, {""move_vx"": 0.0, ""move_vy"": 0.0, ""kick_power"": 0.4, ""kick_dir"": [0.3417829913401598, 0.9397787104435593]}, {""move_vx"": 5.743593495331115, ""move_vy"": 1.7352618708397034, ""kick_power"": 0.0, ""kick_dir"": null}, {""move_vx"": -4.499999917939742, ""move_vy"": -0.0008593848473384428, ""kick_power"": 0.0, ""kick_dir"": null}, {""move_vx"": -5.032602566757624, ""move_vy"": 2.2434374083233473, ""kick_power"": 0.0, ""kick_dir"": null}, {""move_vx"": -5.164176298400381, ""move_vy"": 1.5783799159390435, ""kick_power"": 0.0, ""kick_dir"": null}, {""move_vx"": -5.136016446486001, ""move_vy"": -1.667733510314319, ""kick_power"": 0.0, ""kick_dir"": null}, {""move_vx"": -6.685912031384057, ""move_vy"": -1.9339545776966693, ""kick_power"": 0.0, ""kick_dir"": null}, {""move_vx"": -5.393220962229074, ""move_vy"": 2.62929033249904, ""kick_power"": 0.0, ""kick_dir"": null}, {""move_vx"": -5.7472062113741, ""move_vy"": -1.7232587629090896, ""kick_power"": 0.0, ""kick_dir"": null}, {""move_vx"": -4.771501539716983, ""move_vy"": -3.1181361510489642, ""kick_power"": 0.0, ""kick_dir"": null}, {""move_vx"": -0.0, ""move_vy"": 0.0, ""kick_power"": 0.65, ""kick_dir"": [0.9991160234412941, -0.042034668242893265]}, {""move_vx"": -7.199996639464917, ""move_vy"": -0.006956413866852356, ""kick_power"": 0.0, ""kick_dir"": null}, {""move_vx"": -5.2809705610377975, ""move_vy"": -4.155688863889131, ""kick_power"": 0.0, ""kick_dir"": null}]"
1968,25,default,default,0,43.71958859946787,37.54224051310237,20,B,,0.02277563648618829,0.007351680925870368,0.3334736362632817,"[{""move_vx"": 0.0, ""move_vy"": 0.0, ""kick_power"": 0.0, ""kick_dir"": null}, {""move_vx"": -4.1012193308819755, ""move_vy"": 4.1012193308819755, ""kick_power"": 0.0, ""kick_dir"": null}, {""move_vx"": 0.0, ""move_vy"": 5.4, ""kick_power"": 0.0, ""kick_dir"": null}, {""move_vx"": 0.0, ""move_vy"": 0.0, ""kick_power"": 0.9, ""kick_dir"": [-0.013463808264180551, -0.9999092084308241]}, {""move_vx"": 5.174151687983736, ""move_vy"": -2.6207163733863044, ""kick_power"": 0.0, ""kick_dir"": null}, {""move_vx"": -4.313351365237939, ""move_vy"": 4.313351365237939, ""kick_power"": 0.0, ""kick_dir"": null}, {""move_vx"": 4.242640687119285, ""move_vy"": 4.242640687119285, ""kick_power"": 0.0, ""kick_dir"": null}, {""move_vx"": -4.206559683188733, ""move_vy"": 2.88354913808853, ""kick_power"": 0.0, ""kick_dir"": null}, {""move_vx"": 0.0, ""move_vy"": -6.1, ""kick_power"": 0.0, ""kick_dir"": null}, {""move_vx"": 7.1953211734853735, ""move_vy"": 0.25952497065420077, ""kick_power"": 0.0, ""kick_dir"": null}, {""move_vx"": 4.242640687119285, ""move_vy"": -4.242640687119285, ""kick_power"": 0.0, ""kick_dir"": null}, {""move_vx"": -4.499999918358418, ""move_vy"": -0.0008571897299218489, ""kick_power"": 0.0, ""kick_dir"": null}, {""move_vx"": -5.042642602315788, ""move_vy"": 2.22077814860239, ""kick_power"": 0.0, ""kick_dir"": null}, {""move_vx"": -5.164176298400381, ""move_vy"": 1.5783799159390433, ""kick_power"": 0.0, ""kick_dir"": null}, {""move_vx"": -5.136016446486001, ""move_vy"": -1.667733510314319, ""kick_power"": 0.0, ""kick_dir"": null}, {""move_vx"": -6.685912031384057, ""move_vy"": -1.9339545776966696, ""kick_power"": 0.0, ""kick_dir"": null}, {""move_vx"": -5.393220962229073, ""move_vy"": 2.6292903324990404, ""kick_power"": 0.0, ""kick_dir"": null}, {""move_vx"": -5.7472062113741, ""move_vy"": -1.7232587629090907, ""kick_power"": 0.0, ""kick_dir"": null}, {""move_vx"": -4.806743324731316, ""move_vy"": -3.0635304160642716, ""kick_power"": 0.0, ""kick_dir"": null}, {""move_vx"": -0.0, ""move_vy"": 0.0, ""kick_power"": 0.65, ""kick_dir"": [0.9997927890815558, -0.02034963762543607]}, {""move_vx"": -7.199996639464918, ""move_vy"": -0.00695641386685167, ""kick_power"": 0.0, ""kick_dir"": null}, {""move_vx"": -5.368459456684662, ""move_vy"": -4.042034520131295, ""kick_power"": 0.0, ""kick_dir"": null}]"
1968,26,default,default,0,43.23958882350354,37.54177675217791,20,B,,0.026660582149960907,0.013875125229288004,0.3317764735035115,"[{""move_vx"": 0.0, ""move_vy"": 0.0, ""kick_power"": 0.0, ""kick_dir"": null}, {""move_vx"": 6.669150852305902, ""move_vy"": 3.517673508042989, ""kick_power"": 0.0, ""kick_dir"": null}, {""move_vx"": 0.0, ""move_vy"": 5.4, ""kick_power"": 0.0, ""kick_dir"": null}, {""move_vx"": 0.0, ""move_vy"": 0.0, ""kick_power"": 0.9, ""kick_dir"": [-0.056354760583068104, -0.9984106475813054]}, {""move_vx"": 5.174151687983735, ""move_vy"": -2.6207163733863044, ""kick_power"": 0.0, ""kick_dir"": null}, {""move_vx"": -4.313351365237939, ""move_vy"": 4.313351365237939, ""kick_power"": 0.0, ""kick_dir"": null}, {""move_vx"": 4.242640687119285, ""move_vy"": 4.242640687119285, ""kick_power"": 0.0, ""kick_dir"": null}, {""move_vx"": 4.211682377658497, ""move_vy"": -3.840798295891216, ""kick_power"": 0.0, ""kick_dir"": null}, {""move_vx"": 0.0, ""move_vy"": -6.1, ""kick_power"": 0.0, ""kick_dir"": null}, {""move_vx"": 7.195321173485373, ""move_vy"": 0.25952497065420155, ""kick_power"": 0.0, ""kick_dir"": null}, {""move_vx"": 5.72989158547868, ""move_vy"": 1.779983825392976, ""kick_power"": 0.0, ""kick_dir"": null}, {""move_vx"": -4.499999918775223, ""move_vy"": -0.0008549988204153321, ""kick_power"": 0.0, ""kick_dir"": null}, {""move_vx"": -5.0524648048834875, ""move_vy"": 2.198340145521994, ""kick_power"": 0.0, ""kick_dir"": null}, {""move_vx"": -5.164176298400381, ""move_vy"": 1.5783799159390433, ""kick_power"": 0.0, ""kick_dir"": null}, {""move_vx"": -5.136016446486001, ""move_vy"": -1.667733510314319, ""kick_power"": 0.0, ""kick_dir"": null}, {""move_vx"": 4.640804811141125, ""move_vy"": -1.663679868511182, ""kick_power"": 0.0, ""kick_dir"": null}, {""move_vx"": -5.393220962229073, ""move_vy"": 2.629290332499041, ""kick_power"": 0.0, ""kick_dir"": null}, {""move_vx"": -5.747206211374099, ""move_vy"": -1.72325876290909, ""kick_power"": 0.0, ""kick_dir"": null}, {""move_vx"": -4.840719352310761, ""move_vy"": -3.0095574678287957, ""kick_power"": 0.0, ""kick_dir"": null}, {""move_vx"": -0.0, ""move_vy"": 6.4, ""kick_power"": 0.0, ""kick_dir"": null}, {""move_vx"": -7.199996639464918, ""move_vy"": -0.006956413866850968, ""kick_power"": 0.0, ""kick_dir"": null}, {""move_vx"": -5.4515662692749824, ""move_vy"": -3.9292270501592625, ""kick_power"": 0.0, ""kick_dir"": null}]"
1968,27,default,default,0,42.75958904753921,37.54131299125345,20,B,,0.03054769400144884,0.006665971289978884,0.3315741671371112,"[{""move_vx"": 0.0, ""move_vy"": 0.0, ""kick_power"": 0.0, ""kick_dir"": null}, {""move_vx"": -4.1012193308819755, ""move_vy"": 4.1012193308819755, ""kick_power"": 0.0, ""kick_dir"": null}, {""move_vx"": 0.0, ""move_vy"": 5.4, ""kick_power"": 0.0, ""kick_dir"": null}, {""move_vx"": 0.0, ""move_vy"": 0.0, ""kick_power"": 0.9, ""kick_dir"": [-0.10479432543972028, -0.9944937449792713]}, {""move_vx"": 5.174151687983734, ""move_vy"": -2.620716373386305, ""kick_power"": 0.0, ""kick_dir"": null}, {""move_vx"": -4.313351365237939, ""move_vy"": 4.313351365237939, ""kick_power"": 0.0, ""kick_dir"": null}, {""move_vx"": 4.242640687119285, ""move_vy"": 4.242640687119285, ""kick_power"": 0.0, ""kick_dir"": null}, {""move_vx"": 4.680840108612708, ""move_vy"": -4.2166024092392895, ""kick_power"": 0.0, ""kick_dir"": null}, {""move_vx"": 0.0, ""move_vy"": -6.1, ""kick_power"": 0.0, ""kick_dir"": null}, {""move_vx"": 7.195321173485373, ""move_vy"": 0.2595249706542023, ""kick_power"": 0.0, ""kick_dir"": null}, {""move_vx"": 4.242640687119285, ""move_vy"": -4.242640687119285, ""kick_power"": 0.0, ""kick_dir"": null}, {""move_vx"": -4.499999919190166, ""move_vy"": -0.0008528121134381589, ""kick_power"": 0.0, ""kick_dir"": null}, {""move_vx"": -5.062073679188572, ""move_vy"": 2.176122714018276, ""kick_power"": 0.0, ""kick_dir"": null}, {""move_vx"": -5.164176298400381, ""move_vy"": 1.578379915939043, ""kick_power"": 0.0, ""kick_dir"": null}, {""move_vx"": -5.136016446486001, ""move_vy"": -1.667733510314319, ""kick_power"": 0.0, ""kick_dir"": null}, {""move_vx"": 4.640804811141125, ""move_vy"": -1.6636798685111809, ""kick_power"": 0.0, ""kick_dir"": null}, {""move_vx"": -5.393220962229073, ""move_vy"": 2.629290332499041, ""kick_power"": 0.0, ""kick_dir"": null}, {""move_vx"": -5.747206211374099, ""move_vy"": -1.723258762909091, ""kick_power"": 0.0, ""kick_dir"": null}, {""move_vx"": -4.873464197919956, ""move_vy"": -2.9562386087040395, ""kick_power"": 0.0, ""kick_dir"": null}, {""move_vx"": -0.0, ""move_vy"": 0.0, ""kick_power"": 0.65, ""kick_dir"": [0.9994228066331869, -0.033966943440829254]}, {""move_vx"": -7.199996639464918, ""move_vy"": -0.006956413866850251, ""kick_power"": 0.0, ""kick_dir"": null}, {""move_vx"": -5.530389213638592, ""move_vy"": -3.8174854479971403, ""kick_power"": 0.0, ""kick_dir"": null}]"
1968,28,default,default,0,42.27958927157488,37.54084923032899,20,B,,0.03443663067006547,0.00718786706404825,0.3338177094770044,"[{""move_vx"": 0.0, ""move_vy"": 0.0, ""kick_power"": 0.0, ""kick_dir"": null}, {""move_vx"": 6.659664833284136, ""move_vy"": 3.5355995684351176, ""kick_power"": 0.0, ""kick_dir"": null}, {""move_vx"": 0.0, ""move_vy"": 5.4, ""kick_power"": 0.0, ""kick_dir"": null}, {""move_vx"": 0.0, ""move_vy"": 0.0, ""kick_power"": 0.9, ""kick_dir"": [-0.15951479668221685, -0.9871953537358541]}, {""move_vx"": 5.174151687983734, ""move_vy"": -2.620716373386305, ""kick_power"": 0.0, ""kick_dir"": null}, {""move_vx"": -4.313351365237939, ""move_vy"": 4.313351365237939, ""kick_power"": 0.0, ""kick_dir"": null}, {""move_vx"": -6.0, ""move_vy"": 0.0, ""kick_power"": 0.0, ""kick_dir"": null}, {""move_vx"": -3.638740695836936, ""move_vy"": 3.5734529727506046, ""kick_power"": 0.0, ""kick_dir"": null}, {""move_vx"": 0.0, ""move_vy"": -6.1, ""kick_power"": 0.0, ""kick_dir"": null}, {""move_vx"": 0.0, ""move_vy"": 0.0, ""kick_power"": 0.9, ""kick_dir"": [0.3471030634399923, 0.9378267820063395]}, {""move_vx"": 5.715595295101928, ""move_vy"": 1.8253685717160522, ""kick_power"": 0.0, ""kick_dir"": null}, {""move_vx"": -4.499999919603253, ""move_vy"": -0.0008506296036121923, ""kick_power"": 0.0, ""kick_dir"": null}, {""move_vx"": -5.071473658627971, ""move_vy"": 2.154125096145212, ""kick_power"": 0.0, ""kick_dir"": null}, {""move_vx"": -5.164176298400381, ""move_vy"": 1.5783799159390426, ""kick_power"": 0.0, ""kick_dir"": null}, {""move_vx"": -5.136016446486001, ""move_vy"": -1.667733510314319, ""kick_power"": 0.0, ""kick_dir"": null}, {""move_vx"": 4.640804811141126, ""move_vy"": -1.6636798685111804, ""kick_power"": 0.0, ""kick_dir"": null}, {""move_vx"": -5.393220962229072, ""move_vy"": 2.6292903324990413, ""kick_power"": 0.0, ""kick_dir"": null}, {""move_vx"": -5.7472062113741, ""move_vy"": -1.7232587629090905, ""kick_power"": 0.0, ""kick_dir"": null}, {""move_vx"": -4.9050125855474125, ""move_vy"": -2.9035928667121165, ""kick_power"": 0.0, ""kick_dir"": null}, {""move_vx"": -0.0, ""move_vy"": 0.0, ""kick_power"": 0.65, ""kick_dir"": [0.999967151500024, -0.00808568250194417]}, {""move_vx"": -7.199996639464917, ""move_vy"": -0.006956413866849518, ""kick_power"": 0.0, ""kick_dir"": null}, {""move_vx"": -5.6050400161148515, ""move_vy"": -3.7070104420882375, ""kick_power"": 0.0, ""kick_dir"": null}]"
1968,29,default,default,0,41.79958949561055,37.54038546940453,20,B,,0.03832708213146639,-0.0017181950636564365,0.3360222326075629,"[{""move_vx"": 0.0, ""move_vy"": 0.0, ""kick_power"": 0.0, ""kick_dir"": null}, {""move_vx"": -4.1012193308819755, ""move_vy"": 4.1012193308819755, ""kick_power"": 0.0, ""kick_dir"": null}, {""move_vx"": 0.0, ""move_vy"": 5.4, ""kick_power"": 0.0, ""kick_dir"": null}, {""move_vx"": 0.0, ""move_vy"": 0.0, ""kick_power"": 0.9, ""kick_dir"": [-0.22120939786737476, -0.9752261351377516]}, {""move_vx"": 5.174151687983734, ""move_vy"": -2.6207163733863057, ""kick_power"": 0.0, ""kick_dir"": null}, {""move_vx"": -4.313351365237939, ""move_vy"": 4.313351365237939, ""kick_power"": 0.0, ""kick_dir"": null}, {""move_vx"": -6.0, ""move_vy"": 0.0, ""kick_power"": 0.0, ""kick_dir"": null}, {""move_vx"": -3.6387406958369284, ""move_vy"": 3.573452972750611, ""kick_power"": 0.0, ""kick_dir"": null}, {""move_vx"": 0.0, ""move_vy"": -6.1, ""kick_power"": 0.0, ""kick_dir"": null}, {""move_vx"": 7.195321173485373, ""move_vy"": 0.25952497065420316, ""kick_power"": 0.0, ""kick_dir"": null}, {""move_vx"": 4.242640687119285, ""move_vy"": -4.242640687119285, ""kick_power"": 0.0, ""kick_dir"": null}, {""move_vx"": -4.49999992001449, ""move_vy"": -0.0008484512855632624, ""kick_power"": 0.0, ""kick_dir"": null}, {""move_vx"": -5.080669105018427, ""move_vy"": 2.1323464646513806, ""kick_power"": 0.0, ""kick_dir"": null}, {""move_vx"": -5.164176298400382, ""move_vy"": 1.5783799159390426, ""kick_power"": 0.0, ""kick_dir"": null}, {""move_vx"": -5.136016446486, ""move_vy"": -1.6677335103143187, ""kick_power"": 0.0, ""kick_dir"": null}, {""move_vx"": 4.640804811141127, ""move_vy"": -1.6636798685111793, ""kick_power"": 0.0, ""kick_dir"": null}, {""move_vx"": -5.393944362223932, ""move_vy"": 2.6278059702406975, ""kick_power"": 0.0, ""kick_dir"": null}, {""move_vx"": -5.747206211374101, ""move_vy"": -1.72325876290909, ""kick_power"": 0.0, ""kick_dir"": null}, {""move_vx"": -4.935399267098726, ""move_vy"": -2.8516370867137635, ""kick_power"": 0.0, ""kick_dir"": null}, {""move_vx"": -0.0, ""move_vy"": 0.0, ""kick_power"": 0.65, ""kick_dir"": [0.9997713099196983, 0.021377426780302706]}, {""move_vx"": -7.199996639464917, ""move_vy"": -0.006956413866848769, ""kick_power"": 0.0, ""kick_dir"": null}, {""move_vx"": -5.675641769925791, ""move_vy"": -3.597984227240809, ""kick_power"": 0.0, ""kick_dir"": null}]"
1968,30,default,default,0,41.37768906979453,37.243227186346786,20,B,,0.0416727385387572,-0.0004832742317043715,0.3396427740575345,"[{""move_vx"": 0.0, ""move_vy"": 0.0, ""kick_power"": 0.0, ""kick_dir"": null}, {""move_vx"": 6.649448143621309, ""move_vy"": 3.5547769810905345, ""kick_power"": 0.0, ""kick_dir"": null}, {""move_vx"": 0.0, ""move_vy"": 5.4, ""kick_power"": 0.0, ""kick_dir"": null}, {""move_vx"": 0.0, ""move_vy"": 0.0, ""kick_power"": 0.9, ""kick_dir"": [-0.2904085605224549, -0.9569025312660856]}, {""move_vx"": 5.174151687983734, ""move_vy"": -2.6207163733863057, ""kick_power"": 0.0, ""kick_dir"": null}, {""move_vx"": -4.313351365237939, ""move_vy"": 4.313351365237939, ""kick_power"": 0.0, ""kick_dir"": null}, {""move_vx"": -4.242640687119285, ""move_vy"": -4.242640687119285, ""kick_power"": 0.0, ""kick_dir"": null}, {""move_vx"": 3.6387406958369968, ""move_vy"": -3.573452972750542, ""kick_power"": 0.0, ""kick_dir"": null}, {""move_vx"": 0.0, ""move_vy"": -6.1, ""kick_power"": 0.0, ""kick_dir"": null}, {""move_vx"": 7.1953211734853735, ""move_vy"": 0.25952497065420405, ""kick_power"": 0.0, ""kick_dir"": null}, {""move_vx"": 5.700681294906568, ""move_vy"": 1.8714253321739502, ""kick_power"": 0.0, ""kick_dir"": null}, {""move_vx"": -4.499999920423885, ""move_vy"": -0.0008462771539211813, ""kick_power"": 0.0, ""kick_dir"": null}, {""move_vx"": -5.089664308446081, ""move_vy"": 2.110785926457269, ""kick_power"": 0.0, ""kick_dir"": null}, {""move_vx"": -5.164176298400382, ""move_vy"": 1.5783799159390424, ""kick_power"": 0.0, ""kick_dir"": null}, {""move_vx"": -5.136016446486, ""move_vy"": -1.6677335103143187, ""kick_power"": 0.0, ""kick_dir"": null}, {""move_vx"": 4.640804811141127, ""move_vy"": -1.6636798685111782, ""kick_power"": 0.0, ""kick_dir"": null}, {""move_vx"": -5.3986049672525525, ""move_vy"": 2.61821779223121, ""kick_power"": 0.0, ""kick_dir"": null}, {""move_vx"": -5.7472062113741, ""move_vy"": -1.7232587629090907, ""kick_power"": 0.0, ""kick_dir"": null}, {""move_vx"": -4.964658911986968, ""move_vy"": -2.8003860247523686, ""kick_power"": 0.0, ""kick_dir"": null}, {""move_vx"": -0.0, ""move_vy"": 0.0, ""kick_power"": 0.65, ""kick_dir"": [0.9982586039013777, 0.0589866530386092]}, {""move_vx"": -7.199996639464918, ""move_vy"": -0.006956413866848003, ""kick_power"": 0.0, ""kick_dir"": null}, {""move_vx"": -5.742326865693317, ""move_vy"": -3.4905704644852493, ""kick_power"": 0.0, ""kick_dir"": null}]"
1968,31,default,default,0,40.91527476698343,37.100862600903255,20,B,,0.04536910039828273,-0.0030069337765430398,0.34592496422864094,"[{""move_vx"": 0.0, ""move_vy"": 0.0, ""kick_power"": 0.0, ""kick_dir"": null}, {""move_vx"": 6.6578630205495, ""move_vy"": 3.5389913816791783, ""kick_power"": 0.0, ""kick_dir"": null}, {""move_vx"": 0.0, ""move_vy"": 0.0, ""kick_power"": 0.9, ""kick_dir"": [0.29010998236873453, 0.9569932633037528]}, {""move_vx"": 0.0, ""move_vy"": 0.0, ""kick_power"": 0.9, ""kick_dir"": [-0.3126076355125409, -0.9498821089773711]}, {""move_vx"": 5.174151687983734, ""move_vy"": -2.620716373386306, ""kick_power"": 0.0, ""kick_dir"": null}, {""move_vx"": 0.0, ""move_vy"": 0.0, ""kick_power"": 0.0, ""kick_dir"": null}, {""move_vx"": -4.242640687119285, ""move_vy"": -4.242640687119285, ""kick_power"": 0.0, ""kick_dir"": null}, {""move_vx"": -3.6387406958369284, ""move_vy"": 3.573452972750611, ""kick_power"": 0.0, ""kick_dir"": null}, {""move_vx"": 0.0, ""move_vy"": -6.1, ""kick_power"": 0.0, ""kick_dir"": null}, {""move_vx"": 7.195321173485373, ""move_vy"": 0.2595249706542048, ""kick_power"": 0.0, ""kick_dir"": null}, {""move_vx"": 4.242640687119285, ""move_vy"": -4.242640687119285, ""kick_power"": 0.0, ""kick_dir"": null}, {""move_vx"": -4.46774440948556, ""move_vy"": -0.5378288682383332, ""kick_power"": 0.0, ""kick_dir"": null}, {""move_vx"": -6.892804095578269, ""move_vy"": 0.9648065609123138, ""kick_power"": 0.0, ""kick_dir"": null}, {""move_vx"": -5.164176298400382, ""move_vy"": 1.5783799159390421, ""kick_power"": 0.0, ""kick_dir"": null}, {""move_vx"": -5.136016446486001, ""move_vy"": -1.667733510314319, ""kick_power"": 0.0, ""kick_dir"": null}, {""move_vx"": 4.640804811141127, ""move_vy"": -1.6636798685111769, ""kick_power"": 0.0, ""kick_dir"": null}, {""move_vx"": -5.40362174307836, ""move_vy"": 2.6078481661574537, ""kick_power"": 0.0, ""kick_dir"": null}, {""move_vx"": -5.7472062113741, ""move_vy"": -1.72325876290909, ""kick_power"": 0.0, ""kick_dir"": null}, {""move_vx"": -4.958448693431523, ""move_vy"": -2.8113673816502924, ""kick_power"": 0.0, ""kick_dir"": null}, {""move_vx"": -5.6877143304770525, ""move_vy"": 2.9342640806317997, ""kick_power"": 0.0, ""kick_dir"": null}, {""move_vx"": -7.19999776222315, ""move_vy"": 0.005676617092824954, ""kick_power"": 0.0, ""kick_dir"": null}, {""move_vx"": -5.733451779382329, ""move_vy"": -3.5051291978324577, ""kick_power"": 0.0, ""kick_dir"": null}]"
1968,32,default,default,0,40.43780356078975,36.969136035205395,20,B,,0.04919298231738138,-0.00016329704998991473,0.33882134038133743,"[{""move_vx"": 0.0, ""move_vy"": 0.0, ""kick_power"": 0.0, ""kick_dir"": null}, {""move_vx"": 6.645215523667858, ""move_vy"": 3.5626830681389157, ""kick_power"": 0.0, ""kick_dir"": null}, {""move_vx"": 0.0, ""move_vy"": 0.0, ""kick_power"": 0.0, ""kick_dir"": null}, {""move_vx"": 0.0, ""move_vy"": 0.0, ""kick_power"": 0.9, ""kick_dir"": [-0.2913247353487639, -0.9566239944737287]}, {""move_vx"": 5.174151687983734, ""move_vy"": -2.620716373386307, ""kick_power"": 0.0, ""kick_dir"": null}, {""move_vx"": -4.313351365237939, ""move_vy"": 4.313351365237939, ""kick_power"": 0.0, ""kick_dir"": null}, {""move_vx"": -4.242640687119285, ""move_vy"": -4.242640687119285, ""kick_power"": 0.0, ""kick_dir"": null}, {""move_vx"": 4.796555559861625, ""move_vy"": 1.7329324167896802, ""kick_power"": 0.0, ""kick_dir"": null}, {""move_vx"": 0.0, ""move_vy"": -6.1, ""kick_power"": 0.0, ""kick_dir"": null}, {""move_vx"": 7.195321173485373, ""move_vy"": 0.25952497065420577, ""kick_power"": 0.0, ""kick_dir"": null}, {""move_vx"": 5.685125338338605, ""move_vy"": 1.9181631545257964, ""kick_power"": 0.0, ""kick_dir"": null}, {""move_vx"": -4.499999913902579, ""move_vy"": 0.0008802708597689316, ""kick_power"": 0.0, ""kick_dir"": null}, {""move_vx"": -0.0, ""move_vy"": 5.8, ""kick_power"": 0.0, ""kick_dir"": null}, {""move_vx"": -5.164176298400382, ""move_vy"": 1.5783799159390417, ""kick_power"": 0.0, ""kick_dir"": null}, {""move_vx"": -3.8183766184073566, ""move_vy"": -3.8183766184073566, ""kick_power"": 0.0, ""kick_dir"": null}, {""move_vx"": 4.640804811141128, ""move_vy"": -1.6636798685111753, ""kick_power"": 0.0, ""kick_dir"": null}, {""move_vx"": -4.990880020261679, ""move_vy"": 2.0618236159654364, ""kick_power"": 0.0, ""kick_dir"": null}, {""move_vx"": -5.747206211374101, ""move_vy"": -1.723258762909091, ""kick_power"": 0.0, ""kick_dir"": null}, {""move_vx"": -4.970931885030163, ""move_vy"": -2.789235772463572, ""kick_power"": 0.0, ""kick_dir"": null}, {""move_vx"": -0.0, ""move_vy"": 0.0, ""kick_power"": 0.65, ""kick_dir"": [0.9950950772534989, 0.09892143974348495]}, {""move_vx"": -7.199927080322953, ""move_vy"": 0.0324042903362057, ""kick_power"": 0.0, ""kick_dir"": null}, {""move_vx"": -5.763803948067289, ""move_vy"": -3.454991179184681, ""kick_power"": 0.0, ""kick_dir"": null}]"
1968,33,default,default,0,39.92458827222622,37.17489630390469,20,B,,0.0533869434040519,-0.0007314571415515652,0.3452988433069367,"[{""move_vx"": 0.0, ""move_vy"": 0.0, ""kick_power"": 0.0, ""kick_dir"": null}, {""move_vx"": 6.629325967073654, ""move_vy"": 3.592163306739126, ""kick_power"": 0.0, ""kick_dir"": null}, {""move_vx"": 0.0, ""move_vy"": 0.0, ""kick_power"": 0.9, ""kick_dir"": [0.27904007172768774, 0.9602794115246417]}, {""move_vx"": 0.0, ""move_vy"": 0.0, ""kick_power"": 0.0, ""kick_dir"": null}, {""move_vx"": 5.174151687983734, ""move_vy"": -2.620716373386307, ""kick_power"": 0.0, ""kick_dir"": null}, {""move_vx"": 0.0, ""move_vy"": 0.0, ""kick_power"": 0.0, ""kick_dir"": null}, {""move_vx"": 4.242640687119285, ""move_vy"": 4.242640687119285, ""kick_power"": 0.0, ""kick_dir"": null}, {""move_vx"": 2.6631465754465866, ""move_vy"": 4.349442529530321, ""kick_power"": 0.0, ""kick_dir"": null}, {""move_vx"": 0.0, ""move_vy"": -6.1, ""kick_power"": 0.0, ""kick_dir"": null}, {""move_vx"": 7.195321173485373, ""move_vy"": 0.2595249706542066, ""kick_power"": 0.0, ""kick_dir"": null}, {""move_vx"": 4.242640687119285, ""move_vy"": -4.242640687119285, ""kick_power"": 0.0, ""kick_dir"": null}, {""move_vx"": -4.4999999143441025, ""move_vy"": 0.0008780108583932854, ""kick_power"": 0.0, ""kick_dir"": null}, {""move_vx"": -0.0, ""move_vy"": 5.8, ""kick_power"": 0.0, ""kick_dir"": null}, {""move_vx"": -5.164176298400382, ""move_vy"": 1.5783799159390417, ""kick_power"": 0.0, ""kick_dir"": null}, {""move_vx"": -3.8183766184073566, ""move_vy"": -3.8183766184073566, ""kick_power"": 0.0, ""kick_dir"": null}, {""move_vx"": 4.640804811141128, ""move_vy"": -1.6636798685111738, ""kick_power"": 0.0, ""kick_dir"": null}, {""move_vx"": -5.407238949333269, ""move_vy"": 2.6003397748781296, ""kick_power"": 0.0, ""kick_dir"": null}, {""move_vx"": -5.7472062113741, ""move_vy"": -1.7232587629090905, ""kick_power"": 0.0, ""kick_dir"": null}, {""move_vx"": -4.984975353953618, ""move_vy"": -2.764058740416888, ""kick_power"": 0.0, ""kick_dir"": null}, {""move_vx"": -5.682208671980533, ""move_vy"": 2.944911646903729, ""kick_power"": 0.0, ""kick_dir"": null}, {""move_vx"": -7.1997613047231965, ""move_vy"": 0.058627254843797244, ""kick_power"": 0.0, ""kick_dir"": null}, {""move_vx"": -5.796811646468885, ""move_vy"": -3.3993197459731124, ""kick_power"": 0.0, ""kick_dir"": null}]"
1968,34,default,default,0,39.44460418524467,37.178804787560935,20,B,,0.057272495218992414,-0.005701750520784213,0.3454570664353036,"[{""move_vx"": 0.0, ""move_vy"": 0.0, ""kick_power"": 0.0, ""kick_dir"": null}, {""move_vx"": -4.1012193308819755, ""move_vy"": 4.1012193308819755, ""kick_power"": 0.0, ""kick_dir"": null}, {""move_vx"": 5.939547153467655, ""move_vy"": -0.07334583651645353, ""kick_power"": 0.0, ""kick_dir"": null}, {""move_vx"": 0.0, ""move_vy"": 0.0, ""kick_power"": 0.9, ""kick_dir"": [-0.23430426600883603, -0.9721631167343359]}, {""move_vx"": 5.174151687983734, ""move_vy"": -2.6207163733863075, ""kick_power"": 0.0, ""kick_dir"": null}, {""move_vx"": -4.313351365237939, ""move_vy"": 4.313351365237939, ""kick_power"": 0.0, ""kick_dir"": null}, {""move_vx"": 4.242640687119285, ""move_vy"": 4.242640687119285, ""kick_power"": 0.0, ""kick_dir"": null}, {""move_vx"": 2.9395282746477123, ""move_vy"": -4.167634043740722, ""kick_power"": 0.0, ""kick_dir"": null}, {""move_vx"": 4.313351365237939, ""move_vy"": -4.313351365237939, ""kick_power"": 0.0, ""kick_dir"": null}, {""move_vx"": 7.1953211734853735, ""move_vy"": 0.25952497065420754, ""kick_power"": 0.0, ""kick_dir"": null}, {""move_vx"": 5.668902231310384, ""move_vy"": 1.965590876007557, ""kick_power"": 0.0, ""kick_dir"": null}, {""move_vx"": -4.499999914783645, ""move_vy"": 0.0008757552115455129, ""kick_power"": 0.0, ""kick_dir"": null}, {""move_vx"": 4.1012193308819755, ""move_vy"": 4.1012193308819755, ""kick_power"": 0.0, ""kick_dir"": null}, {""move_vx"": -5.164176298400382, ""move_vy"": 1.5783799159390415, ""kick_power"": 0.0, ""kick_dir"": null}, {""move_vx"": -3.8183766184073566, ""move_vy"": -3.8183766184073566, ""kick_power"": 0.0, ""kick_dir"": null}, {""move_vx"": 4.640804811141129, ""move_vy"": -1.6636798685111718, ""kick_power"": 0.0, ""kick_dir"": null}, {""move_vx"": -5.407238949333269, ""move_vy"": 2.6003397748781296, ""kick_power"": 0.0, ""kick_dir"": null}, {""move_vx"": -5.376826737441589, ""move_vy"": 0.4997341648649161, ""kick_power"": 0.0, ""kick_dir"": null}, {""move_vx"": -5.03467503438861, ""move_vy"": -2.6724609067494387, ""kick_power"": 0.0, ""kick_dir"": null}, {""move_vx"": -5.682208671980533, ""move_vy"": 2.9449116469037286, ""kick_power"": 0.0, ""kick_dir"": null}, {""move_vx"": -7.199761304723197, ""move_vy"": 0.0586272548437984, ""kick_power"": 0.0, ""kick_dir"": null}, {""move_vx"": -5.902651352353892, ""move_vy"": -3.2120253754531225, ""kick_power"": 0.0, ""kick_dir"": null}]"
1968,35,default,default,0,38.964620098263126,37.18271327121718,20,B,,0.06116094693579625,-0.015545533420380016,0.35154657687495117,"[{""move_vx"": 0.0, ""move_vy"": 0.0, ""kick_power"": 0.0, ""kick_dir"": null}, {""move_vx"": -4.1012193308819755, ""move_vy"": 4.1012193308819755, ""kick_power"": 0.0, ""kick_dir"": null}, {""move_vx"": 5.939547153467655, ""move_vy"": -0.07334583651645377, ""kick_power"": 0.0, ""kick_dir"": null}, {""move_vx"": 0.0, ""move_vy"": 0.0, ""kick_power"": 0.9, ""kick_dir"": [-0.16012136476438582, -0.987097136907065]}, {""move_vx"": 5.174151687983733, ""move_vy"": -2.6207163733863075, ""kick_power"": 0.0, ""kick_dir"": null}, {""move_vx"": -4.313351365237939, ""move_vy"": 4.313351365237939, ""kick_power"": 0.0, ""kick_dir"": null}, {""move_vx"": 4.242640687119285, ""move_vy"": 4.242640687119285, ""kick_power"": 0.0, ""kick_dir"": null}, {""move_vx"": -2.939528274647559, ""move_vy"": 4.167634043740829, ""kick_power"": 0.0, ""kick_dir"": null}, {""move_vx"": 0.0, ""move_vy"": 0.0, ""kick_power"": 0.0, ""kick_dir"": null}, {""move_vx"": 7.195321173485372, ""move_vy"": 0.2595249706542084, ""kick_power"": 0.0, ""kick_dir"": null}, {""move_vx"": 5.668902231310383, ""move_vy"": 1.965590876007557, ""kick_power"": 0.0, ""kick_dir"": null}, {""move_vx"": -4.499999915221212, ""move_vy"": 0.0008735039136293488, ""kick_power"": 0.0, ""kick_dir"": null}, {""move_vx"": -5.1863295201591155, ""move_vy"": 1.8606681886693595, ""kick_power"": 0.0, ""kick_dir"": null}, {""move_vx"": -5.164176298400382, ""move_vy"": 1.5783799159390413, ""kick_power"": 0.0, ""kick_dir"": null}, {""move_vx"": -3.8183766184073566, ""move_vy"": -3.8183766184073566, ""kick_power"": 0.0, ""kick_dir"": null}, {""move_vx"": 4.6408048111411295, ""move_vy"": -1.6636798685111698, ""kick_power"": 0.0, ""kick_dir"": null}, {""move_vx"": -5.407238949333269, ""move_vy"": 2.60033977487813, ""kick_power"": 0.0, ""kick_dir"": null}, {""move_vx"": -5.37713745684743, ""move_vy"": 0.49637966333074934, ""kick_power"": 0.0, ""kick_dir"": null}, {""move_vx"": -5.060423001381995, ""move_vy"": -2.6233793181856186, ""kick_power"": 0.0, ""kick_dir"": null}, {""move_vx"": -5.682208671980533, ""move_vy"": 2.944911646903728, ""kick_power"": 0.0, ""kick_dir"": null}, {""move_vx"": -7.199761304723197, ""move_vy"": 0.05862725484379959, ""kick_power"": 0.0, ""kick_dir"": null}, {""move_vx"": -5.956667473707266, ""move_vy"": -3.1107093415614875, ""kick_power"": 0.0, ""kick_dir"": null}]"
1968,36,default,default,0,40.16460020699006,37.17782766664686,20,B,,0.05001551169745992,-0.004555802804741145,0.39254231338326784,"[{""move_vx"": 0.0, ""move_vy"": 0.0, ""kick_power"": 0.0, ""kick_dir"": null}, {""move_vx"": -4.1012193308819755, ""move_vy"": 4.1012193308819755, ""kick_power"": 0.0, ""kick_dir"": null}, {""move_vx"": 5.939547153467655, ""move_vy"": -0.073345836516454, ""kick_power"": 0.0, ""kick_dir"": null}, {""move_vx"": 0.0, ""move_vy"": 0.0, ""kick_power"": 0.9, ""kick_dir"": [-0.08330921488369572, -0.9965235474311791]}, {""move_vx"": 5.174151687983734, ""move_vy"": -2.620716373386308, ""kick_power"": 0.0, ""kick_dir"": null}, {""move_vx"": -4.313351365237939, ""move_vy"": 4.313351365237939, ""kick_power"": 0.0, ""kick_dir"": null}, {""move_vx"": 4.242640687119285, ""move_vy"": 4.242640687119285, ""kick_power"": 0.0, ""kick_dir"": null}, {""move_vx"": 2.9395282746477123, ""move_vy"": -4.167634043740722, ""kick_power"": 0.0, ""kick_dir"": null}, {""move_vx"": 4.313351365237939, ""move_vy"": -4.313351365237939, ""kick_power"": 0.0, ""kick_dir"": null}, {""move_vx"": 7.196392871697698, ""move_vy"": 0.22788074990779666, ""kick_power"": 0.0, ""kick_dir"": null}, {""move_vx"": 5.668902231310383, ""move_vy"": 1.965590876007557, ""kick_power"": 0.0, ""kick_dir"": null}, {""move_vx"": -4.499999915656812, ""move_vy"": 0.000871256959050583, ""kick_power"": 0.0, ""kick_dir"": null}, {""move_vx"": -5.192829338675613, ""move_vy"": 1.8424503953674811, ""kick_power"": 0.0, ""kick_dir"": null}, {""move_vx"": -5.009364431608728, ""move_vy"": 1.1059692542441522, ""kick_power"": 0.0, ""kick_dir"": null}, {""move_vx"": -3.8183766184073566, ""move_vy"": -3.8183766184073566, ""kick_power"": 0.0, ""kick_dir"": null}, {""move_vx"": 4.64080481114113, ""move_vy"": -1.663679868511167, ""kick_power"": 0.0, ""kick_dir"": null}, {""move_vx"": -0.0, ""move_vy"": -6.0, ""kick_power"": 0.0, ""kick_dir"": null}, {""move_vx"": -5.3743516394049085, ""move_vy"": 0.5256847496606402, ""kick_power"": 0.0, ""kick_dir"": null}, {""move_vx"": -5.085194194413285, ""move_vy"": -2.5750339813496446, ""kick_power"": 0.0, ""kick_dir"": null}, {""move_vx"": -5.682208671980533, ""move_vy"": 2.944911646903728, ""kick_power"": 0.0, ""kick_dir"": null}, {""move_vx"": -0.0, ""move_vy"": 0.0, ""kick_power"": 0.0, ""kick_dir"": null}, {""move_vx"": -6.007435564078365, ""move_vy"": -3.011497624678866, ""kick_power"": 0.0, ""kick_dir"": null}]"
1968,37,default,default,0,38.48463601128158,37.18662175487343,20,B,,0.06464750015336407,-0.008278995541853091,0.3134085458413101,"[{""move_vx"": 0.0, ""move_vy"": 0.0, ""kick_power"": 0.0, ""kick_dir"": null}, {""move_vx"": 6.743502011173816, ""move_vy"": 3.3729483579347486, ""kick_power"": 0.0, ""kick_dir"": null}, {""move_vx"": 5.939547153467655, ""move_vy"": -0.07334583651645422, ""kick_power"": 0.0, ""kick_dir"": null}, {""move_vx"": 0.0, ""move_vy"": 0.0, ""kick_power"": 0.9, ""kick_dir"": [-0.005593815538074919, -0.9999841568331866]}, {""move_vx"": 5.174151687983732, ""move_vy"": -2.6207163733863084, ""kick_power"": 0.0, ""kick_dir"": null}, {""move_vx"": 6.1, ""move_vy"": 0.0, ""kick_power"": 0.0, ""kick_dir"": null}, {""move_vx"": 4.242640687119285, ""move_vy"": 4.242640687119285, ""kick_power"": 0.0, ""kick_dir"": null}, {""move_vx"": -2.939528274647559, ""move_vy"": 4.167634043740829, ""kick_power"": 0.0, ""kick_dir"": null}, {""move_vx"": 4.313351365237939, ""move_vy"": -4.313351365237939, ""kick_power"": 0.0, ""kick_dir"": null}, {""move_vx"": 7.196946116050326, ""move_vy"": 0.20968214675577634, ""kick_power"": 0.0, ""kick_dir"": null}, {""move_vx"": 4.242640687119285, ""move_vy"": -4.242640687119285, ""kick_power"": 0.0, ""kick_dir"": null}, {""move_vx"": 5.0, ""move_vy"": 0.0, ""kick_power"": 0.0, ""kick_dir"": null}, {""move_vx"": -5.17586321455144, ""move_vy"": 1.8895872523525423, ""kick_power"": 0.0, ""kick_dir"": null}, {""move_vx"": -5.001645098042238, ""move_vy"": 1.1403711296021322, ""kick_power"": 0.0, ""kick_dir"": null}, {""move_vx"": -3.8183766184073566, ""move_vy"": -3.8183766184073566, ""kick_power"": 0.0, ""kick_dir"": null}, {""move_vx"": 4.640804811141131, ""move_vy"": -1.663679868511164, ""kick_power"": 0.0, ""kick_dir"": null}, {""move_vx"": -5.823048905651145, ""move_vy"": 2.4046000587197467, ""kick_power"": 0.0, ""kick_dir"": null}, {""move_vx"": -5.371356594808894, ""move_vy"": 0.5554532666237578, ""kick_power"": 0.0, ""kick_dir"": null}, {""move_vx"": -5.0119164930929285, ""move_vy"": -2.714902036218448, ""kick_power"": 0.0, ""kick_dir"": null}, {""move_vx"": -5.682208671980533, ""move_vy"": 2.944911646903728, ""kick_power"": 0.0, ""kick_dir"": null}, {""move_vx"": -7.1997613047231965, ""move_vy"": 0.058627254843800804, ""kick_power"": 0.0, ""kick_dir"": null}, {""move_vx"": -5.866480359694332, ""move_vy"": -3.277622337811462, ""kick_power"": 0.0, ""kick_dir"": null}]"
1968,38,default,default,0,38.004651924300035,37.190530238529675,20,B,,0.06854100434017273,-0.009242785130843144,0.35700333266034634,"[{""move_vx"": 0.0, ""move_vy"": 0.0, ""kick_power"": 0.0, ""kick_dir"": null}, {""move_vx"": -4.1012193308819755, ""move_vy"": 4.1012193308819755, ""kick_power"": 0.0, ""kick_dir"": null}, {""move_vx"": 5.939547153467655, ""move_vy"": -0.07334583651645446, ""kick_power"": 0.0, ""kick_dir"": null}, {""move_vx"": 0.0, ""move_vy"": 0.0, ""kick_power"": 0.9, ""kick_dir"": [0.0727817393394013, -0.9973476950381763]}, {""move_vx"": 5.174151687983733, ""move_vy"": -2.6207163733863093, ""kick_power"": 0.0, ""kick_dir"": null}, {""move_vx"": -4.313351365237939, ""move_vy"": 4.313351365237939, ""kick_power"": 0.0, ""kick_dir"": null}, {""move_vx"": 4.242640687119285, ""move_vy"": 4.242640687119285, ""kick_power"": 0.0, ""kick_dir"": null}, {""move_vx"": 2.9395282746477123, ""move_vy"": -4.167634043740722, ""kick_power"": 0.0, ""kick_dir"": null}, {""move_vx"": 4.313351365237939, ""move_vy"": -4.313351365237939, ""kick_power"": 0.0, ""kick_dir"": null}, {""move_vx"": 7.196946116050326, ""move_vy"": 0.20968214675577573, ""kick_power"": 0.0, ""kick_dir"": null}, {""move_vx"": 5.643704494932606, ""move_vy"": 2.0368111286708714, ""kick_power"": 0.0, ""kick_dir"": null}, {""move_vx"": -4.499999916687204, ""move_vy"": 0.0008659186809195584, ""kick_power"": 0.0, ""kick_dir"": null}, {""move_vx"": -5.199376356095664, ""move_vy"": 1.8238929540061741, ""kick_power"": 0.0, ""kick_dir"": null}, {""move_vx"": -5.01229644847495, ""move_vy"": 1.0926043714929028, ""kick_power"": 0.0, ""kick_dir"": null}, {""move_vx"": -3.8183766184073566, ""move_vy"": -3.8183766184073566, ""kick_power"": 0.0, ""kick_dir"": null}, {""move_vx"": 4.640804811141133, ""move_vy"": -1.66367986851116, ""kick_power"": 0.0, ""kick_dir"": null}, {""move_vx"": -5.387504091005736, ""move_vy"": 2.640984602264174, ""kick_power"": 0.0, ""kick_dir"": null}, {""move_vx"": -5.372759487078335, ""move_vy"": 0.5417153256183129, ""kick_power"": 0.0, ""kick_dir"": null}, {""move_vx"": -5.095676892556224, ""move_vy"": -2.55422728171722, ""kick_power"": 0.0, ""kick_dir"": null}, {""move_vx"": -5.682208671980533, ""move_vy"": 2.9449116469037278, ""kick_power"": 0.0, ""kick_dir"": null}, {""move_vx"": -7.1997613047231965, ""move_vy"": 0.05862725484380204, ""kick_power"": 0.0, ""kick_dir"": null}, {""move_vx"": -6.061140470565913, ""move_vy"": -2.9018918305250514, ""kick_power"": 0.0, ""kick_dir"": null}]"
1968,39,default,default,0,37.52466783731849,37.19443872218592,20,B,,0.07202885838362107,-0.012154422212268003,0.35958084700567666,"[{""move_vx"": 0.0, ""move_vy"": -5.0, ""kick_power"": 0.0, ""kick_dir"": null}, {""move_vx"": 6.647525482037618, ""move_vy"": 3.558371111289621, ""kick_power"": 0.0, ""kick_dir"": null}, {""move_vx"": 5.939547153467655, ""move_vy"": -0.07334583651645471, ""kick_power"": 0.0, ""kick_dir"": null}, {""move_vx"": 0.0, ""move_vy"": 0.0, ""kick_power"": 0.9, ""kick_dir"": [0.14936546566573014, -0.988781860611835]}, {""move_vx"": 5.174151687983732, ""move_vy"": -2.6207163733863093, ""kick_power"": 0.0, ""kick_dir"": null}, {""move_vx"": -4.313351365237939, ""move_vy"": 4.313351365237939, ""kick_power"": 0.0, ""kick_dir"": null}, {""move_vx"": 4.242640687119285, ""move_vy"": 4.242640687119285, ""kick_power"": 0.0, ""kick_dir"": null}, {""move_vx"": -2.939528274647559, ""move_vy"": 4.167634043740829, ""kick_power"": 0.0, ""kick_dir"": null}, {""move_vx"": 4.313351365237939, ""move_vy"": -4.313351365237939, ""kick_power"": 0.0, ""kick_dir"": null}, {""move_vx"": 7.196946116050326, ""move_vy"": 0.20968214675577507, ""kick_power"": 0.0, ""kick_dir"": null}, {""move_vx"": 5.633984137056611, ""move_vy"": 2.0635461573210514, ""kick_power"": 0.0, ""kick_dir"": null}, {""move_vx"": -4.4999999171142955, ""move_vy"": 0.0008636963196801976, ""kick_power"": 0.0, ""kick_dir"": null}, {""move_vx"": -5.205645180321339, ""move_vy"": 1.8059231037331611, ""kick_power"": 0.0, ""kick_dir"": null}, {""move_vx"": -5.015081852557201, ""move_vy"": 1.0797471982605142, ""kick_power"": 0.0, ""kick_dir"": null}, {""move_vx"": -3.8183766184073566, ""move_vy"": -3.8183766184073566, ""kick_power"": 0.0, ""kick_dir"": null}, {""move_vx"": 4.640804811141135, ""move_vy"": -1.6636798685111553, ""kick_power"": 0.0, ""kick_dir"": null}, {""move_vx"": -5.839950686283447, ""move_vy"": -1.376581265954719, ""kick_power"": 0.0, ""kick_dir"": null}, {""move_vx"": -5.373133371459609, ""move_vy"": 0.5379942123360588, ""kick_power"": 0.0, ""kick_dir"": null}, {""move_vx"": -5.099494953285544, ""move_vy"": -2.5465960067146995, ""kick_power"": 0.0, ""kick_dir"": null}, {""move_vx"": -5.682208671980534, ""move_vy"": 2.9449116469037278, ""kick_power"": 0.0, ""kick_dir"": null}, {""move_vx"": -7.199761304723196, ""move_vy"": 0.058627254843803316, ""kick_power"": 0.0, ""kick_dir"": null}, {""move_vx"": -6.1069629522765165, ""move_vy"": -2.8041760821178996, ""kick_power"": 0.0, ""kick_dir"": null}]"
1968,40,default,default,0,38.83175472723197,36.48244633642906,20,B,,0.06037465978041685,-0.016945602470210465,0.4103299232425502,"[{""move_vx"": 6.499820985221612, ""move_vy"": 0.04824064751588555, ""kick_power"": 0.0, ""kick_dir"": null}, {""move_vx"": -4.1012193308819755, ""move_vy"": 4.1012193308819755, ""kick_power"": 0.0, ""kick_dir"": null}, {""move_vx"": 5.939547153467654, ""move_vy"": -0.07334583651645495, ""kick_power"": 0.0, ""kick_dir"": null}, {""move_vx"": 0.0, ""move_vy"": 0.0, ""kick_power"": 0.9, ""kick_dir"": [0.22318976793898596, -0.9747748168975845]}, {""move_vx"": 5.174151687983732, ""move_vy"": -2.6207163733863097, ""kick_power"": 0.0, ""kick_dir"": null}, {""move_vx"": -4.313351365237939, ""move_vy"": 4.313351365237939, ""kick_power"": 0.0, ""kick_dir"": null}, {""move_vx"": 4.242640687119285, ""move_vy"": 4.242640687119285, ""kick_power"": 0.0, ""kick_dir"": null}, {""move_vx"": 2.9395282746477123, ""move_vy"": -4.167634043740722, ""kick_power"": 0.0, ""kick_dir"": null}, {""move_vx"": 4.313351365237939, ""move_vy"": -4.313351365237939, ""kick_power"": 0.0, ""kick_dir"": null}, {""move_vx"": 7.196946116050326, ""move_vy"": 0.20968214675577443, ""kick_power"": 0.0, ""kick_dir"": null}, {""move_vx"": 5.629312854309176, ""move_vy"": 2.0762554727945894, ""kick_power"": 0.0, ""kick_dir"": null}, {""move_vx"": -4.499999917539471, ""move_vy"": 0.0008614782389179816, ""kick_power"": 0.0, ""kick_dir"": null}, {""move_vx"": -5.211777518704833, ""move_vy"": 1.7881485104774948, ""kick_power"": 0.0, ""kick_dir"": null}, {""move_vx"": -5.017791772788499, ""move_vy"": 1.0670828107209198, ""kick_power"": 0.0, ""kick_dir"": null}, {""move_vx"": -3.8183766184073566, ""move_vy"": -3.8183766184073566, ""kick_power"": 0.0, ""kick_dir"": null}, {""move_vx"": 4.640804811141137, ""move_vy"": -1.6636798685111494, ""kick_power"": 0.0, ""kick_dir"": null}, {""move_vx"": -5.930708001874892, ""move_vy"": 2.125253536992028, ""kick_power"": 0.0, ""kick_dir"": null}, {""move_vx"": -5.373503307242711, ""move_vy"": 0.5342866337946809, ""kick_power"": 0.0, ""kick_dir"": null}, {""move_vx"": -5.113096190940552, ""move_vy"": -2.5191759252162607, ""kick_power"": 0.0, ""kick_dir"": null}, {""move_vx"": -5.682208671980534, ""move_vy"": 2.9449116469037278, ""kick_power"": 0.0, ""kick_dir"": null}, {""move_vx"": 4.242640687119285, ""move_vy"": -4.242640687119285, ""kick_power"": 0.0, ""kick_dir"": null}, {""move_vx"": -6.1498139276068935, ""move_vy"": -2.708909126532724, ""kick_power"": 0.0, ""kick_dir"": null}]"
1968,41,default,default,0,37.32761948870847,36.92339143058296,20,B,,0.0736936340907895,-0.0007381853008238543,0.32203319993738294,"[{""move_vx"": 4.690816340692094, ""move_vy"": -0.7474905068935844, ""kick_power"": 0.0, ""kick_dir"": null}, {""move_vx"": 5.8, ""move_vy"": 0.0, ""kick_power"": 0.0, ""kick_dir"": null}, {""move_vx"": 5.939547153467654, ""move_vy"": -0.0733458365164552, ""kick_power"": 0.0, ""kick_dir"": null}, {""move_vx"": 0.0, ""move_vy"": 0.0, ""kick_power"": 0.9, ""kick_dir"": [0.28606464757145067, 0.9582102601782717]}, {""move_vx"": 5.1741516879837315, ""move_vy"": -2.6207163733863097, ""kick_power"": 0.0, ""kick_dir"": null}, {""move_vx"": 6.1, ""move_vy"": 0.0, ""kick_power"": 0.0, ""kick_dir"": null}, {""move_vx"": -4.242640687119285, ""move_vy"": -4.242640687119285, ""kick_power"": 0.0, ""kick_dir"": null}, {""move_vx"": -2.939528274647559, ""move_vy"": 4.167634043740829, ""kick_power"": 0.0, ""kick_dir"": null}, {""move_vx"": 4.313351365237939, ""move_vy"": -4.313351365237939, ""kick_power"": 0.0, ""kick_dir"": null}, {""move_vx"": 7.196946116050326, ""move_vy"": 0.20968214675577376, ""kick_power"": 0.0, ""kick_dir"": null}, {""move_vx"": 4.242640687119285, ""move_vy"": -4.242640687119285, ""kick_power"": 0.0, ""kick_dir"": null}, {""move_vx"": -4.499999917962736, ""move_vy"": 0.0008592644331321525, ""kick_power"": 0.0, ""kick_dir"": null}, {""move_vx"": -0.0, ""move_vy"": 5.8, ""kick_power"": 0.0, ""kick_dir"": null}, {""move_vx"": -5.029787882469073, ""move_vy"": 1.0090261926071473, ""kick_power"": 0.0, ""kick_dir"": null}, {""move_vx"": -3.8183766184073566, ""move_vy"": -3.8183766184073566, ""kick_power"": 0.0, ""kick_dir"": null}, {""move_vx"": 4.64080481114114, ""move_vy"": -1.6636798685111411, ""kick_power"": 0.0, ""kick_dir"": null}, {""move_vx"": -0.0, ""move_vy"": 0.0, ""kick_power"": 0.65, ""kick_dir"": [0.9906733051101029, 0.1362544556325529]}, {""move_vx"": -5.378290713896016, ""move_vy"": 0.4837240916265065, ""kick_power"": 0.0, ""kick_dir"": null}, {""move_vx"": -4.242640687119285, ""move_vy"": -4.242640687119285, ""kick_power"": 0.0, ""kick_dir"": null}, {""move_vx"": -5.682208671980534, ""move_vy"": 2.9449116469037278, ""kick_power"": 0.0, ""kick_dir"": null}, {""move_vx"": -7.199141132077118, ""move_vy"": 0.11120683627987611, ""kick_power"": 0.0, ""kick_dir"": null}, {""move_vx"": -5.848960580807337, ""move_vy"": -3.3087852943583265, ""kick_power"": 0.0, ""kick_dir"": null}]"
1968,42,default,default,0,36.847676746569995,36.93080521966828,20,B,,0.0775888807206316,-0.014043073961889155,0.36365702567486125,"[{""move_vx"": 0.0, ""move_vy"": 0.0, ""kick_power"": 1.0, ""kick_dir"": [0.999941988706885, 0.010769554840691295]}, {""move_vx"": -4.1012193308819755, ""move_vy"": 4.1012193308819755, ""kick_power"": 0.0, ""kick_dir"": null}, {""move_vx"": 5.939547153467655, ""move_vy"": -0.07334583651645545, ""kick_power"": 0.0, ""kick_dir"": null}, {""move_vx"": 0.0, ""move_vy"": 0.0, ""kick_power"": 0.9, ""kick_dir"": [0.3754736835033294, -0.9268328551315732]}, {""move_vx"": 5.174151687983732, ""move_vy"": -2.6207163733863106, ""kick_power"": 0.0, ""kick_dir"": null}, {""move_vx"": -4.313351365237939, ""move_vy"": 4.313351365237939, ""kick_power"": 0.0, ""kick_dir"": null}, {""move_vx"": 4.242640687119285, ""move_vy"": 4.242640687119285, ""kick_power"": 0.0, ""kick_dir"": null}, {""move_vx"": 2.9395282746477123, ""move_vy"": -4.167634043740722, ""kick_power"": 0.0, ""kick_dir"": null}, {""move_vx"": 4.313351365237939, ""move_vy"": -4.313351365237939, ""kick_power"": 0.0, ""kick_dir"": null}, {""move_vx"": 7.196946116050327, ""move_vy"": 0.2096821467557731, ""kick_power"": 0.0, ""kick_dir"": null}, {""move_vx"": 5.610463286527811, ""move_vy"": 2.1266644564960306, ""kick_power"": 0.0, ""kick_dir"": null}, {""move_vx"": -4.499999918384099, ""move_vy"": 0.0008570548968269927, ""kick_power"": 0.0, ""kick_dir"": null}, {""move_vx"": -5.238649937468304, ""move_vy"": 1.7078193208484704, ""kick_power"": 0.0, ""kick_dir"": null}, {""move_vx"": -5.026127232177235, ""move_vy"": 1.0271051776553395, ""kick_power"": 0.0, ""kick_dir"": null}, {""move_vx"": -3.8183766184073566, ""move_vy"": -3.8183766184073566, ""kick_power"": 0.0, ""kick_dir"": null}, {""move_vx"": 4.640804811141144, ""move_vy"": -1.66367986851113, ""kick_power"": 0.0, ""kick_dir"": null}, {""move_vx"": -5.971756630312164, ""move_vy"": 2.0070183726918644, ""kick_power"": 0.0, ""kick_dir"": null}, {""move_vx"": -5.375866670801656, ""move_vy"": 0.5099583686576059, ""kick_power"": 0.0, ""kick_dir"": null}, {""move_vx"": -5.110127860454898, ""move_vy"": -2.5251917253552514, ""kick_power"": 0.0, ""kick_dir"": null}, {""move_vx"": -5.682208671980534, ""move_vy"": 2.9449116469037278, ""kick_power"": 0.0, ""kick_dir"": null}, {""move_vx"": -7.199141132077118, ""move_vy"": 0.11120683627987721, ""kick_power"": 0.0, ""kick_dir"": null}, {""move_vx"": -6.122676172953898, ""move_vy"": -2.7696997095610594, ""kick_power"": 0.0, ""kick_dir"": null}]"
1968,43,default,default,0,36.36773400443152,36.9382190087536,20,B,,0.08195097244312344,-0.01530776016723997,0.3583504936451435,"[{""move_vx"": 6.4999982615047305, ""move_vy"": 0.004753991531037351, ""kick_power"": 0.0, ""kick_dir"": null}, {""move_vx"": 6.689248287850163, ""move_vy"": 3.4793041464484906, ""kick_power"": 0.0, ""kick_dir"": null}, {""move_vx"": 5.939547153467655, ""move_vy"": -0.07334583651645571, ""kick_power"": 0.0, ""kick_dir"": null}, {""move_vx"": 0.0, ""move_vy"": 0.0, ""kick_power"": 0.9, ""kick_dir"": [0.4356575822644502, -0.9001122766034872]}, {""move_vx"": 5.1741516879837315, ""move_vy"": -2.6207163733863106, ""kick_power"": 0.0, ""kick_dir"": null}, {""move_vx"": -4.313351365237939, ""move_vy"": 4.313351365237939, ""kick_power"": 0.0, ""kick_dir"": null}, {""move_vx"": 4.242640687119285, ""move_vy"": 4.242640687119285, ""kick_power"": 0.0, ""kick_dir"": null}, {""move_vx"": -2.939528274647559, ""move_vy"": 4.167634043740829, ""kick_power"": 0.0, ""kick_dir"": null}, {""move_vx"": 4.313351365237939, ""move_vy"": -4.313351365237939, ""kick_power"": 0.0, ""kick_dir"": null}, {""move_vx"": 7.196946116050326, ""move_vy"": 0.20968214675577235, ""kick_power"": 0.0, ""kick_dir"": null}, {""move_vx"": 5.610463286527811, ""move_vy"": 2.1266644564960306, ""kick_power"": 0.0, ""kick_dir"": null}, {""move_vx"": -4.499999918803568, ""move_vy"": 0.0008548496245090981, ""kick_power"": 0.0, ""kick_dir"": null}, {""move_vx"": -5.244035284940418, ""move_vy"": 1.6912107882519734, ""kick_power"": 0.0, ""kick_dir"": null}, {""move_vx"": -5.028509037580936, ""move_vy"": 1.0153801549010313, ""kick_power"": 0.0, ""kick_dir"": null}, {""move_vx"": -3.8183766184073566, ""move_vy"": -3.8183766184073566, ""kick_power"": 0.0, ""kick_dir"": null}, {""move_vx"": 4.640804811141149, ""move_vy"": -1.6636798685111127, ""kick_power"": 0.0, ""kick_dir"": null}, {""move_vx"": -5.989555457406124, ""move_vy"": 1.9532602035203916, ""kick_power"": 0.0, ""kick_dir"": null}, {""move_vx"": -5.3767682963289865, ""move_vy"": 0.500362556144532, ""kick_power"": 0.0, ""kick_dir"": null}, {""move_vx"": 6.0, ""move_vy"": 0.0, ""kick_power"": 0.0, ""kick_dir"": null}, {""move_vx"": -5.680311384984219, ""move_vy"": 2.9485695802572924, ""kick_power"": 0.0, ""kick_dir"": null}, {""move_vx"": -7.199141132077118, ""move_vy"": 0.11120683627987832, ""kick_power"": 0.0, ""kick_dir"": null}, {""move_vx"": -6.16718996312941, ""move_vy"": -2.669113702837684, ""kick_power"": 0.0, ""kick_dir"": null}]"
1968,44,default,default,0,35.88779126229304,36.94563279783892,20,B,,0.08631304691856626,-0.02035836469850823,0.3595390021696433,"[{""move_vx"": 6.49999696348064, ""move_vy"": 0.006282892842041936, ""kick_power"": 0.0, ""kick_dir"": null}, {""move_vx"": -4.1012193308819755, ""move_vy"": 4.1012193308819755, ""kick_power"": 0.0, ""kick_dir"": null}, {""move_vx"": 5.939547153467654, ""move_vy"": -0.07334583651645595, ""kick_power"": 0.0, ""kick_dir"": null}, {""move_vx"": 0.0, ""move_vy"": 0.0, ""kick_power"": 0.9, ""kick_dir"": [0.4903971651154097, -0.8714988650474774]}, {""move_vx"": 5.1741516879837315, ""move_vy"": -2.6207163733863115, ""kick_power"": 0.0, ""kick_dir"": null}, {""move_vx"": -4.313351365237939, ""move_vy"": 4.313351365237939, ""kick_power"": 0.0, ""kick_dir"": null}, {""move_vx"": 4.242640687119285, ""move_vy"": 4.242640687119285, ""kick_power"": 0.0, ""kick_dir"": null}, {""move_vx"": 2.9395282746477123, ""move_vy"": -4.167634043740722, ""kick_power"": 0.0, ""kick_dir"": null}, {""move_vx"": 4.313351365237939, ""move_vy"": -4.313351365237939, ""kick_power"": 0.0, ""kick_dir"": null}, {""move_vx"": 7.196946116050326, ""move_vy"": 0.20968214675577165, ""kick_power"": 0.0, ""kick_dir"": null}, {""move_vx"": 7.1895851498089955, ""move_vy"": -0.38712449373031976, ""kick_power"": 0.0, ""kick_dir"": null}, {""move_vx"": -4.499999919221149, ""move_vy"": 0.0008526486106894437, ""kick_power"": 0.0, ""kick_dir"": null}, {""move_vx"": -5.249302755797685, ""move_vy"": 1.6747897115682406, ""kick_power"": 0.0, ""kick_dir"": null}, {""move_vx"": -5.030826625378585, ""move_vy"": 1.003834381450409, ""kick_power"": 0.0, ""kick_dir"": null}, {""move_vx"": -3.8183766184073566, ""move_vy"": -3.8183766184073566, ""kick_power"": 0.0, ""kick_dir"": null}, {""move_vx"": 4.64080481114116, ""move_vy"": -1.6636798685110847, ""kick_power"": 0.0, ""kick_dir"": null}, {""move_vx"": -6.0063483635125445, ""move_vy"": 1.900994301972049, ""kick_power"": 0.0, ""kick_dir"": null}, {""move_vx"": -5.378326615346672, ""move_vy"": 0.48332475485289955, ""kick_power"": 0.0, ""kick_dir"": null}, {""move_vx"": -4.242640687119285, ""move_vy"": -4.242640687119285, ""kick_power"": 0.0, ""kick_dir"": null}, {""move_vx"": -5.6761471838463, ""move_vy"": 2.956577945414889, ""kick_power"": 0.0, ""kick_dir"": null}, {""move_vx"": -7.199141132077118, ""move_vy"": 0.11120683627987944, ""kick_power"": 0.0, ""kick_dir"": null}, {""move_vx"": 6.4, ""move_vy"": 0.0, ""kick_power"": 0.0, ""kick_dir"": null}]"
1968,45,default,default,0,35.407848520154566,36.95304658692424,20,B,,0.09043398241807914,-0.01841086468363486,0.36570723770196106,"[{""move_vx"": 4.689179238248026, ""move_vy"": 0.7576925970231367, ""kick_power"": 0.0, ""kick_dir"": null}, {""move_vx"": 6.673236660623689, ""move_vy"": 3.509916305456299, ""kick_power"": 0.0, ""kick_dir"": null}, {""move_vx"": 5.939547153467655, ""move_vy"": -0.07334583651645621, ""kick_power"": 0.0, ""kick_dir"": null}, {""move_vx"": 0.0, ""move_vy"": 0.0, ""kick_power"": 0.9, ""kick_dir"": [0.5397817990025559, -0.8418047713451702]}, {""move_vx"": 5.1741516879837315, ""move_vy"": -2.6207163733863115, ""kick_power"": 0.0, ""kick_dir"": null}, {""move_vx"": -4.313351365237939, ""move_vy"": 4.313351365237939, ""kick_power"": 0.0, ""kick_dir"": null}, {""move_vx"": 4.242640687119285, ""move_vy"": 4.242640687119285, ""kick_power"": 0.0, ""kick_dir"": null}, {""move_vx"": -2.939528274647559, ""move_vy"": 4.167634043740829, ""kick_power"": 0.0, ""kick_dir"": null}, {""move_vx"": 0.0, ""move_vy"": 0.0, ""kick_power"": 0.65, ""kick_dir"": [0.05810955050346769, 0.9983096574768514]}, {""move_vx"": 7.196946116050327, ""move_vy"": 0.20968214675577096, ""kick_power"": 0.0, ""kick_dir"": null}, {""move_vx"": 4.242640687119285, ""move_vy"": -4.242640687119285, ""kick_power"": 0.0, ""kick_dir"": null}, {""move_vx"": -4.499999919636849, ""move_vy"": 0.0008504518498820249, ""kick_power"": 0.0, ""kick_dir"": null}, {""move_vx"": -5.254455041139146, ""move_vy"": 1.6585542561663185, ""kick_power"": 0.0, ""kick_dir"": null}, {""move_vx"": -5.033081927576782, ""move_vy"": 0.9924647652687653, ""kick_power"": 0.0, ""kick_dir"": null}, {""move_vx"": -0.0, ""move_vy"": 0.0, ""kick_power"": 0.4, ""kick_dir"": [-0.7235533262656483, -0.6902682294854314]}, {""move_vx"": 4.640804811141179, ""move_vy"": -1.66367986851103, ""kick_power"": 0.0, ""kick_dir"": null}, {""move_vx"": -6.02219149059454, ""move_vy"": 1.8501917875211538, ""kick_power"": 0.0, ""kick_dir"": null}, {""move_vx"": -5.379837410856564, ""move_vy"": 0.4662074996695619, ""kick_power"": 0.0, ""kick_dir"": null}, {""move_vx"": -4.242640687119285, ""move_vy"": -4.242640687119285, ""kick_power"": 0.0, ""kick_dir"": null}, {""move_vx"": -5.671914830500622, ""move_vy"": 2.9646892173627757, ""kick_power"": 0.0, ""kick_dir"": null}, {""move_vx"": -7.199141132077118, ""move_vy"": 0.11120683627988061, ""kick_power"": 0.0, ""kick_dir"": null}, {""move_vx"": -6.274669265137281, ""move_vy"": -2.4056029624901902, ""kick_power"": 0.0, ""kick_dir"": null}]"
1968,46,default,default,0,34.92790577801609,36.96046037600956,20,B,,0.0945540842136774,-0.02126741168354168,0.3726428283220781,"[{""move_vx"": 4.688071079592039, ""move_vy"": -0.7645191643724386, ""kick_power"": 0.0, ""kick_dir"": null}, {""move_vx"": -4.1012193308819755, ""move_vy"": 4.1012193308819755, ""kick_power"": 0.0, ""kick_dir"": null}, {""move_vx"": 5.939547153467655, ""move_vy"": -0.07334583651645647, ""kick_power"": 0.0, ""kick_dir"": null}, {""move_vx"": 0.0, ""move_vy"": 0.0, ""kick_power"": 0.9, ""kick_dir"": [0.5840619052283049, -0.8117089175623079]}, {""move_vx"": 5.1741516879837315, ""move_vy"": -2.6207163733863124, ""kick_power"": 0.0, ""kick_dir"": null}, {""move_vx"": -4.313351365237939, ""move_vy"": 4.313351365237939, ""kick_power"": 0.0, ""kick_dir"": null}, {""move_vx"": 4.242640687119285, ""move_vy"": 4.242640687119285, ""kick_power"": 0.0, ""kick_dir"": null}, {""move_vx"": 2.9395282746477123, ""move_vy"": -4.167634043740722, ""kick_power"": 0.0, ""kick_dir"": null}, {""move_vx"": 4.313351365237939, ""move_vy"": -4.313351365237939, ""kick_power"": 0.0, ""kick_dir"": null}, {""move_vx"": 7.196946116050327, ""move_vy"": 0.2096821467557702, ""kick_power"": 0.0, ""kick_dir"": null}, {""move_vx"": 4.242640687119285, ""move_vy"": -4.242640687119285, ""kick_power"": 0.0, ""kick_dir"": null}, {""move_vx"": -4.499999920050676, ""move_vy"": 0.0008482593366045538, ""kick_power"": 0.0, ""kick_dir"": null}, {""move_vx"": -5.259494772463631, ""move_vy"": 1.6425025839942347, ""kick_power"": 0.0, ""kick_dir"": null}, {""move_vx"": -5.035276813452559, ""move_vy"": 0.9812682670437473, ""kick_power"": 0.0, ""kick_dir"": null}, {""move_vx"": -3.8183766184073566, ""move_vy"": -3.8183766184073566, ""kick_power"": 0.0, ""kick_dir"": null}, {""move_vx"": 4.640804811141127, ""move_vy"": -1.6636798685111778, ""kick_power"": 0.0, ""kick_dir"": null}, {""move_vx"": -6.037138167993676, ""move_vy"": 1.8008227954337892, ""kick_power"": 0.0, ""kick_dir"": null}, {""move_vx"": -5.381299738561407, ""move_vy"": 0.4490135006421783, ""kick_power"": 0.0, ""kick_dir"": null}, {""move_vx"": -4.242640687119285, ""move_vy"": -4.242640687119285, ""kick_power"": 0.0, ""kick_dir"": null}, {""move_vx"": -5.667615891311218, ""move_vy"": 2.972899276557573, ""kick_power"": 0.0, ""kick_dir"": null}, {""move_vx"": -7.199141132077118, ""move_vy"": 0.11120683627988182, ""kick_power"": 0.0, ""kick_dir"": null}, {""move_vx"": -6.306366146182589, ""move_vy"": -2.321238038263672, ""kick_power"": 0.0, ""kick_dir"": null}]"
1968,47,default,default,0,34.44796303587761,36.96787416509488,20,B,,0.09867472507462789,-0.02244400090780964,0.374971432489111,"[{""move_vx"": 4.685242317203906, ""move_vy"": 0.7816677229371626, ""kick_power"": 0.0, ""kick_dir"": null}, {""move_vx"": 6.655302872076315, ""move_vy"": 3.5438035612788625, ""kick_power"": 0.0, ""kick_dir"": null}, {""move_vx"": 5.939547153467655, ""move_vy"": -0.07334583651645674, ""kick_power"": 0.0, ""kick_dir"": null}, {""move_vx"": 0.0, ""move_vy"": 0.0, ""kick_power"": 0.9, ""kick_dir"": [0.6235905601303642, -0.7817509204459661]}, {""move_vx"": 5.399644461445916, ""move_vy"": -2.117507896083612, ""kick_power"": 0.0, ""kick_dir"": null}, {""move_vx"": -4.313351365237939, ""move_vy"": 4.313351365237939, ""kick_power"": 0.0, ""kick_dir"": null}, {""move_vx"": 4.242640687119285, ""move_vy"": 4.242640687119285, ""kick_power"": 0.0, ""kick_dir"": null}, {""move_vx"": -2.939528274647559, ""move_vy"": 4.167634043740829, ""kick_power"": 0.0, ""kick_dir"": null}, {""move_vx"": 4.313351365237939, ""move_vy"": -4.313351365237939, ""kick_power"": 0.0, ""kick_dir"": null}, {""move_vx"": 7.196946116050327, ""move_vy"": 0.20968214675576943, ""kick_power"": 0.0, ""kick_dir"": null}, {""move_vx"": 4.242640687119285, ""move_vy"": -4.242640687119285, ""kick_power"": 0.0, ""kick_dir"": null}, {""move_vx"": -4.499999920462638, ""move_vy"": 0.0008460710653784718, ""kick_power"": 0.0, ""kick_dir"": null}, {""move_vx"": -5.264424522742309, ""move_vy"": 1.6266328548106408, ""kick_power"": 0.0, ""kick_dir"": null}, {""move_vx"": -5.037413091677534, ""move_vy"": 0.9702418996290508, ""kick_power"": 0.0, ""kick_dir"": null}, {""move_vx"": -3.8183766184073566, ""move_vy"": -3.8183766184073566, ""kick_power"": 0.0, ""kick_dir"": null}, {""move_vx"": 4.6408048111412645, ""move_vy"": -1.6636798685107916, ""kick_power"": 0.0, ""kick_dir"": null}, {""move_vx"": -6.0512390013165165, ""move_vy"": 1.7528566823747738, ""kick_power"": 0.0, ""kick_dir"": null}, {""move_vx"": -5.382712625913548, ""move_vy"": 0.4317462065043315, ""kick_power"": 0.0, ""kick_dir"": null}, {""move_vx"": -4.242640687119285, ""move_vy"": -4.242640687119285, ""kick_power"": 0.0, ""kick_dir"": null}, {""move_vx"": -5.663252487906902, ""move_vy"": 2.981202988428711, ""kick_power"": 0.0, ""kick_dir"": null}, {""move_vx"": -7.199141132077119, ""move_vy"": 0.11120683627988306, ""kick_power"": 0.0, ""kick_dir"": null}, {""move_vx"": -6.335920711538434, ""move_vy"": -2.2393098796500444, ""kick_power"": 0.0, ""kick_dir"": null}]"
1968,48,default,default,0,33.96802029373914,36.975287954180196,20,B,,0.10279456330185723,-0.01954555043933425,0.38218131924039467,"[{""move_vx"": 4.684264377548081, ""move_vy"": 0.7875069785304094, ""kick_power"": 0.0, ""kick_dir"": null}, {""move_vx"": -4.1012193308819755, ""move_vy"": 4.1012193308819755, ""kick_power"": 0.0, ""kick_dir"": null}, {""move_vx"": 5.939547153467655, ""move_vy"": -0.073345836516457, ""kick_power"": 0.0, ""kick_dir"": null}, {""move_vx"": 0.0, ""move_vy"": 0.0, ""kick_power"": 0.9, ""kick_dir"": [0.6587753129161692, -0.752339542667717]}, {""move_vx"": 5.172656503964449, ""move_vy"": -2.6236662691726385, ""kick_power"": 0.0, ""kick_dir"": null}, {""move_vx"": -4.313351365237939, ""move_vy"": 4.313351365237939, ""kick_power"": 0.0, ""kick_dir"": null}, {""move_vx"": 4.242640687119285, ""move_vy"": 4.242640687119285, ""kick_power"": 0.0, ""kick_dir"": null}, {""move_vx"": 2.9395282746477123, ""move_vy"": -4.167634043740722, ""kick_power"": 0.0, ""kick_dir"": null}, {""move_vx"": 4.313351365237939, ""move_vy"": -4.313351365237939, ""kick_power"": 0.0, ""kick_dir"": null}, {""move_vx"": 0.0, ""move_vy"": 6.0, ""kick_power"": 0.0, ""kick_dir"": null}, {""move_vx"": 4.242640687119285, ""move_vy"": -4.242640687119285, ""kick_power"": 0.0, ""kick_dir"": null}, {""move_vx"": -4.4999999208727415, ""move_vy"": 0.0008438870307289611, ""kick_power"": 0.0, ""kick_dir"": null}, {""move_vx"": -5.269246807489344, ""move_vy"": 1.6109432273557505, ""kick_power"": 0.0, ""kick_dir"": null}, {""move_vx"": -5.039492512370662, ""move_vy"": 0.9593827274659653, ""kick_power"": 0.0, ""kick_dir"": null}, {""move_vx"": -3.8183766184073566, ""move_vy"": -3.8183766184073566, ""kick_power"": 0.0, ""kick_dir"": null}, {""move_vx"": -4.640804811141305, ""move_vy"": 1.663679868510679, ""kick_power"": 0.0, ""kick_dir"": null}, {""move_vx"": -6.064541966460257, ""move_vy"": 1.7062622122764046, ""kick_power"": 0.0, ""kick_dir"": null}, {""move_vx"": -5.384075071560203, ""move_vy"": 0.4144099706860357, ""kick_power"": 0.0, ""kick_dir"": null}, {""move_vx"": -4.242640687119285, ""move_vy"": -4.242640687119285, ""kick_power"": 0.0, ""kick_dir"": null}, {""move_vx"": -5.658827402459494, ""move_vy"": 2.9895940241399894, ""kick_power"": 0.0, ""kick_dir"": null}, {""move_vx"": -7.199141132077118, ""move_vy"": 0.11120683627988427, ""kick_power"": 0.0, ""kick_dir"": null}, {""move_vx"": -6.363462345419648, ""move_vy"": -2.159802532276107, ""kick_power"": 0.0, ""kick_dir"": null}]"
1968,49,default,default,0,33.48807755160066,36.982701743265515,20,B,,0.10691439670842486,-0.028349789249227292,0.37864683787549885,"[{""move_vx"": 4.681642782115274, ""move_vy"": -0.8029451168466991, ""kick_power"": 0.0, ""kick_dir"": null}, {""move_vx"": -4.1012193308819755, ""move_vy"": 4.1012193308819755, ""kick_power"": 0.0, ""kick_dir"": null}, {""move_vx"": 5.939547153467655, ""move_vy"": -0.07334583651645726, ""kick_power"": 0.0, ""kick_dir"": null}, {""move_vx"": 0.0, ""move_vy"": 0.0, ""kick_power"": 0.9, ""kick_dir"": [0.6900419561203371, -0.7237691696034587]}, {""move_vx"": 5.172656503964449, ""move_vy"": -2.623666269172639, ""kick_power"": 0.0, ""kick_dir"": null}, {""move_vx"": -4.313351365237939, ""move_vy"": 4.313351365237939, ""kick_power"": 0.0, ""kick_dir"": null}, {""move_vx"": 4.242640687119285, ""move_vy"": -4.242640687119285, ""kick_power"": 0.0, ""kick_dir"": null}, {""move_vx"": -2.939528274647559, ""move_vy"": 4.167634043740829, ""kick_power"": 0.0, ""kick_dir"": null}, {""move_vx"": 4.313351365237939, ""move_vy"": -4.313351365237939, ""kick_power"": 0.0, ""kick_dir"": null}, {""move_vx"": 7.198573589904748, ""move_vy"": 0.14331179548758805, ""kick_power"": 0.0, ""kick_dir"": null}, {""move_vx"": 4.242640687119285, ""move_vy"": -4.242640687119285, ""kick_power"": 0.0, ""kick_dir"": null}, {""move_vx"": -4.499999921280994, ""move_vy"": 0.0008417072271842686, ""kick_power"": 0.0, ""kick_dir"": null}, {""move_vx"": -5.273964085829322, ""move_vy"": 1.5954318604636448, ""kick_power"": 0.0, ""kick_dir"": null}, {""move_vx"": -3.8183766184073566, ""move_vy"": 3.8183766184073566, ""kick_power"": 0.0, ""kick_dir"": null}, {""move_vx"": -3.8183766184073566, ""move_vy"": -3.8183766184073566, ""kick_power"": 0.0, ""kick_dir"": null}, {""move_vx"": 4.6408048111412645, ""move_vy"": -1.6636798685107916, ""kick_power"": 0.0, ""kick_dir"": null}, {""move_vx"": -6.077092507259483, ""move_vy"": 1.6610077237059024, ""kick_power"": 0.0, ""kick_dir"": null}, {""move_vx"": -5.385386045273773, ""move_vy"": 0.397010256001676, ""kick_power"": 0.0, ""kick_dir"": null}, {""move_vx"": -4.242640687119285, ""move_vy"": -4.242640687119285, ""kick_power"": 0.0, ""kick_dir"": null}, {""move_vx"": -5.70663281532833, ""move_vy"": 0.7822671608970069, ""kick_power"": 0.0, ""kick_dir"": null}, {""move_vx"": -7.199141132077118, ""move_vy"": 0.11120683627988562, ""kick_power"": 0.0, ""kick_dir"": null}, {""move_vx"": -6.389114886831065, ""move_vy"": -2.0826931994112035, ""kick_power"": 0.0, ""kick_dir"": null}]"
1968,50,default,default,0,33.008134809462184,36.990115532350835,20,B,,0.11103387253762576,-0.028441715479183324,0.3874092423272639,"[{""move_vx"": 4.679815491363817, ""move_vy"": 0.8135274837344126, ""kick_power"": 0.0, ""kick_dir"": null}, {""move_vx"": 6.664699573039539, ""move_vy"": 3.5260997718621887, ""kick_power"": 0.0, ""kick_dir"": null}, {""move_vx"": 0.0, ""move_vy"": 0.0, ""kick_power"": 0.9, ""kick_dir"": [-0.009290709005603207, 0.9999567942168758]}, {""move_vx"": 0.0, ""move_vy"": 0.0, ""kick_power"": 0.9, ""kick_dir"": [0.7178094875299832, -0.6962393718773825]}, {""move_vx"": 5.17265650396445, ""move_vy"": -2.6236662691726393, ""kick_power"": 0.0, ""kick_dir"": null}, {""move_vx"": -4.313351365237939, ""move_vy"": 4.313351365237939, ""kick_power"": 0.0, ""kick_dir"": null}, {""move_vx"": 4.242640687119285, ""move_vy"": 4.242640687119285, ""kick_power"": 0.0, ""kick_dir"": null}, {""move_vx"": 0.0, ""move_vy"": 0.0, ""kick_power"": 0.9, ""kick_dir"": [0.07361542243155156, 0.9972864891291383]}, {""move_vx"": 4.313351365237939, ""move_vy"": -4.313351365237939, ""kick_power"": 0.0, ""kick_dir"": null}, {""move_vx"": 7.198362970391035, ""move_vy"": 0.15352702206176458, ""kick_power"": 0.0, ""kick_dir"": null}, {""move_vx"": 4.242640687119285, ""move_vy"": -4.242640687119285, ""kick_power"": 0.0, ""kick_dir"": null}, {""move_vx"": -4.4999999216874, ""move_vy"": 0.0008395316492757164, ""kick_power"": 0.0, ""kick_dir"": null}, {""move_vx"": -5.278578761560215, ""move_vy"": 1.5800969141180612, ""kick_power"": 0.0, ""kick_dir"": null}, {""move_vx"": -5.0482966949137555, ""move_vy"": 0.9119213124622387, ""kick_power"": 0.0, ""kick_dir"": null}, {""move_vx"": -3.8183766184073566, ""move_vy"": -3.8183766184073566, ""kick_power"": 0.0, ""kick_dir"": null}, {""move_vx"": -4.640804811141305, ""move_vy"": 1.663679868510679, ""kick_power"": 0.0, ""kick_dir"": null}, {""move_vx"": -7.465521005232898, ""move_vy"": 0.718328699431104, ""kick_power"": 0.0, ""kick_dir"": null}, {""move_vx"": -5.385754217907076, ""move_vy"": 0.39198406127818725, ""kick_power"": 0.0, ""kick_dir"": null}, {""move_vx"": -4.242640687119285, ""move_vy"": -4.242640687119285, ""kick_power"": 0.0, ""kick_dir"": null}, {""move_vx"": -5.7070159531401226, ""move_vy"": 0.7794670683256252, ""kick_power"": 0.0, ""kick_dir"": null}, {""move_vx"": -7.199141132077119, ""move_vy"": 0.11120683627988691, ""kick_power"": 0.0, ""kick_dir"": null}, {""move_vx"": -6.412996518647996, ""move_vy"": -2.007953100002261, ""kick_power"": 0.0, ""kick_dir"": null}]"
1968,51,default,default,0,32.90095645594873,36.27374151480763,20,B,,0.11173323318881391,-0.034896975639033954,0.39536639134570434,"[{""move_vx"": 4.677659186279906, ""move_vy"": -0.8258356598084152, ""kick_power"": 0.0, ""kick_dir"": null}, {""move_vx"": -4.1012193308819755, ""move_vy"": 4.1012193308819755, ""kick_power"": 0.0, ""kick_dir"": null}, {""move_vx"": 5.232080997892048, ""move_vy"": 1.3361618283340364, ""kick_power"": 0.0, ""kick_dir"": null}, {""move_vx"": 0.0, ""move_vy"": 0.0, ""kick_power"": 0.9, ""kick_dir"": [0.6915935392603044, -0.722286715926452]}, {""move_vx"": 5.17265650396445, ""move_vy"": -2.6236662691726393, ""kick_power"": 0.0, ""kick_dir"": null}, {""move_vx"": 4.313351365237939, ""move_vy"": 4.313351365237939, ""kick_power"": 0.0, ""kick_dir"": null}, {""move_vx"": 4.242640687119285, ""move_vy"": -4.242640687119285, ""kick_power"": 0.0, ""kick_dir"": null}, {""move_vx"": 2.9395282746477123, ""move_vy"": -4.167634043740722, ""kick_power"": 0.0, ""kick_dir"": null}, {""move_vx"": 4.313351365237939, ""move_vy"": -4.313351365237939, ""kick_power"": 0.0, ""kick_dir"": null}, {""move_vx"": 7.197929834382317, ""move_vy"": 0.17264443028643608, ""kick_power"": 0.0, ""kick_dir"": null}, {""move_vx"": 4.242640687119285, ""move_vy"": -4.242640687119285, ""kick_power"": 0.0, ""kick_dir"": null}, {""move_vx"": -3.5355339059327373, ""move_vy"": -3.5355339059327373, ""kick_power"": 0.0, ""kick_dir"": null}, {""move_vx"": -5.283093184210764, ""move_vy"": 1.564936550453649, ""kick_power"": 0.0, ""kick_dir"": null}, {""move_vx"": -5.398536856266568, ""move_vy"": 0.12569730121000747, ""kick_power"": 0.0, ""kick_dir"": null}, {""move_vx"": -3.8183766184073566, ""move_vy"": -3.8183766184073566, ""kick_power"": 0.0, ""kick_dir"": null}, {""move_vx"": 4.6408048111412645, ""move_vy"": -1.6636798685107916, ""kick_power"": 0.0, ""kick_dir"": null}, {""move_vx"": -7.465521005232898, ""move_vy"": 0.7183286994311036, ""kick_power"": 0.0, ""kick_dir"": null}, {""move_vx"": -5.386116828308337, ""move_vy"": 0.3869696523162244, ""kick_power"": 0.0, ""kick_dir"": null}, {""move_vx"": -4.242640687119285, ""move_vy"": -4.242640687119285, ""kick_power"": 0.0, ""kick_dir"": null}, {""move_vx"": -5.707395327789273, ""move_vy"": 0.7766843453612181, ""kick_power"": 0.0, ""kick_dir"": null}, {""move_vx"": -4.242640687119285, ""move_vy"": -4.242640687119285, ""kick_power"": 0.0, ""kick_dir"": null}, {""move_vx"": -6.435219724408653, ""move_vy"": -1.9355482682128653, ""kick_power"": 0.0, ""kick_dir"": null}]"
1968,52,default,default,0,33.495899506365525,36.34475871272662,20,B,,0.1062929608416662,0.013754203820264058,0.41768192451658925,"[{""move_vx"": 4.999996694666224, ""move_vy"": -0.00574920227768463, ""kick_power"": 0.0, ""kick_dir"": null}, {""move_vx"": 6.8258324822783205, ""move_vy"": 3.2030627411704233, ""kick_power"": 0.0, ""kick_dir"": null}, {""move_vx"": 5.939646690681175, ""move_vy"": -0.06478572281128671, ""kick_power"": 0.0, ""kick_dir"": null}, {""move_vx"": 0.0, ""move_vy"": 0.0, ""kick_power"": 0.4, ""kick_dir"": [0.9970064239108403, -0.07731858835224206]}, {""move_vx"": 5.17265650396445, ""move_vy"": -2.6236662691726393, ""kick_power"": 0.0, ""kick_dir"": null}, {""move_vx"": 4.313351365237939, ""move_vy"": 4.313351365237939, ""kick_power"": 0.0, ""kick_dir"": null}, {""move_vx"": 4.242640687119285, ""move_vy"": -4.242640687119285, ""kick_power"": 0.0, ""kick_dir"": null}, {""move_vx"": -2.939528274647559, ""move_vy"": 4.167634043740829, ""kick_power"": 0.0, ""kick_dir"": null}, {""move_vx"": 4.313351365237939, ""move_vy"": -4.313351365237939, ""kick_power"": 0.0, ""kick_dir"": null}, {""move_vx"": 7.197546861746969, ""move_vy"": 0.1879339590291252, ""kick_power"": 0.0, ""kick_dir"": null}, {""move_vx"": 4.242640687119285, ""move_vy"": -4.242640687119285, ""kick_power"": 0.0, ""kick_dir"": null}, {""move_vx"": 4.223478865773068, ""move_vy"": 0.47405302484874257, ""kick_power"": 0.0, ""kick_dir"": null}, {""move_vx"": -0.0, ""move_vy"": 5.8, ""kick_power"": 0.0, ""kick_dir"": null}, {""move_vx"": -5.064900105465271, ""move_vy"": 0.8146698237064486, ""kick_power"": 0.0, ""kick_dir"": null}, {""move_vx"": -3.8183766184073566, ""move_vy"": -3.8183766184073566, ""kick_power"": 0.0, ""kick_dir"": null}, {""move_vx"": -4.640804811141305, ""move_vy"": 1.663679868510679, ""kick_power"": 0.0, ""kick_dir"": null}, {""move_vx"": -7.4655210052328975, ""move_vy"": 0.7183286994311029, ""kick_power"": 0.0, ""kick_dir"": null}, {""move_vx"": -5.3905859153411555, ""move_vy"": 0.31872164866157937, ""kick_power"": 0.0, ""kick_dir"": null}, {""move_vx"": -4.242640687119285, ""move_vy"": -4.242640687119285, ""kick_power"": 0.0, ""kick_dir"": null}, {""move_vx"": -5.715983884868027, ""move_vy"": 0.7107237353072078, ""kick_power"": 0.0, ""kick_dir"": null}, {""move_vx"": -0.0, ""move_vy"": 0.0, ""kick_power"": 0.9, ""kick_dir"": [0.965258986697818, -0.26129473897489175]}, {""move_vx"": -6.331470459429086, ""move_vy"": -2.2518618566370447, ""kick_power"": 0.0, ""kick_dir"": null}]"
1968,53,default,default,0,33.966677422380016,36.30110811434344,20,B,,0.1019057723645402,0.009346348183595915,0.4030884417634082,"[{""move_vx"": 4.664947704954421, ""move_vy"": -0.8948535690494204, ""kick_power"": 0.0, ""kick_dir"": null}, {""move_vx"": 5.739643411122841, ""move_vy"": 0.8345618689792594, ""kick_power"": 0.0, ""kick_dir"": null}, {""move_vx"": 5.939646690681174, ""move_vy"": -0.0647857228112873, ""kick_power"": 0.0, ""kick_dir"": null}, {""move_vx"": 0.0, ""move_vy"": 0.0, ""kick_power"": 0.9, ""kick_dir"": [0.9832351911015705, 0.18234133468772623]}, {""move_vx"": 5.1726565039644505, ""move_vy"": -2.62366626917264, ""kick_power"": 0.0, ""kick_dir"": null}, {""move_vx"": -4.313351365237939, ""move_vy"": 4.313351365237939, ""kick_power"": 0.0, ""kick_dir"": null}, {""move_vx"": 4.242640687119285, ""move_vy"": -4.242640687119285, ""kick_power"": 0.0, ""kick_dir"": null}, {""move_vx"": 2.9395282746477123, ""move_vy"": -4.167634043740722, ""kick_power"": 0.0, ""kick_dir"": null}, {""move_vx"": 4.313351365237939, ""move_vy"": -4.313351365237939, ""kick_power"": 0.0, ""kick_dir"": null}, {""move_vx"": 7.197259950632577, ""move_vy"": 0.19861823436017792, ""kick_power"": 0.0, ""kick_dir"": null}, {""move_vx"": 4.242640687119285, ""move_vy"": -4.242640687119285, ""kick_power"": 0.0, ""kick_dir"": null}, {""move_vx"": 4.223478865773067, ""move_vy"": 0.4740530248487492, ""kick_power"": 0.0, ""kick_dir"": null}, {""move_vx"": -5.312149894743409, ""move_vy"": 1.463271504464425, ""kick_power"": 0.0, ""kick_dir"": null}, {""move_vx"": -5.0613133595671895, ""move_vy"": 0.8366642554015873, ""kick_power"": 0.0, ""kick_dir"": null}, {""move_vx"": -3.8183766184073566, ""move_vy"": -3.8183766184073566, ""kick_power"": 0.0, ""kick_dir"": null}, {""move_vx"": 4.6408048111412645, ""move_vy"": -1.6636798685107916, ""kick_power"": 0.0, ""kick_dir"": null}, {""move_vx"": -7.4655210052328975, ""move_vy"": 0.7183286994311023, ""kick_power"": 0.0, ""kick_dir"": null}, {""move_vx"": -5.390155533628742, ""move_vy"": 0.3259191974883471, ""kick_power"": 0.0, ""kick_dir"": null}, {""move_vx"": -4.242640687119285, ""move_vy"": -4.242640687119285, ""kick_power"": 0.0, ""kick_dir"": null}, {""move_vx"": -5.71388580533214, ""move_vy"": 0.7273987927017048, ""kick_power"": 0.0, ""kick_dir"": null}, {""move_vx"": -0.0, ""move_vy"": 0.0, ""kick_power"": 0.9, ""kick_dir"": [0.9639104143501356, -0.2662265218064383]}, {""move_vx"": -6.3066442739784, ""move_vy"": -2.3204822777809477, ""kick_power"": 0.0, ""kick_dir"": null}]"
1968,54,default,default,0,32.24553313388706,36.72398900524377,20,B,,0.11719146953388142,-0.07187644863352585,0.3385256594928211,"[{""move_vx"": 4.667268428804563, ""move_vy"": -0.8826694814505462, ""kick_power"": 0.0, ""kick_dir"": null}, {""move_vx"": -4.1012193308819755, ""move_vy"": 4.1012193308819755, ""kick_power"": 0.0, ""kick_dir"": null}, {""move_vx"": 5.939646690681175, ""move_vy"": -0.06478572281128671, ""kick_power"": 0.0, ""kick_dir"": null}, {""move_vx"": 0.0, ""move_vy"": 0.0, ""kick_power"": 0.9, ""kick_dir"": [0.9868810891885859, 0.16144820099066906]}, {""move_vx"": 5.17265650396445, ""move_vy"": -2.6236662691726393, ""kick_power"": 0.0, ""kick_dir"": null}, {""move_vx"": 6.1, ""move_vy"": 0.0, ""kick_power"": 0.0, ""kick_dir"": null}, {""move_vx"": 4.242640687119285, ""move_vy"": -4.242640687119285, ""kick_power"": 0.0, ""kick_dir"": null}, {""move_vx"": -2.939528274647559, ""move_vy"": 4.167634043740829, ""kick_power"": 0.0, ""kick_dir"": null}, {""move_vx"": 4.313351365237939, ""move_vy"": -4.313351365237939, ""kick_power"": 0.0, ""kick_dir"": null}, {""move_vx"": 7.197096142510145, ""move_vy"": 0.2044678837020089, ""kick_power"": 0.0, ""kick_dir"": null}, {""move_vx"": 4.242640687119285, ""move_vy"": -4.242640687119285, ""kick_power"": 0.0, ""kick_dir"": null}, {""move_vx"": 4.223478865773066, ""move_vy"": 0.4740530248487582, ""kick_power"": 0.0, ""kick_dir"": null}, {""move_vx"": -5.309351264875718, ""move_vy"": 1.473393751229658, ""kick_power"": 0.0, ""kick_dir"": null}, {""move_vx"": -5.060550476776381, ""move_vy"": 0.8412662313431698, ""kick_power"": 0.0, ""kick_dir"": null}, {""move_vx"": -3.8183766184073566, ""move_vy"": -3.8183766184073566, ""kick_power"": 0.0, ""kick_dir"": null}, {""move_vx"": -4.640804811141305, ""move_vy"": 1.663679868510679, ""kick_power"": 0.0, ""kick_dir"": null}, {""move_vx"": -7.465461364661439, ""move_vy"": 0.71894826847788, ""kick_power"": 0.0, ""kick_dir"": null}, {""move_vx"": -5.390506748764829, ""move_vy"": 0.3200577940323294, ""kick_power"": 0.0, ""kick_dir"": null}, {""move_vx"": -4.242640687119285, ""move_vy"": -4.242640687119285, ""kick_power"": 0.0, ""kick_dir"": null}, {""move_vx"": -5.713154199548139, ""move_vy"": 0.7331228356731745, ""kick_power"": 0.0, ""kick_dir"": null}, {""move_vx"": -7.197915938490657, ""move_vy"": 0.17322281149477414, ""kick_power"": 0.0, ""kick_dir"": null}, {""move_vx"": 4.525483399593904, ""move_vy"": 4.525483399593904, ""kick_power"": 0.0, ""kick_dir"": null}]"
1968,55,default,default,0,31.88154895703277,36.34297557833696,20,B,,0.12023835490989354,-0.038229453122162686,0.38441322328556443,"[{""move_vx"": 4.670949399758264, ""move_vy"": -0.8629783919067193, ""kick_power"": 0.0, ""kick_dir"": null}, {""move_vx"": 6.722668347336064, ""move_vy"": 3.414283276432375, ""kick_power"": 0.0, ""kick_dir"": null}, {""move_vx"": 5.939646690681175, ""move_vy"": -0.06478572281128732, ""kick_power"": 0.0, ""kick_dir"": null}, {""move_vx"": 0.0, ""move_vy"": 0.0, ""kick_power"": 0.9, ""kick_dir"": [0.98556430724073, 0.16930090979006113]}, {""move_vx"": 5.17265650396445, ""move_vy"": -2.6236662691726393, ""kick_power"": 0.0, ""kick_dir"": null}, {""move_vx"": -4.313351365237939, ""move_vy"": 4.313351365237939, ""kick_power"": 0.0, ""kick_dir"": null}, {""move_vx"": 4.242640687119285, ""move_vy"": -4.242640687119285, ""kick_power"": 0.0, ""kick_dir"": null}, {""move_vx"": 2.9395282746477123, ""move_vy"": -4.167634043740722, ""kick_power"": 0.0, ""kick_dir"": null}, {""move_vx"": 7.591634951381595, ""move_vy"": -0.7125333430523612, ""kick_power"": 0.0, ""kick_dir"": null}, {""move_vx"": 7.1970513004762, ""move_vy"": 0.2060402346966224, ""kick_power"": 0.0, ""kick_dir"": null}, {""move_vx"": 4.242640687119285, ""move_vy"": -4.242640687119285, ""kick_power"": 0.0, ""kick_dir"": null}, {""move_vx"": 4.223478865773064, ""move_vy"": 0.47405302484877065, ""kick_power"": 0.0, ""kick_dir"": null}, {""move_vx"": -5.3110781260430695, ""move_vy"": 1.4671568215657218, ""kick_power"": 0.0, ""kick_dir"": null}, {""move_vx"": -5.057571711539491, ""move_vy"": 0.858992655751785, ""kick_power"": 0.0, ""kick_dir"": null}, {""move_vx"": -3.8183766184073566, ""move_vy"": -3.8183766184073566, ""kick_power"": 0.0, ""kick_dir"": null}, {""move_vx"": 4.6408048111412645, ""move_vy"": -1.6636798685107916, ""kick_power"": 0.0, ""kick_dir"": null}, {""move_vx"": -7.465401287173933, ""move_vy"": 0.7195718320374903, ""kick_power"": 0.0, ""kick_dir"": null}, {""move_vx"": -5.388921519280971, ""move_vy"": 0.34572367438531115, ""kick_power"": 0.0, ""kick_dir"": null}, {""move_vx"": -4.242640687119285, ""move_vy"": -4.242640687119285, ""kick_power"": 0.0, ""kick_dir"": null}, {""move_vx"": -0.0, ""move_vy"": 0.0, ""kick_power"": 0.7, ""kick_dir"": [-0.9956336910039364, 0.09334617936551518]}, {""move_vx"": -7.197915938490658, ""move_vy"": 0.1732228114947755, ""kick_power"": 0.0, ""kick_dir"": null}, {""move_vx"": -6.4069882976698755, ""move_vy"": -2.027042415323685, ""kick_power"": 0.0, ""kick_dir"": null}]"
1968,56,default,default,0,32.48999417082791,36.42706000332703,20,B,,0.11463438930281723,0.02865656522551349,0.41992804998231004,"[{""move_vx"": 4.660368808804563, ""move_vy"": -0.9184021809215959, ""kick_power"": 0.0, ""kick_dir"": null}, {""move_vx"": 6.768194690890795, ""move_vy"": 3.323122120265468, ""kick_power"": 0.0, ""kick_dir"": null}, {""move_vx"": 5.9394386060411355, ""move_vy"": -0.08166422146902473, ""kick_power"": 0.0, ""kick_dir"": null}, {""move_vx"": 0.0, ""move_vy"": 0.0, ""kick_power"": 0.4, ""kick_dir"": [0.9971451314003472, -0.07550867733934227]}, {""move_vx"": 5.17265650396445, ""move_vy"": -2.62366626917264, ""kick_power"": 0.0, ""kick_dir"": null}, {""move_vx"": 4.313351365237939, ""move_vy"": 4.313351365237939, ""kick_power"": 0.0, ""kick_dir"": null}, {""move_vx"": 0.0, ""move_vy"": 0.0, ""kick_power"": 0.0, ""kick_dir"": null}, {""move_vx"": -2.939528274647559, ""move_vy"": 4.167634043740829, ""kick_power"": 0.0, ""kick_dir"": null}, {""move_vx"": 4.313351365237939, ""move_vy"": -4.313351365237939, ""kick_power"": 0.0, ""kick_dir"": null}, {""move_vx"": -5.399999037749897, ""move_vy"": -0.0032237090743384832, ""kick_power"": 0.0, ""kick_dir"": null}, {""move_vx"": 4.242640687119285, ""move_vy"": -4.242640687119285, ""kick_power"": 0.0, ""kick_dir"": null}, {""move_vx"": 4.223478865773062, ""move_vy"": 0.47405302484878936, ""kick_power"": 0.0, ""kick_dir"": null}, {""move_vx"": -5.3259930892262535, ""move_vy"": 1.4120543946725936, ""kick_power"": 0.0, ""kick_dir"": null}, {""move_vx"": -5.06699736432476, ""move_vy"": 0.8015221206716232, ""kick_power"": 0.0, ""kick_dir"": null}, {""move_vx"": -0.0, ""move_vy"": 0.0, ""kick_power"": 0.9, ""kick_dir"": [-0.0033658255990799456, -0.9999941744817643]}, {""move_vx"": -4.640804811141305, ""move_vy"": 1.663679868510679, ""kick_power"": 0.0, ""kick_dir"": null}, {""move_vx"": -0.0, ""move_vy"": 0.0, ""kick_power"": 0.4, ""kick_dir"": [-0.9953499257455615, 0.09632488161558772]}, {""move_vx"": -5.391251884187988, ""move_vy"": 0.3072509092573467, ""kick_power"": 0.0, ""kick_dir"": null}, {""move_vx"": -4.242640687119285, ""move_vy"": -4.242640687119285, ""kick_power"": 0.0, ""kick_dir"": null}, {""move_vx"": -5.715608454433618, ""move_vy"": 0.7137366430322596, ""kick_power"": 0.0, ""kick_dir"": null}, {""move_vx"": -0.0, ""move_vy"": 0.0, ""kick_power"": 0.9, ""kick_dir"": [0.9680292094263186, -0.25083718579492104]}, {""move_vx"": -6.366913542869453, ""move_vy"": -2.149607391507938, ""kick_power"": 0.0, ""kick_dir"": null}]"
1968,57,default,default,0,31.37985595059014,36.51412354173489,20,B,,0.1244040076716285,-0.07588083922725358,0.36397835151010055,"[{""move_vx"": 4.666985676160782, ""move_vy"": -0.8841632759338567, ""kick_power"": 0.0, ""kick_dir"": null}, {""move_vx"": -4.1012193308819755, ""move_vy"": 4.1012193308819755, ""kick_power"": 0.0, ""kick_dir"": null}, {""move_vx"": 5.939386972373306, ""move_vy"": -0.08533693457271692, ""kick_power"": 0.0, ""kick_dir"": null}, {""move_vx"": 0.0, ""move_vy"": 0.0, ""kick_power"": 0.9, ""kick_dir"": [0.9811508763288139, 0.19324274962171709]}, {""move_vx"": 5.172656503964449, ""move_vy"": -2.6236662691726393, ""kick_power"": 0.0, ""kick_dir"": null}, {""move_vx"": 0.0, ""move_vy"": 0.0, ""kick_power"": 0.0, ""kick_dir"": null}, {""move_vx"": 4.242640687119285, ""move_vy"": -4.242640687119285, ""kick_power"": 0.0, ""kick_dir"": null}, {""move_vx"": 2.9395282746477123, ""move_vy"": -4.167634043740722, ""kick_power"": 0.0, ""kick_dir"": null}, {""move_vx"": 0.0, ""move_vy"": -6.1, ""kick_power"": 0.0, ""kick_dir"": null}, {""move_vx"": 7.196356252384667, ""move_vy"": 0.22903425238181377, ""kick_power"": 0.0, ""kick_dir"": null}, {""move_vx"": 4.242640687119285, ""move_vy"": -4.242640687119285, ""kick_power"": 0.0, ""kick_dir"": null}, {""move_vx"": 4.2234788657730595, ""move_vy"": 0.47405302484882067, ""kick_power"": 0.0, ""kick_dir"": null}, {""move_vx"": -5.318280433581246, ""move_vy"": 1.4408307429350848, ""kick_power"": 0.0, ""kick_dir"": null}, {""move_vx"": -5.063136087979718, ""move_vy"": 0.825562205165329, ""kick_power"": 0.0, ""kick_dir"": null}, {""move_vx"": -3.8183766184073566, ""move_vy"": -3.8183766184073566, ""kick_power"": 0.0, ""kick_dir"": null}, {""move_vx"": -4.1012193308819755, ""move_vy"": 4.1012193308819755, ""kick_power"": 0.0, ""kick_dir"": null}, {""move_vx"": -7.465124601725791, ""move_vy"": 0.7224366274687039, ""kick_power"": 0.0, ""kick_dir"": null}, {""move_vx"": -5.390755526615185, ""move_vy"": 0.3158399155709288, ""kick_power"": 0.0, ""kick_dir"": null}, {""move_vx"": -4.242640687119285, ""move_vy"": -4.242640687119285, ""kick_power"": 0.0, ""kick_dir"": null}, {""move_vx"": -5.713225994243828, ""move_vy"": 0.7325631294957596, ""kick_power"": 0.0, ""kick_dir"": null}, {""move_vx"": -7.196479040217295, ""move_vy"": 0.22514311828952369, ""kick_power"": 0.0, ""kick_dir"": null}, {""move_vx"": -6.346304303399899, ""move_vy"": -2.2097107703606684, ""kick_power"": 0.0, ""kick_dir"": null}]"
1968,58,default,default,0,30.900095070793338,36.529273100106614,20,B,,0.12554289035205973,-0.05204264241248569,0.38803676318193875,"[{""move_vx"": -3.5355339059327373, ""move_vy"": -3.5355339059327373, ""kick_power"": 0.0, ""kick_dir"": null}, {""move_vx"": -4.1012193308819755, ""move_vy"": 4.1012193308819755, ""kick_power"": 0.0, ""kick_dir"": null}, {""move_vx"": 5.93938171171764, ""move_vy"": -0.0857022900163798, ""kick_power"": 0.0, ""kick_dir"": null}, {""move_vx"": 0.0, ""move_vy"": 0.0, ""kick_power"": 0.4, ""kick_dir"": [0.9969200599193156, -0.07842427923302174]}, {""move_vx"": 5.17265650396445, ""move_vy"": -2.62366626917264, ""kick_power"": 0.0, ""kick_dir"": null}, {""move_vx"": -4.313351365237939, ""move_vy"": 4.313351365237939, ""kick_power"": 0.0, ""kick_dir"": null}, {""move_vx"": 4.242640687119285, ""move_vy"": -4.242640687119285, ""kick_power"": 0.0, ""kick_dir"": null}, {""move_vx"": -2.939528274647559, ""move_vy"": 4.167634043740829, ""kick_power"": 0.0, ""kick_dir"": null}, {""move_vx"": 4.313351365237939, ""move_vy"": -4.313351365237939, ""kick_power"": 0.0, ""kick_dir"": null}, {""move_vx"": 7.196356252384667, ""move_vy"": 0.22903425238181438, ""kick_power"": 0.0, ""kick_dir"": null}, {""move_vx"": 4.242640687119285, ""move_vy"": -4.242640687119285, ""kick_power"": 0.0, ""kick_dir"": null}, {""move_vx"": 4.223478865773063, ""move_vy"": 0.47405302484877787, ""kick_power"": 0.0, ""kick_dir"": null}, {""move_vx"": -5.324887198064985, ""move_vy"": 1.41621902539248, ""kick_power"": 0.0, ""kick_dir"": null}, {""move_vx"": -5.0651201417675, ""move_vy"": 0.8133006513345341, ""kick_power"": 0.0, ""kick_dir"": null}, {""move_vx"": -0.0, ""move_vy"": 0.0, ""kick_power"": 0.9, ""kick_dir"": [-0.10983517657187498, -0.993949646745923]}, {""move_vx"": -4.1012193308819755, ""move_vy"": 4.1012193308819755, ""kick_power"": 0.0, ""kick_dir"": null}, {""move_vx"": -7.465124601725791, ""move_vy"": 0.7224366274687031, ""kick_power"": 0.0, ""kick_dir"": null}, {""move_vx"": -5.390799157960383, ""move_vy"": 0.31509433275391474, ""kick_power"": 0.0, ""kick_dir"": null}, {""move_vx"": -4.242640687119285, ""move_vy"": -4.242640687119285, ""kick_power"": 0.0, ""kick_dir"": null}, {""move_vx"": -5.713551357239534, ""move_vy"": 0.7300211559854208, ""kick_power"": 0.0, ""kick_dir"": null}, {""move_vx"": -7.196449776543859, ""move_vy"": 0.2260765659723117, ""kick_power"": 0.0, ""kick_dir"": null}, {""move_vx"": -6.419975957128318, ""move_vy"": -1.9855247945806052, ""kick_power"": 0.0, ""kick_dir"": null}]"
1968,59,default,default,0,30.420331752357082,36.54434487117144,20,B,,0.12766514857097688,-0.04481662394716879,0.38907276270487784,"[{""move_vx"": -2.016394901576177, ""move_vy"": -4.022953094543559, ""kick_power"": 0.0, ""kick_dir"": null}, {""move_vx"": 6.804688375268035, ""move_vy"": 3.247740155168216, ""kick_power"": 0.0, ""kick_dir"": null}, {""move_vx"": 5.93938171171764, ""move_vy"": -0.08570229001637918, ""kick_power"": 0.0, ""kick_dir"": null}, {""move_vx"": 0.0, ""move_vy"": 0.0, ""kick_power"": 0.4, ""kick_dir"": [0.9969069975707218, -0.07859014970939131]}, {""move_vx"": 5.172656503964449, ""move_vy"": -2.62366626917264, ""kick_power"": 0.0, ""kick_dir"": null}, {""move_vx"": 4.313351365237939, ""move_vy"": 4.313351365237939, ""kick_power"": 0.0, ""kick_dir"": null}, {""move_vx"": 5.263229339217631, ""move_vy"": -1.2076493376799207, ""kick_power"": 0.0, ""kick_dir"": null}, {""move_vx"": 2.9395282746477123, ""move_vy"": -4.167634043740722, ""kick_power"": 0.0, ""kick_dir"": null}, {""move_vx"": 4.313351365237939, ""move_vy"": -4.313351365237939, ""kick_power"": 0.0, ""kick_dir"": null}, {""move_vx"": 7.196293415801023, ""move_vy"": 0.2310001595212319, ""kick_power"": 0.0, ""kick_dir"": null}, {""move_vx"": 4.242640687119285, ""move_vy"": -4.242640687119285, ""kick_power"": 0.0, ""kick_dir"": null}, {""move_vx"": -0.0, ""move_vy"": 0.0, ""kick_power"": 0.0, ""kick_dir"": null}, {""move_vx"": -0.0, ""move_vy"": 0.0, ""kick_power"": 0.0, ""kick_dir"": null}, {""move_vx"": -5.067040833114903, ""move_vy"": 0.8012472749072137, ""kick_power"": 0.0, ""kick_dir"": null}, {""move_vx"": -0.0, ""move_vy"": 0.0, ""kick_power"": 0.9, ""kick_dir"": [-0.1935391481791743, -0.9810923882063409]}, {""move_vx"": -4.1012193308819755, ""move_vy"": 4.1012193308819755, ""kick_power"": 0.0, ""kick_dir"": null}, {""move_vx"": -7.465124601725792, ""move_vy"": 0.7224366274687022, ""kick_power"": 0.0, ""kick_dir"": null}, {""move_vx"": -5.3910355551492355, ""move_vy"": 0.3110235410974251, ""kick_power"": 0.0, ""kick_dir"": null}, {""move_vx"": -7.499460100430829, ""move_vy"": -0.0899900108124535, ""kick_power"": 0.0, ""kick_dir"": null}, {""move_vx"": -5.713764145588764, ""move_vy"": 0.7283538210130504, ""kick_power"": 0.0, ""kick_dir"": null}, {""move_vx"": -7.196449776543859, ""move_vy"": 0.22607656597231066, ""kick_power"": 0.0, ""kick_dir"": null}, {""move_vx"": -5.619322066938056, ""move_vy"": -3.0632041244460044, ""kick_power"": 0.0, ""kick_dir"": null}]"
1968,60,default,default,0,29.940568433920827,36.559416642236265,20,B,,0.13178604662387705,-0.05052855788582649,0.38924429737870975,"[{""move_vx"": 4.654996813765857, ""move_vy"": 0.9452537563161143, ""kick_power"": 0.0, ""kick_dir"": null}, {""move_vx"": -4.1012193308819755, ""move_vy"": 4.1012193308819755, ""kick_power"": 0.0, ""kick_dir"": null}, {""move_vx"": 5.9393817117176395, ""move_vy"": -0.08570229001637854, ""kick_power"": 0.0, ""kick_dir"": null}, {""move_vx"": 0.0, ""move_vy"": 0.0, ""kick_power"": 0.4, ""kick_dir"": [0.9969011904257324, -0.07866377794884977]}, {""move_vx"": 5.172656503964449, ""move_vy"": -2.62366626917264, ""kick_power"": 0.0, ""kick_dir"": null}, {""move_vx"": -4.313351365237939, ""move_vy"": 4.313351365237939, ""kick_power"": 0.0, ""kick_dir"": null}, {""move_vx"": 4.242640687119285, ""move_vy"": -4.242640687119285, ""kick_power"": 0.0, ""kick_dir"": null}, {""move_vx"": -2.939528274647559, ""move_vy"": 4.167634043740829, ""kick_power"": 0.0, ""kick_dir"": null}, {""move_vx"": 4.313351365237939, ""move_vy"": -4.313351365237939, ""kick_power"": 0.0, ""kick_dir"": null}, {""move_vx"": 7.195873341728497, ""move_vy"": 0.2437352042712388, ""kick_power"": 0.0, ""kick_dir"": null}, {""move_vx"": 4.242640687119285, ""move_vy"": -4.242640687119285, ""kick_power"": 0.0, ""kick_dir"": null}, {""move_vx"": 3.016775389658332, ""move_vy"": 2.993587521411696, ""kick_power"": 0.0, ""kick_dir"": null}, {""move_vx"": -5.322489279033184, ""move_vy"": 1.4252045027212104, ""kick_power"": 0.0, ""kick_dir"": null}, {""move_vx"": -5.06705698811381, ""move_vy"": -0.8011451049635149, ""kick_power"": 0.0, ""kick_dir"": null}, {""move_vx"": -0.0, ""move_vy"": 0.0, ""kick_power"": 0.9, ""kick_dir"": [-0.2258763068221047, -0.9741558372346675]}, {""move_vx"": -4.1012193308819755, ""move_vy"": 4.1012193308819755, ""kick_power"": 0.0, ""kick_dir"": null}, {""move_vx"": -7.465124601725791, ""move_vy"": 0.7224366274687012, ""kick_power"": 0.0, ""kick_dir"": null}, {""move_vx"": -5.391268571475896, ""move_vy"": 0.30695796164335926, ""kick_power"": 0.0, ""kick_dir"": null}, {""move_vx"": -7.499460100430828, ""move_vy"": -0.08999001081245303, ""kick_power"": 0.0, ""kick_dir"": null}, {""move_vx"": -0.0, ""move_vy"": 0.0, ""kick_power"": 0.7, ""kick_dir"": [-0.9956499044364374, 0.09317307477942077]}, {""move_vx"": -7.196449776543859, ""move_vy"": 0.2260765659723096, ""kick_power"": 0.0, ""kick_dir"": null}, {""move_vx"": -6.47849892356984, ""move_vy"": -1.7853435796239405, ""kick_power"": 0.0, ""kick_dir"": null}]"
1968,61,default,default,0,29.460805115484572,36.57448841330109,20,B,,0.13590611133613958,-0.05258669325187246,0.39177344587324264,"[{""move_vx"": 4.653165769835424, ""move_vy"": 0.9542265550863207, ""kick_power"": 0.0, ""kick_dir"": null}, {""move_vx"": -4.1012193308819755, ""move_vy"": 4.1012193308819755, ""kick_power"": 0.0, ""kick_dir"": null}, {""move_vx"": 5.93938171171764, ""move_vy"": -0.08570229001637789, ""kick_power"": 0.0, ""kick_dir"": null}, {""move_vx"": 0.0, ""move_vy"": 0.0, ""kick_power"": 0.4, ""kick_dir"": [0.9968978881755632, -0.0787056159513971]}, {""move_vx"": 5.17265650396445, ""move_vy"": -2.6236662691726402, ""kick_power"": 0.0, ""kick_dir"": null}, {""move_vx"": 4.313351365237939, ""move_vy"": 4.313351365237939, ""kick_power"": 0.0, ""kick_dir"": null}, {""move_vx"": 4.242640687119285, ""move_vy"": -4.242640687119285, ""kick_power"": 0.0, ""kick_dir"": null}, {""move_vx"": 2.9395282746477123, ""move_vy"": -4.167634043740722, ""kick_power"": 0.0, ""kick_dir"": null}, {""move_vx"": 4.313351365237939, ""move_vy"": -4.313351365237939, ""kick_power"": 0.0, ""kick_dir"": null}, {""move_vx"": 7.195183953059288, ""move_vy"": 0.26330188308880426, ""kick_power"": 0.0, ""kick_dir"": null}, {""move_vx"": 4.242640687119285, ""move_vy"": -4.242640687119285, ""kick_power"": 0.0, ""kick_dir"": null}, {""move_vx"": 3.0167753896579055, ""move_vy"": 2.9935875214121253, ""kick_power"": 0.0, ""kick_dir"": null}, {""move_vx"": -5.325927114267381, ""move_vy"": 1.4123032158539908, ""kick_power"": 0.0, ""kick_dir"": null}, {""move_vx"": -5.067697457983672, ""move_vy"": -0.7970837310758668, ""kick_power"": 0.0, ""kick_dir"": null}, {""move_vx"": -0.0, ""move_vy"": 0.0, ""kick_power"": 0.9, ""kick_dir"": [-0.2955627073711974, -0.9553231900389627]}, {""move_vx"": -4.1012193308819755, ""move_vy"": 4.1012193308819755, ""kick_power"": 0.0, ""kick_dir"": null}, {""move_vx"": -7.464806093965828, ""move_vy"": 0.7257203176779821, ""kick_power"": 0.0, ""kick_dir"": null}, {""move_vx"": -5.2944620250000956, ""move_vy"": 2.8228836082686577, ""kick_power"": 0.0, ""kick_dir"": null}, {""move_vx"": -7.499460100430828, ""move_vy"": -0.08999001081245254, ""kick_power"": 0.0, ""kick_dir"": null}, {""move_vx"": -0.0, ""move_vy"": 0.0, ""kick_power"": 0.7, ""kick_dir"": [-0.995689040764851, 0.09275391052235368]}, {""move_vx"": -7.196449776543859, ""move_vy"": 0.22607656597230855, ""kick_power"": 0.0, ""kick_dir"": null}, {""move_vx"": -6.497908792107648, ""move_vy"": -1.713353824943972, ""kick_power"": 0.0, ""kick_dir"": null}]"
1968,62,default,default,0,28.981041797048317,36.589560184365915,20,B,,0.1393318533043017,-0.04853814439569189,0.3978920729265973,"[{""move_vx"": 0.0, ""move_vy"": -5.0, ""kick_power"": 0.0, ""kick_dir"": null}, {""move_vx"": 6.825932505873216, ""move_vy"": 3.2028495789317666, ""kick_power"": 0.0, ""kick_dir"": null}, {""move_vx"": 5.93938171171764, ""move_vy"": -0.08570229001637854, ""kick_power"": 0.0, ""kick_dir"": null}, {""move_vx"": 0.0, ""move_vy"": 0.0, ""kick_power"": 0.4, ""kick_dir"": [0.9968957426685368, -0.07873278655625664]}, {""move_vx"": 5.172656503964449, ""move_vy"": -2.6236662691726402, ""kick_power"": 0.0, ""kick_dir"": null}, {""move_vx"": -4.313351365237939, ""move_vy"": 4.313351365237939, ""kick_power"": 0.0, ""kick_dir"": null}, {""move_vx"": 4.242640687119285, ""move_vy"": -4.242640687119285, ""kick_power"": 0.0, ""kick_dir"": null}, {""move_vx"": -2.939528274647559, ""move_vy"": 4.167634043740829, ""kick_power"": 0.0, ""kick_dir"": null}, {""move_vx"": 4.313351365237939, ""move_vy"": -4.313351365237939, ""kick_power"": 0.0, ""kick_dir"": null}, {""move_vx"": 7.194106265429121, ""move_vy"": 0.29126455622587427, ""kick_power"": 0.0, ""kick_dir"": null}, {""move_vx"": 4.242640687119285, ""move_vy"": -4.242640687119285, ""kick_power"": 0.0, ""kick_dir"": null}, {""move_vx"": -0.0, ""move_vy"": 0.0, ""kick_power"": 0.0, ""kick_dir"": null}, {""move_vx"": -5.3292911723258545, ""move_vy"": 1.3995555010680079, ""kick_power"": 0.0, ""kick_dir"": null}, {""move_vx"": -6.479797574945054, ""move_vy"": -0.05121901732958279, ""kick_power"": 0.0, ""kick_dir"": null}, {""move_vx"": -0.0, ""move_vy"": 0.0, ""kick_power"": 0.9, ""kick_dir"": [-0.35893694849686375, -0.9333616605021708]}, {""move_vx"": -4.1012193308819755, ""move_vy"": 4.1012193308819755, ""kick_power"": 0.0, ""kick_dir"": null}, {""move_vx"": -7.464376700047942, ""move_vy"": 0.7301236058239731, ""kick_power"": 0.0, ""kick_dir"": null}, {""move_vx"": -5.52138354396026, ""move_vy"": -2.34825973020125, ""kick_power"": 0.0, ""kick_dir"": null}, {""move_vx"": -7.499460100430829, ""move_vy"": -0.08999001081245205, ""kick_power"": 0.0, ""kick_dir"": null}, {""move_vx"": -0.0, ""move_vy"": 0.0, ""kick_power"": 0.7, ""kick_dir"": [-0.9957482232733946, 0.09211639050027996]}, {""move_vx"": -7.196449776543859, ""move_vy"": 0.22607656597230746, ""kick_power"": 0.0, ""kick_dir"": null}, {""move_vx"": -6.51584709787883, ""move_vy"": -1.643817689728403, ""kick_power"": 0.0, ""kick_dir"": null}]"
1968,63,default,default,0,28.50127847861206,36.60463195543074,20,B,,0.14345606919679926,-0.0586633687321107,0.40167784270388596,"[{""move_vx"": 4.636998054359946, ""move_vy"": 1.0299267177144575, ""kick_power"": 0.0, ""kick_dir"": null}, {""move_vx"": -4.1012193308819755, ""move_vy"": 4.1012193308819755, ""kick_power"": 0.0, ""kick_dir"": null}, {""move_vx"": 5.93938171171764, ""move_vy"": -0.08570229001637787, ""kick_power"": 0.0, ""kick_dir"": null}, {""move_vx"": 0.0, ""move_vy"": 0.0, ""kick_power"": 0.4, ""kick_dir"": [0.9968942243170776, -0.07875200919072464]}, {""move_vx"": 5.17265650396445, ""move_vy"": -2.6236662691726402, ""kick_power"": 0.0, ""kick_dir"": null}, {""move_vx"": 4.313351365237939, ""move_vy"": 4.313351365237939, ""kick_power"": 0.0, ""kick_dir"": null}, {""move_vx"": 4.242640687119285, ""move_vy"": -4.242640687119285, ""kick_power"": 0.0, ""kick_dir"": null}, {""move_vx"": 2.9395282746477123, ""move_vy"": -4.167634043740722, ""kick_power"": 0.0, ""kick_dir"": null}, {""move_vx"": 4.313351365237939, ""move_vy"": -4.313351365237939, ""kick_power"": 0.0, ""kick_dir"": null}, {""move_vx"": 7.1922502740330545, ""move_vy"": 0.333970052057741, ""kick_power"": 0.0, ""kick_dir"": null}, {""move_vx"": 4.242640687119285, ""move_vy"": -4.242640687119285, ""kick_power"": 0.0, ""kick_dir"": null}, {""move_vx"": -4.217416528804092, ""move_vy"": 0.5252597667535914, ""kick_power"": 0.0, ""kick_dir"": null}, {""move_vx"": -5.332583177985635, ""move_vy"": 1.3869594982783842, ""kick_power"": 0.0, ""kick_dir"": null}, {""move_vx"": -5.063545888657416, ""move_vy"": -0.8230449765721087, ""kick_power"": 0.0, ""kick_dir"": null}, {""move_vx"": -0.0, ""move_vy"": 0.0, ""kick_power"": 0.9, ""kick_dir"": [-0.41601181616295846, -0.9093590612580578]}, {""move_vx"": -4.1012193308819755, ""move_vy"": 4.1012193308819755, ""kick_power"": 0.0, ""kick_dir"": null}, {""move_vx"": -7.463815549249527, ""move_vy"": 0.7358379215431732, ""kick_power"": 0.0, ""kick_dir"": null}, {""move_vx"": -5.272159686901967, ""move_vy"": 2.864320553954423, ""kick_power"": 0.0, ""kick_dir"": null}, {""move_vx"": -7.49946010043083, ""move_vy"": -0.08999001081245155, ""kick_power"": 0.0, ""kick_dir"": null}, {""move_vx"": -0.0, ""move_vy"": 0.0, ""kick_power"": 0.7, ""kick_dir"": [-0.9958039682745111, 0.09151180283311915]}, {""move_vx"": -7.196449776543859, ""move_vy"": 0.22607656597230624, ""kick_power"": 0.0, ""kick_dir"": null}, {""move_vx"": -6.532417759194184, ""move_vy"": -1.576679491641993, ""kick_power"": 0.0, ""kick_dir"": null}]"
1968,64,default,default,0,28.021515160175806,36.619703726495565,20,B,,0.14757945713876067,-0.06363334711164868,0.4055940663228192,"[{""move_vx"": 4.634757602774545, ""move_vy"": 1.0399624817865083, ""kick_power"": 0.0, ""kick_dir"": null}, {""move_vx"": -4.1012193308819755, ""move_vy"": 4.1012193308819755, ""kick_power"": 0.0, ""kick_dir"": null}, {""move_vx"": 5.93938171171764, ""move_vy"": -0.08570229001637852, ""kick_power"": 0.0, ""kick_dir"": null}, {""move_vx"": 0.0, ""move_vy"": 0.0, ""kick_power"": 0.4, ""kick_dir"": [0.9968930842040947, -0.07876644014666333]}, {""move_vx"": 5.172656503964449, ""move_vy"": -2.6236662691726402, ""kick_power"": 0.0, ""kick_dir"": null}, {""move_vx"": 4.313351365237939, ""move_vy"": 4.313351365237939, ""kick_power"": 0.0, ""kick_dir"": null}, {""move_vx"": 4.242640687119285, ""move_vy"": -4.242640687119285, ""kick_power"": 0.0, ""kick_dir"": null}, {""move_vx"": -2.939528274647559, ""move_vy"": 4.167634043740829, ""kick_power"": 0.0, ""kick_dir"": null}, {""move_vx"": 4.313351365237939, ""move_vy"": -4.313351365237939, ""kick_power"": 0.0, ""kick_dir"": null}, {""move_vx"": 7.190143696329766, ""move_vy"": 0.3766080537233639, ""kick_power"": 0.0, ""kick_dir"": null}, {""move_vx"": 4.242640687119285, ""move_vy"": -4.242640687119285, ""kick_power"": 0.0, ""kick_dir"": null}, {""move_vx"": -4.2196416532262475, ""move_vy"": -0.5070742730193077, ""kick_power"": 0.0, ""kick_dir"": null}, {""move_vx"": -5.406546463962241, ""move_vy"": 2.099822690852109, ""kick_power"": 0.0, ""kick_dir"": null}, {""move_vx"": -5.165204613204221, ""move_vy"": 1.5750115249527032, ""kick_power"": 0.0, ""kick_dir"": null}, {""move_vx"": -0.0, ""move_vy"": 0.0, ""kick_power"": 0.9, ""kick_dir"": [-0.4670503017511679, -0.8842306035924606]}, {""move_vx"": -4.1012193308819755, ""move_vy"": 4.1012193308819755, ""kick_power"": 0.0, ""kick_dir"": null}, {""move_vx"": -7.463096599302022, ""move_vy"": 0.7430943072629432, ""kick_power"": 0.0, ""kick_dir"": null}, {""move_vx"": -5.500504570397766, ""move_vy"": -2.396758116922375, ""kick_power"": 0.0, ""kick_dir"": null}, {""move_vx"": -7.499460100430829, ""move_vy"": -0.08999001081245102, ""kick_power"": 0.0, ""kick_dir"": null}, {""move_vx"": -0.0, ""move_vy"": 0.0, ""kick_power"": 0.7, ""kick_dir"": [-0.9958999879999865, 0.0904608585060052]}, {""move_vx"": -7.196449776543859, ""move_vy"": 0.2260765659723051, ""kick_power"": 0.0, ""kick_dir"": null}, {""move_vx"": -6.547718360083514, ""move_vy"": -1.5118810393100595, ""kick_power"": 0.0, ""kick_dir"": null}]"
1968,65,default,default,0,27.601722256544083,36.63289152617728,20,B,,0.15116572503901515,-0.054475618841862646,0.40868598231768594,"[{""move_vx"": 4.6324357182839595, ""move_vy"": 1.0502567857276484, ""kick_power"": 0.0, ""kick_dir"": null}, {""move_vx"": -4.1012193308819755, ""move_vy"": 4.1012193308819755, ""kick_power"": 0.0, ""kick_dir"": null}, {""move_vx"": 5.93938171171764, ""move_vy"": -0.08570229001637786, ""kick_power"": 0.0, ""kick_dir"": null}, {""move_vx"": 0.0, ""move_vy"": 0.0, ""kick_power"": 0.4, ""kick_dir"": [0.9968921900952903, -0.07877775544864378]}, {""move_vx"": 5.172656503964449, ""move_vy"": -2.6236662691726402, ""kick_power"": 0.0, ""kick_dir"": null}, {""move_vx"": -4.313351365237939, ""move_vy"": 4.313351365237939, ""kick_power"": 0.0, ""kick_dir"": null}, {""move_vx"": 4.242640687119285, ""move_vy"": -4.242640687119285, ""kick_power"": 0.0, ""kick_dir"": null}, {""move_vx"": 2.9395282746477123, ""move_vy"": -4.167634043740722, ""kick_power"": 0.0, ""kick_dir"": null}, {""move_vx"": 4.313351365237939, ""move_vy"": -4.313351365237939, ""kick_power"": 0.0, ""kick_dir"": null}, {""move_vx"": 7.189439326984165, ""move_vy"": 0.3898232466303971, ""kick_power"": 0.0, ""kick_dir"": null}, {""move_vx"": 4.242640687119285, ""move_vy"": -4.242640687119285, ""kick_power"": 0.0, ""kick_dir"": null}, {""move_vx"": -4.018369097183455, ""move_vy"": 1.3839110516218238, ""kick_power"": 0.0, ""kick_dir"": null}, {""move_vx"": -5.406546463962241, ""move_vy"": 2.0998226908521085, ""kick_power"": 0.0, ""kick_dir"": null}, {""move_vx"": -5.058388055578133, ""move_vy"": -0.8541722772277703, ""kick_power"": 0.0, ""kick_dir"": null}, {""move_vx"": -0.0, ""move_vy"": 0.0, ""kick_power"": 0.9, ""kick_dir"": [-0.5155071883010284, -0.8568851109490447]}, {""move_vx"": -4.1012193308819755, ""move_vy"": 4.1012193308819755, ""kick_power"": 0.0, ""kick_dir"": null}, {""move_vx"": -7.462169895604473, ""move_vy"": 0.7523433053695285, ""kick_power"": 0.0, ""kick_dir"": null}, {""move_vx"": -5.2487172655449505, ""move_vy"": 2.907054706463284, ""kick_power"": 0.0, ""kick_dir"": null}, {""move_vx"": -5.423525648697031, ""move_vy"": -1.75367315595736, ""kick_power"": 0.0, ""kick_dir"": null}, {""move_vx"": -0.0, ""move_vy"": 0.0, ""kick_power"": 0.7, ""kick_dir"": [-0.9960027804607336, 0.08932196860948909]}, {""move_vx"": -6.2968935544758775, ""move_vy"": 0.1978169952257937, ""kick_power"": 0.0, ""kick_dir"": null}, {""move_vx"": -6.5618403791604125, ""move_vy"": -1.4493622178116579, ""kick_power"": 0.0, ""kick_dir"": null}]"
1968,66,default,default,0,27.121958938107827,36.64796329724211,20,B,,0.1552871415466317,-0.06119746858767372,0.418318749851566,"[{""move_vx"": 4.630583273905624, ""move_vy"": 1.0583943232205428, ""kick_power"": 0.0, ""kick_dir"": null}, {""move_vx"": 5.8, ""move_vy"": 0.0, ""kick_power"": 0.0, ""kick_dir"": null}, {""move_vx"": 5.93938171171764, ""move_vy"": -0.0857022900163785, ""kick_power"": 0.0, ""kick_dir"": null}, {""move_vx"": 0.0, ""move_vy"": 0.0, ""kick_power"": 0.4, ""kick_dir"": [0.996891550137886, -0.07878585335948654]}, {""move_vx"": 5.172656503964449, ""move_vy"": -2.6236662691726402, ""kick_power"": 0.0, ""kick_dir"": null}, {""move_vx"": 4.313351365237939, ""move_vy"": 4.313351365237939, ""kick_power"": 0.0, ""kick_dir"": null}, {""move_vx"": 4.242640687119285, ""move_vy"": -4.242640687119285, ""kick_power"": 0.0, ""kick_dir"": null}, {""move_vx"": -2.939528274647559, ""move_vy"": 4.167634043740829, ""kick_power"": 0.0, ""kick_dir"": null}, {""move_vx"": 4.313351365237939, ""move_vy"": -4.313351365237939, ""kick_power"": 0.0, ""kick_dir"": null}, {""move_vx"": 7.189303295413404, ""move_vy"": 0.39232400711396226, ""kick_power"": 0.0, ""kick_dir"": null}, {""move_vx"": 4.242640687119285, ""move_vy"": -4.242640687119285, ""kick_power"": 0.0, ""kick_dir"": null}, {""move_vx"": -0.2722357968168864, ""move_vy"": -4.241271940224003, ""kick_power"": 0.0, ""kick_dir"": null}, {""move_vx"": -5.406546463962241, ""move_vy"": 2.0998226908521085, ""kick_power"": 0.0, ""kick_dir"": null}, {""move_vx"": -5.059832910023075, ""move_vy"": -0.8455713586962493, ""kick_power"": 0.0, ""kick_dir"": null}, {""move_vx"": -6.473427085395933, ""move_vy"": -0.2917906270981298, ""kick_power"": 0.0, ""kick_dir"": null}, {""move_vx"": -6.902040096684251, ""move_vy"": -3.035365299887785, ""kick_power"": 0.0, ""kick_dir"": null}, {""move_vx"": -7.4609714734041965, ""move_vy"": 0.7641365539279096, ""kick_power"": 0.0, ""kick_dir"": null}, {""move_vx"": -5.478566934696261, ""move_vy"": -2.4464881651160346, ""kick_power"": 0.0, ""kick_dir"": null}, {""move_vx"": -5.425731651073182, ""move_vy"": -1.7468360113481403, ""kick_power"": 0.0, ""kick_dir"": null}, {""move_vx"": -0.0, ""move_vy"": 0.0, ""kick_power"": 0.7, ""kick_dir"": [-0.9961543473781788, 0.0876154592502995]}, {""move_vx"": -7.196449776543859, ""move_vy"": 0.22607656597230416, ""kick_power"": 0.0, ""kick_dir"": null}, {""move_vx"": -6.573322060531711, ""move_vy"": -1.3963656714940915, ""kick_power"": 0.0, ""kick_dir"": null}]"
1968,67,default,default,0,26.642195619671572,36.66303506830693,20,B,,0.15940741754382748,-0.06504494143375127,0.4144798045396155,"[{""move_vx"": 4.628100119888272, ""move_vy"": 1.06920029942484, ""kick_power"": 0.0, ""kick_dir"": null}, {""move_vx"": -4.1012193308819755, ""move_vy"": 4.1012193308819755, ""kick_power"": 0.0, ""kick_dir"": null}, {""move_vx"": 5.9393817117176395, ""move_vy"": -0.08570229001637783, ""kick_power"": 0.0, ""kick_dir"": null}, {""move_vx"": 0.0, ""move_vy"": 0.0, ""kick_power"": 0.4, ""kick_dir"": [0.9968909334206072, -0.07879365640127228]}, {""move_vx"": 5.172656503964449, ""move_vy"": -2.6236662691726402, ""kick_power"": 0.0, ""kick_dir"": null}, {""move_vx"": 5.961886833163034, ""move_vy"": -1.2906995733156665, ""kick_power"": 0.0, ""kick_dir"": null}, {""move_vx"": 4.242640687119285, ""move_vy"": -4.242640687119285, ""kick_power"": 0.0, ""kick_dir"": null}, {""move_vx"": 2.9395282746477123, ""move_vy"": -4.167634043740722, ""kick_power"": 0.0, ""kick_dir"": null}, {""move_vx"": 4.313351365237939, ""move_vy"": -4.313351365237939, ""kick_power"": 0.0, ""kick_dir"": null}, {""move_vx"": 7.189303295413404, ""move_vy"": 0.39232400711396104, ""kick_power"": 0.0, ""kick_dir"": null}, {""move_vx"": 0.0, ""move_vy"": 0.0, ""kick_power"": 0.65, ""kick_dir"": [0.9778220334528354, 0.20943678353443704]}, {""move_vx"": -0.020293028970791438, ""move_vy"": 4.249951551838584, ""kick_power"": 0.0, ""kick_dir"": null}, {""move_vx"": -5.406546463962241, ""move_vy"": 2.099822690852108, ""kick_power"": 0.0, ""kick_dir"": null}, {""move_vx"": -5.0617453360139075, ""move_vy"": -0.8340468532051732, ""kick_power"": 0.0, ""kick_dir"": null}, {""move_vx"": -0.0, ""move_vy"": 0.0, ""kick_power"": 0.9, ""kick_dir"": [-0.5618126911503374, -0.8272643226460511]}, {""move_vx"": -6.9130815976475075, ""move_vy"": -3.0101333565587085, ""kick_power"": 0.0, ""kick_dir"": null}, {""move_vx"": -7.459461136638225, ""move_vy"": 0.7787422879129944, ""kick_power"": 0.0, ""kick_dir"": null}, {""move_vx"": -5.223908265776141, ""move_vy"": 2.951403467971756, ""kick_power"": 0.0, ""kick_dir"": null}, {""move_vx"": -5.429355425124962, ""move_vy"": -1.7355401659616332, ""kick_power"": 0.0, ""kick_dir"": null}, {""move_vx"": -0.0, ""move_vy"": 0.0, ""kick_power"": 0.7, ""kick_dir"": [-0.996329505392306, 0.08560063634233715]}, {""move_vx"": -7.196449776543859, ""move_vy"": 0.2260765659723029, ""kick_power"": 0.0, ""kick_dir"": null}, {""move_vx"": -6.585510566761268, ""move_vy"": -1.3377034705328663, ""kick_power"": 0.0, ""kick_dir"": null}]"
1968,68,default,default,0,26.162432301235317,36.67810683937176,20,B,,0.16352642090240624,-0.05422543214387348,0.41650662171414565,"[{""move_vx"": 4.625521775449516, ""move_vy"": 1.080300099436429, ""kick_power"": 0.0, ""kick_dir"": null}, {""move_vx"": -4.1012193308819755, ""move_vy"": 4.1012193308819755, ""kick_power"": 0.0, ""kick_dir"": null}, {""move_vx"": 5.93938171171764, ""move_vy"": -0.0857022900163785, ""kick_power"": 0.0, ""kick_dir"": null}, {""move_vx"": 0.0, ""move_vy"": 0.0, ""kick_power"": 0.4, ""kick_dir"": [0.9968904103531852, -0.07880027392476041]}, {""move_vx"": 0.0, ""move_vy"": 0.0, ""kick_power"": 0.4, ""kick_dir"": [0.5256730436414266, -0.8506864171708676]}, {""move_vx"": 0.0, ""move_vy"": 0.0, ""kick_power"": 0.0, ""kick_dir"": null}, {""move_vx"": -5.377622512891642, ""move_vy"": -0.49109684262983483, ""kick_power"": 0.0, ""kick_dir"": null}, {""move_vx"": -2.939528274647559, ""move_vy"": 4.167634043740829, ""kick_power"": 0.0, ""kick_dir"": null}, {""move_vx"": 4.313351365237939, ""move_vy"": -4.313351365237939, ""kick_power"": 0.0, ""kick_dir"": null}, {""move_vx"": 7.189303295413404, ""move_vy"": 0.3923240071139598, ""kick_power"": 0.0, ""kick_dir"": null}, {""move_vx"": 0.0, ""move_vy"": 0.0, ""kick_power"": 1.0, ""kick_dir"": [0.996290472344139, 0.08605372587761934]}, {""move_vx"": -0.042895863520706304, ""move_vy"": -4.2497835174150715, ""kick_power"": 0.0, ""kick_dir"": null}, {""move_vx"": -5.406546463962241, ""move_vy"": 2.099822690852108, ""kick_power"": 0.0, ""kick_dir"": null}, {""move_vx"": -5.063604360240376, ""move_vy"": -0.8226851663635658, ""kick_power"": 0.0, ""kick_dir"": null}, {""move_vx"": -0.0, ""move_vy"": 0.0, ""kick_power"": 0.9, ""kick_dir"": [-0.6020023862314725, -0.7984941429872773]}, {""move_vx"": -6.923960514316363, ""move_vy"": -2.9850244213721067, ""kick_power"": 0.0, ""kick_dir"": null}, {""move_vx"": -7.45756210343828, ""move_vy"": 0.7967229589770816, ""kick_power"": 0.0, ""kick_dir"": null}, {""move_vx"": -5.455809511099955, ""move_vy"": -2.496826501499709, ""kick_power"": 0.0, ""kick_dir"": null}, {""move_vx"": -5.432918768650363, ""move_vy"": -1.7243531115309942, ""kick_power"": 0.0, ""kick_dir"": null}, {""move_vx"": -0.0, ""move_vy"": 0.0, ""kick_power"": 0.7, ""kick_dir"": [-0.9965486428479364, 0.08301056840480382]}, {""move_vx"": -7.196449776543859, ""move_vy"": 0.22607656597230155, ""kick_power"": 0.0, ""kick_dir"": null}, {""move_vx"": -6.596743791629265, ""move_vy"": -1.2811601568893551, ""kick_power"": 0.0, ""kick_dir"": null}]"
1968,69,default,default,0,24.506248408680317,36.73013587850546,-1,,,0.17816683118017765,-0.16151622045133737,-0.36800555848745914,"[{""move_vx"": 4.622842685118039, ""move_vy"": 1.0917076113367696, ""kick_power"": 0.0, ""kick_dir"": null}, {""move_vx"": -4.1012193308819755, ""move_vy"": 4.1012193308819755, ""kick_power"": 0.0, ""kick_dir"": null}, {""move_vx"": 5.939399409166501, ""move_vy"": -0.08446690708572735, ""kick_power"": 0.0, ""kick_dir"": null}, {""move_vx"": 5.32673146982268, ""move_vy"": -0.8865279738399222, ""kick_power"": 0.0, ""kick_dir"": null}, {""move_vx"": 5.17108277910329, ""move_vy"": -2.626766622991354, ""kick_power"": 0.0, ""kick_dir"": null}, {""move_vx"": 0.0, ""move_vy"": 0.0, ""kick_power"": 0.0, ""kick_dir"": null}, {""move_vx"": 4.242640687119285, ""move_vy"": -4.242640687119285, ""kick_power"": 0.0, ""kick_dir"": null}, {""move_vx"": 2.9395282746477123, ""move_vy"": -4.167634043740722, ""kick_power"": 0.0, ""kick_dir"": null}, {""move_vx"": 4.313351365237939, ""move_vy"": -4.313351365237939, ""kick_power"": 0.0, ""kick_dir"": null}, {""move_vx"": 7.189303295413404, ""move_vy"": 0.39232400711395854, ""kick_power"": 0.0, ""kick_dir"": null}, {""move_vx"": 4.242640687119285, ""move_vy"": -4.242640687119285, ""kick_power"": 0.0, ""kick_dir"": null}, {""move_vx"": -0.0032861304757825713, ""move_vy"": 4.249998729569986, ""kick_power"": 0.0, ""kick_dir"": null}, {""move_vx"": -5.406546463962241, ""move_vy"": 2.0998226908521076, ""kick_power"": 0.0, ""kick_dir"": null}, {""move_vx"": -5.06541155071105, ""move_vy"": -0.8114837163634706, ""kick_power"": 0.0, ""kick_dir"": null}, {""move_vx"": -0.0, ""move_vy"": 0.0, ""kick_power"": 0.9, ""kick_dir"": [-0.6376155372796003, -0.7703545973587121]}, {""move_vx"": -6.9346785633204115, ""move_vy"": -2.9600393955865436, ""kick_power"": 0.0, ""kick_dir"": null}, {""move_vx"": -7.455307753642186, ""move_vy"": 0.8175489578506607, ""kick_power"": 0.0, ""kick_dir"": null}, {""move_vx"": -5.197755725964986, ""move_vy"": 2.997221281987402, ""kick_power"": 0.0, ""kick_dir"": null}, {""move_vx"": -5.436423023223283, ""move_vy"": -1.713273099236607, ""kick_power"": 0.0, ""kick_dir"": null}, {""move_vx"": -0.0, ""move_vy"": 0.0, ""kick_power"": 0.7, ""kick_dir"": [-0.99679273981532, 0.0800261562626302]}, {""move_vx"": -0.0, ""move_vy"": 0.0, ""kick_power"": 1.0, ""kick_dir"": [-0.9995068760794867, 0.031399521879005306]}, {""move_vx"": -6.6065581853440465, ""move_vy"": -1.229548268130857, ""kick_power"": 0.0, ""kick_dir"": null}]"
1968,70,default,default,0,22.888261443143392,36.780964960666054,-1,,,0.18890038029340714,-0.13803545321479554,-0.10484493581907806,"[{""move_vx"": -4.420056841233413, ""move_vy"": 0.8444510170908105, ""kick_power"": 0.0, ""kick_dir"": null}, {""move_vx"": 0.0, ""move_vy"": 0.0, ""kick_power"": 0.9, ""kick_dir"": [0.4936948714588039, -0.8696351429265835]}, {""move_vx"": -5.4, ""move_vy"": 0.0, ""kick_power"": 0.0, ""kick_dir"": null}, {""move_vx"": 0.0, ""move_vy"": 0.0, ""kick_power"": 0.4, ""kick_dir"": [0.996922420358324, -0.07839426690725784]}, {""move_vx"": -4.511697704053119, ""move_vy"": 1.9873308298423324, ""kick_power"": 0.0, ""kick_dir"": null}, {""move_vx"": -4.313351365237939, ""move_vy"": 4.313351365237939, ""kick_power"": 0.0, ""kick_dir"": null}, {""move_vx"": 4.242640687119285, ""move_vy"": -4.242640687119285, ""kick_power"": 0.0, ""kick_dir"": null}, {""move_vx"": 4.242640687119285, ""move_vy"": -4.242640687119285, ""kick_power"": 0.0, ""kick_dir"": null}, {""move_vx"": 0.0, ""move_vy"": 0.0, ""kick_power"": 0.4, ""kick_dir"": [-0.5806153033966278, 0.8141777555349998]}, {""move_vx"": -5.397789201759553, ""move_vy"": 0.15450480046903262, ""kick_power"": 0.0, ""kick_dir"": null}, {""move_vx"": -6.280559747059503, ""move_vy"": 0.4945394459655162, ""kick_power"": 0.0, ""kick_dir"": null}, {""move_vx"": -3.5355339059327373, ""move_vy"": -3.5355339059327373, ""kick_power"": 0.0, ""kick_dir"": null}, {""move_vx"": -4.1012193308819755, ""move_vy"": 4.1012193308819755, ""kick_power"": 0.0, ""kick_dir"": null}, {""move_vx"": -5.145664393416799, ""move_vy"": 1.6377234047062201, ""kick_power"": 0.0, ""kick_dir"": null}, {""move_vx"": -5.4, ""move_vy"": 0.0, ""kick_power"": 0.0, ""kick_dir"": null}, {""move_vx"": -0.0, ""move_vy"": 0.0, ""kick_power"": 0.6, ""kick_dir"": [-0.9648193115143882, -0.26291380961706007]}, {""move_vx"": -4.242640687119285, ""move_vy"": 4.242640687119285, ""kick_power"": 0.0, ""kick_dir"": null}, {""move_vx"": -5.389754670625545, ""move_vy"": 0.3324824664100626, ""kick_power"": 0.0, ""kick_dir"": null}, {""move_vx"": -5.386742250518878, ""move_vy"": -0.37816388838018766, ""kick_power"": 0.0, ""kick_dir"": null}, {""move_vx"": -8.29542290016784, ""move_vy"": 0.6390296607912657, ""kick_power"": 0.0, ""kick_dir"": null}, {""move_vx"": -0.0, ""move_vy"": 0.0, ""kick_power"": 0.0, ""kick_dir"": null}, {""move_vx"": -5.6806065341491605, ""move_vy"": -0.9530526764989803, ""kick_power"": 0.0, ""kick_dir"": null}]"
1968,71,default,default,0,21.307590460642302,36.830621760720526,-1,,,0.201043823177649,-0.1437782357666587,-0.10723583491002936,"[{""move_vx"": 0.0, ""move_vy"": 0.0, ""kick_power"": 0.4, ""kick_dir"": [0.9819003034612157, -0.18939814371135824]}, {""move_vx"": 0.0, ""move_vy"": 0.0, ""kick_power"": 0.9, ""kick_dir"": [0.4874216406333547, -0.8731666799982103]}, {""move_vx"": -5.4, ""move_vy"": 0.0, ""kick_power"": 0.0, ""kick_dir"": null}, {""move_vx"": 0.0, ""move_vy"": 0.0, ""kick_power"": 0.9, ""kick_dir"": [0.2841745313210866, 0.9587725071930069]}, {""move_vx"": -4.511697704053118, ""move_vy"": 1.9873308298423324, ""kick_power"": 0.0, ""kick_dir"": null}, {""move_vx"": -4.313351365237939, ""move_vy"": 4.313351365237939, ""kick_power"": 0.0, ""kick_dir"": null}, {""move_vx"": 4.242640687119285, ""move_vy"": -4.242640687119285, ""kick_power"": 0.0, ""kick_dir"": null}, {""move_vx"": 4.242640687119285, ""move_vy"": -4.242640687119285, ""kick_power"": 0.0, ""kick_dir"": null}, {""move_vx"": 0.0, ""move_vy"": 0.0, ""kick_power"": 0.4, ""kick_dir"": [-0.6092701205465094, 0.7929624806604828]}, {""move_vx"": -5.397772379184344, ""move_vy"": 0.15509140051782808, ""kick_power"": 0.0, ""kick_dir"": null}, {""move_vx"": -6.281540518559487, ""move_vy"": 0.48192189584561196, ""kick_power"": 0.0, ""kick_dir"": null}, {""move_vx"": -3.5355339059327373, ""move_vy"": -3.5355339059327373, ""kick_power"": 0.0, ""kick_dir"": null}, {""move_vx"": -4.1012193308819755, ""move_vy"": 4.1012193308819755, ""kick_power"": 0.0, ""kick_dir"": null}, {""move_vx"": -5.145664393416799, ""move_vy"": 1.6377234047062201, ""kick_power"": 0.0, ""kick_dir"": null}, {""move_vx"": -5.4, ""move_vy"": 0.0, ""kick_power"": 0.0, ""kick_dir"": null}, {""move_vx"": -0.0, ""move_vy"": 0.0, ""kick_power"": 0.6, ""kick_dir"": [-0.9650926931294496, -0.26190851215146366]}, {""move_vx"": -4.242640687119285, ""move_vy"": 4.242640687119285, ""kick_power"": 0.0, ""kick_dir"": null}, {""move_vx"": -5.390725304067786, ""move_vy"": 0.3163553319975523, ""kick_power"": 0.0, ""kick_dir"": null}, {""move_vx"": -5.389669199919606, ""move_vy"": -0.3338651156349797, ""kick_power"": 0.0, ""kick_dir"": null}, {""move_vx"": -0.0, ""move_vy"": 6.4, ""kick_power"": 0.0, ""kick_dir"": null}, {""move_vx"": -0.0, ""move_vy"": 0.0, ""kick_power"": 0.0, ""kick_dir"": null}, {""move_vx"": -5.698399901386912, ""move_vy"": -0.840141990304993, ""kick_power"": 0.0, ""kick_dir"": null}]"
1968,72,default,default,0,19.763374834596245,36.87913331526443,-1,,,0.2131129895521402,-0.15067451857458986,-0.10471068987043052,"[{""move_vx"": 0.0, ""move_vy"": 0.0, ""kick_power"": 0.4, ""kick_dir"": [0.9789144702454254, -0.2042702296141706]}, {""move_vx"": 0.0, ""move_vy"": 0.0, ""kick_power"": 0.9, ""kick_dir"": [0.48096292214704817, -0.8767408814551049]}, {""move_vx"": -5.4, ""move_vy"": 0.0, ""kick_power"": 0.0, ""kick_dir"": null}, {""move_vx"": 0.0, ""move_vy"": 0.0, ""kick_power"": 0.4, ""kick_dir"": [0.9969514927462613, -0.07802367911166588]}, {""move_vx"": -4.511697704053119, ""move_vy"": 1.9873308298423327, ""kick_power"": 0.0, ""kick_dir"": null}, {""move_vx"": -6.1, ""move_vy"": 0.0, ""kick_power"": 0.0, ""kick_dir"": null}, {""move_vx"": 4.242640687119285, ""move_vy"": -4.242640687119285, ""kick_power"": 0.0, ""kick_dir"": null}, {""move_vx"": 4.242640687119285, ""move_vy"": -4.242640687119285, ""kick_power"": 0.0, ""kick_dir"": null}, {""move_vx"": 0.0, ""move_vy"": 0.0, ""kick_power"": 0.4, ""kick_dir"": [-0.6339780363417117, 0.7733507933904261]}, {""move_vx"": -5.397756980573007, ""move_vy"": 0.15562640738440717, ""kick_power"": 0.0, ""kick_dir"": null}, {""move_vx"": -6.282408780371545, ""move_vy"": 0.47046776330640255, ""kick_power"": 0.0, ""kick_dir"": null}, {""move_vx"": -3.5355339059327373, ""move_vy"": -3.5355339059327373, ""kick_power"": 0.0, ""kick_dir"": null}, {""move_vx"": -4.1012193308819755, ""move_vy"": 4.1012193308819755, ""kick_power"": 0.0, ""kick_dir"": null}, {""move_vx"": -5.145664393416799, ""move_vy"": 1.6377234047062206, ""kick_power"": 0.0, ""kick_dir"": null}, {""move_vx"": -5.4, ""move_vy"": 0.0, ""kick_power"": 0.0, ""kick_dir"": null}, {""move_vx"": -0.0, ""move_vy"": 0.0, ""kick_power"": 0.6, ""kick_dir"": [-0.9653661502513651, -0.26089877525251204]}, {""move_vx"": -4.242640687119285, ""move_vy"": 4.242640687119285, ""kick_power"": 0.0, ""kick_dir"": null}, {""move_vx"": -5.391484307180389, ""move_vy"": 0.30314512271782973, ""kick_power"": 0.0, ""kick_dir"": null}, {""move_vx"": -5.391705785624753, ""move_vy"": -0.29918008165747006, ""kick_power"": 0.0, ""kick_dir"": null}, {""move_vx"": -0.0, ""move_vy"": 6.4, ""kick_power"": 0.0, ""kick_dir"": null}, {""move_vx"": -0.0, ""move_vy"": 0.0, ""kick_power"": 0.0, ""kick_dir"": null}, {""move_vx"": -5.711270917503198, ""move_vy"": -0.7476526645991406, ""kick_power"": 0.0, ""kick_dir"": null}]"
1968,73,default,default,0,18.254773787241234,36.92652603734246,-1,,,0.2259646442956946,-0.15579103436719516,-0.10295647754017591,"[{""move_vx"": 0.0, ""move_vy"": 0.0, ""kick_power"": 0.4, ""kick_dir"": [0.9755860937308883, -0.2196170396132759]}, {""move_vx"": 0.0, ""move_vy"": 0.0, ""kick_power"": 0.9, ""kick_dir"": [0.4743121039202978, -0.8803567076056644]}, {""move_vx"": -5.4, ""move_vy"": 0.0, ""kick_power"": 0.0, ""kick_dir"": null}, {""move_vx"": 0.0, ""move_vy"": 0.0, ""kick_power"": 0.4, ""kick_dir"": [0.9969414579169081, -0.07815179382417643]}, {""move_vx"": -5.8, ""move_vy"": 0.0, ""kick_power"": 0.0, ""kick_dir"": null}, {""move_vx"": -6.1, ""move_vy"": 0.0, ""kick_power"": 0.0, ""kick_dir"": null}, {""move_vx"": 4.242640687119285, ""move_vy"": -4.242640687119285, ""kick_power"": 0.0, ""kick_dir"": null}, {""move_vx"": 4.242640687119285, ""move_vy"": -4.242640687119285, ""kick_power"": 0.0, ""kick_dir"": null}, {""move_vx"": 0.0, ""move_vy"": 0.0, ""kick_power"": 0.4, ""kick_dir"": [-0.6554227259607806, 0.7552619894946481]}, {""move_vx"": -5.397742837575453, ""move_vy"": 0.15611617277819984, ""kick_power"": 0.0, ""kick_dir"": null}, {""move_vx"": -6.283181900391801, ""move_vy"": 0.46002739765028877, ""kick_power"": 0.0, ""kick_dir"": null}, {""move_vx"": -0.0, ""move_vy"": 0.0, ""kick_power"": 0.9, ""kick_dir"": [-0.9475989491264785, -0.31946236459711713]}, {""move_vx"": -4.1012193308819755, ""move_vy"": 4.1012193308819755, ""kick_power"": 0.0, ""kick_dir"": null}, {""move_vx"": -6.479174176998754, ""move_vy"": -0.10345039445320255, ""kick_power"": 0.0, ""kick_dir"": null}, {""move_vx"": -5.4, ""move_vy"": 0.0, ""kick_power"": 0.0, ""kick_dir"": null}, {""move_vx"": -0.0, ""move_vy"": 0.0, ""kick_power"": 0.0, ""kick_dir"": null}, {""move_vx"": -4.242640687119285, ""move_vy"": 4.242640687119285, ""kick_power"": 0.0, ""kick_dir"": null}, {""move_vx"": -6.290773660224552, ""move_vy"": 0.3408324453818889, ""kick_power"": 0.0, ""kick_dir"": null}, {""move_vx"": -5.393162860351882, ""move_vy"": -0.27165117655020476, ""kick_power"": 0.0, ""kick_dir"": null}, {""move_vx"": -0.0, ""move_vy"": 6.4, ""kick_power"": 0.0, ""kick_dir"": null}, {""move_vx"": -0.0, ""move_vy"": 0.0, ""kick_power"": 0.0, ""kick_dir"": null}, {""move_vx"": -5.720822027235157, ""move_vy"": -0.6706678259026844, ""kick_power"": 0.0, ""kick_dir"": null}]"
1968,74,default,default,0,16.780965931852553,36.97282573082956,-1,,,0.2382698380564591,-0.16053013096521573,-0.10682937362159095,"[{""move_vx"": 0.0, ""move_vy"": 0.0, ""kick_power"": 0.4, ""kick_dir"": [0.9742605463833677, -0.22542462241750075]}, {""move_vx"": 0.0, ""move_vy"": 0.0, ""kick_power"": 0.9, ""kick_dir"": [0.46746233104581775, -0.8840129368056309]}, {""move_vx"": -5.4, ""move_vy"": 0.0, ""kick_power"": 0.0, ""kick_dir"": null}, {""move_vx"": 0.0, ""move_vy"": 0.0, ""kick_power"": 0.4, ""kick_dir"": [0.9969316538598164, -0.078276758517809]}, {""move_vx"": -4.498912425047945, ""move_vy"": 2.016106889961248, ""kick_power"": 0.0, ""kick_dir"": null}, {""move_vx"": -6.1, ""move_vy"": 0.0, ""kick_power"": 0.0, ""kick_dir"": null}, {""move_vx"": 4.242640687119285, ""move_vy"": -4.242640687119285, ""kick_power"": 0.0, ""kick_dir"": null}, {""move_vx"": 4.242640687119285, ""move_vy"": -4.242640687119285, ""kick_power"": 0.0, ""kick_dir"": null}, {""move_vx"": 0.0, ""move_vy"": 0.0, ""kick_power"": 0.4, ""kick_dir"": [-0.6941953651571817, 0.7197863816495075]}, {""move_vx"": -5.397729807092256, ""move_vy"": 0.15656605515820424, ""kick_power"": 0.0, ""kick_dir"": null}, {""move_vx"": -6.283873950722295, ""move_vy"": 0.4504754948205106, ""kick_power"": 0.0, ""kick_dir"": null}, {""move_vx"": -3.5355339059327373, ""move_vy"": -3.5355339059327373, ""kick_power"": 0.0, ""kick_dir"": null}, {""move_vx"": -4.1012193308819755, ""move_vy"": 4.1012193308819755, ""kick_power"": 0.0, ""kick_dir"": null}, {""move_vx"": -0.0, ""move_vy"": -5.4, ""kick_power"": 0.0, ""kick_dir"": null}, {""move_vx"": -5.4, ""move_vy"": 0.0, ""kick_power"": 0.0, ""kick_dir"": null}, {""move_vx"": -0.0, ""move_vy"": 0.0, ""kick_power"": 0.6, ""kick_dir"": [-0.9659132902682669, -0.2588657769596002]}, {""move_vx"": -4.242640687119285, ""move_vy"": 4.242640687119285, ""kick_power"": 0.0, ""kick_dir"": null}, {""move_vx"": -0.0, ""move_vy"": 0.0, ""kick_power"": 0.65, ""kick_dir"": [0.9995570858147323, -0.029754499948688243]}, {""move_vx"": -5.394324633089122, ""move_vy"": -0.24751111661482342, ""kick_power"": 0.0, ""kick_dir"": null}, {""move_vx"": -0.0, ""move_vy"": 6.4, ""kick_power"": 0.0, ""kick_dir"": null}, {""move_vx"": -0.0, ""move_vy"": -6.0, ""kick_power"": 0.0, ""kick_dir"": null}, {""move_vx"": -5.728064668702069, ""move_vy"": -0.6057021967659189, ""kick_power"": 0.0, ""kick_dir"": null}]"
1968,75,default,default,0,15.341148825525014,37.018057604480326,-1,,,0.2502614940465204,-0.16403934391313946,-0.10695874312826308,"[{""move_vx"": 0.0, ""move_vy"": 0.0, ""kick_power"": 0.4, ""kick_dir"": [0.970310940775563, -0.24186060771080717]}, {""move_vx"": 0.0, ""move_vy"": 0.0, ""kick_power"": 0.9, ""kick_dir"": [0.4604065008055144, -0.8877081481068815]}, {""move_vx"": -5.4, ""move_vy"": 0.0, ""kick_power"": 0.0, ""kick_dir"": null}, {""move_vx"": 0.0, ""move_vy"": 0.0, ""kick_power"": 0.4, ""kick_dir"": [0.9969220736142588, -0.07839867685527088]}, {""move_vx"": -4.498912425047945, ""move_vy"": 2.016106889961249, ""kick_power"": 0.0, ""kick_dir"": null}, {""move_vx"": -6.1, ""move_vy"": 0.0, ""kick_power"": 0.0, ""kick_dir"": null}, {""move_vx"": 4.242640687119285, ""move_vy"": -4.242640687119285, ""kick_power"": 0.0, ""kick_dir"": null}, {""move_vx"": 4.242640687119285, ""move_vy"": -4.242640687119285, ""kick_power"": 0.0, ""kick_dir"": null}, {""move_vx"": 0.0, ""move_vy"": 0.0, ""kick_power"": 0.4, ""kick_dir"": [-0.7090871039816629, 0.705120654899719]}, {""move_vx"": 0.0, ""move_vy"": 0.0, ""kick_power"": 0.7, ""kick_dir"": [0.9987263657783922, 0.05045386361594784]}, {""move_vx"": -6.284496438144154, ""move_vy"": 0.44170637187326944, ""kick_power"": 0.0, ""kick_dir"": null}, {""move_vx"": -3.5355339059327373, ""move_vy"": -3.5355339059327373, ""kick_power"": 0.0, ""kick_dir"": null}, {""move_vx"": -4.1012193308819755, ""move_vy"": 4.1012193308819755, ""kick_power"": 0.0, ""kick_dir"": null}, {""move_vx"": -0.0, ""move_vy"": -5.4, ""kick_power"": 0.0, ""kick_dir"": null}, {""move_vx"": -6.474547404479126, ""move_vy"": -0.2657741656982679, ""kick_power"": 0.0, ""kick_dir"": null}, {""move_vx"": -0.0, ""move_vy"": 0.0, ""kick_power"": 0.6, ""kick_dir"": [-0.9661869716289736, -0.2578424141998302]}, {""move_vx"": -4.242640687119285, ""move_vy"": 4.242640687119285, ""kick_power"": 0.0, ""kick_dir"": null}, {""move_vx"": 5.090889672125864, ""move_vy"": 0.30470042048249407, ""kick_power"": 0.0, ""kick_dir"": null}, {""move_vx"": -5.395261509056724, ""move_vy"": -0.2261708400545114, ""kick_power"": 0.0, ""kick_dir"": null}, {""move_vx"": -0.0, ""move_vy"": 6.4, ""kick_power"": 0.0, ""kick_dir"": null}, {""move_vx"": -0.0, ""move_vy"": 0.0, ""kick_power"": 0.0, ""kick_dir"": null}, {""move_vx"": -5.733659675987576, ""move_vy"": -0.550224245152867, ""kick_power"": 0.0, ""kick_dir"": null}]"
1968,76,default,default,0,13.934538532267563,37.0622462856544,-1,,,0.26198019899374875,-0.158775535474486,-0.09930017066793388,"[{""move_vx"": 0.0, ""move_vy"": 0.0, ""kick_power"": 0.4, ""kick_dir"": [0.9691404754438586, -0.24650885682169396]}, {""move_vx"": 0.0, ""move_vy"": 0.0, ""kick_power"": 0.9, ""kick_dir"": [0.45313725830922963, -0.8914407025269369]}, {""move_vx"": -5.4, ""move_vy"": 0.0, ""kick_power"": 0.0, ""kick_dir"": null}, {""move_vx"": 0.0, ""move_vy"": 0.0, ""kick_power"": 0.4, ""kick_dir"": [0.9969127103448694, -0.07851764989563005]}, {""move_vx"": -4.498912425047944, ""move_vy"": 2.0161068899612498, ""kick_power"": 0.0, ""kick_dir"": null}, {""move_vx"": -6.1, ""move_vy"": 0.0, ""kick_power"": 0.0, ""kick_dir"": null}, {""move_vx"": 4.242640687119285, ""move_vy"": -4.242640687119285, ""kick_power"": 0.0, ""kick_dir"": null}, {""move_vx"": 4.242640687119285, ""move_vy"": -4.242640687119285, ""kick_power"": 0.0, ""kick_dir"": null}, {""move_vx"": 0.0, ""move_vy"": 0.0, ""kick_power"": 0.4, ""kick_dir"": [-0.7222308851913604, 0.6916518087284217]}, {""move_vx"": -5.3978563788311575, ""move_vy"": 0.15213978280444948, ""kick_power"": 0.0, ""kick_dir"": null}, {""move_vx"": -6.285058851472053, ""move_vy"": 0.43363029591208563, ""kick_power"": 0.0, ""kick_dir"": null}, {""move_vx"": -3.5355339059327373, ""move_vy"": -3.5355339059327373, ""kick_power"": 0.0, ""kick_dir"": null}, {""move_vx"": -4.1012193308819755, ""move_vy"": 4.1012193308819755, ""kick_power"": 0.0, ""kick_dir"": null}, {""move_vx"": -0.0, ""move_vy"": -5.4, ""kick_power"": 0.0, ""kick_dir"": null}, {""move_vx"": -5.4, ""move_vy"": 0.0, ""kick_power"": 0.0, ""kick_dir"": null}, {""move_vx"": -0.0, ""move_vy"": 0.0, ""kick_power"": 0.6, ""kick_dir"": [-0.9664607253905005, -0.2568144094305483]}, {""move_vx"": -4.242640687119285, ""move_vy"": 4.242640687119285, ""kick_power"": 0.0, ""kick_dir"": null}, {""move_vx"": -5.393754767253258, ""move_vy"": 0.2596334160557311, ""kick_power"": 0.0, ""kick_dir"": null}, {""move_vx"": -4.242640687119285, ""move_vy"": -4.242640687119285, ""kick_power"": 0.0, ""kick_dir"": null}, {""move_vx"": -0.0, ""move_vy"": 6.4, ""kick_power"": 0.0, ""kick_dir"": null}, {""move_vx"": -0.0, ""move_vy"": -6.0, ""kick_power"": 0.0, ""kick_dir"": null}, {""move_vx"": -5.73805186672848, ""move_vy"": -0.5023552276365933, ""kick_power"": 0.0, ""kick_dir"": null}]"
1968,77,default,default,0,12.560369196174317,37.10541583372531,-1,,,0.2734674102184807,-0.15992237709439835,-0.09912755158939628,"[{""move_vx"": 0.0, ""move_vy"": 0.0, ""kick_power"": 0.4, ""kick_dir"": [0.9679813410285775, -0.25102191785344985]}, {""move_vx"": 0.0, ""move_vy"": 0.0, ""kick_power"": 0.9, ""kick_dir"": [0.445646992895616, -0.8952087228576838]}, {""move_vx"": -5.4, ""move_vy"": 0.0, ""kick_power"": 0.0, ""kick_dir"": null}, {""move_vx"": 0.0, ""move_vy"": 0.0, ""kick_power"": 0.4, ""kick_dir"": [0.996903557399045, -0.07863377542557515]}, {""move_vx"": -4.498912425047943, ""move_vy"": 2.016106889961251, ""kick_power"": 0.0, ""kick_dir"": null}, {""move_vx"": -6.1, ""move_vy"": 0.0, ""kick_power"": 0.0, ""kick_dir"": null}, {""move_vx"": 4.242640687119285, ""move_vy"": -4.242640687119285, ""kick_power"": 0.0, ""kick_dir"": null}, {""move_vx"": 4.242640687119285, ""move_vy"": -4.242640687119285, ""kick_power"": 0.0, ""kick_dir"": null}, {""move_vx"": 0.0, ""move_vy"": 0.0, ""kick_power"": 0.4, ""kick_dir"": [-0.7338994676637172, 0.6792578765966133]}, {""move_vx"": 0.0, ""move_vy"": 0.0, ""kick_power"": 0.7, ""kick_dir"": [0.9989912005268532, 0.04490576584438181]}, {""move_vx"": -6.285569076582644, ""move_vy"": 0.42617060375865845, ""kick_power"": 0.0, ""kick_dir"": null}, {""move_vx"": -3.5355339059327373, ""move_vy"": -3.5355339059327373, ""kick_power"": 0.0, ""kick_dir"": null}, {""move_vx"": -4.1012193308819755, ""move_vy"": 4.1012193308819755, ""kick_power"": 0.0, ""kick_dir"": null}, {""move_vx"": -0.0, ""move_vy"": -5.4, ""kick_power"": 0.0, ""kick_dir"": null}, {""move_vx"": -6.475444615028435, ""move_vy"": -0.24293422504714288, ""kick_power"": 0.0, ""kick_dir"": null}, {""move_vx"": -0.0, ""move_vy"": 0.0, ""kick_power"": 0.6, ""kick_dir"": [-0.9667345495379254, -0.2557817140650503]}, {""move_vx"": -4.242640687119285, ""move_vy"": 4.242640687119285, ""kick_power"": 0.0, ""kick_dir"": null}, {""move_vx"": -5.394004943266832, ""move_vy"": 0.25438292398071355, ""kick_power"": 0.0, ""kick_dir"": null}, {""move_vx"": -0.0, ""move_vy"": 0.0, ""kick_power"": 0.6, ""kick_dir"": [-0.9997799988606831, -0.020973910764853564]}, {""move_vx"": -0.0, ""move_vy"": 6.4, ""kick_power"": 0.0, ""kick_dir"": null}, {""move_vx"": -0.0, ""move_vy"": -6.0, ""kick_power"": 0.0, ""kick_dir"": null}, {""move_vx"": -5.741548515797126, ""move_vy"": -0.46067411556091264, ""kick_power"": 0.0, ""kick_dir"": null}]"
1968,78,default,default,0,11.217892624439655,37.14758975318005,-1,,,0.2846374811752374,-0.1577126738524422,-0.0924434589960782,"[{""move_vx"": 0.0, ""move_vy"": 0.0, ""kick_power"": 0.4, ""kick_dir"": [0.9668549607597341, -0.25532600091745306]}, {""move_vx"": 0.0, ""move_vy"": 0.0, ""kick_power"": 0.9, ""kick_dir"": [0.4379278354547582, -0.8990100719324287]}, {""move_vx"": 5.3959375095883155, ""move_vy"": -0.20942395425990504, ""kick_power"": 0.0, ""kick_dir"": null}, {""move_vx"": 0.0, ""move_vy"": 0.0, ""kick_power"": 0.4, ""kick_dir"": [0.9968946083497211, -0.07874714747888546]}, {""move_vx"": -4.498912425047943, ""move_vy"": 2.0161068899612524, ""kick_power"": 0.0, ""kick_dir"": null}, {""move_vx"": -6.1, ""move_vy"": 0.0, ""kick_power"": 0.0, ""kick_dir"": null}, {""move_vx"": 4.242640687119285, ""move_vy"": -4.242640687119285, ""kick_power"": 0.0, ""kick_dir"": null}, {""move_vx"": 4.242640687119285, ""move_vy"": -4.242640687119285, ""kick_power"": 0.0, ""kick_dir"": null}, {""move_vx"": 0.0, ""move_vy"": 0.0, ""kick_power"": 0.4, ""kick_dir"": [-0.7443145472718079, 0.6678289904198199]}, {""move_vx"": -5.398382577588043, ""move_vy"": 0.13215727749117448, ""kick_power"": 0.0, ""kick_dir"": null}, {""move_vx"": -6.286033714567759, ""move_vy"": 0.4192614212129151, ""kick_power"": 0.0, ""kick_dir"": null}, {""move_vx"": -3.5355339059327373, ""move_vy"": -3.5355339059327373, ""kick_power"": 0.0, ""kick_dir"": null}, {""move_vx"": -6.948391350278477, ""move_vy"": 0.40181792316326487, ""kick_power"": 0.0, ""kick_dir"": null}, {""move_vx"": -3.8183766184073566, ""move_vy"": 3.8183766184073566, ""kick_power"": 0.0, ""kick_dir"": null}, {""move_vx"": -6.475851824905119, ""move_vy"": -0.23182567129860168, ""kick_power"": 0.0, ""kick_dir"": null}, {""move_vx"": -0.0, ""move_vy"": 0.0, ""kick_power"": 0.6, ""kick_dir"": [-0.9670084415173135, -0.2547442805261439]}, {""move_vx"": -4.242640687119285, ""move_vy"": 4.242640687119285, ""kick_power"": 0.0, ""kick_dir"": null}, {""move_vx"": -5.39422156537049, ""move_vy"": 0.24974727964876353, ""kick_power"": 0.0, ""kick_dir"": null}, {""move_vx"": -4.242640687119285, ""move_vy"": -4.242640687119285, ""kick_power"": 0.0, ""kick_dir"": null}, {""move_vx"": -0.0, ""move_vy"": 6.4, ""kick_power"": 0.0, ""kick_dir"": null}, {""move_vx"": -0.0, ""move_vy"": -6.0, ""kick_power"": 0.0, ""kick_dir"": null}, {""move_vx"": -5.74436676498945, ""move_vy"": -0.42408780846029975, ""kick_power"": 0.0, ""kick_dir"": null}]"
1968,79,default,default,0,9.906377879990313,37.18879100641655,-1,,,0.29564582442601306,-0.15070062348100435,-0.09066440510527612,"[{""move_vx"": 0.0, ""move_vy"": 0.0, ""kick_power"": 0.4, ""kick_dir"": [0.9657611814024292, -0.2594325045293178]}, {""move_vx"": 0.0, ""move_vy"": 0.0, ""kick_power"": 0.9, ""kick_dir"": [0.4299716568534971, -0.9028423292724327]}, {""move_vx"": -3.8183766184073566, ""move_vy"": 3.8183766184073566, ""kick_power"": 0.0, ""kick_dir"": null}, {""move_vx"": 0.0, ""move_vy"": 0.0, ""kick_power"": 0.4, ""kick_dir"": [0.9968858570254284, -0.07885785601780802]}, {""move_vx"": -4.498912425047942, ""move_vy"": 2.0161068899612538, ""kick_power"": 0.0, ""kick_dir"": null}, {""move_vx"": -6.1, ""move_vy"": 0.0, ""kick_power"": 0.0, ""kick_dir"": null}, {""move_vx"": 4.242640687119285, ""move_vy"": -4.242640687119285, ""kick_power"": 0.0, ""kick_dir"": null}, {""move_vx"": 4.242640687119285, ""move_vy"": -4.242640687119285, ""kick_power"": 0.0, ""kick_dir"": null}, {""move_vx"": 0.0, ""move_vy"": 0.0, ""kick_power"": 0.4, ""kick_dir"": [-0.7536575885155109, 0.6572670370423523]}, {""move_vx"": -5.398358408946982, ""move_vy"": 0.1331408598117363, ""kick_power"": 0.0, ""kick_dir"": null}, {""move_vx"": -6.286458328106898, ""move_vy"": 0.4128458416593803, ""kick_power"": 0.0, ""kick_dir"": null}, {""move_vx"": -3.5355339059327373, ""move_vy"": -3.5355339059327373, ""kick_power"": 0.0, ""kick_dir"": null}, {""move_vx"": -6.948391350278477, ""move_vy"": 0.4018179231632644, ""kick_power"": 0.0, ""kick_dir"": null}, {""move_vx"": -0.0, ""move_vy"": -5.4, ""kick_power"": 0.0, ""kick_dir"": null}, {""move_vx"": -6.476216172946894, ""move_vy"": -0.22141382355465003, ""kick_power"": 0.0, ""kick_dir"": null}, {""move_vx"": -0.0, ""move_vy"": 0.0, ""kick_power"": 0.6, ""kick_dir"": [-0.9672823982103101, -0.2537020623576488]}, {""move_vx"": -4.242640687119285, ""move_vy"": 4.242640687119285, ""kick_power"": 0.0, ""kick_dir"": null}, {""move_vx"": -5.394410754030196, ""move_vy"": 0.24562698712351214, ""kick_power"": 0.0, ""kick_dir"": null}, {""move_vx"": -4.242640687119285, ""move_vy"": -4.242640687119285, ""kick_power"": 0.0, ""kick_dir"": null}, {""move_vx"": -0.0, ""move_vy"": 6.4, ""kick_power"": 0.0, ""kick_dir"": null}, {""move_vx"": -0.0, ""move_vy"": -6.0, ""kick_power"": 0.0, ""kick_dir"": null}, {""move_vx"": -5.744637834260573, ""move_vy"": -0.4203999918910631, ""kick_power"": 0.0, ""kick_dir"": null}]"
1968,80,default,default,0,8.62511088351271,37.229042026246,-1,,,0.306309536265628,-0.149496625203759,-0.09700510521223125,"[{""move_vx"": 0.0, ""move_vy"": 0.0, ""kick_power"": 0.4, ""kick_dir"": [0.9617024713068852, -0.27409531705549167]}, {""move_vx"": 0.0, ""move_vy"": 0.0, ""kick_power"": 0.9, ""kick_dir"": [0.4217700676678736, -0.906702766037864]}, {""move_vx"": -3.8183766184073566, ""move_vy"": 3.8183766184073566, ""kick_power"": 0.0, ""kick_dir"": null}, {""move_vx"": 0.0, ""move_vy"": 0.0, ""kick_power"": 0.4, ""kick_dir"": [0.9968772975295623, -0.07896598675023511]}, {""move_vx"": -4.4989124250479415, ""move_vy"": 2.016106889961255, ""kick_power"": 0.0, ""kick_dir"": null}, {""move_vx"": -6.1, ""move_vy"": 0.0, ""kick_power"": 0.0, ""kick_dir"": null}, {""move_vx"": 5.434125349632637, ""move_vy"": 2.5436748385908077, ""kick_power"": 0.0, ""kick_dir"": null}, {""move_vx"": 4.242640687119285, ""move_vy"": -4.242640687119285, ""kick_power"": 0.0, ""kick_dir"": null}, {""move_vx"": 0.0, ""move_vy"": 0.0, ""kick_power"": 0.4, ""kick_dir"": [-0.7620781530541427, 0.647484840965816]}, {""move_vx"": -5.398335677509371, ""move_vy"": 0.13405936345311661, ""kick_power"": 0.0, ""kick_dir"": null}, {""move_vx"": -6.2868476340560875, ""move_vy"": 0.4068744599546399, ""kick_power"": 0.0, ""kick_dir"": null}, {""move_vx"": -3.5355339059327373, ""move_vy"": -3.5355339059327373, ""kick_power"": 0.0, ""kick_dir"": null}, {""move_vx"": -0.0, ""move_vy"": 0.0, ""kick_power"": 0.0, ""kick_dir"": null}, {""move_vx"": -0.0, ""move_vy"": -5.4, ""kick_power"": 0.0, ""kick_dir"": null}, {""move_vx"": -6.476543024120299, ""move_vy"": -0.2116375598014094, ""kick_power"": 0.0, ""kick_dir"": null}, {""move_vx"": -0.0, ""move_vy"": 0.0, ""kick_power"": 0.6, ""kick_dir"": [-0.9675564159062834, -0.2526550143484035]}, {""move_vx"": -4.242640687119285, ""move_vy"": 4.242640687119285, ""kick_power"": 0.0, ""kick_dir"": null}, {""move_vx"": -5.394577252499096, ""move_vy"": 0.24194269325463943, ""kick_power"": 0.0, ""kick_dir"": null}, {""move_vx"": -4.242640687119285, ""move_vy"": -4.242640687119285, ""kick_power"": 0.0, ""kick_dir"": null}, {""move_vx"": -0.0, ""move_vy"": 6.4, ""kick_power"": 0.0, ""kick_dir"": null}, {""move_vx"": -0.0, ""move_vy"": -6.0, ""kick_power"": 0.0, ""kick_dir"": null}, {""move_vx"": -0.0, ""move_vy"": 0.0, ""kick_power"": 0.7, ""kick_dir"": [-0.9991498929882279, -0.041224205070319785]}]"
1968,81,default,default,0,7.3733940246587855,37.26836472810681,-1,,,0.3167022532733852,-0.14221873100201154,-0.08547913982332199,"[{""move_vx"": 0.0, ""move_vy"": 0.0, ""kick_power"": 0.9, ""kick_dir"": [0.9999862950923503, 0.005231598959364002]}, {""move_vx"": 0.0, ""move_vy"": 0.0, ""kick_power"": 0.9, ""kick_dir"": [0.41331441945276987, -0.9105883182140267]}, {""move_vx"": -3.8183766184073566, ""move_vy"": 3.8183766184073566, ""kick_power"": 0.0, ""kick_dir"": null}, {""move_vx"": 0.0, ""move_vy"": 0.0, ""kick_power"": 0.4, ""kick_dir"": [0.9968689242506958, -0.07907162105816688]}, {""move_vx"": -4.4989124250479415, ""move_vy"": 2.016106889961256, ""kick_power"": 0.0, ""kick_dir"": null}, {""move_vx"": -6.1, ""move_vy"": 0.0, ""kick_power"": 0.0, ""kick_dir"": null}, {""move_vx"": 4.242640687119285, ""move_vy"": -4.242640687119285, ""kick_power"": 0.0, ""kick_dir"": null}, {""move_vx"": 4.242640687119285, ""move_vy"": -4.242640687119285, ""kick_power"": 0.0, ""kick_dir"": null}, {""move_vx"": -5.381249185204159, ""move_vy"": -2.1503911752840605, ""kick_power"": 0.0, ""kick_dir"": null}, {""move_vx"": -5.398314265732805, ""move_vy"": 0.13491882146572046, ""kick_power"": 0.0, ""kick_dir"": null}, {""move_vx"": -6.28720565531759, ""move_vy"": 0.40130418355971503, ""kick_power"": 0.0, ""kick_dir"": null}, {""move_vx"": -3.5355339059327373, ""move_vy"": -3.5355339059327373, ""kick_power"": 0.0, ""kick_dir"": null}, {""move_vx"": -6.9443132389906, ""move_vy"": 0.4670263791049544, ""kick_power"": 0.0, ""kick_dir"": null}, {""move_vx"": -3.8183766184073566, ""move_vy"": 3.8183766184073566, ""kick_power"": 0.0, ""kick_dir"": null}, {""move_vx"": -5.4, ""move_vy"": 0.0, ""kick_power"": 0.0, ""kick_dir"": null}, {""move_vx"": -0.0, ""move_vy"": 0.0, ""kick_power"": 0.6, ""kick_dir"": [-0.9678304902717136, -0.25160309267039416]}, {""move_vx"": -4.242640687119285, ""move_vy"": 4.242640687119285, ""kick_power"": 0.0, ""kick_dir"": null}, {""move_vx"": -5.394724788832699, ""move_vy"": 0.23863036846552704, ""kick_power"": 0.0, ""kick_dir"": null}, {""move_vx"": -4.242640687119285, ""move_vy"": -4.242640687119285, ""kick_power"": 0.0, ""kick_dir"": null}, {""move_vx"": -0.0, ""move_vy"": 6.4, ""kick_power"": 0.0, ""kick_dir"": null}, {""move_vx"": 4.242640687119285, ""move_vy"": -4.242640687119285, ""kick_power"": 0.0, ""kick_dir"": null}, {""move_vx"": -5.748031564788456, ""move_vy"": -0.37112414391356474, ""kick_power"": 0.0, ""kick_dir"": null}]"
1968,82,default,default,0,6.150545782218691,37.3067805219969,-1,,,0.3268233109024917,-0.14443874701556708,-0.08399386486823812,"[{""move_vx"": 0.0, ""move_vy"": 0.0, ""kick_power"": 0.4, ""kick_dir"": [0.9596321830802567, -0.28125782304423935]}, {""move_vx"": 0.0, ""move_vy"": 0.0, ""kick_power"": 0.9, ""kick_dir"": [0.4045958078067208, -0.9144955579722289]}, {""move_vx"": -3.8183766184073566, ""move_vy"": 3.8183766184073566, ""kick_power"": 0.0, ""kick_dir"": null}, {""move_vx"": 0.0, ""move_vy"": 0.0, ""kick_power"": 0.4, ""kick_dir"": [0.9968607318656247, -0.07917483601530981]}, {""move_vx"": -4.4989124250479415, ""move_vy"": 2.0161068899612578, ""kick_power"": 0.0, ""kick_dir"": null}, {""move_vx"": -6.1, ""move_vy"": 0.0, ""kick_power"": 0.0, ""kick_dir"": null}, {""move_vx"": 5.41152782073374, ""move_vy"": 2.5914024475995117, ""kick_power"": 0.0, ""kick_dir"": null}, {""move_vx"": 4.242640687119285, ""move_vy"": -4.242640687119285, ""kick_power"": 0.0, ""kick_dir"": null}, {""move_vx"": 0.0, ""move_vy"": 0.0, ""kick_power"": 0.4, ""kick_dir"": [-0.7580079740289628, 0.6522450876314446]}, {""move_vx"": -5.398294068184727, ""move_vy"": 0.13572454973806922, ""kick_power"": 0.0, ""kick_dir"": null}, {""move_vx"": -6.287535841581823, ""move_vy"": 0.3960972618233702, ""kick_power"": 0.0, ""kick_dir"": null}, {""move_vx"": -3.5355339059327373, ""move_vy"": -3.5355339059327373, ""kick_power"": 0.0, ""kick_dir"": null}, {""move_vx"": -4.1012193308819755, ""move_vy"": 4.1012193308819755, ""kick_power"": 0.0, ""kick_dir"": null}, {""move_vx"": -0.0, ""move_vy"": -5.4, ""kick_power"": 0.0, ""kick_dir"": null}, {""move_vx"": -5.4, ""move_vy"": 0.0, ""kick_power"": 0.0, ""kick_dir"": null}, {""move_vx"": -0.0, ""move_vy"": 0.0, ""kick_power"": 0.6, ""kick_dir"": [-0.9681046163164753, -0.2505462550328764]}, {""move_vx"": -4.242640687119285, ""move_vy"": 4.242640687119285, ""kick_power"": 0.0, ""kick_dir"": null}, {""move_vx"": -5.394856330453328, ""move_vy"": 0.2356378020769654, ""kick_power"": 0.0, ""kick_dir"": null}, {""move_vx"": -4.242640687119285, ""move_vy"": -4.242640687119285, ""kick_power"": 0.0, ""kick_dir"": null}, {""move_vx"": -0.0, ""move_vy"": 6.4, ""kick_power"": 0.0, ""kick_dir"": null}, {""move_vx"": -0.0, ""move_vy"": -6.0, ""kick_power"": 0.0, ""kick_dir"": null}, {""move_vx"": -5.749575090404792, ""move_vy"": -0.3463903575400676, ""kick_power"": 0.0, ""kick_dir"": null}]"
1968,83,default,default,0,5.673291374185932,37.27846756227994,0,A,,1.501407878049489,3.056794398584662,-0.027054180736037114,"[{""move_vx"": 0.0, ""move_vy"": 0.0, ""kick_power"": 0.4, ""kick_dir"": [0.955156275765832, 0.2961019987553971]}, {""move_vx"": 0.0, ""move_vy"": 0.0, ""kick_power"": 0.9, ""kick_dir"": [0.39560507752001545, -0.91842066315626]}, {""move_vx"": 0.0, ""move_vy"": 0.0, ""kick_power"": 0.0, ""kick_dir"": null}, {""move_vx"": -3.7361101592239248, ""move_vy"": -3.5154488871470995, ""kick_power"": 0.0, ""kick_dir"": null}, {""move_vx"": -4.49891242504794, ""move_vy"": 2.016106889961259, ""kick_power"": 0.0, ""kick_dir"": null}, {""move_vx"": -6.1, ""move_vy"": 0.0, ""kick_power"": 0.0, ""kick_dir"": null}, {""move_vx"": 5.41152782073374, ""move_vy"": 2.591402447599513, ""kick_power"": 0.0, ""kick_dir"": null}, {""move_vx"": 4.242640687119285, ""move_vy"": -4.242640687119285, ""kick_power"": 0.0, ""kick_dir"": null}, {""move_vx"": 0.0, ""move_vy"": 0.0, ""kick_power"": 0.4, ""kick_dir"": [-0.7655072034169949, 0.6434271322847477]}, {""move_vx"": -6.0, ""move_vy"": 0.0, ""kick_power"": 0.0, ""kick_dir"": null}, {""move_vx"": 4.242640687119285, ""move_vy"": -4.242640687119285, ""kick_power"": 0.0, ""kick_dir"": null}, {""move_vx"": -3.5355339059327373, ""move_vy"": -3.5355339059327373, ""kick_power"": 0.0, ""kick_dir"": null}, {""move_vx"": -0.0, ""move_vy"": 0.0, ""kick_power"": 0.6, ""kick_dir"": [-0.9983002791161012, 0.05827966878652348]}, {""move_vx"": -0.0, ""move_vy"": -5.4, ""kick_power"": 0.0, ""kick_dir"": null}, {""move_vx"": -6.477271316127979, ""move_vy"": -0.18803270264967603, ""kick_power"": 0.0, ""kick_dir"": null}, {""move_vx"": -0.0, ""move_vy"": 0.0, ""kick_power"": 0.6, ""kick_dir"": [-0.968378788356594, -0.2494844608546613]}, {""move_vx"": -4.242640687119285, ""move_vy"": 4.242640687119285, ""kick_power"": 0.0, ""kick_dir"": null}, {""move_vx"": -5.39497426645626, ""move_vy"": 0.23292201328928744, ""kick_power"": 0.0, ""kick_dir"": null}, {""move_vx"": -4.242640687119285, ""move_vy"": -4.242640687119285, ""kick_power"": 0.0, ""kick_dir"": null}, {""move_vx"": 4.525483399593904, ""move_vy"": 4.525483399593904, ""kick_power"": 0.0, ""kick_dir"": null}, {""move_vx"": -5.31356150092778, ""move_vy"": 0.962322282740104, ""kick_power"": 0.0, ""kick_dir"": null}, {""move_vx"": -5.7509210303625675, ""move_vy"": -0.3232758922863633, ""kick_power"": 0.0, ""kick_dir"": null}]"
1968,84,default,default,0,4.339538871416023,37.898433461428205,0,A,,2.129578496181056,0.43492012653852496,-0.10457257626880881,"[{""move_vx"": -3.5355339059327373, ""move_vy"": 3.5355339059327373, ""kick_power"": 0.0, ""kick_dir"": null}, {""move_vx"": 0.0, ""move_vy"": 0.0, ""kick_power"": 0.6, ""kick_dir"": [0.9973156396000603, 0.07322219010113748]}, {""move_vx"": 3.8183766184073566, ""move_vy"": 3.8183766184073566, ""kick_power"": 0.0, ""kick_dir"": null}, {""move_vx"": 5.922854143087096, ""move_vy"": -0.4509975606541917, ""kick_power"": 0.0, ""kick_dir"": null}, {""move_vx"": -7.114815714611718, ""move_vy"": -2.496196576216334, ""kick_power"": 0.0, ""kick_dir"": null}, {""move_vx"": 0.0, ""move_vy"": 0.0, ""kick_power"": 0.4, ""kick_dir"": [-0.9361724487864019, -0.3515406185844681]}, {""move_vx"": 4.242640687119285, ""move_vy"": -4.242640687119285, ""kick_power"": 0.0, ""kick_dir"": null}, {""move_vx"": 0.0, ""move_vy"": 0.0, ""kick_power"": 0.6, ""kick_dir"": [0.99846034377719, -0.05546989391309533]}, {""move_vx"": -2.7552511177996917, ""move_vy"": 4.392358851216911, ""kick_power"": 0.0, ""kick_dir"": null}, {""move_vx"": -4.242640687119285, ""move_vy"": 4.242640687119285, ""kick_power"": 0.0, ""kick_dir"": null}, {""move_vx"": -5.577690024644257, ""move_vy"": 1.1744675342400657, ""kick_power"": 0.0, ""kick_dir"": null}, {""move_vx"": -4.9976463589266915, ""move_vy"": 0.15339775456888774, ""kick_power"": 0.0, ""kick_dir"": null}, {""move_vx"": -0.0, ""move_vy"": 0.0, ""kick_power"": 0.6, ""kick_dir"": [-0.9980418868502046, 0.062548854908932]}, {""move_vx"": -5.0604117800569, ""move_vy"": 1.8847367498569554, ""kick_power"": 0.0, ""kick_dir"": null}, {""move_vx"": -0.0, ""move_vy"": 0.0, ""kick_power"": 0.4, ""kick_dir"": [-0.9997278889013312, -0.023326326615115935]}, {""move_vx"": -0.0, ""move_vy"": 0.0, ""kick_power"": 0.6, ""kick_dir"": [-0.9686533722508204, -0.24841621983272533]}, {""move_vx"": -0.0, ""move_vy"": 0.0, ""kick_power"": 0.6, ""kick_dir"": [-0.9995556454434387, 0.02980704123441383]}, {""move_vx"": -5.395348059807198, ""move_vy"": 0.22409666114137777, ""kick_power"": 0.0, ""kick_dir"": null}, {""move_vx"": -5.39727881105966, ""move_vy"": -0.1714101388087151, ""kick_power"": 0.0, ""kick_dir"": null}, {""move_vx"": 4.525483399593904, ""move_vy"": 4.525483399593904, ""kick_power"": 0.0, ""kick_dir"": null}, {""move_vx"": -6.204537217574974, ""move_vy"": 1.0925739863858261, ""kick_power"": 0.0, ""kick_dir"": null}, {""move_vx"": -4.525483399593904, ""move_vy"": -4.525483399593904, ""kick_power"": 0.0, ""kick_dir"": null}]"
1968,85,default,default,0,5.697136273461285,37.47416939271628,0,A,,2.763623687061819,0.8692060321259113,0.1271504528577635,"[{""move_vx"": 5.0, ""move_vy"": 0.0, ""kick_power"": 0.0, ""kick_dir"": null}, {""move_vx"": 0.0, ""move_vy"": 0.0, ""kick_power"": 0.6, ""kick_dir"": [0.9971587424048949, 0.0753287227749392]}, {""move_vx"": 3.8183766184073566, ""move_vy"": 3.8183766184073566, ""kick_power"": 0.0, ""kick_dir"": null}, {""move_vx"": 5.922854143087096, ""move_vy"": -0.45099756065419133, ""kick_power"": 0.0, ""kick_dir"": null}, {""move_vx"": -7.1868348500339465, ""move_vy"": -2.2805711649360028, ""kick_power"": 0.0, ""kick_dir"": null}, {""move_vx"": 0.0, ""move_vy"": 0.0, ""kick_power"": 0.4, ""kick_dir"": [-0.9214120226263371, -0.3885865843428328]}, {""move_vx"": 4.242640687119285, ""move_vy"": -4.242640687119285, ""kick_power"": 0.0, ""kick_dir"": null}, {""move_vx"": 0.0, ""move_vy"": 0.0, ""kick_power"": 0.6, ""kick_dir"": [0.99846034377719, -0.05546989391309533]}, {""move_vx"": -2.755251117799692, ""move_vy"": 4.39235885121691, ""kick_power"": 0.0, ""kick_dir"": null}, {""move_vx"": -4.242640687119285, ""move_vy"": 4.242640687119285, ""kick_power"": 0.0, ""kick_dir"": null}, {""move_vx"": -5.569063793974299, ""move_vy"": 1.214713323646607, ""kick_power"": 0.0, ""kick_dir"": null}, {""move_vx"": -4.997156304931583, ""move_vy"": 0.16860861212446043, ""kick_power"": 0.0, ""kick_dir"": null}, {""move_vx"": -5.784690923754676, ""move_vy"": 0.4211305220834377, ""kick_power"": 0.0, ""kick_dir"": null}, {""move_vx"": -5.0604117800569, ""move_vy"": 1.8847367498569554, ""kick_power"": 0.0, ""kick_dir"": null}, {""move_vx"": -5.1499545808360265, ""move_vy"": -1.6241821989315217, ""kick_power"": 0.0, ""kick_dir"": null}, {""move_vx"": -0.0, ""move_vy"": 0.0, ""kick_power"": 0.6, ""kick_dir"": [-0.9689234693405884, -0.2473606361386819]}, {""move_vx"": -0.0, ""move_vy"": 0.0, ""kick_power"": 0.6, ""kick_dir"": [-0.9995447126402474, 0.030171434790102203]}, {""move_vx"": -7.493663034201089, ""move_vy"": 0.3082439453552032, ""kick_power"": 0.0, ""kick_dir"": null}, {""move_vx"": -5.399556835642313, ""move_vy"": -0.06918076805279047, ""kick_power"": 0.0, ""kick_dir"": null}, {""move_vx"": 4.525483399593904, ""move_vy"": 4.525483399593904, ""kick_power"": 0.0, ""kick_dir"": null}, {""move_vx"": -6.18490312603615, ""move_vy"": 1.1987382206087638, ""kick_power"": 0.0, ""kick_dir"": null}, {""move_vx"": -4.525483399593904, ""move_vy"": -4.525483399593904, ""kick_power"": 0.0, ""kick_dir"": null}]"
1968,86,default,default,0,4.43716994435384,38.13413572182372,0,A,,3.3912443158248866,0.44249057418209947,-0.08682774977470108,"[{""move_vx"": -3.5355339059327373, ""move_vy"": 3.5355339059327373, ""kick_power"": 0.0, ""kick_dir"": null}, {""move_vx"": 6.93909974620824, ""move_vy"": 0.5389756137087633, ""kick_power"": 0.0, ""kick_dir"": null}, {""move_vx"": 3.8183766184073566, ""move_vy"": 3.8183766184073566, ""kick_power"": 0.0, ""kick_dir"": null}, {""move_vx"": 5.922854143087096, ""move_vy"": -0.450997560654191, ""kick_power"": 0.0, ""kick_dir"": null}, {""move_vx"": -7.127181184014745, ""move_vy"": -2.4606682771609396, ""kick_power"": 0.0, ""kick_dir"": null}, {""move_vx"": 0.0, ""move_vy"": 0.0, ""kick_power"": 0.4, ""kick_dir"": [-0.9040763522414192, -0.42737054961292287]}, {""move_vx"": 4.242640687119285, ""move_vy"": -4.242640687119285, ""kick_power"": 0.0, ""kick_dir"": null}, {""move_vx"": 0.0, ""move_vy"": 0.0, ""kick_power"": 0.6, ""kick_dir"": [0.99846034377719, -0.05546989391309533]}, {""move_vx"": -2.7552511177996934, ""move_vy"": 4.39235885121691, ""kick_power"": 0.0, ""kick_dir"": null}, {""move_vx"": -4.242640687119285, ""move_vy"": 4.242640687119285, ""kick_power"": 0.0, ""kick_dir"": null}, {""move_vx"": -5.565778548222655, ""move_vy"": 1.229678475108235, ""kick_power"": 0.0, ""kick_dir"": null}, {""move_vx"": -4.997509150878133, ""move_vy"": 0.15780458450033366, ""kick_power"": 0.0, ""kick_dir"": null}, {""move_vx"": -5.7858501512462, ""move_vy"": 0.40489261208908794, ""kick_power"": 0.0, ""kick_dir"": null}, {""move_vx"": -5.060411780056899, ""move_vy"": 1.8847367498569554, ""kick_power"": 0.0, ""kick_dir"": null}, {""move_vx"": -5.1499545808360265, ""move_vy"": -1.6241821989315215, ""kick_power"": 0.0, ""kick_dir"": null}, {""move_vx"": -0.0, ""move_vy"": 0.0, ""kick_power"": 0.6, ""kick_dir"": [-0.9691909077324475, -0.24631069408153722]}, {""move_vx"": -0.0, ""move_vy"": 0.0, ""kick_power"": 0.6, ""kick_dir"": [-0.9995440767707139, 0.030192493057641632]}, {""move_vx"": -5.393703864472147, ""move_vy"": 0.2606887461672124, ""kick_power"": 0.0, ""kick_dir"": null}, {""move_vx"": -5.398115503139699, ""move_vy"": -0.14264997288064635, ""kick_power"": 0.0, ""kick_dir"": null}, {""move_vx"": 6.4, ""move_vy"": 0.0, ""kick_power"": 0.0, ""kick_dir"": null}, {""move_vx"": -6.19405733827407, ""move_vy"": 1.15050149507645, ""kick_power"": 0.0, ""kick_dir"": null}, {""move_vx"": -4.525483399593904, ""move_vy"": -4.525483399593904, ""kick_power"": 0.0, ""kick_dir"": null}]"
1968,87,default,default,0,5.7947673463991025,37.70987165311179,0,A,,4.0253187960275305,0.8704014931833653,0.12689227747386236,"[{""move_vx"": 5.0, ""move_vy"": 0.0, ""kick_power"": 0.0, ""kick_dir"": null}, {""move_vx"": 4.1012193308819755, ""move_vy"": 4.1012193308819755, ""kick_power"": 0.0, ""kick_dir"": null}, {""move_vx"": 3.8183766184073566, ""move_vy"": 3.8183766184073566, ""kick_power"": 0.0, ""kick_dir"": null}, {""move_vx"": 5.922854143087096, ""move_vy"": -0.45099756065419055, ""kick_power"": 0.0, ""kick_dir"": null}, {""move_vx"": -7.201101808108722, ""move_vy"": -2.2351135875506016, ""kick_power"": 0.0, ""kick_dir"": null}, {""move_vx"": 0.0, ""move_vy"": 0.0, ""kick_power"": 0.4, ""kick_dir"": [-0.8897106921912918, -0.45652435950775405]}, {""move_vx"": 4.242640687119285, ""move_vy"": -4.242640687119285, ""kick_power"": 0.0, ""kick_dir"": null}, {""move_vx"": 0.0, ""move_vy"": 0.0, ""kick_power"": 0.6, ""kick_dir"": [0.99846034377719, -0.05546989391309533]}, {""move_vx"": -2.7552511177996943, ""move_vy"": 4.39235885121691, ""kick_power"": 0.0, ""kick_dir"": null}, {""move_vx"": -4.919208935854329, ""move_vy"": -1.3458764599363913, ""kick_power"": 0.0, ""kick_dir"": null}, {""move_vx"": -5.548761721334587, ""move_vy"": 1.3043172006272186, ""kick_power"": 0.0, ""kick_dir"": null}, {""move_vx"": -4.996966400996128, ""move_vy"": 0.17414587941088733, ""kick_power"": 0.0, ""kick_dir"": null}, {""move_vx"": -5.783792366873941, ""move_vy"": 0.4332964999751698, ""kick_power"": 0.0, ""kick_dir"": null}, {""move_vx"": -5.0604117800569, ""move_vy"": 1.8847367498569554, ""kick_power"": 0.0, ""kick_dir"": null}, {""move_vx"": -5.1499545808360265, ""move_vy"": -1.624182198931521, ""kick_power"": 0.0, ""kick_dir"": null}, {""move_vx"": -0.0, ""move_vy"": 0.0, ""kick_power"": 0.6, ""kick_dir"": [-0.9694575988165236, -0.24525891960647264]}, {""move_vx"": -0.0, ""move_vy"": 0.0, ""kick_power"": 0.6, ""kick_dir"": [-0.9995440767707139, 0.030192493057641632]}, {""move_vx"": -5.3863483903338505, ""move_vy"": 0.3837330034645648, ""kick_power"": 0.0, ""kick_dir"": null}, {""move_vx"": -5.399913170937952, ""move_vy"": -0.03062264408626569, ""kick_power"": 0.0, ""kick_dir"": null}, {""move_vx"": 4.525483399593904, ""move_vy"": 4.525483399593904, ""kick_power"": 0.0, ""kick_dir"": null}, {""move_vx"": -6.17017260892937, ""move_vy"": 1.272387510162581, ""kick_power"": 0.0, ""kick_dir"": null}, {""move_vx"": -4.525483399593904, ""move_vy"": -4.525483399593904, ""kick_power"": 0.0, ""kick_dir"": null}]"
1968,88,default,default,0,5.873045747012051,37.09325492528183,0,A,,4.65646153285705,0.6661878063857701,0.025499401633305045,"[{""move_vx"": 3.5147153486307325, ""move_vy"": -3.1951957714824846, ""kick_power"": 0.0, ""kick_dir"": null}, {""move_vx"": 6.940844777903871, ""move_vy"": 0.5160172177791679, ""kick_power"": 0.0, ""kick_dir"": null}, {""move_vx"": 3.8183766184073566, ""move_vy"": 3.8183766184073566, ""kick_power"": 0.0, ""kick_dir"": null}, {""move_vx"": 5.922854143087096, ""move_vy"": -0.45099756065419017, ""kick_power"": 0.0, ""kick_dir"": null}, {""move_vx"": -7.140871105737744, ""move_vy"": -2.4206527737864025, ""kick_power"": 0.0, ""kick_dir"": null}, {""move_vx"": 0.0, ""move_vy"": 0.0, ""kick_power"": 0.4, ""kick_dir"": [-0.9008917027584469, -0.43404344938735195]}, {""move_vx"": -3.901692553573668, ""move_vy"": 3.733201738104679, ""kick_power"": 0.0, ""kick_dir"": null}, {""move_vx"": 0.0, ""move_vy"": 0.0, ""kick_power"": 0.6, ""kick_dir"": [0.99846034377719, -0.05546989391309533]}, {""move_vx"": -2.755251117799695, ""move_vy"": 4.392358851216909, ""kick_power"": 0.0, ""kick_dir"": null}, {""move_vx"": -4.242640687119285, ""move_vy"": 4.242640687119285, ""kick_power"": 0.0, ""kick_dir"": null}, {""move_vx"": -5.546365408221408, ""move_vy"": 1.3144697632448468, ""kick_power"": 0.0, ""kick_dir"": null}, {""move_vx"": -4.9973310790368295, ""move_vy"": 0.16334652274412964, ""kick_power"": 0.0, ""kick_dir"": null}, {""move_vx"": -5.78499179540075, ""move_vy"": 0.416977130243377, ""kick_power"": 0.0, ""kick_dir"": null}, {""move_vx"": -5.0604117800569, ""move_vy"": 1.8847367498569554, ""kick_power"": 0.0, ""kick_dir"": null}, {""move_vx"": -5.1499545808360265, ""move_vy"": -1.6241821989315206, ""kick_power"": 0.0, ""kick_dir"": null}, {""move_vx"": -0.0, ""move_vy"": 0.0, ""kick_power"": 0.6, ""kick_dir"": [-0.9697209011845587, -0.2442157801085528]}, {""move_vx"": -0.0, ""move_vy"": 0.0, ""kick_power"": 0.6, ""kick_dir"": [-0.9995440767707139, 0.030192493057641632]}, {""move_vx"": -7.491366109714592, ""move_vy"": 0.3597691068166721, ""kick_power"": 0.0, ""kick_dir"": null}, {""move_vx"": -5.398994127888041, ""move_vy"": -0.10422287191621105, ""kick_power"": 0.0, ""kick_dir"": null}, {""move_vx"": 4.525483399593904, ""move_vy"": 4.525483399593904, ""kick_power"": 0.0, ""kick_dir"": null}, {""move_vx"": -6.179274880751136, ""move_vy"": 1.2274208520788743, ""kick_power"": 0.0, ""kick_dir"": null}, {""move_vx"": -5.759944341329185, ""move_vy"": -0.025321626920650146, ""kick_power"": 0.0, ""kick_dir"": null}]"
1968,89,default,default,0,4.76911537386704,38.15682493078706,0,A,,5.284542188307245,0.4754068298604556,-0.07251022791140714,"[{""move_vx"": -3.5355339059327373, ""move_vy"": 3.5355339059327373, ""kick_power"": 0.0, ""kick_dir"": null}, {""move_vx"": 6.940844777903872, ""move_vy"": 0.5160172177791678, ""kick_power"": 0.0, ""kick_dir"": null}, {""move_vx"": 3.8183766184073566, ""move_vy"": 3.8183766184073566, ""kick_power"": 0.0, ""kick_dir"": null}, {""move_vx"": 5.922854143087096, ""move_vy"": -0.45099756065418994, ""kick_power"": 0.0, ""kick_dir"": null}, {""move_vx"": -7.091680411557318, ""move_vy"": -2.561185065615958, ""kick_power"": 0.0, ""kick_dir"": null}, {""move_vx"": 0.0, ""move_vy"": 0.0, ""kick_power"": 0.4, ""kick_dir"": [-0.8829969811543017, -0.4693781684111323]}, {""move_vx"": 4.242640687119285, ""move_vy"": -4.242640687119285, ""kick_power"": 0.0, ""kick_dir"": null}, {""move_vx"": 0.0, ""move_vy"": 0.0, ""kick_power"": 0.0, ""kick_dir"": null}, {""move_vx"": -5.383552821581886, ""move_vy"": -1.0758526930940515, ""kick_power"": 0.0, ""kick_dir"": null}, {""move_vx"": -4.242640687119285, ""move_vy"": 4.242640687119285, ""kick_power"": 0.0, ""kick_dir"": null}, {""move_vx"": -5.56343002897394, ""move_vy"": 1.2402605825837643, ""kick_power"": 0.0, ""kick_dir"": null}, {""move_vx"": -4.997865606110244, ""move_vy"": 0.1460800577090995, ""kick_power"": 0.0, ""kick_dir"": null}, {""move_vx"": -6.944650523666291, ""move_vy"": 0.4619838786597493, ""kick_power"": 0.0, ""kick_dir"": null}, {""move_vx"": -5.0604117800569, ""move_vy"": 1.8847367498569554, ""kick_power"": 0.0, ""kick_dir"": null}, {""move_vx"": -5.1499545808360265, ""move_vy"": -1.6241821989315202, ""kick_power"": 0.0, ""kick_dir"": null}, {""move_vx"": -0.0, ""move_vy"": 0.0, ""kick_power"": 0.6, ""kick_dir"": [-0.9699972436260518, -0.24311585860307255]}, {""move_vx"": -0.0, ""move_vy"": 0.0, ""kick_power"": 0.6, ""kick_dir"": [-0.9995440767707139, 0.030192493057641632]}, {""move_vx"": -5.394711681254955, ""move_vy"": 0.23892650780384866, ""kick_power"": 0.0, ""kick_dir"": null}, {""move_vx"": -5.395879794113219, ""move_vy"": -0.21090577868018517, ""kick_power"": 0.0, ""kick_dir"": null}, {""move_vx"": 4.525483399593904, ""move_vy"": 4.525483399593904, ""kick_power"": 0.0, ""kick_dir"": null}, {""move_vx"": -6.2147265230947815, ""move_vy"": 1.0330412591674407, ""kick_power"": 0.0, ""kick_dir"": null}, {""move_vx"": -6.717416236671935, ""move_vy"": -0.18633062898048003, ""kick_power"": 0.0, ""kick_dir"": null}]"
1968,90,default,default,0,6.126712775912302,37.73256086207513,0,A,,5.9187162521387435,0.8776487813802148,0.12858346528440723,"[{""move_vx"": 5.0, ""move_vy"": 0.0, ""kick_power"": 0.0, ""kick_dir"": null}, {""move_vx"": 4.1012193308819755, ""move_vy"": 4.1012193308819755, ""kick_power"": 0.0, ""kick_dir"": null}, {""move_vx"": 3.8183766184073566, ""move_vy"": 3.8183766184073566, ""kick_power"": 0.0, ""kick_dir"": null}, {""move_vx"": 5.922854143087097, ""move_vy"": -0.4509975606541896, ""kick_power"": 0.0, ""kick_dir"": null}, {""move_vx"": -7.198158548359357, ""move_vy"": -2.2445742386210172, ""kick_power"": 0.0, ""kick_dir"": null}, {""move_vx"": -4.313351365237939, ""move_vy"": -4.313351365237939, ""kick_power"": 0.0, ""kick_dir"": null}, {""move_vx"": 4.242640687119285, ""move_vy"": -4.242640687119285, ""kick_power"": 0.0, ""kick_dir"": null}, {""move_vx"": 0.0, ""move_vy"": 0.0, ""kick_power"": 0.6, ""kick_dir"": [0.99846034377719, -0.05546989391309533]}, {""move_vx"": -5.4160628969393585, ""move_vy"": -0.8979770021536442, ""kick_power"": 0.0, ""kick_dir"": null}, {""move_vx"": -4.862291036251071, ""move_vy"": -1.5388716251827101, ""kick_power"": 0.0, ""kick_dir"": null}, {""move_vx"": -3.7155908877748067, ""move_vy"": 3.493477401484776, ""kick_power"": 0.0, ""kick_dir"": null}, {""move_vx"": -4.996981812348361, ""move_vy"": 0.1737031003168632, ""kick_power"": 0.0, ""kick_dir"": null}, {""move_vx"": -5.783572410565071, ""move_vy"": 0.4362226171927918, ""kick_power"": 0.0, ""kick_dir"": null}, {""move_vx"": -5.063769776795182, ""move_vy"": 1.8756960435037675, ""kick_power"": 0.0, ""kick_dir"": null}, {""move_vx"": -5.104082389714783, ""move_vy"": -0.5150174356305072, ""kick_power"": 0.0, ""kick_dir"": null}, {""move_vx"": -0.0, ""move_vy"": 0.0, ""kick_power"": 0.6, ""kick_dir"": [-0.9702710704147869, -0.24202070812218746]}, {""move_vx"": -4.242640687119285, ""move_vy"": 4.242640687119285, ""kick_power"": 0.0, ""kick_dir"": null}, {""move_vx"": -5.382672994653799, ""move_vy"": 0.4322400173800522, ""kick_power"": 0.0, ""kick_dir"": null}, {""move_vx"": -5.399945534260051, ""move_vy"": -0.024253392029536275, ""kick_power"": 0.0, ""kick_dir"": null}, {""move_vx"": 4.525483399593904, ""move_vy"": 4.525483399593904, ""kick_power"": 0.0, ""kick_dir"": null}, {""move_vx"": -6.163054225063939, ""move_vy"": 1.3064312530407165, ""kick_power"": 0.0, ""kick_dir"": null}, {""move_vx"": -5.970413778400801, ""move_vy"": 1.1491559140003047, ""kick_power"": 0.0, ""kick_dir"": null}]"
1968,91,default,default,0,4.866746446804857,38.39252719118257,0,A,,6.546465753852547,0.4473470666313308,-0.08057198247794853,"[{""move_vx"": -3.5355339059327373, ""move_vy"": 3.5355339059327373, ""kick_power"": 0.0, ""kick_dir"": null}, {""move_vx"": 6.942546855083589, ""move_vy"": 0.4925882306439882, ""kick_power"": 0.0, ""kick_dir"": null}, {""move_vx"": 3.8183766184073566, ""move_vy"": 3.8183766184073566, ""kick_power"": 0.0, ""kick_dir"": null}, {""move_vx"": 5.922854143087096, ""move_vy"": -0.4509975606541891, ""kick_power"": 0.0, ""kick_dir"": null}, {""move_vx"": -7.13363300204209, ""move_vy"": -2.441900938239708, ""kick_power"": 0.0, ""kick_dir"": null}, {""move_vx"": 0.0, ""move_vy"": 0.0, ""kick_power"": 0.4, ""kick_dir"": [-0.8897355831658262, -0.4564755723563785]}, {""move_vx"": 4.242640687119285, ""move_vy"": -4.242640687119285, ""kick_power"": 0.0, ""kick_dir"": null}, {""move_vx"": 0.0, ""move_vy"": 0.0, ""kick_power"": 0.0, ""kick_dir"": null}, {""move_vx"": -5.3995199385709585, ""move_vy"": -0.99261494698331, ""kick_power"": 0.0, ""kick_dir"": null}, {""move_vx"": -4.242640687119285, ""move_vy"": 4.242640687119285, ""kick_power"": 0.0, ""kick_dir"": null}, {""move_vx"": -5.545303323226641, ""move_vy"": 1.3189431577636577, ""kick_power"": 0.0, ""kick_dir"": null}, {""move_vx"": -4.997347015710914, ""move_vy"": 0.16285823456375176, ""kick_power"": 0.0, ""kick_dir"": null}, {""move_vx"": -5.784807307639446, ""move_vy"": 0.41952879934667614, ""kick_power"": 0.0, ""kick_dir"": null}, {""move_vx"": -5.070549297142088, ""move_vy"": 1.857290991000573, ""kick_power"": 0.0, ""kick_dir"": null}, {""move_vx"": -5.399342785236925, ""move_vy"": -0.0842465875271143, ""kick_power"": 0.0, ""kick_dir"": null}, {""move_vx"": -0.0, ""move_vy"": 0.0, ""kick_power"": 0.6, ""kick_dir"": [-0.9705356631798362, -0.2409574643711573]}, {""move_vx"": -7.498012804252592, ""move_vy"": 0.17263831343065433, ""kick_power"": 0.0, ""kick_dir"": null}, {""move_vx"": -5.387384683644082, ""move_vy"": 0.36889872653230193, ""kick_power"": 0.0, ""kick_dir"": null}, {""move_vx"": -5.399055338149671, ""move_vy"": -0.10100225540822189, ""kick_power"": 0.0, ""kick_dir"": null}, {""move_vx"": 4.525483399593904, ""move_vy"": 4.525483399593904, ""kick_power"": 0.0, ""kick_dir"": null}, {""move_vx"": -6.172665976422997, ""move_vy"": 1.2602359872301434, ""kick_power"": 0.0, ""kick_dir"": null}, {""move_vx"": -5.971036806510584, ""move_vy"": -1.145914244302721, ""kick_power"": 0.0, ""kick_dir"": null}]"
1968,92,default,default,0,6.224343848850119,37.968263122470645,0,A,,7.180669107005927,0.8704726283869223,0.12261980149416267,"[{""move_vx"": 5.0, ""move_vy"": 0.0, ""kick_power"": 0.0, ""kick_dir"": null}, {""move_vx"": 4.1012193308819755, ""move_vy"": 4.1012193308819755, ""kick_power"": 0.0, ""kick_dir"": null}, {""move_vx"": 3.8183766184073566, ""move_vy"": 3.8183766184073566, ""kick_power"": 0.0, ""kick_dir"": null}, {""move_vx"": 5.922854143087096, ""move_vy"": -0.4509975606541888, ""kick_power"": 0.0, ""kick_dir"": null}, {""move_vx"": -7.213738536038973, ""move_vy"": -2.1939864023430697, ""kick_power"": 0.0, ""kick_dir"": null}, {""move_vx"": 0.0, ""move_vy"": 0.0, ""kick_power"": 0.4, ""kick_dir"": [-0.8567433279213111, -0.5157423051516188]}, {""move_vx"": 4.242640687119285, ""move_vy"": -4.242640687119285, ""kick_power"": 0.0, ""kick_dir"": null}, {""move_vx"": 0.0, ""move_vy"": 0.0, ""kick_power"": 0.6, ""kick_dir"": [0.99846034377719, -0.05546989391309533]}, {""move_vx"": -5.42132382345019, ""move_vy"": -0.8656488903079631, ""kick_power"": 0.0, ""kick_dir"": null}, {""move_vx"": 0.0, ""move_vy"": 0.0, ""kick_power"": 0.7, ""kick_dir"": [0.9999999748218075, 5.018897378504276e-05]}, {""move_vx"": -3.6474045542971125, ""move_vy"": 3.5646093779392825, ""kick_power"": 0.0, ""kick_dir"": null}, {""move_vx"": -4.996786048674691, ""move_vy"": 0.17924615412881462, ""kick_power"": 0.0, ""kick_dir"": null}, {""move_vx"": -5.782603619412618, ""move_vy"": 0.4488823685065835, ""kick_power"": 0.0, ""kick_dir"": null}, {""move_vx"": -5.073877100067686, ""move_vy"": 1.8481805034705723, ""kick_power"": 0.0, ""kick_dir"": null}, {""move_vx"": -5.14508511347544, ""move_vy"": -1.6395423675810967, ""kick_power"": 0.0, ""kick_dir"": null}, {""move_vx"": -0.0, ""move_vy"": 0.0, ""kick_power"": 0.6, ""kick_dir"": [-0.9707991514851774, -0.23989368585105914]}, {""move_vx"": -7.498012804252593, ""move_vy"": 0.17263831343065436, ""kick_power"": 0.0, ""kick_dir"": null}, {""move_vx"": -5.378296102057687, ""move_vy"": 0.4836641795616949, ""kick_power"": 0.0, ""kick_dir"": null}, {""move_vx"": -0.0, ""move_vy"": -6.0, ""kick_power"": 0.0, ""kick_dir"": null}, {""move_vx"": 4.525483399593904, ""move_vy"": 4.525483399593904, ""kick_power"": 0.0, ""kick_dir"": null}, {""move_vx"": -6.144820875846327, ""move_vy"": 1.3896677314247408, ""kick_power"": 0.0, ""kick_dir"": null}, {""move_vx"": 4.525483399593904, ""move_vy"": 4.525483399593904, ""kick_power"": 0.0, ""kick_dir"": null}]"
1968,93,default,default,0,4.9643775197426745,38.628229451578086,0,A,,7.808447898041611,0.4489584086618278,-0.08947113853295174,"[{""move_vx"": -3.5355339059327373, ""move_vy"": 3.5355339059327373, ""kick_power"": 0.0, ""kick_dir"": null}, {""move_vx"": 6.944192260334552, ""move_vy"": 0.4688217694494403, ""kick_power"": 0.0, ""kick_dir"": null}, {""move_vx"": 3.8183766184073566, ""move_vy"": 3.8183766184073566, ""kick_power"": 0.0, ""kick_dir"": null}, {""move_vx"": 5.922854143087097, ""move_vy"": -0.45099756065418845, ""kick_power"": 0.0, ""kick_dir"": null}, {""move_vx"": -7.148556363079361, ""move_vy"": -2.3978619484610815, ""kick_power"": 0.0, ""kick_dir"": null}, {""move_vx"": 0.0, ""move_vy"": 0.0, ""kick_power"": 0.4, ""kick_dir"": [-0.8768433595460158, -0.48077526747486254]}, {""move_vx"": 4.242640687119285, ""move_vy"": -4.242640687119285, ""kick_power"": 0.0, ""kick_dir"": null}, {""move_vx"": 0.0, ""move_vy"": 0.0, ""kick_power"": 0.6, ""kick_dir"": [0.99846034377719, -0.05546989391309533]}, {""move_vx"": -5.405140428262645, ""move_vy"": -0.9615388451647198, ""kick_power"": 0.0, ""kick_dir"": null}, {""move_vx"": -4.242640687119285, ""move_vy"": 4.242640687119285, ""kick_power"": 0.0, ""kick_dir"": null}, {""move_vx"": -5.5428776395370924, ""move_vy"": 1.329100249461908, ""kick_power"": 0.0, ""kick_dir"": null}, {""move_vx"": -4.99716313815911, ""move_vy"": 0.16840596967980487, ""kick_power"": 0.0, ""kick_dir"": null}, {""move_vx"": -6.935710306163268, ""move_vy"": 0.5809669086794984, ""kick_power"": 0.0, ""kick_dir"": null}, {""move_vx"": -5.073892683621856, ""move_vy"": 1.8481377208121157, ""kick_power"": 0.0, ""kick_dir"": null}, {""move_vx"": -5.14508511347544, ""move_vy"": -1.6395423675810965, ""kick_power"": 0.0, ""kick_dir"": null}, {""move_vx"": -0.0, ""move_vy"": 0.0, ""kick_power"": 0.4, ""kick_dir"": [-0.9710584566669949, -0.2388418863297626]}, {""move_vx"": 4.242640687119285, ""move_vy"": -4.242640687119285, ""kick_power"": 0.0, ""kick_dir"": null}, {""move_vx"": -5.383549240202463, ""move_vy"": 0.4211859189425609, ""kick_power"": 0.0, ""kick_dir"": null}, {""move_vx"": -5.399899479347296, ""move_vy"": -0.03294864101616663, ""kick_power"": 0.0, ""kick_dir"": null}, {""move_vx"": 4.525483399593904, ""move_vy"": 4.525483399593904, ""kick_power"": 0.0, ""kick_dir"": null}, {""move_vx"": -6.154061528715555, ""move_vy"": 1.3481567790072342, ""kick_power"": 0.0, ""kick_dir"": null}, {""move_vx"": -6.719805484978886, ""move_vy"": -0.051129678736398884, ""kick_power"": 0.0, ""kick_dir"": null}]"
1968,94,default,default,0,6.321974921787937,38.20396538286616,0,A,,8.442680540516871,0.8723253769362518,0.1284130084316278,"[{""move_vx"": 5.0, ""move_vy"": 0.0, ""kick_power"": 0.0, ""kick_dir"": null}, {""move_vx"": 4.1012193308819755, ""move_vy"": 4.1012193308819755, ""kick_power"": 0.0, ""kick_dir"": null}, {""move_vx"": 3.8183766184073566, ""move_vy"": 3.8183766184073566, ""kick_power"": 0.0, ""kick_dir"": null}, {""move_vx"": 5.922854143087096, ""move_vy"": -0.45099756065418795, ""kick_power"": 0.0, ""kick_dir"": null}, {""move_vx"": -7.229690934089944, ""move_vy"": -2.1408337155271244, ""kick_power"": 0.0, ""kick_dir"": null}, {""move_vx"": 0.0, ""move_vy"": 0.0, ""kick_power"": 0.4, ""kick_dir"": [-0.8228573431164067, -0.568247123072487]}, {""move_vx"": 4.242640687119285, ""move_vy"": -4.242640687119285, ""kick_power"": 0.0, ""kick_dir"": null}, {""move_vx"": 0.0, ""move_vy"": 0.0, ""kick_power"": 0.0, ""kick_dir"": null}, {""move_vx"": -5.426529545778912, ""move_vy"": -0.8323923887137024, ""kick_power"": 0.0, ""kick_dir"": null}, {""move_vx"": 0.0, ""move_vy"": 0.0, ""kick_power"": 0.7, ""kick_dir"": [0.9999777330361431, -0.006669776379960119]}, {""move_vx"": 0.0, ""move_vy"": 6.0, ""kick_power"": 0.0, ""kick_dir"": null}, {""move_vx"": -4.99658482892913, ""move_vy"": 0.18477025549382523, ""kick_power"": 0.0, ""kick_dir"": null}, {""move_vx"": -5.781110875731877, ""move_vy"": 0.46771470202956944, ""kick_power"": 0.0, ""kick_dir"": null}, {""move_vx"": -5.073892683621857, ""move_vy"": 1.848137720812115, ""kick_power"": 0.0, ""kick_dir"": null}, {""move_vx"": -5.14508511347544, ""move_vy"": -1.6395423675810965, ""kick_power"": 0.0, ""kick_dir"": null}, {""move_vx"": -0.0, ""move_vy"": 0.0, ""kick_power"": 0.6, ""kick_dir"": [-0.971316463249716, -0.23779045616622804]}, {""move_vx"": -4.242640687119285, ""move_vy"": 4.242640687119285, ""kick_power"": 0.0, ""kick_dir"": null}, {""move_vx"": -5.373610186779926, ""move_vy"": 0.5332106155498183, ""kick_power"": 0.0, ""kick_dir"": null}, {""move_vx"": -5.399337340180022, ""move_vy"": 0.0845948399001091, ""kick_power"": 0.0, ""kick_dir"": null}, {""move_vx"": 4.525483399593904, ""move_vy"": 4.525483399593904, ""kick_power"": 0.0, ""kick_dir"": null}, {""move_vx"": -6.12445644692647, ""move_vy"": 1.4768321603015049, ""kick_power"": 0.0, ""kick_dir"": null}, {""move_vx"": -6.718993811096052, ""move_vy"": 0.11628485048771439, ""kick_power"": 0.0, ""kick_dir"": null}]"
1968,95,default,default,0,5.062008592680492,38.8639317119736,0,A,,9.070488620874437,0.4496378112667736,-0.08399623928931968,"[{""move_vx"": -3.5355339059327373, ""move_vy"": 3.5355339059327373, ""kick_power"": 0.0, ""kick_dir"": null}, {""move_vx"": 6.945054955765606, ""move_vy"": 0.45586364342377006, ""kick_power"": 0.0, ""kick_dir"": null}, {""move_vx"": 5.281532350586194, ""move_vy"": -1.1249071204821626, ""kick_power"": 0.0, ""kick_dir"": null}, {""move_vx"": 5.922854143087097, ""move_vy"": -0.4509975606541876, ""kick_power"": 0.0, ""kick_dir"": null}, {""move_vx"": -7.163874642812089, ""move_vy"": -2.351701533374072, ""kick_power"": 0.0, ""kick_dir"": null}, {""move_vx"": 0.0, ""move_vy"": 0.0, ""kick_power"": 0.4, ""kick_dir"": [-0.8451730573048138, -0.5344918177173378]}, {""move_vx"": 4.242640687119285, ""move_vy"": -4.242640687119285, ""kick_power"": 0.0, ""kick_dir"": null}, {""move_vx"": 0.0, ""move_vy"": 0.0, ""kick_power"": 0.6, ""kick_dir"": [0.99846034377719, -0.05546989391309533]}, {""move_vx"": -5.410732815649914, ""move_vy"": -0.9295538702243983, ""kick_power"": 0.0, ""kick_dir"": null}, {""move_vx"": -4.242640687119285, ""move_vy"": 4.242640687119285, ""kick_power"": 0.0, ""kick_dir"": null}, {""move_vx"": -5.547235129165444, ""move_vy"": 1.3107945764889408, ""kick_power"": 0.0, ""kick_dir"": null}, {""move_vx"": -4.9969737554932, ""move_vy"": 0.17393472026075024, ""kick_power"": 0.0, ""kick_dir"": null}, {""move_vx"": -5.781768228425272, ""move_vy"": 0.45951730410517705, ""kick_power"": 0.0, ""kick_dir"": null}, {""move_vx"": -5.073892683621857, ""move_vy"": 1.8481377208121146, ""kick_power"": 0.0, ""kick_dir"": null}, {""move_vx"": -5.14508511347544, ""move_vy"": -1.639542367581096, ""kick_power"": 0.0, ""kick_dir"": null}, {""move_vx"": -0.0, ""move_vy"": 0.0, ""kick_power"": 0.6, ""kick_dir"": [-0.9715698555407034, -0.23675301164071455]}, {""move_vx"": -7.497741470529614, ""move_vy"": 0.18404575817015775, ""kick_power"": 0.0, ""kick_dir"": null}, {""move_vx"": -5.379372105697421, ""move_vy"": 0.4715461254686554, ""kick_power"": 0.0, ""kick_dir"": null}, {""move_vx"": -5.399991748102476, ""move_vy"": 0.009440361495551197, ""kick_power"": 0.0, ""kick_dir"": null}, {""move_vx"": 4.525483399593904, ""move_vy"": 4.525483399593904, ""kick_power"": 0.0, ""kick_dir"": null}, {""move_vx"": -6.133014637398047, ""move_vy"": 1.4408787101839309, ""kick_power"": 0.0, ""kick_dir"": null}, {""move_vx"": -6.719994153137878, ""move_vy"": 0.008864637203420688, ""kick_power"": 0.0, ""kick_dir"": null}]"
1968,96,default,default,0,6.419605994725754,38.43966764326167,0,A,,9.70475055267158,0.8764607120778626,0.13019620772708643,"[{""move_vx"": 5.0, ""move_vy"": 0.0, ""kick_power"": 0.0, ""kick_dir"": null}, {""move_vx"": 4.1012193308819755, ""move_vy"": 4.1012193308819755, ""kick_power"": 0.0, ""kick_dir"": null}, {""move_vx"": 3.8183766184073566, ""move_vy"": 3.8183766184073566, ""kick_power"": 0.0, ""kick_dir"": null}, {""move_vx"": 5.922854143087096, ""move_vy"": -0.4509975606541872, ""kick_power"": 0.0, ""kick_dir"": null}, {""move_vx"": -7.246025333217944, ""move_vy"": -2.0848781428092575, ""kick_power"": 0.0, ""kick_dir"": null}, {""move_vx"": 0.0, ""move_vy"": 0.0, ""kick_power"": 0.4, ""kick_dir"": [-0.7688244221553725, -0.6394591526424559]}, {""move_vx"": 4.242640687119285, ""move_vy"": -4.242640687119285, ""kick_power"": 0.0, ""kick_dir"": null}, {""move_vx"": 0.0, ""move_vy"": 0.0, ""kick_power"": 0.0, ""kick_dir"": null}, {""move_vx"": -5.43166992451395, ""move_vy"": -0.7981615319787232, ""kick_power"": 0.0, ""kick_dir"": null}, {""move_vx"": 0.0, ""move_vy"": 0.0, ""kick_power"": 0.7, ""kick_dir"": [0.999911538798213, -0.013299149729776538]}, {""move_vx"": -5.536171409213062, ""move_vy"": 1.3567631067403978, ""kick_power"": 0.0, ""kick_dir"": null}, {""move_vx"": -4.9963782147792895, ""move_vy"": 0.1902754184831244, ""kick_power"": 0.0, ""kick_dir"": null}, {""move_vx"": -5.778882882748474, ""move_vy"": 0.49448218115184783, ""kick_power"": 0.0, ""kick_dir"": null}, {""move_vx"": -5.073892683621857, ""move_vy"": 1.8481377208121132, ""kick_power"": 0.0, ""kick_dir"": null}, {""move_vx"": -5.14508511347544, ""move_vy"": -1.639542367581096, ""kick_power"": 0.0, ""kick_dir"": null}, {""move_vx"": -0.0, ""move_vy"": 0.0, ""kick_power"": 0.6, ""kick_dir"": [-0.9718217143556962, -0.23571705096332257]}, {""move_vx"": -7.497741470529613, ""move_vy"": 0.18404575817015872, ""kick_power"": 0.0, ""kick_dir"": null}, {""move_vx"": -5.368290070893576, ""move_vy"": 0.5843472552733, ""kick_power"": 0.0, ""kick_dir"": null}, {""move_vx"": -5.398473512636915, ""move_vy"": 0.12838899235390971, ""kick_power"": 0.0, ""kick_dir"": null}, {""move_vx"": 4.525483399593904, ""move_vy"": 4.525483399593904, ""kick_power"": 0.0, ""kick_dir"": null}, {""move_vx"": -6.101687982800258, ""move_vy"": 1.5682486284230959, ""kick_power"": 0.0, ""kick_dir"": null}, {""move_vx"": -5.9425807716113574, ""move_vy"": 1.285353559482746, ""kick_power"": 0.0, ""kick_dir"": null}]"
1968,97,default,default,0,5.019606255700169,38.43966764326167,0,A,,10.332222435151142,0.4197184260938627,-0.09271008618792312,"[{""move_vx"": 0.0, ""move_vy"": 0.0, ""kick_power"": 0.0, ""kick_dir"": null}, {""move_vx"": 6.945269586140293, ""move_vy"": 0.45258189958794603, ""kick_power"": 0.0, ""kick_dir"": null}, {""move_vx"": 3.8183766184073566, ""move_vy"": 3.8183766184073566, ""kick_power"": 0.0, ""kick_dir"": null}, {""move_vx"": 5.922854143087097, ""move_vy"": -0.4509975606541869, ""kick_power"": 0.0, ""kick_dir"": null}, {""move_vx"": -7.179605951824427, ""move_vy"": -2.303227816896814, ""kick_power"": 0.0, ""kick_dir"": null}, {""move_vx"": 0.0, ""move_vy"": 0.0, ""kick_power"": 0.4, ""kick_dir"": [-0.781838688140752, -0.6234799641745498]}, {""move_vx"": 4.242640687119285, ""move_vy"": -4.242640687119285, ""kick_power"": 0.0, ""kick_dir"": null}, {""move_vx"": 0.0, ""move_vy"": 0.0, ""kick_power"": 0.6, ""kick_dir"": [0.99846034377719, -0.05546989391309533]}, {""move_vx"": -5.416288852976597, ""move_vy"": -0.8966131055931925, ""kick_power"": 0.0, ""kick_dir"": null}, {""move_vx"": -4.242640687119285, ""move_vy"": 4.242640687119285, ""kick_power"": 0.0, ""kick_dir"": null}, {""move_vx"": 4.242640687119285, ""move_vy"": 4.242640687119285, ""kick_power"": 0.0, ""kick_dir"": null}, {""move_vx"": -4.996778929621982, ""move_vy"": 0.17944449973681398, ""kick_power"": 0.0, ""kick_dir"": null}, {""move_vx"": -5.78013002727894, ""move_vy"": 0.4796841333089554, ""kick_power"": 0.0, ""kick_dir"": null}, {""move_vx"": -5.073892683621857, ""move_vy"": 1.8481377208121124, ""kick_power"": 0.0, ""kick_dir"": null}, {""move_vx"": -5.14508511347544, ""move_vy"": -1.639542367581096, ""kick_power"": 0.0, ""kick_dir"": null}, {""move_vx"": -0.0, ""move_vy"": 0.0, ""kick_power"": 0.6, ""kick_dir"": [-0.9720684493003915, -0.23469746989168747]}, {""move_vx"": -7.497741470529614, ""move_vy"": 0.18404575817015975, ""kick_power"": 0.0, ""kick_dir"": null}, {""move_vx"": -5.374549541062325, ""move_vy"": 0.5236575509498105, ""kick_power"": 0.0, ""kick_dir"": null}, {""move_vx"": -5.399738050380432, ""move_vy"": 0.05318822495368252, ""kick_power"": 0.0, ""kick_dir"": null}, {""move_vx"": 4.525483399593904, ""move_vy"": 4.525483399593904, ""kick_power"": 0.0, ""kick_dir"": null}, {""move_vx"": -6.109156351472439, ""move_vy"": 1.5388985259801793, ""kick_power"": 0.0, ""kick_dir"": null}, {""move_vx"": -6.719807761243178, ""move_vy"": 0.050829636394001336, ""kick_power"": 0.0, ""kick_dir"": null}]"
1968,98,default,default,0,5.133343014760282,37.7022221616914,0,A,,10.963225169968998,0.6669472729926451,0.02382697477394538,"[{""move_vx"": -2.3395684233900225, ""move_vy"": -3.5480867509513243, ""kick_power"": 0.0, ""kick_dir"": null}, {""move_vx"": 4.1012193308819755, ""move_vy"": 4.1012193308819755, ""kick_power"": 0.0, ""kick_dir"": null}, {""move_vx"": 3.8183766184073566, ""move_vy"": 3.8183766184073566, ""kick_power"": 0.0, ""kick_dir"": null}, {""move_vx"": 5.922854143087097, ""move_vy"": -0.4509975606541864, ""kick_power"": 0.0, ""kick_dir"": null}, {""move_vx"": -7.215564666527142, ""move_vy"": -2.1879731586939224, ""kick_power"": 0.0, ""kick_dir"": null}, {""move_vx"": 0.0, ""move_vy"": 0.0, ""kick_power"": 0.4, ""kick_dir"": [-0.6775160237581358, -0.7355073334452316]}, {""move_vx"": 4.242640687119285, ""move_vy"": -4.242640687119285, ""kick_power"": 0.0, ""kick_dir"": null}, {""move_vx"": 0.0, ""move_vy"": 0.0, ""kick_power"": 0.6, ""kick_dir"": [0.99846034377719, -0.05546989391309533]}, {""move_vx"": -5.422027655207178, ""move_vy"": -0.8612294155267545, ""kick_power"": 0.0, ""kick_dir"": null}, {""move_vx"": 0.0, ""move_vy"": 0.0, ""kick_power"": 0.7, ""kick_dir"": [0.9998031663316718, -0.019838894034742045]}, {""move_vx"": -5.559793162014373, ""move_vy"": 1.2564632886074372, ""kick_power"": 0.0, ""kick_dir"": null}, {""move_vx"": -0.0, ""move_vy"": 5.0, ""kick_power"": 0.0, ""kick_dir"": null}, {""move_vx"": -5.8, ""move_vy"": 0.0, ""kick_power"": 0.0, ""kick_dir"": null}, {""move_vx"": -5.0738926836218585, ""move_vy"": 1.848137720812112, ""kick_power"": 0.0, ""kick_dir"": null}, {""move_vx"": -5.14508511347544, ""move_vy"": -1.639542367581096, ""kick_power"": 0.0, ""kick_dir"": null}, {""move_vx"": 5.8, ""move_vy"": 0.0, ""kick_power"": 0.0, ""kick_dir"": null}, {""move_vx"": -7.497741470529615, ""move_vy"": 0.1840457581701608, ""kick_power"": 0.0, ""kick_dir"": null}, {""move_vx"": -5.377275712002553, ""move_vy"": 0.4948796996315819, ""kick_power"": 0.0, ""kick_dir"": null}, {""move_vx"": -5.399762586041714, ""move_vy"": 0.0506360976390563, ""kick_power"": 0.0, ""kick_dir"": null}, {""move_vx"": 4.525483399593904, ""move_vy"": 4.525483399593904, ""kick_power"": 0.0, ""kick_dir"": null}, {""move_vx"": -6.140429462800116, ""move_vy"": 1.4089449997697892, ""kick_power"": 0.0, ""kick_dir"": null}, {""move_vx"": -6.719828625556053, ""move_vy"": 0.04799211557601136, ""kick_power"": 0.0, ""kick_dir"": null}]"
1968,99,default,default,0,4.977371786534282,37.46568304496131,0,A,,11.593558087967757,0.6253236919426121,0.0020046435573486043,"[{""move_vx"": -2.339568423390019, ""move_vy"": -3.5480867509513265, ""kick_power"": 0.0, ""kick_dir"": null}, {""move_vx"": 4.1012193308819755, ""move_vy"": 4.1012193308819755, ""kick_power"": 0.0, ""kick_dir"": null}, {""move_vx"": 3.8183766184073566, ""move_vy"": 3.8183766184073566, ""kick_power"": 0.0, ""kick_dir"": null}, {""move_vx"": -4.521487411947561, ""move_vy"": 0.7900959331623907, ""kick_power"": 0.0, ""kick_dir"": null}, {""move_vx"": -7.151316121429894, ""move_vy"": -2.3896187418450023, ""kick_power"": 0.0, ""kick_dir"": null}, {""move_vx"": 0.0, ""move_vy"": 0.0, ""kick_power"": 0.4, ""kick_dir"": [-0.6706879200567905, -0.7417389796219733]}, {""move_vx"": 4.242640687119285, ""move_vy"": -4.242640687119285, ""kick_power"": 0.0, ""kick_dir"": null}, {""move_vx"": 0.0, ""move_vy"": 0.0, ""kick_power"": 0.6, ""kick_dir"": [0.99846034377719, -0.05546989391309533]}, {""move_vx"": 7.583361646526341, ""move_vy"": -0.7957707823194397, ""kick_power"": 0.0, ""kick_dir"": null}, {""move_vx"": -4.242640687119285, ""move_vy"": 4.242640687119285, ""kick_power"": 0.0, ""kick_dir"": null}, {""move_vx"": -5.579974712495981, ""move_vy"": 1.163564440804799, ""kick_power"": 0.0, ""kick_dir"": null}, {""move_vx"": -5.997338657641338, ""move_vy"": 0.17868694849036715, ""kick_power"": 0.0, ""kick_dir"": null}, {""move_vx"": -5.8, ""move_vy"": 0.0, ""kick_power"": 0.0, ""kick_dir"": null}, {""move_vx"": -5.073892683621858, ""move_vy"": 1.8481377208121115, ""kick_power"": 0.0, ""kick_dir"": null}, {""move_vx"": -5.14508511347544, ""move_vy"": -1.6395423675810958, ""kick_power"": 0.0, ""kick_dir"": null}, {""move_vx"": 5.8, ""move_vy"": 0.0, ""kick_power"": 0.0, ""kick_dir"": null}, {""move_vx"": -7.497741470529614, ""move_vy"": 0.1840457581701619, ""kick_power"": 0.0, ""kick_dir"": null}, {""move_vx"": -5.389417501671828, ""move_vy"": 0.3379038216318193, ""kick_power"": 0.0, ""kick_dir"": null}, {""move_vx"": -5.399284562641905, ""move_vy"": -0.08789887153319405, ""kick_power"": 0.0, ""kick_dir"": null}, {""move_vx"": 4.525483399593904, ""move_vy"": 4.525483399593904, ""kick_power"": 0.0, ""kick_dir"": null}, {""move_vx"": -6.197506425231327, ""move_vy"": 1.1317747608143711, ""kick_power"": 0.0, ""kick_dir"": null}, {""move_vx"": -6.718237824778757, ""move_vy"": -0.15388479363477178, ""kick_power"": 0.0, ""kick_dir"": null}]"
1968,100,default,default,0,4.821400558308282,37.229143928231224,0,A,,12.223844214598047,0.6153522524829058,0.006461116178562935,"[{""move_vx"": -2.339568423390011, ""move_vy"": -3.5480867509513314, ""kick_power"": 0.0, ""kick_dir"": null}, {""move_vx"": 4.1012193308819755, ""move_vy"": 4.1012193308819755, ""kick_power"": 0.0, ""kick_dir"": null}, {""move_vx"": 5.920527401479037, ""move_vy"": -0.4805780772526953, ""kick_power"": 0.0, ""kick_dir"": null}, {""move_vx"": 5.92266203651481, ""move_vy"": -0.4535133969644701, ""kick_power"": 0.0, ""kick_dir"": null}, {""move_vx"": -7.135104750660009, ""move_vy"": -2.4375972179810494, ""kick_power"": 0.0, ""kick_dir"": null}, {""move_vx"": 0.0, ""move_vy"": 0.0, ""kick_power"": 0.4, ""kick_dir"": [-0.6767717159506591, -0.7361922378339218]}, {""move_vx"": 4.242640687119285, ""move_vy"": -4.242640687119285, ""kick_power"": 0.0, ""kick_dir"": null}, {""move_vx"": 0.0, ""move_vy"": 0.0, ""kick_power"": 0.6, ""kick_dir"": [0.99846034377719, -0.05546989391309533]}, {""move_vx"": 7.583534369294872, ""move_vy"": -0.7941230822255668, ""kick_power"": 0.0, ""kick_dir"": null}, {""move_vx"": -4.242640687119285, ""move_vy"": 4.242640687119285, ""kick_power"": 0.0, ""kick_dir"": null}, {""move_vx"": -5.587273005079396, ""move_vy"": 1.127998389498429, ""kick_power"": 0.0, ""kick_dir"": null}, {""move_vx"": -0.0, ""move_vy"": 5.0, ""kick_power"": 0.0, ""kick_dir"": null}, {""move_vx"": -6.941877283345272, ""move_vy"": 0.5019360347443351, ""kick_power"": 0.0, ""kick_dir"": null}, {""move_vx"": -5.0738926836218585, ""move_vy"": 1.8481377208121113, ""kick_power"": 0.0, ""kick_dir"": null}, {""move_vx"": -5.14508511347544, ""move_vy"": -1.639542367581096, ""kick_power"": 0.0, ""kick_dir"": null}, {""move_vx"": 5.8, ""move_vy"": 0.0, ""kick_power"": 0.0, ""kick_dir"": null}, {""move_vx"": -7.497693576483188, ""move_vy"": 0.1859866478077265, ""kick_power"": 0.0, ""kick_dir"": null}, {""move_vx"": -6.0, ""move_vy"": 0.0, ""kick_power"": 0.0, ""kick_dir"": null}, {""move_vx"": -5.398337433416769, ""move_vy"": -0.13398863747071998, ""kick_power"": 0.0, ""kick_dir"": null}, {""move_vx"": -0.0, ""move_vy"": 0.0, ""kick_power"": 0.9, ""kick_dir"": [0.9770117254892229, -0.21318497886139362]}, {""move_vx"": -6.2160854928644795, ""move_vy"": 1.024832252322192, ""kick_power"": 0.0, ""kick_dir"": null}, {""move_vx"": -6.716448838341941, ""move_vy"": -0.21843763854976087, ""kick_power"": 0.0, ""kick_dir"": null}]"
1968,101,default,default,0,4.665429330082286,36.99260481150114,0,A,,12.85408354985987,0.614241293345189,0.0010477422305298443,"[{""move_vx"": -2.339568423389988, ""move_vy"": -3.5480867509513474, ""kick_power"": 0.0, ""kick_dir"": null}, {""move_vx"": 4.1012193308819755, ""move_vy"": 4.1012193308819755, ""kick_power"": 0.0, ""kick_dir"": null}, {""move_vx"": 3.8183766184073566, ""move_vy"": 3.8183766184073566, ""kick_power"": 0.0, ""kick_dir"": null}, {""move_vx"": 5.92266203651481, ""move_vy"": -0.45351339696446985, ""kick_power"": 0.0, ""kick_dir"": null}, {""move_vx"": -7.118536158115296, ""move_vy"": -2.4855669304215358, ""kick_power"": 0.0, ""kick_dir"": null}, {""move_vx"": 0.0, ""move_vy"": 0.0, ""kick_power"": 0.4, ""kick_dir"": [-0.7044146863050325, -0.7097879440202476]}, {""move_vx"": 4.242640687119285, ""move_vy"": -4.242640687119285, ""kick_power"": 0.0, ""kick_dir"": null}, {""move_vx"": 0.0, ""move_vy"": 0.0, ""kick_power"": 0.6, ""kick_dir"": [0.99846034377719, -0.05546989391309533]}, {""move_vx"": 7.583707471327821, ""move_vy"": -0.7924682891615247, ""kick_power"": 0.0, ""kick_dir"": null}, {""move_vx"": -4.242640687119285, ""move_vy"": 4.242640687119285, ""kick_power"": 0.0, ""kick_dir"": null}, {""move_vx"": -5.594373035157101, ""move_vy"": 1.092240973186377, ""kick_power"": 0.0, ""kick_dir"": null}, {""move_vx"": -5.998740327176168, ""move_vy"": 0.12294099035864306, ""kick_power"": 0.0, ""kick_dir"": null}, {""move_vx"": -6.9453021665874815, ""move_vy"": 0.452081646160554, ""kick_power"": 0.0, ""kick_dir"": null}, {""move_vx"": -5.0738926836218585, ""move_vy"": 1.848137720812111, ""kick_power"": 0.0, ""kick_dir"": null}, {""move_vx"": -5.14508511347544, ""move_vy"": -1.6395423675810958, ""kick_power"": 0.0, ""kick_dir"": null}, {""move_vx"": 5.8, ""move_vy"": 0.0, ""kick_power"": 0.0, ""kick_dir"": null}, {""move_vx"": -7.497470362379169, ""move_vy"": 0.1947772195252037, ""kick_power"": 0.0, ""kick_dir"": null}, {""move_vx"": -0.0, ""move_vy"": 0.0, ""kick_power"": 0.6, ""kick_dir"": [-0.9992201927392014, 0.03948338885204398]}, {""move_vx"": -5.396782716574279, ""move_vy"": -0.18637679599444035, ""kick_power"": 0.0, ""kick_dir"": null}, {""move_vx"": 4.525483399593904, ""move_vy"": 4.525483399593904, ""kick_power"": 0.0, ""kick_dir"": null}, {""move_vx"": -6.233020832359872, ""move_vy"": 0.9162157515388231, ""kick_power"": 0.0, ""kick_dir"": null}, {""move_vx"": -6.713383698347001, ""move_vy"": -0.29812634698856993, ""kick_power"": 0.0, ""kick_dir"": null}]"
1968,102,default,default,0,5.4819845837362555,38.23095665791147,0,A,,13.486814387870933,0.7827048536822679,0.08230969647612364,"[{""move_vx"": 2.3395684233909884, ""move_vy"": 3.5480867509506875, ""kick_power"": 0.0, ""kick_dir"": null}, {""move_vx"": 4.1012193308819755, ""move_vy"": 4.1012193308819755, ""kick_power"": 0.0, ""kick_dir"": null}, {""move_vx"": 3.8183766184073566, ""move_vy"": 3.8183766184073566, ""kick_power"": 0.0, ""kick_dir"": null}, {""move_vx"": 5.92266203651481, ""move_vy"": -0.4535133969644695, ""kick_power"": 0.0, ""kick_dir"": null}, {""move_vx"": -7.101610135279795, ""move_vy"": -2.5335219530312516, ""kick_power"": 0.0, ""kick_dir"": null}, {""move_vx"": 0.0, ""move_vy"": 0.0, ""kick_power"": 0.4, ""kick_dir"": [-0.7309122708011522, -0.6824706884444676]}, {""move_vx"": 4.242640687119285, ""move_vy"": -4.242640687119285, ""kick_power"": 0.0, ""kick_dir"": null}, {""move_vx"": 0.0, ""move_vy"": 0.0, ""kick_power"": 0.6, ""kick_dir"": [0.99846034377719, -0.05546989391309533]}, {""move_vx"": 7.583880955815401, ""move_vy"": -0.7908063277569911, ""kick_power"": 0.0, ""kick_dir"": null}, {""move_vx"": -4.242640687119285, ""move_vy"": 4.242640687119285, ""kick_power"": 0.0, ""kick_dir"": null}, {""move_vx"": -5.601271460736795, ""move_vy"": 1.0562944774708825, ""kick_power"": 0.0, ""kick_dir"": null}, {""move_vx"": -0.0, ""move_vy"": 5.0, ""kick_power"": 0.0, ""kick_dir"": null}, {""move_vx"": -6.947553903784148, ""move_vy"": 0.41604657673586753, ""kick_power"": 0.0, ""kick_dir"": null}, {""move_vx"": -5.0738926836218585, ""move_vy"": 1.8481377208121104, ""kick_power"": 0.0, ""kick_dir"": null}, {""move_vx"": -5.14508511347544, ""move_vy"": -1.6395423675810956, ""kick_power"": 0.0, ""kick_dir"": null}, {""move_vx"": 5.8, ""move_vy"": 0.0, ""kick_power"": 0.0, ""kick_dir"": null}, {""move_vx"": -7.49722788953158, ""move_vy"": 0.20389696522962558, ""kick_power"": 0.0, ""kick_dir"": null}, {""move_vx"": -5.398634429364302, ""move_vy"": 0.12143433650487917, ""kick_power"": 0.0, ""kick_dir"": null}, {""move_vx"": -5.39470515999922, ""move_vy"": -0.23907370553408458, ""kick_power"": 0.0, ""kick_dir"": null}, {""move_vx"": 4.525483399593904, ""move_vy"": 4.525483399593904, ""kick_power"": 0.0, ""kick_dir"": null}, {""move_vx"": -6.248232914438607, ""move_vy"": 0.8059686389221578, ""kick_power"": 0.0, ""kick_dir"": null}, {""move_vx"": -6.710169115761925, ""move_vy"": -0.36335992882378576, ""kick_power"": 0.0, ""kick_dir"": null}]"
1968,103,default,default,0,6.101689776689588,37.727746117683274,0,A,,14.119276413799662,0.7477577207680364,0.0633582450049545,"[{""move_vx"": 5.249984557635377, ""move_vy"": -0.012733600828971715, ""kick_power"": 0.0, ""kick_dir"": null}, {""move_vx"": 6.947787772034922, ""move_vy"": 0.41212264529143955, ""kick_power"": 0.0, ""kick_dir"": null}, {""move_vx"": 3.8183766184073566, ""move_vy"": 3.8183766184073566, ""kick_power"": 0.0, ""kick_dir"": null}, {""move_vx"": 5.92266203651481, ""move_vy"": -0.4535133969644692, ""kick_power"": 0.0, ""kick_dir"": null}, {""move_vx"": -7.191514938962828, ""move_vy"": -2.2657698212030417, ""kick_power"": 0.0, ""kick_dir"": null}, {""move_vx"": 0.0, ""move_vy"": 0.0, ""kick_power"": 0.4, ""kick_dir"": [-0.7407823755945175, -0.6717443501878473]}, {""move_vx"": 4.242640687119285, ""move_vy"": -4.242640687119285, ""kick_power"": 0.0, ""kick_dir"": null}, {""move_vx"": 0.0, ""move_vy"": 0.0, ""kick_power"": 0.6, ""kick_dir"": [0.99846034377719, -0.05546989391309533]}, {""move_vx"": 0.0, ""move_vy"": 0.0, ""kick_power"": 0.4, ""kick_dir"": [-0.5196481272351051, -0.8543800143919502]}, {""move_vx"": -4.8973900775724735, ""move_vy"": -2.274988006143039, ""kick_power"": 0.0, ""kick_dir"": null}, {""move_vx"": -5.561731975618636, ""move_vy"": 1.2478531289303332, ""kick_power"": 0.0, ""kick_dir"": null}, {""move_vx"": -0.0, ""move_vy"": 5.0, ""kick_power"": 0.0, ""kick_dir"": null}, {""move_vx"": -5.784118480606085, ""move_vy"": 0.4289212075791429, ""kick_power"": 0.0, ""kick_dir"": null}, {""move_vx"": -5.0738926836218585, ""move_vy"": 1.84813772081211, ""kick_power"": 0.0, ""kick_dir"": null}, {""move_vx"": -5.1450851134754405, ""move_vy"": -1.6395423675810958, ""kick_power"": 0.0, ""kick_dir"": null}, {""move_vx"": 5.8, ""move_vy"": 0.0, ""kick_power"": 0.0, ""kick_dir"": null}, {""move_vx"": -7.496965623694007, ""move_vy"": 0.21332237845649218, ""kick_power"": 0.0, ""kick_dir"": null}, {""move_vx"": -0.0, ""move_vy"": 0.0, ""kick_power"": 0.6, ""kick_dir"": [-0.9993534692055828, 0.035952389008697544]}, {""move_vx"": -5.399996591274005, ""move_vy"": -0.006067473043857489, ""kick_power"": 0.0, ""kick_dir"": null}, {""move_vx"": 4.525483399593904, ""move_vy"": 4.525483399593904, ""kick_power"": 0.0, ""kick_dir"": null}, {""move_vx"": -6.138432284384268, ""move_vy"": 1.4176209260690749, ""kick_power"": 0.0, ""kick_dir"": null}, {""move_vx"": -6.719998080859234, ""move_vy"": -0.005078705368140605, ""kick_power"": 0.0, ""kick_dir"": null}]"
1968,104,default,default,0,4.701698980828857,37.72587842843752,0,A,,14.746652944755473,0.4204459925630422,-0.09492289816036371,"[{""move_vx"": 0.0, ""move_vy"": 0.0, ""kick_power"": 0.0, ""kick_dir"": null}, {""move_vx"": 6.947074019674734, ""move_vy"": 0.4239841567326955, ""kick_power"": 0.0, ""kick_dir"": null}, {""move_vx"": 3.8183766184073566, ""move_vy"": 3.8183766184073566, ""kick_power"": 0.0, ""kick_dir"": null}, {""move_vx"": 5.9226620365148115, ""move_vy"": -0.453513396964469, ""kick_power"": 0.0, ""kick_dir"": null}, {""move_vx"": -7.122506380921922, ""move_vy"": -2.474167103032151, ""kick_power"": 0.0, ""kick_dir"": null}, {""move_vx"": 0.0, ""move_vy"": 0.0, ""kick_power"": 0.4, ""kick_dir"": [-0.6307412881899016, -0.7759925405664707]}, {""move_vx"": 4.242640687119285, ""move_vy"": -4.242640687119285, ""kick_power"": 0.0, ""kick_dir"": null}, {""move_vx"": 0.0, ""move_vy"": 0.0, ""kick_power"": 0.6, ""kick_dir"": [0.99846034377719, -0.05546989391309533]}, {""move_vx"": -5.411195829070922, ""move_vy"": -0.926854734813101, ""kick_power"": 0.0, ""kick_dir"": null}, {""move_vx"": -4.242640687119285, ""move_vy"": 4.242640687119285, ""kick_power"": 0.0, ""kick_dir"": null}, {""move_vx"": -5.572931071615175, ""move_vy"": 1.1968455501969042, ""kick_power"": 0.0, ""kick_dir"": null}, {""move_vx"": -0.0, ""move_vy"": 5.0, ""kick_power"": 0.0, ""kick_dir"": null}, {""move_vx"": -6.939768326925463, ""move_vy"": 0.530297622663139, ""kick_power"": 0.0, ""kick_dir"": null}, {""move_vx"": -5.0738926836218585, ""move_vy"": 1.8481377208121097, ""kick_power"": 0.0, ""kick_dir"": null}, {""move_vx"": -5.14508511347544, ""move_vy"": -1.6395423675810956, ""kick_power"": 0.0, ""kick_dir"": null}, {""move_vx"": -0.0, ""move_vy"": 0.0, ""kick_power"": 0.6, ""kick_dir"": [-0.9739938658770254, -0.2265743199427151]}, {""move_vx"": -4.242640687119285, ""move_vy"": 4.242640687119285, ""kick_power"": 0.0, ""kick_dir"": null}, {""move_vx"": -0.0, ""move_vy"": 0.0, ""kick_power"": 0.6, ""kick_dir"": [-0.9993890582979752, 0.0349491174295201]}, {""move_vx"": -5.398690093638527, ""move_vy"": -0.11893390117723485, ""kick_power"": 0.0, ""kick_dir"": null}, {""move_vx"": 4.525483399593904, ""move_vy"": 4.525483399593904, ""kick_power"": 0.0, ""kick_dir"": null}, {""move_vx"": -6.176101741383397, ""move_vy"": 1.2432888964681428, ""kick_power"": 0.0, ""kick_dir"": null}, {""move_vx"": -6.717999414283977, ""move_vy"": -0.16396301314672954, ""kick_power"": 0.0, ""kick_dir"": null}]"
1968,105,default,default,0,4.597508201842312,37.195185391825326,0,A,,15.376991516516567,0.6203476436111957,-0.0017198267079860906,"[{""move_vx"": -3.3880606142682788, ""move_vy"": -2.56584202047672, ""kick_power"": 0.0, ""kick_dir"": null}, {""move_vx"": 4.1012193308819755, ""move_vy"": 4.1012193308819755, ""kick_power"": 0.0, ""kick_dir"": null}, {""move_vx"": 3.8183766184073566, ""move_vy"": 3.8183766184073566, ""kick_power"": 0.0, ""kick_dir"": null}, {""move_vx"": 5.92266203651481, ""move_vy"": -0.4535133969644685, ""kick_power"": 0.0, ""kick_dir"": null}, {""move_vx"": -7.168936976563185, ""move_vy"": -2.33622401024925, ""kick_power"": 0.0, ""kick_dir"": null}, {""move_vx"": 0.0, ""move_vy"": 6.1, ""kick_power"": 0.0, ""kick_dir"": null}, {""move_vx"": 4.242640687119285, ""move_vy"": -4.242640687119285, ""kick_power"": 0.0, ""kick_dir"": null}, {""move_vx"": 0.0, ""move_vy"": 0.0, ""kick_power"": 0.6, ""kick_dir"": [0.99846034377719, -0.05546989391309533]}, {""move_vx"": 7.585345764892952, ""move_vy"": -0.7766303026669508, ""kick_power"": 0.0, ""kick_dir"": null}, {""move_vx"": -4.242640687119285, ""move_vy"": 4.242640687119285, ""kick_power"": 0.0, ""kick_dir"": null}, {""move_vx"": -5.5816774439685295, ""move_vy"": 1.1553687339948788, ""kick_power"": 0.0, ""kick_dir"": null}, {""move_vx"": -5.999349715841828, ""move_vy"": 0.08833451776391799, ""kick_power"": 0.0, ""kick_dir"": null}, {""move_vx"": -0.0, ""move_vy"": 0.0, ""kick_power"": 0.6, ""kick_dir"": [-0.9979714754832586, 0.06366237365594389]}, {""move_vx"": -5.0738926836218585, ""move_vy"": 1.848137720812109, ""kick_power"": 0.0, ""kick_dir"": null}, {""move_vx"": -5.14508511347544, ""move_vy"": -1.6395423675810952, ""kick_power"": 0.0, ""kick_dir"": null}, {""move_vx"": -0.0, ""move_vy"": 0.0, ""kick_power"": 0.6, ""kick_dir"": [-0.9741424512662876, -0.2259346316038296]}, {""move_vx"": -4.242640687119285, ""move_vy"": 4.242640687119285, ""kick_power"": 0.0, ""kick_dir"": null}, {""move_vx"": -0.0, ""move_vy"": 0.0, ""kick_power"": 0.6, ""kick_dir"": [-0.9994303834288926, 0.03374669297413805]}, {""move_vx"": -5.3984088416850255, ""move_vy"": -0.13108004431238246, ""kick_power"": 0.0, ""kick_dir"": null}, {""move_vx"": 4.525483399593904, ""move_vy"": 4.525483399593904, ""kick_power"": 0.0, ""kick_dir"": null}, {""move_vx"": -0.0, ""move_vy"": -6.0, ""kick_power"": 0.0, ""kick_dir"": null}, {""move_vx"": -6.718230254797777, ""move_vy"": -0.15421492638458056, ""kick_power"": 0.0, ""kick_dir"": null}]"
1968,106,default,default,0,4.371637494224434,37.02412925712687,0,A,,16.006981246430236,0.6013023804936112,-0.0053521255892774264,"[{""move_vx"": -3.38806061426825, ""move_vy"": -2.5658420204767576, ""kick_power"": 0.0, ""kick_dir"": null}, {""move_vx"": 4.1012193308819755, ""move_vy"": 4.1012193308819755, ""kick_power"": 0.0, ""kick_dir"": null}, {""move_vx"": 3.8183766184073566, ""move_vy"": 3.8183766184073566, ""kick_power"": 0.0, ""kick_dir"": null}, {""move_vx"": 5.922662036514811, ""move_vy"": -0.45351339696446835, ""kick_power"": 0.0, ""kick_dir"": null}, {""move_vx"": -7.120480837239101, ""move_vy"": -2.4799904529071766, ""kick_power"": 0.0, ""kick_dir"": null}, {""move_vx"": 0.0, ""move_vy"": 0.0, ""kick_power"": 0.4, ""kick_dir"": [-0.4528758382497952, -0.8915730304155366]}, {""move_vx"": 4.242640687119285, ""move_vy"": -4.242640687119285, ""kick_power"": 0.0, ""kick_dir"": null}, {""move_vx"": 0.0, ""move_vy"": 0.0, ""kick_power"": 0.6, ""kick_dir"": [0.99846034377719, -0.05546989391309533]}, {""move_vx"": 7.585513574293674, ""move_vy"": -0.7749895574821725, ""kick_power"": 0.0, ""kick_dir"": null}, {""move_vx"": -4.242640687119285, ""move_vy"": 4.242640687119285, ""kick_power"": 0.0, ""kick_dir"": null}, {""move_vx"": -5.597012793371169, ""move_vy"": 1.0786323705690732, ""kick_power"": 0.0, ""kick_dir"": null}, {""move_vx"": -0.0, ""move_vy"": 5.0, ""kick_power"": 0.0, ""kick_dir"": null}, {""move_vx"": -6.944348917307916, ""move_vy"": 0.4664955677006864, ""kick_power"": 0.0, ""kick_dir"": null}, {""move_vx"": -5.0738926836218585, ""move_vy"": 1.8481377208121088, ""kick_power"": 0.0, ""kick_dir"": null}, {""move_vx"": -5.1450851134754405, ""move_vy"": -1.6395423675810956, ""kick_power"": 0.0, ""kick_dir"": null}, {""move_vx"": -0.0, ""move_vy"": 0.0, ""kick_power"": 0.6, ""kick_dir"": [-0.974298786715036, -0.2252595108212708]}, {""move_vx"": -4.242640687119285, ""move_vy"": 4.242640687119285, ""kick_power"": 0.0, ""kick_dir"": null}, {""move_vx"": -0.0, ""move_vy"": 0.0, ""kick_power"": 0.6, ""kick_dir"": [-0.9994803918786397, 0.032231611608122275]}, {""move_vx"": -5.394059669840994, ""move_vy"": -0.2532198218838273, ""kick_power"": 0.0, ""kick_dir"": null}, {""move_vx"": 4.525483399593904, ""move_vy"": 4.525483399593904, ""kick_power"": 0.0, ""kick_dir"": null}, {""move_vx"": -0.0, ""move_vy"": -6.0, ""kick_power"": 0.0, ""kick_dir"": null}, {""move_vx"": -6.712567164249273, ""move_vy"": -0.31597795088024777, ""kick_power"": 0.0, ""kick_dir"": null}]"
1968,107,default,default,0,5.554137081165126,37.9196584329011,0,A,,16.64057906160042,0.8410540422812394,0.10432566311129648,"[{""move_vx"": 3.388060614268293, ""move_vy"": 2.5658420204767007, ""kick_power"": 0.0, ""kick_dir"": null}, {""move_vx"": 4.1012193308819755, ""move_vy"": 4.1012193308819755, ""kick_power"": 0.0, ""kick_dir"": null}, {""move_vx"": 3.8183766184073566, ""move_vy"": 3.8183766184073566, ""kick_power"": 0.0, ""kick_dir"": null}, {""move_vx"": 5.922662036514811, ""move_vy"": -0.453513396964468, ""kick_power"": 0.0, ""kick_dir"": null}, {""move_vx"": -7.111120647260655, ""move_vy"": -2.506703640262087, ""kick_power"": 0.0, ""kick_dir"": null}, {""move_vx"": 0.0, ""move_vy"": 0.0, ""kick_power"": 0.4, ""kick_dir"": [-0.4102276704196879, -0.9119825945855974]}, {""move_vx"": 4.242640687119285, ""move_vy"": -4.242640687119285, ""kick_power"": 0.0, ""kick_dir"": null}, {""move_vx"": 0.0, ""move_vy"": 0.0, ""kick_power"": 0.6, ""kick_dir"": [0.99846034377719, -0.05546989391309533]}, {""move_vx"": 5.97390886796704, ""move_vy"": 1.2338609472808295, ""kick_power"": 0.0, ""kick_dir"": null}, {""move_vx"": -4.242640687119285, ""move_vy"": 4.242640687119285, ""kick_power"": 0.0, ""kick_dir"": null}, {""move_vx"": -5.602729444728107, ""move_vy"": 1.0485336280619058, ""kick_power"": 0.0, ""kick_dir"": null}, {""move_vx"": -0.0, ""move_vy"": 5.0, ""kick_power"": 0.0, ""kick_dir"": null}, {""move_vx"": -6.94601917527598, ""move_vy"": 0.44092813099006817, ""kick_power"": 0.0, ""kick_dir"": null}, {""move_vx"": -5.0738926836218585, ""move_vy"": 1.8481377208121081, ""kick_power"": 0.0, ""kick_dir"": null}, {""move_vx"": -5.14508511347544, ""move_vy"": -1.6395423675810952, ""kick_power"": 0.0, ""kick_dir"": null}, {""move_vx"": -0.0, ""move_vy"": 0.0, ""kick_power"": 0.6, ""kick_dir"": [-0.974466907315087, -0.22453111020473468]}, {""move_vx"": -4.242640687119285, ""move_vy"": 4.242640687119285, ""kick_power"": 0.0, ""kick_dir"": null}, {""move_vx"": -0.0, ""move_vy"": 0.0, ""kick_power"": 0.6, ""kick_dir"": [-0.9995219920319461, 0.030914687574264826]}, {""move_vx"": -0.0, ""move_vy"": 0.0, ""kick_power"": 0.65, ""kick_dir"": [0.9641713539810309, -0.2652795561166722]}, {""move_vx"": 4.525483399593904, ""move_vy"": 4.525483399593904, ""kick_power"": 0.0, ""kick_dir"": null}, {""move_vx"": -0.0, ""move_vy"": -6.0, ""kick_power"": 0.0, ""kick_dir"": null}, {""move_vx"": -6.710052677504587, ""move_vy"": -0.365503851024221, ""kick_power"": 0.0, ""kick_dir"": null}]"
1968,108,default,default,0,6.025822467685576,37.55684723467538,0,A,,17.27267640158359,0.7196472469330633,0.0571558205514696,"[{""move_vx"": 5.249999039426041, ""move_vy"": -0.003175850380144651, ""kick_power"": 0.0, ""kick_dir"": null}, {""move_vx"": 6.947850789058207, ""move_vy"": 0.4110588923539409, ""kick_power"": 0.0, ""kick_dir"": null}, {""move_vx"": 3.8183766184073566, ""move_vy"": 3.8183766184073566, ""kick_power"": 0.0, ""kick_dir"": null}, {""move_vx"": 5.922662036514811, ""move_vy"": -0.4535133969644677, ""kick_power"": 0.0, ""kick_dir"": null}, {""move_vx"": -7.162583782785164, ""move_vy"": -2.355630182049587, ""kick_power"": 0.0, ""kick_dir"": null}, {""move_vx"": 0.0, ""move_vy"": 0.0, ""kick_power"": 0.4, ""kick_dir"": [-0.3562131302709236, -0.9344041956828443]}, {""move_vx"": 4.242640687119285, ""move_vy"": -4.242640687119285, ""kick_power"": 0.0, ""kick_dir"": null}, {""move_vx"": 0.0, ""move_vy"": 0.0, ""kick_power"": 0.6, ""kick_dir"": [0.99846034377719, -0.05546989391309533]}, {""move_vx"": -5.422987274736816, ""move_vy"": -0.8551660762931118, ""kick_power"": 0.0, ""kick_dir"": null}, {""move_vx"": -3.1537703329220355, ""move_vy"": -4.38334720130414, ""kick_power"": 0.0, ""kick_dir"": null}, {""move_vx"": 4.242640687119285, ""move_vy"": 4.242640687119285, ""kick_power"": 0.0, ""kick_dir"": null}, {""move_vx"": -0.0, ""move_vy"": 5.0, ""kick_power"": 0.0, ""kick_dir"": null}, {""move_vx"": -5.783830356247249, ""move_vy"": 0.4327891058620001, ""kick_power"": 0.0, ""kick_dir"": null}, {""move_vx"": -5.073892683621859, ""move_vy"": 1.8481377208121081, ""kick_power"": 0.0, ""kick_dir"": null}, {""move_vx"": -5.14508511347544, ""move_vy"": -1.639542367581095, ""kick_power"": 0.0, ""kick_dir"": null}, {""move_vx"": -0.0, ""move_vy"": 0.0, ""kick_power"": 0.6, ""kick_dir"": [-0.9746263371610084, -0.22383805687425398]}, {""move_vx"": -4.242640687119285, ""move_vy"": 4.242640687119285, ""kick_power"": 0.0, ""kick_dir"": null}, {""move_vx"": -0.0, ""move_vy"": 0.0, ""kick_power"": 0.6, ""kick_dir"": [-0.9995562724279996, 0.029785711987387543]}, {""move_vx"": -5.398667318020543, ""move_vy"": -0.11996328328651501, ""kick_power"": 0.0, ""kick_dir"": null}, {""move_vx"": -5.996127536247266, ""move_vy"": 2.237510797528651, ""kick_power"": 0.0, ""kick_dir"": null}, {""move_vx"": -0.0, ""move_vy"": -6.0, ""kick_power"": 0.0, ""kick_dir"": null}, {""move_vx"": -6.719429954449014, ""move_vy"": -0.08752763708297845, ""kick_power"": 0.0, ""kick_dir"": null}]"
1968,109,default,default,0,4.625824017832975,37.55602622525227,0,A,,17.90003015236978,0.41680670132051223,-0.0956410851501812,"[{""move_vx"": 0.0, ""move_vy"": 0.0, ""kick_power"": 0.0, ""kick_dir"": null}, {""move_vx"": 6.947397480449844, ""move_vy"": 0.4186505089441131, ""kick_power"": 0.0, ""kick_dir"": null}, {""move_vx"": 5.4, ""move_vy"": 0.0, ""kick_power"": 0.0, ""kick_dir"": null}, {""move_vx"": 5.922662036514811, ""move_vy"": -0.45351339696446735, ""kick_power"": 0.0, ""kick_dir"": null}, {""move_vx"": -7.103979414894302, ""move_vy"": -2.5268708856524533, ""kick_power"": 0.0, ""kick_dir"": null}, {""move_vx"": 0.0, ""move_vy"": 0.0, ""kick_power"": 0.4, ""kick_dir"": [-0.14758460539361276, -0.9890489276301044]}, {""move_vx"": 4.242640687119285, ""move_vy"": -4.242640687119285, ""kick_power"": 0.0, ""kick_dir"": null}, {""move_vx"": 0.0, ""move_vy"": 0.0, ""kick_power"": 0.6, ""kick_dir"": [0.99846034377719, -0.05546989391309533]}, {""move_vx"": -2.1365781563996853, ""move_vy"": 4.7243262780629065, ""kick_power"": 0.0, ""kick_dir"": null}, {""move_vx"": -4.242640687119285, ""move_vy"": 4.242640687119285, ""kick_power"": 0.0, ""kick_dir"": null}, {""move_vx"": -5.58832408414022, ""move_vy"": 1.1227795556645825, ""kick_power"": 0.0, ""kick_dir"": null}, {""move_vx"": -0.0, ""move_vy"": 5.0, ""kick_power"": 0.0, ""kick_dir"": null}, {""move_vx"": -5.8, ""move_vy"": 0.0, ""kick_power"": 0.0, ""kick_dir"": null}, {""move_vx"": -5.073892683621859, ""move_vy"": 1.8481377208121077, ""kick_power"": 0.0, ""kick_dir"": null}, {""move_vx"": -5.1450851134754405, ""move_vy"": -1.6395423675810952, ""kick_power"": 0.0, ""kick_dir"": null}, {""move_vx"": -0.0, ""move_vy"": 0.0, ""kick_power"": 0.6, ""kick_dir"": [-0.9747763547616591, -0.2231838499549896]}, {""move_vx"": -4.242640687119285, ""move_vy"": 4.242640687119285, ""kick_power"": 0.0, ""kick_dir"": null}, {""move_vx"": -0.0, ""move_vy"": 0.0, ""kick_power"": 0.6, ""kick_dir"": [-0.9995721893175726, 0.029246686864190602]}, {""move_vx"": -5.396189815125442, ""move_vy"": -0.20281883328836298, ""kick_power"": 0.0, ""kick_dir"": null}, {""move_vx"": 4.525483399593904, ""move_vy"": 4.525483399593904, ""kick_power"": 0.0, ""kick_dir"": null}, {""move_vx"": -5.99857926047772, ""move_vy"": 1.925369277766367, ""kick_power"": 0.0, ""kick_dir"": null}, {""move_vx"": -6.716495350257773, ""move_vy"": -0.21700278792156566, ""kick_power"": 0.0, ""kick_dir"": null}]"
1968,110,default,default,0,4.369323094366379,37.340900382757084,0,A,,18.529948432164883,0.6006293949835491,-0.01295592615264902,"[{""move_vx"": -4.120897113437719, ""move_vy"": -1.0395705750263757, ""kick_power"": 0.0, ""kick_dir"": null}, {""move_vx"": 4.1012193308819755, ""move_vy"": 4.1012193308819755, ""kick_power"": 0.0, ""kick_dir"": null}, {""move_vx"": 3.8183766184073566, ""move_vy"": 3.8183766184073566, ""kick_power"": 0.0, ""kick_dir"": null}, {""move_vx"": 5.922662036514811, ""move_vy"": -0.453513396964467, ""kick_power"": 0.0, ""kick_dir"": null}, {""move_vx"": -7.1577800250299255, ""move_vy"": -2.3701867254042632, ""kick_power"": 0.0, ""kick_dir"": null}, {""move_vx"": 0.0, ""move_vy"": 0.0, ""kick_power"": 0.4, ""kick_dir"": [0.0810354151334487, -0.996710720593286]}, {""move_vx"": 4.242640687119285, ""move_vy"": -4.242640687119285, ""kick_power"": 0.0, ""kick_dir"": null}, {""move_vx"": 0.0, ""move_vy"": 0.0, ""kick_power"": 0.6, ""kick_dir"": [0.99846034377719, -0.05546989391309533]}, {""move_vx"": -2.1381689778625894, ""move_vy"": 4.723606505849745, ""kick_power"": 0.0, ""kick_dir"": null}, {""move_vx"": -2.9967060062812947, ""move_vy"": -4.49218800941341, ""kick_power"": 0.0, ""kick_dir"": null}, {""move_vx"": -5.5962421970179435, ""move_vy"": 1.082623328917209, ""kick_power"": 0.0, ""kick_dir"": null}, {""move_vx"": -0.0, ""move_vy"": 5.0, ""kick_power"": 0.0, ""kick_dir"": null}, {""move_vx"": -5.8, ""move_vy"": 0.0, ""kick_power"": 0.0, ""kick_dir"": null}, {""move_vx"": -5.07389268362186, ""move_vy"": 1.8481377208121073, ""kick_power"": 0.0, ""kick_dir"": null}, {""move_vx"": -5.14508511347544, ""move_vy"": -1.639542367581095, ""kick_power"": 0.0, ""kick_dir"": null}, {""move_vx"": -0.0, ""move_vy"": 0.0, ""kick_power"": 0.6, ""kick_dir"": [-0.9749336101038593, -0.22249590661920673]}, {""move_vx"": -4.242640687119285, ""move_vy"": 4.242640687119285, ""kick_power"": 0.0, ""kick_dir"": null}, {""move_vx"": -0.0, ""move_vy"": 0.0, ""kick_power"": 0.6, ""kick_dir"": [-0.9995787386195277, 0.029021985332688877]}, {""move_vx"": -0.0, ""move_vy"": 0.0, ""kick_power"": 0.65, ""kick_dir"": [0.959346533077428, -0.28223017436379244]}, {""move_vx"": 4.525483399593904, ""move_vy"": 4.525483399593904, ""kick_power"": 0.0, ""kick_dir"": null}, {""move_vx"": -0.0, ""move_vy"": -6.0, ""kick_power"": 0.0, ""kick_dir"": null}, {""move_vx"": -6.716958302849824, ""move_vy"": -0.20216616377828642, ""kick_power"": 0.0, ""kick_dir"": null}]"
1968,111,default,default,0,5.8075969888603405,37.703730897178005,0,A,,19.164213123957822,0.8842865240937879,0.12192382948132947,"[{""move_vx"": 4.120897113437779, ""move_vy"": 1.0395705750261393, ""kick_power"": 0.0, ""kick_dir"": null}, {""move_vx"": 4.1012193308819755, ""move_vy"": 4.1012193308819755, ""kick_power"": 0.0, ""kick_dir"": null}, {""move_vx"": 3.8183766184073566, ""move_vy"": 3.8183766184073566, ""kick_power"": 0.0, ""kick_dir"": null}, {""move_vx"": 5.922662036514811, ""move_vy"": -0.45351339696446663, ""kick_power"": 0.0, ""kick_dir"": null}, {""move_vx"": -7.143793699978758, ""move_vy"": -2.4120140074518224, ""kick_power"": 0.0, ""kick_dir"": null}, {""move_vx"": 0.0, ""move_vy"": 0.0, ""kick_power"": 0.4, ""kick_dir"": [0.27441986399147916, -0.9616094336943667]}, {""move_vx"": 4.242640687119285, ""move_vy"": -4.242640687119285, ""kick_power"": 0.0, ""kick_dir"": null}, {""move_vx"": 0.0, ""move_vy"": 0.0, ""kick_power"": 0.6, ""kick_dir"": [0.99846034377719, -0.05546989391309533]}, {""move_vx"": -2.177205052684568, ""move_vy"": 4.705741509960443, ""kick_power"": 0.0, ""kick_dir"": null}, {""move_vx"": -3.0601647733851856, ""move_vy"": -4.449201227156668, ""kick_power"": 0.0, ""kick_dir"": null}, {""move_vx"": -5.603451616831885, ""move_vy"": 1.0446674005750003, ""kick_power"": 0.0, ""kick_dir"": null}, {""move_vx"": -0.0, ""move_vy"": 5.0, ""kick_power"": 0.0, ""kick_dir"": null}, {""move_vx"": -5.8, ""move_vy"": 0.0, ""kick_power"": 0.0, ""kick_dir"": null}, {""move_vx"": -5.074795123000725, ""move_vy"": 1.8456582726951538, ""kick_power"": 0.0, ""kick_dir"": null}, {""move_vx"": -5.14508511347544, ""move_vy"": -1.6395423675810947, ""kick_power"": 0.0, ""kick_dir"": null}, {""move_vx"": -5.8, ""move_vy"": 0.0, ""kick_power"": 0.0, ""kick_dir"": null}, {""move_vx"": -4.242640687119285, ""move_vy"": 4.242640687119285, ""kick_power"": 0.0, ""kick_dir"": null}, {""move_vx"": -0.0, ""move_vy"": 0.0, ""kick_power"": 0.6, ""kick_dir"": [-0.999611032369621, 0.027887527958659685]}, {""move_vx"": -0.0, ""move_vy"": 0.0, ""kick_power"": 0.65, ""kick_dir"": [0.9571482963089859, -0.28959760445060123]}, {""move_vx"": 4.525483399593904, ""move_vy"": 4.525483399593904, ""kick_power"": 0.0, ""kick_dir"": null}, {""move_vx"": -0.0, ""move_vy"": -6.0, ""kick_power"": 0.0, ""kick_dir"": null}, {""move_vx"": -4.525483399593904, ""move_vy"": -4.525483399593904, ""kick_power"": 0.0, ""kick_dir"": null}]"
1968,112,default,default,0,5.8957656208570235,38.18263166889561,0,A,,19.79538552318399,0.6648565493255115,0.018211323445082896,"[{""move_vx"": 3.471519409214301, ""move_vy"": 3.2420754142136166, ""kick_power"": 0.0, ""kick_dir"": null}, {""move_vx"": 6.9486589983362075, ""move_vy"": 0.3971625924495555, ""kick_power"": 0.0, ""kick_dir"": null}, {""move_vx"": 3.8183766184073566, ""move_vy"": 3.8183766184073566, ""kick_power"": 0.0, ""kick_dir"": null}, {""move_vx"": 5.922662036514811, ""move_vy"": -0.4535133969644663, ""kick_power"": 0.0, ""kick_dir"": null}, {""move_vx"": -7.129007778143124, ""move_vy"": -2.4553712752198678, ""kick_power"": 0.0, ""kick_dir"": null}, {""move_vx"": 0.0, ""move_vy"": 0.0, ""kick_power"": 0.4, ""kick_dir"": [0.4890179104834679, -0.872273154405579]}, {""move_vx"": 4.242640687119285, ""move_vy"": -4.242640687119285, ""kick_power"": 0.0, ""kick_dir"": null}, {""move_vx"": 0.0, ""move_vy"": 0.0, ""kick_power"": 0.6, ""kick_dir"": [0.99846034377719, -0.05546989391309533]}, {""move_vx"": -2.2114779197708945, ""move_vy"": 4.689732445498975, ""kick_power"": 0.0, ""kick_dir"": null}, {""move_vx"": -2.106518265591082, ""move_vy"": -4.9721806882625605, ""kick_power"": 0.0, ""kick_dir"": null}, {""move_vx"": -5.584956354966738, ""move_vy"": 1.1394132319385473, ""kick_power"": 0.0, ""kick_dir"": null}, {""move_vx"": -0.0, ""move_vy"": 5.0, ""kick_power"": 0.0, ""kick_dir"": null}, {""move_vx"": -5.7839310860617, ""move_vy"": 0.43144083219964535, ""kick_power"": 0.0, ""kick_dir"": null}, {""move_vx"": -5.0768552818625166, ""move_vy"": 1.8399838170551044, ""kick_power"": 0.0, ""kick_dir"": null}, {""move_vx"": -5.1450851134754405, ""move_vy"": -1.6395423675810947, ""kick_power"": 0.0, ""kick_dir"": null}, {""move_vx"": 5.8, ""move_vy"": 0.0, ""kick_power"": 0.0, ""kick_dir"": null}, {""move_vx"": -4.242640687119285, ""move_vy"": 4.242640687119285, ""kick_power"": 0.0, ""kick_dir"": null}, {""move_vx"": -0.0, ""move_vy"": 0.0, ""kick_power"": 0.6, ""kick_dir"": [-0.9996450538260778, 0.02664013001447338]}, {""move_vx"": -5.396270553439682, ""move_vy"": -0.20065919884167188, ""kick_power"": 0.0, ""kick_dir"": null}, {""move_vx"": -8.315526958663252, ""move_vy"": -0.2727845298852069, ""kick_power"": 0.0, ""kick_dir"": null}, {""move_vx"": -0.0, ""move_vy"": -6.0, ""kick_power"": 0.0, ""kick_dir"": null}, {""move_vx"": -6.719795416236611, ""move_vy"": -0.052436284435763175, ""kick_power"": 0.0, ""kick_dir"": null}]"
1968,113,default,default,0,6.106899626649514,38.419823766650616,0,A,,20.42690531262537,0.6874536949297149,0.027607717144596092,"[{""move_vx"": 3.366325279683174, ""move_vy"": 3.351172050397591, ""kick_power"": 0.0, ""kick_dir"": null}, {""move_vx"": 6.948658998336208, ""move_vy"": 0.3971625924495556, ""kick_power"": 0.0, ""kick_dir"": null}, {""move_vx"": 3.8183766184073566, ""move_vy"": 3.8183766184073566, ""kick_power"": 0.0, ""kick_dir"": null}, {""move_vx"": 5.9226620365148115, ""move_vy"": -0.453513396964466, ""kick_power"": 0.0, ""kick_dir"": null}, {""move_vx"": -7.1836742873385555, ""move_vy"": -2.2905073091852133, ""kick_power"": 0.0, ""kick_dir"": null}, {""move_vx"": 0.0, ""move_vy"": 0.0, ""kick_power"": 0.4, ""kick_dir"": [0.6694567701406082, -0.742850393907336]}, {""move_vx"": 0.0, ""move_vy"": 0.0, ""kick_power"": 0.65, ""kick_dir"": [-0.11674946493463628, 0.9931613046997753]}, {""move_vx"": 0.0, ""move_vy"": 0.0, ""kick_power"": 0.6, ""kick_dir"": [0.99846034377719, -0.05546989391309533]}, {""move_vx"": -2.2395226954309906, ""move_vy"": 4.676404932921176, ""kick_power"": 0.0, ""kick_dir"": null}, {""move_vx"": -2.247852560287051, ""move_vy"": -4.909904160695089, ""kick_power"": 0.0, ""kick_dir"": null}, {""move_vx"": -5.569153882065716, ""move_vy"": 1.2143002255918287, ""kick_power"": 0.0, ""kick_dir"": null}, {""move_vx"": -4.999743254580955, ""move_vy"": -0.05066940173555699, ""kick_power"": 0.0, ""kick_dir"": null}, {""move_vx"": -0.0, ""move_vy"": -5.8, ""kick_power"": 0.0, ""kick_dir"": null}, {""move_vx"": -5.0768552818625166, ""move_vy"": 1.8399838170551048, ""kick_power"": 0.0, ""kick_dir"": null}, {""move_vx"": -5.1450851134754405, ""move_vy"": -1.6395423675810947, ""kick_power"": 0.0, ""kick_dir"": null}, {""move_vx"": 5.8, ""move_vy"": 0.0, ""kick_power"": 0.0, ""kick_dir"": null}, {""move_vx"": -4.242640687119285, ""move_vy"": 4.242640687119285, ""kick_power"": 0.0, ""kick_dir"": null}, {""move_vx"": -0.0, ""move_vy"": 0.0, ""kick_power"": 0.6, ""kick_dir"": [-0.9996450538260778, 0.02664013001447338]}, {""move_vx"": -5.399213145131933, ""move_vy"": -0.09218141588488273, ""kick_power"": 0.0, ""kick_dir"": null}, {""move_vx"": -5.991202881197857, ""move_vy"": 2.250663910122191, ""kick_power"": 0.0, ""kick_dir"": null}, {""move_vx"": -5.6895477534234065, ""move_vy"": 2.705373608490087, ""kick_power"": 0.0, ""kick_dir"": null}, {""move_vx"": -4.525483399593904, ""move_vy"": -4.525483399593904, ""kick_power"": 0.0, ""kick_dir"": null}]"
1968,114,default,default,0,6.3299573621522836,38.64460247040148,0,A,,21.058519563203024,0.6968306922558375,0.03515548162896863,"[{""move_vx"": 3.3592575397615234, ""move_vy"": 3.3582568069692575, ""kick_power"": 0.0, ""kick_dir"": null}, {""move_vx"": 6.9486589983362075, ""move_vy"": 0.39716259244955565, ""kick_power"": 0.0, ""kick_dir"": null}, {""move_vx"": 3.8183766184073566, ""move_vy"": 3.8183766184073566, ""kick_power"": 0.0, ""kick_dir"": null}, {""move_vx"": -6.958352021481077, ""move_vy"": -0.9282979829506333, ""kick_power"": 0.0, ""kick_dir"": null}, {""move_vx"": -3.833452536856061, ""move_vy"": -3.957870847775585, ""kick_power"": 0.0, ""kick_dir"": null}, {""move_vx"": 0.0, ""move_vy"": 0.0, ""kick_power"": 0.4, ""kick_dir"": [0.7821984574270383, -0.6230286997474656]}, {""move_vx"": 0.0, ""move_vy"": 0.0, ""kick_power"": 0.65, ""kick_dir"": [-0.13444286200721106, 0.9909212512436958]}, {""move_vx"": 0.0, ""move_vy"": 0.0, ""kick_power"": 0.6, ""kick_dir"": [0.99846034377719, -0.05546989391309533]}, {""move_vx"": -2.2598787265111984, ""move_vy"": 4.666601883754615, ""kick_power"": 0.0, ""kick_dir"": null}, {""move_vx"": -2.075144774142797, ""move_vy"": -4.985355971878824, ""kick_power"": 0.0, ""kick_dir"": null}, {""move_vx"": -5.5595807744329155, ""move_vy"": 1.2574027248880508, ""kick_power"": 0.0, ""kick_dir"": null}, {""move_vx"": -4.999806295512737, ""move_vy"": -0.04401144568398161, ""kick_power"": 0.0, ""kick_dir"": null}, {""move_vx"": -5.8, ""move_vy"": 0.0, ""kick_power"": 0.0, ""kick_dir"": null}, {""move_vx"": -5.0768552818625166, ""move_vy"": 1.8399838170551057, ""kick_power"": 0.0, ""kick_dir"": null}, {""move_vx"": -5.14508511347544, ""move_vy"": -1.6395423675810943, ""kick_power"": 0.0, ""kick_dir"": null}, {""move_vx"": 5.8, ""move_vy"": 0.0, ""kick_power"": 0.0, ""kick_dir"": null}, {""move_vx"": -4.242640687119285, ""move_vy"": 4.242640687119285, ""kick_power"": 0.0, ""kick_dir"": null}, {""move_vx"": -0.0, ""move_vy"": 0.0, ""kick_power"": 0.6, ""kick_dir"": [-0.9996047740665805, 0.028110952702691577]}, {""move_vx"": -5.399818541519009, ""move_vy"": -0.04426870980195051, ""kick_power"": 0.0, ""kick_dir"": null}, {""move_vx"": -8.315344932897258, ""move_vy"": -0.27827800297526506, ""kick_power"": 0.0, ""kick_dir"": null}, {""move_vx"": -5.620620789355597, ""move_vy"": 2.8458077837871767, ""kick_power"": 0.0, ""kick_dir"": null}, {""move_vx"": -5.752399603035858, ""move_vy"": 0.295801972598084, ""kick_power"": 0.0, ""kick_dir"": null}]"
1968,115,default,default,0,6.5538176870636615,38.868576449594606,0,A,,21.69020282585969,0.6890824465846345,0.03233603967004688,"[{""move_vx"": 3.3587902551119613, ""move_vy"": 3.358724165835135, ""kick_power"": 0.0, ""kick_dir"": null}, {""move_vx"": 6.9486589983362075, ""move_vy"": 0.39716259244955565, ""kick_power"": 0.0, ""kick_dir"": null}, {""move_vx"": 3.8183766184073566, ""move_vy"": 3.8183766184073566, ""kick_power"": 0.0, ""kick_dir"": null}, {""move_vx"": 5.923336361165173, ""move_vy"": -0.4446193343732928, ""kick_power"": 0.0, ""kick_dir"": null}, {""move_vx"": -3.8324333970599707, ""move_vy"": -3.9588576959900164, ""kick_power"": 0.0, ""kick_dir"": null}, {""move_vx"": 0.0, ""move_vy"": 0.0, ""kick_power"": 0.4, ""kick_dir"": [0.8470256126482136, -0.5315514112539086]}, {""move_vx"": 0.0, ""move_vy"": 0.0, ""kick_power"": 0.65, ""kick_dir"": [-0.15211637171680012, 0.9883624906763727]}, {""move_vx"": 0.0, ""move_vy"": 0.0, ""kick_power"": 0.6, ""kick_dir"": [0.99846034377719, -0.05546989391309533]}, {""move_vx"": -2.2714913178064116, ""move_vy"": 4.660960436769453, ""kick_power"": 0.0, ""kick_dir"": null}, {""move_vx"": -1.7113526418274196, ""move_vy"": -5.121647404430562, ""kick_power"": 0.0, ""kick_dir"": null}, {""move_vx"": -5.549823481626632, ""move_vy"": 1.2997920305901418, ""kick_power"": 0.0, ""kick_dir"": null}, {""move_vx"": -4.999857874181567, ""move_vy"": -0.03769931013412047, ""kick_power"": 0.0, ""kick_dir"": null}, {""move_vx"": -5.775000863516225, ""move_vy"": 0.5379265994416473, ""kick_power"": 0.0, ""kick_dir"": null}, {""move_vx"": -5.0768552818625166, ""move_vy"": 1.8399838170551066, ""kick_power"": 0.0, ""kick_dir"": null}, {""move_vx"": -5.14508511347544, ""move_vy"": -1.6395423675810943, ""kick_power"": 0.0, ""kick_dir"": null}, {""move_vx"": 5.8, ""move_vy"": 0.0, ""kick_power"": 0.0, ""kick_dir"": null}, {""move_vx"": -4.242640687119285, ""move_vy"": 4.242640687119285, ""kick_power"": 0.0, ""kick_dir"": null}, {""move_vx"": -0.0, ""move_vy"": 0.0, ""kick_power"": 0.6, ""kick_dir"": [-0.9995572765092071, 0.029751985743356177]}, {""move_vx"": -5.399996967105902, ""move_vy"": 0.005723219990908497, ""kick_power"": 0.0, ""kick_dir"": null}, {""move_vx"": -5.972828648203291, ""move_vy"": 2.2989819353796723, ""kick_power"": 0.0, ""kick_dir"": null}, {""move_vx"": -5.545898222567936, ""move_vy"": 2.9888146320770423, ""kick_power"": 0.0, ""kick_dir"": null}, {""move_vx"": -4.525483399593904, ""move_vy"": -4.525483399593904, ""kick_power"": 0.0, ""kick_dir"": null}]"
1968,116,default,default,0,6.77773108154526,39.09249734990527,0,A,,22.321953385125404,0.6886233182588792,0.024630757347276256,"[{""move_vx"": 3.358759392932475, ""move_vy"": 3.3587550283383094, ""kick_power"": 0.0, ""kick_dir"": null}, {""move_vx"": 6.9486589983362075, ""move_vy"": 0.39716259244955576, ""kick_power"": 0.0, ""kick_dir"": null}, {""move_vx"": 3.8183766184073566, ""move_vy"": 3.8183766184073566, ""kick_power"": 0.0, ""kick_dir"": null}, {""move_vx"": 5.923336361165173, ""move_vy"": -0.444619334373293, ""kick_power"": 0.0, ""kick_dir"": null}, {""move_vx"": -3.8310260311432223, ""move_vy"": -3.9602196338969655, ""kick_power"": 0.0, ""kick_dir"": null}, {""move_vx"": 0.0, ""move_vy"": 0.0, ""kick_power"": 0.4, ""kick_dir"": [0.8885236070832795, -0.4588302266743721]}, {""move_vx"": 0.0, ""move_vy"": 0.0, ""kick_power"": 0.65, ""kick_dir"": [-0.1686040530955006, 0.9856837578294754]}, {""move_vx"": 0.0, ""move_vy"": 0.0, ""kick_power"": 0.6, ""kick_dir"": [0.99846034377719, -0.05546989391309533]}, {""move_vx"": -2.2743486830199076, ""move_vy"": 4.659566832662195, ""kick_power"": 0.0, ""kick_dir"": null}, {""move_vx"": -0.6000505280638408, ""move_vy"": -5.366557496549377, ""kick_power"": 0.0, ""kick_dir"": null}, {""move_vx"": -5.539555409889814, ""move_vy"": 1.3428796896075583, ""kick_power"": 0.0, ""kick_dir"": null}, {""move_vx"": -0.0, ""move_vy"": 5.0, ""kick_power"": 0.0, ""kick_dir"": null}, {""move_vx"": -0.0, ""move_vy"": -5.8, ""kick_power"": 0.0, ""kick_dir"": null}, {""move_vx"": -5.0768552818625166, ""move_vy"": 1.8399838170551057, ""kick_power"": 0.0, ""kick_dir"": null}, {""move_vx"": -5.1450851134754405, ""move_vy"": -1.6395423675810943, ""kick_power"": 0.0, ""kick_dir"": null}, {""move_vx"": 5.8, ""move_vy"": 0.0, ""kick_power"": 0.0, ""kick_dir"": null}, {""move_vx"": -7.499469615374838, ""move_vy"": 0.08919354275724103, ""kick_power"": 0.0, ""kick_dir"": null}, {""move_vx"": -0.0, ""move_vy"": 0.0, ""kick_power"": 0.6, ""kick_dir"": [-0.9995157315961425, 0.03111642083717915]}, {""move_vx"": -5.399656156702085, ""move_vy"": 0.060937586014427274, ""kick_power"": 0.0, ""kick_dir"": null}, {""move_vx"": -0.0, ""move_vy"": 0.0, ""kick_power"": 0.0, ""kick_dir"": null}, {""move_vx"": -4.590038154272325, ""move_vy"": 3.3795783379475464, ""kick_power"": 0.0, ""kick_dir"": null}, {""move_vx"": -4.525483399593904, ""move_vy"": -4.525483399593904, ""kick_power"": 0.0, ""kick_dir"": null}]"
1968,117,default,default,0,7.001647981075301,39.31641474512689,0,A,,22.95377112755764,0.6870050744203295,0.03324572862106332,"[{""move_vx"": 3.358757354756924, ""move_vy"": 3.3587570665152717, ""kick_power"": 0.0, ""kick_dir"": null}, {""move_vx"": 6.9486589983362075, ""move_vy"": 0.39716259244955576, ""kick_power"": 0.0, ""kick_dir"": null}, {""move_vx"": 3.8183766184073566, ""move_vy"": 3.8183766184073566, ""kick_power"": 0.0, ""kick_dir"": null}, {""move_vx"": 5.923336361165173, ""move_vy"": -0.44461933437329315, ""kick_power"": 0.0, ""kick_dir"": null}, {""move_vx"": -3.7762263900128126, ""move_vy"": -4.012507227578637, ""kick_power"": 0.0, ""kick_dir"": null}, {""move_vx"": 0.0, ""move_vy"": 0.0, ""kick_power"": 0.4, ""kick_dir"": [0.9165636300507836, -0.3998881836097252]}, {""move_vx"": 0.0, ""move_vy"": 0.0, ""kick_power"": 0.65, ""kick_dir"": [-0.178928331790518, 0.9838620034787863]}, {""move_vx"": 0.0, ""move_vy"": 0.0, ""kick_power"": 0.6, ""kick_dir"": [0.99846034377719, -0.05546989391309533]}, {""move_vx"": -2.2702029564884874, ""move_vy"": 4.661588091664784, ""kick_power"": 0.0, ""kick_dir"": null}, {""move_vx"": 3.4987856288225423, ""move_vy"": 4.113210318418553, ""kick_power"": 0.0, ""kick_dir"": null}, {""move_vx"": -5.528730137569233, ""move_vy"": 1.3867743385041709, ""kick_power"": 0.0, ""kick_dir"": null}, {""move_vx"": -0.0, ""move_vy"": 5.0, ""kick_power"": 0.0, ""kick_dir"": null}, {""move_vx"": -4.1012193308819755, ""move_vy"": 4.1012193308819755, ""kick_power"": 0.0, ""kick_dir"": null}, {""move_vx"": -5.0768552818625166, ""move_vy"": 1.8399838170551066, ""kick_power"": 0.0, ""kick_dir"": null}, {""move_vx"": -5.14508511347544, ""move_vy"": -1.639542367581094, ""kick_power"": 0.0, ""kick_dir"": null}, {""move_vx"": 5.8, ""move_vy"": 0.0, ""kick_power"": 0.0, ""kick_dir"": null}, {""move_vx"": -7.499662766479899, ""move_vy"": 0.07112235285104711, ""kick_power"": 0.0, ""kick_dir"": null}, {""move_vx"": -0.0, ""move_vy"": 0.0, ""kick_power"": 0.6, ""kick_dir"": [-0.9994200832338103, 0.034050345371121296]}, {""move_vx"": -5.39870308504964, ""move_vy"": 0.11834272041620253, ""kick_power"": 0.0, ""kick_dir"": null}, {""move_vx"": -8.315151827662092, ""move_vy"": -0.28398958242827776, ""kick_power"": 0.0, ""kick_dir"": null}, {""move_vx"": -4.534173684055742, ""move_vy"": 3.4541669043079506, ""kick_power"": 0.0, ""kick_dir"": null}, {""move_vx"": -4.525483399593904, ""move_vy"": -4.525483399593904, ""kick_power"": 0.0, ""kick_dir"": null}]"
1968,118,default,default,0,7.225565112083086,39.540331908870584,0,A,,23.585656045663892,0.6910632381766575,0.031963055901084246,"[{""move_vx"": 3.3587572201539677, ""move_vy"": 3.3587572011182334, ""kick_power"": 0.0, ""kick_dir"": null}, {""move_vx"": 6.948658998336208, ""move_vy"": 0.39716259244955593, ""kick_power"": 0.0, ""kick_dir"": null}, {""move_vx"": 3.8183766184073566, ""move_vy"": 3.8183766184073566, ""kick_power"": 0.0, ""kick_dir"": null}, {""move_vx"": 5.923336361165172, ""move_vy"": -0.44461933437329343, ""kick_power"": 0.0, ""kick_dir"": null}, {""move_vx"": -3.7173913463117296, ""move_vy"": -4.067075310142002, ""kick_power"": 0.0, ""kick_dir"": null}, {""move_vx"": 0.0, ""move_vy"": 0.0, ""kick_power"": 0.4, ""kick_dir"": [0.9360766685878666, -0.3517953599098898]}, {""move_vx"": 0.0, ""move_vy"": 0.0, ""kick_power"": 0.65, ""kick_dir"": [-0.15073836616880956, 0.9885735884470866]}, {""move_vx"": 0.0, ""move_vy"": 0.0, ""kick_power"": 0.6, ""kick_dir"": [0.99846034377719, -0.05546989391309533]}, {""move_vx"": -2.2629696269646256, ""move_vy"": 4.665103800285217, ""kick_power"": 0.0, ""kick_dir"": null}, {""move_vx"": -1.2902301524173603, ""move_vy"": -5.243596681076175, ""kick_power"": 0.0, ""kick_dir"": null}, {""move_vx"": -5.517318491258755, ""move_vy"": 1.43150154244213, ""kick_power"": 0.0, ""kick_dir"": null}, {""move_vx"": -0.0, ""move_vy"": 5.0, ""kick_power"": 0.0, ""kick_dir"": null}, {""move_vx"": -5.769045589751713, ""move_vy"": 0.5984254200535796, ""kick_power"": 0.0, ""kick_dir"": null}, {""move_vx"": -5.0768552818625166, ""move_vy"": 1.8399838170551057, ""kick_power"": 0.0, ""kick_dir"": null}, {""move_vx"": -5.1450851134754405, ""move_vy"": -1.639542367581094, ""kick_power"": 0.0, ""kick_dir"": null}, {""move_vx"": 5.8, ""move_vy"": 0.0, ""kick_power"": 0.0, ""kick_dir"": null}, {""move_vx"": -7.4998453173006006, ""move_vy"": 0.04816862634801851, ""kick_power"": 0.0, ""kick_dir"": null}, {""move_vx"": -0.0, ""move_vy"": 0.0, ""kick_power"": 0.6, ""kick_dir"": [-0.9992906074419755, 0.0376591308818474]}, {""move_vx"": -5.397067368496216, ""move_vy"": 0.17794330533443722, ""kick_power"": 0.0, ""kick_dir"": null}, {""move_vx"": -5.953260130518978, ""move_vy"": 2.3491900345381094, ""kick_power"": 0.0, ""kick_dir"": null}, {""move_vx"": -4.475665663156939, ""move_vy"": 3.529648264577922, ""kick_power"": 0.0, ""kick_dir"": null}, {""move_vx"": -4.525483399593904, ""move_vy"": -4.525483399593904, ""kick_power"": 0.0, ""kick_dir"": null}]"
1968,119,default,default,0,7.449482258377872,39.764249057327284,0,A,,24.21760813894935,0.6899356405161535,0.026977032013752462,"[{""move_vx"": 3.3587572112646695, ""move_vy"": 3.3587572100075316, ""kick_power"": 0.0, ""kick_dir"": null}, {""move_vx"": 6.948658998336207, ""move_vy"": 0.3971625924495558, ""kick_power"": 0.0, ""kick_dir"": null}, {""move_vx"": 3.8183766184073566, ""move_vy"": 3.8183766184073566, ""kick_power"": 0.0, ""kick_dir"": null}, {""move_vx"": 5.923336361165172, ""move_vy"": -0.4446193343732936, ""kick_power"": 0.0, ""kick_dir"": null}, {""move_vx"": -3.654142125502972, ""move_vy"": -4.123996281111881, ""kick_power"": 0.0, ""kick_dir"": null}, {""move_vx"": 0.0, ""move_vy"": 0.0, ""kick_power"": 0.4, ""kick_dir"": [0.9500373744656825, -0.3121354503032743]}, {""move_vx"": 0.0, ""move_vy"": 0.0, ""kick_power"": 0.65, ""kick_dir"": [-0.1651827795346505, 0.9862628640119144]}, {""move_vx"": 0.0, ""move_vy"": 0.0, ""kick_power"": 0.6, ""kick_dir"": [0.99846034377719, -0.05546989391309533]}, {""move_vx"": -2.258318137365377, ""move_vy"": 4.667357302633532, ""kick_power"": 0.0, ""kick_dir"": null}, {""move_vx"": 2.177316445695977, ""move_vy"": 4.941588114695704, ""kick_power"": 0.0, ""kick_dir"": null}, {""move_vx"": -5.505291055357367, ""move_vy"": 1.4770817160205296, ""kick_power"": 0.0, ""kick_dir"": null}, {""move_vx"": -0.0, ""move_vy"": 5.0, ""kick_power"": 0.0, ""kick_dir"": null}, {""move_vx"": -0.0, ""move_vy"": -5.8, ""kick_power"": 0.0, ""kick_dir"": null}, {""move_vx"": -5.076855281862515, ""move_vy"": 1.8399838170551062, ""kick_power"": 0.0, ""kick_dir"": null}, {""move_vx"": -5.14508511347544, ""move_vy"": -1.6395423675810938, ""kick_power"": 0.0, ""kick_dir"": null}, {""move_vx"": 5.8, ""move_vy"": 0.0, ""kick_power"": 0.0, ""kick_dir"": null}, {""move_vx"": -7.499973117989391, ""move_vy"": 0.020080573609463147, ""kick_power"": 0.0, ""kick_dir"": null}, {""move_vx"": -0.0, ""move_vy"": 0.0, ""kick_power"": 0.6, ""kick_dir"": [-0.9991196878658317, 0.041949697320702396]}, {""move_vx"": -5.394669973281103, ""move_vy"": 0.2398663781759952, ""kick_power"": 0.0, ""kick_dir"": null}, {""move_vx"": -5.944722653702039, ""move_vy"": 2.3707114060049124, ""kick_power"": 0.0, ""kick_dir"": null}, {""move_vx"": -4.414403026970825, ""move_vy"": 3.6059736432024594, ""kick_power"": 0.0, ""kick_dir"": null}, {""move_vx"": -4.525483399593904, ""move_vy"": -4.525483399593904, ""kick_power"": 0.0, ""kick_dir"": null}]"
1968,120,default,default,0,7.6733994056822254,39.98816620477441,0,A,,24.849627407381327,0.6902219301539261,0.030039647553850128,"[{""move_vx"": 3.358757210677612, ""move_vy"": 3.35875721059459, ""kick_power"": 0.0, ""kick_dir"": null}, {""move_vx"": 6.9486589983362075, ""move_vy"": 0.3971625924495561, ""kick_power"": 0.0, ""kick_dir"": null}, {""move_vx"": 3.8183766184073566, ""move_vy"": 3.8183766184073566, ""kick_power"": 0.0, ""kick_dir"": null}, {""move_vx"": 5.923336361165173, ""move_vy"": -0.4446193343732938, ""kick_power"": 0.0, ""kick_dir"": null}, {""move_vx"": -3.5860609886639687, ""move_vy"": -4.183331995620523, ""kick_power"": 0.0, ""kick_dir"": null}, {""move_vx"": 0.0, ""move_vy"": 0.0, ""kick_power"": 0.4, ""kick_dir"": [0.9602779491724888, -0.2790445345680877]}, {""move_vx"": 0.0, ""move_vy"": 0.0, ""kick_power"": 0.65, ""kick_dir"": [-0.14509764789000687, 0.9894172359434926]}, {""move_vx"": 0.0, ""move_vy"": 0.0, ""kick_power"": 0.6, ""kick_dir"": [0.99846034377719, -0.05546989391309533]}, {""move_vx"": -2.258318137365378, ""move_vy"": 4.667357302633533, ""kick_power"": 0.0, ""kick_dir"": null}, {""move_vx"": 3.1840072855256043, ""move_vy"": 4.361432976181094, ""kick_power"": 0.0, ""kick_dir"": null}, {""move_vx"": -5.492616894342092, ""move_vy"": 1.523535248029343, ""kick_power"": 0.0, ""kick_dir"": null}, {""move_vx"": -0.0, ""move_vy"": 5.0, ""kick_power"": 0.0, ""kick_dir"": null}, {""move_vx"": -4.1012193308819755, ""move_vy"": -4.1012193308819755, ""kick_power"": 0.0, ""kick_dir"": null}, {""move_vx"": -5.076855281862515, ""move_vy"": 1.839983817055107, ""kick_power"": 0.0, ""kick_dir"": null}, {""move_vx"": -5.1450851134754405, ""move_vy"": -1.6395423675810938, ""kick_power"": 0.0, ""kick_dir"": null}, {""move_vx"": 5.8, ""move_vy"": 0.0, ""kick_power"": 0.0, ""kick_dir"": null}, {""move_vx"": -7.499989837671106, ""move_vy"": -0.012346450102899588, ""kick_power"": 0.0, ""kick_dir"": null}, {""move_vx"": -0.0, ""move_vy"": 0.0, ""kick_power"": 0.6, ""kick_dir"": [-0.9989060718328487, 0.04676095651703409]}, {""move_vx"": -5.391422225809326, ""move_vy"": 0.304247240002623, ""kick_power"": 0.0, ""kick_dir"": null}, {""move_vx"": -5.935960208942372, ""move_vy"": 2.3925669056168184, ""kick_power"": 0.0, ""kick_dir"": null}, {""move_vx"": -4.350273081971157, ""move_vy"": 3.683086221129932, ""kick_power"": 0.0, ""kick_dir"": null}, {""move_vx"": -4.525483399593904, ""move_vy"": -4.525483399593904, ""kick_power"": 0.0, ""kick_dir"": null}]"
1968,121,default,default,0,7.897316553053251,40.21208335215486,0,A,,25.48171385095767,0.6836910850399067,0.03116224669199981,"[{""move_vx"": 3.3587572106388426, ""move_vy"": 3.3587572106333594, ""kick_power"": 0.0, ""kick_dir"": null}, {""move_vx"": 6.9486589983362075, ""move_vy"": 0.39716259244955604, ""kick_power"": 0.0, ""kick_dir"": null}, {""move_vx"": 3.8183766184073566, ""move_vy"": 3.8183766184073566, ""kick_power"": 0.0, ""kick_dir"": null}, {""move_vx"": 5.922753012025848, ""move_vy"": -0.45232373200923276, ""kick_power"": 0.0, ""kick_dir"": null}, {""move_vx"": -3.5126897758438975, ""move_vy"": -4.245127858932136, ""kick_power"": 0.0, ""kick_dir"": null}, {""move_vx"": 0.0, ""move_vy"": 0.0, ""kick_power"": 0.4, ""kick_dir"": [0.9679571879996345, -0.2511145311067324]}, {""move_vx"": 0.0, ""move_vy"": 0.0, ""kick_power"": 0.65, ""kick_dir"": [-0.1200434477533238, 0.9927685380895584]}, {""move_vx"": 0.0, ""move_vy"": 0.0, ""kick_power"": 0.6, ""kick_dir"": [0.9985349501820018, -0.05411026189030348]}, {""move_vx"": -2.2583181373653787, ""move_vy"": 4.667357302633532, ""kick_power"": 0.0, ""kick_dir"": null}, {""move_vx"": 4.523872791714049, ""move_vy"": 2.9486564676797022, ""kick_power"": 0.0, ""kick_dir"": null}, {""move_vx"": 4.242640687119285, ""move_vy"": 4.242640687119285, ""kick_power"": 0.0, ""kick_dir"": null}, {""move_vx"": -0.0, ""move_vy"": 5.0, ""kick_power"": 0.0, ""kick_dir"": null}, {""move_vx"": -4.1012193308819755, ""move_vy"": 4.1012193308819755, ""kick_power"": 0.0, ""kick_dir"": null}, {""move_vx"": -5.076855281862515, ""move_vy"": 1.839983817055106, ""kick_power"": 0.0, ""kick_dir"": null}, {""move_vx"": -5.14508511347544, ""move_vy"": -1.6395423675810934, ""kick_power"": 0.0, ""kick_dir"": null}, {""move_vx"": 5.8, ""move_vy"": 0.0, ""kick_power"": 0.0, ""kick_dir"": null}, {""move_vx"": -7.499856080478986, ""move_vy"": -0.0464625882014645, ""kick_power"": 0.0, ""kick_dir"": null}, {""move_vx"": -0.0, ""move_vy"": 0.0, ""kick_power"": 0.6, ""kick_dir"": [-0.9986649398773784, 0.05165525130250814]}, {""move_vx"": -5.387224486317453, ""move_vy"": 0.371230836571616, ""kick_power"": 0.0, ""kick_dir"": null}, {""move_vx"": -5.929576767031461, ""move_vy"": 2.4083436972078394, ""kick_power"": 0.0, ""kick_dir"": null}, {""move_vx"": -4.977704287130528, ""move_vy"": 3.8616654476899437, ""kick_power"": 0.0, ""kick_dir"": null}, {""move_vx"": -4.525483399593904, ""move_vy"": -4.525483399593904, ""kick_power"": 0.0, ""kick_dir"": null}]"
1968,122,default,default,0,8.12123370042868,40.43600049953092,0,A,,26.113867469678237,0.6901661749489116,0.029287427065277042,"[{""move_vx"": 3.3587572106362824, ""move_vy"": 3.3587572106359187, ""kick_power"": 0.0, ""kick_dir"": null}, {""move_vx"": 6.9486589983362075, ""move_vy"": 0.3971625924495562, ""kick_power"": 0.0, ""kick_dir"": null}, {""move_vx"": 3.8183766184073566, ""move_vy"": 3.8183766184073566, ""kick_power"": 0.0, ""kick_dir"": null}, {""move_vx"": 5.922001390166576, ""move_vy"": -0.46206009875897164, ""kick_power"": 0.0, ""kick_dir"": null}, {""move_vx"": -3.433527821932868, ""move_vy"": -4.309406768455832, ""kick_power"": 0.0, ""kick_dir"": null}, {""move_vx"": 0.0, ""move_vy"": 0.0, ""kick_power"": 0.4, ""kick_dir"": [0.9738283174875526, -0.22728410041838187]}, {""move_vx"": 0.0, ""move_vy"": 0.0, ""kick_power"": 0.65, ""kick_dir"": [-0.08836611962380489, 0.9960879638437424]}, {""move_vx"": 0.0, ""move_vy"": 0.0, ""kick_power"": 0.6, ""kick_dir"": [0.9986260213268658, -0.05240263980237678]}, {""move_vx"": -2.2583181373653796, ""move_vy"": 4.667357302633532, ""kick_power"": 0.0, ""kick_dir"": null}, {""move_vx"": -5.086604490122432, ""move_vy"": -1.8128581745592578, ""kick_power"": 0.0, ""kick_dir"": null}, {""move_vx"": 5.658304310558664, ""move_vy"": 1.9958938671966602, ""kick_power"": 0.0, ""kick_dir"": null}, {""move_vx"": -0.0, ""move_vy"": 5.0, ""kick_power"": 0.0, ""kick_dir"": null}, {""move_vx"": -4.1012193308819755, ""move_vy"": -4.1012193308819755, ""kick_power"": 0.0, ""kick_dir"": null}, {""move_vx"": -5.076855281862515, ""move_vy"": 1.8399838170551068, ""kick_power"": 0.0, ""kick_dir"": null}, {""move_vx"": -5.1450851134754405, ""move_vy"": -1.6395423675810934, ""kick_power"": 0.0, ""kick_dir"": null}, {""move_vx"": 5.8, ""move_vy"": 0.0, ""kick_power"": 0.0, ""kick_dir"": null}, {""move_vx"": -7.499601863831026, ""move_vy"": -0.07727796595546359, ""kick_power"": 0.0, ""kick_dir"": null}, {""move_vx"": -0.0, ""move_vy"": 0.0, ""kick_power"": 0.6, ""kick_dir"": [-0.9984372194237565, 0.05588421828485648]}, {""move_vx"": -5.38196462662317, ""move_vy"": 0.44097251362973067, ""kick_power"": 0.0, ""kick_dir"": null}, {""move_vx"": -5.927109635819014, ""move_vy"": 2.414409113009105, ""kick_power"": 0.0, ""kick_dir"": null}, {""move_vx"": -4.207050610255556, ""move_vy"": 3.8458711838474704, ""kick_power"": 0.0, ""kick_dir"": null}, {""move_vx"": -4.525483399593904, ""move_vy"": -4.525483399593904, ""kick_power"": 0.0, ""kick_dir"": null}]"
1968,123,default,default,0,8.3451508478044,40.659917646906685,0,A,,26.746088263543015,0.6858200980266758,0.029839858304071796,"[{""move_vx"": 3.3587572106361128, ""move_vy"": 3.358757210636089, ""kick_power"": 0.0, ""kick_dir"": null}, {""move_vx"": 6.9486589983362075, ""move_vy"": 0.3971625924495562, ""kick_power"": 0.0, ""kick_dir"": null}, {""move_vx"": 3.8183766184073566, ""move_vy"": 3.8183766184073566, ""kick_power"": 0.0, ""kick_dir"": null}, {""move_vx"": 5.9212847849913794, ""move_vy"": -0.47115442800595436, ""kick_power"": 0.0, ""kick_dir"": null}, {""move_vx"": -3.348030509068406, ""move_vy"": -4.376161755505291, ""kick_power"": 0.0, ""kick_dir"": null}, {""move_vx"": 0.0, ""move_vy"": 0.0, ""kick_power"": 0.4, ""kick_dir"": [0.9783939665542298, -0.20674845883199508]}, {""move_vx"": 0.0, ""move_vy"": 0.0, ""kick_power"": 0.65, ""kick_dir"": [-0.12282189007976946, 0.9924286294110577]}, {""move_vx"": 0.0, ""move_vy"": 0.0, ""kick_power"": 0.6, ""kick_dir"": [0.9987078170396506, -0.050819910293135]}, {""move_vx"": -2.25831813736538, ""move_vy"": 4.667357302633531, ""kick_power"": 0.0, ""kick_dir"": null}, {""move_vx"": 4.666677782304003, ""move_vy"": 2.7170054243873354, ""kick_power"": 0.0, ""kick_dir"": null}, {""move_vx"": 4.242640687119285, ""move_vy"": 4.242640687119285, ""kick_power"": 0.0, ""kick_dir"": null}, {""move_vx"": -0.0, ""move_vy"": 5.0, ""kick_power"": 0.0, ""kick_dir"": null}, {""move_vx"": -4.1012193308819755, ""move_vy"": 4.1012193308819755, ""kick_power"": 0.0, ""kick_dir"": null}, {""move_vx"": -5.076855281862515, ""move_vy"": 1.839983817055106, ""kick_power"": 0.0, ""kick_dir"": null}, {""move_vx"": -5.145085113475441, ""move_vy"": -1.6395423675810934, ""kick_power"": 0.0, ""kick_dir"": null}, {""move_vx"": 5.8, ""move_vy"": 0.0, ""kick_power"": 0.0, ""kick_dir"": null}, {""move_vx"": -7.499369080080854, ""move_vy"": -0.09728001196161888, ""kick_power"": 0.0, ""kick_dir"": null}, {""move_vx"": -0.0, ""move_vy"": 0.0, ""kick_power"": 0.6, ""kick_dir"": [-0.9982833305366329, 0.05856892449815703]}, {""move_vx"": -5.375600259548129, ""move_vy"": 0.5127590560351902, ""kick_power"": 0.0, ""kick_dir"": null}, {""move_vx"": -5.91777345599021, ""move_vy"": 2.437202766200977, ""kick_power"": 0.0, ""kick_dir"": null}, {""move_vx"": -4.133336545987408, ""move_vy"": 3.924987770376473, ""kick_power"": 0.0, ""kick_dir"": null}, {""move_vx"": -4.525483399593904, ""move_vy"": -4.525483399593904, ""kick_power"": 0.0, ""kick_dir"": null}]"
1968,124,default,default,0,8.569067995180138,40.88383479428243,0,A,,27.378376232552007,0.6870543113326874,0.032057830859639355,"[{""move_vx"": 3.3587572106361017, ""move_vy"": 3.3587572106361, ""kick_power"": 0.0, ""kick_dir"": null}, {""move_vx"": 6.9486589983362075, ""move_vy"": 0.39716259244955626, ""kick_power"": 0.0, ""kick_dir"": null}, {""move_vx"": -5.4, ""move_vy"": 0.0, ""kick_power"": 0.0, ""kick_dir"": null}, {""move_vx"": 5.920695952737003, ""move_vy"": -0.47849705876179494, ""kick_power"": 0.0, ""kick_dir"": null}, {""move_vx"": 5.759148090128582, ""move_vy"": -0.6871777615495895, ""kick_power"": 0.0, ""kick_dir"": null}, {""move_vx"": 0.0, ""move_vy"": 0.0, ""kick_power"": 0.4, ""kick_dir"": [0.9819978166044402, -0.18889147353073552]}, {""move_vx"": 0.0, ""move_vy"": 0.0, ""kick_power"": 0.65, ""kick_dir"": [-0.090567830410643, 0.9958901907915682]}, {""move_vx"": 0.0, ""move_vy"": 0.0, ""kick_power"": 0.6, ""kick_dir"": [0.9987714094948335, -0.049554400999234596]}, {""move_vx"": -2.2583181373653813, ""move_vy"": 4.6673573026335315, ""kick_power"": 0.0, ""kick_dir"": null}, {""move_vx"": 3.8718320048109223, ""move_vy"": 3.764162181219327, ""kick_power"": 0.0, ""kick_dir"": null}, {""move_vx"": 5.665240380651453, ""move_vy"": 1.976120297308888, ""kick_power"": 0.0, ""kick_dir"": null}, {""move_vx"": -0.0, ""move_vy"": 5.0, ""kick_power"": 0.0, ""kick_dir"": null}, {""move_vx"": -4.1012193308819755, ""move_vy"": -4.1012193308819755, ""kick_power"": 0.0, ""kick_dir"": null}, {""move_vx"": -5.076855281862515, ""move_vy"": 1.8399838170551068, ""kick_power"": 0.0, ""kick_dir"": null}, {""move_vx"": -5.145085113475441, ""move_vy"": -1.6395423675810934, ""kick_power"": 0.0, ""kick_dir"": null}, {""move_vx"": 5.8, ""move_vy"": 0.0, ""kick_power"": 0.0, ""kick_dir"": null}, {""move_vx"": -7.499361074332484, ""move_vy"": -0.09789523372843587, ""kick_power"": 0.0, ""kick_dir"": null}, {""move_vx"": -5.232996236614168, ""move_vy"": 2.2595907566596987, ""kick_power"": 0.0, ""kick_dir"": null}, {""move_vx"": -5.368577586800302, ""move_vy"": 0.5816998319627228, ""kick_power"": 0.0, ""kick_dir"": null}, {""move_vx"": -5.908184629003475, ""move_vy"": 2.4603565574133905, ""kick_power"": 0.0, ""kick_dir"": null}, {""move_vx"": -4.056286983942912, ""move_vy"": 4.0045643837869935, ""kick_power"": 0.0, ""kick_dir"": null}, {""move_vx"": -4.525483399593904, ""move_vy"": -4.525483399593904, ""kick_power"": 0.0, ""kick_dir"": null}]"
1968,125,default,default,0,8.792985142555876,41.10775194165817,0,A,,28.010731376705213,0.6936097989953676,0.027815423978572385,"[{""move_vx"": 3.3587572106361017, ""move_vy"": 3.3587572106361008, ""kick_power"": 0.0, ""kick_dir"": null}, {""move_vx"": 6.9486589983362075, ""move_vy"": 0.3971625924495564, ""kick_power"": 0.0, ""kick_dir"": null}, {""move_vx"": 3.8183766184073566, ""move_vy"": 3.8183766184073566, ""kick_power"": 0.0, ""kick_dir"": null}, {""move_vx"": 5.920332223406738, ""move_vy"": -0.48297656722852733, ""kick_power"": 0.0, ""kick_dir"": null}, {""move_vx"": -3.3784062861036097, ""move_vy"": -4.35275441140614, ""kick_power"": 0.0, ""kick_dir"": null}, {""move_vx"": 0.0, ""move_vy"": 0.0, ""kick_power"": 0.4, ""kick_dir"": [0.9848801624818715, -0.17323621176723994]}, {""move_vx"": 0.0, ""move_vy"": 0.0, ""kick_power"": 0.65, ""kick_dir"": [-0.06383399770199973, 0.9979604346277373]}, {""move_vx"": 0.0, ""move_vy"": 0.0, ""kick_power"": 0.6, ""kick_dir"": [0.9988089887278512, -0.0487910966756504]}, {""move_vx"": -2.2583181373653827, ""move_vy"": 4.667357302633531, ""kick_power"": 0.0, ""kick_dir"": null}, {""move_vx"": -4.107457737181076, ""move_vy"": -3.5055371824117514, ""kick_power"": 0.0, ""kick_dir"": null}, {""move_vx"": 4.242640687119285, ""move_vy"": 4.242640687119285, ""kick_power"": 0.0, ""kick_dir"": null}, {""move_vx"": -0.0, ""move_vy"": 5.0, ""kick_power"": 0.0, ""kick_dir"": null}, {""move_vx"": -4.1012193308819755, ""move_vy"": -4.1012193308819755, ""kick_power"": 0.0, ""kick_dir"": null}, {""move_vx"": -5.0768552818625166, ""move_vy"": 1.8399838170551062, ""kick_power"": 0.0, ""kick_dir"": null}, {""move_vx"": -5.1450851134754405, ""move_vy"": -1.6395423675810932, ""kick_power"": 0.0, ""kick_dir"": null}, {""move_vx"": 5.8, ""move_vy"": 0.0, ""kick_power"": 0.0, ""kick_dir"": null}, {""move_vx"": -7.499141666176657, ""move_vy"": -0.11346484307135407, ""kick_power"": 0.0, ""kick_dir"": null}, {""move_vx"": -0.0, ""move_vy"": 0.0, ""kick_power"": 0.6, ""kick_dir"": [-0.9983236892542999, 0.05787691673007473]}, {""move_vx"": -5.360530969180914, ""move_vy"": 0.6516960399237762, ""kick_power"": 0.0, ""kick_dir"": null}, {""move_vx"": -5.8983350218601185, ""move_vy"": 2.4838768024800273, ""kick_power"": 0.0, ""kick_dir"": null}, {""move_vx"": -3.975790410117381, ""move_vy"": 4.084493923954185, ""kick_power"": 0.0, ""kick_dir"": null}, {""move_vx"": -4.525483399593904, ""move_vy"": -4.525483399593904, ""kick_power"": 0.0, ""kick_dir"": null}]"
1968,126,default,default,0,9.016902289931616,41.331669089033916,0,A,,28.64315369600263,0.6812436956011764,0.015427334514677257,"[{""move_vx"": 3.3587572106361008, ""move_vy"": 3.3587572106361008, ""kick_power"": 0.0, ""kick_dir"": null}, {""move_vx"": 6.9486589983362075, ""move_vy"": 0.3971625924495565, ""kick_power"": 0.0, ""kick_dir"": null}, {""move_vx"": 3.8183766184073566, ""move_vy"": 3.8183766184073566, ""kick_power"": 0.0, ""kick_dir"": null}, {""move_vx"": 5.9202580379911085, ""move_vy"": -0.48388507272045594, ""kick_power"": 0.0, ""kick_dir"": null}, {""move_vx"": 5.764540067907095, ""move_vy"": -0.6403731767443611, ""kick_power"": 0.0, ""kick_dir"": null}, {""move_vx"": 0.0, ""move_vy"": 0.0, ""kick_power"": 0.4, ""kick_dir"": [0.9872124486724586, -0.15940927650990316]}, {""move_vx"": 0.0, ""move_vy"": 0.0, ""kick_power"": 0.65, ""kick_dir"": [-0.0919394948761436, 0.9957644970868781]}, {""move_vx"": 0.0, ""move_vy"": 0.0, ""kick_power"": 0.6, ""kick_dir"": [0.9988164537296896, -0.04863803899369652]}, {""move_vx"": -2.2583181373653836, ""move_vy"": 4.667357302633531, ""kick_power"": 0.0, ""kick_dir"": null}, {""move_vx"": 5.422532877707275, ""move_vy"": -2.568294607357897, ""kick_power"": 0.0, ""kick_dir"": null}, {""move_vx"": 5.672264605637603, ""move_vy"": 1.9558666221475551, ""kick_power"": 0.0, ""kick_dir"": null}, {""move_vx"": -0.0, ""move_vy"": 5.0, ""kick_power"": 0.0, ""kick_dir"": null}, {""move_vx"": -4.1012193308819755, ""move_vy"": -4.1012193308819755, ""kick_power"": 0.0, ""kick_dir"": null}, {""move_vx"": -5.076855281862515, ""move_vy"": 1.8399838170551068, ""kick_power"": 0.0, ""kick_dir"": null}, {""move_vx"": -5.1450851134754405, ""move_vy"": -1.6395423675810927, ""kick_power"": 0.0, ""kick_dir"": null}, {""move_vx"": 5.8, ""move_vy"": 0.0, ""kick_power"": 0.0, ""kick_dir"": null}, {""move_vx"": -0.0, ""move_vy"": -6.0, ""kick_power"": 0.0, ""kick_dir"": null}, {""move_vx"": -0.0, ""move_vy"": 0.0, ""kick_power"": 0.6, ""kick_dir"": [-0.9983236892542999, 0.05787691673007473]}, {""move_vx"": 4.242640687119285, ""move_vy"": -4.242640687119285, ""kick_power"": 0.0, ""kick_dir"": null}, {""move_vx"": -5.888216225583694, ""move_vy"": 2.5077698620034727, ""kick_power"": 0.0, ""kick_dir"": null}, {""move_vx"": -3.8917384187280084, ""move_vy"": 4.164657498546118, ""kick_power"": 0.0, ""kick_dir"": null}, {""move_vx"": -4.525483399593904, ""move_vy"": -4.525483399593904, ""kick_power"": 0.0, ""kick_dir"": null}]"
1968,127,default,default,0,9.240819437307357,41.55558623640966,0,A,,29.27564319044426,0.699639337916632,0.026509795503745652,"[{""move_vx"": 3.3587572106361008, ""move_vy"": 3.3587572106361008, ""kick_power"": 0.0, ""kick_dir"": null}, {""move_vx"": 6.9486589983362075, ""move_vy"": 0.39716259244955654, ""kick_power"": 0.0, ""kick_dir"": null}, {""move_vx"": 3.8183766184073566, ""move_vy"": 3.8183766184073566, ""kick_power"": 0.0, ""kick_dir"": null}, {""move_vx"": 0.0, ""move_vy"": 0.0, ""kick_power"": 0.0, ""kick_dir"": null}, {""move_vx"": -5.8, ""move_vy"": 0.0, ""kick_power"": 0.0, ""kick_dir"": null}, {""move_vx"": 0.0, ""move_vy"": 0.0, ""kick_power"": 0.4, ""kick_dir"": [0.9891192604592365, -0.14711505609593223]}, {""move_vx"": 0.0, ""move_vy"": 0.0, ""kick_power"": 0.65, ""kick_dir"": [-0.057696756946146635, 0.9983340546905385]}, {""move_vx"": 0.0, ""move_vy"": 0.0, ""kick_power"": 0.6, ""kick_dir"": [0.9988164537296896, -0.04863803899369652]}, {""move_vx"": -2.258318137365385, ""move_vy"": 4.66735730263353, ""kick_power"": 0.0, ""kick_dir"": null}, {""move_vx"": 0.9639331560347185, ""move_vy"": 5.313269508569742, ""kick_power"": 0.0, ""kick_dir"": null}, {""move_vx"": 5.672264605637604, ""move_vy"": 1.9558666221475547, ""kick_power"": 0.0, ""kick_dir"": null}, {""move_vx"": -0.0, ""move_vy"": 5.0, ""kick_power"": 0.0, ""kick_dir"": null}, {""move_vx"": -4.1012193308819755, ""move_vy"": -4.1012193308819755, ""kick_power"": 0.0, ""kick_dir"": null}, {""move_vx"": -5.0768552818625166, ""move_vy"": 1.8399838170551062, ""kick_power"": 0.0, ""kick_dir"": null}, {""move_vx"": -5.145085113475441, ""move_vy"": -1.6395423675810927, ""kick_power"": 0.0, ""kick_dir"": null}, {""move_vx"": 5.8, ""move_vy"": 0.0, ""kick_power"": 0.0, ""kick_dir"": null}, {""move_vx"": -7.499539054776311, ""move_vy"": -0.08315026088246327, ""kick_power"": 0.0, ""kick_dir"": null}, {""move_vx"": -0.0, ""move_vy"": 0.0, ""kick_power"": 0.6, ""kick_dir"": [-0.9982943829201426, 0.05838022832873487]}, {""move_vx"": -5.329744968015964, ""move_vy"": 0.8682272605191071, ""kick_power"": 0.0, ""kick_dir"": null}, {""move_vx"": -5.877819547295742, ""move_vy"": 2.5320421342126376, ""kick_power"": 0.0, ""kick_dir"": null}, {""move_vx"": -3.804026969248915, ""move_vy"": 4.244923888272545, ""kick_power"": 0.0, ""kick_dir"": null}, {""move_vx"": -4.525483399593904, ""move_vy"": -4.525483399593904, ""kick_power"": 0.0, ""kick_dir"": null}]"
1968,128,default,default,0,9.464736584683097,41.7795033837854,0,A,,29.908199860030102,0.6918820529000042,0.023253589158087572,"[{""move_vx"": 3.3587572106361008, ""move_vy"": 3.3587572106361008, ""kick_power"": 0.0, ""kick_dir"": null}, {""move_vx"": 6.9486589983362075, ""move_vy"": 0.3971625924495566, ""kick_power"": 0.0, ""kick_dir"": null}, {""move_vx"": 3.8183766184073566, ""move_vy"": 3.8183766184073566, ""kick_power"": 0.0, ""kick_dir"": null}, {""move_vx"": 5.92016675868073, ""move_vy"": -0.4850005664035034, ""kick_power"": 0.0, ""kick_dir"": null}, {""move_vx"": -3.248394466677481, ""move_vy"": -4.450621685659108, ""kick_power"": 0.0, ""kick_dir"": null}, {""move_vx"": 0.0, ""move_vy"": 0.0, ""kick_power"": 0.4, ""kick_dir"": [0.9906926482176601, -0.1361170130389268]}, {""move_vx"": 0.0, ""move_vy"": 0.0, ""kick_power"": 0.65, ""kick_dir"": [-0.049555863879363116, 0.998771256898196]}, {""move_vx"": 0.0, ""move_vy"": 0.0, ""kick_power"": 0.6, ""kick_dir"": [0.9988164537296896, -0.04863803899369652]}, {""move_vx"": -2.2583181373653862, ""move_vy"": 4.667357302633529, ""kick_power"": 0.0, ""kick_dir"": null}, {""move_vx"": 2.1459340514812153, ""move_vy"": 4.955296867665289, ""kick_power"": 0.0, ""kick_dir"": null}, {""move_vx"": 5.672264605637603, ""move_vy"": 1.9558666221475545, ""kick_power"": 0.0, ""kick_dir"": null}, {""move_vx"": -0.0, ""move_vy"": 5.0, ""kick_power"": 0.0, ""kick_dir"": null}, {""move_vx"": -4.1012193308819755, ""move_vy"": -4.1012193308819755, ""kick_power"": 0.0, ""kick_dir"": null}, {""move_vx"": -5.076855281862515, ""move_vy"": 1.8399838170551068, ""kick_power"": 0.0, ""kick_dir"": null}, {""move_vx"": -5.1450851134754405, ""move_vy"": -1.6395423675810927, ""kick_power"": 0.0, ""kick_dir"": null}, {""move_vx"": -0.0, ""move_vy"": -5.8, ""kick_power"": 0.0, ""kick_dir"": null}, {""move_vx"": -7.4995998706710765, ""move_vy"": -0.07747115482791149, ""kick_power"": 0.0, ""kick_dir"": null}, {""move_vx"": -0.0, ""move_vy"": 0.0, ""kick_power"": 0.6, ""kick_dir"": [-0.9982943829201426, 0.05838022832873487]}, {""move_vx"": 4.242640687119285, ""move_vy"": -4.242640687119285, ""kick_power"": 0.0, ""kick_dir"": null}, {""move_vx"": -5.867136002299286, ""move_vy"": 2.556700047037894, ""kick_power"": 0.0, ""kick_dir"": null}, {""move_vx"": -3.7125577901687237, ""move_vy"": 4.325149090454283, ""kick_power"": 0.0, ""kick_dir"": null}, {""move_vx"": -4.525483399593904, ""move_vy"": -4.525483399593904, ""kick_power"": 0.0, ""kick_dir"": null}]"
1968,129,default,default,0,9.688653732058837,42.00342053116115,0,A,,30.540823704760157,0.6862118806571635,0.03166307122753388,"[{""move_vx"": 3.3587572106361008, ""move_vy"": 3.3587572106361008, ""kick_power"": 0.0, ""kick_dir"": null}, {""move_vx"": 6.948573212844788, ""move_vy"": 0.39866063981269817, ""kick_power"": 0.0, ""kick_dir"": null}, {""move_vx"": 3.8183766184073566, ""move_vy"": 3.8183766184073566, ""kick_power"": 0.0, ""kick_dir"": null}, {""move_vx"": 5.92016675868073, ""move_vy"": -0.4850005664035029, ""kick_power"": 0.0, ""kick_dir"": null}, {""move_vx"": 5.772210958758451, ""move_vy"": -0.5670808122206541, ""kick_power"": 0.0, ""kick_dir"": null}, {""move_vx"": 0.0, ""move_vy"": 0.0, ""kick_power"": 0.4, ""kick_dir"": [0.991815351546904, -0.12767961836888989]}, {""move_vx"": 0.0, ""move_vy"": 0.0, ""kick_power"": 0.65, ""kick_dir"": [-0.03468509816125539, 0.9993981974436137]}, {""move_vx"": 0.0, ""move_vy"": 0.0, ""kick_power"": 0.6, ""kick_dir"": [0.9988164537296896, -0.04863803899369652]}, {""move_vx"": -2.2583181373653876, ""move_vy"": 4.667357302633528, ""kick_power"": 0.0, ""kick_dir"": null}, {""move_vx"": 3.540632964195914, ""move_vy"": 4.07724394816514, ""kick_power"": 0.0, ""kick_dir"": null}, {""move_vx"": 5.672264605637604, ""move_vy"": 1.9558666221475542, ""kick_power"": 0.0, ""kick_dir"": null}, {""move_vx"": -5.99927368847857, ""move_vy"": -0.09335529298720005, ""kick_power"": 0.0, ""kick_dir"": null}, {""move_vx"": -4.1012193308819755, ""move_vy"": 4.1012193308819755, ""kick_power"": 0.0, ""kick_dir"": null}, {""move_vx"": -5.0768552818625166, ""move_vy"": 1.8399838170551062, ""kick_power"": 0.0, ""kick_dir"": null}, {""move_vx"": -5.1450851134754405, ""move_vy"": -1.6395423675810925, ""kick_power"": 0.0, ""kick_dir"": null}, {""move_vx"": -0.0, ""move_vy"": -5.8, ""kick_power"": 0.0, ""kick_dir"": null}, {""move_vx"": -7.499996822135794, ""move_vy"": -0.006904198215650166, ""kick_power"": 0.0, ""kick_dir"": null}, {""move_vx"": -0.0, ""move_vy"": 0.0, ""kick_power"": 0.6, ""kick_dir"": [-0.9982943829201426, 0.05838022832873487]}, {""move_vx"": -5.295621206389349, ""move_vy"": 1.0565964406713788, ""kick_power"": 0.0, ""kick_dir"": null}, {""move_vx"": -5.856156306204534, ""move_vy"": 2.581750049346541, ""kick_power"": 0.0, ""kick_dir"": null}, {""move_vx"": -3.6172399308250687, ""move_vy"": 4.405175965026215, ""kick_power"": 0.0, ""kick_dir"": null}, {""move_vx"": -4.525483399593904, ""move_vy"": -4.525483399593904, ""kick_power"": 0.0, ""kick_dir"": null}]"
1968,130,default,default,0,9.912570879434577,42.22733767853689,0,A,,31.173514724634426,0.696997740550597,0.020682860903247252,"[{""move_vx"": 3.3587572106361008, ""move_vy"": 3.3587572106361008, ""kick_power"": 0.0, ""kick_dir"": null}, {""move_vx"": 6.94839870049798, ""move_vy"": 0.40169080014107833, ""kick_power"": 0.0, ""kick_dir"": null}, {""move_vx"": 3.8183766184073566, ""move_vy"": 3.8183766184073566, ""kick_power"": 0.0, ""kick_dir"": null}, {""move_vx"": 5.92016675868073, ""move_vy"": -0.4850005664035025, ""kick_power"": 0.0, ""kick_dir"": null}, {""move_vx"": -5.8, ""move_vy"": 0.0, ""kick_power"": 0.0, ""kick_dir"": null}, {""move_vx"": 0.0, ""move_vy"": 0.0, ""kick_power"": 0.4, ""kick_dir"": [0.9925984012458198, -0.12144217254782584]}, {""move_vx"": 0.0, ""move_vy"": 0.0, ""kick_power"": 0.65, ""kick_dir"": [-0.012319052722754317, 0.9999240263966559]}, {""move_vx"": 0.0, ""move_vy"": 0.0, ""kick_power"": 0.6, ""kick_dir"": [0.9988164537296896, -0.04863803899369652]}, {""move_vx"": -2.258318137365389, ""move_vy"": 4.667357302633527, ""kick_power"": 0.0, ""kick_dir"": null}, {""move_vx"": 0.9580338964276164, ""move_vy"": -5.314336369980332, ""kick_power"": 0.0, ""kick_dir"": null}, {""move_vx"": 5.672264605637603, ""move_vy"": 1.9558666221475534, ""kick_power"": 0.0, ""kick_dir"": null}, {""move_vx"": -0.0, ""move_vy"": 5.0, ""kick_power"": 0.0, ""kick_dir"": null}, {""move_vx"": -4.1012193308819755, ""move_vy"": -4.1012193308819755, ""kick_power"": 0.0, ""kick_dir"": null}, {""move_vx"": -5.076855281862515, ""move_vy"": 1.8399838170551068, ""kick_power"": 0.0, ""kick_dir"": null}, {""move_vx"": -5.145085113475441, ""move_vy"": -1.6395423675810925, ""kick_power"": 0.0, ""kick_dir"": null}, {""move_vx"": -0.0, ""move_vy"": -5.8, ""kick_power"": 0.0, ""kick_dir"": null}, {""move_vx"": -7.499999956606487, ""move_vy"": -0.0008067854053320949, ""kick_power"": 0.0, ""kick_dir"": null}, {""move_vx"": -0.0, ""move_vy"": 0.0, ""kick_power"": 0.6, ""kick_dir"": [-0.9982943829201426, 0.05838022832873487]}, {""move_vx"": 4.242640687119285, ""move_vy"": -4.242640687119285, ""kick_power"": 0.0, ""kick_dir"": null}, {""move_vx"": -5.844870867135768, ""move_vy"": 2.60719860127831, ""kick_power"": 0.0, ""kick_dir"": null}, {""move_vx"": -3.5179914589879866, ""move_vy"": 4.484834009691727, ""kick_power"": 0.0, ""kick_dir"": null}, {""move_vx"": -4.525483399593904, ""move_vy"": -4.525483399593904, ""kick_power"": 0.0, ""kick_dir"": null}]"
1968,131,default,default,0,10.136488026810317,42.451254825912635,0,A,,31.80627291965291,0.7008264896857972,0.01568616366055777,"[{""move_vx"": 3.3587572106361008, ""move_vy"": 3.3587572106361008, ""kick_power"": 0.0, ""kick_dir"": null}, {""move_vx"": 6.9482201675970545, ""move_vy"": 0.4047672202606815, ""kick_power"": 0.0, ""kick_dir"": null}, {""move_vx"": 3.8183766184073566, ""move_vy"": 3.8183766184073566, ""kick_power"": 0.0, ""kick_dir"": null}, {""move_vx"": 5.92016675868073, ""move_vy"": -0.485000566403502, ""kick_power"": 0.0, ""kick_dir"": null}, {""move_vx"": -5.8, ""move_vy"": 0.0, ""kick_power"": 0.0, ""kick_dir"": null}, {""move_vx"": 0.0, ""move_vy"": 0.0, ""kick_power"": 0.4, ""kick_dir"": [0.993274553055132, -0.11578194846182845]}, {""move_vx"": -4.242640687119285, ""move_vy"": -4.242640687119285, ""kick_power"": 0.0, ""kick_dir"": null}, {""move_vx"": 0.0, ""move_vy"": 0.0, ""kick_power"": 0.0, ""kick_dir"": null}, {""move_vx"": -2.2583181373653907, ""move_vy"": 4.667357302633527, ""kick_power"": 0.0, ""kick_dir"": null}, {""move_vx"": 0.6007690732909848, ""move_vy"": 5.366477105194533, ""kick_power"": 0.0, ""kick_dir"": null}, {""move_vx"": 5.672264605637604, ""move_vy"": 1.9558666221475531, ""kick_power"": 0.0, ""kick_dir"": null}, {""move_vx"": -0.0, ""move_vy"": 5.0, ""kick_power"": 0.0, ""kick_dir"": null}, {""move_vx"": -4.1012193308819755, ""move_vy"": -4.1012193308819755, ""kick_power"": 0.0, ""kick_dir"": null}, {""move_vx"": -5.0768552818625166, ""move_vy"": 1.8399838170551062, ""kick_power"": 0.0, ""kick_dir"": null}, {""move_vx"": -5.1450851134754405, ""move_vy"": -1.6395423675810923, ""kick_power"": 0.0, ""kick_dir"": null}, {""move_vx"": -0.0, ""move_vy"": -5.8, ""kick_power"": 0.0, ""kick_dir"": null}, {""move_vx"": -7.499515289374383, ""move_vy"": 0.0852667839188503, ""kick_power"": 0.0, ""kick_dir"": null}, {""move_vx"": -0.0, ""move_vy"": 0.0, ""kick_power"": 0.6, ""kick_dir"": [-0.9982943829201426, 0.05838022832873487]}, {""move_vx"": 4.242640687119285, ""move_vy"": -4.242640687119285, ""kick_power"": 0.0, ""kick_dir"": null}, {""move_vx"": -5.831316892208259, ""move_vy"": 2.637374319782196, ""kick_power"": 0.0, ""kick_dir"": null}, {""move_vx"": -0.0, ""move_vy"": 0.0, ""kick_power"": 1.0, ""kick_dir"": [-0.9996869530646025, 0.025016625251655777]}, {""move_vx"": -4.525483399593904, ""move_vy"": -4.525483399593904, ""kick_power"": 0.0, ""kick_dir"": null}]"
1968,132,default,default,0,10.360405174186058,42.67517197328838,0,A,,32.439098289815604,0.7008080804501633,0.020721641343925738,"[{""move_vx"": 3.3587572106361017, ""move_vy"": 3.3587572106361008, ""kick_power"": 0.0, ""kick_dir"": null}, {""move_vx"": 6.948037489932499, ""move_vy"": 0.4078909639750341, ""kick_power"": 0.0, ""kick_dir"": null}, {""move_vx"": 3.8183766184073566, ""move_vy"": 3.8183766184073566, ""kick_power"": 0.0, ""kick_dir"": null}, {""move_vx"": 5.92016675868073, ""move_vy"": -0.48500056640350153, ""kick_power"": 0.0, ""kick_dir"": null}, {""move_vx"": -5.8, ""move_vy"": 0.0, ""kick_power"": 0.0, ""kick_dir"": null}, {""move_vx"": 0.0, ""move_vy"": 0.0, ""kick_power"": 0.4, ""kick_dir"": [0.9938623600128923, -0.1106228535001665]}, {""move_vx"": 0.0, ""move_vy"": 0.0, ""kick_power"": 0.65, ""kick_dir"": [0.02236098012843711, 0.9997498731506216]}, {""move_vx"": 0.0, ""move_vy"": 0.0, ""kick_power"": 0.6, ""kick_dir"": [0.9986907881605696, -0.051153463358599854]}, {""move_vx"": -2.2583181373653924, ""move_vy"": 4.667357302633525, ""kick_power"": 0.0, ""kick_dir"": null}, {""move_vx"": 0.0, ""move_vy"": 0.0, ""kick_power"": 0.0, ""kick_dir"": null}, {""move_vx"": 5.672264605637604, ""move_vy"": 1.9558666221475525, ""kick_power"": 0.0, ""kick_dir"": null}, {""move_vx"": -0.0, ""move_vy"": 5.0, ""kick_power"": 0.0, ""kick_dir"": null}, {""move_vx"": -4.1012193308819755, ""move_vy"": -4.1012193308819755, ""kick_power"": 0.0, ""kick_dir"": null}, {""move_vx"": -5.076855281862515, ""move_vy"": 1.8399838170551068, ""kick_power"": 0.0, ""kick_dir"": null}, {""move_vx"": -5.145085113475441, ""move_vy"": -1.6395423675810923, ""kick_power"": 0.0, ""kick_dir"": null}, {""move_vx"": -5.386501541845991, ""move_vy"": -1.1600435938751426, ""kick_power"": 0.0, ""kick_dir"": null}, {""move_vx"": -7.498120137725939, ""move_vy"": 0.16791188233338156, ""kick_power"": 0.0, ""kick_dir"": null}, {""move_vx"": -0.0, ""move_vy"": 0.0, ""kick_power"": 0.6, ""kick_dir"": [-0.9982943829201426, 0.05838022832873487]}, {""move_vx"": 4.242640687119285, ""move_vy"": -4.242640687119285, ""kick_power"": 0.0, ""kick_dir"": null}, {""move_vx"": -5.815419475699109, ""move_vy"": 2.672245557889377, ""kick_power"": 0.0, ""kick_dir"": null}, {""move_vx"": -3.310404448182527, ""move_vy"": 4.640174823156271, ""kick_power"": 0.0, ""kick_dir"": null}, {""move_vx"": -4.525483399593904, ""move_vy"": -4.525483399593904, ""kick_power"": 0.0, ""kick_dir"": null}]"
1968,133,default,default,0,10.584322321561798,42.89908912066412,0,A,,33.07199083512251,0.70284898052182,0.002850846573981066,"[{""move_vx"": 3.3587572106361, ""move_vy"": 3.3587572106361008, ""kick_power"": 0.0, ""kick_dir"": null}, {""move_vx"": 6.947850538470819, ""move_vy"": 0.4110631278414048, ""kick_power"": 0.0, ""kick_dir"": null}, {""move_vx"": 3.8183766184073566, ""move_vy"": 3.8183766184073566, ""kick_power"": 0.0, ""kick_dir"": null}, {""move_vx"": 5.91961550655212, ""move_vy"": -0.4916830834874287, ""kick_power"": 0.0, ""kick_dir"": null}, {""move_vx"": -5.8, ""move_vy"": 0.0, ""kick_power"": 0.0, ""kick_dir"": null}, {""move_vx"": 0.0, ""move_vy"": 0.0, ""kick_power"": 0.4, ""kick_dir"": [0.9943765285920853, -0.1059015298105954]}, {""move_vx"": 0.0, ""move_vy"": 0.0, ""kick_power"": 0.65, ""kick_dir"": [0.02236098012843711, 0.9997498731506216]}, {""move_vx"": 0.0, ""move_vy"": 0.0, ""kick_power"": 0.6, ""kick_dir"": [0.9986134902960172, -0.05264089859809054]}, {""move_vx"": -2.2583181373653947, ""move_vy"": 4.667357302633525, ""kick_power"": 0.0, ""kick_dir"": null}, {""move_vx"": 0.0, ""move_vy"": 0.0, ""kick_power"": 0.0, ""kick_dir"": null}, {""move_vx"": 5.672264605637604, ""move_vy"": 1.955866622147552, ""kick_power"": 0.0, ""kick_dir"": null}, {""move_vx"": -0.0, ""move_vy"": 5.0, ""kick_power"": 0.0, ""kick_dir"": null}, {""move_vx"": -4.1012193308819755, ""move_vy"": -4.1012193308819755, ""kick_power"": 0.0, ""kick_dir"": null}, {""move_vx"": -5.07516528080991, ""move_vy"": 1.8446401742512468, ""kick_power"": 0.0, ""kick_dir"": null}, {""move_vx"": -5.145085113475441, ""move_vy"": -1.6395423675810918, ""kick_power"": 0.0, ""kick_dir"": null}, {""move_vx"": 4.1012193308819755, ""move_vy"": -4.1012193308819755, ""kick_power"": 0.0, ""kick_dir"": null}, {""move_vx"": -0.0, ""move_vy"": -6.0, ""kick_power"": 0.0, ""kick_dir"": null}, {""move_vx"": -0.0, ""move_vy"": 0.0, ""kick_power"": 0.6, ""kick_dir"": [-0.9982943829201426, 0.05838022832873487]}, {""move_vx"": 4.242640687119285, ""move_vy"": -4.242640687119285, ""kick_power"": 0.0, ""kick_dir"": null}, {""move_vx"": -5.798615041260542, ""move_vy"": 2.7085168641282293, ""kick_power"": 0.0, ""kick_dir"": null}, {""move_vx"": -0.0, ""move_vy"": 0.0, ""kick_power"": 1.0, ""kick_dir"": [-0.9999998327394709, -0.00040877774618737446]}, {""move_vx"": -4.525483399593904, ""move_vy"": -4.525483399593904, ""kick_power"": 0.0, ""kick_dir"": null}]"
1968,134,default,default,0,10.808239468937538,43.123006268039866,0,A,,33.10495055557363,0.10876435700633938,0.0090072383533383,"[{""move_vx"": 3.3587572106361017, ""move_vy"": 3.3587572106361008, ""kick_power"": 0.0, ""kick_dir"": null}, {""move_vx"": 6.947659179128416, ""move_vy"": 0.4142848424365285, ""kick_power"": 0.0, ""kick_dir"": null}, {""move_vx"": 0.0, ""move_vy"": 0.0, ""kick_power"": 0.0, ""kick_dir"": null}, {""move_vx"": 5.917857473457213, ""move_vy"": -0.5124089420049532, ""kick_power"": 0.0, ""kick_dir"": null}, {""move_vx"": -5.8, ""move_vy"": 0.0, ""kick_power"": 0.0, ""kick_dir"": null}, {""move_vx"": 0.0, ""move_vy"": 0.0, ""kick_power"": 0.4, ""kick_dir"": [0.9948288351294955, -0.10156481190307401]}, {""move_vx"": 0.0, ""move_vy"": 0.0, ""kick_power"": 0.65, ""kick_dir"": [0.02236098012843711, 0.9997498731506216]}, {""move_vx"": 0.0, ""move_vy"": 0.0, ""kick_power"": 0.6, ""kick_dir"": [0.9985477117272099, -0.05387424831089788]}, {""move_vx"": -2.2583181373653964, ""move_vy"": 4.667357302633524, ""kick_power"": 0.0, ""kick_dir"": null}, {""move_vx"": 0.0, ""move_vy"": 0.0, ""kick_power"": 0.0, ""kick_dir"": null}, {""move_vx"": 4.242640687119285, ""move_vy"": 4.242640687119285, ""kick_power"": 0.0, ""kick_dir"": null}, {""move_vx"": -0.0, ""move_vy"": 5.0, ""kick_power"": 0.0, ""kick_dir"": null}, {""move_vx"": -4.1012193308819755, ""move_vy"": -4.1012193308819755, ""kick_power"": 0.0, ""kick_dir"": null}, {""move_vx"": -5.068721612645455, ""move_vy"": 1.8622731307466316, ""kick_power"": 0.0, ""kick_dir"": null}, {""move_vx"": -5.145085113475441, ""move_vy"": -1.6395423675810918, ""kick_power"": 0.0, ""kick_dir"": null}, {""move_vx"": 4.1012193308819755, ""move_vy"": -4.1012193308819755, ""kick_power"": 0.0, ""kick_dir"": null}, {""move_vx"": -7.492217124323726, ""move_vy"": 0.34158829311074185, ""kick_power"": 0.0, ""kick_dir"": null}, {""move_vx"": 6.0, ""move_vy"": 0.0, ""kick_power"": 0.0, ""kick_dir"": null}, {""move_vx"": 4.242640687119285, ""move_vy"": -4.242640687119285, ""kick_power"": 0.0, ""kick_dir"": null}, {""move_vx"": -5.781611491692481, ""move_vy"": 2.744625395045641, ""kick_power"": 0.0, ""kick_dir"": null}, {""move_vx"": -3.0932233460611567, ""move_vy"": 4.787689352013372, ""kick_power"": 0.0, ""kick_dir"": null}, {""move_vx"": -4.525483399593904, ""move_vy"": -4.525483399593904, ""kick_power"": 0.0, ""kick_dir"": null}]"
1968,135,default,default,0,11.032156616313278,43.34692341541561,0,A,,33.137977451168965,0.10962065375497416,0.009328686089048504,"[{""move_vx"": 3.3587572106361, ""move_vy"": 3.3587572106361008, ""kick_power"": 0.0, ""kick_dir"": null}, {""move_vx"": 6.947463272533067, ""move_vy"": 0.41755727368125894, ""kick_power"": 0.0, ""kick_dir"": null}, {""move_vx"": 3.8183766184073566, ""move_vy"": 3.8183766184073566, ""kick_power"": 0.0, ""kick_dir"": null}, {""move_vx"": 5.915866051443944, ""move_vy"": -0.5349101432699294, ""kick_power"": 0.0, ""kick_dir"": null}, {""move_vx"": -5.8, ""move_vy"": 0.0, ""kick_power"": 0.0, ""kick_dir"": null}, {""move_vx"": 0.0, ""move_vy"": 0.0, ""kick_power"": 0.4, ""kick_dir"": [0.9952287978757499, -0.09756776669162397]}, {""move_vx"": 0.0, ""move_vy"": 0.0, ""kick_power"": 0.65, ""kick_dir"": [0.02236098012843711, 0.9997498731506216]}, {""move_vx"": 0.0, ""move_vy"": 0.0, ""kick_power"": 0.6, ""kick_dir"": [0.9984646933397968, -0.055391546232641455]}, {""move_vx"": -2.258318137365399, ""move_vy"": 4.667357302633523, ""kick_power"": 0.0, ""kick_dir"": null}, {""move_vx"": 0.0, ""move_vy"": 0.0, ""kick_power"": 0.0, ""kick_dir"": null}, {""move_vx"": -5.463361810615535, ""move_vy"": 1.6253238835099095, ""kick_power"": 0.0, ""kick_dir"": null}, {""move_vx"": -0.0, ""move_vy"": 5.0, ""kick_power"": 0.0, ""kick_dir"": null}, {""move_vx"": -4.1012193308819755, ""move_vy"": -4.1012193308819755, ""kick_power"": 0.0, ""kick_dir"": null}, {""move_vx"": -5.060228398084412, ""move_vy"": 1.8852290468853021, ""kick_power"": 0.0, ""kick_dir"": null}, {""move_vx"": -5.1450851134754405, ""move_vy"": -1.6395423675810916, ""kick_power"": 0.0, ""kick_dir"": null}, {""move_vx"": -6.905428374293627, ""move_vy"": -0.8698614645450675, ""kick_power"": 0.0, ""kick_dir"": null}, {""move_vx"": -7.4922171243237266, ""move_vy"": 0.3415882931107431, ""kick_power"": 0.0, ""kick_dir"": null}, {""move_vx"": 6.0, ""move_vy"": 0.0, ""kick_power"": 0.0, ""kick_dir"": null}, {""move_vx"": 4.242640687119285, ""move_vy"": -4.242640687119285, ""kick_power"": 0.0, ""kick_dir"": null}, {""move_vx"": -0.0, ""move_vy"": 0.0, ""kick_power"": 0.0, ""kick_dir"": null}, {""move_vx"": -0.0, ""move_vy"": 0.0, ""kick_power"": 1.0, ""kick_dir"": [-0.9996191398559792, -0.027593566927630046]}, {""move_vx"": -4.525483399593904, ""move_vy"": -4.525483399593904, ""kick_power"": 0.0, ""kick_dir"": null}]"
1968,136,default,default,0,11.256073763689018,43.57084056279135,0,A,,33.17107152190851,0.10983144807014388,0.0007248192465449986,"[{""move_vx"": 3.3587572106361017, ""move_vy"": 3.3587572106361008, ""kick_power"": 0.0, ""kick_dir"": null}, {""move_vx"": 6.947262673772149, ""move_vy"": 0.4208816242273613, ""kick_power"": 0.0, ""kick_dir"": null}, {""move_vx"": 3.8183766184073566, ""move_vy"": 3.8183766184073566, ""kick_power"": 0.0, ""kick_dir"": null}, {""move_vx"": 5.914152609508489, ""move_vy"": -0.5535331168448304, ""kick_power"": 0.0, ""kick_dir"": null}, {""move_vx"": -5.8, ""move_vy"": 0.0, ""kick_power"": 0.0, ""kick_dir"": null}, {""move_vx"": 0.0, ""move_vy"": 0.0, ""kick_power"": 0.4, ""kick_dir"": [0.9955841762396113, -0.09387216684638344]}, {""move_vx"": 0.0, ""move_vy"": 0.0, ""kick_power"": 0.65, ""kick_dir"": [0.02236098012843711, 0.9997498731506216]}, {""move_vx"": 0.0, ""move_vy"": 0.0, ""kick_power"": 0.6, ""kick_dir"": [0.9984646933397968, -0.055391546232641455]}, {""move_vx"": -2.2583181373654013, ""move_vy"": 4.667357302633521, ""kick_power"": 0.0, ""kick_dir"": null}, {""move_vx"": 0.0, ""move_vy"": 0.0, ""kick_power"": 0.0, ""kick_dir"": null}, {""move_vx"": -5.44960480121976, ""move_vy"": 1.67087028536704, ""kick_power"": 0.0, ""kick_dir"": null}, {""move_vx"": -0.0, ""move_vy"": 5.0, ""kick_power"": 0.0, ""kick_dir"": null}, {""move_vx"": -4.1012193308819755, ""move_vy"": -4.1012193308819755, ""kick_power"": 0.0, ""kick_dir"": null}, {""move_vx"": -0.0, ""move_vy"": 0.0, ""kick_power"": 0.0, ""kick_dir"": null}, {""move_vx"": -5.145085113475441, ""move_vy"": -1.6395423675810916, ""kick_power"": 0.0, ""kick_dir"": null}, {""move_vx"": 4.1012193308819755, ""move_vy"": -4.1012193308819755, ""kick_power"": 0.0, ""kick_dir"": null}, {""move_vx"": -7.4922171243237266, ""move_vy"": 0.3415882931107446, ""kick_power"": 0.0, ""kick_dir"": null}, {""move_vx"": 6.0, ""move_vy"": 0.0, ""kick_power"": 0.0, ""kick_dir"": null}, {""move_vx"": 4.242640687119285, ""move_vy"": -4.242640687119285, ""kick_power"": 0.0, ""kick_dir"": null}, {""move_vx"": -5.769027543379278, ""move_vy"": 2.770978383844099, ""kick_power"": 0.0, ""kick_dir"": null}, {""move_vx"": -0.0, ""move_vy"": 0.0, ""kick_power"": 1.0, ""kick_dir"": [-0.9996191398559792, -0.027593566927630046]}, {""move_vx"": -4.525483399593904, ""move_vy"": -4.525483399593904, ""kick_power"": 0.0, ""kick_dir"": null}]"
1968,137,default,default,0,11.479990911064759,43.7947577101671,0,A,,33.20423276779226,0.10487297825369041,0.013575837483873001,"[{""move_vx"": 3.3587572106361, ""move_vy"": 3.3587572106361008, ""kick_power"": 0.0, ""kick_dir"": null}, {""move_vx"": 6.947057232126818, ""move_vy"": 0.4242591349098609, ""kick_power"": 0.0, ""kick_dir"": null}, {""move_vx"": 3.8183766184073566, ""move_vy"": 3.8183766184073566, ""kick_power"": 0.0, ""kick_dir"": null}, {""move_vx"": 5.914147712867027, ""move_vy"": -0.5535854318799682, ""kick_power"": 0.0, ""kick_dir"": null}, {""move_vx"": 0.0, ""move_vy"": 0.0, ""kick_power"": 0.9, ""kick_dir"": [-0.999816347490541, 0.019157184036009772]}, {""move_vx"": 0.0, ""move_vy"": 0.0, ""kick_power"": 0.0, ""kick_dir"": null}, {""move_vx"": 0.0, ""move_vy"": 0.0, ""kick_power"": 0.65, ""kick_dir"": [0.02236098012843711, 0.9997498731506216]}, {""move_vx"": 0.0, ""move_vy"": 0.0, ""kick_power"": 0.6, ""kick_dir"": [0.9984073631165922, -0.05641546345603151]}, {""move_vx"": -2.2583181373654044, ""move_vy"": 4.66735730263352, ""kick_power"": 0.0, ""kick_dir"": null}, {""move_vx"": 0.0, ""move_vy"": 0.0, ""kick_power"": 0.0, ""kick_dir"": null}, {""move_vx"": -5.43517267615005, ""move_vy"": 1.7172355634658585, ""kick_power"": 0.0, ""kick_dir"": null}, {""move_vx"": -0.0, ""move_vy"": 5.0, ""kick_power"": 0.0, ""kick_dir"": null}, {""move_vx"": -4.1012193308819755, ""move_vy"": -4.1012193308819755, ""kick_power"": 0.0, ""kick_dir"": null}, {""move_vx"": -5.054237805691882, ""move_vy"": 1.9012312335733705, ""kick_power"": 0.0, ""kick_dir"": null}, {""move_vx"": -5.145085113475441, ""move_vy"": -1.6395423675810914, ""kick_power"": 0.0, ""kick_dir"": null}, {""move_vx"": 4.1012193308819755, ""move_vy"": -4.1012193308819755, ""kick_power"": 0.0, ""kick_dir"": null}, {""move_vx"": -7.492217124323726, ""move_vy"": 0.34158829311074623, ""kick_power"": 0.0, ""kick_dir"": null}, {""move_vx"": -7.488545625989006, ""move_vy"": 0.414348171808358, ""kick_power"": 0.0, ""kick_dir"": null}, {""move_vx"": 4.242640687119285, ""move_vy"": -4.242640687119285, ""kick_power"": 0.0, ""kick_dir"": null}, {""move_vx"": -5.757766029429604, ""move_vy"": 2.7943031958516005, ""kick_power"": 0.0, ""kick_dir"": null}, {""move_vx"": -0.0, ""move_vy"": 0.0, ""kick_power"": 1.0, ""kick_dir"": [-0.9996191398559792, -0.027593566927630046]}, {""move_vx"": -4.525483399593904, ""move_vy"": -4.525483399593904, ""kick_power"": 0.0, ""kick_dir"": null}]"
1968,138,default,default,0,11.703908058440499,44.01867485754284,0,A,,33.237461188820234,0.10590460994602757,0.0005167669248427071,"[{""move_vx"": 3.3587572106361017, ""move_vy"": 3.3587572106361008, ""kick_power"": 0.0, ""kick_dir"": null}, {""move_vx"": 6.94684679079123, ""move_vy"": 0.4276910862685758, ""kick_power"": 0.0, ""kick_dir"": null}, {""move_vx"": 3.8183766184073566, ""move_vy"": 3.8183766184073566, ""kick_power"": 0.0, ""kick_dir"": null}, {""move_vx"": 5.9137033988155245, ""move_vy"": -0.5583118401375053, ""kick_power"": 0.0, ""kick_dir"": null}, {""move_vx"": 0.0, ""move_vy"": 0.0, ""kick_power"": 0.9, ""kick_dir"": [-0.9995868053483478, 0.028739281844100628]}, {""move_vx"": 0.0, ""move_vy"": 0.0, ""kick_power"": 0.4, ""kick_dir"": [0.8412551876683398, 0.5406380710780893]}, {""move_vx"": 0.0, ""move_vy"": 0.0, ""kick_power"": 0.65, ""kick_dir"": [0.02236098012843711, 0.9997498731506216]}, {""move_vx"": 0.0, ""move_vy"": 0.0, ""kick_power"": 0.6, ""kick_dir"": [0.9984073631165922, -0.05641546345603151]}, {""move_vx"": -2.258318137365408, ""move_vy"": 4.667357302633518, ""kick_power"": 0.0, ""kick_dir"": null}, {""move_vx"": 0.0, ""move_vy"": 0.0, ""kick_power"": 0.0, ""kick_dir"": null}, {""move_vx"": -5.420033478615989, ""move_vy"": 1.7644367630158517, ""kick_power"": 0.0, ""kick_dir"": null}, {""move_vx"": -0.0, ""move_vy"": 5.0, ""kick_power"": 0.0, ""kick_dir"": null}, {""move_vx"": -4.1012193308819755, ""move_vy"": -4.1012193308819755, ""kick_power"": 0.0, ""kick_dir"": null}, {""move_vx"": -5.051951928675884, ""move_vy"": 1.9072969643838966, ""kick_power"": 0.0, ""kick_dir"": null}, {""move_vx"": -5.145085113475441, ""move_vy"": -1.6395423675810914, ""kick_power"": 0.0, ""kick_dir"": null}, {""move_vx"": 4.1012193308819755, ""move_vy"": -4.1012193308819755, ""kick_power"": 0.0, ""kick_dir"": null}, {""move_vx"": -7.4922171243237266, ""move_vy"": 0.3415882931107478, ""kick_power"": 0.0, ""kick_dir"": null}, {""move_vx"": 6.0, ""move_vy"": 0.0, ""kick_power"": 0.0, ""kick_dir"": null}, {""move_vx"": 4.242640687119285, ""move_vy"": -4.242640687119285, ""kick_power"": 0.0, ""kick_dir"": null}, {""move_vx"": -0.0, ""move_vy"": 0.0, ""kick_power"": 0.65, ""kick_dir"": [0.9694913921156023, 0.24512485814594315]}, {""move_vx"": -0.0, ""move_vy"": 0.0, ""kick_power"": 1.0, ""kick_dir"": [-0.9996191398559792, -0.027593566927630046]}, {""move_vx"": -4.525483399593904, ""move_vy"": -4.525483399593904, ""kick_power"": 0.0, ""kick_dir"": null}]"
1968,139,default,default,0,11.927825205816239,44.242592004918585,0,A,,33.270756784992415,0.11180334522198487,0.0014047642849989769,"[{""move_vx"": 3.3587572106361, ""move_vy"": 3.3587572106361008, ""kick_power"": 0.0, ""kick_dir"": null}, {""move_vx"": 6.9466311865758, ""move_vy"": 0.4311788001426936, ""kick_power"": 0.0, ""kick_dir"": null}, {""move_vx"": 3.8183766184073566, ""move_vy"": 3.8183766184073566, ""kick_power"": 0.0, ""kick_dir"": null}, {""move_vx"": 5.913703398815525, ""move_vy"": -0.5583118401375056, ""kick_power"": 0.0, ""kick_dir"": null}, {""move_vx"": -5.8, ""move_vy"": 0.0, ""kick_power"": 0.0, ""kick_dir"": null}, {""move_vx"": 0.0, ""move_vy"": 0.0, ""kick_power"": 0.4, ""kick_dir"": [0.8412551876683398, 0.5406380710780893]}, {""move_vx"": 0.0, ""move_vy"": 0.0, ""kick_power"": 0.65, ""kick_dir"": [0.02236098012843711, 0.9997498731506216]}, {""move_vx"": 0.0, ""move_vy"": 0.0, ""kick_power"": 0.6, ""kick_dir"": [0.9984073631165922, -0.05641546345603151]}, {""move_vx"": -2.258318137365411, ""move_vy"": 4.6673573026335164, ""kick_power"": 0.0, ""kick_dir"": null}, {""move_vx"": 0.0, ""move_vy"": 0.0, ""kick_power"": 0.0, ""kick_dir"": null}, {""move_vx"": -5.404153619340407, ""move_vy"": 1.812491009238382, ""kick_power"": 0.0, ""kick_dir"": null}, {""move_vx"": -0.0, ""move_vy"": 5.0, ""kick_power"": 0.0, ""kick_dir"": null}, {""move_vx"": -4.1012193308819755, ""move_vy"": -4.1012193308819755, ""kick_power"": 0.0, ""kick_dir"": null}, {""move_vx"": -5.051951928675884, ""move_vy"": 1.9072969643838964, ""kick_power"": 0.0, ""kick_dir"": null}, {""move_vx"": -5.3158459401251585, ""move_vy"": 0.9496219989316167, ""kick_power"": 0.0, ""kick_dir"": null}, {""move_vx"": 4.1012193308819755, ""move_vy"": -4.1012193308819755, ""kick_power"": 0.0, ""kick_dir"": null}, {""move_vx"": -7.492217124323727, ""move_vy"": 0.34158829311074934, ""kick_power"": 0.0, ""kick_dir"": null}, {""move_vx"": 6.0, ""move_vy"": 0.0, ""kick_power"": 0.0, ""kick_dir"": null}, {""move_vx"": 4.242640687119285, ""move_vy"": -4.242640687119285, ""kick_power"": 0.0, ""kick_dir"": null}, {""move_vx"": -0.0, ""move_vy"": 0.0, ""kick_power"": 0.65, ""kick_dir"": [0.962763311099668, 0.2703452481417219]}, {""move_vx"": -0.0, ""move_vy"": 0.0, ""kick_power"": 1.0, ""kick_dir"": [-0.9996191398559792, -0.027593566927630046]}, {""move_vx"": -4.525483399593904, ""move_vy"": -4.525483399593904, ""kick_power"": 0.0, ""kick_dir"": null}]"
1968,140,default,default,0,12.15174235319198,44.46650915229433,0,A,,33.30411955630881,0.1114611435350507,0.0037346102473195604,"[{""move_vx"": 3.3587572106361017, ""move_vy"": 3.3587572106361008, ""kick_power"": 0.0, ""kick_dir"": null}, {""move_vx"": 6.946410249593521, ""move_vy"": 0.43472364134249836, ""kick_power"": 0.0, ""kick_dir"": null}, {""move_vx"": 3.8183766184073566, ""move_vy"": 3.8183766184073566, ""kick_power"": 0.0, ""kick_dir"": null}, {""move_vx"": 5.913703398815525, ""move_vy"": -0.5583118401375057, ""kick_power"": 0.0, ""kick_dir"": null}, {""move_vx"": 0.0, ""move_vy"": 0.0, ""kick_power"": 0.9, ""kick_dir"": [-0.9972224511999342, 0.07447877590373332]}, {""move_vx"": 0.0, ""move_vy"": 0.0, ""kick_power"": 0.4, ""kick_dir"": [0.8355652430977697, 0.5493910612260008]}, {""move_vx"": 0.0, ""move_vy"": 0.0, ""kick_power"": 0.65, ""kick_dir"": [0.02236098012843711, 0.9997498731506216]}, {""move_vx"": 0.0, ""move_vy"": 0.0, ""kick_power"": 0.6, ""kick_dir"": [0.9984073631165922, -0.05641546345603151]}, {""move_vx"": -6.1, ""move_vy"": 0.0, ""kick_power"": 0.0, ""kick_dir"": null}, {""move_vx"": 0.0, ""move_vy"": 0.0, ""kick_power"": 0.0, ""kick_dir"": null}, {""move_vx"": -5.3874977930020735, ""move_vy"": 1.8614154642093674, ""kick_power"": 0.0, ""kick_dir"": null}, {""move_vx"": 5.0, ""move_vy"": 0.0, ""kick_power"": 0.0, ""kick_dir"": null}, {""move_vx"": -4.1012193308819755, ""move_vy"": -4.1012193308819755, ""kick_power"": 0.0, ""kick_dir"": null}, {""move_vx"": -5.051951928675883, ""move_vy"": 1.9072969643838957, ""kick_power"": 0.0, ""kick_dir"": null}, {""move_vx"": -5.312833500357029, ""move_vy"": 0.9663333780244144, ""kick_power"": 0.0, ""kick_dir"": null}, {""move_vx"": 4.1012193308819755, ""move_vy"": -4.1012193308819755, ""kick_power"": 0.0, ""kick_dir"": null}, {""move_vx"": -7.492217124323726, ""move_vy"": 0.34158829311075106, ""kick_power"": 0.0, ""kick_dir"": null}, {""move_vx"": -7.489945404243864, ""move_vy"": 0.3882239578468039, ""kick_power"": 0.0, ""kick_dir"": null}, {""move_vx"": 4.242640687119285, ""move_vy"": -4.242640687119285, ""kick_power"": 0.0, ""kick_dir"": null}, {""move_vx"": -0.0, ""move_vy"": 0.0, ""kick_power"": 0.65, ""kick_dir"": [0.954789203804954, 0.29728322037406774]}, {""move_vx"": -0.0, ""move_vy"": 0.0, ""kick_power"": 1.0, ""kick_dir"": [-0.9996191398559792, -0.027593566927630046]}, {""move_vx"": -4.525483399593904, ""move_vy"": -4.525483399593904, ""kick_power"": 0.0, ""kick_dir"": null}]"
1968,141,default,default,0,12.37565950056772,44.69042629967007,0,A,,33.33754950276942,0.1186483316735248,-0.009205162612433824,"[{""move_vx"": 3.3587572106361, ""move_vy"": 3.3587572106361008, ""kick_power"": 0.0, ""kick_dir"": null}, {""move_vx"": 6.946237255181961, ""move_vy"": 0.43747913632785856, ""kick_power"": 0.0, ""kick_dir"": null}, {""move_vx"": 3.8183766184073566, ""move_vy"": 3.8183766184073566, ""kick_power"": 0.0, ""kick_dir"": null}, {""move_vx"": 5.9137033988155245, ""move_vy"": -0.5583118401375058, ""kick_power"": 0.0, ""kick_dir"": null}, {""move_vx"": -5.8, ""move_vy"": 0.0, ""kick_power"": 0.0, ""kick_dir"": null}, {""move_vx"": 0.0, ""move_vy"": 0.0, ""kick_power"": 0.4, ""kick_dir"": [0.8355652430977697, 0.5493910612260008]}, {""move_vx"": 0.0, ""move_vy"": 0.0, ""kick_power"": 0.65, ""kick_dir"": [0.02236098012843711, 0.9997498731506216]}, {""move_vx"": 0.0, ""move_vy"": 0.0, ""kick_power"": 0.6, ""kick_dir"": [0.9984073631165922, -0.05641546345603151]}, {""move_vx"": -1.9111226746494612, ""move_vy"": 4.819941402386618, ""kick_power"": 0.0, ""kick_dir"": null}, {""move_vx"": 0.0, ""move_vy"": 0.0, ""kick_power"": 0.0, ""kick_dir"": null}, {""move_vx"": -5.370028891327664, ""move_vy"": 1.9112272775120627, ""kick_power"": 0.0, ""kick_dir"": null}, {""move_vx"": 5.0, ""move_vy"": 0.0, ""kick_power"": 0.0, ""kick_dir"": null}, {""move_vx"": -4.1012193308819755, ""move_vy"": -4.1012193308819755, ""kick_power"": 0.0, ""kick_dir"": null}, {""move_vx"": -5.051951928675884, ""move_vy"": 1.9072969643838957, ""kick_power"": 0.0, ""kick_dir"": null}, {""move_vx"": -5.309701091678711, ""move_vy"": 0.9833993680219193, ""kick_power"": 0.0, ""kick_dir"": null}, {""move_vx"": 4.1012193308819755, ""move_vy"": -4.1012193308819755, ""kick_power"": 0.0, ""kick_dir"": null}, {""move_vx"": -7.4922171243237266, ""move_vy"": 0.341588293110753, ""kick_power"": 0.0, ""kick_dir"": null}, {""move_vx"": 6.0, ""move_vy"": 0.0, ""kick_power"": 0.0, ""kick_dir"": null}, {""move_vx"": 4.242640687119285, ""move_vy"": -4.242640687119285, ""kick_power"": 0.0, ""kick_dir"": null}, {""move_vx"": -0.0, ""move_vy"": 0.0, ""kick_power"": 0.65, ""kick_dir"": [0.9453535627391879, 0.3260465735922891]}, {""move_vx"": -0.0, ""move_vy"": 0.0, ""kick_power"": 1.0, ""kick_dir"": [-0.9996191398559792, -0.027593566927630046]}, {""move_vx"": -4.525483399593904, ""move_vy"": -4.525483399593904, ""kick_power"": 0.0, ""kick_dir"": null}]"
1968,142,default,default,0,12.59957664794346,44.914343447045816,0,A,,33.371046624374245,0.11757760743924087,-0.009282583133196461,"[{""move_vx"": 3.3587572106361017, ""move_vy"": 3.3587572106361008, ""kick_power"": 0.0, ""kick_dir"": null}, {""move_vx"": 6.947093566379935, ""move_vy"": 0.4236637581414379, ""kick_power"": 0.0, ""kick_dir"": null}, {""move_vx"": 3.8183766184073566, ""move_vy"": 3.8183766184073566, ""kick_power"": 0.0, ""kick_dir"": null}, {""move_vx"": 5.9137033988155245, ""move_vy"": -0.5583118401375059, ""kick_power"": 0.0, ""kick_dir"": null}, {""move_vx"": -5.8, ""move_vy"": 0.0, ""kick_power"": 0.0, ""kick_dir"": null}, {""move_vx"": 0.0, ""move_vy"": 0.0, ""kick_power"": 0.4, ""kick_dir"": [0.8355652430977697, 0.5493910612260008]}, {""move_vx"": 0.0, ""move_vy"": 0.0, ""kick_power"": 0.65, ""kick_dir"": [0.02236098012843711, 0.9997498731506216]}, {""move_vx"": 4.242640687119285, ""move_vy"": 4.242640687119285, ""kick_power"": 0.0, ""kick_dir"": null}, {""move_vx"": -1.9111226746494603, ""move_vy"": 4.819941402386619, ""kick_power"": 0.0, ""kick_dir"": null}, {""move_vx"": 0.0, ""move_vy"": 0.0, ""kick_power"": 0.0, ""kick_dir"": null}, {""move_vx"": -5.351707912900373, ""move_vy"": 1.9619435300231054, ""kick_power"": 0.0, ""kick_dir"": null}, {""move_vx"": -0.0, ""move_vy"": 0.0, ""kick_power"": 0.0, ""kick_dir"": null}, {""move_vx"": -4.1012193308819755, ""move_vy"": -4.1012193308819755, ""kick_power"": 0.0, ""kick_dir"": null}, {""move_vx"": -5.0519519286758845, ""move_vy"": 1.9072969643838955, ""kick_power"": 0.0, ""kick_dir"": null}, {""move_vx"": -5.305455857449344, ""move_vy"": 1.0060507664409664, ""kick_power"": 0.0, ""kick_dir"": null}, {""move_vx"": 4.1012193308819755, ""move_vy"": -4.1012193308819755, ""kick_power"": 0.0, ""kick_dir"": null}, {""move_vx"": -7.492217124323726, ""move_vy"": 0.3415882931107547, ""kick_power"": 0.0, ""kick_dir"": null}, {""move_vx"": 6.0, ""move_vy"": 0.0, ""kick_power"": 0.0, ""kick_dir"": null}, {""move_vx"": 4.242640687119285, ""move_vy"": -4.242640687119285, ""kick_power"": 0.0, ""kick_dir"": null}, {""move_vx"": -0.0, ""move_vy"": 0.0, ""kick_power"": 0.65, ""kick_dir"": [0.9342054694616029, 0.35673499543480114]}, {""move_vx"": -7.197258419801723, ""move_vy"": -0.19867369879578423, ""kick_power"": 0.0, ""kick_dir"": null}, {""move_vx"": -6.4, ""move_vy"": 0.0, ""kick_power"": 0.0, ""kick_dir"": null}]"
1968,143,default,default,0,12.8234937953192,45.13826059442156,0,A,,33.40461092112328,0.12063872210607422,-0.007527790842248601,"[{""move_vx"": 3.3587572106361, ""move_vy"": 3.3587572106361008, ""kick_power"": 0.0, ""kick_dir"": null}, {""move_vx"": 6.948212970931034, ""move_vy"": 0.40489073907134276, ""kick_power"": 0.0, ""kick_dir"": null}, {""move_vx"": 3.8183766184073566, ""move_vy"": 3.8183766184073566, ""kick_power"": 0.0, ""kick_dir"": null}, {""move_vx"": 3.8183766184073566, ""move_vy"": -3.8183766184073566, ""kick_power"": 0.0, ""kick_dir"": null}, {""move_vx"": -5.8, ""move_vy"": 0.0, ""kick_power"": 0.0, ""kick_dir"": null}, {""move_vx"": 0.0, ""move_vy"": 0.0, ""kick_power"": 0.4, ""kick_dir"": [0.8221227617092148, 0.5693100921701287]}, {""move_vx"": 0.0, ""move_vy"": 0.0, ""kick_power"": 0.65, ""kick_dir"": [0.02236098012843711, 0.9997498731506216]}, {""move_vx"": 0.0, ""move_vy"": 0.0, ""kick_power"": 0.6, ""kick_dir"": [0.9981752813901469, -0.06038273614764014]}, {""move_vx"": -1.9111226746494592, ""move_vy"": 4.81994140238662, ""kick_power"": 0.0, ""kick_dir"": null}, {""move_vx"": 0.0, ""move_vy"": 0.0, ""kick_power"": 0.0, ""kick_dir"": null}, {""move_vx"": -5.3324938697996265, ""move_vy"": 2.013581170092082, ""kick_power"": 0.0, ""kick_dir"": null}, {""move_vx"": -0.0, ""move_vy"": 0.0, ""kick_power"": 0.0, ""kick_dir"": null}, {""move_vx"": -4.1012193308819755, ""move_vy"": -4.1012193308819755, ""kick_power"": 0.0, ""kick_dir"": null}, {""move_vx"": -5.057931210366405, ""move_vy"": 1.8913835864788082, ""kick_power"": 0.0, ""kick_dir"": null}, {""move_vx"": -5.299997597819522, ""move_vy"": 1.0344203512631143, ""kick_power"": 0.0, ""kick_dir"": null}, {""move_vx"": 4.1012193308819755, ""move_vy"": -4.1012193308819755, ""kick_power"": 0.0, ""kick_dir"": null}, {""move_vx"": -7.4922171243237266, ""move_vy"": 0.34158829311075667, ""kick_power"": 0.0, ""kick_dir"": null}, {""move_vx"": 6.0, ""move_vy"": 0.0, ""kick_power"": 0.0, ""kick_dir"": null}, {""move_vx"": -0.0, ""move_vy"": 0.0, ""kick_power"": 0.0, ""kick_dir"": null}, {""move_vx"": -0.0, ""move_vy"": 0.0, ""kick_power"": 0.65, ""kick_dir"": [0.9229751437183599, 0.38485919175098965]}, {""move_vx"": -7.197258419801723, ""move_vy"": -0.1986736987957878, ""kick_power"": 0.0, ""kick_dir"": null}, {""move_vx"": -4.525483399593904, ""move_vy"": -4.525483399593904, ""kick_power"": 0.0, ""kick_dir"": null}]"
1968,144,default,default,0,13.04741094269494,45.362177741797304,0,A,,33.43824239301652,0.11948849439934893,-0.004961134327447584,"[{""move_vx"": 3.3587572106361017, ""move_vy"": 3.3587572106361008, ""kick_power"": 0.0, ""kick_dir"": null}, {""move_vx"": 6.949596657770484, ""move_vy"": 0.38040280533312454, ""kick_power"": 0.0, ""kick_dir"": null}, {""move_vx"": 3.8183766184073566, ""move_vy"": 3.8183766184073566, ""kick_power"": 0.0, ""kick_dir"": null}, {""move_vx"": 5.4, ""move_vy"": 0.0, ""kick_power"": 0.0, ""kick_dir"": null}, {""move_vx"": -5.8, ""move_vy"": 0.0, ""kick_power"": 0.0, ""kick_dir"": null}, {""move_vx"": 0.0, ""move_vy"": 0.0, ""kick_power"": 0.4, ""kick_dir"": [0.8117040337959736, 0.5840688100337967]}, {""move_vx"": 0.0, ""move_vy"": 0.0, ""kick_power"": 0.65, ""kick_dir"": [0.02236098012843711, 0.9997498731506216]}, {""move_vx"": 0.0, ""move_vy"": 0.0, ""kick_power"": 0.6, ""kick_dir"": [0.9982262972901174, -0.05953340804786557]}, {""move_vx"": -1.911122674649458, ""move_vy"": 4.81994140238662, ""kick_power"": 0.0, ""kick_dir"": null}, {""move_vx"": 0.0, ""move_vy"": 0.0, ""kick_power"": 0.0, ""kick_dir"": null}, {""move_vx"": -5.312343691242646, ""move_vy"": 2.0661569413078102, ""kick_power"": 0.0, ""kick_dir"": null}, {""move_vx"": -0.0, ""move_vy"": 0.0, ""kick_power"": 0.0, ""kick_dir"": null}, {""move_vx"": -4.1012193308819755, ""move_vy"": -4.1012193308819755, ""kick_power"": 0.0, ""kick_dir"": null}, {""move_vx"": -5.062726916827833, ""move_vy"": 1.8785090272945073, ""kick_power"": 0.0, ""kick_dir"": null}, {""move_vx"": -5.2929007322150134, ""move_vy"": 1.0701410369282103, ""kick_power"": 0.0, ""kick_dir"": null}, {""move_vx"": 4.1012193308819755, ""move_vy"": -4.1012193308819755, ""kick_power"": 0.0, ""kick_dir"": null}, {""move_vx"": -7.492217124323726, ""move_vy"": 0.34158829311075883, ""kick_power"": 0.0, ""kick_dir"": null}, {""move_vx"": 6.0, ""move_vy"": 0.0, ""kick_power"": 0.0, ""kick_dir"": null}, {""move_vx"": -6.0, ""move_vy"": 0.0, ""kick_power"": 0.0, ""kick_dir"": null}, {""move_vx"": -0.0, ""move_vy"": 0.0, ""kick_power"": 0.65, ""kick_dir"": [0.9093447599472632, 0.41604304604309716]}, {""move_vx"": -7.197258419801723, ""move_vy"": -0.19867369879579172, ""kick_power"": 0.0, ""kick_dir"": null}, {""move_vx"": -4.525483399593904, ""move_vy"": -4.525483399593904, ""kick_power"": 0.0, ""kick_dir"": null}]"
1968,145,default,default,0,13.27132809007068,45.58609488917305,0,A,,33.471941040053984,0.11974788502225923,0.001413337327682424,"[{""move_vx"": 3.3587572106361, ""move_vy"": 3.3587572106361008, ""kick_power"": 0.0, ""kick_dir"": null}, {""move_vx"": 6.951065736364759, ""move_vy"": 0.35254096036607874, ""kick_power"": 0.0, ""kick_dir"": null}, {""move_vx"": 3.8183766184073566, ""move_vy"": 3.8183766184073566, ""kick_power"": 0.0, ""kick_dir"": null}, {""move_vx"": 5.4, ""move_vy"": 0.0, ""kick_power"": 0.0, ""kick_dir"": null}, {""move_vx"": -5.8, ""move_vy"": 0.0, ""kick_power"": 0.0, ""kick_dir"": null}, {""move_vx"": 0.0, ""move_vy"": 0.0, ""kick_power"": 0.0, ""kick_dir"": null}, {""move_vx"": 0.0, ""move_vy"": 0.0, ""kick_power"": 0.0, ""kick_dir"": null}, {""move_vx"": 0.0, ""move_vy"": 0.0, ""kick_power"": 0.6, ""kick_dir"": [0.9982857674265312, -0.05852771899478565]}, {""move_vx"": -1.9111226746494563, ""move_vy"": 4.819941402386621, ""kick_power"": 0.0, ""kick_dir"": null}, {""move_vx"": 0.0, ""move_vy"": 0.0, ""kick_power"": 0.0, ""kick_dir"": null}, {""move_vx"": -5.282770855871635, ""move_vy"": 2.1406382422897305, ""kick_power"": 0.0, ""kick_dir"": null}, {""move_vx"": -0.0, ""move_vy"": 0.0, ""kick_power"": 0.0, ""kick_dir"": null}, {""move_vx"": -4.1012193308819755, ""move_vy"": -4.1012193308819755, ""kick_power"": 0.0, ""kick_dir"": null}, {""move_vx"": -5.067711951563698, ""move_vy"": 1.8650189210778678, ""kick_power"": 0.0, ""kick_dir"": null}, {""move_vx"": -5.284215757617124, ""move_vy"": 1.1122337105801496, ""kick_power"": 0.0, ""kick_dir"": null}, {""move_vx"": 4.1012193308819755, ""move_vy"": -4.1012193308819755, ""kick_power"": 0.0, ""kick_dir"": null}, {""move_vx"": -7.492217124323725, ""move_vy"": 0.34158829311076117, ""kick_power"": 0.0, ""kick_dir"": null}, {""move_vx"": -7.493941482531961, ""move_vy"": 0.3013985009695563, ""kick_power"": 0.0, ""kick_dir"": null}, {""move_vx"": -4.7815257884017415, ""move_vy"": 2.5093846127784203, ""kick_power"": 0.0, ""kick_dir"": null}, {""move_vx"": -0.0, ""move_vy"": 0.0, ""kick_power"": 0.65, ""kick_dir"": [0.8929967565315596, 0.45006276927397987]}, {""move_vx"": -7.197258419801723, ""move_vy"": -0.198673698795796, ""kick_power"": 0.0, ""kick_dir"": null}, {""move_vx"": -4.525483399593904, ""move_vy"": -4.525483399593904, ""kick_power"": 0.0, ""kick_dir"": null}]"
1968,146,default,default,0,13.49524523744642,45.81001203654879,0,A,,33.505706862235655,0.11780582257926128,-0.013541794145222353,"[{""move_vx"": 3.3587572106361017, ""move_vy"": 3.3587572106361008, ""kick_power"": 0.0, ""kick_dir"": null}, {""move_vx"": 0.0, ""move_vy"": 0.0, ""kick_power"": 0.0, ""kick_dir"": null}, {""move_vx"": 3.8183766184073566, ""move_vy"": 3.8183766184073566, ""kick_power"": 0.0, ""kick_dir"": null}, {""move_vx"": 5.4, ""move_vy"": 0.0, ""kick_power"": 0.0, ""kick_dir"": null}, {""move_vx"": -5.8, ""move_vy"": 0.0, ""kick_power"": 0.0, ""kick_dir"": null}, {""move_vx"": 0.0, ""move_vy"": 0.0, ""kick_power"": 0.4, ""kick_dir"": [0.802209595056085, 0.5970423556149141]}, {""move_vx"": 0.0, ""move_vy"": 0.0, ""kick_power"": 0.65, ""kick_dir"": [0.02236098012843711, 0.9997498731506216]}, {""move_vx"": 0.0, ""move_vy"": 0.0, ""kick_power"": 0.6, ""kick_dir"": [0.9983488388110545, -0.057441826491222175]}, {""move_vx"": -1.9111226746494545, ""move_vy"": 4.819941402386622, ""kick_power"": 0.0, ""kick_dir"": null}, {""move_vx"": 0.0, ""move_vy"": 0.0, ""kick_power"": 0.0, ""kick_dir"": null}, {""move_vx"": 5.5280988854089355, ""move_vy"": -2.332407064202236, ""kick_power"": 0.0, ""kick_dir"": null}, {""move_vx"": -0.0, ""move_vy"": 0.0, ""kick_power"": 0.0, ""kick_dir"": null}, {""move_vx"": -4.1012193308819755, ""move_vy"": -4.1012193308819755, ""kick_power"": 0.0, ""kick_dir"": null}, {""move_vx"": -5.0725824712108745, ""move_vy"": 1.8517308316178642, ""kick_power"": 0.0, ""kick_dir"": null}, {""move_vx"": -5.275489936326886, ""move_vy"": 1.1529119358015851, ""kick_power"": 0.0, ""kick_dir"": null}, {""move_vx"": 4.1012193308819755, ""move_vy"": -4.1012193308819755, ""kick_power"": 0.0, ""kick_dir"": null}, {""move_vx"": -7.492217124323726, ""move_vy"": 0.3415882931107634, ""kick_power"": 0.0, ""kick_dir"": null}, {""move_vx"": 6.0, ""move_vy"": 0.0, ""kick_power"": 0.0, ""kick_dir"": null}, {""move_vx"": 4.242640687119285, ""move_vy"": -4.242640687119285, ""kick_power"": 0.0, ""kick_dir"": null}, {""move_vx"": -0.0, ""move_vy"": 0.0, ""kick_power"": 0.65, ""kick_dir"": [0.8735407209517323, 0.48675076435843523]}, {""move_vx"": -7.197258419801723, ""move_vy"": -0.19867369879580069, ""kick_power"": 0.0, ""kick_dir"": null}, {""move_vx"": -4.525483399593904, ""move_vy"": -4.525483399593904, ""kick_power"": 0.0, ""kick_dir"": null}]"
1968,147,default,default,0,12.300362384819577,44.920832179895115,0,A,,33.535836791561536,-0.08350536106638627,-0.014390455232500375,"[{""move_vx"": -3.853093919574576, ""move_vy"": -2.3245789397087444, ""kick_power"": 0.0, ""kick_dir"": null}, {""move_vx"": -7.1298941340505, ""move_vy"": 2.452796289387334, ""kick_power"": 0.0, ""kick_dir"": null}, {""move_vx"": 0.0, ""move_vy"": 0.0, ""kick_power"": 0.4, ""kick_dir"": [0.9739264997543298, -0.2268636959427821]}, {""move_vx"": 5.4, ""move_vy"": 0.0, ""kick_power"": 0.0, ""kick_dir"": null}, {""move_vx"": 0.0, ""move_vy"": 0.0, ""kick_power"": 0.9, ""kick_dir"": [-0.8529086753468004, 0.5220596209039322]}, {""move_vx"": 0.0, ""move_vy"": 0.0, ""kick_power"": 0.4, ""kick_dir"": [0.8026506088260563, 0.5964493333613082]}, {""move_vx"": 0.0, ""move_vy"": 0.0, ""kick_power"": 0.65, ""kick_dir"": [0.02236098012843711, 0.9997498731506216]}, {""move_vx"": 0.0, ""move_vy"": 0.0, ""kick_power"": 0.6, ""kick_dir"": [0.9984086026671976, -0.05639352392538139]}, {""move_vx"": -1.9111226746494523, ""move_vy"": 4.819941402386623, ""kick_power"": 0.0, ""kick_dir"": null}, {""move_vx"": 0.0, ""move_vy"": 0.0, ""kick_power"": 0.0, ""kick_dir"": null}, {""move_vx"": -5.235911351355845, ""move_vy"": 2.252827627836404, ""kick_power"": 0.0, ""kick_dir"": null}, {""move_vx"": -0.0, ""move_vy"": 0.0, ""kick_power"": 0.0, ""kick_dir"": null}, {""move_vx"": -4.1012193308819755, ""move_vy"": -4.1012193308819755, ""kick_power"": 0.0, ""kick_dir"": null}, {""move_vx"": -5.076925988575586, ""move_vy"": 1.839788712468311, ""kick_power"": 0.0, ""kick_dir"": null}, {""move_vx"": -5.270253701971615, ""move_vy"": 1.1766162997572682, ""kick_power"": 0.0, ""kick_dir"": null}, {""move_vx"": 4.1012193308819755, ""move_vy"": -4.1012193308819755, ""kick_power"": 0.0, ""kick_dir"": null}, {""move_vx"": -7.492217124323726, ""move_vy"": 0.34158829311076566, ""kick_power"": 0.0, ""kick_dir"": null}, {""move_vx"": 6.0, ""move_vy"": 0.0, ""kick_power"": 0.0, ""kick_dir"": null}, {""move_vx"": -6.0, ""move_vy"": 0.0, ""kick_power"": 0.0, ""kick_dir"": null}, {""move_vx"": -0.0, ""move_vy"": 0.0, ""kick_power"": 0.65, ""kick_dir"": [0.8507126637804727, 0.5256307210857979]}, {""move_vx"": -0.0, ""move_vy"": 0.0, ""kick_power"": 1.0, ""kick_dir"": [-0.9996191179941782, -0.027593566324158107]}, {""move_vx"": -4.525483399593904, ""move_vy"": -4.525483399593904, ""kick_power"": 0.0, ""kick_dir"": null}]"
1968,148,default,default,0,12.043489456847938,44.7658602505812,0,A,,33.56805646193498,0.036743185092093365,0.0018613160898085348,"[{""move_vx"": -3.853093919574576, ""move_vy"": -2.3245789397087444, ""kick_power"": 0.0, ""kick_dir"": null}, {""move_vx"": 6.952781925880528, ""move_vy"": 0.31689665689159613, ""kick_power"": 0.0, ""kick_dir"": null}, {""move_vx"": 3.8183766184073566, ""move_vy"": 3.8183766184073566, ""kick_power"": 0.0, ""kick_dir"": null}, {""move_vx"": 0.0, ""move_vy"": 0.0, ""kick_power"": 0.0, ""kick_dir"": null}, {""move_vx"": 0.0, ""move_vy"": 0.0, ""kick_power"": 0.4, ""kick_dir"": [0.9973378236583034, -0.0729194186756795]}, {""move_vx"": 0.0, ""move_vy"": 0.0, ""kick_power"": 0.4, ""kick_dir"": [0.7982542535825641, 0.6023204735282807]}, {""move_vx"": -5.04578487231165, ""move_vy"": 0.741656943843249, ""kick_power"": 0.0, ""kick_dir"": null}, {""move_vx"": 0.0, ""move_vy"": 0.0, ""kick_power"": 0.6, ""kick_dir"": [0.998442604285623, -0.055788290788905986]}, {""move_vx"": -1.9111226746494492, ""move_vy"": 4.819941402386624, ""kick_power"": 0.0, ""kick_dir"": null}, {""move_vx"": 0.0, ""move_vy"": 0.0, ""kick_power"": 0.0, ""kick_dir"": null}, {""move_vx"": 5.527975163206434, ""move_vy"": -2.332700279712935, ""kick_power"": 0.0, ""kick_dir"": null}, {""move_vx"": -0.0, ""move_vy"": 0.0, ""kick_power"": 0.0, ""kick_dir"": null}, {""move_vx"": -5.8, ""move_vy"": 0.0, ""kick_power"": 0.0, ""kick_dir"": null}, {""move_vx"": -5.080369697564424, ""move_vy"": 1.830257833221636, ""kick_power"": 0.0, ""kick_dir"": null}, {""move_vx"": -5.136214316929266, ""move_vy"": -1.66712401775358, ""kick_power"": 0.0, ""kick_dir"": null}, {""move_vx"": -5.467349954917022, ""move_vy"": -0.684240067862758, ""kick_power"": 0.0, ""kick_dir"": null}, {""move_vx"": -7.492217124323725, ""move_vy"": 0.3415882931107684, ""kick_power"": 0.0, ""kick_dir"": null}, {""move_vx"": 6.0, ""move_vy"": 0.0, ""kick_power"": 0.0, ""kick_dir"": null}, {""move_vx"": -4.867331788619993, ""move_vy"": 2.3386066919192072, ""kick_power"": 0.0, ""kick_dir"": null}, {""move_vx"": -0.0, ""move_vy"": 0.0, ""kick_power"": 0.65, ""kick_dir"": [0.8231644214378206, 0.567802799918429]}, {""move_vx"": -0.0, ""move_vy"": 0.0, ""kick_power"": 1.0, ""kick_dir"": [-0.9996191179941782, -0.027593566324158107]}, {""move_vx"": -4.525483399593904, ""move_vy"": -4.525483399593904, ""kick_power"": 0.0, ""kick_dir"": null}]"
1968,149,default,default,0,11.7866165288763,44.61088832126728,0,A,,33.60019907043003,0.017085703907957668,0.0015831094813458396,"[{""move_vx"": -3.8530939195745764, ""move_vy"": -2.3245789397087444, ""kick_power"": 0.0, ""kick_dir"": null}, {""move_vx"": 6.952725828119637, ""move_vy"": 0.3181250681698852, ""kick_power"": 0.0, ""kick_dir"": null}, {""move_vx"": 3.8183766184073566, ""move_vy"": 3.8183766184073566, ""kick_power"": 0.0, ""kick_dir"": null}, {""move_vx"": 5.4, ""move_vy"": 0.0, ""kick_power"": 0.0, ""kick_dir"": null}, {""move_vx"": 0.0, ""move_vy"": 0.0, ""kick_power"": 0.4, ""kick_dir"": [0.9971973547803781, -0.07481585170095881]}, {""move_vx"": 0.0, ""move_vy"": 0.0, ""kick_power"": 0.4, ""kick_dir"": [0.7933108153451637, 0.6088166852668868]}, {""move_vx"": 4.242640687119285, ""move_vy"": -4.242640687119285, ""kick_power"": 0.0, ""kick_dir"": null}, {""move_vx"": 7.488465849290911, ""move_vy"": -0.4157874745633408, ""kick_power"": 0.0, ""kick_dir"": null}, {""move_vx"": -1.9111226746494454, ""move_vy"": 4.819941402386625, ""kick_power"": 0.0, ""kick_dir"": null}, {""move_vx"": 0.0, ""move_vy"": 0.0, ""kick_power"": 0.0, ""kick_dir"": null}, {""move_vx"": 5.527975163206433, ""move_vy"": -2.3327002797129355, ""kick_power"": 0.0, ""kick_dir"": null}, {""move_vx"": -0.0, ""move_vy"": 0.0, ""kick_power"": 0.0, ""kick_dir"": null}, {""move_vx"": -5.8, ""move_vy"": 0.0, ""kick_power"": 0.0, ""kick_dir"": null}, {""move_vx"": -5.082887031806593, ""move_vy"": 1.8232551719088492, ""kick_power"": 0.0, ""kick_dir"": null}, {""move_vx"": -5.1366927652095855, ""move_vy"": -1.665649253547547, ""kick_power"": 0.0, ""kick_dir"": null}, {""move_vx"": -5.4662125789539475, ""move_vy"": -0.6932676551560955, ""kick_power"": 0.0, ""kick_dir"": null}, {""move_vx"": -7.492217124323726, ""move_vy"": 0.34158829311077127, ""kick_power"": 0.0, ""kick_dir"": null}, {""move_vx"": 6.0, ""move_vy"": 0.0, ""kick_power"": 0.0, ""kick_dir"": null}, {""move_vx"": -4.90435946397702, ""move_vy"": 2.259924389907556, ""kick_power"": 0.0, ""kick_dir"": null}, {""move_vx"": -0.0, ""move_vy"": 0.0, ""kick_power"": 0.65, ""kick_dir"": [0.7917096922456522, 0.6108972417913192]}, {""move_vx"": -0.0, ""move_vy"": 0.0, ""kick_power"": 1.0, ""kick_dir"": [-0.9996191179941782, -0.027593566324158107]}, {""move_vx"": -4.525483399593904, ""move_vy"": -4.525483399593904, ""kick_power"": 0.0, ""kick_dir"": null}]"
1968,150,default,default,0,11.529743600904661,44.455916391953366,0,A,,33.63226461704669,0.03403786666777433,-0.0023108646346332077,"[{""move_vx"": -3.853093919574576, ""move_vy"": -2.3245789397087444, ""kick_power"": 0.0, ""kick_dir"": null}, {""move_vx"": 6.9526017670629106, ""move_vy"": 0.3208249813117513, ""kick_power"": 0.0, ""kick_dir"": null}, {""move_vx"": 3.8183766184073566, ""move_vy"": 3.8183766184073566, ""kick_power"": 0.0, ""kick_dir"": null}, {""move_vx"": 0.0, ""move_vy"": 0.0, ""kick_power"": 0.0, ""kick_dir"": null}, {""move_vx"": 0.0, ""move_vy"": 0.0, ""kick_power"": 0.4, ""kick_dir"": [0.9970528559477629, -0.0767175235518397]}, {""move_vx"": 0.0, ""move_vy"": 0.0, ""kick_power"": 0.4, ""kick_dir"": [0.8096186375596856, 0.5869561096713605]}, {""move_vx"": 0.0, ""move_vy"": 0.0, ""kick_power"": 0.6, ""kick_dir"": [0.9760615363443008, 0.21749443687206113]}, {""move_vx"": -5.184278140764004, ""move_vy"": 2.3692319766533023, ""kick_power"": 0.0, ""kick_dir"": null}, {""move_vx"": -1.91112267464944, ""move_vy"": 4.819941402386627, ""kick_power"": 0.0, ""kick_dir"": null}, {""move_vx"": 0.0, ""move_vy"": 0.0, ""kick_power"": 0.0, ""kick_dir"": null}, {""move_vx"": 5.527975163206433, ""move_vy"": -2.332700279712936, ""kick_power"": 0.0, ""kick_dir"": null}, {""move_vx"": -0.0, ""move_vy"": 0.0, ""kick_power"": 0.0, ""kick_dir"": null}, {""move_vx"": -5.8, ""move_vy"": 0.0, ""kick_power"": 0.0, ""kick_dir"": null}, {""move_vx"": -5.0853703786571955, ""move_vy"": 1.8163171837198397, ""kick_power"": 0.0, ""kick_dir"": null}, {""move_vx"": -5.1366927652095855, ""move_vy"": -1.6656492535475464, ""kick_power"": 0.0, ""kick_dir"": null}, {""move_vx"": -5.465063149746082, ""move_vy"": -0.7022711508295243, ""kick_power"": 0.0, ""kick_dir"": null}, {""move_vx"": -7.492217124323725, ""move_vy"": 0.34158829311077404, ""kick_power"": 0.0, ""kick_dir"": null}, {""move_vx"": 6.0, ""move_vy"": 0.0, ""kick_power"": 0.0, ""kick_dir"": null}, {""move_vx"": -0.0, ""move_vy"": 0.0, ""kick_power"": 0.4, ""kick_dir"": [0.9176238751365304, -0.39744935954216315]}, {""move_vx"": -0.0, ""move_vy"": 0.0, ""kick_power"": 0.65, ""kick_dir"": [0.7555203553104618, 0.6551249211753459]}, {""move_vx"": -0.0, ""move_vy"": 0.0, ""kick_power"": 1.0, ""kick_dir"": [-0.9996191179941782, -0.027593566324158107]}, {""move_vx"": -4.525483399593904, ""move_vy"": -4.525483399593904, ""kick_power"": 0.0, ""kick_dir"": null}]"
1968,151,default,default,0,11.272870672933022,44.30094446263945,0,A,,33.66425310178495,0.017294641868692725,0.0006319455247488968,"[{""move_vx"": -3.853093919574576, ""move_vy"": -2.3245789397087444, ""kick_power"": 0.0, ""kick_dir"": null}, {""move_vx"": 6.95247450898139, ""move_vy"": 0.3235710153335314, ""kick_power"": 0.0, ""kick_dir"": null}, {""move_vx"": 3.8183766184073566, ""move_vy"": 3.8183766184073566, ""kick_power"": 0.0, ""kick_dir"": null}, {""move_vx"": 3.8183766184073566, ""move_vy"": -3.8183766184073566, ""kick_power"": 0.0, ""kick_dir"": null}, {""move_vx"": 0.22249499920661223, ""move_vy"": 5.505505969057526, ""kick_power"": 0.0, ""kick_dir"": null}, {""move_vx"": 0.0, ""move_vy"": 0.0, ""kick_power"": 0.4, ""kick_dir"": [0.7908617751297708, 0.611994658721114]}, {""move_vx"": 4.242640687119285, ""move_vy"": -4.242640687119285, ""kick_power"": 0.0, ""kick_dir"": null}, {""move_vx"": 7.487810461776686, ""move_vy"": -0.42742775823244333, ""kick_power"": 0.0, ""kick_dir"": null}, {""move_vx"": -1.911122674649432, ""move_vy"": 4.81994140238663, ""kick_power"": 0.0, ""kick_dir"": null}, {""move_vx"": 0.0, ""move_vy"": 0.0, ""kick_power"": 0.0, ""kick_dir"": null}, {""move_vx"": 6.0, ""move_vy"": 0.0, ""kick_power"": 0.0, ""kick_dir"": null}, {""move_vx"": -0.0, ""move_vy"": 0.0, ""kick_power"": 0.7, ""kick_dir"": [-0.9821437760017837, -0.18813174633760352]}, {""move_vx"": -5.8, ""move_vy"": 0.0, ""kick_power"": 0.0, ""kick_dir"": null}, {""move_vx"": -5.086336962398566, ""move_vy"": 1.8136086416143176, ""kick_power"": 0.0, ""kick_dir"": null}, {""move_vx"": -5.136692765209586, ""move_vy"": -1.665649253547546, ""kick_power"": 0.0, ""kick_dir"": null}, {""move_vx"": -5.463901783015451, ""move_vy"": -0.7112505223622549, ""kick_power"": 0.0, ""kick_dir"": null}, {""move_vx"": -7.492217124323726, ""move_vy"": 0.3415882931107773, ""kick_power"": 0.0, ""kick_dir"": null}, {""move_vx"": 6.0, ""move_vy"": 0.0, ""kick_power"": 0.0, ""kick_dir"": null}, {""move_vx"": -0.0, ""move_vy"": 0.0, ""kick_power"": 0.0, ""kick_dir"": null}, {""move_vx"": -0.0, ""move_vy"": 0.0, ""kick_power"": 0.65, ""kick_dir"": [0.7180510323447443, 0.6959902124948181]}, {""move_vx"": -1.638437554137487, ""move_vy"": 5.459443413132145, ""kick_power"": 0.0, ""kick_dir"": null}, {""move_vx"": -4.525483399593904, ""move_vy"": -4.525483399593904, ""kick_power"": 0.0, ""kick_dir"": null}]"
1968,152,default,default,0,10.90183199919621,44.07709612029713,0,A,,33.69586655204838,0.0030782114059776638,-0.001350079535227386,"[{""move_vx"": -5.565580106052168, ""move_vy"": -3.35772513513485, ""kick_power"": 0.0, ""kick_dir"": null}, {""move_vx"": 6.952343943217758, ""move_vy"": 0.3263643595789026, ""kick_power"": 0.0, ""kick_dir"": null}, {""move_vx"": 3.8183766184073566, ""move_vy"": 3.8183766184073566, ""kick_power"": 0.0, ""kick_dir"": null}, {""move_vx"": 0.0, ""move_vy"": 0.0, ""kick_power"": 0.0, ""kick_dir"": null}, {""move_vx"": -0.010678488418545564, ""move_vy"": -5.5099896524299465, ""kick_power"": 0.0, ""kick_dir"": null}, {""move_vx"": 0.0, ""move_vy"": 0.0, ""kick_power"": 0.4, ""kick_dir"": [0.8089377099198182, 0.587894206312593]}, {""move_vx"": 4.242640687119285, ""move_vy"": -4.242640687119285, ""kick_power"": 0.0, ""kick_dir"": null}, {""move_vx"": 7.487810461776687, ""move_vy"": -0.42742775823244405, ""kick_power"": 0.0, ""kick_dir"": null}, {""move_vx"": -1.9111226746494203, ""move_vy"": 4.819941402386636, ""kick_power"": 0.0, ""kick_dir"": null}, {""move_vx"": 0.0, ""move_vy"": 0.0, ""kick_power"": 0.0, ""kick_dir"": null}, {""move_vx"": 5.520549592060324, ""move_vy"": -2.3502196071011294, ""kick_power"": 0.0, ""kick_dir"": null}, {""move_vx"": -0.0, ""move_vy"": 5.0, ""kick_power"": 0.0, ""kick_dir"": null}, {""move_vx"": -5.8, ""move_vy"": 0.0, ""kick_power"": 0.0, ""kick_dir"": null}, {""move_vx"": -5.086336962398567, ""move_vy"": 1.8136086416143167, ""kick_power"": 0.0, ""kick_dir"": null}, {""move_vx"": -5.136692765209586, ""move_vy"": -1.6656492535475456, ""kick_power"": 0.0, ""kick_dir"": null}, {""move_vx"": -5.462728594272793, ""move_vy"": -0.7202057381848553, ""kick_power"": 0.0, ""kick_dir"": null}, {""move_vx"": -7.492217124323724, ""move_vy"": 0.3415882931107807, ""kick_power"": 0.0, ""kick_dir"": null}, {""move_vx"": 6.0, ""move_vy"": 0.0, ""kick_power"": 0.0, ""kick_dir"": null}, {""move_vx"": -5.005761924949943, ""move_vy"": 2.0254252765089724, ""kick_power"": 0.0, ""kick_dir"": null}, {""move_vx"": -0.0, ""move_vy"": 0.0, ""kick_power"": 0.65, ""kick_dir"": [0.6778322118918151, 0.7352163930427952]}, {""move_vx"": -0.0, ""move_vy"": 0.0, ""kick_power"": 1.0, ""kick_dir"": [-0.9977390618070691, -0.06720527048547124]}, {""move_vx"": -4.525483399593904, ""move_vy"": -4.525483399593904, ""kick_power"": 0.0, ""kick_dir"": null}]"
1968,153,default,default,0,10.644959071224571,43.92212419098321,0,A,,33.72766666330613,0.012500213286271118,-0.0005208123528434457,"[{""move_vx"": -3.853093919574576, ""move_vy"": -2.3245789397087453, ""kick_power"": 0.0, ""kick_dir"": null}, {""move_vx"": 6.952209954291599, ""move_vy"": 0.3292062445470782, ""kick_power"": 0.0, ""kick_dir"": null}, {""move_vx"": 3.8183766184073566, ""move_vy"": 3.8183766184073566, ""kick_power"": 0.0, ""kick_dir"": null}, {""move_vx"": 5.915045806751818, ""move_vy"": -0.5439054182739362, ""kick_power"": 0.0, ""kick_dir"": null}, {""move_vx"": -0.34718335744080636, ""move_vy"": 5.499051165093495, ""kick_power"": 0.0, ""kick_dir"": null}, {""move_vx"": 0.0, ""move_vy"": 0.0, ""kick_power"": 0.4, ""kick_dir"": [0.8251134809984104, 0.5649668717670092]}, {""move_vx"": 4.242640687119285, ""move_vy"": -4.242640687119285, ""kick_power"": 0.0, ""kick_dir"": null}, {""move_vx"": 7.487810461776686, ""move_vy"": -0.4274277582324447, ""kick_power"": 0.0, ""kick_dir"": null}, {""move_vx"": -1.9111226746493981, ""move_vy"": 4.819941402386643, ""kick_power"": 0.0, ""kick_dir"": null}, {""move_vx"": 0.0, ""move_vy"": 0.0, ""kick_power"": 0.0, ""kick_dir"": null}, {""move_vx"": 6.0, ""move_vy"": 0.0, ""kick_power"": 0.0, ""kick_dir"": null}, {""move_vx"": -0.0, ""move_vy"": 5.0, ""kick_power"": 0.0, ""kick_dir"": null}, {""move_vx"": -0.0, ""move_vy"": -5.8, ""kick_power"": 0.0, ""kick_dir"": null}, {""move_vx"": -5.086336962398567, ""move_vy"": 1.8136086416143151, ""kick_power"": 0.0, ""kick_dir"": null}, {""move_vx"": -4.616649589179959, ""move_vy"": 2.801168786546881, ""kick_power"": 0.0, ""kick_dir"": null}, {""move_vx"": -5.461015269473131, ""move_vy"": -0.7330840515120366, ""kick_power"": 0.0, ""kick_dir"": null}, {""move_vx"": -7.492217124323726, ""move_vy"": 0.34158829311078415, ""kick_power"": 0.0, ""kick_dir"": null}, {""move_vx"": 6.0, ""move_vy"": 0.0, ""kick_power"": 0.0, ""kick_dir"": null}, {""move_vx"": -5.04940157055416, ""move_vy"": 1.9140386044396256, ""kick_power"": 0.0, ""kick_dir"": null}, {""move_vx"": -0.0, ""move_vy"": 0.0, ""kick_power"": 0.65, ""kick_dir"": [0.633295347811655, 0.7739099730538607]}, {""move_vx"": -1.9408592336839345, ""move_vy"": 5.35939039770605, ""kick_power"": 0.0, ""kick_dir"": null}, {""move_vx"": -6.4, ""move_vy"": 0.0, ""kick_power"": 0.0, ""kick_dir"": null}]"
1968,154,default,default,0,10.273920397487759,43.69827584864089,0,A,,34.35909174008904,0.5936013477585915,-0.0027941907623777024,"[{""move_vx"": -5.565580106052168, ""move_vy"": -3.35772513513485, ""kick_power"": 0.0, ""kick_dir"": null}, {""move_vx"": 6.952072421645262, ""move_vy"": 0.3320979436843609, ""kick_power"": 0.0, ""kick_dir"": null}, {""move_vx"": 3.8183766184073566, ""move_vy"": 3.8183766184073566, ""kick_power"": 0.0, ""kick_dir"": null}, {""move_vx"": 5.4, ""move_vy"": 0.0, ""kick_power"": 0.0, ""kick_dir"": null}, {""move_vx"": -0.5222002452611796, ""move_vy"": -5.485198893736595, ""kick_power"": 0.0, ""kick_dir"": null}, {""move_vx"": 0.0, ""move_vy"": 0.0, ""kick_power"": 0.4, ""kick_dir"": [0.839608416431309, 0.5431919880157443]}, {""move_vx"": 4.242640687119285, ""move_vy"": -4.242640687119285, ""kick_power"": 0.0, ""kick_dir"": null}, {""move_vx"": 7.487810461776686, ""move_vy"": -0.4274277582324454, ""kick_power"": 0.0, ""kick_dir"": null}, {""move_vx"": -1.9111226746493473, ""move_vy"": 4.819941402386664, ""kick_power"": 0.0, ""kick_dir"": null}, {""move_vx"": 0.0, ""move_vy"": 0.0, ""kick_power"": 0.0, ""kick_dir"": null}, {""move_vx"": 5.512891755063468, ""move_vy"": -2.3681267907257917, ""kick_power"": 0.0, ""kick_dir"": null}, {""move_vx"": -0.0, ""move_vy"": 0.0, ""kick_power"": 0.7, ""kick_dir"": [-0.9799809693106645, -0.19909106123529885]}, {""move_vx"": -5.8, ""move_vy"": 0.0, ""kick_power"": 0.0, ""kick_dir"": null}, {""move_vx"": -5.086336962398567, ""move_vy"": 1.813608641614314, ""kick_power"": 0.0, ""kick_dir"": null}, {""move_vx"": -5.12429220554265, ""move_vy"": -1.7034169754393207, ""kick_power"": 0.0, ""kick_dir"": null}, {""move_vx"": -4.1012193308819755, ""move_vy"": -4.1012193308819755, ""kick_power"": 0.0, ""kick_dir"": null}, {""move_vx"": -7.492217124323726, ""move_vy"": 0.3415882931107806, ""kick_power"": 0.0, ""kick_dir"": null}, {""move_vx"": 6.0, ""move_vy"": 0.0, ""kick_power"": 0.0, ""kick_dir"": null}, {""move_vx"": -5.0779965075526405, ""move_vy"": 1.8368319110041582, ""kick_power"": 0.0, ""kick_dir"": null}, {""move_vx"": -0.0, ""move_vy"": 0.0, ""kick_power"": 0.65, ""kick_dir"": [0.5844501420629042, 0.8114293981827094]}, {""move_vx"": -0.0, ""move_vy"": 0.0, ""kick_power"": 1.0, ""kick_dir"": [-0.9942640122222124, -0.10695258541585063]}, {""move_vx"": -4.525483399593904, ""move_vy"": -4.525483399593904, ""kick_power"": 0.0, ""kick_dir"": null}]"
1968,155,default,default,0,9.902881723750946,43.47442750629857,0,A,,34.990405505269834,0.5992064447552554,-0.0025232513363258814,"[{""move_vx"": -5.565580106052168, ""move_vy"": -3.35772513513485, ""kick_power"": 0.0, ""kick_dir"": null}, {""move_vx"": 6.951931219373977, ""move_vy"": 0.3350407752698794, ""kick_power"": 0.0, ""kick_dir"": null}, {""move_vx"": 3.8183766184073566, ""move_vy"": 3.8183766184073566, ""kick_power"": 0.0, ""kick_dir"": null}, {""move_vx"": 0.0, ""move_vy"": 0.0, ""kick_power"": 0.0, ""kick_dir"": null}, {""move_vx"": 0.0, ""move_vy"": 0.0, ""kick_power"": 0.4, ""kick_dir"": [-0.9999962718969547, -0.0026731169438043685]}, {""move_vx"": 0.0, ""move_vy"": 0.0, ""kick_power"": 0.4, ""kick_dir"": [0.8526174299618735, 0.5225355037506078]}, {""move_vx"": 4.242640687119285, ""move_vy"": -4.242640687119285, ""kick_power"": 0.0, ""kick_dir"": null}, {""move_vx"": 0.0, ""move_vy"": 0.0, ""kick_power"": 0.0, ""kick_dir"": null}, {""move_vx"": -1.911122674649237, ""move_vy"": 4.819941402386708, ""kick_power"": 0.0, ""kick_dir"": null}, {""move_vx"": 0.0, ""move_vy"": 0.0, ""kick_power"": 0.0, ""kick_dir"": null}, {""move_vx"": 6.0, ""move_vy"": 0.0, ""kick_power"": 0.0, ""kick_dir"": null}, {""move_vx"": -0.0, ""move_vy"": 5.0, ""kick_power"": 0.0, ""kick_dir"": null}, {""move_vx"": -0.0, ""move_vy"": -5.8, ""kick_power"": 0.0, ""kick_dir"": null}, {""move_vx"": -5.086336962398567, ""move_vy"": 1.8136086416143125, ""kick_power"": 0.0, ""kick_dir"": null}, {""move_vx"": -4.597744338217214, ""move_vy"": 2.8320923361344623, ""kick_power"": 0.0, ""kick_dir"": null}, {""move_vx"": -7.527589397465042, ""move_vy"": -0.43243249550869367, ""kick_power"": 0.0, ""kick_dir"": null}, {""move_vx"": -7.492217124323725, ""move_vy"": 0.34158829311078454, ""kick_power"": 0.0, ""kick_dir"": null}, {""move_vx"": 6.0, ""move_vy"": 0.0, ""kick_power"": 0.0, ""kick_dir"": null}, {""move_vx"": -5.116960730111448, ""move_vy"": 1.7253153006037236, ""kick_power"": 0.0, ""kick_dir"": null}, {""move_vx"": -0.0, ""move_vy"": 0.0, ""kick_power"": 0.65, ""kick_dir"": [0.5314625548461951, 0.8470815684574335]}, {""move_vx"": -2.2531486868468558, ""move_vy"": 5.235773199343176, ""kick_power"": 0.0, ""kick_dir"": null}, {""move_vx"": -6.4, ""move_vy"": 0.0, ""kick_power"": 0.0, ""kick_dir"": null}]"
1968,156,default,default,0,9.531843050014134,43.250579163956246,0,A,,35.62160795884851,0.5866654458416449,-0.007247037683205032,"[{""move_vx"": -5.565580106052168, ""move_vy"": -3.35772513513485, ""kick_power"": 0.0, ""kick_dir"": null}, {""move_vx"": 6.951786215939122, ""move_vy"": 0.33803610440132253, ""kick_power"": 0.0, ""kick_dir"": null}, {""move_vx"": 3.8183766184073566, ""move_vy"": 3.8183766184073566, ""kick_power"": 0.0, ""kick_dir"": null}, {""move_vx"": 5.914670851983888, ""move_vy"": -0.5479678026054136, ""kick_power"": 0.0, ""kick_dir"": null}, {""move_vx"": 0.0, ""move_vy"": 0.0, ""kick_power"": 0.4, ""kick_dir"": [-0.9985901306368926, -0.05307983417641057]}, {""move_vx"": 0.0, ""move_vy"": 0.0, ""kick_power"": 0.4, ""kick_dir"": [0.8526174299618735, 0.5225355037506078]}, {""move_vx"": 4.242640687119285, ""move_vy"": -4.242640687119285, ""kick_power"": 0.0, ""kick_dir"": null}, {""move_vx"": 7.487810461776685, ""move_vy"": -0.4274277582324461, ""kick_power"": 0.0, ""kick_dir"": null}, {""move_vx"": 1.9111226746491978, ""move_vy"": -4.819941402386723, ""kick_power"": 0.0, ""kick_dir"": null}, {""move_vx"": 0.0, ""move_vy"": 0.0, ""kick_power"": 0.0, ""kick_dir"": null}, {""move_vx"": 5.50499075249846, ""move_vy"": -2.386436006874359, ""kick_power"": 0.0, ""kick_dir"": null}, {""move_vx"": -0.0, ""move_vy"": 0.0, ""kick_power"": 0.7, ""kick_dir"": [-0.9793475037215137, -0.20218411875205666]}, {""move_vx"": 4.872707300497361, ""move_vy"": -0.7494154813451018, ""kick_power"": 0.0, ""kick_dir"": null}, {""move_vx"": -5.086336962398569, ""move_vy"": 1.8136086416143113, ""kick_power"": 0.0, ""kick_dir"": null}, {""move_vx"": -4.597744338217214, ""move_vy"": 2.8320923361344623, ""kick_power"": 0.0, ""kick_dir"": null}, {""move_vx"": -7.526247646863702, ""move_vy"": -0.45518826663105405, ""kick_power"": 0.0, ""kick_dir"": null}, {""move_vx"": -7.492217124323725, ""move_vy"": 0.3415882931107804, ""kick_power"": 0.0, ""kick_dir"": null}, {""move_vx"": 6.0, ""move_vy"": 0.0, ""kick_power"": 0.0, ""kick_dir"": null}, {""move_vx"": -5.153015050451444, ""move_vy"": 1.6144460008996606, ""kick_power"": 0.0, ""kick_dir"": null}, {""move_vx"": -0.0, ""move_vy"": 0.0, ""kick_power"": 0.65, ""kick_dir"": [0.47467452595248794, 0.8801611901612122]}, {""move_vx"": -0.0, ""move_vy"": 0.0, ""kick_power"": 1.0, ""kick_dir"": [-0.9891719198672266, -0.14676066211776595]}, {""move_vx"": -6.4, ""move_vy"": 0.0, ""kick_power"": 0.0, ""kick_dir"": null}]"
1968,157,default,default,0,9.160804376277321,43.026730821613924,0,A,,36.25269910082506,0.5945608456924317,-0.01044388135882712,"[{""move_vx"": -5.565580106052168, ""move_vy"": -3.35772513513485, ""kick_power"": 0.0, ""kick_dir"": null}, {""move_vx"": 0.0, ""move_vy"": 0.0, ""kick_power"": 0.4, ""kick_dir"": [0.9987984394250158, 0.04900651414371105]}, {""move_vx"": 5.4, ""move_vy"": 0.0, ""kick_power"": 0.0, ""kick_dir"": null}, {""move_vx"": 5.914670851983888, ""move_vy"": -0.5479678026054132, ""kick_power"": 0.0, ""kick_dir"": null}, {""move_vx"": -4.1012193308819755, ""move_vy"": -4.1012193308819755, ""kick_power"": 0.0, ""kick_dir"": null}, {""move_vx"": 0.0, ""move_vy"": 0.0, ""kick_power"": 0.4, ""kick_dir"": [0.8643128272994539, 0.5029544478364318]}, {""move_vx"": 4.242640687119285, ""move_vy"": -4.242640687119285, ""kick_power"": 0.0, ""kick_dir"": null}, {""move_vx"": 7.487810461776686, ""move_vy"": -0.42742775823244694, ""kick_power"": 0.0, ""kick_dir"": null}, {""move_vx"": -0.9854215989014168, ""move_vy"": 5.090497939535833, ""kick_power"": 0.0, ""kick_dir"": null}, {""move_vx"": 0.0, ""move_vy"": 0.0, ""kick_power"": 0.0, ""kick_dir"": null}, {""move_vx"": 6.0, ""move_vy"": 0.0, ""kick_power"": 0.0, ""kick_dir"": null}, {""move_vx"": -0.0, ""move_vy"": 5.0, ""kick_power"": 0.0, ""kick_dir"": null}, {""move_vx"": -0.0, ""move_vy"": -5.8, ""kick_power"": 0.0, ""kick_dir"": null}, {""move_vx"": -5.03593158328227, ""move_vy"": -0.9779023921129008, ""kick_power"": 0.0, ""kick_dir"": null}, {""move_vx"": -4.597744338217214, ""move_vy"": 2.8320923361344628, ""kick_power"": 0.0, ""kick_dir"": null}, {""move_vx"": -7.524842842686935, ""move_vy"": -0.47784955044784877, ""kick_power"": 0.0, ""kick_dir"": null}, {""move_vx"": -7.492217124323725, ""move_vy"": 0.34158829311078465, ""kick_power"": 0.0, ""kick_dir"": null}, {""move_vx"": 6.0, ""move_vy"": 0.0, ""kick_power"": 0.0, ""kick_dir"": null}, {""move_vx"": 4.242640687119285, ""move_vy"": -4.242640687119285, ""kick_power"": 0.0, ""kick_dir"": null}, {""move_vx"": -0.0, ""move_vy"": 0.0, ""kick_power"": 0.65, ""kick_dir"": [0.41460851065046783, 0.9099996737094388]}, {""move_vx"": -2.6298002510993896, ""move_vy"": 5.057089146862806, ""kick_power"": 0.0, ""kick_dir"": null}, {""move_vx"": -6.4, ""move_vy"": 0.0, ""kick_power"": 0.0, ""kick_dir"": null}]"
1968,158,default,default,0,8.789765702540508,42.8028824792716,0,A,,36.88367893119949,0.5925978743999677,-0.01388558074876422,"[{""move_vx"": -5.565580106052168, ""move_vy"": -3.35772513513485, ""kick_power"": 0.0, ""kick_dir"": null}, {""move_vx"": 6.951720922766842, ""move_vy"": 0.33937621007624114, ""kick_power"": 0.0, ""kick_dir"": null}, {""move_vx"": 3.8183766184073566, ""move_vy"": 3.8183766184073566, ""kick_power"": 0.0, ""kick_dir"": null}, {""move_vx"": 5.914670851983888, ""move_vy"": -0.5479678026054129, ""kick_power"": 0.0, ""kick_dir"": null}, {""move_vx"": -4.1012193308819755, ""move_vy"": -4.1012193308819755, ""kick_power"": 0.0, ""kick_dir"": null}, {""move_vx"": -5.9530261233709725, ""move_vy"": 2.363367295716596, ""kick_power"": 0.0, ""kick_dir"": null}, {""move_vx"": 4.242640687119285, ""move_vy"": -4.242640687119285, ""kick_power"": 0.0, ""kick_dir"": null}, {""move_vx"": 7.487810461776686, ""move_vy"": -0.42742775823244766, ""kick_power"": 0.0, ""kick_dir"": null}, {""move_vx"": 0.985421598901294, ""move_vy"": -5.090497939535858, ""kick_power"": 0.0, ""kick_dir"": null}, {""move_vx"": 0.0, ""move_vy"": 0.0, ""kick_power"": 0.0, ""kick_dir"": null}, {""move_vx"": 5.4968350005475255, ""move_vy"": -2.4051621518632977, ""kick_power"": 0.0, ""kick_dir"": null}, {""move_vx"": -0.0, ""move_vy"": 0.0, ""kick_power"": 0.7, ""kick_dir"": [-0.9787023753201881, -0.2052842212778908]}, {""move_vx"": -0.0, ""move_vy"": -5.8, ""kick_power"": 0.0, ""kick_dir"": null}, {""move_vx"": -5.031596266981655, ""move_vy"": -0.9999695025830896, ""kick_power"": 0.0, ""kick_dir"": null}, {""move_vx"": -4.597744338217213, ""move_vy"": 2.8320923361344628, ""kick_power"": 0.0, ""kick_dir"": null}, {""move_vx"": -7.523375827767029, ""move_vy"": -0.5004159811304566, ""kick_power"": 0.0, ""kick_dir"": null}, {""move_vx"": -7.492217124323725, ""move_vy"": 0.3415882931107806, ""kick_power"": 0.0, ""kick_dir"": null}, {""move_vx"": 6.0, ""move_vy"": 0.0, ""kick_power"": 0.0, ""kick_dir"": null}, {""move_vx"": 4.242640687119285, ""move_vy"": -4.242640687119285, ""kick_power"": 0.0, ""kick_dir"": null}, {""move_vx"": -0.0, ""move_vy"": 0.0, ""kick_power"": 0.65, ""kick_dir"": [0.36447582702741044, 0.9312126399010762]}, {""move_vx"": -0.0, ""move_vy"": 0.0, ""kick_power"": 1.0, ""kick_dir"": [-0.9824702158719165, -0.18641902004915267]}, {""move_vx"": -6.4, ""move_vy"": 0.0, ""kick_power"": 0.0, ""kick_dir"": null}]"
1968,159,default,default,0,8.418727028803696,42.57903413692928,0,A,,37.5145474499718,0.5840879023497703,0.004176619369385782,"[{""move_vx"": -5.565580106052168, ""move_vy"": -3.35772513513485, ""kick_power"": 0.0, ""kick_dir"": null}, {""move_vx"": 6.951570195624708, ""move_vy"": 0.34244972667861995, ""kick_power"": 0.0, ""kick_dir"": null}, {""move_vx"": 3.8183766184073566, ""move_vy"": 3.8183766184073566, ""kick_power"": 0.0, ""kick_dir"": null}, {""move_vx"": 5.914670851983888, ""move_vy"": -0.5479678026054126, ""kick_power"": 0.0, ""kick_dir"": null}, {""move_vx"": -4.1012193308819755, ""move_vy"": -4.1012193308819755, ""kick_power"": 0.0, ""kick_dir"": null}, {""move_vx"": 0.0, ""move_vy"": 0.0, ""kick_power"": 0.4, ""kick_dir"": [-0.8139089810471801, 0.5809922925965251]}, {""move_vx"": 4.242640687119285, ""move_vy"": -4.242640687119285, ""kick_power"": 0.0, ""kick_dir"": null}, {""move_vx"": 7.487810461776686, ""move_vy"": -0.42742775823244844, ""kick_power"": 0.0, ""kick_dir"": null}, {""move_vx"": -0.45938517878382085, ""move_vy"": 5.164609400285151, ""kick_power"": 0.0, ""kick_dir"": null}, {""move_vx"": 0.0, ""move_vy"": 0.0, ""kick_power"": 0.0, ""kick_dir"": null}, {""move_vx"": 6.0, ""move_vy"": 0.0, ""kick_power"": 0.0, ""kick_dir"": null}, {""move_vx"": -0.0, ""move_vy"": 5.0, ""kick_power"": 0.0, ""kick_dir"": null}, {""move_vx"": -0.0, ""move_vy"": -5.8, ""kick_power"": 0.0, ""kick_dir"": null}, {""move_vx"": -0.0, ""move_vy"": 0.0, ""kick_power"": 0.0, ""kick_dir"": null}, {""move_vx"": -4.597744338217213, ""move_vy"": 2.8320923361344628, ""kick_power"": 0.0, ""kick_dir"": null}, {""move_vx"": -7.521847443938328, ""move_vy"": -0.5228872059234553, ""kick_power"": 0.0, ""kick_dir"": null}, {""move_vx"": -7.492217124323725, ""move_vy"": 0.34158829311078526, ""kick_power"": 0.0, ""kick_dir"": null}, {""move_vx"": -7.497106380953544, ""move_vy"": 0.20831685641262437, ""kick_power"": 0.0, ""kick_dir"": null}, {""move_vx"": -5.208447648689803, ""move_vy"": 1.4255080115024499, ""kick_power"": 0.0, ""kick_dir"": null}, {""move_vx"": -8.31464373634664, ""move_vy"": -0.29849545663475036, ""kick_power"": 0.0, ""kick_dir"": null}, {""move_vx"": -3.0076728124141328, ""move_vy"": 4.841890566035633, ""kick_power"": 0.0, ""kick_dir"": null}, {""move_vx"": -6.4, ""move_vy"": 0.0, ""kick_power"": 0.0, ""kick_dir"": null}]"
1968,160,default,default,0,8.047688355066883,42.35518579458696,0,A,,38.14530465714199,0.5846153441857576,-0.002522863389555832,"[{""move_vx"": -5.565580106052168, ""move_vy"": -3.35772513513485, ""kick_power"": 0.0, ""kick_dir"": null}, {""move_vx"": 6.951415320529325, ""move_vy"": 0.34557928397138016, ""kick_power"": 0.0, ""kick_dir"": null}, {""move_vx"": -3.995259445051124, ""move_vy"": -2.2596464251581008, ""kick_power"": 0.0, ""kick_dir"": null}, {""move_vx"": 5.914670851983888, ""move_vy"": -0.5479678026054123, ""kick_power"": 0.0, ""kick_dir"": null}, {""move_vx"": 0.0, ""move_vy"": 0.0, ""kick_power"": 0.4, ""kick_dir"": [-0.9973372854966898, -0.07292523511101363]}, {""move_vx"": 0.0, ""move_vy"": 0.0, ""kick_power"": 0.4, ""kick_dir"": [-0.8276305213255603, 0.5612731903451037]}, {""move_vx"": 4.242640687119285, ""move_vy"": -4.242640687119285, ""kick_power"": 0.0, ""kick_dir"": null}, {""move_vx"": 7.487810461776686, ""move_vy"": -0.4274277582324492, ""kick_power"": 0.0, ""kick_dir"": null}, {""move_vx"": 0.45938517878397184, ""move_vy"": -5.164609400285138, ""kick_power"": 0.0, ""kick_dir"": null}, {""move_vx"": 0.0, ""move_vy"": 0.0, ""kick_power"": 0.0, ""kick_dir"": null}, {""move_vx"": 5.48841217736927, ""move_vy"": -2.4243208886829946, ""kick_power"": 0.0, ""kick_dir"": null}, {""move_vx"": -0.0, ""move_vy"": 0.0, ""kick_power"": 0.7, ""kick_dir"": [-0.9780466867115003, -0.20838577114472068]}, {""move_vx"": -0.0, ""move_vy"": -5.8, ""kick_power"": 0.0, ""kick_dir"": null}, {""move_vx"": -5.026277834452718, ""move_vy"": -1.02636793153786, ""kick_power"": 0.0, ""kick_dir"": null}, {""move_vx"": -4.597744338217213, ""move_vy"": 2.8320923361344637, ""kick_power"": 0.0, ""kick_dir"": null}, {""move_vx"": -7.520258531871228, ""move_vy"": -0.5452628850545428, ""kick_power"": 0.0, ""kick_dir"": null}, {""move_vx"": -7.492217124323726, ""move_vy"": 0.3415882931107808, ""kick_power"": 0.0, ""kick_dir"": null}, {""move_vx"": 6.0, ""move_vy"": 0.0, ""kick_power"": 0.0, ""kick_dir"": null}, {""move_vx"": -5.23465158519932, ""move_vy"": 1.3260553463450353, ""kick_power"": 0.0, ""kick_dir"": null}, {""move_vx"": -8.314643736346639, ""move_vy"": -0.2984954566347505, ""kick_power"": 0.0, ""kick_dir"": null}, {""move_vx"": -0.0, ""move_vy"": 0.0, ""kick_power"": 1.0, ""kick_dir"": [-0.9741660949301089, -0.22583222157620944]}, {""move_vx"": -6.4, ""move_vy"": 0.0, ""kick_power"": 0.0, ""kick_dir"": null}]"
1968,161,default,default,0,7.676649681330071,42.13133745224464,0,A,,38.77595055271006,0.5757301412578234,-0.003281112701049109,"[{""move_vx"": -5.565580106052168, ""move_vy"": -3.35772513513485, ""kick_power"": 0.0, ""kick_dir"": null}, {""move_vx"": 6.951256144098375, ""move_vy"": 0.3487664248957918, ""kick_power"": 0.0, ""kick_dir"": null}, {""move_vx"": 3.8183766184073566, ""move_vy"": 3.8183766184073566, ""kick_power"": 0.0, ""kick_dir"": null}, {""move_vx"": 5.914670851983888, ""move_vy"": -0.547967802605412, ""kick_power"": 0.0, ""kick_dir"": null}, {""move_vx"": -4.1012193308819755, ""move_vy"": -4.1012193308819755, ""kick_power"": 0.0, ""kick_dir"": null}, {""move_vx"": 0.0, ""move_vy"": 0.0, ""kick_power"": 0.4, ""kick_dir"": [-0.8181464972493213, 0.5750097233309037]}, {""move_vx"": 4.242640687119285, ""move_vy"": -4.242640687119285, ""kick_power"": 0.0, ""kick_dir"": null}, {""move_vx"": 7.487810461776686, ""move_vy"": -0.42742775823245, ""kick_power"": 0.0, ""kick_dir"": null}, {""move_vx"": -0.2081199753308274, ""move_vy"": 5.180821467283764, ""kick_power"": 0.0, ""kick_dir"": null}, {""move_vx"": 5.352501972920655, ""move_vy"": -2.7112216120930603, ""kick_power"": 0.0, ""kick_dir"": null}, {""move_vx"": 6.0, ""move_vy"": 0.0, ""kick_power"": 0.0, ""kick_dir"": null}, {""move_vx"": -0.0, ""move_vy"": 0.0, ""kick_power"": 0.7, ""kick_dir"": [-0.9790393321943731, -0.20367114909835451]}, {""move_vx"": -0.0, ""move_vy"": -5.8, ""kick_power"": 0.0, ""kick_dir"": null}, {""move_vx"": -5.021951785035034, ""move_vy"": -1.0473300667809697, ""kick_power"": 0.0, ""kick_dir"": null}, {""move_vx"": -4.597744338217214, ""move_vy"": 2.8320923361344637, ""kick_power"": 0.0, ""kick_dir"": null}, {""move_vx"": -7.518609930909028, ""move_vy"": -0.5675426916419016, ""kick_power"": 0.0, ""kick_dir"": null}, {""move_vx"": -7.491475893646959, ""move_vy"": 0.3574757822657058, ""kick_power"": 0.0, ""kick_dir"": null}, {""move_vx"": 6.0, ""move_vy"": 0.0, ""kick_power"": 0.0, ""kick_dir"": null}, {""move_vx"": -5.258601947190208, ""move_vy"": 1.2276422772971587, ""kick_power"": 0.0, ""kick_dir"": null}, {""move_vx"": -8.314643736346639, ""move_vy"": -0.29849545663475074, ""kick_power"": 0.0, ""kick_dir"": null}, {""move_vx"": -0.0, ""move_vy"": 0.0, ""kick_power"": 1.0, ""kick_dir"": [-0.9741660949301089, -0.22583222157620944]}, {""move_vx"": -6.4, ""move_vy"": 0.0, ""kick_power"": 0.0, ""kick_dir"": null}]"
1968,162,default,default,0,7.305611007593259,41.907489109902315,0,A,,39.406485136676004,0.5799895956236049,0.004743158499342516,"[{""move_vx"": -5.565580106052168, ""move_vy"": -3.35772513513485, ""kick_power"": 0.0, ""kick_dir"": null}, {""move_vx"": 6.951092505804489, ""move_vy"": 0.3520127494121187, ""kick_power"": 0.0, ""kick_dir"": null}, {""move_vx"": 0.0, ""move_vy"": 5.4, ""kick_power"": 0.0, ""kick_dir"": null}, {""move_vx"": 5.914670851983889, ""move_vy"": -0.5479678026054116, ""kick_power"": 0.0, ""kick_dir"": null}, {""move_vx"": -4.1012193308819755, ""move_vy"": -4.1012193308819755, ""kick_power"": 0.0, ""kick_dir"": null}, {""move_vx"": 0.0, ""move_vy"": 0.0, ""kick_power"": 0.4, ""kick_dir"": [0.9123888012390128, 0.40932449495212603]}, {""move_vx"": 4.242640687119285, ""move_vy"": -4.242640687119285, ""kick_power"": 0.0, ""kick_dir"": null}, {""move_vx"": 7.487810461776686, ""move_vy"": -0.4274277582324508, ""kick_power"": 0.0, ""kick_dir"": null}, {""move_vx"": 0.2081199753309186, ""move_vy"": -5.18082146728376, ""kick_power"": 0.0, ""kick_dir"": null}, {""move_vx"": 5.352501972920654, ""move_vy"": -2.711221612093061, ""kick_power"": 0.0, ""kick_dir"": null}, {""move_vx"": 5.479709164045897, ""move_vy"": -2.4439286972969216, ""kick_power"": 0.0, ""kick_dir"": null}, {""move_vx"": -0.0, ""move_vy"": 0.0, ""kick_power"": 0.7, ""kick_dir"": [-0.9800107168343647, -0.1989445797323831]}, {""move_vx"": -5.8, ""move_vy"": 0.0, ""kick_power"": 0.0, ""kick_dir"": null}, {""move_vx"": -5.04369167460663, ""move_vy"": 1.9290345490695011, ""kick_power"": 0.0, ""kick_dir"": null}, {""move_vx"": -4.597744338217213, ""move_vy"": 2.8320923361344637, ""kick_power"": 0.0, ""kick_dir"": null}, {""move_vx"": -7.5169024789076335, ""move_vy"": -0.5897263115990989, ""kick_power"": 0.0, ""kick_dir"": null}, {""move_vx"": -7.490623664108726, ""move_vy"": 0.3749094860020943, ""kick_power"": 0.0, ""kick_dir"": null}, {""move_vx"": 6.0, ""move_vy"": 0.0, ""kick_power"": 0.0, ""kick_dir"": null}, {""move_vx"": -5.2803648887348436, ""move_vy"": 1.1303745581957625, ""kick_power"": 0.0, ""kick_dir"": null}, {""move_vx"": -8.314643736346639, ""move_vy"": -0.2984954566347509, ""kick_power"": 0.0, ""kick_dir"": null}, {""move_vx"": -3.5559368326358234, ""move_vy"": 4.4548078793932175, ""kick_power"": 0.0, ""kick_dir"": null}, {""move_vx"": -6.4, ""move_vy"": 0.0, ""kick_power"": 0.0, ""kick_dir"": null}]"
1968,163,default,default,0,6.9345723338564484,41.68364076755999,0,A,,40.03690840903983,0.5758355582352206,-0.005022958966492113,"[{""move_vx"": -5.565580106052168, ""move_vy"": -3.35772513513485, ""kick_power"": 0.0, ""kick_dir"": null}, {""move_vx"": 6.9509242375727105, ""move_vy"": 0.355319917151042, ""kick_power"": 0.0, ""kick_dir"": null}, {""move_vx"": 0.0, ""move_vy"": 5.4, ""kick_power"": 0.0, ""kick_dir"": null}, {""move_vx"": 5.914670851983887, ""move_vy"": -0.5479678026054111, ""kick_power"": 0.0, ""kick_dir"": null}, {""move_vx"": -4.1012193308819755, ""move_vy"": -4.1012193308819755, ""kick_power"": 0.0, ""kick_dir"": null}, {""move_vx"": 0.0, ""move_vy"": 0.0, ""kick_power"": 0.4, ""kick_dir"": [0.9183858478374494, 0.3956858667233919]}, {""move_vx"": 4.242640687119285, ""move_vy"": 4.242640687119285, ""kick_power"": 0.0, ""kick_dir"": null}, {""move_vx"": 7.487810461776686, ""move_vy"": -0.42742775823245166, ""kick_power"": 0.0, ""kick_dir"": null}, {""move_vx"": -0.09369364055542008, ""move_vy"": 5.184153402602924, ""kick_power"": 0.0, ""kick_dir"": null}, {""move_vx"": 5.352501972920654, ""move_vy"": -2.7112216120930617, ""kick_power"": 0.0, ""kick_dir"": null}, {""move_vx"": 6.0, ""move_vy"": 0.0, ""kick_power"": 0.0, ""kick_dir"": null}, {""move_vx"": -0.0, ""move_vy"": 0.0, ""kick_power"": 0.0, ""kick_dir"": null}, {""move_vx"": -0.0, ""move_vy"": -5.8, ""kick_power"": 0.0, ""kick_dir"": null}, {""move_vx"": -5.043691674606629, ""move_vy"": 1.9290345490695013, ""kick_power"": 0.0, ""kick_dir"": null}, {""move_vx"": -4.597744338217213, ""move_vy"": 2.8320923361344637, ""kick_power"": 0.0, ""kick_dir"": null}, {""move_vx"": -7.515137012078133, ""move_vy"": -0.6118134435376072, ""kick_power"": 0.0, ""kick_dir"": null}, {""move_vx"": -7.48963715156007, ""move_vy"": 0.3941260432541371, ""kick_power"": 0.0, ""kick_dir"": null}, {""move_vx"": 6.0, ""move_vy"": 0.0, ""kick_power"": 0.0, ""kick_dir"": null}, {""move_vx"": -5.300011374776034, ""move_vy"": 1.0343497605958336, ""kick_power"": 0.0, ""kick_dir"": null}, {""move_vx"": -8.314643736346639, ""move_vy"": -0.2984954566347512, ""kick_power"": 0.0, ""kick_dir"": null}, {""move_vx"": -0.0, ""move_vy"": 0.0, ""kick_power"": 1.0, ""kick_dir"": [-0.9644449715394672, -0.26428330548593726]}, {""move_vx"": -6.4, ""move_vy"": 0.0, ""kick_power"": 0.0, ""kick_dir"": null}]"
1968,164,default,default,0,6.563533660119638,41.45979242521767,0,A,,40.667220369801534,0.5771766638363467,-0.00024171997769296093,"[{""move_vx"": -5.565580106052168, ""move_vy"": -3.35772513513485, ""kick_power"": 0.0, ""kick_dir"": null}, {""move_vx"": 6.950751163351293, ""move_vy"": 0.3586896502140173, ""kick_power"": 0.0, ""kick_dir"": null}, {""move_vx"": 0.0, ""move_vy"": 5.4, ""kick_power"": 0.0, ""kick_dir"": null}, {""move_vx"": 5.914670851983889, ""move_vy"": -0.5479678026054109, ""kick_power"": 0.0, ""kick_dir"": null}, {""move_vx"": -4.1012193308819755, ""move_vy"": -4.1012193308819755, ""kick_power"": 0.0, ""kick_dir"": null}, {""move_vx"": 0.0, ""move_vy"": 0.0, ""kick_power"": 0.4, ""kick_dir"": [0.9238587976102679, 0.382733322771884]}, {""move_vx"": 4.242640687119285, ""move_vy"": 4.242640687119285, ""kick_power"": 0.0, ""kick_dir"": null}, {""move_vx"": 7.487810461776686, ""move_vy"": -0.42742775823245244, ""kick_power"": 0.0, ""kick_dir"": null}, {""move_vx"": 0.09369364055546345, ""move_vy"": -5.184153402602923, ""kick_power"": 0.0, ""kick_dir"": null}, {""move_vx"": 5.352501972920654, ""move_vy"": -2.711221612093063, ""kick_power"": 0.0, ""kick_dir"": null}, {""move_vx"": 5.470711979827984, ""move_vy"": -2.464002928928168, ""kick_power"": 0.0, ""kick_dir"": null}, {""move_vx"": -4.412894789192431, ""move_vy"": -0.8811126939945272, ""kick_power"": 0.0, ""kick_dir"": null}, {""move_vx"": -5.8, ""move_vy"": 0.0, ""kick_power"": 0.0, ""kick_dir"": null}, {""move_vx"": -5.043691674606629, ""move_vy"": 1.9290345490695038, ""kick_power"": 0.0, ""kick_dir"": null}, {""move_vx"": -4.597744338217213, ""move_vy"": 2.832092336134464, ""kick_power"": 0.0, ""kick_dir"": null}, {""move_vx"": -7.513314364832291, ""move_vy"": -0.6338037986670357, ""kick_power"": 0.0, ""kick_dir"": null}, {""move_vx"": -7.488486641680392, ""move_vy"": 0.4154128276477637, ""kick_power"": 0.0, ""kick_dir"": null}, {""move_vx"": 6.0, ""move_vy"": 0.0, ""kick_power"": 0.0, ""kick_dir"": null}, {""move_vx"": -5.317616428601119, ""move_vy"": 0.9396571280373899, ""kick_power"": 0.0, ""kick_dir"": null}, {""move_vx"": -8.31464373634664, ""move_vy"": -0.29849545663475147, ""kick_power"": 0.0, ""kick_dir"": null}, {""move_vx"": -0.0, ""move_vy"": 0.0, ""kick_power"": 1.0, ""kick_dir"": [-0.9644449715394672, -0.26428330548593726]}, {""move_vx"": -6.4, ""move_vy"": 0.0, ""kick_power"": 0.0, ""kick_dir"": null}]"
1968,165,default,default,0,6.192494986382827,41.23594408287535,0,A,,41.29742101896112,0.5781300489379716,-0.013033241637688747,"[{""move_vx"": -5.565580106052168, ""move_vy"": -3.35772513513485, ""kick_power"": 0.0, ""kick_dir"": null}, {""move_vx"": 6.950573098653773, ""move_vy"": 0.3621237361323861, ""kick_power"": 0.0, ""kick_dir"": null}, {""move_vx"": 0.0, ""move_vy"": 5.4, ""kick_power"": 0.0, ""kick_dir"": null}, {""move_vx"": 5.914670851983888, ""move_vy"": -0.5479678026054104, ""kick_power"": 0.0, ""kick_dir"": null}, {""move_vx"": -4.1012193308819755, ""move_vy"": -4.1012193308819755, ""kick_power"": 0.0, ""kick_dir"": null}, {""move_vx"": 0.0, ""move_vy"": 0.0, ""kick_power"": 0.4, ""kick_dir"": [0.9288626576706571, 0.3704241365489578]}, {""move_vx"": 4.242640687119285, ""move_vy"": 4.242640687119285, ""kick_power"": 0.0, ""kick_dir"": null}, {""move_vx"": 7.487810461776686, ""move_vy"": -0.4274277582324533, ""kick_power"": 0.0, ""kick_dir"": null}, {""move_vx"": 7.308253194763469, ""move_vy"": -2.1748701665224908, ""kick_power"": 0.0, ""kick_dir"": null}, {""move_vx"": -5.347638160007293, ""move_vy"": 0.7501773854454792, ""kick_power"": 0.0, ""kick_dir"": null}, {""move_vx"": 5.470711979827983, ""move_vy"": -2.464002928928169, ""kick_power"": 0.0, ""kick_dir"": null}, {""move_vx"": -4.413313999748657, ""move_vy"": -0.879010545797098, ""kick_power"": 0.0, ""kick_dir"": null}, {""move_vx"": -0.0, ""move_vy"": -5.8, ""kick_power"": 0.0, ""kick_dir"": null}, {""move_vx"": -4.984783176790845, ""move_vy"": -1.2119557254219182, ""kick_power"": 0.0, ""kick_dir"": null}, {""move_vx"": -4.597744338217213, ""move_vy"": 2.832092336134464, ""kick_power"": 0.0, ""kick_dir"": null}, {""move_vx"": -7.511435369630934, ""move_vy"": -0.6556971006931381, ""kick_power"": 0.0, ""kick_dir"": null}, {""move_vx"": -7.487133739587767, ""move_vy"": 0.43912226717223424, ""kick_power"": 0.0, ""kick_dir"": null}, {""move_vx"": 4.242640687119285, ""move_vy"": 4.242640687119285, ""kick_power"": 0.0, ""kick_dir"": null}, {""move_vx"": -5.333258393731971, ""move_vy"": 0.846377519601911, ""kick_power"": 0.0, ""kick_dir"": null}, {""move_vx"": 4.525483399593904, ""move_vy"": 4.525483399593904, ""kick_power"": 0.0, ""kick_dir"": null}, {""move_vx"": -0.0, ""move_vy"": 0.0, ""kick_power"": 1.0, ""kick_dir"": [-0.9644449715394672, -0.26428330548593726]}, {""move_vx"": -6.4, ""move_vy"": 0.0, ""kick_power"": 0.0, ""kick_dir"": null}]"
1968,166,default,default,0,5.821456312646016,41.01209574053303,0,A,,41.92751035651858,0.576009099597821,-0.0027612554222456445,"[{""move_vx"": -5.565580106052168, ""move_vy"": -3.35772513513485, ""kick_power"": 0.0, ""kick_dir"": null}, {""move_vx"": 6.950389850070166, ""move_vy"": 0.36562403099581475, ""kick_power"": 0.0, ""kick_dir"": null}, {""move_vx"": 3.8183766184073566, ""move_vy"": -3.8183766184073566, ""kick_power"": 0.0, ""kick_dir"": null}, {""move_vx"": 5.914670851983888, ""move_vy"": -0.5479678026054101, ""kick_power"": 0.0, ""kick_dir"": null}, {""move_vx"": -4.1012193308819755, ""move_vy"": -4.1012193308819755, ""kick_power"": 0.0, ""kick_dir"": null}, {""move_vx"": 0.0, ""move_vy"": 0.0, ""kick_power"": 0.4, ""kick_dir"": [0.9334458781324447, 0.3587180977516098]}, {""move_vx"": -4.242640687119285, ""move_vy"": 4.242640687119285, ""kick_power"": 0.0, ""kick_dir"": null}, {""move_vx"": 7.487810461776686, ""move_vy"": -0.4274277582324542, ""kick_power"": 0.0, ""kick_dir"": null}, {""move_vx"": 7.30937288235634, ""move_vy"": -2.171104112352463, ""kick_power"": 0.0, ""kick_dir"": null}, {""move_vx"": 0.0, ""move_vy"": 6.0, ""kick_power"": 0.0, ""kick_dir"": null}, {""move_vx"": 5.470711979827983, ""move_vy"": -2.4640029289281693, ""kick_power"": 0.0, ""kick_dir"": null}, {""move_vx"": -4.413731550018484, ""move_vy"": -0.876911514562005, ""kick_power"": 0.0, ""kick_dir"": null}, {""move_vx"": -5.8, ""move_vy"": 0.0, ""kick_power"": 0.0, ""kick_dir"": null}, {""move_vx"": -4.980284723724849, ""move_vy"": -1.2303105586122978, ""kick_power"": 0.0, ""kick_dir"": null}, {""move_vx"": -4.597744338217213, ""move_vy"": 2.832092336134464, ""kick_power"": 0.0, ""kick_dir"": null}, {""move_vx"": -7.5095008568353006, ""move_vy"": -0.6774930857137053, ""kick_power"": 0.0, ""kick_dir"": null}, {""move_vx"": -7.485528146167555, ""move_vy"": 0.4656912850090032, ""kick_power"": 0.0, ""kick_dir"": null}, {""move_vx"": -5.092692707909839, ""move_vy"": 3.1724566163782226, ""kick_power"": 0.0, ""kick_dir"": null}, {""move_vx"": -5.347018219336411, ""move_vy"": 0.7545834361318084, ""kick_power"": 0.0, ""kick_dir"": null}, {""move_vx"": 4.525483399593904, ""move_vy"": 4.525483399593904, ""kick_power"": 0.0, ""kick_dir"": null}, {""move_vx"": -0.0, ""move_vy"": 0.0, ""kick_power"": 1.0, ""kick_dir"": [-0.9644449715394672, -0.26428330548593726]}, {""move_vx"": -6.4, ""move_vy"": 0.0, ""kick_power"": 0.0, ""kick_dir"": null}]"
1968,167,default,default,0,5.450417638909205,40.788247398190705,0,A,,42.55748838247392,0.5734795838034932,-0.003636991363048608,"[{""move_vx"": -5.565580106052168, ""move_vy"": -3.35772513513485, ""kick_power"": 0.0, ""kick_dir"": null}, {""move_vx"": 6.950201214744804, ""move_vy"": 0.3691924627614372, ""kick_power"": 0.0, ""kick_dir"": null}, {""move_vx"": 0.0, ""move_vy"": 5.4, ""kick_power"": 0.0, ""kick_dir"": null}, {""move_vx"": 5.914670851983888, ""move_vy"": -0.5479678026054098, ""kick_power"": 0.0, ""kick_dir"": null}, {""move_vx"": -4.1012193308819755, ""move_vy"": -4.1012193308819755, ""kick_power"": 0.0, ""kick_dir"": null}, {""move_vx"": 0.0, ""move_vy"": 0.0, ""kick_power"": 0.4, ""kick_dir"": [0.9376511977785286, 0.3475774956875237]}, {""move_vx"": 4.242640687119285, ""move_vy"": 4.242640687119285, ""kick_power"": 0.0, ""kick_dir"": null}, {""move_vx"": 7.487810461776685, ""move_vy"": -0.42742775823245505, ""kick_power"": 0.0, ""kick_dir"": null}, {""move_vx"": 7.3104953790906935, ""move_vy"": -2.1673214603038535, ""kick_power"": 0.0, ""kick_dir"": null}, {""move_vx"": -5.383921348286483, ""move_vy"": -0.4164023480542119, ""kick_power"": 0.0, ""kick_dir"": null}, {""move_vx"": 5.470711979827982, ""move_vy"": -2.46400292892817, ""kick_power"": 0.0, ""kick_dir"": null}, {""move_vx"": -4.414147444641486, ""move_vy"": -0.8748156016927461, ""kick_power"": 0.0, ""kick_dir"": null}, {""move_vx"": -5.781688025556007, ""move_vy"": -0.46052532519100653, ""kick_power"": 0.0, ""kick_dir"": null}, {""move_vx"": -4.974234944169454, ""move_vy"": -1.2545464201070904, ""kick_power"": 0.0, ""kick_dir"": null}, {""move_vx"": -4.597744338217213, ""move_vy"": 2.8320923361344645, ""kick_power"": 0.0, ""kick_dir"": null}, {""move_vx"": -7.507511654561302, ""move_vy"": -0.6991915021124093, ""kick_power"": 0.0, ""kick_dir"": null}, {""move_vx"": -7.4836029498340455, ""move_vy"": 0.49566812408624766, ""kick_power"": 0.0, ""kick_dir"": null}, {""move_vx"": -5.387599991425707, ""move_vy"": 0.36574079946011184, ""kick_power"": 0.0, ""kick_dir"": null}, {""move_vx"": -5.358978776921433, ""move_vy"": 0.6643391216130997, ""kick_power"": 0.0, ""kick_dir"": null}, {""move_vx"": 4.525483399593904, ""move_vy"": 4.525483399593904, ""kick_power"": 0.0, ""kick_dir"": null}, {""move_vx"": -0.0, ""move_vy"": 0.0, ""kick_power"": 1.0, ""kick_dir"": [-0.9644449715394672, -0.26428330548593726]}, {""move_vx"": -6.4, ""move_vy"": 0.0, ""kick_power"": 0.0, ""kick_dir"": null}]"
1968,168,default,default,0,5.079378965172395,40.564399055848384,0,A,,43.18735509682714,0.5737662986479957,-0.02499141549292214,"[{""move_vx"": -5.565580106052168, ""move_vy"": -3.35772513513485, ""kick_power"": 0.0, ""kick_dir"": null}, {""move_vx"": 6.950006979818279, ""move_vy"": 0.3728310347559617, ""kick_power"": 0.0, ""kick_dir"": null}, {""move_vx"": 0.0, ""move_vy"": 5.4, ""kick_power"": 0.0, ""kick_dir"": null}, {""move_vx"": 5.914670851983888, ""move_vy"": -0.5479678026054094, ""kick_power"": 0.0, ""kick_dir"": null}, {""move_vx"": -4.1012193308819755, ""move_vy"": -4.1012193308819755, ""kick_power"": 0.0, ""kick_dir"": null}, {""move_vx"": 0.0, ""move_vy"": 0.0, ""kick_power"": 0.4, ""kick_dir"": [0.9415163778465623, 0.3369670569211398]}, {""move_vx"": 0.0, ""move_vy"": 0.0, ""kick_power"": 0.65, ""kick_dir"": [-0.5530755453561496, 0.8331309916142728]}, {""move_vx"": 7.487810461776685, ""move_vy"": -0.42742775823245593, ""kick_power"": 0.0, ""kick_dir"": null}, {""move_vx"": 7.3116207061302, ""move_vy"": -2.1635220474236228, ""kick_power"": 0.0, ""kick_dir"": null}, {""move_vx"": -5.367262681869183, ""move_vy"": -0.5937097807973477, ""kick_power"": 0.0, ""kick_dir"": null}, {""move_vx"": 5.470711979827981, ""move_vy"": -2.4640029289281706, ""kick_power"": 0.0, ""kick_dir"": null}, {""move_vx"": -4.41456168825511, ""move_vy"": -0.8727228085653523, ""kick_power"": 0.0, ""kick_dir"": null}, {""move_vx"": -5.8, ""move_vy"": 0.0, ""kick_power"": 0.0, ""kick_dir"": null}, {""move_vx"": -4.966327771929701, ""move_vy"": -1.2854915253550963, ""kick_power"": 0.0, ""kick_dir"": null}, {""move_vx"": -4.597744338217213, ""move_vy"": 2.8320923361344645, ""kick_power"": 0.0, ""kick_dir"": null}, {""move_vx"": -7.505468588536764, ""move_vy"": -0.720792110450692, ""kick_power"": 0.0, ""kick_dir"": null}, {""move_vx"": -0.0, ""move_vy"": -6.0, ""kick_power"": 0.0, ""kick_dir"": null}, {""move_vx"": 6.0, ""move_vy"": 0.0, ""kick_power"": 0.0, ""kick_dir"": null}, {""move_vx"": 6.0, ""move_vy"": 0.0, ""kick_power"": 0.0, ""kick_dir"": null}, {""move_vx"": 4.525483399593904, ""move_vy"": 4.525483399593904, ""kick_power"": 0.0, ""kick_dir"": null}, {""move_vx"": -0.0, ""move_vy"": 0.0, ""kick_power"": 1.0, ""kick_dir"": [-0.9644449715394672, -0.26428330548593726]}, {""move_vx"": -6.4, ""move_vy"": 0.0, ""kick_power"": 0.0, ""kick_dir"": null}]"
1968,169,default,default,0,4.708340291435584,40.34055071350606,0,A,,43.81711049957824,0.5735469474425184,-0.004346316811594325,"[{""move_vx"": -5.565580106052168, ""move_vy"": -3.35772513513485, ""kick_power"": 0.0, ""kick_dir"": null}, {""move_vx"": 6.949806921830575, ""move_vy"": 0.37654182938395686, ""kick_power"": 0.0, ""kick_dir"": null}, {""move_vx"": 0.0, ""move_vy"": 5.4, ""kick_power"": 0.0, ""kick_dir"": null}, {""move_vx"": 5.914670851983888, ""move_vy"": -0.547967802605409, ""kick_power"": 0.0, ""kick_dir"": null}, {""move_vx"": 0.0, ""move_vy"": 0.0, ""kick_power"": 0.0, ""kick_dir"": null}, {""move_vx"": 0.0, ""move_vy"": 0.0, ""kick_power"": 0.4, ""kick_dir"": [0.945074837833475, 0.32685385259841576]}, {""move_vx"": 0.0, ""move_vy"": 0.0, ""kick_power"": 0.65, ""kick_dir"": [-0.5210572587501511, 0.8535216086692073]}, {""move_vx"": 7.487810461776686, ""move_vy"": -0.42742775823245693, ""kick_power"": 0.0, ""kick_dir"": null}, {""move_vx"": 7.3127488849218665, ""move_vy"": -2.1597057082098043, ""kick_power"": 0.0, ""kick_dir"": null}, {""move_vx"": -5.3450702538125405, ""move_vy"": -0.7682603606905337, ""kick_power"": 0.0, ""kick_dir"": null}, {""move_vx"": -5.597045007355558, ""move_vy"": 1.0784651990844254, ""kick_power"": 0.0, ""kick_dir"": null}, {""move_vx"": -4.414974285494606, ""move_vy"": -0.870633136528467, ""kick_power"": 0.0, ""kick_dir"": null}, {""move_vx"": -5.8, ""move_vy"": 0.0, ""kick_power"": 0.0, ""kick_dir"": null}, {""move_vx"": -4.958173612669554, ""move_vy"": -1.316591974237787, ""kick_power"": 0.0, ""kick_dir"": null}, {""move_vx"": -4.597744338217212, ""move_vy"": 2.8320923361344645, ""kick_power"": 0.0, ""kick_dir"": null}, {""move_vx"": -7.503372481961613, ""move_vy"": -0.7422946833577705, ""kick_power"": 0.0, ""kick_dir"": null}, {""move_vx"": -7.4409745179945705, ""move_vy"": 0.9390943629665026, ""kick_power"": 0.0, ""kick_dir"": null}, {""move_vx"": -5.164843292114991, ""move_vy"": -3.0535870329654564, ""kick_power"": 0.0, ""kick_dir"": null}, {""move_vx"": -5.378706354462215, ""move_vy"": 0.4790803194327418, ""kick_power"": 0.0, ""kick_dir"": null}, {""move_vx"": 4.525483399593904, ""move_vy"": 4.525483399593904, ""kick_power"": 0.0, ""kick_dir"": null}, {""move_vx"": -0.0, ""move_vy"": 0.0, ""kick_power"": 1.0, ""kick_dir"": [-0.9644449715394672, -0.26428330548593726]}, {""move_vx"": -6.4, ""move_vy"": 0.0, ""kick_power"": 0.0, ""kick_dir"": null}]"
1968,170,default,default,0,4.337301617698773,40.11670237116374,0,A,,44.44675459072722,0.5714611466989847,-0.0056623077703359045,"[{""move_vx"": -5.565580106052168, ""move_vy"": -3.35772513513485, ""kick_power"": 0.0, ""kick_dir"": null}, {""move_vx"": 6.9496008060823256, ""move_vy"": 0.38032701205657354, ""kick_power"": 0.0, ""kick_dir"": null}, {""move_vx"": 0.0, ""move_vy"": 5.4, ""kick_power"": 0.0, ""kick_dir"": null}, {""move_vx"": 5.914670851983889, ""move_vy"": -0.5479678026054087, ""kick_power"": 0.0, ""kick_dir"": null}, {""move_vx"": 0.0, ""move_vy"": 0.0, ""kick_power"": 0.4, ""kick_dir"": [-0.9697332440812626, -0.24416642437330685]}, {""move_vx"": 0.0, ""move_vy"": 0.0, ""kick_power"": 0.4, ""kick_dir"": [0.9483562059945171, 0.3172071867832615]}, {""move_vx"": 0.0, ""move_vy"": 0.0, ""kick_power"": 0.65, ""kick_dir"": [-0.48667904217112096, 0.8735807396294705]}, {""move_vx"": 7.487810461776685, ""move_vy"": -0.42742775823245777, ""kick_power"": 0.0, ""kick_dir"": null}, {""move_vx"": 7.313879937201508, ""move_vy"": -2.155872274556462, ""kick_power"": 0.0, ""kick_dir"": null}, {""move_vx"": -5.317658624225768, ""move_vy"": -0.939418307356906, ""kick_power"": 0.0, ""kick_dir"": null}, {""move_vx"": -5.604200189526923, ""move_vy"": 1.0406441446077515, ""kick_power"": 0.0, ""kick_dir"": null}, {""move_vx"": -4.415385240992953, ""move_vy"": -0.8685465869034291, ""kick_power"": 0.0, ""kick_dir"": null}, {""move_vx"": -5.8, ""move_vy"": 0.0, ""kick_power"": 0.0, ""kick_dir"": null}, {""move_vx"": -4.970731080739171, ""move_vy"": 2.109936615866362, ""kick_power"": 0.0, ""kick_dir"": null}, {""move_vx"": -4.597744338217212, ""move_vy"": 2.8320923361344654, ""kick_power"": 0.0, ""kick_dir"": null}, {""move_vx"": -7.501224155371059, ""move_vy"": -0.7636990054188478, ""kick_power"": 0.0, ""kick_dir"": null}, {""move_vx"": -7.440974517994571, ""move_vy"": 0.9390943629664984, ""kick_power"": 0.0, ""kick_dir"": null}, {""move_vx"": -4.242640687119285, ""move_vy"": -4.242640687119285, ""kick_power"": 0.0, ""kick_dir"": null}, {""move_vx"": -5.385327795754493, ""move_vy"": 0.39779961321506957, ""kick_power"": 0.0, ""kick_dir"": null}, {""move_vx"": 4.525483399593904, ""move_vy"": 4.525483399593904, ""kick_power"": 0.0, ""kick_dir"": null}, {""move_vx"": -0.0, ""move_vy"": 0.0, ""kick_power"": 1.0, ""kick_dir"": [-0.9644449715394672, -0.26428330548593726]}, {""move_vx"": -6.4, ""move_vy"": 0.0, ""kick_power"": 0.0, ""kick_dir"": null}]"
1968,171,default,default,0,3.9662629439619628,39.89285402882142,0,A,,45.07628737027407,0.5757208266034126,-0.009342513512730915,"[{""move_vx"": -5.565580106052168, ""move_vy"": -3.35772513513485, ""kick_power"": 0.0, ""kick_dir"": null}, {""move_vx"": 6.9493883859507894, ""move_vy"": 0.38418883535609333, ""kick_power"": 0.0, ""kick_dir"": null}, {""move_vx"": 0.0, ""move_vy"": 5.4, ""kick_power"": 0.0, ""kick_dir"": null}, {""move_vx"": 5.914670851983889, ""move_vy"": -0.5479678026054082, ""kick_power"": 0.0, ""kick_dir"": null}, {""move_vx"": 0.0, ""move_vy"": 0.0, ""kick_power"": 0.4, ""kick_dir"": [-0.9656879868064733, -0.25970470143135016]}, {""move_vx"": 0.0, ""move_vy"": 0.0, ""kick_power"": 0.4, ""kick_dir"": [-0.8564948799295704, 0.5161554054922194]}, {""move_vx"": 0.0, ""move_vy"": 0.0, ""kick_power"": 0.65, ""kick_dir"": [-0.4498828243665393, 0.8930874753270815]}, {""move_vx"": 7.487810461776685, ""move_vy"": -0.4274277582324587, ""kick_power"": 0.0, ""kick_dir"": null}, {""move_vx"": -4.944144509072992, ""move_vy"": -2.386532018097261, ""kick_power"": 0.0, ""kick_dir"": null}, {""move_vx"": -5.285405163863029, ""move_vy"": -1.1065677809379932, ""kick_power"": 0.0, ""kick_dir"": null}, {""move_vx"": -5.611057508312072, ""move_vy"": 1.0030122822850778, ""kick_power"": 0.0, ""kick_dir"": null}, {""move_vx"": -4.4157945593807915, ""move_vy"": -0.8664631609843555, ""kick_power"": 0.0, ""kick_dir"": null}, {""move_vx"": -5.8, ""move_vy"": 0.0, ""kick_power"": 0.0, ""kick_dir"": null}, {""move_vx"": -4.970731080739171, ""move_vy"": 2.109936615866363, ""kick_power"": 0.0, ""kick_dir"": null}, {""move_vx"": -4.597744338217213, ""move_vy"": 2.8320923361344654, ""kick_power"": 0.0, ""kick_dir"": null}, {""move_vx"": -7.499024426501725, ""move_vy"": -0.785004873061613, ""kick_power"": 0.0, ""kick_dir"": null}, {""move_vx"": -7.440974517994571, ""move_vy"": 0.9390943629664936, ""kick_power"": 0.0, ""kick_dir"": null}, {""move_vx"": -0.0, ""move_vy"": 0.0, ""kick_power"": 0.0, ""kick_dir"": null}, {""move_vx"": -3.989534869729265, ""move_vy"": 4.481474257787753, ""kick_power"": 0.0, ""kick_dir"": null}, {""move_vx"": 4.525483399593904, ""move_vy"": 4.525483399593904, ""kick_power"": 0.0, ""kick_dir"": null}, {""move_vx"": -0.0, ""move_vy"": 0.0, ""kick_power"": 1.0, ""kick_dir"": [-0.9644449715394672, -0.26428330548593726]}, {""move_vx"": -6.4, ""move_vy"": 0.0, ""kick_power"": 0.0, ""kick_dir"": null}]"
1968,172,default,default,0,3.595224270225152,39.669005686479096,0,A,,45.70570883821881,0.575824780237679,-0.008664794716886805,"[{""move_vx"": -5.565580106052166, ""move_vy"": -3.357725135134852, ""kick_power"": 0.0, ""kick_dir"": null}, {""move_vx"": 6.9491694021568575, ""move_vy"": 0.3881296434529307, ""kick_power"": 0.0, ""kick_dir"": null}, {""move_vx"": 0.0, ""move_vy"": 5.4, ""kick_power"": 0.0, ""kick_dir"": null}, {""move_vx"": 5.914670851983888, ""move_vy"": -0.5479678026054078, ""kick_power"": 0.0, ""kick_dir"": null}, {""move_vx"": 0.0, ""move_vy"": -5.8, ""kick_power"": 0.0, ""kick_dir"": null}, {""move_vx"": 0.0, ""move_vy"": 0.0, ""kick_power"": 0.4, ""kick_dir"": [-0.8488436632300882, 0.5286438462324556]}, {""move_vx"": 0.0, ""move_vy"": 0.0, ""kick_power"": 0.65, ""kick_dir"": [-0.4106459256875907, 0.9117947760611578]}, {""move_vx"": 7.487810461776686, ""move_vy"": -0.42742775823245976, ""kick_power"": 0.0, ""kick_dir"": null}, {""move_vx"": 0.0, ""move_vy"": -6.1, ""kick_power"": 0.0, ""kick_dir"": null}, {""move_vx"": -5.248746334769951, ""move_vy"": -1.269118557597752, ""kick_power"": 0.0, ""kick_dir"": null}, {""move_vx"": -5.61762103813882, ""move_vy"": 0.9655743740697159, ""kick_power"": 0.0, ""kick_dir"": null}, {""move_vx"": -4.416202245286344, ""move_vy"": -0.8643828600382212, ""kick_power"": 0.0, ""kick_dir"": null}, {""move_vx"": -5.8, ""move_vy"": 0.0, ""kick_power"": 0.0, ""kick_dir"": null}, {""move_vx"": -4.970731080739172, ""move_vy"": 2.109936615866363, ""kick_power"": 0.0, ""kick_dir"": null}, {""move_vx"": -4.597744338217213, ""move_vy"": 2.832092336134466, ""kick_power"": 0.0, ""kick_dir"": null}, {""move_vx"": -7.496774110160776, ""move_vy"": -0.8062120944411039, ""kick_power"": 0.0, ""kick_dir"": null}, {""move_vx"": -7.440974517994573, ""move_vy"": 0.9390943629664881, ""kick_power"": 0.0, ""kick_dir"": null}, {""move_vx"": -0.0, ""move_vy"": -6.0, ""kick_power"": 0.0, ""kick_dir"": null}, {""move_vx"": -5.397894905245521, ""move_vy"": 0.1507666804185927, ""kick_power"": 0.0, ""kick_dir"": null}, {""move_vx"": 4.525483399593904, ""move_vy"": 4.525483399593904, ""kick_power"": 0.0, ""kick_dir"": null}, {""move_vx"": -0.0, ""move_vy"": 0.0, ""kick_power"": 1.0, ""kick_dir"": [-0.9644449715394672, -0.26428330548593726]}, {""move_vx"": -0.0, ""move_vy"": -6.4, ""kick_power"": 0.0, ""kick_dir"": null}]"
1968,173,default,default,0,3.2241855964883412,39.445157344136774,0,A,,46.33501899456142,0.5676034586606572,-0.003980895868229362,"[{""move_vx"": -5.565580106052166, ""move_vy"": -3.357725135134852, ""kick_power"": 0.0, ""kick_dir"": null}, {""move_vx"": 6.948943581979039, ""move_vy"": 0.3921518767930653, ""kick_power"": 0.0, ""kick_dir"": null}, {""move_vx"": 0.0, ""move_vy"": 5.4, ""kick_power"": 0.0, ""kick_dir"": null}, {""move_vx"": 5.914670851983889, ""move_vy"": -0.5479678026054075, ""kick_power"": 0.0, ""kick_dir"": null}, {""move_vx"": 0.0, ""move_vy"": 0.0, ""kick_power"": 0.4, ""kick_dir"": [-0.9675398780663654, -0.2527180631656503]}, {""move_vx"": 0.0, ""move_vy"": 0.0, ""kick_power"": 0.4, ""kick_dir"": [-0.8591470106942953, 0.5117287302205085]}, {""move_vx"": 0.0, ""move_vy"": 0.0, ""kick_power"": 0.65, ""kick_dir"": [-0.3689895912880326, 0.9294334120278066]}, {""move_vx"": 0.0, ""move_vy"": 0.0, ""kick_power"": 0.65, ""kick_dir"": [0.9679943322469399, -0.2509714657399034]}, {""move_vx"": 0.0, ""move_vy"": -6.1, ""kick_power"": 0.0, ""kick_dir"": null}, {""move_vx"": -4.369204805163455, ""move_vy"": -2.630598671507415, ""kick_power"": 0.0, ""kick_dir"": null}, {""move_vx"": 4.242640687119285, ""move_vy"": 4.242640687119285, ""kick_power"": 0.0, ""kick_dir"": null}, {""move_vx"": -4.416608303335352, ""move_vy"": -0.8623056853049431, ""kick_power"": 0.0, ""kick_dir"": null}, {""move_vx"": -5.8, ""move_vy"": 0.0, ""kick_power"": 0.0, ""kick_dir"": null}, {""move_vx"": -4.97073108073917, ""move_vy"": 2.109936615866363, ""kick_power"": 0.0, ""kick_dir"": null}, {""move_vx"": -4.597744338217211, ""move_vy"": 2.832092336134466, ""kick_power"": 0.0, ""kick_dir"": null}, {""move_vx"": -7.494474018098023, ""move_vy"": -0.8273204893230137, ""kick_power"": 0.0, ""kick_dir"": null}, {""move_vx"": -7.440974517994573, ""move_vy"": 0.9390943629664839, ""kick_power"": 0.0, ""kick_dir"": null}, {""move_vx"": -0.0, ""move_vy"": 6.0, ""kick_power"": 0.0, ""kick_dir"": null}, {""move_vx"": 4.242640687119285, ""move_vy"": -4.242640687119285, ""kick_power"": 0.0, ""kick_dir"": null}, {""move_vx"": -8.314082631964391, ""move_vy"": -0.31373553969559775, ""kick_power"": 0.0, ""kick_dir"": null}, {""move_vx"": -4.596271312039333, ""move_vy"": -3.3710962647370684, ""kick_power"": 0.0, ""kick_dir"": null}, {""move_vx"": -0.0, ""move_vy"": -6.4, ""kick_power"": 0.0, ""kick_dir"": null}]"
1968,174,default,default,0,2.8531469227515305,39.22130900179445,0,A,,46.96421783930192,0.5677100629656819,-0.004028896618010666,"[{""move_vx"": -5.565580106052166, ""move_vy"": -3.357725135134852, ""kick_power"": 0.0, ""kick_dir"": null}, {""move_vx"": 6.9487106384100175, ""move_vy"": 0.39625807707535304, ""kick_power"": 0.0, ""kick_dir"": null}, {""move_vx"": 0.0, ""move_vy"": 5.4, ""kick_power"": 0.0, ""kick_dir"": null}, {""move_vx"": 5.914670851983888, ""move_vy"": -0.5479678026054069, ""kick_power"": 0.0, ""kick_dir"": null}, {""move_vx"": 0.0, ""move_vy"": 0.0, ""kick_power"": 0.4, ""kick_dir"": [-0.9640199645153295, -0.2658295549069237]}, {""move_vx"": 0.0, ""move_vy"": 0.0, ""kick_power"": 0.4, ""kick_dir"": [-0.8513552579556062, 0.5245894612234024]}, {""move_vx"": 0.0, ""move_vy"": 0.0, ""kick_power"": 0.65, ""kick_dir"": [-0.3249870971582691, 0.9457183348129616]}, {""move_vx"": 7.487810461776685, ""move_vy"": -0.4274277582324607, ""kick_power"": 0.0, ""kick_dir"": null}, {""move_vx"": 0.0, ""move_vy"": -6.1, ""kick_power"": 0.0, ""kick_dir"": null}, {""move_vx"": -5.257540864838059, ""move_vy"": -1.2321785806277779, ""kick_power"": 0.0, ""kick_dir"": null}, {""move_vx"": -5.63531735666806, ""move_vy"": 0.856269986415325, ""kick_power"": 0.0, ""kick_dir"": null}, {""move_vx"": -4.417012738151001, ""move_vy"": -0.8602316379974622, ""kick_power"": 0.0, ""kick_dir"": null}, {""move_vx"": -5.8, ""move_vy"": 0.0, ""kick_power"": 0.0, ""kick_dir"": null}, {""move_vx"": -4.97073108073917, ""move_vy"": 2.109936615866364, ""kick_power"": 0.0, ""kick_dir"": null}, {""move_vx"": -4.597744338217212, ""move_vy"": 2.832092336134466, ""kick_power"": 0.0, ""kick_dir"": null}, {""move_vx"": -7.492124958881008, ""move_vy"": -0.8483298889655251, ""kick_power"": 0.0, ""kick_dir"": null}, {""move_vx"": -7.456091457634227, ""move_vy"": 0.8103703939519883, ""kick_power"": 0.0, ""kick_dir"": null}, {""move_vx"": -5.020792167639106, ""move_vy"": 3.285064079949401, ""kick_power"": 0.0, ""kick_dir"": null}, {""move_vx"": -5.399221020047988, ""move_vy"": 0.09171900932719552, ""kick_power"": 0.0, ""kick_dir"": null}, {""move_vx"": 4.525483399593904, ""move_vy"": 4.525483399593904, ""kick_power"": 0.0, ""kick_dir"": null}, {""move_vx"": -4.535261686855448, ""move_vy"": -3.4527382512639244, ""kick_power"": 0.0, ""kick_dir"": null}, {""move_vx"": -0.0, ""move_vy"": -6.4, ""kick_power"": 0.0, ""kick_dir"": null}]"
1968,175,default,default,0,2.4821082490147197,38.99746065945213,0,A,,47.59330537244029,0.5655760142833981,0.00399198761809843,"[{""move_vx"": -5.565580106052166, ""move_vy"": -3.357725135134852, ""kick_power"": 0.0, ""kick_dir"": null}, {""move_vx"": 6.94847026925093, ""move_vy"": 0.4004508925397725, ""kick_power"": 0.0, ""kick_dir"": null}, {""move_vx"": 0.0, ""move_vy"": 5.4, ""kick_power"": 0.0, ""kick_dir"": null}, {""move_vx"": 5.914670851983888, ""move_vy"": -0.5479678026054066, ""kick_power"": 0.0, ""kick_dir"": null}, {""move_vx"": 0.0, ""move_vy"": 0.0, ""kick_power"": 0.4, ""kick_dir"": [-0.9607378356808056, -0.2774574986331206]}, {""move_vx"": 0.0, ""move_vy"": 0.0, ""kick_power"": 0.4, ""kick_dir"": [-0.8432207004384059, 0.5375674164065354]}, {""move_vx"": 0.0, ""move_vy"": 0.0, ""kick_power"": 0.65, ""kick_dir"": [-0.27877056085755497, 0.9603576173214091]}, {""move_vx"": 7.487810461776685, ""move_vy"": -0.42742775823246176, ""kick_power"": 0.0, ""kick_dir"": null}, {""move_vx"": 0.0, ""move_vy"": -6.1, ""kick_power"": 0.0, ""kick_dir"": null}, {""move_vx"": -5.216610789566888, ""move_vy"": -1.3953393387181259, ""kick_power"": 0.0, ""kick_dir"": null}, {""move_vx"": -5.640709538943918, ""move_vy"": 0.8199974983297739, ""kick_power"": 0.0, ""kick_dir"": null}, {""move_vx"": -4.4174155543538545, ""move_vy"": -0.8581607193018266, ""kick_power"": 0.0, ""kick_dir"": null}, {""move_vx"": -5.8, ""move_vy"": 0.0, ""kick_power"": 0.0, ""kick_dir"": null}, {""move_vx"": -4.97073108073917, ""move_vy"": 2.109936615866364, ""kick_power"": 0.0, ""kick_dir"": null}, {""move_vx"": -4.597744338217212, ""move_vy"": 2.8320923361344663, ""kick_power"": 0.0, ""kick_dir"": null}, {""move_vx"": -7.489727737773059, ""move_vy"": -0.8692401359997389, ""kick_power"": 0.0, ""kick_dir"": null}, {""move_vx"": -7.473182803916948, ""move_vy"": 0.6336708761179053, ""kick_power"": 0.0, ""kick_dir"": null}, {""move_vx"": -5.394083932420505, ""move_vy"": 0.25270245349607523, ""kick_power"": 0.0, ""kick_dir"": null}, {""move_vx"": -5.3999572670858695, ""move_vy"": 0.0214828686751307, ""kick_power"": 0.0, ""kick_dir"": null}, {""move_vx"": -8.314177432517548, ""move_vy"": -0.31121314338555556, ""kick_power"": 0.0, ""kick_dir"": null}, {""move_vx"": -4.472104279218339, ""move_vy"": -3.5341594921277966, ""kick_power"": 0.0, ""kick_dir"": null}, {""move_vx"": -0.0, ""move_vy"": -6.4, ""kick_power"": 0.0, ""kick_dir"": null}]"
1968,176,default,default,0,2.111069575277909,38.77361231710981,0,A,,48.22228159397654,0.563507055595897,4.4609488428163724e-05,"[{""move_vx"": -5.565580106052166, ""move_vy"": -3.357725135134852, ""kick_power"": 0.0, ""kick_dir"": null}, {""move_vx"": 6.948222156138086, ""move_vy"": 0.4047330835894266, ""kick_power"": 0.0, ""kick_dir"": null}, {""move_vx"": 0.0, ""move_vy"": 5.4, ""kick_power"": 0.0, ""kick_dir"": null}, {""move_vx"": 5.914670851983888, ""move_vy"": -0.5479678026054061, ""kick_power"": 0.0, ""kick_dir"": null}, {""move_vx"": 0.0, ""move_vy"": 0.0, ""kick_power"": 0.4, ""kick_dir"": [-0.957682897054922, -0.28782517011465675]}, {""move_vx"": 0.0, ""move_vy"": 0.0, ""kick_power"": 0.4, ""kick_dir"": [-0.834732808826518, 0.5506550766600103]}, {""move_vx"": 0.0, ""move_vy"": 0.0, ""kick_power"": 0.65, ""kick_dir"": [-0.2305354615198031, 0.9730638092142911]}, {""move_vx"": 7.486125925034647, ""move_vy"": -0.4559809585105087, ""kick_power"": 0.0, ""kick_dir"": null}, {""move_vx"": 0.0, ""move_vy"": -6.1, ""kick_power"": 0.0, ""kick_dir"": null}, {""move_vx"": -5.184299102539653, ""move_vy"": -1.5109741279739186, ""kick_power"": 0.0, ""kick_dir"": null}, {""move_vx"": -5.6424864126014445, ""move_vy"": 0.8076800626535702, ""kick_power"": 0.0, ""kick_dir"": null}, {""move_vx"": -4.4178167565617805, ""move_vy"": -0.8560929303772741, ""kick_power"": 0.0, ""kick_dir"": null}, {""move_vx"": -5.8, ""move_vy"": 0.0, ""kick_power"": 0.0, ""kick_dir"": null}, {""move_vx"": -4.97073108073917, ""move_vy"": 2.1099366158663644, ""kick_power"": 0.0, ""kick_dir"": null}, {""move_vx"": -4.597744338217211, ""move_vy"": 2.8320923361344663, ""kick_power"": 0.0, ""kick_dir"": null}, {""move_vx"": -7.487283156614337, ""move_vy"": -0.8900510843087904, ""kick_power"": 0.0, ""kick_dir"": null}, {""move_vx"": -7.485992737681672, ""move_vy"": 0.45816234172754844, ""kick_power"": 0.0, ""kick_dir"": null}, {""move_vx"": -5.394978851551585, ""move_vy"": 0.23281578836315278, ""kick_power"": 0.0, ""kick_dir"": null}, {""move_vx"": -0.0, ""move_vy"": 0.0, ""kick_power"": 0.0, ""kick_dir"": null}, {""move_vx"": -8.314177432517548, ""move_vy"": -0.3112131433855566, ""kick_power"": 0.0, ""kick_dir"": null}, {""move_vx"": -4.406789110209725, ""move_vy"": -3.6152745038429615, ""kick_power"": 0.0, ""kick_dir"": null}, {""move_vx"": -0.0, ""move_vy"": -6.4, ""kick_power"": 0.0, ""kick_dir"": null}]"
1968,177,default,default,0,1.5997992496645617,38.82908215898102,0,A,,48.85078049929927,0.5399665127882536,-0.012494585880141197,"[{""move_vx"": -5.565580106052166, ""move_vy"": -3.357725135134852, ""kick_power"": 0.0, ""kick_dir"": null}, {""move_vx"": 6.9479659634962845, ""move_vy"": 0.40910752877104184, ""kick_power"": 0.0, ""kick_dir"": null}, {""move_vx"": 0.0, ""move_vy"": 5.4, ""kick_power"": 0.0, ""kick_dir"": null}, {""move_vx"": 5.914670851983888, ""move_vy"": -0.5479678026054057, ""kick_power"": 0.0, ""kick_dir"": null}, {""move_vx"": 0.0, ""move_vy"": 0.0, ""kick_power"": 0.4, ""kick_dir"": [0.8258811427178943, -0.5638441384271934]}, {""move_vx"": 0.0, ""move_vy"": 0.0, ""kick_power"": 0.4, ""kick_dir"": [-0.8258811427178943, 0.5638441384271934]}, {""move_vx"": 0.0, ""move_vy"": 0.0, ""kick_power"": 0.65, ""kick_dir"": [-0.18054187112303105, 0.9835671843714341]}, {""move_vx"": 7.484242620158666, ""move_vy"": -0.48591398683362946, ""kick_power"": 0.0, ""kick_dir"": null}, {""move_vx"": 0.0, ""move_vy"": -6.1, ""kick_power"": 0.0, ""kick_dir"": null}, {""move_vx"": -5.142320777628874, ""move_vy"": -1.6481920458388237, ""kick_power"": 0.0, ""kick_dir"": null}, {""move_vx"": -5.64398022604347, ""move_vy"": 0.7971745154169805, ""kick_power"": 0.0, ""kick_dir"": null}, {""move_vx"": -4.418216349389885, ""move_vy"": -0.8540282723563157, ""kick_power"": 0.0, ""kick_dir"": null}, {""move_vx"": -5.8, ""move_vy"": 0.0, ""kick_power"": 0.0, ""kick_dir"": null}, {""move_vx"": -4.97073108073917, ""move_vy"": 2.109936615866365, ""kick_power"": 0.0, ""kick_dir"": null}, {""move_vx"": -4.597744338217211, ""move_vy"": 2.8320923361344663, ""kick_power"": 0.0, ""kick_dir"": null}, {""move_vx"": -7.4847920137058255, ""move_vy"": -0.9107625989057131, ""kick_power"": 0.0, ""kick_dir"": null}, {""move_vx"": -7.495207816547207, ""move_vy"": 0.268066758046636, ""kick_power"": 0.0, ""kick_dir"": null}, {""move_vx"": -5.395800428493464, ""move_vy"": 0.21292659737511804, ""kick_power"": 0.0, ""kick_dir"": null}, {""move_vx"": -5.398814706765748, ""move_vy"": -0.11313603320722293, ""kick_power"": 0.0, ""kick_dir"": null}, {""move_vx"": -8.314177432517548, ""move_vy"": -0.31121314338555756, ""kick_power"": 0.0, ""kick_dir"": null}, {""move_vx"": -4.339311284156195, ""move_vy"": -3.6959948023765814, ""kick_power"": 0.0, ""kick_dir"": null}, {""move_vx"": -1.1765682416345975, ""move_vy"": 5.638553641917126, ""kick_power"": 0.0, ""kick_dir"": null}]"
1968,178,default,default,0,1.212777508076999,39.09773380643528,0,A,,49.47945031232862,0.5589592249315148,-0.006869781287188961,"[{""move_vx"": -5.0, ""move_vy"": 0.0, ""kick_power"": 0.0, ""kick_dir"": null}, {""move_vx"": 6.947701337412388, ""move_vy"": 0.4135772311408231, ""kick_power"": 0.0, ""kick_dir"": null}, {""move_vx"": 0.0, ""move_vy"": 5.4, ""kick_power"": 0.0, ""kick_dir"": null}, {""move_vx"": 5.914670851983889, ""move_vy"": -0.5479678026054053, ""kick_power"": 0.0, ""kick_dir"": null}, {""move_vx"": 0.0, ""move_vy"": 0.0, ""kick_power"": 0.4, ""kick_dir"": [0.8166468681929491, -0.5771375622532878]}, {""move_vx"": 0.0, ""move_vy"": 0.0, ""kick_power"": 0.4, ""kick_dir"": [-0.8166468681929491, 0.5771375622532878]}, {""move_vx"": 0.0, ""move_vy"": 0.0, ""kick_power"": 0.65, ""kick_dir"": [-0.1291115707031724, 0.991629958126505]}, {""move_vx"": 7.483927809630586, ""move_vy"": -0.49073876985411496, ""kick_power"": 0.0, ""kick_dir"": null}, {""move_vx"": 0.0, ""move_vy"": -6.1, ""kick_power"": 0.0, ""kick_dir"": null}, {""move_vx"": -5.230124135040186, ""move_vy"": -1.343801150494427, ""kick_power"": 0.0, ""kick_dir"": null}, {""move_vx"": -5.643704698380717, ""move_vy"": 0.7991228175164407, ""kick_power"": 0.0, ""kick_dir"": null}, {""move_vx"": -4.418614337450444, ""move_vy"": -0.851966746344818, ""kick_power"": 0.0, ""kick_dir"": null}, {""move_vx"": -5.8, ""move_vy"": 0.0, ""kick_power"": 0.0, ""kick_dir"": null}, {""move_vx"": -4.7912082100962445, ""move_vy"": -1.8333640902740345, ""kick_power"": 0.0, ""kick_dir"": null}, {""move_vx"": -4.595184152981326, ""move_vy"": 2.8362444535316946, ""kick_power"": 0.0, ""kick_dir"": null}, {""move_vx"": -7.486429021390203, ""move_vy"": -0.8972070595389456, ""kick_power"": 0.0, ""kick_dir"": null}, {""move_vx"": -7.494866328450706, ""move_vy"": 0.27745038953987766, ""kick_power"": 0.0, ""kick_dir"": null}, {""move_vx"": -4.960437699456364, ""move_vy"": 3.3755085290681843, ""kick_power"": 0.0, ""kick_dir"": null}, {""move_vx"": -5.39918983474083, ""move_vy"": -0.09353677582261435, ""kick_power"": 0.0, ""kick_dir"": null}, {""move_vx"": -8.313879912045106, ""move_vy"": -0.319062389028932, ""kick_power"": 0.0, ""kick_dir"": null}, {""move_vx"": -4.218968605839088, ""move_vy"": 3.83279322465277, ""kick_power"": 0.0, ""kick_dir"": null}, {""move_vx"": -1.7291269810936656, ""move_vy"": 5.4943352539915065, ""kick_power"": 0.0, ""kick_dir"": null}]"
1968,179,default,default,0,0.8441341754217426,39.152984575640374,0,A,,50.10805198648281,0.5480625330855027,-0.012608202246804225,"[{""move_vx"": -5.0, ""move_vy"": 0.0, ""kick_power"": 0.0, ""kick_dir"": null}, {""move_vx"": 6.947427904422122, ""move_vy"": 0.41814532504483254, ""kick_power"": 0.0, ""kick_dir"": null}, {""move_vx"": 0.0, ""move_vy"": 5.4, ""kick_power"": 0.0, ""kick_dir"": null}, {""move_vx"": 5.914670851983889, ""move_vy"": -0.5479678026054048, ""kick_power"": 0.0, ""kick_dir"": null}, {""move_vx"": 0.0, ""move_vy"": 0.0, ""kick_power"": 0.4, ""kick_dir"": [0.8070005896247451, -0.5905505229945116]}, {""move_vx"": 0.0, ""move_vy"": 0.0, ""kick_power"": 0.4, ""kick_dir"": [0.9782555082784836, 0.20740314085619943]}, {""move_vx"": 4.242640687119285, ""move_vy"": 4.242640687119285, ""kick_power"": 0.0, ""kick_dir"": null}, {""move_vx"": 7.483927809630586, ""move_vy"": -0.4907387698541151, ""kick_power"": 0.0, ""kick_dir"": null}, {""move_vx"": 0.0, ""move_vy"": -6.1, ""kick_power"": 0.0, ""kick_dir"": null}, {""move_vx"": -5.348073699079785, ""move_vy"": -0.7470660675007793, ""kick_power"": 0.0, ""kick_dir"": null}, {""move_vx"": 7.197520075993612, ""move_vy"": -0.18895702069225825, ""kick_power"": 0.0, ""kick_dir"": null}, {""move_vx"": -4.419010725352832, ""move_vy"": -0.8499083534220881, ""kick_power"": 0.0, ""kick_dir"": null}, {""move_vx"": -0.0, ""move_vy"": -5.8, ""kick_power"": 0.0, ""kick_dir"": null}, {""move_vx"": -4.805369379972029, ""move_vy"": -1.7959190187832077, ""kick_power"": 0.0, ""kick_dir"": null}, {""move_vx"": 3.8183766184073566, ""move_vy"": -3.8183766184073566, ""kick_power"": 0.0, ""kick_dir"": null}, {""move_vx"": -7.4907010657740845, ""move_vy"": -0.8608121416493886, ""kick_power"": 0.0, ""kick_dir"": null}, {""move_vx"": -7.494361311052682, ""move_vy"": 0.2907723153890568, ""kick_power"": 0.0, ""kick_dir"": null}, {""move_vx"": -4.960437699456364, ""move_vy"": 3.375508529068184, ""kick_power"": 0.0, ""kick_dir"": null}, {""move_vx"": -5.3999864779745135, ""move_vy"": -0.012084605596019725, ""kick_power"": 0.0, ""kick_dir"": null}, {""move_vx"": -8.312930876857985, ""move_vy"": -0.34289974712901233, ""kick_power"": 0.0, ""kick_dir"": null}, {""move_vx"": -4.133791893465928, ""move_vy"": 3.9245081961330355, ""kick_power"": 0.0, ""kick_dir"": null}, {""move_vx"": -1.9222718498590974, ""move_vy"": 5.429776324604845, ""kick_power"": 0.0, ""kick_dir"": null}]"
1968,180,default,default,0,0.48526254475091946,39.1959627891934,0,A,,50.73656857177939,0.5476410425231651,-0.007629614349840589,"[{""move_vx"": -5.0, ""move_vy"": 0.0, ""kick_power"": 0.0, ""kick_dir"": null}, {""move_vx"": 6.94714527020239, ""move_vy"": 0.42281508334560325, ""kick_power"": 0.0, ""kick_dir"": null}, {""move_vx"": 0.0, ""move_vy"": 5.4, ""kick_power"": 0.0, ""kick_dir"": null}, {""move_vx"": 5.914670851983889, ""move_vy"": -0.5479678026054043, ""kick_power"": 0.0, ""kick_dir"": null}, {""move_vx"": 0.0, ""move_vy"": 0.0, ""kick_power"": 0.4, ""kick_dir"": [0.7969285519908029, -0.6040734671162068]}, {""move_vx"": 0.0, ""move_vy"": 0.0, ""kick_power"": 0.4, ""kick_dir"": [-0.7969285519908029, 0.6040734671162068]}, {""move_vx"": 4.242640687119285, ""move_vy"": 4.242640687119285, ""kick_power"": 0.0, ""kick_dir"": null}, {""move_vx"": 7.483927809630586, ""move_vy"": -0.4907387698541152, ""kick_power"": 0.0, ""kick_dir"": null}, {""move_vx"": 0.0, ""move_vy"": -6.1, ""kick_power"": 0.0, ""kick_dir"": null}, {""move_vx"": -5.396559579357846, ""move_vy"": -0.19272962004081434, ""kick_power"": 0.0, ""kick_dir"": null}, {""move_vx"": 7.19724768984873, ""move_vy"": -0.19906202793882266, ""kick_power"": 0.0, ""kick_dir"": null}, {""move_vx"": -4.419405517703456, ""move_vy"": -0.8478530946409556, ""kick_power"": 0.0, ""kick_dir"": null}, {""move_vx"": -5.8, ""move_vy"": 0.0, ""kick_power"": 0.0, ""kick_dir"": null}, {""move_vx"": -4.80828667184249, ""move_vy"": -1.7880937563175674, ""kick_power"": 0.0, ""kick_dir"": null}, {""move_vx"": 3.8183766184073566, ""move_vy"": -3.8183766184073566, ""kick_power"": 0.0, ""kick_dir"": null}, {""move_vx"": -7.491992441376562, ""move_vy"": -0.8494994163367502, ""kick_power"": 0.0, ""kick_dir"": null}, {""move_vx"": -7.490649932965933, ""move_vy"": 0.3743842701790033, ""kick_power"": 0.0, ""kick_dir"": null}, {""move_vx"": -4.960437699456365, ""move_vy"": 3.375508529068184, ""kick_power"": 0.0, ""kick_dir"": null}, {""move_vx"": -5.3999981267332995, ""move_vy"": 0.004497919170158908, ""kick_power"": 0.0, ""kick_dir"": null}, {""move_vx"": -6.719855752359364, ""move_vy"": 0.04403030186996765, ""kick_power"": 0.0, ""kick_dir"": null}, {""move_vx"": -4.115702372587526, ""move_vy"": 3.943474861118985, ""kick_power"": 0.0, ""kick_dir"": null}, {""move_vx"": -2.171107081588633, ""move_vy"": 5.335156421350334, ""kick_power"": 0.0, ""kick_dir"": null}]"
1968,181,default,default,0,0.13694006706449957,39.22148343630965,0,A,,51.36500502887605,0.5473481713649766,-0.0061191317595092635,"[{""move_vx"": -5.0, ""move_vy"": 0.0, ""kick_power"": 0.0, ""kick_dir"": null}, {""move_vx"": 6.946853018160651, ""move_vy"": 0.42758992512949373, ""kick_power"": 0.0, ""kick_dir"": null}, {""move_vx"": 0.0, ""move_vy"": 5.4, ""kick_power"": 0.0, ""kick_dir"": null}, {""move_vx"": 5.914670851983889, ""move_vy"": -0.5479678026054039, ""kick_power"": 0.0, ""kick_dir"": null}, {""move_vx"": 0.0, ""move_vy"": 0.0, ""kick_power"": 0.4, ""kick_dir"": [0.7864298979603149, -0.6176794355092471]}, {""move_vx"": 0.0, ""move_vy"": 0.0, ""kick_power"": 0.4, ""kick_dir"": [-0.7864298979603149, 0.6176794355092471]}, {""move_vx"": 4.242640687119285, ""move_vy"": 4.242640687119285, ""kick_power"": 0.0, ""kick_dir"": null}, {""move_vx"": 7.483927809630586, ""move_vy"": -0.4907387698541154, ""kick_power"": 0.0, ""kick_dir"": null}, {""move_vx"": 0.0, ""move_vy"": -6.1, ""kick_power"": 0.0, ""kick_dir"": null}, {""move_vx"": -5.3916540521147285, ""move_vy"": 0.30011095000820975, ""kick_power"": 0.0, ""kick_dir"": null}, {""move_vx"": 7.196718667619688, ""move_vy"": -0.21734861199071986, ""kick_power"": 0.0, ""kick_dir"": null}, {""move_vx"": -4.419798719105693, ""move_vy"": -0.8458009710278592, ""kick_power"": 0.0, ""kick_dir"": null}, {""move_vx"": 4.918993542780989, ""move_vy"": -0.3292453888499128, ""kick_power"": 0.0, ""kick_dir"": null}, {""move_vx"": -4.810574160066079, ""move_vy"": -1.7819304841953107, ""kick_power"": 0.0, ""kick_dir"": null}, {""move_vx"": -4.573702766464621, ""move_vy"": 2.8707565212037545, ""kick_power"": 0.0, ""kick_dir"": null}, {""move_vx"": -7.493088489505937, ""move_vy"": -0.8397766896226819, ""kick_power"": 0.0, ""kick_dir"": null}, {""move_vx"": -7.477201373649392, ""move_vy"": 0.5843454610892798, ""kick_power"": 0.0, ""kick_dir"": null}, {""move_vx"": -4.960437699456365, ""move_vy"": 3.375508529068184, ""kick_power"": 0.0, ""kick_dir"": null}, {""move_vx"": -5.3999728628016745, ""move_vy"": 0.017119608800633956, ""kick_power"": 0.0, ""kick_dir"": null}, {""move_vx"": -8.312715220389713, ""move_vy"": -0.3480885874331953, ""kick_power"": 0.0, ""kick_dir"": null}, {""move_vx"": -3.97280774062949, ""move_vy"": -4.087395094188277, ""kick_power"": 0.0, ""kick_dir"": null}, {""move_vx"": -2.393416530214795, ""move_vy"": 5.239194338149195, ""kick_power"": 0.0, ""kick_dir"": null}]"
1968,182,default,default,0,-0.20629494938605059,39.238244412530044,0,A,left,36.19341215598804,-91.84529746703726,45.3866662993836,"[{""move_vx"": -5.0, ""move_vy"": 0.0, ""kick_power"": 0.0, ""kick_dir"": null}, {""move_vx"": 0.0, ""move_vy"": 0.0, ""kick_power"": 0.6, ""kick_dir"": [0.998067605786884, 0.06213698466189717]}, {""move_vx"": 0.0, ""move_vy"": 5.4, ""kick_power"": 0.0, ""kick_dir"": null}, {""move_vx"": 5.914670851983889, ""move_vy"": -0.5479678026054035, ""kick_power"": 0.0, ""kick_dir"": null}, {""move_vx"": 0.0, ""move_vy"": 0.0, ""kick_power"": 0.4, ""kick_dir"": [0.7754968365735941, -0.631351348098027]}, {""move_vx"": 0.0, ""move_vy"": 0.0, ""kick_power"": 0.4, ""kick_dir"": [-0.7754968365735941, 0.631351348098027]}, {""move_vx"": 4.242640687119285, ""move_vy"": 4.242640687119285, ""kick_power"": 0.0, ""kick_dir"": null}, {""move_vx"": 7.483927809630586, ""move_vy"": -0.4907387698541155, ""kick_power"": 0.0, ""kick_dir"": null}, {""move_vx"": 0.0, ""move_vy"": -6.1, ""kick_power"": 0.0, ""kick_dir"": null}, {""move_vx"": -5.347450049580894, ""move_vy"": 0.751517110408873, ""kick_power"": 0.0, ""kick_dir"": null}, {""move_vx"": 7.195869461776936, ""move_vy"": -0.24384972640154137, ""kick_power"": 0.0, ""kick_dir"": null}, {""move_vx"": -4.420190334159818, ""move_vy"": -0.8437519835829267, ""kick_power"": 0.0, ""kick_dir"": null}, {""move_vx"": -0.0, ""move_vy"": -5.8, ""kick_power"": 0.0, ""kick_dir"": null}, {""move_vx"": -4.8119446670163, ""move_vy"": -1.7782262290196338, ""kick_power"": 0.0, ""kick_dir"": null}, {""move_vx"": 3.8183766184073566, ""move_vy"": -3.8183766184073566, ""kick_power"": 0.0, ""kick_dir"": null}, {""move_vx"": -7.493927759543151, ""move_vy"": -0.8322540085506115, ""kick_power"": 0.0, ""kick_dir"": null}, {""move_vx"": -7.441534208002657, ""move_vy"": 0.9346489346948826, ""kick_power"": 0.0, ""kick_dir"": null}, {""move_vx"": -4.960437699456365, ""move_vy"": 3.375508529068184, ""kick_power"": 0.0, ""kick_dir"": null}, {""move_vx"": -5.399945122726633, ""move_vy"": 0.02434484628924514, ""kick_power"": 0.0, ""kick_dir"": null}, {""move_vx"": -8.31271522038971, ""move_vy"": -0.34808858743319665, ""kick_power"": 0.0, ""kick_dir"": null}, {""move_vx"": -3.9084500461919927, ""move_vy"": 4.148977974926092, ""kick_power"": 0.0, ""kick_dir"": null}, {""move_vx"": 6.4, ""move_vy"": 0.0, ""kick_power"": 0.0, ""kick_dir"": null}]"
