episode,step,scenario,scenario_template,scenario_variant,ball_x,ball_y,ball_controller,ball_controller_team,last_goal,reward_p0,team_reward_left_step,team_reward_right_step,actions
85,1,default,default,0,50.0,37.5,-1,,,-0.0008,0.010021113312601696,0.020362779430444688,"[{""move_vx"": 0.0, ""move_vy"": 0.0, ""kick_power"": 0.0, ""kick_dir"": null}, {""move_vx"": 5.270325694987213, ""move_vy"": 2.421500994994125, ""kick_power"": 0.0, ""kick_dir"": null}, {""move_vx"": -3.8183766184073566, ""move_vy"": -3.8183766184073566, ""kick_power"": 0.0, ""kick_dir"": null}, {""move_vx"": 5.9153091052913425, ""move_vy"": -0.5410343693864033, ""kick_power"": 0.0, ""kick_dir"": null}, {""move_vx"": 5.9434279414502, ""move_vy"": -3.621776401821216, ""kick_power"": 0.0, ""kick_dir"": null}, {""move_vx"": 6.099061466261081, ""move_vy"": 0.10700107835545794, ""kick_power"": 0.0, ""kick_dir"": null}, {""move_vx"": 0.0, ""move_vy"": 0.0, ""kick_power"": 0.0, ""kick_dir"": null}, {""move_vx"": 5.307509809445339, ""move_vy"": -0.995158089271001, ""kick_power"": 0.0, ""kick_dir"": null}, {""move_vx"": 0.0, ""move_vy"": -6.1, ""kick_power"": 0.0, ""kick_dir"": null}, {""move_vx"": 0.0, ""move_vy"": 0.0, ""kick_power"": 0.0, ""kick_dir"": null}, {""move_vx"": 0.0, ""move_vy"": 0.0, ""kick_power"": 0.0, ""kick_dir"": null}, {""move_vx"": -0.0, ""move_vy"": 0.0, ""kick_power"": 1.0, ""kick_dir"": [-0.9999999714285723, 0.0]}, {""move_vx"": -5.8, ""move_vy"": 0.0, ""kick_power"": 0.0, ""kick_dir"": null}, {""move_vx"": -0.0, ""move_vy"": 0.0, ""kick_power"": 0.6, ""kick_dir"": [-0.9977581441361324, 0.06692280235059424]}, {""move_vx"": -6.309033692479351, ""move_vy"": -1.4786797716748479, ""kick_power"": 0.0, ""kick_dir"": null}, {""move_vx"": -5.795239614354601, ""move_vy"": -0.23494214652788925, ""kick_power"": 0.0, ""kick_dir"": null}, {""move_vx"": -7.365048352354854, ""move_vy"": 1.4163554523759336, ""kick_power"": 0.0, ""kick_dir"": null}, {""move_vx"": -4.242640687119285, ""move_vy"": -4.242640687119285, ""kick_power"": 0.0, ""kick_dir"": null}, {""move_vx"": -0.0, ""move_vy"": 0.0, ""kick_power"": 0.0, ""kick_dir"": null}, {""move_vx"": -3.9772437522240316, ""move_vy"": 4.598688088509037, ""kick_power"": 0.0, ""kick_dir"": null}, {""move_vx"": -6.300000000000001, ""move_vy"": 0.0, ""kick_power"": 0.0, ""kick_dir"": null}, {""move_vx"": -0.0, ""move_vy"": 0.0, ""kick_power"": 0.0, ""kick_dir"": null}]"
85,2,default,default,0,50.0,37.5,-1,,,-0.0016,-0.003905546504077445,0.0253240136930875,"[{""move_vx"": 0.0, ""move_vy"": 0.0, ""kick_power"": 0.0, ""kick_dir"": null}, {""move_vx"": 5.270325694987213, ""move_vy"": 2.4215009949941253, ""kick_power"": 0.0, ""kick_dir"": null}, {""move_vx"": -3.8183766184073566, ""move_vy"": -3.8183766184073566, ""kick_power"": 0.0, ""kick_dir"": null}, {""move_vx"": 5.9153091052913425, ""move_vy"": -0.5410343693864037, ""kick_power"": 0.0, ""kick_dir"": null}, {""move_vx"": -4.209928125193853, ""move_vy"": 2.565424951290091, ""kick_power"": 0.0, ""kick_dir"": null}, {""move_vx"": 6.09906146626108, ""move_vy"": 0.10700107835545788, ""kick_power"": 0.0, ""kick_dir"": null}, {""move_vx"": 0.0, ""move_vy"": 0.0, ""kick_power"": 0.0, ""kick_dir"": null}, {""move_vx"": 5.307509809445339, ""move_vy"": -0.9951580892710015, ""kick_power"": 0.0, ""kick_dir"": null}, {""move_vx"": 0.0, ""move_vy"": 5.185, ""kick_power"": 0.0, ""kick_dir"": null}, {""move_vx"": 0.0, ""move_vy"": 0.0, ""kick_power"": 0.0, ""kick_dir"": null}, {""move_vx"": 0.0, ""move_vy"": 0.0, ""kick_power"": 0.0, ""kick_dir"": null}, {""move_vx"": -0.0, ""move_vy"": -5.0, ""kick_power"": 0.0, ""kick_dir"": null}, {""move_vx"": -5.8, ""move_vy"": 0.0, ""kick_power"": 0.0, ""kick_dir"": null}, {""move_vx"": -5.926798083162348, ""move_vy"": 0.3958086424310842, ""kick_power"": 0.0, ""kick_dir"": null}, {""move_vx"": -6.30903369247935, ""move_vy"": -1.4786797716748463, ""kick_power"": 0.0, ""kick_dir"": null}, {""move_vx"": -5.795239614354601, ""move_vy"": -0.23494214652788906, ""kick_power"": 0.0, ""kick_dir"": null}, {""move_vx"": -4.242640687119285, ""move_vy"": 4.242640687119285, ""kick_power"": 0.0, ""kick_dir"": null}, {""move_vx"": -4.242640687119285, ""move_vy"": -4.242640687119285, ""kick_power"": 0.0, ""kick_dir"": null}, {""move_vx"": -7.365048352354854, ""move_vy"": -1.4163554523759336, ""kick_power"": 0.0, ""kick_dir"": null}, {""move_vx"": -3.5937652928540467, ""move_vy"": 4.5013832340601345, ""kick_power"": 0.0, ""kick_dir"": null}, {""move_vx"": -6.300000000000001, ""move_vy"": 0.0, ""kick_power"": 0.0, ""kick_dir"": null}, {""move_vx"": -0.0, ""move_vy"": 0.0, ""kick_power"": 0.0, ""kick_dir"": null}]"
85,3,default,default,0,50.0,37.5,-1,,,-0.0024000000000000002,0.007296549742451457,0.01490647103049617,"[{""move_vx"": 0.0, ""move_vy"": 0.0, ""kick_power"": 0.0, ""kick_dir"": null}, {""move_vx"": 5.270325694987213, ""move_vy"": 2.4215009949941253, ""kick_power"": 0.0, ""kick_dir"": null}, {""move_vx"": -3.8183766184073566, ""move_vy"": -3.8183766184073566, ""kick_power"": 0.0, ""kick_dir"": null}, {""move_vx"": 5.9153091052913425, ""move_vy"": -0.5410343693864041, ""kick_power"": 0.0, ""kick_dir"": null}, {""move_vx"": 5.9434279414502, ""move_vy"": -3.621776401821215, ""kick_power"": 0.0, ""kick_dir"": null}, {""move_vx"": 0.0, ""move_vy"": 0.0, ""kick_power"": 0.0, ""kick_dir"": null}, {""move_vx"": 0.0, ""move_vy"": 0.0, ""kick_power"": 0.0, ""kick_dir"": null}, {""move_vx"": 5.307509809445339, ""move_vy"": -0.995158089271002, ""kick_power"": 0.0, ""kick_dir"": null}, {""move_vx"": 0.0, ""move_vy"": -6.1, ""kick_power"": 0.0, ""kick_dir"": null}, {""move_vx"": 0.0, ""move_vy"": 0.0, ""kick_power"": 0.0, ""kick_dir"": null}, {""move_vx"": 0.0, ""move_vy"": 0.0, ""kick_power"": 0.0, ""kick_dir"": null}, {""move_vx"": -0.0, ""move_vy"": 0.0, ""kick_power"": 1.0, ""kick_dir"": [-0.9999546230421418, 0.009523377362305976]}, {""move_vx"": -0.0, ""move_vy"": -5.8, ""kick_power"": 0.0, ""kick_dir"": null}, {""move_vx"": -0.0, ""move_vy"": 0.0, ""kick_power"": 0.6, ""kick_dir"": [-0.9977774428385672, 0.06663445077035104]}, {""move_vx"": -6.309033692479351, ""move_vy"": -1.4786797716748452, ""kick_power"": 0.0, ""kick_dir"": null}, {""move_vx"": -5.795239614354601, ""move_vy"": -0.23494214652788886, ""kick_power"": 0.0, ""kick_dir"": null}, {""move_vx"": -7.36986639756749, ""move_vy"": 1.3910676770041044, ""kick_power"": 0.0, ""kick_dir"": null}, {""move_vx"": -4.242640687119285, ""move_vy"": -4.242640687119285, ""kick_power"": 0.0, ""kick_dir"": null}, {""move_vx"": -0.0, ""move_vy"": 0.0, ""kick_power"": 0.0, ""kick_dir"": null}, {""move_vx"": -3.9801752720788985, ""move_vy"": 4.596151085803387, ""kick_power"": 0.0, ""kick_dir"": null}, {""move_vx"": -6.300000000000001, ""move_vy"": 0.0, ""kick_power"": 0.0, ""kick_dir"": null}, {""move_vx"": -0.0, ""move_vy"": 0.0, ""kick_power"": 0.0, ""kick_dir"": null}]"
85,4,default,default,0,50.0,37.5,-1,,,-0.0032,0.01818932699053659,0.014992577144864511,"[{""move_vx"": 0.0, ""move_vy"": 0.0, ""kick_power"": 0.0, ""kick_dir"": null}, {""move_vx"": 5.270325694987213, ""move_vy"": 2.4215009949941253, ""kick_power"": 0.0, ""kick_dir"": null}, {""move_vx"": 0.0, ""move_vy"": 0.0, ""kick_power"": 0.6, ""kick_dir"": [0.9971483906657184, 0.07546564050272915]}, {""move_vx"": 5.915309105291343, ""move_vy"": -0.5410343693864046, ""kick_power"": 0.0, ""kick_dir"": null}, {""move_vx"": 5.9434279414502, ""move_vy"": -3.621776401821216, ""kick_power"": 0.0, ""kick_dir"": null}, {""move_vx"": 6.09906146626108, ""move_vy"": 0.10700107835545784, ""kick_power"": 0.0, ""kick_dir"": null}, {""move_vx"": 0.0, ""move_vy"": 0.0, ""kick_power"": 0.0, ""kick_dir"": null}, {""move_vx"": 5.307509809445338, ""move_vy"": -0.9951580892710024, ""kick_power"": 0.0, ""kick_dir"": null}, {""move_vx"": 0.0, ""move_vy"": -6.1, ""kick_power"": 0.0, ""kick_dir"": null}, {""move_vx"": 0.0, ""move_vy"": 0.0, ""kick_power"": 0.0, ""kick_dir"": null}, {""move_vx"": 0.0, ""move_vy"": -6.0, ""kick_power"": 0.0, ""kick_dir"": null}, {""move_vx"": -0.0, ""move_vy"": -5.0, ""kick_power"": 0.0, ""kick_dir"": null}, {""move_vx"": -5.8, ""move_vy"": 0.0, ""kick_power"": 0.0, ""kick_dir"": null}, {""move_vx"": -0.0, ""move_vy"": 0.0, ""kick_power"": 0.6, ""kick_dir"": [-0.9977980670190799, 0.06632490361677247]}, {""move_vx"": -0.0, ""move_vy"": 5.4, ""kick_power"": 0.0, ""kick_dir"": null}, {""move_vx"": -5.7952396143546006, ""move_vy"": -0.23494214652788864, ""kick_power"": 0.0, ""kick_dir"": null}, {""move_vx"": -4.242640687119285, ""move_vy"": 4.242640687119285, ""kick_power"": 0.0, ""kick_dir"": null}, {""move_vx"": -4.242640687119285, ""move_vy"": -4.242640687119285, ""kick_power"": 0.0, ""kick_dir"": null}, {""move_vx"": -0.0, ""move_vy"": 0.0, ""kick_power"": 0.0, ""kick_dir"": null}, {""move_vx"": -4.186984217020963, ""move_vy"": 5.256192839538648, ""kick_power"": 0.0, ""kick_dir"": null}, {""move_vx"": -6.300000000000001, ""move_vy"": 0.0, ""kick_power"": 0.0, ""kick_dir"": null}, {""move_vx"": -0.0, ""move_vy"": 0.0, ""kick_power"": 0.0, ""kick_dir"": null}]"
85,5,default,default,0,50.0,37.5,-1,,,-0.004,0.006934069919496907,0.013263495240175728,"[{""move_vx"": 0.0, ""move_vy"": 0.0, ""kick_power"": 0.0, ""kick_dir"": null}, {""move_vx"": 4.1012193308819755, ""move_vy"": -4.1012193308819755, ""kick_power"": 0.0, ""kick_dir"": null}, {""move_vx"": -3.8183766184073566, ""move_vy"": -3.8183766184073566, ""kick_power"": 0.0, ""kick_dir"": null}, {""move_vx"": 5.915309105291343, ""move_vy"": -0.541034369386405, ""kick_power"": 0.0, ""kick_dir"": null}, {""move_vx"": 0.0, ""move_vy"": -5.8, ""kick_power"": 0.0, ""kick_dir"": null}, {""move_vx"": 6.099061466261081, ""move_vy"": 0.10700107835545777, ""kick_power"": 0.0, ""kick_dir"": null}, {""move_vx"": 0.0, ""move_vy"": 0.0, ""kick_power"": 0.0, ""kick_dir"": null}, {""move_vx"": 5.307509809445338, ""move_vy"": -0.9951580892710028, ""kick_power"": 0.0, ""kick_dir"": null}, {""move_vx"": 0.0, ""move_vy"": -6.1, ""kick_power"": 0.0, ""kick_dir"": null}, {""move_vx"": 0.0, ""move_vy"": 0.0, ""kick_power"": 0.0, ""kick_dir"": null}, {""move_vx"": 0.0, ""move_vy"": -6.0, ""kick_power"": 0.0, ""kick_dir"": null}, {""move_vx"": -0.0, ""move_vy"": 0.0, ""kick_power"": 1.0, ""kick_dir"": [-0.9999110941173822, 0.013332168735946809]}, {""move_vx"": -5.8, ""move_vy"": 0.0, ""kick_power"": 0.0, ""kick_dir"": null}, {""move_vx"": -0.0, ""move_vy"": 0.0, ""kick_power"": 0.6, ""kick_dir"": [-0.9978187294189887, 0.06601332082836611]}, {""move_vx"": -0.0, ""move_vy"": 5.4, ""kick_power"": 0.0, ""kick_dir"": null}, {""move_vx"": -5.795239614354601, ""move_vy"": -0.23494214652788853, ""kick_power"": 0.0, ""kick_dir"": null}, {""move_vx"": -7.374681929151211, ""move_vy"": 1.3653081863998977, ""kick_power"": 0.0, ""kick_dir"": null}, {""move_vx"": -4.242640687119285, ""move_vy"": -4.242640687119285, ""kick_power"": 0.0, ""kick_dir"": null}, {""move_vx"": -0.0, ""move_vy"": 0.0, ""kick_power"": 0.0, ""kick_dir"": null}, {""move_vx"": -3.983876999298398, ""move_vy"": 4.592942853385093, ""kick_power"": 0.0, ""kick_dir"": null}, {""move_vx"": -4.242640687119285, ""move_vy"": -4.242640687119285, ""kick_power"": 0.0, ""kick_dir"": null}, {""move_vx"": -0.0, ""move_vy"": 0.0, ""kick_power"": 0.0, ""kick_dir"": null}]"
85,6,default,default,0,50.0,37.5,-1,,,-0.0048000000000000004,0.007279770433116832,0.014117980521057389,"[{""move_vx"": 0.0, ""move_vy"": 0.0, ""kick_power"": 0.0, ""kick_dir"": null}, {""move_vx"": -4.1012193308819755, ""move_vy"": 4.1012193308819755, ""kick_power"": 0.0, ""kick_dir"": null}, {""move_vx"": -3.8183766184073566, ""move_vy"": -3.8183766184073566, ""kick_power"": 0.0, ""kick_dir"": null}, {""move_vx"": 5.915309105291343, ""move_vy"": -0.5410343693864054, ""kick_power"": 0.0, ""kick_dir"": null}, {""move_vx"": 5.976206699604826, ""move_vy"": -3.5674295344965663, ""kick_power"": 0.0, ""kick_dir"": null}, {""move_vx"": 6.099061466261081, ""move_vy"": 0.10700107835545773, ""kick_power"": 0.0, ""kick_dir"": null}, {""move_vx"": 0.0, ""move_vy"": 0.0, ""kick_power"": 0.0, ""kick_dir"": null}, {""move_vx"": 5.307509809445338, ""move_vy"": -0.9951580892710034, ""kick_power"": 0.0, ""kick_dir"": null}, {""move_vx"": 0.0, ""move_vy"": -6.1, ""kick_power"": 0.0, ""kick_dir"": null}, {""move_vx"": 0.0, ""move_vy"": 0.0, ""kick_power"": 0.0, ""kick_dir"": null}, {""move_vx"": 0.0, ""move_vy"": -6.0, ""kick_power"": 0.0, ""kick_dir"": null}, {""move_vx"": -0.0, ""move_vy"": 0.0, ""kick_power"": 1.0, ""kick_dir"": [-0.9999709474859367, 0.007618860996375724]}, {""move_vx"": -5.8, ""move_vy"": 0.0, ""kick_power"": 0.0, ""kick_dir"": null}, {""move_vx"": -0.0, ""move_vy"": 0.0, ""kick_power"": 0.6, ""kick_dir"": [-0.9978394294493719, 0.0656996823513219]}, {""move_vx"": -0.0, ""move_vy"": 5.4, ""kick_power"": 0.0, ""kick_dir"": null}, {""move_vx"": -5.795239614354601, ""move_vy"": -0.23494214652788833, ""kick_power"": 0.0, ""kick_dir"": null}, {""move_vx"": -4.242640687119285, ""move_vy"": 4.242640687119285, ""kick_power"": 0.0, ""kick_dir"": null}, {""move_vx"": -4.242640687119285, ""move_vy"": -4.242640687119285, ""kick_power"": 0.0, ""kick_dir"": null}, {""move_vx"": -0.0, ""move_vy"": 0.0, ""kick_power"": 0.0, ""kick_dir"": null}, {""move_vx"": -3.9838769992983964, ""move_vy"": 4.592942853385093, ""kick_power"": 0.0, ""kick_dir"": null}, {""move_vx"": -6.0, ""move_vy"": 0.0, ""kick_power"": 0.0, ""kick_dir"": null}, {""move_vx"": -0.0, ""move_vy"": 0.0, ""kick_power"": 0.0, ""kick_dir"": null}]"
85,7,default,default,0,50.0,37.5,-1,,,-0.005600000000000001,0.0070445351185540964,0.014708563751589762,"[{""move_vx"": 0.0, ""move_vy"": 0.0, ""kick_power"": 0.0, ""kick_dir"": null}, {""move_vx"": -4.1012193308819755, ""move_vy"": 4.1012193308819755, ""kick_power"": 0.0, ""kick_dir"": null}, {""move_vx"": -3.8183766184073566, ""move_vy"": -3.8183766184073566, ""kick_power"": 0.0, ""kick_dir"": null}, {""move_vx"": 5.915309105291343, ""move_vy"": -0.5410343693864058, ""kick_power"": 0.0, ""kick_dir"": null}, {""move_vx"": 5.976206699604826, ""move_vy"": -3.5674295344965654, ""kick_power"": 0.0, ""kick_dir"": null}, {""move_vx"": 6.099061466261081, ""move_vy"": 0.10700107835545766, ""kick_power"": 0.0, ""kick_dir"": null}, {""move_vx"": 0.0, ""move_vy"": 0.0, ""kick_power"": 0.0, ""kick_dir"": null}, {""move_vx"": 5.307509809445339, ""move_vy"": -0.9951580892710038, ""kick_power"": 0.0, ""kick_dir"": null}, {""move_vx"": 0.0, ""move_vy"": -6.1, ""kick_power"": 0.0, ""kick_dir"": null}, {""move_vx"": 0.0, ""move_vy"": 0.0, ""kick_power"": 0.0, ""kick_dir"": null}, {""move_vx"": 0.0, ""move_vy"": -6.0, ""kick_power"": 0.0, ""kick_dir"": null}, {""move_vx"": -0.0, ""move_vy"": 0.0, ""kick_power"": 1.0, ""kick_dir"": [-0.9999981572554395, 0.001904820982269631]}, {""move_vx"": -5.8, ""move_vy"": 0.0, ""kick_power"": 0.0, ""kick_dir"": null}, {""move_vx"": -3.8183766184073566, ""move_vy"": 3.8183766184073566, ""kick_power"": 0.0, ""kick_dir"": null}, {""move_vx"": -0.0, ""move_vy"": 5.4, ""kick_power"": 0.0, ""kick_dir"": null}, {""move_vx"": -5.795239614354601, ""move_vy"": -0.23494214652788814, ""kick_power"": 0.0, ""kick_dir"": null}, {""move_vx"": -7.379492583722325, ""move_vy"": 1.3390628091270402, ""kick_power"": 0.0, ""kick_dir"": null}, {""move_vx"": -4.242640687119285, ""move_vy"": -4.242640687119285, ""kick_power"": 0.0, ""kick_dir"": null}, {""move_vx"": -0.0, ""move_vy"": 0.0, ""kick_power"": 0.0, ""kick_dir"": null}, {""move_vx"": -3.9838769992983964, ""move_vy"": 4.592942853385094, ""kick_power"": 0.0, ""kick_dir"": null}, {""move_vx"": -6.2640746291672285, ""move_vy"": 0.6718400406521277, ""kick_power"": 0.0, ""kick_dir"": null}, {""move_vx"": -0.0, ""move_vy"": 0.0, ""kick_power"": 0.0, ""kick_dir"": null}]"
85,8,default,default,0,50.0,37.5,-1,,,-0.007626743288055019,0.003164782481525306,0.014314128460880718,"[{""move_vx"": -1.8276230972405143, ""move_vy"": -4.112151968791157, ""kick_power"": 0.0, ""kick_dir"": null}, {""move_vx"": -4.1012193308819755, ""move_vy"": 4.1012193308819755, ""kick_power"": 0.0, ""kick_dir"": null}, {""move_vx"": -3.8183766184073566, ""move_vy"": -3.8183766184073566, ""kick_power"": 0.0, ""kick_dir"": null}, {""move_vx"": 5.915309105291343, ""move_vy"": -0.5410343693864063, ""kick_power"": 0.0, ""kick_dir"": null}, {""move_vx"": 5.976206699604827, ""move_vy"": -3.5674295344965645, ""kick_power"": 0.0, ""kick_dir"": null}, {""move_vx"": 0.0, ""move_vy"": 0.0, ""kick_power"": 0.0, ""kick_dir"": null}, {""move_vx"": 0.0, ""move_vy"": 0.0, ""kick_power"": 0.0, ""kick_dir"": null}, {""move_vx"": 5.307509809445337, ""move_vy"": -0.9951580892710044, ""kick_power"": 0.0, ""kick_dir"": null}, {""move_vx"": 0.0, ""move_vy"": -6.1, ""kick_power"": 0.0, ""kick_dir"": null}, {""move_vx"": 0.0, ""move_vy"": 0.0, ""kick_power"": 0.0, ""kick_dir"": null}, {""move_vx"": 0.0, ""move_vy"": -6.0, ""kick_power"": 0.0, ""kick_dir"": null}, {""move_vx"": -0.0, ""move_vy"": 0.0, ""kick_power"": 1.0, ""kick_dir"": [-0.9999981573370905, 0.0019047781163913063]}, {""move_vx"": -5.8, ""move_vy"": 0.0, ""kick_power"": 0.0, ""kick_dir"": null}, {""move_vx"": -3.8183766184073566, ""move_vy"": 3.8183766184073566, ""kick_power"": 0.0, ""kick_dir"": null}, {""move_vx"": -0.0, ""move_vy"": 5.4, ""kick_power"": 0.0, ""kick_dir"": null}, {""move_vx"": -5.795239614354601, ""move_vy"": -0.23494214652788792, ""kick_power"": 0.0, ""kick_dir"": null}, {""move_vx"": -4.242640687119285, ""move_vy"": 4.242640687119285, ""kick_power"": 0.0, ""kick_dir"": null}, {""move_vx"": -4.242640687119285, ""move_vy"": -4.242640687119285, ""kick_power"": 0.0, ""kick_dir"": null}, {""move_vx"": -0.0, ""move_vy"": 0.0, ""kick_power"": 0.0, ""kick_dir"": null}, {""move_vx"": -3.983876999298396, ""move_vy"": 4.592942853385094, ""kick_power"": 0.0, ""kick_dir"": null}, {""move_vx"": -6.26407462916723, ""move_vy"": 0.6718400406521158, ""kick_power"": 0.0, ""kick_dir"": null}, {""move_vx"": -0.0, ""move_vy"": 0.0, ""kick_power"": 0.0, ""kick_dir"": null}]"
85,9,default,default,0,50.0,37.5,-1,,,-0.009670051734574525,0.0029432561808316647,0.014154904933246141,"[{""move_vx"": -1.8276230972405143, ""move_vy"": -4.112151968791157, ""kick_power"": 0.0, ""kick_dir"": null}, {""move_vx"": -4.1012193308819755, ""move_vy"": 4.1012193308819755, ""kick_power"": 0.0, ""kick_dir"": null}, {""move_vx"": -3.8183766184073566, ""move_vy"": -3.8183766184073566, ""kick_power"": 0.0, ""kick_dir"": null}, {""move_vx"": 5.915309105291343, ""move_vy"": -0.5410343693864067, ""kick_power"": 0.0, ""kick_dir"": null}, {""move_vx"": 5.976206699604828, ""move_vy"": -3.5674295344965636, ""kick_power"": 0.0, ""kick_dir"": null}, {""move_vx"": 0.0, ""move_vy"": 0.0, ""kick_power"": 0.0, ""kick_dir"": null}, {""move_vx"": 0.0, ""move_vy"": 0.0, ""kick_power"": 0.0, ""kick_dir"": null}, {""move_vx"": 5.307509809445337, ""move_vy"": -0.9951580892710048, ""kick_power"": 0.0, ""kick_dir"": null}, {""move_vx"": 0.0, ""move_vy"": -6.1, ""kick_power"": 0.0, ""kick_dir"": null}, {""move_vx"": 0.0, ""move_vy"": 0.0, ""kick_power"": 0.0, ""kick_dir"": null}, {""move_vx"": 0.0, ""move_vy"": -6.0, ""kick_power"": 0.0, ""kick_dir"": null}, {""move_vx"": -0.0, ""move_vy"": 0.0, ""kick_power"": 1.0, ""kick_dir"": [-0.9999981574187305, 0.001904735255335703]}, {""move_vx"": -5.8, ""move_vy"": 0.0, ""kick_power"": 0.0, ""kick_dir"": null}, {""move_vx"": -3.8183766184073566, ""move_vy"": 3.8183766184073566, ""kick_power"": 0.0, ""kick_dir"": null}, {""move_vx"": -0.0, ""move_vy"": 5.4, ""kick_power"": 0.0, ""kick_dir"": null}, {""move_vx"": -5.7952396143546006, ""move_vy"": -0.23494214652788772, ""kick_power"": 0.0, ""kick_dir"": null}, {""move_vx"": -4.242640687119285, ""move_vy"": 4.242640687119285, ""kick_power"": 0.0, ""kick_dir"": null}, {""move_vx"": -4.242640687119285, ""move_vy"": -4.242640687119285, ""kick_power"": 0.0, ""kick_dir"": null}, {""move_vx"": -0.0, ""move_vy"": 0.0, ""kick_power"": 0.0, ""kick_dir"": null}, {""move_vx"": -3.983876999298395, ""move_vy"": 4.592942853385095, ""kick_power"": 0.0, ""kick_dir"": null}, {""move_vx"": -6.264074629167232, ""move_vy"": 0.6718400406520983, ""kick_power"": 0.0, ""kick_dir"": null}, {""move_vx"": -0.0, ""move_vy"": 0.0, ""kick_power"": 0.0, ""kick_dir"": null}]"
85,10,default,default,0,50.0,37.5,-1,,,-0.011729789164247918,0.005120059140429225,0.005790831626767216,"[{""move_vx"": -1.8276230972405143, ""move_vy"": -4.112151968791157, ""kick_power"": 0.0, ""kick_dir"": null}, {""move_vx"": -4.1012193308819755, ""move_vy"": 4.1012193308819755, ""kick_power"": 0.0, ""kick_dir"": null}, {""move_vx"": -3.8183766184073566, ""move_vy"": -3.8183766184073566, ""kick_power"": 0.0, ""kick_dir"": null}, {""move_vx"": 5.915309105291343, ""move_vy"": -0.541034369386407, ""kick_power"": 0.0, ""kick_dir"": null}, {""move_vx"": 5.976206699604828, ""move_vy"": -3.5674295344965636, ""kick_power"": 0.0, ""kick_dir"": null}, {""move_vx"": 6.099061466261081, ""move_vy"": 0.10700107835545762, ""kick_power"": 0.0, ""kick_dir"": null}, {""move_vx"": 0.0, ""move_vy"": 0.0, ""kick_power"": 0.0, ""kick_dir"": null}, {""move_vx"": 5.307509809445337, ""move_vy"": -0.9951580892710054, ""kick_power"": 0.0, ""kick_dir"": null}, {""move_vx"": 0.0, ""move_vy"": -6.1, ""kick_power"": 0.0, ""kick_dir"": null}, {""move_vx"": 0.0, ""move_vy"": 0.0, ""kick_power"": 0.0, ""kick_dir"": null}, {""move_vx"": 0.0, ""move_vy"": -6.0, ""kick_power"": 0.0, ""kick_dir"": null}, {""move_vx"": -0.0, ""move_vy"": -5.0, ""kick_power"": 0.0, ""kick_dir"": null}, {""move_vx"": -5.8, ""move_vy"": 0.0, ""kick_power"": 0.0, ""kick_dir"": null}, {""move_vx"": -3.8183766184073566, ""move_vy"": 3.8183766184073566, ""kick_power"": 0.0, ""kick_dir"": null}, {""move_vx"": -0.0, ""move_vy"": 5.4, ""kick_power"": 0.0, ""kick_dir"": null}, {""move_vx"": -5.795239614354601, ""move_vy"": -0.23494214652788756, ""kick_power"": 0.0, ""kick_dir"": null}, {""move_vx"": -4.242640687119285, ""move_vy"": 4.242640687119285, ""kick_power"": 0.0, ""kick_dir"": null}, {""move_vx"": -4.242640687119285, ""move_vy"": -4.242640687119285, ""kick_power"": 0.0, ""kick_dir"": null}, {""move_vx"": -0.0, ""move_vy"": 0.0, ""kick_power"": 0.0, ""kick_dir"": null}, {""move_vx"": -3.983876999298394, ""move_vy"": 4.592942853385095, ""kick_power"": 0.0, ""kick_dir"": null}, {""move_vx"": 6.0, ""move_vy"": 0.0, ""kick_power"": 0.0, ""kick_dir"": null}, {""move_vx"": -0.0, ""move_vy"": 0.0, ""kick_power"": 0.4, ""kick_dir"": [0.999780583974515, -0.02093658155725427]}]"
85,11,default,default,0,50.0,37.5,-1,,,-0.013805819120346188,0.00816726863040727,0.017751059347731742,"[{""move_vx"": -1.827623097240514, ""move_vy"": -4.112151968791157, ""kick_power"": 0.0, ""kick_dir"": null}, {""move_vx"": -4.1012193308819755, ""move_vy"": 4.1012193308819755, ""kick_power"": 0.0, ""kick_dir"": null}, {""move_vx"": 0.0, ""move_vy"": 0.0, ""kick_power"": 0.0, ""kick_dir"": null}, {""move_vx"": 5.915309105291343, ""move_vy"": -0.5410343693864075, ""kick_power"": 0.0, ""kick_dir"": null}, {""move_vx"": 5.976206699604828, ""move_vy"": -3.5674295344965636, ""kick_power"": 0.0, ""kick_dir"": null}, {""move_vx"": 0.0, ""move_vy"": 0.0, ""kick_power"": 0.0, ""kick_dir"": null}, {""move_vx"": 0.0, ""move_vy"": 0.0, ""kick_power"": 0.0, ""kick_dir"": null}, {""move_vx"": 5.307509809445337, ""move_vy"": -0.9951580892710059, ""kick_power"": 0.0, ""kick_dir"": null}, {""move_vx"": 0.0, ""move_vy"": -6.1, ""kick_power"": 0.0, ""kick_dir"": null}, {""move_vx"": 0.0, ""move_vy"": 0.0, ""kick_power"": 0.0, ""kick_dir"": null}, {""move_vx"": 0.0, ""move_vy"": -6.0, ""kick_power"": 0.0, ""kick_dir"": null}, {""move_vx"": -0.0, ""move_vy"": 0.0, ""kick_power"": 1.0, ""kick_dir"": [-0.9999346724605859, 0.011427758836173849]}, {""move_vx"": -5.8, ""move_vy"": 0.0, ""kick_power"": 0.0, ""kick_dir"": null}, {""move_vx"": -3.8183766184073566, ""move_vy"": 3.8183766184073566, ""kick_power"": 0.0, ""kick_dir"": null}, {""move_vx"": -0.0, ""move_vy"": 5.4, ""kick_power"": 0.0, ""kick_dir"": null}, {""move_vx"": -0.0, ""move_vy"": 0.0, ""kick_power"": 0.4, ""kick_dir"": [-0.970697516272453, -0.2403046130566244]}, {""move_vx"": -4.242640687119285, ""move_vy"": 4.242640687119285, ""kick_power"": 0.0, ""kick_dir"": null}, {""move_vx"": -4.242640687119285, ""move_vy"": -4.242640687119285, ""kick_power"": 0.0, ""kick_dir"": null}, {""move_vx"": -0.0, ""move_vy"": 0.0, ""kick_power"": 0.0, ""kick_dir"": null}, {""move_vx"": -3.9838769992983933, ""move_vy"": 4.592942853385096, ""kick_power"": 0.0, ""kick_dir"": null}, {""move_vx"": -6.278302434990873, ""move_vy"": 0.5224160552545124, ""kick_power"": 0.0, ""kick_dir"": null}, {""move_vx"": -4.525483399593904, ""move_vy"": -4.525483399593904, ""kick_power"": 0.0, ""kick_dir"": null}]"
85,12,default,default,0,50.34930180512259,37.47093467971399,20,B,,-0.01708709569694453,-0.011081503321481426,2.774174674084641,"[{""move_vx"": 4.705513824019884, ""move_vy"": 0.6485673842845973, ""kick_power"": 0.0, ""kick_dir"": null}, {""move_vx"": -4.1012193308819755, ""move_vy"": 4.1012193308819755, ""kick_power"": 0.0, ""kick_dir"": null}, {""move_vx"": 0.0, ""move_vy"": 0.0, ""kick_power"": 0.0, ""kick_dir"": null}, {""move_vx"": 5.9153091052913425, ""move_vy"": -0.5410343693864079, ""kick_power"": 0.0, ""kick_dir"": null}, {""move_vx"": 5.976206699604829, ""move_vy"": -3.5674295344965636, ""kick_power"": 0.0, ""kick_dir"": null}, {""move_vx"": 6.09906146626108, ""move_vy"": 0.10700107835545757, ""kick_power"": 0.0, ""kick_dir"": null}, {""move_vx"": 0.0, ""move_vy"": 0.0, ""kick_power"": 0.0, ""kick_dir"": null}, {""move_vx"": 5.307509809445337, ""move_vy"": -0.9951580892710066, ""kick_power"": 0.0, ""kick_dir"": null}, {""move_vx"": 0.0, ""move_vy"": -6.1, ""kick_power"": 0.0, ""kick_dir"": null}, {""move_vx"": 0.0, ""move_vy"": 0.0, ""kick_power"": 0.0, ""kick_dir"": null}, {""move_vx"": 0.0, ""move_vy"": -6.0, ""kick_power"": 0.0, ""kick_dir"": null}, {""move_vx"": -4.469864368574701, ""move_vy"": -0.5199158841065471, ""kick_power"": 0.0, ""kick_dir"": null}, {""move_vx"": -5.8, ""move_vy"": 0.0, ""kick_power"": 0.0, ""kick_dir"": null}, {""move_vx"": -3.8183766184073566, ""move_vy"": 3.8183766184073566, ""kick_power"": 0.0, ""kick_dir"": null}, {""move_vx"": -0.0, ""move_vy"": 0.0, ""kick_power"": 0.9, ""kick_dir"": [-0.30024773338887634, 0.9538611481070832]}, {""move_vx"": -0.0, ""move_vy"": 0.0, ""kick_power"": 0.4, ""kick_dir"": [0.30024773338887634, -0.9538611481070832]}, {""move_vx"": -4.242640687119285, ""move_vy"": 4.242640687119285, ""kick_power"": 0.0, ""kick_dir"": null}, {""move_vx"": -4.242640687119285, ""move_vy"": -4.242640687119285, ""kick_power"": 0.0, ""kick_dir"": null}, {""move_vx"": -0.0, ""move_vy"": 0.0, ""kick_power"": 0.0, ""kick_dir"": null}, {""move_vx"": -0.0, ""move_vy"": 6.4, ""kick_power"": 0.0, ""kick_dir"": null}, {""move_vx"": -6.278302434990874, ""move_vy"": 0.5224160552545096, ""kick_power"": 0.0, ""kick_dir"": null}, {""move_vx"": -0.0, ""move_vy"": 0.0, ""kick_power"": 0.4, ""kick_dir"": [0.9990728672001398, 0.043046378125156444]}]"
85,13,default,default,0,49.93074830945653,37.50576241673096,20,B,,-0.015449878222360464,0.03009295533464556,0.2973299967647033,"[{""move_vx"": -1.8422453101351821, ""move_vy"": -4.105622025623514, ""kick_power"": 0.0, ""kick_dir"": null}, {""move_vx"": 4.1012193308819755, ""move_vy"": -4.1012193308819755, ""kick_power"": 0.0, ""kick_dir"": null}, {""move_vx"": -3.8183766184073566, ""move_vy"": 3.8183766184073566, ""kick_power"": 0.0, ""kick_dir"": null}, {""move_vx"": 0.0, ""move_vy"": 0.0, ""kick_power"": 0.4, ""kick_dir"": [0.9958432708844406, -0.09108322599552894]}, {""move_vx"": 5.9926605978917795, ""move_vy"": -3.5397201808158987, ""kick_power"": 0.0, ""kick_dir"": null}, {""move_vx"": 4.313351365237939, ""move_vy"": 4.313351365237939, ""kick_power"": 0.0, ""kick_dir"": null}, {""move_vx"": 0.0, ""move_vy"": 0.0, ""kick_power"": 0.0, ""kick_dir"": null}, {""move_vx"": 0.0, ""move_vy"": 0.0, ""kick_power"": 0.4, ""kick_dir"": [-0.43988675591099136, 0.8980531358299204]}, {""move_vx"": -4.313351365237939, ""move_vy"": -4.313351365237939, ""kick_power"": 0.0, ""kick_dir"": null}, {""move_vx"": 0.0, ""move_vy"": 0.0, ""kick_power"": 0.0, ""kick_dir"": null}, {""move_vx"": 0.0, ""move_vy"": -6.0, ""kick_power"": 0.0, ""kick_dir"": null}, {""move_vx"": -5.249983963822723, ""move_vy"": 0.012976116686156941, ""kick_power"": 0.0, ""kick_dir"": null}, {""move_vx"": -5.798854047777914, ""move_vy"": 0.11528977651862014, ""kick_power"": 0.0, ""kick_dir"": null}, {""move_vx"": -5.4, ""move_vy"": 0.0, ""kick_power"": 0.0, ""kick_dir"": null}, {""move_vx"": -0.0, ""move_vy"": 5.4, ""kick_power"": 0.0, ""kick_dir"": null}, {""move_vx"": -6.758128347240976, ""move_vy"": -1.6641217630383767, ""kick_power"": 0.0, ""kick_dir"": null}, {""move_vx"": -7.4030022091903955, ""move_vy"": 1.202313723918234, ""kick_power"": 0.0, ""kick_dir"": null}, {""move_vx"": -6.0, ""move_vy"": 0.0, ""kick_power"": 0.0, ""kick_dir"": null}, {""move_vx"": -4.242640687119285, ""move_vy"": -4.242640687119285, ""kick_power"": 0.0, ""kick_dir"": null}, {""move_vx"": -0.0, ""move_vy"": 0.0, ""kick_power"": 0.4, ""kick_dir"": [0.9504668682120755, -0.3108250566270192]}, {""move_vx"": -6.278302434990876, ""move_vy"": 0.522416055254481, ""kick_power"": 0.0, ""kick_dir"": null}, {""move_vx"": -0.0, ""move_vy"": 0.0, ""kick_power"": 0.4, ""kick_dir"": [0.9990728672001398, 0.043046378125156444]}]"
85,14,default,default,0,49.51219481379047,37.54059015374793,20,B,,-0.013834757263207301,0.029281651516346867,0.30294623937824694,"[{""move_vx"": -1.8422453101351826, ""move_vy"": -4.105622025623513, ""kick_power"": 0.0, ""kick_dir"": null}, {""move_vx"": 4.1012193308819755, ""move_vy"": -4.1012193308819755, ""kick_power"": 0.0, ""kick_dir"": null}, {""move_vx"": -3.8183766184073566, ""move_vy"": 3.8183766184073566, ""kick_power"": 0.0, ""kick_dir"": null}, {""move_vx"": 0.0, ""move_vy"": 0.0, ""kick_power"": 0.4, ""kick_dir"": [0.9959502818693754, -0.08990556258884806]}, {""move_vx"": 5.972607594854084, ""move_vy"": -3.5734519050760043, ""kick_power"": 0.0, ""kick_dir"": null}, {""move_vx"": 4.313351365237939, ""move_vy"": 4.313351365237939, ""kick_power"": 0.0, ""kick_dir"": null}, {""move_vx"": 0.0, ""move_vy"": 0.0, ""kick_power"": 0.0, ""kick_dir"": null}, {""move_vx"": 0.0, ""move_vy"": 0.0, ""kick_power"": 0.4, ""kick_dir"": [-0.47578877601600983, 0.8795594526358598]}, {""move_vx"": -4.313351365237939, ""move_vy"": -4.313351365237939, ""kick_power"": 0.0, ""kick_dir"": null}, {""move_vx"": 0.0, ""move_vy"": 0.0, ""kick_power"": 0.0, ""kick_dir"": null}, {""move_vx"": 0.0, ""move_vy"": -6.0, ""kick_power"": 0.0, ""kick_dir"": null}, {""move_vx"": -5.249984058340494, ""move_vy"": 0.01293781939428337, ""kick_power"": 0.0, ""kick_dir"": null}, {""move_vx"": -5.798854047777914, ""move_vy"": 0.11528977651862027, ""kick_power"": 0.0, ""kick_dir"": null}, {""move_vx"": -5.4, ""move_vy"": 0.0, ""kick_power"": 0.0, ""kick_dir"": null}, {""move_vx"": -0.0, ""move_vy"": 0.0, ""kick_power"": 0.9, ""kick_dir"": [-0.972013421655332, 0.23492524266725384]}, {""move_vx"": -6.758128347240976, ""move_vy"": -1.664121763038377, ""kick_power"": 0.0, ""kick_dir"": null}, {""move_vx"": -7.403002209190395, ""move_vy"": 1.2023137239182338, ""kick_power"": 0.0, ""kick_dir"": null}, {""move_vx"": -6.0, ""move_vy"": 0.0, ""kick_power"": 0.0, ""kick_dir"": null}, {""move_vx"": -4.242640687119285, ""move_vy"": -4.242640687119285, ""kick_power"": 0.0, ""kick_dir"": null}, {""move_vx"": -0.0, ""move_vy"": 0.0, ""kick_power"": 0.4, ""kick_dir"": [0.9431139474709443, -0.3324687806026025]}, {""move_vx"": -6.278302434990876, ""move_vy"": 0.522416055254481, ""kick_power"": 0.0, ""kick_dir"": null}, {""move_vx"": -0.0, ""move_vy"": 0.0, ""kick_power"": 0.4, ""kick_dir"": [0.9998605389051516, -0.01668715348681799]}]"
85,15,default,default,0,49.09364131812441,37.575417890764896,20,B,,-0.012242153995490898,0.028842435762287493,0.30092915749868765,"[{""move_vx"": -1.8422453101351834, ""move_vy"": -4.105622025623513, ""kick_power"": 0.0, ""kick_dir"": null}, {""move_vx"": 4.1012193308819755, ""move_vy"": -4.1012193308819755, ""kick_power"": 0.0, ""kick_dir"": null}, {""move_vx"": -3.8183766184073566, ""move_vy"": 3.8183766184073566, ""kick_power"": 0.0, ""kick_dir"": null}, {""move_vx"": 0.0, ""move_vy"": 0.0, ""kick_power"": 0.4, ""kick_dir"": [0.9960557692972369, -0.0887292426753094]}, {""move_vx"": 5.951580501575606, ""move_vy"": -3.6083638305006134, ""kick_power"": 0.0, ""kick_dir"": null}, {""move_vx"": 4.313351365237939, ""move_vy"": 4.313351365237939, ""kick_power"": 0.0, ""kick_dir"": null}, {""move_vx"": 0.0, ""move_vy"": 0.0, ""kick_power"": 0.0, ""kick_dir"": null}, {""move_vx"": 0.0, ""move_vy"": 0.0, ""kick_power"": 0.4, ""kick_dir"": [-0.5117701280185653, 0.8591222984910323]}, {""move_vx"": -4.313351365237939, ""move_vy"": -4.313351365237939, ""kick_power"": 0.0, ""kick_dir"": null}, {""move_vx"": 0.0, ""move_vy"": 0.0, ""kick_power"": 0.0, ""kick_dir"": null}, {""move_vx"": 0.0, ""move_vy"": -6.0, ""kick_power"": 0.0, ""kick_dir"": null}, {""move_vx"": -5.2499841523704545, ""move_vy"": 0.012899606934816342, ""kick_power"": 0.0, ""kick_dir"": null}, {""move_vx"": -5.798854047777914, ""move_vy"": 0.11528977651862037, ""kick_power"": 0.0, ""kick_dir"": null}, {""move_vx"": -5.4, ""move_vy"": 0.0, ""kick_power"": 0.0, ""kick_dir"": null}, {""move_vx"": -0.0, ""move_vy"": 0.0, ""kick_power"": 0.9, ""kick_dir"": [-0.9710603711354692, 0.23883407840466764]}, {""move_vx"": -6.758128347240976, ""move_vy"": -1.6641217630383776, ""kick_power"": 0.0, ""kick_dir"": null}, {""move_vx"": -7.4030022091903955, ""move_vy"": 1.2023137239182338, ""kick_power"": 0.0, ""kick_dir"": null}, {""move_vx"": -6.0, ""move_vy"": 0.0, ""kick_power"": 0.0, ""kick_dir"": null}, {""move_vx"": -0.0, ""move_vy"": 0.0, ""kick_power"": 0.4, ""kick_dir"": [-0.9832860178508822, -0.18206750490965043]}, {""move_vx"": -0.0, ""move_vy"": 0.0, ""kick_power"": 0.4, ""kick_dir"": [0.9324823897011318, -0.36121447960027425]}, {""move_vx"": -6.278302434990876, ""move_vy"": 0.522416055254481, ""kick_power"": 0.0, ""kick_dir"": null}, {""move_vx"": -0.0, ""move_vy"": 0.0, ""kick_power"": 0.4, ""kick_dir"": [0.996454417588224, -0.08413158858630489]}]"
85,16,default,default,0,48.67508782245835,37.610245627781865,20,B,,-0.01067249691663227,0.027976133359385234,0.302904213973113,"[{""move_vx"": -1.8422453101351843, ""move_vy"": -4.105622025623513, ""kick_power"": 0.0, ""kick_dir"": null}, {""move_vx"": 4.1012193308819755, ""move_vy"": -4.1012193308819755, ""kick_power"": 0.0, ""kick_dir"": null}, {""move_vx"": -3.8183766184073566, ""move_vy"": 3.8183766184073566, ""kick_power"": 0.0, ""kick_dir"": null}, {""move_vx"": 0.0, ""move_vy"": 0.0, ""kick_power"": 0.4, ""kick_dir"": [0.9961596248975493, -0.08755555776389246]}, {""move_vx"": 5.929505789501983, ""move_vy"": -3.6445248102136, ""kick_power"": 0.0, ""kick_dir"": null}, {""move_vx"": 0.0, ""move_vy"": 0.0, ""kick_power"": 0.7, ""kick_dir"": [0.9650194915671416, 0.2621780869374324]}, {""move_vx"": 0.0, ""move_vy"": 0.0, ""kick_power"": 0.0, ""kick_dir"": null}, {""move_vx"": 0.0, ""move_vy"": 0.0, ""kick_power"": 0.4, ""kick_dir"": [-0.5476166458051475, 0.8367292243314466]}, {""move_vx"": -4.313351365237939, ""move_vy"": -4.313351365237939, ""kick_power"": 0.0, ""kick_dir"": null}, {""move_vx"": 0.0, ""move_vy"": 0.0, ""kick_power"": 0.0, ""kick_dir"": null}, {""move_vx"": 7.192211229910346, ""move_vy"": -0.33480983311650764, ""kick_power"": 0.0, ""kick_dir"": null}, {""move_vx"": -5.249984245914767, ""move_vy"": 0.012861479182408863, ""kick_power"": 0.0, ""kick_dir"": null}, {""move_vx"": -5.798854047777914, ""move_vy"": 0.11528977651862049, ""kick_power"": 0.0, ""kick_dir"": null}, {""move_vx"": -5.4, ""move_vy"": 0.0, ""kick_power"": 0.0, ""kick_dir"": null}, {""move_vx"": -0.0, ""move_vy"": 0.0, ""kick_power"": 0.9, ""kick_dir"": [-0.9700859771988509, 0.2427615251966682]}, {""move_vx"": -6.758128347240976, ""move_vy"": -1.664121763038378, ""kick_power"": 0.0, ""kick_dir"": null}, {""move_vx"": -7.403002209190395, ""move_vy"": 1.2023137239182338, ""kick_power"": 0.0, ""kick_dir"": null}, {""move_vx"": -6.0, ""move_vy"": 0.0, ""kick_power"": 0.0, ""kick_dir"": null}, {""move_vx"": -0.0, ""move_vy"": 0.0, ""kick_power"": 0.4, ""kick_dir"": [-0.9832860178508822, -0.18206750490965043]}, {""move_vx"": -0.0, ""move_vy"": 0.0, ""kick_power"": 0.4, ""kick_dir"": [0.9160371741195913, -0.40109233664934646]}, {""move_vx"": -6.278302434990876, ""move_vy"": 0.522416055254481, ""kick_power"": 0.0, ""kick_dir"": null}, {""move_vx"": -0.0, ""move_vy"": 0.0, ""kick_power"": 0.4, ""kick_dir"": [0.996454417588224, -0.08413158858630489]}]"
85,17,default,default,0,48.25653432679229,37.64507336479883,20,B,,-0.00912622185956013,0.025172410415082308,0.3048904408528424,"[{""move_vx"": -1.8422453101351854, ""move_vy"": -4.1056220256235125, ""kick_power"": 0.0, ""kick_dir"": null}, {""move_vx"": 4.1012193308819755, ""move_vy"": 4.1012193308819755, ""kick_power"": 0.0, ""kick_dir"": null}, {""move_vx"": -3.8183766184073566, ""move_vy"": 3.8183766184073566, ""kick_power"": 0.0, ""kick_dir"": null}, {""move_vx"": 0.0, ""move_vy"": 0.0, ""kick_power"": 0.4, ""kick_dir"": [0.9962617091203908, -0.08638623053812138]}, {""move_vx"": 5.906302359264393, ""move_vy"": -3.6820092939790188, ""kick_power"": 0.0, ""kick_dir"": null}, {""move_vx"": -6.1, ""move_vy"": 0.0, ""kick_power"": 0.0, ""kick_dir"": null}, {""move_vx"": 0.0, ""move_vy"": 0.0, ""kick_power"": 0.0, ""kick_dir"": null}, {""move_vx"": 0.0, ""move_vy"": 0.0, ""kick_power"": 0.4, ""kick_dir"": [-0.5831018486924605, 0.8123989278286343]}, {""move_vx"": -4.313351365237939, ""move_vy"": -4.313351365237939, ""kick_power"": 0.0, ""kick_dir"": null}, {""move_vx"": 0.0, ""move_vy"": 0.0, ""kick_power"": 0.0, ""kick_dir"": null}, {""move_vx"": 0.0, ""move_vy"": -6.0, ""kick_power"": 0.0, ""kick_dir"": null}, {""move_vx"": -5.2499843389755805, ""move_vy"": 0.01282343601180562, ""kick_power"": 0.0, ""kick_dir"": null}, {""move_vx"": -5.798854047777914, ""move_vy"": 0.1152897765186206, ""kick_power"": 0.0, ""kick_dir"": null}, {""move_vx"": -5.4, ""move_vy"": 0.0, ""kick_power"": 0.0, ""kick_dir"": null}, {""move_vx"": -0.0, ""move_vy"": 0.0, ""kick_power"": 0.4, ""kick_dir"": [-0.42031614213507473, 0.9073776148160841]}, {""move_vx"": -6.758128347240976, ""move_vy"": -1.6641217630383784, ""kick_power"": 0.0, ""kick_dir"": null}, {""move_vx"": -7.402752209863761, ""move_vy"": 1.203852033830243, ""kick_power"": 0.0, ""kick_dir"": null}, {""move_vx"": -6.0, ""move_vy"": 0.0, ""kick_power"": 0.0, ""kick_dir"": null}, {""move_vx"": -0.0, ""move_vy"": 0.0, ""kick_power"": 0.4, ""kick_dir"": [-0.9832860178508822, -0.18206750490965043]}, {""move_vx"": -0.0, ""move_vy"": 0.0, ""kick_power"": 0.4, ""kick_dir"": [0.8881008539200896, -0.459647553313577]}, {""move_vx"": -6.278302434990876, ""move_vy"": 0.522416055254481, ""kick_power"": 0.0, ""kick_dir"": null}, {""move_vx"": -0.0, ""move_vy"": 0.0, ""kick_power"": 0.4, ""kick_dir"": [0.996454417588224, -0.08413158858630489]}]"
85,18,default,default,0,47.83798083112623,37.6799011018158,20,B,,-0.007603771997381651,0.02902151985229548,0.304764607408598,"[{""move_vx"": -1.842245310135186, ""move_vy"": -4.105622025623512, ""kick_power"": 0.0, ""kick_dir"": null}, {""move_vx"": 4.1012193308819755, ""move_vy"": -4.1012193308819755, ""kick_power"": 0.0, ""kick_dir"": null}, {""move_vx"": -3.8183766184073566, ""move_vy"": 3.8183766184073566, ""kick_power"": 0.0, ""kick_dir"": null}, {""move_vx"": 0.0, ""move_vy"": 0.0, ""kick_power"": 0.4, ""kick_dir"": [0.9963618324674108, -0.08522366222055955]}, {""move_vx"": 5.881880547247057, ""move_vy"": -3.720897906139949, ""kick_power"": 0.0, ""kick_dir"": null}, {""move_vx"": -6.1, ""move_vy"": 0.0, ""kick_power"": 0.0, ""kick_dir"": null}, {""move_vx"": 0.0, ""move_vy"": 0.0, ""kick_power"": 0.0, ""kick_dir"": null}, {""move_vx"": 0.0, ""move_vy"": 0.0, ""kick_power"": 0.4, ""kick_dir"": [-0.6179926424437063, 0.7861837421541967]}, {""move_vx"": -4.313351365237939, ""move_vy"": -4.313351365237939, ""kick_power"": 0.0, ""kick_dir"": null}, {""move_vx"": 5.491890194536594, ""move_vy"": 2.416431685596101, ""kick_power"": 0.0, ""kick_dir"": null}, {""move_vx"": 7.194361913745178, ""move_vy"": -0.2848800695956368, ""kick_power"": 0.0, ""kick_dir"": null}, {""move_vx"": -0.0, ""move_vy"": 0.0, ""kick_power"": 0.9, ""kick_dir"": [-0.9999830473075957, 0.005818468954858551]}, {""move_vx"": -5.798854047777914, ""move_vy"": 0.11528977651862073, ""kick_power"": 0.0, ""kick_dir"": null}, {""move_vx"": -5.181574009898918, ""move_vy"": 1.5202929914789642, ""kick_power"": 0.0, ""kick_dir"": null}, {""move_vx"": -0.0, ""move_vy"": 0.0, ""kick_power"": 0.9, ""kick_dir"": [-0.968072116524064, 0.2506717739084806]}, {""move_vx"": -6.758128347240975, ""move_vy"": -1.664121763038379, ""kick_power"": 0.0, ""kick_dir"": null}, {""move_vx"": -7.4009617827753935, ""move_vy"": 1.2148105572055536, ""kick_power"": 0.0, ""kick_dir"": null}, {""move_vx"": -6.0, ""move_vy"": 0.0, ""kick_power"": 0.0, ""kick_dir"": null}, {""move_vx"": -0.0, ""move_vy"": 0.0, ""kick_power"": 0.4, ""kick_dir"": [-0.9832860178508822, -0.18206750490965043]}, {""move_vx"": -0.0, ""move_vy"": 0.0, ""kick_power"": 0.4, ""kick_dir"": [0.8410382818478201, -0.5409746837581374]}, {""move_vx"": -6.278302434990876, ""move_vy"": 0.522416055254481, ""kick_power"": 0.0, ""kick_dir"": null}, {""move_vx"": -0.0, ""move_vy"": 0.0, ""kick_power"": 0.4, ""kick_dir"": [0.996454417588224, -0.08413158858630489]}]"
85,19,default,default,0,47.41942733546017,37.71472883883277,20,B,,-0.004419484198803721,0.023800507848845912,0.3128690309738065,"[{""move_vx"": 0.0, ""move_vy"": 0.0, ""kick_power"": 0.0, ""kick_dir"": null}, {""move_vx"": 4.1012193308819755, ""move_vy"": -4.1012193308819755, ""kick_power"": 0.0, ""kick_dir"": null}, {""move_vx"": -3.8183766184073566, ""move_vy"": 3.8183766184073566, ""kick_power"": 0.0, ""kick_dir"": null}, {""move_vx"": 0.0, ""move_vy"": 0.0, ""kick_power"": 0.4, ""kick_dir"": [0.9964597185967256, -0.08407141563913452]}, {""move_vx"": 5.856140972879262, ""move_vy"": -3.761278094712582, ""kick_power"": 0.0, ""kick_dir"": null}, {""move_vx"": -6.1, ""move_vy"": 0.0, ""kick_power"": 0.0, ""kick_dir"": null}, {""move_vx"": 0.0, ""move_vy"": 0.0, ""kick_power"": 0.0, ""kick_dir"": null}, {""move_vx"": 0.0, ""move_vy"": 0.0, ""kick_power"": 0.4, ""kick_dir"": [-0.6520558841120905, 0.758170762823229]}, {""move_vx"": -4.313351365237939, ""move_vy"": -4.313351365237939, ""kick_power"": 0.0, ""kick_dir"": null}, {""move_vx"": 5.491890194536594, ""move_vy"": 2.416431685596101, ""kick_power"": 0.0, ""kick_dir"": null}, {""move_vx"": 0.0, ""move_vy"": 6.0, ""kick_power"": 0.0, ""kick_dir"": null}, {""move_vx"": -5.24999745820819, ""move_vy"": 0.005166121131795744, ""kick_power"": 0.0, ""kick_dir"": null}, {""move_vx"": -5.798854047777914, ""move_vy"": 0.11528977651862085, ""kick_power"": 0.0, ""kick_dir"": null}, {""move_vx"": -5.181574009898918, ""move_vy"": 1.5202929914789642, ""kick_power"": 0.0, ""kick_dir"": null}, {""move_vx"": -0.0, ""move_vy"": 0.0, ""kick_power"": 0.9, ""kick_dir"": [-0.967032132918448, 0.2546543045083802]}, {""move_vx"": -6.7581283472409766, ""move_vy"": -1.6641217630383798, ""kick_power"": 0.0, ""kick_dir"": null}, {""move_vx"": -7.3987637225656595, ""move_vy"": 1.2281267758852727, ""kick_power"": 0.0, ""kick_dir"": null}, {""move_vx"": -6.0, ""move_vy"": 0.0, ""kick_power"": 0.0, ""kick_dir"": null}, {""move_vx"": -4.242640687119285, ""move_vy"": -4.242640687119285, ""kick_power"": 0.0, ""kick_dir"": null}, {""move_vx"": -0.0, ""move_vy"": 0.0, ""kick_power"": 0.4, ""kick_dir"": [0.7708034879365242, -0.6370721960544494]}, {""move_vx"": -6.278302434990876, ""move_vy"": 0.522416055254481, ""kick_power"": 0.0, ""kick_dir"": null}, {""move_vx"": -0.0, ""move_vy"": 0.0, ""kick_power"": 0.4, ""kick_dir"": [0.996454417588224, -0.08413158858630489]}]"
85,20,default,default,0,47.00087383979411,37.74955657584974,20,B,,-0.0012339549293883347,0.029007985430315728,0.30710841071496087,"[{""move_vx"": 0.0, ""move_vy"": 0.0, ""kick_power"": 0.0, ""kick_dir"": null}, {""move_vx"": 4.1012193308819755, ""move_vy"": -4.1012193308819755, ""kick_power"": 0.0, ""kick_dir"": null}, {""move_vx"": -3.8183766184073566, ""move_vy"": 3.8183766184073566, ""kick_power"": 0.0, ""kick_dir"": null}, {""move_vx"": 0.0, ""move_vy"": 0.0, ""kick_power"": 0.4, ""kick_dir"": [0.9965549199565162, -0.08293530693539093]}, {""move_vx"": 5.828973196338676, ""move_vy"": -3.8032448614788494, ""kick_power"": 0.0, ""kick_dir"": null}, {""move_vx"": -6.1, ""move_vy"": 0.0, ""kick_power"": 0.0, ""kick_dir"": null}, {""move_vx"": 0.0, ""move_vy"": 0.0, ""kick_power"": 0.0, ""kick_dir"": null}, {""move_vx"": 0.0, ""move_vy"": 0.0, ""kick_power"": 0.4, ""kick_dir"": [-0.6850654417264597, 0.7284813804368017]}, {""move_vx"": -4.313351365237939, ""move_vy"": -4.313351365237939, ""kick_power"": 0.0, ""kick_dir"": null}, {""move_vx"": 5.4918901945365945, ""move_vy"": 2.416431685596101, ""kick_power"": 0.0, ""kick_dir"": null}, {""move_vx"": 7.1921916828767145, ""move_vy"": -0.33522946881057814, ""kick_power"": 0.0, ""kick_dir"": null}, {""move_vx"": -5.249997473221999, ""move_vy"": 0.005150840962647329, ""kick_power"": 0.0, ""kick_dir"": null}, {""move_vx"": -5.798854047777914, ""move_vy"": 0.11528977651862095, ""kick_power"": 0.0, ""kick_dir"": null}, {""move_vx"": -5.181574009898917, ""move_vy"": 1.5202929914789642, ""kick_power"": 0.0, ""kick_dir"": null}, {""move_vx"": -0.0, ""move_vy"": 0.0, ""kick_power"": 0.9, ""kick_dir"": [-0.965969773369388, 0.25865490081091214]}, {""move_vx"": -6.758128347240976, ""move_vy"": -1.6641217630383802, ""kick_power"": 0.0, ""kick_dir"": null}, {""move_vx"": -7.396187004668677, ""move_vy"": 1.2435504782557727, ""kick_power"": 0.0, ""kick_dir"": null}, {""move_vx"": -0.0, ""move_vy"": 0.0, ""kick_power"": 0.0, ""kick_dir"": null}, {""move_vx"": -0.0, ""move_vy"": 0.0, ""kick_power"": 0.4, ""kick_dir"": [-0.9839176877175131, -0.17862237509675088]}, {""move_vx"": -0.0, ""move_vy"": 0.0, ""kick_power"": 0.4, ""kick_dir"": [0.668114128403785, -0.7440581371290824]}, {""move_vx"": -6.278302434990876, ""move_vy"": 0.522416055254481, ""kick_power"": 0.0, ""kick_dir"": null}, {""move_vx"": -0.0, ""move_vy"": 0.0, ""kick_power"": 0.4, ""kick_dir"": [0.9871548144863487, -0.15976505858976037]}]"
85,21,default,default,0,46.58232034412805,37.784384312866706,20,B,,0.00195312387990579,0.021406908851320648,0.3136168912918043,"[{""move_vx"": 0.0, ""move_vy"": 0.0, ""kick_power"": 0.0, ""kick_dir"": null}, {""move_vx"": 4.1012193308819755, ""move_vy"": -4.1012193308819755, ""kick_power"": 0.0, ""kick_dir"": null}, {""move_vx"": -3.8183766184073566, ""move_vy"": 3.8183766184073566, ""kick_power"": 0.0, ""kick_dir"": null}, {""move_vx"": 0.0, ""move_vy"": 0.0, ""kick_power"": 0.4, ""kick_dir"": [0.9966465727559453, -0.08182653940833194]}, {""move_vx"": 5.800254149648218, ""move_vy"": -3.8469015843258365, ""kick_power"": 0.0, ""kick_dir"": null}, {""move_vx"": -6.1, ""move_vy"": 0.0, ""kick_power"": 0.0, ""kick_dir"": null}, {""move_vx"": 0.0, ""move_vy"": 0.0, ""kick_power"": 0.0, ""kick_dir"": null}, {""move_vx"": 0.0, ""move_vy"": 0.0, ""kick_power"": 0.4, ""kick_dir"": [-0.7168092934439355, 0.6972691143604882]}, {""move_vx"": -4.313351365237939, ""move_vy"": -4.313351365237939, ""kick_power"": 0.0, ""kick_dir"": null}, {""move_vx"": 5.4918901945365945, ""move_vy"": 2.4164316855961006, ""kick_power"": 0.0, ""kick_dir"": null}, {""move_vx"": 0.0, ""move_vy"": 6.0, ""kick_power"": 0.0, ""kick_dir"": null}, {""move_vx"": -5.2499974881581535, ""move_vy"": 0.005135594714795193, ""kick_power"": 0.0, ""kick_dir"": null}, {""move_vx"": -5.798854047777913, ""move_vy"": 0.11528977651862107, ""kick_power"": 0.0, ""kick_dir"": null}, {""move_vx"": -5.181574009898918, ""move_vy"": 1.5202929914789645, ""kick_power"": 0.0, ""kick_dir"": null}, {""move_vx"": -0.0, ""move_vy"": 0.0, ""kick_power"": 0.9, ""kick_dir"": [-0.9648847867676483, 0.26267338829092207]}, {""move_vx"": -6.758128347240976, ""move_vy"": -1.6641217630383807, ""kick_power"": 0.0, ""kick_dir"": null}, {""move_vx"": -7.393391106488894, ""move_vy"": 1.2600666436704582, ""kick_power"": 0.0, ""kick_dir"": null}, {""move_vx"": -0.0, ""move_vy"": 0.0, ""kick_power"": 0.0, ""kick_dir"": null}, {""move_vx"": -0.0, ""move_vy"": 0.0, ""kick_power"": 0.4, ""kick_dir"": [-0.9839176877175131, -0.17862237509675088]}, {""move_vx"": -5.0338350511317, ""move_vy"": 4.451842840666989, ""kick_power"": 0.0, ""kick_dir"": null}, {""move_vx"": -6.278302434990876, ""move_vy"": 0.522416055254481, ""kick_power"": 0.0, ""kick_dir"": null}, {""move_vx"": -0.0, ""move_vy"": 0.0, ""kick_power"": 0.0, ""kick_dir"": null}]"
85,22,default,default,0,46.16376684846199,37.819212049883674,20,B,,0.0051421001574531895,0.029078735419169888,0.31926056946981174,"[{""move_vx"": 0.0, ""move_vy"": 0.0, ""kick_power"": 0.0, ""kick_dir"": null}, {""move_vx"": 4.1012193308819755, ""move_vy"": -4.1012193308819755, ""kick_power"": 0.0, ""kick_dir"": null}, {""move_vx"": -3.8183766184073566, ""move_vy"": 3.8183766184073566, ""kick_power"": 0.0, ""kick_dir"": null}, {""move_vx"": 0.0, ""move_vy"": 0.0, ""kick_power"": 0.4, ""kick_dir"": [0.9967322164502825, -0.08077661876063293]}, {""move_vx"": 5.769846295749344, ""move_vy"": -3.892360944648834, ""kick_power"": 0.0, ""kick_dir"": null}, {""move_vx"": 3.272300118171974, ""move_vy"": 4.78268511786127, ""kick_power"": 0.0, ""kick_dir"": null}, {""move_vx"": 0.0, ""move_vy"": 0.0, ""kick_power"": 0.0, ""kick_dir"": null}, {""move_vx"": 0.0, ""move_vy"": 0.0, ""kick_power"": 0.4, ""kick_dir"": [-0.7470961723935731, 0.6647157968293806]}, {""move_vx"": -4.313351365237939, ""move_vy"": -4.313351365237939, ""kick_power"": 0.0, ""kick_dir"": null}, {""move_vx"": 5.4918901945365945, ""move_vy"": 2.4164316855961, ""kick_power"": 0.0, ""kick_dir"": null}, {""move_vx"": 7.189647983036013, ""move_vy"": -0.3859558006121658, ""kick_power"": 0.0, ""kick_dir"": null}, {""move_vx"": -5.249997503016998, ""move_vy"": 0.005120382338001893, ""kick_power"": 0.0, ""kick_dir"": null}, {""move_vx"": -5.798854047777913, ""move_vy"": 0.11528977651862121, ""kick_power"": 0.0, ""kick_dir"": null}, {""move_vx"": -5.4, ""move_vy"": 0.0, ""kick_power"": 0.0, ""kick_dir"": null}, {""move_vx"": -0.0, ""move_vy"": 0.0, ""kick_power"": 0.9, ""kick_dir"": [-0.9637769264636618, 0.2667095733994699]}, {""move_vx"": -6.758128347240974, ""move_vy"": -1.6641217630383807, ""kick_power"": 0.0, ""kick_dir"": null}, {""move_vx"": -7.3933911064888935, ""move_vy"": 1.260066643670458, ""kick_power"": 0.0, ""kick_dir"": null}, {""move_vx"": -5.170929623154599, ""move_vy"": 1.5561127312576801, ""kick_power"": 0.0, ""kick_dir"": null}, {""move_vx"": -0.0, ""move_vy"": 0.0, ""kick_power"": 0.4, ""kick_dir"": [-0.9839176877175131, -0.17862237509675088]}, {""move_vx"": -5.122391967955155, ""move_vy"": 4.349655219282161, ""kick_power"": 0.0, ""kick_dir"": null}, {""move_vx"": -6.278302434990876, ""move_vy"": 0.522416055254481, ""kick_power"": 0.0, ""kick_dir"": null}, {""move_vx"": -0.0, ""move_vy"": 0.0, ""kick_power"": 0.0, ""kick_dir"": null}]"
85,23,default,default,0,45.74521335279593,37.85403978690064,20,B,,0.00833336587815014,0.02219374259791682,0.32129297406363455,"[{""move_vx"": 0.0, ""move_vy"": 0.0, ""kick_power"": 0.0, ""kick_dir"": null}, {""move_vx"": 4.1012193308819755, ""move_vy"": -4.1012193308819755, ""kick_power"": 0.0, ""kick_dir"": null}, {""move_vx"": -3.8183766184073566, ""move_vy"": 3.8183766184073566, ""kick_power"": 0.0, ""kick_dir"": null}, {""move_vx"": 0.0, ""move_vy"": 0.0, ""kick_power"": 0.4, ""kick_dir"": [0.9967234281345302, -0.08088498782335851]}, {""move_vx"": 5.737595459556851, ""move_vy"": -3.9397459743583223, ""kick_power"": 0.0, ""kick_dir"": null}, {""move_vx"": 0.0, ""move_vy"": 0.0, ""kick_power"": 0.7, ""kick_dir"": [0.9681666907398964, 0.25030626871187556]}, {""move_vx"": 0.0, ""move_vy"": 0.0, ""kick_power"": 0.0, ""kick_dir"": null}, {""move_vx"": 0.0, ""move_vy"": 0.0, ""kick_power"": 0.4, ""kick_dir"": [-0.7757612837548024, 0.6310263170144698]}, {""move_vx"": -4.313351365237939, ""move_vy"": -4.313351365237939, ""kick_power"": 0.0, ""kick_dir"": null}, {""move_vx"": 5.4918901945365945, ""move_vy"": 2.4164316855961, ""kick_power"": 0.0, ""kick_dir"": null}, {""move_vx"": -4.242640687119285, ""move_vy"": -4.242640687119285, ""kick_power"": 0.0, ""kick_dir"": null}, {""move_vx"": -5.2499975177988745, ""move_vy"": 0.005105203782065097, ""kick_power"": 0.0, ""kick_dir"": null}, {""move_vx"": -5.798854047777913, ""move_vy"": 0.11528977651862132, ""kick_power"": 0.0, ""kick_dir"": null}, {""move_vx"": -5.4, ""move_vy"": 0.0, ""kick_power"": 0.0, ""kick_dir"": null}, {""move_vx"": -0.0, ""move_vy"": 0.0, ""kick_power"": 0.9, ""kick_dir"": [-0.9626459513991145, 0.27076324096165405]}, {""move_vx"": -6.758128347240974, ""move_vy"": -1.6641217630383813, ""kick_power"": 0.0, ""kick_dir"": null}, {""move_vx"": -7.3933911064888935, ""move_vy"": 1.2600666436704577, ""kick_power"": 0.0, ""kick_dir"": null}, {""move_vx"": -5.181405126351656, ""move_vy"": 1.5208684744634504, ""kick_power"": 0.0, ""kick_dir"": null}, {""move_vx"": -0.0, ""move_vy"": 0.0, ""kick_power"": 0.4, ""kick_dir"": [-0.9839176877175131, -0.17862237509675088]}, {""move_vx"": -5.207251595263007, ""move_vy"": 4.2476971200440925, ""kick_power"": 0.0, ""kick_dir"": null}, {""move_vx"": -6.278302434990876, ""move_vy"": 0.522416055254481, ""kick_power"": 0.0, ""kick_dir"": null}, {""move_vx"": -0.0, ""move_vy"": 0.0, ""kick_power"": 0.0, ""kick_dir"": null}]"
85,24,default,default,0,45.32665985712987,37.88886752391761,20,B,,0.011527361171177882,0.01897617554041179,0.3260709001747496,"[{""move_vx"": 0.0, ""move_vy"": 0.0, ""kick_power"": 0.0, ""kick_dir"": null}, {""move_vx"": 4.1012193308819755, ""move_vy"": -4.1012193308819755, ""kick_power"": 0.0, ""kick_dir"": null}, {""move_vx"": -3.8183766184073566, ""move_vy"": 3.8183766184073566, ""kick_power"": 0.0, ""kick_dir"": null}, {""move_vx"": 0.0, ""move_vy"": 0.0, ""kick_power"": 0.4, ""kick_dir"": [0.9967151895099314, -0.08098644606813278]}, {""move_vx"": 5.7033282616076875, ""move_vy"": -3.9891912388787576, ""kick_power"": 0.0, ""kick_dir"": null}, {""move_vx"": -6.1, ""move_vy"": 0.0, ""kick_power"": 0.0, ""kick_dir"": null}, {""move_vx"": 0.0, ""move_vy"": 0.0, ""kick_power"": 0.0, ""kick_dir"": null}, {""move_vx"": 0.0, ""move_vy"": 0.0, ""kick_power"": 0.4, ""kick_dir"": [-0.802670699983057, 0.5964222755045985]}, {""move_vx"": -4.313351365237939, ""move_vy"": -4.313351365237939, ""kick_power"": 0.0, ""kick_dir"": null}, {""move_vx"": 5.4918901945365945, ""move_vy"": 2.4164316855961, ""kick_power"": 0.0, ""kick_dir"": null}, {""move_vx"": -4.242640687119285, ""move_vy"": -4.242640687119285, ""kick_power"": 0.0, ""kick_dir"": null}, {""move_vx"": -5.249997532504126, ""move_vy"": 0.005090058996821664, ""kick_power"": 0.0, ""kick_dir"": null}, {""move_vx"": -5.798854047777913, ""move_vy"": 0.11528977651862145, ""kick_power"": 0.0, ""kick_dir"": null}, {""move_vx"": -5.4, ""move_vy"": 0.0, ""kick_power"": 0.0, ""kick_dir"": null}, {""move_vx"": -0.0, ""move_vy"": 0.0, ""kick_power"": 0.9, ""kick_dir"": [-0.9614916274957092, 0.2748341509547482]}, {""move_vx"": -6.758128347240976, ""move_vy"": -1.664121763038382, ""kick_power"": 0.0, ""kick_dir"": null}, {""move_vx"": -7.3933911064888935, ""move_vy"": 1.2600666436704577, ""kick_power"": 0.0, ""kick_dir"": null}, {""move_vx"": -5.191276438600945, ""move_vy"": 1.486825120189556, ""kick_power"": 0.0, ""kick_dir"": null}, {""move_vx"": -0.0, ""move_vy"": 0.0, ""kick_power"": 0.4, ""kick_dir"": [-0.9839176877175131, -0.17862237509675088]}, {""move_vx"": -6.4, ""move_vy"": 0.0, ""kick_power"": 0.0, ""kick_dir"": null}, {""move_vx"": -6.278302434990876, ""move_vy"": 0.522416055254481, ""kick_power"": 0.0, ""kick_dir"": null}, {""move_vx"": -4.391233104242941, ""move_vy"": -3.7275557439427938, ""kick_power"": 0.0, ""kick_dir"": null}]"
85,25,default,default,0,44.90810636146381,37.92369526093458,20,B,,0.014724578010477614,0.017452239117727857,0.32926406781904427,"[{""move_vx"": 0.0, ""move_vy"": 0.0, ""kick_power"": 0.0, ""kick_dir"": null}, {""move_vx"": 4.1012193308819755, ""move_vy"": -4.1012193308819755, ""kick_power"": 0.0, ""kick_dir"": null}, {""move_vx"": -3.8183766184073566, ""move_vy"": 3.8183766184073566, ""kick_power"": 0.0, ""kick_dir"": null}, {""move_vx"": 0.0, ""move_vy"": 0.0, ""kick_power"": 0.4, ""kick_dir"": [0.9967074479638731, -0.0810816663558487]}, {""move_vx"": 5.666849067864527, ""move_vy"": -4.040844174432236, ""kick_power"": 0.0, ""kick_dir"": null}, {""move_vx"": -6.1, ""move_vy"": 0.0, ""kick_power"": 0.0, ""kick_dir"": null}, {""move_vx"": 0.0, ""move_vy"": 0.0, ""kick_power"": 0.0, ""kick_dir"": null}, {""move_vx"": 0.0, ""move_vy"": 0.0, ""kick_power"": 0.4, ""kick_dir"": [-0.8277241676111201, 0.5611349991461158]}, {""move_vx"": -4.313351365237939, ""move_vy"": -4.313351365237939, ""kick_power"": 0.0, ""kick_dir"": null}, {""move_vx"": 5.4918901945365945, ""move_vy"": 2.4164316855960997, ""kick_power"": 0.0, ""kick_dir"": null}, {""move_vx"": -4.242640687119285, ""move_vy"": -4.242640687119285, ""kick_power"": 0.0, ""kick_dir"": null}, {""move_vx"": -5.249997547133092, ""move_vy"": 0.0050749479321446165, ""kick_power"": 0.0, ""kick_dir"": null}, {""move_vx"": -5.798854047777913, ""move_vy"": 0.11528977651862157, ""kick_power"": 0.0, ""kick_dir"": null}, {""move_vx"": -5.4, ""move_vy"": 0.0, ""kick_power"": 0.0, ""kick_dir"": null}, {""move_vx"": -0.0, ""move_vy"": 0.0, ""kick_power"": 0.9, ""kick_dir"": [-0.9603137293817974, 0.27892203446498604]}, {""move_vx"": -6.758128347240975, ""move_vy"": -1.6641217630383827, ""kick_power"": 0.0, ""kick_dir"": null}, {""move_vx"": -7.3933911064888935, ""move_vy"": 1.2600666436704577, ""kick_power"": 0.0, ""kick_dir"": null}, {""move_vx"": -5.200581534483059, ""move_vy"": 1.453943500688327, ""kick_power"": 0.0, ""kick_dir"": null}, {""move_vx"": -0.0, ""move_vy"": 0.0, ""kick_power"": 0.4, ""kick_dir"": [-0.9839176877175131, -0.17862237509675088]}, {""move_vx"": -5.277503415896319, ""move_vy"": 4.160091068138136, ""kick_power"": 0.0, ""kick_dir"": null}, {""move_vx"": -6.278302434990876, ""move_vy"": 0.522416055254481, ""kick_power"": 0.0, ""kick_dir"": null}, {""move_vx"": -4.451504041645968, ""move_vy"": -3.655367528335505, ""kick_power"": 0.0, ""kick_dir"": null}]"
85,26,default,default,0,44.605324387245254,37.54894186955993,20,B,,0.01704240282682209,0.01229064866951779,0.33312619982169805,"[{""move_vx"": 0.0, ""move_vy"": 0.0, ""kick_power"": 0.0, ""kick_dir"": null}, {""move_vx"": 4.1012193308819755, ""move_vy"": -4.1012193308819755, ""kick_power"": 0.0, ""kick_dir"": null}, {""move_vx"": -3.8183766184073566, ""move_vy"": 3.8183766184073566, ""kick_power"": 0.0, ""kick_dir"": null}, {""move_vx"": -3.8183766184073566, ""move_vy"": -3.8183766184073566, ""kick_power"": 0.0, ""kick_dir"": null}, {""move_vx"": 5.62793634739823, ""move_vy"": -4.094866599736048, ""kick_power"": 0.0, ""kick_dir"": null}, {""move_vx"": -6.1, ""move_vy"": 0.0, ""kick_power"": 0.0, ""kick_dir"": null}, {""move_vx"": 5.407295499756009, ""move_vy"": 3.2328246748499088, ""kick_power"": 0.0, ""kick_dir"": null}, {""move_vx"": 0.0, ""move_vy"": 0.0, ""kick_power"": 0.4, ""kick_dir"": [-0.8508562147471191, 0.5253984094879238]}, {""move_vx"": -4.313351365237939, ""move_vy"": -4.313351365237939, ""kick_power"": 0.0, ""kick_dir"": null}, {""move_vx"": 5.4918901945365945, ""move_vy"": 2.416431685596099, ""kick_power"": 0.0, ""kick_dir"": null}, {""move_vx"": 7.19470355557905, ""move_vy"": -0.2761172709885729, ""kick_power"": 0.0, ""kick_dir"": null}, {""move_vx"": -5.249997561686114, ""move_vy"": 0.005059870537944077, ""kick_power"": 0.0, ""kick_dir"": null}, {""move_vx"": -5.798854047777913, ""move_vy"": 0.11528977651862171, ""kick_power"": 0.0, ""kick_dir"": null}, {""move_vx"": -5.4, ""move_vy"": 0.0, ""kick_power"": 0.0, ""kick_dir"": null}, {""move_vx"": -0.0, ""move_vy"": -5.4, ""kick_power"": 0.0, ""kick_dir"": null}, {""move_vx"": -6.758128347240975, ""move_vy"": -1.6641217630383833, ""kick_power"": 0.0, ""kick_dir"": null}, {""move_vx"": -7.3933911064888935, ""move_vy"": 1.2600666436704575, ""kick_power"": 0.0, ""kick_dir"": null}, {""move_vx"": -5.209355933461965, ""move_vy"": 1.4221852054161668, ""kick_power"": 0.0, ""kick_dir"": null}, {""move_vx"": -0.0, ""move_vy"": 0.0, ""kick_power"": 0.4, ""kick_dir"": [-0.9839176877175131, -0.17862237509675088]}, {""move_vx"": -5.355576647040253, ""move_vy"": 4.059088417080503, ""kick_power"": 0.0, ""kick_dir"": null}, {""move_vx"": -6.278302434990876, ""move_vy"": 0.522416055254481, ""kick_power"": 0.0, ""kick_dir"": null}, {""move_vx"": -4.509882988298456, ""move_vy"": -3.58309299793575, ""kick_power"": 0.0, ""kick_dir"": null}]"
85,27,default,default,0,44.27104432551457,37.27942684812578,20,B,,0.01960741053279114,0.011592964246288478,0.33525701491556514,"[{""move_vx"": 0.0, ""move_vy"": 0.0, ""kick_power"": 0.0, ""kick_dir"": null}, {""move_vx"": 4.1012193308819755, ""move_vy"": -4.1012193308819755, ""kick_power"": 0.0, ""kick_dir"": null}, {""move_vx"": -3.8183766184073566, ""move_vy"": 3.8183766184073566, ""kick_power"": 0.0, ""kick_dir"": null}, {""move_vx"": 0.0, ""move_vy"": 0.0, ""kick_power"": 0.4, ""kick_dir"": [0.9969883776857699, -0.07755093994553333]}, {""move_vx"": 5.536845976317839, ""move_vy"": -4.217219064091048, ""kick_power"": 0.0, ""kick_dir"": null}, {""move_vx"": -6.1, ""move_vy"": 0.0, ""kick_power"": 0.0, ""kick_dir"": null}, {""move_vx"": 6.0, ""move_vy"": 0.0, ""kick_power"": 0.0, ""kick_dir"": null}, {""move_vx"": 0.0, ""move_vy"": 0.0, ""kick_power"": 0.4, ""kick_dir"": [-0.8720356077911335, 0.48944222120592934]}, {""move_vx"": -4.313351365237939, ""move_vy"": -4.313351365237939, ""kick_power"": 0.0, ""kick_dir"": null}, {""move_vx"": 5.4918901945365945, ""move_vy"": 2.4164316855960997, ""kick_power"": 0.0, ""kick_dir"": null}, {""move_vx"": 7.194651100694135, ""move_vy"": -0.27748070073550424, ""kick_power"": 0.0, ""kick_dir"": null}, {""move_vx"": -0.0, ""move_vy"": 0.0, ""kick_power"": 0.9, ""kick_dir"": [-0.9440969863436305, -0.3296677887733876]}, {""move_vx"": -5.798854047777913, ""move_vy"": 0.11528977651862184, ""kick_power"": 0.0, ""kick_dir"": null}, {""move_vx"": -5.4, ""move_vy"": 0.0, ""kick_power"": 0.0, ""kick_dir"": null}, {""move_vx"": -6.829810309761809, ""move_vy"": -1.62298833411436, ""kick_power"": 0.0, ""kick_dir"": null}, {""move_vx"": -6.30396952651489, ""move_vy"": -4.136613132596719, ""kick_power"": 0.0, ""kick_dir"": null}, {""move_vx"": -7.393391106488894, ""move_vy"": 1.2600666436704575, ""kick_power"": 0.0, ""kick_dir"": null}, {""move_vx"": -5.255241524049609, ""move_vy"": 1.2419486800607948, ""kick_power"": 0.0, ""kick_dir"": null}, {""move_vx"": -0.0, ""move_vy"": 0.0, ""kick_power"": 0.4, ""kick_dir"": [-0.9839176877175131, -0.17862237509675088]}, {""move_vx"": -5.517069553388596, ""move_vy"": 3.836709989440507, ""kick_power"": 0.0, ""kick_dir"": null}, {""move_vx"": -5.124599246193789, ""move_vy"": -3.664489400436308, ""kick_power"": 0.0, ""kick_dir"": null}, {""move_vx"": -4.489149442564017, ""move_vy"": -3.6090355058280013, ""kick_power"": 0.0, ""kick_dir"": null}]"
85,28,default,default,0,43.92940437576832,37.03512755476336,20,B,,0.022241711675916646,0.010284403611139869,0.3366342717694383,"[{""move_vx"": 0.0, ""move_vy"": 0.0, ""kick_power"": 0.0, ""kick_dir"": null}, {""move_vx"": 4.1012193308819755, ""move_vy"": -4.1012193308819755, ""kick_power"": 0.0, ""kick_dir"": null}, {""move_vx"": 5.3900522689720285, ""move_vy"": 0.3276225537863592, ""kick_power"": 0.0, ""kick_dir"": null}, {""move_vx"": 0.0, ""move_vy"": 0.0, ""kick_power"": 0.4, ""kick_dir"": [0.9968680555466819, -0.07908257250068641]}, {""move_vx"": 5.453602551142193, ""move_vy"": -4.324328758798913, ""kick_power"": 0.0, ""kick_dir"": null}, {""move_vx"": -6.1, ""move_vy"": 0.0, ""kick_power"": 0.0, ""kick_dir"": null}, {""move_vx"": 0.0, ""move_vy"": 0.0, ""kick_power"": 0.0, ""kick_dir"": null}, {""move_vx"": 6.0, ""move_vy"": 0.0, ""kick_power"": 0.0, ""kick_dir"": null}, {""move_vx"": -4.313351365237939, ""move_vy"": -4.313351365237939, ""kick_power"": 0.0, ""kick_dir"": null}, {""move_vx"": 5.4918901945365945, ""move_vy"": 2.4164316855960988, ""kick_power"": 0.0, ""kick_dir"": null}, {""move_vx"": 7.194525664914712, ""move_vy"": -0.28071419074125037, ""kick_power"": 0.0, ""kick_dir"": null}, {""move_vx"": -0.0, ""move_vy"": 0.0, ""kick_power"": 0.9, ""kick_dir"": [-0.9443576854371949, -0.3289202526695289]}, {""move_vx"": -5.798854047777914, ""move_vy"": 0.11528977651862198, ""kick_power"": 0.0, ""kick_dir"": null}, {""move_vx"": -5.4, ""move_vy"": 0.0, ""kick_power"": 0.0, ""kick_dir"": null}, {""move_vx"": -6.8209416227613415, ""move_vy"": -1.6598660725738932, ""kick_power"": 0.0, ""kick_dir"": null}, {""move_vx"": -6.298513148242125, ""move_vy"": -4.144916419111618, ""kick_power"": 0.0, ""kick_dir"": null}, {""move_vx"": -7.3933911064888935, ""move_vy"": 1.2600666436704575, ""kick_power"": 0.0, ""kick_dir"": null}, {""move_vx"": -5.286484922198898, ""move_vy"": 1.1013978242958877, ""kick_power"": 0.0, ""kick_dir"": null}, {""move_vx"": -0.0, ""move_vy"": 0.0, ""kick_power"": 0.4, ""kick_dir"": [-0.9839176877175131, -0.17862237509675088]}, {""move_vx"": -5.651509496431315, ""move_vy"": 3.635772326720512, ""kick_power"": 0.0, ""kick_dir"": null}, {""move_vx"": -5.124599246193789, ""move_vy"": -3.664489400436308, ""kick_power"": 0.0, ""kick_dir"": null}, {""move_vx"": -4.489030614981329, ""move_vy"": -3.609183306201053, ""kick_power"": 0.0, ""kick_dir"": null}]"
85,29,default,default,0,43.58776442602207,36.79082826140095,20,B,,0.02489247878878583,0.0025283727004207276,0.3385570460690557,"[{""move_vx"": 0.0, ""move_vy"": 0.0, ""kick_power"": 0.0, ""kick_dir"": null}, {""move_vx"": 4.1012193308819755, ""move_vy"": -4.1012193308819755, ""kick_power"": 0.0, ""kick_dir"": null}, {""move_vx"": -3.8183766184073566, ""move_vy"": 3.8183766184073566, ""kick_power"": 0.0, ""kick_dir"": null}, {""move_vx"": 0.0, ""move_vy"": 5.4, ""kick_power"": 0.0, ""kick_dir"": null}, {""move_vx"": 5.368721256466496, ""move_vy"": -4.429269925209437, ""kick_power"": 0.0, ""kick_dir"": null}, {""move_vx"": 3.2644545880572737, ""move_vy"": 4.78804357149262, ""kick_power"": 0.0, ""kick_dir"": null}, {""move_vx"": 0.0, ""move_vy"": 0.0, ""kick_power"": 0.0, ""kick_dir"": null}, {""move_vx"": 0.0, ""move_vy"": 0.0, ""kick_power"": 0.4, ""kick_dir"": [-0.9153547616757282, 0.4026480625770219]}, {""move_vx"": -4.313351365237939, ""move_vy"": -4.313351365237939, ""kick_power"": 0.0, ""kick_dir"": null}, {""move_vx"": 5.4918901945365945, ""move_vy"": 2.4164316855960983, ""kick_power"": 0.0, ""kick_dir"": null}, {""move_vx"": 7.194525664914712, ""move_vy"": -0.2807141907412505, ""kick_power"": 0.0, ""kick_dir"": null}, {""move_vx"": -0.0, ""move_vy"": 0.0, ""kick_power"": 0.9, ""kick_dir"": [-0.9449448381210803, -0.3272296191304155]}, {""move_vx"": -5.798854047777913, ""move_vy"": 0.11528977651862211, ""kick_power"": 0.0, ""kick_dir"": null}, {""move_vx"": -5.4, ""move_vy"": 0.0, ""kick_power"": 0.0, ""kick_dir"": null}, {""move_vx"": -6.813258576610396, ""move_vy"": -1.6911261242866797, ""kick_power"": 0.0, ""kick_dir"": null}, {""move_vx"": -6.296388327878516, ""move_vy"": -4.148143443102611, ""kick_power"": 0.0, ""kick_dir"": null}, {""move_vx"": -7.3933911064888935, ""move_vy"": 1.2600666436704573, ""kick_power"": 0.0, ""kick_dir"": null}, {""move_vx"": -5.311799218157283, ""move_vy"": 0.972002605955186, ""kick_power"": 0.0, ""kick_dir"": null}, {""move_vx"": -0.0, ""move_vy"": 0.0, ""kick_power"": 0.4, ""kick_dir"": [-0.9839176877175131, -0.17862237509675088]}, {""move_vx"": -5.775086092911873, ""move_vy"": 3.4360996230400374, ""kick_power"": 0.0, ""kick_dir"": null}, {""move_vx"": -5.124599246193789, ""move_vy"": -3.664489400436308, ""kick_power"": 0.0, ""kick_dir"": null}, {""move_vx"": -4.493695239860565, ""move_vy"": -3.6033738483891056, ""kick_power"": 0.0, ""kick_dir"": null}]"
85,30,default,default,0,43.24612447627582,36.54652896803853,20,B,,0.02754957126287393,0.0021574194376739343,0.3405823604667172,"[{""move_vx"": 0.0, ""move_vy"": 0.0, ""kick_power"": 0.0, ""kick_dir"": null}, {""move_vx"": 4.1012193308819755, ""move_vy"": -4.1012193308819755, ""kick_power"": 0.0, ""kick_dir"": null}, {""move_vx"": 5.392595251468298, ""move_vy"": 0.28269498375735364, ""kick_power"": 0.0, ""kick_dir"": null}, {""move_vx"": 0.0, ""move_vy"": 0.0, ""kick_power"": 0.4, ""kick_dir"": [0.9965343976595027, -0.08318153478708791]}, {""move_vx"": 5.278867763541777, ""move_vy"": -4.53598447253068, ""kick_power"": 0.0, ""kick_dir"": null}, {""move_vx"": -6.1, ""move_vy"": 0.0, ""kick_power"": 0.0, ""kick_dir"": null}, {""move_vx"": 0.0, ""move_vy"": 0.0, ""kick_power"": 0.0, ""kick_dir"": null}, {""move_vx"": 0.0, ""move_vy"": 0.0, ""kick_power"": 0.4, ""kick_dir"": [-0.929608435472842, 0.3685484523075653]}, {""move_vx"": -4.313351365237939, ""move_vy"": -4.313351365237939, ""kick_power"": 0.0, ""kick_dir"": null}, {""move_vx"": 5.4918901945365945, ""move_vy"": 2.4164316855960983, ""kick_power"": 0.0, ""kick_dir"": null}, {""move_vx"": 0.0, ""move_vy"": 6.0, ""kick_power"": 0.0, ""kick_dir"": null}, {""move_vx"": -0.0, ""move_vy"": 0.0, ""kick_power"": 1.0, ""kick_dir"": [-0.9999685920302882, 0.007921952823662365]}, {""move_vx"": -5.798854047777913, ""move_vy"": 0.11528977651862225, ""kick_power"": 0.0, ""kick_dir"": null}, {""move_vx"": -5.3908112220672795, ""move_vy"": 0.3148878658086019, ""kick_power"": 0.0, ""kick_dir"": null}, {""move_vx"": -6.805504782685739, ""move_vy"": -1.7220640675774892, ""kick_power"": 0.0, ""kick_dir"": null}, {""move_vx"": -6.29428447775121, ""move_vy"": -4.151335075989431, ""kick_power"": 0.0, ""kick_dir"": null}, {""move_vx"": -7.3933911064888935, ""move_vy"": 1.2600666436704573, ""kick_power"": 0.0, ""kick_dir"": null}, {""move_vx"": -5.333580180816766, ""move_vy"": 0.8443473543504425, ""kick_power"": 0.0, ""kick_dir"": null}, {""move_vx"": -0.0, ""move_vy"": 0.0, ""kick_power"": 0.4, ""kick_dir"": [-0.9839176877175131, -0.17862237509675088]}, {""move_vx"": -5.892757010025176, ""move_vy"": 3.230141610022564, ""kick_power"": 0.0, ""kick_dir"": null}, {""move_vx"": -5.124599246193789, ""move_vy"": -3.664489400436308, ""kick_power"": 0.0, ""kick_dir"": null}, {""move_vx"": -4.498236966210333, ""move_vy"": -3.597702627485889, ""kick_power"": 0.0, ""kick_dir"": null}]"
85,31,default,default,0,42.904484526529565,36.30222967467611,20,B,,0.030191335010954543,-0.003119726913681069,0.3424761728945456,"[{""move_vx"": 0.0, ""move_vy"": 0.0, ""kick_power"": 0.0, ""kick_dir"": null}, {""move_vx"": 4.1012193308819755, ""move_vy"": -4.1012193308819755, ""kick_power"": 0.0, ""kick_dir"": null}, {""move_vx"": 3.8183766184073566, ""move_vy"": 3.8183766184073566, ""kick_power"": 0.0, ""kick_dir"": null}, {""move_vx"": 0.0, ""move_vy"": 5.4, ""kick_power"": 0.0, ""kick_dir"": null}, {""move_vx"": 5.183756422131348, ""move_vy"": -4.644380406040401, ""kick_power"": 0.0, ""kick_dir"": null}, {""move_vx"": -6.1, ""move_vy"": 0.0, ""kick_power"": 0.0, ""kick_dir"": null}, {""move_vx"": 0.0, ""move_vy"": 0.0, ""kick_power"": 0.0, ""kick_dir"": null}, {""move_vx"": 0.0, ""move_vy"": 0.0, ""kick_power"": 0.4, ""kick_dir"": [-0.9422097242575745, 0.3350233479297393]}, {""move_vx"": -4.313351365237939, ""move_vy"": -4.313351365237939, ""kick_power"": 0.0, ""kick_dir"": null}, {""move_vx"": 5.491890194536595, ""move_vy"": 2.4164316855960983, ""kick_power"": 0.0, ""kick_dir"": null}, {""move_vx"": 0.0, ""move_vy"": 6.0, ""kick_power"": 0.0, ""kick_dir"": null}, {""move_vx"": -0.0, ""move_vy"": 0.0, ""kick_power"": 0.9, ""kick_dir"": [-0.9466998140332611, -0.3221171105283821]}, {""move_vx"": -5.798854047777914, ""move_vy"": 0.11528977651862239, ""kick_power"": 0.0, ""kick_dir"": null}, {""move_vx"": -5.391610721250295, ""move_vy"": 0.30088840206774675, ""kick_power"": 0.0, ""kick_dir"": null}, {""move_vx"": -6.797684123610748, ""move_vy"": -1.7526809623004378, ""kick_power"": 0.0, ""kick_dir"": null}, {""move_vx"": -6.292201469725066, ""move_vy"": -4.154491625264122, ""kick_power"": 0.0, ""kick_dir"": null}, {""move_vx"": -7.393391106488894, ""move_vy"": 1.2600666436704573, ""kick_power"": 0.0, ""kick_dir"": null}, {""move_vx"": -5.351966265108812, ""move_vy"": 0.7186494953294275, ""kick_power"": 0.0, ""kick_dir"": null}, {""move_vx"": -0.0, ""move_vy"": 0.0, ""kick_power"": 0.4, ""kick_dir"": [-0.9839176877175131, -0.17862237509675088]}, {""move_vx"": -6.003924048217415, ""move_vy"": 3.0184923427493744, ""kick_power"": 0.0, ""kick_dir"": null}, {""move_vx"": -5.124599246193789, ""move_vy"": -3.664489400436308, ""kick_power"": 0.0, ""kick_dir"": null}, {""move_vx"": -4.5026593911568735, ""move_vy"": -3.5921662555102905, ""kick_power"": 0.0, ""kick_dir"": null}]"
85,32,default,default,0,42.56284457678331,36.057930381313696,20,B,,0.0328027759802455,-0.0031156263400690092,0.34423619521206317,"[{""move_vx"": 0.0, ""move_vy"": 0.0, ""kick_power"": 0.0, ""kick_dir"": null}, {""move_vx"": 4.1012193308819755, ""move_vy"": -4.1012193308819755, ""kick_power"": 0.0, ""kick_dir"": null}, {""move_vx"": 3.8183766184073566, ""move_vy"": 3.8183766184073566, ""kick_power"": 0.0, ""kick_dir"": null}, {""move_vx"": 0.0, ""move_vy"": 5.4, ""kick_power"": 0.0, ""kick_dir"": null}, {""move_vx"": 5.8, ""move_vy"": 0.0, ""kick_power"": 0.0, ""kick_dir"": null}, {""move_vx"": -6.1, ""move_vy"": 0.0, ""kick_power"": 0.0, ""kick_dir"": null}, {""move_vx"": 0.0, ""move_vy"": 0.0, ""kick_power"": 0.0, ""kick_dir"": null}, {""move_vx"": 4.242640687119285, ""move_vy"": -4.242640687119285, ""kick_power"": 0.0, ""kick_dir"": null}, {""move_vx"": -4.313351365237939, ""move_vy"": -4.313351365237939, ""kick_power"": 0.0, ""kick_dir"": null}, {""move_vx"": 5.491890194536595, ""move_vy"": 2.4164316855960983, ""kick_power"": 0.0, ""kick_dir"": null}, {""move_vx"": 0.0, ""move_vy"": 6.0, ""kick_power"": 0.0, ""kick_dir"": null}, {""move_vx"": -0.0, ""move_vy"": 0.0, ""kick_power"": 0.9, ""kick_dir"": [-0.9476361055694839, -0.31935212885820446]}, {""move_vx"": -5.798854047777913, ""move_vy"": 0.11528977651862252, ""kick_power"": 0.0, ""kick_dir"": null}, {""move_vx"": -5.392374343640557, ""move_vy"": 0.2868779148820441, ""kick_power"": 0.0, ""kick_dir"": null}, {""move_vx"": -6.789800413336262, ""move_vy"": -1.7829779435143727, ""kick_power"": 0.0, ""kick_dir"": null}, {""move_vx"": -6.290139175453923, ""move_vy"": -4.157613396339279, ""kick_power"": 0.0, ""kick_dir"": null}, {""move_vx"": -7.3933911064888935, ""move_vy"": 1.260066643670457, ""kick_power"": 0.0, ""kick_dir"": null}, {""move_vx"": -5.367108102855623, ""move_vy"": 0.5951055471607677, ""kick_power"": 0.0, ""kick_dir"": null}, {""move_vx"": -0.0, ""move_vy"": 0.0, ""kick_power"": 0.4, ""kick_dir"": [-0.9839176877175131, -0.17862237509675088]}, {""move_vx"": -6.108039040320774, ""move_vy"": 2.801831379993679, ""kick_power"": 0.0, ""kick_dir"": null}, {""move_vx"": -5.124599246193789, ""move_vy"": -3.664489400436308, ""kick_power"": 0.0, ""kick_dir"": null}, {""move_vx"": -4.506965994971966, ""move_vy"": -3.5867614250415882, ""kick_power"": 0.0, ""kick_dir"": null}]"
85,33,default,default,0,42.22120462703706,35.81363108795128,20,B,,0.03538027812637763,0.0029778332595977175,0.3459082530895769,"[{""move_vx"": 0.0, ""move_vy"": 0.0, ""kick_power"": 0.0, ""kick_dir"": null}, {""move_vx"": 0.0, ""move_vy"": 5.8, ""kick_power"": 0.0, ""kick_dir"": null}, {""move_vx"": 3.8183766184073566, ""move_vy"": 3.8183766184073566, ""kick_power"": 0.0, ""kick_dir"": null}, {""move_vx"": 0.0, ""move_vy"": 5.4, ""kick_power"": 0.0, ""kick_dir"": null}, {""move_vx"": 4.908739865163821, ""move_vy"": -4.934153720360916, ""kick_power"": 0.0, ""kick_dir"": null}, {""move_vx"": -6.1, ""move_vy"": 0.0, ""kick_power"": 0.0, ""kick_dir"": null}, {""move_vx"": 0.0, ""move_vy"": 0.0, ""kick_power"": 0.0, ""kick_dir"": null}, {""move_vx"": 0.0, ""move_vy"": -6.0, ""kick_power"": 0.0, ""kick_dir"": null}, {""move_vx"": 5.330996549631091, ""move_vy"": -1.3117072035410238, ""kick_power"": 0.0, ""kick_dir"": null}, {""move_vx"": 5.491890194536595, ""move_vy"": 2.416431685596098, ""kick_power"": 0.0, ""kick_dir"": null}, {""move_vx"": 0.0, ""move_vy"": 6.0, ""kick_power"": 0.0, ""kick_dir"": null}, {""move_vx"": -0.0, ""move_vy"": 0.0, ""kick_power"": 0.9, ""kick_dir"": [-0.9485578335360647, -0.3166038648089253]}, {""move_vx"": -5.798854047777913, ""move_vy"": 0.11528977651862266, ""kick_power"": 0.0, ""kick_dir"": null}, {""move_vx"": -5.3931020064390935, ""move_vy"": 0.27285664394078063, ""kick_power"": 0.0, ""kick_dir"": null}, {""move_vx"": -6.781857396684715, ""move_vy"": -1.8129562187302894, ""kick_power"": 0.0, ""kick_dir"": null}, {""move_vx"": -6.288097466399424, ""move_vy"": -4.160700692559025, ""kick_power"": 0.0, ""kick_dir"": null}, {""move_vx"": -7.393391106488894, ""move_vy"": 1.2600666436704573, ""kick_power"": 0.0, ""kick_dir"": null}, {""move_vx"": -5.379166079561792, ""move_vy"": 0.473890587047075, ""kick_power"": 0.0, ""kick_dir"": null}, {""move_vx"": -0.0, ""move_vy"": 0.0, ""kick_power"": 0.4, ""kick_dir"": [-0.9839176877175131, -0.17862237509675088]}, {""move_vx"": -6.204617124862661, ""move_vy"": 2.5809157936401195, ""kick_power"": 0.0, ""kick_dir"": null}, {""move_vx"": -5.124599246193789, ""move_vy"": -3.664489400436308, ""kick_power"": 0.0, ""kick_dir"": null}, {""move_vx"": -4.51116014524615, ""move_vy"": -3.5814849076804354, ""kick_power"": 0.0, ""kick_dir"": null}]"
85,34,default,default,0,41.87956467729081,35.56933179458886,20,B,,0.03792598456875866,0.0002681908480634716,0.3439307995253891,"[{""move_vx"": 0.0, ""move_vy"": 0.0, ""kick_power"": 0.0, ""kick_dir"": null}, {""move_vx"": 0.0, ""move_vy"": 5.8, ""kick_power"": 0.0, ""kick_dir"": null}, {""move_vx"": 3.8183766184073566, ""move_vy"": 3.8183766184073566, ""kick_power"": 0.0, ""kick_dir"": null}, {""move_vx"": 0.0, ""move_vy"": 5.4, ""kick_power"": 0.0, ""kick_dir"": null}, {""move_vx"": 5.8, ""move_vy"": 0.0, ""kick_power"": 0.0, ""kick_dir"": null}, {""move_vx"": -6.1, ""move_vy"": 0.0, ""kick_power"": 0.0, ""kick_dir"": null}, {""move_vx"": 0.0, ""move_vy"": 0.0, ""kick_power"": 0.0, ""kick_dir"": null}, {""move_vx"": 0.0, ""move_vy"": -6.0, ""kick_power"": 0.0, ""kick_dir"": null}, {""move_vx"": -4.313351365237939, ""move_vy"": -4.313351365237939, ""kick_power"": 0.0, ""kick_dir"": null}, {""move_vx"": 0.0, ""move_vy"": 0.0, ""kick_power"": 0.65, ""kick_dir"": [0.24925779595677164, 0.9684370189804424]}, {""move_vx"": 0.0, ""move_vy"": 6.0, ""kick_power"": 0.0, ""kick_dir"": null}, {""move_vx"": -0.0, ""move_vy"": 0.0, ""kick_power"": 0.9, ""kick_dir"": [-0.9494622806565115, -0.3138811054663242]}, {""move_vx"": -5.798854047777913, ""move_vy"": 0.1152897765186228, ""kick_power"": 0.0, ""kick_dir"": null}, {""move_vx"": -5.393793628527727, ""move_vy"": 0.25882483044271226, ""kick_power"": 0.0, ""kick_dir"": null}, {""move_vx"": -6.773858748975369, ""move_vy"": -1.8426170651901226, ""kick_power"": 0.0, ""kick_dir"": null}, {""move_vx"": -6.2860762138494914, ""move_vy"": -4.163753815209978, ""kick_power"": 0.0, ""kick_dir"": null}, {""move_vx"": -7.3933911064888935, ""move_vy"": 1.2600666436704568, ""kick_power"": 0.0, ""kick_dir"": null}, {""move_vx"": -0.0, ""move_vy"": 0.0, ""kick_power"": 0.0, ""kick_dir"": null}, {""move_vx"": -0.0, ""move_vy"": 0.0, ""kick_power"": 0.4, ""kick_dir"": [-0.9839176877175131, -0.17862237509675088]}, {""move_vx"": -6.293248821033972, ""move_vy"": 2.356569387171641, ""kick_power"": 0.0, ""kick_dir"": null}, {""move_vx"": -5.124599246193789, ""move_vy"": -3.664489400436308, ""kick_power"": 0.0, ""kick_dir"": null}, {""move_vx"": -4.5152451009020895, ""move_vy"": -3.576333552505929, ""kick_power"": 0.0, ""kick_dir"": null}]"
85,35,default,default,0,41.537924727544556,35.325032501226445,20,B,,0.04044359427606938,-0.0016673020585277094,0.34552717758932716,"[{""move_vx"": 0.0, ""move_vy"": 0.0, ""kick_power"": 0.0, ""kick_dir"": null}, {""move_vx"": 0.0, ""move_vy"": -5.8, ""kick_power"": 0.0, ""kick_dir"": null}, {""move_vx"": 7.018941847436862, ""move_vy"": 0.12188249381936231, ""kick_power"": 0.0, ""kick_dir"": null}, {""move_vx"": 0.0, ""move_vy"": 5.4, ""kick_power"": 0.0, ""kick_dir"": null}, {""move_vx"": 4.596194447606415, ""move_vy"": -5.226528159284323, ""kick_power"": 0.0, ""kick_dir"": null}, {""move_vx"": -6.1, ""move_vy"": 0.0, ""kick_power"": 0.0, ""kick_dir"": null}, {""move_vx"": 0.0, ""move_vy"": 0.0, ""kick_power"": 0.0, ""kick_dir"": null}, {""move_vx"": 0.0, ""move_vy"": -6.0, ""kick_power"": 0.0, ""kick_dir"": null}, {""move_vx"": -4.313351365237939, ""move_vy"": -4.313351365237939, ""kick_power"": 0.0, ""kick_dir"": null}, {""move_vx"": 0.0, ""move_vy"": 0.0, ""kick_power"": 0.65, ""kick_dir"": [0.23591785115631106, 0.9717728601269504]}, {""move_vx"": 0.0, ""move_vy"": 6.0, ""kick_power"": 0.0, ""kick_dir"": null}, {""move_vx"": -0.0, ""move_vy"": 0.0, ""kick_power"": 0.9, ""kick_dir"": [-0.9503517619101336, -0.31117760101392405]}, {""move_vx"": -5.798854047777914, ""move_vy"": 0.11528977651862296, ""kick_power"": 0.0, ""kick_dir"": null}, {""move_vx"": -5.394449130487418, ""move_vy"": 0.24478271708506463, ""kick_power"": 0.0, ""kick_dir"": null}, {""move_vx"": -6.765808075727843, ""move_vy"": -1.8719618271791485, ""kick_power"": 0.0, ""kick_dir"": null}, {""move_vx"": -6.284075288936507, ""move_vy"": -4.166773063532205, ""kick_power"": 0.0, ""kick_dir"": null}, {""move_vx"": -7.393391106488894, ""move_vy"": 1.260066643670457, ""kick_power"": 0.0, ""kick_dir"": null}, {""move_vx"": -0.0, ""move_vy"": 0.0, ""kick_power"": 0.0, ""kick_dir"": null}, {""move_vx"": -0.0, ""move_vy"": 0.0, ""kick_power"": 0.4, ""kick_dir"": [-0.9839176877175131, -0.17862237509675088]}, {""move_vx"": -6.373610294644936, ""move_vy"": 2.1296694137814196, ""kick_power"": 0.0, ""kick_dir"": null}, {""move_vx"": -5.124599246193789, ""move_vy"": -3.664489400436308, ""kick_power"": 0.0, ""kick_dir"": null}, {""move_vx"": -4.5192240160543005, ""move_vy"": -3.5713042845322, ""kick_power"": 0.0, ""kick_dir"": null}]"
85,36,default,default,0,41.196284777798304,35.08073320786403,20,B,,0.042936756414261534,-0.002692750313761254,0.3409811239860132,"[{""move_vx"": 0.0, ""move_vy"": 0.0, ""kick_power"": 0.0, ""kick_dir"": null}, {""move_vx"": 0.0, ""move_vy"": 5.8, ""kick_power"": 0.0, ""kick_dir"": null}, {""move_vx"": -3.8183766184073566, ""move_vy"": 3.8183766184073566, ""kick_power"": 0.0, ""kick_dir"": null}, {""move_vx"": 0.0, ""move_vy"": 5.4, ""kick_power"": 0.0, ""kick_dir"": null}, {""move_vx"": 5.8, ""move_vy"": 0.0, ""kick_power"": 0.0, ""kick_dir"": null}, {""move_vx"": -6.1, ""move_vy"": 0.0, ""kick_power"": 0.0, ""kick_dir"": null}, {""move_vx"": 0.0, ""move_vy"": 0.0, ""kick_power"": 0.0, ""kick_dir"": null}, {""move_vx"": 0.0, ""move_vy"": -6.0, ""kick_power"": 0.0, ""kick_dir"": null}, {""move_vx"": 4.113683583388364, ""move_vy"": -3.635616505595862, ""kick_power"": 0.0, ""kick_dir"": null}, {""move_vx"": 0.0, ""move_vy"": 0.0, ""kick_power"": 0.65, ""kick_dir"": [0.22389714399462915, 0.9746126446638896]}, {""move_vx"": 5.809847823487865, ""move_vy"": 1.498555393675296, ""kick_power"": 0.0, ""kick_dir"": null}, {""move_vx"": -0.0, ""move_vy"": 0.0, ""kick_power"": 0.9, ""kick_dir"": [-0.9512288832221617, -0.30848595177188265]}, {""move_vx"": -5.798854047777914, ""move_vy"": 0.1152897765186231, ""kick_power"": 0.0, ""kick_dir"": null}, {""move_vx"": -0.0, ""move_vy"": 0.0, ""kick_power"": 0.9, ""kick_dir"": [0.3145391119610986, 0.9492444152755289]}, {""move_vx"": -6.757708912441138, ""move_vy"": -1.9009919133740738, ""kick_power"": 0.0, ""kick_dir"": null}, {""move_vx"": -6.282094562655133, ""move_vy"": -4.1697587347302, ""kick_power"": 0.0, ""kick_dir"": null}, {""move_vx"": -7.3933911064888935, ""move_vy"": 1.2600666436704568, ""kick_power"": 0.0, ""kick_dir"": null}, {""move_vx"": -0.0, ""move_vy"": 0.0, ""kick_power"": 0.0, ""kick_dir"": null}, {""move_vx"": -0.0, ""move_vy"": 0.0, ""kick_power"": 0.4, ""kick_dir"": [-0.9839176877175131, -0.17862237509675088]}, {""move_vx"": -6.445471275541231, ""move_vy"": 1.9011312516953975, ""kick_power"": 0.0, ""kick_dir"": null}, {""move_vx"": -5.124599246193789, ""move_vy"": -3.664489400436308, ""kick_power"": 0.0, ""kick_dir"": null}, {""move_vx"": -4.52309994372132, ""move_vy"": -3.5663941031675406, ""kick_power"": 0.0, ""kick_dir"": null}]"
85,37,default,default,0,40.80860809659056,35.9125265595009,20,B,,0.046038559486688814,0.025352156297187987,0.3463914861561349,"[{""move_vx"": 0.0, ""move_vy"": 0.0, ""kick_power"": 0.0, ""kick_dir"": null}, {""move_vx"": 0.0, ""move_vy"": 5.8, ""kick_power"": 0.0, ""kick_dir"": null}, {""move_vx"": 5.399245936368955, ""move_vy"": 0.09024033800540142, ""kick_power"": 0.0, ""kick_dir"": null}, {""move_vx"": 0.0, ""move_vy"": 5.4, ""kick_power"": 0.0, ""kick_dir"": null}, {""move_vx"": 4.1012193308819755, ""move_vy"": -4.1012193308819755, ""kick_power"": 0.0, ""kick_dir"": null}, {""move_vx"": -6.1, ""move_vy"": 0.0, ""kick_power"": 0.0, ""kick_dir"": null}, {""move_vx"": 0.0, ""move_vy"": 0.0, ""kick_power"": 0.0, ""kick_dir"": null}, {""move_vx"": 0.0, ""move_vy"": -6.0, ""kick_power"": 0.0, ""kick_dir"": null}, {""move_vx"": -4.313351365237939, ""move_vy"": -4.313351365237939, ""kick_power"": 0.0, ""kick_dir"": null}, {""move_vx"": 0.0, ""move_vy"": 0.0, ""kick_power"": 0.65, ""kick_dir"": [0.2678561208281056, 0.9634587916379089]}, {""move_vx"": 0.0, ""move_vy"": -6.0, ""kick_power"": 0.0, ""kick_dir"": null}, {""move_vx"": -0.0, ""move_vy"": 0.0, ""kick_power"": 0.9, ""kick_dir"": [-0.9520956268769406, -0.30580040545338494]}, {""move_vx"": -5.798854047777914, ""move_vy"": 0.11528977651862327, ""kick_power"": 0.0, ""kick_dir"": null}, {""move_vx"": -0.0, ""move_vy"": 0.0, ""kick_power"": 0.9, ""kick_dir"": [0.2545161876058924, 0.9670684148273799]}, {""move_vx"": -6.749564724445315, ""move_vy"": -1.9297087942286637, ""kick_power"": 0.0, ""kick_dir"": null}, {""move_vx"": -6.28013390587986, ""move_vy"": -4.172711123983802, ""kick_power"": 0.0, ""kick_dir"": null}, {""move_vx"": -7.3933911064888935, ""move_vy"": 1.2600666436704566, ""kick_power"": 0.0, ""kick_dir"": null}, {""move_vx"": -0.0, ""move_vy"": 0.0, ""kick_power"": 0.0, ""kick_dir"": null}, {""move_vx"": -0.0, ""move_vy"": 0.0, ""kick_power"": 0.4, ""kick_dir"": [-0.9839176877175131, -0.17862237509675088]}, {""move_vx"": -6.508700204882591, ""move_vy"": 1.671891636129959, ""kick_power"": 0.0, ""kick_dir"": null}, {""move_vx"": -5.254402513642887, ""move_vy"": 2.896766166714759, ""kick_power"": 0.0, ""kick_dir"": null}, {""move_vx"": -4.526875839396087, ""move_vy"": -3.561600080678904, ""kick_power"": 0.0, ""kick_dir"": null}]"
85,38,default,default,0,40.440799920635556,36.11530019117094,20,B,,0.04892218033860356,0.015003089872851634,0.349082917485913,"[{""move_vx"": 0.0, ""move_vy"": 0.0, ""kick_power"": 0.0, ""kick_dir"": null}, {""move_vx"": 0.0, ""move_vy"": 5.8, ""kick_power"": 0.0, ""kick_dir"": null}, {""move_vx"": -3.8183766184073566, ""move_vy"": 3.8183766184073566, ""kick_power"": 0.0, ""kick_dir"": null}, {""move_vx"": 5.289924500368823, ""move_vy"": -1.0847574753822484, ""kick_power"": 0.0, ""kick_dir"": null}, {""move_vx"": 0.0, ""move_vy"": -5.8, ""kick_power"": 0.0, ""kick_dir"": null}, {""move_vx"": -6.1, ""move_vy"": 0.0, ""kick_power"": 0.0, ""kick_dir"": null}, {""move_vx"": 6.0, ""move_vy"": 0.0, ""kick_power"": 0.0, ""kick_dir"": null}, {""move_vx"": 0.0, ""move_vy"": -6.0, ""kick_power"": 0.0, ""kick_dir"": null}, {""move_vx"": -4.313351365237939, ""move_vy"": -4.313351365237939, ""kick_power"": 0.0, ""kick_dir"": null}, {""move_vx"": 0.0, ""move_vy"": 0.0, ""kick_power"": 0.65, ""kick_dir"": [0.2816885951874106, 0.9595057408917032]}, {""move_vx"": 0.0, ""move_vy"": -6.0, ""kick_power"": 0.0, ""kick_dir"": null}, {""move_vx"": -0.0, ""move_vy"": 0.0, ""kick_power"": 0.9, ""kick_dir"": [-0.9521960070323866, -0.30548770008365017]}, {""move_vx"": -5.798854047777913, ""move_vy"": 0.1152897765186234, ""kick_power"": 0.0, ""kick_dir"": null}, {""move_vx"": -5.392876923580173, ""move_vy"": 0.2772697010429598, ""kick_power"": 0.0, ""kick_dir"": null}, {""move_vx"": -6.799672573248263, ""move_vy"": -1.7449506860124566, ""kick_power"": 0.0, ""kick_dir"": null}, {""move_vx"": -6.401666365547347, ""move_vy"": -3.9837504620922015, ""kick_power"": 0.0, ""kick_dir"": null}, {""move_vx"": -7.3933911064888935, ""move_vy"": 1.2600666436704566, ""kick_power"": 0.0, ""kick_dir"": null}, {""move_vx"": -0.0, ""move_vy"": 0.0, ""kick_power"": 0.0, ""kick_dir"": null}, {""move_vx"": -0.0, ""move_vy"": 0.0, ""kick_power"": 0.4, ""kick_dir"": [-0.9839176877175131, -0.17862237509675088]}, {""move_vx"": -6.3659891950063265, ""move_vy"": 2.152343273983663, ""kick_power"": 0.0, ""kick_dir"": null}, {""move_vx"": -5.517122639325017, ""move_vy"": 3.041604475050523, ""kick_power"": 0.0, ""kick_dir"": null}, {""move_vx"": -4.525483399593904, ""move_vy"": 4.525483399593904, ""kick_power"": 0.0, ""kick_dir"": null}]"
85,39,default,default,0,40.07299174468055,36.31807382284098,20,B,,0.051777982598789456,0.013914891655586199,0.3526107732046318,"[{""move_vx"": 0.0, ""move_vy"": 0.0, ""kick_power"": 0.0, ""kick_dir"": null}, {""move_vx"": 0.0, ""move_vy"": 5.8, ""kick_power"": 0.0, ""kick_dir"": null}, {""move_vx"": 7.018677590036335, ""move_vy"": 0.13625302610128942, ""kick_power"": 0.0, ""kick_dir"": null}, {""move_vx"": 5.291396560040745, ""move_vy"": -1.0775539171609843, ""kick_power"": 0.0, ""kick_dir"": null}, {""move_vx"": 4.1012193308819755, ""move_vy"": -4.1012193308819755, ""kick_power"": 0.0, ""kick_dir"": null}, {""move_vx"": -6.1, ""move_vy"": 0.0, ""kick_power"": 0.0, ""kick_dir"": null}, {""move_vx"": 0.0, ""move_vy"": 0.0, ""kick_power"": 0.6, ""kick_dir"": [0.9965914301843619, 0.08249539418242909]}, {""move_vx"": 0.0, ""move_vy"": -6.0, ""kick_power"": 0.0, ""kick_dir"": null}, {""move_vx"": -4.313351365237939, ""move_vy"": -4.313351365237939, ""kick_power"": 0.0, ""kick_dir"": null}, {""move_vx"": 0.0, ""move_vy"": 0.0, ""kick_power"": 0.65, ""kick_dir"": [0.2969556676813633, 0.9548911185786689]}, {""move_vx"": 0.0, ""move_vy"": 6.0, ""kick_power"": 0.0, ""kick_dir"": null}, {""move_vx"": -0.0, ""move_vy"": 0.0, ""kick_power"": 0.9, ""kick_dir"": [-0.9513638859637644, -0.30806935455378254]}, {""move_vx"": -5.798854047777913, ""move_vy"": 0.11528977651862354, ""kick_power"": 0.0, ""kick_dir"": null}, {""move_vx"": -5.392364295080274, ""move_vy"": 0.2870667329096638, ""kick_power"": 0.0, ""kick_dir"": null}, {""move_vx"": -6.814599320412063, ""move_vy"": -1.6857153087753123, ""kick_power"": 0.0, ""kick_dir"": null}, {""move_vx"": -6.4496037480225965, ""move_vy"": -3.9056640272164835, ""kick_power"": 0.0, ""kick_dir"": null}, {""move_vx"": -7.393391106488894, ""move_vy"": 1.2600666436704566, ""kick_power"": 0.0, ""kick_dir"": null}, {""move_vx"": -0.0, ""move_vy"": 0.0, ""kick_power"": 0.0, ""kick_dir"": null}, {""move_vx"": -0.0, ""move_vy"": 0.0, ""kick_power"": 0.4, ""kick_dir"": [-0.9839176877175131, -0.17862237509675088]}, {""move_vx"": -5.441939543843353, ""move_vy"": 1.8875629793874478, ""kick_power"": 0.0, ""kick_dir"": null}, {""move_vx"": -5.517122639325017, ""move_vy"": 3.041604475050523, ""kick_power"": 0.0, ""kick_dir"": null}, {""move_vx"": -4.69011056249378, ""move_vy"": -3.3437199212231112, ""kick_power"": 0.0, ""kick_dir"": null}]"
85,40,default,default,0,39.705183568725545,36.52084745451102,20,B,,0.054599812043793175,0.014257114478344286,0.35397721702157275,"[{""move_vx"": 0.0, ""move_vy"": 0.0, ""kick_power"": 0.0, ""kick_dir"": null}, {""move_vx"": 0.0, ""move_vy"": 5.8, ""kick_power"": 0.0, ""kick_dir"": null}, {""move_vx"": 0.0, ""move_vy"": 0.0, ""kick_power"": 0.0, ""kick_dir"": null}, {""move_vx"": 5.292883312512411, ""move_vy"": -1.0702271908934344, ""kick_power"": 0.0, ""kick_dir"": null}, {""move_vx"": 4.1012193308819755, ""move_vy"": -4.1012193308819755, ""kick_power"": 0.0, ""kick_dir"": null}, {""move_vx"": -6.1, ""move_vy"": 0.0, ""kick_power"": 0.0, ""kick_dir"": null}, {""move_vx"": 6.0, ""move_vy"": 0.0, ""kick_power"": 0.0, ""kick_dir"": null}, {""move_vx"": 0.0, ""move_vy"": -6.0, ""kick_power"": 0.0, ""kick_dir"": null}, {""move_vx"": -4.313351365237939, ""move_vy"": -4.313351365237939, ""kick_power"": 0.0, ""kick_dir"": null}, {""move_vx"": 0.0, ""move_vy"": 0.0, ""kick_power"": 0.65, ""kick_dir"": [0.2890150044159122, 0.9573244263497458]}, {""move_vx"": 0.0, ""move_vy"": 6.0, ""kick_power"": 0.0, ""kick_dir"": null}, {""move_vx"": -0.0, ""move_vy"": 0.0, ""kick_power"": 0.9, ""kick_dir"": [-0.9505025961018196, -0.31071656788687757]}, {""move_vx"": -5.798854047777913, ""move_vy"": 0.11528977651862371, ""kick_power"": 0.0, ""kick_dir"": null}, {""move_vx"": -5.391834062178619, ""move_vy"": 0.2968593032573174, ""kick_power"": 0.0, ""kick_dir"": null}, {""move_vx"": -6.828946112858819, ""move_vy"": -1.6266207264357688, ""kick_power"": 0.0, ""kick_dir"": null}, {""move_vx"": -6.496718703142641, ""move_vy"": -3.8267801207067813, ""kick_power"": 0.0, ""kick_dir"": null}, {""move_vx"": -7.3933911064888935, ""move_vy"": 1.2600666436704564, ""kick_power"": 0.0, ""kick_dir"": null}, {""move_vx"": -0.0, ""move_vy"": 0.0, ""kick_power"": 0.0, ""kick_dir"": null}, {""move_vx"": -0.0, ""move_vy"": 0.0, ""kick_power"": 0.4, ""kick_dir"": [-0.9839176877175131, -0.17862237509675088]}, {""move_vx"": -6.323889009362528, ""move_vy"": 2.273065726560463, ""kick_power"": 0.0, ""kick_dir"": null}, {""move_vx"": -5.517122639325017, ""move_vy"": 3.041604475050523, ""kick_power"": 0.0, ""kick_dir"": null}, {""move_vx"": -4.759675356859966, ""move_vy"": -3.2439313336289914, ""kick_power"": 0.0, ""kick_dir"": null}]"
85,41,default,default,0,39.33737539277054,36.72362108618106,20,B,,0.05739031884786941,0.01273381517672664,0.352166991468474,"[{""move_vx"": 0.0, ""move_vy"": 0.0, ""kick_power"": 0.0, ""kick_dir"": null}, {""move_vx"": 0.0, ""move_vy"": 5.8, ""kick_power"": 0.0, ""kick_dir"": null}, {""move_vx"": 0.0, ""move_vy"": 0.0, ""kick_power"": 0.0, ""kick_dir"": null}, {""move_vx"": 5.294384965256248, ""move_vy"": -1.0627736540150967, ""kick_power"": 0.0, ""kick_dir"": null}, {""move_vx"": 4.1012193308819755, ""move_vy"": -4.1012193308819755, ""kick_power"": 0.0, ""kick_dir"": null}, {""move_vx"": -6.1, ""move_vy"": 0.0, ""kick_power"": 0.0, ""kick_dir"": null}, {""move_vx"": 6.0, ""move_vy"": 0.0, ""kick_power"": 0.0, ""kick_dir"": null}, {""move_vx"": 0.0, ""move_vy"": -6.0, ""kick_power"": 0.0, ""kick_dir"": null}, {""move_vx"": -4.313351365237939, ""move_vy"": -4.313351365237939, ""kick_power"": 0.0, ""kick_dir"": null}, {""move_vx"": 0.0, ""move_vy"": -6.0, ""kick_power"": 0.0, ""kick_dir"": null}, {""move_vx"": 0.0, ""move_vy"": 6.0, ""kick_power"": 0.0, ""kick_dir"": null}, {""move_vx"": -0.0, ""move_vy"": 0.0, ""kick_power"": 0.9, ""kick_dir"": [-0.9496342589458675, -0.31336040754663746]}, {""move_vx"": -6.4274613963172635, ""move_vy"": 3.9419969557130985, ""kick_power"": 0.0, ""kick_dir"": null}, {""move_vx"": -0.0, ""move_vy"": -5.4, ""kick_power"": 0.0, ""kick_dir"": null}, {""move_vx"": -6.842716790854884, ""move_vy"": -1.5676820213782678, ""kick_power"": 0.0, ""kick_dir"": null}, {""move_vx"": -6.542984142602412, ""move_vy"": -3.74712670050712, ""kick_power"": 0.0, ""kick_dir"": null}, {""move_vx"": -7.3933911064888935, ""move_vy"": 1.2600666436704564, ""kick_power"": 0.0, ""kick_dir"": null}, {""move_vx"": -0.0, ""move_vy"": 0.0, ""kick_power"": 0.0, ""kick_dir"": null}, {""move_vx"": -0.0, ""move_vy"": 0.0, ""kick_power"": 0.4, ""kick_dir"": [-0.9839176877175131, -0.17862237509675088]}, {""move_vx"": -6.281504646816952, ""move_vy"": 2.3876975042951005, ""kick_power"": 0.0, ""kick_dir"": null}, {""move_vx"": -5.517122639325017, ""move_vy"": 3.041604475050523, ""kick_power"": 0.0, ""kick_dir"": null}, {""move_vx"": -4.827134323056143, ""move_vy"": -3.1426699201750923, ""kick_power"": 0.0, ""kick_dir"": null}]"
85,42,default,default,0,38.969567216815534,36.9263947178511,20,B,,0.06015387005383342,0.009198554492631045,0.3533114613050558,"[{""move_vx"": 0.0, ""move_vy"": 0.0, ""kick_power"": 0.0, ""kick_dir"": null}, {""move_vx"": 0.0, ""move_vy"": 5.8, ""kick_power"": 0.0, ""kick_dir"": null}, {""move_vx"": 0.0, ""move_vy"": 0.0, ""kick_power"": 0.0, ""kick_dir"": null}, {""move_vx"": 5.294340685923312, ""move_vy"": -1.0629942151192897, ""kick_power"": 0.0, ""kick_dir"": null}, {""move_vx"": 4.1012193308819755, ""move_vy"": -4.1012193308819755, ""kick_power"": 0.0, ""kick_dir"": null}, {""move_vx"": -6.1, ""move_vy"": 0.0, ""kick_power"": 0.0, ""kick_dir"": null}, {""move_vx"": 6.0, ""move_vy"": 0.0, ""kick_power"": 0.0, ""kick_dir"": null}, {""move_vx"": 0.0, ""move_vy"": -6.0, ""kick_power"": 0.0, ""kick_dir"": null}, {""move_vx"": -4.313351365237939, ""move_vy"": -4.313351365237939, ""kick_power"": 0.0, ""kick_dir"": null}, {""move_vx"": 5.5031167690916964, ""move_vy"": 2.390754237838295, ""kick_power"": 0.0, ""kick_dir"": null}, {""move_vx"": 0.0, ""move_vy"": 0.0, ""kick_power"": 1.0, ""kick_dir"": [0.9957074133068113, -0.09255652455583951]}, {""move_vx"": 3.5355339059327373, ""move_vy"": 3.5355339059327373, ""kick_power"": 0.0, ""kick_dir"": null}, {""move_vx"": -6.429866651277995, ""move_vy"": 3.938072478609696, ""kick_power"": 0.0, ""kick_dir"": null}, {""move_vx"": -0.0, ""move_vy"": -5.4, ""kick_power"": 0.0, ""kick_dir"": null}, {""move_vx"": -6.855915578461821, ""move_vy"": -1.508914040296701, ""kick_power"": 0.0, ""kick_dir"": null}, {""move_vx"": -6.588373734318535, ""move_vy"": -3.666733087769229, ""kick_power"": 0.0, ""kick_dir"": null}, {""move_vx"": -7.3933911064888935, ""move_vy"": 1.2600666436704562, ""kick_power"": 0.0, ""kick_dir"": null}, {""move_vx"": -0.0, ""move_vy"": 0.0, ""kick_power"": 0.0, ""kick_dir"": null}, {""move_vx"": -0.0, ""move_vy"": 0.0, ""kick_power"": 0.4, ""kick_dir"": [-0.9839176877175131, -0.17862237509675088]}, {""move_vx"": -6.21182138855036, ""move_vy"": 2.5635278498093736, ""kick_power"": 0.0, ""kick_dir"": null}, {""move_vx"": -5.517122639325017, ""move_vy"": 3.041604475050523, ""kick_power"": 0.0, ""kick_dir"": null}, {""move_vx"": -4.892398308103616, ""move_vy"": -3.040072169351392, ""kick_power"": 0.0, ""kick_dir"": null}]"
85,43,default,default,0,38.60175904086053,37.129168349521144,20,B,,0.06289446538403409,-0.0021750167782976122,0.35852071938074237,"[{""move_vx"": 0.0, ""move_vy"": 0.0, ""kick_power"": 0.0, ""kick_dir"": null}, {""move_vx"": 0.0, ""move_vy"": 5.8, ""kick_power"": 0.0, ""kick_dir"": null}, {""move_vx"": 0.0, ""move_vy"": 0.0, ""kick_power"": 0.0, ""kick_dir"": null}, {""move_vx"": 5.293646347219932, ""move_vy"": -1.0664465999594523, ""kick_power"": 0.0, ""kick_dir"": null}, {""move_vx"": 4.1012193308819755, ""move_vy"": -4.1012193308819755, ""kick_power"": 0.0, ""kick_dir"": null}, {""move_vx"": -6.1, ""move_vy"": 0.0, ""kick_power"": 0.0, ""kick_dir"": null}, {""move_vx"": 0.0, ""move_vy"": 0.0, ""kick_power"": 0.0, ""kick_dir"": null}, {""move_vx"": -3.551750880295182, ""move_vy"": 3.659927005327073, ""kick_power"": 0.0, ""kick_dir"": null}, {""move_vx"": -4.313351365237939, ""move_vy"": -4.313351365237939, ""kick_power"": 0.0, ""kick_dir"": null}, {""move_vx"": 5.5093685532212415, ""move_vy"": 2.3763118786844646, ""kick_power"": 0.0, ""kick_dir"": null}, {""move_vx"": 0.0, ""move_vy"": 6.0, ""kick_power"": 0.0, ""kick_dir"": null}, {""move_vx"": -0.0, ""move_vy"": 0.0, ""kick_power"": 0.9, ""kick_dir"": [-0.9480735900860296, -0.31805100018046967]}, {""move_vx"": -6.4322440687936036, ""move_vy"": 3.934188129648799, ""kick_power"": 0.0, ""kick_dir"": null}, {""move_vx"": -0.0, ""move_vy"": -5.4, ""kick_power"": 0.0, ""kick_dir"": null}, {""move_vx"": -6.868547072705086, ""move_vy"": -1.4503313793869315, ""kick_power"": 0.0, ""kick_dir"": null}, {""move_vx"": -6.628261933574104, ""move_vy"": -3.594126283247775, ""kick_power"": 0.0, ""kick_dir"": null}, {""move_vx"": -7.393391106488894, ""move_vy"": 1.2600666436704562, ""kick_power"": 0.0, ""kick_dir"": null}, {""move_vx"": -0.0, ""move_vy"": 0.0, ""kick_power"": 0.0, ""kick_dir"": null}, {""move_vx"": -0.0, ""move_vy"": 0.0, ""kick_power"": 0.4, ""kick_dir"": [-0.9840609985836022, -0.1778311562593179]}, {""move_vx"": -6.172750227349486, ""move_vy"": 2.6562294010037784, ""kick_power"": 0.0, ""kick_dir"": null}, {""move_vx"": -5.517122639325017, ""move_vy"": 3.041604475050523, ""kick_power"": 0.0, ""kick_dir"": null}, {""move_vx"": -4.95936402836202, ""move_vy"": -3.517258653296461, ""kick_power"": 0.0, ""kick_dir"": null}]"
85,44,default,default,0,38.23395086490552,37.331941981191186,20,B,,0.0656153836242453,-0.0010717873160508828,0.36123548026457225,"[{""move_vx"": 0.0, ""move_vy"": 0.0, ""kick_power"": 0.0, ""kick_dir"": null}, {""move_vx"": 0.0, ""move_vy"": 5.8, ""kick_power"": 0.0, ""kick_dir"": null}, {""move_vx"": 0.0, ""move_vy"": 0.0, ""kick_power"": 0.0, ""kick_dir"": null}, {""move_vx"": 5.2941982433351, ""move_vy"": -1.063703417437183, ""kick_power"": 0.0, ""kick_dir"": null}, {""move_vx"": 4.1012193308819755, ""move_vy"": -4.1012193308819755, ""kick_power"": 0.0, ""kick_dir"": null}, {""move_vx"": -6.1, ""move_vy"": 0.0, ""kick_power"": 0.0, ""kick_dir"": null}, {""move_vx"": 6.0, ""move_vy"": 0.0, ""kick_power"": 0.0, ""kick_dir"": null}, {""move_vx"": 0.0, ""move_vy"": 0.0, ""kick_power"": 0.65, ""kick_dir"": [0.9657263603419304, 0.2595619555355989]}, {""move_vx"": -4.313351365237939, ""move_vy"": -4.313351365237939, ""kick_power"": 0.0, ""kick_dir"": null}, {""move_vx"": 5.509832839499727, ""move_vy"": 2.3752351632565527, ""kick_power"": 0.0, ""kick_dir"": null}, {""move_vx"": 0.0, ""move_vy"": 6.0, ""kick_power"": 0.0, ""kick_dir"": null}, {""move_vx"": -0.0, ""move_vy"": 0.0, ""kick_power"": 0.9, ""kick_dir"": [-0.9477238505562885, -0.31909163889923287]}, {""move_vx"": -6.434593924912066, ""move_vy"": 3.9303436263874865, ""kick_power"": 0.0, ""kick_dir"": null}, {""move_vx"": -0.0, ""move_vy"": -5.4, ""kick_power"": 0.0, ""kick_dir"": null}, {""move_vx"": -6.880616232183084, ""move_vy"": -1.3919483702417519, ""kick_power"": 0.0, ""kick_dir"": null}, {""move_vx"": -6.655922100651792, ""move_vy"": -3.5426403980724643, ""kick_power"": 0.0, ""kick_dir"": null}, {""move_vx"": -7.3933911064888935, ""move_vy"": 1.260066643670456, ""kick_power"": 0.0, ""kick_dir"": null}, {""move_vx"": -0.0, ""move_vy"": 0.0, ""kick_power"": 0.0, ""kick_dir"": null}, {""move_vx"": -4.242640687119285, ""move_vy"": 4.242640687119285, ""kick_power"": 0.0, ""kick_dir"": null}, {""move_vx"": -6.1591146960397785, ""move_vy"": 2.687695325186032, ""kick_power"": 0.0, ""kick_dir"": null}, {""move_vx"": -5.517122639325017, ""move_vy"": 3.041604475050523, ""kick_power"": 0.0, ""kick_dir"": null}, {""move_vx"": -5.021549983095068, ""move_vy"": -2.8216370722114363, ""kick_power"": 0.0, ""kick_dir"": null}]"
85,45,default,default,0,37.86614268895052,37.53471561286123,20,B,,0.06831925059318901,-0.010674216295509607,0.36989097231168766,"[{""move_vx"": 0.0, ""move_vy"": 0.0, ""kick_power"": 0.0, ""kick_dir"": null}, {""move_vx"": 0.0, ""move_vy"": 5.8, ""kick_power"": 0.0, ""kick_dir"": null}, {""move_vx"": 0.0, ""move_vy"": 0.0, ""kick_power"": 0.0, ""kick_dir"": null}, {""move_vx"": -3.8183766184073566, ""move_vy"": 3.8183766184073566, ""kick_power"": 0.0, ""kick_dir"": null}, {""move_vx"": 4.1012193308819755, ""move_vy"": -4.1012193308819755, ""kick_power"": 0.0, ""kick_dir"": null}, {""move_vx"": -6.1, ""move_vy"": 0.0, ""kick_power"": 0.0, ""kick_dir"": null}, {""move_vx"": 0.0, ""move_vy"": 0.0, ""kick_power"": 0.0, ""kick_dir"": null}, {""move_vx"": -3.5517508802951827, ""move_vy"": 3.659927005327071, ""kick_power"": 0.0, ""kick_dir"": null}, {""move_vx"": -4.313351365237939, ""move_vy"": -4.313351365237939, ""kick_power"": 0.0, ""kick_dir"": null}, {""move_vx"": 5.509832839499726, ""move_vy"": 2.3752351632565527, ""kick_power"": 0.0, ""kick_dir"": null}, {""move_vx"": 0.0, ""move_vy"": 6.0, ""kick_power"": 0.0, ""kick_dir"": null}, {""move_vx"": -0.0, ""move_vy"": 0.0, ""kick_power"": 0.9, ""kick_dir"": [-0.9470577105664858, -0.3210633329938223]}, {""move_vx"": -6.4369164931507274, ""move_vy"": 3.9265386869613477, ""kick_power"": 0.0, ""kick_dir"": null}, {""move_vx"": -3.8183766184073566, ""move_vy"": 3.8183766184073566, ""kick_power"": 0.0, ""kick_dir"": null}, {""move_vx"": -6.892128365159579, ""move_vy"": -1.3337790664734386, ""kick_power"": 0.0, ""kick_dir"": null}, {""move_vx"": -6.675434075930839, ""move_vy"": -3.505735286341708, ""kick_power"": 0.0, ""kick_dir"": null}, {""move_vx"": -7.3933911064888935, ""move_vy"": 1.260066643670456, ""kick_power"": 0.0, ""kick_dir"": null}, {""move_vx"": -5.387502392580433, ""move_vy"": 0.36717566632351967, ""kick_power"": 0.0, ""kick_dir"": null}, {""move_vx"": -4.242640687119285, ""move_vy"": 4.242640687119285, ""kick_power"": 0.0, ""kick_dir"": null}, {""move_vx"": -6.14856724508395, ""move_vy"": 2.7117376039507888, ""kick_power"": 0.0, ""kick_dir"": null}, {""move_vx"": -5.517122639325017, ""move_vy"": 3.041604475050523, ""kick_power"": 0.0, ""kick_dir"": null}, {""move_vx"": -5.079567029494866, ""move_vy"": -2.7158053672656135, ""kick_power"": 0.0, ""kick_dir"": null}]"
85,46,default,default,0,39.09868972150135,36.5379322150032,20,B,,0.05681764289992706,-0.024345915493184732,0.4058553879427663,"[{""move_vx"": 0.0, ""move_vy"": 0.0, ""kick_power"": 0.0, ""kick_dir"": null}, {""move_vx"": 0.0, ""move_vy"": 5.8, ""kick_power"": 0.0, ""kick_dir"": null}, {""move_vx"": 0.0, ""move_vy"": 0.0, ""kick_power"": 0.0, ""kick_dir"": null}, {""move_vx"": 5.292377670072309, ""move_vy"": -1.0727248469761534, ""kick_power"": 0.0, ""kick_dir"": null}, {""move_vx"": 4.1012193308819755, ""move_vy"": -4.1012193308819755, ""kick_power"": 0.0, ""kick_dir"": null}, {""move_vx"": -6.1, ""move_vy"": 0.0, ""kick_power"": 0.0, ""kick_dir"": null}, {""move_vx"": 6.0, ""move_vy"": 0.0, ""kick_power"": 0.0, ""kick_dir"": null}, {""move_vx"": -3.551750880295186, ""move_vy"": 3.65992700532707, ""kick_power"": 0.0, ""kick_dir"": null}, {""move_vx"": -4.313351365237939, ""move_vy"": -4.313351365237939, ""kick_power"": 0.0, ""kick_dir"": null}, {""move_vx"": 5.509832839499726, ""move_vy"": 2.375235163256553, ""kick_power"": 0.0, ""kick_dir"": null}, {""move_vx"": 0.0, ""move_vy"": 6.0, ""kick_power"": 0.0, ""kick_dir"": null}, {""move_vx"": -0.0, ""move_vy"": 0.0, ""kick_power"": 0.9, ""kick_dir"": [-0.9462881026670217, -0.32332460113806866]}, {""move_vx"": -6.439212044519682, ""move_vy"": 3.922773030104172, ""kick_power"": 0.0, ""kick_dir"": null}, {""move_vx"": -0.0, ""move_vy"": -5.4, ""kick_power"": 0.0, ""kick_dir"": null}, {""move_vx"": -6.903089117183367, ""move_vy"": -1.275837231085753, ""kick_power"": 0.0, ""kick_dir"": null}, {""move_vx"": -5.558354086721409, ""move_vy"": -1.656713568070053, ""kick_power"": 0.0, ""kick_dir"": null}, {""move_vx"": -7.393391106488894, ""move_vy"": 1.260066643670456, ""kick_power"": 0.0, ""kick_dir"": null}, {""move_vx"": -5.386565647475934, ""move_vy"": 0.3806711513001413, ""kick_power"": 0.0, ""kick_dir"": null}, {""move_vx"": -4.242640687119285, ""move_vy"": 4.242640687119285, ""kick_power"": 0.0, ""kick_dir"": null}, {""move_vx"": -6.138346086334891, ""move_vy"": 2.7347956640994475, ""kick_power"": 0.0, ""kick_dir"": null}, {""move_vx"": 4.242640687119285, ""move_vy"": -4.242640687119285, ""kick_power"": 0.0, ""kick_dir"": null}, {""move_vx"": -5.135115971396456, ""move_vy"": -2.6092496929786235, ""kick_power"": 0.0, ""kick_dir"": null}]"
85,47,default,default,0,37.67442565278942,36.96219628371513,20,B,,0.069116856805576,0.009365306884435605,0.3337683306119176,"[{""move_vx"": 0.0, ""move_vy"": 0.0, ""kick_power"": 0.0, ""kick_dir"": null}, {""move_vx"": 0.0, ""move_vy"": 5.8, ""kick_power"": 0.0, ""kick_dir"": null}, {""move_vx"": 5.238228620918874, ""move_vy"": 1.311853999112076, ""kick_power"": 0.0, ""kick_dir"": null}, {""move_vx"": 0.0, ""move_vy"": -5.4, ""kick_power"": 0.0, ""kick_dir"": null}, {""move_vx"": 4.1012193308819755, ""move_vy"": -4.1012193308819755, ""kick_power"": 0.0, ""kick_dir"": null}, {""move_vx"": -6.1, ""move_vy"": 0.0, ""kick_power"": 0.0, ""kick_dir"": null}, {""move_vx"": 0.0, ""move_vy"": 0.0, ""kick_power"": 0.0, ""kick_dir"": null}, {""move_vx"": 5.622864798575257, ""move_vy"": -2.0936550472661986, ""kick_power"": 0.0, ""kick_dir"": null}, {""move_vx"": 0.0, ""move_vy"": 0.0, ""kick_power"": 0.7, ""kick_dir"": [0.9971238419257595, -0.07578929153310422]}, {""move_vx"": 5.509832839499726, ""move_vy"": 2.375235163256553, ""kick_power"": 0.0, ""kick_dir"": null}, {""move_vx"": 0.0, ""move_vy"": 6.0, ""kick_power"": 0.0, ""kick_dir"": null}, {""move_vx"": -0.0, ""move_vy"": 0.0, ""kick_power"": 0.9, ""kick_dir"": [-0.9463120026580709, -0.3232546435377065]}, {""move_vx"": -5.799852797507934, ""move_vy"": -0.04132223662135265, ""kick_power"": 0.0, ""kick_dir"": null}, {""move_vx"": -0.0, ""move_vy"": 0.0, ""kick_power"": 0.9, ""kick_dir"": [-0.07668693301305522, 0.9970551274322493]}, {""move_vx"": -6.847422136722479, ""move_vy"": -1.5470003495548965, ""kick_power"": 0.0, ""kick_dir"": null}, {""move_vx"": -6.475865894339365, ""move_vy"": -3.861963350231617, ""kick_power"": 0.0, ""kick_dir"": null}, {""move_vx"": -7.393391106488894, ""move_vy"": 1.2600666436704557, ""kick_power"": 0.0, ""kick_dir"": null}, {""move_vx"": -5.372752350430184, ""move_vy"": 0.5417861025782608, ""kick_power"": 0.0, ""kick_dir"": null}, {""move_vx"": -0.0, ""move_vy"": 0.0, ""kick_power"": 0.4, ""kick_dir"": [-0.9836155843354876, -0.18027853664831395]}, {""move_vx"": -6.271386450842444, ""move_vy"": 2.414148293744571, ""kick_power"": 0.0, ""kick_dir"": null}, {""move_vx"": -6.0, ""move_vy"": 0.0, ""kick_power"": 0.0, ""kick_dir"": null}, {""move_vx"": -4.876698474082028, ""move_vy"": -3.0651936305698584, ""kick_power"": 0.0, ""kick_dir"": null}]"
85,48,default,default,0,37.254425652789415,36.96219628371513,20,B,,0.07246232546987771,-0.005886031839971002,0.3658728525572636,"[{""move_vx"": 0.0, ""move_vy"": 0.0, ""kick_power"": 0.0, ""kick_dir"": null}, {""move_vx"": 0.0, ""move_vy"": 5.8, ""kick_power"": 0.0, ""kick_dir"": null}, {""move_vx"": 0.0, ""move_vy"": 0.0, ""kick_power"": 0.0, ""kick_dir"": null}, {""move_vx"": 4.986413642586991, ""move_vy"": -4.138366704996349, ""kick_power"": 0.0, ""kick_dir"": null}, {""move_vx"": 4.1012193308819755, ""move_vy"": -4.1012193308819755, ""kick_power"": 0.0, ""kick_dir"": null}, {""move_vx"": -6.1, ""move_vy"": 0.0, ""kick_power"": 0.0, ""kick_dir"": null}, {""move_vx"": 0.0, ""move_vy"": 0.0, ""kick_power"": 0.0, ""kick_dir"": null}, {""move_vx"": 0.0, ""move_vy"": 0.0, ""kick_power"": 0.65, ""kick_dir"": [-0.389054883180814, 0.9212143800813133]}, {""move_vx"": -4.313351365237939, ""move_vy"": -4.313351365237939, ""kick_power"": 0.0, ""kick_dir"": null}, {""move_vx"": 5.509832839499726, ""move_vy"": 2.375235163256554, ""kick_power"": 0.0, ""kick_dir"": null}, {""move_vx"": 0.0, ""move_vy"": 6.0, ""kick_power"": 0.0, ""kick_dir"": null}, {""move_vx"": -0.0, ""move_vy"": 0.0, ""kick_power"": 0.9, ""kick_dir"": [-0.9470882477580851, -0.3209732416749492]}, {""move_vx"": -6.488158096954937, ""move_vy"": 3.84127641662483, ""kick_power"": 0.0, ""kick_dir"": null}, {""move_vx"": -0.0, ""move_vy"": -5.4, ""kick_power"": 0.0, ""kick_dir"": null}, {""move_vx"": -6.881455603360218, ""move_vy"": -1.387792772348329, ""kick_power"": 0.0, ""kick_dir"": null}, {""move_vx"": -6.602318785774216, ""move_vy"": -3.641563764512836, ""kick_power"": 0.0, ""kick_dir"": null}, {""move_vx"": -7.3933911064888935, ""move_vy"": 1.2600666436704555, ""kick_power"": 0.0, ""kick_dir"": null}, {""move_vx"": -0.0, ""move_vy"": 6.0, ""kick_power"": 0.0, ""kick_dir"": null}, {""move_vx"": -4.242640687119285, ""move_vy"": 4.242640687119285, ""kick_power"": 0.0, ""kick_dir"": null}, {""move_vx"": -6.302069120502051, ""move_vy"": 2.3328790796812666, ""kick_power"": 0.0, ""kick_dir"": null}, {""move_vx"": -6.300000000000001, ""move_vy"": 0.0, ""kick_power"": 0.0, ""kick_dir"": null}, {""move_vx"": -5.0724379293560835, ""move_vy"": -2.7290975528239683, ""kick_power"": 0.0, ""kick_dir"": null}]"
85,49,default,default,0,36.83442565278941,36.96219628371513,20,B,,0.07581656602442195,-0.005353680804281315,0.3679200137112859,"[{""move_vx"": 0.0, ""move_vy"": 0.0, ""kick_power"": 0.0, ""kick_dir"": null}, {""move_vx"": 0.0, ""move_vy"": 5.8, ""kick_power"": 0.0, ""kick_dir"": null}, {""move_vx"": 0.0, ""move_vy"": 0.0, ""kick_power"": 0.0, ""kick_dir"": null}, {""move_vx"": 4.898451294494195, ""move_vy"": -4.242119153850839, ""kick_power"": 0.0, ""kick_dir"": null}, {""move_vx"": 5.353051851186049, ""move_vy"": -2.232674602021889, ""kick_power"": 0.0, ""kick_dir"": null}, {""move_vx"": -6.1, ""move_vy"": 0.0, ""kick_power"": 0.0, ""kick_dir"": null}, {""move_vx"": 0.0, ""move_vy"": 0.0, ""kick_power"": 0.0, ""kick_dir"": null}, {""move_vx"": 0.0, ""move_vy"": 0.0, ""kick_power"": 0.0, ""kick_dir"": null}, {""move_vx"": 0.0, ""move_vy"": 0.0, ""kick_power"": 0.7, ""kick_dir"": [0.9971461357198974, -0.07549541027134235]}, {""move_vx"": 5.509832839499726, ""move_vy"": 2.375235163256554, ""kick_power"": 0.0, ""kick_dir"": null}, {""move_vx"": 0.0, ""move_vy"": 6.0, ""kick_power"": 0.0, ""kick_dir"": null}, {""move_vx"": -0.0, ""move_vy"": 0.0, ""kick_power"": 0.9, ""kick_dir"": [-0.9474916025691837, -0.3197806028299497]}, {""move_vx"": -6.515026385796399, ""move_vy"": 3.7955277883815723, ""kick_power"": 0.0, ""kick_dir"": null}, {""move_vx"": -0.0, ""move_vy"": -5.4, ""kick_power"": 0.0, ""kick_dir"": null}, {""move_vx"": -6.885110071229817, ""move_vy"": -1.3695471174989773, ""kick_power"": 0.0, ""kick_dir"": null}, {""move_vx"": -6.5995474861740995, ""move_vy"": -3.646583740671965, ""kick_power"": 0.0, ""kick_dir"": null}, {""move_vx"": -7.3933911064888935, ""move_vy"": 1.2600666436704555, ""kick_power"": 0.0, ""kick_dir"": null}, {""move_vx"": -0.0, ""move_vy"": 6.0, ""kick_power"": 0.0, ""kick_dir"": null}, {""move_vx"": -4.242640687119285, ""move_vy"": 4.242640687119285, ""kick_power"": 0.0, ""kick_dir"": null}, {""move_vx"": -6.339444249474952, ""move_vy"": 2.229315277792483, ""kick_power"": 0.0, ""kick_dir"": null}, {""move_vx"": -6.300000000000001, ""move_vy"": 0.0, ""kick_power"": 0.0, ""kick_dir"": null}, {""move_vx"": -5.104904123718866, ""move_vy"": -2.667874413768034, ""kick_power"": 0.0, ""kick_dir"": null}]"
85,50,default,default,0,36.41442565278941,36.96219628371513,20,B,,0.07917424124298043,-0.005049713407126772,0.36971267530308083,"[{""move_vx"": 0.0, ""move_vy"": 0.0, ""kick_power"": 0.0, ""kick_dir"": null}, {""move_vx"": 0.0, ""move_vy"": 5.8, ""kick_power"": 0.0, ""kick_dir"": null}, {""move_vx"": 0.0, ""move_vy"": 0.0, ""kick_power"": 0.0, ""kick_dir"": null}, {""move_vx"": 4.80023686995059, ""move_vy"": -4.352944519789674, ""kick_power"": 0.0, ""kick_dir"": null}, {""move_vx"": 5.35305185118605, ""move_vy"": -2.2326746020218886, ""kick_power"": 0.0, ""kick_dir"": null}, {""move_vx"": -6.1, ""move_vy"": 0.0, ""kick_power"": 0.0, ""kick_dir"": null}, {""move_vx"": 0.0, ""move_vy"": 0.0, ""kick_power"": 0.65, ""kick_dir"": [-0.5523568998016417, -0.833607640805381]}, {""move_vx"": -3.6484085767969248, ""move_vy"": 3.5635817454851004, ""kick_power"": 0.0, ""kick_dir"": null}, {""move_vx"": 4.313351365237939, ""move_vy"": -4.313351365237939, ""kick_power"": 0.0, ""kick_dir"": null}, {""move_vx"": 5.509832839499725, ""move_vy"": 2.3752351632565545, ""kick_power"": 0.0, ""kick_dir"": null}, {""move_vx"": 0.0, ""move_vy"": 6.0, ""kick_power"": 0.0, ""kick_dir"": null}, {""move_vx"": -0.0, ""move_vy"": 0.0, ""kick_power"": 0.9, ""kick_dir"": [-0.9474518656368209, -0.3198983169228096]}, {""move_vx"": -6.541377595667834, ""move_vy"": 3.7499305528095985, ""kick_power"": 0.0, ""kick_dir"": null}, {""move_vx"": -0.0, ""move_vy"": -5.4, ""kick_power"": 0.0, ""kick_dir"": null}, {""move_vx"": -6.88867539352571, ""move_vy"": -1.351499656912058, ""kick_power"": 0.0, ""kick_dir"": null}, {""move_vx"": -6.595994546983857, ""move_vy"": -3.6530064243249325, ""kick_power"": 0.0, ""kick_dir"": null}, {""move_vx"": -7.393391106488894, ""move_vy"": 1.2600666436704555, ""kick_power"": 0.0, ""kick_dir"": null}, {""move_vx"": -0.0, ""move_vy"": 0.0, ""kick_power"": 0.0, ""kick_dir"": null}, {""move_vx"": -4.242640687119285, ""move_vy"": 4.242640687119285, ""kick_power"": 0.0, ""kick_dir"": null}, {""move_vx"": -6.373761064885875, ""move_vy"": 2.129218140009349, ""kick_power"": 0.0, ""kick_dir"": null}, {""move_vx"": -6.300000000000001, ""move_vy"": 0.0, ""kick_power"": 0.0, ""kick_dir"": null}, {""move_vx"": -5.135947462879515, ""move_vy"": -2.6076126358302303, ""kick_power"": 0.0, ""kick_dir"": null}]"
85,51,default,default,0,37.614425652789414,36.96219628371513,20,B,,0.06803396222390092,0.0005974108899752025,0.41030937462916767,"[{""move_vx"": 0.0, ""move_vy"": 0.0, ""kick_power"": 0.0, ""kick_dir"": null}, {""move_vx"": 0.0, ""move_vy"": 5.8, ""kick_power"": 0.0, ""kick_dir"": null}, {""move_vx"": 0.0, ""move_vy"": 0.0, ""kick_power"": 0.0, ""kick_dir"": null}, {""move_vx"": 4.689987578116149, ""move_vy"": -4.47151165906075, ""kick_power"": 0.0, ""kick_dir"": null}, {""move_vx"": 5.35305185118605, ""move_vy"": -2.2326746020218886, ""kick_power"": 0.0, ""kick_dir"": null}, {""move_vx"": 0.0, ""move_vy"": 0.0, ""kick_power"": 0.7, ""kick_dir"": [0.9771606609758197, 0.21250180230363086]}, {""move_vx"": 0.0, ""move_vy"": 0.0, ""kick_power"": 0.65, ""kick_dir"": [0.5195179897564133, 0.8544593952354541]}, {""move_vx"": 0.0, ""move_vy"": 0.0, ""kick_power"": 0.65, ""kick_dir"": [-0.20876068213990712, 0.9779665219142321]}, {""move_vx"": 4.6740422283176075, ""move_vy"": -2.8798314617185117, ""kick_power"": 0.0, ""kick_dir"": null}, {""move_vx"": 5.509832839499726, ""move_vy"": 2.375235163256555, ""kick_power"": 0.0, ""kick_dir"": null}, {""move_vx"": 0.0, ""move_vy"": 6.0, ""kick_power"": 0.0, ""kick_dir"": null}, {""move_vx"": -0.0, ""move_vy"": 0.0, ""kick_power"": 0.9, ""kick_dir"": [-0.9473890830396829, -0.32008420171882257]}, {""move_vx"": -6.567215561285556, ""move_vy"": 3.704494536587797, ""kick_power"": 0.0, ""kick_dir"": null}, {""move_vx"": -0.0, ""move_vy"": -5.4, ""kick_power"": 0.0, ""kick_dir"": null}, {""move_vx"": -6.892153518190893, ""move_vy"": -1.3336490849128595, ""kick_power"": 0.0, ""kick_dir"": null}, {""move_vx"": -6.591898263745684, ""move_vy"": -3.6603930499915753, ""kick_power"": 0.0, ""kick_dir"": null}, {""move_vx"": -7.393391106488894, ""move_vy"": 1.2600666436704553, ""kick_power"": 0.0, ""kick_dir"": null}, {""move_vx"": -5.396075721017633, ""move_vy"": 0.20583200199200039, ""kick_power"": 0.0, ""kick_dir"": null}, {""move_vx"": -4.242640687119285, ""move_vy"": 4.242640687119285, ""kick_power"": 0.0, ""kick_dir"": null}, {""move_vx"": -6.405230485635964, ""move_vy"": 2.03259007817112, ""kick_power"": 0.0, ""kick_dir"": null}, {""move_vx"": -0.0, ""move_vy"": 0.0, ""kick_power"": 0.0, ""kick_dir"": null}, {""move_vx"": -5.165617099230911, ""move_vy"": -2.5483327852015782, ""kick_power"": 0.0, ""kick_dir"": null}]"
85,52,default,default,0,37.72153243397596,36.255089502528584,20,B,,0.06611212277738614,-0.012920540644486282,0.3798575970564102,"[{""move_vx"": 0.0, ""move_vy"": 5.0, ""kick_power"": 0.0, ""kick_dir"": null}, {""move_vx"": 6.853866841623608, ""move_vy"": 1.2108300117243689, ""kick_power"": 0.0, ""kick_dir"": null}, {""move_vx"": 0.0, ""move_vy"": 5.4, ""kick_power"": 0.0, ""kick_dir"": null}, {""move_vx"": 0.0, ""move_vy"": -5.4, ""kick_power"": 0.0, ""kick_dir"": null}, {""move_vx"": 5.353051851186051, ""move_vy"": -2.2326746020218886, ""kick_power"": 0.0, ""kick_dir"": null}, {""move_vx"": -6.1, ""move_vy"": 0.0, ""kick_power"": 0.0, ""kick_dir"": null}, {""move_vx"": 0.0, ""move_vy"": 0.0, ""kick_power"": 0.65, ""kick_dir"": [0.5195179897564133, 0.8544593952354541]}, {""move_vx"": 0.0, ""move_vy"": 0.0, ""kick_power"": 0.65, ""kick_dir"": [-0.13310849988032047, 0.9911012282294216]}, {""move_vx"": 5.437709694964528, ""move_vy"": -0.7559188271823825, ""kick_power"": 0.0, ""kick_dir"": null}, {""move_vx"": 5.509832839499725, ""move_vy"": 2.3752351632565554, ""kick_power"": 0.0, ""kick_dir"": null}, {""move_vx"": 0.0, ""move_vy"": 6.0, ""kick_power"": 0.0, ""kick_dir"": null}, {""move_vx"": -0.0, ""move_vy"": 0.0, ""kick_power"": 0.9, ""kick_dir"": [-0.9472026448865813, -0.3206354946040711]}, {""move_vx"": -6.489427490522071, ""move_vy"": 3.8391315222659945, ""kick_power"": 0.0, ""kick_dir"": null}, {""move_vx"": -0.0, ""move_vy"": -5.4, ""kick_power"": 0.0, ""kick_dir"": null}, {""move_vx"": -5.304037250345998, ""move_vy"": 1.013503254529588, ""kick_power"": 0.0, ""kick_dir"": null}, {""move_vx"": -6.478541954900906, ""move_vy"": -3.8574725065240263, ""kick_power"": 0.0, ""kick_dir"": null}, {""move_vx"": -7.3933911064888935, ""move_vy"": 1.260066643670455, ""kick_power"": 0.0, ""kick_dir"": null}, {""move_vx"": -5.395937573026904, ""move_vy"": 0.20942231971910216, ""kick_power"": 0.0, ""kick_dir"": null}, {""move_vx"": -4.242640687119285, ""move_vy"": -4.242640687119285, ""kick_power"": 0.0, ""kick_dir"": null}, {""move_vx"": -6.294907808151575, ""move_vy"": 2.352134283341907, ""kick_power"": 0.0, ""kick_dir"": null}, {""move_vx"": 4.242640687119285, ""move_vy"": -4.242640687119285, ""kick_power"": 0.0, ""kick_dir"": null}, {""move_vx"": -5.07263969297565, ""move_vy"": -2.7287225115881446, ""kick_power"": 0.0, ""kick_dir"": null}]"
85,53,default,default,0,36.297268365264024,36.67935357124051,20,B,,0.07830434883549865,0.0026517460159986815,0.3478873456590913,"[{""move_vx"": 0.0, ""move_vy"": 0.0, ""kick_power"": 0.0, ""kick_dir"": null}, {""move_vx"": 0.0, ""move_vy"": 5.8, ""kick_power"": 0.0, ""kick_dir"": null}, {""move_vx"": 5.3974115332471975, ""move_vy"": 0.16717876889769231, ""kick_power"": 0.0, ""kick_dir"": null}, {""move_vx"": 0.0, ""move_vy"": -5.4, ""kick_power"": 0.0, ""kick_dir"": null}, {""move_vx"": 5.353051851186051, ""move_vy"": -2.2326746020218886, ""kick_power"": 0.0, ""kick_dir"": null}, {""move_vx"": -6.1, ""move_vy"": 0.0, ""kick_power"": 0.0, ""kick_dir"": null}, {""move_vx"": 0.0, ""move_vy"": 6.0, ""kick_power"": 0.0, ""kick_dir"": null}, {""move_vx"": 0.0, ""move_vy"": 0.0, ""kick_power"": 0.65, ""kick_dir"": [-0.04912994856637994, 0.9987921422671803]}, {""move_vx"": 0.0, ""move_vy"": 0.0, ""kick_power"": 0.7, ""kick_dir"": [0.9971755575224838, -0.0751057932599326]}, {""move_vx"": 5.52137734668508, ""move_vy"": 2.348274301591029, ""kick_power"": 0.0, ""kick_dir"": null}, {""move_vx"": 0.0, ""move_vy"": 6.0, ""kick_power"": 0.0, ""kick_dir"": null}, {""move_vx"": -0.0, ""move_vy"": 0.0, ""kick_power"": 0.9, ""kick_dir"": [-0.9479428846798422, -0.31844035271217463]}, {""move_vx"": -5.797237467714288, ""move_vy"": -0.17899090180687174, ""kick_power"": 0.0, ""kick_dir"": null}, {""move_vx"": -5.058133253565372, ""move_vy"": 1.8908431952904456, ""kick_power"": 0.0, ""kick_dir"": null}, {""move_vx"": -5.304037250345998, ""move_vy"": 1.013503254529588, ""kick_power"": 0.0, ""kick_dir"": null}, {""move_vx"": -6.3815032039784105, ""move_vy"": -4.015970226186106, ""kick_power"": 0.0, ""kick_dir"": null}, {""move_vx"": -7.393391106488895, ""move_vy"": 1.260066643670455, ""kick_power"": 0.0, ""kick_dir"": null}, {""move_vx"": -5.397573904810543, ""move_vy"": 0.16185160520760183, ""kick_power"": 0.0, ""kick_dir"": null}, {""move_vx"": -4.242640687119285, ""move_vy"": -4.242640687119285, ""kick_power"": 0.0, ""kick_dir"": null}, {""move_vx"": -6.493123742439164, ""move_vy"": 1.7313994528625787, ""kick_power"": 0.0, ""kick_dir"": null}, {""move_vx"": -6.0, ""move_vy"": 0.0, ""kick_power"": 0.0, ""kick_dir"": null}, {""move_vx"": -4.944500599248602, ""move_vy"": -2.9545750665756016, ""kick_power"": 0.0, ""kick_dir"": null}]"
85,54,default,default,0,35.87726836526402,36.67935357124051,20,B,,0.08146130072830059,-0.007238779132489352,0.37601868318961573,"[{""move_vx"": 0.0, ""move_vy"": 0.0, ""kick_power"": 0.0, ""kick_dir"": null}, {""move_vx"": 0.0, ""move_vy"": 5.8, ""kick_power"": 0.0, ""kick_dir"": null}, {""move_vx"": 0.0, ""move_vy"": 0.0, ""kick_power"": 0.0, ""kick_dir"": null}, {""move_vx"": 4.732539829249977, ""move_vy"": -4.426450809007439, ""kick_power"": 0.0, ""kick_dir"": null}, {""move_vx"": 5.8, ""move_vy"": 0.0, ""kick_power"": 0.0, ""kick_dir"": null}, {""move_vx"": 7.454524549709563, ""move_vy"": 1.6033367512090009, ""kick_power"": 0.0, ""kick_dir"": null}, {""move_vx"": 0.0, ""move_vy"": 0.0, ""kick_power"": 0.65, ""kick_dir"": [0.5377981886886163, 0.8430734849258703]}, {""move_vx"": 0.0, ""move_vy"": 0.0, ""kick_power"": 0.65, ""kick_dir"": [0.04253819680636828, 0.999094578722601]}, {""move_vx"": -4.313351365237939, ""move_vy"": -4.313351365237939, ""kick_power"": 0.0, ""kick_dir"": null}, {""move_vx"": 5.533423508823692, ""move_vy"": 2.3197465965051656, ""kick_power"": 0.0, ""kick_dir"": null}, {""move_vx"": 0.0, ""move_vy"": 6.0, ""kick_power"": 0.0, ""kick_dir"": null}, {""move_vx"": -0.0, ""move_vy"": 0.0, ""kick_power"": 0.9, ""kick_dir"": [-0.9487473000849381, -0.3160356489423574]}, {""move_vx"": -6.581848309970473, ""move_vy"": 3.6784334742575977, ""kick_power"": 0.0, ""kick_dir"": null}, {""move_vx"": -0.0, ""move_vy"": -5.4, ""kick_power"": 0.0, ""kick_dir"": null}, {""move_vx"": -5.304037250345998, ""move_vy"": 1.013503254529588, ""kick_power"": 0.0, ""kick_dir"": null}, {""move_vx"": -6.5401491188038605, ""move_vy"": -3.7520726943662863, ""kick_power"": 0.0, ""kick_dir"": null}, {""move_vx"": -7.393391106488894, ""move_vy"": 1.2600666436704548, ""kick_power"": 0.0, ""kick_dir"": null}, {""move_vx"": -5.3953523970875095, ""move_vy"": 0.22399221245854511, ""kick_power"": 0.0, ""kick_dir"": null}, {""move_vx"": -4.242640687119285, ""move_vy"": -4.242640687119285, ""kick_power"": 0.0, ""kick_dir"": null}, {""move_vx"": -6.483080810906532, ""move_vy"": 1.7686331443392969, ""kick_power"": 0.0, ""kick_dir"": null}, {""move_vx"": -6.300000000000001, ""move_vy"": 0.0, ""kick_power"": 0.0, ""kick_dir"": null}, {""move_vx"": -5.139631175518354, ""move_vy"": -2.600344473264999, ""kick_power"": 0.0, ""kick_dir"": null}]"
85,55,default,default,0,37.18437514645057,35.972246790053966,20,B,,0.06903973203814488,-0.01079495647572796,0.40960452146703513,"[{""move_vx"": 0.0, ""move_vy"": 0.0, ""kick_power"": 0.0, ""kick_dir"": null}, {""move_vx"": 0.0, ""move_vy"": 5.8, ""kick_power"": 0.0, ""kick_dir"": null}, {""move_vx"": 3.8183766184073566, ""move_vy"": 3.8183766184073566, ""kick_power"": 0.0, ""kick_dir"": null}, {""move_vx"": 4.599555697484334, ""move_vy"": -4.5644810642327585, ""kick_power"": 0.0, ""kick_dir"": null}, {""move_vx"": 5.347574263137599, ""move_vy"": -2.2457625654170035, ""kick_power"": 0.0, ""kick_dir"": null}, {""move_vx"": 0.0, ""move_vy"": 0.0, ""kick_power"": 0.7, ""kick_dir"": [0.9777153199792592, 0.2099350532023606]}, {""move_vx"": 0.0, ""move_vy"": 0.0, ""kick_power"": 0.65, ""kick_dir"": [0.5377981886886163, 0.8430734849258703]}, {""move_vx"": 0.0, ""move_vy"": 0.0, ""kick_power"": 0.65, ""kick_dir"": [0.14261453194233084, 0.9897780435991654]}, {""move_vx"": -4.313351365237939, ""move_vy"": -4.313351365237939, ""kick_power"": 0.0, ""kick_dir"": null}, {""move_vx"": 5.542156437161962, ""move_vy"": 2.298804477554412, ""kick_power"": 0.0, ""kick_dir"": null}, {""move_vx"": 0.0, ""move_vy"": 6.0, ""kick_power"": 0.0, ""kick_dir"": null}, {""move_vx"": -0.0, ""move_vy"": 0.0, ""kick_power"": 0.9, ""kick_dir"": [-0.9488991035448056, -0.31557956539894066]}, {""move_vx"": -6.608010761999284, ""move_vy"": 3.6312248304534447, ""kick_power"": 0.0, ""kick_dir"": null}, {""move_vx"": -0.0, ""move_vy"": -5.4, ""kick_power"": 0.0, ""kick_dir"": null}, {""move_vx"": -5.304037250345998, ""move_vy"": 1.013503254529588, ""kick_power"": 0.0, ""kick_dir"": null}, {""move_vx"": -6.568747798832484, ""move_vy"": -3.701776918634266, ""kick_power"": 0.0, ""kick_dir"": null}, {""move_vx"": -7.393391106488894, ""move_vy"": 1.2600666436704548, ""kick_power"": 0.0, ""kick_dir"": null}, {""move_vx"": -5.394498472862309, ""move_vy"": 0.2436928933847458, ""kick_power"": 0.0, ""kick_dir"": null}, {""move_vx"": 4.668495852215606, ""move_vy"": 2.0530821897444045, ""kick_power"": 0.0, ""kick_dir"": null}, {""move_vx"": -6.508617338955758, ""move_vy"": 1.6722142013045074, ""kick_power"": 0.0, ""kick_dir"": null}, {""move_vx"": 4.242640687119285, ""move_vy"": -4.242640687119285, ""kick_power"": 0.0, ""kick_dir"": null}, {""move_vx"": -5.170869137268288, ""move_vy"": -2.537658835471451, ""kick_power"": 0.0, ""kick_dir"": null}]"
85,56,default,default,0,37.46721785892519,35.68940407757935,20,B,,0.06550548299903979,-0.01641827039212155,0.38168253720866263,"[{""move_vx"": 0.0, ""move_vy"": 5.0, ""kick_power"": 0.0, ""kick_dir"": null}, {""move_vx"": 0.0, ""move_vy"": 5.8, ""kick_power"": 0.0, ""kick_dir"": null}, {""move_vx"": 0.0, ""move_vy"": 0.0, ""kick_power"": 0.9, ""kick_dir"": [0.47430940825792184, -0.8803581653308556]}, {""move_vx"": 0.0, ""move_vy"": -5.4, ""kick_power"": 0.0, ""kick_dir"": null}, {""move_vx"": 5.347574263137599, ""move_vy"": -2.2457625654170035, ""kick_power"": 0.0, ""kick_dir"": null}, {""move_vx"": -6.1, ""move_vy"": 0.0, ""kick_power"": 0.0, ""kick_dir"": null}, {""move_vx"": 5.865057160546042, ""move_vy"": -1.2653475821005062, ""kick_power"": 0.0, ""kick_dir"": null}, {""move_vx"": 0.0, ""move_vy"": 0.0, ""kick_power"": 0.65, ""kick_dir"": [0.24016300596562282, 0.9707323009073394]}, {""move_vx"": 0.0, ""move_vy"": 0.0, ""kick_power"": 0.7, ""kick_dir"": [0.9972664086460789, -0.07388966861058588]}, {""move_vx"": 5.544408668920752, ""move_vy"": 2.2933670687433385, ""kick_power"": 0.0, ""kick_dir"": null}, {""move_vx"": 0.0, ""move_vy"": 6.0, ""kick_power"": 0.0, ""kick_dir"": null}, {""move_vx"": -0.0, ""move_vy"": 0.0, ""kick_power"": 0.9, ""kick_dir"": [-0.9488980755704461, -0.315582656341256]}, {""move_vx"": -4.1012193308819755, ""move_vy"": 4.1012193308819755, ""kick_power"": 0.0, ""kick_dir"": null}, {""move_vx"": -5.038566175648155, ""move_vy"": 1.9423827876127644, ""kick_power"": 0.0, ""kick_dir"": null}, {""move_vx"": -5.304037250345998, ""move_vy"": 1.013503254529588, ""kick_power"": 0.0, ""kick_dir"": null}, {""move_vx"": -6.381784148967438, ""move_vy"": -4.015523761103645, ""kick_power"": 0.0, ""kick_dir"": null}, {""move_vx"": -0.0, ""move_vy"": 0.0, ""kick_power"": 0.0, ""kick_dir"": null}, {""move_vx"": -5.397333082968869, ""move_vy"": 0.16969263828984518, ""kick_power"": 0.0, ""kick_dir"": null}, {""move_vx"": -4.242640687119285, ""move_vy"": -4.242640687119285, ""kick_power"": 0.0, ""kick_dir"": null}, {""move_vx"": -5.743979642833928, ""move_vy"": 0.42929926940239366, ""kick_power"": 0.0, ""kick_dir"": null}, {""move_vx"": 4.242640687119285, ""move_vy"": -4.242640687119285, ""kick_power"": 0.0, ""kick_dir"": null}, {""move_vx"": -0.0, ""move_vy"": 0.0, ""kick_power"": 0.65, ""kick_dir"": [0.9046344563894482, 0.42618818335742154]}]"
85,57,default,default,0,37.75006057139981,35.40656136510473,20,B,,0.06185965493981716,-0.011967186620739116,0.3825665959099084,"[{""move_vx"": 0.0, ""move_vy"": 5.0, ""kick_power"": 0.0, ""kick_dir"": null}, {""move_vx"": 0.0, ""move_vy"": 5.8, ""kick_power"": 0.0, ""kick_dir"": null}, {""move_vx"": 5.398351983544089, ""move_vy"": 0.13340113105069334, ""kick_power"": 0.0, ""kick_dir"": null}, {""move_vx"": 0.0, ""move_vy"": -5.4, ""kick_power"": 0.0, ""kick_dir"": null}, {""move_vx"": 5.3475742631375995, ""move_vy"": -2.2457625654170035, ""kick_power"": 0.0, ""kick_dir"": null}, {""move_vx"": 0.0, ""move_vy"": 0.0, ""kick_power"": 0.7, ""kick_dir"": [0.9779510652474364, 0.2088341150427202]}, {""move_vx"": 0.0, ""move_vy"": 0.0, ""kick_power"": 0.65, ""kick_dir"": [0.5041633636986145, 0.8636081823237506]}, {""move_vx"": 0.0, ""move_vy"": 0.0, ""kick_power"": 0.65, ""kick_dir"": [0.3383320905029693, 0.9410264928741869]}, {""move_vx"": 0.0, ""move_vy"": 0.0, ""kick_power"": 0.7, ""kick_dir"": [0.9972664086460789, -0.07388966861058588]}, {""move_vx"": 5.544408668920752, ""move_vy"": 2.293367068743338, ""kick_power"": 0.0, ""kick_dir"": null}, {""move_vx"": 0.0, ""move_vy"": 6.0, ""kick_power"": 0.0, ""kick_dir"": null}, {""move_vx"": -0.0, ""move_vy"": 0.0, ""kick_power"": 0.9, ""kick_dir"": [-0.9497691935189676, -0.3129511939905875]}, {""move_vx"": -4.1012193308819755, ""move_vy"": 4.1012193308819755, ""kick_power"": 0.0, ""kick_dir"": null}, {""move_vx"": -5.038566175648154, ""move_vy"": 1.9423827876127644, ""kick_power"": 0.0, ""kick_dir"": null}, {""move_vx"": -5.304037250345998, ""move_vy"": 1.013503254529588, ""kick_power"": 0.0, ""kick_dir"": null}, {""move_vx"": -6.319334104583583, ""move_vy"": -4.1131030226152605, ""kick_power"": 0.0, ""kick_dir"": null}, {""move_vx"": -7.393391106488895, ""move_vy"": 1.2600666436704548, ""kick_power"": 0.0, ""kick_dir"": null}, {""move_vx"": -5.399577340357241, ""move_vy"": 0.06756142020879363, ""kick_power"": 0.0, ""kick_dir"": null}, {""move_vx"": -4.242640687119285, ""move_vy"": -4.242640687119285, ""kick_power"": 0.0, ""kick_dir"": null}, {""move_vx"": -5.746265833396501, ""move_vy"": 0.39752858002918495, ""kick_power"": 0.0, ""kick_dir"": null}, {""move_vx"": 4.242640687119285, ""move_vy"": -4.242640687119285, ""kick_power"": 0.0, ""kick_dir"": null}, {""move_vx"": -0.0, ""move_vy"": 0.0, ""kick_power"": 0.0, ""kick_dir"": null}]"
85,58,default,default,0,38.032903283874425,35.12371865263011,20,B,,0.05810540772494302,-0.003994357146918924,0.3762952385326586,"[{""move_vx"": 0.0, ""move_vy"": 5.0, ""kick_power"": 0.0, ""kick_dir"": null}, {""move_vx"": 0.0, ""move_vy"": 5.8, ""kick_power"": 0.0, ""kick_dir"": null}, {""move_vx"": 5.398720563910746, ""move_vy"": 0.11754264250575623, ""kick_power"": 0.0, ""kick_dir"": null}, {""move_vx"": 0.0, ""move_vy"": -5.4, ""kick_power"": 0.0, ""kick_dir"": null}, {""move_vx"": 5.3475742631375995, ""move_vy"": -2.2457625654170035, ""kick_power"": 0.0, ""kick_dir"": null}, {""move_vx"": 0.0, ""move_vy"": 0.0, ""kick_power"": 0.7, ""kick_dir"": [0.9779510652474364, 0.2088341150427202]}, {""move_vx"": 0.0, ""move_vy"": 0.0, ""kick_power"": 0.65, ""kick_dir"": [0.5041633636986145, 0.8636081823237506]}, {""move_vx"": 0.0, ""move_vy"": 0.0, ""kick_power"": 0.65, ""kick_dir"": [0.433945528621629, 0.9009388114138461]}, {""move_vx"": 5.785442081144272, ""move_vy"": -1.9335614615845627, ""kick_power"": 0.0, ""kick_dir"": null}, {""move_vx"": 5.544408668920752, ""move_vy"": 2.2933670687433367, ""kick_power"": 0.0, ""kick_dir"": null}, {""move_vx"": 0.0, ""move_vy"": -6.0, ""kick_power"": 0.0, ""kick_dir"": null}, {""move_vx"": -0.0, ""move_vy"": 0.0, ""kick_power"": 0.9, ""kick_dir"": [-0.9506346439665837, -0.31031233369240396]}, {""move_vx"": -4.1012193308819755, ""move_vy"": 4.1012193308819755, ""kick_power"": 0.0, ""kick_dir"": null}, {""move_vx"": -5.038566175648154, ""move_vy"": 1.9423827876127648, ""kick_power"": 0.0, ""kick_dir"": null}, {""move_vx"": -5.304037250345998, ""move_vy"": 1.013503254529588, ""kick_power"": 0.0, ""kick_dir"": null}, {""move_vx"": -4.413746272749666, ""move_vy"": -3.2983243988104674, ""kick_power"": 0.0, ""kick_dir"": null}, {""move_vx"": -5.736594873865124, ""move_vy"": -1.7582602916361318, ""kick_power"": 0.0, ""kick_dir"": null}, {""move_vx"": -5.399840664269804, ""move_vy"": -0.04148253244738083, ""kick_power"": 0.0, ""kick_dir"": null}, {""move_vx"": -4.242640687119285, ""move_vy"": -4.242640687119285, ""kick_power"": 0.0, ""kick_dir"": null}, {""move_vx"": -5.748436355877909, ""move_vy"": 0.3648005789758598, ""kick_power"": 0.0, ""kick_dir"": null}, {""move_vx"": 4.242640687119285, ""move_vy"": -4.242640687119285, ""kick_power"": 0.0, ""kick_dir"": null}, {""move_vx"": -0.0, ""move_vy"": 0.0, ""kick_power"": 0.65, ""kick_dir"": [0.9085124777270757, 0.41785755437019395]}]"
85,59,default,default,0,38.315745996349044,34.84087594015549,20,B,,0.054245885950594486,-0.003393012729792175,0.37724343310421393,"[{""move_vx"": 0.0, ""move_vy"": 5.0, ""kick_power"": 0.0, ""kick_dir"": null}, {""move_vx"": 5.664504878960656, ""move_vy"": 1.2463484569858168, ""kick_power"": 0.0, ""kick_dir"": null}, {""move_vx"": 5.399043064853674, ""move_vy"": 0.10165620421521815, ""kick_power"": 0.0, ""kick_dir"": null}, {""move_vx"": 0.0, ""move_vy"": -5.4, ""kick_power"": 0.0, ""kick_dir"": null}, {""move_vx"": 5.347574263137599, ""move_vy"": -2.2457625654170035, ""kick_power"": 0.0, ""kick_dir"": null}, {""move_vx"": 0.0, ""move_vy"": 0.0, ""kick_power"": 0.7, ""kick_dir"": [0.9779510652474364, 0.2088341150427202]}, {""move_vx"": 0.0, ""move_vy"": 0.0, ""kick_power"": 0.65, ""kick_dir"": [0.5041633636986145, 0.8636081823237506]}, {""move_vx"": 0.0, ""move_vy"": 0.0, ""kick_power"": 0.65, ""kick_dir"": [0.5239674559374056, 0.8517379729017347]}, {""move_vx"": 5.7828678614609, ""move_vy"": -1.9412468407914094, ""kick_power"": 0.0, ""kick_dir"": null}, {""move_vx"": 5.544408668920753, ""move_vy"": 2.2933670687433354, ""kick_power"": 0.0, ""kick_dir"": null}, {""move_vx"": 0.0, ""move_vy"": -6.0, ""kick_power"": 0.0, ""kick_dir"": null}, {""move_vx"": -0.0, ""move_vy"": 0.0, ""kick_power"": 0.9, ""kick_dir"": [-0.9514943561991145, -0.3076661516088728]}, {""move_vx"": -4.1012193308819755, ""move_vy"": 4.1012193308819755, ""kick_power"": 0.0, ""kick_dir"": null}, {""move_vx"": -5.038566175648153, ""move_vy"": 1.9423827876127648, ""kick_power"": 0.0, ""kick_dir"": null}, {""move_vx"": -5.304037250345998, ""move_vy"": 1.013503254529588, ""kick_power"": 0.0, ""kick_dir"": null}, {""move_vx"": -4.3735518620780445, ""move_vy"": -3.3514391102500536, ""kick_power"": 0.0, ""kick_dir"": null}, {""move_vx"": -5.736594873865124, ""move_vy"": -1.758260291636133, ""kick_power"": 0.0, ""kick_dir"": null}, {""move_vx"": -5.397684485684739, ""move_vy"": -0.15812081772583675, ""kick_power"": 0.0, ""kick_dir"": null}, {""move_vx"": -4.242640687119285, ""move_vy"": -4.242640687119285, ""kick_power"": 0.0, ""kick_dir"": null}, {""move_vx"": -5.750477817526781, ""move_vy"": 0.3310662624497281, ""kick_power"": 0.0, ""kick_dir"": null}, {""move_vx"": 4.242640687119285, ""move_vy"": -4.242640687119285, ""kick_power"": 0.0, ""kick_dir"": null}, {""move_vx"": -4.678756293114311, ""move_vy"": -3.35958919358353, ""kick_power"": 0.0, ""kick_dir"": null}]"
85,60,default,default,0,38.59858870882366,34.55803322768087,20,B,,0.05028420978501075,-0.004359976819156036,0.37011356089724895,"[{""move_vx"": 0.0, ""move_vy"": 5.0, ""kick_power"": 0.0, ""kick_dir"": null}, {""move_vx"": 5.669019663847468, ""move_vy"": 1.2256492364909084, ""kick_power"": 0.0, ""kick_dir"": null}, {""move_vx"": 5.399319244093994, ""move_vy"": 0.08574205710310166, ""kick_power"": 0.0, ""kick_dir"": null}, {""move_vx"": 0.0, ""move_vy"": -5.4, ""kick_power"": 0.0, ""kick_dir"": null}, {""move_vx"": 5.3475742631375995, ""move_vy"": -2.2457625654170035, ""kick_power"": 0.0, ""kick_dir"": null}, {""move_vx"": 0.0, ""move_vy"": 0.0, ""kick_power"": 0.7, ""kick_dir"": [0.9779510652474364, 0.2088341150427202]}, {""move_vx"": 0.0, ""move_vy"": 0.0, ""kick_power"": 0.65, ""kick_dir"": [0.5041633636986145, 0.8636081823237506]}, {""move_vx"": 0.0, ""move_vy"": 0.0, ""kick_power"": 0.65, ""kick_dir"": [0.6059663954153249, 0.7954899168377924]}, {""move_vx"": 5.780263935405794, ""move_vy"": -1.9489866179753799, ""kick_power"": 0.0, ""kick_dir"": null}, {""move_vx"": 5.544408668920753, ""move_vy"": 2.2933670687433345, ""kick_power"": 0.0, ""kick_dir"": null}, {""move_vx"": 0.0, ""move_vy"": -6.0, ""kick_power"": 0.0, ""kick_dir"": null}, {""move_vx"": -0.0, ""move_vy"": 0.0, ""kick_power"": 0.9, ""kick_dir"": [-0.9523482643454187, -0.3050127113687549]}, {""move_vx"": -4.1012193308819755, ""move_vy"": 4.1012193308819755, ""kick_power"": 0.0, ""kick_dir"": null}, {""move_vx"": -5.038566175648153, ""move_vy"": 1.942382787612765, ""kick_power"": 0.0, ""kick_dir"": null}, {""move_vx"": -5.304037250345998, ""move_vy"": 1.0135032545295877, ""kick_power"": 0.0, ""kick_dir"": null}, {""move_vx"": -4.332117150825085, ""move_vy"": -3.40482906935534, ""kick_power"": 0.0, ""kick_dir"": null}, {""move_vx"": -5.736594873865124, ""move_vy"": -1.7582602916361334, ""kick_power"": 0.0, ""kick_dir"": null}, {""move_vx"": -5.3925732868873935, ""move_vy"": -0.2831136618895197, ""kick_power"": 0.0, ""kick_dir"": null}, {""move_vx"": -4.242640687119285, ""move_vy"": -4.242640687119285, ""kick_power"": 0.0, ""kick_dir"": null}, {""move_vx"": -5.7523753585071935, ""move_vy"": 0.29627307477941256, ""kick_power"": 0.0, ""kick_dir"": null}, {""move_vx"": 4.242640687119285, ""move_vy"": -4.242640687119285, ""kick_power"": 0.0, ""kick_dir"": null}, {""move_vx"": -0.0, ""move_vy"": 0.0, ""kick_power"": 0.65, ""kick_dir"": [0.9110753430971098, 0.41223970407011784]}]"
85,61,default,default,0,38.336301767113405,34.100074606756166,-1,,,0.050819286408050536,0.6943763228355335,-0.8500516733686334,"[{""move_vx"": 0.0, ""move_vy"": 5.0, ""kick_power"": 0.0, ""kick_dir"": null}, {""move_vx"": 5.6734751251459175, ""move_vy"": 1.2048568397741306, ""kick_power"": 0.0, ""kick_dir"": null}, {""move_vx"": 5.399548860581177, ""move_vy"": 0.06980044553239646, ""kick_power"": 0.0, ""kick_dir"": null}, {""move_vx"": 0.0, ""move_vy"": -5.4, ""kick_power"": 0.0, ""kick_dir"": null}, {""move_vx"": 5.3475742631375995, ""move_vy"": -2.2457625654170035, ""kick_power"": 0.0, ""kick_dir"": null}, {""move_vx"": 0.0, ""move_vy"": 0.0, ""kick_power"": 0.7, ""kick_dir"": [0.9779510652474364, 0.2088341150427202]}, {""move_vx"": 0.0, ""move_vy"": 0.0, ""kick_power"": 0.65, ""kick_dir"": [0.5041633636986145, 0.8636081823237506]}, {""move_vx"": 0.0, ""move_vy"": 0.0, ""kick_power"": 0.65, ""kick_dir"": [0.6784115950441613, 0.734681701770213]}, {""move_vx"": 5.777629877351857, ""move_vy"": -1.956781285767821, ""kick_power"": 0.0, ""kick_dir"": null}, {""move_vx"": 5.544408668920754, ""move_vy"": 2.2933670687433336, ""kick_power"": 0.0, ""kick_dir"": null}, {""move_vx"": -2.696458518844367, ""move_vy"": -4.678580068370279, ""kick_power"": 0.0, ""kick_dir"": null}, {""move_vx"": -0.0, ""move_vy"": 0.0, ""kick_power"": 0.9, ""kick_dir"": [-0.9531963055905156, -0.3023520690861899]}, {""move_vx"": -4.1012193308819755, ""move_vy"": 4.1012193308819755, ""kick_power"": 0.0, ""kick_dir"": null}, {""move_vx"": -5.038566175648153, ""move_vy"": 1.9423827876127653, ""kick_power"": 0.0, ""kick_dir"": null}, {""move_vx"": -5.304037250345998, ""move_vy"": 1.0135032545295872, ""kick_power"": 0.0, ""kick_dir"": null}, {""move_vx"": -4.289416103646401, ""move_vy"": -3.458469240831691, ""kick_power"": 0.0, ""kick_dir"": null}, {""move_vx"": -5.736594873865124, ""move_vy"": -1.7582602916361345, ""kick_power"": 0.0, ""kick_dir"": null}, {""move_vx"": -5.3838512756050365, ""move_vy"": -0.41730737132959944, ""kick_power"": 0.0, ""kick_dir"": null}, {""move_vx"": -4.242640687119285, ""move_vy"": -4.242640687119285, ""kick_power"": 0.0, ""kick_dir"": null}, {""move_vx"": -5.754112467487372, ""move_vy"": 0.26036457421547776, ""kick_power"": 0.0, ""kick_dir"": null}, {""move_vx"": 4.242640687119285, ""move_vy"": -4.242640687119285, ""kick_power"": 0.0, ""kick_dir"": null}, {""move_vx"": -4.476858256798567, ""move_vy"": -3.6242709816643823, ""kick_power"": 0.0, ""kick_dir"": null}]"
85,62,default,default,0,38.24871068608195,34.73868927992866,20,B,,0.05186061454847653,0.006806594516151998,2.819726879162294,"[{""move_vx"": 0.0, ""move_vy"": 0.0, ""kick_power"": 0.0, ""kick_dir"": null}, {""move_vx"": -4.1012193308819755, ""move_vy"": -4.1012193308819755, ""kick_power"": 0.0, ""kick_dir"": null}, {""move_vx"": 0.0, ""move_vy"": 0.0, ""kick_power"": 0.9, ""kick_dir"": [0.40321576828739364, -0.9151048871627777]}, {""move_vx"": 5.137366795854936, ""move_vy"": -3.9494129190105203, ""kick_power"": 0.0, ""kick_dir"": null}, {""move_vx"": 4.1012193308819755, ""move_vy"": -4.1012193308819755, ""kick_power"": 0.0, ""kick_dir"": null}, {""move_vx"": 4.313351365237939, ""move_vy"": -4.313351365237939, ""kick_power"": 0.0, ""kick_dir"": null}, {""move_vx"": 0.0, ""move_vy"": 0.0, ""kick_power"": 0.65, ""kick_dir"": [0.5041633636986145, 0.8636081823237506]}, {""move_vx"": 0.0, ""move_vy"": 6.0, ""kick_power"": 0.0, ""kick_dir"": null}, {""move_vx"": 5.410874439876523, ""move_vy"": -0.9287291294510642, ""kick_power"": 0.0, ""kick_dir"": null}, {""move_vx"": 5.544408668920755, ""move_vy"": 2.2933670687433327, ""kick_power"": 0.0, ""kick_dir"": null}, {""move_vx"": -4.532990561389941, ""move_vy"": -2.337091476675595, ""kick_power"": 0.0, ""kick_dir"": null}, {""move_vx"": -5.998376083758684, ""move_vy"": -0.13958638111162863, ""kick_power"": 0.0, ""kick_dir"": null}, {""move_vx"": -5.588705255397683, ""move_vy"": 1.5512490349039143, ""kick_power"": 0.0, ""kick_dir"": null}, {""move_vx"": -4.96798166907959, ""move_vy"": 1.2790848821283023, ""kick_power"": 0.0, ""kick_dir"": null}, {""move_vx"": -5.304037250345998, ""move_vy"": 1.013503254529587, ""kick_power"": 0.0, ""kick_dir"": null}, {""move_vx"": 5.8, ""move_vy"": 0.0, ""kick_power"": 0.0, ""kick_dir"": null}, {""move_vx"": -5.736594873865124, ""move_vy"": -1.7582602916361352, ""kick_power"": 0.0, ""kick_dir"": null}, {""move_vx"": -6.259048653091912, ""move_vy"": -0.7171540686828256, ""kick_power"": 0.0, ""kick_dir"": null}, {""move_vx"": 4.3685286735085676, ""move_vy"": 2.6317213432910176, ""kick_power"": 0.0, ""kick_dir"": null}, {""move_vx"": -8.305133272958756, ""move_vy"": 0.4971532142040209, ""kick_power"": 0.0, ""kick_dir"": null}, {""move_vx"": -3.8675005555267434, ""move_vy"": -4.187175593762496, ""kick_power"": 0.0, ""kick_dir"": null}, {""move_vx"": -0.0, ""move_vy"": 0.0, ""kick_power"": 1.0, ""kick_dir"": [-0.9939303388678598, -0.11001109418623128]}]"
85,63,default,default,0,38.87802000239297,34.0866092690816,20,B,,0.04423375265366907,-0.01539279889782849,0.35585795006644494,"[{""move_vx"": 0.0, ""move_vy"": 5.0, ""kick_power"": 0.0, ""kick_dir"": null}, {""move_vx"": 0.0, ""move_vy"": 5.8, ""kick_power"": 0.0, ""kick_dir"": null}, {""move_vx"": 5.399103098321608, ""move_vy"": 0.09841612517276163, ""kick_power"": 0.0, ""kick_dir"": null}, {""move_vx"": 0.0, ""move_vy"": -5.4, ""kick_power"": 0.0, ""kick_dir"": null}, {""move_vx"": 5.353240084097626, ""move_vy"": -2.23222324197434, ""kick_power"": 0.0, ""kick_dir"": null}, {""move_vx"": 0.0, ""move_vy"": 0.0, ""kick_power"": 0.7, ""kick_dir"": [0.9770416626494858, 0.21304826452957973]}, {""move_vx"": 0.0, ""move_vy"": 0.0, ""kick_power"": 0.65, ""kick_dir"": [0.4839566740412702, 0.875091844066659]}, {""move_vx"": 0.0, ""move_vy"": 0.0, ""kick_power"": 0.65, ""kick_dir"": [0.8463815869108774, 0.5325764725663081]}, {""move_vx"": 5.772440538811704, ""move_vy"": -1.9720370751796839, ""kick_power"": 0.0, ""kick_dir"": null}, {""move_vx"": 0.0, ""move_vy"": 0.0, ""kick_power"": 0.65, ""kick_dir"": [-0.5041564472511025, 0.8636122212234139]}, {""move_vx"": 0.0, ""move_vy"": -6.0, ""kick_power"": 0.0, ""kick_dir"": null}, {""move_vx"": -0.0, ""move_vy"": 0.0, ""kick_power"": 0.9, ""kick_dir"": [-0.9539719451518858, -0.2998958127002893]}, {""move_vx"": -6.779982003384032, ""move_vy"": 3.2990065222409983, ""kick_power"": 0.0, ""kick_dir"": null}, {""move_vx"": -0.0, ""move_vy"": 0.0, ""kick_power"": 0.4, ""kick_dir"": [-0.9955076460182926, 0.09468102836358114]}, {""move_vx"": -5.304037250345998, ""move_vy"": 1.0135032545295868, ""kick_power"": 0.0, ""kick_dir"": null}, {""move_vx"": -4.353785478021785, ""move_vy"": -3.377077436388839, ""kick_power"": 0.0, ""kick_dir"": null}, {""move_vx"": -5.736594873865124, ""move_vy"": -1.758260291636136, ""kick_power"": 0.0, ""kick_dir"": null}, {""move_vx"": -5.3909217377928345, ""move_vy"": -0.31299012283566685, ""kick_power"": 0.0, ""kick_dir"": null}, {""move_vx"": -4.242640687119285, ""move_vy"": -4.242640687119285, ""kick_power"": 0.0, ""kick_dir"": null}, {""move_vx"": -0.0, ""move_vy"": 6.4, ""kick_power"": 0.0, ""kick_dir"": null}, {""move_vx"": 4.242640687119285, ""move_vy"": -4.242640687119285, ""kick_power"": 0.0, ""kick_dir"": null}, {""move_vx"": -4.572446640704254, ""move_vy"": -3.502903326943578, ""kick_power"": 0.0, ""kick_dir"": null}]"
85,64,default,default,0,38.601748820316416,31.56102196157818,6,A,,0.2919361335311162,3.755304029365507,-3.6688056485708325,"[{""move_vx"": 0.0, ""move_vy"": 5.0, ""kick_power"": 0.0, ""kick_dir"": null}, {""move_vx"": 5.684465753931777, ""move_vy"": 1.1518893576975355, ""kick_power"": 0.0, ""kick_dir"": null}, {""move_vx"": -5.4, ""move_vy"": 0.0, ""kick_power"": 0.0, ""kick_dir"": null}, {""move_vx"": 0.0, ""move_vy"": -5.4, ""kick_power"": 0.0, ""kick_dir"": null}, {""move_vx"": 5.352679895401228, ""move_vy"": -2.2335661927436785, ""kick_power"": 0.0, ""kick_dir"": null}, {""move_vx"": 0.0, ""move_vy"": 0.0, ""kick_power"": 0.7, ""kick_dir"": [0.9770416626494858, 0.21304826452957973]}, {""move_vx"": 0.0, ""move_vy"": 0.0, ""kick_power"": 0.65, ""kick_dir"": [0.47566820551409034, 0.8796246691485975]}, {""move_vx"": 0.0, ""move_vy"": 0.0, ""kick_power"": 0.65, ""kick_dir"": [0.8807927357981923, 0.47350150627498544]}, {""move_vx"": 5.769715457395645, ""move_vy"": -1.9799958436041636, ""kick_power"": 0.0, ""kick_dir"": null}, {""move_vx"": 0.0, ""move_vy"": 0.0, ""kick_power"": 0.65, ""kick_dir"": [-0.5228246748892361, 0.8524401114298275]}, {""move_vx"": 4.242640687119285, ""move_vy"": 4.242640687119285, ""kick_power"": 0.0, ""kick_dir"": null}, {""move_vx"": -0.0, ""move_vy"": 0.0, ""kick_power"": 0.9, ""kick_dir"": [-0.9548285198570002, -0.2971573123130245]}, {""move_vx"": -4.1012193308819755, ""move_vy"": 4.1012193308819755, ""kick_power"": 0.0, ""kick_dir"": null}, {""move_vx"": -5.041572506411713, ""move_vy"": 1.9345662724738903, ""kick_power"": 0.0, ""kick_dir"": null}, {""move_vx"": -5.304037250345998, ""move_vy"": 1.0135032545295866, ""kick_power"": 0.0, ""kick_dir"": null}, {""move_vx"": -6.842922951557035, ""move_vy"": -1.2712220416016848, ""kick_power"": 0.0, ""kick_dir"": null}, {""move_vx"": -5.736594873865123, ""move_vy"": -1.758260291636137, ""kick_power"": 0.0, ""kick_dir"": null}, {""move_vx"": -5.359142007655114, ""move_vy"": -0.6630210719021778, ""kick_power"": 0.0, ""kick_dir"": null}, {""move_vx"": -4.242640687119285, ""move_vy"": -4.242640687119285, ""kick_power"": 0.0, ""kick_dir"": null}, {""move_vx"": -5.543184674407918, ""move_vy"": 3.1989222662342383, ""kick_power"": 0.0, ""kick_dir"": null}, {""move_vx"": 4.242640687119285, ""move_vy"": -4.242640687119285, ""kick_power"": 0.0, ""kick_dir"": null}, {""move_vx"": -0.0, ""move_vy"": 0.0, ""kick_power"": 0.0, ""kick_dir"": null}]"
85,65,default,default,0,37.594306156286514,32.1505768933013,6,A,,0.31162079267252984,0.21377989189344623,-0.012738595903941607,"[{""move_vx"": 0.0, ""move_vy"": 0.0, ""kick_power"": 0.0, ""kick_dir"": null}, {""move_vx"": -4.1012193308819755, ""move_vy"": -4.1012193308819755, ""kick_power"": 0.0, ""kick_dir"": null}, {""move_vx"": 0.0, ""move_vy"": 0.0, ""kick_power"": 0.6, ""kick_dir"": [0.9995933462517154, 0.02851520210920104]}, {""move_vx"": 0.0, ""move_vy"": -5.4, ""kick_power"": 0.0, ""kick_dir"": null}, {""move_vx"": 5.349540524539496, ""move_vy"": -2.2410747815076806, ""kick_power"": 0.0, ""kick_dir"": null}, {""move_vx"": 0.0, ""move_vy"": 0.0, ""kick_power"": 0.7, ""kick_dir"": [0.9770416626494858, 0.21304826452957973]}, {""move_vx"": -6.0, ""move_vy"": 0.0, ""kick_power"": 0.0, ""kick_dir"": null}, {""move_vx"": 5.607233313905265, ""move_vy"": -2.135166167639176, ""kick_power"": 0.0, ""kick_dir"": null}, {""move_vx"": 0.0, ""move_vy"": 0.0, ""kick_power"": 0.65, ""kick_dir"": [0.8793086695018401, -0.4762519657723791]}, {""move_vx"": 0.0, ""move_vy"": 0.0, ""kick_power"": 0.65, ""kick_dir"": [-0.48699059152540775, 0.8734070931390623]}, {""move_vx"": -4.694190527304135, ""move_vy"": -1.9936336908690435, ""kick_power"": 0.0, ""kick_dir"": null}, {""move_vx"": -3.5355339059327373, ""move_vy"": -3.5355339059327373, ""kick_power"": 0.0, ""kick_dir"": null}, {""move_vx"": -4.1012193308819755, ""move_vy"": 4.1012193308819755, ""kick_power"": 0.0, ""kick_dir"": null}, {""move_vx"": -5.041572506411713, ""move_vy"": 1.9345662724738903, ""kick_power"": 0.0, ""kick_dir"": null}, {""move_vx"": -5.753962259450855, ""move_vy"": -2.980321847857243, ""kick_power"": 0.0, ""kick_dir"": null}, {""move_vx"": -4.035994161543832, ""move_vy"": -3.751113318467478, ""kick_power"": 0.0, ""kick_dir"": null}, {""move_vx"": -5.736594873865123, ""move_vy"": -1.7582602916361378, ""kick_power"": 0.0, ""kick_dir"": null}, {""move_vx"": -0.0, ""move_vy"": -6.0, ""kick_power"": 0.0, ""kick_dir"": null}, {""move_vx"": -4.242640687119285, ""move_vy"": 4.242640687119285, ""kick_power"": 0.0, ""kick_dir"": null}, {""move_vx"": 4.80392387163338, ""move_vy"": -2.5526291222092876, ""kick_power"": 0.0, ""kick_dir"": null}, {""move_vx"": -0.0, ""move_vy"": 0.0, ""kick_power"": 0.65, ""kick_dir"": [0.9471885064410064, 0.3206767181376432]}, {""move_vx"": -4.525483399593904, ""move_vy"": -4.525483399593904, ""kick_power"": 0.0, ""kick_dir"": null}]"
85,66,default,default,0,37.19430615628651,32.1505768933013,6,A,,0.3253869436454475,0.2046482060933723,-0.007470092190530095,"[{""move_vx"": 0.0, ""move_vy"": 0.0, ""kick_power"": 0.0, ""kick_dir"": null}, {""move_vx"": -4.1012193308819755, ""move_vy"": -4.1012193308819755, ""kick_power"": 0.0, ""kick_dir"": null}, {""move_vx"": 5.215786315197563, ""move_vy"": 1.3984180756118092, ""kick_power"": 0.0, ""kick_dir"": null}, {""move_vx"": 0.0, ""move_vy"": -5.4, ""kick_power"": 0.0, ""kick_dir"": null}, {""move_vx"": 5.344080727005011, ""move_vy"": -2.254063260703567, ""kick_power"": 0.0, ""kick_dir"": null}, {""move_vx"": 0.0, ""move_vy"": 0.0, ""kick_power"": 0.7, ""kick_dir"": [0.9770416626494858, 0.21304826452957973]}, {""move_vx"": -6.0, ""move_vy"": 0.0, ""kick_power"": 0.0, ""kick_dir"": null}, {""move_vx"": 5.607233313905265, ""move_vy"": -2.1351661676391767, ""kick_power"": 0.0, ""kick_dir"": null}, {""move_vx"": 0.0, ""move_vy"": 0.0, ""kick_power"": 0.65, ""kick_dir"": [0.8541072755725482, -0.5200965702653753]}, {""move_vx"": 0.0, ""move_vy"": 0.0, ""kick_power"": 0.0, ""kick_dir"": null}, {""move_vx"": -4.714227247448638, ""move_vy"": -1.945780424254711, ""kick_power"": 0.0, ""kick_dir"": null}, {""move_vx"": -3.5355339059327373, ""move_vy"": -3.5355339059327373, ""kick_power"": 0.0, ""kick_dir"": null}, {""move_vx"": -0.0, ""move_vy"": 5.8, ""kick_power"": 0.0, ""kick_dir"": null}, {""move_vx"": -5.041572506411713, ""move_vy"": 1.9345662724738901, ""kick_power"": 0.0, ""kick_dir"": null}, {""move_vx"": -5.860715257870781, ""move_vy"": -2.764492117218031, ""kick_power"": 0.0, ""kick_dir"": null}, {""move_vx"": -4.1012193308819755, ""move_vy"": -4.1012193308819755, ""kick_power"": 0.0, ""kick_dir"": null}, {""move_vx"": -7.339583661281056, ""move_vy"": 1.542890689276519, ""kick_power"": 0.0, ""kick_dir"": null}, {""move_vx"": -0.0, ""move_vy"": -6.0, ""kick_power"": 0.0, ""kick_dir"": null}, {""move_vx"": -4.242640687119285, ""move_vy"": 4.242640687119285, ""kick_power"": 0.0, ""kick_dir"": null}, {""move_vx"": -3.7033158357229197, ""move_vy"": -5.607481771783468, ""kick_power"": 0.0, ""kick_dir"": null}, {""move_vx"": -0.0, ""move_vy"": 0.0, ""kick_power"": 0.65, ""kick_dir"": [0.9617796186587979, 0.27382404270238275]}, {""move_vx"": -0.0, ""move_vy"": -6.4, ""kick_power"": 0.0, ""kick_dir"": null}]"
85,67,default,default,0,36.7943061562865,32.1505768933013,6,A,,0.3390292987130144,0.2085036988990104,-0.023103837629715997,"[{""move_vx"": 0.0, ""move_vy"": 0.0, ""kick_power"": 0.0, ""kick_dir"": null}, {""move_vx"": 4.6539029660478155, ""move_vy"": 2.949794430568229, ""kick_power"": 0.0, ""kick_dir"": null}, {""move_vx"": 5.215786315197563, ""move_vy"": 1.3984180756118088, ""kick_power"": 0.0, ""kick_dir"": null}, {""move_vx"": 0.0, ""move_vy"": -5.4, ""kick_power"": 0.0, ""kick_dir"": null}, {""move_vx"": 5.338530938287766, ""move_vy"": -2.2671760895317212, ""kick_power"": 0.0, ""kick_dir"": null}, {""move_vx"": 0.0, ""move_vy"": 0.0, ""kick_power"": 0.7, ""kick_dir"": [0.9770416626494858, 0.21304826452957973]}, {""move_vx"": -6.0, ""move_vy"": 0.0, ""kick_power"": 0.0, ""kick_dir"": null}, {""move_vx"": 5.607233313905265, ""move_vy"": -2.1351661676391775, ""kick_power"": 0.0, ""kick_dir"": null}, {""move_vx"": 0.0, ""move_vy"": 0.0, ""kick_power"": 0.65, ""kick_dir"": [0.8283677493096685, -0.5601844001016659]}, {""move_vx"": 0.0, ""move_vy"": 0.0, ""kick_power"": 0.0, ""kick_dir"": null}, {""move_vx"": -4.714227247448637, ""move_vy"": -1.9457804242547116, ""kick_power"": 0.0, ""kick_dir"": null}, {""move_vx"": -3.5355339059327373, ""move_vy"": -3.5355339059327373, ""kick_power"": 0.0, ""kick_dir"": null}, {""move_vx"": -0.0, ""move_vy"": 5.8, ""kick_power"": 0.0, ""kick_dir"": null}, {""move_vx"": -5.041572506411713, ""move_vy"": 1.9345662724738901, ""kick_power"": 0.0, ""kick_dir"": null}, {""move_vx"": -0.0, ""move_vy"": 0.0, ""kick_power"": 0.0, ""kick_dir"": null}, {""move_vx"": -4.19221258595122, ""move_vy"": -3.575675269678748, ""kick_power"": 0.0, ""kick_dir"": null}, {""move_vx"": -7.339583661281057, ""move_vy"": 1.5428906892765195, ""kick_power"": 0.0, ""kick_dir"": null}, {""move_vx"": -0.0, ""move_vy"": -6.0, ""kick_power"": 0.0, ""kick_dir"": null}, {""move_vx"": -4.242640687119285, ""move_vy"": 4.242640687119285, ""kick_power"": 0.0, ""kick_dir"": null}, {""move_vx"": 6.4, ""move_vy"": 0.0, ""kick_power"": 0.0, ""kick_dir"": null}, {""move_vx"": -0.0, ""move_vy"": 0.0, ""kick_power"": 0.65, ""kick_dir"": [0.9660450730791953, 0.25837290517573597]}, {""move_vx"": -0.0, ""move_vy"": -6.4, ""kick_power"": 0.0, ""kick_dir"": null}]"
85,68,default,default,0,36.3943061562865,32.1505768933013,6,A,,0.35254770853696654,0.20515597131749716,-0.02057146526145725,"[{""move_vx"": 0.0, ""move_vy"": 0.0, ""kick_power"": 1.0, ""kick_dir"": [0.99979761500354, -0.02011697734841298]}, {""move_vx"": 4.62438604045078, ""move_vy"": 2.995856096157483, ""kick_power"": 0.0, ""kick_dir"": null}, {""move_vx"": 5.215786315197563, ""move_vy"": 1.3984180756118088, ""kick_power"": 0.0, ""kick_dir"": null}, {""move_vx"": 0.0, ""move_vy"": -5.4, ""kick_power"": 0.0, ""kick_dir"": null}, {""move_vx"": 5.332889409779296, ""move_vy"": -2.280414555089454, ""kick_power"": 0.0, ""kick_dir"": null}, {""move_vx"": 0.0, ""move_vy"": 0.0, ""kick_power"": 0.7, ""kick_dir"": [0.9770416626494858, 0.21304826452957973]}, {""move_vx"": -6.0, ""move_vy"": 0.0, ""kick_power"": 0.0, ""kick_dir"": null}, {""move_vx"": 5.607233313905266, ""move_vy"": -2.135166167639178, ""kick_power"": 0.0, ""kick_dir"": null}, {""move_vx"": 0.0, ""move_vy"": 0.0, ""kick_power"": 0.65, ""kick_dir"": [0.8024714100862763, -0.5966903182491553]}, {""move_vx"": 0.0, ""move_vy"": 0.0, ""kick_power"": 0.0, ""kick_dir"": null}, {""move_vx"": -4.714227247448637, ""move_vy"": -1.9457804242547128, ""kick_power"": 0.0, ""kick_dir"": null}, {""move_vx"": -3.5355339059327373, ""move_vy"": -3.5355339059327373, ""kick_power"": 0.0, ""kick_dir"": null}, {""move_vx"": -0.0, ""move_vy"": 5.8, ""kick_power"": 0.0, ""kick_dir"": null}, {""move_vx"": -5.041572506411713, ""move_vy"": 1.9345662724738901, ""kick_power"": 0.0, ""kick_dir"": null}, {""move_vx"": -5.907794102882047, ""move_vy"": -2.6623990756368787, ""kick_power"": 0.0, ""kick_dir"": null}, {""move_vx"": -4.1012193308819755, ""move_vy"": -4.1012193308819755, ""kick_power"": 0.0, ""kick_dir"": null}, {""move_vx"": -7.339583661281056, ""move_vy"": 1.5428906892765195, ""kick_power"": 0.0, ""kick_dir"": null}, {""move_vx"": -0.0, ""move_vy"": -6.0, ""kick_power"": 0.0, ""kick_dir"": null}, {""move_vx"": -4.242640687119285, ""move_vy"": 4.242640687119285, ""kick_power"": 0.0, ""kick_dir"": null}, {""move_vx"": 6.4, ""move_vy"": 0.0, ""kick_power"": 0.0, ""kick_dir"": null}, {""move_vx"": -0.0, ""move_vy"": 0.0, ""kick_power"": 0.65, ""kick_dir"": [0.9706367863615812, 0.2405491530905002]}, {""move_vx"": -0.0, ""move_vy"": 0.0, ""kick_power"": 0.0, ""kick_dir"": null}]"
85,69,default,default,0,35.99430615628649,32.1505768933013,6,A,,0.36594201624971623,0.20186432955739142,-0.021918198645146617,"[{""move_vx"": 0.0, ""move_vy"": 0.0, ""kick_power"": 0.7, ""kick_dir"": [0.9998354785030383, -0.01813769704837395]}, {""move_vx"": 4.592909302654503, ""move_vy"": 3.0438929247905095, ""kick_power"": 0.0, ""kick_dir"": null}, {""move_vx"": 5.215786315197563, ""move_vy"": 1.3984180756118085, ""kick_power"": 0.0, ""kick_dir"": null}, {""move_vx"": 0.0, ""move_vy"": -5.4, ""kick_power"": 0.0, ""kick_dir"": null}, {""move_vx"": 5.327154357546303, ""move_vy"": -2.293779948224205, ""kick_power"": 0.0, ""kick_dir"": null}, {""move_vx"": 0.0, ""move_vy"": 0.0, ""kick_power"": 0.7, ""kick_dir"": [0.9770416626494858, 0.21304826452957973]}, {""move_vx"": -6.0, ""move_vy"": 0.0, ""kick_power"": 0.0, ""kick_dir"": null}, {""move_vx"": 5.607233313905265, ""move_vy"": -2.135166167639178, ""kick_power"": 0.0, ""kick_dir"": null}, {""move_vx"": 0.0, ""move_vy"": 0.0, ""kick_power"": 0.65, ""kick_dir"": [0.7767290413637749, -0.6298346654695752]}, {""move_vx"": 0.0, ""move_vy"": 0.0, ""kick_power"": 0.0, ""kick_dir"": null}, {""move_vx"": -4.714227247448637, ""move_vy"": -1.9457804242547139, ""kick_power"": 0.0, ""kick_dir"": null}, {""move_vx"": -3.5355339059327373, ""move_vy"": -3.5355339059327373, ""kick_power"": 0.0, ""kick_dir"": null}, {""move_vx"": -0.0, ""move_vy"": 5.8, ""kick_power"": 0.0, ""kick_dir"": null}, {""move_vx"": -5.041572506411713, ""move_vy"": 1.9345662724738901, ""kick_power"": 0.0, ""kick_dir"": null}, {""move_vx"": -5.923875741296383, ""move_vy"": -2.6264227004959118, ""kick_power"": 0.0, ""kick_dir"": null}, {""move_vx"": -4.251548503446451, ""move_vy"": -3.5049158795671884, ""kick_power"": 0.0, ""kick_dir"": null}, {""move_vx"": -7.339583661281055, ""move_vy"": 1.5428906892765195, ""kick_power"": 0.0, ""kick_dir"": null}, {""move_vx"": -0.0, ""move_vy"": -6.0, ""kick_power"": 0.0, ""kick_dir"": null}, {""move_vx"": -4.242640687119285, ""move_vy"": 4.242640687119285, ""kick_power"": 0.0, ""kick_dir"": null}, {""move_vx"": 6.4, ""move_vy"": 0.0, ""kick_power"": 0.0, ""kick_dir"": null}, {""move_vx"": -0.0, ""move_vy"": 0.0, ""kick_power"": 0.65, ""kick_dir"": [0.9743669728496149, 0.22496375251370743]}, {""move_vx"": -0.0, ""move_vy"": 0.0, ""kick_power"": 0.0, ""kick_dir"": null}]"
85,70,default,default,0,35.594306156286486,32.1505768933013,6,A,,0.3792120570209416,0.1988613831762257,-0.022864301993070088,"[{""move_vx"": 0.0, ""move_vy"": 0.0, ""kick_power"": 0.0, ""kick_dir"": null}, {""move_vx"": 4.559280453466226, ""move_vy"": 3.0940364811425223, ""kick_power"": 0.0, ""kick_dir"": null}, {""move_vx"": 5.215786315197563, ""move_vy"": 1.3984180756118083, ""kick_power"": 0.0, ""kick_dir"": null}, {""move_vx"": 5.235885017646685, ""move_vy"": 1.3211767792324307, ""kick_power"": 0.0, ""kick_dir"": null}, {""move_vx"": 5.321323961750963, ""move_vy"": -2.307273562908187, ""kick_power"": 0.0, ""kick_dir"": null}, {""move_vx"": 0.0, ""move_vy"": 0.0, ""kick_power"": 0.7, ""kick_dir"": [0.9770416626494858, 0.21304826452957973]}, {""move_vx"": -6.0, ""move_vy"": 0.0, ""kick_power"": 0.0, ""kick_dir"": null}, {""move_vx"": 0.0, ""move_vy"": 0.0, ""kick_power"": 0.65, ""kick_dir"": [0.82304470533432, 0.567976226705678]}, {""move_vx"": 0.0, ""move_vy"": 0.0, ""kick_power"": 0.65, ""kick_dir"": [0.7513853578282508, -0.6598634427244777]}, {""move_vx"": 0.0, ""move_vy"": 0.0, ""kick_power"": 0.0, ""kick_dir"": null}, {""move_vx"": -4.714227247448635, ""move_vy"": -1.945780424254715, ""kick_power"": 0.0, ""kick_dir"": null}, {""move_vx"": -3.5355339059327373, ""move_vy"": -3.5355339059327373, ""kick_power"": 0.0, ""kick_dir"": null}, {""move_vx"": -0.0, ""move_vy"": 5.8, ""kick_power"": 0.0, ""kick_dir"": null}, {""move_vx"": -5.041572506411713, ""move_vy"": 1.9345662724738897, ""kick_power"": 0.0, ""kick_dir"": null}, {""move_vx"": -5.9395633718886405, ""move_vy"": -2.590750268034117, ""kick_power"": 0.0, ""kick_dir"": null}, {""move_vx"": -4.278654210432138, ""move_vy"": -3.4717744954923746, ""kick_power"": 0.0, ""kick_dir"": null}, {""move_vx"": -7.339583661281056, ""move_vy"": 1.5428906892765197, ""kick_power"": 0.0, ""kick_dir"": null}, {""move_vx"": -0.0, ""move_vy"": -6.0, ""kick_power"": 0.0, ""kick_dir"": null}, {""move_vx"": -4.242640687119285, ""move_vy"": 4.242640687119285, ""kick_power"": 0.0, ""kick_dir"": null}, {""move_vx"": 6.4, ""move_vy"": 0.0, ""kick_power"": 0.0, ""kick_dir"": null}, {""move_vx"": -0.0, ""move_vy"": 0.0, ""kick_power"": 0.65, ""kick_dir"": [0.977436169102477, 0.21123030587252842]}, {""move_vx"": -0.0, ""move_vy"": 0.0, ""kick_power"": 0.0, ""kick_dir"": null}]"
85,71,default,default,0,35.19430615628648,32.1505768933013,6,A,,0.392357657601953,0.18807000342608532,-0.027138359548871907,"[{""move_vx"": 0.0, ""move_vy"": 0.0, ""kick_power"": 0.0, ""kick_dir"": null}, {""move_vx"": 4.523282254738132, ""move_vy"": 3.1464293483202703, ""kick_power"": 0.0, ""kick_dir"": null}, {""move_vx"": 5.215786315197563, ""move_vy"": 1.3984180756118083, ""kick_power"": 0.0, ""kick_dir"": null}, {""move_vx"": -4.014363855700631, ""move_vy"": 2.2255297872741138, ""kick_power"": 0.0, ""kick_dir"": null}, {""move_vx"": -4.1012193308819755, ""move_vy"": 4.1012193308819755, ""kick_power"": 0.0, ""kick_dir"": null}, {""move_vx"": 0.0, ""move_vy"": 0.0, ""kick_power"": 0.7, ""kick_dir"": [0.9770416626494858, 0.21304826452957973]}, {""move_vx"": -6.0, ""move_vy"": 0.0, ""kick_power"": 0.0, ""kick_dir"": null}, {""move_vx"": 4.242640687119285, ""move_vy"": 4.242640687119285, ""kick_power"": 0.0, ""kick_dir"": null}, {""move_vx"": 0.0, ""move_vy"": 0.0, ""kick_power"": 0.9, ""kick_dir"": [0.34555850010178313, -0.9383969926219103]}, {""move_vx"": 0.0, ""move_vy"": 0.0, ""kick_power"": 0.0, ""kick_dir"": null}, {""move_vx"": -4.714227247448635, ""move_vy"": -1.945780424254717, ""kick_power"": 0.0, ""kick_dir"": null}, {""move_vx"": -3.5355339059327373, ""move_vy"": -3.5355339059327373, ""kick_power"": 0.0, ""kick_dir"": null}, {""move_vx"": -0.0, ""move_vy"": 5.8, ""kick_power"": 0.0, ""kick_dir"": null}, {""move_vx"": -5.041572506411713, ""move_vy"": 1.9345662724738892, ""kick_power"": 0.0, ""kick_dir"": null}, {""move_vx"": -5.954864051021177, ""move_vy"": -2.5553853200360335, ""kick_power"": 0.0, ""kick_dir"": null}, {""move_vx"": -4.305294072196975, ""move_vy"": -3.4386833166061685, ""kick_power"": 0.0, ""kick_dir"": null}, {""move_vx"": -7.339583661281057, ""move_vy"": 1.5428906892765202, ""kick_power"": 0.0, ""kick_dir"": null}, {""move_vx"": -0.0, ""move_vy"": -6.0, ""kick_power"": 0.0, ""kick_dir"": null}, {""move_vx"": -4.242640687119285, ""move_vy"": 4.242640687119285, ""kick_power"": 0.0, ""kick_dir"": null}, {""move_vx"": 6.4, ""move_vy"": 0.0, ""kick_power"": 0.0, ""kick_dir"": null}, {""move_vx"": -0.0, ""move_vy"": 0.0, ""kick_power"": 0.65, ""kick_dir"": [0.9799903529270562, 0.1990442962613451]}, {""move_vx"": 6.4, ""move_vy"": 0.0, ""kick_power"": 0.0, ""kick_dir"": null}]"
85,72,default,default,0,34.794306156286474,32.1505768933013,6,A,,0.4053786358484594,0.18394799296320843,-0.0355557900662051,"[{""move_vx"": 0.0, ""move_vy"": 0.0, ""kick_power"": 0.0, ""kick_dir"": null}, {""move_vx"": 4.484668519955347, ""move_vy"": 3.2012260567041366, ""kick_power"": 0.0, ""kick_dir"": null}, {""move_vx"": 5.215786315197563, ""move_vy"": 1.3984180756118079, ""kick_power"": 0.0, ""kick_dir"": null}, {""move_vx"": -4.0143638557006325, ""move_vy"": 2.225529787274112, ""kick_power"": 0.0, ""kick_dir"": null}, {""move_vx"": 5.3094711102304, ""move_vy"": -2.334419955712503, ""kick_power"": 0.0, ""kick_dir"": null}, {""move_vx"": 0.0, ""move_vy"": 0.0, ""kick_power"": 0.7, ""kick_dir"": [0.9770416626494858, 0.21304826452957973]}, {""move_vx"": -6.0, ""move_vy"": 0.0, ""kick_power"": 0.0, ""kick_dir"": null}, {""move_vx"": 0.0, ""move_vy"": 0.0, ""kick_power"": 0.65, ""kick_dir"": [0.809662620471062, 0.5868952262792295]}, {""move_vx"": 0.0, ""move_vy"": 0.0, ""kick_power"": 0.9, ""kick_dir"": [0.3051985745448453, -0.9522885083176361]}, {""move_vx"": 0.0, ""move_vy"": 0.0, ""kick_power"": 0.0, ""kick_dir"": null}, {""move_vx"": 0.0, ""move_vy"": 6.0, ""kick_power"": 0.0, ""kick_dir"": null}, {""move_vx"": -3.5355339059327373, ""move_vy"": -3.5355339059327373, ""kick_power"": 0.0, ""kick_dir"": null}, {""move_vx"": -0.0, ""move_vy"": 5.8, ""kick_power"": 0.0, ""kick_dir"": null}, {""move_vx"": -5.041572506411713, ""move_vy"": 1.9345662724738892, ""kick_power"": 0.0, ""kick_dir"": null}, {""move_vx"": 5.4, ""move_vy"": 0.0, ""kick_power"": 0.0, ""kick_dir"": null}, {""move_vx"": -4.331470643779973, ""move_vy"": -3.40565148863948, ""kick_power"": 0.0, ""kick_dir"": null}, {""move_vx"": -7.339583661281056, ""move_vy"": 1.5428906892765202, ""kick_power"": 0.0, ""kick_dir"": null}, {""move_vx"": -0.0, ""move_vy"": -6.0, ""kick_power"": 0.0, ""kick_dir"": null}, {""move_vx"": -4.242640687119285, ""move_vy"": 4.242640687119285, ""kick_power"": 0.0, ""kick_dir"": null}, {""move_vx"": 6.4, ""move_vy"": 0.0, ""kick_power"": 0.0, ""kick_dir"": null}, {""move_vx"": -0.0, ""move_vy"": 0.0, ""kick_power"": 0.65, ""kick_dir"": [0.9821376685312619, 0.18816306454937445]}, {""move_vx"": 6.4, ""move_vy"": 0.0, ""kick_power"": 0.0, ""kick_dir"": null}]"
85,73,default,default,0,34.39430615628647,32.1505768933013,6,A,,0.41827480022312585,0.18455610781309292,-0.02723631776242484,"[{""move_vx"": 0.0, ""move_vy"": 0.0, ""kick_power"": 0.0, ""kick_dir"": null}, {""move_vx"": 4.44315934049801, ""move_vy"": 3.258594033466778, ""kick_power"": 0.0, ""kick_dir"": null}, {""move_vx"": 5.215786315197563, ""move_vy"": 1.3984180756118079, ""kick_power"": 0.0, ""kick_dir"": null}, {""move_vx"": 0.0, ""move_vy"": 0.0, ""kick_power"": 0.6, ""kick_dir"": [0.9998672221909088, -0.016294466590024245]}, {""move_vx"": 5.3094711102304, ""move_vy"": -2.3344199557125025, ""kick_power"": 0.0, ""kick_dir"": null}, {""move_vx"": 3.4573213773420868, ""move_vy"": 4.264625293478129, ""kick_power"": 0.0, ""kick_dir"": null}, {""move_vx"": -6.0, ""move_vy"": 0.0, ""kick_power"": 0.0, ""kick_dir"": null}, {""move_vx"": 0.0, ""move_vy"": 0.0, ""kick_power"": 0.65, ""kick_dir"": [0.8484252805539512, 0.5293147717662442]}, {""move_vx"": 0.0, ""move_vy"": 0.0, ""kick_power"": 0.9, ""kick_dir"": [0.2601702369375308, -0.9655625303101305]}, {""move_vx"": 0.0, ""move_vy"": 0.0, ""kick_power"": 0.0, ""kick_dir"": null}, {""move_vx"": 0.0, ""move_vy"": 6.0, ""kick_power"": 0.0, ""kick_dir"": null}, {""move_vx"": -3.5355339059327373, ""move_vy"": -3.5355339059327373, ""kick_power"": 0.0, ""kick_dir"": null}, {""move_vx"": -0.0, ""move_vy"": 5.8, ""kick_power"": 0.0, ""kick_dir"": null}, {""move_vx"": -5.041572506411713, ""move_vy"": 1.9345662724738888, ""kick_power"": 0.0, ""kick_dir"": null}, {""move_vx"": -5.996500246841706, ""move_vy"": -2.4560913642670874, ""kick_power"": 0.0, ""kick_dir"": null}, {""move_vx"": -4.357186715534448, ""move_vy"": -3.3726879378279455, ""kick_power"": 0.0, ""kick_dir"": null}, {""move_vx"": 4.242640687119285, ""move_vy"": -4.242640687119285, ""kick_power"": 0.0, ""kick_dir"": null}, {""move_vx"": -0.0, ""move_vy"": -6.0, ""kick_power"": 0.0, ""kick_dir"": null}, {""move_vx"": -4.242640687119285, ""move_vy"": 4.242640687119285, ""kick_power"": 0.0, ""kick_dir"": null}, {""move_vx"": 6.4, ""move_vy"": 0.0, ""kick_power"": 0.0, ""kick_dir"": null}, {""move_vx"": -0.0, ""move_vy"": 0.0, ""kick_power"": 0.65, ""kick_dir"": [0.9839595148980673, 0.17839121451073345]}, {""move_vx"": 6.4, ""move_vy"": 0.0, ""kick_power"": 0.0, ""kick_dir"": null}]"
85,74,default,default,0,33.99430615628646,32.1505768933013,6,A,,0.4310459492803846,0.1769125501709894,-0.027287962823312813,"[{""move_vx"": 0.0, ""move_vy"": 0.0, ""kick_power"": 0.0, ""kick_dir"": null}, {""move_vx"": 4.3984353810465775, ""move_vy"": 3.3187145401130316, ""kick_power"": 0.0, ""kick_dir"": null}, {""move_vx"": 5.215786315197563, ""move_vy"": 1.3984180756118079, ""kick_power"": 0.0, ""kick_dir"": null}, {""move_vx"": -4.023403179713872, ""move_vy"": 2.2091461820052327, ""kick_power"": 0.0, ""kick_dir"": null}, {""move_vx"": 5.3094711102304, ""move_vy"": -2.3344199557125025, ""kick_power"": 0.0, ""kick_dir"": null}, {""move_vx"": 0.0, ""move_vy"": 0.0, ""kick_power"": 0.65, ""kick_dir"": [0.5795198026660152, 0.8149579910612793]}, {""move_vx"": -6.0, ""move_vy"": 0.0, ""kick_power"": 0.0, ""kick_dir"": null}, {""move_vx"": 0.0, ""move_vy"": 0.0, ""kick_power"": 0.65, ""kick_dir"": [0.8802690134300176, 0.4744745168105389]}, {""move_vx"": 0.0, ""move_vy"": 0.0, ""kick_power"": 0.9, ""kick_dir"": [0.2255924796580217, -0.974221516080827]}, {""move_vx"": 0.0, ""move_vy"": 0.0, ""kick_power"": 0.0, ""kick_dir"": null}, {""move_vx"": 0.0, ""move_vy"": 6.0, ""kick_power"": 0.0, ""kick_dir"": null}, {""move_vx"": -3.5355339059327373, ""move_vy"": -3.5355339059327373, ""kick_power"": 0.0, ""kick_dir"": null}, {""move_vx"": 4.1012193308819755, ""move_vy"": 4.1012193308819755, ""kick_power"": 0.0, ""kick_dir"": null}, {""move_vx"": -5.041572506411713, ""move_vy"": 1.9345662724738888, ""kick_power"": 0.0, ""kick_dir"": null}, {""move_vx"": -6.0099642476706405, ""move_vy"": -2.422958881557977, ""kick_power"": 0.0, ""kick_dir"": null}, {""move_vx"": -4.382445302996105, ""move_vy"": -3.33980136628623, ""kick_power"": 0.0, ""kick_dir"": null}, {""move_vx"": -7.3296056605798405, ""move_vy"": 1.5896165765353503, ""kick_power"": 0.0, ""kick_dir"": null}, {""move_vx"": -0.0, ""move_vy"": -6.0, ""kick_power"": 0.0, ""kick_dir"": null}, {""move_vx"": -4.242640687119285, ""move_vy"": 4.242640687119285, ""kick_power"": 0.0, ""kick_dir"": null}, {""move_vx"": 6.4, ""move_vy"": 0.0, ""kick_power"": 0.0, ""kick_dir"": null}, {""move_vx"": -5.725147733450006, ""move_vy"": -2.6291982485488337, ""kick_power"": 0.0, ""kick_dir"": null}, {""move_vx"": 6.4, ""move_vy"": 0.0, ""kick_power"": 0.0, ""kick_dir"": null}]"
85,75,default,default,0,33.59430615628646,32.1505768933013,6,A,,0.44369187113745706,0.17744734881077126,-0.03073422548213328,"[{""move_vx"": 0.0, ""move_vy"": 0.0, ""kick_power"": 0.0, ""kick_dir"": null}, {""move_vx"": 4.350131037673593, ""move_vy"": 3.3817835464542756, ""kick_power"": 0.0, ""kick_dir"": null}, {""move_vx"": 5.215786315197564, ""move_vy"": 1.3984180756118076, ""kick_power"": 0.0, ""kick_dir"": null}, {""move_vx"": -4.023403179713872, ""move_vy"": 2.2091461820052336, ""kick_power"": 0.0, ""kick_dir"": null}, {""move_vx"": 5.30333447215194, ""move_vy"": -2.348327804307759, ""kick_power"": 0.0, ""kick_dir"": null}, {""move_vx"": 3.2654650219322723, ""move_vy"": 4.413257095449671, ""kick_power"": 0.0, ""kick_dir"": null}, {""move_vx"": -6.0, ""move_vy"": 0.0, ""kick_power"": 0.0, ""kick_dir"": null}, {""move_vx"": 0.0, ""move_vy"": 0.0, ""kick_power"": 0.65, ""kick_dir"": [0.8947210699245547, 0.44662493597710784]}, {""move_vx"": 0.0, ""move_vy"": 0.0, ""kick_power"": 0.9, ""kick_dir"": [0.17038442788769254, -0.9853774165519243]}, {""move_vx"": 0.0, ""move_vy"": 0.0, ""kick_power"": 0.0, ""kick_dir"": null}, {""move_vx"": 0.0, ""move_vy"": 6.0, ""kick_power"": 0.0, ""kick_dir"": null}, {""move_vx"": -4.49409078763728, ""move_vy"": 0.23053848371525815, ""kick_power"": 0.0, ""kick_dir"": null}, {""move_vx"": 4.1012193308819755, ""move_vy"": 4.1012193308819755, ""kick_power"": 0.0, ""kick_dir"": null}, {""move_vx"": -5.041572506411713, ""move_vy"": 1.9345662724738888, ""kick_power"": 0.0, ""kick_dir"": null}, {""move_vx"": -6.023096017469116, ""move_vy"": -2.3901285246504385, ""kick_power"": 0.0, ""kick_dir"": null}, {""move_vx"": -4.407249636695306, ""move_vy"": -3.3070002479360516, ""kick_power"": 0.0, ""kick_dir"": null}, {""move_vx"": 5.030420087259905, ""move_vy"": -0.8395675944747023, ""kick_power"": 0.0, ""kick_dir"": null}, {""move_vx"": -0.0, ""move_vy"": -6.0, ""kick_power"": 0.0, ""kick_dir"": null}, {""move_vx"": -4.242640687119285, ""move_vy"": 4.242640687119285, ""kick_power"": 0.0, ""kick_dir"": null}, {""move_vx"": 6.4, ""move_vy"": 0.0, ""kick_power"": 0.0, ""kick_dir"": null}, {""move_vx"": -0.0, ""move_vy"": 0.0, ""kick_power"": 0.9, ""kick_dir"": [0.9546541262450545, 0.2977165275927317]}, {""move_vx"": 6.4, ""move_vy"": 0.0, ""kick_power"": 0.0, ""kick_dir"": null}]"
85,76,default,default,0,33.199446672603116,32.20052820622015,6,A,,0.45625564945260577,0.1733255540355973,-0.02297977153166721,"[{""move_vx"": 0.0, ""move_vy"": 0.0, ""kick_power"": 0.0, ""kick_dir"": null}, {""move_vx"": 4.297826202248398, ""move_vy"": 3.448012461588141, ""kick_power"": 0.0, ""kick_dir"": null}, {""move_vx"": 5.215786315197563, ""move_vy"": 1.3984180756118074, ""kick_power"": 0.0, ""kick_dir"": null}, {""move_vx"": -4.023403179713872, ""move_vy"": 2.2091461820052345, ""kick_power"": 0.0, ""kick_dir"": null}, {""move_vx"": 5.297094515701084, ""move_vy"": -2.362369507873291, ""kick_power"": 0.0, ""kick_dir"": null}, {""move_vx"": 0.0, ""move_vy"": 0.0, ""kick_power"": 0.0, ""kick_dir"": null}, {""move_vx"": -6.0, ""move_vy"": 0.0, ""kick_power"": 0.0, ""kick_dir"": null}, {""move_vx"": 0.0, ""move_vy"": 0.0, ""kick_power"": 0.65, ""kick_dir"": [0.9068083983231171, 0.4215426148270461]}, {""move_vx"": 0.0, ""move_vy"": 0.0, ""kick_power"": 0.65, ""kick_dir"": [0.7546541213780873, -0.6561225615474082]}, {""move_vx"": 0.0, ""move_vy"": 0.0, ""kick_power"": 0.0, ""kick_dir"": null}, {""move_vx"": 0.0, ""move_vy"": 6.0, ""kick_power"": 0.0, ""kick_dir"": null}, {""move_vx"": -3.5355339059327373, ""move_vy"": 3.5355339059327373, ""kick_power"": 0.0, ""kick_dir"": null}, {""move_vx"": 4.1012193308819755, ""move_vy"": 4.1012193308819755, ""kick_power"": 0.0, ""kick_dir"": null}, {""move_vx"": -5.041572506411714, ""move_vy"": 1.9345662724738895, ""kick_power"": 0.0, ""kick_dir"": null}, {""move_vx"": -6.035901895650848, ""move_vy"": -2.357602236612127, ""kick_power"": 0.0, ""kick_dir"": null}, {""move_vx"": -4.43160315194229, ""move_vy"": -3.274292824976892, ""kick_power"": 0.0, ""kick_dir"": null}, {""move_vx"": -7.330367162668292, ""move_vy"": 1.5861012768655127, ""kick_power"": 0.0, ""kick_dir"": null}, {""move_vx"": -0.0, ""move_vy"": -6.0, ""kick_power"": 0.0, ""kick_dir"": null}, {""move_vx"": -4.242640687119285, ""move_vy"": 4.242640687119285, ""kick_power"": 0.0, ""kick_dir"": null}, {""move_vx"": -5.262404144885408, ""move_vy"": -3.045242620201694, ""kick_power"": 0.0, ""kick_dir"": null}, {""move_vx"": -0.0, ""move_vy"": 0.0, ""kick_power"": 0.9, ""kick_dir"": [0.960907038686858, 0.27687058413398463]}, {""move_vx"": 6.4, ""move_vy"": 0.0, ""kick_power"": 0.0, ""kick_dir"": null}]"
85,77,default,default,0,32.81638999704357,32.25113518772763,6,A,,0.4686052294717873,0.1745526352435393,-0.02471872892764011,"[{""move_vx"": 0.0, ""move_vy"": 0.0, ""kick_power"": 0.0, ""kick_dir"": null}, {""move_vx"": 4.23298648407415, ""move_vy"": 3.5273113593281717, ""kick_power"": 0.0, ""kick_dir"": null}, {""move_vx"": 5.215786315197563, ""move_vy"": 1.398418075611807, ""kick_power"": 0.0, ""kick_dir"": null}, {""move_vx"": -4.023403179713871, ""move_vy"": 2.209146182005235, ""kick_power"": 0.0, ""kick_dir"": null}, {""move_vx"": 5.290749223121333, ""move_vy"": -2.376546371952589, ""kick_power"": 0.0, ""kick_dir"": null}, {""move_vx"": 3.0369838168479384, ""move_vy"": 4.573492024285572, ""kick_power"": 0.0, ""kick_dir"": null}, {""move_vx"": -6.0, ""move_vy"": 0.0, ""kick_power"": 0.0, ""kick_dir"": null}, {""move_vx"": 0.0, ""move_vy"": 0.0, ""kick_power"": 0.65, ""kick_dir"": [0.9169979229540682, 0.39889155873473353]}, {""move_vx"": 0.0, ""move_vy"": 0.0, ""kick_power"": 0.65, ""kick_dir"": [0.7469517517342141, -0.664877974469155]}, {""move_vx"": 0.0, ""move_vy"": 0.0, ""kick_power"": 0.0, ""kick_dir"": null}, {""move_vx"": 0.0, ""move_vy"": 6.0, ""kick_power"": 0.0, ""kick_dir"": null}, {""move_vx"": -4.494674075876129, ""move_vy"": 0.21887199831651954, ""kick_power"": 0.0, ""kick_dir"": null}, {""move_vx"": 4.1012193308819755, ""move_vy"": 4.1012193308819755, ""kick_power"": 0.0, ""kick_dir"": null}, {""move_vx"": -5.041572506411713, ""move_vy"": 1.9345662724738895, ""kick_power"": 0.0, ""kick_dir"": null}, {""move_vx"": -6.052198743992317, ""move_vy"": -2.31544603979834, ""kick_power"": 0.0, ""kick_dir"": null}, {""move_vx"": -4.459249729193249, ""move_vy"": -3.236540105218833, ""kick_power"": 0.0, ""kick_dir"": null}, {""move_vx"": 5.029999858579101, ""move_vy"": -0.8420816009711959, ""kick_power"": 0.0, ""kick_dir"": null}, {""move_vx"": -0.0, ""move_vy"": -6.0, ""kick_power"": 0.0, ""kick_dir"": null}, {""move_vx"": -4.242640687119285, ""move_vy"": 4.242640687119285, ""kick_power"": 0.0, ""kick_dir"": null}, {""move_vx"": -5.30171045008855, ""move_vy"": -2.9762839756014303, ""kick_power"": 0.0, ""kick_dir"": null}, {""move_vx"": -0.0, ""move_vy"": 0.0, ""kick_power"": 0.9, ""kick_dir"": [0.9657323701112694, 0.25953924939839224]}, {""move_vx"": 6.4, ""move_vy"": 0.0, ""kick_power"": 0.0, ""kick_dir"": null}]"
85,78,default,default,0,32.41611829201583,32.23308048724097,6,A,,0.480850968261249,0.16609714977275095,-0.02822486276148132,"[{""move_vx"": 0.0, ""move_vy"": 0.0, ""kick_power"": 0.0, ""kick_dir"": null}, {""move_vx"": 4.1643160642032715, ""move_vy"": 3.6081257901324024, ""kick_power"": 0.0, ""kick_dir"": null}, {""move_vx"": 5.215786315197563, ""move_vy"": 1.398418075611807, ""kick_power"": 0.0, ""kick_dir"": null}, {""move_vx"": -4.0234031797138705, ""move_vy"": 2.209146182005236, ""kick_power"": 0.0, ""kick_dir"": null}, {""move_vx"": 5.284296537107755, ""move_vy"": -2.390859700591189, ""kick_power"": 0.0, ""kick_dir"": null}, {""move_vx"": 0.0, ""move_vy"": 0.0, ""kick_power"": 0.0, ""kick_dir"": null}, {""move_vx"": -6.0, ""move_vy"": 0.0, ""kick_power"": 0.0, ""kick_dir"": null}, {""move_vx"": 0.0, ""move_vy"": 0.0, ""kick_power"": 0.65, ""kick_dir"": [0.9256521402853752, 0.37837520885846754]}, {""move_vx"": 6.1, ""move_vy"": 0.0, ""kick_power"": 0.0, ""kick_dir"": null}, {""move_vx"": 0.0, ""move_vy"": 0.0, ""kick_power"": 0.0, ""kick_dir"": null}, {""move_vx"": 0.0, ""move_vy"": 6.0, ""kick_power"": 0.0, ""kick_dir"": null}, {""move_vx"": -3.5355339059327373, ""move_vy"": 3.5355339059327373, ""kick_power"": 0.0, ""kick_dir"": null}, {""move_vx"": 4.1012193308819755, ""move_vy"": 4.1012193308819755, ""kick_power"": 0.0, ""kick_dir"": null}, {""move_vx"": -5.924513720980052, ""move_vy"": 0.4286457394155523, ""kick_power"": 0.0, ""kick_dir"": null}, {""move_vx"": -6.067748629396577, ""move_vy"": -2.2743848773802466, ""kick_power"": 0.0, ""kick_dir"": null}, {""move_vx"": -4.485769103196893, ""move_vy"": -3.1996836644899957, ""kick_power"": 0.0, ""kick_dir"": null}, {""move_vx"": 5.032007924016583, ""move_vy"": -0.8299977425477154, ""kick_power"": 0.0, ""kick_dir"": null}, {""move_vx"": -0.0, ""move_vy"": -6.0, ""kick_power"": 0.0, ""kick_dir"": null}, {""move_vx"": -4.242640687119285, ""move_vy"": 4.242640687119285, ""kick_power"": 0.0, ""kick_dir"": null}, {""move_vx"": -5.338826426065727, ""move_vy"": -2.909180708093303, ""kick_power"": 0.0, ""kick_dir"": null}, {""move_vx"": -0.0, ""move_vy"": 0.0, ""kick_power"": 0.9, ""kick_dir"": [0.9706744397854121, 0.24039703849731056]}, {""move_vx"": 6.4, ""move_vy"": 0.0, ""kick_power"": 0.0, ""kick_dir"": null}]"
85,79,default,default,0,31.99611829201583,32.23308048724097,6,A,,0.49314188689946314,0.17030544594341976,-0.03333886914782586,"[{""move_vx"": 0.0, ""move_vy"": 0.0, ""kick_power"": 0.0, ""kick_dir"": null}, {""move_vx"": 4.100005184952198, ""move_vy"": 3.6810402719021003, ""kick_power"": 0.0, ""kick_dir"": null}, {""move_vx"": 5.215786315197563, ""move_vy"": 1.398418075611807, ""kick_power"": 0.0, ""kick_dir"": null}, {""move_vx"": -4.0234031797138705, ""move_vy"": 2.2091461820052367, ""kick_power"": 0.0, ""kick_dir"": null}, {""move_vx"": -5.8, ""move_vy"": 0.0, ""kick_power"": 0.0, ""kick_dir"": null}, {""move_vx"": 2.784119263945131, ""move_vy"": 4.731678341152283, ""kick_power"": 0.0, ""kick_dir"": null}, {""move_vx"": -6.300000000000001, ""move_vy"": 0.0, ""kick_power"": 0.0, ""kick_dir"": null}, {""move_vx"": 0.0, ""move_vy"": 0.0, ""kick_power"": 0.65, ""kick_dir"": [0.9330544330756926, 0.3597347967654328]}, {""move_vx"": 0.0, ""move_vy"": 0.0, ""kick_power"": 0.65, ""kick_dir"": [0.6975149623256522, -0.7165699241329088]}, {""move_vx"": 0.0, ""move_vy"": 0.0, ""kick_power"": 0.0, ""kick_dir"": null}, {""move_vx"": 0.0, ""move_vy"": 6.0, ""kick_power"": 0.0, ""kick_dir"": null}, {""move_vx"": -3.5355339059327373, ""move_vy"": 3.5355339059327373, ""kick_power"": 0.0, ""kick_dir"": null}, {""move_vx"": 4.1012193308819755, ""move_vy"": 4.1012193308819755, ""kick_power"": 0.0, ""kick_dir"": null}, {""move_vx"": -5.0377573577062, ""move_vy"": 1.9444795717304553, ""kick_power"": 0.0, ""kick_dir"": null}, {""move_vx"": -6.078047553799681, ""move_vy"": -2.2467171459152833, ""kick_power"": 0.0, ""kick_dir"": null}, {""move_vx"": -4.5072736437590954, ""move_vy"": -3.1693192171623563, ""kick_power"": 0.0, ""kick_dir"": null}, {""move_vx"": 4.242640687119285, ""move_vy"": -4.242640687119285, ""kick_power"": 0.0, ""kick_dir"": null}, {""move_vx"": -0.0, ""move_vy"": -6.0, ""kick_power"": 0.0, ""kick_dir"": null}, {""move_vx"": -4.242640687119285, ""move_vy"": 4.242640687119285, ""kick_power"": 0.0, ""kick_dir"": null}, {""move_vx"": -5.366473818557599, ""move_vy"": -2.8578591208692976, ""kick_power"": 0.0, ""kick_dir"": null}, {""move_vx"": -0.0, ""move_vy"": 0.0, ""kick_power"": 0.9, ""kick_dir"": [0.9757346972310582, 0.21895518169777517]}, {""move_vx"": 6.4, ""move_vy"": 0.0, ""kick_power"": 0.0, ""kick_dir"": null}]"
85,80,default,default,0,31.576118292015828,32.23308048724097,6,A,,0.5053005263616913,0.16652541770594778,-0.03347673144039916,"[{""move_vx"": 0.0, ""move_vy"": 0.0, ""kick_power"": 0.0, ""kick_dir"": null}, {""move_vx"": 4.022057323212479, ""move_vy"": 3.7660529588407097, ""kick_power"": 0.0, ""kick_dir"": null}, {""move_vx"": 5.215786315197564, ""move_vy"": 1.3984180756118068, ""kick_power"": 0.0, ""kick_dir"": null}, {""move_vx"": -4.02340317971387, ""move_vy"": 2.209146182005238, ""kick_power"": 0.0, ""kick_dir"": null}, {""move_vx"": -5.8, ""move_vy"": 0.0, ""kick_power"": 0.0, ""kick_dir"": null}, {""move_vx"": 2.644675832913483, ""move_vy"": 4.81100714391523, ""kick_power"": 0.0, ""kick_dir"": null}, {""move_vx"": -6.300000000000001, ""move_vy"": 0.0, ""kick_power"": 0.0, ""kick_dir"": null}, {""move_vx"": 0.0, ""move_vy"": 0.0, ""kick_power"": 0.65, ""kick_dir"": [0.9248672719287566, 0.38028964120423253]}, {""move_vx"": 0.0, ""move_vy"": 0.0, ""kick_power"": 0.65, ""kick_dir"": [0.6829891871588487, -0.7304281768236446]}, {""move_vx"": 0.0, ""move_vy"": 0.0, ""kick_power"": 0.0, ""kick_dir"": null}, {""move_vx"": 4.242640687119285, ""move_vy"": 4.242640687119285, ""kick_power"": 0.0, ""kick_dir"": null}, {""move_vx"": -3.5355339059327373, ""move_vy"": 3.5355339059327373, ""kick_power"": 0.0, ""kick_dir"": null}, {""move_vx"": -0.0, ""move_vy"": 5.8, ""kick_power"": 0.0, ""kick_dir"": null}, {""move_vx"": -5.92522842543802, ""move_vy"": 0.418650339043572, ""kick_power"": 0.0, ""kick_dir"": null}, {""move_vx"": -0.0, ""move_vy"": 0.0, ""kick_power"": 0.0, ""kick_dir"": null}, {""move_vx"": -4.1012193308819755, ""move_vy"": -4.1012193308819755, ""kick_power"": 0.0, ""kick_dir"": null}, {""move_vx"": -0.0, ""move_vy"": 0.0, ""kick_power"": 0.9, ""kick_dir"": [0.7322948185089813, 0.6809874824306105]}, {""move_vx"": -0.0, ""move_vy"": -6.0, ""kick_power"": 0.0, ""kick_dir"": null}, {""move_vx"": -4.242640687119285, ""move_vy"": 4.242640687119285, ""kick_power"": 0.0, ""kick_dir"": null}, {""move_vx"": -5.397010629905941, ""move_vy"": -2.799763608000197, ""kick_power"": 0.0, ""kick_dir"": null}, {""move_vx"": -0.0, ""move_vy"": 0.0, ""kick_power"": 0.9, ""kick_dir"": [0.9809381771709555, 0.19431887307390933]}, {""move_vx"": 6.4, ""move_vy"": 0.0, ""kick_power"": 0.0, ""kick_dir"": null}]"
85,81,default,default,0,31.156118292015826,32.23308048724097,6,A,,0.5173265968530063,0.16009752897668156,-0.020086484386344087,"[{""move_vx"": 0.0, ""move_vy"": 0.0, ""kick_power"": 0.0, ""kick_dir"": null}, {""move_vx"": 3.9361381021129733, ""move_vy"": 3.855764105996953, ""kick_power"": 0.0, ""kick_dir"": null}, {""move_vx"": 5.215786315197564, ""move_vy"": 1.3984180756118068, ""kick_power"": 0.0, ""kick_dir"": null}, {""move_vx"": -4.02340317971387, ""move_vy"": 2.209146182005239, ""kick_power"": 0.0, ""kick_dir"": null}, {""move_vx"": -5.8, ""move_vy"": 0.0, ""kick_power"": 0.0, ""kick_dir"": null}, {""move_vx"": 2.4921118666158204, ""move_vy"": 4.891776614306157, ""kick_power"": 0.0, ""kick_dir"": null}, {""move_vx"": -6.300000000000001, ""move_vy"": 0.0, ""kick_power"": 0.0, ""kick_dir"": null}, {""move_vx"": 6.0, ""move_vy"": 0.0, ""kick_power"": 0.0, ""kick_dir"": null}, {""move_vx"": 0.0, ""move_vy"": 0.0, ""kick_power"": 0.65, ""kick_dir"": [0.666101290601728, -0.7458609727965062]}, {""move_vx"": 0.0, ""move_vy"": 0.0, ""kick_power"": 0.0, ""kick_dir"": null}, {""move_vx"": 4.242640687119285, ""move_vy"": 4.242640687119285, ""kick_power"": 0.0, ""kick_dir"": null}, {""move_vx"": -3.5355339059327373, ""move_vy"": 3.5355339059327373, ""kick_power"": 0.0, ""kick_dir"": null}, {""move_vx"": -0.0, ""move_vy"": 5.8, ""kick_power"": 0.0, ""kick_dir"": null}, {""move_vx"": -5.9252284254380205, ""move_vy"": 0.4186503390435715, ""kick_power"": 0.0, ""kick_dir"": null}, {""move_vx"": -6.1074685682565235, ""move_vy"": -2.16546246510038, ""kick_power"": 0.0, ""kick_dir"": null}, {""move_vx"": -4.560727064061083, ""move_vy"": -3.0919037253997375, ""kick_power"": 0.0, ""kick_dir"": null}, {""move_vx"": -0.0, ""move_vy"": 0.0, ""kick_power"": 0.9, ""kick_dir"": [0.7322948185089813, 0.6809874824306105]}, {""move_vx"": -4.242640687119285, ""move_vy"": -4.242640687119285, ""kick_power"": 0.0, ""kick_dir"": null}, {""move_vx"": -4.242640687119285, ""move_vy"": 4.242640687119285, ""kick_power"": 0.0, ""kick_dir"": null}, {""move_vx"": -5.628864625274422, ""move_vy"": -1.222081433593625, ""kick_power"": 0.0, ""kick_dir"": null}, {""move_vx"": -6.117283532025299, ""move_vy"": -1.5062676351870854, ""kick_power"": 0.0, ""kick_dir"": null}, {""move_vx"": 6.4, ""move_vy"": 0.0, ""kick_power"": 0.0, ""kick_dir"": null}]"
85,82,default,default,0,30.736118292015824,32.23308048724097,6,A,,0.5292197942018584,0.15470860451300164,-0.018122818990535857,"[{""move_vx"": 0.0, ""move_vy"": 0.0, ""kick_power"": 0.0, ""kick_dir"": null}, {""move_vx"": 3.841087391617071, ""move_vy"": 3.9504617008598326, ""kick_power"": 0.0, ""kick_dir"": null}, {""move_vx"": 5.215786315197563, ""move_vy"": 1.398418075611806, ""kick_power"": 0.0, ""kick_dir"": null}, {""move_vx"": -4.023403179713869, ""move_vy"": 2.20914618200524, ""kick_power"": 0.0, ""kick_dir"": null}, {""move_vx"": -5.8, ""move_vy"": 0.0, ""kick_power"": 0.0, ""kick_dir"": null}, {""move_vx"": -4.313351365237939, ""move_vy"": 4.313351365237939, ""kick_power"": 0.0, ""kick_dir"": null}, {""move_vx"": -6.300000000000001, ""move_vy"": 0.0, ""kick_power"": 0.0, ""kick_dir"": null}, {""move_vx"": 0.0, ""move_vy"": 0.0, ""kick_power"": 0.65, ""kick_dir"": [0.8889831498782553, 0.4579394896397783]}, {""move_vx"": 2.1514171017668775, ""move_vy"": 4.7175872492435165, ""kick_power"": 0.0, ""kick_dir"": null}, {""move_vx"": 0.0, ""move_vy"": 0.0, ""kick_power"": 0.0, ""kick_dir"": null}, {""move_vx"": 4.242640687119285, ""move_vy"": 4.242640687119285, ""kick_power"": 0.0, ""kick_dir"": null}, {""move_vx"": -3.5355339059327373, ""move_vy"": 3.5355339059327373, ""kick_power"": 0.0, ""kick_dir"": null}, {""move_vx"": -6.920287520586518, ""move_vy"": 0.7424423428216472, ""kick_power"": 0.0, ""kick_dir"": null}, {""move_vx"": -5.9252284254380205, ""move_vy"": 0.418650339043571, ""kick_power"": 0.0, ""kick_dir"": null}, {""move_vx"": -6.11836112697837, ""move_vy"": -2.1344922393581056, ""kick_power"": 0.0, ""kick_dir"": null}, {""move_vx"": -4.583256729186674, ""move_vy"": -3.0584077155220912, ""kick_power"": 0.0, ""kick_dir"": null}, {""move_vx"": -0.0, ""move_vy"": 0.0, ""kick_power"": 0.9, ""kick_dir"": [0.7059783657655229, 0.7082331368283187]}, {""move_vx"": -0.0, ""move_vy"": 0.0, ""kick_power"": 0.65, ""kick_dir"": [-0.49114128359247183, 0.8710797526540816]}, {""move_vx"": -4.242640687119285, ""move_vy"": 4.242640687119285, ""kick_power"": 0.0, ""kick_dir"": null}, {""move_vx"": -5.440247951905395, ""move_vy"": -2.714793218974359, ""kick_power"": 0.0, ""kick_dir"": null}, {""move_vx"": -6.139347599100533, ""move_vy"": -1.4136516747128822, ""kick_power"": 0.0, ""kick_dir"": null}, {""move_vx"": 6.4, ""move_vy"": 0.0, ""kick_power"": 0.0, ""kick_dir"": null}]"
85,83,default,default,0,30.316118292015823,32.23308048724097,6,A,,0.541369357891185,0.1561790414497888,-0.024243746835719435,"[{""move_vx"": 5.0, ""move_vy"": 0.0, ""kick_power"": 0.0, ""kick_dir"": null}, {""move_vx"": 3.7355334545791017, ""move_vy"": 4.050418473407447, ""kick_power"": 0.0, ""kick_dir"": null}, {""move_vx"": 5.215786315197563, ""move_vy"": 1.398418075611806, ""kick_power"": 0.0, ""kick_dir"": null}, {""move_vx"": -4.023403179713868, ""move_vy"": 2.209146182005241, ""kick_power"": 0.0, ""kick_dir"": null}, {""move_vx"": -5.8, ""move_vy"": 0.0, ""kick_power"": 0.0, ""kick_dir"": null}, {""move_vx"": 2.3257445372723997, ""move_vy"": 4.973028488491455, ""kick_power"": 0.0, ""kick_dir"": null}, {""move_vx"": -6.300000000000001, ""move_vy"": 0.0, ""kick_power"": 0.0, ""kick_dir"": null}, {""move_vx"": 0.0, ""move_vy"": 0.0, ""kick_power"": 0.65, ""kick_dir"": [0.8717835612568339, 0.48989081695256437]}, {""move_vx"": 0.0, ""move_vy"": 0.0, ""kick_power"": 0.9, ""kick_dir"": [-0.5127153533011409, -0.8585583367372285]}, {""move_vx"": 0.0, ""move_vy"": 0.0, ""kick_power"": 0.0, ""kick_dir"": null}, {""move_vx"": 4.242640687119285, ""move_vy"": 4.242640687119285, ""kick_power"": 0.0, ""kick_dir"": null}, {""move_vx"": -3.5355339059327373, ""move_vy"": 3.5355339059327373, ""kick_power"": 0.0, ""kick_dir"": null}, {""move_vx"": -0.0, ""move_vy"": 5.8, ""kick_power"": 0.0, ""kick_dir"": null}, {""move_vx"": -5.92522842543802, ""move_vy"": 0.4186503390435705, ""kick_power"": 0.0, ""kick_dir"": null}, {""move_vx"": -5.224457204244486, ""move_vy"": 1.3656672072719245, ""kick_power"": 0.0, ""kick_dir"": null}, {""move_vx"": -4.605311978174649, ""move_vy"": -3.025095301586562, ""kick_power"": 0.0, ""kick_dir"": null}, {""move_vx"": -0.0, ""move_vy"": 0.0, ""kick_power"": 0.9, ""kick_dir"": [0.6739042126169258, 0.7388184590505857]}, {""move_vx"": -0.0, ""move_vy"": 0.0, ""kick_power"": 0.65, ""kick_dir"": [0.9837785919469771, 0.17938656897744307]}, {""move_vx"": -4.242640687119285, ""move_vy"": 4.242640687119285, ""kick_power"": 0.0, ""kick_dir"": null}, {""move_vx"": -5.467884725205347, ""move_vy"": -2.6586907740213155, ""kick_power"": 0.0, ""kick_dir"": null}, {""move_vx"": -6.158808029859178, ""move_vy"": -1.3263045092821313, ""kick_power"": 0.0, ""kick_dir"": null}, {""move_vx"": 6.4, ""move_vy"": 0.0, ""kick_power"": 0.0, ""kick_dir"": null}]"
85,84,default,default,0,29.89611829201582,32.23308048724097,6,A,,0.5533913116194364,0.1552572642922399,-0.030115063009698434,"[{""move_vx"": 5.0, ""move_vy"": 0.0, ""kick_power"": 0.0, ""kick_dir"": null}, {""move_vx"": 3.6178494251725346, ""move_vy"": 4.155871212727694, ""kick_power"": 0.0, ""kick_dir"": null}, {""move_vx"": 5.215786315197563, ""move_vy"": 1.3984180756118059, ""kick_power"": 0.0, ""kick_dir"": null}, {""move_vx"": -4.023403179713867, ""move_vy"": 2.2091461820052425, ""kick_power"": 0.0, ""kick_dir"": null}, {""move_vx"": -5.8, ""move_vy"": 0.0, ""kick_power"": 0.0, ""kick_dir"": null}, {""move_vx"": 2.135525762422325, ""move_vy"": 5.057630840426231, ""kick_power"": 0.0, ""kick_dir"": null}, {""move_vx"": -6.300000000000001, ""move_vy"": 0.0, ""kick_power"": 0.0, ""kick_dir"": null}, {""move_vx"": 0.0, ""move_vy"": 0.0, ""kick_power"": 0.65, ""kick_dir"": [0.8506203326601884, 0.5257800013848873]}, {""move_vx"": 0.0, ""move_vy"": 0.0, ""kick_power"": 1.0, ""kick_dir"": [0.9967343441186567, -0.08075035166084164]}, {""move_vx"": -4.7315814566463015, ""move_vy"": -3.1783858983957343, ""kick_power"": 0.0, ""kick_dir"": null}, {""move_vx"": 4.242640687119285, ""move_vy"": 4.242640687119285, ""kick_power"": 0.0, ""kick_dir"": null}, {""move_vx"": -3.5355339059327373, ""move_vy"": 3.5355339059327373, ""kick_power"": 0.0, ""kick_dir"": null}, {""move_vx"": -0.0, ""move_vy"": 5.8, ""kick_power"": 0.0, ""kick_dir"": null}, {""move_vx"": -5.9252284254380205, ""move_vy"": 0.4186503390435701, ""kick_power"": 0.0, ""kick_dir"": null}, {""move_vx"": -0.0, ""move_vy"": 0.0, ""kick_power"": 0.6, ""kick_dir"": [-0.9977419196626998, -0.067164175459767]}, {""move_vx"": -4.626899148533764, ""move_vy"": -2.991973306915944, ""kick_power"": 0.0, ""kick_dir"": null}, {""move_vx"": -0.0, ""move_vy"": 0.0, ""kick_power"": 0.9, ""kick_dir"": [0.6347200469601195, 0.7727418953906733]}, {""move_vx"": -0.0, ""move_vy"": 0.0, ""kick_power"": 0.65, ""kick_dir"": [-0.5931888149017005, 0.8050631839241653]}, {""move_vx"": -4.242640687119285, ""move_vy"": 4.242640687119285, ""kick_power"": 0.0, ""kick_dir"": null}, {""move_vx"": -5.494428098181327, ""move_vy"": -2.603393914473091, ""kick_power"": 0.0, ""kick_dir"": null}, {""move_vx"": -6.175958254381951, ""move_vy"": -1.244001463074483, ""kick_power"": 0.0, ""kick_dir"": null}, {""move_vx"": 6.4, ""move_vy"": 0.0, ""kick_power"": 0.0, ""kick_dir"": null}]"
85,85,default,default,0,29.635753070362117,32.75767912026139,6,A,,0.5647807409922971,0.1777605969997465,-0.00610436952847296,"[{""move_vx"": 5.0, ""move_vy"": 0.0, ""kick_power"": 0.0, ""kick_dir"": null}, {""move_vx"": 3.4861012869320107, ""move_vy"": 4.266989315342959, ""kick_power"": 0.0, ""kick_dir"": null}, {""move_vx"": 5.215786315197563, ""move_vy"": 1.3984180756118059, ""kick_power"": 0.0, ""kick_dir"": null}, {""move_vx"": -4.023403179713867, ""move_vy"": 2.2091461820052434, ""kick_power"": 0.0, ""kick_dir"": null}, {""move_vx"": -5.8, ""move_vy"": 0.0, ""kick_power"": 0.0, ""kick_dir"": null}, {""move_vx"": 1.9254560812488117, ""move_vy"": 5.141275997180268, ""kick_power"": 0.0, ""kick_dir"": null}, {""move_vx"": -6.300000000000001, ""move_vy"": 0.0, ""kick_power"": 0.0, ""kick_dir"": null}, {""move_vx"": 0.0, ""move_vy"": 0.0, ""kick_power"": 0.65, ""kick_dir"": [0.8243249014114863, 0.5661165810706268]}, {""move_vx"": 0.0, ""move_vy"": 0.0, ""kick_power"": 1.0, ""kick_dir"": [0.9967343441186567, -0.08075035166084164]}, {""move_vx"": -4.765049110931262, ""move_vy"": -3.127987687062271, ""kick_power"": 0.0, ""kick_dir"": null}, {""move_vx"": 4.242640687119285, ""move_vy"": 4.242640687119285, ""kick_power"": 0.0, ""kick_dir"": null}, {""move_vx"": -3.5355339059327373, ""move_vy"": 3.5355339059327373, ""kick_power"": 0.0, ""kick_dir"": null}, {""move_vx"": -0.0, ""move_vy"": 5.8, ""kick_power"": 0.0, ""kick_dir"": null}, {""move_vx"": -5.925392761890552, ""move_vy"": 0.4163179281931931, ""kick_power"": 0.0, ""kick_dir"": null}, {""move_vx"": -0.0, ""move_vy"": 0.0, ""kick_power"": 0.6, ""kick_dir"": [-0.9977436531248388, -0.0671384206822202]}, {""move_vx"": -4.648024690664177, ""move_vy"": -2.9590482380279273, ""kick_power"": 0.0, ""kick_dir"": null}, {""move_vx"": -6.0, ""move_vy"": 0.0, ""kick_power"": 0.0, ""kick_dir"": null}, {""move_vx"": -4.242640687119285, ""move_vy"": -4.242640687119285, ""kick_power"": 0.0, ""kick_dir"": null}, {""move_vx"": -4.242640687119285, ""move_vy"": 4.242640687119285, ""kick_power"": 0.0, ""kick_dir"": null}, {""move_vx"": -5.519912012664, ""move_vy"": -2.548915724861783, ""kick_power"": 0.0, ""kick_dir"": null}, {""move_vx"": -6.191061783602184, ""move_vy"": -1.166513605415963, ""kick_power"": 0.0, ""kick_dir"": null}, {""move_vx"": 6.4, ""move_vy"": 0.0, ""kick_power"": 0.0, ""kick_dir"": null}]"
85,86,default,default,0,29.304432444470947,33.07220036612186,6,A,,0.5763082336431945,0.15947802671301786,-0.014139762631674291,"[{""move_vx"": 5.0, ""move_vy"": 0.0, ""kick_power"": 0.0, ""kick_dir"": null}, {""move_vx"": 3.2251675822984684, ""move_vy"": 4.4674818484344225, ""kick_power"": 0.0, ""kick_dir"": null}, {""move_vx"": 5.215786315197564, ""move_vy"": 1.3984180756118056, ""kick_power"": 0.0, ""kick_dir"": null}, {""move_vx"": -4.023403179713866, ""move_vy"": 2.209146182005245, ""kick_power"": 0.0, ""kick_dir"": null}, {""move_vx"": -5.8, ""move_vy"": 0.0, ""kick_power"": 0.0, ""kick_dir"": null}, {""move_vx"": 1.687131072974677, ""move_vy"": 5.224336201145875, ""kick_power"": 0.0, ""kick_dir"": null}, {""move_vx"": -5.242909252390588, ""move_vy"": 3.4931221809718, ""kick_power"": 0.0, ""kick_dir"": null}, {""move_vx"": 0.0, ""move_vy"": 0.0, ""kick_power"": 0.65, ""kick_dir"": [0.7913455446741079, 0.6113687246839762]}, {""move_vx"": 0.0, ""move_vy"": 0.0, ""kick_power"": 0.9, ""kick_dir"": [-0.7053096415585204, -0.7088989926342578]}, {""move_vx"": 0.0, ""move_vy"": 0.0, ""kick_power"": 0.65, ""kick_dir"": [-0.9562330917545786, 0.29260560248486794]}, {""move_vx"": 4.242640687119285, ""move_vy"": 4.242640687119285, ""kick_power"": 0.0, ""kick_dir"": null}, {""move_vx"": -3.5355339059327373, ""move_vy"": 3.5355339059327373, ""kick_power"": 0.0, ""kick_dir"": null}, {""move_vx"": -0.0, ""move_vy"": 5.8, ""kick_power"": 0.0, ""kick_dir"": null}, {""move_vx"": -5.926669755966977, ""move_vy"": 0.3977255381621124, ""kick_power"": 0.0, ""kick_dir"": null}, {""move_vx"": -0.0, ""move_vy"": 0.0, ""kick_power"": 0.6, ""kick_dir"": [-0.9977445569649982, -0.06712498858833658]}, {""move_vx"": -4.701602502383549, ""move_vy"": -2.873157480818053, ""kick_power"": 0.0, ""kick_dir"": null}, {""move_vx"": -0.0, ""move_vy"": 0.0, ""kick_power"": 0.9, ""kick_dir"": [0.5933964286103425, 0.8049100665565703]}, {""move_vx"": -4.242640687119285, ""move_vy"": -4.242640687119285, ""kick_power"": 0.0, ""kick_dir"": null}, {""move_vx"": -4.242640687119285, ""move_vy"": 4.242640687119285, ""kick_power"": 0.0, ""kick_dir"": null}, {""move_vx"": -4.525483399593904, ""move_vy"": 4.525483399593904, ""kick_power"": 0.0, ""kick_dir"": null}, {""move_vx"": -6.269902151332971, ""move_vy"": -0.6150829315711749, ""kick_power"": 0.0, ""kick_dir"": null}, {""move_vx"": -0.0, ""move_vy"": -6.4, ""kick_power"": 0.0, ""kick_dir"": null}]"
85,87,default,default,0,30.71987615557392,32.58963764771954,6,A,,0.5740534492313235,0.2659206882060405,0.10921940830431502,"[{""move_vx"": 5.0, ""move_vy"": 0.0, ""kick_power"": 0.0, ""kick_dir"": null}, {""move_vx"": -3.65925205730534, ""move_vy"": -3.3037515616502757, ""kick_power"": 0.0, ""kick_dir"": null}, {""move_vx"": 5.215786315197564, ""move_vy"": 1.3984180756118056, ""kick_power"": 0.0, ""kick_dir"": null}, {""move_vx"": -4.023403179713865, ""move_vy"": 2.2091461820052465, ""kick_power"": 0.0, ""kick_dir"": null}, {""move_vx"": -5.8, ""move_vy"": 0.0, ""kick_power"": 0.0, ""kick_dir"": null}, {""move_vx"": 1.4487505058706291, ""move_vy"": 5.295396299781499, ""kick_power"": 0.0, ""kick_dir"": null}, {""move_vx"": 5.052283408343685, ""move_vy"": -0.6960117540495356, ""kick_power"": 0.0, ""kick_dir"": null}, {""move_vx"": 0.0, ""move_vy"": 0.0, ""kick_power"": 0.65, ""kick_dir"": [0.7496432210854526, 0.6618417389813248]}, {""move_vx"": 0.0, ""move_vy"": 0.0, ""kick_power"": 1.0, ""kick_dir"": [0.9967343441186567, -0.08075035166084164]}, {""move_vx"": -5.29025465417917, ""move_vy"": -1.0831462015515898, ""kick_power"": 0.0, ""kick_dir"": null}, {""move_vx"": 4.242640687119285, ""move_vy"": 4.242640687119285, ""kick_power"": 0.0, ""kick_dir"": null}, {""move_vx"": -3.5355339059327373, ""move_vy"": 3.5355339059327373, ""kick_power"": 0.0, ""kick_dir"": null}, {""move_vx"": -0.0, ""move_vy"": 5.8, ""kick_power"": 0.0, ""kick_dir"": null}, {""move_vx"": -5.927880922672627, ""move_vy"": 0.37924631390948527, ""kick_power"": 0.0, ""kick_dir"": null}, {""move_vx"": -0.0, ""move_vy"": 0.0, ""kick_power"": 0.6, ""kick_dir"": [-0.9977440729450092, -0.06713218387267621]}, {""move_vx"": -4.741436949272978, ""move_vy"": -2.8069334969088504, ""kick_power"": 0.0, ""kick_dir"": null}, {""move_vx"": -4.282019944347217, ""move_vy"": 3.290031184686956, ""kick_power"": 0.0, ""kick_dir"": null}, {""move_vx"": -4.242640687119285, ""move_vy"": -4.242640687119285, ""kick_power"": 0.0, ""kick_dir"": null}, {""move_vx"": -4.242640687119285, ""move_vy"": 4.242640687119285, ""kick_power"": 0.0, ""kick_dir"": null}, {""move_vx"": -4.525483399593904, ""move_vy"": 4.525483399593904, ""kick_power"": 0.0, ""kick_dir"": null}, {""move_vx"": -6.29426219037517, ""move_vy"": -0.2688186727397833, ""kick_power"": 0.0, ""kick_dir"": null}, {""move_vx"": -0.0, ""move_vy"": -6.4, ""kick_power"": 0.0, ""kick_dir"": null}]"
85,88,default,default,0,30.832596653425917,33.37862816467662,6,A,,0.583112588097013,0.21748599488450543,0.02256749444654052,"[{""move_vx"": 5.0, ""move_vy"": 0.0, ""kick_power"": 0.0, ""kick_dir"": null}, {""move_vx"": 3.6317577275410624, ""move_vy"": 4.143722457941141, ""kick_power"": 0.0, ""kick_dir"": null}, {""move_vx"": 5.215786315197564, ""move_vy"": 1.3984180756118052, ""kick_power"": 0.0, ""kick_dir"": null}, {""move_vx"": -4.023403179713864, ""move_vy"": 2.2091461820052483, ""kick_power"": 0.0, ""kick_dir"": null}, {""move_vx"": -4.692215369746958, ""move_vy"": -5.140497536611647, ""kick_power"": 0.0, ""kick_dir"": null}, {""move_vx"": 0.0, ""move_vy"": 0.0, ""kick_power"": 0.7, ""kick_dir"": [0.9861020207574647, 0.1661408366184485]}, {""move_vx"": 4.242640687119285, ""move_vy"": 4.242640687119285, ""kick_power"": 0.0, ""kick_dir"": null}, {""move_vx"": 0.0, ""move_vy"": 0.0, ""kick_power"": 0.65, ""kick_dir"": [0.6966055824731727, 0.7174538747024232]}, {""move_vx"": 0.0, ""move_vy"": 0.0, ""kick_power"": 0.65, ""kick_dir"": [0.31388755145004765, -0.9494597469797105]}, {""move_vx"": 0.0, ""move_vy"": 0.0, ""kick_power"": 0.65, ""kick_dir"": [-0.9498545455158608, 0.31269169748211334]}, {""move_vx"": 4.242640687119285, ""move_vy"": -4.242640687119285, ""kick_power"": 0.0, ""kick_dir"": null}, {""move_vx"": -4.498736891081644, ""move_vy"": 0.10661324880644489, ""kick_power"": 0.0, ""kick_dir"": null}, {""move_vx"": -6.935288578740017, ""move_vy"": 0.5859798030634507, ""kick_power"": 0.0, ""kick_dir"": null}, {""move_vx"": -5.929023130999866, ""move_vy"": 0.36094973620791126, ""kick_power"": 0.0, ""kick_dir"": null}, {""move_vx"": -0.0, ""move_vy"": 0.0, ""kick_power"": 0.6, ""kick_dir"": [-0.9977436909309062, -0.06713786246694885]}, {""move_vx"": -4.624432468781933, ""move_vy"": -2.995784428438642, ""kick_power"": 0.0, ""kick_dir"": null}, {""move_vx"": -0.0, ""move_vy"": 0.0, ""kick_power"": 0.0, ""kick_dir"": null}, {""move_vx"": -0.0, ""move_vy"": -6.0, ""kick_power"": 0.0, ""kick_dir"": null}, {""move_vx"": -4.242640687119285, ""move_vy"": 4.242640687119285, ""kick_power"": 0.0, ""kick_dir"": null}, {""move_vx"": -4.525483399593904, ""move_vy"": 4.525483399593904, ""kick_power"": 0.0, ""kick_dir"": null}, {""move_vx"": -5.379649103350553, ""move_vy"": 0.4683754101354992, ""kick_power"": 0.0, ""kick_dir"": null}, {""move_vx"": -0.0, ""move_vy"": -6.4, ""kick_power"": 0.0, ""kick_dir"": null}]"
85,89,default,default,0,29.544526201457543,32.97323587526056,6,A,,0.6009627734045964,0.06856137535497184,-0.09554931022969866,"[{""move_vx"": 0.0, ""move_vy"": -5.0, ""kick_power"": 0.0, ""kick_dir"": null}, {""move_vx"": 3.4659664898641473, ""move_vy"": 4.283360397064295, ""kick_power"": 0.0, ""kick_dir"": null}, {""move_vx"": 5.2157863151975645, ""move_vy"": 1.3984180756118052, ""kick_power"": 0.0, ""kick_dir"": null}, {""move_vx"": 0.0, ""move_vy"": -5.4, ""kick_power"": 0.0, ""kick_dir"": null}, {""move_vx"": 0.0, ""move_vy"": 0.0, ""kick_power"": 0.6, ""kick_dir"": [0.9958241365166944, -0.09129214633531484]}, {""move_vx"": 0.0, ""move_vy"": 0.0, ""kick_power"": 0.7, ""kick_dir"": [0.9861020207574647, 0.1661408366184485]}, {""move_vx"": -4.242640687119285, ""move_vy"": -4.242640687119285, ""kick_power"": 0.0, ""kick_dir"": null}, {""move_vx"": 0.0, ""move_vy"": 0.0, ""kick_power"": 0.65, ""kick_dir"": [0.6432405866514732, 0.7656637037339769]}, {""move_vx"": 0.0, ""move_vy"": 0.0, ""kick_power"": 0.9, ""kick_dir"": [-0.8401819915259903, -0.5423041009466412]}, {""move_vx"": 0.0, ""move_vy"": 0.0, ""kick_power"": 0.65, ""kick_dir"": [-0.9498545455158608, 0.31269169748211334]}, {""move_vx"": 0.0, ""move_vy"": 6.0, ""kick_power"": 0.0, ""kick_dir"": null}, {""move_vx"": -4.498743343378487, ""move_vy"": 0.10634063385065726, ""kick_power"": 0.0, ""kick_dir"": null}, {""move_vx"": -0.0, ""move_vy"": 5.8, ""kick_power"": 0.0, ""kick_dir"": null}, {""move_vx"": -5.929023130999866, ""move_vy"": 0.3609497362079108, ""kick_power"": 0.0, ""kick_dir"": null}, {""move_vx"": -0.0, ""move_vy"": 0.0, ""kick_power"": 0.6, ""kick_dir"": [-0.997743046921493, -0.06714743366685673]}, {""move_vx"": -4.668070118670912, ""move_vy"": -2.9273232426863496, ""kick_power"": 0.0, ""kick_dir"": null}, {""move_vx"": 5.035265255201589, ""move_vy"": -0.8100023517000976, ""kick_power"": 0.0, ""kick_dir"": null}, {""move_vx"": -0.0, ""move_vy"": -6.0, ""kick_power"": 0.0, ""kick_dir"": null}, {""move_vx"": -4.242640687119285, ""move_vy"": 4.242640687119285, ""kick_power"": 0.0, ""kick_dir"": null}, {""move_vx"": -4.525483399593904, ""move_vy"": 4.525483399593904, ""kick_power"": 0.0, ""kick_dir"": null}, {""move_vx"": -6.29986864528437, ""move_vy"": 0.04068233231871038, ""kick_power"": 0.0, ""kick_dir"": null}, {""move_vx"": -6.139432764877086, ""move_vy"": 1.8075854960564652, ""kick_power"": 0.0, ""kick_dir"": null}]"
85,90,default,default,0,29.122503099720205,33.139614371539984,6,A,,0.6122108539597166,0.13945664652701242,-0.02526300427537222,"[{""move_vx"": 0.0, ""move_vy"": 0.0, ""kick_power"": 0.0, ""kick_dir"": null}, {""move_vx"": 3.074757653644273, ""move_vy"": 4.572304164352582, ""kick_power"": 0.0, ""kick_dir"": null}, {""move_vx"": 5.2157863151975645, ""move_vy"": 1.3984180756118052, ""kick_power"": 0.0, ""kick_dir"": null}, {""move_vx"": -3.9378352077882184, ""move_vy"": 2.3582946966618725, ""kick_power"": 0.0, ""kick_dir"": null}, {""move_vx"": -4.901945924869544, ""move_vy"": -4.9409033738431765, ""kick_power"": 0.0, ""kick_dir"": null}, {""move_vx"": 0.0, ""move_vy"": 0.0, ""kick_power"": 0.0, ""kick_dir"": null}, {""move_vx"": -6.198894033804182, ""move_vy"": 1.1241497932512963, ""kick_power"": 0.0, ""kick_dir"": null}, {""move_vx"": 0.0, ""move_vy"": 0.0, ""kick_power"": 0.65, ""kick_dir"": [0.5712649685461633, 0.8207653213161594]}, {""move_vx"": 0.0, ""move_vy"": 0.0, ""kick_power"": 0.9, ""kick_dir"": [-0.8003902639884707, -0.5994789112103189]}, {""move_vx"": 0.0, ""move_vy"": -6.0, ""kick_power"": 0.0, ""kick_dir"": null}, {""move_vx"": 4.242640687119285, ""move_vy"": 4.242640687119285, ""kick_power"": 0.0, ""kick_dir"": null}, {""move_vx"": -3.5355339059327373, ""move_vy"": 3.5355339059327373, ""kick_power"": 0.0, ""kick_dir"": null}, {""move_vx"": -0.0, ""move_vy"": 5.8, ""kick_power"": 0.0, ""kick_dir"": null}, {""move_vx"": -5.929977562222863, ""move_vy"": 0.34491464383729203, ""kick_power"": 0.0, ""kick_dir"": null}, {""move_vx"": -0.0, ""move_vy"": 0.0, ""kick_power"": 0.6, ""kick_dir"": [-0.9977413430733059, -0.06717274751130549]}, {""move_vx"": -4.684867589182783, ""move_vy"": -2.900364748066128, ""kick_power"": 0.0, ""kick_dir"": null}, {""move_vx"": -0.0, ""move_vy"": 0.0, ""kick_power"": 0.9, ""kick_dir"": [0.26298666637297574, 0.9647991634743041]}, {""move_vx"": -4.242640687119285, ""move_vy"": -4.242640687119285, ""kick_power"": 0.0, ""kick_dir"": null}, {""move_vx"": -4.242640687119285, ""move_vy"": 4.242640687119285, ""kick_power"": 0.0, ""kick_dir"": null}, {""move_vx"": -4.525483399593904, ""move_vy"": 4.525483399593904, ""kick_power"": 0.0, ""kick_dir"": null}, {""move_vx"": -6.280304531382029, ""move_vy"": -0.4977700202928701, ""kick_power"": 0.0, ""kick_dir"": null}, {""move_vx"": -0.0, ""move_vy"": 0.0, ""kick_power"": 0.65, ""kick_dir"": [0.9911935157574838, 0.13242039770440023]}]"
85,91,default,default,0,28.712462710218624,33.23053675039905,6,A,,0.6231353345577367,0.13618268915711507,-0.031842716809303145,"[{""move_vx"": 0.0, ""move_vy"": 0.0, ""kick_power"": 0.0, ""kick_dir"": null}, {""move_vx"": -3.6610984348188857, ""move_vy"": -3.3017053548986914, ""kick_power"": 0.0, ""kick_dir"": null}, {""move_vx"": 5.215786315197563, ""move_vy"": 1.3984180756118048, ""kick_power"": 0.0, ""kick_dir"": null}, {""move_vx"": 0.0, ""move_vy"": -5.4, ""kick_power"": 0.0, ""kick_dir"": null}, {""move_vx"": -5.004684786806017, ""move_vy"": -4.836809918191163, ""kick_power"": 0.0, ""kick_dir"": null}, {""move_vx"": 0.0, ""move_vy"": 0.0, ""kick_power"": 0.0, ""kick_dir"": null}, {""move_vx"": -6.150605842523732, ""move_vy"": 1.363835682885934, ""kick_power"": 0.0, ""kick_dir"": null}, {""move_vx"": 0.0, ""move_vy"": 0.0, ""kick_power"": 0.65, ""kick_dir"": [0.520833194313994, 0.8536580653209821]}, {""move_vx"": 4.313351365237939, ""move_vy"": 4.313351365237939, ""kick_power"": 0.0, ""kick_dir"": null}, {""move_vx"": -4.957948450417513, ""move_vy"": -2.81224948448792, ""kick_power"": 0.0, ""kick_dir"": null}, {""move_vx"": 4.242640687119285, ""move_vy"": 4.242640687119285, ""kick_power"": 0.0, ""kick_dir"": null}, {""move_vx"": -3.5355339059327373, ""move_vy"": 3.5355339059327373, ""kick_power"": 0.0, ""kick_dir"": null}, {""move_vx"": -0.0, ""move_vy"": 5.8, ""kick_power"": 0.0, ""kick_dir"": null}, {""move_vx"": -5.930928344564919, ""move_vy"": 0.3281599787244725, ""kick_power"": 0.0, ""kick_dir"": null}, {""move_vx"": -0.0, ""move_vy"": 0.0, ""kick_power"": 0.6, ""kick_dir"": [-0.9977401892845352, -0.06718988412461932]}, {""move_vx"": -0.0, ""move_vy"": 0.0, ""kick_power"": 0.0, ""kick_dir"": null}, {""move_vx"": -0.0, ""move_vy"": 0.0, ""kick_power"": 0.9, ""kick_dir"": [0.14504267380560626, 0.989425092749476]}, {""move_vx"": -0.0, ""move_vy"": 0.0, ""kick_power"": 0.65, ""kick_dir"": [0.9051665495081879, 0.42505691899857945]}, {""move_vx"": -4.242640687119285, ""move_vy"": 4.242640687119285, ""kick_power"": 0.0, ""kick_dir"": null}, {""move_vx"": -4.525483399593904, ""move_vy"": 4.525483399593904, ""kick_power"": 0.0, ""kick_dir"": null}, {""move_vx"": -6.295483690025003, ""move_vy"": -0.2385059928579909, ""kick_power"": 0.0, ""kick_dir"": null}, {""move_vx"": -0.0, ""move_vy"": -6.4, ""kick_power"": 0.0, ""kick_dir"": null}]"
85,92,default,default,0,28.302422320717042,33.32145912925811,6,A,,0.6338938559388844,0.13962685373421632,-0.025879026166246766,"[{""move_vx"": 0.0, ""move_vy"": 0.0, ""kick_power"": 0.0, ""kick_dir"": null}, {""move_vx"": -3.6610984348188857, ""move_vy"": -3.301705354898693, ""kick_power"": 0.0, ""kick_dir"": null}, {""move_vx"": 5.2157863151975645, ""move_vy"": 1.3984180756118048, ""kick_power"": 0.0, ""kick_dir"": null}, {""move_vx"": 0.0, ""move_vy"": -5.4, ""kick_power"": 0.0, ""kick_dir"": null}, {""move_vx"": -5.8, ""move_vy"": 0.0, ""kick_power"": 0.0, ""kick_dir"": null}, {""move_vx"": 0.0, ""move_vy"": 0.0, ""kick_power"": 0.0, ""kick_dir"": null}, {""move_vx"": -6.150605842523732, ""move_vy"": 1.363835682885934, ""kick_power"": 0.0, ""kick_dir"": null}, {""move_vx"": 0.0, ""move_vy"": 0.0, ""kick_power"": 0.65, ""kick_dir"": [0.42908727708707256, 0.9032626291747684]}, {""move_vx"": 0.0, ""move_vy"": 0.0, ""kick_power"": 1.0, ""kick_dir"": [0.9963811402686666, -0.08499761926671318]}, {""move_vx"": -4.994736888752211, ""move_vy"": -2.746380056026091, ""kick_power"": 0.0, ""kick_dir"": null}, {""move_vx"": 0.0, ""move_vy"": 0.0, ""kick_power"": 1.0, ""kick_dir"": [0.9645301620716529, -0.26397259322999145]}, {""move_vx"": -3.5355339059327373, ""move_vy"": 3.5355339059327373, ""kick_power"": 0.0, ""kick_dir"": null}, {""move_vx"": -0.0, ""move_vy"": 5.8, ""kick_power"": 0.0, ""kick_dir"": null}, {""move_vx"": -5.93177938418512, ""move_vy"": 0.31239932355307914, ""kick_power"": 0.0, ""kick_dir"": null}, {""move_vx"": -0.0, ""move_vy"": 0.0, ""kick_power"": 0.6, ""kick_dir"": [-0.9977386926367884, -0.06721210614548494]}, {""move_vx"": -4.734255952229243, ""move_vy"": -2.8190283040051187, ""kick_power"": 0.0, ""kick_dir"": null}, {""move_vx"": -0.0, ""move_vy"": 0.0, ""kick_power"": 0.9, ""kick_dir"": [0.017594043574346838, 0.9998449037655048]}, {""move_vx"": -0.0, ""move_vy"": 0.0, ""kick_power"": 0.65, ""kick_dir"": [0.8960002681143518, 0.4440533587567818]}, {""move_vx"": -4.242640687119285, ""move_vy"": 4.242640687119285, ""kick_power"": 0.0, ""kick_dir"": null}, {""move_vx"": -4.525483399593904, ""move_vy"": 4.525483399593904, ""kick_power"": 0.0, ""kick_dir"": null}, {""move_vx"": -6.299213826716866, ""move_vy"": -0.09952469693031421, ""kick_power"": 0.0, ""kick_dir"": null}, {""move_vx"": -0.0, ""move_vy"": -6.4, ""kick_power"": 0.0, ""kick_dir"": null}]"
85,93,default,default,0,27.89238193121546,33.41238150811717,6,A,,0.644480985046033,0.12815577841250061,-0.02874345766214613,"[{""move_vx"": 0.0, ""move_vy"": 0.0, ""kick_power"": 0.0, ""kick_dir"": null}, {""move_vx"": -3.6610984348188844, ""move_vy"": -3.3017053548986937, ""kick_power"": 0.0, ""kick_dir"": null}, {""move_vx"": 5.215786315197564, ""move_vy"": 1.3984180756118043, ""kick_power"": 0.0, ""kick_dir"": null}, {""move_vx"": 0.0, ""move_vy"": -5.4, ""kick_power"": 0.0, ""kick_dir"": null}, {""move_vx"": -5.0720559492827135, ""move_vy"": -4.766114607030116, ""kick_power"": 0.0, ""kick_dir"": null}, {""move_vx"": 0.0, ""move_vy"": 0.0, ""kick_power"": 0.0, ""kick_dir"": null}, {""move_vx"": -6.150605842523732, ""move_vy"": 1.363835682885934, ""kick_power"": 0.0, ""kick_dir"": null}, {""move_vx"": 0.0, ""move_vy"": 0.0, ""kick_power"": 0.65, ""kick_dir"": [0.3034772051887003, 0.9528382939464609]}, {""move_vx"": 0.0, ""move_vy"": 0.0, ""kick_power"": 1.0, ""kick_dir"": [0.9963811402686666, -0.08499761926671318]}, {""move_vx"": 5.514939563950531, ""move_vy"": 2.3633538892796238, ""kick_power"": 0.0, ""kick_dir"": null}, {""move_vx"": 4.242640687119285, ""move_vy"": -4.242640687119285, ""kick_power"": 0.0, ""kick_dir"": null}, {""move_vx"": -3.5355339059327373, ""move_vy"": 3.5355339059327373, ""kick_power"": 0.0, ""kick_dir"": null}, {""move_vx"": -0.0, ""move_vy"": 5.8, ""kick_power"": 0.0, ""kick_dir"": null}, {""move_vx"": -5.932517319917616, ""move_vy"": 0.29805745902011976, ""kick_power"": 0.0, ""kick_dir"": null}, {""move_vx"": -0.0, ""move_vy"": 0.0, ""kick_power"": 0.6, ""kick_dir"": [-0.9977368725508658, -0.06723912033153318]}, {""move_vx"": -4.752962155672796, ""move_vy"": -2.7873734494577884, ""kick_power"": 0.0, ""kick_dir"": null}, {""move_vx"": -0.0, ""move_vy"": 0.0, ""kick_power"": 0.9, ""kick_dir"": [-0.11172325127809203, 0.9937390500483605]}, {""move_vx"": -4.242640687119285, ""move_vy"": -4.242640687119285, ""kick_power"": 0.0, ""kick_dir"": null}, {""move_vx"": -4.242640687119285, ""move_vy"": 4.242640687119285, ""kick_power"": 0.0, ""kick_dir"": null}, {""move_vx"": -4.525483399593904, ""move_vy"": 4.525483399593904, ""kick_power"": 0.0, ""kick_dir"": null}, {""move_vx"": -5.366852738792303, ""move_vy"": 0.5974041179282057, ""kick_power"": 0.0, ""kick_dir"": null}, {""move_vx"": 2.5960548804596795, ""move_vy"": 4.78059609856778, ""kick_power"": 0.0, ""kick_dir"": null}]"
85,94,default,default,0,27.48234154171388,33.503303886976234,6,A,,0.6548887168587892,0.13211156664036475,-0.02314393770117189,"[{""move_vx"": 0.0, ""move_vy"": 0.0, ""kick_power"": 0.0, ""kick_dir"": null}, {""move_vx"": -3.6610984348188844, ""move_vy"": -3.3017053548986937, ""kick_power"": 0.0, ""kick_dir"": null}, {""move_vx"": 5.215786315197564, ""move_vy"": 1.398418075611804, ""kick_power"": 0.0, ""kick_dir"": null}, {""move_vx"": 0.0, ""move_vy"": -5.4, ""kick_power"": 0.0, ""kick_dir"": null}, {""move_vx"": -5.110514872003967, ""move_vy"": -4.724853198039732, ""kick_power"": 0.0, ""kick_dir"": null}, {""move_vx"": 0.0, ""move_vy"": 0.0, ""kick_power"": 0.0, ""kick_dir"": null}, {""move_vx"": -6.150605842523732, ""move_vy"": 1.363835682885934, ""kick_power"": 0.0, ""kick_dir"": null}, {""move_vx"": 0.0, ""move_vy"": 0.0, ""kick_power"": 0.65, ""kick_dir"": [0.17867954432751423, 0.983906918240935]}, {""move_vx"": 0.0, ""move_vy"": 0.0, ""kick_power"": 0.4, ""kick_dir"": [-0.7197974658387922, -0.6941838691880258]}, {""move_vx"": -5.067284117293464, ""move_vy"": -2.6101018513892127, ""kick_power"": 0.0, ""kick_dir"": null}, {""move_vx"": 4.242640687119285, ""move_vy"": -4.242640687119285, ""kick_power"": 0.0, ""kick_dir"": null}, {""move_vx"": -3.5355339059327373, ""move_vy"": 3.5355339059327373, ""kick_power"": 0.0, ""kick_dir"": null}, {""move_vx"": -0.0, ""move_vy"": 5.8, ""kick_power"": 0.0, ""kick_dir"": null}, {""move_vx"": -5.933124668741896, ""move_vy"": 0.28571255689307185, ""kick_power"": 0.0, ""kick_dir"": null}, {""move_vx"": -0.0, ""move_vy"": 0.0, ""kick_power"": 0.6, ""kick_dir"": [-0.997734727496772, -0.06727094357569582]}, {""move_vx"": -5.667590801269532, ""move_vy"": -1.2322396314698634, ""kick_power"": 0.0, ""kick_dir"": null}, {""move_vx"": -6.0, ""move_vy"": 0.0, ""kick_power"": 0.0, ""kick_dir"": null}, {""move_vx"": -0.0, ""move_vy"": 0.0, ""kick_power"": 0.65, ""kick_dir"": [0.8709002729238626, 0.4914596448151937]}, {""move_vx"": -4.242640687119285, ""move_vy"": 4.242640687119285, ""kick_power"": 0.0, ""kick_dir"": null}, {""move_vx"": -4.525483399593904, ""move_vy"": 4.525483399593904, ""kick_power"": 0.0, ""kick_dir"": null}, {""move_vx"": -5.3661387592518635, ""move_vy"": 0.6037837497439589, ""kick_power"": 0.0, ""kick_dir"": null}, {""move_vx"": -0.0, ""move_vy"": -6.4, ""kick_power"": 0.0, ""kick_dir"": null}]"
85,95,default,default,0,27.072301152212297,33.594226265835296,6,A,,0.6654715044926157,0.12202675292008915,-0.02946326507105619,"[{""move_vx"": 0.0, ""move_vy"": -5.0, ""kick_power"": 0.0, ""kick_dir"": null}, {""move_vx"": -3.661098434818885, ""move_vy"": -3.3017053548986937, ""kick_power"": 0.0, ""kick_dir"": null}, {""move_vx"": 5.2157863151975645, ""move_vy"": 1.398418075611804, ""kick_power"": 0.0, ""kick_dir"": null}, {""move_vx"": 0.0, ""move_vy"": -5.4, ""kick_power"": 0.0, ""kick_dir"": null}, {""move_vx"": -5.148118344355744, ""move_vy"": -4.6838528491518465, ""kick_power"": 0.0, ""kick_dir"": null}, {""move_vx"": 0.0, ""move_vy"": 0.0, ""kick_power"": 0.0, ""kick_dir"": null}, {""move_vx"": -6.150605842523732, ""move_vy"": 1.363835682885934, ""kick_power"": 0.0, ""kick_dir"": null}, {""move_vx"": 0.0, ""move_vy"": 0.0, ""kick_power"": 0.65, ""kick_dir"": [0.04362643385579038, 0.9990475090470148]}, {""move_vx"": 0.0, ""move_vy"": 0.0, ""kick_power"": 1.0, ""kick_dir"": [0.9963811402686666, -0.08499761926671318]}, {""move_vx"": 5.513440443049112, ""move_vy"": 2.3668490617169513, ""kick_power"": 0.0, ""kick_dir"": null}, {""move_vx"": 4.242640687119285, ""move_vy"": -4.242640687119285, ""kick_power"": 0.0, ""kick_dir"": null}, {""move_vx"": -3.5355339059327373, ""move_vy"": 3.5355339059327373, ""kick_power"": 0.0, ""kick_dir"": null}, {""move_vx"": -0.0, ""move_vy"": 5.8, ""kick_power"": 0.0, ""kick_dir"": null}, {""move_vx"": -5.933553044778136, ""move_vy"": 0.27667357084500943, ""kick_power"": 0.0, ""kick_dir"": null}, {""move_vx"": -0.0, ""move_vy"": 0.0, ""kick_power"": 0.6, ""kick_dir"": [-0.9977322557115625, -0.06730759515878697]}, {""move_vx"": -0.0, ""move_vy"": 0.0, ""kick_power"": 0.0, ""kick_dir"": null}, {""move_vx"": -5.369704747767124, ""move_vy"": 3.2948855703661724, ""kick_power"": 0.0, ""kick_dir"": null}, {""move_vx"": -0.0, ""move_vy"": 0.0, ""kick_power"": 0.65, ""kick_dir"": [0.8707767536934812, 0.49167846359885975]}, {""move_vx"": -4.242640687119285, ""move_vy"": 4.242640687119285, ""kick_power"": 0.0, ""kick_dir"": null}, {""move_vx"": -4.525483399593904, ""move_vy"": 4.525483399593904, ""kick_power"": 0.0, ""kick_dir"": null}, {""move_vx"": -5.365419422689701, ""move_vy"": 0.6101429493357432, ""kick_power"": 0.0, ""kick_dir"": null}, {""move_vx"": -0.0, ""move_vy"": -6.4, ""kick_power"": 0.0, ""kick_dir"": null}]"
85,96,default,default,0,26.662260762710716,33.68514864469436,6,A,,0.6751048045863999,0.12439204279259125,-0.028512175416792136,"[{""move_vx"": 0.0, ""move_vy"": 0.0, ""kick_power"": 0.0, ""kick_dir"": null}, {""move_vx"": -3.661098434818885, ""move_vy"": -3.301705354898693, ""kick_power"": 0.0, ""kick_dir"": null}, {""move_vx"": 5.2157863151975645, ""move_vy"": 1.3984180756118039, ""kick_power"": 0.0, ""kick_dir"": null}, {""move_vx"": 3.8183766184073566, ""move_vy"": -3.8183766184073566, ""kick_power"": 0.0, ""kick_dir"": null}, {""move_vx"": -5.1848989378457535, ""move_vy"": -4.643104888361446, ""kick_power"": 0.0, ""kick_dir"": null}, {""move_vx"": 0.0, ""move_vy"": 0.0, ""kick_power"": 0.0, ""kick_dir"": null}, {""move_vx"": -6.150605842523732, ""move_vy"": 1.363835682885934, ""kick_power"": 0.0, ""kick_dir"": null}, {""move_vx"": 0.0, ""move_vy"": 0.0, ""kick_power"": 0.65, ""kick_dir"": [-0.09485133626880386, 0.9954910436321043]}, {""move_vx"": 0.0, ""move_vy"": 0.0, ""kick_power"": 1.0, ""kick_dir"": [0.9963811402686666, -0.08499761926671318]}, {""move_vx"": -4.242640687119285, ""move_vy"": -4.242640687119285, ""kick_power"": 0.0, ""kick_dir"": null}, {""move_vx"": 4.242640687119285, ""move_vy"": -4.242640687119285, ""kick_power"": 0.0, ""kick_dir"": null}, {""move_vx"": -3.5355339059327373, ""move_vy"": 3.5355339059327373, ""kick_power"": 0.0, ""kick_dir"": null}, {""move_vx"": -0.0, ""move_vy"": 5.8, ""kick_power"": 0.0, ""kick_dir"": null}, {""move_vx"": -5.934079613730581, ""move_vy"": 0.265139845943865, ""kick_power"": 0.0, ""kick_dir"": null}, {""move_vx"": 3.8183766184073566, ""move_vy"": -3.8183766184073566, ""kick_power"": 0.0, ""kick_dir"": null}, {""move_vx"": -0.0, ""move_vy"": 0.0, ""kick_power"": 0.0, ""kick_dir"": null}, {""move_vx"": -5.437516419374564, ""move_vy"": 3.1817314765756137, ""kick_power"": 0.0, ""kick_dir"": null}, {""move_vx"": -0.0, ""move_vy"": 0.0, ""kick_power"": 0.65, ""kick_dir"": [0.8650771917120746, 0.5016386325321979]}, {""move_vx"": -4.242640687119285, ""move_vy"": 4.242640687119285, ""kick_power"": 0.0, ""kick_dir"": null}, {""move_vx"": -4.525483399593904, ""move_vy"": 4.525483399593904, ""kick_power"": 0.0, ""kick_dir"": null}, {""move_vx"": -5.364694813083932, ""move_vy"": 0.6164815994580559, ""kick_power"": 0.0, ""kick_dir"": null}, {""move_vx"": -0.0, ""move_vy"": -6.4, ""kick_power"": 0.0, ""kick_dir"": null}]"
85,97,default,default,0,28.16966715916929,33.370354119409356,6,A,,0.6705908895902449,0.3026303612873583,0.10550607092257012,"[{""move_vx"": 0.0, ""move_vy"": 0.0, ""kick_power"": 0.0, ""kick_dir"": null}, {""move_vx"": -3.661098434818885, ""move_vy"": -3.3017053548986928, ""kick_power"": 0.0, ""kick_dir"": null}, {""move_vx"": 5.215786315197564, ""move_vy"": 1.3984180756118034, ""kick_power"": 0.0, ""kick_dir"": null}, {""move_vx"": 0.0, ""move_vy"": -5.4, ""kick_power"": 0.0, ""kick_dir"": null}, {""move_vx"": -5.2208876752385205, ""move_vy"": -4.602600556483534, ""kick_power"": 0.0, ""kick_dir"": null}, {""move_vx"": -6.1, ""move_vy"": 0.0, ""kick_power"": 0.0, ""kick_dir"": null}, {""move_vx"": 5.000356913220424, ""move_vy"": -1.0032102174562958, ""kick_power"": 0.0, ""kick_dir"": null}, {""move_vx"": 0.0, ""move_vy"": 0.0, ""kick_power"": 0.0, ""kick_dir"": null}, {""move_vx"": 0.0, ""move_vy"": 0.0, ""kick_power"": 1.0, ""kick_dir"": [0.9963811402686666, -0.08499761926671318]}, {""move_vx"": -4.242640687119285, ""move_vy"": -4.242640687119285, ""kick_power"": 0.0, ""kick_dir"": null}, {""move_vx"": 4.242640687119285, ""move_vy"": -4.242640687119285, ""kick_power"": 0.0, ""kick_dir"": null}, {""move_vx"": -3.5355339059327373, ""move_vy"": 3.5355339059327373, ""kick_power"": 0.0, ""kick_dir"": null}, {""move_vx"": -0.0, ""move_vy"": 5.8, ""kick_power"": 0.0, ""kick_dir"": null}, {""move_vx"": -0.0, ""move_vy"": 0.0, ""kick_power"": 0.9, ""kick_dir"": [-0.8094295148284493, -0.5872169972646362]}, {""move_vx"": -0.0, ""move_vy"": 0.0, ""kick_power"": 0.6, ""kick_dir"": [-0.9980230234099684, -0.0628491167658091]}, {""move_vx"": -0.0, ""move_vy"": 0.0, ""kick_power"": 0.0, ""kick_dir"": null}, {""move_vx"": -5.499201540061908, ""move_vy"": 3.0738871842962525, ""kick_power"": 0.0, ""kick_dir"": null}, {""move_vx"": -0.0, ""move_vy"": 0.0, ""kick_power"": 0.0, ""kick_dir"": null}, {""move_vx"": -4.242640687119285, ""move_vy"": 4.242640687119285, ""kick_power"": 0.0, ""kick_dir"": null}, {""move_vx"": -4.525483399593904, ""move_vy"": 4.525483399593904, ""kick_power"": 0.0, ""kick_dir"": null}, {""move_vx"": -5.363965014870228, ""move_vy"": 0.6227995819268356, ""kick_power"": 0.0, ""kick_dir"": null}, {""move_vx"": -6.617716589075399, ""move_vy"": -1.1680013470353026, ""kick_power"": 0.0, ""kick_dir"": null}]"
85,98,default,default,0,28.28849665644755,34.19548563206135,6,A,,0.6779601925802154,0.2126644247800706,0.0253965096291302,"[{""move_vx"": 5.0, ""move_vy"": 0.0, ""kick_power"": 0.0, ""kick_dir"": null}, {""move_vx"": 2.719735777581467, ""move_vy"": 4.791986780046804, ""kick_power"": 0.0, ""kick_dir"": null}, {""move_vx"": 5.2157863151975645, ""move_vy"": 1.3984180756118034, ""kick_power"": 0.0, ""kick_dir"": null}, {""move_vx"": 0.0, ""move_vy"": -5.4, ""kick_power"": 0.0, ""kick_dir"": null}, {""move_vx"": -4.674855961500954, ""move_vy"": -5.156289532136358, ""kick_power"": 0.0, ""kick_dir"": null}, {""move_vx"": 0.0, ""move_vy"": 0.0, ""kick_power"": 0.0, ""kick_dir"": null}, {""move_vx"": 4.242640687119285, ""move_vy"": 4.242640687119285, ""kick_power"": 0.0, ""kick_dir"": null}, {""move_vx"": -4.242640687119285, ""move_vy"": -4.242640687119285, ""kick_power"": 0.0, ""kick_dir"": null}, {""move_vx"": -4.313351365237939, ""move_vy"": -4.313351365237939, ""kick_power"": 0.0, ""kick_dir"": null}, {""move_vx"": -4.242640687119285, ""move_vy"": -4.242640687119285, ""kick_power"": 0.0, ""kick_dir"": null}, {""move_vx"": 4.242640687119285, ""move_vy"": -4.242640687119285, ""kick_power"": 0.0, ""kick_dir"": null}, {""move_vx"": -3.5355339059327373, ""move_vy"": 3.5355339059327373, ""kick_power"": 0.0, ""kick_dir"": null}, {""move_vx"": -6.946352350978965, ""move_vy"": 0.43564781194103874, ""kick_power"": 0.0, ""kick_dir"": null}, {""move_vx"": -5.934407130405124, ""move_vy"": 0.25770527855833664, ""kick_power"": 0.0, ""kick_dir"": null}, {""move_vx"": -5.356922546345753, ""move_vy"": -0.6807208182893661, ""kick_power"": 0.0, ""kick_dir"": null}, {""move_vx"": -0.0, ""move_vy"": 0.0, ""kick_power"": 0.0, ""kick_dir"": null}, {""move_vx"": -5.168008779223424, ""move_vy"": 3.603010582536447, ""kick_power"": 0.0, ""kick_dir"": null}, {""move_vx"": -0.0, ""move_vy"": -6.0, ""kick_power"": 0.0, ""kick_dir"": null}, {""move_vx"": -7.052767718229587, ""move_vy"": -2.551169832194367, ""kick_power"": 0.0, ""kick_dir"": null}, {""move_vx"": -4.525483399593904, ""move_vy"": 4.525483399593904, ""kick_power"": 0.0, ""kick_dir"": null}, {""move_vx"": -5.366414368864264, ""move_vy"": 0.6013292123680377, ""kick_power"": 0.0, ""kick_dir"": null}, {""move_vx"": 6.4, ""move_vy"": 0.0, ""kick_power"": 0.0, ""kick_dir"": null}]"
85,99,default,default,0,27.157125806549075,33.064114782162875,6,A,,0.6940796705332318,0.033578423852332034,-0.09450279935471885,"[{""move_vx"": 0.0, ""move_vy"": -5.0, ""kick_power"": 0.0, ""kick_dir"": null}, {""move_vx"": 2.594233798742425, ""move_vy"": 4.861075086589636, ""kick_power"": 0.0, ""kick_dir"": null}, {""move_vx"": 5.2157863151975645, ""move_vy"": 1.3984180756118032, ""kick_power"": 0.0, ""kick_dir"": null}, {""move_vx"": 0.0, ""move_vy"": -5.4, ""kick_power"": 0.0, ""kick_dir"": null}, {""move_vx"": -4.77329192603137, ""move_vy"": -5.065301983977238, ""kick_power"": 0.0, ""kick_dir"": null}, {""move_vx"": 0.0, ""move_vy"": 0.0, ""kick_power"": 0.0, ""kick_dir"": null}, {""move_vx"": -4.242640687119285, ""move_vy"": -4.242640687119285, ""kick_power"": 0.0, ""kick_dir"": null}, {""move_vx"": 0.0, ""move_vy"": 0.0, ""kick_power"": 0.65, ""kick_dir"": [-0.32863063039308715, 0.9444581635018064]}, {""move_vx"": 0.0, ""move_vy"": 0.0, ""kick_power"": 0.9, ""kick_dir"": [-0.5471629566494547, -0.8370259125552542]}, {""move_vx"": 5.486990685940735, ""move_vy"": 2.4275364492422407, ""kick_power"": 0.0, ""kick_dir"": null}, {""move_vx"": -6.0, ""move_vy"": 0.0, ""kick_power"": 0.0, ""kick_dir"": null}, {""move_vx"": -4.499997982832633, ""move_vy"": 0.00426081004467227, ""kick_power"": 0.0, ""kick_dir"": null}, {""move_vx"": -0.0, ""move_vy"": 5.8, ""kick_power"": 0.0, ""kick_dir"": null}, {""move_vx"": -5.934407130405125, ""move_vy"": 0.2577052785583367, ""kick_power"": 0.0, ""kick_dir"": null}, {""move_vx"": -6.324179006340163, ""move_vy"": -1.4125012905361767, ""kick_power"": 0.0, ""kick_dir"": null}, {""move_vx"": -0.0, ""move_vy"": 0.0, ""kick_power"": 0.0, ""kick_dir"": null}, {""move_vx"": -0.0, ""move_vy"": 0.0, ""kick_power"": 0.4, ""kick_dir"": [-0.9792305043293328, 0.20274998767106775]}, {""move_vx"": -0.0, ""move_vy"": -6.0, ""kick_power"": 0.0, ""kick_dir"": null}, {""move_vx"": -4.242640687119285, ""move_vy"": 4.242640687119285, ""kick_power"": 0.0, ""kick_dir"": null}, {""move_vx"": -4.525483399593904, ""move_vy"": 4.525483399593904, ""kick_power"": 0.0, ""kick_dir"": null}, {""move_vx"": -5.35004404463226, ""move_vy"": 0.73282243449207, ""kick_power"": 0.0, ""kick_dir"": null}, {""move_vx"": -0.0, ""move_vy"": -6.4, ""kick_power"": 0.0, ""kick_dir"": null}]"
85,100,default,default,0,26.860140958450728,32.76712993406453,6,A,,0.7042420632616266,0.13044535521785264,-0.014437706226940846,"[{""move_vx"": 5.0, ""move_vy"": 0.0, ""kick_power"": 0.0, ""kick_dir"": null}, {""move_vx"": 2.3605200817386356, ""move_vy"": 4.978759377968434, ""kick_power"": 0.0, ""kick_dir"": null}, {""move_vx"": 5.2157863151975645, ""move_vy"": 1.3984180756118032, ""kick_power"": 0.0, ""kick_dir"": null}, {""move_vx"": 0.0, ""move_vy"": -5.4, ""kick_power"": 0.0, ""kick_dir"": null}, {""move_vx"": -4.704277476878892, ""move_vy"": -5.129461318747805, ""kick_power"": 0.0, ""kick_dir"": null}, {""move_vx"": 0.0, ""move_vy"": 0.0, ""kick_power"": 0.0, ""kick_dir"": null}, {""move_vx"": -4.4547727214752495, ""move_vy"": -4.4547727214752495, ""kick_power"": 0.0, ""kick_dir"": null}, {""move_vx"": 0.0, ""move_vy"": 0.0, ""kick_power"": 0.0, ""kick_dir"": null}, {""move_vx"": 0.0, ""move_vy"": 0.0, ""kick_power"": 1.0, ""kick_dir"": [0.9967408878263753, -0.08066953949335466]}, {""move_vx"": -4.242640687119285, ""move_vy"": -4.242640687119285, ""kick_power"": 0.0, ""kick_dir"": null}, {""move_vx"": 0.0, ""move_vy"": 0.0, ""kick_power"": 1.0, ""kick_dir"": [0.9706736761582112, -0.2404008668468004]}, {""move_vx"": -3.5355339059327373, ""move_vy"": 3.5355339059327373, ""kick_power"": 0.0, ""kick_dir"": null}, {""move_vx"": -6.9457379177010035, ""move_vy"": 0.4453367025190436, ""kick_power"": 0.0, ""kick_dir"": null}, {""move_vx"": -5.934618484955113, ""move_vy"": 0.2527912934202708, ""kick_power"": 0.0, ""kick_dir"": null}, {""move_vx"": -6.285746080169725, ""move_vy"": -1.5747368718712753, ""kick_power"": 0.0, ""kick_dir"": null}, {""move_vx"": -0.0, ""move_vy"": 0.0, ""kick_power"": 0.0, ""kick_dir"": null}, {""move_vx"": -5.698141088544279, ""move_vy"": 2.6872268484524016, ""kick_power"": 0.0, ""kick_dir"": null}, {""move_vx"": -4.242640687119285, ""move_vy"": -4.242640687119285, ""kick_power"": 0.0, ""kick_dir"": null}, {""move_vx"": -4.242640687119285, ""move_vy"": 4.242640687119285, ""kick_power"": 0.0, ""kick_dir"": null}, {""move_vx"": -4.525483399593904, ""move_vy"": 4.525483399593904, ""kick_power"": 0.0, ""kick_dir"": null}, {""move_vx"": -5.373619053203988, ""move_vy"": 0.5331212536028626, ""kick_power"": 0.0, ""kick_dir"": null}, {""move_vx"": -0.0, ""move_vy"": -6.4, ""kick_power"": 0.0, ""kick_dir"": null}]"
85,101,default,default,0,26.56315611035238,32.47014508596618,6,A,,0.7142725380708146,0.1330824023752028,-0.019325609317435898,"[{""move_vx"": 5.0, ""move_vy"": 0.0, ""kick_power"": 0.0, ""kick_dir"": null}, {""move_vx"": 2.2825272273157795, ""move_vy"": 5.014994462266348, ""kick_power"": 0.0, ""kick_dir"": null}, {""move_vx"": 5.216094725259174, ""move_vy"": 1.3972672676061035, ""kick_power"": 0.0, ""kick_dir"": null}, {""move_vx"": 0.0, ""move_vy"": -5.4, ""kick_power"": 0.0, ""kick_dir"": null}, {""move_vx"": -4.624602015144222, ""move_vy"": -5.201409059238083, ""kick_power"": 0.0, ""kick_dir"": null}, {""move_vx"": 0.0, ""move_vy"": 0.0, ""kick_power"": 0.0, ""kick_dir"": null}, {""move_vx"": -4.4547727214752495, ""move_vy"": -4.4547727214752495, ""kick_power"": 0.0, ""kick_dir"": null}, {""move_vx"": 0.0, ""move_vy"": 0.0, ""kick_power"": 0.0, ""kick_dir"": null}, {""move_vx"": 0.0, ""move_vy"": 0.0, ""kick_power"": 1.0, ""kick_dir"": [0.9967408878263753, -0.08066953949335466]}, {""move_vx"": -4.242640687119285, ""move_vy"": -4.242640687119285, ""kick_power"": 0.0, ""kick_dir"": null}, {""move_vx"": -6.0, ""move_vy"": 0.0, ""kick_power"": 0.0, ""kick_dir"": null}, {""move_vx"": -3.5355339059327373, ""move_vy"": 3.5355339059327373, ""kick_power"": 0.0, ""kick_dir"": null}, {""move_vx"": -6.945737917701003, ""move_vy"": 0.4453367025190445, ""kick_power"": 0.0, ""kick_dir"": null}, {""move_vx"": -5.934618484955113, ""move_vy"": 0.25279129342027146, ""kick_power"": 0.0, ""kick_dir"": null}, {""move_vx"": -6.275391556100557, ""move_vy"": -1.6155063657014361, ""kick_power"": 0.0, ""kick_dir"": null}, {""move_vx"": -0.0, ""move_vy"": 0.0, ""kick_power"": 0.0, ""kick_dir"": null}, {""move_vx"": -5.060555038308879, ""move_vy"": 1.8843520648346552, ""kick_power"": 0.0, ""kick_dir"": null}, {""move_vx"": -4.242640687119285, ""move_vy"": -4.242640687119285, ""kick_power"": 0.0, ""kick_dir"": null}, {""move_vx"": -4.242640687119285, ""move_vy"": 4.242640687119285, ""kick_power"": 0.0, ""kick_dir"": null}, {""move_vx"": -4.525483399593904, ""move_vy"": 4.525483399593904, ""kick_power"": 0.0, ""kick_dir"": null}, {""move_vx"": -5.3784978157531524, ""move_vy"": 0.4814158762842885, ""kick_power"": 0.0, ""kick_dir"": null}, {""move_vx"": -0.0, ""move_vy"": -6.4, ""kick_power"": 0.0, ""kick_dir"": null}]"
85,102,default,default,0,26.266171262254034,32.17316023786783,6,A,,0.7233063804353151,0.12755524813897734,-0.027916095712381205,"[{""move_vx"": 0.0, ""move_vy"": 5.0, ""kick_power"": 0.0, ""kick_dir"": null}, {""move_vx"": 2.2647091967108275, ""move_vy"": 5.02306602129948, ""kick_power"": 0.0, ""kick_dir"": null}, {""move_vx"": 5.217968344154734, ""move_vy"": 1.3902540628960969, ""kick_power"": 0.0, ""kick_dir"": null}, {""move_vx"": 0.0, ""move_vy"": -5.4, ""kick_power"": 0.0, ""kick_dir"": null}, {""move_vx"": -4.547782968013521, ""move_vy"": -5.268706679617507, ""kick_power"": 0.0, ""kick_dir"": null}, {""move_vx"": 0.0, ""move_vy"": 0.0, ""kick_power"": 0.0, ""kick_dir"": null}, {""move_vx"": -4.4547727214752495, ""move_vy"": -4.4547727214752495, ""kick_power"": 0.0, ""kick_dir"": null}, {""move_vx"": 5.601581050941078, ""move_vy"": -2.1499510993829256, ""kick_power"": 0.0, ""kick_dir"": null}, {""move_vx"": 0.0, ""move_vy"": 0.0, ""kick_power"": 1.0, ""kick_dir"": [0.9967408878263753, -0.08066953949335466]}, {""move_vx"": -4.242640687119285, ""move_vy"": -4.242640687119285, ""kick_power"": 0.0, ""kick_dir"": null}, {""move_vx"": -6.0, ""move_vy"": 0.0, ""kick_power"": 0.0, ""kick_dir"": null}, {""move_vx"": -3.5355339059327373, ""move_vy"": 3.5355339059327373, ""kick_power"": 0.0, ""kick_dir"": null}, {""move_vx"": -0.0, ""move_vy"": 0.0, ""kick_power"": 0.9, ""kick_dir"": [-0.7912157644061095, -0.6115370387291269]}, {""move_vx"": -5.934618484955114, ""move_vy"": 0.2527912934202722, ""kick_power"": 0.0, ""kick_dir"": null}, {""move_vx"": -6.264866944566657, ""move_vy"": -1.6558508890827262, ""kick_power"": 0.0, ""kick_dir"": null}, {""move_vx"": -0.0, ""move_vy"": 0.0, ""kick_power"": 0.0, ""kick_dir"": null}, {""move_vx"": -6.093468983507178, ""move_vy"": 1.5998861668993856, ""kick_power"": 0.0, ""kick_dir"": null}, {""move_vx"": -4.242640687119285, ""move_vy"": -4.242640687119285, ""kick_power"": 0.0, ""kick_dir"": null}, {""move_vx"": -4.242640687119285, ""move_vy"": 4.242640687119285, ""kick_power"": 0.0, ""kick_dir"": null}, {""move_vx"": -4.525483399593904, ""move_vy"": 4.525483399593904, ""kick_power"": 0.0, ""kick_dir"": null}, {""move_vx"": -5.382901554416452, ""move_vy"": 0.4293842748179771, ""kick_power"": 0.0, ""kick_dir"": null}, {""move_vx"": -0.0, ""move_vy"": -6.4, ""kick_power"": 0.0, ""kick_dir"": null}]"
85,103,default,default,0,25.969186414155686,31.876175389769486,6,A,,0.7330160599480365,0.1323979322899304,-0.03082129540961742,"[{""move_vx"": 5.0, ""move_vy"": 0.0, ""kick_power"": 0.0, ""kick_dir"": null}, {""move_vx"": 2.3255311761097057, ""move_vy"": 4.995198169136216, ""kick_power"": 0.0, ""kick_dir"": null}, {""move_vx"": 5.218758113345452, ""move_vy"": 1.3872864716384354, ""kick_power"": 0.0, ""kick_dir"": null}, {""move_vx"": 1.4859604942586349, ""move_vy"": -6.307322840120255, ""kick_power"": 0.0, ""kick_dir"": null}, {""move_vx"": -4.4738425720179755, ""move_vy"": -5.331635081361024, ""kick_power"": 0.0, ""kick_dir"": null}, {""move_vx"": 0.0, ""move_vy"": 0.0, ""kick_power"": 0.0, ""kick_dir"": null}, {""move_vx"": -4.4547727214752495, ""move_vy"": -4.4547727214752495, ""kick_power"": 0.0, ""kick_dir"": null}, {""move_vx"": -6.0, ""move_vy"": 0.0, ""kick_power"": 0.0, ""kick_dir"": null}, {""move_vx"": 0.0, ""move_vy"": 0.0, ""kick_power"": 1.0, ""kick_dir"": [0.9967408878263753, -0.08066953949335466]}, {""move_vx"": -4.242640687119285, ""move_vy"": -4.242640687119285, ""kick_power"": 0.0, ""kick_dir"": null}, {""move_vx"": -6.0, ""move_vy"": 0.0, ""kick_power"": 0.0, ""kick_dir"": null}, {""move_vx"": -3.5355339059327373, ""move_vy"": 3.5355339059327373, ""kick_power"": 0.0, ""kick_dir"": null}, {""move_vx"": -6.943268262958034, ""move_vy"": 0.4823129985805054, ""kick_power"": 0.0, ""kick_dir"": null}, {""move_vx"": -5.9349713430776685, ""move_vy"": 0.24436684891136753, ""kick_power"": 0.0, ""kick_dir"": null}, {""move_vx"": -0.0, ""move_vy"": 0.0, ""kick_power"": 0.0, ""kick_dir"": null}, {""move_vx"": -0.0, ""move_vy"": 0.0, ""kick_power"": 0.0, ""kick_dir"": null}, {""move_vx"": -6.225655622524394, ""move_vy"": 0.9649933003551955, ""kick_power"": 0.0, ""kick_dir"": null}, {""move_vx"": -4.242640687119285, ""move_vy"": -4.242640687119285, ""kick_power"": 0.0, ""kick_dir"": null}, {""move_vx"": -4.242640687119285, ""move_vy"": 4.242640687119285, ""kick_power"": 0.0, ""kick_dir"": null}, {""move_vx"": -4.525483399593904, ""move_vy"": 4.525483399593904, ""kick_power"": 0.0, ""kick_dir"": null}, {""move_vx"": -0.0, ""move_vy"": 0.0, ""kick_power"": 0.9, ""kick_dir"": [0.5354375037308203, -0.8445744054321359]}, {""move_vx"": -0.0, ""move_vy"": -6.4, ""kick_power"": 0.0, ""kick_dir"": null}]"
85,104,default,default,0,27.332878270871355,32.26764569190302,6,A,,0.730905895256322,0.32450116789912126,0.10830238504994515,"[{""move_vx"": 5.0, ""move_vy"": 0.0, ""kick_power"": 0.0, ""kick_dir"": null}, {""move_vx"": 2.405260946879437, ""move_vy"": 4.957299645716066, ""kick_power"": 0.0, ""kick_dir"": null}, {""move_vx"": 5.219154141714684, ""move_vy"": 1.3857958164976751, ""kick_power"": 0.0, ""kick_dir"": null}, {""move_vx"": 0.9649932528925845, ""move_vy"": -6.40774437863058, ""kick_power"": 0.0, ""kick_dir"": null}, {""move_vx"": -4.402777341408211, ""move_vy"": -5.390468595769986, ""kick_power"": 0.0, ""kick_dir"": null}, {""move_vx"": 0.0, ""move_vy"": 0.0, ""kick_power"": 0.0, ""kick_dir"": null}, {""move_vx"": 5.096895445552211, ""move_vy"": -0.17792362718065274, ""kick_power"": 0.0, ""kick_dir"": null}, {""move_vx"": 5.607275090224483, ""move_vy"": -2.135056454182891, ""kick_power"": 0.0, ""kick_dir"": null}, {""move_vx"": 0.0, ""move_vy"": 0.0, ""kick_power"": 1.0, ""kick_dir"": [0.9967408878263753, -0.08066953949335466]}, {""move_vx"": -4.242640687119285, ""move_vy"": -4.242640687119285, ""kick_power"": 0.0, ""kick_dir"": null}, {""move_vx"": -6.0, ""move_vy"": 0.0, ""kick_power"": 0.0, ""kick_dir"": null}, {""move_vx"": -3.5355339059327373, ""move_vy"": 3.5355339059327373, ""kick_power"": 0.0, ""kick_dir"": null}, {""move_vx"": -0.0, ""move_vy"": 5.8, ""kick_power"": 0.0, ""kick_dir"": null}, {""move_vx"": -5.934415401974667, ""move_vy"": 0.2575147312405047, ""kick_power"": 0.0, ""kick_dir"": null}, {""move_vx"": -6.245888411607719, ""move_vy"": -1.7260585012520289, ""kick_power"": 0.0, ""kick_dir"": null}, {""move_vx"": -0.0, ""move_vy"": 0.0, ""kick_power"": 0.0, ""kick_dir"": null}, {""move_vx"": -6.28463635159621, ""move_vy"": 0.4397111872530429, ""kick_power"": 0.0, ""kick_dir"": null}, {""move_vx"": -4.242640687119285, ""move_vy"": -4.242640687119285, ""kick_power"": 0.0, ""kick_dir"": null}, {""move_vx"": -4.242640687119285, ""move_vy"": 4.242640687119285, ""kick_power"": 0.0, ""kick_dir"": null}, {""move_vx"": -4.525483399593904, ""move_vy"": 4.525483399593904, ""kick_power"": 0.0, ""kick_dir"": null}, {""move_vx"": -0.0, ""move_vy"": 0.0, ""kick_power"": 0.9, ""kick_dir"": [0.5179089266400719, -0.8554352980179264]}, {""move_vx"": -0.0, ""move_vy"": -6.4, ""kick_power"": 0.0, ""kick_dir"": null}]"
85,105,default,default,0,27.304169437997107,33.060369629935074,6,A,,0.739516014937385,0.19375990266516782,0.004683815130283849,"[{""move_vx"": 5.0, ""move_vy"": 0.0, ""kick_power"": 0.0, ""kick_dir"": null}, {""move_vx"": 3.193949752408086, ""move_vy"": 4.48985355875805, ""kick_power"": 0.0, ""kick_dir"": null}, {""move_vx"": 5.219334817926796, ""move_vy"": 1.3851151787404024, ""kick_power"": 0.0, ""kick_dir"": null}, {""move_vx"": 0.0, ""move_vy"": -5.4, ""kick_power"": 0.0, ""kick_dir"": null}, {""move_vx"": -3.9649763818457036, ""move_vy"": -5.720189008363776, ""kick_power"": 0.0, ""kick_dir"": null}, {""move_vx"": 0.0, ""move_vy"": 0.0, ""kick_power"": 0.0, ""kick_dir"": null}, {""move_vx"": 4.242640687119285, ""move_vy"": 4.242640687119285, ""kick_power"": 0.0, ""kick_dir"": null}, {""move_vx"": -4.242640687119285, ""move_vy"": -4.242640687119285, ""kick_power"": 0.0, ""kick_dir"": null}, {""move_vx"": 0.0, ""move_vy"": 0.0, ""kick_power"": 1.0, ""kick_dir"": [0.9967408878263753, -0.08066953949335466]}, {""move_vx"": 5.447058401256085, ""move_vy"": 2.515860642663955, ""kick_power"": 0.0, ""kick_dir"": null}, {""move_vx"": -6.0, ""move_vy"": 0.0, ""kick_power"": 0.0, ""kick_dir"": null}, {""move_vx"": -4.4996906894552, ""move_vy"": -0.052760773593614654, ""kick_power"": 0.0, ""kick_dir"": null}, {""move_vx"": -0.0, ""move_vy"": 5.8, ""kick_power"": 0.0, ""kick_dir"": null}, {""move_vx"": -5.934188721407792, ""move_vy"": 0.26268654079829046, ""kick_power"": 0.0, ""kick_dir"": null}, {""move_vx"": -0.0, ""move_vy"": 0.0, ""kick_power"": 0.0, ""kick_dir"": null}, {""move_vx"": -0.0, ""move_vy"": 0.0, ""kick_power"": 0.0, ""kick_dir"": null}, {""move_vx"": -7.362785993867188, ""move_vy"": 1.4280694690781524, ""kick_power"": 0.0, ""kick_dir"": null}, {""move_vx"": -0.0, ""move_vy"": -6.0, ""kick_power"": 0.0, ""kick_dir"": null}, {""move_vx"": -4.242640687119285, ""move_vy"": 4.242640687119285, ""kick_power"": 0.0, ""kick_dir"": null}, {""move_vx"": -4.525483399593904, ""move_vy"": 4.525483399593904, ""kick_power"": 0.0, ""kick_dir"": null}, {""move_vx"": -0.0, ""move_vy"": 0.0, ""kick_power"": 0.9, ""kick_dir"": [0.4787093932487047, -0.8779729481607637]}, {""move_vx"": -0.0, ""move_vy"": -6.4, ""kick_power"": 0.0, ""kick_dir"": null}]"
85,106,default,default,0,27.47171100138663,33.010543076879536,6,A,,0.746323637826206,0.18775517449180276,0.006938387035842203,"[{""move_vx"": 5.0, ""move_vy"": 0.0, ""kick_power"": 0.0, ""kick_dir"": null}, {""move_vx"": -3.2593629272511015, ""move_vy"": -3.698844861367008, ""kick_power"": 0.0, ""kick_dir"": null}, {""move_vx"": 5.2192112552700305, ""move_vy"": 1.385580698791173, ""kick_power"": 0.0, ""kick_dir"": null}, {""move_vx"": 0.0, ""move_vy"": -5.4, ""kick_power"": 0.0, ""kick_dir"": null}, {""move_vx"": -4.083286406149746, ""move_vy"": -5.636343861525189, ""kick_power"": 0.0, ""kick_dir"": null}, {""move_vx"": 0.0, ""move_vy"": 0.0, ""kick_power"": 0.0, ""kick_dir"": null}, {""move_vx"": 5.086084684137817, ""move_vy"": -0.3764871654900387, ""kick_power"": 0.0, ""kick_dir"": null}, {""move_vx"": -6.0, ""move_vy"": 0.0, ""kick_power"": 0.0, ""kick_dir"": null}, {""move_vx"": -4.313351365237939, ""move_vy"": -4.313351365237939, ""kick_power"": 0.0, ""kick_dir"": null}, {""move_vx"": 0.0, ""move_vy"": 0.0, ""kick_power"": 0.0, ""kick_dir"": null}, {""move_vx"": -6.0, ""move_vy"": 0.0, ""kick_power"": 0.0, ""kick_dir"": null}, {""move_vx"": -3.5355339059327373, ""move_vy"": 3.5355339059327373, ""kick_power"": 0.0, ""kick_dir"": null}, {""move_vx"": -0.0, ""move_vy"": 5.8, ""kick_power"": 0.0, ""kick_dir"": null}, {""move_vx"": -5.934212466739278, ""move_vy"": 0.26214957485402485, ""kick_power"": 0.0, ""kick_dir"": null}, {""move_vx"": -6.288561033276315, ""move_vy"": -1.5634577483126098, ""kick_power"": 0.0, ""kick_dir"": null}, {""move_vx"": -0.0, ""move_vy"": 0.0, ""kick_power"": 0.0, ""kick_dir"": null}, {""move_vx"": -5.717664437855308, ""move_vy"": 2.6454325499027114, ""kick_power"": 0.0, ""kick_dir"": null}, {""move_vx"": -0.0, ""move_vy"": -6.0, ""kick_power"": 0.0, ""kick_dir"": null}, {""move_vx"": -4.242640687119285, ""move_vy"": 4.242640687119285, ""kick_power"": 0.0, ""kick_dir"": null}, {""move_vx"": -4.525483399593904, ""move_vy"": 4.525483399593904, ""kick_power"": 0.0, ""kick_dir"": null}, {""move_vx"": -0.0, ""move_vy"": 6.0, ""kick_power"": 0.0, ""kick_dir"": null}, {""move_vx"": -0.0, ""move_vy"": -6.4, ""kick_power"": 0.0, ""kick_dir"": null}]"
85,107,default,default,0,27.473832137403146,33.60163010349898,6,A,,0.7544911837903819,0.1811453809729561,-0.001277242894168144,"[{""move_vx"": 5.0, ""move_vy"": 0.0, ""kick_power"": 0.0, ""kick_dir"": null}, {""move_vx"": 3.0927522360545407, ""move_vy"": 4.560151708702204, ""kick_power"": 0.0, ""kick_dir"": null}, {""move_vx"": 5.218661474702695, ""move_vy"": 1.3876499603480354, ""kick_power"": 0.0, ""kick_dir"": null}, {""move_vx"": 0.0, ""move_vy"": 0.0, ""kick_power"": 0.0, ""kick_dir"": null}, {""move_vx"": -3.9027659494037357, ""move_vy"": -5.7628133705833955, ""kick_power"": 0.0, ""kick_dir"": null}, {""move_vx"": 0.0, ""move_vy"": 0.0, ""kick_power"": 0.0, ""kick_dir"": null}, {""move_vx"": 4.242640687119285, ""move_vy"": 4.242640687119285, ""kick_power"": 0.0, ""kick_dir"": null}, {""move_vx"": 0.0, ""move_vy"": 0.0, ""kick_power"": 0.0, ""kick_dir"": null}, {""move_vx"": 0.0, ""move_vy"": 0.0, ""kick_power"": 1.0, ""kick_dir"": [0.9969250935504468, -0.07836025793328413]}, {""move_vx"": 5.447058401256086, ""move_vy"": 2.515860642663955, ""kick_power"": 0.0, ""kick_dir"": null}, {""move_vx"": -3.9519510363199317, ""move_vy"": -3.679956929982988, ""kick_power"": 0.0, ""kick_dir"": null}, {""move_vx"": -3.5355339059327373, ""move_vy"": 3.5355339059327373, ""kick_power"": 0.0, ""kick_dir"": null}, {""move_vx"": -0.0, ""move_vy"": 5.8, ""kick_power"": 0.0, ""kick_dir"": null}, {""move_vx"": -5.934113519050231, ""move_vy"": 0.2643799217514548, ""kick_power"": 0.0, ""kick_dir"": null}, {""move_vx"": -0.0, ""move_vy"": 0.0, ""kick_power"": 0.0, ""kick_dir"": null}, {""move_vx"": -0.0, ""move_vy"": 0.0, ""kick_power"": 0.0, ""kick_dir"": null}, {""move_vx"": -5.778495921877469, ""move_vy"": 2.5097778548798853, ""kick_power"": 0.0, ""kick_dir"": null}, {""move_vx"": -0.0, ""move_vy"": -6.0, ""kick_power"": 0.0, ""kick_dir"": null}, {""move_vx"": -4.242640687119285, ""move_vy"": 4.242640687119285, ""kick_power"": 0.0, ""kick_dir"": null}, {""move_vx"": -4.525483399593904, ""move_vy"": 4.525483399593904, ""kick_power"": 0.0, ""kick_dir"": null}, {""move_vx"": -0.0, ""move_vy"": 0.0, ""kick_power"": 1.0, ""kick_dir"": [-0.9937935602758295, 0.11123979674229029]}, {""move_vx"": -0.0, ""move_vy"": -6.4, ""kick_power"": 0.0, ""kick_dir"": null}]"
85,108,default,default,0,27.48810317478947,33.86078196045148,6,A,,0.7624772858314139,0.17876826950714114,0.0050771320619981694,"[{""move_vx"": 5.0, ""move_vy"": 0.0, ""kick_power"": 0.0, ""kick_dir"": null}, {""move_vx"": 0.0, ""move_vy"": 5.8, ""kick_power"": 0.0, ""kick_dir"": null}, {""move_vx"": 5.217527798753297, ""move_vy"": 1.3919064872456728, ""kick_power"": 0.0, ""kick_dir"": null}, {""move_vx"": 0.0, ""move_vy"": -5.4, ""kick_power"": 0.0, ""kick_dir"": null}, {""move_vx"": -3.9596631220229983, ""move_vy"": -5.7238682689323905, ""kick_power"": 0.0, ""kick_dir"": null}, {""move_vx"": 0.0, ""move_vy"": 0.0, ""kick_power"": 0.0, ""kick_dir"": null}, {""move_vx"": 5.048144128373452, ""move_vy"": -0.7254246061229468, ""kick_power"": 0.0, ""kick_dir"": null}, {""move_vx"": 0.0, ""move_vy"": 0.0, ""kick_power"": 0.0, ""kick_dir"": null}, {""move_vx"": -4.313351365237939, ""move_vy"": -4.313351365237939, ""kick_power"": 0.0, ""kick_dir"": null}, {""move_vx"": 0.0, ""move_vy"": 0.0, ""kick_power"": 0.0, ""kick_dir"": null}, {""move_vx"": -6.0, ""move_vy"": 0.0, ""kick_power"": 0.0, ""kick_dir"": null}, {""move_vx"": -4.499366277649282, ""move_vy"": -0.07551886885037383, ""kick_power"": 0.0, ""kick_dir"": null}, {""move_vx"": -0.0, ""move_vy"": 5.8, ""kick_power"": 0.0, ""kick_dir"": null}, {""move_vx"": -5.93411140993187, ""move_vy"": 0.2644272575140615, ""kick_power"": 0.0, ""kick_dir"": null}, {""move_vx"": -6.313425200932521, ""move_vy"": -1.4598158213384893, ""kick_power"": 0.0, ""kick_dir"": null}, {""move_vx"": -0.0, ""move_vy"": 0.0, ""kick_power"": 0.0, ""kick_dir"": null}, {""move_vx"": -5.453397716881913, ""move_vy"": 3.154433917758802, ""kick_power"": 0.0, ""kick_dir"": null}, {""move_vx"": -0.0, ""move_vy"": -6.0, ""kick_power"": 0.0, ""kick_dir"": null}, {""move_vx"": -4.242640687119285, ""move_vy"": 4.242640687119285, ""kick_power"": 0.0, ""kick_dir"": null}, {""move_vx"": -4.525483399593904, ""move_vy"": 4.525483399593904, ""kick_power"": 0.0, ""kick_dir"": null}, {""move_vx"": -5.380154073396509, ""move_vy"": 0.4625388054152378, ""kick_power"": 0.0, ""kick_dir"": null}, {""move_vx"": -0.0, ""move_vy"": -6.4, ""kick_power"": 0.0, ""kick_dir"": null}]"
85,109,default,default,0,26.582147556856857,33.77990534410891,6,A,,0.7772936711383659,0.08363606375297122,-0.06405780877391812,"[{""move_vx"": 5.0, ""move_vy"": 0.0, ""kick_power"": 0.0, ""kick_dir"": null}, {""move_vx"": 0.0, ""move_vy"": 5.8, ""kick_power"": 0.0, ""kick_dir"": null}, {""move_vx"": 5.215635064631068, ""move_vy"": 1.3989820844424246, ""kick_power"": 0.0, ""kick_dir"": null}, {""move_vx"": 0.0, ""move_vy"": -5.4, ""kick_power"": 0.0, ""kick_dir"": null}, {""move_vx"": -3.917822431014653, ""move_vy"": -5.752587887119885, ""kick_power"": 0.0, ""kick_dir"": null}, {""move_vx"": 0.0, ""move_vy"": 0.0, ""kick_power"": 0.0, ""kick_dir"": null}, {""move_vx"": 5.024903045177071, ""move_vy"": -0.87198015262401, ""kick_power"": 0.0, ""kick_dir"": null}, {""move_vx"": 0.0, ""move_vy"": 0.0, ""kick_power"": 0.0, ""kick_dir"": null}, {""move_vx"": 0.0, ""move_vy"": 0.0, ""kick_power"": 1.0, ""kick_dir"": [0.99694951355751, -0.07804895708416712]}, {""move_vx"": 0.0, ""move_vy"": 0.0, ""kick_power"": 0.0, ""kick_dir"": null}, {""move_vx"": -6.0, ""move_vy"": 0.0, ""kick_power"": 0.0, ""kick_dir"": null}, {""move_vx"": -3.5355339059327373, ""move_vy"": 3.5355339059327373, ""kick_power"": 0.0, ""kick_dir"": null}, {""move_vx"": -0.0, ""move_vy"": 5.8, ""kick_power"": 0.0, ""kick_dir"": null}, {""move_vx"": -5.933810494803495, ""move_vy"": 0.27109594567223083, ""kick_power"": 0.0, ""kick_dir"": null}, {""move_vx"": -6.324949139570615, ""move_vy"": -1.409048750698477, ""kick_power"": 0.0, ""kick_dir"": null}, {""move_vx"": -0.0, ""move_vy"": 0.0, ""kick_power"": 0.0, ""kick_dir"": null}, {""move_vx"": -5.407427197045018, ""move_vy"": 3.2326043848045902, ""kick_power"": 0.0, ""kick_dir"": null}, {""move_vx"": -0.0, ""move_vy"": -6.0, ""kick_power"": 0.0, ""kick_dir"": null}, {""move_vx"": -4.242640687119285, ""move_vy"": 4.242640687119285, ""kick_power"": 0.0, ""kick_dir"": null}, {""move_vx"": -4.525483399593904, ""move_vy"": 4.525483399593904, ""kick_power"": 0.0, ""kick_dir"": null}, {""move_vx"": -5.289313689101968, ""move_vy"": -1.087731905516489, ""kick_power"": 0.0, ""kick_dir"": null}, {""move_vx"": -8.317617595271624, ""move_vy"": 0.1990917849332025, ""kick_power"": 0.0, ""kick_dir"": null}]"
85,110,default,default,0,26.51014136569481,33.36806454625884,6,A,,0.7856647656700637,0.14548283468998374,-0.015436158812052861,"[{""move_vx"": 5.0, ""move_vy"": 0.0, ""kick_power"": 0.0, ""kick_dir"": null}, {""move_vx"": 2.6265595220148286, ""move_vy"": 4.843685072061687, ""kick_power"": 0.0, ""kick_dir"": null}, {""move_vx"": 5.212868447485983, ""move_vy"": 1.4092560268471757, ""kick_power"": 0.0, ""kick_dir"": null}, {""move_vx"": 0.0, ""move_vy"": -5.4, ""kick_power"": 0.0, ""kick_dir"": null}, {""move_vx"": 5.426008231587717, ""move_vy"": -2.049008216367697, ""kick_power"": 0.0, ""kick_dir"": null}, {""move_vx"": 0.0, ""move_vy"": 0.0, ""kick_power"": 0.0, ""kick_dir"": null}, {""move_vx"": 5.006197462224835, ""move_vy"": -0.9736462238480776, ""kick_power"": 0.0, ""kick_dir"": null}, {""move_vx"": 0.0, ""move_vy"": 0.0, ""kick_power"": 0.0, ""kick_dir"": null}, {""move_vx"": 0.0, ""move_vy"": 0.0, ""kick_power"": 1.0, ""kick_dir"": [0.99694951355751, -0.07804895708416712]}, {""move_vx"": 0.0, ""move_vy"": 0.0, ""kick_power"": 0.0, ""kick_dir"": null}, {""move_vx"": -6.0, ""move_vy"": 0.0, ""kick_power"": 0.0, ""kick_dir"": null}, {""move_vx"": -3.5355339059327373, ""move_vy"": 3.5355339059327373, ""kick_power"": 0.0, ""kick_dir"": null}, {""move_vx"": -0.0, ""move_vy"": 5.8, ""kick_power"": 0.0, ""kick_dir"": null}, {""move_vx"": -5.9344243819962506, ""move_vy"": 0.25730770367098005, ""kick_power"": 0.0, ""kick_dir"": null}, {""move_vx"": -6.3301856956568, ""move_vy"": -1.38533355496142, ""kick_power"": 0.0, ""kick_dir"": null}, {""move_vx"": -0.0, ""move_vy"": 0.0, ""kick_power"": 0.0, ""kick_dir"": null}, {""move_vx"": -5.906557957747199, ""move_vy"": 2.1914773765141287, ""kick_power"": 0.0, ""kick_dir"": null}, {""move_vx"": -0.0, ""move_vy"": -6.0, ""kick_power"": 0.0, ""kick_dir"": null}, {""move_vx"": -4.242640687119285, ""move_vy"": 4.242640687119285, ""kick_power"": 0.0, ""kick_dir"": null}, {""move_vx"": -4.755740706221257, ""move_vy"": -3.788050994270028, ""kick_power"": 0.0, ""kick_dir"": null}, {""move_vx"": -5.3773457463469025, ""move_vy"": 0.4941181278245892, ""kick_power"": 0.0, ""kick_dir"": null}, {""move_vx"": -0.0, ""move_vy"": -6.4, ""kick_power"": 0.0, ""kick_dir"": null}]"
85,111,default,default,0,27.672407232808236,33.955032842081195,6,A,,0.7848754924384688,-0.3177411514623261,0.8626500050608497,"[{""move_vx"": 5.0, ""move_vy"": 0.0, ""kick_power"": 0.0, ""kick_dir"": null}, {""move_vx"": 2.7220255614275795, ""move_vy"": 4.79068646886173, ""kick_power"": 0.0, ""kick_dir"": null}, {""move_vx"": 5.209284433693139, ""move_vy"": 1.4224470777088154, ""kick_power"": 0.0, ""kick_dir"": null}, {""move_vx"": 0.0, ""move_vy"": -5.4, ""kick_power"": 0.0, ""kick_dir"": null}, {""move_vx"": -4.221390108432019, ""move_vy"": -5.533666555949346, ""kick_power"": 0.0, ""kick_dir"": null}, {""move_vx"": 0.0, ""move_vy"": 0.0, ""kick_power"": 0.0, ""kick_dir"": null}, {""move_vx"": 5.008876848357631, ""move_vy"": -0.9597670123456598, ""kick_power"": 0.0, ""kick_dir"": null}, {""move_vx"": 0.0, ""move_vy"": 0.0, ""kick_power"": 0.0, ""kick_dir"": null}, {""move_vx"": 0.0, ""move_vy"": 0.0, ""kick_power"": 1.0, ""kick_dir"": [0.99694951355751, -0.07804895708416712]}, {""move_vx"": 5.449514610590347, ""move_vy"": 2.5105359007515387, ""kick_power"": 0.0, ""kick_dir"": null}, {""move_vx"": -6.0, ""move_vy"": 0.0, ""kick_power"": 0.0, ""kick_dir"": null}, {""move_vx"": -3.5355339059327373, ""move_vy"": 3.5355339059327373, ""kick_power"": 0.0, ""kick_dir"": null}, {""move_vx"": -0.0, ""move_vy"": 5.8, ""kick_power"": 0.0, ""kick_dir"": null}, {""move_vx"": -5.934184272061085, ""move_vy"": 0.2627870339702205, ""kick_power"": 0.0, ""kick_dir"": null}, {""move_vx"": -6.3125348379166715, ""move_vy"": -1.4636611356759999, ""kick_power"": 0.0, ""kick_dir"": null}, {""move_vx"": -0.0, ""move_vy"": 0.0, ""kick_power"": 0.0, ""kick_dir"": null}, {""move_vx"": -6.185807781018904, ""move_vy"": 1.194061177781936, ""kick_power"": 0.0, ""kick_dir"": null}, {""move_vx"": -0.0, ""move_vy"": -6.0, ""kick_power"": 0.0, ""kick_dir"": null}, {""move_vx"": -0.0, ""move_vy"": -6.0, ""kick_power"": 0.0, ""kick_dir"": null}, {""move_vx"": -4.649936903038898, ""move_vy"": -3.917203951514016, ""kick_power"": 0.0, ""kick_dir"": null}, {""move_vx"": -0.0, ""move_vy"": 0.0, ""kick_power"": 1.0, ""kick_dir"": [-0.9940713271796819, 0.10872960830053825]}, {""move_vx"": -0.0, ""move_vy"": -6.4, ""kick_power"": 0.0, ""kick_dir"": null}]"
85,112,default,default,0,28.549146172338194,35.02980266049997,20,B,,0.03646719192083714,-6.932606516111349,2.9048363787187372,"[{""move_vx"": 5.0, ""move_vy"": 0.0, ""kick_power"": 0.0, ""kick_dir"": null}, {""move_vx"": 0.0, ""move_vy"": 5.8, ""kick_power"": 0.0, ""kick_dir"": null}, {""move_vx"": 5.205725473796527, ""move_vy"": 1.435417114105142, ""kick_power"": 0.0, ""kick_dir"": null}, {""move_vx"": -2.5162537364065, ""move_vy"": 3.8388236653980767, ""kick_power"": 0.0, ""kick_dir"": null}, {""move_vx"": -3.805309707949398, ""move_vy"": -5.827625419206871, ""kick_power"": 0.0, ""kick_dir"": null}, {""move_vx"": 0.0, ""move_vy"": 0.0, ""kick_power"": 0.0, ""kick_dir"": null}, {""move_vx"": 0.0, ""move_vy"": 0.0, ""kick_power"": 0.6, ""kick_dir"": [0.9985549303358463, 0.05374033558015081]}, {""move_vx"": 0.0, ""move_vy"": 0.0, ""kick_power"": 0.0, ""kick_dir"": null}, {""move_vx"": 0.0, ""move_vy"": 0.0, ""kick_power"": 1.0, ""kick_dir"": [0.99694951355751, -0.07804895708416712]}, {""move_vx"": 0.0, ""move_vy"": 6.0, ""kick_power"": 0.0, ""kick_dir"": null}, {""move_vx"": -6.0, ""move_vy"": 0.0, ""kick_power"": 0.0, ""kick_dir"": null}, {""move_vx"": -3.5355339059327373, ""move_vy"": 3.5355339059327373, ""kick_power"": 0.0, ""kick_dir"": null}, {""move_vx"": -0.0, ""move_vy"": 5.8, ""kick_power"": 0.0, ""kick_dir"": null}, {""move_vx"": -5.933923499801509, ""move_vy"": 0.26861105432096943, ""kick_power"": 0.0, ""kick_dir"": null}, {""move_vx"": -6.3275166191893915, ""move_vy"": -1.397473947478828, ""kick_power"": 0.0, ""kick_dir"": null}, {""move_vx"": -0.0, ""move_vy"": 0.0, ""kick_power"": 0.0, ""kick_dir"": null}, {""move_vx"": -4.9243090849269, ""move_vy"": 2.216118236039404, ""kick_power"": 0.0, ""kick_dir"": null}, {""move_vx"": -0.0, ""move_vy"": -6.0, ""kick_power"": 0.0, ""kick_dir"": null}, {""move_vx"": -0.0, ""move_vy"": -6.0, ""kick_power"": 0.0, ""kick_dir"": null}, {""move_vx"": -4.520628939320584, ""move_vy"": -4.065748884643178, ""kick_power"": 0.0, ""kick_dir"": null}, {""move_vx"": -0.0, ""move_vy"": 0.0, ""kick_power"": 0.9, ""kick_dir"": [0.5911732299273492, -0.8065439927356817]}, {""move_vx"": -0.0, ""move_vy"": -6.4, ""kick_power"": 0.0, ""kick_dir"": null}]"
85,113,default,default,0,28.65549940764945,35.55937206933489,20,B,,0.034584954445341855,-0.0008757155035544065,0.40865401190853146,"[{""move_vx"": 0.0, ""move_vy"": 5.0, ""kick_power"": 0.0, ""kick_dir"": null}, {""move_vx"": 5.486082361408018, ""move_vy"": 1.8822593667844574, ""kick_power"": 0.0, ""kick_dir"": null}, {""move_vx"": 0.0, ""move_vy"": 0.0, ""kick_power"": 0.9, ""kick_dir"": [-0.21512693340237335, 0.976586050069219]}, {""move_vx"": 0.0, ""move_vy"": -5.4, ""kick_power"": 0.0, ""kick_dir"": null}, {""move_vx"": 0.0, ""move_vy"": 0.0, ""kick_power"": 0.6, ""kick_dir"": [0.9965905616602804, -0.08250589379061991]}, {""move_vx"": 1.0033276511783764, ""move_vy"": 5.397539589885458, ""kick_power"": 0.0, ""kick_dir"": null}, {""move_vx"": 7.489943384540141, ""move_vy"": 0.3882629217210581, ""kick_power"": 0.0, ""kick_dir"": null}, {""move_vx"": 0.0, ""move_vy"": 0.0, ""kick_power"": 0.0, ""kick_dir"": null}, {""move_vx"": 2.3208578585711828, ""move_vy"": 4.636576732925745, ""kick_power"": 0.0, ""kick_dir"": null}, {""move_vx"": 0.0, ""move_vy"": 6.0, ""kick_power"": 0.0, ""kick_dir"": null}, {""move_vx"": -6.0, ""move_vy"": 0.0, ""kick_power"": 0.0, ""kick_dir"": null}, {""move_vx"": -5.248093518461392, ""move_vy"": -0.1414723346931175, ""kick_power"": 0.0, ""kick_dir"": null}, {""move_vx"": -5.578762011327493, ""move_vy"": -1.5866361967915692, ""kick_power"": 0.0, ""kick_dir"": null}, {""move_vx"": -0.0, ""move_vy"": 0.0, ""kick_power"": 0.9, ""kick_dir"": [-0.8463800613360757, -0.5325784595655704]}, {""move_vx"": -0.0, ""move_vy"": 0.0, ""kick_power"": 0.9, ""kick_dir"": [-0.7970120694748767, 0.60396332670936]}, {""move_vx"": -5.691182027600474, ""move_vy"": 1.1182339329126758, ""kick_power"": 0.0, ""kick_dir"": null}, {""move_vx"": -6.0, ""move_vy"": 0.0, ""kick_power"": 0.0, ""kick_dir"": null}, {""move_vx"": -6.0, ""move_vy"": 0.0, ""kick_power"": 0.0, ""kick_dir"": null}, {""move_vx"": -4.242640687119285, ""move_vy"": -4.242640687119285, ""kick_power"": 0.0, ""kick_dir"": null}, {""move_vx"": 4.525483399593904, ""move_vy"": -4.525483399593904, ""kick_power"": 0.0, ""kick_dir"": null}, {""move_vx"": -4.242640687119285, ""move_vy"": 4.242640687119285, ""kick_power"": 0.0, ""kick_dir"": null}, {""move_vx"": -0.0, ""move_vy"": -6.4, ""kick_power"": 0.0, ""kick_dir"": null}]"
85,114,default,default,0,28.146927962754727,35.71263852514897,20,B,,0.0384482512190649,-0.017482680495118447,0.39296252033784534,"[{""move_vx"": 0.0, ""move_vy"": 5.0, ""kick_power"": 0.0, ""kick_dir"": null}, {""move_vx"": 5.4811387017875335, ""move_vy"": 1.8966071105442117, ""kick_power"": 0.0, ""kick_dir"": null}, {""move_vx"": 0.0, ""move_vy"": 0.0, ""kick_power"": 0.9, ""kick_dir"": [-0.20401766923144007, 0.97896716064381]}, {""move_vx"": 5.169379451194978, ""move_vy"": 1.5612546523751685, ""kick_power"": 0.0, ""kick_dir"": null}, {""move_vx"": -3.634663035547753, ""move_vy"": -5.935555965368601, ""kick_power"": 0.0, ""kick_dir"": null}, {""move_vx"": 1.0162026297554523, ""move_vy"": 5.39513041689245, ""kick_power"": 0.0, ""kick_dir"": null}, {""move_vx"": 0.0, ""move_vy"": 0.0, ""kick_power"": 0.9, ""kick_dir"": [-0.9984745322177722, 0.0552060856526134]}, {""move_vx"": 0.0, ""move_vy"": 0.0, ""kick_power"": 0.0, ""kick_dir"": null}, {""move_vx"": 0.0, ""move_vy"": 0.0, ""kick_power"": 1.0, ""kick_dir"": [0.9965963247818896, -0.08243626435476965]}, {""move_vx"": 0.0, ""move_vy"": 6.0, ""kick_power"": 0.0, ""kick_dir"": null}, {""move_vx"": -6.0, ""move_vy"": 0.0, ""kick_power"": 0.0, ""kick_dir"": null}, {""move_vx"": 5.0, ""move_vy"": 0.0, ""kick_power"": 0.0, ""kick_dir"": null}, {""move_vx"": -4.1012193308819755, ""move_vy"": 4.1012193308819755, ""kick_power"": 0.0, ""kick_dir"": null}, {""move_vx"": -0.0, ""move_vy"": 5.4, ""kick_power"": 0.0, ""kick_dir"": null}, {""move_vx"": -0.0, ""move_vy"": 0.0, ""kick_power"": 0.9, ""kick_dir"": [-0.8004942540945349, 0.5993403777549288]}, {""move_vx"": -5.691182027600475, ""move_vy"": 1.1182339329126754, ""kick_power"": 0.0, ""kick_dir"": null}, {""move_vx"": -6.0, ""move_vy"": 0.0, ""kick_power"": 0.0, ""kick_dir"": null}, {""move_vx"": -6.0, ""move_vy"": 0.0, ""kick_power"": 0.0, ""kick_dir"": null}, {""move_vx"": -4.242640687119285, ""move_vy"": -4.242640687119285, ""kick_power"": 0.0, ""kick_dir"": null}, {""move_vx"": 4.525483399593904, ""move_vy"": -4.525483399593904, ""kick_power"": 0.0, ""kick_dir"": null}, {""move_vx"": -4.242640687119285, ""move_vy"": 4.242640687119285, ""kick_power"": 0.0, ""kick_dir"": null}, {""move_vx"": -0.0, ""move_vy"": -6.4, ""kick_power"": 0.0, ""kick_dir"": null}]"
85,115,default,default,0,27.850748587310765,35.98255122219248,20,B,,0.04033375973665091,-0.017285202825712165,0.39206137121355683,"[{""move_vx"": 0.0, ""move_vy"": 5.0, ""kick_power"": 0.0, ""kick_dir"": null}, {""move_vx"": 5.477131702863503, ""move_vy"": 1.908147874114459, ""kick_power"": 0.0, ""kick_dir"": null}, {""move_vx"": 0.0, ""move_vy"": 0.0, ""kick_power"": 0.9, ""kick_dir"": [-0.19294066638158255, 0.9812103803721209]}, {""move_vx"": 5.169852579002323, ""move_vy"": 1.559687247938843, ""kick_power"": 0.0, ""kick_dir"": null}, {""move_vx"": 5.8, ""move_vy"": 0.0, ""kick_power"": 0.0, ""kick_dir"": null}, {""move_vx"": 0.7349124730264751, ""move_vy"": 5.440588539578243, ""kick_power"": 0.0, ""kick_dir"": null}, {""move_vx"": 0.0, ""move_vy"": 0.0, ""kick_power"": 0.0, ""kick_dir"": null}, {""move_vx"": 0.0, ""move_vy"": 0.0, ""kick_power"": 0.0, ""kick_dir"": null}, {""move_vx"": 0.0, ""move_vy"": 0.0, ""kick_power"": 1.0, ""kick_dir"": [0.9965963247818896, -0.08243626435476965]}, {""move_vx"": 0.0, ""move_vy"": 6.0, ""kick_power"": 0.0, ""kick_dir"": null}, {""move_vx"": -6.0, ""move_vy"": 0.0, ""kick_power"": 0.0, ""kick_dir"": null}, {""move_vx"": 5.0, ""move_vy"": 0.0, ""kick_power"": 0.0, ""kick_dir"": null}, {""move_vx"": -5.571642372521791, ""move_vy"": -1.6114593611753723, ""kick_power"": 0.0, ""kick_dir"": null}, {""move_vx"": -0.0, ""move_vy"": 0.0, ""kick_power"": 0.9, ""kick_dir"": [-0.8863226279074139, 0.4630671649556315]}, {""move_vx"": -0.0, ""move_vy"": 0.0, ""kick_power"": 0.9, ""kick_dir"": [-0.8039234420777077, 0.5947327457503901]}, {""move_vx"": -0.0, ""move_vy"": 0.0, ""kick_power"": 0.4, ""kick_dir"": [0.6300884764239216, -0.7765231460626236]}, {""move_vx"": -6.0, ""move_vy"": 0.0, ""kick_power"": 0.0, ""kick_dir"": null}, {""move_vx"": -6.0, ""move_vy"": 0.0, ""kick_power"": 0.0, ""kick_dir"": null}, {""move_vx"": -4.242640687119285, ""move_vy"": -4.242640687119285, ""kick_power"": 0.0, ""kick_dir"": null}, {""move_vx"": 4.525483399593904, ""move_vy"": -4.525483399593904, ""kick_power"": 0.0, ""kick_dir"": null}, {""move_vx"": -4.242640687119285, ""move_vy"": 4.242640687119285, ""kick_power"": 0.0, ""kick_dir"": null}, {""move_vx"": -0.0, ""move_vy"": -6.4, ""kick_power"": 0.0, ""kick_dir"": null}]"
85,116,default,default,0,27.567905874836146,36.265393934667095,20,B,,0.042091287478472364,-0.01747630502293259,0.3965076669788934,"[{""move_vx"": 0.0, ""move_vy"": 5.0, ""kick_power"": 0.0, ""kick_dir"": null}, {""move_vx"": 0.0, ""move_vy"": 5.8, ""kick_power"": 0.0, ""kick_dir"": null}, {""move_vx"": 0.0, ""move_vy"": 0.0, ""kick_power"": 0.9, ""kick_dir"": [-0.1819058531730973, 0.9833159066122255]}, {""move_vx"": 5.1715291038062805, ""move_vy"": 1.554119277431631, ""kick_power"": 0.0, ""kick_dir"": null}, {""move_vx"": 0.12741942370603504, ""move_vy"": -5.508526508102001, ""kick_power"": 0.0, ""kick_dir"": null}, {""move_vx"": 0.5569364188657165, ""move_vy"": 5.46167756512054, ""kick_power"": 0.0, ""kick_dir"": null}, {""move_vx"": 0.0, ""move_vy"": 0.0, ""kick_power"": 0.0, ""kick_dir"": null}, {""move_vx"": 0.0, ""move_vy"": 0.0, ""kick_power"": 0.0, ""kick_dir"": null}, {""move_vx"": 2.33141698714436, ""move_vy"": 4.631276263845066, ""kick_power"": 0.0, ""kick_dir"": null}, {""move_vx"": 0.0, ""move_vy"": 6.0, ""kick_power"": 0.0, ""kick_dir"": null}, {""move_vx"": -6.0, ""move_vy"": 0.0, ""kick_power"": 0.0, ""kick_dir"": null}, {""move_vx"": 5.0, ""move_vy"": 0.0, ""kick_power"": 0.0, ""kick_dir"": null}, {""move_vx"": -5.571642372521791, ""move_vy"": -1.611459361175372, ""kick_power"": 0.0, ""kick_dir"": null}, {""move_vx"": -0.0, ""move_vy"": 5.4, ""kick_power"": 0.0, ""kick_dir"": null}, {""move_vx"": -0.0, ""move_vy"": 0.0, ""kick_power"": 0.9, ""kick_dir"": [-0.8072956685377043, 0.5901471371543597]}, {""move_vx"": -5.695317974668304, ""move_vy"": 1.0969745518562064, ""kick_power"": 0.0, ""kick_dir"": null}, {""move_vx"": -6.0, ""move_vy"": 0.0, ""kick_power"": 0.0, ""kick_dir"": null}, {""move_vx"": 4.3905865881437345, ""move_vy"": 2.5947542103275136, ""kick_power"": 0.0, ""kick_dir"": null}, {""move_vx"": -4.242640687119285, ""move_vy"": -4.242640687119285, ""kick_power"": 0.0, ""kick_dir"": null}, {""move_vx"": 4.525483399593904, ""move_vy"": -4.525483399593904, ""kick_power"": 0.0, ""kick_dir"": null}, {""move_vx"": -4.242640687119285, ""move_vy"": 4.242640687119285, ""kick_power"": 0.0, ""kick_dir"": null}, {""move_vx"": -0.0, ""move_vy"": -6.4, ""kick_power"": 0.0, ""kick_dir"": null}]"
85,117,default,default,0,27.285063162361528,36.548236647141714,20,B,,0.04384831801108628,-0.030090763731551135,0.40383358205284775,"[{""move_vx"": 0.0, ""move_vy"": 5.0, ""kick_power"": 0.0, ""kick_dir"": null}, {""move_vx"": 0.0, ""move_vy"": 5.8, ""kick_power"": 0.0, ""kick_dir"": null}, {""move_vx"": 3.8183766184073566, ""move_vy"": 3.8183766184073566, ""kick_power"": 0.0, ""kick_dir"": null}, {""move_vx"": 5.174040103148061, ""move_vy"": 1.5457389854097623, ""kick_power"": 0.0, ""kick_dir"": null}, {""move_vx"": 0.0, ""move_vy"": -5.8, ""kick_power"": 0.0, ""kick_dir"": null}, {""move_vx"": 0.3858574854022633, ""move_vy"": 5.476423468008938, ""kick_power"": 0.0, ""kick_dir"": null}, {""move_vx"": 0.0, ""move_vy"": 0.0, ""kick_power"": 0.0, ""kick_dir"": null}, {""move_vx"": 7.4944208615353425, ""move_vy"": -0.28923338359161815, ""kick_power"": 0.0, ""kick_dir"": null}, {""move_vx"": 2.3422335583113076, ""move_vy"": 4.625815274988869, ""kick_power"": 0.0, ""kick_dir"": null}, {""move_vx"": 0.0, ""move_vy"": 6.0, ""kick_power"": 0.0, ""kick_dir"": null}, {""move_vx"": -6.0, ""move_vy"": 0.0, ""kick_power"": 0.0, ""kick_dir"": null}, {""move_vx"": 5.0, ""move_vy"": 0.0, ""kick_power"": 0.0, ""kick_dir"": null}, {""move_vx"": -5.571642372521792, ""move_vy"": -1.6114593611753716, ""kick_power"": 0.0, ""kick_dir"": null}, {""move_vx"": -0.0, ""move_vy"": 5.4, ""kick_power"": 0.0, ""kick_dir"": null}, {""move_vx"": -5.932404465309053, ""move_vy"": -0.3002952879770705, ""kick_power"": 0.0, ""kick_dir"": null}, {""move_vx"": -5.6953179746683045, ""move_vy"": 1.0969745518562073, ""kick_power"": 0.0, ""kick_dir"": null}, {""move_vx"": -6.0, ""move_vy"": 0.0, ""kick_power"": 0.0, ""kick_dir"": null}, {""move_vx"": 4.390586588143734, ""move_vy"": 2.5947542103275145, ""kick_power"": 0.0, ""kick_dir"": null}, {""move_vx"": -4.242640687119285, ""move_vy"": -4.242640687119285, ""kick_power"": 0.0, ""kick_dir"": null}, {""move_vx"": 4.525483399593904, ""move_vy"": -4.525483399593904, ""kick_power"": 0.0, ""kick_dir"": null}, {""move_vx"": -4.242640687119285, ""move_vy"": 4.242640687119285, ""kick_power"": 0.0, ""kick_dir"": null}, {""move_vx"": -0.0, ""move_vy"": -6.4, ""kick_power"": 0.0, ""kick_dir"": null}]"
85,118,default,default,0,26.83286933164712,36.60010694509624,20,B,,0.047241881493666975,-0.03660960895318437,0.39464449509286764,"[{""move_vx"": 0.0, ""move_vy"": 5.0, ""kick_power"": 0.0, ""kick_dir"": null}, {""move_vx"": 0.0, ""move_vy"": 5.8, ""kick_power"": 0.0, ""kick_dir"": null}, {""move_vx"": 0.0, ""move_vy"": 0.0, ""kick_power"": 0.9, ""kick_dir"": [-0.18378203362203607, 0.9829669756685651]}, {""move_vx"": 5.178774649813068, ""move_vy"": 1.5298016624561286, ""kick_power"": 0.0, ""kick_dir"": null}, {""move_vx"": 4.1012193308819755, ""move_vy"": -4.1012193308819755, ""kick_power"": 0.0, ""kick_dir"": null}, {""move_vx"": 0.2156395214671723, ""move_vy"": 5.48576335588598, ""kick_power"": 0.0, ""kick_dir"": null}, {""move_vx"": 0.0, ""move_vy"": 0.0, ""kick_power"": 0.0, ""kick_dir"": null}, {""move_vx"": 7.4944208615353425, ""move_vy"": -0.2892333835916174, ""kick_power"": 0.0, ""kick_dir"": null}, {""move_vx"": 2.3533193180331713, ""move_vy"": 4.620185406168446, ""kick_power"": 0.0, ""kick_dir"": null}, {""move_vx"": 0.0, ""move_vy"": 6.0, ""kick_power"": 0.0, ""kick_dir"": null}, {""move_vx"": -6.0, ""move_vy"": 0.0, ""kick_power"": 0.0, ""kick_dir"": null}, {""move_vx"": 5.0, ""move_vy"": 0.0, ""kick_power"": 0.0, ""kick_dir"": null}, {""move_vx"": -5.571642372521792, ""move_vy"": -1.6114593611753714, ""kick_power"": 0.0, ""kick_dir"": null}, {""move_vx"": -0.0, ""move_vy"": 5.4, ""kick_power"": 0.0, ""kick_dir"": null}, {""move_vx"": -0.0, ""move_vy"": 0.0, ""kick_power"": 0.9, ""kick_dir"": [-0.8062171755099353, 0.5916196460801556]}, {""move_vx"": -5.695317974668304, ""move_vy"": 1.096974551856208, ""kick_power"": 0.0, ""kick_dir"": null}, {""move_vx"": -6.0, ""move_vy"": 0.0, ""kick_power"": 0.0, ""kick_dir"": null}, {""move_vx"": 4.390586588143734, ""move_vy"": 2.594754210327515, ""kick_power"": 0.0, ""kick_dir"": null}, {""move_vx"": -4.242640687119285, ""move_vy"": -4.242640687119285, ""kick_power"": 0.0, ""kick_dir"": null}, {""move_vx"": 4.525483399593904, ""move_vy"": -4.525483399593904, ""kick_power"": 0.0, ""kick_dir"": null}, {""move_vx"": -7.191138599261973, ""move_vy"": 0.3571073314908899, ""kick_power"": 0.0, ""kick_dir"": null}, {""move_vx"": -0.0, ""move_vy"": -6.4, ""kick_power"": 0.0, ""kick_dir"": null}]"
85,119,default,default,0,26.455913050946855,36.80539076595858,20,B,,0.04987020992026556,-0.040143934135918484,0.39948971125480554,"[{""move_vx"": 0.0, ""move_vy"": 5.0, ""kick_power"": 0.0, ""kick_dir"": null}, {""move_vx"": 0.0, ""move_vy"": 5.8, ""kick_power"": 0.0, ""kick_dir"": null}, {""move_vx"": 3.8183766184073566, ""move_vy"": 3.8183766184073566, ""kick_power"": 0.0, ""kick_dir"": null}, {""move_vx"": 5.183507294041352, ""move_vy"": 1.5136882547671804, ""kick_power"": 0.0, ""kick_dir"": null}, {""move_vx"": 0.0, ""move_vy"": -5.8, ""kick_power"": 0.0, ""kick_dir"": null}, {""move_vx"": -0.05311140446596088, ""move_vy"": 5.489743088589452, ""kick_power"": 0.0, ""kick_dir"": null}, {""move_vx"": 0.0, ""move_vy"": 0.0, ""kick_power"": 0.0, ""kick_dir"": null}, {""move_vx"": 7.4944208615353425, ""move_vy"": -0.28923338359161654, ""kick_power"": 0.0, ""kick_dir"": null}, {""move_vx"": 2.364686811347263, ""move_vy"": 4.614377670308349, ""kick_power"": 0.0, ""kick_dir"": null}, {""move_vx"": 0.0, ""move_vy"": 6.0, ""kick_power"": 0.0, ""kick_dir"": null}, {""move_vx"": -6.0, ""move_vy"": 0.0, ""kick_power"": 0.0, ""kick_dir"": null}, {""move_vx"": 5.0, ""move_vy"": 0.0, ""kick_power"": 0.0, ""kick_dir"": null}, {""move_vx"": -5.571642372521791, ""move_vy"": -1.6114593611753707, ""kick_power"": 0.0, ""kick_dir"": null}, {""move_vx"": -0.0, ""move_vy"": 5.4, ""kick_power"": 0.0, ""kick_dir"": null}, {""move_vx"": -0.0, ""move_vy"": 0.0, ""kick_power"": 0.9, ""kick_dir"": [-0.8095649779324877, 0.5870302262748631]}, {""move_vx"": -5.695317974668304, ""move_vy"": 1.0969745518562086, ""kick_power"": 0.0, ""kick_dir"": null}, {""move_vx"": -4.02024741233777, ""move_vy"": 4.040743835433206, ""kick_power"": 0.0, ""kick_dir"": null}, {""move_vx"": 4.390586588143733, ""move_vy"": 2.5947542103275163, ""kick_power"": 0.0, ""kick_dir"": null}, {""move_vx"": -4.242640687119285, ""move_vy"": -4.242640687119285, ""kick_power"": 0.0, ""kick_dir"": null}, {""move_vx"": 4.525483399593904, ""move_vy"": -4.525483399593904, ""kick_power"": 0.0, ""kick_dir"": null}, {""move_vx"": -7.191353092144247, ""move_vy"": 0.3527615400059457, ""kick_power"": 0.0, ""kick_dir"": null}, {""move_vx"": -0.0, ""move_vy"": -6.4, ""kick_power"": 0.0, ""kick_dir"": null}]"
85,120,default,default,0,27.898216333041695,36.57964366067912,20,B,,0.034774464502085545,0.08308525395168989,0.4423904844336646,"[{""move_vx"": 0.0, ""move_vy"": 0.0, ""kick_power"": 0.0, ""kick_dir"": null}, {""move_vx"": 0.0, ""move_vy"": 5.8, ""kick_power"": 0.0, ""kick_dir"": null}, {""move_vx"": 0.0, ""move_vy"": 0.0, ""kick_power"": 0.9, ""kick_dir"": [-0.18569513423716486, 0.9826073619609533]}, {""move_vx"": 5.183219790383999, ""move_vy"": 1.514672441345539, ""kick_power"": 0.0, ""kick_dir"": null}, {""move_vx"": 0.0, ""move_vy"": -5.8, ""kick_power"": 0.0, ""kick_dir"": null}, {""move_vx"": 0.0, ""move_vy"": 0.0, ""kick_power"": 0.65, ""kick_dir"": [0.7908357797205617, 0.612028195199177]}, {""move_vx"": 0.0, ""move_vy"": 0.0, ""kick_power"": 0.0, ""kick_dir"": null}, {""move_vx"": 7.4944208615353425, ""move_vy"": -0.28923338359161577, ""kick_power"": 0.0, ""kick_dir"": null}, {""move_vx"": 2.3763494555471083, ""move_vy"": 4.608382391373459, ""kick_power"": 0.0, ""kick_dir"": null}, {""move_vx"": 0.0, ""move_vy"": 6.0, ""kick_power"": 0.0, ""kick_dir"": null}, {""move_vx"": -6.0, ""move_vy"": 0.0, ""kick_power"": 0.0, ""kick_dir"": null}, {""move_vx"": 5.0, ""move_vy"": 0.0, ""kick_power"": 0.0, ""kick_dir"": null}, {""move_vx"": -0.0, ""move_vy"": 0.0, ""kick_power"": 0.0, ""kick_dir"": null}, {""move_vx"": -5.399640188505542, ""move_vy"": 0.06233646345310719, ""kick_power"": 0.0, ""kick_dir"": null}, {""move_vx"": -0.0, ""move_vy"": 0.0, ""kick_power"": 0.9, ""kick_dir"": [-0.8128602129437079, 0.5824587664420251]}, {""move_vx"": -5.695317974668304, ""move_vy"": 1.0969745518562093, ""kick_power"": 0.0, ""kick_dir"": null}, {""move_vx"": -6.0, ""move_vy"": 0.0, ""kick_power"": 0.0, ""kick_dir"": null}, {""move_vx"": 4.390586588143733, ""move_vy"": 2.5947542103275163, ""kick_power"": 0.0, ""kick_dir"": null}, {""move_vx"": -4.242640687119285, ""move_vy"": -4.242640687119285, ""kick_power"": 0.0, ""kick_dir"": null}, {""move_vx"": -5.2901445155693825, ""move_vy"": -2.996793453742046, ""kick_power"": 0.0, ""kick_dir"": null}, {""move_vx"": 5.09633043877212, ""move_vy"": 0.19343231075692252, ""kick_power"": 0.0, ""kick_dir"": null}, {""move_vx"": -0.0, ""move_vy"": -6.4, ""kick_power"": 0.0, ""kick_dir"": null}]"
85,121,default,default,0,26.22404317804619,36.54100673815199,20,B,,0.04901575645931446,-0.1262199962793331,0.3786674118642263,"[{""move_vx"": 0.0, ""move_vy"": 5.0, ""kick_power"": 0.0, ""kick_dir"": null}, {""move_vx"": 4.1012193308819755, ""move_vy"": 4.1012193308819755, ""kick_power"": 0.0, ""kick_dir"": null}, {""move_vx"": 0.0, ""move_vy"": 0.0, ""kick_power"": 0.9, ""kick_dir"": [-0.17460971739389822, 0.9846376783308002]}, {""move_vx"": 0.0, ""move_vy"": -5.4, ""kick_power"": 0.0, ""kick_dir"": null}, {""move_vx"": 0.0, ""move_vy"": 0.0, ""kick_power"": 0.6, ""kick_dir"": [0.9964205635631735, -0.08453419658312096]}, {""move_vx"": -6.1, ""move_vy"": 0.0, ""kick_power"": 0.0, ""kick_dir"": null}, {""move_vx"": 4.242640687119285, ""move_vy"": 4.242640687119285, ""kick_power"": 0.0, ""kick_dir"": null}, {""move_vx"": 7.4944208615353425, ""move_vy"": -0.28923338359161493, ""kick_power"": 0.0, ""kick_dir"": null}, {""move_vx"": 2.388321621874587, ""move_vy"": 4.602189134584361, ""kick_power"": 0.0, ""kick_dir"": null}, {""move_vx"": 0.0, ""move_vy"": 6.0, ""kick_power"": 0.0, ""kick_dir"": null}, {""move_vx"": -6.0, ""move_vy"": 0.0, ""kick_power"": 0.0, ""kick_dir"": null}, {""move_vx"": -5.248197058819414, ""move_vy"": -0.13757773002655166, ""kick_power"": 0.0, ""kick_dir"": null}, {""move_vx"": -5.579408209986619, ""move_vy"": -1.5843623406070715, ""kick_power"": 0.0, ""kick_dir"": null}, {""move_vx"": -0.0, ""move_vy"": 0.0, ""kick_power"": 0.4, ""kick_dir"": [-0.9998959315275675, 0.014425320702484772]}, {""move_vx"": -3.8183766184073566, ""move_vy"": 3.8183766184073566, ""kick_power"": 0.0, ""kick_dir"": null}, {""move_vx"": -5.695317974668304, ""move_vy"": 1.0969745518562102, ""kick_power"": 0.0, ""kick_dir"": null}, {""move_vx"": 4.92947427862555, ""move_vy"": -1.3077780149433258, ""kick_power"": 0.0, ""kick_dir"": null}, {""move_vx"": -0.0, ""move_vy"": 0.0, ""kick_power"": 0.0, ""kick_dir"": null}, {""move_vx"": -4.242640687119285, ""move_vy"": -4.242640687119285, ""kick_power"": 0.0, ""kick_dir"": null}, {""move_vx"": -5.095064094152043, ""move_vy"": -3.3176379965997826, ""kick_power"": 0.0, ""kick_dir"": null}, {""move_vx"": -7.195190510434164, ""move_vy"": 0.2631226302660912, ""kick_power"": 0.0, ""kick_dir"": null}, {""move_vx"": -5.75917762321763, ""move_vy"": 0.09732987326273243, ""kick_power"": 0.0, ""kick_dir"": null}]"
85,122,default,default,0,26.157950964765032,36.86993817557752,20,B,,0.046986915612672805,-0.02871666524228824,0.4249870169251058,"[{""move_vx"": 0.0, ""move_vy"": 0.0, ""kick_power"": 0.9, ""kick_dir"": [0.999742594069308, 0.022687111614216878]}, {""move_vx"": 4.1012193308819755, ""move_vy"": -4.1012193308819755, ""kick_power"": 0.0, ""kick_dir"": null}, {""move_vx"": 3.8183766184073566, ""move_vy"": 3.8183766184073566, ""kick_power"": 0.0, ""kick_dir"": null}, {""move_vx"": 0.0, ""move_vy"": 5.4, ""kick_power"": 0.0, ""kick_dir"": null}, {""move_vx"": -0.7005711151706892, ""move_vy"": -5.465281338832292, ""kick_power"": 0.0, ""kick_dir"": null}, {""move_vx"": 0.0, ""move_vy"": 0.0, ""kick_power"": 0.65, ""kick_dir"": [0.6753583871563418, 0.7374895125715986]}, {""move_vx"": 0.0, ""move_vy"": 0.0, ""kick_power"": 0.0, ""kick_dir"": null}, {""move_vx"": 7.4944208615353425, ""move_vy"": -0.2892333835916141, ""kick_power"": 0.0, ""kick_dir"": null}, {""move_vx"": 2.4006187269354577, ""move_vy"": 4.5957866277588195, ""kick_power"": 0.0, ""kick_dir"": null}, {""move_vx"": 0.0, ""move_vy"": 6.0, ""kick_power"": 0.0, ""kick_dir"": null}, {""move_vx"": -6.0, ""move_vy"": 0.0, ""kick_power"": 0.0, ""kick_dir"": null}, {""move_vx"": 5.0, ""move_vy"": 0.0, ""kick_power"": 0.0, ""kick_dir"": null}, {""move_vx"": -5.579408209986619, ""move_vy"": -1.5843623406070702, ""kick_power"": 0.0, ""kick_dir"": null}, {""move_vx"": -5.399797338227175, ""move_vy"": 0.04678360903913989, ""kick_power"": 0.0, ""kick_dir"": null}, {""move_vx"": -3.8183766184073566, ""move_vy"": -3.8183766184073566, ""kick_power"": 0.0, ""kick_dir"": null}, {""move_vx"": -5.695317974668304, ""move_vy"": 1.0969745518562108, ""kick_power"": 0.0, ""kick_dir"": null}, {""move_vx"": -6.0, ""move_vy"": 0.0, ""kick_power"": 0.0, ""kick_dir"": null}, {""move_vx"": 4.390586588143732, ""move_vy"": 2.594754210327517, ""kick_power"": 0.0, ""kick_dir"": null}, {""move_vx"": -4.242640687119285, ""move_vy"": -4.242640687119285, ""kick_power"": 0.0, ""kick_dir"": null}, {""move_vx"": -5.2151902566685795, ""move_vy"": -3.125410466922564, ""kick_power"": 0.0, ""kick_dir"": null}, {""move_vx"": -4.242640687119285, ""move_vy"": -4.242640687119285, ""kick_power"": 0.0, ""kick_dir"": null}, {""move_vx"": -0.0, ""move_vy"": -6.4, ""kick_power"": 0.0, ""kick_dir"": null}]"
85,123,default,default,0,25.59306966808703,36.762040128484436,20,B,,0.051282681796781804,-0.05615434164717606,0.4092525010927317,"[{""move_vx"": 0.0, ""move_vy"": 5.0, ""kick_power"": 0.0, ""kick_dir"": null}, {""move_vx"": 0.0, ""move_vy"": 5.8, ""kick_power"": 0.0, ""kick_dir"": null}, {""move_vx"": 0.0, ""move_vy"": 0.0, ""kick_power"": 0.9, ""kick_dir"": [-0.17650341324720564, 0.9842999825431098]}, {""move_vx"": 5.18253387477543, ""move_vy"": 1.5170176784748315, ""kick_power"": 0.0, ""kick_dir"": null}, {""move_vx"": 5.686966179304302, ""move_vy"": -1.1394804410120567, ""kick_power"": 0.0, ""kick_dir"": null}, {""move_vx"": -6.1, ""move_vy"": 0.0, ""kick_power"": 0.0, ""kick_dir"": null}, {""move_vx"": 0.0, ""move_vy"": 0.0, ""kick_power"": 0.0, ""kick_dir"": null}, {""move_vx"": 7.4944208615353425, ""move_vy"": -0.28923338359161327, ""kick_power"": 0.0, ""kick_dir"": null}, {""move_vx"": 2.413257335254963, ""move_vy"": 4.589162672409653, ""kick_power"": 0.0, ""kick_dir"": null}, {""move_vx"": 0.0, ""move_vy"": 6.0, ""kick_power"": 0.0, ""kick_dir"": null}, {""move_vx"": -6.0, ""move_vy"": 0.0, ""kick_power"": 0.0, ""kick_dir"": null}, {""move_vx"": -5.248220218334638, ""move_vy"": -0.13669140376600047, ""kick_power"": 0.0, ""kick_dir"": null}, {""move_vx"": -5.579408209986619, ""move_vy"": -1.5843623406070693, ""kick_power"": 0.0, ""kick_dir"": null}, {""move_vx"": -5.399573291444716, ""move_vy"": 0.06788424203656813, ""kick_power"": 0.0, ""kick_dir"": null}, {""move_vx"": -3.8183766184073566, ""move_vy"": -3.8183766184073566, ""kick_power"": 0.0, ""kick_dir"": null}, {""move_vx"": -5.695317974668303, ""move_vy"": 1.0969745518562115, ""kick_power"": 0.0, ""kick_dir"": null}, {""move_vx"": 4.9221429110466355, ""move_vy"": -1.3351064239353163, ""kick_power"": 0.0, ""kick_dir"": null}, {""move_vx"": 4.390586588143732, ""move_vy"": 2.5947542103275176, ""kick_power"": 0.0, ""kick_dir"": null}, {""move_vx"": -4.242640687119285, ""move_vy"": -4.242640687119285, ""kick_power"": 0.0, ""kick_dir"": null}, {""move_vx"": -5.238563827431107, ""move_vy"": -3.0860733993102563, ""kick_power"": 0.0, ""kick_dir"": null}, {""move_vx"": -7.195281612081865, ""move_vy"": 0.2606194981895745, ""kick_power"": 0.0, ""kick_dir"": null}, {""move_vx"": -0.0, ""move_vy"": -6.4, ""kick_power"": 0.0, ""kick_dir"": null}]"
85,124,default,default,0,25.478052112134023,35.97207672684096,20,B,,0.05117725987263067,-0.023187205492334495,0.4170358987311031,"[{""move_vx"": 0.0, ""move_vy"": 5.0, ""kick_power"": 0.0, ""kick_dir"": null}, {""move_vx"": 0.0, ""move_vy"": 5.8, ""kick_power"": 0.0, ""kick_dir"": null}, {""move_vx"": 3.8183766184073566, ""move_vy"": 3.8183766184073566, ""kick_power"": 0.0, ""kick_dir"": null}, {""move_vx"": 0.0, ""move_vy"": -5.4, ""kick_power"": 0.0, ""kick_dir"": null}, {""move_vx"": -1.1498433512053423, ""move_vy"": -5.388688176883949, ""kick_power"": 0.0, ""kick_dir"": null}, {""move_vx"": 0.0, ""move_vy"": 0.0, ""kick_power"": 0.65, ""kick_dir"": [0.7082421766859359, 0.705969374078541]}, {""move_vx"": 0.0, ""move_vy"": 0.0, ""kick_power"": 0.0, ""kick_dir"": null}, {""move_vx"": 7.4944208615353425, ""move_vy"": -0.2892333835916124, ""kick_power"": 0.0, ""kick_dir"": null}, {""move_vx"": 2.42625527463643, ""move_vy"": 4.582304042978695, ""kick_power"": 0.0, ""kick_dir"": null}, {""move_vx"": 0.0, ""move_vy"": 0.0, ""kick_power"": 0.0, ""kick_dir"": null}, {""move_vx"": -6.0, ""move_vy"": 0.0, ""kick_power"": 0.0, ""kick_dir"": null}, {""move_vx"": 5.0, ""move_vy"": 0.0, ""kick_power"": 0.0, ""kick_dir"": null}, {""move_vx"": -5.579408209986619, ""move_vy"": -1.5843623406070686, ""kick_power"": 0.0, ""kick_dir"": null}, {""move_vx"": -5.399677771502277, ""move_vy"": 0.05899121921282748, ""kick_power"": 0.0, ""kick_dir"": null}, {""move_vx"": -3.8183766184073566, ""move_vy"": -3.8183766184073566, ""kick_power"": 0.0, ""kick_dir"": null}, {""move_vx"": -5.695317974668304, ""move_vy"": 1.0969745518562124, ""kick_power"": 0.0, ""kick_dir"": null}, {""move_vx"": -6.0, ""move_vy"": 0.0, ""kick_power"": 0.0, ""kick_dir"": null}, {""move_vx"": 4.390586588143732, ""move_vy"": 2.5947542103275185, ""kick_power"": 0.0, ""kick_dir"": null}, {""move_vx"": -0.0, ""move_vy"": 0.0, ""kick_power"": 0.65, ""kick_dir"": [0.7887401498180986, -0.6147266354359162]}, {""move_vx"": -5.24131301075043, ""move_vy"": -3.081401941217386, ""kick_power"": 0.0, ""kick_dir"": null}, {""move_vx"": -4.242640687119285, ""move_vy"": -4.242640687119285, ""kick_power"": 0.0, ""kick_dir"": null}, {""move_vx"": -0.0, ""move_vy"": -6.4, ""kick_power"": 0.0, ""kick_dir"": null}]"
85,125,default,default,0,25.021178153166428,36.014486895534766,20,B,,0.05426447156485107,-0.055325413786767814,0.41469071104426747,"[{""move_vx"": 0.0, ""move_vy"": 5.0, ""kick_power"": 0.0, ""kick_dir"": null}, {""move_vx"": 0.0, ""move_vy"": 5.8, ""kick_power"": 0.0, ""kick_dir"": null}, {""move_vx"": 3.8183766184073566, ""move_vy"": 3.8183766184073566, ""kick_power"": 0.0, ""kick_dir"": null}, {""move_vx"": 5.1757848440254515, ""move_vy"": 1.5398867647838363, ""kick_power"": 0.0, ""kick_dir"": null}, {""move_vx"": -5.8, ""move_vy"": 0.0, ""kick_power"": 0.0, ""kick_dir"": null}, {""move_vx"": 0.0, ""move_vy"": 0.0, ""kick_power"": 0.65, ""kick_dir"": [0.723009077824693, 0.6908383390148779]}, {""move_vx"": 0.0, ""move_vy"": 0.0, ""kick_power"": 0.0, ""kick_dir"": null}, {""move_vx"": 7.4944208615353425, ""move_vy"": -0.2892333835916115, ""kick_power"": 0.0, ""kick_dir"": null}, {""move_vx"": 2.4396317662820306, ""move_vy"": 4.575196372282573, ""kick_power"": 0.0, ""kick_dir"": null}, {""move_vx"": 0.0, ""move_vy"": 6.0, ""kick_power"": 0.0, ""kick_dir"": null}, {""move_vx"": -6.0, ""move_vy"": 0.0, ""kick_power"": 0.0, ""kick_dir"": null}, {""move_vx"": -5.248243017633692, ""move_vy"": -0.13581320944294464, ""kick_power"": 0.0, ""kick_dir"": null}, {""move_vx"": -5.579408209986619, ""move_vy"": -1.5843623406070675, ""kick_power"": 0.0, ""kick_dir"": null}, {""move_vx"": -5.399999910631214, ""move_vy"": 0.000982437216203897, ""kick_power"": 0.0, ""kick_dir"": null}, {""move_vx"": -3.8183766184073566, ""move_vy"": -3.8183766184073566, ""kick_power"": 0.0, ""kick_dir"": null}, {""move_vx"": -5.695317974668303, ""move_vy"": 1.0969745518562133, ""kick_power"": 0.0, ""kick_dir"": null}, {""move_vx"": -6.0, ""move_vy"": 0.0, ""kick_power"": 0.0, ""kick_dir"": null}, {""move_vx"": 4.390586588143732, ""move_vy"": 2.5947542103275194, ""kick_power"": 0.0, ""kick_dir"": null}, {""move_vx"": -4.242640687119285, ""move_vy"": -4.242640687119285, ""kick_power"": 0.0, ""kick_dir"": null}, {""move_vx"": 4.525483399593904, ""move_vy"": -4.525483399593904, ""kick_power"": 0.0, ""kick_dir"": null}, {""move_vx"": -4.242640687119285, ""move_vy"": -4.242640687119285, ""kick_power"": 0.0, ""kick_dir"": null}, {""move_vx"": -0.0, ""move_vy"": -6.4, ""kick_power"": 0.0, ""kick_dir"": null}]"
85,126,default,default,0,24.86118153891222,35.55369386800252,20,B,,0.05518990625540382,-0.031573730042448206,0.4225045578761413,"[{""move_vx"": 5.249999574305205, ""move_vy"": 0.0021141890098823994, ""kick_power"": 0.0, ""kick_dir"": null}, {""move_vx"": 0.0, ""move_vy"": 5.8, ""kick_power"": 0.0, ""kick_dir"": null}, {""move_vx"": 0.0, ""move_vy"": 0.0, ""kick_power"": 0.9, ""kick_dir"": [-0.19163497870810622, 0.9814662216063541]}, {""move_vx"": 0.0, ""move_vy"": -5.4, ""kick_power"": 0.0, ""kick_dir"": null}, {""move_vx"": 5.8, ""move_vy"": 0.0, ""kick_power"": 0.0, ""kick_dir"": null}, {""move_vx"": 0.0, ""move_vy"": 0.0, ""kick_power"": 0.65, ""kick_dir"": [0.7329260036035127, 0.680308172461704]}, {""move_vx"": 0.0, ""move_vy"": 0.0, ""kick_power"": 0.0, ""kick_dir"": null}, {""move_vx"": 7.4944208615353425, ""move_vy"": -0.2892333835916106, ""kick_power"": 0.0, ""kick_dir"": null}, {""move_vx"": 2.4534075719928707, ""move_vy"": 4.56782402087559, ""kick_power"": 0.0, ""kick_dir"": null}, {""move_vx"": 0.0, ""move_vy"": 6.0, ""kick_power"": 0.0, ""kick_dir"": null}, {""move_vx"": -6.0, ""move_vy"": 0.0, ""kick_power"": 0.0, ""kick_dir"": null}, {""move_vx"": -5.248253316409904, ""move_vy"": -0.1354146476288762, ""kick_power"": 0.0, ""kick_dir"": null}, {""move_vx"": -5.579408209986619, ""move_vy"": -1.5843623406070664, ""kick_power"": 0.0, ""kick_dir"": null}, {""move_vx"": -5.399998382512288, ""move_vy"": -0.004179577093653646, ""kick_power"": 0.0, ""kick_dir"": null}, {""move_vx"": -3.8183766184073566, ""move_vy"": -3.8183766184073566, ""kick_power"": 0.0, ""kick_dir"": null}, {""move_vx"": -5.695317974668303, ""move_vy"": 1.096974551856214, ""kick_power"": 0.0, ""kick_dir"": null}, {""move_vx"": -6.0, ""move_vy"": 0.0, ""kick_power"": 0.0, ""kick_dir"": null}, {""move_vx"": -0.0, ""move_vy"": 0.0, ""kick_power"": 0.0, ""kick_dir"": null}, {""move_vx"": -4.242640687119285, ""move_vy"": -4.242640687119285, ""kick_power"": 0.0, ""kick_dir"": null}, {""move_vx"": 4.525483399593904, ""move_vy"": -4.525483399593904, ""kick_power"": 0.0, ""kick_dir"": null}, {""move_vx"": -4.242640687119285, ""move_vy"": -4.242640687119285, ""kick_power"": 0.0, ""kick_dir"": null}, {""move_vx"": -0.0, ""move_vy"": -6.4, ""kick_power"": 0.0, ""kick_dir"": null}]"
85,127,default,default,0,25.032086643031768,36.65524523388591,20,B,,0.055734370872581616,0.014836725088182925,0.4433577052875547,"[{""move_vx"": 5.249999576826947, ""move_vy"": 0.0021079176619688985, ""kick_power"": 0.0, ""kick_dir"": null}, {""move_vx"": -4.1012193308819755, ""move_vy"": 4.1012193308819755, ""kick_power"": 0.0, ""kick_dir"": null}, {""move_vx"": -6.73494887170718, ""move_vy"": -1.9801170913585373, ""kick_power"": 0.0, ""kick_dir"": null}, {""move_vx"": 0.0, ""move_vy"": 5.4, ""kick_power"": 0.0, ""kick_dir"": null}, {""move_vx"": 5.8, ""move_vy"": 0.0, ""kick_power"": 0.0, ""kick_dir"": null}, {""move_vx"": 1.8897934267359409, ""move_vy"": 5.478202789625957, ""kick_power"": 0.0, ""kick_dir"": null}, {""move_vx"": 7.484552299284961, ""move_vy"": 0.4811204415405869, ""kick_power"": 0.0, ""kick_dir"": null}, {""move_vx"": 7.494420861535343, ""move_vy"": -0.2892333835916097, ""kick_power"": 0.0, ""kick_dir"": null}, {""move_vx"": -4.313351365237939, ""move_vy"": -4.313351365237939, ""kick_power"": 0.0, ""kick_dir"": null}, {""move_vx"": 0.0, ""move_vy"": 0.0, ""kick_power"": 0.0, ""kick_dir"": null}, {""move_vx"": -6.0, ""move_vy"": 0.0, ""kick_power"": 0.0, ""kick_dir"": null}, {""move_vx"": -5.248263562379569, ""move_vy"": -0.13501696115270714, ""kick_power"": 0.0, ""kick_dir"": null}, {""move_vx"": -5.579408209986619, ""move_vy"": -1.5843623406070653, ""kick_power"": 0.0, ""kick_dir"": null}, {""move_vx"": -5.399827968340665, ""move_vy"": -0.043103507118727014, ""kick_power"": 0.0, ""kick_dir"": null}, {""move_vx"": -3.8183766184073566, ""move_vy"": -3.8183766184073566, ""kick_power"": 0.0, ""kick_dir"": null}, {""move_vx"": -5.695317974668303, ""move_vy"": 1.0969745518562128, ""kick_power"": 0.0, ""kick_dir"": null}, {""move_vx"": -6.0, ""move_vy"": 0.0, ""kick_power"": 0.0, ""kick_dir"": null}, {""move_vx"": -0.0, ""move_vy"": 0.0, ""kick_power"": 0.0, ""kick_dir"": null}, {""move_vx"": -4.242640687119285, ""move_vy"": -4.242640687119285, ""kick_power"": 0.0, ""kick_dir"": null}, {""move_vx"": 4.525483399593904, ""move_vy"": -4.525483399593904, ""kick_power"": 0.0, ""kick_dir"": null}, {""move_vx"": -0.0, ""move_vy"": 0.0, ""kick_power"": 0.0, ""kick_dir"": null}, {""move_vx"": -0.0, ""move_vy"": -6.4, ""kick_power"": 0.0, ""kick_dir"": null}]"
85,128,default,default,0,24.162983921890387,36.153017762565575,20,B,,0.06214839293557862,-0.08542590903237676,0.405635280203878,"[{""move_vx"": 0.0, ""move_vy"": 5.0, ""kick_power"": 0.0, ""kick_dir"": null}, {""move_vx"": 0.0, ""move_vy"": 5.8, ""kick_power"": 0.0, ""kick_dir"": null}, {""move_vx"": 0.0, ""move_vy"": 0.0, ""kick_power"": 0.9, ""kick_dir"": [-0.15984279622261888, 0.9871424366917465]}, {""move_vx"": 0.0, ""move_vy"": -5.4, ""kick_power"": 0.0, ""kick_dir"": null}, {""move_vx"": 0.0, ""move_vy"": -5.8, ""kick_power"": 0.0, ""kick_dir"": null}, {""move_vx"": -6.1, ""move_vy"": 0.0, ""kick_power"": 0.0, ""kick_dir"": null}, {""move_vx"": 0.0, ""move_vy"": 0.0, ""kick_power"": 0.0, ""kick_dir"": null}, {""move_vx"": 7.4944208615353425, ""move_vy"": -0.2892333835916087, ""kick_power"": 0.0, ""kick_dir"": null}, {""move_vx"": -2.4917841360232242, ""move_vy"": -5.90042683366746, ""kick_power"": 0.0, ""kick_dir"": null}, {""move_vx"": 0.0, ""move_vy"": 6.0, ""kick_power"": 0.0, ""kick_dir"": null}, {""move_vx"": -6.0, ""move_vy"": 0.0, ""kick_power"": 0.0, ""kick_dir"": null}, {""move_vx"": 5.0, ""move_vy"": 0.0, ""kick_power"": 0.0, ""kick_dir"": null}, {""move_vx"": -5.57940820998662, ""move_vy"": -1.5843623406070644, ""kick_power"": 0.0, ""kick_dir"": null}, {""move_vx"": -5.399968897393646, ""move_vy"": 0.01832777076623893, ""kick_power"": 0.0, ""kick_dir"": null}, {""move_vx"": -3.8183766184073566, ""move_vy"": -3.8183766184073566, ""kick_power"": 0.0, ""kick_dir"": null}, {""move_vx"": -6.849201308702143, ""move_vy"": -1.2369484358181029, ""kick_power"": 0.0, ""kick_dir"": null}, {""move_vx"": 4.923947150178509, ""move_vy"": -1.3284368491761025, ""kick_power"": 0.0, ""kick_dir"": null}, {""move_vx"": -0.0, ""move_vy"": 0.0, ""kick_power"": 0.0, ""kick_dir"": null}, {""move_vx"": -4.242640687119285, ""move_vy"": -4.242640687119285, ""kick_power"": 0.0, ""kick_dir"": null}, {""move_vx"": -8.29789157360763, ""move_vy"": -0.6061315308177663, ""kick_power"": 0.0, ""kick_dir"": null}, {""move_vx"": -7.188838711270549, ""move_vy"": 0.400746782068166, ""kick_power"": 0.0, ""kick_dir"": null}, {""move_vx"": -0.0, ""move_vy"": -6.4, ""kick_power"": 0.0, ""kick_dir"": null}]"
85,129,default,default,0,23.683728007805684,36.17973421470345,20,B,,0.0653114967095977,-0.04836886142953325,0.42630806518695646,"[{""move_vx"": 0.0, ""move_vy"": 5.0, ""kick_power"": 0.0, ""kick_dir"": null}, {""move_vx"": 0.0, ""move_vy"": 5.8, ""kick_power"": 0.0, ""kick_dir"": null}, {""move_vx"": 0.0, ""move_vy"": 0.0, ""kick_power"": 0.9, ""kick_dir"": [-0.1488990349375446, 0.9888523588640711]}, {""move_vx"": 0.0, ""move_vy"": 5.4, ""kick_power"": 0.0, ""kick_dir"": null}, {""move_vx"": -1.7672932829611196, ""move_vy"": -5.2188863229620654, ""kick_power"": 0.0, ""kick_dir"": null}, {""move_vx"": 0.0, ""move_vy"": 0.0, ""kick_power"": 0.65, ""kick_dir"": [0.8054786007350455, 0.5926246444016875]}, {""move_vx"": 0.0, ""move_vy"": 0.0, ""kick_power"": 0.0, ""kick_dir"": null}, {""move_vx"": 7.494420861535343, ""move_vy"": -0.2892333835916078, ""kick_power"": 0.0, ""kick_dir"": null}, {""move_vx"": -2.809608127079989, ""move_vy"": -5.755877619637693, ""kick_power"": 0.0, ""kick_dir"": null}, {""move_vx"": 0.0, ""move_vy"": 6.0, ""kick_power"": 0.0, ""kick_dir"": null}, {""move_vx"": -6.0, ""move_vy"": 0.0, ""kick_power"": 0.0, ""kick_dir"": null}, {""move_vx"": -5.0, ""move_vy"": 0.0, ""kick_power"": 0.0, ""kick_dir"": null}, {""move_vx"": -5.57940820998662, ""move_vy"": -1.5843623406070635, ""kick_power"": 0.0, ""kick_dir"": null}, {""move_vx"": -5.399938205227315, ""move_vy"": -0.025833693626806525, ""kick_power"": 0.0, ""kick_dir"": null}, {""move_vx"": -3.8183766184073566, ""move_vy"": -3.8183766184073566, ""kick_power"": 0.0, ""kick_dir"": null}, {""move_vx"": -5.690753922783488, ""move_vy"": 1.1204105454360687, ""kick_power"": 0.0, ""kick_dir"": null}, {""move_vx"": 4.923122013453789, ""move_vy"": -1.331491509791444, ""kick_power"": 0.0, ""kick_dir"": null}, {""move_vx"": -0.0, ""move_vy"": 0.0, ""kick_power"": 0.0, ""kick_dir"": null}, {""move_vx"": -4.242640687119285, ""move_vy"": -4.242640687119285, ""kick_power"": 0.0, ""kick_dir"": null}, {""move_vx"": -8.297200837200945, ""move_vy"": -0.6155146360176615, ""kick_power"": 0.0, ""kick_dir"": null}, {""move_vx"": -7.188838711270548, ""move_vy"": 0.40074678206816644, ""kick_power"": 0.0, ""kick_dir"": null}, {""move_vx"": -0.0, ""move_vy"": -6.4, ""kick_power"": 0.0, ""kick_dir"": null}]"
85,130,default,default,0,23.20447209372098,36.20645066684133,20,B,,0.06840373872308052,-0.051161938439855816,0.424617989320938,"[{""move_vx"": 0.0, ""move_vy"": 5.0, ""kick_power"": 0.0, ""kick_dir"": null}, {""move_vx"": 0.0, ""move_vy"": 5.8, ""kick_power"": 0.0, ""kick_dir"": null}, {""move_vx"": 0.0, ""move_vy"": 0.0, ""kick_power"": 0.9, ""kick_dir"": [-0.1380579749059848, 0.9904241042233545]}, {""move_vx"": 0.0, ""move_vy"": 5.4, ""kick_power"": 0.0, ""kick_dir"": null}, {""move_vx"": 0.0, ""move_vy"": -5.8, ""kick_power"": 0.0, ""kick_dir"": null}, {""move_vx"": 0.0, ""move_vy"": 0.0, ""kick_power"": 0.65, ""kick_dir"": [0.8054786007350455, 0.5926246444016875]}, {""move_vx"": 0.0, ""move_vy"": 0.0, ""kick_power"": 0.0, ""kick_dir"": null}, {""move_vx"": 7.494420861535344, ""move_vy"": -0.28923338359160683, ""kick_power"": 0.0, ""kick_dir"": null}, {""move_vx"": -3.041428560358962, ""move_vy"": -5.636819787099178, ""kick_power"": 0.0, ""kick_dir"": null}, {""move_vx"": 0.0, ""move_vy"": 6.0, ""kick_power"": 0.0, ""kick_dir"": null}, {""move_vx"": -6.0, ""move_vy"": 0.0, ""kick_power"": 0.0, ""kick_dir"": null}, {""move_vx"": 5.0, ""move_vy"": 0.0, ""kick_power"": 0.0, ""kick_dir"": null}, {""move_vx"": -5.579408209986621, ""move_vy"": -1.5843623406070624, ""kick_power"": 0.0, ""kick_dir"": null}, {""move_vx"": -5.39988057583278, ""move_vy"": -0.03591332265131566, ""kick_power"": 0.0, ""kick_dir"": null}, {""move_vx"": -3.8183766184073566, ""move_vy"": -3.8183766184073566, ""kick_power"": 0.0, ""kick_dir"": null}, {""move_vx"": -5.690753922783488, ""move_vy"": 1.1204105454360687, ""kick_power"": 0.0, ""kick_dir"": null}, {""move_vx"": 4.921480847179009, ""move_vy"": -1.3375448668550078, ""kick_power"": 0.0, ""kick_dir"": null}, {""move_vx"": -0.0, ""move_vy"": 0.0, ""kick_power"": 0.0, ""kick_dir"": null}, {""move_vx"": -4.242640687119285, ""move_vy"": -4.242640687119285, ""kick_power"": 0.0, ""kick_dir"": null}, {""move_vx"": -8.296477325549771, ""move_vy"": -0.6251911600770806, ""kick_power"": 0.0, ""kick_dir"": null}, {""move_vx"": -7.188838711270548, ""move_vy"": 0.40074678206816694, ""kick_power"": 0.0, ""kick_dir"": null}, {""move_vx"": -0.0, ""move_vy"": -6.4, ""kick_power"": 0.0, ""kick_dir"": null}]"
85,131,default,default,0,22.725216179636277,36.2331671189792,20,B,,0.07141965498191316,-0.05151605242886893,0.4274853900393097,"[{""move_vx"": 0.0, ""move_vy"": 5.0, ""kick_power"": 0.0, ""kick_dir"": null}, {""move_vx"": 0.0, ""move_vy"": 5.8, ""kick_power"": 0.0, ""kick_dir"": null}, {""move_vx"": 0.0, ""move_vy"": 0.0, ""kick_power"": 0.9, ""kick_dir"": [-0.1273018054151569, 0.9918639833320232]}, {""move_vx"": 0.0, ""move_vy"": 5.4, ""kick_power"": 0.0, ""kick_dir"": null}, {""move_vx"": -2.071506506489785, ""move_vy"": -5.105777197799615, ""kick_power"": 0.0, ""kick_dir"": null}, {""move_vx"": 0.0, ""move_vy"": 0.0, ""kick_power"": 0.65, ""kick_dir"": [0.8054786007350455, 0.5926246444016875]}, {""move_vx"": 0.0, ""move_vy"": 0.0, ""kick_power"": 0.0, ""kick_dir"": null}, {""move_vx"": 7.494420861535343, ""move_vy"": -0.2892333835916059, ""kick_power"": 0.0, ""kick_dir"": null}, {""move_vx"": -3.268610558721311, ""move_vy"": -5.508194805507115, ""kick_power"": 0.0, ""kick_dir"": null}, {""move_vx"": 0.0, ""move_vy"": 6.0, ""kick_power"": 0.0, ""kick_dir"": null}, {""move_vx"": -6.0, ""move_vy"": 0.0, ""kick_power"": 0.0, ""kick_dir"": null}, {""move_vx"": 5.0, ""move_vy"": 0.0, ""kick_power"": 0.0, ""kick_dir"": null}, {""move_vx"": -5.579408209986622, ""move_vy"": -1.584362340607061, ""kick_power"": 0.0, ""kick_dir"": null}, {""move_vx"": -5.39980486090734, ""move_vy"": -0.04590712495320583, ""kick_power"": 0.0, ""kick_dir"": null}, {""move_vx"": -3.8183766184073566, ""move_vy"": -3.8183766184073566, ""kick_power"": 0.0, ""kick_dir"": null}, {""move_vx"": -5.690753922783488, ""move_vy"": 1.120410545436069, ""kick_power"": 0.0, ""kick_dir"": null}, {""move_vx"": 4.919558932092534, ""move_vy"": -1.3445965616751228, ""kick_power"": 0.0, ""kick_dir"": null}, {""move_vx"": -0.0, ""move_vy"": 0.0, ""kick_power"": 0.0, ""kick_dir"": null}, {""move_vx"": -4.242640687119285, ""move_vy"": -4.242640687119285, ""kick_power"": 0.0, ""kick_dir"": null}, {""move_vx"": -8.295718939029422, ""move_vy"": -0.635175003151565, ""kick_power"": 0.0, ""kick_dir"": null}, {""move_vx"": -7.188838711270548, ""move_vy"": 0.4007467820681675, ""kick_power"": 0.0, ""kick_dir"": null}, {""move_vx"": -0.0, ""move_vy"": -6.4, ""kick_power"": 0.0, ""kick_dir"": null}]"
85,132,default,default,0,22.245960265551574,36.25988357111708,20,B,,0.07435331544541601,-0.05506828045566949,0.4352299105986905,"[{""move_vx"": 0.0, ""move_vy"": 5.0, ""kick_power"": 0.0, ""kick_dir"": null}, {""move_vx"": 0.0, ""move_vy"": 5.8, ""kick_power"": 0.0, ""kick_dir"": null}, {""move_vx"": 0.0, ""move_vy"": 0.0, ""kick_power"": 0.9, ""kick_dir"": [-0.11663305691582722, 0.9931750306792868]}, {""move_vx"": 0.0, ""move_vy"": -5.4, ""kick_power"": 0.0, ""kick_dir"": null}, {""move_vx"": 0.0, ""move_vy"": -5.8, ""kick_power"": 0.0, ""kick_dir"": null}, {""move_vx"": 0.0, ""move_vy"": 0.0, ""kick_power"": 0.65, ""kick_dir"": [0.8054786007350455, 0.5926246444016875]}, {""move_vx"": 0.0, ""move_vy"": 0.0, ""kick_power"": 0.0, ""kick_dir"": null}, {""move_vx"": 7.4944208615353425, ""move_vy"": -0.28923338359160483, ""kick_power"": 0.0, ""kick_dir"": null}, {""move_vx"": -3.49002342267615, ""move_vy"": -5.370638836225339, ""kick_power"": 0.0, ""kick_dir"": null}, {""move_vx"": 0.0, ""move_vy"": 6.0, ""kick_power"": 0.0, ""kick_dir"": null}, {""move_vx"": -6.0, ""move_vy"": 0.0, ""kick_power"": 0.0, ""kick_dir"": null}, {""move_vx"": 5.0, ""move_vy"": 0.0, ""kick_power"": 0.0, ""kick_dir"": null}, {""move_vx"": -5.579408209986622, ""move_vy"": -1.5843623406070602, ""kick_power"": 0.0, ""kick_dir"": null}, {""move_vx"": -5.399721179428737, ""move_vy"": -0.05487426016565582, ""kick_power"": 0.0, ""kick_dir"": null}, {""move_vx"": -3.8183766184073566, ""move_vy"": -3.8183766184073566, ""kick_power"": 0.0, ""kick_dir"": null}, {""move_vx"": -5.690753922783487, ""move_vy"": 1.120410545436069, ""kick_power"": 0.0, ""kick_dir"": null}, {""move_vx"": -6.0, ""move_vy"": 0.0, ""kick_power"": 0.0, ""kick_dir"": null}, {""move_vx"": -0.0, ""move_vy"": 0.0, ""kick_power"": 0.0, ""kick_dir"": null}, {""move_vx"": -4.242640687119285, ""move_vy"": -4.242640687119285, ""kick_power"": 0.0, ""kick_dir"": null}, {""move_vx"": -8.294923407759955, ""move_vy"": -0.6454809520009135, ""kick_power"": 0.0, ""kick_dir"": null}, {""move_vx"": -7.18883871127055, ""move_vy"": 0.40074678206816816, ""kick_power"": 0.0, ""kick_dir"": null}, {""move_vx"": -0.0, ""move_vy"": -6.4, ""kick_power"": 0.0, ""kick_dir"": null}]"
85,133,default,default,0,21.76670435146687,36.286600023254955,20,B,,0.07719829113697496,-0.05761678353648603,0.43741449019052625,"[{""move_vx"": 0.0, ""move_vy"": 5.0, ""kick_power"": 0.0, ""kick_dir"": null}, {""move_vx"": 0.0, ""move_vy"": 5.8, ""kick_power"": 0.0, ""kick_dir"": null}, {""move_vx"": 5.202113366257979, ""move_vy"": 1.448453148914411, ""kick_power"": 0.0, ""kick_dir"": null}, {""move_vx"": -3.8183766184073566, ""move_vy"": -3.8183766184073566, ""kick_power"": 0.0, ""kick_dir"": null}, {""move_vx"": -2.3509766270539507, ""move_vy"": -4.983272910351793, ""kick_power"": 0.0, ""kick_dir"": null}, {""move_vx"": 0.0, ""move_vy"": 0.0, ""kick_power"": 0.65, ""kick_dir"": [0.8054786007350455, 0.5926246444016875]}, {""move_vx"": 0.0, ""move_vy"": 0.0, ""kick_power"": 0.0, ""kick_dir"": null}, {""move_vx"": 7.494420861535343, ""move_vy"": -0.28923338359160383, ""kick_power"": 0.0, ""kick_dir"": null}, {""move_vx"": -3.704612607041815, ""move_vy"": -5.224927792012714, ""kick_power"": 0.0, ""kick_dir"": null}, {""move_vx"": 0.0, ""move_vy"": 6.0, ""kick_power"": 0.0, ""kick_dir"": null}, {""move_vx"": -6.0, ""move_vy"": 0.0, ""kick_power"": 0.0, ""kick_dir"": null}, {""move_vx"": 5.0, ""move_vy"": 0.0, ""kick_power"": 0.0, ""kick_dir"": null}, {""move_vx"": -5.579408209986622, ""move_vy"": -1.58436234060706, ""kick_power"": 0.0, ""kick_dir"": null}, {""move_vx"": -5.034572324939689, ""move_vy"": -0.9848763906965045, ""kick_power"": 0.0, ""kick_dir"": null}, {""move_vx"": -3.8183766184073566, ""move_vy"": -3.8183766184073566, ""kick_power"": 0.0, ""kick_dir"": null}, {""move_vx"": -5.690753922783487, ""move_vy"": 1.1204105454360693, ""kick_power"": 0.0, ""kick_dir"": null}, {""move_vx"": -6.0, ""move_vy"": 0.0, ""kick_power"": 0.0, ""kick_dir"": null}, {""move_vx"": -0.0, ""move_vy"": 0.0, ""kick_power"": 0.0, ""kick_dir"": null}, {""move_vx"": -4.242640687119285, ""move_vy"": -4.242640687119285, ""kick_power"": 0.0, ""kick_dir"": null}, {""move_vx"": -8.2940882748291, ""move_vy"": -0.6561247513563504, ""kick_power"": 0.0, ""kick_dir"": null}, {""move_vx"": -7.188838711270548, ""move_vy"": 0.4007467820681687, ""kick_power"": 0.0, ""kick_dir"": null}, {""move_vx"": -0.0, ""move_vy"": -6.4, ""kick_power"": 0.0, ""kick_dir"": null}]"
85,134,default,default,0,21.287448437382167,36.31331647539283,20,B,,0.07994762224319354,-0.05533827383885537,0.43872714537516355,"[{""move_vx"": 0.0, ""move_vy"": 5.0, ""kick_power"": 0.0, ""kick_dir"": null}, {""move_vx"": 0.0, ""move_vy"": 5.8, ""kick_power"": 0.0, ""kick_dir"": null}, {""move_vx"": 0.0, ""move_vy"": 0.0, ""kick_power"": 0.9, ""kick_dir"": [-0.1216205490167307, 0.9925766236469096]}, {""move_vx"": 0.0, ""move_vy"": 5.4, ""kick_power"": 0.0, ""kick_dir"": null}, {""move_vx"": 0.0, ""move_vy"": -5.8, ""kick_power"": 0.0, ""kick_dir"": null}, {""move_vx"": 0.0, ""move_vy"": 0.0, ""kick_power"": 0.65, ""kick_dir"": [0.8054786007350455, 0.5926246444016875]}, {""move_vx"": 0.0, ""move_vy"": 0.0, ""kick_power"": 0.0, ""kick_dir"": null}, {""move_vx"": 7.4944208615353425, ""move_vy"": -0.2892333835916027, ""kick_power"": 0.0, ""kick_dir"": null}, {""move_vx"": -6.1, ""move_vy"": 0.0, ""kick_power"": 0.0, ""kick_dir"": null}, {""move_vx"": 0.0, ""move_vy"": 6.0, ""kick_power"": 0.0, ""kick_dir"": null}, {""move_vx"": -6.0, ""move_vy"": 0.0, ""kick_power"": 0.0, ""kick_dir"": null}, {""move_vx"": 5.0, ""move_vy"": 0.0, ""kick_power"": 0.0, ""kick_dir"": null}, {""move_vx"": -5.579408209986622, ""move_vy"": -1.58436234060706, ""kick_power"": 0.0, ""kick_dir"": null}, {""move_vx"": -5.399657920595232, ""move_vy"": -0.06078108713389725, ""kick_power"": 0.0, ""kick_dir"": null}, {""move_vx"": -3.8183766184073566, ""move_vy"": -3.8183766184073566, ""kick_power"": 0.0, ""kick_dir"": null}, {""move_vx"": -5.690753922783487, ""move_vy"": 1.1204105454360698, ""kick_power"": 0.0, ""kick_dir"": null}, {""move_vx"": -6.0, ""move_vy"": 0.0, ""kick_power"": 0.0, ""kick_dir"": null}, {""move_vx"": -0.0, ""move_vy"": 0.0, ""kick_power"": 0.0, ""kick_dir"": null}, {""move_vx"": -4.242640687119285, ""move_vy"": -4.242640687119285, ""kick_power"": 0.0, ""kick_dir"": null}, {""move_vx"": -8.293210877561886, ""move_vy"": -0.6671231822453934, ""kick_power"": 0.0, ""kick_dir"": null}, {""move_vx"": -7.188838711270549, ""move_vy"": 0.4007467820681693, ""kick_power"": 0.0, ""kick_dir"": null}, {""move_vx"": -0.0, ""move_vy"": -6.4, ""kick_power"": 0.0, ""kick_dir"": null}]"
85,135,default,default,0,20.808192523297464,36.34003292753071,20,B,,0.08335504796224416,-0.06415964023420295,0.4447492684213442,"[{""move_vx"": 0.0, ""move_vy"": 0.0, ""kick_power"": 0.9, ""kick_dir"": [0.7674132400471128, 0.6411527552259508]}, {""move_vx"": 0.0, ""move_vy"": 5.8, ""kick_power"": 0.0, ""kick_dir"": null}, {""move_vx"": 5.2004530970918195, ""move_vy"": 1.4544028276059249, ""kick_power"": 0.0, ""kick_dir"": null}, {""move_vx"": 0.0, ""move_vy"": -5.4, ""kick_power"": 0.0, ""kick_dir"": null}, {""move_vx"": -2.606477288927981, ""move_vy"": -4.854521206288282, ""kick_power"": 0.0, ""kick_dir"": null}, {""move_vx"": 0.0, ""move_vy"": 0.0, ""kick_power"": 0.65, ""kick_dir"": [0.8054786007350455, 0.5926246444016875]}, {""move_vx"": 0.0, ""move_vy"": 0.0, ""kick_power"": 0.0, ""kick_dir"": null}, {""move_vx"": 7.494420861535343, ""move_vy"": -0.2892333835916017, ""kick_power"": 0.0, ""kick_dir"": null}, {""move_vx"": -6.1, ""move_vy"": 0.0, ""kick_power"": 0.0, ""kick_dir"": null}, {""move_vx"": 0.0, ""move_vy"": 6.0, ""kick_power"": 0.0, ""kick_dir"": null}, {""move_vx"": -6.0, ""move_vy"": 0.0, ""kick_power"": 0.0, ""kick_dir"": null}, {""move_vx"": 5.0, ""move_vy"": 0.0, ""kick_power"": 0.0, ""kick_dir"": null}, {""move_vx"": -5.579408209986622, ""move_vy"": -1.58436234060706, ""kick_power"": 0.0, ""kick_dir"": null}, {""move_vx"": -5.399658092113976, ""move_vy"": -0.06076584787577736, ""kick_power"": 0.0, ""kick_dir"": null}, {""move_vx"": -3.8183766184073566, ""move_vy"": -3.8183766184073566, ""kick_power"": 0.0, ""kick_dir"": null}, {""move_vx"": -5.690753922783487, ""move_vy"": 1.12041054543607, ""kick_power"": 0.0, ""kick_dir"": null}, {""move_vx"": -6.178181633803581, ""move_vy"": 1.2329118783319912, ""kick_power"": 0.0, ""kick_dir"": null}, {""move_vx"": -0.0, ""move_vy"": 0.0, ""kick_power"": 0.0, ""kick_dir"": null}, {""move_vx"": -6.0, ""move_vy"": 0.0, ""kick_power"": 0.0, ""kick_dir"": null}, {""move_vx"": -8.292288326573733, ""move_vy"": -0.6784941480728074, ""kick_power"": 0.0, ""kick_dir"": null}, {""move_vx"": -7.188838711270549, ""move_vy"": 0.40074678206817, ""kick_power"": 0.0, ""kick_dir"": null}, {""move_vx"": -5.757259455586913, ""move_vy"": 0.1776613662423127, ""kick_power"": 0.0, ""kick_dir"": null}]"
85,136,default,default,0,20.32893660921276,36.36674937966858,20,B,,0.08603201637297732,-0.05893615548183578,0.43494231988434984,"[{""move_vx"": 0.0, ""move_vy"": 5.0, ""kick_power"": 0.0, ""kick_dir"": null}, {""move_vx"": 0.0, ""move_vy"": 5.8, ""kick_power"": 0.0, ""kick_dir"": null}, {""move_vx"": 0.0, ""move_vy"": 0.0, ""kick_power"": 0.9, ""kick_dir"": [-0.12691476372285412, -0.9919135821428101]}, {""move_vx"": -3.8183766184073566, ""move_vy"": -3.8183766184073566, ""kick_power"": 0.0, ""kick_dir"": null}, {""move_vx"": 0.0, ""move_vy"": -5.8, ""kick_power"": 0.0, ""kick_dir"": null}, {""move_vx"": 0.0, ""move_vy"": 0.0, ""kick_power"": 0.65, ""kick_dir"": [0.8054786007350455, 0.5926246444016875]}, {""move_vx"": 0.0, ""move_vy"": 0.0, ""kick_power"": 0.0, ""kick_dir"": null}, {""move_vx"": 7.4944208615353425, ""move_vy"": -0.2892333835916006, ""kick_power"": 0.0, ""kick_dir"": null}, {""move_vx"": -6.1, ""move_vy"": 0.0, ""kick_power"": 0.0, ""kick_dir"": null}, {""move_vx"": 0.0, ""move_vy"": 6.0, ""kick_power"": 0.0, ""kick_dir"": null}, {""move_vx"": -6.0, ""move_vy"": 0.0, ""kick_power"": 0.0, ""kick_dir"": null}, {""move_vx"": 5.0, ""move_vy"": 0.0, ""kick_power"": 0.0, ""kick_dir"": null}, {""move_vx"": -5.579408209986622, ""move_vy"": -1.5843623406070595, ""kick_power"": 0.0, ""kick_dir"": null}, {""move_vx"": -5.3996784274210405, ""move_vy"": -0.058931150029904386, ""kick_power"": 0.0, ""kick_dir"": null}, {""move_vx"": -3.8183766184073566, ""move_vy"": -3.8183766184073566, ""kick_power"": 0.0, ""kick_dir"": null}, {""move_vx"": -5.690753922783487, ""move_vy"": 1.1204105454360704, ""kick_power"": 0.0, ""kick_dir"": null}, {""move_vx"": 4.923873960989935, ""move_vy"": -1.3287081004815473, ""kick_power"": 0.0, ""kick_dir"": null}, {""move_vx"": -0.0, ""move_vy"": 0.0, ""kick_power"": 0.0, ""kick_dir"": null}, {""move_vx"": -6.0, ""move_vy"": 0.0, ""kick_power"": 0.0, ""kick_dir"": null}, {""move_vx"": -5.4374324314594835, ""move_vy"": -1.9005074462660272, ""kick_power"": 0.0, ""kick_dir"": null}, {""move_vx"": -7.188838711270549, ""move_vy"": 0.40074678206817066, ""kick_power"": 0.0, ""kick_dir"": null}, {""move_vx"": -0.0, ""move_vy"": -6.4, ""kick_power"": 0.0, ""kick_dir"": null}]"
85,137,default,default,0,19.849680695128058,36.39346583180646,20,B,,0.089497041057522,-0.0647636310581937,0.443040502576215,"[{""move_vx"": 0.0, ""move_vy"": 0.0, ""kick_power"": 0.9, ""kick_dir"": [0.7701723308996498, 0.6378358073533831]}, {""move_vx"": 0.0, ""move_vy"": 0.0, ""kick_power"": 0.0, ""kick_dir"": null}, {""move_vx"": 5.198859922856394, ""move_vy"": 1.4600874982403018, ""kick_power"": 0.0, ""kick_dir"": null}, {""move_vx"": -3.8183766184073566, ""move_vy"": -3.8183766184073566, ""kick_power"": 0.0, ""kick_dir"": null}, {""move_vx"": -2.8392613812481793, ""move_vy"": -4.7221493844384765, ""kick_power"": 0.0, ""kick_dir"": null}, {""move_vx"": 0.0, ""move_vy"": 0.0, ""kick_power"": 0.7, ""kick_dir"": [0.9921247592170073, 0.12525348461929128]}, {""move_vx"": 0.0, ""move_vy"": 0.0, ""kick_power"": 0.0, ""kick_dir"": null}, {""move_vx"": 7.4944208615353425, ""move_vy"": -0.28923338359159945, ""kick_power"": 0.0, ""kick_dir"": null}, {""move_vx"": -6.1, ""move_vy"": 0.0, ""kick_power"": 0.0, ""kick_dir"": null}, {""move_vx"": 0.0, ""move_vy"": 6.0, ""kick_power"": 0.0, ""kick_dir"": null}, {""move_vx"": -6.0, ""move_vy"": 0.0, ""kick_power"": 0.0, ""kick_dir"": null}, {""move_vx"": 5.0, ""move_vy"": 0.0, ""kick_power"": 0.0, ""kick_dir"": null}, {""move_vx"": -5.579408209986622, ""move_vy"": -1.5843623406070595, ""kick_power"": 0.0, ""kick_dir"": null}, {""move_vx"": -5.399701007203177, ""move_vy"": -0.05682457926814645, ""kick_power"": 0.0, ""kick_dir"": null}, {""move_vx"": -3.8183766184073566, ""move_vy"": -3.8183766184073566, ""kick_power"": 0.0, ""kick_dir"": null}, {""move_vx"": -5.690753922783488, ""move_vy"": 1.1204105454360707, ""kick_power"": 0.0, ""kick_dir"": null}, {""move_vx"": 4.923873960989935, ""move_vy"": -1.3287081004815477, ""kick_power"": 0.0, ""kick_dir"": null}, {""move_vx"": -0.0, ""move_vy"": 0.0, ""kick_power"": 0.0, ""kick_dir"": null}, {""move_vx"": -6.0, ""move_vy"": 0.0, ""kick_power"": 0.0, ""kick_dir"": null}, {""move_vx"": -8.290652968522789, ""move_vy"": -0.6981929214223446, ""kick_power"": 0.0, ""kick_dir"": null}, {""move_vx"": -7.188838711270549, ""move_vy"": 0.4007467820681714, ""kick_power"": 0.0, ""kick_dir"": null}, {""move_vx"": -5.7570397468698715, ""move_vy"": 0.18464385438053627, ""kick_power"": 0.0, ""kick_dir"": null}]"
85,138,default,default,0,19.370424781043354,36.420182283944335,20,B,,0.0920912985589715,-0.061300127894169165,0.44550560593137367,"[{""move_vx"": 0.0, ""move_vy"": 5.0, ""kick_power"": 0.0, ""kick_dir"": null}, {""move_vx"": 4.1012193308819755, ""move_vy"": 4.1012193308819755, ""kick_power"": 0.0, ""kick_dir"": null}, {""move_vx"": 5.198859922856393, ""move_vy"": 1.4600874982403025, ""kick_power"": 0.0, ""kick_dir"": null}, {""move_vx"": -3.8183766184073566, ""move_vy"": -3.8183766184073566, ""kick_power"": 0.0, ""kick_dir"": null}, {""move_vx"": 0.0, ""move_vy"": -5.8, ""kick_power"": 0.0, ""kick_dir"": null}, {""move_vx"": 0.0, ""move_vy"": 0.0, ""kick_power"": 0.65, ""kick_dir"": [0.4878247377614523, 0.8729414147774712]}, {""move_vx"": 0.0, ""move_vy"": 0.0, ""kick_power"": 0.0, ""kick_dir"": null}, {""move_vx"": 0.0, ""move_vy"": -6.0, ""kick_power"": 0.0, ""kick_dir"": null}, {""move_vx"": -6.1, ""move_vy"": 0.0, ""kick_power"": 0.0, ""kick_dir"": null}, {""move_vx"": 0.0, ""move_vy"": 0.0, ""kick_power"": 0.0, ""kick_dir"": null}, {""move_vx"": -6.0, ""move_vy"": 0.0, ""kick_power"": 0.0, ""kick_dir"": null}, {""move_vx"": 5.0, ""move_vy"": 0.0, ""kick_power"": 0.0, ""kick_dir"": null}, {""move_vx"": -5.579408209986622, ""move_vy"": -1.5843623406070588, ""kick_power"": 0.0, ""kick_dir"": null}, {""move_vx"": -5.399722702944958, ""move_vy"": -0.054724138191466355, ""kick_power"": 0.0, ""kick_dir"": null}, {""move_vx"": -3.8183766184073566, ""move_vy"": -3.8183766184073566, ""kick_power"": 0.0, ""kick_dir"": null}, {""move_vx"": -5.690753922783488, ""move_vy"": 1.120410545436071, ""kick_power"": 0.0, ""kick_dir"": null}, {""move_vx"": 4.923873960989935, ""move_vy"": -1.3287081004815484, ""kick_power"": 0.0, ""kick_dir"": null}, {""move_vx"": -0.0, ""move_vy"": 0.0, ""kick_power"": 0.0, ""kick_dir"": null}, {""move_vx"": -6.0, ""move_vy"": 0.0, ""kick_power"": 0.0, ""kick_dir"": null}, {""move_vx"": -8.289594504232081, ""move_vy"": -0.7106496713608382, ""kick_power"": 0.0, ""kick_dir"": null}, {""move_vx"": -7.188838711270548, ""move_vy"": 0.40074678206817205, ""kick_power"": 0.0, ""kick_dir"": null}, {""move_vx"": -5.7568983946582115, ""move_vy"": 0.18899966555980577, ""kick_power"": 0.0, ""kick_dir"": null}]"
85,139,default,default,0,18.89116886695865,36.44689873608221,20,B,,0.09561135943860678,-0.06217001533116878,0.4555544191816542,"[{""move_vx"": 0.0, ""move_vy"": 0.0, ""kick_power"": 0.9, ""kick_dir"": [0.7728703010529787, 0.6345639716091444]}, {""move_vx"": 0.0, ""move_vy"": 0.0, ""kick_power"": 0.0, ""kick_dir"": null}, {""move_vx"": 3.8183766184073566, ""move_vy"": 3.8183766184073566, ""kick_power"": 0.0, ""kick_dir"": null}, {""move_vx"": 0.0, ""move_vy"": 5.4, ""kick_power"": 0.0, ""kick_dir"": null}, {""move_vx"": 0.0, ""move_vy"": -5.8, ""kick_power"": 0.0, ""kick_dir"": null}, {""move_vx"": 0.0, ""move_vy"": 0.0, ""kick_power"": 0.65, ""kick_dir"": [0.47366951952625047, 0.8807024792432668]}, {""move_vx"": 0.0, ""move_vy"": 0.0, ""kick_power"": 0.0, ""kick_dir"": null}, {""move_vx"": 4.242640687119285, ""move_vy"": -4.242640687119285, ""kick_power"": 0.0, ""kick_dir"": null}, {""move_vx"": -6.1, ""move_vy"": 0.0, ""kick_power"": 0.0, ""kick_dir"": null}, {""move_vx"": 0.0, ""move_vy"": 0.0, ""kick_power"": 0.0, ""kick_dir"": null}, {""move_vx"": -6.0, ""move_vy"": 0.0, ""kick_power"": 0.0, ""kick_dir"": null}, {""move_vx"": 5.0, ""move_vy"": 0.0, ""kick_power"": 0.0, ""kick_dir"": null}, {""move_vx"": -5.579408209986622, ""move_vy"": -1.5843623406070588, ""kick_power"": 0.0, ""kick_dir"": null}, {""move_vx"": -5.399743521797861, ""move_vy"": -0.052629828063897724, ""kick_power"": 0.0, ""kick_dir"": null}, {""move_vx"": -3.8183766184073566, ""move_vy"": -3.8183766184073566, ""kick_power"": 0.0, ""kick_dir"": null}, {""move_vx"": -5.690753922783488, ""move_vy"": 1.1204105454360713, ""kick_power"": 0.0, ""kick_dir"": null}, {""move_vx"": -6.212526857581033, ""move_vy"": 1.046188340517303, ""kick_power"": 0.0, ""kick_dir"": null}, {""move_vx"": -0.0, ""move_vy"": 0.0, ""kick_power"": 0.0, ""kick_dir"": null}, {""move_vx"": -6.0, ""move_vy"": 0.0, ""kick_power"": 0.0, ""kick_dir"": null}, {""move_vx"": -8.288477985339929, ""move_vy"": -0.723555586347967, ""kick_power"": 0.0, ""kick_dir"": null}, {""move_vx"": -7.188838711270548, ""move_vy"": 0.4007467820681728, ""kick_power"": 0.0, ""kick_dir"": null}, {""move_vx"": -5.756754647433489, ""move_vy"": 0.19332855260650217, ""kick_power"": 0.0, ""kick_dir"": null}]"
85,140,default,default,0,18.411912952873948,36.47361518822009,20,B,,0.09811026893868235,-0.06280578413908881,0.44202692356601997,"[{""move_vx"": 0.0, ""move_vy"": 5.0, ""kick_power"": 0.0, ""kick_dir"": null}, {""move_vx"": 4.1012193308819755, ""move_vy"": 4.1012193308819755, ""kick_power"": 0.0, ""kick_dir"": null}, {""move_vx"": 3.8183766184073566, ""move_vy"": 3.8183766184073566, ""kick_power"": 0.0, ""kick_dir"": null}, {""move_vx"": 0.0, ""move_vy"": 5.4, ""kick_power"": 0.0, ""kick_dir"": null}, {""move_vx"": 0.0, ""move_vy"": 0.0, ""kick_power"": 0.9, ""kick_dir"": [-0.028432422449864242, -0.9995955257086432]}, {""move_vx"": 0.0, ""move_vy"": 0.0, ""kick_power"": 0.65, ""kick_dir"": [0.8054786007350455, 0.5926246444016875]}, {""move_vx"": 0.0, ""move_vy"": 0.0, ""kick_power"": 0.0, ""kick_dir"": null}, {""move_vx"": 0.0, ""move_vy"": -6.0, ""kick_power"": 0.0, ""kick_dir"": null}, {""move_vx"": -6.1, ""move_vy"": 0.0, ""kick_power"": 0.0, ""kick_dir"": null}, {""move_vx"": 0.0, ""move_vy"": 0.0, ""kick_power"": 0.0, ""kick_dir"": null}, {""move_vx"": -6.0, ""move_vy"": 0.0, ""kick_power"": 0.0, ""kick_dir"": null}, {""move_vx"": 5.0, ""move_vy"": 0.0, ""kick_power"": 0.0, ""kick_dir"": null}, {""move_vx"": -5.579408209986622, ""move_vy"": -1.5843623406070586, ""kick_power"": 0.0, ""kick_dir"": null}, {""move_vx"": -5.399763470894028, ""move_vy"": -0.050541650136120546, ""kick_power"": 0.0, ""kick_dir"": null}, {""move_vx"": -3.8183766184073566, ""move_vy"": -3.8183766184073566, ""kick_power"": 0.0, ""kick_dir"": null}, {""move_vx"": -5.690753922783488, ""move_vy"": 1.1204105454360715, ""kick_power"": 0.0, ""kick_dir"": null}, {""move_vx"": -0.0, ""move_vy"": 6.0, ""kick_power"": 0.0, ""kick_dir"": null}, {""move_vx"": -0.0, ""move_vy"": 0.0, ""kick_power"": 0.0, ""kick_dir"": null}, {""move_vx"": 4.242640687119285, ""move_vy"": 4.242640687119285, ""kick_power"": 0.0, ""kick_dir"": null}, {""move_vx"": -0.0, ""move_vy"": 0.0, ""kick_power"": 0.0, ""kick_dir"": null}, {""move_vx"": -7.188838711270548, ""move_vy"": 0.40074678206817366, ""kick_power"": 0.0, ""kick_dir"": null}, {""move_vx"": -5.756608557647524, ""move_vy"": 0.1976307517045483, ""kick_power"": 0.0, ""kick_dir"": null}]"
85,141,default,default,0,17.932657038789245,36.50033164035796,20,B,,0.10168276238738808,-0.06433831086087179,0.4529049563291651,"[{""move_vx"": 0.0, ""move_vy"": 0.0, ""kick_power"": 0.9, ""kick_dir"": [0.7755139077193514, 0.6313304326049689]}, {""move_vx"": 0.0, ""move_vy"": 0.0, ""kick_power"": 0.0, ""kick_dir"": null}, {""move_vx"": 3.8183766184073566, ""move_vy"": 3.8183766184073566, ""kick_power"": 0.0, ""kick_dir"": null}, {""move_vx"": 0.0, ""move_vy"": -5.4, ""kick_power"": 0.0, ""kick_dir"": null}, {""move_vx"": 0.0, ""move_vy"": 0.0, ""kick_power"": 0.9, ""kick_dir"": [0.011036426770818656, -0.99993890705234]}, {""move_vx"": 0.0, ""move_vy"": 0.0, ""kick_power"": 0.65, ""kick_dir"": [0.8054786007350455, 0.5926246444016875]}, {""move_vx"": 0.0, ""move_vy"": 0.0, ""kick_power"": 0.0, ""kick_dir"": null}, {""move_vx"": 0.0, ""move_vy"": -6.0, ""kick_power"": 0.0, ""kick_dir"": null}, {""move_vx"": -6.1, ""move_vy"": 0.0, ""kick_power"": 0.0, ""kick_dir"": null}, {""move_vx"": 0.0, ""move_vy"": 0.0, ""kick_power"": 0.0, ""kick_dir"": null}, {""move_vx"": -6.0, ""move_vy"": 0.0, ""kick_power"": 0.0, ""kick_dir"": null}, {""move_vx"": 5.0, ""move_vy"": 0.0, ""kick_power"": 0.0, ""kick_dir"": null}, {""move_vx"": -5.579408209986622, ""move_vy"": -1.5843623406070586, ""kick_power"": 0.0, ""kick_dir"": null}, {""move_vx"": -5.39978224926639, ""move_vy"": -0.04849392237815334, ""kick_power"": 0.0, ""kick_dir"": null}, {""move_vx"": -3.8183766184073566, ""move_vy"": -3.8183766184073566, ""kick_power"": 0.0, ""kick_dir"": null}, {""move_vx"": -5.690753922783486, ""move_vy"": 1.1204105454360715, ""kick_power"": 0.0, ""kick_dir"": null}, {""move_vx"": 4.911801322062325, ""move_vy"": -1.37266447924713, ""kick_power"": 0.0, ""kick_dir"": null}, {""move_vx"": -0.0, ""move_vy"": 0.0, ""kick_power"": 0.0, ""kick_dir"": null}, {""move_vx"": -6.0, ""move_vy"": 0.0, ""kick_power"": 0.0, ""kick_dir"": null}, {""move_vx"": -8.287299107348632, ""move_vy"": -0.7369352110861453, ""kick_power"": 0.0, ""kick_dir"": null}, {""move_vx"": -7.188838711270548, ""move_vy"": 0.40074678206817455, ""kick_power"": 0.0, ""kick_dir"": null}, {""move_vx"": -5.756458541042984, ""move_vy"": 0.2019531263766194, ""kick_power"": 0.0, ""kick_dir"": null}]"
85,142,default,default,0,17.45340112470454,36.52704809249584,20,B,,0.10407074231990039,-0.06344464334141987,0.45077129645454056,"[{""move_vx"": 0.0, ""move_vy"": 5.0, ""kick_power"": 0.0, ""kick_dir"": null}, {""move_vx"": 4.1012193308819755, ""move_vy"": 4.1012193308819755, ""kick_power"": 0.0, ""kick_dir"": null}, {""move_vx"": 3.8183766184073566, ""move_vy"": 3.8183766184073566, ""kick_power"": 0.0, ""kick_dir"": null}, {""move_vx"": -3.8183766184073566, ""move_vy"": -3.8183766184073566, ""kick_power"": 0.0, ""kick_dir"": null}, {""move_vx"": 0.0, ""move_vy"": 0.0, ""kick_power"": 0.9, ""kick_dir"": [0.04984646604034381, -0.9987567040053441]}, {""move_vx"": 0.0, ""move_vy"": 0.0, ""kick_power"": 0.65, ""kick_dir"": [0.8054786007350455, 0.5926246444016875]}, {""move_vx"": 0.0, ""move_vy"": 0.0, ""kick_power"": 0.0, ""kick_dir"": null}, {""move_vx"": 0.0, ""move_vy"": -6.0, ""kick_power"": 0.0, ""kick_dir"": null}, {""move_vx"": -6.1, ""move_vy"": 0.0, ""kick_power"": 0.0, ""kick_dir"": null}, {""move_vx"": 0.0, ""move_vy"": 0.0, ""kick_power"": 0.0, ""kick_dir"": null}, {""move_vx"": -6.0, ""move_vy"": 0.0, ""kick_power"": 0.0, ""kick_dir"": null}, {""move_vx"": 5.0, ""move_vy"": 0.0, ""kick_power"": 0.0, ""kick_dir"": null}, {""move_vx"": -7.364082526681526, ""move_vy"": 1.6192246725590091, ""kick_power"": 0.0, ""kick_dir"": null}, {""move_vx"": -0.0, ""move_vy"": 0.0, ""kick_power"": 0.9, ""kick_dir"": [0.12135624040538133, -0.9926085144282317]}, {""move_vx"": -3.8183766184073566, ""move_vy"": -3.8183766184073566, ""kick_power"": 0.0, ""kick_dir"": null}, {""move_vx"": -5.690753922783486, ""move_vy"": 1.120410545436072, ""kick_power"": 0.0, ""kick_dir"": null}, {""move_vx"": 4.911801322062326, ""move_vy"": -1.3726644792471292, ""kick_power"": 0.0, ""kick_dir"": null}, {""move_vx"": -0.0, ""move_vy"": 0.0, ""kick_power"": 0.0, ""kick_dir"": null}, {""move_vx"": -6.0, ""move_vy"": 0.0, ""kick_power"": 0.0, ""kick_dir"": null}, {""move_vx"": -8.286053161256683, ""move_vy"": -0.7508148965145266, ""kick_power"": 0.0, ""kick_dir"": null}, {""move_vx"": -7.188838711270549, ""move_vy"": 0.40074678206817543, ""kick_power"": 0.0, ""kick_dir"": null}, {""move_vx"": -5.756287821804474, ""move_vy"": 0.2067619707429694, ""kick_power"": 0.0, ""kick_dir"": null}]"
85,143,default,default,0,16.974145210619838,36.553764544633715,20,B,,0.10769273211933497,-0.06200785258227537,0.44652793039804906,"[{""move_vx"": 0.0, ""move_vy"": 0.0, ""kick_power"": 0.9, ""kick_dir"": [0.7781090403258992, 0.6281291725788078]}, {""move_vx"": 0.0, ""move_vy"": 0.0, ""kick_power"": 0.0, ""kick_dir"": null}, {""move_vx"": 3.8183766184073566, ""move_vy"": 3.8183766184073566, ""kick_power"": 0.0, ""kick_dir"": null}, {""move_vx"": -3.8183766184073566, ""move_vy"": -3.8183766184073566, ""kick_power"": 0.0, ""kick_dir"": null}, {""move_vx"": 0.0, ""move_vy"": 0.0, ""kick_power"": 0.9, ""kick_dir"": [0.08784380870099326, -0.9961340738827006]}, {""move_vx"": 0.0, ""move_vy"": 0.0, ""kick_power"": 0.65, ""kick_dir"": [0.4332871516463717, 0.9012557426843455]}, {""move_vx"": 0.0, ""move_vy"": 0.0, ""kick_power"": 0.0, ""kick_dir"": null}, {""move_vx"": 0.0, ""move_vy"": -6.0, ""kick_power"": 0.0, ""kick_dir"": null}, {""move_vx"": -6.1, ""move_vy"": 0.0, ""kick_power"": 0.0, ""kick_dir"": null}, {""move_vx"": 0.0, ""move_vy"": 0.0, ""kick_power"": 0.0, ""kick_dir"": null}, {""move_vx"": -6.0, ""move_vy"": 0.0, ""kick_power"": 0.0, ""kick_dir"": null}, {""move_vx"": 5.0, ""move_vy"": 0.0, ""kick_power"": 0.0, ""kick_dir"": null}, {""move_vx"": -7.368883019602062, ""move_vy"": 1.5972360637740441, ""kick_power"": 0.0, ""kick_dir"": null}, {""move_vx"": -0.0, ""move_vy"": 0.0, ""kick_power"": 0.9, ""kick_dir"": [-0.20095600290189294, -0.979599761710943]}, {""move_vx"": -3.8183766184073566, ""move_vy"": -3.8183766184073566, ""kick_power"": 0.0, ""kick_dir"": null}, {""move_vx"": -5.690753922783486, ""move_vy"": 1.1204105454360724, ""kick_power"": 0.0, ""kick_dir"": null}, {""move_vx"": 4.911801322062325, ""move_vy"": -1.372664479247128, ""kick_power"": 0.0, ""kick_dir"": null}, {""move_vx"": -0.0, ""move_vy"": 0.0, ""kick_power"": 0.0, ""kick_dir"": null}, {""move_vx"": -0.0, ""move_vy"": 0.0, ""kick_power"": 0.65, ""kick_dir"": [0.8819127000534877, -0.47141255898933765]}, {""move_vx"": -0.0, ""move_vy"": 0.0, ""kick_power"": 0.65, ""kick_dir"": [0.6186981123269568, -0.7856286183152886]}, {""move_vx"": -7.188838711270549, ""move_vy"": 0.4007467820681764, ""kick_power"": 0.0, ""kick_dir"": null}, {""move_vx"": -5.756014424854349, ""move_vy"": 0.21423804720139938, ""kick_power"": 0.0, ""kick_dir"": null}]"
85,144,default,default,0,16.494889296535135,36.58048099677159,20,B,,0.11130702292318595,-0.06234892592392163,0.4591344907476939,"[{""move_vx"": 0.0, ""move_vy"": 0.0, ""kick_power"": 0.9, ""kick_dir"": [0.7754615507065151, 0.6313947416339484]}, {""move_vx"": 0.0, ""move_vy"": 0.0, ""kick_power"": 0.0, ""kick_dir"": null}, {""move_vx"": 3.8183766184073566, ""move_vy"": 3.8183766184073566, ""kick_power"": 0.0, ""kick_dir"": null}, {""move_vx"": -3.8183766184073566, ""move_vy"": -3.8183766184073566, ""kick_power"": 0.0, ""kick_dir"": null}, {""move_vx"": 0.0, ""move_vy"": 0.0, ""kick_power"": 0.9, ""kick_dir"": [0.12489405600468124, -0.9921698982505173]}, {""move_vx"": 0.0, ""move_vy"": 0.0, ""kick_power"": 0.65, ""kick_dir"": [0.4144003550170592, 0.9100944982166785]}, {""move_vx"": 0.0, ""move_vy"": 0.0, ""kick_power"": 0.0, ""kick_dir"": null}, {""move_vx"": 0.0, ""move_vy"": -6.0, ""kick_power"": 0.0, ""kick_dir"": null}, {""move_vx"": -6.1, ""move_vy"": 0.0, ""kick_power"": 0.0, ""kick_dir"": null}, {""move_vx"": 0.0, ""move_vy"": 0.0, ""kick_power"": 0.0, ""kick_dir"": null}, {""move_vx"": -6.0, ""move_vy"": 0.0, ""kick_power"": 0.0, ""kick_dir"": null}, {""move_vx"": 5.0, ""move_vy"": 0.0, ""kick_power"": 0.0, ""kick_dir"": null}, {""move_vx"": -7.373536386756577, ""move_vy"": 1.575614531913432, ""kick_power"": 0.0, ""kick_dir"": null}, {""move_vx"": -0.0, ""move_vy"": 0.0, ""kick_power"": 0.9, ""kick_dir"": [-0.47852425540659416, -0.8780738163772862]}, {""move_vx"": -3.8183766184073566, ""move_vy"": -3.8183766184073566, ""kick_power"": 0.0, ""kick_dir"": null}, {""move_vx"": -5.690753922783487, ""move_vy"": 1.1204105454360729, ""kick_power"": 0.0, ""kick_dir"": null}, {""move_vx"": 4.911801322062326, ""move_vy"": -1.3726644792471272, ""kick_power"": 0.0, ""kick_dir"": null}, {""move_vx"": -0.0, ""move_vy"": 0.0, ""kick_power"": 0.0, ""kick_dir"": null}, {""move_vx"": -6.0, ""move_vy"": 0.0, ""kick_power"": 0.0, ""kick_dir"": null}, {""move_vx"": -8.284734987308815, ""move_vy"": -0.7652229675468625, ""kick_power"": 0.0, ""kick_dir"": null}, {""move_vx"": -7.188838711270547, ""move_vy"": 0.4007467820681773, ""kick_power"": 0.0, ""kick_dir"": null}, {""move_vx"": -5.755857104692388, ""move_vy"": 0.21842387772899602, ""kick_power"": 0.0, ""kick_dir"": null}]"
85,145,default,default,0,16.01563338245043,36.60719744890947,20,B,,0.1149127171617747,-0.06271200508829321,0.4675949348265767,"[{""move_vx"": 0.0, ""move_vy"": 0.0, ""kick_power"": 0.9, ""kick_dir"": [0.7728295700055304, 0.6346135772393006]}, {""move_vx"": 0.0, ""move_vy"": 0.0, ""kick_power"": 0.0, ""kick_dir"": null}, {""move_vx"": 3.8183766184073566, ""move_vy"": 3.8183766184073566, ""kick_power"": 0.0, ""kick_dir"": null}, {""move_vx"": 0.0, ""move_vy"": 5.4, ""kick_power"": 0.0, ""kick_dir"": null}, {""move_vx"": 0.0, ""move_vy"": 0.0, ""kick_power"": 0.9, ""kick_dir"": [0.16088358927270666, -0.9869732051339594]}, {""move_vx"": 0.0, ""move_vy"": 0.0, ""kick_power"": 0.65, ""kick_dir"": [0.392930216388564, 0.919568090528248]}, {""move_vx"": 0.0, ""move_vy"": 0.0, ""kick_power"": 0.0, ""kick_dir"": null}, {""move_vx"": 0.0, ""move_vy"": -6.0, ""kick_power"": 0.0, ""kick_dir"": null}, {""move_vx"": -6.1, ""move_vy"": 0.0, ""kick_power"": 0.0, ""kick_dir"": null}, {""move_vx"": 0.0, ""move_vy"": 0.0, ""kick_power"": 0.0, ""kick_dir"": null}, {""move_vx"": -6.0, ""move_vy"": 0.0, ""kick_power"": 0.0, ""kick_dir"": null}, {""move_vx"": 5.0, ""move_vy"": 0.0, ""kick_power"": 0.0, ""kick_dir"": null}, {""move_vx"": -7.378047170086088, ""move_vy"": 1.5543551576086714, ""kick_power"": 0.0, ""kick_dir"": null}, {""move_vx"": -0.0, ""move_vy"": 0.0, ""kick_power"": 0.9, ""kick_dir"": [-0.6694679571075295, -0.7428404040972252]}, {""move_vx"": -3.8183766184073566, ""move_vy"": -3.8183766184073566, ""kick_power"": 0.0, ""kick_dir"": null}, {""move_vx"": -5.690753922783487, ""move_vy"": 1.120410545436073, ""kick_power"": 0.0, ""kick_dir"": null}, {""move_vx"": -6.25333753781208, ""move_vy"": 0.7653558898906819, ""kick_power"": 0.0, ""kick_dir"": null}, {""move_vx"": -0.0, ""move_vy"": 0.0, ""kick_power"": 0.0, ""kick_dir"": null}, {""move_vx"": -6.0, ""move_vy"": 0.0, ""kick_power"": 0.0, ""kick_dir"": null}, {""move_vx"": -5.336082604082367, ""move_vy"": -2.914210432074105, ""kick_power"": 0.0, ""kick_dir"": null}, {""move_vx"": -7.188838711270547, ""move_vy"": 0.4007467820681784, ""kick_power"": 0.0, ""kick_dir"": null}, {""move_vx"": -5.755697721699296, ""move_vy"": 0.22258422321794447, ""kick_power"": 0.0, ""kick_dir"": null}]"
85,146,default,default,0,15.536377468365728,36.63391390104734,20,B,,0.11850875639176242,-0.06279372905444326,0.4765827502870869,"[{""move_vx"": 0.0, ""move_vy"": 0.0, ""kick_power"": 0.9, ""kick_dir"": [0.7702135853116879, 0.6377859907488345]}, {""move_vx"": 0.0, ""move_vy"": 0.0, ""kick_power"": 0.0, ""kick_dir"": null}, {""move_vx"": 3.8183766184073566, ""move_vy"": 3.8183766184073566, ""kick_power"": 0.0, ""kick_dir"": null}, {""move_vx"": 0.0, ""move_vy"": 5.4, ""kick_power"": 0.0, ""kick_dir"": null}, {""move_vx"": 0.0, ""move_vy"": 0.0, ""kick_power"": 0.9, ""kick_dir"": [0.19572000278022295, -0.9806596364323767]}, {""move_vx"": 0.0, ""move_vy"": 0.0, ""kick_power"": 0.65, ""kick_dir"": [0.3700295439579927, 0.929019798682447]}, {""move_vx"": 0.0, ""move_vy"": 0.0, ""kick_power"": 0.0, ""kick_dir"": null}, {""move_vx"": 0.0, ""move_vy"": -6.0, ""kick_power"": 0.0, ""kick_dir"": null}, {""move_vx"": -6.1, ""move_vy"": 0.0, ""kick_power"": 0.0, ""kick_dir"": null}, {""move_vx"": 0.0, ""move_vy"": 0.0, ""kick_power"": 0.0, ""kick_dir"": null}, {""move_vx"": -6.0, ""move_vy"": 0.0, ""kick_power"": 0.0, ""kick_dir"": null}, {""move_vx"": 5.0, ""move_vy"": 0.0, ""kick_power"": 0.0, ""kick_dir"": null}, {""move_vx"": -7.382419778643519, ""move_vy"": 1.5334530354376619, ""kick_power"": 0.0, ""kick_dir"": null}, {""move_vx"": -5.399967131927315, ""move_vy"": -0.01884075647891605, ""kick_power"": 0.0, ""kick_dir"": null}, {""move_vx"": -3.8183766184073566, ""move_vy"": -3.8183766184073566, ""kick_power"": 0.0, ""kick_dir"": null}, {""move_vx"": -5.690753922783487, ""move_vy"": 1.1204105454360733, ""kick_power"": 0.0, ""kick_dir"": null}, {""move_vx"": -6.255224840229399, ""move_vy"": 0.7497747649641888, ""kick_power"": 0.0, ""kick_dir"": null}, {""move_vx"": -0.0, ""move_vy"": 0.0, ""kick_power"": 0.0, ""kick_dir"": null}, {""move_vx"": -6.0, ""move_vy"": 0.0, ""kick_power"": 0.0, ""kick_dir"": null}, {""move_vx"": -6.430008278161379, ""move_vy"": -1.9527912184296983, ""kick_power"": 0.0, ""kick_dir"": null}, {""move_vx"": -7.188838711270548, ""move_vy"": 0.4007467820681795, ""kick_power"": 0.0, ""kick_dir"": null}, {""move_vx"": -5.755536322307356, ""move_vy"": 0.2267193035467521, ""kick_power"": 0.0, ""kick_dir"": null}]"
85,147,default,default,0,15.057121554281025,36.66063035318522,20,B,,0.12209388262429298,-0.06324212590510209,0.47465910208001744,"[{""move_vx"": 0.0, ""move_vy"": 0.0, ""kick_power"": 0.9, ""kick_dir"": [0.7676141180346853, 0.6409122428923318]}, {""move_vx"": 0.0, ""move_vy"": 0.0, ""kick_power"": 0.0, ""kick_dir"": null}, {""move_vx"": 3.8183766184073566, ""move_vy"": 3.8183766184073566, ""kick_power"": 0.0, ""kick_dir"": null}, {""move_vx"": 0.0, ""move_vy"": 5.4, ""kick_power"": 0.0, ""kick_dir"": null}, {""move_vx"": 0.0, ""move_vy"": 0.0, ""kick_power"": 0.9, ""kick_dir"": [0.22933177432357588, -0.9733481312734634]}, {""move_vx"": 0.0, ""move_vy"": 0.0, ""kick_power"": 0.65, ""kick_dir"": [0.3494709339008435, 0.9369470292199623]}, {""move_vx"": 0.0, ""move_vy"": 0.0, ""kick_power"": 0.0, ""kick_dir"": null}, {""move_vx"": 0.0, ""move_vy"": -6.0, ""kick_power"": 0.0, ""kick_dir"": null}, {""move_vx"": -6.1, ""move_vy"": 0.0, ""kick_power"": 0.0, ""kick_dir"": null}, {""move_vx"": 0.0, ""move_vy"": 0.0, ""kick_power"": 0.0, ""kick_dir"": null}, {""move_vx"": -6.0, ""move_vy"": 0.0, ""kick_power"": 0.0, ""kick_dir"": null}, {""move_vx"": 5.0, ""move_vy"": 0.0, ""kick_power"": 0.0, ""kick_dir"": null}, {""move_vx"": -7.386658491837632, ""move_vy"": 1.5129032768035804, ""kick_power"": 0.0, ""kick_dir"": null}, {""move_vx"": -0.0, ""move_vy"": 0.0, ""kick_power"": 0.9, ""kick_dir"": [-0.7830988284300273, -0.6218967387911075]}, {""move_vx"": -3.8183766184073566, ""move_vy"": -3.8183766184073566, ""kick_power"": 0.0, ""kick_dir"": null}, {""move_vx"": -6.938024117147484, ""move_vy"": -2.952189246962308, ""kick_power"": 0.0, ""kick_dir"": null}, {""move_vx"": -6.256996309548684, ""move_vy"": 0.7348450056264597, ""kick_power"": 0.0, ""kick_dir"": null}, {""move_vx"": -0.0, ""move_vy"": 0.0, ""kick_power"": 0.0, ""kick_dir"": null}, {""move_vx"": -6.0, ""move_vy"": 0.0, ""kick_power"": 0.0, ""kick_dir"": null}, {""move_vx"": -6.436425450340861, ""move_vy"": -1.9315349911933877, ""kick_power"": 0.0, ""kick_dir"": null}, {""move_vx"": -7.188838711270548, ""move_vy"": 0.4007467820681807, ""kick_power"": 0.0, ""kick_dir"": null}, {""move_vx"": -5.755372952085476, ""move_vy"": 0.2308293360968686, ""kick_power"": 0.0, ""kick_dir"": null}]"
85,148,default,default,0,14.577865640196322,36.687346805323095,20,B,,0.12566658782383247,-0.05866303903960361,0.4766801250199225,"[{""move_vx"": 0.0, ""move_vy"": 0.0, ""kick_power"": 0.9, ""kick_dir"": [0.7650317350364281, 0.6439925325517594]}, {""move_vx"": 0.0, ""move_vy"": 0.0, ""kick_power"": 0.0, ""kick_dir"": null}, {""move_vx"": 3.8183766184073566, ""move_vy"": 3.8183766184073566, ""kick_power"": 0.0, ""kick_dir"": null}, {""move_vx"": 0.0, ""move_vy"": 5.4, ""kick_power"": 0.0, ""kick_dir"": null}, {""move_vx"": -3.6576872212962344, ""move_vy"": -4.120852362214185, ""kick_power"": 0.0, ""kick_dir"": null}, {""move_vx"": 0.0, ""move_vy"": 0.0, ""kick_power"": 0.65, ""kick_dir"": [0.8054786007350455, 0.5926246444016875]}, {""move_vx"": 0.0, ""move_vy"": 0.0, ""kick_power"": 0.0, ""kick_dir"": null}, {""move_vx"": 0.0, ""move_vy"": -6.0, ""kick_power"": 0.0, ""kick_dir"": null}, {""move_vx"": -6.1, ""move_vy"": 0.0, ""kick_power"": 0.0, ""kick_dir"": null}, {""move_vx"": 0.0, ""move_vy"": 0.0, ""kick_power"": 0.0, ""kick_dir"": null}, {""move_vx"": -6.0, ""move_vy"": 0.0, ""kick_power"": 0.0, ""kick_dir"": null}, {""move_vx"": 5.0, ""move_vy"": 0.0, ""kick_power"": 0.0, ""kick_dir"": null}, {""move_vx"": -7.390767462643523, ""move_vy"": 1.4927010126377709, ""kick_power"": 0.0, ""kick_dir"": null}, {""move_vx"": -0.0, ""move_vy"": 0.0, ""kick_power"": 0.9, ""kick_dir"": [-0.8549185337330802, -0.5187617246017843]}, {""move_vx"": -3.8183766184073566, ""move_vy"": -3.8183766184073566, ""kick_power"": 0.0, ""kick_dir"": null}, {""move_vx"": -6.7657972137023465, ""move_vy"": -1.6326628748941272, ""kick_power"": 0.0, ""kick_dir"": null}, {""move_vx"": -6.258660124977441, ""move_vy"": 0.7205369109333467, ""kick_power"": 0.0, ""kick_dir"": null}, {""move_vx"": -0.0, ""move_vy"": 0.0, ""kick_power"": 0.0, ""kick_dir"": null}, {""move_vx"": -6.0, ""move_vy"": 0.0, ""kick_power"": 0.0, ""kick_dir"": null}, {""move_vx"": -6.442711251719036, ""move_vy"": -1.9104637465738386, ""kick_power"": 0.0, ""kick_dir"": null}, {""move_vx"": -7.188838711270547, ""move_vy"": 0.4007467820681819, ""kick_power"": 0.0, ""kick_dir"": null}, {""move_vx"": -5.755207655756233, ""move_vy"": 0.23491453578875707, ""kick_power"": 0.0, ""kick_dir"": null}]"
85,149,default,default,0,14.098609726111619,36.71406325746097,20,B,,0.12922504708967655,-0.05876653840417397,0.47958730567589347,"[{""move_vx"": 0.0, ""move_vy"": 0.0, ""kick_power"": 0.9, ""kick_dir"": [0.7624670634547324, 0.6470269816942541]}, {""move_vx"": 0.0, ""move_vy"": 0.0, ""kick_power"": 0.0, ""kick_dir"": null}, {""move_vx"": 0.0, ""move_vy"": 0.0, ""kick_power"": 0.9, ""kick_dir"": [-0.2830993281522644, 0.9590905453358051]}, {""move_vx"": 0.0, ""move_vy"": 5.4, ""kick_power"": 0.0, ""kick_dir"": null}, {""move_vx"": 0.0, ""move_vy"": 0.0, ""kick_power"": 0.9, ""kick_dir"": [0.37031291417206835, -0.9289068717921112]}, {""move_vx"": 0.0, ""move_vy"": 0.0, ""kick_power"": 0.65, ""kick_dir"": [0.8054786007350455, 0.5926246444016875]}, {""move_vx"": 0.0, ""move_vy"": 0.0, ""kick_power"": 0.0, ""kick_dir"": null}, {""move_vx"": 0.0, ""move_vy"": -6.0, ""kick_power"": 0.0, ""kick_dir"": null}, {""move_vx"": -6.1, ""move_vy"": 0.0, ""kick_power"": 0.0, ""kick_dir"": null}, {""move_vx"": 0.0, ""move_vy"": 0.0, ""kick_power"": 0.0, ""kick_dir"": null}, {""move_vx"": -6.0, ""move_vy"": 0.0, ""kick_power"": 0.0, ""kick_dir"": null}, {""move_vx"": 5.0, ""move_vy"": 0.0, ""kick_power"": 0.0, ""kick_dir"": null}, {""move_vx"": -7.39475072077642, ""move_vy"": 1.4728413959339341, ""kick_power"": 0.0, ""kick_dir"": null}, {""move_vx"": -0.0, ""move_vy"": 0.0, ""kick_power"": 0.9, ""kick_dir"": [-0.8993135881260046, -0.4373037551339527]}, {""move_vx"": -3.8183766184073566, ""move_vy"": -3.8183766184073566, ""kick_power"": 0.0, ""kick_dir"": null}, {""move_vx"": -6.974650878830687, ""move_vy"": -2.8645846327916926, ""kick_power"": 0.0, ""kick_dir"": null}, {""move_vx"": -6.260223825960618, ""move_vy"": 0.7068222187191168, ""kick_power"": 0.0, ""kick_dir"": null}, {""move_vx"": -0.0, ""move_vy"": 0.0, ""kick_power"": 0.0, ""kick_dir"": null}, {""move_vx"": -6.0, ""move_vy"": 0.0, ""kick_power"": 0.0, ""kick_dir"": null}, {""move_vx"": -6.448869101960181, ""move_vy"": -1.8895733131538688, ""kick_power"": 0.0, ""kick_dir"": null}, {""move_vx"": -7.188838711270548, ""move_vy"": 0.4007467820681833, ""kick_power"": 0.0, ""kick_dir"": null}, {""move_vx"": -5.755040477212534, ""move_vy"": 0.2389751151173171, ""kick_power"": 0.0, ""kick_dir"": null}]"
85,150,default,default,0,13.619353812026915,36.74077970959885,20,B,,0.13276702893861486,-0.05383608978251382,0.4820503164703304,"[{""move_vx"": 0.0, ""move_vy"": 0.0, ""kick_power"": 0.0, ""kick_dir"": null}, {""move_vx"": 0.0, ""move_vy"": 0.0, ""kick_power"": 0.0, ""kick_dir"": null}, {""move_vx"": 3.8183766184073566, ""move_vy"": 3.8183766184073566, ""kick_power"": 0.0, ""kick_dir"": null}, {""move_vx"": 0.0, ""move_vy"": 5.4, ""kick_power"": 0.0, ""kick_dir"": null}, {""move_vx"": -3.778515314949679, ""move_vy"": -4.010351856719149, ""kick_power"": 0.0, ""kick_dir"": null}, {""move_vx"": 0.0, ""move_vy"": 0.0, ""kick_power"": 0.65, ""kick_dir"": [0.8054786007350455, 0.5926246444016875]}, {""move_vx"": -4.242640687119285, ""move_vy"": -4.242640687119285, ""kick_power"": 0.0, ""kick_dir"": null}, {""move_vx"": 0.0, ""move_vy"": -6.0, ""kick_power"": 0.0, ""kick_dir"": null}, {""move_vx"": -6.1, ""move_vy"": 0.0, ""kick_power"": 0.0, ""kick_dir"": null}, {""move_vx"": -5.272118589499456, ""move_vy"": -1.1682318170013484, ""kick_power"": 0.0, ""kick_dir"": null}, {""move_vx"": -6.0, ""move_vy"": 0.0, ""kick_power"": 0.0, ""kick_dir"": null}, {""move_vx"": 5.0, ""move_vy"": 0.0, ""kick_power"": 0.0, ""kick_dir"": null}, {""move_vx"": -7.398612175825841, ""move_vy"": 1.4533196041207248, ""kick_power"": 0.0, ""kick_dir"": null}, {""move_vx"": -0.0, ""move_vy"": 0.0, ""kick_power"": 0.9, ""kick_dir"": [-0.9277647418980934, -0.37316504318989435]}, {""move_vx"": -3.8183766184073566, ""move_vy"": -3.8183766184073566, ""kick_power"": 0.0, ""kick_dir"": null}, {""move_vx"": -6.995943455286483, ""move_vy"": -2.812183345806996, ""kick_power"": 0.0, ""kick_dir"": null}, {""move_vx"": -6.261694366009398, ""move_vy"": 0.6936740348940363, ""kick_power"": 0.0, ""kick_dir"": null}, {""move_vx"": -0.0, ""move_vy"": 0.0, ""kick_power"": 0.0, ""kick_dir"": null}, {""move_vx"": -6.0, ""move_vy"": 0.0, ""kick_power"": 0.0, ""kick_dir"": null}, {""move_vx"": -6.454902290390404, ""move_vy"": -1.8688596580569483, ""kick_power"": 0.0, ""kick_dir"": null}, {""move_vx"": -7.188838711270547, ""move_vy"": 0.4007467820681847, ""kick_power"": 0.0, ""kick_dir"": null}, {""move_vx"": -5.754871459533909, ""move_vy"": 0.24301128418667342, ""kick_power"": 0.0, ""kick_dir"": null}]"
85,151,default,default,0,13.140097897942212,36.76749616173672,20,B,,0.13527963338927504,-0.06581372483348785,0.47789690832753595,"[{""move_vx"": 0.0, ""move_vy"": 5.0, ""kick_power"": 0.0, ""kick_dir"": null}, {""move_vx"": 0.0, ""move_vy"": 0.0, ""kick_power"": 0.0, ""kick_dir"": null}, {""move_vx"": 3.8183766184073566, ""move_vy"": 3.8183766184073566, ""kick_power"": 0.0, ""kick_dir"": null}, {""move_vx"": 0.0, ""move_vy"": 5.4, ""kick_power"": 0.0, ""kick_dir"": null}, {""move_vx"": 0.0, ""move_vy"": 0.0, ""kick_power"": 0.9, ""kick_dir"": [0.4110596087734964, -0.911608265557239]}, {""move_vx"": 0.0, ""move_vy"": 0.0, ""kick_power"": 0.65, ""kick_dir"": [0.8102349522543606, 0.586104985520398]}, {""move_vx"": 0.0, ""move_vy"": 0.0, ""kick_power"": 0.0, ""kick_dir"": null}, {""move_vx"": 0.0, ""move_vy"": -6.0, ""kick_power"": 0.0, ""kick_dir"": null}, {""move_vx"": -6.1, ""move_vy"": 0.0, ""kick_power"": 0.0, ""kick_dir"": null}, {""move_vx"": 0.0, ""move_vy"": 0.0, ""kick_power"": 0.0, ""kick_dir"": null}, {""move_vx"": -6.0, ""move_vy"": 0.0, ""kick_power"": 0.0, ""kick_dir"": null}, {""move_vx"": 5.0, ""move_vy"": 0.0, ""kick_power"": 0.0, ""kick_dir"": null}, {""move_vx"": -7.402355620347521, ""move_vy"": 1.434130841279644, ""kick_power"": 0.0, ""kick_dir"": null}, {""move_vx"": -0.0, ""move_vy"": 0.0, ""kick_power"": 0.9, ""kick_dir"": [-0.9466925505328736, -0.3221379051068451]}, {""move_vx"": -3.8183766184073566, ""move_vy"": -3.8183766184073566, ""kick_power"": 0.0, ""kick_dir"": null}, {""move_vx"": 4.1012193308819755, ""move_vy"": -4.1012193308819755, ""kick_power"": 0.0, ""kick_dir"": null}, {""move_vx"": -6.263078161767426, ""move_vy"": 0.6810667658842016, ""kick_power"": 0.0, ""kick_dir"": null}, {""move_vx"": -0.0, ""move_vy"": 0.0, ""kick_power"": 0.0, ""kick_dir"": null}, {""move_vx"": -6.0, ""move_vy"": 0.0, ""kick_power"": 0.0, ""kick_dir"": null}, {""move_vx"": -6.460813982249537, ""move_vy"": -1.8483188812455755, ""kick_power"": 0.0, ""kick_dir"": null}, {""move_vx"": -7.188838711270547, ""move_vy"": 0.40074678206818615, ""kick_power"": 0.0, ""kick_dir"": null}, {""move_vx"": -5.754700645002458, ""move_vy"": 0.24702325074434495, ""kick_power"": 0.0, ""kick_dir"": null}]"
85,152,default,default,0,13.739167790548091,37.73410059656438,20,B,,0.1308401666849454,0.0672274240072576,0.5207120237019853,"[{""move_vx"": 0.0, ""move_vy"": 5.0, ""kick_power"": 0.0, ""kick_dir"": null}, {""move_vx"": 0.0, ""move_vy"": 0.0, ""kick_power"": 0.0, ""kick_dir"": null}, {""move_vx"": 3.8183766184073566, ""move_vy"": 3.8183766184073566, ""kick_power"": 0.0, ""kick_dir"": null}, {""move_vx"": 0.0, ""move_vy"": 5.4, ""kick_power"": 0.0, ""kick_dir"": null}, {""move_vx"": -3.8898416254161003, ""move_vy"": -3.9024648786606937, ""kick_power"": 0.0, ""kick_dir"": null}, {""move_vx"": 0.0, ""move_vy"": 0.0, ""kick_power"": 0.65, ""kick_dir"": [0.8102349522543606, 0.586104985520398]}, {""move_vx"": -4.242640687119285, ""move_vy"": -4.242640687119285, ""kick_power"": 0.0, ""kick_dir"": null}, {""move_vx"": 0.0, ""move_vy"": -6.0, ""kick_power"": 0.0, ""kick_dir"": null}, {""move_vx"": -6.1, ""move_vy"": 0.0, ""kick_power"": 0.0, ""kick_dir"": null}, {""move_vx"": 0.0, ""move_vy"": 0.0, ""kick_power"": 0.0, ""kick_dir"": null}, {""move_vx"": -6.0, ""move_vy"": 0.0, ""kick_power"": 0.0, ""kick_dir"": null}, {""move_vx"": -6.495659493370052, ""move_vy"": -0.23750314985599702, ""kick_power"": 0.0, ""kick_dir"": null}, {""move_vx"": -7.405984732910801, ""move_vy"": 1.4152703402149522, ""kick_power"": 0.0, ""kick_dir"": null}, {""move_vx"": -0.0, ""move_vy"": 0.0, ""kick_power"": 0.9, ""kick_dir"": [-0.6955478077684619, -0.7184797712682666]}, {""move_vx"": -3.8183766184073566, ""move_vy"": -3.8183766184073566, ""kick_power"": 0.0, ""kick_dir"": null}, {""move_vx"": -7.069710256386027, ""move_vy"": -2.6212204964005257, ""kick_power"": 0.0, ""kick_dir"": null}, {""move_vx"": -6.264381137748564, ""move_vy"": 0.6689760541454611, ""kick_power"": 0.0, ""kick_dir"": null}, {""move_vx"": -0.0, ""move_vy"": 0.0, ""kick_power"": 0.0, ""kick_dir"": null}, {""move_vx"": -6.0, ""move_vy"": 0.0, ""kick_power"": 0.0, ""kick_dir"": null}, {""move_vx"": -6.466607224586031, ""move_vy"": -1.8279472101053025, ""kick_power"": 0.0, ""kick_dir"": null}, {""move_vx"": -0.0, ""move_vy"": 6.0, ""kick_power"": 0.0, ""kick_dir"": null}, {""move_vx"": -5.754528075118436, ""move_vy"": 0.25101122021480665, ""kick_power"": 0.0, ""kick_dir"": null}]"
85,153,default,default,0,13.40402340473751,36.19193381692308,20,B,,0.1271424647870566,-0.060765470442704285,0.47485904429335135,"[{""move_vx"": 0.0, ""move_vy"": 5.0, ""kick_power"": 0.0, ""kick_dir"": null}, {""move_vx"": 0.0, ""move_vy"": 0.0, ""kick_power"": 0.0, ""kick_dir"": null}, {""move_vx"": 0.0, ""move_vy"": 0.0, ""kick_power"": 0.9, ""kick_dir"": [-0.31560772271092724, 0.9488897022820361]}, {""move_vx"": 0.0, ""move_vy"": -5.4, ""kick_power"": 0.0, ""kick_dir"": null}, {""move_vx"": 0.0, ""move_vy"": 0.0, ""kick_power"": 0.9, ""kick_dir"": [0.5483956645553533, -0.8362187640563403]}, {""move_vx"": 0.0, ""move_vy"": 0.0, ""kick_power"": 0.65, ""kick_dir"": [0.815461079367801, 0.5788116662331825]}, {""move_vx"": -4.242640687119285, ""move_vy"": -4.242640687119285, ""kick_power"": 0.0, ""kick_dir"": null}, {""move_vx"": 0.0, ""move_vy"": -6.0, ""kick_power"": 0.0, ""kick_dir"": null}, {""move_vx"": 0.0, ""move_vy"": 0.0, ""kick_power"": 0.0, ""kick_dir"": null}, {""move_vx"": 0.0, ""move_vy"": 0.0, ""kick_power"": 0.0, ""kick_dir"": null}, {""move_vx"": -6.0, ""move_vy"": 0.0, ""kick_power"": 0.0, ""kick_dir"": null}, {""move_vx"": -4.998459974192971, ""move_vy"": -0.12408822019356953, ""kick_power"": 0.0, ""kick_dir"": null}, {""move_vx"": -6.773536229004476, ""move_vy"": 1.6002521533695315, ""kick_power"": 0.0, ""kick_dir"": null}, {""move_vx"": -0.0, ""move_vy"": 0.0, ""kick_power"": 0.9, ""kick_dir"": [-0.9689396956839444, -0.24729649050693148]}, {""move_vx"": -3.8183766184073566, ""move_vy"": -3.8183766184073566, ""kick_power"": 0.0, ""kick_dir"": null}, {""move_vx"": -7.135814048066998, ""move_vy"": -2.4355200412662743, ""kick_power"": 0.0, ""kick_dir"": null}, {""move_vx"": 4.929366667131714, ""move_vy"": -1.3081835731160871, ""kick_power"": 0.0, ""kick_dir"": null}, {""move_vx"": -4.242640687119285, ""move_vy"": -4.242640687119285, ""kick_power"": 0.0, ""kick_dir"": null}, {""move_vx"": -6.0, ""move_vy"": 0.0, ""kick_power"": 0.0, ""kick_dir"": null}, {""move_vx"": -6.562160957759456, ""move_vy"": -1.4479100678072219, ""kick_power"": 0.0, ""kick_dir"": null}, {""move_vx"": -2.010866314863502, ""move_vy"": -5.653000677847765, ""kick_power"": 0.0, ""kick_dir"": null}, {""move_vx"": -5.743618899532993, ""move_vy"": 0.4340989943865583, ""kick_power"": 0.0, ""kick_dir"": null}]"
85,154,default,default,0,12.898003255037313,36.05012710352131,20,B,,0.12825893295324856,-0.06528061478753941,0.4767045459224095,"[{""move_vx"": 0.0, ""move_vy"": 5.0, ""kick_power"": 0.0, ""kick_dir"": null}, {""move_vx"": 0.0, ""move_vy"": 0.0, ""kick_power"": 0.0, ""kick_dir"": null}, {""move_vx"": 3.8183766184073566, ""move_vy"": 3.8183766184073566, ""kick_power"": 0.0, ""kick_dir"": null}, {""move_vx"": -3.8183766184073566, ""move_vy"": -3.8183766184073566, ""kick_power"": 0.0, ""kick_dir"": null}, {""move_vx"": -3.747683163055275, ""move_vy"": -4.039179484666658, ""kick_power"": 0.0, ""kick_dir"": null}, {""move_vx"": 0.0, ""move_vy"": 0.0, ""kick_power"": 0.65, ""kick_dir"": [0.8212272837335907, 0.5706009539637708]}, {""move_vx"": -4.242640687119285, ""move_vy"": -4.242640687119285, ""kick_power"": 0.0, ""kick_dir"": null}, {""move_vx"": 0.0, ""move_vy"": -6.0, ""kick_power"": 0.0, ""kick_dir"": null}, {""move_vx"": 0.0, ""move_vy"": 0.0, ""kick_power"": 1.0, ""kick_dir"": [0.9963856398790086, -0.08494487426720472]}, {""move_vx"": 0.0, ""move_vy"": 0.0, ""kick_power"": 0.0, ""kick_dir"": null}, {""move_vx"": -6.0, ""move_vy"": 0.0, ""kick_power"": 0.0, ""kick_dir"": null}, {""move_vx"": -5.248460454576876, ""move_vy"": -0.12713322438564847, ""kick_power"": 0.0, ""kick_dir"": null}, {""move_vx"": -7.435549493378068, ""move_vy"": 1.2506813069384057, ""kick_power"": 0.0, ""kick_dir"": null}, {""move_vx"": -0.0, ""move_vy"": 0.0, ""kick_power"": 0.9, ""kick_dir"": [-0.9756558159382807, -0.2193067357157227]}, {""move_vx"": -3.8183766184073566, ""move_vy"": -3.8183766184073566, ""kick_power"": 0.0, ""kick_dir"": null}, {""move_vx"": -7.005244923241795, ""move_vy"": -2.788932334316314, ""kick_power"": 0.0, ""kick_dir"": null}, {""move_vx"": 4.929366667131714, ""move_vy"": -1.3081835731160871, ""kick_power"": 0.0, ""kick_dir"": null}, {""move_vx"": -0.0, ""move_vy"": 0.0, ""kick_power"": 0.0, ""kick_dir"": null}, {""move_vx"": -6.0, ""move_vy"": 0.0, ""kick_power"": 0.0, ""kick_dir"": null}, {""move_vx"": -6.311183747890983, ""move_vy"": -2.308107384927474, ""kick_power"": 0.0, ""kick_dir"": null}, {""move_vx"": -4.242640687119285, ""move_vy"": -4.242640687119285, ""kick_power"": 0.0, ""kick_dir"": null}, {""move_vx"": -5.757933317347609, ""move_vy"": 0.15428516771991413, ""kick_power"": 0.0, ""kick_dir"": null}]"
85,155,default,default,0,13.32226732374924,37.47439117223325,20,B,,0.12854488471788517,0.0584001139458528,0.5169879255780826,"[{""move_vx"": 0.0, ""move_vy"": 5.0, ""kick_power"": 0.0, ""kick_dir"": null}, {""move_vx"": 0.0, ""move_vy"": 0.0, ""kick_power"": 0.0, ""kick_dir"": null}, {""move_vx"": -4.143716846142236, ""move_vy"": -1.9742620644172462, ""kick_power"": 0.0, ""kick_dir"": null}, {""move_vx"": -3.8183766184073566, ""move_vy"": -3.8183766184073566, ""kick_power"": 0.0, ""kick_dir"": null}, {""move_vx"": -3.800406730644253, ""move_vy"": -3.9896125979440487, ""kick_power"": 0.0, ""kick_dir"": null}, {""move_vx"": 0.0, ""move_vy"": 0.0, ""kick_power"": 0.65, ""kick_dir"": [0.8276177143775925, 0.5612919029188481]}, {""move_vx"": -4.242640687119285, ""move_vy"": -4.242640687119285, ""kick_power"": 0.0, ""kick_dir"": null}, {""move_vx"": 0.0, ""move_vy"": -6.0, ""kick_power"": 0.0, ""kick_dir"": null}, {""move_vx"": 0.0, ""move_vy"": 0.0, ""kick_power"": 1.0, ""kick_dir"": [0.9963856398790086, -0.08494487426720472]}, {""move_vx"": 0.0, ""move_vy"": 0.0, ""kick_power"": 0.0, ""kick_dir"": null}, {""move_vx"": -6.0, ""move_vy"": 0.0, ""kick_power"": 0.0, ""kick_dir"": null}, {""move_vx"": -5.248469081772488, ""move_vy"": -0.12677656596646186, ""kick_power"": 0.0, ""kick_dir"": null}, {""move_vx"": -7.446825994037667, ""move_vy"": 1.181686343546762, ""kick_power"": 0.0, ""kick_dir"": null}, {""move_vx"": -0.0, ""move_vy"": 0.0, ""kick_power"": 0.9, ""kick_dir"": [-0.9807114924842755, -0.19546024448591037]}, {""move_vx"": -3.8183766184073566, ""move_vy"": -3.8183766184073566, ""kick_power"": 0.0, ""kick_dir"": null}, {""move_vx"": -7.010939869231936, ""move_vy"": -2.7745850410492197, ""kick_power"": 0.0, ""kick_dir"": null}, {""move_vx"": -6.0, ""move_vy"": 0.0, ""kick_power"": 0.0, ""kick_dir"": null}, {""move_vx"": -0.0, ""move_vy"": 0.0, ""kick_power"": 0.0, ""kick_dir"": null}, {""move_vx"": -6.0, ""move_vy"": 0.0, ""kick_power"": 0.0, ""kick_dir"": null}, {""move_vx"": -0.0, ""move_vy"": 0.0, ""kick_power"": 1.0, ""kick_dir"": [-0.9939041846453185, -0.11024694152345012]}, {""move_vx"": -0.0, ""move_vy"": 6.0, ""kick_power"": 0.0, ""kick_dir"": null}, {""move_vx"": -5.758579505507599, ""move_vy"": 0.1279143414472098, ""kick_power"": 0.0, ""kick_dir"": null}]"
85,156,default,default,0,13.92226732374924,36.874391172233246,20,B,,0.11925704037373176,0.05123593281446392,0.5047582631603115,"[{""move_vx"": 0.0, ""move_vy"": 5.0, ""kick_power"": 0.0, ""kick_dir"": null}, {""move_vx"": 4.1012193308819755, ""move_vy"": 4.1012193308819755, ""kick_power"": 0.0, ""kick_dir"": null}, {""move_vx"": 0.0, ""move_vy"": -5.4, ""kick_power"": 0.0, ""kick_dir"": null}, {""move_vx"": 0.0, ""move_vy"": -5.4, ""kick_power"": 0.0, ""kick_dir"": null}, {""move_vx"": -3.845492188089885, ""move_vy"": 3.0849780925218364, ""kick_power"": 0.0, ""kick_dir"": null}, {""move_vx"": 0.0, ""move_vy"": 0.0, ""kick_power"": 0.65, ""kick_dir"": [0.8347335508632066, 0.5506537562395212]}, {""move_vx"": 0.0, ""move_vy"": 0.0, ""kick_power"": 0.0, ""kick_dir"": null}, {""move_vx"": 0.0, ""move_vy"": -6.0, ""kick_power"": 0.0, ""kick_dir"": null}, {""move_vx"": 0.0, ""move_vy"": 0.0, ""kick_power"": 0.0, ""kick_dir"": null}, {""move_vx"": 0.0, ""move_vy"": 0.0, ""kick_power"": 0.0, ""kick_dir"": null}, {""move_vx"": -6.0, ""move_vy"": 0.0, ""kick_power"": 0.0, ""kick_dir"": null}, {""move_vx"": 5.0, ""move_vy"": 0.0, ""kick_power"": 0.0, ""kick_dir"": null}, {""move_vx"": -7.358027569589794, ""move_vy"": 1.6465206604098548, ""kick_power"": 0.0, ""kick_dir"": null}, {""move_vx"": -0.0, ""move_vy"": 0.0, ""kick_power"": 0.9, ""kick_dir"": [-0.9845253548128826, -0.17524150248695966]}, {""move_vx"": -3.8183766184073566, ""move_vy"": -3.8183766184073566, ""kick_power"": 0.0, ""kick_dir"": null}, {""move_vx"": -7.129918621992807, ""move_vy"": -2.4527251056243964, ""kick_power"": 0.0, ""kick_dir"": null}, {""move_vx"": 4.932682364796054, ""move_vy"": -1.2956252112513156, ""kick_power"": 0.0, ""kick_dir"": null}, {""move_vx"": -4.242640687119285, ""move_vy"": 4.242640687119285, ""kick_power"": 0.0, ""kick_dir"": null}, {""move_vx"": -6.0, ""move_vy"": 0.0, ""kick_power"": 0.0, ""kick_dir"": null}, {""move_vx"": -5.37951499236816, ""move_vy"": -2.8332346261625037, ""kick_power"": 0.0, ""kick_dir"": null}, {""move_vx"": -0.0, ""move_vy"": 0.0, ""kick_power"": 0.0, ""kick_dir"": null}, {""move_vx"": -5.746353258495036, ""move_vy"": 0.39626282765796483, ""kick_power"": 0.0, ""kick_dir"": null}]"
85,157,default,default,0,13.004384213212232,35.926261261284694,20,B,,0.11922388525111816,-0.12249698537071592,0.4572548384189761,"[{""move_vx"": 0.0, ""move_vy"": 5.0, ""kick_power"": 0.0, ""kick_dir"": null}, {""move_vx"": 0.0, ""move_vy"": 0.0, ""kick_power"": 0.0, ""kick_dir"": null}, {""move_vx"": 3.8183766184073566, ""move_vy"": 3.8183766184073566, ""kick_power"": 0.0, ""kick_dir"": null}, {""move_vx"": 0.0, ""move_vy"": -5.4, ""kick_power"": 0.0, ""kick_dir"": null}, {""move_vx"": -3.695144221696115, ""move_vy"": -4.087298518687596, ""kick_power"": 0.0, ""kick_dir"": null}, {""move_vx"": 0.0, ""move_vy"": 0.0, ""kick_power"": 0.65, ""kick_dir"": [0.8347335508632066, 0.5506537562395212]}, {""move_vx"": -4.242640687119285, ""move_vy"": -4.242640687119285, ""kick_power"": 0.0, ""kick_dir"": null}, {""move_vx"": 0.0, ""move_vy"": -6.0, ""kick_power"": 0.0, ""kick_dir"": null}, {""move_vx"": 0.0, ""move_vy"": 0.0, ""kick_power"": 0.0, ""kick_dir"": null}, {""move_vx"": 0.0, ""move_vy"": 0.0, ""kick_power"": 0.0, ""kick_dir"": null}, {""move_vx"": -6.0, ""move_vy"": 0.0, ""kick_power"": 0.0, ""kick_dir"": null}, {""move_vx"": -5.248487795924991, ""move_vy"": -0.1259994286750147, ""kick_power"": 0.0, ""kick_dir"": null}, {""move_vx"": -7.3901002775367965, ""move_vy"": 1.4960006309993852, ""kick_power"": 0.0, ""kick_dir"": null}, {""move_vx"": -0.0, ""move_vy"": 0.0, ""kick_power"": 0.9, ""kick_dir"": [-0.6483585368869064, -0.7613349470691959]}, {""move_vx"": -3.8183766184073566, ""move_vy"": -3.8183766184073566, ""kick_power"": 0.0, ""kick_dir"": null}, {""move_vx"": -7.051173383944993, ""move_vy"": -2.670684165068143, ""kick_power"": 0.0, ""kick_dir"": null}, {""move_vx"": 4.932682364796053, ""move_vy"": -1.295625211251316, ""kick_power"": 0.0, ""kick_dir"": null}, {""move_vx"": -0.0, ""move_vy"": 0.0, ""kick_power"": 0.0, ""kick_dir"": null}, {""move_vx"": -6.0, ""move_vy"": 0.0, ""kick_power"": 0.0, ""kick_dir"": null}, {""move_vx"": -6.354903243281099, ""move_vy"": -2.1848580659931653, ""kick_power"": 0.0, ""kick_dir"": null}, {""move_vx"": -1.907298663222067, ""move_vy"": -5.688779465691329, ""kick_power"": 0.0, ""kick_dir"": null}, {""move_vx"": -5.752482400830691, ""move_vy"": 0.2941874030837743, ""kick_power"": 0.0, ""kick_dir"": null}]"
85,158,default,default,0,12.488007298347892,35.78803242666728,20,B,,0.11925160636640969,-0.06771645448167803,0.4856192413162309,"[{""move_vx"": 0.0, ""move_vy"": 5.0, ""kick_power"": 0.0, ""kick_dir"": null}, {""move_vx"": 0.0, ""move_vy"": 0.0, ""kick_power"": 0.0, ""kick_dir"": null}, {""move_vx"": 3.8183766184073566, ""move_vy"": 3.8183766184073566, ""kick_power"": 0.0, ""kick_dir"": null}, {""move_vx"": -3.8183766184073566, ""move_vy"": -3.8183766184073566, ""kick_power"": 0.0, ""kick_dir"": null}, {""move_vx"": -3.7042668493116784, ""move_vy"": -4.079032619272678, ""kick_power"": 0.0, ""kick_dir"": null}, {""move_vx"": 0.0, ""move_vy"": 0.0, ""kick_power"": 0.65, ""kick_dir"": [0.8426968623582627, 0.5383879959396277]}, {""move_vx"": -4.242640687119285, ""move_vy"": -4.242640687119285, ""kick_power"": 0.0, ""kick_dir"": null}, {""move_vx"": 0.0, ""move_vy"": -6.0, ""kick_power"": 0.0, ""kick_dir"": null}, {""move_vx"": 0.0, ""move_vy"": 0.0, ""kick_power"": 1.0, ""kick_dir"": [0.9963856398790086, -0.08494487426720472]}, {""move_vx"": 0.0, ""move_vy"": 0.0, ""kick_power"": 0.0, ""kick_dir"": null}, {""move_vx"": -6.0, ""move_vy"": 0.0, ""kick_power"": 0.0, ""kick_dir"": null}, {""move_vx"": -5.248496253639144, ""move_vy"": -0.1256466296239952, ""kick_power"": 0.0, ""kick_dir"": null}, {""move_vx"": -7.454963123631513, ""move_vy"": 1.1292142512801886, ""kick_power"": 0.0, ""kick_dir"": null}, {""move_vx"": -0.0, ""move_vy"": 0.0, ""kick_power"": 0.9, ""kick_dir"": [-0.6758592616519687, -0.7370305110048595]}, {""move_vx"": -3.8183766184073566, ""move_vy"": -3.8183766184073566, ""kick_power"": 0.0, ""kick_dir"": null}, {""move_vx"": -6.990676515443039, ""move_vy"": -2.8252507599208188, ""kick_power"": 0.0, ""kick_dir"": null}, {""move_vx"": -6.0, ""move_vy"": 0.0, ""kick_power"": 0.0, ""kick_dir"": null}, {""move_vx"": -0.0, ""move_vy"": 0.0, ""kick_power"": 0.0, ""kick_dir"": null}, {""move_vx"": -6.0, ""move_vy"": 0.0, ""kick_power"": 0.0, ""kick_dir"": null}, {""move_vx"": -6.191814483986706, ""move_vy"": -2.6114810732403293, ""kick_power"": 0.0, ""kick_dir"": null}, {""move_vx"": -4.242640687119285, ""move_vy"": -4.242640687119285, ""kick_power"": 0.0, ""kick_dir"": null}, {""move_vx"": -5.75895435488362, ""move_vy"": 0.10974852330208373, ""kick_power"": 0.0, ""kick_dir"": null}]"
85,159,default,default,0,12.91227136705982,37.21229649537921,20,B,,0.12236184270096205,0.05354775722675749,0.5242203805135563,"[{""move_vx"": -3.5355339059327373, ""move_vy"": -3.5355339059327373, ""kick_power"": 0.0, ""kick_dir"": null}, {""move_vx"": 0.0, ""move_vy"": 0.0, ""kick_power"": 0.0, ""kick_dir"": null}, {""move_vx"": 3.8183766184073566, ""move_vy"": 3.8183766184073566, ""kick_power"": 0.0, ""kick_dir"": null}, {""move_vx"": -3.8183766184073566, ""move_vy"": -3.8183766184073566, ""kick_power"": 0.0, ""kick_dir"": null}, {""move_vx"": -3.7621870647547793, ""move_vy"": -4.025673669063579, ""kick_power"": 0.0, ""kick_dir"": null}, {""move_vx"": 0.0, ""move_vy"": 0.0, ""kick_power"": 0.65, ""kick_dir"": [0.8516551044304835, 0.5241022717891404]}, {""move_vx"": -4.242640687119285, ""move_vy"": -4.242640687119285, ""kick_power"": 0.0, ""kick_dir"": null}, {""move_vx"": 0.0, ""move_vy"": -6.0, ""kick_power"": 0.0, ""kick_dir"": null}, {""move_vx"": 0.0, ""move_vy"": 0.0, ""kick_power"": 0.0, ""kick_dir"": null}, {""move_vx"": 0.0, ""move_vy"": 0.0, ""kick_power"": 0.0, ""kick_dir"": null}, {""move_vx"": -6.0, ""move_vy"": 0.0, ""kick_power"": 0.0, ""kick_dir"": null}, {""move_vx"": -5.248504669969871, ""move_vy"": -0.12529457013158396, ""kick_power"": 0.0, ""kick_dir"": null}, {""move_vx"": -7.465369383119484, ""move_vy"": 1.0582343660939297, ""kick_power"": 0.0, ""kick_dir"": null}, {""move_vx"": -0.0, ""move_vy"": 0.0, ""kick_power"": 0.9, ""kick_dir"": [-0.699022216246781, -0.7150997664700589]}, {""move_vx"": -3.8183766184073566, ""move_vy"": -3.8183766184073566, ""kick_power"": 0.0, ""kick_dir"": null}, {""move_vx"": -6.997880864978356, ""move_vy"": -2.807358794235212, ""kick_power"": 0.0, ""kick_dir"": null}, {""move_vx"": -6.0, ""move_vy"": 0.0, ""kick_power"": 0.0, ""kick_dir"": null}, {""move_vx"": -0.0, ""move_vy"": 0.0, ""kick_power"": 0.0, ""kick_dir"": null}, {""move_vx"": -6.0, ""move_vy"": 0.0, ""kick_power"": 0.0, ""kick_dir"": null}, {""move_vx"": -6.170908954573873, ""move_vy"": -2.6605042143097624, ""kick_power"": 0.0, ""kick_dir"": null}, {""move_vx"": -0.0, ""move_vy"": 6.0, ""kick_power"": 0.0, ""kick_dir"": null}, {""move_vx"": -5.7593989439397095, ""move_vy"": 0.083209401789508, ""kick_power"": 0.0, ""kick_dir"": null}]"
85,160,default,default,0,13.51227136705982,36.61229649537921,20,B,,0.11243287884050501,0.046516768808417895,0.5067818424692166,"[{""move_vx"": 0.0, ""move_vy"": 5.0, ""kick_power"": 0.0, ""kick_dir"": null}, {""move_vx"": 0.0, ""move_vy"": 0.0, ""kick_power"": 0.0, ""kick_dir"": null}, {""move_vx"": 3.8183766184073566, ""move_vy"": 3.8183766184073566, ""kick_power"": 0.0, ""kick_dir"": null}, {""move_vx"": 0.0, ""move_vy"": -5.4, ""kick_power"": 0.0, ""kick_dir"": null}, {""move_vx"": -3.659891502170701, ""move_vy"": 3.303043171431262, ""kick_power"": 0.0, ""kick_dir"": null}, {""move_vx"": 0.0, ""move_vy"": 0.0, ""kick_power"": 0.65, ""kick_dir"": [0.8617859111694948, 0.5072717410392052]}, {""move_vx"": 0.0, ""move_vy"": 0.0, ""kick_power"": 0.9, ""kick_dir"": [-0.026958349566911236, -0.9996361396752537]}, {""move_vx"": 0.0, ""move_vy"": -6.0, ""kick_power"": 0.0, ""kick_dir"": null}, {""move_vx"": 0.0, ""move_vy"": 0.0, ""kick_power"": 0.0, ""kick_dir"": null}, {""move_vx"": 0.0, ""move_vy"": 0.0, ""kick_power"": 0.0, ""kick_dir"": null}, {""move_vx"": -4.242640687119285, ""move_vy"": 4.242640687119285, ""kick_power"": 0.0, ""kick_dir"": null}, {""move_vx"": 5.0, ""move_vy"": 0.0, ""kick_power"": 0.0, ""kick_dir"": null}, {""move_vx"": -7.377134934564766, ""move_vy"": 1.5586789782453958, ""kick_power"": 0.0, ""kick_dir"": null}, {""move_vx"": -0.0, ""move_vy"": 0.0, ""kick_power"": 0.9, ""kick_dir"": [-0.7186126312272595, -0.6954104097452889]}, {""move_vx"": -3.8183766184073566, ""move_vy"": -3.8183766184073566, ""kick_power"": 0.0, ""kick_dir"": null}, {""move_vx"": -7.1250991402241475, ""move_vy"": -2.466690544429341, ""kick_power"": 0.0, ""kick_dir"": null}, {""move_vx"": -0.0, ""move_vy"": 0.0, ""kick_power"": 0.0, ""kick_dir"": null}, {""move_vx"": -4.242640687119285, ""move_vy"": 4.242640687119285, ""kick_power"": 0.0, ""kick_dir"": null}, {""move_vx"": -6.0, ""move_vy"": 0.0, ""kick_power"": 0.0, ""kick_dir"": null}, {""move_vx"": -5.247560316106745, ""move_vy"": -3.0707508412148434, ""kick_power"": 0.0, ""kick_dir"": null}, {""move_vx"": -0.0, ""move_vy"": 0.0, ""kick_power"": 0.0, ""kick_dir"": null}, {""move_vx"": -0.0, ""move_vy"": 0.0, ""kick_power"": 0.0, ""kick_dir"": null}]"
85,161,default,default,0,12.612136191530471,35.65839981522461,20,B,,0.11065391766391289,-0.11786627855337053,0.44981642052321125,"[{""move_vx"": 0.0, ""move_vy"": 5.0, ""kick_power"": 0.0, ""kick_dir"": null}, {""move_vx"": 0.0, ""move_vy"": 0.0, ""kick_power"": 0.0, ""kick_dir"": null}, {""move_vx"": 3.8183766184073566, ""move_vy"": 3.8183766184073566, ""kick_power"": 0.0, ""kick_dir"": null}, {""move_vx"": -3.8183766184073566, ""move_vy"": 3.8183766184073566, ""kick_power"": 0.0, ""kick_dir"": null}, {""move_vx"": -3.6493288878888164, ""move_vy"": -4.128256129168849, ""kick_power"": 0.0, ""kick_dir"": null}, {""move_vx"": 0.0, ""move_vy"": 0.0, ""kick_power"": 0.65, ""kick_dir"": [0.8617859111694948, 0.5072717410392052]}, {""move_vx"": -4.242640687119285, ""move_vy"": -4.242640687119285, ""kick_power"": 0.0, ""kick_dir"": null}, {""move_vx"": 0.0, ""move_vy"": -6.0, ""kick_power"": 0.0, ""kick_dir"": null}, {""move_vx"": 0.0, ""move_vy"": 0.0, ""kick_power"": 0.0, ""kick_dir"": null}, {""move_vx"": 0.0, ""move_vy"": 0.0, ""kick_power"": 0.0, ""kick_dir"": null}, {""move_vx"": -6.0, ""move_vy"": 0.0, ""kick_power"": 0.0, ""kick_dir"": null}, {""move_vx"": 3.5355339059327373, ""move_vy"": 3.5355339059327373, ""kick_power"": 0.0, ""kick_dir"": null}, {""move_vx"": -0.0, ""move_vy"": 0.0, ""kick_power"": 0.0, ""kick_dir"": null}, {""move_vx"": -0.0, ""move_vy"": 0.0, ""kick_power"": 0.9, ""kick_dir"": [-0.735324361454651, -0.677715168979783]}, {""move_vx"": -3.8183766184073566, ""move_vy"": -3.8183766184073566, ""kick_power"": 0.0, ""kick_dir"": null}, {""move_vx"": -7.040389560171947, ""move_vy"": -2.698984038674898, ""kick_power"": 0.0, ""kick_dir"": null}, {""move_vx"": 4.939140681006605, ""move_vy"": -1.2707829607079255, ""kick_power"": 0.0, ""kick_dir"": null}, {""move_vx"": -0.0, ""move_vy"": 0.0, ""kick_power"": 0.0, ""kick_dir"": null}, {""move_vx"": -6.0, ""move_vy"": 0.0, ""kick_power"": 0.0, ""kick_dir"": null}, {""move_vx"": -6.185571459157576, ""move_vy"": -2.6262341334418786, ""kick_power"": 0.0, ""kick_dir"": null}, {""move_vx"": -1.800811053176086, ""move_vy"": -5.723380080927601, ""kick_power"": 0.0, ""kick_dir"": null}, {""move_vx"": -5.7545719022501505, ""move_vy"": 0.2500044436266974, ""kick_power"": 0.0, ""kick_dir"": null}]"
85,162,default,default,0,13.970186915002964,36.27457871703966,-1,,,0.10312764950115265,0.1575319167099868,-0.14559985806840156,"[{""move_vx"": -3.5355339059327373, ""move_vy"": -3.5355339059327373, ""kick_power"": 0.0, ""kick_dir"": null}, {""move_vx"": 0.0, ""move_vy"": 0.0, ""kick_power"": 0.0, ""kick_dir"": null}, {""move_vx"": 0.0, ""move_vy"": -5.4, ""kick_power"": 0.0, ""kick_dir"": null}, {""move_vx"": -3.8183766184073566, ""move_vy"": -3.8183766184073566, ""kick_power"": 0.0, ""kick_dir"": null}, {""move_vx"": -3.6583361163281336, ""move_vy"": -4.120276308692074, ""kick_power"": 0.0, ""kick_dir"": null}, {""move_vx"": 0.0, ""move_vy"": 0.0, ""kick_power"": 0.65, ""kick_dir"": [0.8733010638283897, 0.4871804491738966]}, {""move_vx"": -4.242640687119285, ""move_vy"": 4.242640687119285, ""kick_power"": 0.0, ""kick_dir"": null}, {""move_vx"": 0.0, ""move_vy"": -6.0, ""kick_power"": 0.0, ""kick_dir"": null}, {""move_vx"": 0.0, ""move_vy"": 0.0, ""kick_power"": 0.0, ""kick_dir"": null}, {""move_vx"": 0.0, ""move_vy"": 0.0, ""kick_power"": 0.0, ""kick_dir"": null}, {""move_vx"": 0.0, ""move_vy"": -6.0, ""kick_power"": 0.0, ""kick_dir"": null}, {""move_vx"": -5.248209424608031, ""move_vy"": -0.13710519849898403, ""kick_power"": 0.0, ""kick_dir"": null}, {""move_vx"": -7.470765382051029, ""move_vy"": 1.0194432825556916, ""kick_power"": 0.0, ""kick_dir"": null}, {""move_vx"": -0.0, ""move_vy"": 0.0, ""kick_power"": 0.9, ""kick_dir"": [-0.7498277066142817, -0.6616329727516257]}, {""move_vx"": -3.8183766184073566, ""move_vy"": -3.8183766184073566, ""kick_power"": 0.0, ""kick_dir"": null}, {""move_vx"": -6.974384469977094, ""move_vy"": -2.8652331955605845, ""kick_power"": 0.0, ""kick_dir"": null}, {""move_vx"": -6.0, ""move_vy"": 0.0, ""kick_power"": 0.0, ""kick_dir"": null}, {""move_vx"": -0.0, ""move_vy"": 0.0, ""kick_power"": 0.0, ""kick_dir"": null}, {""move_vx"": -6.0, ""move_vy"": 0.0, ""kick_power"": 0.0, ""kick_dir"": null}, {""move_vx"": -4.960954896108995, ""move_vy"": -3.515014440762966, ""kick_power"": 0.0, ""kick_dir"": null}, {""move_vx"": -0.0, ""move_vy"": 0.0, ""kick_power"": 0.9, ""kick_dir"": [0.9106483011138694, 0.41318211493994167]}, {""move_vx"": -5.759681948807429, ""move_vy"": 0.0605297330398088, ""kick_power"": 0.0, ""kick_dir"": null}]"
85,163,default,default,0,13.562197335244603,36.27693566422537,20,B,,0.108222377145545,-0.054919709638529504,2.9183108479208126,"[{""move_vx"": 5.0, ""move_vy"": 0.0, ""kick_power"": 0.0, ""kick_dir"": null}, {""move_vx"": 0.0, ""move_vy"": 0.0, ""kick_power"": 0.0, ""kick_dir"": null}, {""move_vx"": 3.8183766184073566, ""move_vy"": -3.8183766184073566, ""kick_power"": 0.0, ""kick_dir"": null}, {""move_vx"": 5.1806355892080465, ""move_vy"": 1.523487739311018, ""kick_power"": 0.0, ""kick_dir"": null}, {""move_vx"": -3.52681176499425, ""move_vy"": 3.4447784797136296, ""kick_power"": 0.0, ""kick_dir"": null}, {""move_vx"": -4.313351365237939, ""move_vy"": -4.313351365237939, ""kick_power"": 0.0, ""kick_dir"": null}, {""move_vx"": 0.0, ""move_vy"": 0.0, ""kick_power"": 0.4, ""kick_dir"": [0.9956687168309084, 0.0929719294705225]}, {""move_vx"": -4.1910357613500056, ""move_vy"": 2.9060659399066253, ""kick_power"": 0.0, ""kick_dir"": null}, {""move_vx"": 6.1, ""move_vy"": 0.0, ""kick_power"": 0.0, ""kick_dir"": null}, {""move_vx"": 0.0, ""move_vy"": -6.0, ""kick_power"": 0.0, ""kick_dir"": null}, {""move_vx"": 4.172571264881665, ""move_vy"": -2.9325158208411803, ""kick_power"": 0.0, ""kick_dir"": null}, {""move_vx"": -4.997008669616953, ""move_vy"": -0.17292875924208045, ""kick_power"": 0.0, ""kick_dir"": null}, {""move_vx"": 4.1012193308819755, ""move_vy"": 4.1012193308819755, ""kick_power"": 0.0, ""kick_dir"": null}, {""move_vx"": -0.0, ""move_vy"": 0.0, ""kick_power"": 0.9, ""kick_dir"": [-0.7624944336096987, -0.6469946143369809]}, {""move_vx"": -0.0, ""move_vy"": 0.0, ""kick_power"": 0.0, ""kick_dir"": null}, {""move_vx"": -6.981391087425454, ""move_vy"": -2.8481184112351174, ""kick_power"": 0.0, ""kick_dir"": null}, {""move_vx"": -5.367931547155019, ""move_vy"": 0.5876316065852232, ""kick_power"": 0.0, ""kick_dir"": null}, {""move_vx"": -0.0, ""move_vy"": 0.0, ""kick_power"": 0.4, ""kick_dir"": [0.11663821354260429, 0.9931741259943557]}, {""move_vx"": -0.0, ""move_vy"": 0.0, ""kick_power"": 0.9, ""kick_dir"": [0.5242986021524129, -0.8515343517114125]}, {""move_vx"": -0.0, ""move_vy"": 0.0, ""kick_power"": 0.65, ""kick_dir"": [-0.7384738330964837, -0.6742818791588897]}, {""move_vx"": -3.554895837477965, ""move_vy"": 4.455638628152179, ""kick_power"": 0.0, ""kick_dir"": null}, {""move_vx"": 4.525483399593904, ""move_vy"": 4.525483399593904, ""kick_power"": 0.0, ""kick_dir"": null}]"
85,164,default,default,0,12.273727420332227,35.56821823798511,20,B,,0.1099578142762582,-0.15833115398373396,0.4582369963204371,"[{""move_vx"": 0.0, ""move_vy"": 5.0, ""kick_power"": 0.0, ""kick_dir"": null}, {""move_vx"": 0.0, ""move_vy"": 0.0, ""kick_power"": 0.0, ""kick_dir"": null}, {""move_vx"": 0.0, ""move_vy"": -5.4, ""kick_power"": 0.0, ""kick_dir"": null}, {""move_vx"": 0.0, ""move_vy"": -5.4, ""kick_power"": 0.0, ""kick_dir"": null}, {""move_vx"": -3.5130534927477055, ""move_vy"": -4.244826870096487, ""kick_power"": 0.0, ""kick_dir"": null}, {""move_vx"": 0.0, ""move_vy"": 0.0, ""kick_power"": 0.65, ""kick_dir"": [0.8162254056307, 0.5777332049197611]}, {""move_vx"": -4.242640687119285, ""move_vy"": -4.242640687119285, ""kick_power"": 0.0, ""kick_dir"": null}, {""move_vx"": 0.0, ""move_vy"": -6.0, ""kick_power"": 0.0, ""kick_dir"": null}, {""move_vx"": 0.0, ""move_vy"": 0.0, ""kick_power"": 0.0, ""kick_dir"": null}, {""move_vx"": 3.2509030308864584, ""move_vy"": -4.3118011878765055, ""kick_power"": 0.0, ""kick_dir"": null}, {""move_vx"": 0.0, ""move_vy"": -6.0, ""kick_power"": 0.0, ""kick_dir"": null}, {""move_vx"": 5.0, ""move_vy"": 0.0, ""kick_power"": 0.0, ""kick_dir"": null}, {""move_vx"": -7.447570365634652, ""move_vy"": 1.1769858320814817, ""kick_power"": 0.0, ""kick_dir"": null}, {""move_vx"": -0.0, ""move_vy"": 0.0, ""kick_power"": 0.9, ""kick_dir"": [-0.7714640216934257, -0.6362727824161747]}, {""move_vx"": -3.8183766184073566, ""move_vy"": -3.8183766184073566, ""kick_power"": 0.0, ""kick_dir"": null}, {""move_vx"": -7.001588254894027, ""move_vy"": -2.798099696031223, ""kick_power"": 0.0, ""kick_dir"": null}, {""move_vx"": -6.0, ""move_vy"": 0.0, ""kick_power"": 0.0, ""kick_dir"": null}, {""move_vx"": -0.0, ""move_vy"": 0.0, ""kick_power"": 0.0, ""kick_dir"": null}, {""move_vx"": -6.0, ""move_vy"": 0.0, ""kick_power"": 0.0, ""kick_dir"": null}, {""move_vx"": -4.91090656716521, ""move_vy"": -3.5846055136616664, ""kick_power"": 0.0, ""kick_dir"": null}, {""move_vx"": -1.6889809241039333, ""move_vy"": -5.757372963254424, ""kick_power"": 0.0, ""kick_dir"": null}, {""move_vx"": -5.756959162880292, ""move_vy"": 0.1871395119387058, ""kick_power"": 0.0, ""kick_dir"": null}]"
85,165,default,default,0,11.735518731556073,35.436848753124,20,B,,-0.23847578893680463,-1.809468894376598,0.4835542621159092,"[{""move_vx"": -3.5355339059327373, ""move_vy"": -3.5355339059327373, ""kick_power"": 0.0, ""kick_dir"": null}, {""move_vx"": 0.0, ""move_vy"": 0.0, ""kick_power"": 0.0, ""kick_dir"": null}, {""move_vx"": 0.0, ""move_vy"": -5.4, ""kick_power"": 0.0, ""kick_dir"": null}, {""move_vx"": 0.0, ""move_vy"": 5.4, ""kick_power"": 0.0, ""kick_dir"": null}, {""move_vx"": -3.631857919645173, ""move_vy"": -4.1436346426188, ""kick_power"": 0.0, ""kick_dir"": null}, {""move_vx"": 0.0, ""move_vy"": 0.0, ""kick_power"": 0.65, ""kick_dir"": [0.8253025254052788, 0.5646904199967473]}, {""move_vx"": -4.242640687119285, ""move_vy"": 4.242640687119285, ""kick_power"": 0.0, ""kick_dir"": null}, {""move_vx"": 0.0, ""move_vy"": -6.0, ""kick_power"": 0.0, ""kick_dir"": null}, {""move_vx"": -0.8756916853995073, ""move_vy"": -5.72845433534406, ""kick_power"": 0.0, ""kick_dir"": null}, {""move_vx"": 0.0, ""move_vy"": 0.0, ""kick_power"": 0.0, ""kick_dir"": null}, {""move_vx"": 0.0, ""move_vy"": -6.0, ""kick_power"": 0.0, ""kick_dir"": null}, {""move_vx"": -5.2482387077003105, ""move_vy"": -0.1359796565526577, ""kick_power"": 0.0, ""kick_dir"": null}, {""move_vx"": -7.490864702496215, ""move_vy"": 0.8593869960013807, ""kick_power"": 0.0, ""kick_dir"": null}, {""move_vx"": -0.0, ""move_vy"": 0.0, ""kick_power"": 0.9, ""kick_dir"": [-0.7819931383807791, -0.6232868785888102]}, {""move_vx"": -0.0, ""move_vy"": 0.0, ""kick_power"": 0.9, ""kick_dir"": [-0.11817453024509175, -0.9929924786752816]}, {""move_vx"": -6.979289235735223, ""move_vy"": -2.8532651057955403, ""kick_power"": 0.0, ""kick_dir"": null}, {""move_vx"": -6.0, ""move_vy"": 0.0, ""kick_power"": 0.0, ""kick_dir"": null}, {""move_vx"": -0.0, ""move_vy"": 0.0, ""kick_power"": 0.0, ""kick_dir"": null}, {""move_vx"": -6.0, ""move_vy"": 0.0, ""kick_power"": 0.0, ""kick_dir"": null}, {""move_vx"": -4.909742583595073, ""move_vy"": -3.5861996267404264, ""kick_power"": 0.0, ""kick_dir"": null}, {""move_vx"": -4.242640687119285, ""move_vy"": -4.242640687119285, ""kick_power"": 0.0, ""kick_dir"": null}, {""move_vx"": -5.75983803419722, ""move_vy"": 0.043195136475145945, ""kick_power"": 0.0, ""kick_dir"": null}]"
85,166,default,default,0,12.159782800268001,36.86111282183594,20,B,,-0.23391896869775833,0.05687046875785927,0.5222372629062091,"[{""move_vx"": -3.5355339059327373, ""move_vy"": -3.5355339059327373, ""kick_power"": 0.0, ""kick_dir"": null}, {""move_vx"": 0.0, ""move_vy"": 0.0, ""kick_power"": 0.0, ""kick_dir"": null}, {""move_vx"": 3.8183766184073566, ""move_vy"": 3.8183766184073566, ""kick_power"": 0.0, ""kick_dir"": null}, {""move_vx"": 0.0, ""move_vy"": 5.4, ""kick_power"": 0.0, ""kick_dir"": null}, {""move_vx"": -3.7000799598399756, ""move_vy"": -4.08283091626271, ""kick_power"": 0.0, ""kick_dir"": null}, {""move_vx"": 0.0, ""move_vy"": 0.0, ""kick_power"": 0.65, ""kick_dir"": [0.7686754843954228, 0.6396385872945305]}, {""move_vx"": -4.242640687119285, ""move_vy"": 4.242640687119285, ""kick_power"": 0.0, ""kick_dir"": null}, {""move_vx"": 0.0, ""move_vy"": -6.0, ""kick_power"": 0.0, ""kick_dir"": null}, {""move_vx"": 0.0, ""move_vy"": 0.0, ""kick_power"": 0.0, ""kick_dir"": null}, {""move_vx"": 0.0, ""move_vy"": 0.0, ""kick_power"": 0.0, ""kick_dir"": null}, {""move_vx"": 0.0, ""move_vy"": -6.0, ""kick_power"": 0.0, ""kick_dir"": null}, {""move_vx"": 3.5355339059327373, ""move_vy"": 3.5355339059327373, ""kick_power"": 0.0, ""kick_dir"": null}, {""move_vx"": -4.447573758578424, ""move_vy"": 3.72277956129618, ""kick_power"": 0.0, ""kick_dir"": null}, {""move_vx"": -0.0, ""move_vy"": 0.0, ""kick_power"": 0.9, ""kick_dir"": [-0.7904722572869023, -0.6124976818878678]}, {""move_vx"": -0.0, ""move_vy"": 0.0, ""kick_power"": 0.9, ""kick_dir"": [-0.19469772798413745, -0.9808629431787513]}, {""move_vx"": -6.989492091435458, ""move_vy"": -2.828179680246853, ""kick_power"": 0.0, ""kick_dir"": null}, {""move_vx"": -6.0, ""move_vy"": 0.0, ""kick_power"": 0.0, ""kick_dir"": null}, {""move_vx"": -0.0, ""move_vy"": 0.0, ""kick_power"": 0.0, ""kick_dir"": null}, {""move_vx"": -5.977452904842577, ""move_vy"": 0.5196698667317919, ""kick_power"": 0.0, ""kick_dir"": null}, {""move_vx"": -4.913354462019711, ""move_vy"": -3.581249492921568, ""kick_power"": 0.0, ""kick_dir"": null}, {""move_vx"": -0.0, ""move_vy"": 6.0, ""kick_power"": 0.0, ""kick_dir"": null}, {""move_vx"": -5.759973510435586, ""move_vy"": 0.01746880306024522, ""kick_power"": 0.0, ""kick_dir"": null}]"
85,167,default,default,0,12.759782800268,36.26111282183594,20,B,,-0.24424351890771462,0.0634802394632477,0.5033237893140206,"[{""move_vx"": 0.0, ""move_vy"": 5.0, ""kick_power"": 0.0, ""kick_dir"": null}, {""move_vx"": 4.1012193308819755, ""move_vy"": 4.1012193308819755, ""kick_power"": 0.0, ""kick_dir"": null}, {""move_vx"": -6.416684521569053, ""move_vy"": -0.9036369573319497, ""kick_power"": 0.0, ""kick_dir"": null}, {""move_vx"": 0.0, ""move_vy"": -5.4, ""kick_power"": 0.0, ""kick_dir"": null}, {""move_vx"": -3.847484938041605, ""move_vy"": -3.944231186371177, ""kick_power"": 0.0, ""kick_dir"": null}, {""move_vx"": 0.0, ""move_vy"": 0.0, ""kick_power"": 0.65, ""kick_dir"": [0.7041010826638201, 0.7100994198442726]}, {""move_vx"": -4.242640687119285, ""move_vy"": -4.242640687119285, ""kick_power"": 0.0, ""kick_dir"": null}, {""move_vx"": -4.167725886874572, ""move_vy"": 2.9393980560440536, ""kick_power"": 0.0, ""kick_dir"": null}, {""move_vx"": 0.0, ""move_vy"": 0.0, ""kick_power"": 0.0, ""kick_dir"": null}, {""move_vx"": 0.0, ""move_vy"": 0.0, ""kick_power"": 0.0, ""kick_dir"": null}, {""move_vx"": 0.0, ""move_vy"": -6.0, ""kick_power"": 0.0, ""kick_dir"": null}, {""move_vx"": 3.5355339059327373, ""move_vy"": 3.5355339059327373, ""kick_power"": 0.0, ""kick_dir"": null}, {""move_vx"": -4.447573758578423, ""move_vy"": 3.7227795612961807, ""kick_power"": 0.0, ""kick_dir"": null}, {""move_vx"": -0.0, ""move_vy"": 0.0, ""kick_power"": 0.9, ""kick_dir"": [-0.7989313611094435, -0.6014220468885965]}, {""move_vx"": -3.8183766184073566, ""move_vy"": -3.8183766184073566, ""kick_power"": 0.0, ""kick_dir"": null}, {""move_vx"": -0.0, ""move_vy"": 0.0, ""kick_power"": 0.4, ""kick_dir"": [-0.43180746688683486, 0.9019656850008549]}, {""move_vx"": -0.0, ""move_vy"": 0.0, ""kick_power"": 0.0, ""kick_dir"": null}, {""move_vx"": -4.242640687119285, ""move_vy"": 4.242640687119285, ""kick_power"": 0.0, ""kick_dir"": null}, {""move_vx"": -6.0, ""move_vy"": 0.0, ""kick_power"": 0.0, ""kick_dir"": null}, {""move_vx"": -5.060503392215574, ""move_vy"": -3.3701194960082144, ""kick_power"": 0.0, ""kick_dir"": null}, {""move_vx"": -0.0, ""move_vy"": 0.0, ""kick_power"": 0.0, ""kick_dir"": null}, {""move_vx"": -4.525483399593904, ""move_vy"": -4.525483399593904, ""kick_power"": 0.0, ""kick_dir"": null}]"
85,168,default,default,0,11.896803023430001,35.29631147597544,20,B,,-0.24751981822939384,-0.11178468957017998,0.4608272671507276,"[{""move_vx"": 0.0, ""move_vy"": 5.0, ""kick_power"": 0.0, ""kick_dir"": null}, {""move_vx"": 0.0, ""move_vy"": 0.0, ""kick_power"": 0.0, ""kick_dir"": null}, {""move_vx"": 0.0, ""move_vy"": -5.4, ""kick_power"": 0.0, ""kick_dir"": null}, {""move_vx"": 0.0, ""move_vy"": -5.4, ""kick_power"": 0.0, ""kick_dir"": null}, {""move_vx"": -3.6476614799120184, ""move_vy"": -4.129729498159179, ""kick_power"": 0.0, ""kick_dir"": null}, {""move_vx"": 0.0, ""move_vy"": 0.0, ""kick_power"": 0.65, ""kick_dir"": [0.7037816449014471, 0.7104159810621775]}, {""move_vx"": -4.242640687119285, ""move_vy"": 4.242640687119285, ""kick_power"": 0.0, ""kick_dir"": null}, {""move_vx"": 0.0, ""move_vy"": -6.0, ""kick_power"": 0.0, ""kick_dir"": null}, {""move_vx"": 0.0, ""move_vy"": 0.0, ""kick_power"": 0.0, ""kick_dir"": null}, {""move_vx"": 0.0, ""move_vy"": 0.0, ""kick_power"": 0.0, ""kick_dir"": null}, {""move_vx"": 0.0, ""move_vy"": -6.0, ""kick_power"": 0.0, ""kick_dir"": null}, {""move_vx"": 3.5355339059327373, ""move_vy"": 3.5355339059327373, ""kick_power"": 0.0, ""kick_dir"": null}, {""move_vx"": -4.447573758578423, ""move_vy"": 3.7227795612961825, ""kick_power"": 0.0, ""kick_dir"": null}, {""move_vx"": -0.0, ""move_vy"": 0.0, ""kick_power"": 0.9, ""kick_dir"": [-0.8071240041022743, -0.590381783831427]}, {""move_vx"": -0.0, ""move_vy"": 0.0, ""kick_power"": 0.9, ""kick_dir"": [-0.3243981705464783, -0.9459202165050151]}, {""move_vx"": -7.04506538784246, ""move_vy"": -2.686755232808558, ""kick_power"": 0.0, ""kick_dir"": null}, {""move_vx"": -6.0, ""move_vy"": 0.0, ""kick_power"": 0.0, ""kick_dir"": null}, {""move_vx"": -0.0, ""move_vy"": 0.0, ""kick_power"": 0.0, ""kick_dir"": null}, {""move_vx"": -6.0, ""move_vy"": 0.0, ""kick_power"": 0.0, ""kick_dir"": null}, {""move_vx"": -4.840181633535142, ""move_vy"": -3.6795436883381454, ""kick_power"": 0.0, ""kick_dir"": null}, {""move_vx"": -1.577878661027994, ""move_vy"": -5.788808075163012, ""kick_power"": 0.0, ""kick_dir"": null}, {""move_vx"": -5.756923347339619, ""move_vy"": 0.1882380749370361, ""kick_power"": 0.0, ""kick_dir"": null}]"
85,169,default,default,0,11.347484108346254,35.168085502305196,20,B,,-0.5959019975808701,-1.8100805995853897,0.47903573977628433,"[{""move_vx"": -3.5355339059327373, ""move_vy"": -3.5355339059327373, ""kick_power"": 0.0, ""kick_dir"": null}, {""move_vx"": 0.0, ""move_vy"": 0.0, ""kick_power"": 0.0, ""kick_dir"": null}, {""move_vx"": -3.8183766184073566, ""move_vy"": -3.8183766184073566, ""kick_power"": 0.0, ""kick_dir"": null}, {""move_vx"": 0.0, ""move_vy"": 5.4, ""kick_power"": 0.0, ""kick_dir"": null}, {""move_vx"": -3.6081623293141916, ""move_vy"": -4.164284404950986, ""kick_power"": 0.0, ""kick_dir"": null}, {""move_vx"": 0.0, ""move_vy"": 0.0, ""kick_power"": 0.65, ""kick_dir"": [0.6249944480254017, 0.780628857396694]}, {""move_vx"": -4.242640687119285, ""move_vy"": 4.242640687119285, ""kick_power"": 0.0, ""kick_dir"": null}, {""move_vx"": 0.0, ""move_vy"": -6.0, ""kick_power"": 0.0, ""kick_dir"": null}, {""move_vx"": -1.003375996798484, ""move_vy"": -5.707474188206955, ""kick_power"": 0.0, ""kick_dir"": null}, {""move_vx"": 0.0, ""move_vy"": 0.0, ""kick_power"": 0.65, ""kick_dir"": [0.36169679421949297, -0.9322956939644943]}, {""move_vx"": 0.0, ""move_vy"": -6.0, ""kick_power"": 0.0, ""kick_dir"": null}, {""move_vx"": -5.24715837419376, ""move_vy"": -0.172710729627009, ""kick_power"": 0.0, ""kick_dir"": null}, {""move_vx"": -4.4475737585784225, ""move_vy"": 3.722779561296184, ""kick_power"": 0.0, ""kick_dir"": null}, {""move_vx"": -0.0, ""move_vy"": 0.0, ""kick_power"": 0.0, ""kick_dir"": null}, {""move_vx"": -0.0, ""move_vy"": 0.0, ""kick_power"": 0.9, ""kick_dir"": [-0.38872288346649664, -0.921354330336292]}, {""move_vx"": -6.970113403553368, ""move_vy"": -2.8756076125934995, ""kick_power"": 0.0, ""kick_dir"": null}, {""move_vx"": -0.0, ""move_vy"": 6.0, ""kick_power"": 0.0, ""kick_dir"": null}, {""move_vx"": -0.0, ""move_vy"": 0.0, ""kick_power"": 0.0, ""kick_dir"": null}, {""move_vx"": -6.0, ""move_vy"": 0.0, ""kick_power"": 0.0, ""kick_dir"": null}, {""move_vx"": -4.745005552856057, ""move_vy"": -3.8014894848421177, ""kick_power"": 0.0, ""kick_dir"": null}, {""move_vx"": -4.242640687119285, ""move_vy"": -4.242640687119285, ""kick_power"": 0.0, ""kick_dir"": null}, {""move_vx"": -5.988287749970388, ""move_vy"": -1.0520502951639719, ""kick_power"": 0.0, ""kick_dir"": null}]"
85,170,default,default,0,11.771748177058182,36.59234957101713,20,B,,-0.9407639424503855,-1.692345566463066,0.5256557535496501,"[{""move_vx"": -3.5355339059327373, ""move_vy"": -3.5355339059327373, ""kick_power"": 0.0, ""kick_dir"": null}, {""move_vx"": 0.0, ""move_vy"": 0.0, ""kick_power"": 0.0, ""kick_dir"": null}, {""move_vx"": 3.8183766184073566, ""move_vy"": 3.8183766184073566, ""kick_power"": 0.0, ""kick_dir"": null}, {""move_vx"": 0.0, ""move_vy"": 5.4, ""kick_power"": 0.0, ""kick_dir"": null}, {""move_vx"": -3.641518897578029, ""move_vy"": -4.135146928294338, ""kick_power"": 0.0, ""kick_dir"": null}, {""move_vx"": 6.1, ""move_vy"": 0.0, ""kick_power"": 0.0, ""kick_dir"": null}, {""move_vx"": -4.242640687119285, ""move_vy"": 4.242640687119285, ""kick_power"": 0.0, ""kick_dir"": null}, {""move_vx"": 0.0, ""move_vy"": -6.0, ""kick_power"": 0.0, ""kick_dir"": null}, {""move_vx"": -1.2043033368145224, ""move_vy"": -5.6684811433873, ""kick_power"": 0.0, ""kick_dir"": null}, {""move_vx"": 0.0, ""move_vy"": 0.0, ""kick_power"": 0.65, ""kick_dir"": [0.36169679421949297, -0.9322956939644943]}, {""move_vx"": 0.0, ""move_vy"": -6.0, ""kick_power"": 0.0, ""kick_dir"": null}, {""move_vx"": 3.5355339059327373, ""move_vy"": 3.5355339059327373, ""kick_power"": 0.0, ""kick_dir"": null}, {""move_vx"": -4.424639097170602, ""move_vy"": 3.7500091812940024, ""kick_power"": 0.0, ""kick_dir"": null}, {""move_vx"": -0.0, ""move_vy"": 0.0, ""kick_power"": 0.9, ""kick_dir"": [-0.8230419254709721, -0.5679804528113387]}, {""move_vx"": -0.0, ""move_vy"": 0.0, ""kick_power"": 0.9, ""kick_dir"": [-0.4432583170211768, -0.8963935493253061]}, {""move_vx"": -6.981891665560641, ""move_vy"": -2.8468910710413304, ""kick_power"": 0.0, ""kick_dir"": null}, {""move_vx"": -6.0, ""move_vy"": 0.0, ""kick_power"": 0.0, ""kick_dir"": null}, {""move_vx"": -0.0, ""move_vy"": 0.0, ""kick_power"": 0.0, ""kick_dir"": null}, {""move_vx"": -6.0, ""move_vy"": 0.0, ""kick_power"": 0.0, ""kick_dir"": null}, {""move_vx"": -4.754839474957638, ""move_vy"": -3.789182176589637, ""kick_power"": 0.0, ""kick_dir"": null}, {""move_vx"": -0.0, ""move_vy"": 6.0, ""kick_power"": 0.0, ""kick_dir"": null}, {""move_vx"": -5.985259684159671, ""move_vy"": -1.0691428871637672, ""kick_power"": 0.0, ""kick_dir"": null}]"
85,171,default,default,0,12.371748177058182,35.99234957101713,20,B,,-0.951241731010436,0.06635987927570189,0.5045653062269921,"[{""move_vx"": 0.0, ""move_vy"": 5.0, ""kick_power"": 0.0, ""kick_dir"": null}, {""move_vx"": 4.1012193308819755, ""move_vy"": 4.1012193308819755, ""kick_power"": 0.0, ""kick_dir"": null}, {""move_vx"": 0.0, ""move_vy"": 0.0, ""kick_power"": 0.9, ""kick_dir"": [-0.35369249379649836, 0.9353617086164826]}, {""move_vx"": 0.0, ""move_vy"": 5.4, ""kick_power"": 0.0, ""kick_dir"": null}, {""move_vx"": -3.123630340717626, ""move_vy"": 3.814162227088445, ""kick_power"": 0.0, ""kick_dir"": null}, {""move_vx"": -4.659337404365919, ""move_vy"": 2.903562458821346, ""kick_power"": 0.0, ""kick_dir"": null}, {""move_vx"": -4.242640687119285, ""move_vy"": -4.242640687119285, ""kick_power"": 0.0, ""kick_dir"": null}, {""move_vx"": -6.0, ""move_vy"": 0.0, ""kick_power"": 0.0, ""kick_dir"": null}, {""move_vx"": 0.0, ""move_vy"": 0.0, ""kick_power"": 0.0, ""kick_dir"": null}, {""move_vx"": 0.0, ""move_vy"": 0.0, ""kick_power"": 0.65, ""kick_dir"": [0.36169679421949297, -0.9322956939644943]}, {""move_vx"": 0.0, ""move_vy"": -6.0, ""kick_power"": 0.0, ""kick_dir"": null}, {""move_vx"": 3.5355339059327373, ""move_vy"": 3.5355339059327373, ""kick_power"": 0.0, ""kick_dir"": null}, {""move_vx"": -4.401319162761273, ""move_vy"": 3.7773521979702136, ""kick_power"": 0.0, ""kick_dir"": null}, {""move_vx"": -6.479615432952178, ""move_vy"": 0.07059632460669885, ""kick_power"": 0.0, ""kick_dir"": null}, {""move_vx"": -0.0, ""move_vy"": 0.0, ""kick_power"": 0.9, ""kick_dir"": [-0.4892553197998526, -0.8721402452452613]}, {""move_vx"": -0.0, ""move_vy"": 0.0, ""kick_power"": 0.4, ""kick_dir"": [-0.45387791398136734, 0.8910637681859095]}, {""move_vx"": -0.0, ""move_vy"": 0.0, ""kick_power"": 0.0, ""kick_dir"": null}, {""move_vx"": -4.242640687119285, ""move_vy"": 4.242640687119285, ""kick_power"": 0.0, ""kick_dir"": null}, {""move_vx"": -6.0, ""move_vy"": 0.0, ""kick_power"": 0.0, ""kick_dir"": null}, {""move_vx"": -4.903950726581072, ""move_vy"": -3.5941156452269283, ""kick_power"": 0.0, ""kick_dir"": null}, {""move_vx"": -0.0, ""move_vy"": 0.0, ""kick_power"": 0.0, ""kick_dir"": null}, {""move_vx"": -4.525483399593904, ""move_vy"": -4.525483399593904, ""kick_power"": 0.0, ""kick_dir"": null}]"
85,172,default,default,0,11.527772349070922,35.022568257855276,20,B,,-1.3051319875892653,-1.8567251109536145,0.465142640833257,"[{""move_vx"": 0.0, ""move_vy"": 5.0, ""kick_power"": 0.0, ""kick_dir"": null}, {""move_vx"": 0.0, ""move_vy"": 0.0, ""kick_power"": 0.0, ""kick_dir"": null}, {""move_vx"": 0.0, ""move_vy"": -5.4, ""kick_power"": 0.0, ""kick_dir"": null}, {""move_vx"": 0.0, ""move_vy"": 5.4, ""kick_power"": 0.0, ""kick_dir"": null}, {""move_vx"": -3.4596976078701362, ""move_vy"": -4.288425405915049, ""kick_power"": 0.0, ""kick_dir"": null}, {""move_vx"": 6.1, ""move_vy"": 0.0, ""kick_power"": 0.0, ""kick_dir"": null}, {""move_vx"": -4.242640687119285, ""move_vy"": 4.242640687119285, ""kick_power"": 0.0, ""kick_dir"": null}, {""move_vx"": -6.0, ""move_vy"": 0.0, ""kick_power"": 0.0, ""kick_dir"": null}, {""move_vx"": -0.8482747616767725, ""move_vy"": -5.732578383999838, ""kick_power"": 0.0, ""kick_dir"": null}, {""move_vx"": 0.0, ""move_vy"": 0.0, ""kick_power"": 0.65, ""kick_dir"": [0.3319543560710574, -0.9432953595963021]}, {""move_vx"": 0.0, ""move_vy"": -6.0, ""kick_power"": 0.0, ""kick_dir"": null}, {""move_vx"": 3.5355339059327373, ""move_vy"": 3.5355339059327373, ""kick_power"": 0.0, ""kick_dir"": null}, {""move_vx"": -4.377611873490335, ""move_vy"": 3.8048014777484043, ""kick_power"": 0.0, ""kick_dir"": null}, {""move_vx"": -6.479975329946746, ""move_vy"": -0.017880807631943284, ""kick_power"": 0.0, ""kick_dir"": null}, {""move_vx"": -0.0, ""move_vy"": 0.0, ""kick_power"": 0.9, ""kick_dir"": [-0.6232232631023019, -0.7820435845136754]}, {""move_vx"": -7.039853116427581, ""move_vy"": -2.7003829541612907, ""kick_power"": 0.0, ""kick_dir"": null}, {""move_vx"": -6.0, ""move_vy"": 0.0, ""kick_power"": 0.0, ""kick_dir"": null}, {""move_vx"": -0.0, ""move_vy"": 0.0, ""kick_power"": 0.0, ""kick_dir"": null}, {""move_vx"": -6.0, ""move_vy"": 0.0, ""kick_power"": 0.0, ""kick_dir"": null}, {""move_vx"": -4.658530666333681, ""move_vy"": -3.906979911751361, ""kick_power"": 0.0, ""kick_dir"": null}, {""move_vx"": -1.4638549679235497, ""move_vy"": -5.81868787897113, ""kick_power"": 0.0, ""kick_dir"": null}, {""move_vx"": -4.525483399593904, ""move_vy"": -4.525483399593904, ""kick_power"": 0.0, ""kick_dir"": null}]"
85,173,default,default,0,11.674157845863277,36.6044370457524,20,B,,-1.6468051745714622,-1.7196601619416798,0.5202350052425143,"[{""move_vx"": -3.5355339059327373, ""move_vy"": -3.5355339059327373, ""kick_power"": 0.0, ""kick_dir"": null}, {""move_vx"": 0.0, ""move_vy"": 0.0, ""kick_power"": 0.0, ""kick_dir"": null}, {""move_vx"": 0.0, ""move_vy"": -5.4, ""kick_power"": 0.0, ""kick_dir"": null}, {""move_vx"": 0.0, ""move_vy"": 5.4, ""kick_power"": 0.0, ""kick_dir"": null}, {""move_vx"": -3.4710423718862713, ""move_vy"": -4.279248164405766, ""kick_power"": 0.0, ""kick_dir"": null}, {""move_vx"": 6.1, ""move_vy"": 0.0, ""kick_power"": 0.0, ""kick_dir"": null}, {""move_vx"": -4.242640687119285, ""move_vy"": -4.242640687119285, ""kick_power"": 0.0, ""kick_dir"": null}, {""move_vx"": -6.0, ""move_vy"": 0.0, ""kick_power"": 0.0, ""kick_dir"": null}, {""move_vx"": -1.1010107166033078, ""move_vy"": -5.689446405576263, ""kick_power"": 0.0, ""kick_dir"": null}, {""move_vx"": 0.0, ""move_vy"": 0.0, ""kick_power"": 0.65, ""kick_dir"": [0.30118806002373066, -0.9535646703807468]}, {""move_vx"": 0.0, ""move_vy"": -6.0, ""kick_power"": 0.0, ""kick_dir"": null}, {""move_vx"": -5.245834552213758, ""move_vy"": -0.2090929238407667, ""kick_power"": 0.0, ""kick_dir"": null}, {""move_vx"": -4.353515437971334, ""move_vy"": 3.8323495836556023, ""kick_power"": 0.0, ""kick_dir"": null}, {""move_vx"": -0.0, ""move_vy"": 0.0, ""kick_power"": 0.9, ""kick_dir"": [-0.7944411684342675, -0.6073409320686247]}, {""move_vx"": -0.0, ""move_vy"": 0.0, ""kick_power"": 0.9, ""kick_dir"": [-0.6487137340588439, -0.7610321510425535]}, {""move_vx"": -6.960530193526996, ""move_vy"": -2.8987272077584385, ""kick_power"": 0.0, ""kick_dir"": null}, {""move_vx"": -0.0, ""move_vy"": 6.0, ""kick_power"": 0.0, ""kick_dir"": null}, {""move_vx"": -0.0, ""move_vy"": 0.0, ""kick_power"": 0.0, ""kick_dir"": null}, {""move_vx"": -6.0, ""move_vy"": 0.0, ""kick_power"": 0.0, ""kick_dir"": null}, {""move_vx"": -4.564248696047689, ""move_vy"": -4.016719288253408, ""kick_power"": 0.0, ""kick_dir"": null}, {""move_vx"": -0.0, ""move_vy"": 6.0, ""kick_power"": 0.0, ""kick_dir"": null}, {""move_vx"": -5.973896185885966, ""move_vy"": -1.1309130648538397, ""kick_power"": 0.0, ""kick_dir"": null}]"
85,174,default,default,0,12.274157845863277,36.0044370457524,20,B,,-1.65738742167102,0.05212638022289734,0.4939795852124215,"[{""move_vx"": 0.0, ""move_vy"": 5.0, ""kick_power"": 0.0, ""kick_dir"": null}, {""move_vx"": 4.1012193308819755, ""move_vy"": 4.1012193308819755, ""kick_power"": 0.0, ""kick_dir"": null}, {""move_vx"": 5.363387260813651, ""move_vy"": -0.6277555977781808, ""kick_power"": 0.0, ""kick_dir"": null}, {""move_vx"": 0.0, ""move_vy"": 0.0, ""kick_power"": 0.4, ""kick_dir"": [0.9992880876682189, 0.03772654383836497]}, {""move_vx"": -3.005140036328585, ""move_vy"": 3.9082007832319756, ""kick_power"": 0.0, ""kick_dir"": null}, {""move_vx"": -4.721199740020846, ""move_vy"": 2.8018517117840305, ""kick_power"": 0.0, ""kick_dir"": null}, {""move_vx"": 7.474499169783783, ""move_vy"": 0.6179499663415668, ""kick_power"": 0.0, ""kick_dir"": null}, {""move_vx"": -4.034273038698703, ""move_vy"": 3.120038629444951, ""kick_power"": 0.0, ""kick_dir"": null}, {""move_vx"": 0.0, ""move_vy"": 0.0, ""kick_power"": 0.0, ""kick_dir"": null}, {""move_vx"": 0.0, ""move_vy"": 0.0, ""kick_power"": 0.65, ""kick_dir"": [0.26945176884085614, -0.9630137956770523]}, {""move_vx"": 0.0, ""move_vy"": -6.0, ""kick_power"": 0.0, ""kick_dir"": null}, {""move_vx"": 3.5355339059327373, ""move_vy"": 3.5355339059327373, ""kick_power"": 0.0, ""kick_dir"": null}, {""move_vx"": -4.329028371778293, ""move_vy"": 3.859988776711479, ""kick_power"": 0.0, ""kick_dir"": null}, {""move_vx"": 5.4, ""move_vy"": 0.0, ""kick_power"": 0.0, ""kick_dir"": null}, {""move_vx"": -0.0, ""move_vy"": 0.0, ""kick_power"": 0.9, ""kick_dir"": [-0.670372264230134, -0.7420245996042799]}, {""move_vx"": -0.0, ""move_vy"": 0.0, ""kick_power"": 0.4, ""kick_dir"": [-0.026212513178645022, -0.9996562826905023]}, {""move_vx"": -0.0, ""move_vy"": 0.0, ""kick_power"": 0.0, ""kick_dir"": null}, {""move_vx"": -4.242640687119285, ""move_vy"": 4.242640687119285, ""kick_power"": 0.0, ""kick_dir"": null}, {""move_vx"": -6.0, ""move_vy"": 0.0, ""kick_power"": 0.0, ""kick_dir"": null}, {""move_vx"": -3.707457373163181, ""move_vy"": 5.216776765990468, ""kick_power"": 0.0, ""kick_dir"": null}, {""move_vx"": -0.0, ""move_vy"": 0.0, ""kick_power"": 0.0, ""kick_dir"": null}, {""move_vx"": -4.525483399593904, ""move_vy"": -4.525483399593904, ""kick_power"": 0.0, ""kick_dir"": null}]"
85,175,default,default,0,12.381264627049823,36.71154382693894,20,B,,-1.6566724918463442,0.0034390792986895916,0.4991745927121396,"[{""move_vx"": 0.0, ""move_vy"": 5.0, ""kick_power"": 0.0, ""kick_dir"": null}, {""move_vx"": 0.0, ""move_vy"": 0.0, ""kick_power"": 0.0, ""kick_dir"": null}, {""move_vx"": 5.353989948861203, ""move_vy"": -0.7034142644936994, ""kick_power"": 0.0, ""kick_dir"": null}, {""move_vx"": 0.0, ""move_vy"": 5.4, ""kick_power"": 0.0, ""kick_dir"": null}, {""move_vx"": -3.3524799414910853, ""move_vy"": -4.372754079741957, ""kick_power"": 0.0, ""kick_dir"": null}, {""move_vx"": 6.1, ""move_vy"": 0.0, ""kick_power"": 0.0, ""kick_dir"": null}, {""move_vx"": -4.242640687119285, ""move_vy"": -4.242640687119285, ""kick_power"": 0.0, ""kick_dir"": null}, {""move_vx"": 5.3808360562878725, ""move_vy"": 2.65454390345166, ""kick_power"": 0.0, ""kick_dir"": null}, {""move_vx"": -0.8352323214320275, ""move_vy"": -5.734493174573954, ""kick_power"": 0.0, ""kick_dir"": null}, {""move_vx"": 0.0, ""move_vy"": 0.0, ""kick_power"": 0.65, ""kick_dir"": [0.25203375141793255, -0.9677183528076149]}, {""move_vx"": 0.0, ""move_vy"": -6.0, ""kick_power"": 0.0, ""kick_dir"": null}, {""move_vx"": 3.5355339059327373, ""move_vy"": 3.5355339059327373, ""kick_power"": 0.0, ""kick_dir"": null}, {""move_vx"": -4.304149513948459, ""move_vy"": 3.8877110182699086, ""kick_power"": 0.0, ""kick_dir"": null}, {""move_vx"": 5.4, ""move_vy"": 0.0, ""kick_power"": 0.0, ""kick_dir"": null}, {""move_vx"": -0.0, ""move_vy"": 0.0, ""kick_power"": 0.9, ""kick_dir"": [-0.7562888185498426, -0.6542375215891485]}, {""move_vx"": -7.053685300655804, ""move_vy"": -2.664042732260922, ""kick_power"": 0.0, ""kick_dir"": null}, {""move_vx"": -0.0, ""move_vy"": 0.0, ""kick_power"": 0.0, ""kick_dir"": null}, {""move_vx"": -0.0, ""move_vy"": 0.0, ""kick_power"": 0.0, ""kick_dir"": null}, {""move_vx"": -6.0, ""move_vy"": 0.0, ""kick_power"": 0.0, ""kick_dir"": null}, {""move_vx"": -4.532311647317765, ""move_vy"": -4.052721447569242, ""kick_power"": 0.0, ""kick_dir"": null}, {""move_vx"": 4.242640687119285, ""move_vy"": 4.242640687119285, ""kick_power"": 0.0, ""kick_dir"": null}, {""move_vx"": -4.525483399593904, ""move_vy"": -4.525483399593904, ""kick_power"": 0.0, ""kick_dir"": null}]"
85,176,default,default,0,11.706416301303433,35.31918496424943,20,B,,-2.014384234116177,-1.8500133907730891,0.4488529760448009,"[{""move_vx"": 0.0, ""move_vy"": 5.0, ""kick_power"": 0.0, ""kick_dir"": null}, {""move_vx"": 4.1012193308819755, ""move_vy"": 4.1012193308819755, ""kick_power"": 0.0, ""kick_dir"": null}, {""move_vx"": 5.366719650164781, ""move_vy"": -0.5985985270072204, ""kick_power"": 0.0, ""kick_dir"": null}, {""move_vx"": 5.294701561669128, ""move_vy"": -1.0611952567075036, ""kick_power"": 0.0, ""kick_dir"": null}, {""move_vx"": -2.9244587381507356, ""move_vy"": 3.9689345029684984, ""kick_power"": 0.0, ""kick_dir"": null}, {""move_vx"": -4.313351365237939, ""move_vy"": -4.313351365237939, ""kick_power"": 0.0, ""kick_dir"": null}, {""move_vx"": -4.242640687119285, ""move_vy"": -4.242640687119285, ""kick_power"": 0.0, ""kick_dir"": null}, {""move_vx"": -6.0, ""move_vy"": 0.0, ""kick_power"": 0.0, ""kick_dir"": null}, {""move_vx"": 0.0, ""move_vy"": 0.0, ""kick_power"": 0.0, ""kick_dir"": null}, {""move_vx"": 0.0, ""move_vy"": 0.0, ""kick_power"": 0.65, ""kick_dir"": [0.28580104649689525, -0.9582888827795492]}, {""move_vx"": 0.0, ""move_vy"": -6.0, ""kick_power"": 0.0, ""kick_dir"": null}, {""move_vx"": 3.5355339059327373, ""move_vy"": 3.5355339059327373, ""kick_power"": 0.0, ""kick_dir"": null}, {""move_vx"": -4.278878043431109, ""move_vy"": 3.915507973359671, ""kick_power"": 0.0, ""kick_dir"": null}, {""move_vx"": 5.4, ""move_vy"": 0.0, ""kick_power"": 0.0, ""kick_dir"": null}, {""move_vx"": -0.0, ""move_vy"": 0.0, ""kick_power"": 0.9, ""kick_dir"": [-0.7669715060334066, -0.6416808003389887]}, {""move_vx"": -0.0, ""move_vy"": 0.0, ""kick_power"": 0.4, ""kick_dir"": [-0.06944938862871487, -0.9975853666962873]}, {""move_vx"": -0.0, ""move_vy"": 0.0, ""kick_power"": 0.0, ""kick_dir"": null}, {""move_vx"": -4.242640687119285, ""move_vy"": 4.242640687119285, ""kick_power"": 0.0, ""kick_dir"": null}, {""move_vx"": -6.0, ""move_vy"": 0.0, ""kick_power"": 0.0, ""kick_dir"": null}, {""move_vx"": -4.603049727302615, ""move_vy"": -3.9721950113229996, ""kick_power"": 0.0, ""kick_dir"": null}, {""move_vx"": -1.5035055422067705, ""move_vy"": -5.808568763865461, ""kick_power"": 0.0, ""kick_dir"": null}, {""move_vx"": -5.751177500279705, ""move_vy"": 0.3186806556358431, ""kick_power"": 0.0, ""kick_dir"": null}]"
85,177,default,default,0,11.85676685552411,36.900041840635986,20,B,,-2.3534880923465886,-1.7177344458206003,0.5188397421359492,"[{""move_vx"": 0.0, ""move_vy"": -5.0, ""kick_power"": 0.0, ""kick_dir"": null}, {""move_vx"": 0.0, ""move_vy"": 0.0, ""kick_power"": 0.0, ""kick_dir"": null}, {""move_vx"": 5.337464352604472, ""move_vy"": -0.8194353450251735, ""kick_power"": 0.0, ""kick_dir"": null}, {""move_vx"": -5.4, ""move_vy"": 0.0, ""kick_power"": 0.0, ""kick_dir"": null}, {""move_vx"": -3.2812477051972704, ""move_vy"": -4.426456087790507, ""kick_power"": 0.0, ""kick_dir"": null}, {""move_vx"": 6.1, ""move_vy"": 0.0, ""kick_power"": 0.0, ""kick_dir"": null}, {""move_vx"": -4.242640687119285, ""move_vy"": 4.242640687119285, ""kick_power"": 0.0, ""kick_dir"": null}, {""move_vx"": -4.053098924378492, ""move_vy"": 3.0955434271225957, ""kick_power"": 0.0, ""kick_dir"": null}, {""move_vx"": -1.0013444393082342, ""move_vy"": -5.70783096402359, ""kick_power"": 0.0, ""kick_dir"": null}, {""move_vx"": 0.0, ""move_vy"": 0.0, ""kick_power"": 0.65, ""kick_dir"": [0.2524409334691391, -0.967612212823751]}, {""move_vx"": 0.0, ""move_vy"": -6.0, ""kick_power"": 0.0, ""kick_dir"": null}, {""move_vx"": -5.24426697946247, ""move_vy"": -0.24528319983151453, ""kick_power"": 0.0, ""kick_dir"": null}, {""move_vx"": -4.253213495407715, ""move_vy"": 3.943371015068413, ""kick_power"": 0.0, ""kick_dir"": null}, {""move_vx"": 5.4, ""move_vy"": 0.0, ""kick_power"": 0.0, ""kick_dir"": null}, {""move_vx"": -0.0, ""move_vy"": 0.0, ""kick_power"": 0.9, ""kick_dir"": [-0.8272026309841688, -0.5619033538208599]}, {""move_vx"": -6.978366747542448, ""move_vy"": -2.855520536923844, ""kick_power"": 0.0, ""kick_dir"": null}, {""move_vx"": -0.0, ""move_vy"": 6.0, ""kick_power"": 0.0, ""kick_dir"": null}, {""move_vx"": -0.0, ""move_vy"": 0.0, ""kick_power"": 0.0, ""kick_dir"": null}, {""move_vx"": -6.0, ""move_vy"": 0.0, ""kick_power"": 0.0, ""kick_dir"": null}, {""move_vx"": -4.3900900515520584, ""move_vy"": -4.206365335924073, ""kick_power"": 0.0, ""kick_dir"": null}, {""move_vx"": -0.0, ""move_vy"": 6.0, ""kick_power"": 0.0, ""kick_dir"": null}, {""move_vx"": -5.973916465310418, ""move_vy"": -1.1308059362654053, ""kick_power"": 0.0, ""kick_dir"": null}]"
85,178,default,default,0,11.612337464590938,35.330374746810456,20,B,,-2.7153461225207907,-1.8030318352341779,0.45757767337099514,"[{""move_vx"": 0.0, ""move_vy"": 5.0, ""kick_power"": 0.0, ""kick_dir"": null}, {""move_vx"": 4.1012193308819755, ""move_vy"": 4.1012193308819755, ""kick_power"": 0.0, ""kick_dir"": null}, {""move_vx"": 5.36941274314181, ""move_vy"": -0.5739397126757753, ""kick_power"": 0.0, ""kick_dir"": null}, {""move_vx"": 0.0, ""move_vy"": 0.0, ""kick_power"": 0.4, ""kick_dir"": [0.9994177455740285, 0.03411955646428001]}, {""move_vx"": -2.842377714402509, ""move_vy"": 4.028124740951795, ""kick_power"": 0.0, ""kick_dir"": null}, {""move_vx"": 0.0, ""move_vy"": 0.0, ""kick_power"": 0.4, ""kick_dir"": [-0.8088281636977693, 0.588044724177727]}, {""move_vx"": -4.242640687119285, ""move_vy"": -4.242640687119285, ""kick_power"": 0.0, ""kick_dir"": null}, {""move_vx"": -6.0, ""move_vy"": 0.0, ""kick_power"": 0.0, ""kick_dir"": null}, {""move_vx"": 0.0, ""move_vy"": 0.0, ""kick_power"": 0.0, ""kick_dir"": null}, {""move_vx"": 0.0, ""move_vy"": 0.0, ""kick_power"": 0.65, ""kick_dir"": [0.23363969450369204, -0.972323149987201]}, {""move_vx"": 0.0, ""move_vy"": -6.0, ""kick_power"": 0.0, ""kick_dir"": null}, {""move_vx"": 3.5355339059327373, ""move_vy"": 3.5355339059327373, ""kick_power"": 0.0, ""kick_dir"": null}, {""move_vx"": -4.227155777404137, ""move_vy"": 3.9712912300105643, ""kick_power"": 0.0, ""kick_dir"": null}, {""move_vx"": 5.4, ""move_vy"": 0.0, ""kick_power"": 0.0, ""kick_dir"": null}, {""move_vx"": -0.0, ""move_vy"": 0.0, ""kick_power"": 0.9, ""kick_dir"": [-0.8319440281722069, -0.5548591970999492]}, {""move_vx"": -0.0, ""move_vy"": 5.8, ""kick_power"": 0.0, ""kick_dir"": null}, {""move_vx"": -0.0, ""move_vy"": 0.0, ""kick_power"": 0.0, ""kick_dir"": null}, {""move_vx"": -4.242640687119285, ""move_vy"": 4.242640687119285, ""kick_power"": 0.0, ""kick_dir"": null}, {""move_vx"": -0.0, ""move_vy"": 0.0, ""kick_power"": 0.0, ""kick_dir"": null}, {""move_vx"": -4.6290696217691485, ""move_vy"": -3.941841503258856, ""kick_power"": 0.0, ""kick_dir"": null}, {""move_vx"": -1.4665763455990224, ""move_vy"": -5.81800256295315, ""kick_power"": 0.0, ""kick_dir"": null}, {""move_vx"": -4.525483399593904, ""move_vy"": -4.525483399593904, ""kick_power"": 0.0, ""kick_dir"": null}]"
85,179,default,default,0,11.758995099150841,36.91217500310578,20,B,,-3.05680683862271,-1.7290690214866073,0.5144453304758625,"[{""move_vx"": -3.5355339059327373, ""move_vy"": -3.5355339059327373, ""kick_power"": 0.0, ""kick_dir"": null}, {""move_vx"": 0.0, ""move_vy"": 0.0, ""kick_power"": 0.0, ""kick_dir"": null}, {""move_vx"": 5.336584080394802, ""move_vy"": -0.8251486853148138, ""kick_power"": 0.0, ""kick_dir"": null}, {""move_vx"": 0.0, ""move_vy"": 5.4, ""kick_power"": 0.0, ""kick_dir"": null}, {""move_vx"": -3.2218156225597596, ""move_vy"": -4.469899785703239, ""kick_power"": 0.0, ""kick_dir"": null}, {""move_vx"": 6.1, ""move_vy"": 0.0, ""kick_power"": 0.0, ""kick_dir"": null}, {""move_vx"": -4.242640687119285, ""move_vy"": 4.242640687119285, ""kick_power"": 0.0, ""kick_dir"": null}, {""move_vx"": 0.0, ""move_vy"": -6.0, ""kick_power"": 0.0, ""kick_dir"": null}, {""move_vx"": -1.0130631459550687, ""move_vy"": -5.705762706449296, ""kick_power"": 0.0, ""kick_dir"": null}, {""move_vx"": 0.0, ""move_vy"": 0.0, ""kick_power"": 0.65, ""kick_dir"": [0.19819463560826484, -0.980162588437307]}, {""move_vx"": 0.0, ""move_vy"": -6.0, ""kick_power"": 0.0, ""kick_dir"": null}, {""move_vx"": -5.24370882217202, ""move_vy"": -0.2569392696248082, ""kick_power"": 0.0, ""kick_dir"": null}, {""move_vx"": -7.516619290719061, ""move_vy"": 0.5933249012051334, ""kick_power"": 0.0, ""kick_dir"": null}, {""move_vx"": 5.4, ""move_vy"": 0.0, ""kick_power"": 0.0, ""kick_dir"": null}, {""move_vx"": -0.0, ""move_vy"": 0.0, ""kick_power"": 0.9, ""kick_dir"": [-0.8744123313932477, -0.48518315807069945]}, {""move_vx"": -0.0, ""move_vy"": 0.0, ""kick_power"": 0.4, ""kick_dir"": [-0.585350590107388, 0.8107801811211416]}, {""move_vx"": -6.0, ""move_vy"": 0.0, ""kick_power"": 0.0, ""kick_dir"": null}, {""move_vx"": -0.0, ""move_vy"": 0.0, ""kick_power"": 0.0, ""kick_dir"": null}, {""move_vx"": -6.0, ""move_vy"": 0.0, ""kick_power"": 0.0, ""kick_dir"": null}, {""move_vx"": -4.294520999145164, ""move_vy"": -4.303892353196257, ""kick_power"": 0.0, ""kick_dir"": null}, {""move_vx"": -0.0, ""move_vy"": 6.0, ""kick_power"": 0.0, ""kick_dir"": null}, {""move_vx"": -0.0, ""move_vy"": -6.4, ""kick_power"": 0.0, ""kick_dir"": null}]"
85,180,default,default,0,11.520583416786424,35.34101082043007,20,B,,-3.4186699241866787,-1.8026935434417644,0.44969431358282896,"[{""move_vx"": 0.0, ""move_vy"": 5.0, ""kick_power"": 0.0, ""kick_dir"": null}, {""move_vx"": 4.1012193308819755, ""move_vy"": 4.1012193308819755, ""kick_power"": 0.0, ""kick_dir"": null}, {""move_vx"": 5.37002511143568, ""move_vy"": -0.5681815753350394, ""kick_power"": 0.0, ""kick_dir"": null}, {""move_vx"": 0.0, ""move_vy"": 0.0, ""kick_power"": 0.4, ""kick_dir"": [0.9996184872828869, 0.027619814836928453]}, {""move_vx"": -5.8, ""move_vy"": 0.0, ""kick_power"": 0.0, ""kick_dir"": null}, {""move_vx"": 0.0, ""move_vy"": 0.0, ""kick_power"": 0.4, ""kick_dir"": [-0.8286270973255596, 0.5598006332659489]}, {""move_vx"": 7.472796051472264, ""move_vy"": 0.6382156164655984, ""kick_power"": 0.0, ""kick_dir"": null}, {""move_vx"": -6.0, ""move_vy"": 0.0, ""kick_power"": 0.0, ""kick_dir"": null}, {""move_vx"": 0.0, ""move_vy"": 0.0, ""kick_power"": 0.0, ""kick_dir"": null}, {""move_vx"": 0.0, ""move_vy"": 0.0, ""kick_power"": 0.65, ""kick_dir"": [0.19099693522708625, -0.9815905410648225]}, {""move_vx"": 0.0, ""move_vy"": -6.0, ""kick_power"": 0.0, ""kick_dir"": null}, {""move_vx"": 3.5355339059327373, ""move_vy"": 3.5355339059327373, ""kick_power"": 0.0, ""kick_dir"": null}, {""move_vx"": 4.769242486300956, ""move_vy"": -1.248689756049063, ""kick_power"": 0.0, ""kick_dir"": null}, {""move_vx"": 5.4, ""move_vy"": 0.0, ""kick_power"": 0.0, ""kick_dir"": null}, {""move_vx"": -0.0, ""move_vy"": 0.0, ""kick_power"": 0.9, ""kick_dir"": [-0.8779370740887738, -0.4787756613233326]}, {""move_vx"": -0.0, ""move_vy"": 0.0, ""kick_power"": 0.4, ""kick_dir"": [-0.627803784602675, 0.7783715241465489]}, {""move_vx"": -0.0, ""move_vy"": 0.0, ""kick_power"": 0.0, ""kick_dir"": null}, {""move_vx"": -4.242640687119285, ""move_vy"": 4.242640687119285, ""kick_power"": 0.0, ""kick_dir"": null}, {""move_vx"": -6.0, ""move_vy"": 0.0, ""kick_power"": 0.0, ""kick_dir"": null}, {""move_vx"": -4.538875668693629, ""move_vy"": -4.045368668507352, ""kick_power"": 0.0, ""kick_dir"": null}, {""move_vx"": -1.4304700941864947, ""move_vy"": -5.826985096054226, ""kick_power"": 0.0, ""kick_dir"": null}, {""move_vx"": -4.525483399593904, ""move_vy"": -4.525483399593904, ""kick_power"": 0.0, ""kick_dir"": null}]"
85,181,default,default,0,11.663630426205074,36.9237093300355,20,B,,-3.7601461212062994,-1.72649862178864,0.5129978940700128,"[{""move_vx"": -3.5355339059327373, ""move_vy"": -3.5355339059327373, ""kick_power"": 0.0, ""kick_dir"": null}, {""move_vx"": 0.0, ""move_vy"": 0.0, ""kick_power"": 0.0, ""kick_dir"": null}, {""move_vx"": 5.187488544812307, ""move_vy"": 1.4999875324285508, ""kick_power"": 0.0, ""kick_dir"": null}, {""move_vx"": 0.0, ""move_vy"": 5.4, ""kick_power"": 0.0, ""kick_dir"": null}, {""move_vx"": -3.1359658445708347, ""move_vy"": -4.530542817553448, ""kick_power"": 0.0, ""kick_dir"": null}, {""move_vx"": 6.1, ""move_vy"": 0.0, ""kick_power"": 0.0, ""kick_dir"": null}, {""move_vx"": -4.242640687119285, ""move_vy"": 4.242640687119285, ""kick_power"": 0.0, ""kick_dir"": null}, {""move_vx"": 0.0, ""move_vy"": -6.0, ""kick_power"": 0.0, ""kick_dir"": null}, {""move_vx"": -1.0235063417344878, ""move_vy"": -5.703898646402237, ""kick_power"": 0.0, ""kick_dir"": null}, {""move_vx"": 0.0, ""move_vy"": 0.0, ""kick_power"": 0.65, ""kick_dir"": [0.15588771214066383, -0.9877746907270469]}, {""move_vx"": 0.0, ""move_vy"": -6.0, ""kick_power"": 0.0, ""kick_dir"": null}, {""move_vx"": -5.243142302352888, ""move_vy"": -0.2682513695727367, ""kick_power"": 0.0, ""kick_dir"": null}, {""move_vx"": -0.0, ""move_vy"": 0.0, ""kick_power"": 0.6, ""kick_dir"": [-0.9923575319065018, 0.12339554339343635]}, {""move_vx"": 5.4, ""move_vy"": 0.0, ""kick_power"": 0.0, ""kick_dir"": null}, {""move_vx"": -0.0, ""move_vy"": 0.0, ""kick_power"": 0.9, ""kick_dir"": [-0.9080974379248077, -0.41875853058190776]}, {""move_vx"": -5.27986008110246, ""move_vy"": 2.400641065211691, ""kick_power"": 0.0, ""kick_dir"": null}, {""move_vx"": -6.0, ""move_vy"": 0.0, ""kick_power"": 0.0, ""kick_dir"": null}, {""move_vx"": -0.0, ""move_vy"": 0.0, ""kick_power"": 0.0, ""kick_dir"": null}, {""move_vx"": -6.0, ""move_vy"": 0.0, ""kick_power"": 0.0, ""kick_dir"": null}, {""move_vx"": -4.1939674927486434, ""move_vy"": -4.401935559474679, ""kick_power"": 0.0, ""kick_dir"": null}, {""move_vx"": -0.0, ""move_vy"": 6.0, ""kick_power"": 0.0, ""kick_dir"": null}, {""move_vx"": -0.0, ""move_vy"": -6.4, ""kick_power"": 0.0, ""kick_dir"": null}]"
85,182,default,default,0,12.263630426205074,36.3237093300355,20,B,,-3.770783525238236,0.05149817080885201,0.4926125371768898,"[{""move_vx"": 0.0, ""move_vy"": 5.0, ""kick_power"": 0.0, ""kick_dir"": null}, {""move_vx"": 5.770414014119859, ""move_vy"": -0.5850829903946393, ""kick_power"": 0.0, ""kick_dir"": null}, {""move_vx"": 3.8183766184073566, ""move_vy"": 3.8183766184073566, ""kick_power"": 0.0, ""kick_dir"": null}, {""move_vx"": 0.0, ""move_vy"": 0.0, ""kick_power"": 0.4, ""kick_dir"": [0.9997108770704829, 0.02404447103420723]}, {""move_vx"": -5.8, ""move_vy"": 0.0, ""kick_power"": 0.0, ""kick_dir"": null}, {""move_vx"": 0.0, ""move_vy"": 0.0, ""kick_power"": 0.4, ""kick_dir"": [-0.8054654377339168, 0.5926424406095975]}, {""move_vx"": 7.475243599551415, ""move_vy"": 0.6088785817924697, ""kick_power"": 0.0, ""kick_dir"": null}, {""move_vx"": -6.0, ""move_vy"": 0.0, ""kick_power"": 0.0, ""kick_dir"": null}, {""move_vx"": -1.0562919608898838, ""move_vy"": -5.6979182420739765, ""kick_power"": 0.0, ""kick_dir"": null}, {""move_vx"": 0.0, ""move_vy"": 0.0, ""kick_power"": 0.65, ""kick_dir"": [-0.8068428704386326, -0.5907659058002452]}, {""move_vx"": 0.0, ""move_vy"": -6.0, ""kick_power"": 0.0, ""kick_dir"": null}, {""move_vx"": 5.0, ""move_vy"": 0.0, ""kick_power"": 0.0, ""kick_dir"": null}, {""move_vx"": -4.199280541030249, ""move_vy"": 4.000755295906599, ""kick_power"": 0.0, ""kick_dir"": null}, {""move_vx"": 5.4, ""move_vy"": 0.0, ""kick_power"": 0.0, ""kick_dir"": null}, {""move_vx"": -0.0, ""move_vy"": 0.0, ""kick_power"": 0.9, ""kick_dir"": [-0.9079570644375483, -0.41906282019596586]}, {""move_vx"": -0.0, ""move_vy"": 0.0, ""kick_power"": 0.4, ""kick_dir"": [-0.674995137627683, 0.737822058913195]}, {""move_vx"": -0.0, ""move_vy"": 0.0, ""kick_power"": 0.0, ""kick_dir"": null}, {""move_vx"": -4.242640687119285, ""move_vy"": 4.242640687119285, ""kick_power"": 0.0, ""kick_dir"": null}, {""move_vx"": -6.0, ""move_vy"": 0.0, ""kick_power"": 0.0, ""kick_dir"": null}, {""move_vx"": -4.443129455221899, ""move_vy"": -4.150301271490968, ""kick_power"": 0.0, ""kick_dir"": null}, {""move_vx"": -0.0, ""move_vy"": 0.0, ""kick_power"": 0.0, ""kick_dir"": null}, {""move_vx"": -5.718495460794139, ""move_vy"": -2.873814479898943, ""kick_power"": 0.0, ""kick_dir"": null}]"
85,183,default,default,0,11.431101330942473,35.35111988949218,20,B,,-4.125211503440273,-1.8614113382390178,0.43984018775134304,"[{""move_vx"": 0.0, ""move_vy"": 5.0, ""kick_power"": 0.0, ""kick_dir"": null}, {""move_vx"": 4.1012193308819755, ""move_vy"": 4.1012193308819755, ""kick_power"": 0.0, ""kick_dir"": null}, {""move_vx"": 5.340727139778554, ""move_vy"": -0.7978932374903163, ""kick_power"": 0.0, ""kick_dir"": null}, {""move_vx"": 0.0, ""move_vy"": 0.0, ""kick_power"": 0.4, ""kick_dir"": [0.9997501478253051, 0.022352096817596468]}, {""move_vx"": -2.972825005206507, ""move_vy"": -4.6392253112366655, ""kick_power"": 0.0, ""kick_dir"": null}, {""move_vx"": 0.0, ""move_vy"": 0.0, ""kick_power"": 0.4, ""kick_dir"": [-0.7656344772651731, 0.6432755666544864]}, {""move_vx"": -4.242640687119285, ""move_vy"": 4.242640687119285, ""kick_power"": 0.0, ""kick_dir"": null}, {""move_vx"": -6.0, ""move_vy"": 0.0, ""kick_power"": 0.0, ""kick_dir"": null}, {""move_vx"": -0.7159144149336684, ""move_vy"": -5.7506079287750245, ""kick_power"": 0.0, ""kick_dir"": null}, {""move_vx"": 0.0, ""move_vy"": 0.0, ""kick_power"": 0.65, ""kick_dir"": [-0.8106684579838986, -0.5855052644677988]}, {""move_vx"": 0.0, ""move_vy"": -6.0, ""kick_power"": 0.0, ""kick_dir"": null}, {""move_vx"": -5.243180563622803, ""move_vy"": -0.2675024808260063, ""kick_power"": 0.0, ""kick_dir"": null}, {""move_vx"": -4.185907974451093, ""move_vy"": 4.014744628170856, ""kick_power"": 0.0, ""kick_dir"": null}, {""move_vx"": 5.4, ""move_vy"": 0.0, ""kick_power"": 0.0, ""kick_dir"": null}, {""move_vx"": -0.0, ""move_vy"": 0.0, ""kick_power"": 0.9, ""kick_dir"": [-0.9300592858996501, -0.36740906767960463]}, {""move_vx"": -0.0, ""move_vy"": 0.0, ""kick_power"": 0.4, ""kick_dir"": [-0.20111245608620013, -0.9795680580568034]}, {""move_vx"": -0.0, ""move_vy"": 0.0, ""kick_power"": 0.0, ""kick_dir"": null}, {""move_vx"": -0.0, ""move_vy"": 0.0, ""kick_power"": 0.0, ""kick_dir"": null}, {""move_vx"": -6.0, ""move_vy"": 0.0, ""kick_power"": 0.0, ""kick_dir"": null}, {""move_vx"": -0.0, ""move_vy"": 0.0, ""kick_power"": 0.0, ""kick_dir"": null}, {""move_vx"": -1.395174571575615, ""move_vy"": -5.83553664325988, ""kick_power"": 0.0, ""kick_dir"": null}, {""move_vx"": -0.0, ""move_vy"": -6.4, ""kick_power"": 0.0, ""kick_dir"": null}]"
85,184,default,default,0,11.570618788100035,36.93467355381818,20,B,,-4.466335470973828,-1.7210337717675568,0.5171039954572294,"[{""move_vx"": -3.5355339059327373, ""move_vy"": -3.5355339059327373, ""kick_power"": 0.0, ""kick_dir"": null}, {""move_vx"": 0.0, ""move_vy"": 0.0, ""kick_power"": 0.0, ""kick_dir"": null}, {""move_vx"": -3.8183766184073566, ""move_vy"": 3.8183766184073566, ""kick_power"": 0.0, ""kick_dir"": null}, {""move_vx"": 0.0, ""move_vy"": 0.0, ""kick_power"": 0.4, ""kick_dir"": [0.9997867053874951, 0.02065231289306351]}, {""move_vx"": -2.9754716252676157, ""move_vy"": -4.6375282864072425, ""kick_power"": 0.0, ""kick_dir"": null}, {""move_vx"": 6.1, ""move_vy"": 0.0, ""kick_power"": 0.0, ""kick_dir"": null}, {""move_vx"": -4.242640687119285, ""move_vy"": 4.242640687119285, ""kick_power"": 0.0, ""kick_dir"": null}, {""move_vx"": 0.0, ""move_vy"": -6.0, ""kick_power"": 0.0, ""kick_dir"": null}, {""move_vx"": -0.9853912652615667, ""move_vy"": -5.710606715082575, ""kick_power"": 0.0, ""kick_dir"": null}, {""move_vx"": 0.0, ""move_vy"": 0.0, ""kick_power"": 0.65, ""kick_dir"": [-0.792328538631813, -0.6100944542002966]}, {""move_vx"": 0.0, ""move_vy"": -6.0, ""kick_power"": 0.0, ""kick_dir"": null}, {""move_vx"": -5.243218638718665, ""move_vy"": -0.2667551435177747, ""kick_power"": 0.0, ""kick_dir"": null}, {""move_vx"": -7.51573007087518, ""move_vy"": 0.6044844925575612, ""kick_power"": 0.0, ""kick_dir"": null}, {""move_vx"": 5.4, ""move_vy"": 0.0, ""kick_power"": 0.0, ""kick_dir"": null}, {""move_vx"": -0.0, ""move_vy"": 0.0, ""kick_power"": 0.9, ""kick_dir"": [0.8936435990181227, 0.4487771206531378]}, {""move_vx"": -5.3128248682205825, ""move_vy"": 2.326777152977258, ""kick_power"": 0.0, ""kick_dir"": null}, {""move_vx"": 4.242640687119285, ""move_vy"": 4.242640687119285, ""kick_power"": 0.0, ""kick_dir"": null}, {""move_vx"": -0.0, ""move_vy"": 0.0, ""kick_power"": 0.0, ""kick_dir"": null}, {""move_vx"": -6.0, ""move_vy"": 0.0, ""kick_power"": 0.0, ""kick_dir"": null}, {""move_vx"": -4.088536222715457, ""move_vy"": -4.5000301727370235, ""kick_power"": 0.0, ""kick_dir"": null}, {""move_vx"": -0.0, ""move_vy"": 6.0, ""kick_power"": 0.0, ""kick_dir"": null}, {""move_vx"": -0.0, ""move_vy"": -6.4, ""kick_power"": 0.0, ""kick_dir"": null}]"
85,185,default,default,0,12.170618788100034,36.33467355381818,20,B,,-4.477052057762871,0.04848115152234009,0.4877121531357652,"[{""move_vx"": 0.0, ""move_vy"": 5.0, ""kick_power"": 0.0, ""kick_dir"": null}, {""move_vx"": 4.1012193308819755, ""move_vy"": 4.1012193308819755, ""kick_power"": 0.0, ""kick_dir"": null}, {""move_vx"": 5.342612080989972, ""move_vy"": -0.7851726893238271, ""kick_power"": 0.0, ""kick_dir"": null}, {""move_vx"": 0.0, ""move_vy"": 0.0, ""kick_power"": 0.4, ""kick_dir"": [0.9998374713215106, 0.018027901044504427]}, {""move_vx"": -3.151166197514574, ""move_vy"": -4.5199835835588535, ""kick_power"": 0.0, ""kick_dir"": null}, {""move_vx"": 0.0, ""move_vy"": 0.0, ""kick_power"": 0.4, ""kick_dir"": [-0.7788030617532565, 0.6272682556550885]}, {""move_vx"": 7.479777734606884, ""move_vy"": 0.5503862651621242, ""kick_power"": 0.0, ""kick_dir"": null}, {""move_vx"": -6.0, ""move_vy"": 0.0, ""kick_power"": 0.0, ""kick_dir"": null}, {""move_vx"": -1.0162079382452254, ""move_vy"": -5.705203451783939, ""kick_power"": 0.0, ""kick_dir"": null}, {""move_vx"": 4.242640687119285, ""move_vy"": -4.242640687119285, ""kick_power"": 0.0, ""kick_dir"": null}, {""move_vx"": 0.0, ""move_vy"": -6.0, ""kick_power"": 0.0, ""kick_dir"": null}, {""move_vx"": 5.0, ""move_vy"": 0.0, ""kick_power"": 0.0, ""kick_dir"": null}, {""move_vx"": -7.423181408984511, ""move_vy"": 1.3221111032385826, ""kick_power"": 0.0, ""kick_dir"": null}, {""move_vx"": 5.4, ""move_vy"": 0.0, ""kick_power"": 0.0, ""kick_dir"": null}, {""move_vx"": -0.0, ""move_vy"": 0.0, ""kick_power"": 0.9, ""kick_dir"": [0.900906879198545, 0.4340121915146536]}, {""move_vx"": -0.0, ""move_vy"": 0.0, ""kick_power"": 0.4, ""kick_dir"": [0.5244370430381031, -0.8514491124201358]}, {""move_vx"": -0.0, ""move_vy"": 0.0, ""kick_power"": 0.0, ""kick_dir"": null}, {""move_vx"": -4.242640687119285, ""move_vy"": 4.242640687119285, ""kick_power"": 0.0, ""kick_dir"": null}, {""move_vx"": -6.0, ""move_vy"": 0.0, ""kick_power"": 0.0, ""kick_dir"": null}, {""move_vx"": -4.341830677116178, ""move_vy"": -4.256160989818509, ""kick_power"": 0.0, ""kick_dir"": null}, {""move_vx"": -0.0, ""move_vy"": 0.0, ""kick_power"": 0.0, ""kick_dir"": null}, {""move_vx"": -0.0, ""move_vy"": -6.4, ""kick_power"": 0.0, ""kick_dir"": null}]"
85,186,default,default,0,11.343839242410866,35.360727437414916,20,B,,-4.831798765866983,-1.8617036695460443,0.4492730508713999,"[{""move_vx"": 0.0, ""move_vy"": 5.0, ""kick_power"": 0.0, ""kick_dir"": null}, {""move_vx"": 4.1012193308819755, ""move_vy"": 4.1012193308819755, ""kick_power"": 0.0, ""kick_dir"": null}, {""move_vx"": 5.329005914838502, ""move_vy"": -0.8727519462116723, ""kick_power"": 0.0, ""kick_dir"": null}, {""move_vx"": 0.0, ""move_vy"": 0.0, ""kick_power"": 0.4, ""kick_dir"": [0.9998705089801145, 0.016091598456023894]}, {""move_vx"": -2.839190325079765, ""move_vy"": -4.722192107271098, ""kick_power"": 0.0, ""kick_dir"": null}, {""move_vx"": 0.0, ""move_vy"": 0.0, ""kick_power"": 0.4, ""kick_dir"": [-0.7403371422444884, 0.6722355013449138]}, {""move_vx"": -4.242640687119285, ""move_vy"": 4.242640687119285, ""kick_power"": 0.0, ""kick_dir"": null}, {""move_vx"": -6.0, ""move_vy"": 0.0, ""kick_power"": 0.0, ""kick_dir"": null}, {""move_vx"": -0.6775495339928592, ""move_vy"": -5.7552542627572985, ""kick_power"": 0.0, ""kick_dir"": null}, {""move_vx"": 0.0, ""move_vy"": 0.0, ""kick_power"": 0.65, ""kick_dir"": [-0.8282702560039401, -0.560328595602351]}, {""move_vx"": 0.0, ""move_vy"": -6.0, ""kick_power"": 0.0, ""kick_dir"": null}, {""move_vx"": -5.243278960223235, ""move_vy"": -0.26556683768941014, ""kick_power"": 0.0, ""kick_dir"": null}, {""move_vx"": -7.4545194306579665, ""move_vy"": 1.1321395929578733, ""kick_power"": 0.0, ""kick_dir"": null}, {""move_vx"": 5.4, ""move_vy"": 0.0, ""kick_power"": 0.0, ""kick_dir"": null}, {""move_vx"": -0.0, ""move_vy"": 0.0, ""kick_power"": 0.9, ""kick_dir"": [0.9078897601051732, 0.4192087453652127]}, {""move_vx"": -0.0, ""move_vy"": 0.0, ""kick_power"": 0.4, ""kick_dir"": [0.5004067869313197, -0.8657903030137029]}, {""move_vx"": -6.0, ""move_vy"": 0.0, ""kick_power"": 0.0, ""kick_dir"": null}, {""move_vx"": -6.0, ""move_vy"": 0.0, ""kick_power"": 0.0, ""kick_dir"": null}, {""move_vx"": -6.0, ""move_vy"": 0.0, ""kick_power"": 0.0, ""kick_dir"": null}, {""move_vx"": -0.0, ""move_vy"": 0.0, ""kick_power"": 0.0, ""kick_dir"": null}, {""move_vx"": -1.3606772741350077, ""move_vy"": -5.843676698419628, ""kick_power"": 0.0, ""kick_dir"": null}, {""move_vx"": -0.0, ""move_vy"": -6.4, ""kick_power"": 0.0, ""kick_dir"": null}]"
85,187,default,default,0,11.479906969824366,36.94509510725688,20,B,,-5.172599400728943,-1.7198343395736444,0.5266730094102958,"[{""move_vx"": -3.5355339059327373, ""move_vy"": -3.5355339059327373, ""kick_power"": 0.0, ""kick_dir"": null}, {""move_vx"": 0.0, ""move_vy"": 0.0, ""kick_power"": 0.0, ""kick_dir"": null}, {""move_vx"": -3.8183766184073566, ""move_vy"": 3.8183766184073566, ""kick_power"": 0.0, ""kick_dir"": null}, {""move_vx"": 0.0, ""move_vy"": 0.0, ""kick_power"": 0.4, ""kick_dir"": [0.9998795646703748, 0.01551871246700358]}, {""move_vx"": -2.852225749352991, ""move_vy"": -4.71433009819293, ""kick_power"": 0.0, ""kick_dir"": null}, {""move_vx"": 6.1, ""move_vy"": 0.0, ""kick_power"": 0.0, ""kick_dir"": null}, {""move_vx"": -4.242640687119285, ""move_vy"": 4.242640687119285, ""kick_power"": 0.0, ""kick_dir"": null}, {""move_vx"": 0.0, ""move_vy"": -6.0, ""kick_power"": 0.0, ""kick_dir"": null}, {""move_vx"": -0.9492923644776943, ""move_vy"": -5.716718377421118, ""kick_power"": 0.0, ""kick_dir"": null}, {""move_vx"": 0.0, ""move_vy"": 0.0, ""kick_power"": 0.65, ""kick_dir"": [-0.8101102261058418, -0.5862773792358482]}, {""move_vx"": 0.0, ""move_vy"": -6.0, ""kick_power"": 0.0, ""kick_dir"": null}, {""move_vx"": -5.243316477618039, ""move_vy"": -0.2648250659192846, ""kick_power"": 0.0, ""kick_dir"": null}, {""move_vx"": -7.51167097915545, ""move_vy"": 0.6529924202575466, ""kick_power"": 0.0, ""kick_dir"": null}, {""move_vx"": 5.4, ""move_vy"": 0.0, ""kick_power"": 0.0, ""kick_dir"": null}, {""move_vx"": -0.0, ""move_vy"": 0.0, ""kick_power"": 0.9, ""kick_dir"": [0.91449166665892, 0.40460447559055035]}, {""move_vx"": -5.343745446959894, ""move_vy"": 2.254857999541301, ""kick_power"": 0.0, ""kick_dir"": null}, {""move_vx"": -6.0, ""move_vy"": 0.0, ""kick_power"": 0.0, ""kick_dir"": null}, {""move_vx"": -6.0, ""move_vy"": 0.0, ""kick_power"": 0.0, ""kick_dir"": null}, {""move_vx"": -6.0, ""move_vy"": 0.0, ""kick_power"": 0.0, ""kick_dir"": null}, {""move_vx"": -0.0, ""move_vy"": 0.0, ""kick_power"": 0.0, ""kick_dir"": null}, {""move_vx"": -0.0, ""move_vy"": 6.0, ""kick_power"": 0.0, ""kick_dir"": null}, {""move_vx"": -0.0, ""move_vy"": -6.4, ""kick_power"": 0.0, ""kick_dir"": null}]"
85,188,default,default,0,12.079906969824366,36.34509510725688,20,B,,-5.183384918905833,0.049220801218354475,0.48868784185348607,"[{""move_vx"": 0.0, ""move_vy"": 5.0, ""kick_power"": 0.0, ""kick_dir"": null}, {""move_vx"": 4.1012193308819755, ""move_vy"": 4.1012193308819755, ""kick_power"": 0.0, ""kick_dir"": null}, {""move_vx"": 5.331049885615479, ""move_vy"": -0.8601785379089557, ""kick_power"": 0.0, ""kick_dir"": null}, {""move_vx"": 0.0, ""move_vy"": 0.0, ""kick_power"": 0.4, ""kick_dir"": [0.9998882624124749, 0.014947808185916536]}, {""move_vx"": -3.0250623919619337, ""move_vy"": -4.605333595380204, ""kick_power"": 0.0, ""kick_dir"": null}, {""move_vx"": 0.0, ""move_vy"": 0.0, ""kick_power"": 0.4, ""kick_dir"": [-0.756580138040472, 0.65390075739824]}, {""move_vx"": 4.242640687119285, ""move_vy"": -4.242640687119285, ""kick_power"": 0.0, ""kick_dir"": null}, {""move_vx"": -3.681007662767271, ""move_vy"": 3.5298983819153538, ""kick_power"": 0.0, ""kick_dir"": null}, {""move_vx"": -0.9782828061736678, ""move_vy"": -5.711828757162189, ""kick_power"": 0.0, ""kick_dir"": null}, {""move_vx"": 0.0, ""move_vy"": 0.0, ""kick_power"": 0.65, ""kick_dir"": [-0.8357549671072115, -0.5491023410218434]}, {""move_vx"": 0.0, ""move_vy"": -6.0, ""kick_power"": 0.0, ""kick_dir"": null}, {""move_vx"": 5.0, ""move_vy"": 0.0, ""kick_power"": 0.0, ""kick_dir"": null}, {""move_vx"": -4.1012193308819755, ""move_vy"": 4.1012193308819755, ""kick_power"": 0.0, ""kick_dir"": null}, {""move_vx"": 5.4, ""move_vy"": 0.0, ""kick_power"": 0.0, ""kick_dir"": null}, {""move_vx"": -0.0, ""move_vy"": 0.0, ""kick_power"": 0.0, ""kick_dir"": null}, {""move_vx"": -0.0, ""move_vy"": 0.0, ""kick_power"": 0.4, ""kick_dir"": [0.4961429773667615, -0.8682407219744008]}, {""move_vx"": -3.9431128984814974, ""move_vy"": -4.5223733448078836, ""kick_power"": 0.0, ""kick_dir"": null}, {""move_vx"": -4.242640687119285, ""move_vy"": 4.242640687119285, ""kick_power"": 0.0, ""kick_dir"": null}, {""move_vx"": -6.0, ""move_vy"": 0.0, ""kick_power"": 0.0, ""kick_dir"": null}, {""move_vx"": -8.188767582902145, ""move_vy"": -1.4718985947445506, ""kick_power"": 0.0, ""kick_dir"": null}, {""move_vx"": -0.0, ""move_vy"": 0.0, ""kick_power"": 0.0, ""kick_dir"": null}, {""move_vx"": -0.0, ""move_vy"": -6.4, ""kick_power"": 0.0, ""kick_dir"": null}]"
85,189,default,default,0,11.258746060591548,35.36985777602549,20,B,,-5.532802638059466,-1.8582376476022489,0.44663740190616164,"[{""move_vx"": 3.4880863751257802, ""move_vy"": -3.2242446308650177, ""kick_power"": 0.0, ""kick_dir"": null}, {""move_vx"": 4.1012193308819755, ""move_vy"": 4.1012193308819755, ""kick_power"": 0.0, ""kick_dir"": null}, {""move_vx"": 5.3160282978627595, ""move_vy"": -0.9486006200305663, ""kick_power"": 0.0, ""kick_dir"": null}, {""move_vx"": 0.0, ""move_vy"": 0.0, ""kick_power"": 0.4, ""kick_dir"": [0.9999032517940224, 0.013909037157834231]}, {""move_vx"": -2.7046581550467614, ""move_vy"": -4.800512916797437, ""kick_power"": 0.0, ""kick_dir"": null}, {""move_vx"": 0.0, ""move_vy"": 0.0, ""kick_power"": 0.4, ""kick_dir"": [-0.7595399583113002, 0.65046040555444]}, {""move_vx"": -4.242640687119285, ""move_vy"": 4.242640687119285, ""kick_power"": 0.0, ""kick_dir"": null}, {""move_vx"": -3.6810076627672697, ""move_vy"": 3.529898381915354, ""kick_power"": 0.0, ""kick_dir"": null}, {""move_vx"": -0.6413066746444827, ""move_vy"": -5.759405416278352, ""kick_power"": 0.0, ""kick_dir"": null}, {""move_vx"": 0.0, ""move_vy"": -6.0, ""kick_power"": 0.0, ""kick_dir"": null}, {""move_vx"": 0.0, ""move_vy"": -6.0, ""kick_power"": 0.0, ""kick_dir"": null}, {""move_vx"": -5.243375915237587, ""move_vy"": -0.26364561727134367, ""kick_power"": 0.0, ""kick_dir"": null}, {""move_vx"": -7.439198673215991, ""move_vy"": 1.2287892823513096, ""kick_power"": 0.0, ""kick_dir"": null}, {""move_vx"": 5.4, ""move_vy"": 0.0, ""kick_power"": 0.0, ""kick_dir"": null}, {""move_vx"": -0.0, ""move_vy"": 0.0, ""kick_power"": 0.9, ""kick_dir"": [0.9268114002156967, 0.3755268583139423]}, {""move_vx"": -0.0, ""move_vy"": 0.0, ""kick_power"": 0.4, ""kick_dir"": [0.47171070872414594, -0.8817532595895488]}, {""move_vx"": -0.0, ""move_vy"": 0.0, ""kick_power"": 0.0, ""kick_dir"": null}, {""move_vx"": -6.0, ""move_vy"": 0.0, ""kick_power"": 0.0, ""kick_dir"": null}, {""move_vx"": -6.0, ""move_vy"": 0.0, ""kick_power"": 0.0, ""kick_dir"": null}, {""move_vx"": -0.0, ""move_vy"": 0.0, ""kick_power"": 0.0, ""kick_dir"": null}, {""move_vx"": -1.3269654553969135, ""move_vy"": -5.851423987388305, ""kick_power"": 0.0, ""kick_dir"": null}, {""move_vx"": -0.0, ""move_vy"": -6.4, ""kick_power"": 0.0, ""kick_dir"": null}]"
85,190,default,default,0,11.391442606131239,36.95500017476433,20,B,,-5.873625613842661,-1.7301847764365441,0.531318225526581,"[{""move_vx"": -3.5355339059327373, ""move_vy"": -3.5355339059327373, ""kick_power"": 0.0, ""kick_dir"": null}, {""move_vx"": 4.1012193308819755, ""move_vy"": 4.1012193308819755, ""kick_power"": 0.0, ""kick_dir"": null}, {""move_vx"": 5.275396054891817, ""move_vy"": -1.153341434282083, ""kick_power"": 0.0, ""kick_dir"": null}, {""move_vx"": 0.0, ""move_vy"": 0.0, ""kick_power"": 0.4, ""kick_dir"": [0.99992327804898, 0.012385970099213132]}, {""move_vx"": -2.7287374316396553, ""move_vy"": -4.786866619111986, ""kick_power"": 0.0, ""kick_dir"": null}, {""move_vx"": 6.1, ""move_vy"": 0.0, ""kick_power"": 0.0, ""kick_dir"": null}, {""move_vx"": -4.242640687119285, ""move_vy"": 4.242640687119285, ""kick_power"": 0.0, ""kick_dir"": null}, {""move_vx"": 0.0, ""move_vy"": -6.0, ""kick_power"": 0.0, ""kick_dir"": null}, {""move_vx"": -0.9150949888571777, ""move_vy"": -5.7222920374067305, ""kick_power"": 0.0, ""kick_dir"": null}, {""move_vx"": 0.0, ""move_vy"": -6.0, ""kick_power"": 0.0, ""kick_dir"": null}, {""move_vx"": 0.0, ""move_vy"": -6.0, ""kick_power"": 0.0, ""kick_dir"": null}, {""move_vx"": -5.243412883200363, ""move_vy"": -0.2629093689628861, ""kick_power"": 0.0, ""kick_dir"": null}, {""move_vx"": -7.506472026757562, ""move_vy"": 0.7102659442111923, ""kick_power"": 0.0, ""kick_dir"": null}, {""move_vx"": 5.4, ""move_vy"": 0.0, ""kick_power"": 0.0, ""kick_dir"": null}, {""move_vx"": -0.0, ""move_vy"": 0.0, ""kick_power"": 0.9, ""kick_dir"": [0.9324800183293236, 0.36122127534373727]}, {""move_vx"": -5.3727264629564395, ""move_vy"": 2.18490511332817, ""kick_power"": 0.0, ""kick_dir"": null}, {""move_vx"": -6.0, ""move_vy"": 0.0, ""kick_power"": 0.0, ""kick_dir"": null}, {""move_vx"": -6.0, ""move_vy"": 0.0, ""kick_power"": 0.0, ""kick_dir"": null}, {""move_vx"": -6.0, ""move_vy"": 0.0, ""kick_power"": 0.0, ""kick_dir"": null}, {""move_vx"": -4.525483399593904, ""move_vy"": -4.525483399593904, ""kick_power"": 0.0, ""kick_dir"": null}, {""move_vx"": -0.0, ""move_vy"": 6.0, ""kick_power"": 0.0, ""kick_dir"": null}, {""move_vx"": -0.0, ""move_vy"": -6.4, ""kick_power"": 0.0, ""kick_dir"": null}]"
85,191,default,default,0,11.991442606131239,36.35500017476433,20,B,,-5.884399030492086,0.04426430485627342,0.48207833181176624,"[{""move_vx"": 0.0, ""move_vy"": 5.0, ""kick_power"": 0.0, ""kick_dir"": null}, {""move_vx"": 4.1012193308819755, ""move_vy"": 4.1012193308819755, ""kick_power"": 0.0, ""kick_dir"": null}, {""move_vx"": 5.332515012833289, ""move_vy"": -0.8510485520272005, ""kick_power"": 0.0, ""kick_dir"": null}, {""move_vx"": 0.0, ""move_vy"": 0.0, ""kick_power"": 0.4, ""kick_dir"": [0.9999382546315945, 0.011111306554448034]}, {""move_vx"": -2.8979518306356122, ""move_vy"": -4.686360548156287, ""kick_power"": 0.0, ""kick_dir"": null}, {""move_vx"": 0.0, ""move_vy"": 0.0, ""kick_power"": 0.4, ""kick_dir"": [-0.7634969008178094, 0.6458112799152746]}, {""move_vx"": 4.242640687119285, ""move_vy"": -4.242640687119285, ""kick_power"": 0.0, ""kick_dir"": null}, {""move_vx"": -3.6196048835091967, ""move_vy"": 3.592834603384404, ""kick_power"": 0.0, ""kick_dir"": null}, {""move_vx"": -0.942393976793495, ""move_vy"": -5.717859616368989, ""kick_power"": 0.0, ""kick_dir"": null}, {""move_vx"": 6.0, ""move_vy"": 0.0, ""kick_power"": 0.0, ""kick_dir"": null}, {""move_vx"": 0.0, ""move_vy"": -6.0, ""kick_power"": 0.0, ""kick_dir"": null}, {""move_vx"": 5.0, ""move_vy"": 0.0, ""kick_power"": 0.0, ""kick_dir"": null}, {""move_vx"": -4.1012193308819755, ""move_vy"": 4.1012193308819755, ""kick_power"": 0.0, ""kick_dir"": null}, {""move_vx"": 5.4, ""move_vy"": 0.0, ""kick_power"": 0.0, ""kick_dir"": null}, {""move_vx"": 3.8183766184073566, ""move_vy"": 3.8183766184073566, ""kick_power"": 0.0, ""kick_dir"": null}, {""move_vx"": -0.0, ""move_vy"": 0.0, ""kick_power"": 0.4, ""kick_dir"": [0.4683879569405828, -0.8835227949757529]}, {""move_vx"": -0.0, ""move_vy"": 0.0, ""kick_power"": 0.0, ""kick_dir"": null}, {""move_vx"": -4.242640687119285, ""move_vy"": 4.242640687119285, ""kick_power"": 0.0, ""kick_dir"": null}, {""move_vx"": -6.0, ""move_vy"": 0.0, ""kick_power"": 0.0, ""kick_dir"": null}, {""move_vx"": -0.0, ""move_vy"": 0.0, ""kick_power"": 0.0, ""kick_dir"": null}, {""move_vx"": -0.0, ""move_vy"": 0.0, ""kick_power"": 0.0, ""kick_dir"": null}, {""move_vx"": -0.0, ""move_vy"": -6.4, ""kick_power"": 0.0, ""kick_dir"": null}]"
85,192,default,default,0,11.175771578224342,35.378534093570735,20,B,,-6.2394434441548094,-1.870818870542678,0.44508313174895986,"[{""move_vx"": 0.0, ""move_vy"": 5.0, ""kick_power"": 0.0, ""kick_dir"": null}, {""move_vx"": 4.1012193308819755, ""move_vy"": 4.1012193308819755, ""kick_power"": 0.0, ""kick_dir"": null}, {""move_vx"": 5.316331374989616, ""move_vy"": -0.9469005815295598, ""kick_power"": 0.0, ""kick_dir"": null}, {""move_vx"": 0.0, ""move_vy"": 0.0, ""kick_power"": 0.4, ""kick_dir"": [0.9999550489245365, 0.009480205955748723]}, {""move_vx"": -2.5701166903823327, ""move_vy"": -4.873869119890086, ""kick_power"": 0.0, ""kick_dir"": null}, {""move_vx"": 0.0, ""move_vy"": 0.0, ""kick_power"": 0.4, ""kick_dir"": [-0.7665933068298934, 0.6421327067059482]}, {""move_vx"": -4.242640687119285, ""move_vy"": 4.242640687119285, ""kick_power"": 0.0, ""kick_dir"": null}, {""move_vx"": 5.464853704483857, ""move_vy"": 2.476968709650783, ""kick_power"": 0.0, ""kick_dir"": null}, {""move_vx"": -0.607059037418101, ""move_vy"": -5.763115852131467, ""kick_power"": 0.0, ""kick_dir"": null}, {""move_vx"": 0.0, ""move_vy"": -6.0, ""kick_power"": 0.0, ""kick_dir"": null}, {""move_vx"": 0.0, ""move_vy"": -6.0, ""kick_power"": 0.0, ""kick_dir"": null}, {""move_vx"": -5.243471450051496, ""move_vy"": -0.26173871034843255, ""kick_power"": 0.0, ""kick_dir"": null}, {""move_vx"": -4.1012193308819755, ""move_vy"": 4.1012193308819755, ""kick_power"": 0.0, ""kick_dir"": null}, {""move_vx"": 5.4, ""move_vy"": 0.0, ""kick_power"": 0.0, ""kick_dir"": null}, {""move_vx"": -0.0, ""move_vy"": 0.0, ""kick_power"": 0.9, ""kick_dir"": [0.9472292596586886, 0.32055658748146043]}, {""move_vx"": -0.0, ""move_vy"": 0.0, ""kick_power"": 0.4, ""kick_dir"": [0.4436316709929779, -0.8962090974516502]}, {""move_vx"": -0.0, ""move_vy"": 0.0, ""kick_power"": 0.0, ""kick_dir"": null}, {""move_vx"": -6.0, ""move_vy"": 0.0, ""kick_power"": 0.0, ""kick_dir"": null}, {""move_vx"": -6.0, ""move_vy"": 0.0, ""kick_power"": 0.0, ""kick_dir"": null}, {""move_vx"": -0.0, ""move_vy"": 0.0, ""kick_power"": 0.0, ""kick_dir"": null}, {""move_vx"": -1.2940261674413693, ""move_vy"": -5.858796487161591, ""kick_power"": 0.0, ""kick_dir"": null}, {""move_vx"": -0.0, ""move_vy"": -6.4, ""kick_power"": 0.0, ""kick_dir"": null}]"
85,193,default,default,0,11.30517419496848,36.9644137422869,20,B,,-6.579966078040714,-1.7296044988886923,0.5330094132948869,"[{""move_vx"": -3.5355339059327373, ""move_vy"": -3.5355339059327373, ""kick_power"": 0.0, ""kick_dir"": null}, {""move_vx"": 0.0, ""move_vy"": 0.0, ""kick_power"": 0.0, ""kick_dir"": null}, {""move_vx"": 5.271943196807153, ""move_vy"": -1.1690230663416252, ""kick_power"": 0.0, ""kick_dir"": null}, {""move_vx"": 0.0, ""move_vy"": 0.0, ""kick_power"": 0.4, ""kick_dir"": [0.9999696150703639, 0.0077937843156249895]}, {""move_vx"": -2.605767473221798, ""move_vy"": -4.854902251899547, ""kick_power"": 0.0, ""kick_dir"": null}, {""move_vx"": 6.1, ""move_vy"": 0.0, ""kick_power"": 0.0, ""kick_dir"": null}, {""move_vx"": -4.242640687119285, ""move_vy"": 4.242640687119285, ""kick_power"": 0.0, ""kick_dir"": null}, {""move_vx"": 0.0, ""move_vy"": -6.0, ""kick_power"": 0.0, ""kick_dir"": null}, {""move_vx"": -0.8826889403559594, ""move_vy"": -5.7273803116759465, ""kick_power"": 0.0, ""kick_dir"": null}, {""move_vx"": 0.0, ""move_vy"": 0.0, ""kick_power"": 0.0, ""kick_dir"": null}, {""move_vx"": 0.0, ""move_vy"": -6.0, ""kick_power"": 0.0, ""kick_dir"": null}, {""move_vx"": -5.2435078767278185, ""move_vy"": -0.2610079437360457, ""kick_power"": 0.0, ""kick_dir"": null}, {""move_vx"": -7.501112825548008, ""move_vy"": 0.7647917222350058, ""kick_power"": 0.0, ""kick_dir"": null}, {""move_vx"": 5.4, ""move_vy"": 0.0, ""kick_power"": 0.0, ""kick_dir"": null}, {""move_vx"": -0.0, ""move_vy"": 0.0, ""kick_power"": 0.9, ""kick_dir"": [0.9518013444309379, 0.3067148487719694]}, {""move_vx"": -5.399870824810678, ""move_vy"": 2.1169305787763646, ""kick_power"": 0.0, ""kick_dir"": null}, {""move_vx"": -6.0, ""move_vy"": 0.0, ""kick_power"": 0.0, ""kick_dir"": null}, {""move_vx"": -6.0, ""move_vy"": 0.0, ""kick_power"": 0.0, ""kick_dir"": null}, {""move_vx"": -6.0, ""move_vy"": 0.0, ""kick_power"": 0.0, ""kick_dir"": null}, {""move_vx"": -4.525483399593904, ""move_vy"": -4.525483399593904, ""kick_power"": 0.0, ""kick_dir"": null}, {""move_vx"": -0.0, ""move_vy"": 6.0, ""kick_power"": 0.0, ""kick_dir"": null}, {""move_vx"": -0.0, ""move_vy"": -6.4, ""kick_power"": 0.0, ""kick_dir"": null}]"
85,194,default,default,0,11.90517419496848,36.3644137422869,20,B,,-6.934263577655486,-1.6990884763121814,0.4818273195525722,"[{""move_vx"": 4.94413574765975, ""move_vy"": -4.219658956445766, ""kick_power"": 0.0, ""kick_dir"": null}, {""move_vx"": 4.1012193308819755, ""move_vy"": 4.1012193308819755, ""kick_power"": 0.0, ""kick_dir"": null}, {""move_vx"": 5.33423648135258, ""move_vy"": -0.8401911455182446, ""kick_power"": 0.0, ""kick_dir"": null}, {""move_vx"": 0.0, ""move_vy"": 0.0, ""kick_power"": 0.4, ""kick_dir"": [0.9999863699365606, 0.005218624547418497]}, {""move_vx"": -2.7706614325104173, ""move_vy"": -4.762723509337837, ""kick_power"": 0.0, ""kick_dir"": null}, {""move_vx"": 0.0, ""move_vy"": 0.0, ""kick_power"": 0.4, ""kick_dir"": [-0.7619105500003867, 0.6476820634345448]}, {""move_vx"": 4.242640687119285, ""move_vy"": -4.242640687119285, ""kick_power"": 0.0, ""kick_dir"": null}, {""move_vx"": -5.37034681725937, ""move_vy"": 0.5651327829388073, ""kick_power"": 0.0, ""kick_dir"": null}, {""move_vx"": -0.9084233499772113, ""move_vy"": -5.72335496166507, ""kick_power"": 0.0, ""kick_dir"": null}, {""move_vx"": 6.0, ""move_vy"": 0.0, ""kick_power"": 0.0, ""kick_dir"": null}, {""move_vx"": 0.0, ""move_vy"": -6.0, ""kick_power"": 0.0, ""kick_dir"": null}, {""move_vx"": 5.0, ""move_vy"": 0.0, ""kick_power"": 0.0, ""kick_dir"": null}, {""move_vx"": -4.1012193308819755, ""move_vy"": 4.1012193308819755, ""kick_power"": 0.0, ""kick_dir"": null}, {""move_vx"": 5.4, ""move_vy"": 0.0, ""kick_power"": 0.0, ""kick_dir"": null}, {""move_vx"": 3.8183766184073566, ""move_vy"": 3.8183766184073566, ""kick_power"": 0.0, ""kick_dir"": null}, {""move_vx"": -0.0, ""move_vy"": 0.0, ""kick_power"": 0.4, ""kick_dir"": [0.4412073799417636, -0.897405068802159]}, {""move_vx"": -0.0, ""move_vy"": 0.0, ""kick_power"": 0.0, ""kick_dir"": null}, {""move_vx"": -4.242640687119285, ""move_vy"": 4.242640687119285, ""kick_power"": 0.0, ""kick_dir"": null}, {""move_vx"": -0.0, ""move_vy"": 0.0, ""kick_power"": 0.0, ""kick_dir"": null}, {""move_vx"": -0.0, ""move_vy"": 0.0, ""kick_power"": 0.0, ""kick_dir"": null}, {""move_vx"": -0.0, ""move_vy"": 0.0, ""kick_power"": 0.0, ""kick_dir"": null}, {""move_vx"": -0.0, ""move_vy"": 0.0, ""kick_power"": 0.0, ""kick_dir"": null}]"
85,195,default,default,0,11.094866478404143,35.386778501333765,20,B,,-7.286794467884841,-1.8637976894548223,0.4468483582583857,"[{""move_vx"": -3.5355339059327373, ""move_vy"": -3.5355339059327373, ""kick_power"": 0.0, ""kick_dir"": null}, {""move_vx"": 4.1012193308819755, ""move_vy"": 4.1012193308819755, ""kick_power"": 0.0, ""kick_dir"": null}, {""move_vx"": 5.316700157978185, ""move_vy"": -0.944827725119637, ""kick_power"": 0.0, ""kick_dir"": null}, {""move_vx"": 0.0, ""move_vy"": 0.0, ""kick_power"": 0.4, ""kick_dir"": [0.9999953977436268, 0.0030296118564000648]}, {""move_vx"": -2.4364420111828755, ""move_vy"": -4.94204920312851, ""kick_power"": 0.0, ""kick_dir"": null}, {""move_vx"": 0.0, ""move_vy"": 0.0, ""kick_power"": 0.4, ""kick_dir"": [-0.7647547721991792, 0.6443212442974903]}, {""move_vx"": -4.242640687119285, ""move_vy"": 4.242640687119285, ""kick_power"": 0.0, ""kick_dir"": null}, {""move_vx"": 0.0, ""move_vy"": -6.0, ""kick_power"": 0.0, ""kick_dir"": null}, {""move_vx"": -0.574685469449657, ""move_vy"": -5.766434046375924, ""kick_power"": 0.0, ""kick_dir"": null}, {""move_vx"": 0.0, ""move_vy"": -6.0, ""kick_power"": 0.0, ""kick_dir"": null}, {""move_vx"": -6.0, ""move_vy"": 0.0, ""kick_power"": 0.0, ""kick_dir"": null}, {""move_vx"": -5.243544126114033, ""move_vy"": -0.2602786919727068, ""kick_power"": 0.0, ""kick_dir"": null}, {""move_vx"": -4.1012193308819755, ""move_vy"": 4.1012193308819755, ""kick_power"": 0.0, ""kick_dir"": null}, {""move_vx"": 5.4, ""move_vy"": 0.0, ""kick_power"": 0.0, ""kick_dir"": null}, {""move_vx"": 3.8183766184073566, ""move_vy"": 3.8183766184073566, ""kick_power"": 0.0, ""kick_dir"": null}, {""move_vx"": -5.412866574255019, ""move_vy"": 2.083476769563974, ""kick_power"": 0.0, ""kick_dir"": null}, {""move_vx"": 4.849843691951471, ""move_vy"": -1.5776616125261211, ""kick_power"": 0.0, ""kick_dir"": null}, {""move_vx"": -6.0, ""move_vy"": 0.0, ""kick_power"": 0.0, ""kick_dir"": null}, {""move_vx"": -0.0, ""move_vy"": 0.0, ""kick_power"": 0.0, ""kick_dir"": null}, {""move_vx"": -0.0, ""move_vy"": 0.0, ""kick_power"": 0.0, ""kick_dir"": null}, {""move_vx"": -1.2618462993860309, ""move_vy"": -5.865811445718808, ""kick_power"": 0.0, ""kick_dir"": null}, {""move_vx"": -0.0, ""move_vy"": -6.4, ""kick_power"": 0.0, ""kick_dir"": null}]"
85,196,default,default,0,11.221051108342746,36.97335964590565,20,B,,-7.628127329111842,-1.727823791422512,0.5321357268076089,"[{""move_vx"": -3.5355339059327373, ""move_vy"": -3.5355339059327373, ""kick_power"": 0.0, ""kick_dir"": null}, {""move_vx"": 0.0, ""move_vy"": 0.0, ""kick_power"": 0.4, ""kick_dir"": [0.8867220819443703, 0.4623026472420728]}, {""move_vx"": 5.267808854988332, ""move_vy"": -1.1875141545710148, ""kick_power"": 0.0, ""kick_dir"": null}, {""move_vx"": 0.0, ""move_vy"": 0.0, ""kick_power"": 0.4, ""kick_dir"": [0.999998567462195, 0.0016849553817193381]}, {""move_vx"": -2.4840525839307595, ""move_vy"": -4.918290633977105, ""kick_power"": 0.0, ""kick_dir"": null}, {""move_vx"": 6.1, ""move_vy"": 0.0, ""kick_power"": 0.0, ""kick_dir"": null}, {""move_vx"": -4.242640687119285, ""move_vy"": 4.242640687119285, ""kick_power"": 0.0, ""kick_dir"": null}, {""move_vx"": 0.0, ""move_vy"": -6.0, ""kick_power"": 0.0, ""kick_dir"": null}, {""move_vx"": -0.8519687917021267, ""move_vy"": -5.7320305457983745, ""kick_power"": 0.0, ""kick_dir"": null}, {""move_vx"": 0.0, ""move_vy"": -6.0, ""kick_power"": 0.0, ""kick_dir"": null}, {""move_vx"": -6.0, ""move_vy"": 0.0, ""kick_power"": 0.0, ""kick_dir"": null}, {""move_vx"": -5.243580198942752, ""move_vy"": -0.25955095310072385, ""kick_power"": 0.0, ""kick_dir"": null}, {""move_vx"": -7.494670840146865, ""move_vy"": 0.8255355824265188, ""kick_power"": 0.0, ""kick_dir"": null}, {""move_vx"": 5.4, ""move_vy"": 0.0, ""kick_power"": 0.0, ""kick_dir"": null}, {""move_vx"": -0.0, ""move_vy"": 0.0, ""kick_power"": 0.9, ""kick_dir"": [0.9707000614068504, 0.24029396882985704]}, {""move_vx"": -5.41286657425502, ""move_vy"": 2.083476769563972, ""kick_power"": 0.0, ""kick_dir"": null}, {""move_vx"": -6.0, ""move_vy"": 0.0, ""kick_power"": 0.0, ""kick_dir"": null}, {""move_vx"": -6.0, ""move_vy"": 0.0, ""kick_power"": 0.0, ""kick_dir"": null}, {""move_vx"": -6.0, ""move_vy"": 0.0, ""kick_power"": 0.0, ""kick_dir"": null}, {""move_vx"": -4.525483399593904, ""move_vy"": -4.525483399593904, ""kick_power"": 0.0, ""kick_dir"": null}, {""move_vx"": -0.0, ""move_vy"": 6.0, ""kick_power"": 0.0, ""kick_dir"": null}, {""move_vx"": -0.0, ""move_vy"": -6.4, ""kick_power"": 0.0, ""kick_dir"": null}]"
85,197,default,default,0,11.821051108342745,36.37335964590565,20,B,,-7.982376004785024,-1.6975428251250189,0.47738702383205767,"[{""move_vx"": 5.1802527692873825, ""move_vy"": -3.9261916975983744, ""kick_power"": 0.0, ""kick_dir"": null}, {""move_vx"": 4.1012193308819755, ""move_vy"": 4.1012193308819755, ""kick_power"": 0.0, ""kick_dir"": null}, {""move_vx"": 3.8183766184073566, ""move_vy"": 3.8183766184073566, ""kick_power"": 0.0, ""kick_dir"": null}, {""move_vx"": 0.0, ""move_vy"": 0.0, ""kick_power"": 0.4, ""kick_dir"": [0.9999986923830944, -0.0016091006629484136]}, {""move_vx"": -2.6440095797939107, ""move_vy"": -4.834181765506757, ""kick_power"": 0.0, ""kick_dir"": null}, {""move_vx"": 0.0, ""move_vy"": 0.0, ""kick_power"": 0.4, ""kick_dir"": [-0.781980843031411, 0.6233022690004055]}, {""move_vx"": -5.911855298846895, ""move_vy"": 2.1771465098830394, ""kick_power"": 0.0, ""kick_dir"": null}, {""move_vx"": 0.0, ""move_vy"": 6.0, ""kick_power"": 0.0, ""kick_dir"": null}, {""move_vx"": -0.876257721420992, ""move_vy"": -5.728367778490665, ""kick_power"": 0.0, ""kick_dir"": null}, {""move_vx"": 6.0, ""move_vy"": 0.0, ""kick_power"": 0.0, ""kick_dir"": null}, {""move_vx"": -6.0, ""move_vy"": 0.0, ""kick_power"": 0.0, ""kick_dir"": null}, {""move_vx"": 5.0, ""move_vy"": 0.0, ""kick_power"": 0.0, ""kick_dir"": null}, {""move_vx"": -4.1012193308819755, ""move_vy"": 4.1012193308819755, ""kick_power"": 0.0, ""kick_dir"": null}, {""move_vx"": 5.4, ""move_vy"": 0.0, ""kick_power"": 0.0, ""kick_dir"": null}, {""move_vx"": 3.8183766184073566, ""move_vy"": 3.8183766184073566, ""kick_power"": 0.0, ""kick_dir"": null}, {""move_vx"": -0.0, ""move_vy"": 0.0, ""kick_power"": 0.4, ""kick_dir"": [0.46040619335981947, -0.8877082601857311]}, {""move_vx"": 4.846595083742205, ""move_vy"": -1.5876133327249056, ""kick_power"": 0.0, ""kick_dir"": null}, {""move_vx"": -4.242640687119285, ""move_vy"": 4.242640687119285, ""kick_power"": 0.0, ""kick_dir"": null}, {""move_vx"": -0.0, ""move_vy"": 0.0, ""kick_power"": 0.0, ""kick_dir"": null}, {""move_vx"": -8.159247861745316, ""move_vy"": -1.627597717682257, ""kick_power"": 0.0, ""kick_dir"": null}, {""move_vx"": -0.0, ""move_vy"": 0.0, ""kick_power"": 0.0, ""kick_dir"": null}, {""move_vx"": -0.0, ""move_vy"": -6.4, ""kick_power"": 0.0, ""kick_dir"": null}]"
85,198,default,default,0,11.821051108342745,36.37335964590565,20,B,,-8.332805485526443,-1.7554266890634262,0.4836847726701238,"[{""move_vx"": 3.5355339059327373, ""move_vy"": 3.5355339059327373, ""kick_power"": 0.0, ""kick_dir"": null}, {""move_vx"": 4.1012193308819755, ""move_vy"": 4.1012193308819755, ""kick_power"": 0.0, ""kick_dir"": null}, {""move_vx"": 5.2925128682594424, ""move_vy"": -1.0720576193974918, ""kick_power"": 0.0, ""kick_dir"": null}, {""move_vx"": 0.0, ""move_vy"": 0.0, ""kick_power"": 0.4, ""kick_dir"": [0.9999937629016644, -0.0035281823734324438]}, {""move_vx"": -5.8, ""move_vy"": 0.0, ""kick_power"": 0.0, ""kick_dir"": null}, {""move_vx"": 0.0, ""move_vy"": 0.0, ""kick_power"": 0.4, ""kick_dir"": [-0.7844086013327702, 0.6202442322210161]}, {""move_vx"": -4.242640687119285, ""move_vy"": 4.242640687119285, ""kick_power"": 0.0, ""kick_dir"": null}, {""move_vx"": -5.381013844230762, ""move_vy"": 0.45242679871651753, ""kick_power"": 0.0, ""kick_dir"": null}, {""move_vx"": -0.5440706835430267, ""move_vy"": -5.769403096621782, ""kick_power"": 0.0, ""kick_dir"": null}, {""move_vx"": 0.0, ""move_vy"": -6.0, ""kick_power"": 0.0, ""kick_dir"": null}, {""move_vx"": -6.0, ""move_vy"": 0.0, ""kick_power"": 0.0, ""kick_dir"": null}, {""move_vx"": -5.243637346451604, ""move_vy"": -0.25839384454351105, ""kick_power"": 0.0, ""kick_dir"": null}, {""move_vx"": -7.4128851074131985, ""move_vy"": 1.3786712386539475, ""kick_power"": 0.0, ""kick_dir"": null}, {""move_vx"": 5.4, ""move_vy"": 0.0, ""kick_power"": 0.0, ""kick_dir"": null}, {""move_vx"": 3.8183766184073566, ""move_vy"": 3.8183766184073566, ""kick_power"": 0.0, ""kick_dir"": null}, {""move_vx"": -5.425541443388988, ""move_vy"": 2.050243899166279, ""kick_power"": 0.0, ""kick_dir"": null}, {""move_vx"": 4.84050438835416, ""move_vy"": -1.6060875649615483, ""kick_power"": 0.0, ""kick_dir"": null}, {""move_vx"": -6.0, ""move_vy"": 0.0, ""kick_power"": 0.0, ""kick_dir"": null}, {""move_vx"": -0.0, ""move_vy"": 0.0, ""kick_power"": 0.0, ""kick_dir"": null}, {""move_vx"": -0.0, ""move_vy"": 0.0, ""kick_power"": 0.0, ""kick_dir"": null}, {""move_vx"": -0.0, ""move_vy"": 0.0, ""kick_power"": 0.0, ""kick_dir"": null}, {""move_vx"": -0.0, ""move_vy"": 0.0, ""kick_power"": 0.0, ""kick_dir"": null}]"
85,199,default,default,0,11.821051108342745,36.37335964590565,20,B,,-8.679272152193109,-1.7596891808712887,0.4867753721886184,"[{""move_vx"": 5.017103078460317, ""move_vy"": -4.132635563427293, ""kick_power"": 0.0, ""kick_dir"": null}, {""move_vx"": 4.1012193308819755, ""move_vy"": 4.1012193308819755, ""kick_power"": 0.0, ""kick_dir"": null}, {""move_vx"": 5.292512868259442, ""move_vy"": -1.0720576193974931, ""kick_power"": 0.0, ""kick_dir"": null}, {""move_vx"": 0.0, ""move_vy"": 0.0, ""kick_power"": 0.4, ""kick_dir"": [0.9999868023809365, -0.005135066843183297]}, {""move_vx"": -2.177259130685356, ""move_vy"": -5.0615849966040525, ""kick_power"": 0.0, ""kick_dir"": null}, {""move_vx"": 0.0, ""move_vy"": 0.0, ""kick_power"": 0.4, ""kick_dir"": [-0.7878921677093712, 0.6158130404089721]}, {""move_vx"": -4.242640687119285, ""move_vy"": 4.242640687119285, ""kick_power"": 0.0, ""kick_dir"": null}, {""move_vx"": -3.5691761386984293, ""move_vy"": 3.642935861492179, ""kick_power"": 0.0, ""kick_dir"": null}, {""move_vx"": -0.5278441148896426, ""move_vy"": -5.770910291312485, ""kick_power"": 0.0, ""kick_dir"": null}, {""move_vx"": 6.0, ""move_vy"": 0.0, ""kick_power"": 0.0, ""kick_dir"": null}, {""move_vx"": -6.0, ""move_vy"": 0.0, ""kick_power"": 0.0, ""kick_dir"": null}, {""move_vx"": -5.2436728904291625, ""move_vy"": -0.2576715315634805, ""kick_power"": 0.0, ""kick_dir"": null}, {""move_vx"": -4.1012193308819755, ""move_vy"": 4.1012193308819755, ""kick_power"": 0.0, ""kick_dir"": null}, {""move_vx"": 5.4, ""move_vy"": 0.0, ""kick_power"": 0.0, ""kick_dir"": null}, {""move_vx"": 3.8183766184073566, ""move_vy"": 3.8183766184073566, ""kick_power"": 0.0, ""kick_dir"": null}, {""move_vx"": -5.425541443388988, ""move_vy"": 2.050243899166278, ""kick_power"": 0.0, ""kick_dir"": null}, {""move_vx"": 4.833649686763578, ""move_vy"": -1.6266009669400663, ""kick_power"": 0.0, ""kick_dir"": null}, {""move_vx"": -6.0, ""move_vy"": 0.0, ""kick_power"": 0.0, ""kick_dir"": null}, {""move_vx"": -2.1668113421433532, ""move_vy"": -5.915651156682494, ""kick_power"": 0.0, ""kick_dir"": null}, {""move_vx"": -4.525483399593904, ""move_vy"": -4.525483399593904, ""kick_power"": 0.0, ""kick_dir"": null}, {""move_vx"": -0.0, ""move_vy"": 0.0, ""kick_power"": 0.0, ""kick_dir"": null}, {""move_vx"": -0.0, ""move_vy"": -6.4, ""kick_power"": 0.0, ""kick_dir"": null}]"
85,200,default,default,0,11.821051108342745,36.37335964590565,20,B,,-9.029803568327123,-1.759068411140975,0.483746092171295,"[{""move_vx"": 3.5355339059327373, ""move_vy"": 3.5355339059327373, ""kick_power"": 0.0, ""kick_dir"": null}, {""move_vx"": 4.1012193308819755, ""move_vy"": 4.1012193308819755, ""kick_power"": 0.0, ""kick_dir"": null}, {""move_vx"": 5.292512868259442, ""move_vy"": -1.0720576193974944, ""kick_power"": 0.0, ""kick_dir"": null}, {""move_vx"": 0.0, ""move_vy"": 0.0, ""kick_power"": 0.4, ""kick_dir"": [0.9999773388025961, -0.006730205440493347]}, {""move_vx"": -5.8, ""move_vy"": 0.0, ""kick_power"": 0.0, ""kick_dir"": null}, {""move_vx"": 0.0, ""move_vy"": 0.0, ""kick_power"": 0.4, ""kick_dir"": [-0.7849461758969652, 0.6195637786677044]}, {""move_vx"": -4.242640687119285, ""move_vy"": 4.242640687119285, ""kick_power"": 0.0, ""kick_dir"": null}, {""move_vx"": -5.383827482174067, ""move_vy"": 0.41761422651443103, ""kick_power"": 0.0, ""kick_dir"": null}, {""move_vx"": 0.0, ""move_vy"": 6.1, ""kick_power"": 0.0, ""kick_dir"": null}, {""move_vx"": 0.0, ""move_vy"": -6.0, ""kick_power"": 0.0, ""kick_dir"": null}, {""move_vx"": -6.0, ""move_vy"": 0.0, ""kick_power"": 0.0, ""kick_dir"": null}, {""move_vx"": -0.0, ""move_vy"": -5.0, ""kick_power"": 0.0, ""kick_dir"": null}, {""move_vx"": -7.4348848038589015, ""move_vy"": 1.2546266190974813, ""kick_power"": 0.0, ""kick_dir"": null}, {""move_vx"": 5.4, ""move_vy"": 0.0, ""kick_power"": 0.0, ""kick_dir"": null}, {""move_vx"": 3.8183766184073566, ""move_vy"": 3.8183766184073566, ""kick_power"": 0.0, ""kick_dir"": null}, {""move_vx"": -5.425541443388987, ""move_vy"": 2.050243899166278, ""kick_power"": 0.0, ""kick_dir"": null}, {""move_vx"": 4.8265512579189185, ""move_vy"": -1.647544522822163, ""kick_power"": 0.0, ""kick_dir"": null}, {""move_vx"": -6.0, ""move_vy"": 0.0, ""kick_power"": 0.0, ""kick_dir"": null}, {""move_vx"": -0.0, ""move_vy"": 0.0, ""kick_power"": 0.0, ""kick_dir"": null}, {""move_vx"": -4.525483399593904, ""move_vy"": -4.525483399593904, ""kick_power"": 0.0, ""kick_dir"": null}, {""move_vx"": -0.0, ""move_vy"": 0.0, ""kick_power"": 0.0, ""kick_dir"": null}, {""move_vx"": -0.0, ""move_vy"": -6.4, ""kick_power"": 0.0, ""kick_dir"": null}]"
85,201,default,default,0,11.821051108342745,36.37335964590565,20,B,,-9.37627023499379,-1.7571410050321872,0.4821338875235392,"[{""move_vx"": 4.8847678137080335, ""move_vy"": -4.288244793171449, ""kick_power"": 0.0, ""kick_dir"": null}, {""move_vx"": 4.1012193308819755, ""move_vy"": 4.1012193308819755, ""kick_power"": 0.0, ""kick_dir"": null}, {""move_vx"": 5.292512868259442, ""move_vy"": -1.0720576193974958, ""kick_power"": 0.0, ""kick_dir"": null}, {""move_vx"": 0.0, ""move_vy"": 0.0, ""kick_power"": 0.4, ""kick_dir"": [0.9999655002457296, -0.00830494076671711]}, {""move_vx"": -1.9953450001786894, ""move_vy"": -5.136019697222929, ""kick_power"": 0.0, ""kick_dir"": null}, {""move_vx"": 0.0, ""move_vy"": 0.0, ""kick_power"": 0.4, ""kick_dir"": [-0.7880898334457426, 0.6155600669092478]}, {""move_vx"": -4.242640687119285, ""move_vy"": 4.242640687119285, ""kick_power"": 0.0, ""kick_dir"": null}, {""move_vx"": -3.5131741679671986, ""move_vy"": 3.6969727163623998, ""kick_power"": 0.0, ""kick_dir"": null}, {""move_vx"": -0.4964239957173818, ""move_vy"": -5.773697967202301, ""kick_power"": 0.0, ""kick_dir"": null}, {""move_vx"": 6.0, ""move_vy"": 0.0, ""kick_power"": 0.0, ""kick_dir"": null}, {""move_vx"": -6.0, ""move_vy"": 0.0, ""kick_power"": 0.0, ""kick_dir"": null}, {""move_vx"": -5.244535984951928, ""move_vy"": -0.23946252847640123, ""kick_power"": 0.0, ""kick_dir"": null}, {""move_vx"": -4.1012193308819755, ""move_vy"": 4.1012193308819755, ""kick_power"": 0.0, ""kick_dir"": null}, {""move_vx"": 5.4, ""move_vy"": 0.0, ""kick_power"": 0.0, ""kick_dir"": null}, {""move_vx"": 3.8183766184073566, ""move_vy"": 3.8183766184073566, ""kick_power"": 0.0, ""kick_dir"": null}, {""move_vx"": -5.425541443388989, ""move_vy"": 2.050243899166277, ""kick_power"": 0.0, ""kick_dir"": null}, {""move_vx"": 4.819177286848363, ""move_vy"": -1.6689907962373103, ""kick_power"": 0.0, ""kick_dir"": null}, {""move_vx"": -6.0, ""move_vy"": 0.0, ""kick_power"": 0.0, ""kick_dir"": null}, {""move_vx"": -0.0, ""move_vy"": 0.0, ""kick_power"": 0.0, ""kick_dir"": null}, {""move_vx"": -4.525483399593904, ""move_vy"": -4.525483399593904, ""kick_power"": 0.0, ""kick_dir"": null}, {""move_vx"": -0.0, ""move_vy"": 0.0, ""kick_power"": 0.0, ""kick_dir"": null}, {""move_vx"": -0.0, ""move_vy"": -6.4, ""kick_power"": 0.0, ""kick_dir"": null}]"
85,202,default,default,0,11.821051108342745,36.37335964590565,20,B,,-9.726908662256902,-1.7598613872096982,0.4922198717808814,"[{""move_vx"": 3.5355339059327373, ""move_vy"": 3.5355339059327373, ""kick_power"": 0.0, ""kick_dir"": null}, {""move_vx"": 4.1012193308819755, ""move_vy"": 4.1012193308819755, ""kick_power"": 0.0, ""kick_dir"": null}, {""move_vx"": 5.292512868259442, ""move_vy"": -1.0720576193974973, ""kick_power"": 0.0, ""kick_dir"": null}, {""move_vx"": 0.0, ""move_vy"": 0.0, ""kick_power"": 0.4, ""kick_dir"": [0.9999514769295326, -0.009849743699332942]}, {""move_vx"": -5.8, ""move_vy"": 0.0, ""kick_power"": 0.0, ""kick_dir"": null}, {""move_vx"": 0.0, ""move_vy"": 0.0, ""kick_power"": 0.4, ""kick_dir"": [-0.7850111602216165, 0.6194814489395153]}, {""move_vx"": -4.242640687119285, ""move_vy"": 4.242640687119285, ""kick_power"": 0.0, ""kick_dir"": null}, {""move_vx"": 0.0, ""move_vy"": -6.0, ""kick_power"": 0.0, ""kick_dir"": null}, {""move_vx"": -0.49642399571738094, ""move_vy"": -5.773697967202301, ""kick_power"": 0.0, ""kick_dir"": null}, {""move_vx"": 0.0, ""move_vy"": 0.0, ""kick_power"": 0.0, ""kick_dir"": null}, {""move_vx"": -6.0, ""move_vy"": 0.0, ""kick_power"": 0.0, ""kick_dir"": null}, {""move_vx"": -5.2445665646402055, ""move_vy"": -0.23879185299760136, ""kick_power"": 0.0, ""kick_dir"": null}, {""move_vx"": -7.4548405847489585, ""move_vy"": 1.1300229448908596, ""kick_power"": 0.0, ""kick_dir"": null}, {""move_vx"": -6.479894693974483, ""move_vy"": 0.03694259061496759, ""kick_power"": 0.0, ""kick_dir"": null}, {""move_vx"": 5.4, ""move_vy"": 0.0, ""kick_power"": 0.0, ""kick_dir"": null}, {""move_vx"": -6.704500322262831, ""move_vy"": -3.449822521344772, ""kick_power"": 0.0, ""kick_dir"": null}, {""move_vx"": 4.811489093278323, ""move_vy"": -1.6910271154726444, ""kick_power"": 0.0, ""kick_dir"": null}, {""move_vx"": -6.0, ""move_vy"": 0.0, ""kick_power"": 0.0, ""kick_dir"": null}, {""move_vx"": -0.0, ""move_vy"": 0.0, ""kick_power"": 0.0, ""kick_dir"": null}, {""move_vx"": -6.4, ""move_vy"": 0.0, ""kick_power"": 0.0, ""kick_dir"": null}, {""move_vx"": -0.0, ""move_vy"": 0.0, ""kick_power"": 0.0, ""kick_dir"": null}, {""move_vx"": -0.0, ""move_vy"": -6.4, ""kick_power"": 0.0, ""kick_dir"": null}]"
85,203,default,default,0,11.821051108342745,36.37335964590565,20,B,,-10.074542344762474,-1.7604814351658835,0.4870254630019039,"[{""move_vx"": 3.4167336336962544, ""move_vy"": -3.2997623060409653, ""kick_power"": 0.0, ""kick_dir"": null}, {""move_vx"": 4.1012193308819755, ""move_vy"": 4.1012193308819755, ""kick_power"": 0.0, ""kick_dir"": null}, {""move_vx"": 5.29251286825944, ""move_vy"": -1.0720576193974987, ""kick_power"": 0.0, ""kick_dir"": null}, {""move_vx"": 0.0, ""move_vy"": 0.0, ""kick_power"": 0.4, ""kick_dir"": [0.9999355177936563, -0.011354904855618854]}, {""move_vx"": -5.8, ""move_vy"": 0.0, ""kick_power"": 0.0, ""kick_dir"": null}, {""move_vx"": 3.358465286447591, ""move_vy"": -3.9503083322351564, ""kick_power"": 0.0, ""kick_dir"": null}, {""move_vx"": -4.242640687119285, ""move_vy"": 4.242640687119285, ""kick_power"": 0.0, ""kick_dir"": null}, {""move_vx"": -5.381640259995333, ""move_vy"": 0.4449136005983283, ""kick_power"": 0.0, ""kick_dir"": null}, {""move_vx"": 0.0, ""move_vy"": 0.0, ""kick_power"": 0.0, ""kick_dir"": null}, {""move_vx"": 6.0, ""move_vy"": 0.0, ""kick_power"": 0.0, ""kick_dir"": null}, {""move_vx"": -6.0, ""move_vy"": 0.0, ""kick_power"": 0.0, ""kick_dir"": null}, {""move_vx"": -5.244596994950394, ""move_vy"": -0.2381225746486416, ""kick_power"": 0.0, ""kick_dir"": null}, {""move_vx"": -4.1012193308819755, ""move_vy"": 4.1012193308819755, ""kick_power"": 0.0, ""kick_dir"": null}, {""move_vx"": 5.4, ""move_vy"": 0.0, ""kick_power"": 0.0, ""kick_dir"": null}, {""move_vx"": 3.8183766184073566, ""move_vy"": 3.8183766184073566, ""kick_power"": 0.0, ""kick_dir"": null}, {""move_vx"": -6.70450032226283, ""move_vy"": -3.4498225213447724, ""kick_power"": 0.0, ""kick_dir"": null}, {""move_vx"": 4.803441072067281, ""move_vy"": -1.7137543193751912, ""kick_power"": 0.0, ""kick_dir"": null}, {""move_vx"": -6.0, ""move_vy"": 0.0, ""kick_power"": 0.0, ""kick_dir"": null}, {""move_vx"": -4.242640687119285, ""move_vy"": -4.242640687119285, ""kick_power"": 0.0, ""kick_dir"": null}, {""move_vx"": -6.4, ""move_vy"": 0.0, ""kick_power"": 0.0, ""kick_dir"": null}, {""move_vx"": -0.0, ""move_vy"": 0.0, ""kick_power"": 0.0, ""kick_dir"": null}, {""move_vx"": -0.0, ""move_vy"": -6.4, ""kick_power"": 0.0, ""kick_dir"": null}]"
85,204,default,default,0,11.821051108342745,36.37335964590565,20,B,,-10.42217605060353,-1.7566823045428346,0.4879517705856413,"[{""move_vx"": 3.4167336336962544, ""move_vy"": -3.2997623060409653, ""kick_power"": 0.0, ""kick_dir"": null}, {""move_vx"": 4.1012193308819755, ""move_vy"": 4.1012193308819755, ""kick_power"": 0.0, ""kick_dir"": null}, {""move_vx"": 5.29251286825944, ""move_vy"": -1.0720576193975004, ""kick_power"": 0.0, ""kick_dir"": null}, {""move_vx"": 0.0, ""move_vy"": 0.0, ""kick_power"": 0.4, ""kick_dir"": [0.9999179104285082, -0.012811946103864371]}, {""move_vx"": -5.8, ""move_vy"": 0.0, ""kick_power"": 0.0, ""kick_dir"": null}, {""move_vx"": 0.0, ""move_vy"": 0.0, ""kick_power"": 0.4, ""kick_dir"": [-0.7780200498889539, 0.6282392908740589]}, {""move_vx"": -4.242640687119285, ""move_vy"": 4.242640687119285, ""kick_power"": 0.0, ""kick_dir"": null}, {""move_vx"": -5.381640259995333, ""move_vy"": 0.44491360059832863, ""kick_power"": 0.0, ""kick_dir"": null}, {""move_vx"": -0.4816115515932565, ""move_vy"": -5.774952407888044, ""kick_power"": 0.0, ""kick_dir"": null}, {""move_vx"": 6.0, ""move_vy"": 0.0, ""kick_power"": 0.0, ""kick_dir"": null}, {""move_vx"": -6.0, ""move_vy"": 0.0, ""kick_power"": 0.0, ""kick_dir"": null}, {""move_vx"": -5.2446272765030715, ""move_vy"": -0.23745469159394525, ""kick_power"": 0.0, ""kick_dir"": null}, {""move_vx"": -7.471714416356785, ""move_vy"": 1.01246416252931, ""kick_power"": 0.0, ""kick_dir"": null}, {""move_vx"": 5.4, ""move_vy"": 0.0, ""kick_power"": 0.0, ""kick_dir"": null}, {""move_vx"": 3.8183766184073566, ""move_vy"": 3.8183766184073566, ""kick_power"": 0.0, ""kick_dir"": null}, {""move_vx"": -6.704500322262828, ""move_vy"": -3.449822521344775, ""kick_power"": 0.0, ""kick_dir"": null}, {""move_vx"": 4.7949821748468695, ""move_vy"": -1.7372811928127192, ""kick_power"": 0.0, ""kick_dir"": null}, {""move_vx"": -6.0, ""move_vy"": 0.0, ""kick_power"": 0.0, ""kick_dir"": null}, {""move_vx"": -2.6982234768734807, ""move_vy"": -5.020915262066149, ""kick_power"": 0.0, ""kick_dir"": null}, {""move_vx"": -6.4, ""move_vy"": 0.0, ""kick_power"": 0.0, ""kick_dir"": null}, {""move_vx"": -0.0, ""move_vy"": 0.0, ""kick_power"": 0.0, ""kick_dir"": null}, {""move_vx"": -0.0, ""move_vy"": -6.4, ""kick_power"": 0.0, ""kick_dir"": null}]"
85,205,default,default,0,11.821051108342745,36.37335964590565,20,B,,-10.769809782200081,-1.7617231356360699,0.4756035940859656,"[{""move_vx"": 3.416733633696254, ""move_vy"": -3.299762306040965, ""kick_power"": 0.0, ""kick_dir"": null}, {""move_vx"": 0.0, ""move_vy"": 0.0, ""kick_power"": 0.4, ""kick_dir"": [0.7979767885396087, 0.602687889884082]}, {""move_vx"": 5.29251286825944, ""move_vy"": -1.0720576193975024, ""kick_power"": 0.0, ""kick_dir"": null}, {""move_vx"": 0.0, ""move_vy"": 0.0, ""kick_power"": 0.4, ""kick_dir"": [0.9998989317028084, -0.014216184169529555]}, {""move_vx"": 0.0, ""move_vy"": 0.0, ""kick_power"": 0.0, ""kick_dir"": null}, {""move_vx"": 0.0, ""move_vy"": 0.0, ""kick_power"": 0.65, ""kick_dir"": [-0.5392773285760515, 0.8421280826538678]}, {""move_vx"": -6.110362703628496, ""move_vy"": 1.5341015709873482, ""kick_power"": 0.0, ""kick_dir"": null}, {""move_vx"": -5.381640259995333, ""move_vy"": 0.4449136005983291, ""kick_power"": 0.0, ""kick_dir"": null}, {""move_vx"": -0.46723199269120014, ""move_vy"": -5.7761335913399545, ""kick_power"": 0.0, ""kick_dir"": null}, {""move_vx"": 6.0, ""move_vy"": 0.0, ""kick_power"": 0.0, ""kick_dir"": null}, {""move_vx"": -6.0, ""move_vy"": 0.0, ""kick_power"": 0.0, ""kick_dir"": null}, {""move_vx"": -5.244657409916724, ""move_vy"": -0.23678820199832756, ""kick_power"": 0.0, ""kick_dir"": null}, {""move_vx"": -0.0, ""move_vy"": 0.0, ""kick_power"": 0.0, ""kick_dir"": null}, {""move_vx"": 5.4, ""move_vy"": 0.0, ""kick_power"": 0.0, ""kick_dir"": null}, {""move_vx"": 3.8183766184073566, ""move_vy"": 3.8183766184073566, ""kick_power"": 0.0, ""kick_dir"": null}, {""move_vx"": 4.1012193308819755, ""move_vy"": -4.1012193308819755, ""kick_power"": 0.0, ""kick_dir"": null}, {""move_vx"": 4.786060433654229, ""move_vy"": -1.7617109653429226, ""kick_power"": 0.0, ""kick_dir"": null}, {""move_vx"": -6.0, ""move_vy"": 0.0, ""kick_power"": 0.0, ""kick_dir"": null}, {""move_vx"": -4.242640687119285, ""move_vy"": -4.242640687119285, ""kick_power"": 0.0, ""kick_dir"": null}, {""move_vx"": -6.4, ""move_vy"": 0.0, ""kick_power"": 0.0, ""kick_dir"": null}, {""move_vx"": -0.0, ""move_vy"": 0.0, ""kick_power"": 0.0, ""kick_dir"": null}, {""move_vx"": -0.0, ""move_vy"": -6.4, ""kick_power"": 0.0, ""kick_dir"": null}]"
85,206,default,default,0,11.821051108342745,36.37335964590565,20,B,,-11.117443542318714,-1.7615620965545493,0.48035309086365546,"[{""move_vx"": 3.4167336336962544, ""move_vy"": -3.2997623060409653, ""kick_power"": 0.0, ""kick_dir"": null}, {""move_vx"": 0.0, ""move_vy"": 0.0, ""kick_power"": 0.4, ""kick_dir"": [0.7669896388183772, 0.6416592115658386]}, {""move_vx"": 5.29251286825944, ""move_vy"": -1.0720576193975047, ""kick_power"": 0.0, ""kick_dir"": null}, {""move_vx"": 0.0, ""move_vy"": 0.0, ""kick_power"": 0.4, ""kick_dir"": [0.9998787518074265, -0.015570971608530155]}, {""move_vx"": 0.0, ""move_vy"": 0.0, ""kick_power"": 0.0, ""kick_dir"": null}, {""move_vx"": 0.0, ""move_vy"": 0.0, ""kick_power"": 0.65, ""kick_dir"": [-0.5334002077227394, 0.8458628528868748]}, {""move_vx"": -6.127631483500306, ""move_vy"": 1.4636025425011592, ""kick_power"": 0.0, ""kick_dir"": null}, {""move_vx"": -5.381640259995333, ""move_vy"": 0.4449136005983296, ""kick_power"": 0.0, ""kick_dir"": null}, {""move_vx"": 0.0, ""move_vy"": 0.0, ""kick_power"": 0.0, ""kick_dir"": null}, {""move_vx"": 6.0, ""move_vy"": 0.0, ""kick_power"": 0.0, ""kick_dir"": null}, {""move_vx"": -6.0, ""move_vy"": 0.0, ""kick_power"": 0.0, ""kick_dir"": null}, {""move_vx"": -5.244687395807747, ""move_vy"": -0.23612310402700243, ""kick_power"": 0.0, ""kick_dir"": null}, {""move_vx"": -4.1012193308819755, ""move_vy"": 4.1012193308819755, ""kick_power"": 0.0, ""kick_dir"": null}, {""move_vx"": 5.4, ""move_vy"": 0.0, ""kick_power"": 0.0, ""kick_dir"": null}, {""move_vx"": 3.8183766184073566, ""move_vy"": 3.8183766184073566, ""kick_power"": 0.0, ""kick_dir"": null}, {""move_vx"": 4.1012193308819755, ""move_vy"": -4.1012193308819755, ""kick_power"": 0.0, ""kick_dir"": null}, {""move_vx"": 4.776632881421621, ""move_vy"": -1.7871145223856741, ""kick_power"": 0.0, ""kick_dir"": null}, {""move_vx"": -6.0, ""move_vy"": 0.0, ""kick_power"": 0.0, ""kick_dir"": null}, {""move_vx"": -4.242640687119285, ""move_vy"": -4.242640687119285, ""kick_power"": 0.0, ""kick_dir"": null}, {""move_vx"": -6.4, ""move_vy"": 0.0, ""kick_power"": 0.0, ""kick_dir"": null}, {""move_vx"": -0.0, ""move_vy"": 0.0, ""kick_power"": 0.0, ""kick_dir"": null}, {""move_vx"": -0.0, ""move_vy"": -6.4, ""kick_power"": 0.0, ""kick_dir"": null}]"
85,207,default,default,0,11.015982339491542,35.39461207883749,20,B,,-11.467636476901522,-1.8678258644708683,0.4511094476096651,"[{""move_vx"": 3.416733633696254, ""move_vy"": -3.299762306040965, ""kick_power"": 0.0, ""kick_dir"": null}, {""move_vx"": 0.0, ""move_vy"": 0.0, ""kick_power"": 0.4, ""kick_dir"": [0.7345983723609852, 0.6785019411649975]}, {""move_vx"": 5.292512868259439, ""move_vy"": -1.0720576193975067, ""kick_power"": 0.0, ""kick_dir"": null}, {""move_vx"": 0.0, ""move_vy"": 0.0, ""kick_power"": 0.4, ""kick_dir"": [0.9998572725918786, -0.01689401921182972]}, {""move_vx"": 0.0, ""move_vy"": 0.0, ""kick_power"": 0.0, ""kick_dir"": null}, {""move_vx"": 0.0, ""move_vy"": 0.0, ""kick_power"": 0.65, ""kick_dir"": [-0.5306685333549047, 0.847579293052276]}, {""move_vx"": -6.141162616151705, ""move_vy"": 1.4057459663754164, ""kick_power"": 0.0, ""kick_dir"": null}, {""move_vx"": -5.381640259995333, ""move_vy"": 0.44491360059833, ""kick_power"": 0.0, ""kick_dir"": null}, {""move_vx"": 0.0, ""move_vy"": 0.0, ""kick_power"": 0.0, ""kick_dir"": null}, {""move_vx"": 6.0, ""move_vy"": 0.0, ""kick_power"": 0.0, ""kick_dir"": null}, {""move_vx"": -6.0, ""move_vy"": 0.0, ""kick_power"": 0.0, ""kick_dir"": null}, {""move_vx"": -5.244717234790455, ""move_vy"": -0.23545939584558712, ""kick_power"": 0.0, ""kick_dir"": null}, {""move_vx"": -7.480969931412602, ""move_vy"": 0.9416415906811423, ""kick_power"": 0.0, ""kick_dir"": null}, {""move_vx"": -0.0, ""move_vy"": 0.0, ""kick_power"": 0.9, ""kick_dir"": [-0.8675658008466731, -0.4973223642578275]}, {""move_vx"": -0.0, ""move_vy"": 0.0, ""kick_power"": 0.4, ""kick_dir"": [0.9999991037268064, 0.0012620693056231479]}, {""move_vx"": 4.1012193308819755, ""move_vy"": -4.1012193308819755, ""kick_power"": 0.0, ""kick_dir"": null}, {""move_vx"": 4.766683977486761, ""move_vy"": -1.8134839008855264, ""kick_power"": 0.0, ""kick_dir"": null}, {""move_vx"": -6.0, ""move_vy"": 0.0, ""kick_power"": 0.0, ""kick_dir"": null}, {""move_vx"": -4.242640687119285, ""move_vy"": -4.242640687119285, ""kick_power"": 0.0, ""kick_dir"": null}, {""move_vx"": -6.4, ""move_vy"": 0.0, ""kick_power"": 0.0, ""kick_dir"": null}, {""move_vx"": -1.2304126131072346, ""move_vy"": -5.872485402408985, ""kick_power"": 0.0, ""kick_dir"": null}, {""move_vx"": -0.0, ""move_vy"": -6.4, ""kick_power"": 0.0, ""kick_dir"": null}]"
85,208,default,default,0,10.431916819615719,35.27475383789184,20,B,,-11.815993822824455,-1.8212879097356962,0.4766245768093682,"[{""move_vx"": -3.5355339059327373, ""move_vy"": -3.5355339059327373, ""kick_power"": 0.0, ""kick_dir"": null}, {""move_vx"": 0.0, ""move_vy"": 0.0, ""kick_power"": 0.4, ""kick_dir"": [0.7006745624746478, 0.7134807734550004]}, {""move_vx"": -3.8183766184073566, ""move_vy"": 3.8183766184073566, ""kick_power"": 0.0, ""kick_dir"": null}, {""move_vx"": 0.0, ""move_vy"": 0.0, ""kick_power"": 0.4, ""kick_dir"": [0.9998338793561306, -0.018226000852176016]}, {""move_vx"": 0.0, ""move_vy"": 0.0, ""kick_power"": 0.0, ""kick_dir"": null}, {""move_vx"": 0.0, ""move_vy"": 0.0, ""kick_power"": 0.65, ""kick_dir"": [0.9921464528787741, 0.12508111447574177]}, {""move_vx"": 4.242640687119285, ""move_vy"": 4.242640687119285, ""kick_power"": 0.0, ""kick_dir"": null}, {""move_vx"": -5.393084588552459, ""move_vy"": 0.2732006967742935, ""kick_power"": 0.0, ""kick_dir"": null}, {""move_vx"": 0.0, ""move_vy"": 0.0, ""kick_power"": 0.0, ""kick_dir"": null}, {""move_vx"": -0.03889327219704378, ""move_vy"": -5.399859934607361, ""kick_power"": 0.0, ""kick_dir"": null}, {""move_vx"": -6.0, ""move_vy"": 0.0, ""kick_power"": 0.0, ""kick_dir"": null}, {""move_vx"": -5.244746927477078, ""move_vy"": -0.23479707562010768, ""kick_power"": 0.0, ""kick_dir"": null}, {""move_vx"": -7.5383396340458555, ""move_vy"": 0.15822629924699305, ""kick_power"": 0.0, ""kick_dir"": null}, {""move_vx"": -0.0, ""move_vy"": 0.0, ""kick_power"": 0.9, ""kick_dir"": [-0.869994621615635, -0.4930611638879559]}, {""move_vx"": 3.8183766184073566, ""move_vy"": 3.8183766184073566, ""kick_power"": 0.0, ""kick_dir"": null}, {""move_vx"": 4.1012193308819755, ""move_vy"": -4.1012193308819755, ""kick_power"": 0.0, ""kick_dir"": null}, {""move_vx"": 4.756257118415977, ""move_vy"": -1.840657008656783, ""kick_power"": 0.0, ""kick_dir"": null}, {""move_vx"": -5.3230994021778795, ""move_vy"": 0.908081909594895, ""kick_power"": 0.0, ""kick_dir"": null}, {""move_vx"": -4.242640687119285, ""move_vy"": -4.242640687119285, ""kick_power"": 0.0, ""kick_dir"": null}, {""move_vx"": -6.4, ""move_vy"": 0.0, ""kick_power"": 0.0, ""kick_dir"": null}, {""move_vx"": -4.242640687119285, ""move_vy"": -4.242640687119285, ""kick_power"": 0.0, ""kick_dir"": null}, {""move_vx"": -0.0, ""move_vy"": -6.4, ""kick_power"": 0.0, ""kick_dir"": null}]"
85,209,default,default,0,10.856180888327646,36.69901790660378,20,B,,-12.158684880511114,-1.6902139217343453,0.524612698855933,"[{""move_vx"": -3.5355339059327373, ""move_vy"": -3.5355339059327373, ""kick_power"": 0.0, ""kick_dir"": null}, {""move_vx"": 0.0, ""move_vy"": 0.0, ""kick_power"": 0.4, ""kick_dir"": [0.666172523246347, 0.7457974455549061]}, {""move_vx"": 0.0, ""move_vy"": -5.4, ""kick_power"": 0.0, ""kick_dir"": null}, {""move_vx"": 0.0, ""move_vy"": 0.0, ""kick_power"": 0.4, ""kick_dir"": [0.9998071648975375, -0.01963686378677669]}, {""move_vx"": 0.0, ""move_vy"": 0.0, ""kick_power"": 0.0, ""kick_dir"": null}, {""move_vx"": 0.0, ""move_vy"": 0.0, ""kick_power"": 0.4, ""kick_dir"": [0.9883020075923789, 0.15250888982370187]}, {""move_vx"": -4.242640687119285, ""move_vy"": 4.242640687119285, ""kick_power"": 0.0, ""kick_dir"": null}, {""move_vx"": 6.0, ""move_vy"": 0.0, ""kick_power"": 0.0, ""kick_dir"": null}, {""move_vx"": 0.0, ""move_vy"": 0.0, ""kick_power"": 0.0, ""kick_dir"": null}, {""move_vx"": 0.0, ""move_vy"": -6.0, ""kick_power"": 0.0, ""kick_dir"": null}, {""move_vx"": -6.0, ""move_vy"": 0.0, ""kick_power"": 0.0, ""kick_dir"": null}, {""move_vx"": -5.0, ""move_vy"": 0.0, ""kick_power"": 0.0, ""kick_dir"": null}, {""move_vx"": -7.539989054172528, ""move_vy"": 0.012847682999866118, ""kick_power"": 0.0, ""kick_dir"": null}, {""move_vx"": -0.0, ""move_vy"": 0.0, ""kick_power"": 0.9, ""kick_dir"": [-0.8724072990212903, -0.48877955948554214]}, {""move_vx"": 3.8183766184073566, ""move_vy"": 3.8183766184073566, ""kick_power"": 0.0, ""kick_dir"": null}, {""move_vx"": 4.1012193308819755, ""move_vy"": -4.1012193308819755, ""kick_power"": 0.0, ""kick_dir"": null}, {""move_vx"": 4.745489882523146, ""move_vy"": -1.8682413588373565, ""kick_power"": 0.0, ""kick_dir"": null}, {""move_vx"": -5.330617541827214, ""move_vy"": 0.862853766732221, ""kick_power"": 0.0, ""kick_dir"": null}, {""move_vx"": -4.242640687119285, ""move_vy"": -4.242640687119285, ""kick_power"": 0.0, ""kick_dir"": null}, {""move_vx"": -6.4, ""move_vy"": 0.0, ""kick_power"": 0.0, ""kick_dir"": null}, {""move_vx"": -0.0, ""move_vy"": 6.0, ""kick_power"": 0.0, ""kick_dir"": null}, {""move_vx"": -0.0, ""move_vy"": -6.4, ""kick_power"": 0.0, ""kick_dir"": null}]"
85,210,default,default,0,11.456180888327646,36.09901790660378,20,B,,-12.517187487072306,-1.6888102400790392,0.4733317564855253,"[{""move_vx"": 3.5355339059327373, ""move_vy"": 3.5355339059327373, ""kick_power"": 0.0, ""kick_dir"": null}, {""move_vx"": 0.0, ""move_vy"": 0.0, ""kick_power"": 0.4, ""kick_dir"": [0.7009745083262929, 0.7131861112784392]}, {""move_vx"": 0.0, ""move_vy"": -5.4, ""kick_power"": 0.0, ""kick_dir"": null}, {""move_vx"": 0.0, ""move_vy"": 0.0, ""kick_power"": 0.4, ""kick_dir"": [0.9997746372030883, -0.021228476136088255]}, {""move_vx"": -5.8, ""move_vy"": 0.0, ""kick_power"": 0.0, ""kick_dir"": null}, {""move_vx"": 0.0, ""move_vy"": 0.0, ""kick_power"": 0.4, ""kick_dir"": [0.9907303693527176, 0.13584237558547246]}, {""move_vx"": -6.161949581010413, ""move_vy"": 1.3116315645354064, ""kick_power"": 0.0, ""kick_dir"": null}, {""move_vx"": -5.378500781890234, ""move_vy"": 0.4813827367138817, ""kick_power"": 0.0, ""kick_dir"": null}, {""move_vx"": -6.1, ""move_vy"": 0.0, ""kick_power"": 0.0, ""kick_dir"": null}, {""move_vx"": 6.0, ""move_vy"": 0.0, ""kick_power"": 0.0, ""kick_dir"": null}, {""move_vx"": -6.0, ""move_vy"": 0.0, ""kick_power"": 0.0, ""kick_dir"": null}, {""move_vx"": 5.0, ""move_vy"": 0.0, ""kick_power"": 0.0, ""kick_dir"": null}, {""move_vx"": -4.1012193308819755, ""move_vy"": 4.1012193308819755, ""kick_power"": 0.0, ""kick_dir"": null}, {""move_vx"": -3.8183766184073566, ""move_vy"": -3.8183766184073566, ""kick_power"": 0.0, ""kick_dir"": null}, {""move_vx"": 3.8183766184073566, ""move_vy"": 3.8183766184073566, ""kick_power"": 0.0, ""kick_dir"": null}, {""move_vx"": 4.1012193308819755, ""move_vy"": -4.1012193308819755, ""kick_power"": 0.0, ""kick_dir"": null}, {""move_vx"": 4.734651571397115, ""move_vy"": -1.895540687367807, ""kick_power"": 0.0, ""kick_dir"": null}, {""move_vx"": -5.270415668783799, ""move_vy"": 1.175890589399469, ""kick_power"": 0.0, ""kick_dir"": null}, {""move_vx"": -6.0, ""move_vy"": 0.0, ""kick_power"": 0.0, ""kick_dir"": null}, {""move_vx"": -6.4, ""move_vy"": 0.0, ""kick_power"": 0.0, ""kick_dir"": null}, {""move_vx"": -0.0, ""move_vy"": 0.0, ""kick_power"": 0.0, ""kick_dir"": null}, {""move_vx"": -0.0, ""move_vy"": 0.0, ""kick_power"": 1.0, ""kick_dir"": [-0.9982325751645356, 0.05942786113573457]}]"
85,211,default,default,0,10.1490741071411,35.39191112541723,20,B,,-12.862938213675342,-1.9094783819176613,0.4575558138763266,"[{""move_vx"": 3.3937630640302245, ""move_vy"": -3.3233826540475575, ""kick_power"": 0.0, ""kick_dir"": null}, {""move_vx"": 0.0, ""move_vy"": 0.0, ""kick_power"": 0.4, ""kick_dir"": [0.6700851381206895, 0.7422840439979832]}, {""move_vx"": 0.0, ""move_vy"": -5.4, ""kick_power"": 0.0, ""kick_dir"": null}, {""move_vx"": -5.4, ""move_vy"": 0.0, ""kick_power"": 0.0, ""kick_dir"": null}, {""move_vx"": 0.0, ""move_vy"": 0.0, ""kick_power"": 0.0, ""kick_dir"": null}, {""move_vx"": 0.0, ""move_vy"": 0.0, ""kick_power"": 0.4, ""kick_dir"": [0.9929228826286438, 0.11876009774665996]}, {""move_vx"": 4.242640687119285, ""move_vy"": 4.242640687119285, ""kick_power"": 0.0, ""kick_dir"": null}, {""move_vx"": -5.385913595089299, ""move_vy"": 0.38978807861742715, ""kick_power"": 0.0, ""kick_dir"": null}, {""move_vx"": 0.0, ""move_vy"": 0.0, ""kick_power"": 0.0, ""kick_dir"": null}, {""move_vx"": 0.0, ""move_vy"": -6.0, ""kick_power"": 0.0, ""kick_dir"": null}, {""move_vx"": -6.0, ""move_vy"": 0.0, ""kick_power"": 0.0, ""kick_dir"": null}, {""move_vx"": -5.2448044112764896, ""move_vy"": -0.23350950185093938, ""kick_power"": 0.0, ""kick_dir"": null}, {""move_vx"": -7.518047501311524, ""move_vy"": 0.5749450130434672, ""kick_power"": 0.0, ""kick_dir"": null}, {""move_vx"": -3.8183766184073566, ""move_vy"": -3.8183766184073566, ""kick_power"": 0.0, ""kick_dir"": null}, {""move_vx"": 3.8183766184073566, ""move_vy"": 3.8183766184073566, ""kick_power"": 0.0, ""kick_dir"": null}, {""move_vx"": 4.1012193308819755, ""move_vy"": -4.1012193308819755, ""kick_power"": 0.0, ""kick_dir"": null}, {""move_vx"": 4.724164138416269, ""move_vy"": -1.9215288687140966, ""kick_power"": 0.0, ""kick_dir"": null}, {""move_vx"": -0.0, ""move_vy"": 0.0, ""kick_power"": 0.0, ""kick_dir"": null}, {""move_vx"": -4.242640687119285, ""move_vy"": -4.242640687119285, ""kick_power"": 0.0, ""kick_dir"": null}, {""move_vx"": -6.4, ""move_vy"": 0.0, ""kick_power"": 0.0, ""kick_dir"": null}, {""move_vx"": -4.242640687119285, ""move_vy"": -4.242640687119285, ""kick_power"": 0.0, ""kick_dir"": null}, {""move_vx"": -0.0, ""move_vy"": -6.4, ""kick_power"": 0.0, ""kick_dir"": null}]"
85,212,default,default,0,10.573338175853028,36.816175194129166,20,B,,-13.203559481144255,-1.6831801694825461,0.5178305122296313,"[{""move_vx"": -0.5739747491266355, ""move_vy"": -4.211063165919625, ""kick_power"": 0.0, ""kick_dir"": null}, {""move_vx"": 0.0, ""move_vy"": 0.0, ""kick_power"": 0.4, ""kick_dir"": [0.6384780275298664, 0.769639855099919]}, {""move_vx"": 0.0, ""move_vy"": -5.4, ""kick_power"": 0.0, ""kick_dir"": null}, {""move_vx"": 0.0, ""move_vy"": 0.0, ""kick_power"": 0.4, ""kick_dir"": [0.9997350682197249, -0.023016665569915485]}, {""move_vx"": -2.245494741128216, ""move_vy"": -5.031684943194032, ""kick_power"": 0.0, ""kick_dir"": null}, {""move_vx"": 0.0, ""move_vy"": 0.0, ""kick_power"": 0.65, ""kick_dir"": [0.9973634457003795, 0.07256733465779996]}, {""move_vx"": 4.242640687119285, ""move_vy"": 4.242640687119285, ""kick_power"": 0.0, ""kick_dir"": null}, {""move_vx"": 5.276585089619509, ""move_vy"": 1.1478892768926254, ""kick_power"": 0.0, ""kick_dir"": null}, {""move_vx"": 0.0, ""move_vy"": 0.0, ""kick_power"": 0.0, ""kick_dir"": null}, {""move_vx"": 0.0, ""move_vy"": -6.0, ""kick_power"": 0.0, ""kick_dir"": null}, {""move_vx"": -5.258028112226639, ""move_vy"": -2.200713604955075, ""kick_power"": 0.0, ""kick_dir"": null}, {""move_vx"": -5.244833577966273, ""move_vy"": -0.23285347203231993, ""kick_power"": 0.0, ""kick_dir"": null}, {""move_vx"": -6.92498486891163, ""move_vy"": 0.6972693635496748, ""kick_power"": 0.0, ""kick_dir"": null}, {""move_vx"": -0.0, ""move_vy"": 0.0, ""kick_power"": 0.9, ""kick_dir"": [-0.8770323679663463, -0.48043124181788105]}, {""move_vx"": 3.8183766184073566, ""move_vy"": 3.8183766184073566, ""kick_power"": 0.0, ""kick_dir"": null}, {""move_vx"": 4.1012193308819755, ""move_vy"": -4.1012193308819755, ""kick_power"": 0.0, ""kick_dir"": null}, {""move_vx"": 4.718813001192391, ""move_vy"": -1.9346327454526493, ""kick_power"": 0.0, ""kick_dir"": null}, {""move_vx"": -0.0, ""move_vy"": 0.0, ""kick_power"": 0.0, ""kick_dir"": null}, {""move_vx"": -4.242640687119285, ""move_vy"": -4.242640687119285, ""kick_power"": 0.0, ""kick_dir"": null}, {""move_vx"": -6.4, ""move_vy"": 0.0, ""kick_power"": 0.0, ""kick_dir"": null}, {""move_vx"": -0.0, ""move_vy"": 6.0, ""kick_power"": 0.0, ""kick_dir"": null}, {""move_vx"": -0.0, ""move_vy"": -6.4, ""kick_power"": 0.0, ""kick_dir"": null}]"
85,213,default,default,0,11.173338175853027,36.216175194129164,20,B,,-13.563252685549365,-1.6975585559770832,0.4695179989025993,"[{""move_vx"": 3.5355339059327373, ""move_vy"": 3.5355339059327373, ""kick_power"": 0.0, ""kick_dir"": null}, {""move_vx"": 0.0, ""move_vy"": 0.0, ""kick_power"": 0.4, ""kick_dir"": [0.6641407422125675, 0.7476073817703263]}, {""move_vx"": 0.0, ""move_vy"": -5.4, ""kick_power"": 0.0, ""kick_dir"": null}, {""move_vx"": 0.0, ""move_vy"": 0.0, ""kick_power"": 0.4, ""kick_dir"": [0.9996480756593424, -0.02652731315220573]}, {""move_vx"": -1.585854392595242, ""move_vy"": 4.667972348406359, ""kick_power"": 0.0, ""kick_dir"": null}, {""move_vx"": 0.0, ""move_vy"": 0.0, ""kick_power"": 0.4, ""kick_dir"": [0.9966831446909324, 0.08137881980021357]}, {""move_vx"": -6.216441518044207, ""move_vy"": 1.0226704516784721, ""kick_power"": 0.0, ""kick_dir"": null}, {""move_vx"": -5.3786465257707405, ""move_vy"": 0.47975155113281603, ""kick_power"": 0.0, ""kick_dir"": null}, {""move_vx"": 0.0, ""move_vy"": 0.0, ""kick_power"": 0.0, ""kick_dir"": null}, {""move_vx"": 6.0, ""move_vy"": 0.0, ""kick_power"": 0.0, ""kick_dir"": null}, {""move_vx"": -6.0, ""move_vy"": 0.0, ""kick_power"": 0.0, ""kick_dir"": null}, {""move_vx"": 5.0, ""move_vy"": 0.0, ""kick_power"": 0.0, ""kick_dir"": null}, {""move_vx"": -4.1012193308819755, ""move_vy"": 4.1012193308819755, ""kick_power"": 0.0, ""kick_dir"": null}, {""move_vx"": -3.8183766184073566, ""move_vy"": -3.8183766184073566, ""kick_power"": 0.0, ""kick_dir"": null}, {""move_vx"": 3.8183766184073566, ""move_vy"": 3.8183766184073566, ""kick_power"": 0.0, ""kick_dir"": null}, {""move_vx"": 4.1012193308819755, ""move_vy"": -4.1012193308819755, ""kick_power"": 0.0, ""kick_dir"": null}, {""move_vx"": 4.71335757229288, ""move_vy"": -1.9478861352012764, ""kick_power"": 0.0, ""kick_dir"": null}, {""move_vx"": -0.0, ""move_vy"": 0.0, ""kick_power"": 0.0, ""kick_dir"": null}, {""move_vx"": 5.099407473237428, ""move_vy"": 0.0777394487391528, ""kick_power"": 0.0, ""kick_dir"": null}, {""move_vx"": -6.4, ""move_vy"": 0.0, ""kick_power"": 0.0, ""kick_dir"": null}, {""move_vx"": -0.0, ""move_vy"": 0.0, ""kick_power"": 0.0, ""kick_dir"": null}, {""move_vx"": -0.0, ""move_vy"": -6.4, ""kick_power"": 0.0, ""kick_dir"": null}]"
85,214,default,default,0,9.866231394666482,35.50906841294262,20,B,,-13.911783356360978,-1.924209064438257,0.45667527078857456,"[{""move_vx"": 3.344630965718271, ""move_vy"": -3.3728242917706903, ""kick_power"": 0.0, ""kick_dir"": null}, {""move_vx"": 0.0, ""move_vy"": 0.0, ""kick_power"": 0.4, ""kick_dir"": [0.6358933173157473, 0.7717767910241278]}, {""move_vx"": 0.0, ""move_vy"": -5.4, ""kick_power"": 0.0, ""kick_dir"": null}, {""move_vx"": 0.0, ""move_vy"": 0.0, ""kick_power"": 0.4, ""kick_dir"": [0.9995486436789495, -0.030041345225386137]}, {""move_vx"": 0.0, ""move_vy"": 0.0, ""kick_power"": 0.0, ""kick_dir"": null}, {""move_vx"": 0.0, ""move_vy"": 0.0, ""kick_power"": 0.4, ""kick_dir"": [0.9980822586034978, 0.061899949851242635]}, {""move_vx"": 4.242640687119285, ""move_vy"": 4.242640687119285, ""kick_power"": 0.0, ""kick_dir"": null}, {""move_vx"": -5.386051368046802, ""move_vy"": 0.3878796988257661, ""kick_power"": 0.0, ""kick_dir"": null}, {""move_vx"": 0.0, ""move_vy"": 0.0, ""kick_power"": 0.0, ""kick_dir"": null}, {""move_vx"": 6.0, ""move_vy"": 0.0, ""kick_power"": 0.0, ""kick_dir"": null}, {""move_vx"": -6.0, ""move_vy"": 0.0, ""kick_power"": 0.0, ""kick_dir"": null}, {""move_vx"": -5.244896869748057, ""move_vy"": -0.23142347700056495, ""kick_power"": 0.0, ""kick_dir"": null}, {""move_vx"": -0.0, ""move_vy"": 0.0, ""kick_power"": 0.6, ""kick_dir"": [-0.9947371860073528, 0.10245893930609787]}, {""move_vx"": -3.8183766184073566, ""move_vy"": -3.8183766184073566, ""kick_power"": 0.0, ""kick_dir"": null}, {""move_vx"": 3.8183766184073566, ""move_vy"": 3.8183766184073566, ""kick_power"": 0.0, ""kick_dir"": null}, {""move_vx"": 4.1012193308819755, ""move_vy"": -4.1012193308819755, ""kick_power"": 0.0, ""kick_dir"": null}, {""move_vx"": 4.707795433810061, ""move_vy"": -1.9612909405279824, ""kick_power"": 0.0, ""kick_dir"": null}, {""move_vx"": -0.0, ""move_vy"": 0.0, ""kick_power"": 0.0, ""kick_dir"": null}, {""move_vx"": -4.242640687119285, ""move_vy"": -4.242640687119285, ""kick_power"": 0.0, ""kick_dir"": null}, {""move_vx"": -6.4, ""move_vy"": 0.0, ""kick_power"": 0.0, ""kick_dir"": null}, {""move_vx"": -4.242640687119285, ""move_vy"": -4.242640687119285, ""kick_power"": 0.0, ""kick_dir"": null}, {""move_vx"": -0.0, ""move_vy"": -6.4, ""kick_power"": 0.0, ""kick_dir"": null}]"
85,215,default,default,0,10.29049546337841,36.93333248165455,20,B,,-14.253130613901329,-1.684095648527912,0.5190277149332866,"[{""move_vx"": -0.8380722998945933, ""move_vy"": -4.166549510104181, ""kick_power"": 0.0, ""kick_dir"": null}, {""move_vx"": 0.0, ""move_vy"": 0.0, ""kick_power"": 0.4, ""kick_dir"": [0.6070677448080882, 0.7946499121821655]}, {""move_vx"": 0.0, ""move_vy"": -5.4, ""kick_power"": 0.0, ""kick_dir"": null}, {""move_vx"": 0.0, ""move_vy"": 0.0, ""kick_power"": 0.4, ""kick_dir"": [0.9994368267875553, -0.033555964522000555]}, {""move_vx"": -2.3285090498290515, ""move_vy"": -4.9938107297798355, ""kick_power"": 0.0, ""kick_dir"": null}, {""move_vx"": 0.0, ""move_vy"": 0.0, ""kick_power"": 0.65, ""kick_dir"": [0.9995794833558141, 0.028995010757029798]}, {""move_vx"": -4.242640687119285, ""move_vy"": 4.242640687119285, ""kick_power"": 0.0, ""kick_dir"": null}, {""move_vx"": 5.2874561068457115, ""move_vy"": 1.0967259995915088, ""kick_power"": 0.0, ""kick_dir"": null}, {""move_vx"": 0.0, ""move_vy"": 0.0, ""kick_power"": 0.0, ""kick_dir"": null}, {""move_vx"": -4.242640687119285, ""move_vy"": 4.242640687119285, ""kick_power"": 0.0, ""kick_dir"": null}, {""move_vx"": -6.0, ""move_vy"": 0.0, ""kick_power"": 0.0, ""kick_dir"": null}, {""move_vx"": -5.244925463064781, ""move_vy"": -0.2307745369287706, ""kick_power"": 0.0, ""kick_dir"": null}, {""move_vx"": -7.539461467461156, ""move_vy"": 0.09011537420696855, ""kick_power"": 0.0, ""kick_dir"": null}, {""move_vx"": -0.0, ""move_vy"": 0.0, ""kick_power"": 0.9, ""kick_dir"": [-0.8815239910207899, -0.4721391799642943]}, {""move_vx"": 3.8183766184073566, ""move_vy"": 3.8183766184073566, ""kick_power"": 0.0, ""kick_dir"": null}, {""move_vx"": 4.1012193308819755, ""move_vy"": -4.1012193308819755, ""kick_power"": 0.0, ""kick_dir"": null}, {""move_vx"": 4.702124108559143, ""move_vy"": -1.9748490746654226, ""kick_power"": 0.0, ""kick_dir"": null}, {""move_vx"": -0.0, ""move_vy"": 0.0, ""kick_power"": 0.0, ""kick_dir"": null}, {""move_vx"": -4.242640687119285, ""move_vy"": -4.242640687119285, ""kick_power"": 0.0, ""kick_dir"": null}, {""move_vx"": -6.4, ""move_vy"": 0.0, ""kick_power"": 0.0, ""kick_dir"": null}, {""move_vx"": -0.0, ""move_vy"": 6.0, ""kick_power"": 0.0, ""kick_dir"": null}, {""move_vx"": -0.0, ""move_vy"": 6.4, ""kick_power"": 0.0, ""kick_dir"": null}]"
85,216,default,default,0,10.890495463378409,36.33333248165455,20,B,,-14.611927044830981,-1.6905809735267994,0.47035879463111907,"[{""move_vx"": 3.5355339059327373, ""move_vy"": 3.5355339059327373, ""kick_power"": 0.0, ""kick_dir"": null}, {""move_vx"": 0.0, ""move_vy"": 0.0, ""kick_power"": 0.4, ""kick_dir"": [0.6337444123066138, 0.7735423511735763]}, {""move_vx"": 0.0, ""move_vy"": -5.4, ""kick_power"": 0.0, ""kick_dir"": null}, {""move_vx"": 0.0, ""move_vy"": 0.0, ""kick_power"": 0.4, ""kick_dir"": [0.9993125441482743, -0.037073070999876945]}, {""move_vx"": -5.8, ""move_vy"": 0.0, ""kick_power"": 0.0, ""kick_dir"": null}, {""move_vx"": -4.889185693869765, ""move_vy"": 2.497191072156722, ""kick_power"": 0.0, ""kick_dir"": null}, {""move_vx"": -6.270537277532147, ""move_vy"": 0.6085739487356776, ""kick_power"": 0.0, ""kick_dir"": null}, {""move_vx"": -5.378740471896011, ""move_vy"": 0.4786971234380785, ""kick_power"": 0.0, ""kick_dir"": null}, {""move_vx"": 0.0, ""move_vy"": 0.0, ""kick_power"": 0.0, ""kick_dir"": null}, {""move_vx"": 6.0, ""move_vy"": 0.0, ""kick_power"": 0.0, ""kick_dir"": null}, {""move_vx"": -6.0, ""move_vy"": 0.0, ""kick_power"": 0.0, ""kick_dir"": null}, {""move_vx"": 5.0, ""move_vy"": 0.0, ""kick_power"": 0.0, ""kick_dir"": null}, {""move_vx"": -0.0, ""move_vy"": 0.0, ""kick_power"": 0.6, ""kick_dir"": [-0.9945771879069569, 0.10400057663530475]}, {""move_vx"": -3.8183766184073566, ""move_vy"": -3.8183766184073566, ""kick_power"": 0.0, ""kick_dir"": null}, {""move_vx"": 3.8183766184073566, ""move_vy"": 3.8183766184073566, ""kick_power"": 0.0, ""kick_dir"": null}, {""move_vx"": 4.1012193308819755, ""move_vy"": -4.1012193308819755, ""kick_power"": 0.0, ""kick_dir"": null}, {""move_vx"": 4.696341058827518, ""move_vy"": -1.9885624604650516, ""kick_power"": 0.0, ""kick_dir"": null}, {""move_vx"": -0.0, ""move_vy"": 0.0, ""kick_power"": 0.0, ""kick_dir"": null}, {""move_vx"": -4.242640687119285, ""move_vy"": -4.242640687119285, ""kick_power"": 0.0, ""kick_dir"": null}, {""move_vx"": -6.4, ""move_vy"": 0.0, ""kick_power"": 0.0, ""kick_dir"": null}, {""move_vx"": -0.0, ""move_vy"": 0.0, ""kick_power"": 0.0, ""kick_dir"": null}, {""move_vx"": -0.0, ""move_vy"": -6.4, ""kick_power"": 0.0, ""kick_dir"": null}]"
85,217,default,default,0,9.217370154832677,36.45499624848194,20,B,,-14.950562463891524,-1.936419562966754,0.477368942127191,"[{""move_vx"": 3.254792410612672, ""move_vy"": -3.459599162304522, ""kick_power"": 0.0, ""kick_dir"": null}, {""move_vx"": 0.0, ""move_vy"": 0.0, ""kick_power"": 0.4, ""kick_dir"": [0.607999964496703, 0.7939368964011345]}, {""move_vx"": 0.0, ""move_vy"": -5.4, ""kick_power"": 0.0, ""kick_dir"": null}, {""move_vx"": 0.0, ""move_vy"": 0.0, ""kick_power"": 0.4, ""kick_dir"": [0.9991757401954738, -0.040593271391601064]}, {""move_vx"": -2.002211221675069, ""move_vy"": -5.133346883252527, ""kick_power"": 0.0, ""kick_dir"": null}, {""move_vx"": -4.922757130539084, ""move_vy"": 2.4303419993339612, ""kick_power"": 0.0, ""kick_dir"": null}, {""move_vx"": -6.298563083062108, ""move_vy"": 0.13454771899650794, ""kick_power"": 0.0, ""kick_dir"": null}, {""move_vx"": -5.386146097203548, ""move_vy"": 0.38656205139535793, ""kick_power"": 0.0, ""kick_dir"": null}, {""move_vx"": 0.0, ""move_vy"": 0.0, ""kick_power"": 0.0, ""kick_dir"": null}, {""move_vx"": -4.242640687119285, ""move_vy"": 4.242640687119285, ""kick_power"": 0.0, ""kick_dir"": null}, {""move_vx"": -6.0, ""move_vy"": 0.0, ""kick_power"": 0.0, ""kick_dir"": null}, {""move_vx"": -0.0, ""move_vy"": 0.0, ""kick_power"": 0.0, ""kick_dir"": null}, {""move_vx"": -3.8459913117092306, ""move_vy"": -4.341468741135552, ""kick_power"": 0.0, ""kick_dir"": null}, {""move_vx"": -3.8183766184073566, ""move_vy"": -3.8183766184073566, ""kick_power"": 0.0, ""kick_dir"": null}, {""move_vx"": 3.8183766184073566, ""move_vy"": 3.8183766184073566, ""kick_power"": 0.0, ""kick_dir"": null}, {""move_vx"": 4.1012193308819755, ""move_vy"": -4.1012193308819755, ""kick_power"": 0.0, ""kick_dir"": null}, {""move_vx"": 4.690443685121963, ""move_vy"": -2.0024330292670225, ""kick_power"": 0.0, ""kick_dir"": null}, {""move_vx"": -0.0, ""move_vy"": 0.0, ""kick_power"": 0.0, ""kick_dir"": null}, {""move_vx"": -4.242640687119285, ""move_vy"": -4.242640687119285, ""kick_power"": 0.0, ""kick_dir"": null}, {""move_vx"": -6.4, ""move_vy"": 0.0, ""kick_power"": 0.0, ""kick_dir"": null}, {""move_vx"": -7.15416872363821, ""move_vy"": 0.8110917788492391, ""kick_power"": 0.0, ""kick_dir"": null}, {""move_vx"": -0.0, ""move_vy"": -6.4, ""kick_power"": 0.0, ""kick_dir"": null}]"
85,218,default,default,0,9.813550881802527,37.38740526691118,20,B,,-15.293315741674235,-1.6646981544976676,0.4965359645291666,"[{""move_vx"": 2.971178822256605, ""move_vy"": -3.7060216413526046, ""kick_power"": 0.0, ""kick_dir"": null}, {""move_vx"": 0.0, ""move_vy"": 0.0, ""kick_power"": 0.4, ""kick_dir"": [0.5821971989072987, 0.8130474629608263]}, {""move_vx"": 0.0, ""move_vy"": -5.4, ""kick_power"": 0.0, ""kick_dir"": null}, {""move_vx"": 0.0, ""move_vy"": 0.0, ""kick_power"": 0.4, ""kick_dir"": [0.9990264699358098, -0.044114462902269364]}, {""move_vx"": -2.551183409753167, ""move_vy"": -4.883806221565328, ""kick_power"": 0.0, ""kick_dir"": null}, {""move_vx"": -3.799255214447357, ""move_vy"": 4.375806761672019, ""kick_power"": 0.0, ""kick_dir"": null}, {""move_vx"": -6.297246147633437, ""move_vy"": 0.18625508346307043, ""kick_power"": 0.0, ""kick_dir"": null}, {""move_vx"": 5.257450754321274, ""move_vy"": 1.2325630068627997, ""kick_power"": 0.0, ""kick_dir"": null}, {""move_vx"": -6.1, ""move_vy"": 0.0, ""kick_power"": 0.0, ""kick_dir"": null}, {""move_vx"": -4.242640687119285, ""move_vy"": 4.242640687119285, ""kick_power"": 0.0, ""kick_dir"": null}, {""move_vx"": -6.0, ""move_vy"": 0.0, ""kick_power"": 0.0, ""kick_dir"": null}, {""move_vx"": 5.0, ""move_vy"": 0.0, ""kick_power"": 0.0, ""kick_dir"": null}, {""move_vx"": -0.0, ""move_vy"": 0.0, ""kick_power"": 0.6, ""kick_dir"": [-0.9945959692419906, 0.10382081092560246]}, {""move_vx"": 5.4, ""move_vy"": 0.0, ""kick_power"": 0.0, ""kick_dir"": null}, {""move_vx"": 3.8183766184073566, ""move_vy"": 3.8183766184073566, ""kick_power"": 0.0, ""kick_dir"": null}, {""move_vx"": -0.0, ""move_vy"": 0.0, ""kick_power"": 0.0, ""kick_dir"": null}, {""move_vx"": 4.684429324916256, ""move_vy"": -2.016462719681328, ""kick_power"": 0.0, ""kick_dir"": null}, {""move_vx"": -0.0, ""move_vy"": 0.0, ""kick_power"": 0.0, ""kick_dir"": null}, {""move_vx"": -4.242640687119285, ""move_vy"": -4.242640687119285, ""kick_power"": 0.0, ""kick_dir"": null}, {""move_vx"": -6.4, ""move_vy"": 0.0, ""kick_power"": 0.0, ""kick_dir"": null}, {""move_vx"": -0.0, ""move_vy"": 6.0, ""kick_power"": 0.0, ""kick_dir"": null}, {""move_vx"": -0.0, ""move_vy"": -6.4, ""kick_power"": 0.0, ""kick_dir"": null}]"
85,219,default,default,0,10.413550881802527,36.78740526691118,20,B,,-15.650940164098227,-1.686333679434684,0.48313730511405906,"[{""move_vx"": 0.0, ""move_vy"": 0.0, ""kick_power"": 0.9, ""kick_dir"": [0.9967676988800621, -0.08033749699863833]}, {""move_vx"": 0.0, ""move_vy"": 0.0, ""kick_power"": 0.4, ""kick_dir"": [0.6091221652932035, 0.7930762631275142]}, {""move_vx"": 0.0, ""move_vy"": -5.4, ""kick_power"": 0.0, ""kick_dir"": null}, {""move_vx"": 0.0, ""move_vy"": 0.0, ""kick_power"": 0.4, ""kick_dir"": [0.9988646371375716, -0.047638326360638146]}, {""move_vx"": -2.5153305903081615, ""move_vy"": -4.902368001431553, ""kick_power"": 0.0, ""kick_dir"": null}, {""move_vx"": -4.883168287574465, ""move_vy"": 2.508937519195538, ""kick_power"": 0.0, ""kick_dir"": null}, {""move_vx"": -6.242130134827179, ""move_vy"": 0.851945643736993, ""kick_power"": 0.0, ""kick_dir"": null}, {""move_vx"": -6.0, ""move_vy"": 0.0, ""kick_power"": 0.0, ""kick_dir"": null}, {""move_vx"": -6.1, ""move_vy"": 0.0, ""kick_power"": 0.0, ""kick_dir"": null}, {""move_vx"": 6.0, ""move_vy"": 0.0, ""kick_power"": 0.0, ""kick_dir"": null}, {""move_vx"": -6.0, ""move_vy"": 0.0, ""kick_power"": 0.0, ""kick_dir"": null}, {""move_vx"": 5.0, ""move_vy"": 0.0, ""kick_power"": 0.0, ""kick_dir"": null}, {""move_vx"": -4.1012193308819755, ""move_vy"": 4.1012193308819755, ""kick_power"": 0.0, ""kick_dir"": null}, {""move_vx"": -3.8183766184073566, ""move_vy"": -3.8183766184073566, ""kick_power"": 0.0, ""kick_dir"": null}, {""move_vx"": 3.8183766184073566, ""move_vy"": 3.8183766184073566, ""kick_power"": 0.0, ""kick_dir"": null}, {""move_vx"": 4.1012193308819755, ""move_vy"": -4.1012193308819755, ""kick_power"": 0.0, ""kick_dir"": null}, {""move_vx"": 4.678295251401984, ""move_vy"": -2.030653476275469, ""kick_power"": 0.0, ""kick_dir"": null}, {""move_vx"": -0.0, ""move_vy"": 0.0, ""kick_power"": 0.0, ""kick_dir"": null}, {""move_vx"": -4.242640687119285, ""move_vy"": -4.242640687119285, ""kick_power"": 0.0, ""kick_dir"": null}, {""move_vx"": -6.4, ""move_vy"": 0.0, ""kick_power"": 0.0, ""kick_dir"": null}, {""move_vx"": -0.0, ""move_vy"": 0.0, ""kick_power"": 0.0, ""kick_dir"": null}, {""move_vx"": -0.0, ""move_vy"": -6.4, ""kick_power"": 0.0, ""kick_dir"": null}]"
85,220,default,default,0,8.736386928175401,36.86562174219854,20,B,,-15.990018241249022,-1.9389997293548968,0.47908510143910155,"[{""move_vx"": 3.293911089214323, ""move_vy"": -3.4223748678879273, ""kick_power"": 0.0, ""kick_dir"": null}, {""move_vx"": 0.0, ""move_vy"": 0.0, ""kick_power"": 0.4, ""kick_dir"": [0.5848631462981955, 0.8111318468302605]}, {""move_vx"": 0.0, ""move_vy"": -5.4, ""kick_power"": 0.0, ""kick_dir"": null}, {""move_vx"": 0.0, ""move_vy"": 0.0, ""kick_power"": 0.4, ""kick_dir"": [0.9986902490730094, -0.05116404853324097]}, {""move_vx"": -2.159269601291968, ""move_vy"": -5.06928543178784, ""kick_power"": 0.0, ""kick_dir"": null}, {""move_vx"": -4.917463538847179, ""move_vy"": 2.4410350968612846, ""kick_power"": 0.0, ""kick_dir"": null}, {""move_vx"": -6.28627363613133, ""move_vy"": 0.41564861563607886, ""kick_power"": 0.0, ""kick_dir"": null}, {""move_vx"": -6.0, ""move_vy"": 0.0, ""kick_power"": 0.0, ""kick_dir"": null}, {""move_vx"": 0.0, ""move_vy"": 0.0, ""kick_power"": 0.0, ""kick_dir"": null}, {""move_vx"": -4.242640687119285, ""move_vy"": 4.242640687119285, ""kick_power"": 0.0, ""kick_dir"": null}, {""move_vx"": -6.0, ""move_vy"": 0.0, ""kick_power"": 0.0, ""kick_dir"": null}, {""move_vx"": -5.245338189704232, ""move_vy"": -0.22119510760939734, ""kick_power"": 0.0, ""kick_dir"": null}, {""move_vx"": -3.805257116877673, ""move_vy"": -4.3772158130999, ""kick_power"": 0.0, ""kick_dir"": null}, {""move_vx"": -3.8183766184073566, ""move_vy"": -3.8183766184073566, ""kick_power"": 0.0, ""kick_dir"": null}, {""move_vx"": 3.8183766184073566, ""move_vy"": 3.8183766184073566, ""kick_power"": 0.0, ""kick_dir"": null}, {""move_vx"": 4.1012193308819755, ""move_vy"": -4.1012193308819755, ""kick_power"": 0.0, ""kick_dir"": null}, {""move_vx"": 4.672038672245505, ""move_vy"": -2.045007248163795, ""kick_power"": 0.0, ""kick_dir"": null}, {""move_vx"": -0.0, ""move_vy"": 0.0, ""kick_power"": 0.0, ""kick_dir"": null}, {""move_vx"": -4.242640687119285, ""move_vy"": -4.242640687119285, ""kick_power"": 0.0, ""kick_dir"": null}, {""move_vx"": -6.4, ""move_vy"": 0.0, ""kick_power"": 0.0, ""kick_dir"": null}, {""move_vx"": -7.181093024180838, ""move_vy"": 0.5214431685824431, ""kick_power"": 0.0, ""kick_dir"": null}, {""move_vx"": -0.0, ""move_vy"": -6.4, ""kick_power"": 0.0, ""kick_dir"": null}]"
85,221,default,default,0,9.334811346857137,37.82216814481668,20,B,,-16.33244246385913,-1.6623162719349622,0.5048438688998816,"[{""move_vx"": 2.9771007707956896, ""move_vy"": -3.7012661347878932, ""kick_power"": 0.0, ""kick_dir"": null}, {""move_vx"": 0.0, ""move_vy"": 0.0, ""kick_power"": 0.4, ""kick_dir"": [-0.9839834565928941, 0.17825924949743932]}, {""move_vx"": 0.0, ""move_vy"": -5.4, ""kick_power"": 0.0, ""kick_dir"": null}, {""move_vx"": 0.0, ""move_vy"": 0.0, ""kick_power"": 0.4, ""kick_dir"": [0.9985033582337405, -0.05469019149016413]}, {""move_vx"": 0.0, ""move_vy"": 0.0, ""kick_power"": 0.0, ""kick_dir"": null}, {""move_vx"": -4.997472809893555, ""move_vy"": 2.2727440494641304, ""kick_power"": 0.0, ""kick_dir"": null}, {""move_vx"": -6.289628167483852, ""move_vy"": 0.3613551089907755, ""kick_power"": 0.0, ""kick_dir"": null}, {""move_vx"": -6.0, ""move_vy"": 0.0, ""kick_power"": 0.0, ""kick_dir"": null}, {""move_vx"": -6.1, ""move_vy"": 0.0, ""kick_power"": 0.0, ""kick_dir"": null}, {""move_vx"": -4.242640687119285, ""move_vy"": 4.242640687119285, ""kick_power"": 0.0, ""kick_dir"": null}, {""move_vx"": -6.0, ""move_vy"": 0.0, ""kick_power"": 0.0, ""kick_dir"": null}, {""move_vx"": 5.0, ""move_vy"": 0.0, ""kick_power"": 0.0, ""kick_dir"": null}, {""move_vx"": -7.474671237335032, ""move_vy"": 0.9903988558941269, ""kick_power"": 0.0, ""kick_dir"": null}, {""move_vx"": 4.566329929318657, ""move_vy"": -0.46554374295941836, ""kick_power"": 0.0, ""kick_dir"": null}, {""move_vx"": 3.8183766184073566, ""move_vy"": 3.8183766184073566, ""kick_power"": 0.0, ""kick_dir"": null}, {""move_vx"": 4.1012193308819755, ""move_vy"": -4.1012193308819755, ""kick_power"": 0.0, ""kick_dir"": null}, {""move_vx"": 4.665656728354438, ""move_vy"": -2.0595259874934713, ""kick_power"": 0.0, ""kick_dir"": null}, {""move_vx"": -0.0, ""move_vy"": 0.0, ""kick_power"": 0.0, ""kick_dir"": null}, {""move_vx"": -3.0249302141812837, ""move_vy"": -4.831127942761729, ""kick_power"": 0.0, ""kick_dir"": null}, {""move_vx"": -6.4, ""move_vy"": 0.0, ""kick_power"": 0.0, ""kick_dir"": null}, {""move_vx"": -0.0, ""move_vy"": 6.0, ""kick_power"": 0.0, ""kick_dir"": null}, {""move_vx"": -0.0, ""move_vy"": -6.4, ""kick_power"": 0.0, ""kick_dir"": null}]"
85,222,default,default,0,9.934811346857137,37.22216814481668,20,B,,-16.68791654850105,-1.6875196857384362,0.4857998174285342,"[{""move_vx"": 3.2851622224172767, ""move_vy"": -3.4307738445432947, ""kick_power"": 0.0, ""kick_dir"": null}, {""move_vx"": 0.0, ""move_vy"": -5.8, ""kick_power"": 0.0, ""kick_dir"": null}, {""move_vx"": 0.0, ""move_vy"": -5.4, ""kick_power"": 0.0, ""kick_dir"": null}, {""move_vx"": 0.0, ""move_vy"": 0.0, ""kick_power"": 0.4, ""kick_dir"": [0.9983038482894279, -0.05821855317805573]}, {""move_vx"": -2.7026336772387656, ""move_vy"": -4.801652966078959, ""kick_power"": 0.0, ""kick_dir"": null}, {""move_vx"": -4.858333022048487, ""move_vy"": 2.5566971363212376, ""kick_power"": 0.0, ""kick_dir"": null}, {""move_vx"": -6.22790470099081, ""move_vy"": 0.9503699465874264, ""kick_power"": 0.0, ""kick_dir"": null}, {""move_vx"": -6.0, ""move_vy"": 0.0, ""kick_power"": 0.0, ""kick_dir"": null}, {""move_vx"": -6.1, ""move_vy"": 0.0, ""kick_power"": 0.0, ""kick_dir"": null}, {""move_vx"": 6.0, ""move_vy"": 0.0, ""kick_power"": 0.0, ""kick_dir"": null}, {""move_vx"": 4.242640687119285, ""move_vy"": 4.242640687119285, ""kick_power"": 0.0, ""kick_dir"": null}, {""move_vx"": 5.0, ""move_vy"": 0.0, ""kick_power"": 0.0, ""kick_dir"": null}, {""move_vx"": -4.1012193308819755, ""move_vy"": -4.1012193308819755, ""kick_power"": 0.0, ""kick_dir"": null}, {""move_vx"": -3.8183766184073566, ""move_vy"": -3.8183766184073566, ""kick_power"": 0.0, ""kick_dir"": null}, {""move_vx"": 3.8183766184073566, ""move_vy"": 3.8183766184073566, ""kick_power"": 0.0, ""kick_dir"": null}, {""move_vx"": 4.1012193308819755, ""move_vy"": -4.1012193308819755, ""kick_power"": 0.0, ""kick_dir"": null}, {""move_vx"": 4.659146492657229, ""move_vy"": -2.074211647821851, ""kick_power"": 0.0, ""kick_dir"": null}, {""move_vx"": -0.0, ""move_vy"": 0.0, ""kick_power"": 0.0, ""kick_dir"": null}, {""move_vx"": -4.242640687119285, ""move_vy"": -4.242640687119285, ""kick_power"": 0.0, ""kick_dir"": null}, {""move_vx"": -6.4, ""move_vy"": 0.0, ""kick_power"": 0.0, ""kick_dir"": null}, {""move_vx"": -0.0, ""move_vy"": 0.0, ""kick_power"": 0.0, ""kick_dir"": null}, {""move_vx"": -0.0, ""move_vy"": -6.4, ""kick_power"": 0.0, ""kick_dir"": null}]"
85,223,default,default,0,8.25528938035298,37.25429794150143,20,B,,-17.028444516947044,-1.9427555086009816,0.48310640022219453,"[{""move_vx"": 3.2900534484257085, ""move_vy"": -3.4260835229897855, ""kick_power"": 0.0, ""kick_dir"": null}, {""move_vx"": 0.0, ""move_vy"": -5.8, ""kick_power"": 0.0, ""kick_dir"": null}, {""move_vx"": 0.0, ""move_vy"": -5.4, ""kick_power"": 0.0, ""kick_dir"": null}, {""move_vx"": 0.0, ""move_vy"": 0.0, ""kick_power"": 0.4, ""kick_dir"": [0.9980917414605501, -0.061748271772148956]}, {""move_vx"": -2.3701620055836408, ""move_vy"": -4.974176521524718, ""kick_power"": 0.0, ""kick_dir"": null}, {""move_vx"": -5.708625250959526, ""move_vy"": 2.9044143547550667, ""kick_power"": 0.0, ""kick_dir"": null}, {""move_vx"": 0.0, ""move_vy"": 0.0, ""kick_power"": 0.0, ""kick_dir"": null}, {""move_vx"": -6.0, ""move_vy"": 0.0, ""kick_power"": 0.0, ""kick_dir"": null}, {""move_vx"": 0.0, ""move_vy"": 0.0, ""kick_power"": 0.0, ""kick_dir"": null}, {""move_vx"": -4.242640687119285, ""move_vy"": 4.242640687119285, ""kick_power"": 0.0, ""kick_dir"": null}, {""move_vx"": 0.0, ""move_vy"": 6.0, ""kick_power"": 0.0, ""kick_dir"": null}, {""move_vx"": 5.0, ""move_vy"": 0.0, ""kick_power"": 0.0, ""kick_dir"": null}, {""move_vx"": -7.378959485326326, ""move_vy"": 1.5500183592179315, ""kick_power"": 0.0, ""kick_dir"": null}, {""move_vx"": 5.4, ""move_vy"": 0.0, ""kick_power"": 0.0, ""kick_dir"": null}, {""move_vx"": 3.8183766184073566, ""move_vy"": 3.8183766184073566, ""kick_power"": 0.0, ""kick_dir"": null}, {""move_vx"": -6.758458163912556, ""move_vy"": -1.6627817796222473, ""kick_power"": 0.0, ""kick_dir"": null}, {""move_vx"": 4.652504968899741, ""move_vy"": -2.0890661823798715, ""kick_power"": 0.0, ""kick_dir"": null}, {""move_vx"": -0.0, ""move_vy"": 0.0, ""kick_power"": 0.0, ""kick_dir"": null}, {""move_vx"": -4.242640687119285, ""move_vy"": -4.242640687119285, ""kick_power"": 0.0, ""kick_dir"": null}, {""move_vx"": -6.4, ""move_vy"": 0.0, ""kick_power"": 0.0, ""kick_dir"": null}, {""move_vx"": -7.196813110027696, ""move_vy"": 0.21419864456498602, ""kick_power"": 0.0, ""kick_dir"": null}, {""move_vx"": -0.0, ""move_vy"": -6.4, ""kick_power"": 0.0, ""kick_dir"": null}]"
85,224,default,default,0,8.855023806188623,38.23644805445435,20,B,,-17.36960635963508,-1.6586003075395972,0.517331328344793,"[{""move_vx"": 2.9164794554175852, ""move_vy"": -3.7492195969464293, ""kick_power"": 0.0, ""kick_dir"": null}, {""move_vx"": 0.0, ""move_vy"": 0.0, ""kick_power"": 0.4, ""kick_dir"": [-0.956419920167011, 0.2919944505273253]}, {""move_vx"": 0.0, ""move_vy"": -5.4, ""kick_power"": 0.0, ""kick_dir"": null}, {""move_vx"": 0.0, ""move_vy"": 0.0, ""kick_power"": 0.4, ""kick_dir"": [0.9978671176178433, -0.065277783437855]}, {""move_vx"": -2.855547786221178, ""move_vy"": -4.7123186268128485, ""kick_power"": 0.0, ""kick_dir"": null}, {""move_vx"": -4.983893771404928, ""move_vy"": 2.3023689702893355, ""kick_power"": 0.0, ""kick_dir"": null}, {""move_vx"": -6.289844078324977, ""move_vy"": 0.35757722293265004, ""kick_power"": 0.0, ""kick_dir"": null}, {""move_vx"": -4.242640687119285, ""move_vy"": 4.242640687119285, ""kick_power"": 0.0, ""kick_dir"": null}, {""move_vx"": -6.1, ""move_vy"": 0.0, ""kick_power"": 0.0, ""kick_dir"": null}, {""move_vx"": -4.242640687119285, ""move_vy"": 4.242640687119285, ""kick_power"": 0.0, ""kick_dir"": null}, {""move_vx"": 0.0, ""move_vy"": -6.0, ""kick_power"": 0.0, ""kick_dir"": null}, {""move_vx"": -5.0, ""move_vy"": 0.0, ""kick_power"": 0.0, ""kick_dir"": null}, {""move_vx"": -7.393635696012836, ""move_vy"": 1.4784286234528856, ""kick_power"": 0.0, ""kick_dir"": null}, {""move_vx"": -0.0, ""move_vy"": 0.0, ""kick_power"": 0.9, ""kick_dir"": [-0.8950152195118921, -0.446035545809756]}, {""move_vx"": 3.8183766184073566, ""move_vy"": 3.8183766184073566, ""kick_power"": 0.0, ""kick_dir"": null}, {""move_vx"": -7.344004736435626, ""move_vy"": -1.7079796343080582, ""kick_power"": 0.0, ""kick_dir"": null}, {""move_vx"": 4.6457290904631385, ""move_vy"": -2.1040915422159125, ""kick_power"": 0.0, ""kick_dir"": null}, {""move_vx"": -0.0, ""move_vy"": 0.0, ""kick_power"": 0.0, ""kick_dir"": null}, {""move_vx"": -4.242640687119285, ""move_vy"": -4.242640687119285, ""kick_power"": 0.0, ""kick_dir"": null}, {""move_vx"": -6.4, ""move_vy"": 0.0, ""kick_power"": 0.0, ""kick_dir"": null}, {""move_vx"": -0.0, ""move_vy"": 6.0, ""kick_power"": 0.0, ""kick_dir"": null}, {""move_vx"": -4.525483399593904, ""move_vy"": 4.525483399593904, ""kick_power"": 0.0, ""kick_dir"": null}]"
85,225,default,default,0,8.147917025002076,36.9293412732678,20,B,,-17.727361854758993,-1.8524391415033923,0.4761313882133113,"[{""move_vx"": 3.276231434143474, ""move_vy"": -3.4393033582297146, ""kick_power"": 0.0, ""kick_dir"": null}, {""move_vx"": 0.0, ""move_vy"": -5.8, ""kick_power"": 0.0, ""kick_dir"": null}, {""move_vx"": 0.0, ""move_vy"": -5.4, ""kick_power"": 0.0, ""kick_dir"": null}, {""move_vx"": 0.0, ""move_vy"": 0.0, ""kick_power"": 0.4, ""kick_dir"": [0.9976298337289995, -0.06880907122923242]}, {""move_vx"": -2.79309265630747, ""move_vy"": -4.749603500638898, ""kick_power"": 0.0, ""kick_dir"": null}, {""move_vx"": -4.835403325127479, ""move_vy"": 2.59980281624321, ""kick_power"": 0.0, ""kick_dir"": null}, {""move_vx"": -6.227057534716464, ""move_vy"": 0.955905047235822, ""kick_power"": 0.0, ""kick_dir"": null}, {""move_vx"": -6.0, ""move_vy"": 0.0, ""kick_power"": 0.0, ""kick_dir"": null}, {""move_vx"": -6.1, ""move_vy"": 0.0, ""kick_power"": 0.0, ""kick_dir"": null}, {""move_vx"": 6.0, ""move_vy"": 0.0, ""kick_power"": 0.0, ""kick_dir"": null}, {""move_vx"": 4.242640687119285, ""move_vy"": 4.242640687119285, ""kick_power"": 0.0, ""kick_dir"": null}, {""move_vx"": 5.0, ""move_vy"": 0.0, ""kick_power"": 0.0, ""kick_dir"": null}, {""move_vx"": 5.8, ""move_vy"": 0.0, ""kick_power"": 0.0, ""kick_dir"": null}, {""move_vx"": -5.09574144669915, ""move_vy"": 1.7870140202003075, ""kick_power"": 0.0, ""kick_dir"": null}, {""move_vx"": 3.8183766184073566, ""move_vy"": 3.8183766184073566, ""kick_power"": 0.0, ""kick_dir"": null}, {""move_vx"": 4.1012193308819755, ""move_vy"": -4.1012193308819755, ""kick_power"": 0.0, ""kick_dir"": null}, {""move_vx"": 4.638815719207674, ""move_vy"": -2.1192896742144023, ""kick_power"": 0.0, ""kick_dir"": null}, {""move_vx"": -0.0, ""move_vy"": 0.0, ""kick_power"": 0.0, ""kick_dir"": null}, {""move_vx"": -4.242640687119285, ""move_vy"": -4.242640687119285, ""kick_power"": 0.0, ""kick_dir"": null}, {""move_vx"": -0.0, ""move_vy"": 0.0, ""kick_power"": 0.0, ""kick_dir"": null}, {""move_vx"": -4.242640687119285, ""move_vy"": -4.242640687119285, ""kick_power"": 0.0, ""kick_dir"": null}, {""move_vx"": -4.525483399593904, ""move_vy"": 4.525483399593904, ""kick_power"": 0.0, ""kick_dir"": null}]"
85,226,default,default,0,7.865074312527457,36.646498560793184,20,B,,-18.078287237648535,-1.7891181116563246,0.5002765020962906,"[{""move_vx"": 2.807754127109913, ""move_vy"": -3.8313204984309586, ""kick_power"": 0.0, ""kick_dir"": null}, {""move_vx"": 0.0, ""move_vy"": -5.8, ""kick_power"": 0.0, ""kick_dir"": null}, {""move_vx"": 0.0, ""move_vy"": 0.0, ""kick_power"": 0.9, ""kick_dir"": [-0.9751846570388785, 0.22139248624550475]}, {""move_vx"": 0.0, ""move_vy"": 0.0, ""kick_power"": 0.4, ""kick_dir"": [0.9973800722327765, -0.07233923512449264]}, {""move_vx"": -2.720426505422052, ""move_vy"": -4.791594685341943, ""kick_power"": 0.0, ""kick_dir"": null}, {""move_vx"": -5.027818277836063, ""move_vy"": 2.2048000737158913, ""kick_power"": 0.0, ""kick_dir"": null}, {""move_vx"": 0.0, ""move_vy"": 0.0, ""kick_power"": 0.0, ""kick_dir"": null}, {""move_vx"": 4.242640687119285, ""move_vy"": -4.242640687119285, ""kick_power"": 0.0, ""kick_dir"": null}, {""move_vx"": 6.039168665736128, ""move_vy"": 0.8593263796666054, ""kick_power"": 0.0, ""kick_dir"": null}, {""move_vx"": -4.242640687119285, ""move_vy"": 4.242640687119285, ""kick_power"": 0.0, ""kick_dir"": null}, {""move_vx"": -6.0, ""move_vy"": 0.0, ""kick_power"": 0.0, ""kick_dir"": null}, {""move_vx"": -5.245373483592689, ""move_vy"": -0.2203565692751078, ""kick_power"": 0.0, ""kick_dir"": null}, {""move_vx"": -7.422721113412612, ""move_vy"": 1.3246928974289227, ""kick_power"": 0.0, ""kick_dir"": null}, {""move_vx"": -0.0, ""move_vy"": 0.0, ""kick_power"": 0.9, ""kick_dir"": [-0.8935539906140159, -0.4489556961706167]}, {""move_vx"": 3.8183766184073566, ""move_vy"": 3.8183766184073566, ""kick_power"": 0.0, ""kick_dir"": null}, {""move_vx"": -7.320478069750375, ""move_vy"": -1.8061563692836324, ""kick_power"": 0.0, ""kick_dir"": null}, {""move_vx"": 4.631761644347419, ""move_vy"": -2.134662518983292, ""kick_power"": 0.0, ""kick_dir"": null}, {""move_vx"": -0.0, ""move_vy"": 0.0, ""kick_power"": 0.0, ""kick_dir"": null}, {""move_vx"": -4.242640687119285, ""move_vy"": -4.242640687119285, ""kick_power"": 0.0, ""kick_dir"": null}, {""move_vx"": -6.4, ""move_vy"": 0.0, ""kick_power"": 0.0, ""kick_dir"": null}, {""move_vx"": -4.242640687119285, ""move_vy"": -4.242640687119285, ""kick_power"": 0.0, ""kick_dir"": null}, {""move_vx"": -4.525483399593904, ""move_vy"": 4.525483399593904, ""kick_power"": 0.0, ""kick_dir"": null}]"
85,227,default,default,0,7.582231600052839,36.363655848318565,20,B,,-18.43077554663295,-1.7971167029119346,0.5013644380582994,"[{""move_vx"": 0.0, ""move_vy"": 0.0, ""kick_power"": 0.0, ""kick_dir"": null}, {""move_vx"": 0.0, ""move_vy"": -5.8, ""kick_power"": 0.0, ""kick_dir"": null}, {""move_vx"": 0.0, ""move_vy"": -5.4, ""kick_power"": 0.0, ""kick_dir"": null}, {""move_vx"": 0.0, ""move_vy"": 0.0, ""kick_power"": 0.4, ""kick_dir"": [0.9971182041690032, -0.07586343212156493]}, {""move_vx"": -2.703209166248148, ""move_vy"": -4.80132900388132, ""kick_power"": 0.0, ""kick_dir"": null}, {""move_vx"": -5.071513445702921, ""move_vy"": 2.10234425583787, ""kick_power"": 0.0, ""kick_dir"": null}, {""move_vx"": 0.0, ""move_vy"": 0.0, ""kick_power"": 0.0, ""kick_dir"": null}, {""move_vx"": 4.242640687119285, ""move_vy"": -4.242640687119285, ""kick_power"": 0.0, ""kick_dir"": null}, {""move_vx"": 0.0, ""move_vy"": 0.0, ""kick_power"": 0.0, ""kick_dir"": null}, {""move_vx"": -4.242640687119285, ""move_vy"": 4.242640687119285, ""kick_power"": 0.0, ""kick_dir"": null}, {""move_vx"": 4.242640687119285, ""move_vy"": 4.242640687119285, ""kick_power"": 0.0, ""kick_dir"": null}, {""move_vx"": 5.0, ""move_vy"": 0.0, ""kick_power"": 0.0, ""kick_dir"": null}, {""move_vx"": -7.449864250828116, ""move_vy"": 1.1623780126246468, ""kick_power"": 0.0, ""kick_dir"": null}, {""move_vx"": -0.0, ""move_vy"": 0.0, ""kick_power"": 0.9, ""kick_dir"": [-0.8949906951505927, -0.44608475330777]}, {""move_vx"": 3.8183766184073566, ""move_vy"": 3.8183766184073566, ""kick_power"": 0.0, ""kick_dir"": null}, {""move_vx"": -7.296814354976427, ""move_vy"": -1.8995000050039375, ""kick_power"": 0.0, ""kick_dir"": null}, {""move_vx"": 4.624563581361333, ""move_vy"": -2.150212008604371, ""kick_power"": 0.0, ""kick_dir"": null}, {""move_vx"": -0.0, ""move_vy"": 6.0, ""kick_power"": 0.0, ""kick_dir"": null}, {""move_vx"": -4.242640687119285, ""move_vy"": -4.242640687119285, ""kick_power"": 0.0, ""kick_dir"": null}, {""move_vx"": -6.4, ""move_vy"": 0.0, ""kick_power"": 0.0, ""kick_dir"": null}, {""move_vx"": -4.242640687119285, ""move_vy"": -4.242640687119285, ""kick_power"": 0.0, ""kick_dir"": null}, {""move_vx"": -4.525483399593904, ""move_vy"": 4.525483399593904, ""kick_power"": 0.0, ""kick_dir"": null}]"
85,228,default,default,0,7.327673158825676,36.109097407091404,20,B,,-18.78217954837321,-1.781780099059224,0.5043339740476314,"[{""move_vx"": 2.5928158766942233, ""move_vy"": -3.979925354772671, ""kick_power"": 0.0, ""kick_dir"": null}, {""move_vx"": 0.0, ""move_vy"": 0.0, ""kick_power"": 0.0, ""kick_dir"": null}, {""move_vx"": 0.0, ""move_vy"": -5.4, ""kick_power"": 0.0, ""kick_dir"": null}, {""move_vx"": 0.0, ""move_vy"": 0.0, ""kick_power"": 0.4, ""kick_dir"": [0.9971190367798228, -0.07585248778444853]}, {""move_vx"": -2.686986941964886, ""move_vy"": -4.810426298542592, ""kick_power"": 0.0, ""kick_dir"": null}, {""move_vx"": -5.113255174552097, ""move_vy"": 1.9986799443423178, ""kick_power"": 0.0, ""kick_dir"": null}, {""move_vx"": 0.0, ""move_vy"": 0.0, ""kick_power"": 0.9, ""kick_dir"": [0.37889915023342974, 0.925437807917071]}, {""move_vx"": 4.242640687119285, ""move_vy"": -4.242640687119285, ""kick_power"": 0.0, ""kick_dir"": null}, {""move_vx"": -6.1, ""move_vy"": 0.0, ""kick_power"": 0.0, ""kick_dir"": null}, {""move_vx"": -4.242640687119285, ""move_vy"": 4.242640687119285, ""kick_power"": 0.0, ""kick_dir"": null}, {""move_vx"": 0.0, ""move_vy"": -6.0, ""kick_power"": 0.0, ""kick_dir"": null}, {""move_vx"": -5.245399318027243, ""move_vy"": -0.21974074369433724, ""kick_power"": 0.0, ""kick_dir"": null}, {""move_vx"": -7.471378619894796, ""move_vy"": 1.0149391696938903, ""kick_power"": 0.0, ""kick_dir"": null}, {""move_vx"": -0.0, ""move_vy"": 0.0, ""kick_power"": 0.9, ""kick_dir"": [-0.8964195903253411, -0.44320635136539616]}, {""move_vx"": 3.8183766184073566, ""move_vy"": 3.8183766184073566, ""kick_power"": 0.0, ""kick_dir"": null}, {""move_vx"": -7.271736494506203, ""move_vy"": -1.9933510364375475, ""kick_power"": 0.0, ""kick_dir"": null}, {""move_vx"": 4.617218170946542, ""move_vy"": -2.165940064240254, ""kick_power"": 0.0, ""kick_dir"": null}, {""move_vx"": -0.0, ""move_vy"": 0.0, ""kick_power"": 0.0, ""kick_dir"": null}, {""move_vx"": -4.242640687119285, ""move_vy"": -4.242640687119285, ""kick_power"": 0.0, ""kick_dir"": null}, {""move_vx"": -4.525483399593904, ""move_vy"": -4.525483399593904, ""kick_power"": 0.0, ""kick_dir"": null}, {""move_vx"": -3.818376618407389, ""move_vy"": -3.8183766184073247, ""kick_power"": 0.0, ""kick_dir"": null}, {""move_vx"": -4.525483399593904, ""move_vy"": 4.525483399593904, ""kick_power"": 0.0, ""kick_dir"": null}]"
85,229,default,default,0,7.073114717598517,35.85453896586424,20,B,,-19.134080288864087,-1.7863027993274878,0.5048439055194547,"[{""move_vx"": 2.4586652506518174, ""move_vy"": -4.06416844941708, ""kick_power"": 0.0, ""kick_dir"": null}, {""move_vx"": 0.0, ""move_vy"": -5.8, ""kick_power"": 0.0, ""kick_dir"": null}, {""move_vx"": 0.0, ""move_vy"": -5.4, ""kick_power"": 0.0, ""kick_dir"": null}, {""move_vx"": 0.0, ""move_vy"": 0.0, ""kick_power"": 0.4, ""kick_dir"": [0.9971189954972809, -0.07585303045624675]}, {""move_vx"": -2.668115970162767, ""move_vy"": -4.820918705989803, ""kick_power"": 0.0, ""kick_dir"": null}, {""move_vx"": -5.1491315148974435, ""move_vy"": 1.9043488762015106, ""kick_power"": 0.0, ""kick_dir"": null}, {""move_vx"": 0.0, ""move_vy"": 0.0, ""kick_power"": 0.0, ""kick_dir"": null}, {""move_vx"": 4.242640687119285, ""move_vy"": -4.242640687119285, ""kick_power"": 0.0, ""kick_dir"": null}, {""move_vx"": 0.0, ""move_vy"": 0.0, ""kick_power"": 0.0, ""kick_dir"": null}, {""move_vx"": -4.242640687119285, ""move_vy"": 4.242640687119285, ""kick_power"": 0.0, ""kick_dir"": null}, {""move_vx"": -6.0, ""move_vy"": 0.0, ""kick_power"": 0.0, ""kick_dir"": null}, {""move_vx"": 5.0, ""move_vy"": 0.0, ""kick_power"": 0.0, ""kick_dir"": null}, {""move_vx"": -7.490877392740469, ""move_vy"": 0.8592763740088332, ""kick_power"": 0.0, ""kick_dir"": null}, {""move_vx"": -0.0, ""move_vy"": 0.0, ""kick_power"": 0.9, ""kick_dir"": [-0.8978407268791765, -0.4403203166253628]}, {""move_vx"": 3.8183766184073566, ""move_vy"": 3.8183766184073566, ""kick_power"": 0.0, ""kick_dir"": null}, {""move_vx"": -7.244918539600864, ""move_vy"": -2.0887209853275484, ""kick_power"": 0.0, ""kick_dir"": null}, {""move_vx"": 4.611379267489413, ""move_vy"": -2.1783436945002026, ""kick_power"": 0.0, ""kick_dir"": null}, {""move_vx"": -0.0, ""move_vy"": 0.0, ""kick_power"": 0.0, ""kick_dir"": null}, {""move_vx"": -4.242640687119285, ""move_vy"": -4.242640687119285, ""kick_power"": 0.0, ""kick_dir"": null}, {""move_vx"": -4.525483399593904, ""move_vy"": -4.525483399593904, ""kick_power"": 0.0, ""kick_dir"": null}, {""move_vx"": -3.818376618407389, ""move_vy"": -3.8183766184073247, ""kick_power"": 0.0, ""kick_dir"": null}, {""move_vx"": -4.525483399593904, ""move_vy"": 4.525483399593904, ""kick_power"": 0.0, ""kick_dir"": null}]"
85,230,default,default,0,6.818556276371358,35.59998052463708,20,B,,-19.486407693855508,-1.790940779977914,0.5086085847204743,"[{""move_vx"": 2.3198476064092275, ""move_vy"": -4.144973713190154, ""kick_power"": 0.0, ""kick_dir"": null}, {""move_vx"": 0.0, ""move_vy"": -5.8, ""kick_power"": 0.0, ""kick_dir"": null}, {""move_vx"": 0.0, ""move_vy"": -5.4, ""kick_power"": 0.0, ""kick_dir"": null}, {""move_vx"": 0.0, ""move_vy"": 0.0, ""kick_power"": 0.4, ""kick_dir"": [0.9971191281703617, -0.07585128638726711]}, {""move_vx"": -2.6502047236404844, ""move_vy"": -4.8307882299676175, ""kick_power"": 0.0, ""kick_dir"": null}, {""move_vx"": -5.183389895685182, ""move_vy"": 1.8090243749902213, ""kick_power"": 0.0, ""kick_dir"": null}, {""move_vx"": 0.0, ""move_vy"": 0.0, ""kick_power"": 0.0, ""kick_dir"": null}, {""move_vx"": 4.242640687119285, ""move_vy"": -4.242640687119285, ""kick_power"": 0.0, ""kick_dir"": null}, {""move_vx"": 0.0, ""move_vy"": 0.0, ""kick_power"": 0.0, ""kick_dir"": null}, {""move_vx"": -4.242640687119285, ""move_vy"": 4.242640687119285, ""kick_power"": 0.0, ""kick_dir"": null}, {""move_vx"": -6.0, ""move_vy"": 0.0, ""kick_power"": 0.0, ""kick_dir"": null}, {""move_vx"": -5.245425026485835, ""move_vy"": -0.21912619997634747, ""kick_power"": 0.0, ""kick_dir"": null}, {""move_vx"": -7.5079116061862, ""move_vy"": 0.694883669181078, ""kick_power"": 0.0, ""kick_dir"": null}, {""move_vx"": -0.0, ""move_vy"": 0.0, ""kick_power"": 0.9, ""kick_dir"": [-0.899253275089647, -0.43742827935488754]}, {""move_vx"": -5.047535736886753, ""move_vy"": -1.9189536171703319, ""kick_power"": 0.0, ""kick_dir"": null}, {""move_vx"": 4.1012193308819755, ""move_vy"": 4.1012193308819755, ""kick_power"": 0.0, ""kick_dir"": null}, {""move_vx"": 4.609202372677556, ""move_vy"": -2.182946056984364, ""kick_power"": 0.0, ""kick_dir"": null}, {""move_vx"": -0.0, ""move_vy"": 0.0, ""kick_power"": 0.0, ""kick_dir"": null}, {""move_vx"": -4.242640687119285, ""move_vy"": -4.242640687119285, ""kick_power"": 0.0, ""kick_dir"": null}, {""move_vx"": 2.342439506302938, ""move_vy"": -5.955919505778368, ""kick_power"": 0.0, ""kick_dir"": null}, {""move_vx"": -3.818376618407389, ""move_vy"": -3.8183766184073247, ""kick_power"": 0.0, ""kick_dir"": null}, {""move_vx"": -4.525483399593904, ""move_vy"": 4.525483399593904, ""kick_power"": 0.0, ""kick_dir"": null}]"
85,231,default,default,0,6.563997835144199,35.34542208340992,20,B,,-19.839084034526547,-1.7920815655429776,0.5131294446240953,"[{""move_vx"": 2.1766710774982356, ""move_vy"": -4.2219193526620895, ""kick_power"": 0.0, ""kick_dir"": null}, {""move_vx"": 0.0, ""move_vy"": -5.8, ""kick_power"": 0.0, ""kick_dir"": null}, {""move_vx"": 0.0, ""move_vy"": -5.4, ""kick_power"": 0.0, ""kick_dir"": null}, {""move_vx"": 0.0, ""move_vy"": 0.0, ""kick_power"": 0.4, ""kick_dir"": [-0.9998559820370261, -0.01695879884206939]}, {""move_vx"": -2.633193735659667, ""move_vy"": -4.840081688410092, ""kick_power"": 0.0, ""kick_dir"": null}, {""move_vx"": -5.2159794710487395, ""move_vy"": 1.7127925027854694, ""kick_power"": 0.0, ""kick_dir"": null}, {""move_vx"": 0.0, ""move_vy"": 0.0, ""kick_power"": 0.0, ""kick_dir"": null}, {""move_vx"": 4.242640687119285, ""move_vy"": -4.242640687119285, ""kick_power"": 0.0, ""kick_dir"": null}, {""move_vx"": 4.313351365237939, ""move_vy"": -4.313351365237939, ""kick_power"": 0.0, ""kick_dir"": null}, {""move_vx"": -4.242640687119285, ""move_vy"": 4.242640687119285, ""kick_power"": 0.0, ""kick_dir"": null}, {""move_vx"": -6.0, ""move_vy"": 0.0, ""kick_power"": 0.0, ""kick_dir"": null}, {""move_vx"": 5.0, ""move_vy"": 0.0, ""kick_power"": 0.0, ""kick_dir"": null}, {""move_vx"": -7.521950333478233, ""move_vy"": 0.5214050063882204, ""kick_power"": 0.0, ""kick_dir"": null}, {""move_vx"": -0.0, ""move_vy"": 0.0, ""kick_power"": 0.9, ""kick_dir"": [-0.9006577595931747, -0.4345291160357918]}, {""move_vx"": -6.97889553576538, ""move_vy"": -0.7585625227191554, ""kick_power"": 0.0, ""kick_dir"": null}, {""move_vx"": -7.185474877131636, ""move_vy"": -2.2848524657207334, ""kick_power"": 0.0, ""kick_dir"": null}, {""move_vx"": 4.601479912093159, ""move_vy"": -2.199177714192997, ""kick_power"": 0.0, ""kick_dir"": null}, {""move_vx"": -0.0, ""move_vy"": 0.0, ""kick_power"": 0.0, ""kick_dir"": null}, {""move_vx"": -4.242640687119285, ""move_vy"": -4.242640687119285, ""kick_power"": 0.0, ""kick_dir"": null}, {""move_vx"": -4.525483399593904, ""move_vy"": -4.525483399593904, ""kick_power"": 0.0, ""kick_dir"": null}, {""move_vx"": -3.818376618407389, ""move_vy"": -3.8183766184073247, ""kick_power"": 0.0, ""kick_dir"": null}, {""move_vx"": -4.525483399593904, ""move_vy"": 4.525483399593904, ""kick_power"": 0.0, ""kick_dir"": null}]"
85,232,default,default,0,6.30943939391704,35.09086364218276,20,B,,-20.192033602335975,-1.7907100014409139,0.5154538921726174,"[{""move_vx"": 2.0295030641755356, ""move_vy"": -4.294603277661641, ""kick_power"": 0.0, ""kick_dir"": null}, {""move_vx"": 0.0, ""move_vy"": -5.8, ""kick_power"": 0.0, ""kick_dir"": null}, {""move_vx"": 0.0, ""move_vy"": -5.4, ""kick_power"": 0.0, ""kick_dir"": null}, {""move_vx"": 0.0, ""move_vy"": 0.0, ""kick_power"": 0.4, ""kick_dir"": [0.9971189359249651, -0.07585381353555747]}, {""move_vx"": -2.6170276580650396, ""move_vy"": -4.848841741789745, ""kick_power"": 0.0, ""kick_dir"": null}, {""move_vx"": -5.246853643860435, ""move_vy"": 1.6157434325747664, ""kick_power"": 0.0, ""kick_dir"": null}, {""move_vx"": 0.0, ""move_vy"": 0.0, ""kick_power"": 0.0, ""kick_dir"": null}, {""move_vx"": 4.242640687119285, ""move_vy"": -4.242640687119285, ""kick_power"": 0.0, ""kick_dir"": null}, {""move_vx"": 0.0, ""move_vy"": 0.0, ""kick_power"": 0.0, ""kick_dir"": null}, {""move_vx"": -4.242640687119285, ""move_vy"": 4.242640687119285, ""kick_power"": 0.0, ""kick_dir"": null}, {""move_vx"": -6.0, ""move_vy"": 0.0, ""kick_power"": 0.0, ""kick_dir"": null}, {""move_vx"": -5.245465748925233, ""move_vy"": -0.21814920777359564, ""kick_power"": 0.0, ""kick_dir"": null}, {""move_vx"": -7.532407204687146, ""move_vy"": 0.3382923333112402, ""kick_power"": 0.0, ""kick_dir"": null}, {""move_vx"": -0.0, ""move_vy"": 0.0, ""kick_power"": 0.9, ""kick_dir"": [-0.9020547155570036, -0.4316216433354724]}, {""move_vx"": -5.043590891017075, ""move_vy"": -1.9292980391970518, ""kick_power"": 0.0, ""kick_dir"": null}, {""move_vx"": -7.170462588867872, ""move_vy"": -2.331537317232184, ""kick_power"": 0.0, ""kick_dir"": null}, {""move_vx"": 4.593596775203764, ""move_vy"": -2.2155966841547614, ""kick_power"": 0.0, ""kick_dir"": null}, {""move_vx"": -0.0, ""move_vy"": 0.0, ""kick_power"": 0.0, ""kick_dir"": null}, {""move_vx"": -4.242640687119285, ""move_vy"": -4.242640687119285, ""kick_power"": 0.0, ""kick_dir"": null}, {""move_vx"": -4.525483399593904, ""move_vy"": -4.525483399593904, ""kick_power"": 0.0, ""kick_dir"": null}, {""move_vx"": -3.818376618407389, ""move_vy"": -3.8183766184073247, ""kick_power"": 0.0, ""kick_dir"": null}, {""move_vx"": -4.525483399593904, ""move_vy"": 4.525483399593904, ""kick_power"": 0.0, ""kick_dir"": null}]"
85,233,default,default,0,7.672909637885968,35.55375102456825,20,B,,-20.530167330569412,-1.5748603421728957,0.5388362904946863,"[{""move_vx"": -5.0, ""move_vy"": 0.0, ""kick_power"": 0.0, ""kick_dir"": null}, {""move_vx"": 0.0, ""move_vy"": -5.8, ""kick_power"": 0.0, ""kick_dir"": null}, {""move_vx"": 0.0, ""move_vy"": -5.4, ""kick_power"": 0.0, ""kick_dir"": null}, {""move_vx"": 0.0, ""move_vy"": 0.0, ""kick_power"": 0.4, ""kick_dir"": [0.9973812626002078, -0.07232282086134423]}, {""move_vx"": -2.601654972169304, ""move_vy"": -4.857107308448799, ""kick_power"": 0.0, ""kick_dir"": null}, {""move_vx"": -5.2759704090221655, ""move_vy"": 1.5179710942974132, ""kick_power"": 0.0, ""kick_dir"": null}, {""move_vx"": -4.242640687119285, ""move_vy"": 4.242640687119285, ""kick_power"": 0.0, ""kick_dir"": null}, {""move_vx"": 4.242640687119285, ""move_vy"": -4.242640687119285, ""kick_power"": 0.0, ""kick_dir"": null}, {""move_vx"": -4.956465897562394, ""move_vy"": -4.056780842774357, ""kick_power"": 0.0, ""kick_dir"": null}, {""move_vx"": 0.0, ""move_vy"": 0.0, ""kick_power"": 0.0, ""kick_dir"": null}, {""move_vx"": -6.0, ""move_vy"": 0.0, ""kick_power"": 0.0, ""kick_dir"": null}, {""move_vx"": 5.0, ""move_vy"": 0.0, ""kick_power"": 0.0, ""kick_dir"": null}, {""move_vx"": -7.538605436562099, ""move_vy"": 0.1450105921523146, ""kick_power"": 0.0, ""kick_dir"": null}, {""move_vx"": -0.0, ""move_vy"": 0.0, ""kick_power"": 0.9, ""kick_dir"": [-0.9034446908666057, -0.4287046111855893]}, {""move_vx"": -5.043590891017075, ""move_vy"": -1.9292980391970518, ""kick_power"": 0.0, ""kick_dir"": null}, {""move_vx"": -7.155232058420397, ""move_vy"": -2.3778675720386513, ""kick_power"": 0.0, ""kick_dir"": null}, {""move_vx"": 4.585549199805947, ""move_vy"": -2.2322048598099222, ""kick_power"": 0.0, ""kick_dir"": null}, {""move_vx"": -0.0, ""move_vy"": 0.0, ""kick_power"": 0.0, ""kick_dir"": null}, {""move_vx"": -4.242640687119285, ""move_vy"": -4.242640687119285, ""kick_power"": 0.0, ""kick_dir"": null}, {""move_vx"": -6.4, ""move_vy"": 0.0, ""kick_power"": 0.0, ""kick_dir"": null}, {""move_vx"": 5.095693078521994, ""move_vy"": 0.20955202099487508, ""kick_power"": 0.0, ""kick_dir"": null}, {""move_vx"": -4.525483399593904, ""move_vy"": 4.525483399593904, ""kick_power"": 0.0, ""kick_dir"": null}]"
85,234,default,default,0,7.078836915825493,35.52247538354239,20,B,,-20.88194484569123,-1.838623469507767,0.5143565747336268,"[{""move_vx"": 2.6006511915512105, ""move_vy"": -3.9748098545569777, ""kick_power"": 0.0, ""kick_dir"": null}, {""move_vx"": 0.0, ""move_vy"": -5.8, ""kick_power"": 0.0, ""kick_dir"": null}, {""move_vx"": 0.0, ""move_vy"": -5.4, ""kick_power"": 0.0, ""kick_dir"": null}, {""move_vx"": 0.0, ""move_vy"": 0.0, ""kick_power"": 0.4, ""kick_dir"": [0.9971193298727481, -0.0758486348232348]}, {""move_vx"": -2.221829764444316, ""move_vy"": -5.042179340109723, ""kick_power"": 0.0, ""kick_dir"": null}, {""move_vx"": -5.1886634741587905, ""move_vy"": 1.7938426218401744, ""kick_power"": 0.0, ""kick_dir"": null}, {""move_vx"": -6.224942900953435, ""move_vy"": -0.9695802596327121, ""kick_power"": 0.0, ""kick_dir"": null}, {""move_vx"": 4.242640687119285, ""move_vy"": -4.242640687119285, ""kick_power"": 0.0, ""kick_dir"": null}, {""move_vx"": 0.0, ""move_vy"": 0.0, ""kick_power"": 0.0, ""kick_dir"": null}, {""move_vx"": 6.0, ""move_vy"": 0.0, ""kick_power"": 0.0, ""kick_dir"": null}, {""move_vx"": 4.242640687119285, ""move_vy"": 4.242640687119285, ""kick_power"": 0.0, ""kick_dir"": null}, {""move_vx"": -0.0, ""move_vy"": 0.0, ""kick_power"": 1.0, ""kick_dir"": [-0.9946496640375668, -0.10330535296908927]}, {""move_vx"": -7.513076717039616, ""move_vy"": 0.6366146745695, ""kick_power"": 0.0, ""kick_dir"": null}, {""move_vx"": -0.0, ""move_vy"": 0.0, ""kick_power"": 0.9, ""kick_dir"": [-0.6900659431847405, 0.7237463743839885]}, {""move_vx"": 3.8183766184073566, ""move_vy"": 3.8183766184073566, ""kick_power"": 0.0, ""kick_dir"": null}, {""move_vx"": -7.14073554919828, ""move_vy"": -2.421052625701464, ""kick_power"": 0.0, ""kick_dir"": null}, {""move_vx"": 4.5773333419498545, ""move_vy"": -2.2490041077495095, ""kick_power"": 0.0, ""kick_dir"": null}, {""move_vx"": -0.0, ""move_vy"": 0.0, ""kick_power"": 0.0, ""kick_dir"": null}, {""move_vx"": -4.242640687119285, ""move_vy"": -4.242640687119285, ""kick_power"": 0.0, ""kick_dir"": null}, {""move_vx"": -4.525483399593904, ""move_vy"": -4.525483399593904, ""kick_power"": 0.0, ""kick_dir"": null}, {""move_vx"": -0.0, ""move_vy"": 0.0, ""kick_power"": 1.0, ""kick_dir"": [-0.9633044972144771, 0.2684104567135731]}, {""move_vx"": -4.525483399593904, ""move_vy"": 4.525483399593904, ""kick_power"": 0.0, ""kick_dir"": null}]"
85,235,default,default,0,6.366309553343892,34.82199106444113,20,B,,-21.24186971216555,-1.8600177806467921,0.49205307151626687,"[{""move_vx"": 2.382389452680909, ""move_vy"": -4.109345506982196, ""kick_power"": 0.0, ""kick_dir"": null}, {""move_vx"": 0.0, ""move_vy"": -5.8, ""kick_power"": 0.0, ""kick_dir"": null}, {""move_vx"": 0.0, ""move_vy"": -5.4, ""kick_power"": 0.0, ""kick_dir"": null}, {""move_vx"": 0.0, ""move_vy"": 0.0, ""kick_power"": 0.4, ""kick_dir"": [0.9971192816470543, -0.07584926880255755]}, {""move_vx"": -2.353626229573238, ""move_vy"": -4.98202203642907, ""kick_power"": 0.0, ""kick_dir"": null}, {""move_vx"": -5.213560907052956, ""move_vy"": 1.7201403048731703, ""kick_power"": 0.0, ""kick_dir"": null}, {""move_vx"": -6.235328161520453, ""move_vy"": -0.9003792079729346, ""kick_power"": 0.0, ""kick_dir"": null}, {""move_vx"": 4.242640687119285, ""move_vy"": -4.242640687119285, ""kick_power"": 0.0, ""kick_dir"": null}, {""move_vx"": -1.1229217873076318, ""move_vy"": -5.685162412771496, ""kick_power"": 0.0, ""kick_dir"": null}, {""move_vx"": 6.0, ""move_vy"": 0.0, ""kick_power"": 0.0, ""kick_dir"": null}, {""move_vx"": -6.0, ""move_vy"": 0.0, ""kick_power"": 0.0, ""kick_dir"": null}, {""move_vx"": 5.0, ""move_vy"": 0.0, ""kick_power"": 0.0, ""kick_dir"": null}, {""move_vx"": -7.516194465224378, ""move_vy"": 0.5986825209828868, ""kick_power"": 0.0, ""kick_dir"": null}, {""move_vx"": -0.0, ""move_vy"": 0.0, ""kick_power"": 0.9, ""kick_dir"": [-0.9061218780466472, -0.42301666129434795]}, {""move_vx"": -6.976819404395302, ""move_vy"": -0.7774258797166383, ""kick_power"": 0.0, ""kick_dir"": null}, {""move_vx"": -0.0, ""move_vy"": 5.8, ""kick_power"": 0.0, ""kick_dir"": null}, {""move_vx"": 4.56894527527809, ""move_vy"": -2.2659962646734453, ""kick_power"": 0.0, ""kick_dir"": null}, {""move_vx"": -0.0, ""move_vy"": 0.0, ""kick_power"": 0.0, ""kick_dir"": null}, {""move_vx"": -4.242640687119285, ""move_vy"": -4.242640687119285, ""kick_power"": 0.0, ""kick_dir"": null}, {""move_vx"": -4.525483399593904, ""move_vy"": -4.525483399593904, ""kick_power"": 0.0, ""kick_dir"": null}, {""move_vx"": -4.242640687119285, ""move_vy"": -4.242640687119285, ""kick_power"": 0.0, ""kick_dir"": null}, {""move_vx"": -4.525483399593904, ""move_vy"": 4.525483399593904, ""kick_power"": 0.0, ""kick_dir"": null}]"
85,236,default,default,0,6.11175111211674,34.56743262321396,20,B,,-21.594523453654297,-1.794392125134244,0.518415209305938,"[{""move_vx"": -5.0, ""move_vy"": 0.0, ""kick_power"": 0.0, ""kick_dir"": null}, {""move_vx"": 0.0, ""move_vy"": -5.8, ""kick_power"": 0.0, ""kick_dir"": null}, {""move_vx"": 0.0, ""move_vy"": -5.4, ""kick_power"": 0.0, ""kick_dir"": null}, {""move_vx"": 3.8183766184073566, ""move_vy"": -3.8183766184073566, ""kick_power"": 0.0, ""kick_dir"": null}, {""move_vx"": -2.4170356115332803, ""move_vy"": -4.951569332300614, ""kick_power"": 0.0, ""kick_dir"": null}, {""move_vx"": -5.301528247581594, ""move_vy"": 1.4261480428393256, ""kick_power"": 0.0, ""kick_dir"": null}, {""move_vx"": 0.0, ""move_vy"": 0.0, ""kick_power"": 0.4, ""kick_dir"": [0.999985734252846, 0.005339180855750814]}, {""move_vx"": 4.242640687119285, ""move_vy"": -4.242640687119285, ""kick_power"": 0.0, ""kick_dir"": null}, {""move_vx"": -1.312319700472886, ""move_vy"": -5.644452320974174, ""kick_power"": 0.0, ""kick_dir"": null}, {""move_vx"": 0.0, ""move_vy"": -6.0, ""kick_power"": 0.0, ""kick_dir"": null}, {""move_vx"": -6.0, ""move_vy"": 0.0, ""kick_power"": 0.0, ""kick_dir"": null}, {""move_vx"": -5.2458186670093605, ""move_vy"": -0.20949108061236568, ""kick_power"": 0.0, ""kick_dir"": null}, {""move_vx"": -7.539550376608561, ""move_vy"": -0.08234147546468595, ""kick_power"": 0.0, ""kick_dir"": null}, {""move_vx"": -0.0, ""move_vy"": 0.0, ""kick_power"": 0.9, ""kick_dir"": [-0.9074458436906848, -0.4201690072120812]}, {""move_vx"": -5.034540326984591, ""move_vy"": -1.9527938180888134, ""kick_power"": 0.0, ""kick_dir"": null}, {""move_vx"": -7.058766882376474, ""move_vy"": -2.650549018649741, ""kick_power"": 0.0, ""kick_dir"": null}, {""move_vx"": 4.560380990467556, ""move_vy"": -2.2831831336496307, ""kick_power"": 0.0, ""kick_dir"": null}, {""move_vx"": -0.0, ""move_vy"": 0.0, ""kick_power"": 0.0, ""kick_dir"": null}, {""move_vx"": -4.242640687119285, ""move_vy"": -4.242640687119285, ""kick_power"": 0.0, ""kick_dir"": null}, {""move_vx"": -4.525483399593904, ""move_vy"": -4.525483399593904, ""kick_power"": 0.0, ""kick_dir"": null}, {""move_vx"": -3.8183766184073256, ""move_vy"": -3.818376618407389, ""kick_power"": 0.0, ""kick_dir"": null}, {""move_vx"": -4.525483399593904, ""move_vy"": 4.525483399593904, ""kick_power"": 0.0, ""kick_dir"": null}]"
85,237,default,default,0,5.857192670889579,34.31287418198681,20,B,,-21.947630762694992,-1.7915022139386274,0.5170422790975582,"[{""move_vx"": 1.9373938726235844, ""move_vy"": -4.336934975569797, ""kick_power"": 0.0, ""kick_dir"": null}, {""move_vx"": 0.0, ""move_vy"": -5.8, ""kick_power"": 0.0, ""kick_dir"": null}, {""move_vx"": 0.0, ""move_vy"": -5.4, ""kick_power"": 0.0, ""kick_dir"": null}, {""move_vx"": 0.0, ""move_vy"": 0.0, ""kick_power"": 0.4, ""kick_dir"": [0.9976036168858362, -0.06918812674837603]}, {""move_vx"": -2.4085537391413268, ""move_vy"": -4.955700645284008, ""kick_power"": 0.0, ""kick_dir"": null}, {""move_vx"": -5.328788297641374, ""move_vy"": 1.32064956703902, ""kick_power"": 0.0, ""kick_dir"": null}, {""move_vx"": -4.242640687119285, ""move_vy"": 4.242640687119285, ""kick_power"": 0.0, ""kick_dir"": null}, {""move_vx"": 4.242640687119285, ""move_vy"": -4.242640687119285, ""kick_power"": 0.0, ""kick_dir"": null}, {""move_vx"": -1.3519853201809686, ""move_vy"": -5.635083024589359, ""kick_power"": 0.0, ""kick_dir"": null}, {""move_vx"": -4.242640687119285, ""move_vy"": 4.242640687119285, ""kick_power"": 0.0, ""kick_dir"": null}, {""move_vx"": -6.0, ""move_vy"": 0.0, ""kick_power"": 0.0, ""kick_dir"": null}, {""move_vx"": 5.0, ""move_vy"": 0.0, ""kick_power"": 0.0, ""kick_dir"": null}, {""move_vx"": -7.532560324826364, ""move_vy"": -0.3348655743007033, ""kick_power"": 0.0, ""kick_dir"": null}, {""move_vx"": -0.0, ""move_vy"": 0.0, ""kick_power"": 0.9, ""kick_dir"": [-0.9087837983340971, -0.41726725486153404]}, {""move_vx"": -5.034540326984592, ""move_vy"": -1.9527938180888134, ""kick_power"": 0.0, ""kick_dir"": null}, {""move_vx"": -7.042434647597194, ""move_vy"": -2.693643301241389, ""kick_power"": 0.0, ""kick_dir"": null}, {""move_vx"": 4.551636394785085, ""move_vy"": -2.3005664801669683, ""kick_power"": 0.0, ""kick_dir"": null}, {""move_vx"": -0.0, ""move_vy"": 0.0, ""kick_power"": 0.0, ""kick_dir"": null}, {""move_vx"": -4.242640687119285, ""move_vy"": -4.242640687119285, ""kick_power"": 0.0, ""kick_dir"": null}, {""move_vx"": -4.525483399593904, ""move_vy"": -4.525483399593904, ""kick_power"": 0.0, ""kick_dir"": null}, {""move_vx"": -3.818376618407357, ""move_vy"": -3.818376618407357, ""kick_power"": 0.0, ""kick_dir"": null}, {""move_vx"": -4.525483399593904, ""move_vy"": 4.525483399593904, ""kick_power"": 0.0, ""kick_dir"": null}]"
85,238,default,default,0,5.602634229662416,34.058315740759646,20,B,,-22.30021916038745,-1.7981497564748417,0.5164293067523402,"[{""move_vx"": -5.0, ""move_vy"": 0.0, ""kick_power"": 0.0, ""kick_dir"": null}, {""move_vx"": 0.0, ""move_vy"": -5.8, ""kick_power"": 0.0, ""kick_dir"": null}, {""move_vx"": 0.0, ""move_vy"": 0.0, ""kick_power"": 0.0, ""kick_dir"": null}, {""move_vx"": 5.239833912850158, ""move_vy"": -1.3054273498534517, ""kick_power"": 0.0, ""kick_dir"": null}, {""move_vx"": -2.4004967175528007, ""move_vy"": -4.9596084027893, ""kick_power"": 0.0, ""kick_dir"": null}, {""move_vx"": 0.0, ""move_vy"": 0.0, ""kick_power"": 1.0, ""kick_dir"": [0.9965004197198066, 0.08358760832984583]}, {""move_vx"": -4.242640687119285, ""move_vy"": 4.242640687119285, ""kick_power"": 0.0, ""kick_dir"": null}, {""move_vx"": 4.242640687119285, ""move_vy"": -4.242640687119285, ""kick_power"": 0.0, ""kick_dir"": null}, {""move_vx"": -1.3891467760805358, ""move_vy"": -5.626037347414701, ""kick_power"": 0.0, ""kick_dir"": null}, {""move_vx"": 0.0, ""move_vy"": 0.0, ""kick_power"": 0.0, ""kick_dir"": null}, {""move_vx"": -6.0, ""move_vy"": 0.0, ""kick_power"": 0.0, ""kick_dir"": null}, {""move_vx"": -5.245855890984612, ""move_vy"": -0.20855687718710952, ""kick_power"": 0.0, ""kick_dir"": null}, {""move_vx"": -7.515851724926171, ""move_vy"": -0.6029700232385475, ""kick_power"": 0.0, ""kick_dir"": null}, {""move_vx"": -0.0, ""move_vy"": 0.0, ""kick_power"": 0.9, ""kick_dir"": [-0.9101186936170784, -0.4143475809760739]}, {""move_vx"": -5.034540326984592, ""move_vy"": -1.9527938180888136, ""kick_power"": 0.0, ""kick_dir"": null}, {""move_vx"": -7.025946372014611, ""move_vy"": -2.736362106442552, ""kick_power"": 0.0, ""kick_dir"": null}, {""move_vx"": -0.0, ""move_vy"": 6.0, ""kick_power"": 0.0, ""kick_dir"": null}, {""move_vx"": -0.0, ""move_vy"": 0.0, ""kick_power"": 0.0, ""kick_dir"": null}, {""move_vx"": -4.242640687119285, ""move_vy"": -4.242640687119285, ""kick_power"": 0.0, ""kick_dir"": null}, {""move_vx"": -4.525483399593904, ""move_vy"": -4.525483399593904, ""kick_power"": 0.0, ""kick_dir"": null}, {""move_vx"": -3.818376618407389, ""move_vy"": -3.8183766184073247, ""kick_power"": 0.0, ""kick_dir"": null}, {""move_vx"": 4.821975107404643, ""move_vy"": 2.51836376712539, ""kick_power"": 0.0, ""kick_dir"": null}]"
85,239,default,default,0,5.348075788435257,33.803757299532485,20,B,,-22.65330955083664,-1.7916113892200363,0.5228464890988632,"[{""move_vx"": 1.7741046260013293, ""move_vy"": -4.4062515561416475, ""kick_power"": 0.0, ""kick_dir"": null}, {""move_vx"": 0.0, ""move_vy"": -5.8, ""kick_power"": 0.0, ""kick_dir"": null}, {""move_vx"": 0.0, ""move_vy"": -5.4, ""kick_power"": 0.0, ""kick_dir"": null}, {""move_vx"": 0.0, ""move_vy"": 0.0, ""kick_power"": 0.4, ""kick_dir"": [0.9975185345381937, -0.07040416543447006]}, {""move_vx"": -2.3928374781959327, ""move_vy"": -4.9633082518559055, ""kick_power"": 0.0, ""kick_dir"": null}, {""move_vx"": -5.376447918109457, ""move_vy"": 1.1108140185721915, ""kick_power"": 0.0, ""kick_dir"": null}, {""move_vx"": -6.0, ""move_vy"": 0.0, ""kick_power"": 0.0, ""kick_dir"": null}, {""move_vx"": 4.242640687119285, ""move_vy"": -4.242640687119285, ""kick_power"": 0.0, ""kick_dir"": null}, {""move_vx"": -1.4240088221837661, ""move_vy"": -5.617314649754169, ""kick_power"": 0.0, ""kick_dir"": null}, {""move_vx"": 0.0, ""move_vy"": -6.0, ""kick_power"": 0.0, ""kick_dir"": null}, {""move_vx"": -6.0, ""move_vy"": 0.0, ""kick_power"": 0.0, ""kick_dir"": null}, {""move_vx"": 5.0, ""move_vy"": 0.0, ""kick_power"": 0.0, ""kick_dir"": null}, {""move_vx"": -7.487658044522324, ""move_vy"": -0.8868917680868086, ""kick_power"": 0.0, ""kick_dir"": null}, {""move_vx"": -0.0, ""move_vy"": 0.0, ""kick_power"": 0.9, ""kick_dir"": [-0.9114512270136257, -0.41140808857105776]}, {""move_vx"": -5.034540326984591, ""move_vy"": -1.9527938180888136, ""kick_power"": 0.0, ""kick_dir"": null}, {""move_vx"": -6.989558711996378, ""move_vy"": -2.8280150302916596, ""kick_power"": 0.0, ""kick_dir"": null}, {""move_vx"": -0.0, ""move_vy"": 6.0, ""kick_power"": 0.0, ""kick_dir"": null}, {""move_vx"": -0.0, ""move_vy"": 0.0, ""kick_power"": 0.0, ""kick_dir"": null}, {""move_vx"": -4.242640687119285, ""move_vy"": -4.242640687119285, ""kick_power"": 0.0, ""kick_dir"": null}, {""move_vx"": -4.525483399593904, ""move_vy"": -4.525483399593904, ""kick_power"": 0.0, ""kick_dir"": null}, {""move_vx"": -3.818376618407389, ""move_vy"": -3.8183766184073247, ""kick_power"": 0.0, ""kick_dir"": null}, {""move_vx"": -4.525483399593904, ""move_vy"": 4.525483399593904, ""kick_power"": 0.0, ""kick_dir"": null}]"
85,240,default,default,0,5.093517347208098,33.549198858305324,20,B,,-23.005845704665337,-1.7913166941931231,0.530319063519645,"[{""move_vx"": -5.0, ""move_vy"": 0.0, ""kick_power"": 0.0, ""kick_dir"": null}, {""move_vx"": 0.0, ""move_vy"": -5.8, ""kick_power"": 0.0, ""kick_dir"": null}, {""move_vx"": 0.0, ""move_vy"": -5.4, ""kick_power"": 0.0, ""kick_dir"": null}, {""move_vx"": 0.0, ""move_vy"": 0.0, ""kick_power"": 0.4, ""kick_dir"": [0.9975191180904743, -0.07039589758400615]}, {""move_vx"": -2.3855510111380007, ""move_vy"": -4.966814509648861, ""kick_power"": 0.0, ""kick_dir"": null}, {""move_vx"": -5.396904078300683, ""move_vy"": 1.0067404678572582, ""kick_power"": 0.0, ""kick_dir"": null}, {""move_vx"": -4.242640687119285, ""move_vy"": 4.242640687119285, ""kick_power"": 0.0, ""kick_dir"": null}, {""move_vx"": 4.242640687119285, ""move_vy"": -4.242640687119285, ""kick_power"": 0.0, ""kick_dir"": null}, {""move_vx"": -4.016389248646235, ""move_vy"": -3.742822117514928, ""kick_power"": 0.0, ""kick_dir"": null}, {""move_vx"": 0.0, ""move_vy"": -6.0, ""kick_power"": 0.0, ""kick_dir"": null}, {""move_vx"": -6.0, ""move_vy"": 0.0, ""kick_power"": 0.0, ""kick_dir"": null}, {""move_vx"": 5.0, ""move_vy"": 0.0, ""kick_power"": 0.0, ""kick_dir"": null}, {""move_vx"": -7.446063784445892, ""move_vy"": -1.1864797166253278, ""kick_power"": 0.0, ""kick_dir"": null}, {""move_vx"": -5.928279274375994, ""move_vy"": 0.3729676192433515, ""kick_power"": 0.0, ""kick_dir"": null}, {""move_vx"": -5.034540326984591, ""move_vy"": -1.9527938180888136, ""kick_power"": 0.0, ""kick_dir"": null}, {""move_vx"": -6.951762583052765, ""move_vy"": -2.9196912488938893, ""kick_power"": 0.0, ""kick_dir"": null}, {""move_vx"": -0.0, ""move_vy"": 6.0, ""kick_power"": 0.0, ""kick_dir"": null}, {""move_vx"": -0.0, ""move_vy"": 0.0, ""kick_power"": 0.0, ""kick_dir"": null}, {""move_vx"": -4.242640687119285, ""move_vy"": -4.242640687119285, ""kick_power"": 0.0, ""kick_dir"": null}, {""move_vx"": -4.525483399593904, ""move_vy"": -4.525483399593904, ""kick_power"": 0.0, ""kick_dir"": null}, {""move_vx"": -3.818376618407389, ""move_vy"": -3.8183766184073247, ""kick_power"": 0.0, ""kick_dir"": null}, {""move_vx"": -4.525483399593904, ""move_vy"": 4.525483399593904, ""kick_power"": 0.0, ""kick_dir"": null}]"
85,241,default,default,0,4.838958905980939,33.29464041707816,20,B,,-23.358904596311977,-1.79582274779533,0.5234323045580503,"[{""move_vx"": 1.6166620038658985, ""move_vy"": -4.466419591267293, ""kick_power"": 0.0, ""kick_dir"": null}, {""move_vx"": 0.0, ""move_vy"": -5.8, ""kick_power"": 0.0, ""kick_dir"": null}, {""move_vx"": 0.0, ""move_vy"": -5.4, ""kick_power"": 0.0, ""kick_dir"": null}, {""move_vx"": 0.0, ""move_vy"": 0.0, ""kick_power"": 0.4, ""kick_dir"": [0.997671244163601, -0.06820602587112352]}, {""move_vx"": 5.8, ""move_vy"": 0.0, ""kick_power"": 0.0, ""kick_dir"": null}, {""move_vx"": -5.415299328340421, ""move_vy"": 0.9025703210696642, ""kick_power"": 0.0, ""kick_dir"": null}, {""move_vx"": -6.0, ""move_vy"": 0.0, ""kick_power"": 0.0, ""kick_dir"": null}, {""move_vx"": 4.242640687119285, ""move_vy"": -4.242640687119285, ""kick_power"": 0.0, ""kick_dir"": null}, {""move_vx"": -1.429900290087435, ""move_vy"": -5.615817853207835, ""kick_power"": 0.0, ""kick_dir"": null}, {""move_vx"": -4.242640687119285, ""move_vy"": 4.242640687119285, ""kick_power"": 0.0, ""kick_dir"": null}, {""move_vx"": -6.0, ""move_vy"": 0.0, ""kick_power"": 0.0, ""kick_dir"": null}, {""move_vx"": 5.0, ""move_vy"": 0.0, ""kick_power"": 0.0, ""kick_dir"": null}, {""move_vx"": -7.38907342180589, ""move_vy"": -1.5010642781579309, ""kick_power"": 0.0, ""kick_dir"": null}, {""move_vx"": -0.0, ""move_vy"": 0.0, ""kick_power"": 0.9, ""kick_dir"": [-0.911060837962238, -0.4122718811272252]}, {""move_vx"": -6.9566830523938386, ""move_vy"": -0.940723609003381, ""kick_power"": 0.0, ""kick_dir"": null}, {""move_vx"": -6.912571416135931, ""move_vy"": -3.0113047698332505, ""kick_power"": 0.0, ""kick_dir"": null}, {""move_vx"": -0.0, ""move_vy"": 6.0, ""kick_power"": 0.0, ""kick_dir"": null}, {""move_vx"": -0.0, ""move_vy"": 0.0, ""kick_power"": 0.0, ""kick_dir"": null}, {""move_vx"": -4.242640687119285, ""move_vy"": -4.242640687119285, ""kick_power"": 0.0, ""kick_dir"": null}, {""move_vx"": -4.525483399593904, ""move_vy"": -4.525483399593904, ""kick_power"": 0.0, ""kick_dir"": null}, {""move_vx"": -3.818376618407389, ""move_vy"": -3.8183766184073247, ""kick_power"": 0.0, ""kick_dir"": null}, {""move_vx"": -4.525483399593904, ""move_vy"": 4.525483399593904, ""kick_power"": 0.0, ""kick_dir"": null}]"
85,242,default,default,0,4.584400464753791,33.040081975850995,20,B,,-23.711398658519176,-1.7922390311041188,0.5223151283819465,"[{""move_vx"": -5.0, ""move_vy"": 0.0, ""kick_power"": 0.0, ""kick_dir"": null}, {""move_vx"": 0.0, ""move_vy"": -5.8, ""kick_power"": 0.0, ""kick_dir"": null}, {""move_vx"": 0.0, ""move_vy"": -5.4, ""kick_power"": 0.0, ""kick_dir"": null}, {""move_vx"": 0.0, ""move_vy"": 0.0, ""kick_power"": 0.4, ""kick_dir"": [0.9976670456210476, -0.06826741194142016]}, {""move_vx"": -2.508764773922564, ""move_vy"": -4.905731271597056, ""kick_power"": 0.0, ""kick_dir"": null}, {""move_vx"": -5.431631182898409, ""move_vy"": 0.7984251329746759, ""kick_power"": 0.0, ""kick_dir"": null}, {""move_vx"": -4.242640687119285, ""move_vy"": 4.242640687119285, ""kick_power"": 0.0, ""kick_dir"": null}, {""move_vx"": 4.242640687119285, ""move_vy"": -4.242640687119285, ""kick_power"": 0.0, ""kick_dir"": null}, {""move_vx"": -1.4613441950222141, ""move_vy"": -5.607717730385052, ""kick_power"": 0.0, ""kick_dir"": null}, {""move_vx"": -4.242640687119285, ""move_vy"": 4.242640687119285, ""kick_power"": 0.0, ""kick_dir"": null}, {""move_vx"": -6.0, ""move_vy"": 0.0, ""kick_power"": 0.0, ""kick_dir"": null}, {""move_vx"": -0.0, ""move_vy"": 0.0, ""kick_power"": 0.9, ""kick_dir"": [-0.9665643048393449, 0.25642429087116325]}, {""move_vx"": -7.3147236209130435, ""move_vy"": -1.8293218277976053, ""kick_power"": 0.0, ""kick_dir"": null}, {""move_vx"": -0.0, ""move_vy"": 0.0, ""kick_power"": 0.9, ""kick_dir"": [-0.9124282897474442, -0.4092365706230434]}, {""move_vx"": -5.03061502834373, ""move_vy"": -1.9628837042989116, ""kick_power"": 0.0, ""kick_dir"": null}, {""move_vx"": -6.891963785982338, ""move_vy"": -3.058175137677371, ""kick_power"": 0.0, ""kick_dir"": null}, {""move_vx"": -0.0, ""move_vy"": 6.0, ""kick_power"": 0.0, ""kick_dir"": null}, {""move_vx"": -0.0, ""move_vy"": 0.0, ""kick_power"": 0.0, ""kick_dir"": null}, {""move_vx"": -4.242640687119285, ""move_vy"": -4.242640687119285, ""kick_power"": 0.0, ""kick_dir"": null}, {""move_vx"": -4.525483399593904, ""move_vy"": -4.525483399593904, ""kick_power"": 0.0, ""kick_dir"": null}, {""move_vx"": -3.8183766184073256, ""move_vy"": -3.818376618407389, ""kick_power"": 0.0, ""kick_dir"": null}, {""move_vx"": -4.525483399593904, ""move_vy"": 4.525483399593904, ""kick_power"": 0.0, ""kick_dir"": null}]"
85,243,default,default,0,4.32984202352663,32.78552353462384,20,B,,-24.064417007099323,-1.794325480237391,0.5253023138141926,"[{""move_vx"": 1.465486975438599, ""move_vy"": -4.518279310182122, ""kick_power"": 0.0, ""kick_dir"": null}, {""move_vx"": 0.0, ""move_vy"": -5.8, ""kick_power"": 0.0, ""kick_dir"": null}, {""move_vx"": 0.0, ""move_vy"": -5.4, ""kick_power"": 0.0, ""kick_dir"": null}, {""move_vx"": 0.0, ""move_vy"": 0.0, ""kick_power"": 0.4, ""kick_dir"": [0.9977296757372944, -0.06734588057516427]}, {""move_vx"": -2.4983819442455397, ""move_vy"": -4.911027149249724, ""kick_power"": 0.0, ""kick_dir"": null}, {""move_vx"": -5.4459041761883595, ""move_vy"": 0.6944261686991544, ""kick_power"": 0.0, ""kick_dir"": null}, {""move_vx"": -4.242640687119285, ""move_vy"": 4.242640687119285, ""kick_power"": 0.0, ""kick_dir"": null}, {""move_vx"": 4.242640687119285, ""move_vy"": -4.242640687119285, ""kick_power"": 0.0, ""kick_dir"": null}, {""move_vx"": -1.4909776343095602, ""move_vy"": -5.59991166840948, ""kick_power"": 0.0, ""kick_dir"": null}, {""move_vx"": 0.0, ""move_vy"": -6.0, ""kick_power"": 0.0, ""kick_dir"": null}, {""move_vx"": -6.0, ""move_vy"": 0.0, ""kick_power"": 0.0, ""kick_dir"": null}, {""move_vx"": -3.3531387550300775, ""move_vy"": -2.6113139392871436, ""kick_power"": 0.0, ""kick_dir"": null}, {""move_vx"": -7.221244503202685, ""move_vy"": -2.1691537116961075, ""kick_power"": 0.0, ""kick_dir"": null}, {""move_vx"": -0.0, ""move_vy"": 0.0, ""kick_power"": 0.6, ""kick_dir"": [-0.9979788505523127, 0.06354671939377225]}, {""move_vx"": -5.030615028343729, ""move_vy"": -1.9628837042989107, ""kick_power"": 0.0, ""kick_dir"": null}, {""move_vx"": -6.858936387586472, ""move_vy"": -3.131547801174725, ""kick_power"": 0.0, ""kick_dir"": null}, {""move_vx"": -0.0, ""move_vy"": 6.0, ""kick_power"": 0.0, ""kick_dir"": null}, {""move_vx"": -0.0, ""move_vy"": 0.0, ""kick_power"": 0.0, ""kick_dir"": null}, {""move_vx"": -4.242640687119285, ""move_vy"": -4.242640687119285, ""kick_power"": 0.0, ""kick_dir"": null}, {""move_vx"": 4.525483399593904, ""move_vy"": 4.525483399593904, ""kick_power"": 0.0, ""kick_dir"": null}, {""move_vx"": -3.818376618407357, ""move_vy"": -3.818376618407357, ""kick_power"": 0.0, ""kick_dir"": null}, {""move_vx"": -4.525483399593904, ""move_vy"": 4.525483399593904, ""kick_power"": 0.0, ""kick_dir"": null}]"
85,244,default,default,0,4.075283582299467,32.53096509339668,20,B,,-24.416876992812234,-1.7840441753211547,0.5238439718661039,"[{""move_vx"": -5.0, ""move_vy"": 0.0, ""kick_power"": 0.0, ""kick_dir"": null}, {""move_vx"": -5.8, ""move_vy"": 0.0, ""kick_power"": 0.0, ""kick_dir"": null}, {""move_vx"": 0.0, ""move_vy"": -5.4, ""kick_power"": 0.0, ""kick_dir"": null}, {""move_vx"": 0.0, ""move_vy"": 0.0, ""kick_power"": 0.4, ""kick_dir"": [0.9977976332743251, -0.06633141441030485]}, {""move_vx"": -4.1012193308819755, ""move_vy"": 4.1012193308819755, ""kick_power"": 0.0, ""kick_dir"": null}, {""move_vx"": -5.458129799146189, ""move_vy"": 0.5906937410133842, ""kick_power"": 0.0, ""kick_dir"": null}, {""move_vx"": -4.242640687119285, ""move_vy"": 4.242640687119285, ""kick_power"": 0.0, ""kick_dir"": null}, {""move_vx"": -5.399900218800783, ""move_vy"": -0.03282722947888563, ""kick_power"": 0.0, ""kick_dir"": null}, {""move_vx"": -1.5189363998299918, ""move_vy"": -5.592392798549785, ""kick_power"": 0.0, ""kick_dir"": null}, {""move_vx"": 0.0, ""move_vy"": 0.0, ""kick_power"": 0.7, ""kick_dir"": [0.9933871505193367, -0.11481256760250716]}, {""move_vx"": -6.0, ""move_vy"": 0.0, ""kick_power"": 0.0, ""kick_dir"": null}, {""move_vx"": 5.0, ""move_vy"": 0.0, ""kick_power"": 0.0, ""kick_dir"": null}, {""move_vx"": -7.10726724356975, ""move_vy"": -2.517608454164476, ""kick_power"": 0.0, ""kick_dir"": null}, {""move_vx"": -0.0, ""move_vy"": 0.0, ""kick_power"": 0.9, ""kick_dir"": [-0.9151568060606414, -0.4030979725050935]}, {""move_vx"": -5.03061502834373, ""move_vy"": -1.9628837042989105, ""kick_power"": 0.0, ""kick_dir"": null}, {""move_vx"": -6.836888805824425, ""move_vy"": -3.1793948255592066, ""kick_power"": 0.0, ""kick_dir"": null}, {""move_vx"": -0.0, ""move_vy"": 6.0, ""kick_power"": 0.0, ""kick_dir"": null}, {""move_vx"": -0.0, ""move_vy"": 0.0, ""kick_power"": 0.0, ""kick_dir"": null}, {""move_vx"": -1.7172383679219752, ""move_vy"": -6.061443094489685, ""kick_power"": 0.0, ""kick_dir"": null}, {""move_vx"": 3.027863763440968, ""move_vy"": 5.638443138849686, ""kick_power"": 0.0, ""kick_dir"": null}, {""move_vx"": -3.818376618407389, ""move_vy"": -3.8183766184073247, ""kick_power"": 0.0, ""kick_dir"": null}, {""move_vx"": -4.525483399593904, ""move_vy"": 4.525483399593904, ""kick_power"": 0.0, ""kick_dir"": null}]"
85,245,default,default,0,3.820725141072308,32.27640665216952,20,B,,-24.769849396144057,-1.788088821736851,0.5291138267055076,"[{""move_vx"": 1.3208471016418304, ""move_vy"": -4.562659633819333, ""kick_power"": 0.0, ""kick_dir"": null}, {""move_vx"": 0.0, ""move_vy"": -5.8, ""kick_power"": 0.0, ""kick_dir"": null}, {""move_vx"": 0.0, ""move_vy"": -5.4, ""kick_power"": 0.0, ""kick_dir"": null}, {""move_vx"": -3.8183766184073566, ""move_vy"": -3.8183766184073566, ""kick_power"": 0.0, ""kick_dir"": null}, {""move_vx"": -2.421389642310052, ""move_vy"": -4.949441604879645, ""kick_power"": 0.0, ""kick_dir"": null}, {""move_vx"": -5.468326373792903, ""move_vy"": 0.48734656014069316, ""kick_power"": 0.0, ""kick_dir"": null}, {""move_vx"": 4.732759383627113, ""move_vy"": -1.9002601444774632, ""kick_power"": 0.0, ""kick_dir"": null}, {""move_vx"": 4.242640687119285, ""move_vy"": -4.242640687119285, ""kick_power"": 0.0, ""kick_dir"": null}, {""move_vx"": -1.5453439272395986, ""move_vy"": -5.5851532786973435, ""kick_power"": 0.0, ""kick_dir"": null}, {""move_vx"": 0.0, ""move_vy"": -6.0, ""kick_power"": 0.0, ""kick_dir"": null}, {""move_vx"": -6.0, ""move_vy"": 0.0, ""kick_power"": 0.0, ""kick_dir"": null}, {""move_vx"": 5.0, ""move_vy"": 0.0, ""kick_power"": 0.0, ""kick_dir"": null}, {""move_vx"": -6.972061228252743, ""move_vy"": -2.8708817860536935, ""kick_power"": 0.0, ""kick_dir"": null}, {""move_vx"": -0.0, ""move_vy"": 0.0, ""kick_power"": 0.9, ""kick_dir"": [-0.9165195415284336, -0.3999898565379276]}, {""move_vx"": -5.03061502834373, ""move_vy"": -1.9628837042989096, ""kick_power"": 0.0, ""kick_dir"": null}, {""move_vx"": -6.813023696481241, ""move_vy"": -3.2302179665132646, ""kick_power"": 0.0, ""kick_dir"": null}, {""move_vx"": -0.0, ""move_vy"": 0.0, ""kick_power"": 0.6, ""kick_dir"": [-0.9942907180416826, -0.10670477307130792]}, {""move_vx"": -0.0, ""move_vy"": 0.0, ""kick_power"": 0.0, ""kick_dir"": null}, {""move_vx"": -1.847619168266292, ""move_vy"": -6.022981272514052, ""kick_power"": 0.0, ""kick_dir"": null}, {""move_vx"": 2.9656974470970643, ""move_vy"": 5.671387718387975, ""kick_power"": 0.0, ""kick_dir"": null}, {""move_vx"": -3.818376618407389, ""move_vy"": -3.8183766184073247, ""kick_power"": 0.0, ""kick_dir"": null}, {""move_vx"": -4.525483399593904, ""move_vy"": 4.525483399593904, ""kick_power"": 0.0, ""kick_dir"": null}]"
85,246,default,default,0,3.566166699845149,32.02184821094236,20,B,,-25.122281739512612,-1.7871043232161903,0.5261236638291058,"[{""move_vx"": -5.0, ""move_vy"": 0.0, ""kick_power"": 0.0, ""kick_dir"": null}, {""move_vx"": 0.0, ""move_vy"": -5.8, ""kick_power"": 0.0, ""kick_dir"": null}, {""move_vx"": 0.0, ""move_vy"": -5.4, ""kick_power"": 0.0, ""kick_dir"": null}, {""move_vx"": 0.0, ""move_vy"": 0.0, ""kick_power"": 0.4, ""kick_dir"": [0.9981195448889988, -0.06129720828956457]}, {""move_vx"": -2.4521737485124855, ""move_vy"": -4.9342622454736045, ""kick_power"": 0.0, ""kick_dir"": null}, {""move_vx"": -5.476518867026914, ""move_vy"": 0.38450110415739025, ""kick_power"": 0.0, ""kick_dir"": null}, {""move_vx"": 4.745004493748027, ""move_vy"": -1.8694738174981267, ""kick_power"": 0.0, ""kick_dir"": null}, {""move_vx"": -5.399091712414152, ""move_vy"": -0.09903878503306413, ""kick_power"": 0.0, ""kick_dir"": null}, {""move_vx"": -1.5703125918611784, ""move_vy"": -5.578184593919622, ""kick_power"": 0.0, ""kick_dir"": null}, {""move_vx"": 0.0, ""move_vy"": 0.0, ""kick_power"": 0.7, ""kick_dir"": [0.9943432741341361, -0.10621398042980013]}, {""move_vx"": -6.0, ""move_vy"": 0.0, ""kick_power"": 0.0, ""kick_dir"": null}, {""move_vx"": 5.0, ""move_vy"": 0.0, ""kick_power"": 0.0, ""kick_dir"": null}, {""move_vx"": -6.815766365009429, ""move_vy"": -3.2244269037467963, ""kick_power"": 0.0, ""kick_dir"": null}, {""move_vx"": -0.0, ""move_vy"": 0.0, ""kick_power"": 0.9, ""kick_dir"": [-0.9178824898248755, -0.3968522274424129]}, {""move_vx"": -5.030615028343731, ""move_vy"": -1.9628837042989093, ""kick_power"": 0.0, ""kick_dir"": null}, {""move_vx"": -6.784433805519742, ""move_vy"": -3.28984162818226, ""kick_power"": 0.0, ""kick_dir"": null}, {""move_vx"": -0.0, ""move_vy"": 6.0, ""kick_power"": 0.0, ""kick_dir"": null}, {""move_vx"": -0.0, ""move_vy"": 0.0, ""kick_power"": 0.0, ""kick_dir"": null}, {""move_vx"": -1.9736695113488922, ""move_vy"": -5.9828612435833595, ""kick_power"": 0.0, ""kick_dir"": null}, {""move_vx"": -0.0, ""move_vy"": 0.0, ""kick_power"": 0.7, ""kick_dir"": [-0.30823504436174926, -0.9513097699227071]}, {""move_vx"": -3.818376618407389, ""move_vy"": -3.8183766184073247, ""kick_power"": 0.0, ""kick_dir"": null}, {""move_vx"": -4.525483399593904, ""move_vy"": 4.525483399593904, ""kick_power"": 0.0, ""kick_dir"": null}]"
85,247,default,default,0,3.3116082586180013,31.767289769715195,20,B,,-25.474762057175166,-1.7934753402515153,0.528670497217685,"[{""move_vx"": 1.182878319092814, ""move_vy"": -4.600358560179865, ""kick_power"": 0.0, ""kick_dir"": null}, {""move_vx"": 0.0, ""move_vy"": -5.8, ""kick_power"": 0.0, ""kick_dir"": null}, {""move_vx"": 0.0, ""move_vy"": -5.4, ""kick_power"": 0.0, ""kick_dir"": null}, {""move_vx"": 0.0, ""move_vy"": 0.0, ""kick_power"": 0.4, ""kick_dir"": [0.9981884603725654, -0.060164534658807264]}, {""move_vx"": -2.4439390644351175, ""move_vy"": -4.938346064152247, ""kick_power"": 0.0, ""kick_dir"": null}, {""move_vx"": -5.482738647120942, ""move_vy"": 0.28227101758137807, ""kick_power"": 0.0, ""kick_dir"": null}, {""move_vx"": 4.756915791951358, ""move_vy"": -1.8389540908581088, ""kick_power"": 0.0, ""kick_dir"": null}, {""move_vx"": 4.242640687119285, ""move_vy"": -4.242640687119285, ""kick_power"": 0.0, ""kick_dir"": null}, {""move_vx"": -1.59394485445203, ""move_vy"": -5.571477793275846, ""kick_power"": 0.0, ""kick_dir"": null}, {""move_vx"": 0.0, ""move_vy"": 0.0, ""kick_power"": 0.7, ""kick_dir"": [0.9943432741341361, -0.10621398042980013]}, {""move_vx"": -6.0, ""move_vy"": 0.0, ""kick_power"": 0.0, ""kick_dir"": null}, {""move_vx"": 5.0, ""move_vy"": 0.0, ""kick_power"": 0.0, ""kick_dir"": null}, {""move_vx"": -6.639570542198172, ""move_vy"": -3.573192272348953, ""kick_power"": 0.0, ""kick_dir"": null}, {""move_vx"": -0.0, ""move_vy"": 0.0, ""kick_power"": 0.9, ""kick_dir"": [-0.919246678127275, -0.3936819789092751]}, {""move_vx"": -5.030615028343731, ""move_vy"": -1.9628837042989085, ""kick_power"": 0.0, ""kick_dir"": null}, {""move_vx"": -6.750639975264776, ""move_vy"": -3.3586395942936744, ""kick_power"": 0.0, ""kick_dir"": null}, {""move_vx"": -5.351757288179693, ""move_vy"": 2.7126912703836283, ""kick_power"": 0.0, ""kick_dir"": null}, {""move_vx"": -0.0, ""move_vy"": 0.0, ""kick_power"": 0.0, ""kick_dir"": null}, {""move_vx"": -2.09534617479784, ""move_vy"": -5.941340287154075, ""kick_power"": 0.0, ""kick_dir"": null}, {""move_vx"": -4.525483399593904, ""move_vy"": -4.525483399593904, ""kick_power"": 0.0, ""kick_dir"": null}, {""move_vx"": -3.8183766184073256, ""move_vy"": -3.818376618407389, ""kick_power"": 0.0, ""kick_dir"": null}, {""move_vx"": -4.525483399593904, ""move_vy"": 4.525483399593904, ""kick_power"": 0.0, ""kick_dir"": null}]"
85,248,default,default,0,3.0570498173908494,31.51273132848803,20,B,,-25.82718173418226,-1.7932263976937768,0.5243193049013273,"[{""move_vx"": -5.0, ""move_vy"": 0.0, ""kick_power"": 0.0, ""kick_dir"": null}, {""move_vx"": 0.0, ""move_vy"": -5.8, ""kick_power"": 0.0, ""kick_dir"": null}, {""move_vx"": 0.0, ""move_vy"": -5.4, ""kick_power"": 0.0, ""kick_dir"": null}, {""move_vx"": 0.0, ""move_vy"": 0.0, ""kick_power"": 0.4, ""kick_dir"": [0.9982777459129125, -0.05866443290187664]}, {""move_vx"": -2.4360533628115433, ""move_vy"": -4.942240788704509, ""kick_power"": 0.0, ""kick_dir"": null}, {""move_vx"": 6.04223487305232, ""move_vy"": -0.837494918713193, ""kick_power"": 0.0, ""kick_dir"": null}, {""move_vx"": -4.242640687119285, ""move_vy"": -4.242640687119285, ""kick_power"": 0.0, ""kick_dir"": null}, {""move_vx"": -5.397531563683939, ""move_vy"": -0.16325752367231028, ""kick_power"": 0.0, ""kick_dir"": null}, {""move_vx"": -1.6163342752492074, ""move_vy"": -5.565023675659845, ""kick_power"": 0.0, ""kick_dir"": null}, {""move_vx"": 0.0, ""move_vy"": 0.0, ""kick_power"": 0.7, ""kick_dir"": [0.9943432741341361, -0.10621398042980013]}, {""move_vx"": -6.0, ""move_vy"": 0.0, ""kick_power"": 0.0, ""kick_dir"": null}, {""move_vx"": 5.0, ""move_vy"": 0.0, ""kick_power"": 0.0, ""kick_dir"": null}, {""move_vx"": -6.549469513251458, ""move_vy"": -3.7357795832984713, ""kick_power"": 0.0, ""kick_dir"": null}, {""move_vx"": -0.0, ""move_vy"": 0.0, ""kick_power"": 0.9, ""kick_dir"": [-0.9206132401503636, -0.3904756305264055]}, {""move_vx"": -5.030615028343732, ""move_vy"": -1.962883704298908, ""kick_power"": 0.0, ""kick_dir"": null}, {""move_vx"": -6.727501484757342, ""move_vy"": -3.4047501777058113, ""kick_power"": 0.0, ""kick_dir"": null}, {""move_vx"": 4.553185075120529, ""move_vy"": -2.29749987414573, ""kick_power"": 0.0, ""kick_dir"": null}, {""move_vx"": -0.0, ""move_vy"": 0.0, ""kick_power"": 0.0, ""kick_dir"": null}, {""move_vx"": -2.2126297784773734, ""move_vy"": -5.898666753037943, ""kick_power"": 0.0, ""kick_dir"": null}, {""move_vx"": -4.525483399593904, ""move_vy"": -4.525483399593904, ""kick_power"": 0.0, ""kick_dir"": null}, {""move_vx"": -3.8183766184073087, ""move_vy"": -3.8183766184074046, ""kick_power"": 0.0, ""kick_dir"": null}, {""move_vx"": -4.525483399593904, ""move_vy"": 4.525483399593904, ""kick_power"": 0.0, ""kick_dir"": null}]"
85,249,default,default,0,2.8024913761636983,31.25817288726087,20,B,,-26.179484922553623,-1.7867072346280597,0.5332285586745663,"[{""move_vx"": 1.1276038740883567, ""move_vy"": -4.614218189806473, ""kick_power"": 0.0, ""kick_dir"": null}, {""move_vx"": 0.0, ""move_vy"": -5.8, ""kick_power"": 0.0, ""kick_dir"": null}, {""move_vx"": 0.0, ""move_vy"": -5.4, ""kick_power"": 0.0, ""kick_dir"": null}, {""move_vx"": 0.0, ""move_vy"": 0.0, ""kick_power"": 0.4, ""kick_dir"": [0.9983743610890397, -0.056996568380159464]}, {""move_vx"": -2.4284978744874746, ""move_vy"": -4.945957750892118, ""kick_power"": 0.0, ""kick_dir"": null}, {""move_vx"": -5.489064010966335, ""move_vy"": 0.10137200557436789, ""kick_power"": 0.0, ""kick_dir"": null}, {""move_vx"": -4.242640687119285, ""move_vy"": -4.242640687119285, ""kick_power"": 0.0, ""kick_dir"": null}, {""move_vx"": -5.396464729156669, ""move_vy"": -0.1953674153180049, ""kick_power"": 0.0, ""kick_dir"": null}, {""move_vx"": -1.6375664124440623, ""move_vy"": -5.558812934866136, ""kick_power"": 0.0, ""kick_dir"": null}, {""move_vx"": 0.0, ""move_vy"": 0.0, ""kick_power"": 0.7, ""kick_dir"": [0.9943432741341361, -0.10621398042980013]}, {""move_vx"": -6.0, ""move_vy"": 0.0, ""kick_power"": 0.0, ""kick_dir"": null}, {""move_vx"": -5.0, ""move_vy"": 0.0, ""kick_power"": 0.0, ""kick_dir"": null}, {""move_vx"": -6.37737282133354, ""move_vy"": -4.022526059296108, ""kick_power"": 0.0, ""kick_dir"": null}, {""move_vx"": -0.0, ""move_vy"": 0.0, ""kick_power"": 0.9, ""kick_dir"": [-0.9219834399512734, -0.3872292507497419]}, {""move_vx"": -6.93503466712774, ""move_vy"": -1.0888958470562977, ""kick_power"": 0.0, ""kick_dir"": null}, {""move_vx"": -6.700865437976482, ""move_vy"": -3.4568775480384373, ""kick_power"": 0.0, ""kick_dir"": null}, {""move_vx"": -5.349464670140172, ""move_vy"": 2.717209550793258, ""kick_power"": 0.0, ""kick_dir"": null}, {""move_vx"": -0.0, ""move_vy"": 0.0, ""kick_power"": 0.0, ""kick_dir"": null}, {""move_vx"": -2.325522911093437, ""move_vy"": -5.855078410233249, ""kick_power"": 0.0, ""kick_dir"": null}, {""move_vx"": -4.525483399593904, ""move_vy"": -4.525483399593904, ""kick_power"": 0.0, ""kick_dir"": null}, {""move_vx"": -3.8183766184072936, ""move_vy"": -3.8183766184074215, ""kick_power"": 0.0, ""kick_dir"": null}, {""move_vx"": -4.525483399593904, ""move_vy"": 4.525483399593904, ""kick_power"": 0.0, ""kick_dir"": null}]"
85,250,default,default,0,2.5479329349365454,31.00361444603371,20,B,,-26.532044865251287,-1.784457213504166,0.5256290281443708,"[{""move_vx"": -5.0, ""move_vy"": 0.0, ""kick_power"": 0.0, ""kick_dir"": null}, {""move_vx"": 0.0, ""move_vy"": 0.0, ""kick_power"": 0.4, ""kick_dir"": [0.824222569948521, 0.5662658489756637]}, {""move_vx"": 0.0, ""move_vy"": -5.4, ""kick_power"": 0.0, ""kick_dir"": null}, {""move_vx"": 0.0, ""move_vy"": 0.0, ""kick_power"": 0.4, ""kick_dir"": [0.9984767539050051, -0.05517377640434415]}, {""move_vx"": -2.421255030427207, ""move_vy"": -4.949507458084182, ""kick_power"": 0.0, ""kick_dir"": null}, {""move_vx"": -5.48999698419563, ""move_vy"": 0.005754435061939198, ""kick_power"": 0.0, ""kick_dir"": null}, {""move_vx"": -4.242640687119285, ""move_vy"": -4.242640687119285, ""kick_power"": 0.0, ""kick_dir"": null}, {""move_vx"": -5.39521234189639, ""move_vy"": -0.2273406823445285, ""kick_power"": 0.0, ""kick_dir"": null}, {""move_vx"": -1.657719619229413, ""move_vy"": -5.55283627203449, ""kick_power"": 0.0, ""kick_dir"": null}, {""move_vx"": 0.0, ""move_vy"": 0.0, ""kick_power"": 0.7, ""kick_dir"": [0.9943432741341361, -0.10621398042980013]}, {""move_vx"": -6.0, ""move_vy"": 0.0, ""kick_power"": 0.0, ""kick_dir"": null}, {""move_vx"": 5.0, ""move_vy"": 0.0, ""kick_power"": 0.0, ""kick_dir"": null}, {""move_vx"": -6.348371514623952, ""move_vy"": -4.06814197297872, ""kick_power"": 0.0, ""kick_dir"": null}, {""move_vx"": -0.0, ""move_vy"": 0.0, ""kick_power"": 0.9, ""kick_dir"": [-0.9233587028923548, -0.38393835725947295]}, {""move_vx"": -3.8183766184073566, ""move_vy"": -3.8183766184073566, ""kick_power"": 0.0, ""kick_dir"": null}, {""move_vx"": -6.669516337917156, ""move_vy"": -3.516980497281174, ""kick_power"": 0.0, ""kick_dir"": null}, {""move_vx"": 4.55472018303911, ""move_vy"": -2.294455066942078, ""kick_power"": 0.0, ""kick_dir"": null}, {""move_vx"": -0.0, ""move_vy"": 0.0, ""kick_power"": 0.0, ""kick_dir"": null}, {""move_vx"": -2.434048155573984, ""move_vy"": -5.810801113129488, ""kick_power"": 0.0, ""kick_dir"": null}, {""move_vx"": -4.525483399593904, ""move_vy"": -4.525483399593904, ""kick_power"": 0.0, ""kick_dir"": null}, {""move_vx"": -3.8183766184072936, ""move_vy"": -3.8183766184074215, ""kick_power"": 0.0, ""kick_dir"": null}, {""move_vx"": -4.525483399593904, ""move_vy"": 4.525483399593904, ""kick_power"": 0.0, ""kick_dir"": null}]"
85,251,default,default,0,2.2933744937093925,30.749056004806548,20,B,,-26.887927560362318,-1.7953457988703783,0.5327406421225375,"[{""move_vx"": -2.0387849937220293, ""move_vy"": 3.7290556109253536, ""kick_power"": 0.0, ""kick_dir"": null}, {""move_vx"": 0.0, ""move_vy"": 0.0, ""kick_power"": 0.4, ""kick_dir"": [0.8468310054474951, 0.5318619192936153]}, {""move_vx"": 0.0, ""move_vy"": -5.4, ""kick_power"": 0.0, ""kick_dir"": null}, {""move_vx"": 0.0, ""move_vy"": 0.0, ""kick_power"": 0.4, ""kick_dir"": [0.9985794413988532, -0.05328295127095876]}, {""move_vx"": -2.4143083745996097, ""move_vy"": -4.9528996630598305, ""kick_power"": 0.0, ""kick_dir"": null}, {""move_vx"": -5.489279487442866, ""move_vy"": -0.08894216513544555, ""kick_power"": 0.0, ""kick_dir"": null}, {""move_vx"": -4.242640687119285, ""move_vy"": 4.242640687119285, ""kick_power"": 0.0, ""kick_dir"": null}, {""move_vx"": -5.3936814485005, ""move_vy"": -0.2611521244438776, ""kick_power"": 0.0, ""kick_dir"": null}, {""move_vx"": -1.6768657517844117, ""move_vy"": -5.547084482004262, ""kick_power"": 0.0, ""kick_dir"": null}, {""move_vx"": 7.159271729642687, ""move_vy"": -0.7647406757450548, ""kick_power"": 0.0, ""kick_dir"": null}, {""move_vx"": -6.0, ""move_vy"": 0.0, ""kick_power"": 0.0, ""kick_dir"": null}, {""move_vx"": 5.0, ""move_vy"": 0.0, ""kick_power"": 0.0, ""kick_dir"": null}, {""move_vx"": -6.167397616383211, ""move_vy"": -4.337603790277608, ""kick_power"": 0.0, ""kick_dir"": null}, {""move_vx"": -0.0, ""move_vy"": 0.0, ""kick_power"": 0.9, ""kick_dir"": [-0.9247406566986383, -0.38059778563234387]}, {""move_vx"": -5.032307656656207, ""move_vy"": -1.958540183085177, ""kick_power"": 0.0, ""kick_dir"": null}, {""move_vx"": -6.632389560184246, ""move_vy"": -3.586503690498452, ""kick_power"": 0.0, ""kick_dir"": null}, {""move_vx"": -5.347171641623756, ""move_vy"": 2.7217192057621777, ""kick_power"": 0.0, ""kick_dir"": null}, {""move_vx"": -0.0, ""move_vy"": 0.0, ""kick_power"": 0.0, ""kick_dir"": null}, {""move_vx"": -2.4801158222237323, ""move_vy"": -5.791288760574411, ""kick_power"": 0.0, ""kick_dir"": null}, {""move_vx"": 2.521349297821078, ""move_vy"": -5.882414276330524, ""kick_power"": 0.0, ""kick_dir"": null}, {""move_vx"": -3.8183766184072936, ""move_vy"": -3.8183766184074215, ""kick_power"": 0.0, ""kick_dir"": null}, {""move_vx"": -4.525483399593904, ""move_vy"": 4.525483399593904, ""kick_power"": 0.0, ""kick_dir"": null}]"
85,252,default,default,0,2.0388160524822396,30.494497563579387,20,B,,-27.24085774037493,-1.7911624858344386,0.527947510277388,"[{""move_vx"": 1.0192455295469247, ""move_vy"": -4.639357557949011, ""kick_power"": 0.0, ""kick_dir"": null}, {""move_vx"": 0.0, ""move_vy"": 0.0, ""kick_power"": 0.4, ""kick_dir"": [0.8690061114834623, 0.4948012002189832]}, {""move_vx"": 0.0, ""move_vy"": -5.4, ""kick_power"": 0.0, ""kick_dir"": null}, {""move_vx"": 0.0, ""move_vy"": 0.0, ""kick_power"": 0.4, ""kick_dir"": [0.9986689021633824, -0.05157904129254682]}, {""move_vx"": -2.4076424837649935, ""move_vy"": -4.956143427138678, ""kick_power"": 0.0, ""kick_dir"": null}, {""move_vx"": -5.486961277219931, ""move_vy"": -0.18263609251466467, ""kick_power"": 0.0, ""kick_dir"": null}, {""move_vx"": -4.242640687119285, ""move_vy"": -4.242640687119285, ""kick_power"": 0.0, ""kick_dir"": null}, {""move_vx"": -5.391930381215811, ""move_vy"": -0.29510466638452315, ""kick_power"": 0.0, ""kick_dir"": null}, {""move_vx"": -1.6950707989968399, ""move_vy"": -5.5415485188156755, ""kick_power"": 0.0, ""kick_dir"": null}, {""move_vx"": 7.159271729642687, ""move_vy"": -0.7647406757450538, ""kick_power"": 0.0, ""kick_dir"": null}, {""move_vx"": -6.0, ""move_vy"": 0.0, ""kick_power"": 0.0, ""kick_dir"": null}, {""move_vx"": 5.0, ""move_vy"": 0.0, ""kick_power"": 0.0, ""kick_dir"": null}, {""move_vx"": -5.980170722002012, ""move_vy"": -4.592293341644231, ""kick_power"": 0.0, ""kick_dir"": null}, {""move_vx"": -0.0, ""move_vy"": 0.0, ""kick_power"": 0.9, ""kick_dir"": [-0.9261311871297558, -0.37720151245529]}, {""move_vx"": -5.032307656656206, ""move_vy"": -1.958540183085176, ""kick_power"": 0.0, ""kick_dir"": null}, {""move_vx"": -6.589534078754597, ""move_vy"": -3.6646474079960005, ""kick_power"": 0.0, ""kick_dir"": null}, {""move_vx"": 4.556241862491487, ""move_vy"": -2.2914318865024335, ""kick_power"": 0.0, ""kick_dir"": null}, {""move_vx"": -0.0, ""move_vy"": 0.0, ""kick_power"": 0.0, ""kick_dir"": null}, {""move_vx"": -2.466979726394823, ""move_vy"": -5.796896672320193, ""kick_power"": 0.0, ""kick_dir"": null}, {""move_vx"": 2.476376301294687, ""move_vy"": -5.901487983075628, ""kick_power"": 0.0, ""kick_dir"": null}, {""move_vx"": -3.8183766184072936, ""move_vy"": -3.8183766184074215, ""kick_power"": 0.0, ""kick_dir"": null}, {""move_vx"": -4.525483399593904, ""move_vy"": 4.525483399593904, ""kick_power"": 0.0, ""kick_dir"": null}]"
85,253,default,default,0,1.7842576112550868,30.239939122352226,20,B,,-27.593664539858345,-1.793222632911312,0.5303940929470218,"[{""move_vx"": -5.0, ""move_vy"": 0.0, ""kick_power"": 0.0, ""kick_dir"": null}, {""move_vx"": 0.0, ""move_vy"": 0.0, ""kick_power"": 0.4, ""kick_dir"": [0.8904708385120162, 0.4550401432749891]}, {""move_vx"": 0.0, ""move_vy"": -5.4, ""kick_power"": 0.0, ""kick_dir"": null}, {""move_vx"": 0.0, ""move_vy"": 0.0, ""kick_power"": 0.4, ""kick_dir"": [0.9987199914950401, -0.05058015600957108]}, {""move_vx"": -2.4012428935915113, ""move_vy"": -4.959247177342169, ""kick_power"": 0.0, ""kick_dir"": null}, {""move_vx"": -5.483095597615712, ""move_vy"": -0.27525019056705363, ""kick_power"": 0.0, ""kick_dir"": null}, {""move_vx"": 7.4999992054894875, ""move_vy"": -0.003452195976745802, ""kick_power"": 0.0, ""kick_dir"": null}, {""move_vx"": -5.389956475739397, ""move_vy"": -0.32919475942811216, ""kick_power"": 0.0, ""kick_dir"": null}, {""move_vx"": -1.7123954433510158, ""move_vy"": -5.5362195445620355, ""kick_power"": 0.0, ""kick_dir"": null}, {""move_vx"": 7.159271729642686, ""move_vy"": -0.7647406757450527, ""kick_power"": 0.0, ""kick_dir"": null}, {""move_vx"": -6.0, ""move_vy"": 0.0, ""kick_power"": 0.0, ""kick_dir"": null}, {""move_vx"": 5.0, ""move_vy"": 0.0, ""kick_power"": 0.0, ""kick_dir"": null}, {""move_vx"": -5.968015553086689, ""move_vy"": -4.608078814225661, ""kick_power"": 0.0, ""kick_dir"": null}, {""move_vx"": -0.0, ""move_vy"": 0.0, ""kick_power"": 0.9, ""kick_dir"": [-0.9275325154714829, -0.37374241089926435]}, {""move_vx"": -5.032307656656207, ""move_vy"": -1.9585401830851759, ""kick_power"": 0.0, ""kick_dir"": null}, {""move_vx"": -6.543969955801846, ""move_vy"": -3.745404813576602, ""kick_power"": 0.0, ""kick_dir"": null}, {""move_vx"": 4.547409988617823, ""move_vy"": -2.308909351927625, ""kick_power"": 0.0, ""kick_dir"": null}, {""move_vx"": -0.0, ""move_vy"": 0.0, ""kick_power"": 0.0, ""kick_dir"": null}, {""move_vx"": -2.4552485660537613, ""move_vy"": -5.801875083013332, ""kick_power"": 0.0, ""kick_dir"": null}, {""move_vx"": 2.431781443869849, ""move_vy"": -5.920003294699275, ""kick_power"": 0.0, ""kick_dir"": null}, {""move_vx"": -3.8183766184072936, ""move_vy"": -3.8183766184074215, ""kick_power"": 0.0, ""kick_dir"": null}, {""move_vx"": -4.684783337865547, ""move_vy"": 4.360367539239938, ""kick_power"": 0.0, ""kick_dir"": null}]"
85,254,default,default,0,1.5296991700279339,29.985380681125065,20,B,,-27.950271462942165,-1.80036437314563,0.5379400407427315,"[{""move_vx"": -0.8971185830465414, ""move_vy"": 4.154236181050924, ""kick_power"": 0.0, ""kick_dir"": null}, {""move_vx"": 0.0, ""move_vy"": 0.0, ""kick_power"": 0.4, ""kick_dir"": [0.9109185827172883, 0.41258596533262587]}, {""move_vx"": 0.0, ""move_vy"": -5.4, ""kick_power"": 0.0, ""kick_dir"": null}, {""move_vx"": 0.0, ""move_vy"": 0.0, ""kick_power"": 0.4, ""kick_dir"": [0.9986997372043285, -0.05097850951345754]}, {""move_vx"": -2.395096030575944, ""move_vy"": -4.962218758208807, ""kick_power"": 0.0, ""kick_dir"": null}, {""move_vx"": -5.477738790546042, ""move_vy"": -0.3667120703592797, ""kick_power"": 0.0, ""kick_dir"": null}, {""move_vx"": -4.242640687119285, ""move_vy"": -4.242640687119285, ""kick_power"": 0.0, ""kick_dir"": null}, {""move_vx"": 0.0, ""move_vy"": 6.0, ""kick_power"": 0.0, ""kick_dir"": null}, {""move_vx"": -1.728895561211369, ""move_vy"": -5.5310889649709685, ""kick_power"": 0.0, ""kick_dir"": null}, {""move_vx"": 7.159271729642688, ""move_vy"": -0.7647406757450517, ""kick_power"": 0.0, ""kick_dir"": null}, {""move_vx"": -6.0, ""move_vy"": 0.0, ""kick_power"": 0.0, ""kick_dir"": null}, {""move_vx"": 5.0, ""move_vy"": 0.0, ""kick_power"": 0.0, ""kick_dir"": null}, {""move_vx"": -5.7722950685482415, ""move_vy"": -4.851000890704274, ""kick_power"": 0.0, ""kick_dir"": null}, {""move_vx"": -0.0, ""move_vy"": 0.0, ""kick_power"": 0.9, ""kick_dir"": [-0.9289473098225485, -0.3702119024544293]}, {""move_vx"": -5.032307656656208, ""move_vy"": -1.9585401830851754, ""kick_power"": 0.0, ""kick_dir"": null}, {""move_vx"": -6.503226081399474, ""move_vy"": -3.815711012931358, ""kick_power"": 0.0, ""kick_dir"": null}, {""move_vx"": -5.357910390708858, ""move_vy"": 2.7005177735267845, ""kick_power"": 0.0, ""kick_dir"": null}, {""move_vx"": -0.0, ""move_vy"": 0.0, ""kick_power"": 0.0, ""kick_dir"": null}, {""move_vx"": -2.4447351294027877, ""move_vy"": -5.806312956348801, ""kick_power"": 0.0, ""kick_dir"": null}, {""move_vx"": 0.7805181322990921, ""move_vy"": -5.706872299706061, ""kick_power"": 0.0, ""kick_dir"": null}, {""move_vx"": -3.8183766184072936, ""move_vy"": -3.8183766184074215, ""kick_power"": 0.0, ""kick_dir"": null}, {""move_vx"": -4.525483399593904, ""move_vy"": 4.525483399593904, ""kick_power"": 0.0, ""kick_dir"": null}]"
85,255,default,default,0,1.275140728800781,29.730822239897904,20,B,,-28.30312410399216,-1.7952728421265174,0.5314612860634128,"[{""move_vx"": -5.0, ""move_vy"": 0.0, ""kick_power"": 0.0, ""kick_dir"": null}, {""move_vx"": 0.0, ""move_vy"": -5.8, ""kick_power"": 0.0, ""kick_dir"": null}, {""move_vx"": 0.0, ""move_vy"": -5.4, ""kick_power"": 0.0, ""kick_dir"": null}, {""move_vx"": 0.0, ""move_vy"": 0.0, ""kick_power"": 0.4, ""kick_dir"": [0.998586146880289, -0.05315713237813794]}, {""move_vx"": -2.3891891492869157, ""move_vy"": -4.96506547881593, ""kick_power"": 0.0, ""kick_dir"": null}, {""move_vx"": -5.470949897332399, ""move_vy"": -0.456954287515301, ""kick_power"": 0.0, ""kick_dir"": null}, {""move_vx"": -4.242640687119285, ""move_vy"": -4.242640687119285, ""kick_power"": 0.0, ""kick_dir"": null}, {""move_vx"": -5.381525211675111, ""move_vy"": -0.44630303170060975, ""kick_power"": 0.0, ""kick_dir"": null}, {""move_vx"": -1.7446226696875171, ""move_vy"": -5.526148454431204, ""kick_power"": 0.0, ""kick_dir"": null}, {""move_vx"": 7.159271729642687, ""move_vy"": -0.7647406757450527, ""kick_power"": 0.0, ""kick_dir"": null}, {""move_vx"": 0.0, ""move_vy"": 0.0, ""kick_power"": 1.0, ""kick_dir"": [0.9999807736488588, -0.00619851235561449]}, {""move_vx"": 5.0, ""move_vy"": 0.0, ""kick_power"": 0.0, ""kick_dir"": null}, {""move_vx"": -5.559716282657044, ""move_vy"": -5.093246003911271, ""kick_power"": 0.0, ""kick_dir"": null}, {""move_vx"": -0.0, ""move_vy"": 0.0, ""kick_power"": 0.9, ""kick_dir"": [-0.9303788511116966, -0.3665994417999121]}, {""move_vx"": -5.032307656656208, ""move_vy"": -1.958540183085175, ""kick_power"": 0.0, ""kick_dir"": null}, {""move_vx"": -6.476874981627511, ""move_vy"": -3.860270777078678, ""kick_power"": 0.0, ""kick_dir"": null}, {""move_vx"": 4.548995838444765, ""move_vy"": -2.3057833510137504, ""kick_power"": 0.0, ""kick_dir"": null}, {""move_vx"": -0.0, ""move_vy"": 0.0, ""kick_power"": 0.0, ""kick_dir"": null}, {""move_vx"": -2.435281635433625, ""move_vy"": -5.810284274983432, ""kick_power"": 0.0, ""kick_dir"": null}, {""move_vx"": 2.3733118247242686, ""move_vy"": -5.943684966636772, ""kick_power"": 0.0, ""kick_dir"": null}, {""move_vx"": -3.8183766184072936, ""move_vy"": -3.8183766184074215, ""kick_power"": 0.0, ""kick_dir"": null}, {""move_vx"": -4.616489129783932, ""move_vy"": 4.4326096280393115, ""kick_power"": 0.0, ""kick_dir"": null}]"
85,256,default,default,0,1.0205822875736281,29.476263798670743,20,B,,-28.656041883506823,-1.79922005268889,0.5425732950739117,"[{""move_vx"": -5.0, ""move_vy"": 0.0, ""kick_power"": 0.0, ""kick_dir"": null}, {""move_vx"": 0.0, ""move_vy"": -5.8, ""kick_power"": 0.0, ""kick_dir"": null}, {""move_vx"": 0.0, ""move_vy"": -5.4, ""kick_power"": 0.0, ""kick_dir"": null}, {""move_vx"": 0.0, ""move_vy"": 0.0, ""kick_power"": 0.4, ""kick_dir"": [0.9984117227145654, -0.05633831173378864]}, {""move_vx"": -2.3835102744886507, ""move_vy"": -4.967794155498699, ""kick_power"": 0.0, ""kick_dir"": null}, {""move_vx"": -5.462790256465092, ""move_vy"": -0.5459144748676796, ""kick_power"": 0.0, ""kick_dir"": null}, {""move_vx"": -4.242640687119285, ""move_vy"": -4.242640687119285, ""kick_power"": 0.0, ""kick_dir"": null}, {""move_vx"": 0.0, ""move_vy"": 0.0, ""kick_power"": 0.0, ""kick_dir"": null}, {""move_vx"": -1.7596243263578581, ""move_vy"": -5.521389972650876, ""kick_power"": 0.0, ""kick_dir"": null}, {""move_vx"": 7.159271729642688, ""move_vy"": -0.7647406757450517, ""kick_power"": 0.0, ""kick_dir"": null}, {""move_vx"": -6.0, ""move_vy"": 0.0, ""kick_power"": 0.0, ""kick_dir"": null}, {""move_vx"": 3.5355339059327373, ""move_vy"": -3.5355339059327373, ""kick_power"": 0.0, ""kick_dir"": null}, {""move_vx"": -5.350250775770808, ""move_vy"": -5.3128539069283525, ""kick_power"": 0.0, ""kick_dir"": null}, {""move_vx"": -0.0, ""move_vy"": 0.0, ""kick_power"": 0.9, ""kick_dir"": [-0.9318312927971372, -0.3628917183683788]}, {""move_vx"": -5.032307656656208, ""move_vy"": -1.9585401830851745, ""kick_power"": 0.0, ""kick_dir"": null}, {""move_vx"": -6.429692583442656, ""move_vy"": -3.9383566728297352, ""kick_power"": 0.0, ""kick_dir"": null}, {""move_vx"": -5.355619150870934, ""move_vy"": 2.7050588738185515, ""kick_power"": 0.0, ""kick_dir"": null}, {""move_vx"": -5.571862559767942, ""move_vy"": -2.2258363855091075, ""kick_power"": 0.0, ""kick_dir"": null}, {""move_vx"": -2.4267544679073145, ""move_vy"": -5.813850939995959, ""kick_power"": 0.0, ""kick_dir"": null}, {""move_vx"": 2.3296650878988117, ""move_vy"": -5.960927828637537, ""kick_power"": 0.0, ""kick_dir"": null}, {""move_vx"": -3.8183766184072936, ""move_vy"": -3.8183766184074215, ""kick_power"": 0.0, ""kick_dir"": null}, {""move_vx"": -4.525483399593904, ""move_vy"": 4.525483399593904, ""kick_power"": 0.0, ""kick_dir"": null}]"
85,257,default,default,0,0.7660238463464752,29.221705357443582,20,B,,-29.009008307420903,-1.7910591047963942,0.5370185660371511,"[{""move_vx"": -5.0, ""move_vy"": 0.0, ""kick_power"": 0.0, ""kick_dir"": null}, {""move_vx"": 0.0, ""move_vy"": 5.8, ""kick_power"": 0.0, ""kick_dir"": null}, {""move_vx"": 0.0, ""move_vy"": -5.4, ""kick_power"": 0.0, ""kick_dir"": null}, {""move_vx"": 0.0, ""move_vy"": 0.0, ""kick_power"": 0.4, ""kick_dir"": [0.998241830029812, -0.0592724400481177]}, {""move_vx"": -2.378048147740547, ""move_vy"": -4.970411150702501, ""kick_power"": 0.0, ""kick_dir"": null}, {""move_vx"": -5.453323102183321, ""move_vy"": -0.6335354316797802, ""kick_power"": 0.0, ""kick_dir"": null}, {""move_vx"": -4.242640687119285, ""move_vy"": -4.242640687119285, ""kick_power"": 0.0, ""kick_dir"": null}, {""move_vx"": -5.376184238747753, ""move_vy"": -0.50659947793127, ""kick_power"": 0.0, ""kick_dir"": null}, {""move_vx"": -1.7739444873385095, ""move_vy"": -5.5168057747070725, ""kick_power"": 0.0, ""kick_dir"": null}, {""move_vx"": 7.159271729642687, ""move_vy"": -0.7647406757450527, ""kick_power"": 0.0, ""kick_dir"": null}, {""move_vx"": -6.0, ""move_vy"": 0.0, ""kick_power"": 0.0, ""kick_dir"": null}, {""move_vx"": 5.0, ""move_vy"": 0.0, ""kick_power"": 0.0, ""kick_dir"": null}, {""move_vx"": -5.148889336378222, ""move_vy"": -5.508224632468309, ""kick_power"": 0.0, ""kick_dir"": null}, {""move_vx"": -0.0, ""move_vy"": 0.0, ""kick_power"": 0.4, ""kick_dir"": [0.945271611902129, 0.3262843951890649]}, {""move_vx"": -5.032307656656208, ""move_vy"": -1.9585401830851736, ""kick_power"": 0.0, ""kick_dir"": null}, {""move_vx"": -6.3817629590912865, ""move_vy"": -4.015557437513554, ""kick_power"": 0.0, ""kick_dir"": null}, {""move_vx"": 4.550567719008328, ""move_vy"": -2.302679620511577, ""kick_power"": 0.0, ""kick_dir"": null}, {""move_vx"": -5.571862559767941, ""move_vy"": -2.2258363855091083, ""kick_power"": 0.0, ""kick_dir"": null}, {""move_vx"": -2.419039954543341, ""move_vy"": -5.817065041610157, ""kick_power"": 0.0, ""kick_dir"": null}, {""move_vx"": 2.286453442741377, ""move_vy"": -5.977635875007452, ""kick_power"": 0.0, ""kick_dir"": null}, {""move_vx"": -3.8183766184072936, ""move_vy"": -3.8183766184074215, ""kick_power"": 0.0, ""kick_dir"": null}, {""move_vx"": -4.525483399593904, ""move_vy"": 4.525483399593904, ""kick_power"": 0.0, ""kick_dir"": null}]"
85,258,default,default,0,0.5114654051193224,28.96714691621642,20,B,,-29.362006319974856,-1.7865952554210878,0.5455141055355728,"[{""move_vx"": -5.0, ""move_vy"": 0.0, ""kick_power"": 0.0, ""kick_dir"": null}, {""move_vx"": 0.0, ""move_vy"": 5.8, ""kick_power"": 0.0, ""kick_dir"": null}, {""move_vx"": 0.0, ""move_vy"": -5.4, ""kick_power"": 0.0, ""kick_dir"": null}, {""move_vx"": 0.0, ""move_vy"": 0.0, ""kick_power"": 0.4, ""kick_dir"": [0.9982534176035046, -0.059076963395476384]}, {""move_vx"": -2.3727921781020354, ""move_vy"": -4.97292240835686, ""kick_power"": 0.0, ""kick_dir"": null}, {""move_vx"": -5.442613168206934, ""move_vy"": -0.7197651709137323, ""kick_power"": 0.0, ""kick_dir"": null}, {""move_vx"": -4.242640687119285, ""move_vy"": -4.242640687119285, ""kick_power"": 0.0, ""kick_dir"": null}, {""move_vx"": -5.373294538776233, ""move_vy"": -0.5363821394840774, ""kick_power"": 0.0, ""kick_dir"": null}, {""move_vx"": -1.7876238284976167, ""move_vy"": -5.512388415903538, ""kick_power"": 0.0, ""kick_dir"": null}, {""move_vx"": 0.0, ""move_vy"": 0.0, ""kick_power"": 0.7, ""kick_dir"": [0.9943432724253213, -0.10621398024726711]}, {""move_vx"": -6.0, ""move_vy"": 0.0, ""kick_power"": 0.0, ""kick_dir"": null}, {""move_vx"": 5.0, ""move_vy"": 0.0, ""kick_power"": 0.0, ""kick_dir"": null}, {""move_vx"": -4.955874744777658, ""move_vy"": -5.682508734183783, ""kick_power"": 0.0, ""kick_dir"": null}, {""move_vx"": -0.0, ""move_vy"": 0.0, ""kick_power"": 0.4, ""kick_dir"": [0.9429081011626462, 0.33305290733488574]}, {""move_vx"": -5.032307656656209, ""move_vy"": -1.9585401830851734, ""kick_power"": 0.0, ""kick_dir"": null}, {""move_vx"": -6.333138717690841, ""move_vy"": -4.091815487346077, ""kick_power"": 0.0, ""kick_dir"": null}, {""move_vx"": -7.457273346313931, ""move_vy"": -0.7994211895839604, ""kick_power"": 0.0, ""kick_dir"": null}, {""move_vx"": -5.571862559767942, ""move_vy"": -2.2258363855091075, ""kick_power"": 0.0, ""kick_dir"": null}, {""move_vx"": -2.4120409658069835, ""move_vy"": -5.819970651065941, ""kick_power"": 0.0, ""kick_dir"": null}, {""move_vx"": 2.243691841334815, ""move_vy"": -5.99381739137318, ""kick_power"": 0.0, ""kick_dir"": null}, {""move_vx"": -3.8183766184072936, ""move_vy"": -3.8183766184074215, ""kick_power"": 0.0, ""kick_dir"": null}, {""move_vx"": -4.525483399593904, ""move_vy"": 4.525483399593904, ""kick_power"": 0.0, ""kick_dir"": null}]"
85,259,default,default,0,0.25690696389216955,28.71258847498926,20,B,,-29.715045733379682,-1.7901832359383738,0.5390657407004619,"[{""move_vx"": -5.0, ""move_vy"": 0.0, ""kick_power"": 0.0, ""kick_dir"": null}, {""move_vx"": 0.0, ""move_vy"": 5.8, ""kick_power"": 0.0, ""kick_dir"": null}, {""move_vx"": 0.0, ""move_vy"": -5.4, ""kick_power"": 0.0, ""kick_dir"": null}, {""move_vx"": 0.0, ""move_vy"": 0.0, ""kick_power"": 0.4, ""kick_dir"": [0.9983488376457231, -0.057441898528733513]}, {""move_vx"": -2.3677323966038073, ""move_vy"": -4.975333486116563, ""kick_power"": 0.0, ""kick_dir"": null}, {""move_vx"": -5.430726300595793, ""move_vy"": -0.8045569265236212, ""kick_power"": 0.0, ""kick_dir"": null}, {""move_vx"": -4.242640687119285, ""move_vy"": -4.242640687119285, ""kick_power"": 0.0, ""kick_dir"": null}, {""move_vx"": -5.370254810231706, ""move_vy"": -0.5660064250370537, ""kick_power"": 0.0, ""kick_dir"": null}, {""move_vx"": -1.800700034018263, ""move_vy"": -5.508130752577195, ""kick_power"": 0.0, ""kick_dir"": null}, {""move_vx"": 7.159271729642687, ""move_vy"": -0.7647406757450517, ""kick_power"": 0.0, ""kick_dir"": null}, {""move_vx"": -6.0, ""move_vy"": 0.0, ""kick_power"": 0.0, ""kick_dir"": null}, {""move_vx"": 5.0, ""move_vy"": 0.0, ""kick_power"": 0.0, ""kick_dir"": null}, {""move_vx"": -4.771059095345998, ""move_vy"": -5.8385439202523965, ""kick_power"": 0.0, ""kick_dir"": null}, {""move_vx"": -0.0, ""move_vy"": 0.0, ""kick_power"": 0.4, ""kick_dir"": [0.9403371161873445, 0.3402440797173732]}, {""move_vx"": -5.032307656656209, ""move_vy"": -1.9585401830851725, ""kick_power"": 0.0, ""kick_dir"": null}, {""move_vx"": -6.283874413563874, ""move_vy"": -4.167075995774169, ""kick_power"": 0.0, ""kick_dir"": null}, {""move_vx"": 4.556179741356975, ""move_vy"": -2.2915554028755847, ""kick_power"": 0.0, ""kick_dir"": null}, {""move_vx"": -5.571862559767941, ""move_vy"": -2.225836385509108, ""kick_power"": 0.0, ""kick_dir"": null}, {""move_vx"": -2.4056741597843168, ""move_vy"": -5.822605244814905, ""kick_power"": 0.0, ""kick_dir"": null}, {""move_vx"": 2.2013942233229655, ""move_vy"": -6.009481131804999, ""kick_power"": 0.0, ""kick_dir"": null}, {""move_vx"": -3.8183766184072936, ""move_vy"": -3.8183766184074215, ""kick_power"": 0.0, ""kick_dir"": null}, {""move_vx"": -4.525483399593904, ""move_vy"": 4.525483399593904, ""kick_power"": 0.0, ""kick_dir"": null}]"
85,260,default,default,0,0.0023485226650166724,28.4580300337621,20,B,,-30.068123614210673,-1.7902186630570618,0.5341643035045612,"[{""move_vx"": -5.0, ""move_vy"": 0.0, ""kick_power"": 0.0, ""kick_dir"": null}, {""move_vx"": 0.0, ""move_vy"": 5.8, ""kick_power"": 0.0, ""kick_dir"": null}, {""move_vx"": 3.8183766184073566, ""move_vy"": -3.8183766184073566, ""kick_power"": 0.0, ""kick_dir"": null}, {""move_vx"": 0.0, ""move_vy"": 0.0, ""kick_power"": 0.4, ""kick_dir"": [0.9984513500482681, -0.05563160021750346]}, {""move_vx"": -2.3628594141753445, ""move_vy"": -4.977649584778236, ""kick_power"": 0.0, ""kick_dir"": null}, {""move_vx"": -5.417729083305903, ""move_vy"": -0.8878691231827923, ""kick_power"": 0.0, ""kick_dir"": null}, {""move_vx"": 7.498458235793226, ""move_vy"": 0.15206605822710798, ""kick_power"": 0.0, ""kick_dir"": null}, {""move_vx"": -5.3670676485683835, ""move_vy"": -0.5954702811145568, ""kick_power"": 0.0, ""kick_dir"": null}, {""move_vx"": -1.8132080559944233, ""move_vy"": -5.504025939771443, ""kick_power"": 0.0, ""kick_dir"": null}, {""move_vx"": 0.0, ""move_vy"": 0.0, ""kick_power"": 0.7, ""kick_dir"": [0.9943432721589329, -0.10621398021881215]}, {""move_vx"": -6.0, ""move_vy"": 0.0, ""kick_power"": 0.0, ""kick_dir"": null}, {""move_vx"": 5.0, ""move_vy"": 0.0, ""kick_power"": 0.0, ""kick_dir"": null}, {""move_vx"": -4.5975073044050685, ""move_vy"": -5.976163199406625, ""kick_power"": 0.0, ""kick_dir"": null}, {""move_vx"": -0.0, ""move_vy"": 0.0, ""kick_power"": 0.4, ""kick_dir"": [0.9375129294064539, 0.34795033071568926]}, {""move_vx"": -5.03230765665621, ""move_vy"": -1.9585401830851719, ""kick_power"": 0.0, ""kick_dir"": null}, {""move_vx"": -6.2340262678455165, ""move_vy"": -4.241287126782635, ""kick_power"": 0.0, ""kick_dir"": null}, {""move_vx"": 4.547346556948067, ""move_vy"": -2.3090342767080263, ""kick_power"": 0.0, ""kick_dir"": null}, {""move_vx"": -5.571862559767942, ""move_vy"": -2.2258363855091075, ""kick_power"": 0.0, ""kick_dir"": null}, {""move_vx"": -2.3998677390512815, ""move_vy"": -5.825000844211175, ""kick_power"": 0.0, ""kick_dir"": null}, {""move_vx"": 2.1595735194229895, ""move_vy"": -6.024636272357611, ""kick_power"": 0.0, ""kick_dir"": null}, {""move_vx"": -3.8183766184072936, ""move_vy"": -3.8183766184074215, ""kick_power"": 0.0, ""kick_dir"": null}, {""move_vx"": 4.997802184594261, ""move_vy"": 2.1483885411314314, ""kick_power"": 0.0, ""kick_dir"": null}]"
85,261,default,default,0,0.0,28.20347159253494,20,B,,-30.570057488354056,-3.411806381411534,-2.644762829817304,"[{""move_vx"": -5.0, ""move_vy"": 0.0, ""kick_power"": 0.0, ""kick_dir"": null}, {""move_vx"": 0.0, ""move_vy"": 5.8, ""kick_power"": 0.0, ""kick_dir"": null}, {""move_vx"": 0.0, ""move_vy"": -5.4, ""kick_power"": 0.0, ""kick_dir"": null}, {""move_vx"": 0.0, ""move_vy"": 0.0, ""kick_power"": 0.4, ""kick_dir"": [0.998464104255597, -0.055402219069183314]}, {""move_vx"": -2.3581643827453114, ""move_vy"": -4.979875575147578, ""kick_power"": 0.0, ""kick_dir"": null}, {""move_vx"": -5.403688479570748, ""move_vy"": -0.9696653112050446, ""kick_power"": 0.0, ""kick_dir"": null}, {""move_vx"": -6.0, ""move_vy"": 0.0, ""kick_power"": 0.0, ""kick_dir"": null}, {""move_vx"": -5.363735665529206, ""move_vy"": -0.6247717265769701, ""kick_power"": 0.0, ""kick_dir"": null}, {""move_vx"": -1.825180348293325, ""move_vy"": -5.5000674265143195, ""kick_power"": 0.0, ""kick_dir"": null}, {""move_vx"": 7.159271729642688, ""move_vy"": -0.7647406757450529, ""kick_power"": 0.0, ""kick_dir"": null}, {""move_vx"": -6.0, ""move_vy"": 0.0, ""kick_power"": 0.0, ""kick_dir"": null}, {""move_vx"": 5.0, ""move_vy"": 0.0, ""kick_power"": 0.0, ""kick_dir"": null}, {""move_vx"": -4.435764745369552, ""move_vy"": -6.097178947983781, ""kick_power"": 0.0, ""kick_dir"": null}, {""move_vx"": -0.0, ""move_vy"": 0.0, ""kick_power"": 0.4, ""kick_dir"": [0.9343505375570831, 0.3563551572466904]}, {""move_vx"": -5.032307656656209, ""move_vy"": -1.9585401830851714, ""kick_power"": 0.0, ""kick_dir"": null}, {""move_vx"": -6.183651877951378, ""move_vy"": -4.314400242479644, ""kick_power"": 0.0, ""kick_dir"": null}, {""move_vx"": -7.4575495455238165, ""move_vy"": -0.7968404959949782, ""kick_power"": 0.0, ""kick_dir"": null}, {""move_vx"": -5.571862559767942, ""move_vy"": -2.225836385509108, ""kick_power"": 0.0, ""kick_dir"": null}, {""move_vx"": -2.3945596153823154, ""move_vy"": -5.827184933428842, ""kick_power"": 0.0, ""kick_dir"": null}, {""move_vx"": -4.638753463532103, ""move_vy"": -6.906834752950798, ""kick_power"": 0.0, ""kick_dir"": null}, {""move_vx"": -3.8183766184072936, ""move_vy"": -3.8183766184074215, ""kick_power"": 0.0, ""kick_dir"": null}, {""move_vx"": -4.525483399593904, ""move_vy"": 4.525483399593904, ""kick_power"": 0.0, ""kick_dir"": null}]"
