episode,step,scenario,scenario_template,scenario_variant,ball_x,ball_y,ball_controller,ball_controller_team,last_goal,reward_p0,team_reward_left_step,team_reward_right_step,actions
238,1,default,default,0,50.0,37.5,-1,,,-1.702197410802242e-17,0.004852466294364682,0.021245588785416887,"[{""move_vx"": 6.0, ""move_vy"": 0.0, ""kick_power"": 0.0, ""kick_dir"": null}, {""move_vx"": 6.615378392224986, ""move_vy"": 3.617785058248039, ""kick_power"": 0.0, ""kick_dir"": null}, {""move_vx"": 0.0, ""move_vy"": 0.0, ""kick_power"": 0.6, ""kick_dir"": [0.9977581441361324, 0.06692280235059424]}, {""move_vx"": 3.8183766184073566, ""move_vy"": 3.8183766184073566, ""kick_power"": 0.0, ""kick_dir"": null}, {""move_vx"": 5.795239614354601, ""move_vy"": -0.23494214652788925, ""kick_power"": 0.0, ""kick_dir"": null}, {""move_vx"": -4.313351365237939, ""move_vy"": 4.313351365237939, ""kick_power"": 0.0, ""kick_dir"": null}, {""move_vx"": -6.0, ""move_vy"": 0.0, ""kick_power"": 0.0, ""kick_dir"": null}, {""move_vx"": -4.242640687119285, ""move_vy"": -4.242640687119285, ""kick_power"": 0.0, ""kick_dir"": null}, {""move_vx"": -4.313351365237939, ""move_vy"": -4.313351365237939, ""kick_power"": 0.0, ""kick_dir"": null}, {""move_vx"": 5.191464122456017, ""move_vy"": 3.569131584188511, ""kick_power"": 0.0, ""kick_dir"": null}, {""move_vx"": 0.0, ""move_vy"": 0.0, ""kick_power"": 0.65, ""kick_dir"": [-0.9999996666667778, 0.0]}, {""move_vx"": -3.5355339059327373, ""move_vy"": 3.5355339059327373, ""kick_power"": 0.0, ""kick_dir"": null}, {""move_vx"": -0.0, ""move_vy"": 0.0, ""kick_power"": 0.6, ""kick_dir"": [-0.9779765979722661, 0.20871451785993483]}, {""move_vx"": -3.8183766184073566, ""move_vy"": 3.8183766184073566, ""kick_power"": 0.0, ""kick_dir"": null}, {""move_vx"": -5.4, ""move_vy"": 0.0, ""kick_power"": 0.0, ""kick_dir"": null}, {""move_vx"": -6.4387136032377175, ""move_vy"": -3.923591101972984, ""kick_power"": 0.0, ""kick_dir"": null}, {""move_vx"": -4.1483949098258295, ""move_vy"": 3.456995758188192, ""kick_power"": 0.0, ""kick_dir"": null}, {""move_vx"": -4.242640687119285, ""move_vy"": 4.242640687119285, ""kick_power"": 0.0, ""kick_dir"": null}, {""move_vx"": -7.365048352354854, ""move_vy"": -1.4163554523759336, ""kick_power"": 0.0, ""kick_dir"": null}, {""move_vx"": -0.0, ""move_vy"": 0.0, ""kick_power"": 0.9, ""kick_dir"": [0.99999980000004, 0.0]}, {""move_vx"": -6.0, ""move_vy"": 0.0, ""kick_power"": 0.0, ""kick_dir"": null}, {""move_vx"": 4.525483399593904, ""move_vy"": -4.525483399593904, ""kick_power"": 0.0, ""kick_dir"": null}]"
238,2,default,default,0,50.0,37.5,-1,,,-0.0036333333333333313,0.010293117492401605,0.0266703071648804,"[{""move_vx"": -4.25, ""move_vy"": 0.0, ""kick_power"": 0.0, ""kick_dir"": null}, {""move_vx"": 4.1012193308819755, ""move_vy"": 4.1012193308819755, ""kick_power"": 0.0, ""kick_dir"": null}, {""move_vx"": 0.0, ""move_vy"": 0.0, ""kick_power"": 0.6, ""kick_dir"": [0.9977774428977326, 0.06663445077430223]}, {""move_vx"": 5.913452451990287, ""move_vy"": -0.5609635443146674, ""kick_power"": 0.0, ""kick_dir"": null}, {""move_vx"": 5.795239614354601, ""move_vy"": -0.23494214652788906, ""kick_power"": 0.0, ""kick_dir"": null}, {""move_vx"": -4.313351365237939, ""move_vy"": 4.313351365237939, ""kick_power"": 0.0, ""kick_dir"": null}, {""move_vx"": -6.0, ""move_vy"": 0.0, ""kick_power"": 0.0, ""kick_dir"": null}, {""move_vx"": 6.0, ""move_vy"": 0.0, ""kick_power"": 0.0, ""kick_dir"": null}, {""move_vx"": -4.313351365237939, ""move_vy"": -4.313351365237939, ""kick_power"": 0.0, ""kick_dir"": null}, {""move_vx"": 5.191464122456015, ""move_vy"": 3.569131584188514, ""kick_power"": 0.0, ""kick_dir"": null}, {""move_vx"": 3.93950090235646, ""move_vy"": -3.693282095959181, ""kick_power"": 0.0, ""kick_dir"": null}, {""move_vx"": -3.5355339059327373, ""move_vy"": 3.5355339059327373, ""kick_power"": 0.0, ""kick_dir"": null}, {""move_vx"": -5.26915415181883, ""move_vy"": 2.424049200072142, ""kick_power"": 0.0, ""kick_dir"": null}, {""move_vx"": -6.9260871776061155, ""move_vy"": 1.144428419867384, ""kick_power"": 0.0, ""kick_dir"": null}, {""move_vx"": -3.8183766184073566, ""move_vy"": -3.8183766184073566, ""kick_power"": 0.0, ""kick_dir"": null}, {""move_vx"": -6.438713603237716, ""move_vy"": -3.9235911019729857, ""kick_power"": 0.0, ""kick_dir"": null}, {""move_vx"": -4.148394909825828, ""move_vy"": 3.4569957581881936, ""kick_power"": 0.0, ""kick_dir"": null}, {""move_vx"": -4.242640687119285, ""move_vy"": -4.242640687119285, ""kick_power"": 0.0, ""kick_dir"": null}, {""move_vx"": -7.365048352354854, ""move_vy"": -1.4163554523759334, ""kick_power"": 0.0, ""kick_dir"": null}, {""move_vx"": -0.0, ""move_vy"": 6.4, ""kick_power"": 0.0, ""kick_dir"": null}, {""move_vx"": -6.0, ""move_vy"": 0.0, ""kick_power"": 0.0, ""kick_dir"": null}, {""move_vx"": 4.525483399593904, ""move_vy"": -4.525483399593904, ""kick_power"": 0.0, ""kick_dir"": null}]"
238,3,default,default,0,50.0,37.5,-1,,,-0.003566666666666671,0.009464047879555357,0.02685495792444928,"[{""move_vx"": 6.5, ""move_vy"": 0.0, ""kick_power"": 0.0, ""kick_dir"": null}, {""move_vx"": 6.626394133705101, ""move_vy"": 3.5975687324634427, ""kick_power"": 0.0, ""kick_dir"": null}, {""move_vx"": 0.0, ""move_vy"": 0.0, ""kick_power"": 0.6, ""kick_dir"": [0.99779678306357, 0.06634421763880931]}, {""move_vx"": 3.8183766184073566, ""move_vy"": 3.8183766184073566, ""kick_power"": 0.0, ""kick_dir"": null}, {""move_vx"": 5.795239614354601, ""move_vy"": -0.2349421465278888, ""kick_power"": 0.0, ""kick_dir"": null}, {""move_vx"": -4.313351365237939, ""move_vy"": 4.313351365237939, ""kick_power"": 0.0, ""kick_dir"": null}, {""move_vx"": -6.0, ""move_vy"": 0.0, ""kick_power"": 0.0, ""kick_dir"": null}, {""move_vx"": 6.0, ""move_vy"": 0.0, ""kick_power"": 0.0, ""kick_dir"": null}, {""move_vx"": -4.313351365237939, ""move_vy"": -4.313351365237939, ""kick_power"": 0.0, ""kick_dir"": null}, {""move_vx"": 5.191464122456013, ""move_vy"": 3.5691315841885154, ""kick_power"": 0.0, ""kick_dir"": null}, {""move_vx"": 0.0, ""move_vy"": 0.0, ""kick_power"": 0.65, ""kick_dir"": [-0.9999319051184726, -0.01164256568579373]}, {""move_vx"": -3.5355339059327373, ""move_vy"": 3.5355339059327373, ""kick_power"": 0.0, ""kick_dir"": null}, {""move_vx"": -5.26915415181883, ""move_vy"": 2.424049200072142, ""kick_power"": 0.0, ""kick_dir"": null}, {""move_vx"": -6.9260871776061155, ""move_vy"": 1.144428419867385, ""kick_power"": 0.0, ""kick_dir"": null}, {""move_vx"": -5.4, ""move_vy"": 0.0, ""kick_power"": 0.0, ""kick_dir"": null}, {""move_vx"": -6.438713603237714, ""move_vy"": -3.923591101972987, ""kick_power"": 0.0, ""kick_dir"": null}, {""move_vx"": -4.148394909825827, ""move_vy"": 3.4569957581881963, ""kick_power"": 0.0, ""kick_dir"": null}, {""move_vx"": -4.242640687119285, ""move_vy"": -4.242640687119285, ""kick_power"": 0.0, ""kick_dir"": null}, {""move_vx"": -7.365048352354854, ""move_vy"": -1.4163554523759332, ""kick_power"": 0.0, ""kick_dir"": null}, {""move_vx"": -0.0, ""move_vy"": 6.4, ""kick_power"": 0.0, ""kick_dir"": null}, {""move_vx"": -6.0, ""move_vy"": 0.0, ""kick_power"": 0.0, ""kick_dir"": null}, {""move_vx"": 4.525483399593904, ""move_vy"": -4.525483399593904, ""kick_power"": 0.0, ""kick_dir"": null}]"
238,4,default,default,0,50.0,37.5,-1,,,-0.0038000000000000225,0.012488930158927552,0.021628612189200272,"[{""move_vx"": 4.25, ""move_vy"": 0.0, ""kick_power"": 0.0, ""kick_dir"": null}, {""move_vx"": 0.0, ""move_vy"": 0.0, ""kick_power"": 0.0, ""kick_dir"": null}, {""move_vx"": 0.0, ""move_vy"": 0.0, ""kick_power"": 0.6, ""kick_dir"": [0.9978161642075265, 0.0660520845421315]}, {""move_vx"": 5.911508120472672, ""move_vy"": -0.5810952947543622, ""kick_power"": 0.0, ""kick_dir"": null}, {""move_vx"": 5.7952396143546006, ""move_vy"": -0.23494214652788858, ""kick_power"": 0.0, ""kick_dir"": null}, {""move_vx"": 0.0, ""move_vy"": 0.0, ""kick_power"": 0.7, ""kick_dir"": [0.9695449851223027, 0.244913234396965]}, {""move_vx"": -6.0, ""move_vy"": 0.0, ""kick_power"": 0.0, ""kick_dir"": null}, {""move_vx"": 6.0, ""move_vy"": 0.0, ""kick_power"": 0.0, ""kick_dir"": null}, {""move_vx"": -4.313351365237939, ""move_vy"": -4.313351365237939, ""kick_power"": 0.0, ""kick_dir"": null}, {""move_vx"": 5.191464122456012, ""move_vy"": 3.569131584188518, ""kick_power"": 0.0, ""kick_dir"": null}, {""move_vx"": 3.9395009023564596, ""move_vy"": -3.693282095959181, ""kick_power"": 0.0, ""kick_dir"": null}, {""move_vx"": -3.5355339059327373, ""move_vy"": 3.5355339059327373, ""kick_power"": 0.0, ""kick_dir"": null}, {""move_vx"": -5.269154151818829, ""move_vy"": 2.424049200072142, ""kick_power"": 0.0, ""kick_dir"": null}, {""move_vx"": -6.9260871776061155, ""move_vy"": 1.1444284198673862, ""kick_power"": 0.0, ""kick_dir"": null}, {""move_vx"": -5.4, ""move_vy"": 0.0, ""kick_power"": 0.0, ""kick_dir"": null}, {""move_vx"": -6.438713603237714, ""move_vy"": -3.9235911019729888, ""kick_power"": 0.0, ""kick_dir"": null}, {""move_vx"": -4.148394909825824, ""move_vy"": 3.456995758188198, ""kick_power"": 0.0, ""kick_dir"": null}, {""move_vx"": -4.242640687119285, ""move_vy"": -4.242640687119285, ""kick_power"": 0.0, ""kick_dir"": null}, {""move_vx"": -7.365048352354854, ""move_vy"": -1.4163554523759334, ""kick_power"": 0.0, ""kick_dir"": null}, {""move_vx"": -0.0, ""move_vy"": 6.4, ""kick_power"": 0.0, ""kick_dir"": null}, {""move_vx"": 4.242640687119285, ""move_vy"": 4.242640687119285, ""kick_power"": 0.0, ""kick_dir"": null}, {""move_vx"": 4.525483399593904, ""move_vy"": -4.525483399593904, ""kick_power"": 0.0, ""kick_dir"": null}]"
238,5,default,default,0,50.0,37.5,-1,,,-0.003733333333333363,0.00788677060812291,0.02769056374335263,"[{""move_vx"": 6.5, ""move_vy"": 0.0, ""kick_power"": 0.0, ""kick_dir"": null}, {""move_vx"": 0.0, ""move_vy"": 0.0, ""kick_power"": 0.0, ""kick_dir"": null}, {""move_vx"": 0.0, ""move_vy"": 0.0, ""kick_power"": 0.6, ""kick_dir"": [0.9978355858869782, 0.06575803284253635]}, {""move_vx"": 0.0, ""move_vy"": 0.0, ""kick_power"": 0.0, ""kick_dir"": null}, {""move_vx"": 5.7952396143546006, ""move_vy"": -0.23494214652788836, ""kick_power"": 0.0, ""kick_dir"": null}, {""move_vx"": -4.313351365237939, ""move_vy"": 4.313351365237939, ""kick_power"": 0.0, ""kick_dir"": null}, {""move_vx"": -6.0, ""move_vy"": 0.0, ""kick_power"": 0.0, ""kick_dir"": null}, {""move_vx"": 6.0, ""move_vy"": 0.0, ""kick_power"": 0.0, ""kick_dir"": null}, {""move_vx"": -4.313351365237939, ""move_vy"": -4.313351365237939, ""kick_power"": 0.0, ""kick_dir"": null}, {""move_vx"": 5.19146412245601, ""move_vy"": 3.5691315841885207, ""kick_power"": 0.0, ""kick_dir"": null}, {""move_vx"": 0.0, ""move_vy"": 0.0, ""kick_power"": 0.65, ""kick_dir"": [-0.9967860885541296, 0.08010448982852426]}, {""move_vx"": -3.5355339059327373, ""move_vy"": 3.5355339059327373, ""kick_power"": 0.0, ""kick_dir"": null}, {""move_vx"": -5.269154151818829, ""move_vy"": 2.4240492000721416, ""kick_power"": 0.0, ""kick_dir"": null}, {""move_vx"": -6.9260871776061155, ""move_vy"": 1.1444284198673875, ""kick_power"": 0.0, ""kick_dir"": null}, {""move_vx"": -5.4, ""move_vy"": 0.0, ""kick_power"": 0.0, ""kick_dir"": null}, {""move_vx"": -6.438713603237713, ""move_vy"": -3.9235911019729905, ""kick_power"": 0.0, ""kick_dir"": null}, {""move_vx"": -4.148394909825824, ""move_vy"": 3.456995758188199, ""kick_power"": 0.0, ""kick_dir"": null}, {""move_vx"": -4.242640687119285, ""move_vy"": -4.242640687119285, ""kick_power"": 0.0, ""kick_dir"": null}, {""move_vx"": -7.365048352354854, ""move_vy"": -1.4163554523759336, ""kick_power"": 0.0, ""kick_dir"": null}, {""move_vx"": -0.0, ""move_vy"": 0.0, ""kick_power"": 0.9, ""kick_dir"": [0.9957965583452982, -0.09158986245555664]}, {""move_vx"": -6.0, ""move_vy"": 0.0, ""kick_power"": 0.0, ""kick_dir"": null}, {""move_vx"": -8.181895100666596, ""move_vy"": -1.5096332540348913, ""kick_power"": 0.0, ""kick_dir"": null}]"
238,6,default,default,0,50.0,37.5,-1,,,-0.007366666666666678,0.0017413046764958831,0.027495320924745815,"[{""move_vx"": -4.25, ""move_vy"": 0.0, ""kick_power"": 0.0, ""kick_dir"": null}, {""move_vx"": 0.0, ""move_vy"": 0.0, ""kick_power"": 0.0, ""kick_dir"": null}, {""move_vx"": 0.0, ""move_vy"": 0.0, ""kick_power"": 0.6, ""kick_dir"": [0.9978550476423448, 0.06546204365464586]}, {""move_vx"": 5.911941322643688, ""move_vy"": -0.5766713081279567, ""kick_power"": 0.0, ""kick_dir"": null}, {""move_vx"": 5.7952396143546006, ""move_vy"": -0.23494214652788817, ""kick_power"": 0.0, ""kick_dir"": null}, {""move_vx"": 0.0, ""move_vy"": 0.0, ""kick_power"": 0.7, ""kick_dir"": [0.9707874470329759, 0.23994104136683994]}, {""move_vx"": -6.0, ""move_vy"": 0.0, ""kick_power"": 0.0, ""kick_dir"": null}, {""move_vx"": 0.0, ""move_vy"": 0.0, ""kick_power"": 0.65, ""kick_dir"": [0.11405508220131083, 0.9934743353563373]}, {""move_vx"": -4.313351365237939, ""move_vy"": -4.313351365237939, ""kick_power"": 0.0, ""kick_dir"": null}, {""move_vx"": 5.191464122456013, ""move_vy"": 3.569131584188516, ""kick_power"": 0.0, ""kick_dir"": null}, {""move_vx"": 0.0, ""move_vy"": 0.0, ""kick_power"": 0.65, ""kick_dir"": [-0.9955248137950241, 0.09449573228359091]}, {""move_vx"": -3.5355339059327373, ""move_vy"": 3.5355339059327373, ""kick_power"": 0.0, ""kick_dir"": null}, {""move_vx"": -5.269154151818829, ""move_vy"": 2.4240492000721416, ""kick_power"": 0.0, ""kick_dir"": null}, {""move_vx"": -6.9260871776061155, ""move_vy"": 1.1444284198673889, ""kick_power"": 0.0, ""kick_dir"": null}, {""move_vx"": -5.4, ""move_vy"": 0.0, ""kick_power"": 0.0, ""kick_dir"": null}, {""move_vx"": -6.438713603237711, ""move_vy"": -3.9235911019729923, ""kick_power"": 0.0, ""kick_dir"": null}, {""move_vx"": -4.148394909825823, ""move_vy"": 3.456995758188199, ""kick_power"": 0.0, ""kick_dir"": null}, {""move_vx"": -4.242640687119285, ""move_vy"": -4.242640687119285, ""kick_power"": 0.0, ""kick_dir"": null}, {""move_vx"": -7.365048352354854, ""move_vy"": -1.416355452375934, ""kick_power"": 0.0, ""kick_dir"": null}, {""move_vx"": -0.0, ""move_vy"": 0.0, ""kick_power"": 0.9, ""kick_dir"": [0.9993774469772683, -0.035272735985387986]}, {""move_vx"": -6.0, ""move_vy"": 0.0, ""kick_power"": 0.0, ""kick_dir"": null}, {""move_vx"": -8.181895100666596, ""move_vy"": -1.5096332540348925, ""kick_power"": 0.0, ""kick_dir"": null}]"
238,7,default,default,0,50.0,37.5,-1,,,-0.007300000000000017,0.011893697030712459,0.021233958165617173,"[{""move_vx"": 6.5, ""move_vy"": 0.0, ""kick_power"": 0.0, ""kick_dir"": null}, {""move_vx"": 0.0, ""move_vy"": 0.0, ""kick_power"": 0.0, ""kick_dir"": null}, {""move_vx"": 0.0, ""move_vy"": 0.0, ""kick_power"": 0.6, ""kick_dir"": [0.9978745489966282, 0.06516409784546326]}, {""move_vx"": 0.0, ""move_vy"": 0.0, ""kick_power"": 0.0, ""kick_dir"": null}, {""move_vx"": 5.795239614354601, ""move_vy"": -0.23494214652788797, ""kick_power"": 0.0, ""kick_dir"": null}, {""move_vx"": 4.501126482149927, ""move_vy"": 4.556740654424895, ""kick_power"": 0.0, ""kick_dir"": null}, {""move_vx"": -6.0, ""move_vy"": 0.0, ""kick_power"": 0.0, ""kick_dir"": null}, {""move_vx"": 6.0, ""move_vy"": 0.0, ""kick_power"": 0.0, ""kick_dir"": null}, {""move_vx"": -4.313351365237939, ""move_vy"": -4.313351365237939, ""kick_power"": 0.0, ""kick_dir"": null}, {""move_vx"": 5.1914641224560105, ""move_vy"": 3.569131584188519, ""kick_power"": 0.0, ""kick_dir"": null}, {""move_vx"": 0.0, ""move_vy"": 0.0, ""kick_power"": 0.65, ""kick_dir"": [-0.9955248137950241, 0.09449573228359091]}, {""move_vx"": -4.4603077367919095, ""move_vy"": -0.5963680852579508, ""kick_power"": 0.0, ""kick_dir"": null}, {""move_vx"": -5.269154151818829, ""move_vy"": 2.4240492000721416, ""kick_power"": 0.0, ""kick_dir"": null}, {""move_vx"": -6.926087177606115, ""move_vy"": 1.14442841986739, ""kick_power"": 0.0, ""kick_dir"": null}, {""move_vx"": -5.4, ""move_vy"": 0.0, ""kick_power"": 0.0, ""kick_dir"": null}, {""move_vx"": -6.438713603237711, ""move_vy"": -3.9235911019729945, ""kick_power"": 0.0, ""kick_dir"": null}, {""move_vx"": -0.0, ""move_vy"": 6.0, ""kick_power"": 0.0, ""kick_dir"": null}, {""move_vx"": -4.242640687119285, ""move_vy"": -4.242640687119285, ""kick_power"": 0.0, ""kick_dir"": null}, {""move_vx"": -7.365048352354854, ""move_vy"": -1.4163554523759343, ""kick_power"": 0.0, ""kick_dir"": null}, {""move_vx"": -0.0, ""move_vy"": 0.0, ""kick_power"": 0.9, ""kick_dir"": [0.9995265783141457, 0.030757451777175707]}, {""move_vx"": 4.242640687119285, ""move_vy"": 4.242640687119285, ""kick_power"": 0.0, ""kick_dir"": null}, {""move_vx"": -8.181895100666594, ""move_vy"": -1.509633254034893, ""kick_power"": 0.0, ""kick_dir"": null}]"
238,8,default,default,0,50.0,37.5,-1,,,-0.007533333333333368,0.010108224448816684,0.026117853498406673,"[{""move_vx"": 4.25, ""move_vy"": 0.0, ""kick_power"": 0.0, ""kick_dir"": null}, {""move_vx"": 0.0, ""move_vy"": 0.0, ""kick_power"": 0.0, ""kick_dir"": null}, {""move_vx"": 6.385394041023818, ""move_vy"": 1.103242013729319, ""kick_power"": 0.0, ""kick_dir"": null}, {""move_vx"": 5.912407127726535, ""move_vy"": -0.5718758221926158, ""kick_power"": 0.0, ""kick_dir"": null}, {""move_vx"": 5.795239614354601, ""move_vy"": -0.23494214652788772, ""kick_power"": 0.0, ""kick_dir"": null}, {""move_vx"": -4.313351365237939, ""move_vy"": 4.313351365237939, ""kick_power"": 0.0, ""kick_dir"": null}, {""move_vx"": -6.0, ""move_vy"": 0.0, ""kick_power"": 0.0, ""kick_dir"": null}, {""move_vx"": 6.0, ""move_vy"": 0.0, ""kick_power"": 0.0, ""kick_dir"": null}, {""move_vx"": -4.313351365237939, ""move_vy"": -4.313351365237939, ""kick_power"": 0.0, ""kick_dir"": null}, {""move_vx"": 5.191464122456015, ""move_vy"": 3.569131584188513, ""kick_power"": 0.0, ""kick_dir"": null}, {""move_vx"": 0.0, ""move_vy"": 0.0, ""kick_power"": 0.65, ""kick_dir"": [-0.9933477659572402, 0.11514823966775711]}, {""move_vx"": -4.460504370928266, ""move_vy"": -0.5948955848969036, ""kick_power"": 0.0, ""kick_dir"": null}, {""move_vx"": -5.269154151818829, ""move_vy"": 2.4240492000721416, ""kick_power"": 0.0, ""kick_dir"": null}, {""move_vx"": -6.926087177606115, ""move_vy"": 1.1444284198673913, ""kick_power"": 0.0, ""kick_dir"": null}, {""move_vx"": -5.4, ""move_vy"": 0.0, ""kick_power"": 0.0, ""kick_dir"": null}, {""move_vx"": -6.4387136032377095, ""move_vy"": -3.9235911019729963, ""kick_power"": 0.0, ""kick_dir"": null}, {""move_vx"": -0.0, ""move_vy"": 6.0, ""kick_power"": 0.0, ""kick_dir"": null}, {""move_vx"": -4.242640687119285, ""move_vy"": -4.242640687119285, ""kick_power"": 0.0, ""kick_dir"": null}, {""move_vx"": -7.365048352354854, ""move_vy"": -1.4163554523759345, ""kick_power"": 0.0, ""kick_dir"": null}, {""move_vx"": -0.0, ""move_vy"": 0.0, ""kick_power"": 0.9, ""kick_dir"": [0.9888620291735629, 0.1488331120405714]}, {""move_vx"": -6.0, ""move_vy"": 0.0, ""kick_power"": 0.0, ""kick_dir"": null}, {""move_vx"": -8.181895100666596, ""move_vy"": -1.509633254034894, ""kick_power"": 0.0, ""kick_dir"": null}]"
238,9,default,default,0,50.0,37.5,-1,,,-0.007466666666666708,0.007392484375219386,0.023020777626831135,"[{""move_vx"": 6.5, ""move_vy"": 0.0, ""kick_power"": 0.0, ""kick_dir"": null}, {""move_vx"": 0.0, ""move_vy"": 0.0, ""kick_power"": 0.0, ""kick_dir"": null}, {""move_vx"": 0.0, ""move_vy"": 0.0, ""kick_power"": 0.6, ""kick_dir"": [0.9979310945117689, 0.0642923445976672]}, {""move_vx"": 0.0, ""move_vy"": 0.0, ""kick_power"": 0.0, ""kick_dir"": null}, {""move_vx"": 5.795239614354601, ""move_vy"": -0.23494214652788756, ""kick_power"": 0.0, ""kick_dir"": null}, {""move_vx"": 0.0, ""move_vy"": 0.0, ""kick_power"": 0.7, ""kick_dir"": [0.9727685394987059, 0.23177864255599062]}, {""move_vx"": -6.0, ""move_vy"": 0.0, ""kick_power"": 0.0, ""kick_dir"": null}, {""move_vx"": 6.0, ""move_vy"": 0.0, ""kick_power"": 0.0, ""kick_dir"": null}, {""move_vx"": -4.313351365237939, ""move_vy"": -4.313351365237939, ""kick_power"": 0.0, ""kick_dir"": null}, {""move_vx"": 5.191464122456013, ""move_vy"": 3.569131584188516, ""kick_power"": 0.0, ""kick_dir"": null}, {""move_vx"": 0.0, ""move_vy"": 0.0, ""kick_power"": 0.65, ""kick_dir"": [-0.9891021230299034, 0.14722630659253988]}, {""move_vx"": -4.460700175294729, ""move_vy"": -0.5934256028564816, ""kick_power"": 0.0, ""kick_dir"": null}, {""move_vx"": -5.26915415181883, ""move_vy"": 2.424049200072142, ""kick_power"": 0.0, ""kick_dir"": null}, {""move_vx"": -6.926087177606115, ""move_vy"": 1.1444284198673926, ""kick_power"": 0.0, ""kick_dir"": null}, {""move_vx"": -5.91531444065287, ""move_vy"": -0.5409760329290279, ""kick_power"": 0.0, ""kick_dir"": null}, {""move_vx"": -6.438713603237709, ""move_vy"": -3.923591101972998, ""kick_power"": 0.0, ""kick_dir"": null}, {""move_vx"": -0.0, ""move_vy"": 6.0, ""kick_power"": 0.0, ""kick_dir"": null}, {""move_vx"": -4.242640687119285, ""move_vy"": -4.242640687119285, ""kick_power"": 0.0, ""kick_dir"": null}, {""move_vx"": -7.365048352354854, ""move_vy"": -1.4163554523759345, ""kick_power"": 0.0, ""kick_dir"": null}, {""move_vx"": -0.0, ""move_vy"": 6.4, ""kick_power"": 0.0, ""kick_dir"": null}, {""move_vx"": 4.242640687119285, ""move_vy"": 4.242640687119285, ""kick_power"": 0.0, ""kick_dir"": null}, {""move_vx"": -0.0, ""move_vy"": -6.4, ""kick_power"": 0.0, ""kick_dir"": null}]"
238,10,default,default,0,50.0,37.5,-1,,,-0.007699999999999988,0.014049834319831039,0.021299772300772006,"[{""move_vx"": 4.25, ""move_vy"": 0.0, ""kick_power"": 0.0, ""kick_dir"": null}, {""move_vx"": 0.0, ""move_vy"": 0.0, ""kick_power"": 0.0, ""kick_dir"": null}, {""move_vx"": 0.0, ""move_vy"": 0.0, ""kick_power"": 0.6, ""kick_dir"": [0.9979504342103287, 0.06399145054810049]}, {""move_vx"": 5.912912047447932, ""move_vy"": -0.5666313785390928, ""kick_power"": 0.0, ""kick_dir"": null}, {""move_vx"": 6.23873646720014, ""move_vy"": -4.234355593573492, ""kick_power"": 0.0, ""kick_dir"": null}, {""move_vx"": 4.313351365237939, ""move_vy"": 4.313351365237939, ""kick_power"": 0.0, ""kick_dir"": null}, {""move_vx"": -6.0, ""move_vy"": 0.0, ""kick_power"": 0.0, ""kick_dir"": null}, {""move_vx"": 6.0, ""move_vy"": 0.0, ""kick_power"": 0.0, ""kick_dir"": null}, {""move_vx"": -4.313351365237939, ""move_vy"": -4.313351365237939, ""kick_power"": 0.0, ""kick_dir"": null}, {""move_vx"": 5.1914641224560105, ""move_vy"": 3.5691315841885194, ""kick_power"": 0.0, ""kick_dir"": null}, {""move_vx"": 0.0, ""move_vy"": 0.0, ""kick_power"": 0.65, ""kick_dir"": [-0.9790623661322839, 0.20355574384265843]}, {""move_vx"": -4.460895152667684, ""move_vy"": -0.5919581377985783, ""kick_power"": 0.0, ""kick_dir"": null}, {""move_vx"": -5.26915415181883, ""move_vy"": 2.424049200072142, ""kick_power"": 0.0, ""kick_dir"": null}, {""move_vx"": -6.926087177606115, ""move_vy"": 1.144428419867394, ""kick_power"": 0.0, ""kick_dir"": null}, {""move_vx"": -5.4, ""move_vy"": 0.0, ""kick_power"": 0.0, ""kick_dir"": null}, {""move_vx"": -6.438713603237707, ""move_vy"": -3.9235911019730003, ""kick_power"": 0.0, ""kick_dir"": null}, {""move_vx"": -0.0, ""move_vy"": 6.0, ""kick_power"": 0.0, ""kick_dir"": null}, {""move_vx"": -4.242640687119285, ""move_vy"": -4.242640687119285, ""kick_power"": 0.0, ""kick_dir"": null}, {""move_vx"": -7.3648265559485235, ""move_vy"": -1.4175083071345334, ""kick_power"": 0.0, ""kick_dir"": null}, {""move_vx"": -0.0, ""move_vy"": 0.0, ""kick_power"": 0.9, ""kick_dir"": [0.9672866161060375, 0.25368488957758445]}, {""move_vx"": -6.0, ""move_vy"": 0.0, ""kick_power"": 0.0, ""kick_dir"": null}, {""move_vx"": -0.0, ""move_vy"": 0.0, ""kick_power"": 0.7, ""kick_dir"": [-0.9846757156572552, -0.17439524540649257]}]"
238,11,default,default,0,50.0,37.5,-1,,,-0.007633333333333399,0.0089115340981499,0.024657712978669442,"[{""move_vx"": 6.5, ""move_vy"": 0.0, ""kick_power"": 0.0, ""kick_dir"": null}, {""move_vx"": 0.0, ""move_vy"": 0.0, ""kick_power"": 0.0, ""kick_dir"": null}, {""move_vx"": 0.0, ""move_vy"": 0.0, ""kick_power"": 0.6, ""kick_dir"": [0.997969811703358, 0.06368853686930571]}, {""move_vx"": 0.0, ""move_vy"": 0.0, ""kick_power"": 0.0, ""kick_dir"": null}, {""move_vx"": 6.238736467200139, ""move_vy"": -4.234355593573492, ""kick_power"": 0.0, ""kick_dir"": null}, {""move_vx"": 0.0, ""move_vy"": 0.0, ""kick_power"": 0.7, ""kick_dir"": [0.9734938188774068, 0.22871325943316215]}, {""move_vx"": -6.0, ""move_vy"": 0.0, ""kick_power"": 0.0, ""kick_dir"": null}, {""move_vx"": 6.0, ""move_vy"": 0.0, ""kick_power"": 0.0, ""kick_dir"": null}, {""move_vx"": -4.313351365237939, ""move_vy"": -4.313351365237939, ""kick_power"": 0.0, ""kick_dir"": null}, {""move_vx"": 5.191464122456015, ""move_vy"": 3.5691315841885123, ""kick_power"": 0.0, ""kick_dir"": null}, {""move_vx"": 0.0, ""move_vy"": 0.0, ""kick_power"": 0.65, ""kick_dir"": [-0.9454184711316531, 0.32585396280590717]}, {""move_vx"": -4.461089305817845, ""move_vy"": -0.590493188375326, ""kick_power"": 0.0, ""kick_dir"": null}, {""move_vx"": -5.26915415181883, ""move_vy"": 2.424049200072142, ""kick_power"": 0.0, ""kick_dir"": null}, {""move_vx"": -6.926087177606115, ""move_vy"": 1.1444284198673955, ""kick_power"": 0.0, ""kick_dir"": null}, {""move_vx"": -5.9150888484724895, ""move_vy"": -0.5434371303807087, ""kick_power"": 0.0, ""kick_dir"": null}, {""move_vx"": -6.438713603237707, ""move_vy"": -3.923591101973003, ""kick_power"": 0.0, ""kick_dir"": null}, {""move_vx"": -0.0, ""move_vy"": 6.0, ""kick_power"": 0.0, ""kick_dir"": null}, {""move_vx"": -4.242640687119285, ""move_vy"": -4.242640687119285, ""kick_power"": 0.0, ""kick_dir"": null}, {""move_vx"": -7.362171231514919, ""move_vy"": -1.4312353956823796, ""kick_power"": 0.0, ""kick_dir"": null}, {""move_vx"": -0.0, ""move_vy"": 0.0, ""kick_power"": 0.9, ""kick_dir"": [0.9341609190412696, 0.3568512548188101]}, {""move_vx"": -6.0, ""move_vy"": 0.0, ""kick_power"": 0.0, ""kick_dir"": null}, {""move_vx"": -0.0, ""move_vy"": -6.4, ""kick_power"": 0.0, ""kick_dir"": null}]"
238,12,default,default,0,50.0,37.5,-1,,,-0.007566666666666668,0.017391663054822943,0.026681772410953212,"[{""move_vx"": 6.5, ""move_vy"": 0.0, ""kick_power"": 0.0, ""kick_dir"": null}, {""move_vx"": 0.0, ""move_vy"": 0.0, ""kick_power"": 0.0, ""kick_dir"": null}, {""move_vx"": 0.0, ""move_vy"": 0.0, ""kick_power"": 0.6, ""kick_dir"": [0.9979892264400028, 0.06338358324414067]}, {""move_vx"": 5.913465070338029, ""move_vy"": -0.5608305108426799, ""kick_power"": 0.0, ""kick_dir"": null}, {""move_vx"": 6.238736467200139, ""move_vy"": -4.234355593573493, ""kick_power"": 0.0, ""kick_dir"": null}, {""move_vx"": -4.313351365237939, ""move_vy"": 4.313351365237939, ""kick_power"": 0.0, ""kick_dir"": null}, {""move_vx"": 5.359040003176568, ""move_vy"": 0.6638450454385383, ""kick_power"": 0.0, ""kick_dir"": null}, {""move_vx"": 6.0, ""move_vy"": 0.0, ""kick_power"": 0.0, ""kick_dir"": null}, {""move_vx"": -4.313351365237939, ""move_vy"": -4.313351365237939, ""kick_power"": 0.0, ""kick_dir"": null}, {""move_vx"": 5.191464122456013, ""move_vy"": 3.5691315841885167, ""kick_power"": 0.0, ""kick_dir"": null}, {""move_vx"": 0.0, ""move_vy"": 0.0, ""kick_power"": 0.65, ""kick_dir"": [-0.7045853944157487, 0.7096144380525125]}, {""move_vx"": -0.0, ""move_vy"": 0.0, ""kick_power"": 0.9, ""kick_dir"": [-0.9495186133122092, 0.31371065250411384]}, {""move_vx"": -5.26915415181883, ""move_vy"": 2.424049200072142, ""kick_power"": 0.0, ""kick_dir"": null}, {""move_vx"": -6.926087177606113, ""move_vy"": 1.144428419867397, ""kick_power"": 0.0, ""kick_dir"": null}, {""move_vx"": -5.9150888484724895, ""move_vy"": -0.5434371303807091, ""kick_power"": 0.0, ""kick_dir"": null}, {""move_vx"": -6.438713603237704, ""move_vy"": -3.9235911019730048, ""kick_power"": 0.0, ""kick_dir"": null}, {""move_vx"": -0.0, ""move_vy"": 6.0, ""kick_power"": 0.0, ""kick_dir"": null}, {""move_vx"": -4.242640687119285, ""move_vy"": -4.242640687119285, ""kick_power"": 0.0, ""kick_dir"": null}, {""move_vx"": -7.361891777836234, ""move_vy"": -1.4326721367525996, ""kick_power"": 0.0, ""kick_dir"": null}, {""move_vx"": -3.9146911181119903, ""move_vy"": 4.225256613482204, ""kick_power"": 0.0, ""kick_dir"": null}, {""move_vx"": -6.0, ""move_vy"": 0.0, ""kick_power"": 0.0, ""kick_dir"": null}, {""move_vx"": -0.0, ""move_vy"": -6.4, ""kick_power"": 0.0, ""kick_dir"": null}]"
238,13,default,default,0,50.0,37.5,-1,,,-0.007500000000000079,0.008690666997258834,0.02267792316629156,"[{""move_vx"": 6.5, ""move_vy"": 0.0, ""kick_power"": 0.0, ""kick_dir"": null}, {""move_vx"": 0.0, ""move_vy"": 0.0, ""kick_power"": 0.0, ""kick_dir"": null}, {""move_vx"": 0.0, ""move_vy"": 0.0, ""kick_power"": 0.6, ""kick_dir"": [0.9980086778493907, 0.06307656908328457]}, {""move_vx"": 0.0, ""move_vy"": 0.0, ""kick_power"": 0.0, ""kick_dir"": null}, {""move_vx"": 6.238736467200139, ""move_vy"": -4.234355593573494, ""kick_power"": 0.0, ""kick_dir"": null}, {""move_vx"": 0.0, ""move_vy"": 0.0, ""kick_power"": 0.7, ""kick_dir"": [0.9746463635166633, 0.22375083599955942]}, {""move_vx"": -6.0, ""move_vy"": 0.0, ""kick_power"": 0.0, ""kick_dir"": null}, {""move_vx"": 6.0, ""move_vy"": 0.0, ""kick_power"": 0.0, ""kick_dir"": null}, {""move_vx"": -4.313351365237939, ""move_vy"": -4.313351365237939, ""kick_power"": 0.0, ""kick_dir"": null}, {""move_vx"": 5.19146412245601, ""move_vy"": 3.5691315841885207, ""kick_power"": 0.0, ""kick_dir"": null}, {""move_vx"": 0.0, ""move_vy"": 0.0, ""kick_power"": 0.65, ""kick_dir"": [0.675266710370353, 0.737568865826025]}, {""move_vx"": -4.462449528934113, ""move_vy"": -0.5801242985048237, ""kick_power"": 0.0, ""kick_dir"": null}, {""move_vx"": -5.26915415181883, ""move_vy"": 2.4240492000721416, ""kick_power"": 0.0, ""kick_dir"": null}, {""move_vx"": -5.380469426500166, ""move_vy"": 0.4588559147455632, ""kick_power"": 0.0, ""kick_dir"": null}, {""move_vx"": -5.9150888484724895, ""move_vy"": -0.5434371303807092, ""kick_power"": 0.0, ""kick_dir"": null}, {""move_vx"": -6.438713603237703, ""move_vy"": -3.9235911019730074, ""kick_power"": 0.0, ""kick_dir"": null}, {""move_vx"": -0.0, ""move_vy"": 6.0, ""kick_power"": 0.0, ""kick_dir"": null}, {""move_vx"": -4.242640687119285, ""move_vy"": -4.242640687119285, ""kick_power"": 0.0, ""kick_dir"": null}, {""move_vx"": -7.361891777836234, ""move_vy"": -1.4326721367525992, ""kick_power"": 0.0, ""kick_dir"": null}, {""move_vx"": -0.0, ""move_vy"": 0.0, ""kick_power"": 0.9, ""kick_dir"": [0.8950585817176855, 0.44594802192933036]}, {""move_vx"": -6.0, ""move_vy"": 0.0, ""kick_power"": 0.0, ""kick_dir"": null}, {""move_vx"": -0.0, ""move_vy"": -6.4, ""kick_power"": 0.0, ""kick_dir"": null}]"
238,14,default,default,0,50.0,37.5,20,B,,-0.007433333333333347,0.007914440327671456,2.76782067133303,"[{""move_vx"": 6.5, ""move_vy"": 0.0, ""kick_power"": 0.0, ""kick_dir"": null}, {""move_vx"": 0.0, ""move_vy"": 0.0, ""kick_power"": 0.0, ""kick_dir"": null}, {""move_vx"": 0.0, ""move_vy"": 0.0, ""kick_power"": 0.6, ""kick_dir"": [0.9980281653400801, 0.06276747352071478]}, {""move_vx"": 5.914079181717999, ""move_vy"": -0.5543170864855002, ""kick_power"": 0.0, ""kick_dir"": null}, {""move_vx"": 5.798170648404645, ""move_vy"": -0.145661017361708, ""kick_power"": 0.0, ""kick_dir"": null}, {""move_vx"": -4.313351365237939, ""move_vy"": 4.313351365237939, ""kick_power"": 0.0, ""kick_dir"": null}, {""move_vx"": -6.0, ""move_vy"": 0.0, ""kick_power"": 0.0, ""kick_dir"": null}, {""move_vx"": 6.0, ""move_vy"": 0.0, ""kick_power"": 0.0, ""kick_dir"": null}, {""move_vx"": -4.313351365237939, ""move_vy"": -4.313351365237939, ""kick_power"": 0.0, ""kick_dir"": null}, {""move_vx"": 5.191464122456016, ""move_vy"": 3.5691315841885123, ""kick_power"": 0.0, ""kick_dir"": null}, {""move_vx"": 0.0, ""move_vy"": 0.0, ""kick_power"": 0.65, ""kick_dir"": [0.9426422543277284, 0.33379993284468207]}, {""move_vx"": -4.46263619132525, ""move_vy"": -0.5786866370273861, ""kick_power"": 0.0, ""kick_dir"": null}, {""move_vx"": -5.26915415181883, ""move_vy"": 2.4240492000721416, ""kick_power"": 0.0, ""kick_dir"": null}, {""move_vx"": -5.380469426500166, ""move_vy"": 0.45885591474556237, ""kick_power"": 0.0, ""kick_dir"": null}, {""move_vx"": -5.9150888484724895, ""move_vy"": -0.5434371303807093, ""kick_power"": 0.0, ""kick_dir"": null}, {""move_vx"": -6.4387136032377015, ""move_vy"": -3.9235911019730096, ""kick_power"": 0.0, ""kick_dir"": null}, {""move_vx"": -0.0, ""move_vy"": 6.0, ""kick_power"": 0.0, ""kick_dir"": null}, {""move_vx"": -4.242640687119285, ""move_vy"": -4.242640687119285, ""kick_power"": 0.0, ""kick_dir"": null}, {""move_vx"": -0.0, ""move_vy"": 0.0, ""kick_power"": 0.4, ""kick_dir"": [0.014407666339650304, -0.9998957933363196]}, {""move_vx"": -0.0, ""move_vy"": 0.0, ""kick_power"": 0.9, ""kick_dir"": [0.8539711689087944, 0.5203198712885786]}, {""move_vx"": -5.568784292743692, ""move_vy"": -2.233526695808923, ""kick_power"": 0.0, ""kick_dir"": null}, {""move_vx"": -0.0, ""move_vy"": -6.4, ""kick_power"": 0.0, ""kick_dir"": null}]"
238,15,default,default,0,51.59041293623074,38.90673313888981,20,B,,-0.021815317623980035,-0.08828204991550649,0.3399232810504016,"[{""move_vx"": 6.5, ""move_vy"": 0.0, ""kick_power"": 0.0, ""kick_dir"": null}, {""move_vx"": 0.0, ""move_vy"": 5.8, ""kick_power"": 0.0, ""kick_dir"": null}, {""move_vx"": 0.0, ""move_vy"": 5.4, ""kick_power"": 0.0, ""kick_dir"": null}, {""move_vx"": 0.0, ""move_vy"": 0.0, ""kick_power"": 0.4, ""kick_dir"": [0.9956362130857769, -0.09331937363017206]}, {""move_vx"": 5.8, ""move_vy"": 0.0, ""kick_power"": 0.0, ""kick_dir"": null}, {""move_vx"": 4.313351365237939, ""move_vy"": 4.313351365237939, ""kick_power"": 0.0, ""kick_dir"": null}, {""move_vx"": 0.0, ""move_vy"": 0.0, ""kick_power"": 0.6, ""kick_dir"": [0.9969629247636722, 0.07787745564583508]}, {""move_vx"": 4.447804437320116, ""move_vy"": -3.0621945867882867, ""kick_power"": 0.0, ""kick_dir"": null}, {""move_vx"": 4.968996729970056, ""move_vy"": -4.041422583391508, ""kick_power"": 0.0, ""kick_dir"": null}, {""move_vx"": 5.191464122456012, ""move_vy"": 3.569131584188517, ""kick_power"": 0.0, ""kick_dir"": null}, {""move_vx"": 0.0, ""move_vy"": 0.0, ""kick_power"": 0.65, ""kick_dir"": [0.9783942692000992, 0.2067430318306389]}, {""move_vx"": -0.0, ""move_vy"": 0.0, ""kick_power"": 0.0, ""kick_dir"": null}, {""move_vx"": -6.062289158504459, ""move_vy"": 3.419100782176405, ""kick_power"": 0.0, ""kick_dir"": null}, {""move_vx"": -6.9236096108130925, ""move_vy"": 1.159323059831296, ""kick_power"": 0.0, ""kick_dir"": null}, {""move_vx"": -3.8183766184073566, ""move_vy"": 3.8183766184073566, ""kick_power"": 0.0, ""kick_dir"": null}, {""move_vx"": -5.538961838060091, ""move_vy"": -1.7204365017384313, ""kick_power"": 0.0, ""kick_dir"": null}, {""move_vx"": -0.0, ""move_vy"": 6.0, ""kick_power"": 0.0, ""kick_dir"": null}, {""move_vx"": -7.4884323227868, ""move_vy"": 0.41639085849941654, ""kick_power"": 0.0, ""kick_dir"": null}, {""move_vx"": -0.0, ""move_vy"": -6.0, ""kick_power"": 0.0, ""kick_dir"": null}, {""move_vx"": -0.0, ""move_vy"": 6.4, ""kick_power"": 0.0, ""kick_dir"": null}, {""move_vx"": 4.242640687119285, ""move_vy"": 4.242640687119285, ""kick_power"": 0.0, ""kick_dir"": null}, {""move_vx"": -8.232868439409357, ""move_vy"": -1.2009484832320432, ""kick_power"": 0.0, ""kick_dir"": null}]"
238,16,default,default,0,51.766148867518815,38.482469070177885,20,B,,-0.02320906199260863,0.002244232613656161,0.30118475003921225,"[{""move_vx"": 6.496979408001302, ""move_vy"": 0.19813776017474255, ""kick_power"": 0.0, ""kick_dir"": null}, {""move_vx"": 5.271818425692751, ""move_vy"": 2.4182494673888404, ""kick_power"": 0.0, ""kick_dir"": null}, {""move_vx"": -3.8183766184073566, ""move_vy"": -3.8183766184073566, ""kick_power"": 0.0, ""kick_dir"": null}, {""move_vx"": 5.1101105748007205, ""move_vy"": -1.7454999035548098, ""kick_power"": 0.0, ""kick_dir"": null}, {""move_vx"": 5.798149821255552, ""move_vy"": -0.14648771373121702, ""kick_power"": 0.0, ""kick_dir"": null}, {""move_vx"": 0.0, ""move_vy"": 6.1, ""kick_power"": 0.0, ""kick_dir"": null}, {""move_vx"": 0.0, ""move_vy"": 0.0, ""kick_power"": 0.6, ""kick_dir"": [0.9969629247636722, 0.07787745564583508]}, {""move_vx"": 4.875718584279358, ""move_vy"": -2.3210705045114177, ""kick_power"": 0.0, ""kick_dir"": null}, {""move_vx"": 5.295944103901117, ""move_vy"": -3.6023604828438534, ""kick_power"": 0.0, ""kick_dir"": null}, {""move_vx"": 5.018897905962149, ""move_vy"": 3.807973714395724, ""kick_power"": 0.0, ""kick_dir"": null}, {""move_vx"": 0.0, ""move_vy"": 0.0, ""kick_power"": 0.65, ""kick_dir"": [0.9999902820748611, 0.004228885383755763]}, {""move_vx"": -6.499602119780644, ""move_vy"": 0.0719185966419242, ""kick_power"": 0.0, ""kick_dir"": null}, {""move_vx"": -5.8206652891735216, ""move_vy"": 3.8159475352015164, ""kick_power"": 0.0, ""kick_dir"": null}, {""move_vx"": -6.830082835315348, ""move_vy"": 1.621841071970577, ""kick_power"": 0.0, ""kick_dir"": null}, {""move_vx"": -5.101560759138243, ""move_vy"": -1.7703326864803803, ""kick_power"": 0.0, ""kick_dir"": null}, {""move_vx"": -5.553175911658009, ""move_vy"": -1.6739884390823154, ""kick_power"": 0.0, ""kick_dir"": null}, {""move_vx"": -5.504017350278052, ""move_vy"": 2.3886801811540543, ""kick_power"": 0.0, ""kick_dir"": null}, {""move_vx"": 4.242640687119285, ""move_vy"": 4.242640687119285, ""kick_power"": 0.0, ""kick_dir"": null}, {""move_vx"": -0.0, ""move_vy"": -6.0, ""kick_power"": 0.0, ""kick_dir"": null}, {""move_vx"": -0.0, ""move_vy"": 6.4, ""kick_power"": 0.0, ""kick_dir"": null}, {""move_vx"": -0.0, ""move_vy"": 0.0, ""kick_power"": 0.0, ""kick_dir"": null}, {""move_vx"": 2.0219313386616573, ""move_vy"": 5.050286493035606, ""kick_power"": 0.0, ""kick_dir"": null}]"
238,17,default,default,0,51.766148867518815,38.482469070177885,20,B,,-0.023140876949533897,0.01797010699090137,0.30644481334464097,"[{""move_vx"": 6.498570999632258, ""move_vy"": 0.1362899950054922, ""kick_power"": 0.0, ""kick_dir"": null}, {""move_vx"": 5.271818425692751, ""move_vy"": 2.41824946738884, ""kick_power"": 0.0, ""kick_dir"": null}, {""move_vx"": 0.0, ""move_vy"": 5.4, ""kick_power"": 0.0, ""kick_dir"": null}, {""move_vx"": 3.8183766184073566, ""move_vy"": 3.8183766184073566, ""kick_power"": 0.0, ""kick_dir"": null}, {""move_vx"": 5.798149821255553, ""move_vy"": -0.14648771373121644, ""kick_power"": 0.0, ""kick_dir"": null}, {""move_vx"": 4.313351365237939, ""move_vy"": 4.313351365237939, ""kick_power"": 0.0, ""kick_dir"": null}, {""move_vx"": 0.0, ""move_vy"": 0.0, ""kick_power"": 0.6, ""kick_dir"": [0.9969629247636722, 0.07787745564583508]}, {""move_vx"": 4.819568057191789, ""move_vy"": -2.435521246488432, ""kick_power"": 0.0, ""kick_dir"": null}, {""move_vx"": 5.2586032377916405, ""move_vy"": -3.656653796504023, ""kick_power"": 0.0, ""kick_dir"": null}, {""move_vx"": 5.337056126333301, ""move_vy"": 3.347511300110603, ""kick_power"": 0.0, ""kick_dir"": null}, {""move_vx"": 0.0, ""move_vy"": 0.0, ""kick_power"": 0.0, ""kick_dir"": null}, {""move_vx"": -3.5355339059327373, ""move_vy"": 3.5355339059327373, ""kick_power"": 0.0, ""kick_dir"": null}, {""move_vx"": -5.854176319165015, ""move_vy"": 3.764335216758407, ""kick_power"": 0.0, ""kick_dir"": null}, {""move_vx"": -6.85458291506328, ""move_vy"": 1.514956454992223, ""kick_power"": 0.0, ""kick_dir"": null}, {""move_vx"": -3.8183766184073566, ""move_vy"": 3.8183766184073566, ""kick_power"": 0.0, ""kick_dir"": null}, {""move_vx"": -5.545714312479039, ""move_vy"": -1.6985443074483302, ""kick_power"": 0.0, ""kick_dir"": null}, {""move_vx"": -5.504017350278052, ""move_vy"": 2.388680181154055, ""kick_power"": 0.0, ""kick_dir"": null}, {""move_vx"": -7.490380806710416, ""move_vy"": 0.3797306551546987, ""kick_power"": 0.0, ""kick_dir"": null}, {""move_vx"": -0.0, ""move_vy"": -6.0, ""kick_power"": 0.0, ""kick_dir"": null}, {""move_vx"": -0.0, ""move_vy"": 6.4, ""kick_power"": 0.0, ""kick_dir"": null}, {""move_vx"": -0.0, ""move_vy"": 0.0, ""kick_power"": 0.0, ""kick_dir"": null}, {""move_vx"": -8.228479599982041, ""move_vy"": -1.2306597712931937, ""kick_power"": 0.0, ""kick_dir"": null}]"
238,18,default,default,0,50.45904208633227,37.77536228899134,20,B,,-0.01128253112278884,0.10481489864901009,0.2815277678211988,"[{""move_vx"": 6.498592385364146, ""move_vy"": 0.1352664366616407, ""kick_power"": 0.0, ""kick_dir"": null}, {""move_vx"": 5.271818425692751, ""move_vy"": 2.41824946738884, ""kick_power"": 0.0, ""kick_dir"": null}, {""move_vx"": 0.0, ""move_vy"": 5.4, ""kick_power"": 0.0, ""kick_dir"": null}, {""move_vx"": 3.8183766184073566, ""move_vy"": 3.8183766184073566, ""kick_power"": 0.0, ""kick_dir"": null}, {""move_vx"": 5.8, ""move_vy"": 0.0, ""kick_power"": 0.0, ""kick_dir"": null}, {""move_vx"": 4.313351365237939, ""move_vy"": 4.313351365237939, ""kick_power"": 0.0, ""kick_dir"": null}, {""move_vx"": 0.0, ""move_vy"": 0.0, ""kick_power"": 0.6, ""kick_dir"": [0.9969629247636722, 0.07787745564583508]}, {""move_vx"": 4.8195680571917885, ""move_vy"": -2.4355212464884337, ""kick_power"": 0.0, ""kick_dir"": null}, {""move_vx"": 5.25860323779164, ""move_vy"": -3.656653796504024, ""kick_power"": 0.0, ""kick_dir"": null}, {""move_vx"": 5.337056126333301, ""move_vy"": 3.3475113001106043, ""kick_power"": 0.0, ""kick_dir"": null}, {""move_vx"": 0.0, ""move_vy"": 0.0, ""kick_power"": 0.65, ""kick_dir"": [0.9872727688329014, -0.1590328876661484]}, {""move_vx"": -3.5355339059327373, ""move_vy"": 3.5355339059327373, ""kick_power"": 0.0, ""kick_dir"": null}, {""move_vx"": -5.854176319165016, ""move_vy"": 3.7643352167584054, ""kick_power"": 0.0, ""kick_dir"": null}, {""move_vx"": -6.854582915063279, ""move_vy"": 1.514956454992223, ""kick_power"": 0.0, ""kick_dir"": null}, {""move_vx"": -3.8183766184073566, ""move_vy"": 3.8183766184073566, ""kick_power"": 0.0, ""kick_dir"": null}, {""move_vx"": -5.54571431247904, ""move_vy"": -1.6985443074483304, ""kick_power"": 0.0, ""kick_dir"": null}, {""move_vx"": -5.504017350278052, ""move_vy"": 2.388680181154055, ""kick_power"": 0.0, ""kick_dir"": null}, {""move_vx"": -7.490380806710416, ""move_vy"": 0.37973065515469845, ""kick_power"": 0.0, ""kick_dir"": null}, {""move_vx"": -0.0, ""move_vy"": -6.0, ""kick_power"": 0.0, ""kick_dir"": null}, {""move_vx"": -4.134902695750806, ""move_vy"": 5.29726152806077, ""kick_power"": 0.0, ""kick_dir"": null}, {""move_vx"": -4.242640687119285, ""move_vy"": -4.242640687119285, ""kick_power"": 0.0, ""kick_dir"": null}, {""move_vx"": 2.3034627731056085, ""move_vy"": 4.9282511353335705, ""kick_power"": 0.0, ""kick_dir"": null}]"
238,19,default,default,0,51.4833061550442,38.199626357703266,20,B,,-0.020424931376844598,-0.0518995504363897,0.3285696948641768,"[{""move_vx"": 6.499903279442385, ""move_vy"": 0.03545924271787519, ""kick_power"": 0.0, ""kick_dir"": null}, {""move_vx"": 5.27181842569275, ""move_vy"": 2.4182494673888395, ""kick_power"": 0.0, ""kick_dir"": null}, {""move_vx"": 0.0, ""move_vy"": 5.4, ""kick_power"": 0.0, ""kick_dir"": null}, {""move_vx"": -3.8183766184073566, ""move_vy"": 3.8183766184073566, ""kick_power"": 0.0, ""kick_dir"": null}, {""move_vx"": 5.798128391037815, ""move_vy"": -0.1473335027793554, ""kick_power"": 0.0, ""kick_dir"": null}, {""move_vx"": 4.146635516049043, ""move_vy"": 3.597987478722053, ""kick_power"": 0.0, ""kick_dir"": null}, {""move_vx"": 0.0, ""move_vy"": 0.0, ""kick_power"": 0.6, ""kick_dir"": [0.9969629247636722, 0.07787745564583508]}, {""move_vx"": 4.552260743362905, ""move_vy"": -2.90463803673315, ""kick_power"": 0.0, ""kick_dir"": null}, {""move_vx"": 5.03896768423462, ""move_vy"": -3.9538373357080827, ""kick_power"": 0.0, ""kick_dir"": null}, {""move_vx"": 5.2145499628836705, ""move_vy"": 3.5353173385977565, ""kick_power"": 0.0, ""kick_dir"": null}, {""move_vx"": 5.416473232565938, ""move_vy"": -2.581049732356335, ""kick_power"": 0.0, ""kick_dir"": null}, {""move_vx"": -3.5355339059327373, ""move_vy"": 3.5355339059327373, ""kick_power"": 0.0, ""kick_dir"": null}, {""move_vx"": -6.016967100027549, ""move_vy"": 3.4982434045083353, ""kick_power"": 0.0, ""kick_dir"": null}, {""move_vx"": -6.910269447242815, ""move_vy"": 1.2363560031408742, ""kick_power"": 0.0, ""kick_dir"": null}, {""move_vx"": -5.4, ""move_vy"": 0.0, ""kick_power"": 0.0, ""kick_dir"": null}, {""move_vx"": -5.5408630601571, ""move_vy"": -1.7143035170548098, ""kick_power"": 0.0, ""kick_dir"": null}, {""move_vx"": -0.0, ""move_vy"": 6.0, ""kick_power"": 0.0, ""kick_dir"": null}, {""move_vx"": -6.0, ""move_vy"": 0.0, ""kick_power"": 0.0, ""kick_dir"": null}, {""move_vx"": -3.8196032235315194, ""move_vy"": -4.230913756481881, ""kick_power"": 0.0, ""kick_dir"": null}, {""move_vx"": -4.741529933623867, ""move_vy"": 4.761963238890957, ""kick_power"": 0.0, ""kick_dir"": null}, {""move_vx"": -0.0, ""move_vy"": 0.0, ""kick_power"": 0.0, ""kick_dir"": null}, {""move_vx"": -8.231471630010708, ""move_vy"": -1.2104853589898832, ""kick_power"": 0.0, ""kick_dir"": null}]"
238,20,default,default,0,50.17619937385765,37.49251957651672,9,A,,0.24479444706682896,4.0675808788425805,-3.6426681869431095,"[{""move_vx"": 6.499309171484541, ""move_vy"": 0.09476441028636401, ""kick_power"": 0.0, ""kick_dir"": null}, {""move_vx"": 0.0, ""move_vy"": 5.8, ""kick_power"": 0.0, ""kick_dir"": null}, {""move_vx"": 0.0, ""move_vy"": 5.4, ""kick_power"": 0.0, ""kick_dir"": null}, {""move_vx"": 3.8183766184073566, ""move_vy"": 3.8183766184073566, ""kick_power"": 0.0, ""kick_dir"": null}, {""move_vx"": 5.8, ""move_vy"": 0.0, ""kick_power"": 0.0, ""kick_dir"": null}, {""move_vx"": 4.313351365237939, ""move_vy"": 4.313351365237939, ""kick_power"": 0.0, ""kick_dir"": null}, {""move_vx"": 5.099787047243994, ""move_vy"": -0.046605501417551126, ""kick_power"": 0.0, ""kick_dir"": null}, {""move_vx"": 4.760737489443253, ""move_vy"": -2.548603256022711, ""kick_power"": 0.0, ""kick_dir"": null}, {""move_vx"": 5.199620791886187, ""move_vy"": -3.7400492805021783, ""kick_power"": 0.0, ""kick_dir"": null}, {""move_vx"": 5.43845165360811, ""move_vy"": 3.1801326405304584, ""kick_power"": 0.0, ""kick_dir"": null}, {""move_vx"": 0.0, ""move_vy"": 0.0, ""kick_power"": 0.65, ""kick_dir"": [0.9654862151322003, -0.260452315020192]}, {""move_vx"": -3.5355339059327373, ""move_vy"": 3.5355339059327373, ""kick_power"": 0.0, ""kick_dir"": null}, {""move_vx"": -5.9035440484440675, ""move_vy"": 3.6864302065929087, ""kick_power"": 0.0, ""kick_dir"": null}, {""move_vx"": -6.875202306644139, ""move_vy"": 1.4184474761918757, ""kick_power"": 0.0, ""kick_dir"": null}, {""move_vx"": -5.082343604194365, ""move_vy"": -1.8247694344504548, ""kick_power"": 0.0, ""kick_dir"": null}, {""move_vx"": -5.542596023966171, ""move_vy"": -1.708692282160365, ""kick_power"": 0.0, ""kick_dir"": null}, {""move_vx"": -5.5187742412307825, ""move_vy"": 2.354385455767088, ""kick_power"": 0.0, ""kick_dir"": null}, {""move_vx"": -7.490251127400725, ""move_vy"": 0.3822800654914709, ""kick_power"": 0.0, ""kick_dir"": null}, {""move_vx"": -0.0, ""move_vy"": -6.0, ""kick_power"": 0.0, ""kick_dir"": null}, {""move_vx"": -4.3615149404039, ""move_vy"": 5.112297665886991, ""kick_power"": 0.0, ""kick_dir"": null}, {""move_vx"": -4.242640687119285, ""move_vy"": -4.242640687119285, ""kick_power"": 0.0, ""kick_dir"": null}, {""move_vx"": 2.571598664468611, ""move_vy"": 4.793796022871985, ""kick_power"": 0.0, ""kick_dir"": null}]"
238,21,default,default,0,48.24075812627746,36.00992122258493,9,A,,0.2739403903234055,0.3099172553722624,-0.13156301941778262,"[{""move_vx"": 6.499996264023308, ""move_vy"": -0.006969051803564368, ""kick_power"": 0.0, ""kick_dir"": null}, {""move_vx"": 0.0, ""move_vy"": 5.8, ""kick_power"": 0.0, ""kick_dir"": null}, {""move_vx"": -3.93719151416917, ""move_vy"": -2.359369191278525, ""kick_power"": 0.0, ""kick_dir"": null}, {""move_vx"": -3.8183766184073566, ""move_vy"": 3.8183766184073566, ""kick_power"": 0.0, ""kick_dir"": null}, {""move_vx"": 5.8, ""move_vy"": 0.0, ""kick_power"": 0.0, ""kick_dir"": null}, {""move_vx"": 0.0, ""move_vy"": 0.0, ""kick_power"": 0.9, ""kick_dir"": [-0.993126893761065, -0.11704185816688886]}, {""move_vx"": 5.2058245817943005, ""move_vy"": 2.321506067962389, ""kick_power"": 0.0, ""kick_dir"": null}, {""move_vx"": 5.878266489752993, ""move_vy"": 1.202490363972632, ""kick_power"": 0.0, ""kick_dir"": null}, {""move_vx"": 4.963871878123933, ""move_vy"": -4.047715525771344, ""kick_power"": 0.0, ""kick_dir"": null}, {""move_vx"": -4.242640687119285, ""move_vy"": -4.242640687119285, ""kick_power"": 0.0, ""kick_dir"": null}, {""move_vx"": 4.242640687119285, ""move_vy"": -4.242640687119285, ""kick_power"": 0.0, ""kick_dir"": null}, {""move_vx"": -3.5355339059327373, ""move_vy"": -3.5355339059327373, ""kick_power"": 0.0, ""kick_dir"": null}, {""move_vx"": -5.280328676542245, ""move_vy"": 2.3996101907779983, ""kick_power"": 0.0, ""kick_dir"": null}, {""move_vx"": -6.927582712306824, ""move_vy"": 1.1353403736975223, ""kick_power"": 0.0, ""kick_dir"": null}, {""move_vx"": -6.714863580026449, ""move_vy"": -2.047194934937654, ""kick_power"": 0.0, ""kick_dir"": null}, {""move_vx"": -4.1012193308819755, ""move_vy"": -4.1012193308819755, ""kick_power"": 0.0, ""kick_dir"": null}, {""move_vx"": -5.518774241230783, ""move_vy"": 2.3543854557670882, ""kick_power"": 0.0, ""kick_dir"": null}, {""move_vx"": 4.242640687119285, ""move_vy"": 4.242640687119285, ""kick_power"": 0.0, ""kick_dir"": null}, {""move_vx"": 4.242640687119285, ""move_vy"": 4.242640687119285, ""kick_power"": 0.0, ""kick_dir"": null}, {""move_vx"": -4.972221843052806, ""move_vy"": 4.520554163315442, ""kick_power"": 0.0, ""kick_dir"": null}, {""move_vx"": -0.0, ""move_vy"": 0.0, ""kick_power"": 1.0, ""kick_dir"": [-0.9999660598941101, -0.008236475937036032]}, {""move_vx"": -8.232623888808556, ""move_vy"": -1.2026237588783484, ""kick_power"": 0.0, ""kick_dir"": null}]"
238,22,default,default,0,47.957915413802844,35.72707851011031,9,A,,0.2886133062511027,0.28543778291754557,-0.013233120227675156,"[{""move_vx"": 0.0, ""move_vy"": 0.0, ""kick_power"": 0.0, ""kick_dir"": null}, {""move_vx"": 6.844971668260755, ""move_vy"": 1.260143984117525, ""kick_power"": 0.0, ""kick_dir"": null}, {""move_vx"": -3.937191514169172, ""move_vy"": -2.35936919127852, ""kick_power"": 0.0, ""kick_dir"": null}, {""move_vx"": 0.0, ""move_vy"": 0.0, ""kick_power"": 0.0, ""kick_dir"": null}, {""move_vx"": 5.8, ""move_vy"": 0.0, ""kick_power"": 0.0, ""kick_dir"": null}, {""move_vx"": 5.413587048994732, ""move_vy"": 2.811240876011251, ""kick_power"": 0.0, ""kick_dir"": null}, {""move_vx"": 5.256300341468992, ""move_vy"": 2.2048371187625087, ""kick_power"": 0.0, ""kick_dir"": null}, {""move_vx"": 5.8780562172838104, ""move_vy"": 1.203517804791912, ""kick_power"": 0.0, ""kick_dir"": null}, {""move_vx"": -4.313351365237939, ""move_vy"": -4.313351365237939, ""kick_power"": 0.0, ""kick_dir"": null}, {""move_vx"": -4.242640687119285, ""move_vy"": -4.242640687119285, ""kick_power"": 0.0, ""kick_dir"": null}, {""move_vx"": 5.416183761193479, ""move_vy"": -2.581657116075653, ""kick_power"": 0.0, ""kick_dir"": null}, {""move_vx"": -3.5355339059327373, ""move_vy"": -3.5355339059327373, ""kick_power"": 0.0, ""kick_dir"": null}, {""move_vx"": -5.280328676542246, ""move_vy"": 2.3996101907779974, ""kick_power"": 0.0, ""kick_dir"": null}, {""move_vx"": -6.991480718920071, ""move_vy"": 0.6321371346226194, ""kick_power"": 0.0, ""kick_dir"": null}, {""move_vx"": -3.8183766184073566, ""move_vy"": 3.8183766184073566, ""kick_power"": 0.0, ""kick_dir"": null}, {""move_vx"": -4.1012193308819755, ""move_vy"": -4.1012193308819755, ""kick_power"": 0.0, ""kick_dir"": null}, {""move_vx"": -5.518774241230782, ""move_vy"": 2.3543854557670882, ""kick_power"": 0.0, ""kick_dir"": null}, {""move_vx"": 4.242640687119285, ""move_vy"": 4.242640687119285, ""kick_power"": 0.0, ""kick_dir"": null}, {""move_vx"": -0.0, ""move_vy"": 0.0, ""kick_power"": 0.0, ""kick_dir"": null}, {""move_vx"": -5.760777586472083, ""move_vy"": 3.4600349130031764, ""kick_power"": 0.0, ""kick_dir"": null}, {""move_vx"": -0.0, ""move_vy"": -6.0, ""kick_power"": 0.0, ""kick_dir"": null}, {""move_vx"": 2.9407772003523283, ""move_vy"": 4.5766176875382465, ""kick_power"": 0.0, ""kick_dir"": null}]"
238,23,default,default,0,47.675072701328226,35.44423579763569,9,A,,0.3033348867389211,0.2849496657014295,0.004459335782435223,"[{""move_vx"": 0.0, ""move_vy"": 0.0, ""kick_power"": 0.0, ""kick_dir"": null}, {""move_vx"": 0.0, ""move_vy"": 0.0, ""kick_power"": 0.0, ""kick_dir"": null}, {""move_vx"": -3.937191514169175, ""move_vy"": -2.3593691912785144, ""kick_power"": 0.0, ""kick_dir"": null}, {""move_vx"": 0.0, ""move_vy"": 0.0, ""kick_power"": 0.0, ""kick_dir"": null}, {""move_vx"": 5.8, ""move_vy"": 0.0, ""kick_power"": 0.0, ""kick_dir"": null}, {""move_vx"": 5.415415288361355, ""move_vy"": 2.807717445645501, ""kick_power"": 0.0, ""kick_dir"": null}, {""move_vx"": 5.269760258932204, ""move_vy"": 2.1724702100095135, ""kick_power"": 0.0, ""kick_dir"": null}, {""move_vx"": 5.878099885910342, ""move_vy"": 1.2033045047953654, ""kick_power"": 0.0, ""kick_dir"": null}, {""move_vx"": 4.4888109928542645, ""move_vy"": -4.568873041618765, ""kick_power"": 0.0, ""kick_dir"": null}, {""move_vx"": -4.242640687119285, ""move_vy"": -4.242640687119285, ""kick_power"": 0.0, ""kick_dir"": null}, {""move_vx"": 5.415155303776653, ""move_vy"": -2.583813661234026, ""kick_power"": 0.0, ""kick_dir"": null}, {""move_vx"": -3.5355339059327373, ""move_vy"": -3.5355339059327373, ""kick_power"": 0.0, ""kick_dir"": null}, {""move_vx"": -5.280328676542245, ""move_vy"": 2.3996101907779965, ""kick_power"": 0.0, ""kick_dir"": null}, {""move_vx"": -6.9988882541521, ""move_vy"": 0.5440250048405628, ""kick_power"": 0.0, ""kick_dir"": null}, {""move_vx"": -3.8183766184073566, ""move_vy"": 3.8183766184073566, ""kick_power"": 0.0, ""kick_dir"": null}, {""move_vx"": -4.1012193308819755, ""move_vy"": -4.1012193308819755, ""kick_power"": 0.0, ""kick_dir"": null}, {""move_vx"": -5.518774241230782, ""move_vy"": 2.3543854557670882, ""kick_power"": 0.0, ""kick_dir"": null}, {""move_vx"": -6.0, ""move_vy"": 0.0, ""kick_power"": 0.0, ""kick_dir"": null}, {""move_vx"": -4.242640687119285, ""move_vy"": -4.242640687119285, ""kick_power"": 0.0, ""kick_dir"": null}, {""move_vx"": -5.868438933584937, ""move_vy"": 3.2741143050884016, ""kick_power"": 0.0, ""kick_dir"": null}, {""move_vx"": -0.0, ""move_vy"": -6.0, ""kick_power"": 0.0, ""kick_dir"": null}, {""move_vx"": -8.227216766001192, ""move_vy"": -1.2390739627757956, ""kick_power"": 0.0, ""kick_dir"": null}]"
238,24,default,default,0,47.84207522495796,35.01096138274031,9,A,,0.3147262344339653,0.2727535374714085,0.020367458110507504,"[{""move_vx"": 0.0, ""move_vy"": 0.0, ""kick_power"": 0.0, ""kick_dir"": null}, {""move_vx"": 0.0, ""move_vy"": 0.0, ""kick_power"": 0.0, ""kick_dir"": null}, {""move_vx"": -3.93719151416918, ""move_vy"": -2.3593691912785077, ""kick_power"": 0.0, ""kick_dir"": null}, {""move_vx"": 0.0, ""move_vy"": 0.0, ""kick_power"": 0.0, ""kick_dir"": null}, {""move_vx"": 5.8, ""move_vy"": 0.0, ""kick_power"": 0.0, ""kick_dir"": null}, {""move_vx"": 5.417248926944082, ""move_vy"": 2.8041779657366943, ""kick_power"": 0.0, ""kick_dir"": null}, {""move_vx"": 5.2836373126925595, ""move_vy"": 2.138498713565883, ""kick_power"": 0.0, ""kick_dir"": null}, {""move_vx"": 2.942383155212479, ""move_vy"": -4.527955539525744, ""kick_power"": 0.0, ""kick_dir"": null}, {""move_vx"": -4.313351365237939, ""move_vy"": -4.313351365237939, ""kick_power"": 0.0, ""kick_dir"": null}, {""move_vx"": -4.242640687119285, ""move_vy"": -4.242640687119285, ""kick_power"": 0.0, ""kick_dir"": null}, {""move_vx"": 5.4146532303705746, ""move_vy"": -2.5848656434788833, ""kick_power"": 0.0, ""kick_dir"": null}, {""move_vx"": -3.5355339059327373, ""move_vy"": -3.5355339059327373, ""kick_power"": 0.0, ""kick_dir"": null}, {""move_vx"": -5.280328676542246, ""move_vy"": 2.3996101907779965, ""kick_power"": 0.0, ""kick_dir"": null}, {""move_vx"": -7.005172991465259, ""move_vy"": 0.45601684140573956, ""kick_power"": 0.0, ""kick_dir"": null}, {""move_vx"": -3.8183766184073566, ""move_vy"": 3.8183766184073566, ""kick_power"": 0.0, ""kick_dir"": null}, {""move_vx"": -4.1012193308819755, ""move_vy"": -4.1012193308819755, ""kick_power"": 0.0, ""kick_dir"": null}, {""move_vx"": -5.5187742412307825, ""move_vy"": 2.3543854557670887, ""kick_power"": 0.0, ""kick_dir"": null}, {""move_vx"": 4.242640687119285, ""move_vy"": 4.242640687119285, ""kick_power"": 0.0, ""kick_dir"": null}, {""move_vx"": -4.242640687119285, ""move_vy"": -4.242640687119285, ""kick_power"": 0.0, ""kick_dir"": null}, {""move_vx"": -0.0, ""move_vy"": 0.0, ""kick_power"": 0.4, ""kick_dir"": [0.872110725783927, 0.48930788967022754]}, {""move_vx"": -0.0, ""move_vy"": -6.0, ""kick_power"": 0.0, ""kick_dir"": null}, {""move_vx"": -8.22721676600119, ""move_vy"": -1.239073962775796, ""kick_power"": 0.0, ""kick_dir"": null}]"
238,25,default,default,0,47.75722241121557,34.728118670265694,9,A,,0.3282102972221064,0.2749995191358727,0.003988241733925086,"[{""move_vx"": 0.0, ""move_vy"": 0.0, ""kick_power"": 0.0, ""kick_dir"": null}, {""move_vx"": 0.0, ""move_vy"": 0.0, ""kick_power"": 0.0, ""kick_dir"": null}, {""move_vx"": -3.9371915141691844, ""move_vy"": -2.3593691912784998, ""kick_power"": 0.0, ""kick_dir"": null}, {""move_vx"": 0.0, ""move_vy"": 0.0, ""kick_power"": 0.0, ""kick_dir"": null}, {""move_vx"": 5.8, ""move_vy"": 0.0, ""kick_power"": 0.0, ""kick_dir"": null}, {""move_vx"": 5.419088002334673, ""move_vy"": 2.80062229209017, ""kick_power"": 0.0, ""kick_dir"": null}, {""move_vx"": 5.3248732106179055, ""move_vy"": 2.033648271172711, ""kick_power"": 0.0, ""kick_dir"": null}, {""move_vx"": -5.001057168294307, ""move_vy"": 0.9997135587017572, ""kick_power"": 0.0, ""kick_dir"": null}, {""move_vx"": -4.313351365237939, ""move_vy"": -4.313351365237939, ""kick_power"": 0.0, ""kick_dir"": null}, {""move_vx"": -4.242640687119285, ""move_vy"": -4.242640687119285, ""kick_power"": 0.0, ""kick_dir"": null}, {""move_vx"": 2.220697157662511, ""move_vy"": -5.895634328378046, ""kick_power"": 0.0, ""kick_dir"": null}, {""move_vx"": -3.5355339059327373, ""move_vy"": -3.5355339059327373, ""kick_power"": 0.0, ""kick_dir"": null}, {""move_vx"": -5.280328676542246, ""move_vy"": 2.399610190777996, ""kick_power"": 0.0, ""kick_dir"": null}, {""move_vx"": -7.012220034114238, ""move_vy"": 0.3304091299690872, ""kick_power"": 0.0, ""kick_dir"": null}, {""move_vx"": -3.8183766184073566, ""move_vy"": 3.8183766184073566, ""kick_power"": 0.0, ""kick_dir"": null}, {""move_vx"": -4.1012193308819755, ""move_vy"": -4.1012193308819755, ""kick_power"": 0.0, ""kick_dir"": null}, {""move_vx"": -5.518774241230782, ""move_vy"": 2.3543854557670887, ""kick_power"": 0.0, ""kick_dir"": null}, {""move_vx"": -6.0, ""move_vy"": 0.0, ""kick_power"": 0.0, ""kick_dir"": null}, {""move_vx"": 4.242640687119285, ""move_vy"": 4.242640687119285, ""kick_power"": 0.0, ""kick_dir"": null}, {""move_vx"": -0.0, ""move_vy"": 0.0, ""kick_power"": 0.4, ""kick_dir"": [0.8100235063558388, 0.5863967880768571]}, {""move_vx"": -0.0, ""move_vy"": -6.0, ""kick_power"": 0.0, ""kick_dir"": null}, {""move_vx"": -8.22721676600119, ""move_vy"": -1.2390739627757972, ""kick_power"": 0.0, ""kick_dir"": null}]"
238,26,default,default,0,47.672369597473185,34.445275957791075,9,A,,0.3417455682853322,0.27410518331903583,0.0034814303979458622,"[{""move_vx"": 0.0, ""move_vy"": 0.0, ""kick_power"": 0.0, ""kick_dir"": null}, {""move_vx"": 0.0, ""move_vy"": 0.0, ""kick_power"": 0.0, ""kick_dir"": null}, {""move_vx"": -3.9371915141691907, ""move_vy"": -2.35936919127849, ""kick_power"": 0.0, ""kick_dir"": null}, {""move_vx"": 0.0, ""move_vy"": 0.0, ""kick_power"": 0.0, ""kick_dir"": null}, {""move_vx"": 5.8, ""move_vy"": 0.0, ""kick_power"": 0.0, ""kick_dir"": null}, {""move_vx"": 4.951245038882742, ""move_vy"": 4.0631511865717025, ""kick_power"": 0.0, ""kick_dir"": null}, {""move_vx"": 5.345344720115849, ""move_vy"": 1.9792144459682997, ""kick_power"": 0.0, ""kick_dir"": null}, {""move_vx"": -5.001057168294306, ""move_vy"": 0.9997135587017585, ""kick_power"": 0.0, ""kick_dir"": null}, {""move_vx"": -4.313351365237939, ""move_vy"": -4.313351365237939, ""kick_power"": 0.0, ""kick_dir"": null}, {""move_vx"": -4.242640687119285, ""move_vy"": -4.242640687119285, ""kick_power"": 0.0, ""kick_dir"": null}, {""move_vx"": 1.8028132122342857, ""move_vy"": -5.0901733292485725, ""kick_power"": 0.0, ""kick_dir"": null}, {""move_vx"": -3.5355339059327373, ""move_vy"": -3.5355339059327373, ""kick_power"": 0.0, ""kick_dir"": null}, {""move_vx"": -5.280328676542246, ""move_vy"": 2.399610190777995, ""kick_power"": 0.0, ""kick_dir"": null}, {""move_vx"": -7.0157753754379435, ""move_vy"": 0.2435074565564558, ""kick_power"": 0.0, ""kick_dir"": null}, {""move_vx"": -3.8183766184073566, ""move_vy"": 3.8183766184073566, ""kick_power"": 0.0, ""kick_dir"": null}, {""move_vx"": -4.1012193308819755, ""move_vy"": -4.1012193308819755, ""kick_power"": 0.0, ""kick_dir"": null}, {""move_vx"": -5.518774241230782, ""move_vy"": 2.3543854557670887, ""kick_power"": 0.0, ""kick_dir"": null}, {""move_vx"": -0.0, ""move_vy"": 0.0, ""kick_power"": 0.9, ""kick_dir"": [0.28645319788558654, -0.9580939536123523]}, {""move_vx"": -4.242640687119285, ""move_vy"": -4.242640687119285, ""kick_power"": 0.0, ""kick_dir"": null}, {""move_vx"": -0.0, ""move_vy"": 0.0, ""kick_power"": 0.4, ""kick_dir"": [0.7245986453234528, 0.6891705343628535]}, {""move_vx"": -0.0, ""move_vy"": -6.0, ""kick_power"": 0.0, ""kick_dir"": null}, {""move_vx"": -0.0, ""move_vy"": 0.0, ""kick_power"": 0.65, ""kick_dir"": [0.9745525253973286, 0.2241586491145131]}]"
238,27,default,default,0,47.5875167837308,34.16243324531646,9,A,,0.3553212325091811,0.2740201036277167,-0.0030674251935257344,"[{""move_vx"": 0.0, ""move_vy"": 0.0, ""kick_power"": 0.0, ""kick_dir"": null}, {""move_vx"": 0.0, ""move_vy"": 0.0, ""kick_power"": 0.0, ""kick_dir"": null}, {""move_vx"": -3.937191514169194, ""move_vy"": -2.3593691912784833, ""kick_power"": 0.0, ""kick_dir"": null}, {""move_vx"": 0.0, ""move_vy"": 0.0, ""kick_power"": 0.0, ""kick_dir"": null}, {""move_vx"": 5.8, ""move_vy"": 0.0, ""kick_power"": 0.0, ""kick_dir"": null}, {""move_vx"": 5.011571510644057, ""move_vy"": 3.9885054837245564, ""kick_power"": 0.0, ""kick_dir"": null}, {""move_vx"": 5.36590503609718, ""move_vy"": 1.9227748551473491, ""kick_power"": 0.0, ""kick_dir"": null}, {""move_vx"": -5.001057168294306, ""move_vy"": 0.9997135587017598, ""kick_power"": 0.0, ""kick_dir"": null}, {""move_vx"": -4.313351365237939, ""move_vy"": -4.313351365237939, ""kick_power"": 0.0, ""kick_dir"": null}, {""move_vx"": -4.242640687119285, ""move_vy"": -4.242640687119285, ""kick_power"": 0.0, ""kick_dir"": null}, {""move_vx"": 1.98659149763827, ""move_vy"": -5.97858296099597, ""kick_power"": 0.0, ""kick_dir"": null}, {""move_vx"": -3.5355339059327373, ""move_vy"": -3.5355339059327373, ""kick_power"": 0.0, ""kick_dir"": null}, {""move_vx"": -5.280328676542246, ""move_vy"": 2.3996101907779943, ""kick_power"": 0.0, ""kick_dir"": null}, {""move_vx"": -7.018280822918457, ""move_vy"": 0.1553521504680353, ""kick_power"": 0.0, ""kick_dir"": null}, {""move_vx"": -3.8183766184073566, ""move_vy"": 3.8183766184073566, ""kick_power"": 0.0, ""kick_dir"": null}, {""move_vx"": -4.1012193308819755, ""move_vy"": -4.1012193308819755, ""kick_power"": 0.0, ""kick_dir"": null}, {""move_vx"": -5.518774241230782, ""move_vy"": 2.3543854557670887, ""kick_power"": 0.0, ""kick_dir"": null}, {""move_vx"": -0.0, ""move_vy"": 0.0, ""kick_power"": 0.9, ""kick_dir"": [0.19994693324572363, -0.9798064321293041]}, {""move_vx"": 4.242640687119285, ""move_vy"": 4.242640687119285, ""kick_power"": 0.0, ""kick_dir"": null}, {""move_vx"": -0.0, ""move_vy"": 0.0, ""kick_power"": 0.4, ""kick_dir"": [0.6126440791060436, 0.7903584079079613]}, {""move_vx"": -0.0, ""move_vy"": 0.0, ""kick_power"": 0.65, ""kick_dir"": [0.9989195420230246, -0.04647135792603512]}, {""move_vx"": -8.22721676600119, ""move_vy"": -1.2390739627757978, ""kick_power"": 0.0, ""kick_dir"": null}]"
238,28,default,default,0,47.50266396998841,33.87959053284184,9,A,,0.368927958063147,0.2727145598337225,0.006417288526200378,"[{""move_vx"": 0.0, ""move_vy"": 0.0, ""kick_power"": 0.0, ""kick_dir"": null}, {""move_vx"": 0.0, ""move_vy"": 0.0, ""kick_power"": 0.0, ""kick_dir"": null}, {""move_vx"": -3.937191514169199, ""move_vy"": -2.3593691912784753, ""kick_power"": 0.0, ""kick_dir"": null}, {""move_vx"": 0.0, ""move_vy"": 0.0, ""kick_power"": 0.0, ""kick_dir"": null}, {""move_vx"": 5.8, ""move_vy"": 0.0, ""kick_power"": 0.0, ""kick_dir"": null}, {""move_vx"": 5.074248362098134, ""move_vy"": 3.9084560327249966, ""kick_power"": 0.0, ""kick_dir"": null}, {""move_vx"": 5.386527543629406, ""move_vy"": 1.8642212909742644, ""kick_power"": 0.0, ""kick_dir"": null}, {""move_vx"": -5.001057168294306, ""move_vy"": 0.9997135587017616, ""kick_power"": 0.0, ""kick_dir"": null}, {""move_vx"": -4.313351365237939, ""move_vy"": -4.313351365237939, ""kick_power"": 0.0, ""kick_dir"": null}, {""move_vx"": -4.242640687119285, ""move_vy"": -4.242640687119285, ""kick_power"": 0.0, ""kick_dir"": null}, {""move_vx"": 1.6028515155680938, ""move_vy"": -5.156633302751037, ""kick_power"": 0.0, ""kick_dir"": null}, {""move_vx"": -6.48082106316901, ""move_vy"": -0.4989572598779359, ""kick_power"": 0.0, ""kick_dir"": null}, {""move_vx"": -5.280328676542246, ""move_vy"": 2.399610190777994, ""kick_power"": 0.0, ""kick_dir"": null}, {""move_vx"": -7.01969024718009, ""move_vy"": 0.06594568708198982, ""kick_power"": 0.0, ""kick_dir"": null}, {""move_vx"": -3.8183766184073566, ""move_vy"": 3.8183766184073566, ""kick_power"": 0.0, ""kick_dir"": null}, {""move_vx"": -4.1012193308819755, ""move_vy"": -4.1012193308819755, ""kick_power"": 0.0, ""kick_dir"": null}, {""move_vx"": -5.518774241230782, ""move_vy"": 2.354385455767089, ""kick_power"": 0.0, ""kick_dir"": null}, {""move_vx"": -0.0, ""move_vy"": 0.0, ""kick_power"": 0.9, ""kick_dir"": [0.09941908049737885, -0.9950453403422574]}, {""move_vx"": -4.242640687119285, ""move_vy"": -4.242640687119285, ""kick_power"": 0.0, ""kick_dir"": null}, {""move_vx"": -0.0, ""move_vy"": 0.0, ""kick_power"": 0.4, ""kick_dir"": [0.4754613745937354, 0.8797361183026109]}, {""move_vx"": -0.0, ""move_vy"": -6.0, ""kick_power"": 0.0, ""kick_dir"": null}, {""move_vx"": -8.22721676600119, ""move_vy"": -1.2390739627757985, ""kick_power"": 0.0, ""kick_dir"": null}]"
238,29,default,default,0,47.417811156246024,33.59674782036722,9,A,,0.3825577612542271,0.2777320752521666,-0.005930913667627872,"[{""move_vx"": 0.0, ""move_vy"": 0.0, ""kick_power"": 0.0, ""kick_dir"": null}, {""move_vx"": 0.0, ""move_vy"": 0.0, ""kick_power"": 0.0, ""kick_dir"": null}, {""move_vx"": -3.9371915141691893, ""move_vy"": -2.3593691912784918, ""kick_power"": 0.0, ""kick_dir"": null}, {""move_vx"": 0.0, ""move_vy"": 0.0, ""kick_power"": 0.0, ""kick_dir"": null}, {""move_vx"": 5.8, ""move_vy"": 0.0, ""kick_power"": 0.0, ""kick_dir"": null}, {""move_vx"": 5.1393627413118255, ""move_vy"": 3.822430589718511, ""kick_power"": 0.0, ""kick_dir"": null}, {""move_vx"": 5.407181368631208, ""move_vy"": 1.8034382847016224, ""kick_power"": 0.0, ""kick_dir"": null}, {""move_vx"": 4.242640687119285, ""move_vy"": 4.242640687119285, ""kick_power"": 0.0, ""kick_dir"": null}, {""move_vx"": 4.585276912014649, ""move_vy"": -4.472053291290859, ""kick_power"": 0.0, ""kick_dir"": null}, {""move_vx"": -4.242640687119285, ""move_vy"": -4.242640687119285, ""kick_power"": 0.0, ""kick_dir"": null}, {""move_vx"": 1.754460847590604, ""move_vy"": -6.050774093805822, ""kick_power"": 0.0, ""kick_dir"": null}, {""move_vx"": -0.0, ""move_vy"": -5.0, ""kick_power"": 0.0, ""kick_dir"": null}, {""move_vx"": -5.280328676542247, ""move_vy"": 2.399610190777993, ""kick_power"": 0.0, ""kick_dir"": null}, {""move_vx"": -5.2838810723813046, ""move_vy"": -1.1138226128655297, ""kick_power"": 0.0, ""kick_dir"": null}, {""move_vx"": -3.8183766184073566, ""move_vy"": 3.8183766184073566, ""kick_power"": 0.0, ""kick_dir"": null}, {""move_vx"": -4.1012193308819755, ""move_vy"": -4.1012193308819755, ""kick_power"": 0.0, ""kick_dir"": null}, {""move_vx"": -5.5187742412307825, ""move_vy"": 2.3543854557670896, ""kick_power"": 0.0, ""kick_dir"": null}, {""move_vx"": -0.0, ""move_vy"": 0.0, ""kick_power"": 0.9, ""kick_dir"": [-0.014895014839681857, -0.9998887371644496]}, {""move_vx"": 4.242640687119285, ""move_vy"": 4.242640687119285, ""kick_power"": 0.0, ""kick_dir"": null}, {""move_vx"": -0.0, ""move_vy"": 0.0, ""kick_power"": 0.4, ""kick_dir"": [0.3207270335115744, 0.9471712228750941]}, {""move_vx"": -0.0, ""move_vy"": 0.0, ""kick_power"": 0.65, ""kick_dir"": [0.9998991812985241, -0.01419385864307208]}, {""move_vx"": -8.22721676600119, ""move_vy"": -1.2390739627757992, ""kick_power"": 0.0, ""kick_dir"": null}]"
238,30,default,default,0,47.33295834250364,33.3139051078926,9,A,,0.39620384153894456,0.2739515272231827,-0.006848866550806167,"[{""move_vx"": 0.0, ""move_vy"": 0.0, ""kick_power"": 0.0, ""kick_dir"": null}, {""move_vx"": 0.0, ""move_vy"": 0.0, ""kick_power"": 0.0, ""kick_dir"": null}, {""move_vx"": -3.937191514169196, ""move_vy"": -2.3593691912784815, ""kick_power"": 0.0, ""kick_dir"": null}, {""move_vx"": 0.0, ""move_vy"": 0.0, ""kick_power"": 0.0, ""kick_dir"": null}, {""move_vx"": 5.8, ""move_vy"": 0.0, ""kick_power"": 0.0, ""kick_dir"": null}, {""move_vx"": 5.206992331398119, ""move_vy"": 3.729779599488579, ""kick_power"": 0.0, ""kick_dir"": null}, {""move_vx"": 3.665114629115149, ""move_vy"": -3.546397433374624, ""kick_power"": 0.0, ""kick_dir"": null}, {""move_vx"": -5.045988006745086, ""move_vy"": 0.7402736222402879, ""kick_power"": 0.0, ""kick_dir"": null}, {""move_vx"": 4.542036570755233, ""move_vy"": -4.515963771989546, ""kick_power"": 0.0, ""kick_dir"": null}, {""move_vx"": -4.242640687119285, ""move_vy"": -4.242640687119285, ""kick_power"": 0.0, ""kick_dir"": null}, {""move_vx"": 1.4051431593432888, ""move_vy"": -5.213978586621809, ""kick_power"": 0.0, ""kick_dir"": null}, {""move_vx"": -3.5355339059327373, ""move_vy"": -3.5355339059327373, ""kick_power"": 0.0, ""kick_dir"": null}, {""move_vx"": -5.280328676542247, ""move_vy"": 2.3996101907779925, ""kick_power"": 0.0, ""kick_dir"": null}, {""move_vx"": -7.019390631112392, ""move_vy"": -0.09249415036405965, ""kick_power"": 0.0, ""kick_dir"": null}, {""move_vx"": -3.8183766184073566, ""move_vy"": 3.8183766184073566, ""kick_power"": 0.0, ""kick_dir"": null}, {""move_vx"": -4.1012193308819755, ""move_vy"": -4.1012193308819755, ""kick_power"": 0.0, ""kick_dir"": null}, {""move_vx"": -0.0, ""move_vy"": 0.0, ""kick_power"": 0.0, ""kick_dir"": null}, {""move_vx"": -0.0, ""move_vy"": 0.0, ""kick_power"": 0.9, ""kick_dir"": [-0.14067544798826181, -0.9900554217410471]}, {""move_vx"": 4.242640687119285, ""move_vy"": 4.242640687119285, ""kick_power"": 0.0, ""kick_dir"": null}, {""move_vx"": -0.0, ""move_vy"": 0.0, ""kick_power"": 0.4, ""kick_dir"": [0.1610430572781607, 0.9869469647634134]}, {""move_vx"": -0.0, ""move_vy"": -6.0, ""kick_power"": 0.0, ""kick_dir"": null}, {""move_vx"": -8.22721676600119, ""move_vy"": -1.2390739627757998, ""kick_power"": 0.0, ""kick_dir"": null}]"
238,31,default,default,0,47.24810552876125,33.03106239541798,9,A,,0.4098604156166101,0.26827942673199046,-0.0037449731157521765,"[{""move_vx"": 0.0, ""move_vy"": 0.0, ""kick_power"": 0.0, ""kick_dir"": null}, {""move_vx"": 0.0, ""move_vy"": 0.0, ""kick_power"": 0.0, ""kick_dir"": null}, {""move_vx"": -3.93719151416918, ""move_vy"": -2.3593691912785077, ""kick_power"": 0.0, ""kick_dir"": null}, {""move_vx"": 0.0, ""move_vy"": 0.0, ""kick_power"": 0.0, ""kick_dir"": null}, {""move_vx"": 5.8, ""move_vy"": 0.0, ""kick_power"": 0.0, ""kick_dir"": null}, {""move_vx"": 0.0, ""move_vy"": 0.0, ""kick_power"": 0.9, ""kick_dir"": [-0.9693044513246665, -0.24586317455767956]}, {""move_vx"": 0.0, ""move_vy"": 0.0, ""kick_power"": 0.0, ""kick_dir"": null}, {""move_vx"": 4.242640687119285, ""move_vy"": 4.242640687119285, ""kick_power"": 0.0, ""kick_dir"": null}, {""move_vx"": 4.498184422480925, ""move_vy"": -4.559644931499595, ""kick_power"": 0.0, ""kick_dir"": null}, {""move_vx"": -4.242640687119285, ""move_vy"": -4.242640687119285, ""kick_power"": 0.0, ""kick_dir"": null}, {""move_vx"": 1.3076502402139591, ""move_vy"": -5.2392796116707085, ""kick_power"": 0.0, ""kick_dir"": null}, {""move_vx"": -3.5355339059327373, ""move_vy"": -3.5355339059327373, ""kick_power"": 0.0, ""kick_dir"": null}, {""move_vx"": -5.280328676542248, ""move_vy"": 2.399610190777992, ""kick_power"": 0.0, ""kick_dir"": null}, {""move_vx"": -7.017555830032156, ""move_vy"": -0.1852300525878947, ""kick_power"": 0.0, ""kick_dir"": null}, {""move_vx"": -3.8183766184073566, ""move_vy"": 3.8183766184073566, ""kick_power"": 0.0, ""kick_dir"": null}, {""move_vx"": -4.1012193308819755, ""move_vy"": -4.1012193308819755, ""kick_power"": 0.0, ""kick_dir"": null}, {""move_vx"": -5.518774241230782, ""move_vy"": 2.3543854557670896, ""kick_power"": 0.0, ""kick_dir"": null}, {""move_vx"": -0.0, ""move_vy"": 0.0, ""kick_power"": 0.9, ""kick_dir"": [-0.14067544798826181, -0.9900554217410471]}, {""move_vx"": 4.242640687119285, ""move_vy"": 4.242640687119285, ""kick_power"": 0.0, ""kick_dir"": null}, {""move_vx"": -0.0, ""move_vy"": 0.0, ""kick_power"": 0.4, ""kick_dir"": [0.1610430572781607, 0.9869469647634134]}, {""move_vx"": -0.0, ""move_vy"": -6.0, ""kick_power"": 0.0, ""kick_dir"": null}, {""move_vx"": -8.22721676600119, ""move_vy"": -1.2390739627758005, ""kick_power"": 0.0, ""kick_dir"": null}]"
238,32,default,default,0,47.163252715018864,32.748219682943365,9,A,,0.4235225643395147,0.2700564967196612,-0.006310265111222375,"[{""move_vx"": 0.0, ""move_vy"": 0.0, ""kick_power"": 0.0, ""kick_dir"": null}, {""move_vx"": 0.0, ""move_vy"": 0.0, ""kick_power"": 0.0, ""kick_dir"": null}, {""move_vx"": -3.9371915141691973, ""move_vy"": -2.359369191278479, ""kick_power"": 0.0, ""kick_dir"": null}, {""move_vx"": 0.0, ""move_vy"": 0.0, ""kick_power"": 0.0, ""kick_dir"": null}, {""move_vx"": 5.8, ""move_vy"": 0.0, ""kick_power"": 0.0, ""kick_dir"": null}, {""move_vx"": 5.446931140483749, ""move_vy"": 2.746077411659838, ""kick_power"": 0.0, ""kick_dir"": null}, {""move_vx"": 0.0, ""move_vy"": 0.0, ""kick_power"": 0.0, ""kick_dir"": null}, {""move_vx"": -5.076930898076679, ""move_vy"": 0.48453344172959434, ""kick_power"": 0.0, ""kick_dir"": null}, {""move_vx"": 4.453720149557225, ""move_vy"": -4.603086120140266, ""kick_power"": 0.0, ""kick_dir"": null}, {""move_vx"": -4.242640687119285, ""move_vy"": -4.242640687119285, ""kick_power"": 0.0, ""kick_dir"": null}, {""move_vx"": 1.2114637075724373, ""move_vy"": -5.262352675869876, ""kick_power"": 0.0, ""kick_dir"": null}, {""move_vx"": -3.5355339059327373, ""move_vy"": -3.5355339059327373, ""kick_power"": 0.0, ""kick_dir"": null}, {""move_vx"": -5.280328676542248, ""move_vy"": 2.3996101907779916, ""kick_power"": 0.0, ""kick_dir"": null}, {""move_vx"": -7.014446112343792, ""move_vy"": -0.2791876376651909, ""kick_power"": 0.0, ""kick_dir"": null}, {""move_vx"": -3.8183766184073566, ""move_vy"": 3.8183766184073566, ""kick_power"": 0.0, ""kick_dir"": null}, {""move_vx"": -4.1012193308819755, ""move_vy"": -4.1012193308819755, ""kick_power"": 0.0, ""kick_dir"": null}, {""move_vx"": -5.518774241230782, ""move_vy"": 2.3543854557670896, ""kick_power"": 0.0, ""kick_dir"": null}, {""move_vx"": -0.0, ""move_vy"": 0.0, ""kick_power"": 0.9, ""kick_dir"": [-0.2729985216871279, -0.9620140895740847]}, {""move_vx"": 4.242640687119285, ""move_vy"": 4.242640687119285, ""kick_power"": 0.0, ""kick_dir"": null}, {""move_vx"": -0.0, ""move_vy"": 0.0, ""kick_power"": 0.4, ""kick_dir"": [0.009268731266106882, 0.9999566533023004]}, {""move_vx"": -0.0, ""move_vy"": 0.0, ""kick_power"": 0.65, ""kick_dir"": [0.983539442067895, -0.1806930995029883]}, {""move_vx"": -8.22721676600119, ""move_vy"": -1.2390739627758012, ""kick_power"": 0.0, ""kick_dir"": null}]"
238,33,default,default,0,47.07839990127648,32.465376970468746,9,A,,0.43718609775383444,0.2693162717396427,-0.005173319966250788,"[{""move_vx"": 0.0, ""move_vy"": 0.0, ""kick_power"": 0.0, ""kick_dir"": null}, {""move_vx"": 0.0, ""move_vy"": 0.0, ""kick_power"": 0.0, ""kick_dir"": null}, {""move_vx"": -3.9371915141691636, ""move_vy"": -2.3593691912785353, ""kick_power"": 0.0, ""kick_dir"": null}, {""move_vx"": 0.0, ""move_vy"": 0.0, ""kick_power"": 0.0, ""kick_dir"": null}, {""move_vx"": 5.8, ""move_vy"": 0.0, ""kick_power"": 0.0, ""kick_dir"": null}, {""move_vx"": 5.448773550260256, ""move_vy"": 2.742419879957159, ""kick_power"": 0.0, ""kick_dir"": null}, {""move_vx"": 0.0, ""move_vy"": 0.0, ""kick_power"": 0.0, ""kick_dir"": null}, {""move_vx"": -5.07693089807668, ""move_vy"": 0.4845334417295883, ""kick_power"": 0.0, ""kick_dir"": null}, {""move_vx"": 4.408643638501004, ""move_vy"": -4.646276602690012, ""kick_power"": 0.0, ""kick_dir"": null}, {""move_vx"": -4.242640687119285, ""move_vy"": -4.242640687119285, ""kick_power"": 0.0, ""kick_dir"": null}, {""move_vx"": 1.116693829686204, ""move_vy"": -5.28327501562627, ""kick_power"": 0.0, ""kick_dir"": null}, {""move_vx"": -3.5355339059327373, ""move_vy"": -3.5355339059327373, ""kick_power"": 0.0, ""kick_dir"": null}, {""move_vx"": -5.280328676542248, ""move_vy"": 2.3996101907779908, ""kick_power"": 0.0, ""kick_dir"": null}, {""move_vx"": -7.010011347624812, ""move_vy"": -0.37435398511484186, ""kick_power"": 0.0, ""kick_dir"": null}, {""move_vx"": -3.8183766184073566, ""move_vy"": 3.8183766184073566, ""kick_power"": 0.0, ""kick_dir"": null}, {""move_vx"": -4.1012193308819755, ""move_vy"": -4.1012193308819755, ""kick_power"": 0.0, ""kick_dir"": null}, {""move_vx"": -5.518774241230782, ""move_vy"": 2.35438545576709, ""kick_power"": 0.0, ""kick_dir"": null}, {""move_vx"": -0.0, ""move_vy"": 0.0, ""kick_power"": 0.9, ""kick_dir"": [-0.4047249609700512, -0.9144380797878743]}, {""move_vx"": 4.242640687119285, ""move_vy"": 4.242640687119285, ""kick_power"": 0.0, ""kick_dir"": null}, {""move_vx"": -0.0, ""move_vy"": 0.0, ""kick_power"": 0.4, ""kick_dir"": [-0.12582480135992116, 0.9920521096621046]}, {""move_vx"": -0.0, ""move_vy"": -6.0, ""kick_power"": 0.0, ""kick_dir"": null}, {""move_vx"": -8.22721676600119, ""move_vy"": -1.239073962775802, ""kick_power"": 0.0, ""kick_dir"": null}]"
238,34,default,default,0,46.99354708753409,32.18253425799413,9,A,,0.45084743919940934,0.2685473617323,-0.004948427148827759,"[{""move_vx"": 0.0, ""move_vy"": 0.0, ""kick_power"": 0.0, ""kick_dir"": null}, {""move_vx"": 0.0, ""move_vy"": 0.0, ""kick_power"": 0.0, ""kick_dir"": null}, {""move_vx"": -3.9371915141692075, ""move_vy"": -2.3593691912784625, ""kick_power"": 0.0, ""kick_dir"": null}, {""move_vx"": 0.0, ""move_vy"": 0.0, ""kick_power"": 0.0, ""kick_dir"": null}, {""move_vx"": 5.8, ""move_vy"": 0.0, ""kick_power"": 0.0, ""kick_dir"": null}, {""move_vx"": 5.450621552350749, ""move_vy"": 2.738745094573336, ""kick_power"": 0.0, ""kick_dir"": null}, {""move_vx"": 0.0, ""move_vy"": 0.0, ""kick_power"": 0.0, ""kick_dir"": null}, {""move_vx"": -5.076930898076679, ""move_vy"": 0.48453344172959406, ""kick_power"": 0.0, ""kick_dir"": null}, {""move_vx"": 4.362954984794544, ""move_vy"": -4.689205561782981, ""kick_power"": 0.0, ""kick_dir"": null}, {""move_vx"": -4.242640687119285, ""move_vy"": -4.242640687119285, ""kick_power"": 0.0, ""kick_dir"": null}, {""move_vx"": 1.0234420178661283, ""move_vy"": -5.302128481663389, ""kick_power"": 0.0, ""kick_dir"": null}, {""move_vx"": -3.5355339059327373, ""move_vy"": -3.5355339059327373, ""kick_power"": 0.0, ""kick_dir"": null}, {""move_vx"": -5.280328676542248, ""move_vy"": 2.3996101907779903, ""kick_power"": 0.0, ""kick_dir"": null}, {""move_vx"": -7.004200791582367, ""move_vy"": -0.47071357660147956, ""kick_power"": 0.0, ""kick_dir"": null}, {""move_vx"": -5.878142221064926, ""move_vy"": -0.8550111279591122, ""kick_power"": 0.0, ""kick_dir"": null}, {""move_vx"": -4.1012193308819755, ""move_vy"": -4.1012193308819755, ""kick_power"": 0.0, ""kick_dir"": null}, {""move_vx"": -5.518774241230782, ""move_vy"": 2.3543854557670896, ""kick_power"": 0.0, ""kick_dir"": null}, {""move_vx"": -0.0, ""move_vy"": 0.0, ""kick_power"": 0.9, ""kick_dir"": [-0.5280686788101485, -0.8492012567294569]}, {""move_vx"": 4.242640687119285, ""move_vy"": 4.242640687119285, ""kick_power"": 0.0, ""kick_dir"": null}, {""move_vx"": -0.0, ""move_vy"": 0.0, ""kick_power"": 0.4, ""kick_dir"": [-0.24075639283241268, 0.9705852271475937]}, {""move_vx"": -0.0, ""move_vy"": 0.0, ""kick_power"": 0.65, ""kick_dir"": [0.9916035434790326, -0.12931446123367443]}, {""move_vx"": -8.22721676600119, ""move_vy"": -1.239073962775803, ""kick_power"": 0.0, ""kick_dir"": null}]"
238,35,default,default,0,46.9086942737917,31.899691545519506,9,A,,0.46450352729992567,0.27296541201095637,-0.011243323424959895,"[{""move_vx"": 0.0, ""move_vy"": 0.0, ""kick_power"": 0.0, ""kick_dir"": null}, {""move_vx"": 0.0, ""move_vy"": 0.0, ""kick_power"": 0.4, ""kick_dir"": [-0.7683442539660749, 0.6400366799000496]}, {""move_vx"": 3.9371915141692875, ""move_vy"": 2.3593691912783274, ""kick_power"": 0.0, ""kick_dir"": null}, {""move_vx"": 0.0, ""move_vy"": 0.0, ""kick_power"": 0.0, ""kick_dir"": null}, {""move_vx"": 5.8, ""move_vy"": 0.0, ""kick_power"": 0.0, ""kick_dir"": null}, {""move_vx"": 5.452475187276921, ""move_vy"": 2.735052893844926, ""kick_power"": 0.0, ""kick_dir"": null}, {""move_vx"": 0.0, ""move_vy"": 0.0, ""kick_power"": 0.0, ""kick_dir"": null}, {""move_vx"": -5.07693089807668, ""move_vy"": 0.48453344172958723, ""kick_power"": 0.0, ""kick_dir"": null}, {""move_vx"": 4.3166544977674475, ""move_vy"": -4.731862101425196, ""kick_power"": 0.0, ""kick_dir"": null}, {""move_vx"": -4.242640687119285, ""move_vy"": -4.242640687119285, ""kick_power"": 0.0, ""kick_dir"": null}, {""move_vx"": 0.9318006817217165, ""move_vy"": -5.318998729981325, ""kick_power"": 0.0, ""kick_dir"": null}, {""move_vx"": -0.0, ""move_vy"": 0.0, ""kick_power"": 1.0, ""kick_dir"": [-0.9992339344056431, 0.03913419024165825]}, {""move_vx"": -5.280328676542249, ""move_vy"": 2.3996101907779894, ""kick_power"": 0.0, ""kick_dir"": null}, {""move_vx"": -5.276534534903833, ""move_vy"": -1.1481216407537969, ""kick_power"": 0.0, ""kick_dir"": null}, {""move_vx"": -3.8183766184073566, ""move_vy"": 3.8183766184073566, ""kick_power"": 0.0, ""kick_dir"": null}, {""move_vx"": -4.1012193308819755, ""move_vy"": -4.1012193308819755, ""kick_power"": 0.0, ""kick_dir"": null}, {""move_vx"": -5.518774241230782, ""move_vy"": 2.35438545576709, ""kick_power"": 0.0, ""kick_dir"": null}, {""move_vx"": -0.0, ""move_vy"": 0.0, ""kick_power"": 0.9, ""kick_dir"": [-0.6367195176628018, -0.7710950527452586]}, {""move_vx"": 4.242640687119285, ""move_vy"": 4.242640687119285, ""kick_power"": 0.0, ""kick_dir"": null}, {""move_vx"": -0.0, ""move_vy"": 0.0, ""kick_power"": 0.4, ""kick_dir"": [-0.33597060301925175, 0.9418721419440083]}, {""move_vx"": -0.0, ""move_vy"": -6.0, ""kick_power"": 0.0, ""kick_dir"": null}, {""move_vx"": -0.0, ""move_vy"": 0.0, ""kick_power"": 0.0, ""kick_dir"": null}]"
238,36,default,default,0,46.823841460049316,31.616848833044887,9,A,,0.47815173382080123,0.2613782036881406,-0.007084403689828525,"[{""move_vx"": 0.0, ""move_vy"": 0.0, ""kick_power"": 0.0, ""kick_dir"": null}, {""move_vx"": 0.0, ""move_vy"": 0.0, ""kick_power"": 0.4, ""kick_dir"": [-0.763380279199281, 0.6459492202504739]}, {""move_vx"": -3.937191514169274, ""move_vy"": -2.35936919127835, ""kick_power"": 0.0, ""kick_dir"": null}, {""move_vx"": 0.0, ""move_vy"": 0.0, ""kick_power"": 0.0, ""kick_dir"": null}, {""move_vx"": 5.8, ""move_vy"": 0.0, ""kick_power"": 0.0, ""kick_dir"": null}, {""move_vx"": 5.454334496055229, ""move_vy"": 2.731343113770575, ""kick_power"": 0.0, ""kick_dir"": null}, {""move_vx"": 0.0, ""move_vy"": 0.0, ""kick_power"": 0.0, ""kick_dir"": null}, {""move_vx"": -5.076930898076679, ""move_vy"": 0.48453344172959373, ""kick_power"": 0.0, ""kick_dir"": null}, {""move_vx"": -4.313351365237939, ""move_vy"": -4.313351365237939, ""kick_power"": 0.0, ""kick_dir"": null}, {""move_vx"": -4.242640687119285, ""move_vy"": -4.242640687119285, ""kick_power"": 0.0, ""kick_dir"": null}, {""move_vx"": 0.841853177898269, ""move_vy"": -5.333974430653243, ""kick_power"": 0.0, ""kick_dir"": null}, {""move_vx"": -3.5355339059327373, ""move_vy"": 3.5355339059327373, ""kick_power"": 0.0, ""kick_dir"": null}, {""move_vx"": -5.28032867654225, ""move_vy"": 2.399610190777989, ""kick_power"": 0.0, ""kick_dir"": null}, {""move_vx"": -6.9899050530431746, ""move_vy"": -0.649328383363541, ""kick_power"": 0.0, ""kick_dir"": null}, {""move_vx"": -5.87645650821486, ""move_vy"": -0.8665211521130016, ""kick_power"": 0.0, ""kick_dir"": null}, {""move_vx"": -4.1012193308819755, ""move_vy"": -4.1012193308819755, ""kick_power"": 0.0, ""kick_dir"": null}, {""move_vx"": -5.518774241230782, ""move_vy"": 2.3543854557670905, ""kick_power"": 0.0, ""kick_dir"": null}, {""move_vx"": -0.0, ""move_vy"": 0.0, ""kick_power"": 0.9, ""kick_dir"": [0.9769348046085816, -0.21353717543892042]}, {""move_vx"": 4.242640687119285, ""move_vy"": 4.242640687119285, ""kick_power"": 0.0, ""kick_dir"": null}, {""move_vx"": -0.0, ""move_vy"": 0.0, ""kick_power"": 0.4, ""kick_dir"": [-0.4138800990855336, 0.9103310891716373]}, {""move_vx"": -0.0, ""move_vy"": -6.0, ""kick_power"": 0.0, ""kick_dir"": null}, {""move_vx"": -0.0, ""move_vy"": 0.0, ""kick_power"": 0.0, ""kick_dir"": null}]"
238,37,default,default,0,46.73898864630693,31.33400612057027,9,A,,0.4917897951600159,0.26778930019506464,-0.009514242673272352,"[{""move_vx"": 0.0, ""move_vy"": 0.0, ""kick_power"": 0.0, ""kick_dir"": null}, {""move_vx"": 0.0, ""move_vy"": 0.0, ""kick_power"": 0.4, ""kick_dir"": [-0.7860474787002774, 0.6181660060174274]}, {""move_vx"": 3.9371915141692093, ""move_vy"": 2.3593691912784585, ""kick_power"": 0.0, ""kick_dir"": null}, {""move_vx"": 0.0, ""move_vy"": 0.0, ""kick_power"": 0.0, ""kick_dir"": null}, {""move_vx"": 5.8, ""move_vy"": 0.0, ""kick_power"": 0.0, ""kick_dir"": null}, {""move_vx"": 5.456199520205551, ""move_vy"": 2.7276155879648285, ""kick_power"": 0.0, ""kick_dir"": null}, {""move_vx"": 0.0, ""move_vy"": 0.0, ""kick_power"": 0.0, ""kick_dir"": null}, {""move_vx"": -5.07693089807668, ""move_vy"": 0.48453344172958585, ""kick_power"": 0.0, ""kick_dir"": null}, {""move_vx"": -4.313351365237939, ""move_vy"": -4.313351365237939, ""kick_power"": 0.0, ""kick_dir"": null}, {""move_vx"": -4.242640687119285, ""move_vy"": -4.242640687119285, ""kick_power"": 0.0, ""kick_dir"": null}, {""move_vx"": 0.7536738454032765, ""move_vy"": -5.347146503954707, ""kick_power"": 0.0, ""kick_dir"": null}, {""move_vx"": -3.5355339059327373, ""move_vy"": 3.5355339059327373, ""kick_power"": 0.0, ""kick_dir"": null}, {""move_vx"": -5.28032867654225, ""move_vy"": 2.399610190777988, ""kick_power"": 0.0, ""kick_dir"": null}, {""move_vx"": -6.979960069612395, ""move_vy"": -0.7487038310417182, ""kick_power"": 0.0, ""kick_dir"": null}, {""move_vx"": -5.876959997012702, ""move_vy"": -0.8630997587257624, ""kick_power"": 0.0, ""kick_dir"": null}, {""move_vx"": -4.1012193308819755, ""move_vy"": -4.1012193308819755, ""kick_power"": 0.0, ""kick_dir"": null}, {""move_vx"": -5.518774241230782, ""move_vy"": 2.3543854557670905, ""kick_power"": 0.0, ""kick_dir"": null}, {""move_vx"": -0.0, ""move_vy"": 0.0, ""kick_power"": 0.9, ""kick_dir"": [0.9725282365575496, -0.23278434357374658]}, {""move_vx"": 4.242640687119285, ""move_vy"": 4.242640687119285, ""kick_power"": 0.0, ""kick_dir"": null}, {""move_vx"": -0.0, ""move_vy"": 0.0, ""kick_power"": 0.4, ""kick_dir"": [-0.4774534371581348, 0.8786567529385026]}, {""move_vx"": -0.0, ""move_vy"": 0.0, ""kick_power"": 0.65, ""kick_dir"": [0.9998895364971402, -0.014856303524631678]}, {""move_vx"": -0.0, ""move_vy"": 0.0, ""kick_power"": 0.7, ""kick_dir"": [-0.9888481500046993, -0.14892715612808347]}]"
238,38,default,default,0,46.65413583256454,31.05116340809565,9,A,,0.5054157553343663,0.26009977676165247,-0.007648711822447607,"[{""move_vx"": 0.0, ""move_vy"": 0.0, ""kick_power"": 0.0, ""kick_dir"": null}, {""move_vx"": 0.0, ""move_vy"": 0.0, ""kick_power"": 0.4, ""kick_dir"": [-0.7809710594777126, 0.6245670944943112]}, {""move_vx"": -3.937191514169274, ""move_vy"": -2.35936919127835, ""kick_power"": 0.0, ""kick_dir"": null}, {""move_vx"": 0.0, ""move_vy"": 0.0, ""kick_power"": 0.0, ""kick_dir"": null}, {""move_vx"": 5.8, ""move_vy"": 0.0, ""kick_power"": 0.0, ""kick_dir"": null}, {""move_vx"": 5.4580703017600305, ""move_vy"": 2.7238701476107776, ""kick_power"": 0.0, ""kick_dir"": null}, {""move_vx"": 0.0, ""move_vy"": 0.0, ""kick_power"": 0.0, ""kick_dir"": null}, {""move_vx"": -5.076930898076679, ""move_vy"": 0.4845334417295933, ""kick_power"": 0.0, ""kick_dir"": null}, {""move_vx"": -4.313351365237939, ""move_vy"": -4.313351365237939, ""kick_power"": 0.0, ""kick_dir"": null}, {""move_vx"": -4.242640687119285, ""move_vy"": -4.242640687119285, ""kick_power"": 0.0, ""kick_dir"": null}, {""move_vx"": 0.6673281197134164, ""move_vy"": -5.358607391910678, ""kick_power"": 0.0, ""kick_dir"": null}, {""move_vx"": -3.5355339059327373, ""move_vy"": -3.5355339059327373, ""kick_power"": 0.0, ""kick_dir"": null}, {""move_vx"": -5.280328676542251, ""move_vy"": 2.3996101907779877, ""kick_power"": 0.0, ""kick_dir"": null}, {""move_vx"": -6.968449672071174, ""move_vy"": -0.8491814693050889, ""kick_power"": 0.0, ""kick_dir"": null}, {""move_vx"": -5.87733986502906, ""move_vy"": -0.8605092160693005, ""kick_power"": 0.0, ""kick_dir"": null}, {""move_vx"": -4.1012193308819755, ""move_vy"": -4.1012193308819755, ""kick_power"": 0.0, ""kick_dir"": null}, {""move_vx"": -5.518774241230782, ""move_vy"": 2.3543854557670905, ""kick_power"": 0.0, ""kick_dir"": null}, {""move_vx"": -0.0, ""move_vy"": 0.0, ""kick_power"": 0.9, ""kick_dir"": [0.9668493683548034, -0.25534682745383613]}, {""move_vx"": 4.242640687119285, ""move_vy"": 4.242640687119285, ""kick_power"": 0.0, ""kick_dir"": null}, {""move_vx"": -0.0, ""move_vy"": 0.0, ""kick_power"": 0.4, ""kick_dir"": [0.8979702012560821, 0.4400559878628501]}, {""move_vx"": -0.0, ""move_vy"": -6.0, ""kick_power"": 0.0, ""kick_dir"": null}, {""move_vx"": -0.0, ""move_vy"": 0.0, ""kick_power"": 0.0, ""kick_dir"": null}]"
238,39,default,default,0,46.569283018822155,30.768320695621032,9,A,,0.519027918551452,0.26390832241313344,-0.009249404946399174,"[{""move_vx"": 0.0, ""move_vy"": 0.0, ""kick_power"": 0.0, ""kick_dir"": null}, {""move_vx"": 0.0, ""move_vy"": 0.0, ""kick_power"": 0.4, ""kick_dir"": [-0.8014151283036993, 0.598108390890021]}, {""move_vx"": 3.9371915141692093, ""move_vy"": 2.3593691912784585, ""kick_power"": 0.0, ""kick_dir"": null}, {""move_vx"": 0.0, ""move_vy"": 0.0, ""kick_power"": 0.0, ""kick_dir"": null}, {""move_vx"": 5.8, ""move_vy"": 0.0, ""kick_power"": 0.0, ""kick_dir"": null}, {""move_vx"": 5.459946883272149, ""move_vy"": 2.7201066214115097, ""kick_power"": 0.0, ""kick_dir"": null}, {""move_vx"": 0.0, ""move_vy"": 0.0, ""kick_power"": 0.0, ""kick_dir"": null}, {""move_vx"": -5.07693089807668, ""move_vy"": 0.48453344172958396, ""kick_power"": 0.0, ""kick_dir"": null}, {""move_vx"": 3.7504235849762377, ""move_vy"": -4.009292073827247, ""kick_power"": 0.0, ""kick_dir"": null}, {""move_vx"": -4.242640687119285, ""move_vy"": -4.242640687119285, ""kick_power"": 0.0, ""kick_dir"": null}, {""move_vx"": 0.0, ""move_vy"": 0.0, ""kick_power"": 0.0, ""kick_dir"": null}, {""move_vx"": -3.5355339059327373, ""move_vy"": -3.5355339059327373, ""kick_power"": 0.0, ""kick_dir"": null}, {""move_vx"": -5.280328676542251, ""move_vy"": 2.399610190777987, ""kick_power"": 0.0, ""kick_dir"": null}, {""move_vx"": -6.955322386904071, ""move_vy"": -0.9507315573972761, ""kick_power"": 0.0, ""kick_dir"": null}, {""move_vx"": -5.877596464187402, ""move_vy"": -0.8587547986309966, ""kick_power"": 0.0, ""kick_dir"": null}, {""move_vx"": -4.1012193308819755, ""move_vy"": -4.1012193308819755, ""kick_power"": 0.0, ""kick_dir"": null}, {""move_vx"": -5.518774241230782, ""move_vy"": 2.354385455767091, ""kick_power"": 0.0, ""kick_dir"": null}, {""move_vx"": -0.0, ""move_vy"": 0.0, ""kick_power"": 0.9, ""kick_dir"": [0.9594693704572616, -0.28181236703040324]}, {""move_vx"": 4.242640687119285, ""move_vy"": 4.242640687119285, ""kick_power"": 0.0, ""kick_dir"": null}, {""move_vx"": -0.0, ""move_vy"": 0.0, ""kick_power"": 0.4, ""kick_dir"": [0.8890323056274368, 0.45784418785071185]}, {""move_vx"": -4.242640687119285, ""move_vy"": 4.242640687119285, ""kick_power"": 0.0, ""kick_dir"": null}, {""move_vx"": -0.0, ""move_vy"": 0.0, ""kick_power"": 0.0, ""kick_dir"": null}]"
238,40,default,default,0,46.48443020507977,30.485477983146414,9,A,,0.532624809723936,0.2617510416538998,-0.010002438537258546,"[{""move_vx"": 0.0, ""move_vy"": 0.0, ""kick_power"": 0.0, ""kick_dir"": null}, {""move_vx"": 0.0, ""move_vy"": 0.0, ""kick_power"": 0.4, ""kick_dir"": [-0.7962346196126138, 0.6049878404329677]}, {""move_vx"": -3.937191514169274, ""move_vy"": -2.35936919127835, ""kick_power"": 0.0, ""kick_dir"": null}, {""move_vx"": 0.0, ""move_vy"": 0.0, ""kick_power"": 0.0, ""kick_dir"": null}, {""move_vx"": 5.8, ""move_vy"": 0.0, ""kick_power"": 0.0, ""kick_dir"": null}, {""move_vx"": 5.461829307825983, ""move_vy"": 2.7163248355403176, ""kick_power"": 0.0, ""kick_dir"": null}, {""move_vx"": 0.0, ""move_vy"": 0.0, ""kick_power"": 0.0, ""kick_dir"": null}, {""move_vx"": -5.076930898076678, ""move_vy"": 0.4845334417295927, ""kick_power"": 0.0, ""kick_dir"": null}, {""move_vx"": 3.9694809013304395, ""move_vy"": -4.221995544049387, ""kick_power"": 0.0, ""kick_dir"": null}, {""move_vx"": -4.242640687119285, ""move_vy"": -4.242640687119285, ""kick_power"": 0.0, ""kick_dir"": null}, {""move_vx"": 0.5041472133391299, ""move_vy"": -5.3764147521636, ""kick_power"": 0.0, ""kick_dir"": null}, {""move_vx"": -3.5355339059327373, ""move_vy"": -3.5355339059327373, ""kick_power"": 0.0, ""kick_dir"": null}, {""move_vx"": -5.280328676542251, ""move_vy"": 2.3996101907779863, ""kick_power"": 0.0, ""kick_dir"": null}, {""move_vx"": -6.940526986191963, ""move_vy"": -1.0533210118198093, ""kick_power"": 0.0, ""kick_dir"": null}, {""move_vx"": -5.877738155170197, ""move_vy"": -0.8577844596729854, ""kick_power"": 0.0, ""kick_dir"": null}, {""move_vx"": -4.1012193308819755, ""move_vy"": -4.1012193308819755, ""kick_power"": 0.0, ""kick_dir"": null}, {""move_vx"": -6.0, ""move_vy"": 0.0, ""kick_power"": 0.0, ""kick_dir"": null}, {""move_vx"": -0.0, ""move_vy"": 0.0, ""kick_power"": 0.9, ""kick_dir"": [0.949794059192399, -0.31287522329918893]}, {""move_vx"": 4.242640687119285, ""move_vy"": 4.242640687119285, ""kick_power"": 0.0, ""kick_dir"": null}, {""move_vx"": -0.0, ""move_vy"": 0.0, ""kick_power"": 0.4, ""kick_dir"": [0.8790155580453163, 0.47679279970790356]}, {""move_vx"": -0.0, ""move_vy"": 0.0, ""kick_power"": 0.0, ""kick_dir"": null}, {""move_vx"": -0.0, ""move_vy"": 0.0, ""kick_power"": 0.0, ""kick_dir"": null}]"
238,41,default,default,0,46.39957739133738,30.202635270671795,9,A,,0.5462051415425153,0.2654513613969358,-0.01286433646981267,"[{""move_vx"": 0.0, ""move_vy"": 0.0, ""kick_power"": 0.0, ""kick_dir"": null}, {""move_vx"": 0.0, ""move_vy"": 0.0, ""kick_power"": 0.4, ""kick_dir"": [-0.8146757932733971, 0.5799165561872759]}, {""move_vx"": 3.9371915141692093, ""move_vy"": 2.3593691912784585, ""kick_power"": 0.0, ""kick_dir"": null}, {""move_vx"": 0.0, ""move_vy"": 0.0, ""kick_power"": 0.0, ""kick_dir"": null}, {""move_vx"": 5.8, ""move_vy"": 0.0, ""kick_power"": 0.0, ""kick_dir"": null}, {""move_vx"": 5.463717619045695, ""move_vy"": 2.7125246135896424, ""kick_power"": 0.0, ""kick_dir"": null}, {""move_vx"": 0.0, ""move_vy"": 0.0, ""kick_power"": 0.0, ""kick_dir"": null}, {""move_vx"": -5.07693089807668, ""move_vy"": 0.4845334417295814, ""kick_power"": 0.0, ""kick_dir"": null}, {""move_vx"": 3.667267189778627, ""move_vy"": -4.085492792647318, ""kick_power"": 0.0, ""kick_dir"": null}, {""move_vx"": -4.242640687119285, ""move_vy"": -4.242640687119285, ""kick_power"": 0.0, ""kick_dir"": null}, {""move_vx"": 0.42721924340625406, ""move_vy"": -5.383073816887837, ""kick_power"": 0.0, ""kick_dir"": null}, {""move_vx"": -3.5355339059327373, ""move_vy"": -3.5355339059327373, ""kick_power"": 0.0, ""kick_dir"": null}, {""move_vx"": -5.280328676542251, ""move_vy"": 2.399610190777985, ""kick_power"": 0.0, ""kick_dir"": null}, {""move_vx"": -6.924012683310342, ""move_vy"": -1.1569132903366313, ""kick_power"": 0.0, ""kick_dir"": null}, {""move_vx"": -5.638325370716051, ""move_vy"": -4.182067313415664, ""kick_power"": 0.0, ""kick_dir"": null}, {""move_vx"": -4.1012193308819755, ""move_vy"": -4.1012193308819755, ""kick_power"": 0.0, ""kick_dir"": null}, {""move_vx"": -5.51150243455128, ""move_vy"": 2.371358453278483, ""kick_power"": 0.0, ""kick_dir"": null}, {""move_vx"": -0.0, ""move_vy"": 0.0, ""kick_power"": 0.9, ""kick_dir"": [0.9369959349436543, -0.3493397378848218]}, {""move_vx"": 4.242640687119285, ""move_vy"": 4.242640687119285, ""kick_power"": 0.0, ""kick_dir"": null}, {""move_vx"": -0.0, ""move_vy"": 0.0, ""kick_power"": 0.4, ""kick_dir"": [0.867699586174487, 0.4970886597695865]}, {""move_vx"": -0.0, ""move_vy"": 6.0, ""kick_power"": 0.0, ""kick_dir"": null}, {""move_vx"": -0.0, ""move_vy"": 0.0, ""kick_power"": 0.0, ""kick_dir"": null}]"
238,42,default,default,0,46.314724577594994,29.919792558197177,9,A,,0.5597677869581468,0.2617964692215075,-0.018514055035492704,"[{""move_vx"": 0.0, ""move_vy"": 0.0, ""kick_power"": 0.0, ""kick_dir"": null}, {""move_vx"": 0.0, ""move_vy"": 0.0, ""kick_power"": 0.4, ""kick_dir"": [-0.8093902357357668, 0.5872710685162515]}, {""move_vx"": -3.937191514169274, ""move_vy"": -2.35936919127835, ""kick_power"": 0.0, ""kick_dir"": null}, {""move_vx"": 0.0, ""move_vy"": 0.0, ""kick_power"": 0.0, ""kick_dir"": null}, {""move_vx"": 5.8, ""move_vy"": 0.0, ""kick_power"": 0.0, ""kick_dir"": null}, {""move_vx"": 5.465611861105235, ""move_vy"": 2.7087057765186984, ""kick_power"": 0.0, ""kick_dir"": null}, {""move_vx"": 0.0, ""move_vy"": 0.0, ""kick_power"": 0.0, ""kick_dir"": null}, {""move_vx"": -5.07693089807668, ""move_vy"": 0.4845334417295918, ""kick_power"": 0.0, ""kick_dir"": null}, {""move_vx"": 3.6251800027112266, ""move_vy"": -4.122883693234947, ""kick_power"": 0.0, ""kick_dir"": null}, {""move_vx"": -4.242640687119285, ""move_vy"": -4.242640687119285, ""kick_power"": 0.0, ""kick_dir"": null}, {""move_vx"": 0.35211721343469354, ""move_vy"": -5.388507536229581, ""kick_power"": 0.0, ""kick_dir"": null}, {""move_vx"": -3.5355339059327373, ""move_vy"": -3.5355339059327373, ""kick_power"": 0.0, ""kick_dir"": null}, {""move_vx"": -5.2803286765422515, ""move_vy"": 2.399610190777985, ""kick_power"": 0.0, ""kick_dir"": null}, {""move_vx"": -6.905729343615593, ""move_vy"": -1.2614682844711387, ""kick_power"": 0.0, ""kick_dir"": null}, {""move_vx"": -5.880490133251877, ""move_vy"": -0.8387107920656145, ""kick_power"": 0.0, ""kick_dir"": null}, {""move_vx"": -4.1012193308819755, ""move_vy"": 4.1012193308819755, ""kick_power"": 0.0, ""kick_dir"": null}, {""move_vx"": -5.5115024345512795, ""move_vy"": 2.371358453278483, ""kick_power"": 0.0, ""kick_dir"": null}, {""move_vx"": -0.0, ""move_vy"": 0.0, ""kick_power"": 0.9, ""kick_dir"": [0.9199207184700242, -0.3921039115673318]}, {""move_vx"": 4.242640687119285, ""move_vy"": 4.242640687119285, ""kick_power"": 0.0, ""kick_dir"": null}, {""move_vx"": -0.0, ""move_vy"": 0.0, ""kick_power"": 0.4, ""kick_dir"": [0.8547983215927908, 0.518960034070827]}, {""move_vx"": -0.0, ""move_vy"": 6.0, ""kick_power"": 0.0, ""kick_dir"": null}, {""move_vx"": -0.0, ""move_vy"": 0.0, ""kick_power"": 0.0, ""kick_dir"": null}]"
238,43,default,default,0,46.22987176385261,29.636949845722558,9,A,,0.573311756126077,0.2635152856919927,-0.015820636895571612,"[{""move_vx"": 0.0, ""move_vy"": 0.0, ""kick_power"": 0.0, ""kick_dir"": null}, {""move_vx"": 0.0, ""move_vy"": 0.0, ""kick_power"": 0.4, ""kick_dir"": [-0.826028544880572, 0.5636281649067706]}, {""move_vx"": 3.9371915141692093, ""move_vy"": 2.3593691912784585, ""kick_power"": 0.0, ""kick_dir"": null}, {""move_vx"": 0.0, ""move_vy"": 0.0, ""kick_power"": 0.0, ""kick_dir"": null}, {""move_vx"": 5.8, ""move_vy"": 0.0, ""kick_power"": 0.0, ""kick_dir"": null}, {""move_vx"": 4.313351365237939, ""move_vy"": 4.313351365237939, ""kick_power"": 0.0, ""kick_dir"": null}, {""move_vx"": 0.0, ""move_vy"": 0.0, ""kick_power"": 0.0, ""kick_dir"": null}, {""move_vx"": -5.0769308980766805, ""move_vy"": 0.48453344172957746, ""kick_power"": 0.0, ""kick_dir"": null}, {""move_vx"": 3.5826596074889427, ""move_vy"": -4.159885832191453, ""kick_power"": 0.0, ""kick_dir"": null}, {""move_vx"": -4.242640687119285, ""move_vy"": -4.242640687119285, ""kick_power"": 0.0, ""kick_dir"": null}, {""move_vx"": 0.27886333646758416, ""move_vy"": -5.392794752220241, ""kick_power"": 0.0, ""kick_dir"": null}, {""move_vx"": -3.5355339059327373, ""move_vy"": -3.5355339059327373, ""kick_power"": 0.0, ""kick_dir"": null}, {""move_vx"": -5.280328676542252, ""move_vy"": 2.3996101907779845, ""kick_power"": 0.0, ""kick_dir"": null}, {""move_vx"": -6.885627710037827, ""move_vy"": -1.366942222172994, ""kick_power"": 0.0, ""kick_dir"": null}, {""move_vx"": -5.8806057844092585, ""move_vy"": -0.8378995216446766, ""kick_power"": 0.0, ""kick_dir"": null}, {""move_vx"": -6.8845929457765935, ""move_vy"": -1.0217533806957353, ""kick_power"": 0.0, ""kick_dir"": null}, {""move_vx"": -5.5115024345512795, ""move_vy"": 2.371358453278483, ""kick_power"": 0.0, ""kick_dir"": null}, {""move_vx"": -0.0, ""move_vy"": 0.0, ""kick_power"": 0.9, ""kick_dir"": [0.896965478102931, -0.44210010697758445]}, {""move_vx"": 4.242640687119285, ""move_vy"": 4.242640687119285, ""kick_power"": 0.0, ""kick_dir"": null}, {""move_vx"": -0.0, ""move_vy"": 0.0, ""kick_power"": 0.4, ""kick_dir"": [0.8399346619402275, 0.5426872289459607]}, {""move_vx"": -0.0, ""move_vy"": 6.0, ""kick_power"": 0.0, ""kick_dir"": null}, {""move_vx"": -0.0, ""move_vy"": 0.0, ""kick_power"": 0.0, ""kick_dir"": null}]"
238,44,default,default,0,47.35478916643968,30.331342029494767,9,A,,0.5786729162492834,0.2837960439571849,0.09734024351632942,"[{""move_vx"": 0.0, ""move_vy"": 0.0, ""kick_power"": 0.0, ""kick_dir"": null}, {""move_vx"": 0.0, ""move_vy"": 0.0, ""kick_power"": 0.4, ""kick_dir"": [-0.8206275553354264, 0.5714632813398591]}, {""move_vx"": -3.937191514169274, ""move_vy"": -2.35936919127835, ""kick_power"": 0.0, ""kick_dir"": null}, {""move_vx"": 0.0, ""move_vy"": 0.0, ""kick_power"": 0.0, ""kick_dir"": null}, {""move_vx"": 5.8, ""move_vy"": 0.0, ""kick_power"": 0.0, ""kick_dir"": null}, {""move_vx"": 4.313351365237939, ""move_vy"": 4.313351365237939, ""kick_power"": 0.0, ""kick_dir"": null}, {""move_vx"": 0.0, ""move_vy"": 0.0, ""kick_power"": 0.0, ""kick_dir"": null}, {""move_vx"": 0.0, ""move_vy"": 6.0, ""kick_power"": 0.0, ""kick_dir"": null}, {""move_vx"": 0.0, ""move_vy"": -6.1, ""kick_power"": 0.0, ""kick_dir"": null}, {""move_vx"": 5.357861275765867, ""move_vy"": 0.6732923210972757, ""kick_power"": 0.0, ""kick_dir"": null}, {""move_vx"": 4.242640687119285, ""move_vy"": -4.242640687119285, ""kick_power"": 0.0, ""kick_dir"": null}, {""move_vx"": -3.5355339059327373, ""move_vy"": -3.5355339059327373, ""kick_power"": 0.0, ""kick_dir"": null}, {""move_vx"": -5.280328676542252, ""move_vy"": 2.3996101907779837, ""kick_power"": 0.0, ""kick_dir"": null}, {""move_vx"": -6.863659643331342, ""move_vy"": -1.4732875824171885, ""kick_power"": 0.0, ""kick_dir"": null}, {""move_vx"": -5.880605784409259, ""move_vy"": -0.8378995216446768, ""kick_power"": 0.0, ""kick_dir"": null}, {""move_vx"": -5.287940463947933, ""move_vy"": -2.382789468195232, ""kick_power"": 0.0, ""kick_dir"": null}, {""move_vx"": -5.5115024345512795, ""move_vy"": 2.371358453278483, ""kick_power"": 0.0, ""kick_dir"": null}, {""move_vx"": 6.0, ""move_vy"": 0.0, ""kick_power"": 0.0, ""kick_dir"": null}, {""move_vx"": 4.242640687119285, ""move_vy"": 4.242640687119285, ""kick_power"": 0.0, ""kick_dir"": null}, {""move_vx"": 4.525483399593904, ""move_vy"": 4.525483399593904, ""kick_power"": 0.0, ""kick_dir"": null}, {""move_vx"": -0.0, ""move_vy"": 0.0, ""kick_power"": 0.0, ""kick_dir"": null}, {""move_vx"": -4.525483399593904, ""move_vy"": 4.525483399593904, ""kick_power"": 0.0, ""kick_dir"": null}]"
238,45,default,default,0,47.71072246788699,30.38584192042359,9,A,,0.5901027246724979,0.27941994037304124,0.02378108938816401,"[{""move_vx"": 3.5355339059327373, ""move_vy"": -3.5355339059327373, ""kick_power"": 0.0, ""kick_dir"": null}, {""move_vx"": 0.0, ""move_vy"": 0.0, ""kick_power"": 0.4, ""kick_dir"": [-0.8359046747625181, 0.5488745254125607]}, {""move_vx"": 3.9371915141692093, ""move_vy"": 2.3593691912784585, ""kick_power"": 0.0, ""kick_dir"": null}, {""move_vx"": 0.0, ""move_vy"": 0.0, ""kick_power"": 0.0, ""kick_dir"": null}, {""move_vx"": 5.8, ""move_vy"": 0.0, ""kick_power"": 0.0, ""kick_dir"": null}, {""move_vx"": 5.48281468964374, ""move_vy"": 2.673713350197963, ""kick_power"": 0.0, ""kick_dir"": null}, {""move_vx"": 0.0, ""move_vy"": 0.0, ""kick_power"": 0.0, ""kick_dir"": null}, {""move_vx"": -5.083280855656919, ""move_vy"": -0.4126205793605776, ""kick_power"": 0.0, ""kick_dir"": null}, {""move_vx"": 4.082875168582086, ""move_vy"": -4.112439100798429, ""kick_power"": 0.0, ""kick_dir"": null}, {""move_vx"": 5.3507881179947745, ""move_vy"": 0.7273695871604332, ""kick_power"": 0.0, ""kick_dir"": null}, {""move_vx"": 0.9219372993759485, ""move_vy"": -5.320717208799899, ""kick_power"": 0.0, ""kick_dir"": null}, {""move_vx"": -3.5355339059327373, ""move_vy"": -3.5355339059327373, ""kick_power"": 0.0, ""kick_dir"": null}, {""move_vx"": -5.2803286765422515, ""move_vy"": 2.3996101907779823, ""kick_power"": 0.0, ""kick_dir"": null}, {""move_vx"": -6.903767033391653, ""move_vy"": -1.2721638057477538, ""kick_power"": 0.0, ""kick_dir"": null}, {""move_vx"": -5.454861939405122, ""move_vy"": -4.418696778692717, ""kick_power"": 0.0, ""kick_dir"": null}, {""move_vx"": -5.5353094889948045, ""move_vy"": -1.7321515121501563, ""kick_power"": 0.0, ""kick_dir"": null}, {""move_vx"": -5.511502434551279, ""move_vy"": 2.371358453278483, ""kick_power"": 0.0, ""kick_dir"": null}, {""move_vx"": -0.0, ""move_vy"": 0.0, ""kick_power"": 0.9, ""kick_dir"": [0.7873563879774932, -0.6164976669372498]}, {""move_vx"": 4.242640687119285, ""move_vy"": 4.242640687119285, ""kick_power"": 0.0, ""kick_dir"": null}, {""move_vx"": -0.0, ""move_vy"": 0.0, ""kick_power"": 0.4, ""kick_dir"": [0.8099280686646813, 0.5865288539641321]}, {""move_vx"": -0.0, ""move_vy"": 6.0, ""kick_power"": 0.0, ""kick_dir"": null}, {""move_vx"": 4.8563459953234025, ""move_vy"": 2.4514288840809475, ""kick_power"": 0.0, ""kick_dir"": null}]"
238,46,default,default,0,48.06742715124104,30.43444002876508,9,A,,0.6016084649125321,0.2720313747672764,0.024844220640496312,"[{""move_vx"": 3.5355339059327373, ""move_vy"": -3.5355339059327373, ""kick_power"": 0.0, ""kick_dir"": null}, {""move_vx"": 0.0, ""move_vy"": 0.0, ""kick_power"": 0.4, ""kick_dir"": [-0.8310670278006986, 0.5561721553209426]}, {""move_vx"": -3.937191514169274, ""move_vy"": -2.35936919127835, ""kick_power"": 0.0, ""kick_dir"": null}, {""move_vx"": 0.0, ""move_vy"": 0.0, ""kick_power"": 0.0, ""kick_dir"": null}, {""move_vx"": 5.8, ""move_vy"": 0.0, ""kick_power"": 0.0, ""kick_dir"": null}, {""move_vx"": 5.484703566770829, ""move_vy"": 2.669836471518686, ""kick_power"": 0.0, ""kick_dir"": null}, {""move_vx"": 0.0, ""move_vy"": 0.0, ""kick_power"": 0.0, ""kick_dir"": null}, {""move_vx"": 4.242640687119285, ""move_vy"": 4.242640687119285, ""kick_power"": 0.0, ""kick_dir"": null}, {""move_vx"": -4.313351365237939, ""move_vy"": -4.313351365237939, ""kick_power"": 0.0, ""kick_dir"": null}, {""move_vx"": 5.350706417613301, ""move_vy"": 0.7279703513961563, ""kick_power"": 0.0, ""kick_dir"": null}, {""move_vx"": -4.242640687119285, ""move_vy"": -4.242640687119285, ""kick_power"": 0.0, ""kick_dir"": null}, {""move_vx"": -3.5355339059327373, ""move_vy"": -3.5355339059327373, ""kick_power"": 0.0, ""kick_dir"": null}, {""move_vx"": -5.280328676542253, ""move_vy"": 2.399610190777982, ""kick_power"": 0.0, ""kick_dir"": null}, {""move_vx"": -6.9027971005038715, ""move_vy"": -1.2774162161470142, ""kick_power"": 0.0, ""kick_dir"": null}, {""move_vx"": -5.883509894293391, ""move_vy"": -0.8172584191990901, ""kick_power"": 0.0, ""kick_dir"": null}, {""move_vx"": -5.534239093234404, ""move_vy"": -1.7355683964961, ""kick_power"": 0.0, ""kick_dir"": null}, {""move_vx"": -5.511502434551279, ""move_vy"": 2.371358453278483, ""kick_power"": 0.0, ""kick_dir"": null}, {""move_vx"": -0.0, ""move_vy"": 0.0, ""kick_power"": 0.9, ""kick_dir"": [0.7191358767993896, -0.6948690514354896]}, {""move_vx"": 4.242640687119285, ""move_vy"": 4.242640687119285, ""kick_power"": 0.0, ""kick_dir"": null}, {""move_vx"": -0.0, ""move_vy"": 0.0, ""kick_power"": 0.4, ""kick_dir"": [0.7813513848727011, 0.6240909745177136]}, {""move_vx"": -0.0, ""move_vy"": 0.0, ""kick_power"": 0.0, ""kick_dir"": null}, {""move_vx"": 4.856345995323404, ""move_vy"": 2.451428884080943, ""kick_power"": 0.0, ""kick_dir"": null}]"
238,47,default,default,0,48.42414074979299,30.48297258082072,9,A,,0.6132001967812627,0.2809187280789321,0.021359608045248266,"[{""move_vx"": 3.5355339059327373, ""move_vy"": -3.5355339059327373, ""kick_power"": 0.0, ""kick_dir"": null}, {""move_vx"": 0.0, ""move_vy"": 0.0, ""kick_power"": 0.4, ""kick_dir"": [-0.8454529100989754, 0.5340498582509642]}, {""move_vx"": 3.9371915141692093, ""move_vy"": 2.3593691912784585, ""kick_power"": 0.0, ""kick_dir"": null}, {""move_vx"": 0.0, ""move_vy"": 0.0, ""kick_power"": 0.0, ""kick_dir"": null}, {""move_vx"": 5.8, ""move_vy"": 0.0, ""kick_power"": 0.0, ""kick_dir"": null}, {""move_vx"": 5.486598462283188, ""move_vy"": 2.6659402307013114, ""kick_power"": 0.0, ""kick_dir"": null}, {""move_vx"": 0.0, ""move_vy"": 0.0, ""kick_power"": 0.0, ""kick_dir"": null}, {""move_vx"": -5.002084849923456, ""move_vy"": -0.9945587736108082, ""kick_power"": 0.0, ""kick_dir"": null}, {""move_vx"": 4.230051873670069, ""move_vy"": -3.9608946143592774, ""kick_power"": 0.0, ""kick_dir"": null}, {""move_vx"": 5.350705502862987, ""move_vy"": 0.7279770749355727, ""kick_power"": 0.0, ""kick_dir"": null}, {""move_vx"": -4.242640687119285, ""move_vy"": -4.242640687119285, ""kick_power"": 0.0, ""kick_dir"": null}, {""move_vx"": -3.5355339059327373, ""move_vy"": 3.5355339059327373, ""kick_power"": 0.0, ""kick_dir"": null}, {""move_vx"": -5.737512470802682, ""move_vy"": 0.8490881269831212, ""kick_power"": 0.0, ""kick_dir"": null}, {""move_vx"": -6.901171940110943, ""move_vy"": -1.2861671170673654, ""kick_power"": 0.0, ""kick_dir"": null}, {""move_vx"": -5.3538232369898795, ""move_vy"": -4.540592114148463, ""kick_power"": 0.0, ""kick_dir"": null}, {""move_vx"": -5.533030778032931, ""move_vy"": -1.7394166865188723, ""kick_power"": 0.0, ""kick_dir"": null}, {""move_vx"": -5.5115024345512795, ""move_vy"": 2.371358453278484, ""kick_power"": 0.0, ""kick_dir"": null}, {""move_vx"": -0.0, ""move_vy"": 0.0, ""kick_power"": 0.9, ""kick_dir"": [0.6291890862773094, -0.7772518604959336]}, {""move_vx"": 4.242640687119285, ""move_vy"": 4.242640687119285, ""kick_power"": 0.0, ""kick_dir"": null}, {""move_vx"": -0.0, ""move_vy"": 0.0, ""kick_power"": 0.4, ""kick_dir"": [0.7443879970091911, 0.6677469518065325]}, {""move_vx"": -0.0, ""move_vy"": 6.0, ""kick_power"": 0.0, ""kick_dir"": null}, {""move_vx"": 4.856345995323407, ""move_vy"": 2.451428884080939, ""kick_power"": 0.0, ""kick_dir"": null}]"
238,48,default,default,0,48.780854449983856,30.531504385816426,9,A,,0.6248784525239469,0.2777939907492545,0.016440981103314763,"[{""move_vx"": 3.5355339059327373, ""move_vy"": -3.5355339059327373, ""kick_power"": 0.0, ""kick_dir"": null}, {""move_vx"": 0.0, ""move_vy"": 0.0, ""kick_power"": 0.4, ""kick_dir"": [-0.8408941812057695, 0.5411994561358305]}, {""move_vx"": -3.937191514169274, ""move_vy"": -2.35936919127835, ""kick_power"": 0.0, ""kick_dir"": null}, {""move_vx"": 0.0, ""move_vy"": 0.0, ""kick_power"": 0.0, ""kick_dir"": null}, {""move_vx"": 5.8, ""move_vy"": 0.0, ""kick_power"": 0.0, ""kick_dir"": null}, {""move_vx"": 5.488499422622994, ""move_vy"": 2.6620244341228454, ""kick_power"": 0.0, ""kick_dir"": null}, {""move_vx"": 0.0, ""move_vy"": 0.0, ""kick_power"": 0.0, ""kick_dir"": null}, {""move_vx"": 4.242640687119285, ""move_vy"": 4.242640687119285, ""kick_power"": 0.0, ""kick_dir"": null}, {""move_vx"": 4.120566856108734, ""move_vy"": -3.627813223463715, ""kick_power"": 0.0, ""kick_dir"": null}, {""move_vx"": 5.350705502862989, ""move_vy"": 0.7279770749355627, ""kick_power"": 0.0, ""kick_dir"": null}, {""move_vx"": -4.242640687119285, ""move_vy"": -4.242640687119285, ""kick_power"": 0.0, ""kick_dir"": null}, {""move_vx"": -3.5355339059327373, ""move_vy"": -3.5355339059327373, ""kick_power"": 0.0, ""kick_dir"": null}, {""move_vx"": -5.27625161440783, ""move_vy"": 2.4085615834889436, ""kick_power"": 0.0, ""kick_dir"": null}, {""move_vx"": -0.0, ""move_vy"": 0.0, ""kick_power"": 0.9, ""kick_dir"": [-0.5140166548159582, 0.8577798070077236]}, {""move_vx"": -5.317957218819723, ""move_vy"": -4.582546346607222, ""kick_power"": 0.0, ""kick_dir"": null}, {""move_vx"": -5.531797474553997, ""move_vy"": -1.7433349364129713, ""kick_power"": 0.0, ""kick_dir"": null}, {""move_vx"": -5.511502434551279, ""move_vy"": 2.3713584532784835, ""kick_power"": 0.0, ""kick_dir"": null}, {""move_vx"": -0.0, ""move_vy"": 0.0, ""kick_power"": 0.9, ""kick_dir"": [0.5140166548159582, -0.8577798070077236]}, {""move_vx"": 4.242640687119285, ""move_vy"": 4.242640687119285, ""kick_power"": 0.0, ""kick_dir"": null}, {""move_vx"": -0.0, ""move_vy"": 0.0, ""kick_power"": 0.4, ""kick_dir"": [0.6956873001242823, 0.718344348988302]}, {""move_vx"": -0.0, ""move_vy"": 0.0, ""kick_power"": 0.0, ""kick_dir"": null}, {""move_vx"": 4.856345995323409, ""move_vy"": 2.451428884080934, ""kick_power"": 0.0, ""kick_dir"": null}]"
238,49,default,default,0,49.13756814832991,30.58003620437167,9,A,,0.6366436519287563,0.2821552338622066,0.015703561745172054,"[{""move_vx"": 3.5355339059327373, ""move_vy"": -3.5355339059327373, ""kick_power"": 0.0, ""kick_dir"": null}, {""move_vx"": 0.0, ""move_vy"": 0.0, ""kick_power"": 0.4, ""kick_dir"": [-0.8542800731470515, 0.5198128846119606]}, {""move_vx"": 3.9371915141692093, ""move_vy"": 2.3593691912784585, ""kick_power"": 0.0, ""kick_dir"": null}, {""move_vx"": 0.0, ""move_vy"": 0.0, ""kick_power"": 0.0, ""kick_dir"": null}, {""move_vx"": 5.8, ""move_vy"": 0.0, ""kick_power"": 0.0, ""kick_dir"": null}, {""move_vx"": 5.490406494839676, ""move_vy"": 2.658088885162101, ""kick_power"": 0.0, ""kick_dir"": null}, {""move_vx"": 0.0, ""move_vy"": 0.0, ""kick_power"": 0.0, ""kick_dir"": null}, {""move_vx"": 4.242640687119285, ""move_vy"": 4.242640687119285, ""kick_power"": 0.0, ""kick_dir"": null}, {""move_vx"": 4.178518515248584, ""move_vy"": -3.560910419783792, ""kick_power"": 0.0, ""kick_dir"": null}, {""move_vx"": 5.350705492485936, ""move_vy"": 0.7279771512079498, ""kick_power"": 0.0, ""kick_dir"": null}, {""move_vx"": 0.0, ""move_vy"": 0.0, ""kick_power"": 0.65, ""kick_dir"": [-0.025001643371530487, -0.9996872410175572]}, {""move_vx"": -3.5355339059327373, ""move_vy"": -3.5355339059327373, ""kick_power"": 0.0, ""kick_dir"": null}, {""move_vx"": -4.1012193308819755, ""move_vy"": -4.1012193308819755, ""kick_power"": 0.0, ""kick_dir"": null}, {""move_vx"": -5.015769961636482, ""move_vy"": 2.0005128572306585, ""kick_power"": 0.0, ""kick_dir"": null}, {""move_vx"": -5.2801293160495115, ""move_vy"": -4.626081971365673, ""kick_power"": 0.0, ""kick_dir"": null}, {""move_vx"": -5.530539676072238, ""move_vy"": -1.7473210613366867, ""kick_power"": 0.0, ""kick_dir"": null}, {""move_vx"": -5.513478304965365, ""move_vy"": 2.366760862587568, ""kick_power"": 0.0, ""kick_dir"": null}, {""move_vx"": -0.0, ""move_vy"": 0.0, ""kick_power"": 0.9, ""kick_dir"": [0.5728724521570212, -0.8196441349824757]}, {""move_vx"": 4.242640687119285, ""move_vy"": 4.242640687119285, ""kick_power"": 0.0, ""kick_dir"": null}, {""move_vx"": -0.0, ""move_vy"": 0.0, ""kick_power"": 0.4, ""kick_dir"": [0.7351297975431212, 0.6779259781334861]}, {""move_vx"": -0.0, ""move_vy"": 6.0, ""kick_power"": 0.0, ""kick_dir"": null}, {""move_vx"": 4.8563459953234105, ""move_vy"": 2.451428884080929, ""kick_power"": 0.0, ""kick_dir"": null}]"
238,50,default,default,0,49.51997844954716,30.285604420550722,9,A,,0.6482140863304239,0.269161678805146,-0.001170480471613413,"[{""move_vx"": 3.5355339059327373, ""move_vy"": -3.5355339059327373, ""kick_power"": 0.0, ""kick_dir"": null}, {""move_vx"": 0.0, ""move_vy"": 0.0, ""kick_power"": 0.4, ""kick_dir"": [-0.8499949754349788, 0.5267906804834901]}, {""move_vx"": -3.937191514169274, ""move_vy"": -2.35936919127835, ""kick_power"": 0.0, ""kick_dir"": null}, {""move_vx"": 0.0, ""move_vy"": 0.0, ""kick_power"": 0.0, ""kick_dir"": null}, {""move_vx"": 5.8, ""move_vy"": 0.0, ""kick_power"": 0.0, ""kick_dir"": null}, {""move_vx"": 5.492319726601308, ""move_vy"": 2.6541333841361716, ""kick_power"": 0.0, ""kick_dir"": null}, {""move_vx"": 0.0, ""move_vy"": 0.0, ""kick_power"": 0.0, ""kick_dir"": null}, {""move_vx"": 4.242640687119285, ""move_vy"": 4.242640687119285, ""kick_power"": 0.0, ""kick_dir"": null}, {""move_vx"": 4.234866138560046, ""move_vy"": -3.4937098889973, ""kick_power"": 0.0, ""kick_dir"": null}, {""move_vx"": 5.861598802294111, ""move_vy"": -1.2812726021203447, ""kick_power"": 0.0, ""kick_dir"": null}, {""move_vx"": 4.242640687119285, ""move_vy"": -4.242640687119285, ""kick_power"": 0.0, ""kick_dir"": null}, {""move_vx"": -3.5355339059327373, ""move_vy"": -3.5355339059327373, ""kick_power"": 0.0, ""kick_dir"": null}, {""move_vx"": -5.262181016919607, ""move_vy"": 2.4391496356662774, ""kick_power"": 0.0, ""kick_dir"": null}, {""move_vx"": -0.0, ""move_vy"": 0.0, ""kick_power"": 0.9, ""kick_dir"": [-0.5136697917586358, 0.8579875475959245]}, {""move_vx"": -5.240170170848999, ""move_vy"": -4.671297098295544, ""kick_power"": 0.0, ""kick_dir"": null}, {""move_vx"": -5.529256570384776, ""move_vy"": -1.7513771092648138, ""kick_power"": 0.0, ""kick_dir"": null}, {""move_vx"": -5.514170696351644, ""move_vy"": 2.365147253660294, ""kick_power"": 0.0, ""kick_dir"": null}, {""move_vx"": -0.0, ""move_vy"": 0.0, ""kick_power"": 0.9, ""kick_dir"": [0.5136697917586358, -0.8579875475959245]}, {""move_vx"": 4.242640687119285, ""move_vy"": 4.242640687119285, ""kick_power"": 0.0, ""kick_dir"": null}, {""move_vx"": -4.525483399593904, ""move_vy"": -4.525483399593904, ""kick_power"": 0.0, ""kick_dir"": null}, {""move_vx"": -0.0, ""move_vy"": 0.0, ""kick_power"": 0.0, ""kick_dir"": null}, {""move_vx"": 4.8563459953234105, ""move_vy"": 2.451428884080931, ""kick_power"": 0.0, ""kick_dir"": null}]"
238,51,default,default,0,49.651281877367325,29.746164154887982,9,A,,0.6607563043905045,0.2679490932434794,-0.03014198098923771,"[{""move_vx"": -0.32353912145365743, ""move_vy"": 4.2376670984032, ""kick_power"": 0.0, ""kick_dir"": null}, {""move_vx"": 0.0, ""move_vy"": 0.0, ""kick_power"": 0.4, ""kick_dir"": [-0.8623572724049274, 0.506300125395877]}, {""move_vx"": 3.9371915141692093, ""move_vy"": 2.3593691912784585, ""kick_power"": 0.0, ""kick_dir"": null}, {""move_vx"": 0.0, ""move_vy"": 0.0, ""kick_power"": 0.0, ""kick_dir"": null}, {""move_vx"": 5.8, ""move_vy"": 0.0, ""kick_power"": 0.0, ""kick_dir"": null}, {""move_vx"": 4.313351365237939, ""move_vy"": 4.313351365237939, ""kick_power"": 0.0, ""kick_dir"": null}, {""move_vx"": 0.0, ""move_vy"": 0.0, ""kick_power"": 0.0, ""kick_dir"": null}, {""move_vx"": -4.653573664799217, ""move_vy"": -2.086684486520945, ""kick_power"": 0.0, ""kick_dir"": null}, {""move_vx"": 4.347201237046605, ""move_vy"": -3.831953340611085, ""kick_power"": 0.0, ""kick_dir"": null}, {""move_vx"": 4.173000873349527, ""move_vy"": -3.8827907117206397, ""kick_power"": 0.0, ""kick_dir"": null}, {""move_vx"": 4.242640687119285, ""move_vy"": -4.242640687119285, ""kick_power"": 0.0, ""kick_dir"": null}, {""move_vx"": -3.5355339059327373, ""move_vy"": -3.5355339059327373, ""kick_power"": 0.0, ""kick_dir"": null}, {""move_vx"": -5.262181016919607, ""move_vy"": 2.4391496356662774, ""kick_power"": 0.0, ""kick_dir"": null}, {""move_vx"": -5.018454150844217, ""move_vy"": 1.9937697800584815, ""kick_power"": 0.0, ""kick_dir"": null}, {""move_vx"": -5.140761448801394, ""move_vy"": -4.780478190151838, ""kick_power"": 0.0, ""kick_dir"": null}, {""move_vx"": -5.520769624781376, ""move_vy"": -1.7779490291038473, ""kick_power"": 0.0, ""kick_dir"": null}, {""move_vx"": -5.514748235790086, ""move_vy"": 2.363800307946957, ""kick_power"": 0.0, ""kick_dir"": null}, {""move_vx"": -0.0, ""move_vy"": 0.0, ""kick_power"": 0.9, ""kick_dir"": [0.574723602190702, -0.8183471802097892]}, {""move_vx"": 4.242640687119285, ""move_vy"": 4.242640687119285, ""kick_power"": 0.0, ""kick_dir"": null}, {""move_vx"": -0.0, ""move_vy"": 0.0, ""kick_power"": 0.4, ""kick_dir"": [0.7107123757681567, 0.7034823599016866]}, {""move_vx"": -0.0, ""move_vy"": 6.0, ""kick_power"": 0.0, ""kick_dir"": null}, {""move_vx"": 4.856345995323409, ""move_vy"": 2.4514288840809337, ""kick_power"": 0.0, ""kick_dir"": null}]"
238,52,default,default,0,49.91483982726308,29.500935267831945,9,A,,0.6724024419552949,0.26621512647358375,-0.007599423770727578,"[{""move_vx"": -0.32353912145365754, ""move_vy"": 4.2376670984032, ""kick_power"": 0.0, ""kick_dir"": null}, {""move_vx"": 0.0, ""move_vy"": 0.0, ""kick_power"": 0.4, ""kick_dir"": [-0.8577903757430568, 0.5139995665641136]}, {""move_vx"": -3.937191514169274, ""move_vy"": -2.35936919127835, ""kick_power"": 0.0, ""kick_dir"": null}, {""move_vx"": 0.0, ""move_vy"": 0.0, ""kick_power"": 0.0, ""kick_dir"": null}, {""move_vx"": 5.8, ""move_vy"": 0.0, ""kick_power"": 0.0, ""kick_dir"": null}, {""move_vx"": 4.313351365237939, ""move_vy"": 4.313351365237939, ""kick_power"": 0.0, ""kick_dir"": null}, {""move_vx"": 0.0, ""move_vy"": 0.0, ""kick_power"": 0.0, ""kick_dir"": null}, {""move_vx"": -4.653573664799219, ""move_vy"": -2.086684486520941, ""kick_power"": 0.0, ""kick_dir"": null}, {""move_vx"": 0.0, ""move_vy"": 0.0, ""kick_power"": 0.65, ""kick_dir"": [0.9181978806109292, 0.39612168476492143]}, {""move_vx"": 3.9533692484364074, ""move_vy"": -3.6784333058405942, ""kick_power"": 0.0, ""kick_dir"": null}, {""move_vx"": 0.0, ""move_vy"": 0.0, ""kick_power"": 1.0, ""kick_dir"": [0.9989805948858591, 0.04514126303822285]}, {""move_vx"": -3.5355339059327373, ""move_vy"": -3.5355339059327373, ""kick_power"": 0.0, ""kick_dir"": null}, {""move_vx"": -5.262181016919607, ""move_vy"": 2.4391496356662774, ""kick_power"": 0.0, ""kick_dir"": null}, {""move_vx"": -0.0, ""move_vy"": 0.0, ""kick_power"": 0.4, ""kick_dir"": [-0.5127629099042367, 0.8585298192296311]}, {""move_vx"": -5.035966002903006, ""move_vy"": -4.890751109758616, ""kick_power"": 0.0, ""kick_dir"": null}, {""move_vx"": -6.892833386318677, ""move_vy"": -0.9645972778577531, ""kick_power"": 0.0, ""kick_dir"": null}, {""move_vx"": -5.514296919222843, ""move_vy"": 2.3648529524368853, ""kick_power"": 0.0, ""kick_dir"": null}, {""move_vx"": -0.0, ""move_vy"": 0.0, ""kick_power"": 0.9, ""kick_dir"": [0.5127629099042367, -0.8585298192296311]}, {""move_vx"": 4.242640687119285, ""move_vy"": 4.242640687119285, ""kick_power"": 0.0, ""kick_dir"": null}, {""move_vx"": -0.0, ""move_vy"": 0.0, ""kick_power"": 0.4, ""kick_dir"": [0.6497437613928221, 0.7601529715944243]}, {""move_vx"": -0.0, ""move_vy"": 0.0, ""kick_power"": 0.0, ""kick_dir"": null}, {""move_vx"": -0.0, ""move_vy"": 0.0, ""kick_power"": 1.0, ""kick_dir"": [-0.9855098902835024, -0.16961786253029784]}]"
238,53,default,default,0,50.178397777158835,29.25570638077591,9,A,,0.6840694432697705,0.2837179921812516,-0.014897888587661421,"[{""move_vx"": -0.3235391214536577, ""move_vy"": 4.237667098403199, ""kick_power"": 0.0, ""kick_dir"": null}, {""move_vx"": 0.0, ""move_vy"": 0.0, ""kick_power"": 0.4, ""kick_dir"": [-0.8685203866450475, 0.4956533304552028]}, {""move_vx"": 3.9371915141692093, ""move_vy"": 2.3593691912784585, ""kick_power"": 0.0, ""kick_dir"": null}, {""move_vx"": 0.0, ""move_vy"": 0.0, ""kick_power"": 0.0, ""kick_dir"": null}, {""move_vx"": 5.8, ""move_vy"": 0.0, ""kick_power"": 0.0, ""kick_dir"": null}, {""move_vx"": 4.313351365237939, ""move_vy"": 4.313351365237939, ""kick_power"": 0.0, ""kick_dir"": null}, {""move_vx"": 5.229463286516149, ""move_vy"": -2.2677552193699624, ""kick_power"": 0.0, ""kick_dir"": null}, {""move_vx"": 4.242640687119285, ""move_vy"": 4.242640687119285, ""kick_power"": 0.0, ""kick_dir"": null}, {""move_vx"": 4.284490924553041, ""move_vy"": -3.9019434282704064, ""kick_power"": 0.0, ""kick_dir"": null}, {""move_vx"": 3.9533692484364074, ""move_vy"": -3.6784333058405942, ""kick_power"": 0.0, ""kick_dir"": null}, {""move_vx"": 4.242640687119285, ""move_vy"": -4.242640687119285, ""kick_power"": 0.0, ""kick_dir"": null}, {""move_vx"": -3.5355339059327373, ""move_vy"": -3.5355339059327373, ""kick_power"": 0.0, ""kick_dir"": null}, {""move_vx"": -5.262181016919607, ""move_vy"": 2.4391496356662765, ""kick_power"": 0.0, ""kick_dir"": null}, {""move_vx"": -0.0, ""move_vy"": 0.0, ""kick_power"": 0.4, ""kick_dir"": [-0.5757290015055802, 0.8176401490335111]}, {""move_vx"": -4.954895259926019, ""move_vy"": -4.972867680037614, ""kick_power"": 0.0, ""kick_dir"": null}, {""move_vx"": -6.892833386318678, ""move_vy"": -0.9645972778577537, ""kick_power"": 0.0, ""kick_dir"": null}, {""move_vx"": -5.512762271359588, ""move_vy"": 2.368428200194021, ""kick_power"": 0.0, ""kick_dir"": null}, {""move_vx"": -0.0, ""move_vy"": 0.0, ""kick_power"": 0.9, ""kick_dir"": [0.5757290015055802, -0.8176401490335111]}, {""move_vx"": 4.242640687119285, ""move_vy"": 4.242640687119285, ""kick_power"": 0.0, ""kick_dir"": null}, {""move_vx"": -0.0, ""move_vy"": 0.0, ""kick_power"": 0.4, ""kick_dir"": [0.689348853176829, 0.7244292053074395]}, {""move_vx"": -0.0, ""move_vy"": 6.0, ""kick_power"": 0.0, ""kick_dir"": null}, {""move_vx"": 4.856345995323412, ""move_vy"": 2.451428884080928, ""kick_power"": 0.0, ""kick_dir"": null}]"
238,54,default,default,0,50.44195572705459,29.010477493719872,9,A,,0.6961186869881303,0.27421316528424927,-0.013954831874312876,"[{""move_vx"": 0.0, ""move_vy"": 0.0, ""kick_power"": 0.0, ""kick_dir"": null}, {""move_vx"": 0.0, ""move_vy"": 5.8, ""kick_power"": 0.0, ""kick_dir"": null}, {""move_vx"": -3.937191514169274, ""move_vy"": -2.35936919127835, ""kick_power"": 0.0, ""kick_dir"": null}, {""move_vx"": 0.0, ""move_vy"": 0.0, ""kick_power"": 0.0, ""kick_dir"": null}, {""move_vx"": 5.8, ""move_vy"": 0.0, ""kick_power"": 0.0, ""kick_dir"": null}, {""move_vx"": 4.313351365237939, ""move_vy"": 4.313351365237939, ""kick_power"": 0.0, ""kick_dir"": null}, {""move_vx"": 0.0, ""move_vy"": 0.0, ""kick_power"": 0.0, ""kick_dir"": null}, {""move_vx"": -4.53629053743649, ""move_vy"": -2.3306797634947944, ""kick_power"": 0.0, ""kick_dir"": null}, {""move_vx"": 4.261444272255825, ""move_vy"": -3.9271004207249414, ""kick_power"": 0.0, ""kick_dir"": null}, {""move_vx"": 3.9533692484364074, ""move_vy"": -3.6784333058405942, ""kick_power"": 0.0, ""kick_dir"": null}, {""move_vx"": 4.242640687119285, ""move_vy"": -4.242640687119285, ""kick_power"": 0.0, ""kick_dir"": null}, {""move_vx"": -3.5355339059327373, ""move_vy"": -3.5355339059327373, ""kick_power"": 0.0, ""kick_dir"": null}, {""move_vx"": -5.262181016919607, ""move_vy"": 2.4391496356662765, ""kick_power"": 0.0, ""kick_dir"": null}, {""move_vx"": -0.0, ""move_vy"": 0.0, ""kick_power"": 0.4, ""kick_dir"": [-0.6285317303305807, 0.7777835193585033]}, {""move_vx"": -4.8705728228802965, ""move_vy"": -5.055484188188097, ""kick_power"": 0.0, ""kick_dir"": null}, {""move_vx"": -6.892833386318677, ""move_vy"": -0.9645972778577538, ""kick_power"": 0.0, ""kick_dir"": null}, {""move_vx"": -5.511702534792971, ""move_vy"": 2.3708933269881074, ""kick_power"": 0.0, ""kick_dir"": null}, {""move_vx"": -0.0, ""move_vy"": 0.0, ""kick_power"": 0.9, ""kick_dir"": [0.6285317303305807, -0.7777835193585033]}, {""move_vx"": 4.242640687119285, ""move_vy"": 4.242640687119285, ""kick_power"": 0.0, ""kick_dir"": null}, {""move_vx"": -0.0, ""move_vy"": 0.0, ""kick_power"": 0.4, ""kick_dir"": [0.7243100470774945, 0.6894740672907459]}, {""move_vx"": -0.0, ""move_vy"": 6.0, ""kick_power"": 0.0, ""kick_dir"": null}, {""move_vx"": -0.0, ""move_vy"": 0.0, ""kick_power"": 1.0, ""kick_dir"": [-0.9851782826709206, -0.17153342159395654]}]"
238,55,default,default,0,50.705513676950346,28.765248606663835,9,A,,0.7079045941285197,0.2792984147774836,-0.013613521239996255,"[{""move_vx"": -0.29260182056231065, ""move_vy"": 4.239915585787483, ""kick_power"": 0.0, ""kick_dir"": null}, {""move_vx"": 0.0, ""move_vy"": 5.8, ""kick_power"": 0.0, ""kick_dir"": null}, {""move_vx"": 3.9371915141692093, ""move_vy"": 2.3593691912784585, ""kick_power"": 0.0, ""kick_dir"": null}, {""move_vx"": 0.0, ""move_vy"": 0.0, ""kick_power"": 0.0, ""kick_dir"": null}, {""move_vx"": 5.8, ""move_vy"": 0.0, ""kick_power"": 0.0, ""kick_dir"": null}, {""move_vx"": 4.313351365237939, ""move_vy"": 4.313351365237939, ""kick_power"": 0.0, ""kick_dir"": null}, {""move_vx"": 0.0, ""move_vy"": 0.0, ""kick_power"": 0.0, ""kick_dir"": null}, {""move_vx"": -4.536290537436486, ""move_vy"": -2.3306797634948033, ""kick_power"": 0.0, ""kick_dir"": null}, {""move_vx"": 4.235394243217173, ""move_vy"": -3.9551814881902474, ""kick_power"": 0.0, ""kick_dir"": null}, {""move_vx"": 3.9533692484364074, ""move_vy"": -3.6784333058405942, ""kick_power"": 0.0, ""kick_dir"": null}, {""move_vx"": 4.242640687119285, ""move_vy"": -4.242640687119285, ""kick_power"": 0.0, ""kick_dir"": null}, {""move_vx"": -3.5355339059327373, ""move_vy"": -3.5355339059327373, ""kick_power"": 0.0, ""kick_dir"": null}, {""move_vx"": -5.262181016919607, ""move_vy"": 2.4391496356662765, ""kick_power"": 0.0, ""kick_dir"": null}, {""move_vx"": -0.0, ""move_vy"": 0.0, ""kick_power"": 0.4, ""kick_dir"": [-0.6726957646535372, 0.7399187707474301]}, {""move_vx"": -4.782889185038421, ""move_vy"": -5.1385183704685256, ""kick_power"": 0.0, ""kick_dir"": null}, {""move_vx"": -6.892833386318677, ""move_vy"": -0.9645972778577544, ""kick_power"": 0.0, ""kick_dir"": null}, {""move_vx"": -5.511166836240269, ""move_vy"": 2.3721382976389527, ""kick_power"": 0.0, ""kick_dir"": null}, {""move_vx"": -0.0, ""move_vy"": 0.0, ""kick_power"": 0.9, ""kick_dir"": [0.6726957646535372, -0.7399187707474301]}, {""move_vx"": -0.0, ""move_vy"": 0.0, ""kick_power"": 0.0, ""kick_dir"": null}, {""move_vx"": -0.0, ""move_vy"": 0.0, ""kick_power"": 0.4, ""kick_dir"": [0.7551036292090386, 0.6556051107894532]}, {""move_vx"": -0.0, ""move_vy"": 6.0, ""kick_power"": 0.0, ""kick_dir"": null}, {""move_vx"": 4.856345995323411, ""move_vy"": 2.45142888408093, ""kick_power"": 0.0, ""kick_dir"": null}]"
238,56,default,default,0,50.9690716268461,28.5200197196078,9,A,,0.7197141355779098,0.2748234062449674,-0.016585323643604225,"[{""move_vx"": -0.2926018205623106, ""move_vy"": 4.239915585787484, ""kick_power"": 0.0, ""kick_dir"": null}, {""move_vx"": 0.0, ""move_vy"": 5.8, ""kick_power"": 0.0, ""kick_dir"": null}, {""move_vx"": -3.937191514169274, ""move_vy"": -2.35936919127835, ""kick_power"": 0.0, ""kick_dir"": null}, {""move_vx"": 0.0, ""move_vy"": 0.0, ""kick_power"": 0.0, ""kick_dir"": null}, {""move_vx"": 5.8, ""move_vy"": 0.0, ""kick_power"": 0.0, ""kick_dir"": null}, {""move_vx"": 4.313351365237939, ""move_vy"": 4.313351365237939, ""kick_power"": 0.0, ""kick_dir"": null}, {""move_vx"": 0.0, ""move_vy"": 0.0, ""kick_power"": 0.0, ""kick_dir"": null}, {""move_vx"": -4.5362905374364795, ""move_vy"": -2.3306797634948158, ""kick_power"": 0.0, ""kick_dir"": null}, {""move_vx"": 4.209591636648009, ""move_vy"": -3.98263270371034, ""kick_power"": 0.0, ""kick_dir"": null}, {""move_vx"": 3.9533692484364074, ""move_vy"": -3.6784333058405942, ""kick_power"": 0.0, ""kick_dir"": null}, {""move_vx"": 4.242640687119285, ""move_vy"": -4.242640687119285, ""kick_power"": 0.0, ""kick_dir"": null}, {""move_vx"": -3.5355339059327373, ""move_vy"": -3.5355339059327373, ""kick_power"": 0.0, ""kick_dir"": null}, {""move_vx"": -5.262181016919607, ""move_vy"": 2.4391496356662765, ""kick_power"": 0.0, ""kick_dir"": null}, {""move_vx"": -0.0, ""move_vy"": 0.0, ""kick_power"": 0.4, ""kick_dir"": [-0.7096533301702408, 0.7045506137268343]}, {""move_vx"": -4.691735339576176, ""move_vy"": -5.221878924618229, ""kick_power"": 0.0, ""kick_dir"": null}, {""move_vx"": -6.892833386318678, ""move_vy"": -0.9645972778577548, ""kick_power"": 0.0, ""kick_dir"": null}, {""move_vx"": -5.511166836240269, ""move_vy"": 2.3721382976389522, ""kick_power"": 0.0, ""kick_dir"": null}, {""move_vx"": -0.0, ""move_vy"": 0.0, ""kick_power"": 0.9, ""kick_dir"": [0.7096533301702408, -0.7045506137268343]}, {""move_vx"": 4.242640687119285, ""move_vy"": 4.242640687119285, ""kick_power"": 0.0, ""kick_dir"": null}, {""move_vx"": -0.0, ""move_vy"": 0.0, ""kick_power"": 0.4, ""kick_dir"": [0.9581160224679329, -0.28637954969995666]}, {""move_vx"": -0.0, ""move_vy"": 6.0, ""kick_power"": 0.0, ""kick_dir"": null}, {""move_vx"": -0.0, ""move_vy"": 0.0, ""kick_power"": 1.0, ""kick_dir"": [-0.9848472101641618, -0.1734241512402627]}]"
238,57,default,default,0,51.23262957674186,28.274790832551762,9,A,,0.7315484958749364,0.28019512143938236,-0.011853961413075837,"[{""move_vx"": -0.2926018205623104, ""move_vy"": 4.239915585787483, ""kick_power"": 0.0, ""kick_dir"": null}, {""move_vx"": 0.0, ""move_vy"": 5.8, ""kick_power"": 0.0, ""kick_dir"": null}, {""move_vx"": 3.9371915141692093, ""move_vy"": 2.3593691912784585, ""kick_power"": 0.0, ""kick_dir"": null}, {""move_vx"": 0.0, ""move_vy"": 0.0, ""kick_power"": 0.0, ""kick_dir"": null}, {""move_vx"": 5.8, ""move_vy"": 0.0, ""kick_power"": 0.0, ""kick_dir"": null}, {""move_vx"": 4.313351365237939, ""move_vy"": 4.313351365237939, ""kick_power"": 0.0, ""kick_dir"": null}, {""move_vx"": 0.0, ""move_vy"": 0.0, ""kick_power"": 0.0, ""kick_dir"": null}, {""move_vx"": -4.5362905374364715, ""move_vy"": -2.3306797634948326, ""kick_power"": 0.0, ""kick_dir"": null}, {""move_vx"": 4.184043679749263, ""move_vy"": -4.00946423926567, ""kick_power"": 0.0, ""kick_dir"": null}, {""move_vx"": 3.9533692484364074, ""move_vy"": -3.6784333058405942, ""kick_power"": 0.0, ""kick_dir"": null}, {""move_vx"": 4.242640687119285, ""move_vy"": -4.242640687119285, ""kick_power"": 0.0, ""kick_dir"": null}, {""move_vx"": -0.0, ""move_vy"": 0.0, ""kick_power"": 1.0, ""kick_dir"": [-0.9883075397406405, 0.15247342847383485]}, {""move_vx"": -5.262181016919607, ""move_vy"": 2.4391496356662765, ""kick_power"": 0.0, ""kick_dir"": null}, {""move_vx"": -5.030389332507002, ""move_vy"": 1.9634620351307444, ""kick_power"": 0.0, ""kick_dir"": null}, {""move_vx"": -4.597003511226239, ""move_vy"": -5.3054649860095795, ""kick_power"": 0.0, ""kick_dir"": null}, {""move_vx"": -4.1012193308819755, ""move_vy"": -4.1012193308819755, ""kick_power"": 0.0, ""kick_dir"": null}, {""move_vx"": -5.511166836240269, ""move_vy"": 2.372138297638951, ""kick_power"": 0.0, ""kick_dir"": null}, {""move_vx"": -0.0, ""move_vy"": 0.0, ""kick_power"": 0.9, ""kick_dir"": [0.7406617758025301, -0.6718776559021084]}, {""move_vx"": -0.0, ""move_vy"": 0.0, ""kick_power"": 0.0, ""kick_dir"": null}, {""move_vx"": -0.0, ""move_vy"": 0.0, ""kick_power"": 0.4, ""kick_dir"": [0.9618468112576536, -0.273587700873896]}, {""move_vx"": -0.0, ""move_vy"": 6.0, ""kick_power"": 0.0, ""kick_dir"": null}, {""move_vx"": 4.85634599532341, ""move_vy"": 2.4514288840809324, ""kick_power"": 0.0, ""kick_dir"": null}]"
238,58,default,default,0,51.49618752663761,28.029561945495725,9,A,,0.7434088447567048,0.27588498158731545,-0.0115993158779523,"[{""move_vx"": -0.29260182056231027, ""move_vy"": 4.239915585787483, ""kick_power"": 0.0, ""kick_dir"": null}, {""move_vx"": 0.0, ""move_vy"": 5.8, ""kick_power"": 0.0, ""kick_dir"": null}, {""move_vx"": -3.937191514169274, ""move_vy"": -2.35936919127835, ""kick_power"": 0.0, ""kick_dir"": null}, {""move_vx"": 0.0, ""move_vy"": 0.0, ""kick_power"": 0.0, ""kick_dir"": null}, {""move_vx"": 5.8, ""move_vy"": 0.0, ""kick_power"": 0.0, ""kick_dir"": null}, {""move_vx"": 4.313351365237939, ""move_vy"": 4.313351365237939, ""kick_power"": 0.0, ""kick_dir"": null}, {""move_vx"": 0.0, ""move_vy"": 0.0, ""kick_power"": 0.0, ""kick_dir"": null}, {""move_vx"": -4.536290537436458, ""move_vy"": -2.3306797634948584, ""kick_power"": 0.0, ""kick_dir"": null}, {""move_vx"": 4.158756969441518, ""move_vy"": -4.0356864929181, ""kick_power"": 0.0, ""kick_dir"": null}, {""move_vx"": 3.9533692484364074, ""move_vy"": -3.6784333058405942, ""kick_power"": 0.0, ""kick_dir"": null}, {""move_vx"": 4.242640687119285, ""move_vy"": -4.242640687119285, ""kick_power"": 0.0, ""kick_dir"": null}, {""move_vx"": 1.670679130089952, ""move_vy"": 3.907855069508321, ""kick_power"": 0.0, ""kick_dir"": null}, {""move_vx"": -5.262181016919607, ""move_vy"": 2.4391496356662756, ""kick_power"": 0.0, ""kick_dir"": null}, {""move_vx"": -5.030389332507002, ""move_vy"": 1.9634620351307444, ""kick_power"": 0.0, ""kick_dir"": null}, {""move_vx"": -4.498587988243402, ""move_vy"": -5.38916562299139, ""kick_power"": 0.0, ""kick_dir"": null}, {""move_vx"": -4.1012193308819755, ""move_vy"": -4.1012193308819755, ""kick_power"": 0.0, ""kick_dir"": null}, {""move_vx"": -5.511166836240269, ""move_vy"": 2.3721382976389505, ""kick_power"": 0.0, ""kick_dir"": null}, {""move_vx"": -0.0, ""move_vy"": 0.0, ""kick_power"": 0.9, ""kick_dir"": [0.714020620628591, -0.7001242378961029]}, {""move_vx"": -0.0, ""move_vy"": 0.0, ""kick_power"": 0.0, ""kick_dir"": null}, {""move_vx"": -0.0, ""move_vy"": 0.0, ""kick_power"": 0.4, ""kick_dir"": [0.9661069770480675, -0.25814100523949624]}, {""move_vx"": -0.0, ""move_vy"": 6.0, ""kick_power"": 0.0, ""kick_dir"": null}, {""move_vx"": -0.0, ""move_vy"": 0.0, ""kick_power"": 0.0, ""kick_dir"": null}]"
238,59,default,default,0,51.75974547653337,27.78433305843969,9,A,,0.7559726980957168,0.28321819535788284,-0.015932334751777338,"[{""move_vx"": 0.0, ""move_vy"": 0.0, ""kick_power"": 0.0, ""kick_dir"": null}, {""move_vx"": 0.0, ""move_vy"": 0.0, ""kick_power"": 0.4, ""kick_dir"": [0.10606464726934149, 0.9943591073381649]}, {""move_vx"": 3.9371915141692093, ""move_vy"": 2.3593691912784585, ""kick_power"": 0.0, ""kick_dir"": null}, {""move_vx"": -3.8183766184073566, ""move_vy"": 3.8183766184073566, ""kick_power"": 0.0, ""kick_dir"": null}, {""move_vx"": 5.8, ""move_vy"": 0.0, ""kick_power"": 0.0, ""kick_dir"": null}, {""move_vx"": 4.313351365237939, ""move_vy"": 4.313351365237939, ""kick_power"": 0.0, ""kick_dir"": null}, {""move_vx"": 0.0, ""move_vy"": 0.0, ""kick_power"": 0.0, ""kick_dir"": null}, {""move_vx"": 0.0, ""move_vy"": -6.0, ""kick_power"": 0.0, ""kick_dir"": null}, {""move_vx"": 4.133737491147201, ""move_vy"": -4.061310053946144, ""kick_power"": 0.0, ""kick_dir"": null}, {""move_vx"": 3.9533692484364074, ""move_vy"": -3.6784333058405942, ""kick_power"": 0.0, ""kick_dir"": null}, {""move_vx"": 4.242640687119285, ""move_vy"": -4.242640687119285, ""kick_power"": 0.0, ""kick_dir"": null}, {""move_vx"": -0.0, ""move_vy"": 0.0, ""kick_power"": 1.0, ""kick_dir"": [-0.9888467479794779, 0.14893639201493125]}, {""move_vx"": -5.262181016919608, ""move_vy"": 2.439149635666276, ""kick_power"": 0.0, ""kick_dir"": null}, {""move_vx"": -0.0, ""move_vy"": 0.0, ""kick_power"": 0.4, ""kick_dir"": [-0.6800011078391809, 0.7332106259238483]}, {""move_vx"": -4.396386060723352, ""move_vy"": -5.4728593628082045, ""kick_power"": 0.0, ""kick_dir"": null}, {""move_vx"": -4.1012193308819755, ""move_vy"": -4.1012193308819755, ""kick_power"": 0.0, ""kick_dir"": null}, {""move_vx"": -5.511166836240269, ""move_vy"": 2.3721382976389496, ""kick_power"": 0.0, ""kick_dir"": null}, {""move_vx"": -6.0, ""move_vy"": 0.0, ""kick_power"": 0.0, ""kick_dir"": null}, {""move_vx"": -0.0, ""move_vy"": 0.0, ""kick_power"": 0.0, ""kick_dir"": null}, {""move_vx"": -0.0, ""move_vy"": 0.0, ""kick_power"": 0.4, ""kick_dir"": [0.9709861366915751, -0.23913454910525153]}, {""move_vx"": -0.0, ""move_vy"": 6.0, ""kick_power"": 0.0, ""kick_dir"": null}, {""move_vx"": 4.856345995323408, ""move_vy"": 2.4514288840809355, ""kick_power"": 0.0, ""kick_dir"": null}]"
238,60,default,default,0,52.02330342642912,27.539104171383652,9,A,,0.7686201575386902,0.275798806905859,-0.01881556450328094,"[{""move_vx"": 0.0, ""move_vy"": 0.0, ""kick_power"": 0.0, ""kick_dir"": null}, {""move_vx"": 0.0, ""move_vy"": 5.8, ""kick_power"": 0.0, ""kick_dir"": null}, {""move_vx"": -3.937191514169274, ""move_vy"": -2.35936919127835, ""kick_power"": 0.0, ""kick_dir"": null}, {""move_vx"": 0.0, ""move_vy"": 0.0, ""kick_power"": 0.0, ""kick_dir"": null}, {""move_vx"": 5.8, ""move_vy"": 0.0, ""kick_power"": 0.0, ""kick_dir"": null}, {""move_vx"": 4.313351365237939, ""move_vy"": 4.313351365237939, ""kick_power"": 0.0, ""kick_dir"": null}, {""move_vx"": -6.0, ""move_vy"": 0.0, ""kick_power"": 0.0, ""kick_dir"": null}, {""move_vx"": -5.091964776438647, ""move_vy"": -0.2861725275216307, ""kick_power"": 0.0, ""kick_dir"": null}, {""move_vx"": 4.108990638520256, ""move_vy"": -4.086345669733887, ""kick_power"": 0.0, ""kick_dir"": null}, {""move_vx"": 3.9533692484364074, ""move_vy"": -3.6784333058405942, ""kick_power"": 0.0, ""kick_dir"": null}, {""move_vx"": 4.242640687119285, ""move_vy"": -4.242640687119285, ""kick_power"": 0.0, ""kick_dir"": null}, {""move_vx"": 1.564962155557926, ""move_vy"": 3.951378677331684, ""kick_power"": 0.0, ""kick_dir"": null}, {""move_vx"": -5.262181016919607, ""move_vy"": 2.439149635666275, ""kick_power"": 0.0, ""kick_dir"": null}, {""move_vx"": -0.0, ""move_vy"": 0.0, ""kick_power"": 0.4, ""kick_dir"": [-0.7708987074981518, 0.6369573059025786]}, {""move_vx"": -4.290299070380659, ""move_vy"": -5.556413761293417, ""kick_power"": 0.0, ""kick_dir"": null}, {""move_vx"": -4.1012193308819755, ""move_vy"": -4.1012193308819755, ""kick_power"": 0.0, ""kick_dir"": null}, {""move_vx"": -5.511166836240269, ""move_vy"": 2.372138297638949, ""kick_power"": 0.0, ""kick_dir"": null}, {""move_vx"": -4.242640687119285, ""move_vy"": 4.242640687119285, ""kick_power"": 0.0, ""kick_dir"": null}, {""move_vx"": -0.0, ""move_vy"": 0.0, ""kick_power"": 0.0, ""kick_dir"": null}, {""move_vx"": -0.0, ""move_vy"": 0.0, ""kick_power"": 0.4, ""kick_dir"": [0.9765673378195212, -0.21521052670370627]}, {""move_vx"": -0.0, ""move_vy"": 6.0, ""kick_power"": 0.0, ""kick_dir"": null}, {""move_vx"": -0.0, ""move_vy"": 0.0, ""kick_power"": 1.0, ""kick_dir"": [-0.9841869147535608, -0.17713294691812156]}]"
238,61,default,default,0,52.28686137632488,27.293875284327616,9,A,,0.781350983912896,0.28538070507222435,-0.021521397764280345,"[{""move_vx"": 0.0, ""move_vy"": 0.0, ""kick_power"": 0.0, ""kick_dir"": null}, {""move_vx"": 0.0, ""move_vy"": 0.0, ""kick_power"": 0.4, ""kick_dir"": [0.03664099691685321, 0.9993283622379575]}, {""move_vx"": 3.9371915141692093, ""move_vy"": 2.3593691912784585, ""kick_power"": 0.0, ""kick_dir"": null}, {""move_vx"": 0.0, ""move_vy"": 0.0, ""kick_power"": 0.0, ""kick_dir"": null}, {""move_vx"": 5.8, ""move_vy"": 0.0, ""kick_power"": 0.0, ""kick_dir"": null}, {""move_vx"": 4.313351365237939, ""move_vy"": 4.313351365237939, ""kick_power"": 0.0, ""kick_dir"": null}, {""move_vx"": 0.0, ""move_vy"": 0.0, ""kick_power"": 0.0, ""kick_dir"": null}, {""move_vx"": -5.091964776438645, ""move_vy"": -0.2861725275216734, ""kick_power"": 0.0, ""kick_dir"": null}, {""move_vx"": 4.084521233947977, ""move_vy"": -4.110804214436403, ""kick_power"": 0.0, ""kick_dir"": null}, {""move_vx"": 3.9533692484364074, ""move_vy"": -3.6784333058405942, ""kick_power"": 0.0, ""kick_dir"": null}, {""move_vx"": 2.7735620448290956, ""move_vy"": -4.633287556744504, ""kick_power"": 0.0, ""kick_dir"": null}, {""move_vx"": -0.0, ""move_vy"": 0.0, ""kick_power"": 1.0, ""kick_dir"": [-0.989327212526236, 0.14571069529861067]}, {""move_vx"": -5.262181016919607, ""move_vy"": 2.439149635666275, ""kick_power"": 0.0, ""kick_dir"": null}, {""move_vx"": -0.0, ""move_vy"": 0.0, ""kick_power"": 0.4, ""kick_dir"": [-0.7861491789469877, 0.6180363926221834]}, {""move_vx"": -4.180233575579764, ""move_vy"": -5.6396850314175895, ""kick_power"": 0.0, ""kick_dir"": null}, {""move_vx"": -4.1012193308819755, ""move_vy"": -4.1012193308819755, ""kick_power"": 0.0, ""kick_dir"": null}, {""move_vx"": -5.511166836240271, ""move_vy"": 2.3721382976389487, ""kick_power"": 0.0, ""kick_dir"": null}, {""move_vx"": -4.242640687119285, ""move_vy"": 4.242640687119285, ""kick_power"": 0.0, ""kick_dir"": null}, {""move_vx"": -0.0, ""move_vy"": 0.0, ""kick_power"": 0.0, ""kick_dir"": null}, {""move_vx"": -0.0, ""move_vy"": 0.0, ""kick_power"": 0.4, ""kick_dir"": [0.9828799836404123, -0.18424488893918817]}, {""move_vx"": -0.0, ""move_vy"": 6.0, ""kick_power"": 0.0, ""kick_dir"": null}, {""move_vx"": 4.856345995323412, ""move_vy"": 2.4514288840809284, ""kick_power"": 0.0, ""kick_dir"": null}]"
238,62,default,default,0,52.550419326220634,27.04864639727158,9,A,,0.7941649523744214,0.2792197519419956,-0.021896671236974332,"[{""move_vx"": 0.0, ""move_vy"": 0.0, ""kick_power"": 0.0, ""kick_dir"": null}, {""move_vx"": 0.0, ""move_vy"": 0.0, ""kick_power"": 0.4, ""kick_dir"": [0.01937911093125267, 0.9998120809273233]}, {""move_vx"": -3.937191514169274, ""move_vy"": -2.35936919127835, ""kick_power"": 0.0, ""kick_dir"": null}, {""move_vx"": 0.0, ""move_vy"": 0.0, ""kick_power"": 0.0, ""kick_dir"": null}, {""move_vx"": 5.8, ""move_vy"": 0.0, ""kick_power"": 0.0, ""kick_dir"": null}, {""move_vx"": 4.313351365237939, ""move_vy"": 4.313351365237939, ""kick_power"": 0.0, ""kick_dir"": null}, {""move_vx"": 0.0, ""move_vy"": 0.0, ""kick_power"": 0.0, ""kick_dir"": null}, {""move_vx"": -5.091964776438655, ""move_vy"": -0.2861725275214948, ""kick_power"": 0.0, ""kick_dir"": null}, {""move_vx"": 4.06033354966023, ""move_vy"": -4.134696659430236, ""kick_power"": 0.0, ""kick_dir"": null}, {""move_vx"": 3.9533692484364074, ""move_vy"": -3.6784333058405942, ""kick_power"": 0.0, ""kick_dir"": null}, {""move_vx"": 2.8487157181375045, ""move_vy"": -4.587463215900082, ""kick_power"": 0.0, ""kick_dir"": null}, {""move_vx"": 1.4660947174744525, ""move_vy"": 3.989118484000382, ""kick_power"": 0.0, ""kick_dir"": null}, {""move_vx"": -5.262181016919608, ""move_vy"": 2.439149635666275, ""kick_power"": 0.0, ""kick_dir"": null}, {""move_vx"": -0.0, ""move_vy"": 0.0, ""kick_power"": 0.4, ""kick_dir"": [-0.4715299589082505, -0.8818497426703977]}, {""move_vx"": -4.066102633668477, ""move_vy"": -5.722517747676655, ""kick_power"": 0.0, ""kick_dir"": null}, {""move_vx"": -4.1012193308819755, ""move_vy"": -4.1012193308819755, ""kick_power"": 0.0, ""kick_dir"": null}, {""move_vx"": -5.511166836240271, ""move_vy"": 2.372138297638948, ""kick_power"": 0.0, ""kick_dir"": null}, {""move_vx"": -4.242640687119285, ""move_vy"": 4.242640687119285, ""kick_power"": 0.0, ""kick_dir"": null}, {""move_vx"": -0.0, ""move_vy"": 0.0, ""kick_power"": 0.0, ""kick_dir"": null}, {""move_vx"": -0.0, ""move_vy"": 0.0, ""kick_power"": 0.4, ""kick_dir"": [0.9897588305929484, -0.14274653643141233]}, {""move_vx"": -0.0, ""move_vy"": 6.0, ""kick_power"": 0.0, ""kick_dir"": null}, {""move_vx"": -0.0, ""move_vy"": 0.0, ""kick_power"": 1.0, ""kick_dir"": [-0.983857805882925, -0.17895189879537257]}]"
238,63,default,default,0,52.81397727611639,26.803417510215542,9,A,,0.80706185145112,0.2908365347563588,-0.023185913952527507,"[{""move_vx"": 0.0, ""move_vy"": 0.0, ""kick_power"": 0.0, ""kick_dir"": null}, {""move_vx"": 0.0, ""move_vy"": 0.0, ""kick_power"": 0.4, ""kick_dir"": [0.0035847539577852053, 0.9999934525032758]}, {""move_vx"": 3.9371915141692093, ""move_vy"": 2.3593691912784585, ""kick_power"": 0.0, ""kick_dir"": null}, {""move_vx"": 0.0, ""move_vy"": 0.0, ""kick_power"": 0.0, ""kick_dir"": null}, {""move_vx"": 5.8, ""move_vy"": 0.0, ""kick_power"": 0.0, ""kick_dir"": null}, {""move_vx"": 5.579512554612276, ""move_vy"": 2.465570857412943, ""kick_power"": 0.0, ""kick_dir"": null}, {""move_vx"": 0.0, ""move_vy"": 0.0, ""kick_power"": 0.0, ""kick_dir"": null}, {""move_vx"": 5.091964776438647, ""move_vy"": 0.28617252752162864, ""kick_power"": 0.0, ""kick_dir"": null}, {""move_vx"": 4.036431329292186, ""move_vy"": -4.158034045544662, ""kick_power"": 0.0, ""kick_dir"": null}, {""move_vx"": 3.9533692484364074, ""move_vy"": -3.6784333058405942, ""kick_power"": 0.0, ""kick_dir"": null}, {""move_vx"": 2.9190728378300412, ""move_vy"": -4.543018134174997, ""kick_power"": 0.0, ""kick_dir"": null}, {""move_vx"": -0.0, ""move_vy"": 0.0, ""kick_power"": 1.0, ""kick_dir"": [-0.9897663381399869, 0.142697359225914]}, {""move_vx"": -5.26293463445909, ""move_vy"": 2.4375231349488686, ""kick_power"": 0.0, ""kick_dir"": null}, {""move_vx"": -0.0, ""move_vy"": 0.0, ""kick_power"": 0.4, ""kick_dir"": [-0.5991053064768138, -0.8006699199511587]}, {""move_vx"": -3.947827200433547, ""move_vy"": -5.804744645160286, ""kick_power"": 0.0, ""kick_dir"": null}, {""move_vx"": -4.1012193308819755, ""move_vy"": -4.1012193308819755, ""kick_power"": 0.0, ""kick_dir"": null}, {""move_vx"": -5.511166836240271, ""move_vy"": 2.372138297638947, ""kick_power"": 0.0, ""kick_dir"": null}, {""move_vx"": -4.242640687119285, ""move_vy"": 4.242640687119285, ""kick_power"": 0.0, ""kick_dir"": null}, {""move_vx"": -0.0, ""move_vy"": 0.0, ""kick_power"": 0.0, ""kick_dir"": null}, {""move_vx"": -0.0, ""move_vy"": 0.0, ""kick_power"": 0.4, ""kick_dir"": [0.9964114973745065, -0.08463526393084414]}, {""move_vx"": -0.0, ""move_vy"": 6.0, ""kick_power"": 0.0, ""kick_dir"": null}, {""move_vx"": 4.8563459953234105, ""move_vy"": 2.451428884080931, ""kick_power"": 0.0, ""kick_dir"": null}]"
238,64,default,default,0,53.077535226012145,26.558188623159506,9,A,,0.820041482155264,0.2848194714834686,-0.010092088911098354,"[{""move_vx"": 0.0, ""move_vy"": 0.0, ""kick_power"": 0.0, ""kick_dir"": null}, {""move_vx"": 0.0, ""move_vy"": 0.0, ""kick_power"": 0.4, ""kick_dir"": [-0.010843864201227694, 0.9999410852995407]}, {""move_vx"": -3.937191514169274, ""move_vy"": -2.35936919127835, ""kick_power"": 0.0, ""kick_dir"": null}, {""move_vx"": 0.0, ""move_vy"": 0.0, ""kick_power"": 0.0, ""kick_dir"": null}, {""move_vx"": 5.8, ""move_vy"": 0.0, ""kick_power"": 0.0, ""kick_dir"": null}, {""move_vx"": 5.579512554612276, ""move_vy"": 2.465570857412943, ""kick_power"": 0.0, ""kick_dir"": null}, {""move_vx"": 0.0, ""move_vy"": 0.0, ""kick_power"": 0.0, ""kick_dir"": null}, {""move_vx"": -5.091964776438653, ""move_vy"": -0.2861725275215155, ""kick_power"": 0.0, ""kick_dir"": null}, {""move_vx"": 4.012817809757819, ""move_vy"": -4.1808274570580455, ""kick_power"": 0.0, ""kick_dir"": null}, {""move_vx"": 3.9533692484364074, ""move_vy"": -3.6784333058405942, ""kick_power"": 0.0, ""kick_dir"": null}, {""move_vx"": 2.9849149905973893, ""move_vy"": -4.5000313886579715, ""kick_power"": 0.0, ""kick_dir"": null}, {""move_vx"": 1.3739169594326126, ""move_vy"": 4.021797134190566, ""kick_power"": 0.0, ""kick_dir"": null}, {""move_vx"": -5.2659377252217485, ""move_vy"": 2.4310285629927075, ""kick_power"": 0.0, ""kick_dir"": null}, {""move_vx"": -5.504208741004272, ""move_vy"": -3.419661698977281, ""kick_power"": 0.0, ""kick_dir"": null}, {""move_vx"": -3.8253376437345805, ""move_vy"": -5.88618653386275, ""kick_power"": 0.0, ""kick_dir"": null}, {""move_vx"": -4.1012193308819755, ""move_vy"": -4.1012193308819755, ""kick_power"": 0.0, ""kick_dir"": null}, {""move_vx"": -5.503082022202217, ""move_vy"": 2.3908342177814763, ""kick_power"": 0.0, ""kick_dir"": null}, {""move_vx"": -4.242640687119285, ""move_vy"": 4.242640687119285, ""kick_power"": 0.0, ""kick_dir"": null}, {""move_vx"": -0.0, ""move_vy"": 0.0, ""kick_power"": 0.0, ""kick_dir"": null}, {""move_vx"": -0.0, ""move_vy"": 0.0, ""kick_power"": 0.4, ""kick_dir"": [0.9999633268178959, -0.008505587577349767]}, {""move_vx"": -0.7446837687905274, ""move_vy"": -5.651145555062259, ""kick_power"": 0.0, ""kick_dir"": null}, {""move_vx"": -0.0, ""move_vy"": 0.0, ""kick_power"": 1.0, ""kick_dir"": [-0.9835294604819274, -0.1807477935243686]}]"
238,65,default,default,0,53.3410931759079,26.31295973610347,9,A,,0.8331036571605157,0.2904516098430292,-0.017131943737269742,"[{""move_vx"": 0.0, ""move_vy"": 0.0, ""kick_power"": 0.0, ""kick_dir"": null}, {""move_vx"": 0.0, ""move_vy"": 0.0, ""kick_power"": 0.4, ""kick_dir"": [-0.023997720312419635, 0.9997118987024073]}, {""move_vx"": 3.9371915141692093, ""move_vy"": 2.3593691912784585, ""kick_power"": 0.0, ""kick_dir"": null}, {""move_vx"": 0.0, ""move_vy"": 0.0, ""kick_power"": 0.0, ""kick_dir"": null}, {""move_vx"": 5.8, ""move_vy"": 0.0, ""kick_power"": 0.0, ""kick_dir"": null}, {""move_vx"": 5.5795125546122755, ""move_vy"": 2.4655708574129425, ""kick_power"": 0.0, ""kick_dir"": null}, {""move_vx"": -4.242640687119285, ""move_vy"": 4.242640687119285, ""kick_power"": 0.0, ""kick_dir"": null}, {""move_vx"": 5.091964776438648, ""move_vy"": 0.28617252752160055, ""kick_power"": 0.0, ""kick_dir"": null}, {""move_vx"": 3.9894957433026614, ""move_vy"": -4.2030879974335456, ""kick_power"": 0.0, ""kick_dir"": null}, {""move_vx"": 3.9533692484364074, ""move_vy"": -3.6784333058405942, ""kick_power"": 0.0, ""kick_dir"": null}, {""move_vx"": 3.0465141756041882, ""move_vy"": -4.458559338827143, ""kick_power"": 0.0, ""kick_dir"": null}, {""move_vx"": -0.0, ""move_vy"": 0.0, ""kick_power"": 1.0, ""kick_dir"": [-0.9901754335441164, 0.13983043836960932]}, {""move_vx"": -5.269402729917563, ""move_vy"": 2.4235087930389962, ""kick_power"": 0.0, ""kick_dir"": null}, {""move_vx"": -5.028604799563457, ""move_vy"": 1.9680278884729683, ""kick_power"": 0.0, ""kick_dir"": null}, {""move_vx"": -3.6985753650408126, ""move_vy"": -5.9666523502809525, ""kick_power"": 0.0, ""kick_dir"": null}, {""move_vx"": -4.1012193308819755, ""move_vy"": -4.1012193308819755, ""kick_power"": 0.0, ""kick_dir"": null}, {""move_vx"": -5.494816199041653, ""move_vy"": 2.409770723274197, ""kick_power"": 0.0, ""kick_dir"": null}, {""move_vx"": -4.242640687119285, ""move_vy"": 4.242640687119285, ""kick_power"": 0.0, ""kick_dir"": null}, {""move_vx"": -0.0, ""move_vy"": 0.0, ""kick_power"": 0.0, ""kick_dir"": null}, {""move_vx"": -5.766004110095358, ""move_vy"": 2.7772642298426415, ""kick_power"": 0.0, ""kick_dir"": null}, {""move_vx"": 6.0, ""move_vy"": 0.0, ""kick_power"": 0.0, ""kick_dir"": null}, {""move_vx"": 4.856345995323409, ""move_vy"": 2.4514288840809346, ""kick_power"": 0.0, ""kick_dir"": null}]"
238,66,default,default,0,53.604651125803656,26.067730849047432,9,A,,0.846248200038257,0.2817019781951366,-0.018912088929119518,"[{""move_vx"": 0.0, ""move_vy"": 0.0, ""kick_power"": 0.0, ""kick_dir"": null}, {""move_vx"": 0.0, ""move_vy"": 0.0, ""kick_power"": 0.4, ""kick_dir"": [-0.06518934836814723, 0.9978728045443785]}, {""move_vx"": -3.937191514169274, ""move_vy"": -2.35936919127835, ""kick_power"": 0.0, ""kick_dir"": null}, {""move_vx"": 0.0, ""move_vy"": 0.0, ""kick_power"": 0.0, ""kick_dir"": null}, {""move_vx"": 5.8, ""move_vy"": 0.0, ""kick_power"": 0.0, ""kick_dir"": null}, {""move_vx"": 5.575756367921542, ""move_vy"": 2.4740535413734226, ""kick_power"": 0.0, ""kick_dir"": null}, {""move_vx"": 0.0, ""move_vy"": 0.0, ""kick_power"": 0.0, ""kick_dir"": null}, {""move_vx"": -5.091964776438652, ""move_vy"": -0.28617252752153627, ""kick_power"": 0.0, ""kick_dir"": null}, {""move_vx"": -6.1, ""move_vy"": 0.0, ""kick_power"": 0.0, ""kick_dir"": null}, {""move_vx"": 3.9533692484364074, ""move_vy"": -3.6784333058405942, ""kick_power"": 0.0, ""kick_dir"": null}, {""move_vx"": 0.0, ""move_vy"": -6.0, ""kick_power"": 0.0, ""kick_dir"": null}, {""move_vx"": 1.2880383669361266, ""move_vy"": 4.0501181668317425, ""kick_power"": 0.0, ""kick_dir"": null}, {""move_vx"": -5.270674300102554, ""move_vy"": 2.420742122209313, ""kick_power"": 0.0, ""kick_dir"": null}, {""move_vx"": -5.028604799563457, ""move_vy"": 1.9680278884729678, ""kick_power"": 0.0, ""kick_dir"": null}, {""move_vx"": -3.567494518677321, ""move_vy"": -6.0459393694617285, ""kick_power"": 0.0, ""kick_dir"": null}, {""move_vx"": -4.1012193308819755, ""move_vy"": -4.1012193308819755, ""kick_power"": 0.0, ""kick_dir"": null}, {""move_vx"": -5.4863646306448, ""move_vy"": 2.4289510368901497, ""kick_power"": 0.0, ""kick_dir"": null}, {""move_vx"": -4.242640687119285, ""move_vy"": 4.242640687119285, ""kick_power"": 0.0, ""kick_dir"": null}, {""move_vx"": -0.0, ""move_vy"": 0.0, ""kick_power"": 0.0, ""kick_dir"": null}, {""move_vx"": -5.767826411545653, ""move_vy"": 2.773477688079787, ""kick_power"": 0.0, ""kick_dir"": null}, {""move_vx"": 6.0, ""move_vy"": 0.0, ""kick_power"": 0.0, ""kick_dir"": null}, {""move_vx"": -0.0, ""move_vy"": 0.0, ""kick_power"": 1.0, ""kick_dir"": [-0.9832019281146126, -0.18252104883952786]}]"
238,67,default,default,0,53.86820907569941,25.822501961991396,9,A,,0.8594749445487081,0.2880222163969318,-0.02570426612007243,"[{""move_vx"": 0.0, ""move_vy"": 0.0, ""kick_power"": 0.0, ""kick_dir"": null}, {""move_vx"": 0.0, ""move_vy"": 0.0, ""kick_power"": 0.4, ""kick_dir"": [-0.0748038713529745, 0.997198161058624]}, {""move_vx"": -3.8183766184073566, ""move_vy"": 3.8183766184073566, ""kick_power"": 0.0, ""kick_dir"": null}, {""move_vx"": -5.4, ""move_vy"": 0.0, ""kick_power"": 0.0, ""kick_dir"": null}, {""move_vx"": 5.8, ""move_vy"": 0.0, ""kick_power"": 0.0, ""kick_dir"": null}, {""move_vx"": 5.568131800876582, ""move_vy"": 2.4911660418500636, ""kick_power"": 0.0, ""kick_dir"": null}, {""move_vx"": 0.0, ""move_vy"": 0.0, ""kick_power"": 0.0, ""kick_dir"": null}, {""move_vx"": 5.09196477643865, ""move_vy"": 0.28617252752157246, ""kick_power"": 0.0, ""kick_dir"": null}, {""move_vx"": 4.008813222064302, ""move_vy"": -4.184667436081679, ""kick_power"": 0.0, ""kick_dir"": null}, {""move_vx"": 3.9533692484364074, ""move_vy"": -3.6784333058405942, ""kick_power"": 0.0, ""kick_dir"": null}, {""move_vx"": 0.0, ""move_vy"": -6.0, ""kick_power"": 0.0, ""kick_dir"": null}, {""move_vx"": 1.2880383669361233, ""move_vy"": 4.050118166831743, ""kick_power"": 0.0, ""kick_dir"": null}, {""move_vx"": -0.0, ""move_vy"": -5.8, ""kick_power"": 0.0, ""kick_dir"": null}, {""move_vx"": -0.0, ""move_vy"": 0.0, ""kick_power"": 0.4, ""kick_dir"": [-0.05119422691848244, 0.9986885700465471]}, {""move_vx"": -3.432063814090427, ""move_vy"": -6.1238336012673535, ""kick_power"": 0.0, ""kick_dir"": null}, {""move_vx"": -4.1012193308819755, ""move_vy"": -4.1012193308819755, ""kick_power"": 0.0, ""kick_dir"": null}, {""move_vx"": -5.477722454785775, ""move_vy"": 2.44837838340721, ""kick_power"": 0.0, ""kick_dir"": null}, {""move_vx"": -4.242640687119285, ""move_vy"": 4.242640687119285, ""kick_power"": 0.0, ""kick_dir"": null}, {""move_vx"": -0.0, ""move_vy"": 0.0, ""kick_power"": 0.0, ""kick_dir"": null}, {""move_vx"": -5.769676931093224, ""move_vy"": 2.7696259875316525, ""kick_power"": 0.0, ""kick_dir"": null}, {""move_vx"": 6.0, ""move_vy"": 0.0, ""kick_power"": 0.0, ""kick_dir"": null}, {""move_vx"": 4.856345995323413, ""move_vy"": 2.451428884080926, ""kick_power"": 0.0, ""kick_dir"": null}]"
238,68,default,default,0,54.13176702559517,25.57727307493536,9,A,,0.8727837339826292,0.29112558431125335,-0.02982235669191487,"[{""move_vx"": 0.0, ""move_vy"": 0.0, ""kick_power"": 0.0, ""kick_dir"": null}, {""move_vx"": 0.0, ""move_vy"": 5.8, ""kick_power"": 0.0, ""kick_dir"": null}, {""move_vx"": 3.896324275060383, ""move_vy"": -2.4262640300625122, ""kick_power"": 0.0, ""kick_dir"": null}, {""move_vx"": -5.4, ""move_vy"": 0.0, ""kick_power"": 0.0, ""kick_dir"": null}, {""move_vx"": 5.8, ""move_vy"": 0.0, ""kick_power"": 0.0, ""kick_dir"": null}, {""move_vx"": 5.560358232942422, ""move_vy"": 2.5084689197495416, ""kick_power"": 0.0, ""kick_dir"": null}, {""move_vx"": 0.0, ""move_vy"": 0.0, ""kick_power"": 0.0, ""kick_dir"": null}, {""move_vx"": -5.091964776438651, ""move_vy"": -0.28617252752155703, ""kick_power"": 0.0, ""kick_dir"": null}, {""move_vx"": 3.9862411010671663, ""move_vy"": -4.206174851829488, ""kick_power"": 0.0, ""kick_dir"": null}, {""move_vx"": 3.9533692484364074, ""move_vy"": -3.6784333058405942, ""kick_power"": 0.0, ""kick_dir"": null}, {""move_vx"": 4.242640687119285, ""move_vy"": -4.242640687119285, ""kick_power"": 0.0, ""kick_dir"": null}, {""move_vx"": 1.288038366936119, ""move_vy"": 4.050118166831746, ""kick_power"": 0.0, ""kick_dir"": null}, {""move_vx"": -0.0, ""move_vy"": -5.8, ""kick_power"": 0.0, ""kick_dir"": null}, {""move_vx"": -5.924025315159421, ""move_vy"": 0.4353436175601266, ""kick_power"": 0.0, ""kick_dir"": null}, {""move_vx"": -3.292268381406298, ""move_vy"": -6.200110394564952, ""kick_power"": 0.0, ""kick_dir"": null}, {""move_vx"": -0.0, ""move_vy"": -5.8, ""kick_power"": 0.0, ""kick_dir"": null}, {""move_vx"": -5.468884680645062, ""move_vy"": 2.468055985954484, ""kick_power"": 0.0, ""kick_dir"": null}, {""move_vx"": -6.0, ""move_vy"": 0.0, ""kick_power"": 0.0, ""kick_dir"": null}, {""move_vx"": 4.242640687119285, ""move_vy"": 4.242640687119285, ""kick_power"": 0.0, ""kick_dir"": null}, {""move_vx"": -5.773070687457601, ""move_vy"": 2.7625449928675976, ""kick_power"": 0.0, ""kick_dir"": null}, {""move_vx"": -0.0, ""move_vy"": 6.0, ""kick_power"": 0.0, ""kick_dir"": null}, {""move_vx"": -0.0, ""move_vy"": 0.0, ""kick_power"": 1.0, ""kick_dir"": [-0.9828752556078248, -0.18427207288965966]}]"
238,69,default,default,0,54.39532497549092,25.332044187879323,9,A,,0.8861744205497297,0.2956223161340836,-0.02920341021505054,"[{""move_vx"": 0.0, ""move_vy"": 0.0, ""kick_power"": 0.0, ""kick_dir"": null}, {""move_vx"": 0.0, ""move_vy"": 5.8, ""kick_power"": 0.0, ""kick_dir"": null}, {""move_vx"": 3.896324275060206, ""move_vy"": -2.4262640300627956, ""kick_power"": 0.0, ""kick_dir"": null}, {""move_vx"": -5.4, ""move_vy"": 0.0, ""kick_power"": 0.0, ""kick_dir"": null}, {""move_vx"": 5.8, ""move_vy"": 0.0, ""kick_power"": 0.0, ""kick_dir"": null}, {""move_vx"": 5.55243229790912, ""move_vy"": 2.525964286591486, ""kick_power"": 0.0, ""kick_dir"": null}, {""move_vx"": 0.0, ""move_vy"": 0.0, ""kick_power"": 0.0, ""kick_dir"": null}, {""move_vx"": 5.09196477643865, ""move_vy"": 0.28617252752157246, ""kick_power"": 0.0, ""kick_dir"": null}, {""move_vx"": 3.963945518980049, ""move_vy"": -4.227193031144661, ""kick_power"": 0.0, ""kick_dir"": null}, {""move_vx"": 3.9533692484364074, ""move_vy"": -3.6784333058405942, ""kick_power"": 0.0, ""kick_dir"": null}, {""move_vx"": 0.0, ""move_vy"": -6.0, ""kick_power"": 0.0, ""kick_dir"": null}, {""move_vx"": 1.2880383669361146, ""move_vy"": 4.050118166831747, ""kick_power"": 0.0, ""kick_dir"": null}, {""move_vx"": -0.0, ""move_vy"": -5.8, ""kick_power"": 0.0, ""kick_dir"": null}, {""move_vx"": -5.026504955980312, ""move_vy"": 1.9733848908678124, ""kick_power"": 0.0, ""kick_dir"": null}, {""move_vx"": -3.1481116750625158, ""move_vy"": -6.274535272140486, ""kick_power"": 0.0, ""kick_dir"": null}, {""move_vx"": -0.0, ""move_vy"": -5.8, ""kick_power"": 0.0, ""kick_dir"": null}, {""move_vx"": -5.459846186380481, ""move_vy"": 2.487987062077801, ""kick_power"": 0.0, ""kick_dir"": null}, {""move_vx"": -4.242640687119285, ""move_vy"": 4.242640687119285, ""kick_power"": 0.0, ""kick_dir"": null}, {""move_vx"": -0.0, ""move_vy"": 0.0, ""kick_power"": 0.0, ""kick_dir"": null}, {""move_vx"": -5.7764670798694775, ""move_vy"": 2.7554360952822314, ""kick_power"": 0.0, ""kick_dir"": null}, {""move_vx"": 6.0, ""move_vy"": 0.0, ""kick_power"": 0.0, ""kick_dir"": null}, {""move_vx"": 4.8563459953234105, ""move_vy"": 2.4514288840809293, ""kick_power"": 0.0, ""kick_dir"": null}]"
238,70,default,default,0,54.65888292538668,25.086815300823286,9,A,,0.8996468648102245,0.28634197267171707,-0.03277486687099601,"[{""move_vx"": 0.0, ""move_vy"": 0.0, ""kick_power"": 0.0, ""kick_dir"": null}, {""move_vx"": 0.0, ""move_vy"": 5.8, ""kick_power"": 0.0, ""kick_dir"": null}, {""move_vx"": -3.896324275060172, ""move_vy"": 2.4262640300628506, ""kick_power"": 0.0, ""kick_dir"": null}, {""move_vx"": -5.4, ""move_vy"": 0.0, ""kick_power"": 0.0, ""kick_dir"": null}, {""move_vx"": 5.8, ""move_vy"": 0.0, ""kick_power"": 0.0, ""kick_dir"": null}, {""move_vx"": 5.544350553943466, ""move_vy"": 2.543654248318113, ""kick_power"": 0.0, ""kick_dir"": null}, {""move_vx"": 0.0, ""move_vy"": 0.0, ""kick_power"": 0.0, ""kick_dir"": null}, {""move_vx"": -5.091964776438651, ""move_vy"": -0.28617252752155703, ""kick_power"": 0.0, ""kick_dir"": null}, {""move_vx"": 3.9419281109845916, ""move_vy"": -4.247732073451601, ""kick_power"": 0.0, ""kick_dir"": null}, {""move_vx"": 3.9533692484364074, ""move_vy"": -3.6784333058405942, ""kick_power"": 0.0, ""kick_dir"": null}, {""move_vx"": 0.0, ""move_vy"": -6.0, ""kick_power"": 0.0, ""kick_dir"": null}, {""move_vx"": 1.2880383669361095, ""move_vy"": 4.050118166831749, ""kick_power"": 0.0, ""kick_dir"": null}, {""move_vx"": -0.0, ""move_vy"": -5.8, ""kick_power"": 0.0, ""kick_dir"": null}, {""move_vx"": -0.0, ""move_vy"": 0.0, ""kick_power"": 0.4, ""kick_dir"": [-0.09819020479022757, 0.9951674843700429]}, {""move_vx"": -2.9996173844686633, ""move_vy"": -6.34686501721861, ""kick_power"": 0.0, ""kick_dir"": null}, {""move_vx"": -0.0, ""move_vy"": -5.8, ""kick_power"": 0.0, ""kick_dir"": null}, {""move_vx"": -0.0, ""move_vy"": 6.0, ""kick_power"": 0.0, ""kick_dir"": null}, {""move_vx"": -4.242640687119285, ""move_vy"": 4.242640687119285, ""kick_power"": 0.0, ""kick_dir"": null}, {""move_vx"": 4.242640687119285, ""move_vy"": 4.242640687119285, ""kick_power"": 0.0, ""kick_dir"": null}, {""move_vx"": -5.779866083192657, ""move_vy"": 2.7482991213401746, ""kick_power"": 0.0, ""kick_dir"": null}, {""move_vx"": 6.0, ""move_vy"": 0.0, ""kick_power"": 0.0, ""kick_dir"": null}, {""move_vx"": -0.0, ""move_vy"": 0.0, ""kick_power"": 1.0, ""kick_dir"": [-0.9825494871768669, -0.18600126449729953]}]"
238,71,default,default,0,54.92244087528243,24.84158641376725,9,A,,0.9132009351462541,0.29745856380275737,-0.03457316383435504,"[{""move_vx"": 0.0, ""move_vy"": 0.0, ""kick_power"": 0.0, ""kick_dir"": null}, {""move_vx"": 0.0, ""move_vy"": 5.8, ""kick_power"": 0.0, ""kick_dir"": null}, {""move_vx"": 3.896324275060206, ""move_vy"": -2.4262640300627956, ""kick_power"": 0.0, ""kick_dir"": null}, {""move_vx"": -5.4, ""move_vy"": 0.0, ""kick_power"": 0.0, ""kick_dir"": null}, {""move_vx"": 5.8, ""move_vy"": 0.0, ""kick_power"": 0.0, ""kick_dir"": null}, {""move_vx"": 5.536109482467104, ""move_vy"": 2.561540903077249, ""kick_power"": 0.0, ""kick_dir"": null}, {""move_vx"": 0.0, ""move_vy"": 0.0, ""kick_power"": 0.0, ""kick_dir"": null}, {""move_vx"": 5.09196477643865, ""move_vy"": 0.28617252752157246, ""kick_power"": 0.0, ""kick_dir"": null}, {""move_vx"": 3.9201901442600584, ""move_vy"": -4.267802037682429, ""kick_power"": 0.0, ""kick_dir"": null}, {""move_vx"": 3.9533692484364074, ""move_vy"": -3.6784333058405942, ""kick_power"": 0.0, ""kick_dir"": null}, {""move_vx"": 0.0, ""move_vy"": -6.0, ""kick_power"": 0.0, ""kick_dir"": null}, {""move_vx"": 1.2880383669361035, ""move_vy"": 4.0501181668317505, ""kick_power"": 0.0, ""kick_dir"": null}, {""move_vx"": -0.0, ""move_vy"": -5.8, ""kick_power"": 0.0, ""kick_dir"": null}, {""move_vx"": -5.924580318005512, ""move_vy"": 0.42772427509052446, ""kick_power"": 0.0, ""kick_dir"": null}, {""move_vx"": -2.8468313146815656, ""move_vy"": -6.416849029371693, ""kick_power"": 0.0, ""kick_dir"": null}, {""move_vx"": -0.0, ""move_vy"": -5.8, ""kick_power"": 0.0, ""kick_dir"": null}, {""move_vx"": -5.450601716762983, ""move_vy"": 2.5081748195092826, ""kick_power"": 0.0, ""kick_dir"": null}, {""move_vx"": -4.242640687119285, ""move_vy"": 4.242640687119285, ""kick_power"": 0.0, ""kick_dir"": null}, {""move_vx"": 4.242640687119285, ""move_vy"": 4.242640687119285, ""kick_power"": 0.0, ""kick_dir"": null}, {""move_vx"": -5.783267671872696, ""move_vy"": 2.7411338959401768, ""kick_power"": 0.0, ""kick_dir"": null}, {""move_vx"": 6.0, ""move_vy"": 0.0, ""kick_power"": 0.0, ""kick_dir"": null}, {""move_vx"": 4.856345995323409, ""move_vy"": 2.4514288840809337, ""kick_power"": 0.0, ""kick_dir"": null}]"
238,72,default,default,0,55.26233488686266,25.050475189660993,9,A,,0.9267989654176311,0.30799520996414903,0.0047175699948488045,"[{""move_vx"": 0.0, ""move_vy"": 0.0, ""kick_power"": 0.0, ""kick_dir"": null}, {""move_vx"": 0.0, ""move_vy"": 5.8, ""kick_power"": 0.0, ""kick_dir"": null}, {""move_vx"": -3.896324275060172, ""move_vy"": 2.4262640300628506, ""kick_power"": 0.0, ""kick_dir"": null}, {""move_vx"": -5.4, ""move_vy"": 0.0, ""kick_power"": 0.0, ""kick_dir"": null}, {""move_vx"": 5.8, ""move_vy"": 0.0, ""kick_power"": 0.0, ""kick_dir"": null}, {""move_vx"": 5.527705487073319, ""move_vy"": 2.5796263388676106, ""kick_power"": 0.0, ""kick_dir"": null}, {""move_vx"": 0.0, ""move_vy"": 0.0, ""kick_power"": 0.0, ""kick_dir"": null}, {""move_vx"": -5.091964776438651, ""move_vy"": -0.28617252752155703, ""kick_power"": 0.0, ""kick_dir"": null}, {""move_vx"": 3.8987325365545336, ""move_vy"": -4.287412927210421, ""kick_power"": 0.0, ""kick_dir"": null}, {""move_vx"": 0.0, ""move_vy"": 0.0, ""kick_power"": 0.7, ""kick_dir"": [0.9656414582153279, 0.25987791700274343]}, {""move_vx"": 0.0, ""move_vy"": -6.0, ""kick_power"": 0.0, ""kick_dir"": null}, {""move_vx"": 1.2880383669360964, ""move_vy"": 4.050118166831752, ""kick_power"": 0.0, ""kick_dir"": null}, {""move_vx"": -0.0, ""move_vy"": -5.8, ""kick_power"": 0.0, ""kick_dir"": null}, {""move_vx"": -5.3912208434304905, ""move_vy"": -0.3077950898903787, ""kick_power"": 0.0, ""kick_dir"": null}, {""move_vx"": -5.142240712779934, ""move_vy"": -1.6484418254304638, ""kick_power"": 0.0, ""kick_dir"": null}, {""move_vx"": -5.667699940867604, ""move_vy"": 1.231737545213817, ""kick_power"": 0.0, ""kick_dir"": null}, {""move_vx"": -5.44114588089081, ""move_vy"": 2.5286224516255826, ""kick_power"": 0.0, ""kick_dir"": null}, {""move_vx"": -4.242640687119285, ""move_vy"": 4.242640687119285, ""kick_power"": 0.0, ""kick_dir"": null}, {""move_vx"": 4.242640687119285, ""move_vy"": 4.242640687119285, ""kick_power"": 0.0, ""kick_dir"": null}, {""move_vx"": -5.7866718199310965, ""move_vy"": 2.733940242290481, ""kick_power"": 0.0, ""kick_dir"": null}, {""move_vx"": 6.0, ""move_vy"": 0.0, ""kick_power"": 0.0, ""kick_dir"": null}, {""move_vx"": -0.0, ""move_vy"": 0.0, ""kick_power"": 1.0, ""kick_dir"": [-0.9822246645453057, -0.1877090134102126]}]"
238,73,default,default,0,55.41222406740299,25.49211253358788,9,A,,0.9415974500434514,0.33184378720517865,0.021491041915281808,"[{""move_vx"": 0.0, ""move_vy"": 5.0, ""kick_power"": 0.0, ""kick_dir"": null}, {""move_vx"": 0.0, ""move_vy"": 0.0, ""kick_power"": 0.4, ""kick_dir"": [-0.1036246746107566, 0.9946163459010281]}, {""move_vx"": -3.8183766184073566, ""move_vy"": 3.8183766184073566, ""kick_power"": 0.0, ""kick_dir"": null}, {""move_vx"": -5.4, ""move_vy"": 0.0, ""kick_power"": 0.0, ""kick_dir"": null}, {""move_vx"": 0.0, ""move_vy"": 0.0, ""kick_power"": 0.9, ""kick_dir"": [-0.7199290549437971, -0.6940475676105061]}, {""move_vx"": 4.313351365237939, ""move_vy"": 4.313351365237939, ""kick_power"": 0.0, ""kick_dir"": null}, {""move_vx"": 0.0, ""move_vy"": 0.0, ""kick_power"": 0.0, ""kick_dir"": null}, {""move_vx"": 5.09196477643865, ""move_vy"": 0.28617252752157246, ""kick_power"": 0.0, ""kick_dir"": null}, {""move_vx"": 3.9248870767586452, ""move_vy"": -4.263482899542692, ""kick_power"": 0.0, ""kick_dir"": null}, {""move_vx"": 5.225886235950847, ""move_vy"": 1.3601886078406487, ""kick_power"": 0.0, ""kick_dir"": null}, {""move_vx"": 4.242640687119285, ""move_vy"": -4.242640687119285, ""kick_power"": 0.0, ""kick_dir"": null}, {""move_vx"": 1.2880383669360882, ""move_vy"": 4.050118166831755, ""kick_power"": 0.0, ""kick_dir"": null}, {""move_vx"": -5.1793914519390505, ""move_vy"": 2.610345606922712, ""kick_power"": 0.0, ""kick_dir"": null}, {""move_vx"": -5.924253000174694, ""move_vy"": 0.43223418411915476, ""kick_power"": 0.0, ""kick_dir"": null}, {""move_vx"": -2.4425713858191607, ""move_vy"": -6.581355865258882, ""kick_power"": 0.0, ""kick_dir"": null}, {""move_vx"": -0.0, ""move_vy"": -5.8, ""kick_power"": 0.0, ""kick_dir"": null}, {""move_vx"": -5.4314731499967195, ""move_vy"": 2.5493331325789326, ""kick_power"": 0.0, ""kick_dir"": null}, {""move_vx"": -4.242640687119285, ""move_vy"": 4.242640687119285, ""kick_power"": 0.0, ""kick_dir"": null}, {""move_vx"": 4.242640687119285, ""move_vy"": 4.242640687119285, ""kick_power"": 0.0, ""kick_dir"": null}, {""move_vx"": -5.7900785009594005, ""move_vy"": 2.726717981883668, ""kick_power"": 0.0, ""kick_dir"": null}, {""move_vx"": -0.0, ""move_vy"": 6.0, ""kick_power"": 0.0, ""kick_dir"": null}, {""move_vx"": 4.856345995323415, ""move_vy"": 2.451428884080922, ""kick_power"": 0.0, ""kick_dir"": null}]"
238,74,default,default,0,55.7585963071399,25.590424452211252,9,A,,0.9546059280900865,0.3064657984585336,-0.010778590136437338,"[{""move_vx"": -0.11122281922374407, ""move_vy"": 4.248544395964802, ""kick_power"": 0.0, ""kick_dir"": null}, {""move_vx"": 0.0, ""move_vy"": 5.8, ""kick_power"": 0.0, ""kick_dir"": null}, {""move_vx"": -3.8183766184073566, ""move_vy"": 3.8183766184073566, ""kick_power"": 0.0, ""kick_dir"": null}, {""move_vx"": -5.4, ""move_vy"": 0.0, ""kick_power"": 0.0, ""kick_dir"": null}, {""move_vx"": 5.8, ""move_vy"": 0.0, ""kick_power"": 0.0, ""kick_dir"": null}, {""move_vx"": 4.313351365237939, ""move_vy"": 4.313351365237939, ""kick_power"": 0.0, ""kick_dir"": null}, {""move_vx"": 0.0, ""move_vy"": 0.0, ""kick_power"": 0.0, ""kick_dir"": null}, {""move_vx"": -5.091964776438651, ""move_vy"": -0.28617252752155703, ""kick_power"": 0.0, ""kick_dir"": null}, {""move_vx"": 3.9534740163791113, ""move_vy"": -4.236988104988637, ""kick_power"": 0.0, ""kick_dir"": null}, {""move_vx"": 5.214522745989373, ""move_vy"": 1.4031224221569065, ""kick_power"": 0.0, ""kick_dir"": null}, {""move_vx"": 4.242640687119285, ""move_vy"": -4.242640687119285, ""kick_power"": 0.0, ""kick_dir"": null}, {""move_vx"": 1.2880383669360786, ""move_vy"": 4.050118166831758, ""kick_power"": 0.0, ""kick_dir"": null}, {""move_vx"": -5.17939145193905, ""move_vy"": 2.610345606922712, ""kick_power"": 0.0, ""kick_dir"": null}, {""move_vx"": -0.0, ""move_vy"": 0.0, ""kick_power"": 0.9, ""kick_dir"": [-0.13291270523769405, 0.9911275048064541]}, {""move_vx"": -5.153306745748896, ""move_vy"": -1.6135146681139678, ""kick_power"": 0.0, ""kick_dir"": null}, {""move_vx"": -5.667699940867604, ""move_vy"": 1.2317375452138175, ""kick_power"": 0.0, ""kick_dir"": null}, {""move_vx"": -5.421577855364335, ""move_vy"": 2.570310012084742, ""kick_power"": 0.0, ""kick_dir"": null}, {""move_vx"": -4.242640687119285, ""move_vy"": 4.242640687119285, ""kick_power"": 0.0, ""kick_dir"": null}, {""move_vx"": 4.242640687119285, ""move_vy"": 4.242640687119285, ""kick_power"": 0.0, ""kick_dir"": null}, {""move_vx"": -0.0, ""move_vy"": 0.0, ""kick_power"": 0.7, ""kick_dir"": [-0.9945463442283765, 0.10429541401342153]}, {""move_vx"": 6.0, ""move_vy"": 0.0, ""kick_power"": 0.0, ""kick_dir"": null}, {""move_vx"": -0.0, ""move_vy"": 0.0, ""kick_power"": 1.0, ""kick_dir"": [-0.9819008270592064, -0.18939570054531535]}]"
238,75,default,default,0,56.106204971154035,25.684063242503353,9,A,,0.967699838449869,0.3138601272787641,-0.011199209907221208,"[{""move_vx"": -0.11122281922374397, ""move_vy"": 4.248544395964802, ""kick_power"": 0.0, ""kick_dir"": null}, {""move_vx"": 5.370911074990982, ""move_vy"": 1.2302090166062085, ""kick_power"": 0.0, ""kick_dir"": null}, {""move_vx"": -3.8183766184073566, ""move_vy"": 3.8183766184073566, ""kick_power"": 0.0, ""kick_dir"": null}, {""move_vx"": -5.4, ""move_vy"": 0.0, ""kick_power"": 0.0, ""kick_dir"": null}, {""move_vx"": 0.0, ""move_vy"": 0.0, ""kick_power"": 0.9, ""kick_dir"": [-0.7302773812960954, -0.6831506543050053]}, {""move_vx"": 0.0, ""move_vy"": 0.0, ""kick_power"": 0.7, ""kick_dir"": [0.9974940405871171, 0.07075025869299717]}, {""move_vx"": 0.0, ""move_vy"": 0.0, ""kick_power"": 0.0, ""kick_dir"": null}, {""move_vx"": 5.09196477643865, ""move_vy"": 0.28617252752157246, ""kick_power"": 0.0, ""kick_dir"": null}, {""move_vx"": 3.970218798403806, ""move_vy"": -4.221301658588382, ""kick_power"": 0.0, ""kick_dir"": null}, {""move_vx"": 5.214375451322902, ""move_vy"": 1.403669709241134, ""kick_power"": 0.0, ""kick_dir"": null}, {""move_vx"": 4.242640687119285, ""move_vy"": -4.242640687119285, ""kick_power"": 0.0, ""kick_dir"": null}, {""move_vx"": 1.2880383669360669, ""move_vy"": 4.050118166831762, ""kick_power"": 0.0, ""kick_dir"": null}, {""move_vx"": -5.17939145193905, ""move_vy"": 2.6103456069227122, ""kick_power"": 0.0, ""kick_dir"": null}, {""move_vx"": -0.0, ""move_vy"": 0.0, ""kick_power"": 0.9, ""kick_dir"": [-0.27509183146706273, 0.9614177079933057]}, {""move_vx"": -5.153306745748895, ""move_vy"": -1.6135146681139674, ""kick_power"": 0.0, ""kick_dir"": null}, {""move_vx"": -5.667699940867604, ""move_vy"": 1.2317375452138182, ""kick_power"": 0.0, ""kick_dir"": null}, {""move_vx"": -5.411454186370996, ""move_vy"": 2.5915562098491747, ""kick_power"": 0.0, ""kick_dir"": null}, {""move_vx"": -4.242640687119285, ""move_vy"": 4.242640687119285, ""kick_power"": 0.0, ""kick_dir"": null}, {""move_vx"": 4.242640687119285, ""move_vy"": 4.242640687119285, ""kick_power"": 0.0, ""kick_dir"": null}, {""move_vx"": -5.7934876881131885, ""move_vy"": 2.719466934470965, ""kick_power"": 0.0, ""kick_dir"": null}, {""move_vx"": -5.445129557920111, ""move_vy"": -2.5200325588104495, ""kick_power"": 0.0, ""kick_dir"": null}, {""move_vx"": -0.31881253931575626, ""move_vy"": -5.751170190906808, ""kick_power"": 0.0, ""kick_dir"": null}]"
238,76,default,default,0,56.4538296644279,25.777642474319496,9,A,,0.9808935772939502,0.30668009933471296,-0.012555207126298184,"[{""move_vx"": -0.11122281922374384, ""move_vy"": 4.248544395964802, ""kick_power"": 0.0, ""kick_dir"": null}, {""move_vx"": 0.0, ""move_vy"": 5.8, ""kick_power"": 0.0, ""kick_dir"": null}, {""move_vx"": -3.8183766184073566, ""move_vy"": 3.8183766184073566, ""kick_power"": 0.0, ""kick_dir"": null}, {""move_vx"": -5.4, ""move_vy"": 0.0, ""kick_power"": 0.0, ""kick_dir"": null}, {""move_vx"": 0.0, ""move_vy"": 0.0, ""kick_power"": 0.9, ""kick_dir"": [-0.9593662414508972, 0.28216359395896146]}, {""move_vx"": 4.313351365237939, ""move_vy"": 4.313351365237939, ""kick_power"": 0.0, ""kick_dir"": null}, {""move_vx"": 0.0, ""move_vy"": 0.0, ""kick_power"": 0.0, ""kick_dir"": null}, {""move_vx"": -5.091964776438651, ""move_vy"": -0.28617252752155703, ""kick_power"": 0.0, ""kick_dir"": null}, {""move_vx"": 0.0, ""move_vy"": -6.1, ""kick_power"": 0.0, ""kick_dir"": null}, {""move_vx"": 5.214373556742314, ""move_vy"": 1.4036767472415157, ""kick_power"": 0.0, ""kick_dir"": null}, {""move_vx"": 4.242640687119285, ""move_vy"": -4.242640687119285, ""kick_power"": 0.0, ""kick_dir"": null}, {""move_vx"": 1.288038366936052, ""move_vy"": 4.0501181668317665, ""kick_power"": 0.0, ""kick_dir"": null}, {""move_vx"": -0.0, ""move_vy"": -5.8, ""kick_power"": 0.0, ""kick_dir"": null}, {""move_vx"": -0.0, ""move_vy"": 0.0, ""kick_power"": 0.9, ""kick_dir"": [-0.4051454715005413, 0.9142519826847051]}, {""move_vx"": -5.153306745748896, ""move_vy"": -1.613514668113967, ""kick_power"": 0.0, ""kick_dir"": null}, {""move_vx"": -5.667699940867603, ""move_vy"": 1.2317375452138186, ""kick_power"": 0.0, ""kick_dir"": null}, {""move_vx"": -5.4010961886760045, ""move_vy"": 2.6130748096197975, ""kick_power"": 0.0, ""kick_dir"": null}, {""move_vx"": -4.242640687119285, ""move_vy"": 4.242640687119285, ""kick_power"": 0.0, ""kick_dir"": null}, {""move_vx"": 4.242640687119285, ""move_vy"": 4.242640687119285, ""kick_power"": 0.0, ""kick_dir"": null}, {""move_vx"": -5.796899354105982, ""move_vy"": 2.7121869180360085, ""kick_power"": 0.0, ""kick_dir"": null}, {""move_vx"": -7.181393604763789, ""move_vy"": -0.5172870513145892, ""kick_power"": 0.0, ""kick_dir"": null}, {""move_vx"": -0.23337079655918033, ""move_vy"": -5.755270460309693, ""kick_power"": 0.0, ""kick_dir"": null}]"
238,77,default,default,0,56.866370400201326,25.49477885915739,9,A,,0.9932494882347553,0.30073746586504424,-0.049281691442597454,"[{""move_vx"": -0.11122281922374373, ""move_vy"": 4.248544395964802, ""kick_power"": 0.0, ""kick_dir"": null}, {""move_vx"": 0.0, ""move_vy"": 5.8, ""kick_power"": 0.0, ""kick_dir"": null}, {""move_vx"": -3.8183766184073566, ""move_vy"": 3.8183766184073566, ""kick_power"": 0.0, ""kick_dir"": null}, {""move_vx"": -5.4, ""move_vy"": 0.0, ""kick_power"": 0.0, ""kick_dir"": null}, {""move_vx"": 0.0, ""move_vy"": 0.0, ""kick_power"": 0.9, ""kick_dir"": [-0.7266002508891022, -0.6870603614686842]}, {""move_vx"": 4.313351365237939, ""move_vy"": 4.313351365237939, ""kick_power"": 0.0, ""kick_dir"": null}, {""move_vx"": 6.0, ""move_vy"": 0.0, ""kick_power"": 0.0, ""kick_dir"": null}, {""move_vx"": 5.09196477643865, ""move_vy"": 0.28617252752157246, ""kick_power"": 0.0, ""kick_dir"": null}, {""move_vx"": 4.027435591480289, ""move_vy"": -4.166747839319989, ""kick_power"": 0.0, ""kick_dir"": null}, {""move_vx"": 5.951493452468764, ""move_vy"": -0.7613971928116273, ""kick_power"": 0.0, ""kick_dir"": null}, {""move_vx"": 4.242640687119285, ""move_vy"": -4.242640687119285, ""kick_power"": 0.0, ""kick_dir"": null}, {""move_vx"": -0.0, ""move_vy"": 0.0, ""kick_power"": 1.0, ""kick_dir"": [-0.9984139498124501, 0.05629855011074718]}, {""move_vx"": -0.0, ""move_vy"": -5.8, ""kick_power"": 0.0, ""kick_dir"": null}, {""move_vx"": -0.0, ""move_vy"": 0.0, ""kick_power"": 0.9, ""kick_dir"": [-0.5179065800206857, 0.855436927929807]}, {""move_vx"": -5.153306745748896, ""move_vy"": -1.6135146681139667, ""kick_power"": 0.0, ""kick_dir"": null}, {""move_vx"": -5.667699940867603, ""move_vy"": 1.2317375452138193, ""kick_power"": 0.0, ""kick_dir"": null}, {""move_vx"": -5.390497762574627, ""move_vy"": 2.6348688528421924, ""kick_power"": 0.0, ""kick_dir"": null}, {""move_vx"": -4.242640687119285, ""move_vy"": 4.242640687119285, ""kick_power"": 0.0, ""kick_dir"": null}, {""move_vx"": 4.242640687119285, ""move_vy"": 4.242640687119285, ""kick_power"": 0.0, ""kick_dir"": null}, {""move_vx"": -5.800313471203052, ""move_vy"": 2.7048777487680287, ""kick_power"": 0.0, ""kick_dir"": null}, {""move_vx"": -7.181393604763789, ""move_vy"": -0.5172870513145884, ""kick_power"": 0.0, ""kick_dir"": null}, {""move_vx"": -0.14494515349927528, ""move_vy"": -5.758176004819328, ""kick_power"": 0.0, ""kick_dir"": null}]"
238,78,default,default,0,57.22346000734945,25.449095027588694,9,A,,1.0070481054869567,0.3111248542611084,-0.025716938347611816,"[{""move_vx"": 0.0, ""move_vy"": 0.0, ""kick_power"": 0.9, ""kick_dir"": [0.8240209469341783, -0.5665592755542419]}, {""move_vx"": 0.0, ""move_vy"": 5.8, ""kick_power"": 0.0, ""kick_dir"": null}, {""move_vx"": 3.2791745001932044, ""move_vy"": -3.211715211111136, ""kick_power"": 0.0, ""kick_dir"": null}, {""move_vx"": -5.4, ""move_vy"": 0.0, ""kick_power"": 0.0, ""kick_dir"": null}, {""move_vx"": 0.0, ""move_vy"": 0.0, ""kick_power"": 0.9, ""kick_dir"": [-0.713912170387312, -0.7002351552217072]}, {""move_vx"": 4.313351365237939, ""move_vy"": 4.313351365237939, ""kick_power"": 0.0, ""kick_dir"": null}, {""move_vx"": 0.0, ""move_vy"": 0.0, ""kick_power"": 0.0, ""kick_dir"": null}, {""move_vx"": -5.091964776438651, ""move_vy"": -0.28617252752155703, ""kick_power"": 0.0, ""kick_dir"": null}, {""move_vx"": 4.015565819952205, ""move_vy"": -4.178188141483288, ""kick_power"": 0.0, ""kick_dir"": null}, {""move_vx"": 5.356344107221888, ""move_vy"": -0.6852574735304623, ""kick_power"": 0.0, ""kick_dir"": null}, {""move_vx"": 4.242640687119285, ""move_vy"": -4.242640687119285, ""kick_power"": 0.0, ""kick_dir"": null}, {""move_vx"": 1.1555254756770836, ""move_vy"": 4.089897416202667, ""kick_power"": 0.0, ""kick_dir"": null}, {""move_vx"": -0.0, ""move_vy"": -5.8, ""kick_power"": 0.0, ""kick_dir"": null}, {""move_vx"": -5.394915151991235, ""move_vy"": -0.2342872229025498, ""kick_power"": 0.0, ""kick_dir"": null}, {""move_vx"": -5.153306745748897, ""move_vy"": -1.6135146681139663, ""kick_power"": 0.0, ""kick_dir"": null}, {""move_vx"": -6.921190987119687, ""move_vy"": -0.7339722881779799, ""kick_power"": 0.0, ""kick_dir"": null}, {""move_vx"": -5.379652661539932, ""move_vy"": 2.656941331905229, ""kick_power"": 0.0, ""kick_dir"": null}, {""move_vx"": -4.242640687119285, ""move_vy"": 4.242640687119285, ""kick_power"": 0.0, ""kick_dir"": null}, {""move_vx"": 4.242640687119285, ""move_vy"": 4.242640687119285, ""kick_power"": 0.0, ""kick_dir"": null}, {""move_vx"": -5.803730011215128, ""move_vy"": 2.6975392410344763, ""kick_power"": 0.0, ""kick_dir"": null}, {""move_vx"": -7.181393604763789, ""move_vy"": -0.5172870513145877, ""kick_power"": 0.0, ""kick_dir"": null}, {""move_vx"": -0.035401755011686006, ""move_vy"": -5.759891206936299, ""kick_power"": 0.0, ""kick_dir"": null}]"
238,79,default,default,0,57.58054961449758,25.40341119602,9,A,,1.0203231567316187,0.3091519101748246,-0.03677135480396488,"[{""move_vx"": -0.10401654063005053, ""move_vy"": 4.248726933950375, ""kick_power"": 0.0, ""kick_dir"": null}, {""move_vx"": 0.0, ""move_vy"": 5.8, ""kick_power"": 0.0, ""kick_dir"": null}, {""move_vx"": -3.8183766184073566, ""move_vy"": 3.8183766184073566, ""kick_power"": 0.0, ""kick_dir"": null}, {""move_vx"": -5.4, ""move_vy"": 0.0, ""kick_power"": 0.0, ""kick_dir"": null}, {""move_vx"": 0.0, ""move_vy"": 0.0, ""kick_power"": 0.9, ""kick_dir"": [-0.7226451553511647, -0.6912190960116259]}, {""move_vx"": 4.313351365237939, ""move_vy"": 4.313351365237939, ""kick_power"": 0.0, ""kick_dir"": null}, {""move_vx"": 0.0, ""move_vy"": 0.0, ""kick_power"": 0.0, ""kick_dir"": null}, {""move_vx"": 5.09196477643865, ""move_vy"": 0.28617252752157246, ""kick_power"": 0.0, ""kick_dir"": null}, {""move_vx"": 0.0, ""move_vy"": 0.0, ""kick_power"": 0.7, ""kick_dir"": [0.9956519241115503, -0.09315155692893455]}, {""move_vx"": 5.356344107221888, ""move_vy"": -0.6852574735304623, ""kick_power"": 0.0, ""kick_dir"": null}, {""move_vx"": 4.242640687119285, ""move_vy"": -4.242640687119285, ""kick_power"": 0.0, ""kick_dir"": null}, {""move_vx"": -0.0, ""move_vy"": 0.0, ""kick_power"": 1.0, ""kick_dir"": [-0.9985385460360623, 0.05404363189429111]}, {""move_vx"": -0.0, ""move_vy"": -5.8, ""kick_power"": 0.0, ""kick_dir"": null}, {""move_vx"": -3.8183766184073566, ""move_vy"": 3.8183766184073566, ""kick_power"": 0.0, ""kick_dir"": null}, {""move_vx"": -5.153306745748897, ""move_vy"": -1.6135146681139658, ""kick_power"": 0.0, ""kick_dir"": null}, {""move_vx"": -5.664016542553905, ""move_vy"": 1.2485658195208236, ""kick_power"": 0.0, ""kick_dir"": null}, {""move_vx"": -5.36855449097614, ""move_vy"": 2.679295182957622, ""kick_power"": 0.0, ""kick_dir"": null}, {""move_vx"": -4.242640687119285, ""move_vy"": 4.242640687119285, ""kick_power"": 0.0, ""kick_dir"": null}, {""move_vx"": 4.242640687119285, ""move_vy"": 4.242640687119285, ""kick_power"": 0.0, ""kick_dir"": null}, {""move_vx"": -5.807148945491995, ""move_vy"": 2.6901712073530235, ""kick_power"": 0.0, ""kick_dir"": null}, {""move_vx"": -7.181393604763789, ""move_vy"": -0.5172870513145869, ""kick_power"": 0.0, ""kick_dir"": null}, {""move_vx"": 3.8248130576972676, ""move_vy"": 3.868385331591009, ""kick_power"": 0.0, ""kick_dir"": null}]"
238,80,default,default,0,57.60019593715694,24.78023905206787,9,A,,1.0353487910785657,0.29242779187185297,-0.08043616259501442,"[{""move_vx"": -0.10401654063005036, ""move_vy"": 4.248726933950375, ""kick_power"": 0.0, ""kick_dir"": null}, {""move_vx"": 0.0, ""move_vy"": 5.8, ""kick_power"": 0.0, ""kick_dir"": null}, {""move_vx"": 3.272969263059584, ""move_vy"": -3.2180385645711587, ""kick_power"": 0.0, ""kick_dir"": null}, {""move_vx"": -5.4, ""move_vy"": 0.0, ""kick_power"": 0.0, ""kick_dir"": null}, {""move_vx"": 5.8, ""move_vy"": 0.0, ""kick_power"": 0.0, ""kick_dir"": null}, {""move_vx"": 4.313351365237939, ""move_vy"": 4.313351365237939, ""kick_power"": 0.0, ""kick_dir"": null}, {""move_vx"": 0.0, ""move_vy"": 0.0, ""kick_power"": 0.0, ""kick_dir"": null}, {""move_vx"": -5.091964776438651, ""move_vy"": -0.28617252752155703, ""kick_power"": 0.0, ""kick_dir"": null}, {""move_vx"": 4.048112440225776, ""move_vy"": -4.146662594338885, ""kick_power"": 0.0, ""kick_dir"": null}, {""move_vx"": 5.356344107221888, ""move_vy"": -0.6852574735304623, ""kick_power"": 0.0, ""kick_dir"": null}, {""move_vx"": 4.242640687119285, ""move_vy"": -4.242640687119285, ""kick_power"": 0.0, ""kick_dir"": null}, {""move_vx"": 1.0315982784425488, ""move_vy"": 4.122900070571001, ""kick_power"": 0.0, ""kick_dir"": null}, {""move_vx"": -0.0, ""move_vy"": -5.8, ""kick_power"": 0.0, ""kick_dir"": null}, {""move_vx"": -3.8183766184073566, ""move_vy"": 3.8183766184073566, ""kick_power"": 0.0, ""kick_dir"": null}, {""move_vx"": -5.153306745748897, ""move_vy"": -1.6135146681139652, ""kick_power"": 0.0, ""kick_dir"": null}, {""move_vx"": -5.664016542553905, ""move_vy"": 1.2485658195208238, ""kick_power"": 0.0, ""kick_dir"": null}, {""move_vx"": -5.357196707209061, ""move_vy"": 2.701933278278422, ""kick_power"": 0.0, ""kick_dir"": null}, {""move_vx"": -5.048679461139216, ""move_vy"": -1.9159425092290836, ""kick_power"": 0.0, ""kick_dir"": null}, {""move_vx"": 4.242640687119285, ""move_vy"": 4.242640687119285, ""kick_power"": 0.0, ""kick_dir"": null}, {""move_vx"": -5.810570244915996, ""move_vy"": 2.6827734583629796, ""kick_power"": 0.0, ""kick_dir"": null}, {""move_vx"": -7.181393604763789, ""move_vy"": -0.5172870513145861, ""kick_power"": 0.0, ""kick_dir"": null}, {""move_vx"": 6.4, ""move_vy"": 0.0, ""kick_power"": 0.0, ""kick_dir"": null}]"
238,81,default,default,0,57.65444314827126,24.33630154086732,9,A,,1.0510441054684385,0.30401404162058715,-0.06146705124997242,"[{""move_vx"": 0.0, ""move_vy"": 0.0, ""kick_power"": 0.0, ""kick_dir"": null}, {""move_vx"": 0.0, ""move_vy"": 5.8, ""kick_power"": 0.0, ""kick_dir"": null}, {""move_vx"": 3.272969263059577, ""move_vy"": -3.2180385645711653, ""kick_power"": 0.0, ""kick_dir"": null}, {""move_vx"": -5.4, ""move_vy"": 0.0, ""kick_power"": 0.0, ""kick_dir"": null}, {""move_vx"": 0.0, ""move_vy"": 0.0, ""kick_power"": 0.9, ""kick_dir"": [-0.7335372510220505, -0.6796491451104016]}, {""move_vx"": 5.468936793509198, ""move_vy"": 2.701986370913319, ""kick_power"": 0.0, ""kick_dir"": null}, {""move_vx"": 0.0, ""move_vy"": 0.0, ""kick_power"": 0.0, ""kick_dir"": null}, {""move_vx"": 5.09196477643865, ""move_vy"": 0.28617252752157246, ""kick_power"": 0.0, ""kick_dir"": null}, {""move_vx"": 3.971034595508707, ""move_vy"": -4.220534236476822, ""kick_power"": 0.0, ""kick_dir"": null}, {""move_vx"": 3.3083290427515006, ""move_vy"": -4.267898656820116, ""kick_power"": 0.0, ""kick_dir"": null}, {""move_vx"": 4.242640687119285, ""move_vy"": -4.242640687119285, ""kick_power"": 0.0, ""kick_dir"": null}, {""move_vx"": -3.5355339059327373, ""move_vy"": 3.5355339059327373, ""kick_power"": 0.0, ""kick_dir"": null}, {""move_vx"": -0.0, ""move_vy"": -5.8, ""kick_power"": 0.0, ""kick_dir"": null}, {""move_vx"": -3.8183766184073566, ""move_vy"": 3.8183766184073566, ""kick_power"": 0.0, ""kick_dir"": null}, {""move_vx"": -5.153306745748897, ""move_vy"": -1.613514668113965, ""kick_power"": 0.0, ""kick_dir"": null}, {""move_vx"": -5.664016542553905, ""move_vy"": 1.248565819520824, ""kick_power"": 0.0, ""kick_dir"": null}, {""move_vx"": -5.345572616740972, ""move_vy"": 2.724858418184161, ""kick_power"": 0.0, ""kick_dir"": null}, {""move_vx"": 4.942573471807296, ""move_vy"": -1.2573652913082862, ""kick_power"": 0.0, ""kick_dir"": null}, {""move_vx"": 4.242640687119285, ""move_vy"": 4.242640687119285, ""kick_power"": 0.0, ""kick_dir"": null}, {""move_vx"": -5.813993879895434, ""move_vy"": 2.675345802796051, ""kick_power"": 0.0, ""kick_dir"": null}, {""move_vx"": -7.181393604763789, ""move_vy"": -0.5172870513145853, ""kick_power"": 0.0, ""kick_dir"": null}, {""move_vx"": -0.0, ""move_vy"": 0.0, ""kick_power"": 1.0, ""kick_dir"": [-0.9860886743092729, -0.1662200114541903]}]"
238,82,default,default,0,57.713265992550525,23.93048790842104,9,A,,1.0667722315609611,0.3005108281801483,-0.06147082790606655,"[{""move_vx"": 0.0, ""move_vy"": 0.0, ""kick_power"": 0.0, ""kick_dir"": null}, {""move_vx"": 0.0, ""move_vy"": 0.0, ""kick_power"": 0.4, ""kick_dir"": [-0.1511722319384658, 0.9885072543005834]}, {""move_vx"": 3.272969263059567, ""move_vy"": -3.218038564571175, ""kick_power"": 0.0, ""kick_dir"": null}, {""move_vx"": -5.4, ""move_vy"": 0.0, ""kick_power"": 0.0, ""kick_dir"": null}, {""move_vx"": 0.0, ""move_vy"": 0.0, ""kick_power"": 0.9, ""kick_dir"": [-0.7207228181989189, -0.693223248784613]}, {""move_vx"": 5.459189937087576, ""move_vy"": 2.7216254758511034, ""kick_power"": 0.0, ""kick_dir"": null}, {""move_vx"": 0.0, ""move_vy"": 0.0, ""kick_power"": 0.0, ""kick_dir"": null}, {""move_vx"": -5.091964776438651, ""move_vy"": -0.28617252752155703, ""kick_power"": 0.0, ""kick_dir"": null}, {""move_vx"": 3.9130795213895335, ""move_vy"": -4.274322596538761, ""kick_power"": 0.0, ""kick_dir"": null}, {""move_vx"": 2.2171278667244985, ""move_vy"": -4.923854589911615, ""kick_power"": 0.0, ""kick_dir"": null}, {""move_vx"": 4.242640687119285, ""move_vy"": -4.242640687119285, ""kick_power"": 0.0, ""kick_dir"": null}, {""move_vx"": 1.2896250868150234, ""move_vy"": 4.049613208129554, ""kick_power"": 0.0, ""kick_dir"": null}, {""move_vx"": -0.0, ""move_vy"": -5.8, ""kick_power"": 0.0, ""kick_dir"": null}, {""move_vx"": -3.8183766184073566, ""move_vy"": 3.8183766184073566, ""kick_power"": 0.0, ""kick_dir"": null}, {""move_vx"": -5.153306745748897, ""move_vy"": -1.6135146681139645, ""kick_power"": 0.0, ""kick_dir"": null}, {""move_vx"": -5.664016542553905, ""move_vy"": 1.2485658195208245, ""kick_power"": 0.0, ""kick_dir"": null}, {""move_vx"": -5.333675375799267, ""move_vy"": 2.74807332245567, ""kick_power"": 0.0, ""kick_dir"": null}, {""move_vx"": -6.0, ""move_vy"": 0.0, ""kick_power"": 0.0, ""kick_dir"": null}, {""move_vx"": 4.242640687119285, ""move_vy"": 4.242640687119285, ""kick_power"": 0.0, ""kick_dir"": null}, {""move_vx"": -5.817419820357844, ""move_vy"": 2.667888047446467, ""kick_power"": 0.0, ""kick_dir"": null}, {""move_vx"": -7.181393604763789, ""move_vy"": -0.5172870513145845, ""kick_power"": 0.0, ""kick_dir"": null}, {""move_vx"": -0.0, ""move_vy"": 0.0, ""kick_power"": 1.0, ""kick_dir"": [-0.9860886743092729, -0.1662200114541903]}]"
238,83,default,default,0,57.76587723060267,23.538168955256292,9,A,,1.0825785905791556,0.30545405676489096,-0.057570396362817036,"[{""move_vx"": 0.0, ""move_vy"": 0.0, ""kick_power"": 0.0, ""kick_dir"": null}, {""move_vx"": 6.8785456761106, ""move_vy"": 1.0617011734288249, ""kick_power"": 0.0, ""kick_dir"": null}, {""move_vx"": 3.2729692630595517, ""move_vy"": -3.218038564571192, ""kick_power"": 0.0, ""kick_dir"": null}, {""move_vx"": -5.4, ""move_vy"": 0.0, ""kick_power"": 0.0, ""kick_dir"": null}, {""move_vx"": -4.1012193308819755, ""move_vy"": 4.1012193308819755, ""kick_power"": 0.0, ""kick_dir"": null}, {""move_vx"": 5.455050868486194, ""move_vy"": 2.7299120905677574, ""kick_power"": 0.0, ""kick_dir"": null}, {""move_vx"": 5.870599953827726, ""move_vy"": -2.2860569070165138, ""kick_power"": 0.0, ""kick_dir"": null}, {""move_vx"": 5.09196477643865, ""move_vy"": 0.28617252752157246, ""kick_power"": 0.0, ""kick_dir"": null}, {""move_vx"": 3.8591086243264163, ""move_vy"": -4.323112955458075, ""kick_power"": 0.0, ""kick_dir"": null}, {""move_vx"": 1.6271631455380375, ""move_vy"": -5.149013507246098, ""kick_power"": 0.0, ""kick_dir"": null}, {""move_vx"": 0.0, ""move_vy"": 0.0, ""kick_power"": 1.0, ""kick_dir"": [0.9763101496454157, 0.2163757153774136]}, {""move_vx"": 1.289625086815005, ""move_vy"": 4.04961320812956, ""kick_power"": 0.0, ""kick_dir"": null}, {""move_vx"": -0.0, ""move_vy"": -5.8, ""kick_power"": 0.0, ""kick_dir"": null}, {""move_vx"": -3.8183766184073566, ""move_vy"": 3.8183766184073566, ""kick_power"": 0.0, ""kick_dir"": null}, {""move_vx"": -5.153306745748897, ""move_vy"": -1.6135146681139643, ""kick_power"": 0.0, ""kick_dir"": null}, {""move_vx"": -5.664016542553905, ""move_vy"": 1.2485658195208247, ""kick_power"": 0.0, ""kick_dir"": null}, {""move_vx"": -5.321497990210279, ""move_vy"": 2.771580621267935, ""kick_power"": 0.0, ""kick_dir"": null}, {""move_vx"": -4.242640687119285, ""move_vy"": 4.242640687119285, ""kick_power"": 0.0, ""kick_dir"": null}, {""move_vx"": -0.0, ""move_vy"": 0.0, ""kick_power"": 0.0, ""kick_dir"": null}, {""move_vx"": -5.82043420753464, ""move_vy"": 2.661305250391357, ""kick_power"": 0.0, ""kick_dir"": null}, {""move_vx"": -7.181393604763789, ""move_vy"": -0.5172870513145837, ""kick_power"": 0.0, ""kick_dir"": null}, {""move_vx"": -0.0, ""move_vy"": 0.0, ""kick_power"": 1.0, ""kick_dir"": [-0.9860886743092729, -0.1662200114541903]}]"
238,84,default,default,0,57.81077248113942,23.15233128417237,9,A,,1.0984622338108025,0.30910920217921367,-0.05852685685232427,"[{""move_vx"": 0.0, ""move_vy"": 0.0, ""kick_power"": 0.0, ""kick_dir"": null}, {""move_vx"": 6.8785456761106, ""move_vy"": 1.0617011734288249, ""kick_power"": 0.0, ""kick_dir"": null}, {""move_vx"": 3.272969263059522, ""move_vy"": -3.2180385645712213, ""kick_power"": 0.0, ""kick_dir"": null}, {""move_vx"": -5.4, ""move_vy"": 0.0, ""kick_power"": 0.0, ""kick_dir"": null}, {""move_vx"": 2.735337055580924, ""move_vy"": -6.3999633742987845, ""kick_power"": 0.0, ""kick_dir"": null}, {""move_vx"": 5.460826368820223, ""move_vy"": 2.7183405543819803, ""kick_power"": 0.0, ""kick_dir"": null}, {""move_vx"": 5.838644611574105, ""move_vy"": -2.3664803188990775, ""kick_power"": 0.0, ""kick_dir"": null}, {""move_vx"": -5.091964776438651, ""move_vy"": -0.28617252752155703, ""kick_power"": 0.0, ""kick_dir"": null}, {""move_vx"": 3.8059638151545316, ""move_vy"": -4.369973047712577, ""kick_power"": 0.0, ""kick_dir"": null}, {""move_vx"": 1.257181468994172, ""move_vy"": -5.2516182985835576, ""kick_power"": 0.0, ""kick_dir"": null}, {""move_vx"": 0.0, ""move_vy"": 0.0, ""kick_power"": 1.0, ""kick_dir"": [0.9763101496454157, 0.2163757153774136]}, {""move_vx"": 1.289625086814977, ""move_vy"": 4.0496132081295695, ""kick_power"": 0.0, ""kick_dir"": null}, {""move_vx"": -0.0, ""move_vy"": -5.8, ""kick_power"": 0.0, ""kick_dir"": null}, {""move_vx"": -0.0, ""move_vy"": 5.4, ""kick_power"": 0.0, ""kick_dir"": null}, {""move_vx"": -5.153306745748897, ""move_vy"": -1.6135146681139636, ""kick_power"": 0.0, ""kick_dir"": null}, {""move_vx"": -0.0, ""move_vy"": 0.0, ""kick_power"": 0.9, ""kick_dir"": [-0.8301805164851781, 0.5574946107501911]}, {""move_vx"": -4.242640687119285, ""move_vy"": -4.242640687119285, ""kick_power"": 0.0, ""kick_dir"": null}, {""move_vx"": -4.242640687119285, ""move_vy"": 4.242640687119285, ""kick_power"": 0.0, ""kick_dir"": null}, {""move_vx"": 4.242640687119285, ""move_vy"": 4.242640687119285, ""kick_power"": 0.0, ""kick_dir"": null}, {""move_vx"": -5.821814551898562, ""move_vy"": 2.658284281882237, ""kick_power"": 0.0, ""kick_dir"": null}, {""move_vx"": -7.181393604763789, ""move_vy"": -0.5172870513145827, ""kick_power"": 0.0, ""kick_dir"": null}, {""move_vx"": -0.0, ""move_vy"": 0.0, ""kick_power"": 1.0, ""kick_dir"": [-0.9860886743092729, -0.1662200114541903]}]"
238,85,default,default,0,57.84836460231486,22.770196321329554,9,A,,1.114413768205079,0.30413189695432985,-0.06013009854657377,"[{""move_vx"": 0.0, ""move_vy"": 0.0, ""kick_power"": 0.0, ""kick_dir"": null}, {""move_vx"": 6.878545676110602, ""move_vy"": 1.0617011734288253, ""kick_power"": 0.0, ""kick_dir"": null}, {""move_vx"": -3.8183766184073566, ""move_vy"": 3.8183766184073566, ""kick_power"": 0.0, ""kick_dir"": null}, {""move_vx"": -5.4, ""move_vy"": 0.0, ""kick_power"": 0.0, ""kick_dir"": null}, {""move_vx"": 0.0, ""move_vy"": 0.0, ""kick_power"": 0.9, ""kick_dir"": [-0.25395254490477515, -0.9672165890392918]}, {""move_vx"": 5.46705826947311, ""move_vy"": 2.705785260915153, ""kick_power"": 0.0, ""kick_dir"": null}, {""move_vx"": 5.805841574311289, ""move_vy"": -2.4458543730154125, ""kick_power"": 0.0, ""kick_dir"": null}, {""move_vx"": 5.09196477643865, ""move_vy"": 0.28617252752157246, ""kick_power"": 0.0, ""kick_dir"": null}, {""move_vx"": 3.7528945248677545, ""move_vy"": -4.415632195418638, ""kick_power"": 0.0, ""kick_dir"": null}, {""move_vx"": 1.0005804978039665, ""move_vy"": -5.3064902400187615, ""kick_power"": 0.0, ""kick_dir"": null}, {""move_vx"": 0.0, ""move_vy"": 0.0, ""kick_power"": 1.0, ""kick_dir"": [0.9763101496454157, 0.2163757153774136]}, {""move_vx"": 1.2896250868149286, ""move_vy"": 4.0496132081295855, ""kick_power"": 0.0, ""kick_dir"": null}, {""move_vx"": -0.0, ""move_vy"": -5.8, ""kick_power"": 0.0, ""kick_dir"": null}, {""move_vx"": -3.8183766184073566, ""move_vy"": 3.8183766184073566, ""kick_power"": 0.0, ""kick_dir"": null}, {""move_vx"": -5.153306745748897, ""move_vy"": -1.6135146681139632, ""kick_power"": 0.0, ""kick_dir"": null}, {""move_vx"": -0.0, ""move_vy"": 0.0, ""kick_power"": 0.9, ""kick_dir"": [-0.8345224988095112, 0.550973801927138]}, {""move_vx"": -5.279466068516549, ""move_vy"": 2.8508311123920356, ""kick_power"": 0.0, ""kick_dir"": null}, {""move_vx"": -4.242640687119285, ""move_vy"": 4.242640687119285, ""kick_power"": 0.0, ""kick_dir"": null}, {""move_vx"": 4.242640687119285, ""move_vy"": 4.242640687119285, ""kick_power"": 0.0, ""kick_dir"": null}, {""move_vx"": -5.821647395839154, ""move_vy"": 2.658650334007689, ""kick_power"": 0.0, ""kick_dir"": null}, {""move_vx"": -7.18139360476379, ""move_vy"": -0.517287051314582, ""kick_power"": 0.0, ""kick_dir"": null}, {""move_vx"": -0.0, ""move_vy"": 0.0, ""kick_power"": 1.0, ""kick_dir"": [-0.9860886743092729, -0.1662200114541903]}]"
238,86,default,default,0,57.90234838117348,22.414266901893416,9,A,,1.1302965518977193,0.3033822989671977,-0.058499068354548794,"[{""move_vx"": 0.0, ""move_vy"": 0.0, ""kick_power"": 0.0, ""kick_dir"": null}, {""move_vx"": 0.0, ""move_vy"": 0.0, ""kick_power"": 0.4, ""kick_dir"": [-0.20319118072905798, 0.9791388846362908]}, {""move_vx"": 5.929309131128022, ""move_vy"": 0.3562207567252017, ""kick_power"": 0.0, ""kick_dir"": null}, {""move_vx"": -5.4, ""move_vy"": 0.0, ""kick_power"": 0.0, ""kick_dir"": null}, {""move_vx"": 0.0, ""move_vy"": 0.0, ""kick_power"": 0.9, ""kick_dir"": [-0.7191467791018562, -0.6948580824131383]}, {""move_vx"": 5.47329381688759, ""move_vy"": 2.693149604834472, ""kick_power"": 0.0, ""kick_dir"": null}, {""move_vx"": 5.7719546551443575, ""move_vy"": -2.524785032226979, ""kick_power"": 0.0, ""kick_dir"": null}, {""move_vx"": -5.091964776438651, ""move_vy"": -0.28617252752155703, ""kick_power"": 0.0, ""kick_dir"": null}, {""move_vx"": 3.699708459738647, ""move_vy"": -4.460289487571212, ""kick_power"": 0.0, ""kick_dir"": null}, {""move_vx"": 0.8097566828793382, ""move_vy"": -5.3389412915420085, ""kick_power"": 0.0, ""kick_dir"": null}, {""move_vx"": 0.0, ""move_vy"": 0.0, ""kick_power"": 1.0, ""kick_dir"": [0.9763101496454157, 0.2163757153774136]}, {""move_vx"": -0.0, ""move_vy"": 0.0, ""kick_power"": 0.0, ""kick_dir"": null}, {""move_vx"": -5.779232421698724, ""move_vy"": -0.49038007299062725, ""kick_power"": 0.0, ""kick_dir"": null}, {""move_vx"": -3.8183766184073566, ""move_vy"": 3.8183766184073566, ""kick_power"": 0.0, ""kick_dir"": null}, {""move_vx"": -5.153306745748898, ""move_vy"": -1.6135146681139627, ""kick_power"": 0.0, ""kick_dir"": null}, {""move_vx"": -0.0, ""move_vy"": 0.0, ""kick_power"": 0.9, ""kick_dir"": [-0.8387191852476892, 0.5445641010865103]}, {""move_vx"": -5.27946606851655, ""move_vy"": 2.8508311123920347, ""kick_power"": 0.0, ""kick_dir"": null}, {""move_vx"": -4.242640687119285, ""move_vy"": 4.242640687119285, ""kick_power"": 0.0, ""kick_dir"": null}, {""move_vx"": 4.242640687119285, ""move_vy"": 4.242640687119285, ""kick_power"": 0.0, ""kick_dir"": null}, {""move_vx"": -5.819696261657681, ""move_vy"": 2.662918590953847, ""kick_power"": 0.0, ""kick_dir"": null}, {""move_vx"": -7.181393604763789, ""move_vy"": -0.5172870513145811, ""kick_power"": 0.0, ""kick_dir"": null}, {""move_vx"": -0.0, ""move_vy"": 0.0, ""kick_power"": 1.0, ""kick_dir"": [-0.9860886743092729, -0.1662200114541903]}]"
238,87,default,default,0,57.956332160032105,22.05833748245728,9,A,,1.146192610047863,0.3031803050832504,-0.055526880924320406,"[{""move_vx"": 0.0, ""move_vy"": 0.0, ""kick_power"": 0.0, ""kick_dir"": null}, {""move_vx"": 0.0, ""move_vy"": 0.0, ""kick_power"": 0.4, ""kick_dir"": [-0.11700692570408266, 0.9931309051763395]}, {""move_vx"": -3.8183766184073566, ""move_vy"": 3.8183766184073566, ""kick_power"": 0.0, ""kick_dir"": null}, {""move_vx"": -5.4, ""move_vy"": 0.0, ""kick_power"": 0.0, ""kick_dir"": null}, {""move_vx"": 0.0, ""move_vy"": 0.0, ""kick_power"": 0.9, ""kick_dir"": [-0.7292555926176404, -0.684241276705307]}, {""move_vx"": 5.4784459515722395, ""move_vy"": 2.6826535288221116, ""kick_power"": 0.0, ""kick_dir"": null}, {""move_vx"": 5.74017654615737, ""move_vy"": -2.5962228754374808, ""kick_power"": 0.0, ""kick_dir"": null}, {""move_vx"": 4.242640687119285, ""move_vy"": -4.242640687119285, ""kick_power"": 0.0, ""kick_dir"": null}, {""move_vx"": 3.6506848889290793, ""move_vy"": -4.500502732111699, ""kick_power"": 0.0, ""kick_dir"": null}, {""move_vx"": 0.8097566828793382, ""move_vy"": -5.3389412915420085, ""kick_power"": 0.0, ""kick_dir"": null}, {""move_vx"": 0.0, ""move_vy"": 0.0, ""kick_power"": 1.0, ""kick_dir"": [0.9763101496454157, 0.2163757153774136]}, {""move_vx"": 0.9170552174621097, ""move_vy"": 4.149880688420514, ""kick_power"": 0.0, ""kick_dir"": null}, {""move_vx"": -0.0, ""move_vy"": -5.8, ""kick_power"": 0.0, ""kick_dir"": null}, {""move_vx"": -3.8183766184073566, ""move_vy"": 3.8183766184073566, ""kick_power"": 0.0, ""kick_dir"": null}, {""move_vx"": -5.153306745748898, ""move_vy"": -1.6135146681139623, ""kick_power"": 0.0, ""kick_dir"": null}, {""move_vx"": -0.0, ""move_vy"": 0.0, ""kick_power"": 0.9, ""kick_dir"": [-0.8427734232985266, 0.5382684175618249]}, {""move_vx"": -5.272778986356181, ""move_vy"": 2.8631803577561588, ""kick_power"": 0.0, ""kick_dir"": null}, {""move_vx"": -7.476091384795634, ""move_vy"": -0.5983791491892914, ""kick_power"": 0.0, ""kick_dir"": null}, {""move_vx"": 4.242640687119285, ""move_vy"": 4.242640687119285, ""kick_power"": 0.0, ""kick_dir"": null}, {""move_vx"": -5.816129116618822, ""move_vy"": 2.67070067563154, ""kick_power"": 0.0, ""kick_dir"": null}, {""move_vx"": -7.181393604763789, ""move_vy"": -0.5172870513145802, ""kick_power"": 0.0, ""kick_dir"": null}, {""move_vx"": -0.0, ""move_vy"": 0.0, ""kick_power"": 1.0, ""kick_dir"": [-0.9860886743092729, -0.1662200114541903]}]"
238,88,default,default,0,58.01031593889073,21.702408063021142,9,A,,1.1621019040492748,0.30243997421329327,-0.05738113513954969,"[{""move_vx"": 0.0, ""move_vy"": 0.0, ""kick_power"": 0.0, ""kick_dir"": null}, {""move_vx"": 0.0, ""move_vy"": 0.0, ""kick_power"": 0.4, ""kick_dir"": [-0.03298525413776602, 0.9994556493426772]}, {""move_vx"": 0.0, ""move_vy"": 0.0, ""kick_power"": 0.9, ""kick_dir"": [-0.9902080521481793, -0.13959890726889201]}, {""move_vx"": -5.4, ""move_vy"": 0.0, ""kick_power"": 0.0, ""kick_dir"": null}, {""move_vx"": 0.0, ""move_vy"": 0.0, ""kick_power"": 0.9, ""kick_dir"": [-0.7054861701168509, -0.7087235738280765]}, {""move_vx"": 5.4806537909808295, ""move_vy"": 2.6781400305823166, ""kick_power"": 0.0, ""kick_dir"": null}, {""move_vx"": 5.707475817991288, ""move_vy"": -2.667343207584035, ""kick_power"": 0.0, ""kick_dir"": null}, {""move_vx"": -2.193408948451031, ""move_vy"": 4.604232529407581, ""kick_power"": 0.0, ""kick_dir"": null}, {""move_vx"": 3.602008125004531, ""move_vy"": -4.539555316041577, ""kick_power"": 0.0, ""kick_dir"": null}, {""move_vx"": 0.8097566828793382, ""move_vy"": -5.3389412915420085, ""kick_power"": 0.0, ""kick_dir"": null}, {""move_vx"": 0.0, ""move_vy"": 0.0, ""kick_power"": 1.0, ""kick_dir"": [0.9763101496454157, 0.2163757153774136]}, {""move_vx"": 0.9170552174622418, ""move_vy"": 4.1498806884204855, ""kick_power"": 0.0, ""kick_dir"": null}, {""move_vx"": -0.0, ""move_vy"": -5.8, ""kick_power"": 0.0, ""kick_dir"": null}, {""move_vx"": -3.8183766184073566, ""move_vy"": 3.8183766184073566, ""kick_power"": 0.0, ""kick_dir"": null}, {""move_vx"": 4.340609113231469, ""move_vy"": 1.4923848451830097, ""kick_power"": 0.0, ""kick_dir"": null}, {""move_vx"": -0.0, ""move_vy"": 0.0, ""kick_power"": 0.9, ""kick_dir"": [-0.8466890387992755, 0.5320879667971136]}, {""move_vx"": -5.259158668179322, ""move_vy"": 2.888122245147234, ""kick_power"": 0.0, ""kick_dir"": null}, {""move_vx"": -7.476091384795634, ""move_vy"": -0.5983791491892912, ""kick_power"": 0.0, ""kick_dir"": null}, {""move_vx"": 4.242640687119285, ""move_vy"": 4.242640687119285, ""kick_power"": 0.0, ""kick_dir"": null}, {""move_vx"": -5.812017601460694, ""move_vy"": 2.6796364306209703, ""kick_power"": 0.0, ""kick_dir"": null}, {""move_vx"": -7.181393604763789, ""move_vy"": -0.5172870513145792, ""kick_power"": 0.0, ""kick_dir"": null}, {""move_vx"": -0.0, ""move_vy"": 0.0, ""kick_power"": 1.0, ""kick_dir"": [-0.9860886743092729, -0.1662200114541903]}]"
238,89,default,default,0,58.06429971774935,21.346478643585005,9,A,,1.1780243993141382,0.30332053294276917,-0.05570186519391058,"[{""move_vx"": 0.0, ""move_vy"": 0.0, ""kick_power"": 0.0, ""kick_dir"": null}, {""move_vx"": 0.0, ""move_vy"": 0.0, ""kick_power"": 0.4, ""kick_dir"": [0.04740158839158849, 0.9988757279407301]}, {""move_vx"": -3.8183766184073566, ""move_vy"": 3.8183766184073566, ""kick_power"": 0.0, ""kick_dir"": null}, {""move_vx"": -5.4, ""move_vy"": 0.0, ""kick_power"": 0.0, ""kick_dir"": null}, {""move_vx"": 0.0, ""move_vy"": 0.0, ""kick_power"": 0.9, ""kick_dir"": [-0.7219414134842003, -0.6919540667077152]}, {""move_vx"": 5.477874784383142, ""move_vy"": 2.6838196374978955, ""kick_power"": 0.0, ""kick_dir"": null}, {""move_vx"": 5.673864591812077, ""move_vy"": -2.7381125969874187, ""kick_power"": 0.0, ""kick_dir"": null}, {""move_vx"": 2.1934089484523325, ""move_vy"": -4.6042325294069615, ""kick_power"": 0.0, ""kick_dir"": null}, {""move_vx"": 3.5537108265433224, ""move_vy"": -4.577462655370197, ""kick_power"": 0.0, ""kick_dir"": null}, {""move_vx"": 0.8097566828793382, ""move_vy"": -5.3389412915420085, ""kick_power"": 0.0, ""kick_dir"": null}, {""move_vx"": 0.0, ""move_vy"": 0.0, ""kick_power"": 1.0, ""kick_dir"": [0.9763101496454157, 0.2163757153774136]}, {""move_vx"": 0.9170552174620505, ""move_vy"": 4.149880688420527, ""kick_power"": 0.0, ""kick_dir"": null}, {""move_vx"": -0.0, ""move_vy"": -5.8, ""kick_power"": 0.0, ""kick_dir"": null}, {""move_vx"": -3.8183766184073566, ""move_vy"": 3.8183766184073566, ""kick_power"": 0.0, ""kick_dir"": null}, {""move_vx"": -5.153030284809136, ""move_vy"": -1.6143973748243903, ""kick_power"": 0.0, ""kick_dir"": null}, {""move_vx"": -0.0, ""move_vy"": 0.0, ""kick_power"": 0.9, ""kick_dir"": [-0.8504679701563068, 0.5260267721737502]}, {""move_vx"": -5.245214764821182, ""move_vy"": 2.9133695390221046, ""kick_power"": 0.0, ""kick_dir"": null}, {""move_vx"": -7.476091384795634, ""move_vy"": -0.5983791491892912, ""kick_power"": 0.0, ""kick_dir"": null}, {""move_vx"": 4.242640687119285, ""move_vy"": 4.242640687119285, ""kick_power"": 0.0, ""kick_dir"": null}, {""move_vx"": -5.809580904494843, ""move_vy"": 2.6849152154451534, ""kick_power"": 0.0, ""kick_dir"": null}, {""move_vx"": -7.181393604763789, ""move_vy"": -0.5172870513145784, ""kick_power"": 0.0, ""kick_dir"": null}, {""move_vx"": -5.659945155254742, ""move_vy"": -2.9874773370702563, ""kick_power"": 0.0, ""kick_dir"": null}]"
238,90,default,default,0,58.11828349660797,20.990549224148868,9,A,,1.1939600649184237,0.3064130334516901,-0.05548818072263556,"[{""move_vx"": 0.0, ""move_vy"": 0.0, ""kick_power"": 0.0, ""kick_dir"": null}, {""move_vx"": 0.0, ""move_vy"": 0.0, ""kick_power"": 0.4, ""kick_dir"": [0.12308173260656294, 0.9923963560415073]}, {""move_vx"": 0.0, ""move_vy"": 0.0, ""kick_power"": 0.9, ""kick_dir"": [-0.9831764758439504, -0.18265776717999516]}, {""move_vx"": -5.4, ""move_vy"": 0.0, ""kick_power"": 0.0, ""kick_dir"": null}, {""move_vx"": 0.0, ""move_vy"": 0.0, ""kick_power"": 0.9, ""kick_dir"": [-0.7013852318684929, -0.7127822871449134]}, {""move_vx"": 5.475809179238205, ""move_vy"": 2.6880315906943166, ""kick_power"": 0.0, ""kick_dir"": null}, {""move_vx"": 5.6393563455784745, ""move_vy"": -2.8084978204698325, ""kick_power"": 0.0, ""kick_dir"": null}, {""move_vx"": 0.0, ""move_vy"": 0.0, ""kick_power"": 0.6, ""kick_dir"": [0.993879969514212, -0.11046526853340671]}, {""move_vx"": 3.5058234603478513, ""move_vy"": -4.614241743220072, ""kick_power"": 0.0, ""kick_dir"": null}, {""move_vx"": 0.8097566828793382, ""move_vy"": -5.3389412915420085, ""kick_power"": 0.0, ""kick_dir"": null}, {""move_vx"": 0.0, ""move_vy"": 0.0, ""kick_power"": 1.0, ""kick_dir"": [0.9763101496454157, 0.2163757153774136]}, {""move_vx"": -0.9170552174618166, ""move_vy"": -4.14988068842058, ""kick_power"": 0.0, ""kick_dir"": null}, {""move_vx"": -0.0, ""move_vy"": -5.8, ""kick_power"": 0.0, ""kick_dir"": null}, {""move_vx"": -3.8183766184073566, ""move_vy"": 3.8183766184073566, ""kick_power"": 0.0, ""kick_dir"": null}, {""move_vx"": -5.151636026791507, ""move_vy"": -1.618841019823697, ""kick_power"": 0.0, ""kick_dir"": null}, {""move_vx"": -0.0, ""move_vy"": 0.0, ""kick_power"": 0.9, ""kick_dir"": [-0.85411212848417, 0.5200888440981871]}, {""move_vx"": -5.230939287435073, ""move_vy"": 2.938923981862792, ""kick_power"": 0.0, ""kick_dir"": null}, {""move_vx"": -7.476091384795634, ""move_vy"": -0.5983791491892912, ""kick_power"": 0.0, ""kick_dir"": null}, {""move_vx"": 4.242640687119285, ""move_vy"": 4.242640687119285, ""kick_power"": 0.0, ""kick_dir"": null}, {""move_vx"": -5.805584707918762, ""move_vy"": 2.6935452844123158, ""kick_power"": 0.0, ""kick_dir"": null}, {""move_vx"": -7.18139360476379, ""move_vy"": -0.5172870513145775, ""kick_power"": 0.0, ""kick_dir"": null}, {""move_vx"": -0.0, ""move_vy"": 0.0, ""kick_power"": 1.0, ""kick_dir"": [-0.9865381385576757, -0.16353124114257675]}]"
238,91,default,default,0,58.172267275466595,20.63461980471273,9,A,,1.2099088732834948,0.30207241954198655,-0.06066912584747288,"[{""move_vx"": 0.0, ""move_vy"": 0.0, ""kick_power"": 0.0, ""kick_dir"": null}, {""move_vx"": 0.0, ""move_vy"": 0.0, ""kick_power"": 0.4, ""kick_dir"": [0.19339290934356998, 0.9811212126733918]}, {""move_vx"": -3.8183766184073566, ""move_vy"": 3.8183766184073566, ""kick_power"": 0.0, ""kick_dir"": null}, {""move_vx"": -5.4, ""move_vy"": 0.0, ""kick_power"": 0.0, ""kick_dir"": null}, {""move_vx"": 2.9265241764708345, ""move_vy"": -6.3148282830597795, ""kick_power"": 0.0, ""kick_dir"": null}, {""move_vx"": 5.471263247930057, ""move_vy"": 2.6972724133557295, ""kick_power"": 0.0, ""kick_dir"": null}, {""move_vx"": 5.6039659019599695, ""move_vy"": -2.8784659403352313, ""kick_power"": 0.0, ""kick_dir"": null}, {""move_vx"": -2.1934089484523924, ""move_vy"": 4.604232529406933, ""kick_power"": 0.0, ""kick_dir"": null}, {""move_vx"": 3.4583743047640874, ""move_vy"": -4.649910984970305, ""kick_power"": 0.0, ""kick_dir"": null}, {""move_vx"": 0.8097566828793382, ""move_vy"": -5.3389412915420085, ""kick_power"": 0.0, ""kick_dir"": null}, {""move_vx"": 0.0, ""move_vy"": 0.0, ""kick_power"": 1.0, ""kick_dir"": [0.9763101496454157, 0.2163757153774136]}, {""move_vx"": 5.0, ""move_vy"": 0.0, ""kick_power"": 0.0, ""kick_dir"": null}, {""move_vx"": -0.0, ""move_vy"": -5.8, ""kick_power"": 0.0, ""kick_dir"": null}, {""move_vx"": -3.8183766184073566, ""move_vy"": 3.8183766184073566, ""kick_power"": 0.0, ""kick_dir"": null}, {""move_vx"": -5.14940328099804, ""move_vy"": -1.6259292265183678, ""kick_power"": 0.0, ""kick_dir"": null}, {""move_vx"": -0.0, ""move_vy"": 0.0, ""kick_power"": 0.9, ""kick_dir"": [-0.8576233847731337, 0.5142781972285185]}, {""move_vx"": -5.216324110971824, ""move_vy"": 2.9647871372653434, ""kick_power"": 0.0, ""kick_dir"": null}, {""move_vx"": -7.476091384795634, ""move_vy"": -0.5983791491892911, ""kick_power"": 0.0, ""kick_dir"": null}, {""move_vx"": 4.242640687119285, ""move_vy"": 4.242640687119285, ""kick_power"": 0.0, ""kick_dir"": null}, {""move_vx"": -5.801681241794541, ""move_vy"": 2.701942776708892, ""kick_power"": 0.0, ""kick_dir"": null}, {""move_vx"": -7.181393604763789, ""move_vy"": -0.5172870513145764, ""kick_power"": 0.0, ""kick_dir"": null}, {""move_vx"": -0.0, ""move_vy"": 0.0, ""kick_power"": 1.0, ""kick_dir"": [-0.9865381385576757, -0.16353124114257675]}]"
238,92,default,default,0,58.22625105432522,20.278690385276594,9,A,,1.2258707998897174,0.31221963001112407,-0.056910386833807905,"[{""move_vx"": 0.0, ""move_vy"": 0.0, ""kick_power"": 0.0, ""kick_dir"": null}, {""move_vx"": 0.0, ""move_vy"": 0.0, ""kick_power"": 0.4, ""kick_dir"": [0.2580368135607269, 0.9661349107439807]}, {""move_vx"": 0.0, ""move_vy"": 0.0, ""kick_power"": 0.9, ""kick_dir"": [-0.974560667272652, -0.2241235143619716]}, {""move_vx"": -5.4, ""move_vy"": 0.0, ""kick_power"": 0.0, ""kick_dir"": null}, {""move_vx"": 2.908443353365811, ""move_vy"": -6.323176200317547, ""kick_power"": 0.0, ""kick_dir"": null}, {""move_vx"": 5.461963539171074, ""move_vy"": 2.7160549141660955, ""kick_power"": 0.0, ""kick_dir"": null}, {""move_vx"": 5.567709411196586, ""move_vy"": -2.9479843813142845, ""kick_power"": 0.0, ""kick_dir"": null}, {""move_vx"": 2.1934089484523325, ""move_vy"": -4.6042325294069615, ""kick_power"": 0.0, ""kick_dir"": null}, {""move_vx"": 3.4113894663523285, ""move_vy"": -4.684490037225008, ""kick_power"": 0.0, ""kick_dir"": null}, {""move_vx"": 0.8097566828793382, ""move_vy"": -5.3389412915420085, ""kick_power"": 0.0, ""kick_dir"": null}, {""move_vx"": 0.0, ""move_vy"": 6.0, ""kick_power"": 0.0, ""kick_dir"": null}, {""move_vx"": -4.0206943369381705, ""move_vy"": 1.3771408965364904, ""kick_power"": 0.0, ""kick_dir"": null}, {""move_vx"": -0.0, ""move_vy"": -5.8, ""kick_power"": 0.0, ""kick_dir"": null}, {""move_vx"": -3.8183766184073566, ""move_vy"": 3.8183766184073566, ""kick_power"": 0.0, ""kick_dir"": null}, {""move_vx"": -5.145994681237168, ""move_vy"": -1.6366852906648819, ""kick_power"": 0.0, ""kick_dir"": null}, {""move_vx"": -0.0, ""move_vy"": 0.0, ""kick_power"": 0.9, ""kick_dir"": [-0.8610035566740051, 0.5085988695675302]}, {""move_vx"": -5.201360978594408, ""move_vy"": 2.990960375925334, ""kick_power"": 0.0, ""kick_dir"": null}, {""move_vx"": -0.0, ""move_vy"": 0.0, ""kick_power"": 0.0, ""kick_dir"": null}, {""move_vx"": 4.242640687119285, ""move_vy"": 4.242640687119285, ""kick_power"": 0.0, ""kick_dir"": null}, {""move_vx"": -5.799295227147969, ""move_vy"": 2.7070601892789146, ""kick_power"": 0.0, ""kick_dir"": null}, {""move_vx"": -7.181393604763789, ""move_vy"": -0.5172870513145754, ""kick_power"": 0.0, ""kick_dir"": null}, {""move_vx"": -0.0, ""move_vy"": 0.0, ""kick_power"": 1.0, ""kick_dir"": [-0.9865381385576757, -0.16353124114257675]}]"
238,93,default,default,0,58.28023483318384,19.922760965840457,9,A,,1.241845823018397,0.3034915653432797,-0.05808361705410565,"[{""move_vx"": 0.0, ""move_vy"": 0.0, ""kick_power"": 0.0, ""kick_dir"": null}, {""move_vx"": 0.0, ""move_vy"": 0.0, ""kick_power"": 0.4, ""kick_dir"": [0.31700421131885087, 0.948423958341283]}, {""move_vx"": -3.8183766184073566, ""move_vy"": 3.8183766184073566, ""kick_power"": 0.0, ""kick_dir"": null}, {""move_vx"": -5.4, ""move_vy"": 0.0, ""kick_power"": 0.0, ""kick_dir"": null}, {""move_vx"": 2.8904564211378996, ""move_vy"": -6.331418614931624, ""kick_power"": 0.0, ""kick_dir"": null}, {""move_vx"": 5.4463068700967705, ""move_vy"": 2.747315321679824, ""kick_power"": 0.0, ""kick_dir"": null}, {""move_vx"": 5.530604328902283, ""move_vy"": -3.0170210070742547, ""kick_power"": 0.0, ""kick_dir"": null}, {""move_vx"": -2.1934089484523924, ""move_vy"": 4.604232529406933, ""kick_power"": 0.0, ""kick_dir"": null}, {""move_vx"": 3.3648929086320156, ""move_vy"": -4.717999651699643, ""kick_power"": 0.0, ""kick_dir"": null}, {""move_vx"": 0.8097566828793382, ""move_vy"": -5.3389412915420085, ""kick_power"": 0.0, ""kick_dir"": null}, {""move_vx"": 0.0, ""move_vy"": 0.0, ""kick_power"": 1.0, ""kick_dir"": [0.9780342168883546, 0.2084443067777337]}, {""move_vx"": -0.0, ""move_vy"": 0.0, ""kick_power"": 1.0, ""kick_dir"": [-0.9999996129441558, 0.0008470284093820686]}, {""move_vx"": -0.0, ""move_vy"": -5.8, ""kick_power"": 0.0, ""kick_dir"": null}, {""move_vx"": -3.8183766184073566, ""move_vy"": 3.8183766184073566, ""kick_power"": 0.0, ""kick_dir"": null}, {""move_vx"": -5.141080931862787, ""move_vy"": -1.6520553416992017, ""kick_power"": 0.0, ""kick_dir"": null}, {""move_vx"": -0.0, ""move_vy"": 0.0, ""kick_power"": 0.9, ""kick_dir"": [-0.8642543947714502, 0.5030549436454108]}, {""move_vx"": -5.186041506840613, ""move_vy"": 3.017444861025025, ""kick_power"": 0.0, ""kick_dir"": null}, {""move_vx"": -7.476091384795634, ""move_vy"": -0.5983791491892911, ""kick_power"": 0.0, ""kick_dir"": null}, {""move_vx"": 4.242640687119285, ""move_vy"": 4.242640687119285, ""kick_power"": 0.0, ""kick_dir"": null}, {""move_vx"": -5.800691954320357, ""move_vy"": 2.7040659849720896, ""kick_power"": 0.0, ""kick_dir"": null}, {""move_vx"": -7.18139360476379, ""move_vy"": -0.5172870513145744, ""kick_power"": 0.0, ""kick_dir"": null}, {""move_vx"": -0.0, ""move_vy"": 0.0, ""kick_power"": 1.0, ""kick_dir"": [-0.9865381385576757, -0.16353124114257675]}]"
238,94,default,default,0,58.33421861204246,19.56683154640432,9,A,,1.2578339235188394,0.31447966259271287,-0.05738685259915034,"[{""move_vx"": 0.0, ""move_vy"": 0.0, ""kick_power"": 0.0, ""kick_dir"": null}, {""move_vx"": 0.0, ""move_vy"": 0.0, ""kick_power"": 0.4, ""kick_dir"": [0.3704930636315221, 0.9288350641468176]}, {""move_vx"": 0.0, ""move_vy"": 0.0, ""kick_power"": 0.9, ""kick_dir"": [-0.9645390553165841, -0.26393987223161947]}, {""move_vx"": -5.4, ""move_vy"": 0.0, ""kick_power"": 0.0, ""kick_dir"": null}, {""move_vx"": 2.87256390411071, ""move_vy"": -6.339556500008516, ""kick_power"": 0.0, ""kick_dir"": null}, {""move_vx"": 5.427286897807176, ""move_vy"": 2.7847005097300066, ""kick_power"": 0.0, ""kick_dir"": null}, {""move_vx"": 5.492669388849733, ""move_vy"": -3.0855441958904293, ""kick_power"": 0.0, ""kick_dir"": null}, {""move_vx"": 2.1934089484523325, ""move_vy"": -4.6042325294069615, ""kick_power"": 0.0, ""kick_dir"": null}, {""move_vx"": 0.0, ""move_vy"": -6.1, ""kick_power"": 0.0, ""kick_dir"": null}, {""move_vx"": 0.8097566828793382, ""move_vy"": -5.3389412915420085, ""kick_power"": 0.0, ""kick_dir"": null}, {""move_vx"": 0.0, ""move_vy"": 0.0, ""kick_power"": 1.0, ""kick_dir"": [0.9780342168883546, 0.2084443067777337]}, {""move_vx"": -3.3778298248430985, ""move_vy"": 2.579295577168395, ""kick_power"": 0.0, ""kick_dir"": null}, {""move_vx"": -0.0, ""move_vy"": -5.8, ""kick_power"": 0.0, ""kick_dir"": null}, {""move_vx"": -3.8183766184073566, ""move_vy"": 3.8183766184073566, ""kick_power"": 0.0, ""kick_dir"": null}, {""move_vx"": -5.135584492075331, ""move_vy"": -1.6690631877659283, ""kick_power"": 0.0, ""kick_dir"": null}, {""move_vx"": -0.0, ""move_vy"": 0.0, ""kick_power"": 0.9, ""kick_dir"": [-0.8673775681897348, 0.49765057006594954]}, {""move_vx"": -5.170357191588606, ""move_vy"": 3.0442415330239445, ""kick_power"": 0.0, ""kick_dir"": null}, {""move_vx"": -0.0, ""move_vy"": 0.0, ""kick_power"": 0.0, ""kick_dir"": null}, {""move_vx"": 4.242640687119285, ""move_vy"": 4.242640687119285, ""kick_power"": 0.0, ""kick_dir"": null}, {""move_vx"": -5.8043301601212, ""move_vy"": 2.696247650403689, ""kick_power"": 0.0, ""kick_dir"": null}, {""move_vx"": -7.181393604763789, ""move_vy"": -0.5172870513145734, ""kick_power"": 0.0, ""kick_dir"": null}, {""move_vx"": -0.0, ""move_vy"": 0.0, ""kick_power"": 1.0, ""kick_dir"": [-0.9865381385576757, -0.16353124114257675]}]"
238,95,default,default,0,58.38985931717474,19.202754919929454,9,A,,1.2738077528940377,0.3053732114706572,-0.04987836203584056,"[{""move_vx"": 0.0, ""move_vy"": 0.0, ""kick_power"": 0.0, ""kick_dir"": null}, {""move_vx"": 0.0, ""move_vy"": 5.8, ""kick_power"": 0.0, ""kick_dir"": null}, {""move_vx"": 0.0, ""move_vy"": 0.0, ""kick_power"": 0.9, ""kick_dir"": [-0.9642453179924246, -0.2650109716298361]}, {""move_vx"": -5.4, ""move_vy"": 0.0, ""kick_power"": 0.0, ""kick_dir"": null}, {""move_vx"": 2.854766308203369, ""move_vy"": -6.347590828459795, ""kick_power"": 0.0, ""kick_dir"": null}, {""move_vx"": 5.408277848951798, ""move_vy"": 2.8214412466924257, ""kick_power"": 0.0, ""kick_dir"": null}, {""move_vx"": 5.45392457081059, ""move_vy"": -3.153522915075855, ""kick_power"": 0.0, ""kick_dir"": null}, {""move_vx"": -2.1934089484523924, ""move_vy"": 4.604232529406933, ""kick_power"": 0.0, ""kick_dir"": null}, {""move_vx"": 0.0, ""move_vy"": -6.1, ""kick_power"": 0.0, ""kick_dir"": null}, {""move_vx"": 0.8097566828793382, ""move_vy"": -5.3389412915420085, ""kick_power"": 0.0, ""kick_dir"": null}, {""move_vx"": 0.0, ""move_vy"": 0.0, ""kick_power"": 1.0, ""kick_dir"": [0.9780342168883546, 0.2084443067777337]}, {""move_vx"": -0.0, ""move_vy"": 0.0, ""kick_power"": 1.0, ""kick_dir"": [-0.9999986222729856, 0.0016427794363654284]}, {""move_vx"": -0.0, ""move_vy"": -5.8, ""kick_power"": 0.0, ""kick_dir"": null}, {""move_vx"": -3.8183766184073566, ""move_vy"": 3.8183766184073566, ""kick_power"": 0.0, ""kick_dir"": null}, {""move_vx"": -5.130813200182485, ""move_vy"": -1.6836733367352388, ""kick_power"": 0.0, ""kick_dir"": null}, {""move_vx"": -0.0, ""move_vy"": 0.0, ""kick_power"": 0.9, ""kick_dir"": [-0.870374649342042, 0.49238999375160203]}, {""move_vx"": -5.154299414882214, ""move_vy"": 3.0713510938583464, ""kick_power"": 0.0, ""kick_dir"": null}, {""move_vx"": 4.242640687119285, ""move_vy"": -4.242640687119285, ""kick_power"": 0.0, ""kick_dir"": null}, {""move_vx"": 4.242640687119285, ""move_vy"": 4.242640687119285, ""kick_power"": 0.0, ""kick_dir"": null}, {""move_vx"": -5.8079710752361215, ""move_vy"": 2.6883958021877223, ""kick_power"": 0.0, ""kick_dir"": null}, {""move_vx"": -7.18139360476379, ""move_vy"": -0.5172870513145724, ""kick_power"": 0.0, ""kick_dir"": null}, {""move_vx"": -0.0, ""move_vy"": 0.0, ""kick_power"": 1.0, ""kick_dir"": [-0.9865381385576757, -0.16353124114257675]}]"
238,96,default,default,0,58.44677110454142,18.836922364690125,9,A,,1.2901740483500999,0.30869465733807433,-0.04784004761926365,"[{""move_vx"": 4.581010246902178, ""move_vy"": -1.2557249371487558, ""kick_power"": 0.0, ""kick_dir"": null}, {""move_vx"": 0.0, ""move_vy"": 0.0, ""kick_power"": 0.4, ""kick_dir"": [0.5011309205939899, 0.8653712967099317]}, {""move_vx"": 0.0, ""move_vy"": 0.0, ""kick_power"": 0.9, ""kick_dir"": [-0.9639921888067063, -0.26593027491403093]}, {""move_vx"": -5.4, ""move_vy"": 0.0, ""kick_power"": 0.0, ""kick_dir"": null}, {""move_vx"": 0.0, ""move_vy"": 0.0, ""kick_power"": 0.6, ""kick_dir"": [0.972271832567521, -0.23385347704123832]}, {""move_vx"": 5.39395611080832, ""move_vy"": 2.848725587815291, ""kick_power"": 0.0, ""kick_dir"": null}, {""move_vx"": 5.413516377363418, ""move_vy"": -3.2223966906664447, ""kick_power"": 0.0, ""kick_dir"": null}, {""move_vx"": 2.1934089484523325, ""move_vy"": -4.6042325294069615, ""kick_power"": 0.0, ""kick_dir"": null}, {""move_vx"": 0.0, ""move_vy"": -6.1, ""kick_power"": 0.0, ""kick_dir"": null}, {""move_vx"": 0.8126282996749559, ""move_vy"": -5.338504963617379, ""kick_power"": 0.0, ""kick_dir"": null}, {""move_vx"": 0.0, ""move_vy"": 0.0, ""kick_power"": 1.0, ""kick_dir"": [0.9780342168883546, 0.2084443067777337]}, {""move_vx"": -2.9907157672986964, ""move_vy"": 3.0196223603674297, ""kick_power"": 0.0, ""kick_dir"": null}, {""move_vx"": -0.0, ""move_vy"": -5.8, ""kick_power"": 0.0, ""kick_dir"": null}, {""move_vx"": -3.8183766184073566, ""move_vy"": 3.8183766184073566, ""kick_power"": 0.0, ""kick_dir"": null}, {""move_vx"": -5.129096994719271, ""move_vy"": -1.6888943184112308, ""kick_power"": 0.0, ""kick_dir"": null}, {""move_vx"": -0.0, ""move_vy"": 0.0, ""kick_power"": 0.9, ""kick_dir"": [-0.8732468969672119, 0.4872779428412973]}, {""move_vx"": -4.242640687119285, ""move_vy"": 4.242640687119285, ""kick_power"": 0.0, ""kick_dir"": null}, {""move_vx"": -0.0, ""move_vy"": 0.0, ""kick_power"": 0.0, ""kick_dir"": null}, {""move_vx"": 4.242640687119285, ""move_vy"": 4.242640687119285, ""kick_power"": 0.0, ""kick_dir"": null}, {""move_vx"": -5.811614664402183, ""move_vy"": 2.6805102112294805, ""kick_power"": 0.0, ""kick_dir"": null}, {""move_vx"": 4.242640687119285, ""move_vy"": -4.242640687119285, ""kick_power"": 0.0, ""kick_dir"": null}, {""move_vx"": -0.0, ""move_vy"": 0.0, ""kick_power"": 1.0, ""kick_dir"": [-0.9865381385576757, -0.16353124114257675]}]"
238,97,default,default,0,58.504672117602205,18.47216240087986,9,A,,1.306540218069632,0.30668508037898057,-0.055470130061899256,"[{""move_vx"": 4.575392699283805, ""move_vy"": -1.2760413971891567, ""kick_power"": 0.0, ""kick_dir"": null}, {""move_vx"": 0.0, ""move_vy"": 0.0, ""kick_power"": 0.4, ""kick_dir"": [0.5410645999360492, 0.8409808517945069]}, {""move_vx"": 0.0, ""move_vy"": 0.0, ""kick_power"": 0.9, ""kick_dir"": [-0.9656246237106563, -0.25994026048492086]}, {""move_vx"": -5.4, ""move_vy"": 0.0, ""kick_power"": 0.0, ""kick_dir"": null}, {""move_vx"": 2.8732006312642047, ""move_vy"": -6.339267949259044, ""kick_power"": 0.0, ""kick_dir"": null}, {""move_vx"": 5.382504466365797, ""move_vy"": 2.8703041075036375, ""kick_power"": 0.0, ""kick_dir"": null}, {""move_vx"": 5.372205667976416, ""move_vy"": -3.290806323830389, ""kick_power"": 0.0, ""kick_dir"": null}, {""move_vx"": -2.1934089484523924, ""move_vy"": 4.604232529406933, ""kick_power"": 0.0, ""kick_dir"": null}, {""move_vx"": 0.0, ""move_vy"": -6.1, ""kick_power"": 0.0, ""kick_dir"": null}, {""move_vx"": 0.81996428403094, ""move_vy"": -5.337383120304709, ""kick_power"": 0.0, ""kick_dir"": null}, {""move_vx"": 0.0, ""move_vy"": 0.0, ""kick_power"": 1.0, ""kick_dir"": [0.9780342168883546, 0.2084443067777337]}, {""move_vx"": -0.0, ""move_vy"": 0.0, ""kick_power"": 1.0, ""kick_dir"": [-0.999998680474733, 0.0016069398807002512]}, {""move_vx"": -0.0, ""move_vy"": -5.8, ""kick_power"": 0.0, ""kick_dir"": null}, {""move_vx"": -3.8183766184073566, ""move_vy"": 3.8183766184073566, ""kick_power"": 0.0, ""kick_dir"": null}, {""move_vx"": -5.129096994719272, ""move_vy"": -1.6888943184112304, ""kick_power"": 0.0, ""kick_dir"": null}, {""move_vx"": -0.0, ""move_vy"": 0.0, ""kick_power"": 0.9, ""kick_dir"": [-0.8759944999634476, 0.4823210270711575]}, {""move_vx"": -4.242640687119285, ""move_vy"": 4.242640687119285, ""kick_power"": 0.0, ""kick_dir"": null}, {""move_vx"": -7.479659507654999, ""move_vy"": -0.5519906245093105, ""kick_power"": 0.0, ""kick_dir"": null}, {""move_vx"": 4.242640687119285, ""move_vy"": 4.242640687119285, ""kick_power"": 0.0, ""kick_dir"": null}, {""move_vx"": -5.815260891745068, ""move_vy"": 2.672590645972622, ""kick_power"": 0.0, ""kick_dir"": null}, {""move_vx"": -5.57163486732718, ""move_vy"": 2.22640627585893, ""kick_power"": 0.0, ""kick_dir"": null}, {""move_vx"": -0.0, ""move_vy"": 0.0, ""kick_power"": 1.0, ""kick_dir"": [-0.9865381385576757, -0.16353124114257675]}]"
238,98,default,default,0,58.563631910954,18.108545311675613,9,A,,1.3229065960762785,0.3118424901780443,-0.050366357115647464,"[{""move_vx"": 4.569753659803306, ""move_vy"": -1.2960908489431944, ""kick_power"": 0.0, ""kick_dir"": null}, {""move_vx"": 0.0, ""move_vy"": 5.8, ""kick_power"": 0.0, ""kick_dir"": null}, {""move_vx"": 0.0, ""move_vy"": 0.0, ""kick_power"": 0.9, ""kick_dir"": [-0.9671904994460002, -0.2540519482569553]}, {""move_vx"": -5.4, ""move_vy"": 0.0, ""kick_power"": 0.0, ""kick_dir"": null}, {""move_vx"": 2.8554401769660513, ""move_vy"": -6.347287719630179, ""kick_power"": 0.0, ""kick_dir"": null}, {""move_vx"": 5.3708150461991355, ""move_vy"": 2.8921178640437497, ""kick_power"": 0.0, ""kick_dir"": null}, {""move_vx"": 5.330359661849266, ""move_vy"": -3.358164063194379, ""kick_power"": 0.0, ""kick_dir"": null}, {""move_vx"": 2.1934089484523325, ""move_vy"": -4.6042325294069615, ""kick_power"": 0.0, ""kick_dir"": null}, {""move_vx"": 0.0, ""move_vy"": -6.1, ""kick_power"": 0.0, ""kick_dir"": null}, {""move_vx"": 0.8308528557548226, ""move_vy"": -5.335698973150945, ""kick_power"": 0.0, ""kick_dir"": null}, {""move_vx"": 0.0, ""move_vy"": 0.0, ""kick_power"": 1.0, ""kick_dir"": [0.9780342168883546, 0.2084443067777337]}, {""move_vx"": -0.0, ""move_vy"": 0.0, ""kick_power"": 1.0, ""kick_dir"": [-0.9999734300022637, 0.007285773615993912]}, {""move_vx"": -0.0, ""move_vy"": -5.8, ""kick_power"": 0.0, ""kick_dir"": null}, {""move_vx"": -3.8183766184073566, ""move_vy"": 3.8183766184073566, ""kick_power"": 0.0, ""kick_dir"": null}, {""move_vx"": -5.022721734712429, ""move_vy"": 1.9829942954147326, ""kick_power"": 0.0, ""kick_dir"": null}, {""move_vx"": -0.0, ""move_vy"": 0.0, ""kick_power"": 0.9, ""kick_dir"": [-0.878618546400454, 0.4775242271560358]}, {""move_vx"": -4.242640687119285, ""move_vy"": 4.242640687119285, ""kick_power"": 0.0, ""kick_dir"": null}, {""move_vx"": -7.479659507654998, ""move_vy"": -0.5519906245093104, ""kick_power"": 0.0, ""kick_dir"": null}, {""move_vx"": 4.242640687119285, ""move_vy"": 4.242640687119285, ""kick_power"": 0.0, ""kick_dir"": null}, {""move_vx"": -5.8189097207698675, ""move_vy"": 2.664636872358024, ""kick_power"": 0.0, ""kick_dir"": null}, {""move_vx"": 4.242640687119285, ""move_vy"": -4.242640687119285, ""kick_power"": 0.0, ""kick_dir"": null}, {""move_vx"": 6.4, ""move_vy"": 0.0, ""kick_power"": 0.0, ""kick_dir"": null}]"
238,99,default,default,0,58.62364067524628,17.74613629093967,9,A,,1.339274105132788,0.3051311401958789,-0.05298498700047089,"[{""move_vx"": 4.564097986734179, ""move_vy"": -1.3158683701225662, ""kick_power"": 0.0, ""kick_dir"": null}, {""move_vx"": 0.0, ""move_vy"": 0.0, ""kick_power"": 0.4, ""kick_dir"": [0.6537082169306317, 0.7567464982767539]}, {""move_vx"": 0.0, ""move_vy"": 0.0, ""kick_power"": 0.9, ""kick_dir"": [-0.968693819121134, -0.2482582145210358]}, {""move_vx"": 0.0, ""move_vy"": 5.4, ""kick_power"": 0.0, ""kick_dir"": null}, {""move_vx"": 0.0, ""move_vy"": 0.0, ""kick_power"": 0.0, ""kick_dir"": null}, {""move_vx"": 5.358882615546, ""move_vy"": 2.914168339818215, ""kick_power"": 0.0, ""kick_dir"": null}, {""move_vx"": 5.288036806041039, ""move_vy"": -3.4244221027722754, ""kick_power"": 0.0, ""kick_dir"": null}, {""move_vx"": -2.1934089484523924, ""move_vy"": 4.604232529406933, ""kick_power"": 0.0, ""kick_dir"": null}, {""move_vx"": 3.215143836096496, ""move_vy"": -4.821293925204177, ""kick_power"": 0.0, ""kick_dir"": null}, {""move_vx"": 0.8443431264519546, ""move_vy"": -5.333580850124364, ""kick_power"": 0.0, ""kick_dir"": null}, {""move_vx"": 0.0, ""move_vy"": 0.0, ""kick_power"": 1.0, ""kick_dir"": [0.9780342168883546, 0.2084443067777337]}, {""move_vx"": -0.0, ""move_vy"": 0.0, ""kick_power"": 1.0, ""kick_dir"": [-0.9999159346733419, 0.01296405787325174]}, {""move_vx"": -0.0, ""move_vy"": -5.8, ""kick_power"": 0.0, ""kick_dir"": null}, {""move_vx"": -3.8183766184073566, ""move_vy"": 3.8183766184073566, ""kick_power"": 0.0, ""kick_dir"": null}, {""move_vx"": -5.120884320396809, ""move_vy"": -1.7136346685084638, ""kick_power"": 0.0, ""kick_dir"": null}, {""move_vx"": -0.0, ""move_vy"": 0.0, ""kick_power"": 0.9, ""kick_dir"": [-0.8811201694190323, 0.47289236103067317]}, {""move_vx"": -4.242640687119285, ""move_vy"": 4.242640687119285, ""kick_power"": 0.0, ""kick_dir"": null}, {""move_vx"": -0.0, ""move_vy"": 0.0, ""kick_power"": 0.0, ""kick_dir"": null}, {""move_vx"": 4.242640687119285, ""move_vy"": 4.242640687119285, ""kick_power"": 0.0, ""kick_dir"": null}, {""move_vx"": -5.822561114351672, ""move_vy"": 2.656648653781645, ""kick_power"": 0.0, ""kick_dir"": null}, {""move_vx"": -7.186271942302626, ""move_vy"": -0.4444047381318564, ""kick_power"": 0.0, ""kick_dir"": null}, {""move_vx"": -0.0, ""move_vy"": 0.0, ""kick_power"": 1.0, ""kick_dir"": [-0.9867319552387087, -0.162357674335767]}]"
238,100,default,default,0,58.68460197162874,17.384987771155163,9,A,,1.3556442630362426,0.3089356715915325,-0.048068880288605655,"[{""move_vx"": 4.558429985718391, ""move_vy"": -1.3353711339187433, ""kick_power"": 0.0, ""kick_dir"": null}, {""move_vx"": 0.0, ""move_vy"": 0.0, ""kick_power"": 0.4, ""kick_dir"": [0.6805937966353054, 0.7326607627528127]}, {""move_vx"": -3.8183766184073566, ""move_vy"": 3.8183766184073566, ""kick_power"": 0.0, ""kick_dir"": null}, {""move_vx"": -5.4, ""move_vy"": 0.0, ""kick_power"": 0.0, ""kick_dir"": null}, {""move_vx"": 2.875352270029581, ""move_vy"": -6.3382923033918, ""kick_power"": 0.0, ""kick_dir"": null}, {""move_vx"": 5.346701852211298, ""move_vy"": 2.936456930309088, ""kick_power"": 0.0, ""kick_dir"": null}, {""move_vx"": 5.245289803563108, ""move_vy"": -3.489546514468163, ""kick_power"": 0.0, ""kick_dir"": null}, {""move_vx"": 2.1934089484523325, ""move_vy"": -4.6042325294069615, ""kick_power"": 0.0, ""kick_dir"": null}, {""move_vx"": 3.172580998885172, ""move_vy"": -4.849407675738631, ""kick_power"": 0.0, ""kick_dir"": null}, {""move_vx"": 0.8594121219193889, ""move_vy"": -5.331173492271473, ""kick_power"": 0.0, ""kick_dir"": null}, {""move_vx"": 0.0, ""move_vy"": 0.0, ""kick_power"": 1.0, ""kick_dir"": [0.9780342168883546, 0.2084443067777337]}, {""move_vx"": -0.0, ""move_vy"": 0.0, ""kick_power"": 1.0, ""kick_dir"": [-0.9998262085749822, 0.01864124086929337]}, {""move_vx"": -0.0, ""move_vy"": -5.8, ""kick_power"": 0.0, ""kick_dir"": null}, {""move_vx"": -3.8183766184073566, ""move_vy"": 3.8183766184073566, ""kick_power"": 0.0, ""kick_dir"": null}, {""move_vx"": -5.120884320396809, ""move_vy"": -1.713634668508464, ""kick_power"": 0.0, ""kick_dir"": null}, {""move_vx"": -0.0, ""move_vy"": 0.0, ""kick_power"": 0.9, ""kick_dir"": [-0.8835003277070129, 0.4684304745612762]}, {""move_vx"": -4.242640687119285, ""move_vy"": 4.242640687119285, ""kick_power"": 0.0, ""kick_dir"": null}, {""move_vx"": -7.479659507654999, ""move_vy"": -0.5519906245093105, ""kick_power"": 0.0, ""kick_dir"": null}, {""move_vx"": 4.242640687119285, ""move_vy"": 4.242640687119285, ""kick_power"": 0.0, ""kick_dir"": null}, {""move_vx"": -5.826215034726019, ""move_vy"": 2.6486257510513833, ""kick_power"": 0.0, ""kick_dir"": null}, {""move_vx"": 4.242640687119285, ""move_vy"": -4.242640687119285, ""kick_power"": 0.0, ""kick_dir"": null}, {""move_vx"": 6.4, ""move_vy"": 0.0, ""kick_power"": 0.0, ""kick_dir"": null}]"
238,101,default,default,0,58.746326839437714,17.02513096306883,9,A,,1.37201917261411,0.3025406275328469,-0.052128764126831845,"[{""move_vx"": 4.55275312833363, ""move_vy"": -1.3545991851645076, ""kick_power"": 0.0, ""kick_dir"": null}, {""move_vx"": 0.0, ""move_vy"": 0.0, ""kick_power"": 0.4, ""kick_dir"": [0.7044012088157736, 0.7098018448746803]}, {""move_vx"": -3.8183766184073566, ""move_vy"": 3.8183766184073566, ""kick_power"": 0.0, ""kick_dir"": null}, {""move_vx"": -5.4, ""move_vy"": 0.0, ""kick_power"": 0.0, ""kick_dir"": null}, {""move_vx"": 2.85841113257821, ""move_vy"": -6.3459503462564975, ""kick_power"": 0.0, ""kick_dir"": null}, {""move_vx"": 5.3342673479527045, ""move_vy"": 2.9589849375361172, ""kick_power"": 0.0, ""kick_dir"": null}, {""move_vx"": 5.2021622331533255, ""move_vy"": -3.5535205219547006, ""kick_power"": 0.0, ""kick_dir"": null}, {""move_vx"": -2.1934089484523924, ""move_vy"": 4.604232529406933, ""kick_power"": 0.0, ""kick_dir"": null}, {""move_vx"": 3.130772547077345, ""move_vy"": -4.876503692038674, ""kick_power"": 0.0, ""kick_dir"": null}, {""move_vx"": 0.8749435217400374, ""move_vy"": -5.328646529257232, ""kick_power"": 0.0, ""kick_dir"": null}, {""move_vx"": 0.0, ""move_vy"": 0.0, ""kick_power"": 1.0, ""kick_dir"": [0.9780342168883546, 0.2084443067777337]}, {""move_vx"": -0.0, ""move_vy"": 0.0, ""kick_power"": 1.0, ""kick_dir"": [-0.9997042751974082, 0.02431677143042103]}, {""move_vx"": -0.0, ""move_vy"": -5.8, ""kick_power"": 0.0, ""kick_dir"": null}, {""move_vx"": -3.8183766184073566, ""move_vy"": 3.8183766184073566, ""kick_power"": 0.0, ""kick_dir"": null}, {""move_vx"": -5.120884320396809, ""move_vy"": -1.7136346685084642, ""kick_power"": 0.0, ""kick_dir"": null}, {""move_vx"": -0.0, ""move_vy"": 0.0, ""kick_power"": 0.9, ""kick_dir"": [-0.8857597792536682, 0.4641438920096344]}, {""move_vx"": -4.242640687119285, ""move_vy"": 4.242640687119285, ""kick_power"": 0.0, ""kick_dir"": null}, {""move_vx"": -7.479659507655, ""move_vy"": -0.5519906245093105, ""kick_power"": 0.0, ""kick_dir"": null}, {""move_vx"": 4.242640687119285, ""move_vy"": 4.242640687119285, ""kick_power"": 0.0, ""kick_dir"": null}, {""move_vx"": -5.829871443479158, ""move_vy"": 2.640567922342889, ""kick_power"": 0.0, ""kick_dir"": null}, {""move_vx"": -0.0, ""move_vy"": 0.0, ""kick_power"": 0.9, ""kick_dir"": [0.9757235510971864, 0.21900499122280695]}, {""move_vx"": -0.0, ""move_vy"": 0.0, ""kick_power"": 1.0, ""kick_dir"": [-0.9869216433122637, -0.16120060827964797]}]"
238,102,default,default,0,58.808530972990035,16.666567104916464,9,A,,1.388401484810796,0.313418491945476,-0.05534120417016801,"[{""move_vx"": 4.547069746910926, ""move_vy"": -1.3735562299110315, ""kick_power"": 0.0, ""kick_dir"": null}, {""move_vx"": 0.0, ""move_vy"": 5.8, ""kick_power"": 0.0, ""kick_dir"": null}, {""move_vx"": 0.0, ""move_vy"": 0.0, ""kick_power"": 0.9, ""kick_dir"": [-0.9538007506581586, -0.30043964711128435]}, {""move_vx"": -5.4, ""move_vy"": 0.0, ""kick_power"": 0.0, ""kick_dir"": null}, {""move_vx"": 2.841790865520719, ""move_vy"": -6.35341047600759, ""kick_power"": 0.0, ""kick_dir"": null}, {""move_vx"": 5.321573610147239, ""move_vy"": 2.981753563221561, ""kick_power"": 0.0, ""kick_dir"": null}, {""move_vx"": 5.158684933408985, ""move_vy"": -3.616347571489657, ""kick_power"": 0.0, ""kick_dir"": null}, {""move_vx"": 2.1934089484523325, ""move_vy"": -4.6042325294069615, ""kick_power"": 0.0, ""kick_dir"": null}, {""move_vx"": 3.0897061129144334, ""move_vy"": -4.902625942881954, ""kick_power"": 0.0, ""kick_dir"": null}, {""move_vx"": 0.8897207177212696, ""move_vy"": -5.326199117988131, ""kick_power"": 0.0, ""kick_dir"": null}, {""move_vx"": 0.0, ""move_vy"": 0.0, ""kick_power"": 1.0, ""kick_dir"": [0.9780342168883546, 0.2084443067777337]}, {""move_vx"": -0.0, ""move_vy"": 0.0, ""kick_power"": 1.0, ""kick_dir"": [-0.9995501674130026, 0.029990099257124574]}, {""move_vx"": -0.0, ""move_vy"": -5.8, ""kick_power"": 0.0, ""kick_dir"": null}, {""move_vx"": -3.8183766184073566, ""move_vy"": 3.8183766184073566, ""kick_power"": 0.0, ""kick_dir"": null}, {""move_vx"": -5.120884320396809, ""move_vy"": -1.713634668508465, ""kick_power"": 0.0, ""kick_dir"": null}, {""move_vx"": -0.0, ""move_vy"": 0.0, ""kick_power"": 0.9, ""kick_dir"": [-0.8878990499714647, 0.4600382772873751]}, {""move_vx"": -4.242640687119285, ""move_vy"": 4.242640687119285, ""kick_power"": 0.0, ""kick_dir"": null}, {""move_vx"": -7.479659507654999, ""move_vy"": -0.5519906245093104, ""kick_power"": 0.0, ""kick_dir"": null}, {""move_vx"": 4.242640687119285, ""move_vy"": 4.242640687119285, ""kick_power"": 0.0, ""kick_dir"": null}, {""move_vx"": -5.83353030153815, ""move_vy"": 2.6324749231543003, ""kick_power"": 0.0, ""kick_dir"": null}, {""move_vx"": -0.0, ""move_vy"": 6.0, ""kick_power"": 0.0, ""kick_dir"": null}, {""move_vx"": 6.4, ""move_vy"": 0.0, ""kick_power"": 0.0, ""kick_dir"": null}]"
238,103,default,default,0,58.870836954351624,16.30925930284775,9,A,,1.4047943238852534,0.3086384435231158,-0.05767028204325376,"[{""move_vx"": 4.5413807291604975, ""move_vy"": -1.3922503628333764, ""kick_power"": 0.0, ""kick_dir"": null}, {""move_vx"": 0.0, ""move_vy"": 0.0, ""kick_power"": 0.4, ""kick_dir"": [0.7870858732288736, 0.6168432186412808]}, {""move_vx"": -3.8183766184073566, ""move_vy"": 3.8183766184073566, ""kick_power"": 0.0, ""kick_dir"": null}, {""move_vx"": 0.0, ""move_vy"": 0.0, ""kick_power"": 0.9, ""kick_dir"": [-0.4753564015794681, -0.8797932446730768]}, {""move_vx"": 2.8254431404995852, ""move_vy"": -6.360697372128613, ""kick_power"": 0.0, ""kick_dir"": null}, {""move_vx"": 5.308615063758834, ""move_vy"": 3.0047639016789294, ""kick_power"": 0.0, ""kick_dir"": null}, {""move_vx"": 5.114872443034872, ""move_vy"": -3.6780538184592246, ""kick_power"": 0.0, ""kick_dir"": null}, {""move_vx"": -2.1934089484523924, ""move_vy"": 4.604232529406933, ""kick_power"": 0.0, ""kick_dir"": null}, {""move_vx"": 3.0493546699915415, ""move_vy"": -4.92782518933056, ""kick_power"": 0.0, ""kick_dir"": null}, {""move_vx"": 0.9024382752006993, ""move_vy"": -5.324059086773248, ""kick_power"": 0.0, ""kick_dir"": null}, {""move_vx"": 0.0, ""move_vy"": 0.0, ""kick_power"": 1.0, ""kick_dir"": [0.9780342168883546, 0.2084443067777337]}, {""move_vx"": -0.7098351978937728, ""move_vy"": 4.190302374749478, ""kick_power"": 0.0, ""kick_dir"": null}, {""move_vx"": -0.0, ""move_vy"": -5.8, ""kick_power"": 0.0, ""kick_dir"": null}, {""move_vx"": -3.8183766184073566, ""move_vy"": 3.8183766184073566, ""kick_power"": 0.0, ""kick_dir"": null}, {""move_vx"": -5.120884320396809, ""move_vy"": -1.7136346685084654, ""kick_power"": 0.0, ""kick_dir"": null}, {""move_vx"": -0.0, ""move_vy"": 0.0, ""kick_power"": 0.9, ""kick_dir"": [-0.8899183957947582, 0.4561197088607545]}, {""move_vx"": -4.242640687119285, ""move_vy"": 4.242640687119285, ""kick_power"": 0.0, ""kick_dir"": null}, {""move_vx"": -7.479659507654999, ""move_vy"": -0.5519906245093104, ""kick_power"": 0.0, ""kick_dir"": null}, {""move_vx"": 4.242640687119285, ""move_vy"": 4.242640687119285, ""kick_power"": 0.0, ""kick_dir"": null}, {""move_vx"": -5.837191569160773, ""move_vy"": 2.62434650625987, ""kick_power"": 0.0, ""kick_dir"": null}, {""move_vx"": -0.0, ""move_vy"": 6.0, ""kick_power"": 0.0, ""kick_dir"": null}, {""move_vx"": -0.0, ""move_vy"": 0.0, ""kick_power"": 1.0, ""kick_dir"": [-0.987107318451973, -0.16005970213033907]}]"
238,104,default,default,0,58.93278361067594,15.953126211341177,9,A,,1.4212011650693221,0.31540523291836237,-0.05544190547354873,"[{""move_vx"": 4.535685249345, ""move_vy"": -1.4106946228274162, ""kick_power"": 0.0, ""kick_dir"": null}, {""move_vx"": 0.0, ""move_vy"": 0.0, ""kick_power"": 0.4, ""kick_dir"": [0.8018901086128304, 0.5974713327975832]}, {""move_vx"": -3.8183766184073566, ""move_vy"": 3.8183766184073566, ""kick_power"": 0.0, ""kick_dir"": null}, {""move_vx"": 0.0, ""move_vy"": 0.0, ""kick_power"": 0.9, ""kick_dir"": [-0.48471635245720684, -0.8746713216109027]}, {""move_vx"": 2.8093007655725732, ""move_vy"": -6.3678433718609435, ""kick_power"": 0.0, ""kick_dir"": null}, {""move_vx"": 5.295386053627643, ""move_vy"": 3.028016932423902, ""kick_power"": 0.0, ""kick_dir"": null}, {""move_vx"": 5.07071993000335, ""move_vy"": -3.7386895286272197, ""kick_power"": 0.0, ""kick_dir"": null}, {""move_vx"": 2.1934089484523325, ""move_vy"": -4.6042325294069615, ""kick_power"": 0.0, ""kick_dir"": null}, {""move_vx"": 3.0096764906065685, ""move_vy"": -4.952158359936617, ""kick_power"": 0.0, ""kick_dir"": null}, {""move_vx"": 0.9117366211854637, ""move_vy"": -5.322474643771384, ""kick_power"": 0.0, ""kick_dir"": null}, {""move_vx"": 0.0, ""move_vy"": 0.0, ""kick_power"": 1.0, ""kick_dir"": [0.9780342168883546, 0.2084443067777337]}, {""move_vx"": -0.0, ""move_vy"": 0.0, ""kick_power"": 1.0, ""kick_dir"": [-0.9996149532690293, 0.027746863068099877]}, {""move_vx"": -0.0, ""move_vy"": -5.8, ""kick_power"": 0.0, ""kick_dir"": null}, {""move_vx"": -3.8183766184073566, ""move_vy"": 3.8183766184073566, ""kick_power"": 0.0, ""kick_dir"": null}, {""move_vx"": -5.121261355549158, ""move_vy"": -1.712507555650138, ""kick_power"": 0.0, ""kick_dir"": null}, {""move_vx"": -0.0, ""move_vy"": 0.0, ""kick_power"": 0.9, ""kick_dir"": [-0.8918177565973804, 0.45239477171702425]}, {""move_vx"": -4.242640687119285, ""move_vy"": 4.242640687119285, ""kick_power"": 0.0, ""kick_dir"": null}, {""move_vx"": -7.479659507654999, ""move_vy"": -0.5519906245093104, ""kick_power"": 0.0, ""kick_dir"": null}, {""move_vx"": 4.242640687119285, ""move_vy"": 4.242640687119285, ""kick_power"": 0.0, ""kick_dir"": null}, {""move_vx"": -5.839076577324968, ""move_vy"": 2.6201497522345827, ""kick_power"": 0.0, ""kick_dir"": null}, {""move_vx"": -0.0, ""move_vy"": 6.0, ""kick_power"": 0.0, ""kick_dir"": null}, {""move_vx"": 6.4, ""move_vy"": 0.0, ""kick_power"": 0.0, ""kick_dir"": null}]"
238,105,default,default,0,58.994010376283676,15.598067612919222,9,A,,1.4376245459516406,0.31101429922931617,-0.055374587949202726,"[{""move_vx"": 4.529980584982886, ""move_vy"": -1.428907239703861, ""kick_power"": 0.0, ""kick_dir"": null}, {""move_vx"": 0.0, ""move_vy"": 0.0, ""kick_power"": 0.4, ""kick_dir"": [0.8151437158956256, 0.5792585544032434]}, {""move_vx"": -3.8183766184073566, ""move_vy"": -3.8183766184073566, ""kick_power"": 0.0, ""kick_dir"": null}, {""move_vx"": 0.0, ""move_vy"": 0.0, ""kick_power"": 0.9, ""kick_dir"": [-0.49384507449994075, -0.8695498300048022]}, {""move_vx"": 2.7932786475057374, ""move_vy"": -6.374887794886159, ""kick_power"": 0.0, ""kick_dir"": null}, {""move_vx"": 5.281880847102598, ""move_vy"": 3.051513512506662, ""kick_power"": 0.0, ""kick_dir"": null}, {""move_vx"": 5.026201171441475, ""move_vy"": -3.7983288146499845, ""kick_power"": 0.0, ""kick_dir"": null}, {""move_vx"": -2.1934089484523924, ""move_vy"": 4.604232529406933, ""kick_power"": 0.0, ""kick_dir"": null}, {""move_vx"": 2.970616119787865, ""move_vy"": -4.975687376519598, ""kick_power"": 0.0, ""kick_dir"": null}, {""move_vx"": 0.916264238960302, ""move_vy"": -5.321697083111975, ""kick_power"": 0.0, ""kick_dir"": null}, {""move_vx"": 0.0, ""move_vy"": 0.0, ""kick_power"": 1.0, ""kick_dir"": [0.9780342168883546, 0.2084443067777337]}, {""move_vx"": -0.0, ""move_vy"": 0.0, ""kick_power"": 1.0, ""kick_dir"": [-0.9994413594524441, 0.0334202368966522]}, {""move_vx"": -0.0, ""move_vy"": -5.8, ""kick_power"": 0.0, ""kick_dir"": null}, {""move_vx"": -3.8183766184073566, ""move_vy"": 3.8183766184073566, ""kick_power"": 0.0, ""kick_dir"": null}, {""move_vx"": -5.12194854337288, ""move_vy"": -1.7104511448855935, ""kick_power"": 0.0, ""kick_dir"": null}, {""move_vx"": -0.0, ""move_vy"": 0.0, ""kick_power"": 0.9, ""kick_dir"": [-0.8935966999967221, 0.4488706703350007]}, {""move_vx"": -4.242640687119285, ""move_vy"": 4.242640687119285, ""kick_power"": 0.0, ""kick_dir"": null}, {""move_vx"": -7.479659507654999, ""move_vy"": -0.5519906245093104, ""kick_power"": 0.0, ""kick_dir"": null}, {""move_vx"": 4.242640687119285, ""move_vy"": 4.242640687119285, ""kick_power"": 0.0, ""kick_dir"": null}, {""move_vx"": -5.841250953577259, ""move_vy"": 2.6152987013595146, ""kick_power"": 0.0, ""kick_dir"": null}, {""move_vx"": -0.0, ""move_vy"": 6.0, ""kick_power"": 0.0, ""kick_dir"": null}, {""move_vx"": -0.0, ""move_vy"": 0.0, ""kick_power"": 1.0, ""kick_dir"": [-0.9872890923349772, -0.15893462423317542]}]"
238,106,default,default,0,59.055094658881025,15.243287807378422,9,A,,1.454058527282035,0.3115090457976599,-0.057803891686924166,"[{""move_vx"": 4.524263883736459, ""move_vy"": -1.446905771056947, ""kick_power"": 0.0, ""kick_dir"": null}, {""move_vx"": 0.0, ""move_vy"": 5.8, ""kick_power"": 0.0, ""kick_dir"": null}, {""move_vx"": -3.8183766184073566, ""move_vy"": 3.8183766184073566, ""kick_power"": 0.0, ""kick_dir"": null}, {""move_vx"": 0.0, ""move_vy"": 0.0, ""kick_power"": 0.9, ""kick_dir"": [-0.5027486132188718, -0.8644325871023265]}, {""move_vx"": 2.77730681264275, ""move_vy"": -6.381862335435337, ""kick_power"": 0.0, ""kick_dir"": null}, {""move_vx"": 5.268093637039447, ""move_vy"": 3.075254368566037, ""kick_power"": 0.0, ""kick_dir"": null}, {""move_vx"": 4.981291050697384, ""move_vy"": -3.857037654501465, ""kick_power"": 0.0, ""kick_dir"": null}, {""move_vx"": 2.1934089484523325, ""move_vy"": -4.6042325294069615, ""kick_power"": 0.0, ""kick_dir"": null}, {""move_vx"": 4.313351365237939, ""move_vy"": 4.313351365237939, ""kick_power"": 0.0, ""kick_dir"": null}, {""move_vx"": 0.916264238960302, ""move_vy"": -5.321697083111975, ""kick_power"": 0.0, ""kick_dir"": null}, {""move_vx"": 0.0, ""move_vy"": 0.0, ""kick_power"": 1.0, ""kick_dir"": [0.9780342168883546, 0.2084443067777337]}, {""move_vx"": -0.6185544636728858, ""move_vy"": 4.20474617253769, ""kick_power"": 0.0, ""kick_dir"": null}, {""move_vx"": -0.0, ""move_vy"": -5.8, ""kick_power"": 0.0, ""kick_dir"": null}, {""move_vx"": -3.8183766184073566, ""move_vy"": 3.8183766184073566, ""kick_power"": 0.0, ""kick_dir"": null}, {""move_vx"": -5.122603052822403, ""move_vy"": -1.7084899657927746, ""kick_power"": 0.0, ""kick_dir"": null}, {""move_vx"": -0.0, ""move_vy"": 0.0, ""kick_power"": 0.9, ""kick_dir"": [-0.8952543528234981, 0.4455553671024024]}, {""move_vx"": -4.242640687119285, ""move_vy"": 4.242640687119285, ""kick_power"": 0.0, ""kick_dir"": null}, {""move_vx"": -7.479659507655, ""move_vy"": -0.5519906245093104, ""kick_power"": 0.0, ""kick_dir"": null}, {""move_vx"": 4.242640687119285, ""move_vy"": 4.242640687119285, ""kick_power"": 0.0, ""kick_dir"": null}, {""move_vx"": -5.844278969995258, ""move_vy"": 2.60852512368027, ""kick_power"": 0.0, ""kick_dir"": null}, {""move_vx"": -0.0, ""move_vy"": 6.0, ""kick_power"": 0.0, ""kick_dir"": null}, {""move_vx"": 6.4, ""move_vy"": 0.0, ""kick_power"": 0.0, ""kick_dir"": null}]"
238,107,default,default,0,59.116178941478374,14.888508001837625,9,A,,1.4705015761446412,0.31830447577417115,-0.040695924645310196,"[{""move_vx"": 4.518523177360075, ""move_vy"": -1.4647348892068526, ""kick_power"": 0.0, ""kick_dir"": null}, {""move_vx"": 0.0, ""move_vy"": 0.0, ""kick_power"": 0.4, ""kick_dir"": [0.8727513916504698, 0.4881646923955327]}, {""move_vx"": 0.0, ""move_vy"": 0.0, ""kick_power"": 0.9, ""kick_dir"": [-0.9238879800971266, -0.38266283504405896]}, {""move_vx"": 0.0, ""move_vy"": 0.0, ""kick_power"": 0.9, ""kick_dir"": [-0.5114330265493726, -0.8593230628511465]}, {""move_vx"": 2.761423575516459, ""move_vy"": -6.388751038863692, ""kick_power"": 0.0, ""kick_dir"": null}, {""move_vx"": 5.254018545187177, ""move_vy"": 3.099240088607081, ""kick_power"": 0.0, ""kick_dir"": null}, {""move_vx"": 4.93596547946282, ""move_vy"": -3.914874810967955, ""kick_power"": 0.0, ""kick_dir"": null}, {""move_vx"": -2.1934089484523924, ""move_vy"": 4.604232529406933, ""kick_power"": 0.0, ""kick_dir"": null}, {""move_vx"": 2.8655986276737453, ""move_vy"": -5.036900783723493, ""kick_power"": 0.0, ""kick_dir"": null}, {""move_vx"": 0.916264238960302, ""move_vy"": -5.321697083111975, ""kick_power"": 0.0, ""kick_dir"": null}, {""move_vx"": 0.0, ""move_vy"": 0.0, ""kick_power"": 1.0, ""kick_dir"": [0.9780342168883546, 0.2084443067777337]}, {""move_vx"": -0.0, ""move_vy"": 0.0, ""kick_power"": 1.0, ""kick_dir"": [-0.9995147037213996, 0.031149642774602037]}, {""move_vx"": -0.0, ""move_vy"": -5.8, ""kick_power"": 0.0, ""kick_dir"": null}, {""move_vx"": -3.8183766184073566, ""move_vy"": 3.8183766184073566, ""kick_power"": 0.0, ""kick_dir"": null}, {""move_vx"": -5.122964846426255, ""move_vy"": -1.7074048091418803, ""kick_power"": 0.0, ""kick_dir"": null}, {""move_vx"": -0.0, ""move_vy"": 0.0, ""kick_power"": 0.9, ""kick_dir"": [-0.8967893066007097, 0.442457773622718]}, {""move_vx"": 4.774774083615846, ""move_vy"": -1.7920749008985224, ""kick_power"": 0.0, ""kick_dir"": null}, {""move_vx"": -0.0, ""move_vy"": 0.0, ""kick_power"": 0.4, ""kick_dir"": [-0.9165907282875766, 0.3998257809085356]}, {""move_vx"": 4.242640687119285, ""move_vy"": 4.242640687119285, ""kick_power"": 0.0, ""kick_dir"": null}, {""move_vx"": -5.847839142907199, ""move_vy"": 2.6005340525904295, ""kick_power"": 0.0, ""kick_dir"": null}, {""move_vx"": 4.242640687119285, ""move_vy"": -4.242640687119285, ""kick_power"": 0.0, ""kick_dir"": null}, {""move_vx"": -0.0, ""move_vy"": 0.0, ""kick_power"": 1.0, ""kick_dir"": [-0.9874670728053856, -0.157825051819846]}]"
238,108,default,default,0,59.17726322407572,14.533728196296828,9,A,,1.4867134254637924,0.3167336194099112,-0.053008701866374915,"[{""move_vx"": 5.225495943615507, ""move_vy"": 0.5066479480446787, ""kick_power"": 0.0, ""kick_dir"": null}, {""move_vx"": 0.0, ""move_vy"": 5.8, ""kick_power"": 0.0, ""kick_dir"": null}, {""move_vx"": 5.918452607006757, ""move_vy"": -2.638620612860994, ""kick_power"": 0.0, ""kick_dir"": null}, {""move_vx"": 0.0, ""move_vy"": 0.0, ""kick_power"": 0.9, ""kick_dir"": [-0.5199043687506166, -0.8542243941663216]}, {""move_vx"": 2.745632671013324, ""move_vy"": -6.395553239233041, ""kick_power"": 0.0, ""kick_dir"": null}, {""move_vx"": 5.23964962598636, ""move_vy"": 3.123471113505133, ""kick_power"": 0.0, ""kick_dir"": null}, {""move_vx"": 4.890229534698413, ""move_vy"": -3.9718578899506665, ""kick_power"": 0.0, ""kick_dir"": null}, {""move_vx"": 2.1934089484523325, ""move_vy"": -4.6042325294069615, ""kick_power"": 0.0, ""kick_dir"": null}, {""move_vx"": 0.0, ""move_vy"": 6.1, ""kick_power"": 0.0, ""kick_dir"": null}, {""move_vx"": 0.916264238960302, ""move_vy"": -5.321697083111975, ""kick_power"": 0.0, ""kick_dir"": null}, {""move_vx"": 0.0, ""move_vy"": 0.0, ""kick_power"": 1.0, ""kick_dir"": [0.9780342168883546, 0.2084443067777337]}, {""move_vx"": -0.6287129274687653, ""move_vy"": 4.203239233595164, ""kick_power"": 0.0, ""kick_dir"": null}, {""move_vx"": -0.0, ""move_vy"": -5.8, ""kick_power"": 0.0, ""kick_dir"": null}, {""move_vx"": -3.8183766184073566, ""move_vy"": 3.8183766184073566, ""kick_power"": 0.0, ""kick_dir"": null}, {""move_vx"": -5.122964846426255, ""move_vy"": -1.70740480914188, ""kick_power"": 0.0, ""kick_dir"": null}, {""move_vx"": -0.0, ""move_vy"": 0.0, ""kick_power"": 0.9, ""kick_dir"": [-0.898199369825563, 0.43958825551296626]}, {""move_vx"": -4.242640687119285, ""move_vy"": 4.242640687119285, ""kick_power"": 0.0, ""kick_dir"": null}, {""move_vx"": -7.479659507654999, ""move_vy"": -0.5519906245093102, ""kick_power"": 0.0, ""kick_dir"": null}, {""move_vx"": 4.242640687119285, ""move_vy"": 4.242640687119285, ""kick_power"": 0.0, ""kick_dir"": null}, {""move_vx"": -5.8515483222265505, ""move_vy"": 2.5921771221596024, ""kick_power"": 0.0, ""kick_dir"": null}, {""move_vx"": 4.858368580179967, ""move_vy"": -1.5512107333048246, ""kick_power"": 0.0, ""kick_dir"": null}, {""move_vx"": 6.4, ""move_vy"": 0.0, ""kick_power"": 0.0, ""kick_dir"": null}]"
238,109,default,default,0,59.23834750667307,14.17894839075603,9,A,,1.5031704586109635,0.31277788831161735,-0.03954686499995571,"[{""move_vx"": 4.50386008111176, ""move_vy"": -1.5092197884231322, ""kick_power"": 0.0, ""kick_dir"": null}, {""move_vx"": 0.0, ""move_vy"": 0.0, ""kick_power"": 0.4, ""kick_dir"": [0.9174733359241981, 0.3977969908044467]}, {""move_vx"": 5.900735734715582, ""move_vy"": -2.6780063086278525, ""kick_power"": 0.0, ""kick_dir"": null}, {""move_vx"": 0.0, ""move_vy"": 0.0, ""kick_power"": 0.9, ""kick_dir"": [-0.5316252328370681, -0.8469796221066269]}, {""move_vx"": 2.729934346237163, ""move_vy"": -6.402269790100591, ""kick_power"": 0.0, ""kick_dir"": null}, {""move_vx"": 5.224980870803535, ""move_vy"": 3.147947728240915, ""kick_power"": 0.0, ""kick_dir"": null}, {""move_vx"": 4.84411358086741, ""move_vy"": -4.027972643359922, ""kick_power"": 0.0, ""kick_dir"": null}, {""move_vx"": -2.1934089484523924, ""move_vy"": 4.604232529406933, ""kick_power"": 0.0, ""kick_dir"": null}, {""move_vx"": 0.0, ""move_vy"": 6.1, ""kick_power"": 0.0, ""kick_dir"": null}, {""move_vx"": 0.916264238960302, ""move_vy"": -5.321697083111975, ""kick_power"": 0.0, ""kick_dir"": null}, {""move_vx"": 0.0, ""move_vy"": 0.0, ""kick_power"": 1.0, ""kick_dir"": [0.9780342168883546, 0.2084443067777337]}, {""move_vx"": -0.0, ""move_vy"": 0.0, ""kick_power"": 1.0, ""kick_dir"": [-0.999582844975389, 0.028880429587748502]}, {""move_vx"": -0.0, ""move_vy"": -5.8, ""kick_power"": 0.0, ""kick_dir"": null}, {""move_vx"": -3.8183766184073566, ""move_vy"": 3.8183766184073566, ""kick_power"": 0.0, ""kick_dir"": null}, {""move_vx"": -5.122964846426255, ""move_vy"": -1.70740480914188, ""kick_power"": 0.0, ""kick_dir"": null}, {""move_vx"": -0.0, ""move_vy"": 0.0, ""kick_power"": 0.9, ""kick_dir"": [-0.8994815995111055, 0.4369585734897235]}, {""move_vx"": -0.0, ""move_vy"": 0.0, ""kick_power"": 0.0, ""kick_dir"": null}, {""move_vx"": -0.0, ""move_vy"": 0.0, ""kick_power"": 0.4, ""kick_dir"": [-0.8842561572325297, 0.4670011224794965]}, {""move_vx"": 4.242640687119285, ""move_vy"": 4.242640687119285, ""kick_power"": 0.0, ""kick_dir"": null}, {""move_vx"": -4.525483399593904, ""move_vy"": -4.525483399593904, ""kick_power"": 0.0, ""kick_dir"": null}, {""move_vx"": 4.242640687119285, ""move_vy"": -4.242640687119285, ""kick_power"": 0.0, ""kick_dir"": null}, {""move_vx"": -0.0, ""move_vy"": 0.0, ""kick_power"": 1.0, ""kick_dir"": [-0.9876413640300414, -0.15673067071722954]}]"
238,110,default,default,0,59.29943178927042,13.824168585215233,9,A,,1.5196371449144128,0.31217221746995144,-0.04046550008143421,"[{""move_vx"": 4.498025898389386, ""move_vy"": -1.5265199040360908, ""kick_power"": 0.0, ""kick_dir"": null}, {""move_vx"": 0.0, ""move_vy"": 5.8, ""kick_power"": 0.0, ""kick_dir"": null}, {""move_vx"": 5.882745608915321, ""move_vy"": -2.7172972050895563, ""kick_power"": 0.0, ""kick_dir"": null}, {""move_vx"": 0.0, ""move_vy"": 0.0, ""kick_power"": 0.9, ""kick_dir"": [-0.5396804116752698, -0.8418698966866849]}, {""move_vx"": 2.7019214277115706, ""move_vy"": -6.41414223403824, ""kick_power"": 0.0, ""kick_dir"": null}, {""move_vx"": 5.210006212626186, ""move_vy"": 3.1726700528729017, ""kick_power"": 0.0, ""kick_dir"": null}, {""move_vx"": 0.0, ""move_vy"": 0.0, ""kick_power"": 0.0, ""kick_dir"": null}, {""move_vx"": 2.1934089484523325, ""move_vy"": -4.6042325294069615, ""kick_power"": 0.0, ""kick_dir"": null}, {""move_vx"": 0.0, ""move_vy"": 6.1, ""kick_power"": 0.0, ""kick_dir"": null}, {""move_vx"": 0.916264238960302, ""move_vy"": -5.321697083111975, ""kick_power"": 0.0, ""kick_dir"": null}, {""move_vx"": 4.963329886255909, ""move_vy"": 3.371254431246462, ""kick_power"": 0.0, ""kick_dir"": null}, {""move_vx"": -0.0, ""move_vy"": 0.0, ""kick_power"": 0.9, ""kick_dir"": [-0.9995420146282145, 0.030260721178880404]}, {""move_vx"": -0.0, ""move_vy"": -5.8, ""kick_power"": 0.0, ""kick_dir"": null}, {""move_vx"": -3.8183766184073566, ""move_vy"": 3.8183766184073566, ""kick_power"": 0.0, ""kick_dir"": null}, {""move_vx"": -5.12554910563504, ""move_vy"": -1.6996312440420276, ""kick_power"": 0.0, ""kick_dir"": null}, {""move_vx"": -0.0, ""move_vy"": 0.0, ""kick_power"": 0.9, ""kick_dir"": [-0.9006322020037525, 0.43458207508131413]}, {""move_vx"": -1.6487894314840248, ""move_vy"": -5.1421292681754505, ""kick_power"": 0.0, ""kick_dir"": null}, {""move_vx"": -7.482544385133338, ""move_vy"": -0.5113995742172107, ""kick_power"": 0.0, ""kick_dir"": null}, {""move_vx"": 4.242640687119285, ""move_vy"": 4.242640687119285, ""kick_power"": 0.0, ""kick_dir"": null}, {""move_vx"": -4.525483399593904, ""move_vy"": -4.525483399593904, ""kick_power"": 0.0, ""kick_dir"": null}, {""move_vx"": 4.242640687119285, ""move_vy"": -4.242640687119285, ""kick_power"": 0.0, ""kick_dir"": null}, {""move_vx"": 6.4, ""move_vy"": 0.0, ""kick_power"": 0.0, ""kick_dir"": null}]"
238,111,default,default,0,59.36051607186777,13.469388779674436,9,A,,1.5361136448790094,0.31664866535819775,-0.03579633311674898,"[{""move_vx"": 4.492168387470032, ""move_vy"": -1.5436719789563096, ""kick_power"": 0.0, ""kick_dir"": null}, {""move_vx"": 6.369779181116491, ""move_vy"": -2.8049087656847096, ""kick_power"": 0.0, ""kick_dir"": null}, {""move_vx"": 5.8644841206023015, ""move_vy"": -2.756487982778712, ""kick_power"": 0.0, ""kick_dir"": null}, {""move_vx"": 0.0, ""move_vy"": 0.0, ""kick_power"": 0.9, ""kick_dir"": [-0.5475382148231179, -0.8367806010092671]}, {""move_vx"": 2.6453664852974295, ""move_vy"": -6.437673194444179, ""kick_power"": 0.0, ""kick_dir"": null}, {""move_vx"": 5.194719531243316, ""move_vy"": 3.1976380332550494, ""kick_power"": 0.0, ""kick_dir"": null}, {""move_vx"": 4.75182037811461, ""move_vy"": -4.136448125401154, ""kick_power"": 0.0, ""kick_dir"": null}, {""move_vx"": -2.1934089484523924, ""move_vy"": 4.604232529406933, ""kick_power"": 0.0, ""kick_dir"": null}, {""move_vx"": 0.0, ""move_vy"": 6.1, ""kick_power"": 0.0, ""kick_dir"": null}, {""move_vx"": 0.916264238960302, ""move_vy"": -5.321697083111975, ""kick_power"": 0.0, ""kick_dir"": null}, {""move_vx"": 0.0, ""move_vy"": 0.0, ""kick_power"": 1.0, ""kick_dir"": [0.9786878877854742, 0.20535329656993753]}, {""move_vx"": -0.0, ""move_vy"": 0.0, ""kick_power"": 0.9, ""kick_dir"": [-0.9993792140312426, 0.03522977183122028]}, {""move_vx"": -0.0, ""move_vy"": -5.8, ""kick_power"": 0.0, ""kick_dir"": null}, {""move_vx"": -3.8183766184073566, ""move_vy"": 3.8183766184073566, ""kick_power"": 0.0, ""kick_dir"": null}, {""move_vx"": -5.1291117398974695, ""move_vy"": -1.6888495373022288, ""kick_power"": 0.0, ""kick_dir"": null}, {""move_vx"": 4.1012193308819755, ""move_vy"": 4.1012193308819755, ""kick_power"": 0.0, ""kick_dir"": null}, {""move_vx"": 4.791779035361775, ""move_vy"": -1.7460966972843668, ""kick_power"": 0.0, ""kick_dir"": null}, {""move_vx"": -0.0, ""move_vy"": 0.0, ""kick_power"": 0.4, ""kick_dir"": [-0.8867348370667472, 0.46227732881135253]}, {""move_vx"": 4.242640687119285, ""move_vy"": 4.242640687119285, ""kick_power"": 0.0, ""kick_dir"": null}, {""move_vx"": -4.525483399593904, ""move_vy"": -4.525483399593904, ""kick_power"": 0.0, ""kick_dir"": null}, {""move_vx"": 4.242640687119285, ""move_vy"": -4.242640687119285, ""kick_power"": 0.0, ""kick_dir"": null}, {""move_vx"": 4.525483399593904, ""move_vy"": -4.525483399593904, ""kick_power"": 0.0, ""kick_dir"": null}]"
238,112,default,default,0,59.92075562825146,13.718574135162143,9,A,,1.5506730580726504,0.3637311701712328,-0.010117354836422468,"[{""move_vx"": 4.486288757300181, ""move_vy"": -1.5606771562760833, ""kick_power"": 0.0, ""kick_dir"": null}, {""move_vx"": 0.0, ""move_vy"": 0.0, ""kick_power"": 0.4, ""kick_dir"": [0.9389948483341529, 0.3439308714594503]}, {""move_vx"": 5.845953277173642, ""move_vy"": -2.7955733367419926, ""kick_power"": 0.0, ""kick_dir"": null}, {""move_vx"": 0.0, ""move_vy"": 0.0, ""kick_power"": 0.9, ""kick_dir"": [-0.555204734948705, -0.8317136372662831]}, {""move_vx"": 2.5822144979010804, ""move_vy"": -6.463262975218437, ""kick_power"": 0.0, ""kick_dir"": null}, {""move_vx"": 5.17911465893682, ""move_vy"": 3.222851431509952, ""kick_power"": 0.0, ""kick_dir"": null}, {""move_vx"": 4.705715631669974, ""move_vy"": -4.18882327078344, ""kick_power"": 0.0, ""kick_dir"": null}, {""move_vx"": 2.1934089484523325, ""move_vy"": -4.6042325294069615, ""kick_power"": 0.0, ""kick_dir"": null}, {""move_vx"": 0.0, ""move_vy"": 6.1, ""kick_power"": 0.0, ""kick_dir"": null}, {""move_vx"": 0.916264238960302, ""move_vy"": -5.321697083111975, ""kick_power"": 0.0, ""kick_dir"": null}, {""move_vx"": 0.0, ""move_vy"": 0.0, ""kick_power"": 0.65, ""kick_dir"": [0.858797050424019, 0.5123157915733008]}, {""move_vx"": -0.0, ""move_vy"": 0.0, ""kick_power"": 0.9, ""kick_dir"": [-0.9991917775069534, 0.04019629376444224]}, {""move_vx"": -0.0, ""move_vy"": -5.8, ""kick_power"": 0.0, ""kick_dir"": null}, {""move_vx"": -3.8183766184073566, ""move_vy"": 3.8183766184073566, ""kick_power"": 0.0, ""kick_dir"": null}, {""move_vx"": -5.1325144410147026, ""move_vy"": -1.6784801198630646, ""kick_power"": 0.0, ""kick_dir"": null}, {""move_vx"": -4.984597103691471, ""move_vy"": -2.965432803802944, ""kick_power"": 0.0, ""kick_dir"": null}, {""move_vx"": -4.242640687119285, ""move_vy"": 4.242640687119285, ""kick_power"": 0.0, ""kick_dir"": null}, {""move_vx"": -7.485775899946531, ""move_vy"": -0.4616916457763807, ""kick_power"": 0.0, ""kick_dir"": null}, {""move_vx"": -0.0, ""move_vy"": -6.0, ""kick_power"": 0.0, ""kick_dir"": null}, {""move_vx"": -4.525483399593904, ""move_vy"": -4.525483399593904, ""kick_power"": 0.0, ""kick_dir"": null}, {""move_vx"": 4.242640687119285, ""move_vy"": -4.242640687119285, ""kick_power"": 0.0, ""kick_dir"": null}, {""move_vx"": -0.0, ""move_vy"": 0.0, ""kick_power"": 1.0, ""kick_dir"": [-0.9886704802957559, -0.15010212802999204]}]"
238,113,default,default,0,60.30796457235828,13.996062496763415,9,A,,1.5666513450255322,0.36909792027264515,-8.829436898652974e-05,"[{""move_vx"": 4.4984598402132585, ""move_vy"": -1.5252406583842795, ""kick_power"": 0.0, ""kick_dir"": null}, {""move_vx"": 0.0, ""move_vy"": 0.0, ""kick_power"": 0.4, ""kick_dir"": [0.9429690278924208, 0.3328801446417438]}, {""move_vx"": 5.875148614798235, ""move_vy"": -2.733684099166249, ""kick_power"": 0.0, ""kick_dir"": null}, {""move_vx"": 5.535854261883144, ""move_vy"": -3.3681920359727466, ""kick_power"": 0.0, ""kick_dir"": null}, {""move_vx"": 4.1012193308819755, ""move_vy"": -4.1012193308819755, ""kick_power"": 0.0, ""kick_dir"": null}, {""move_vx"": 5.163185386709099, ""move_vy"": 3.2483098162696264, ""kick_power"": 0.0, ""kick_dir"": null}, {""move_vx"": 4.818763963111377, ""move_vy"": -4.058264883890545, ""kick_power"": 0.0, ""kick_dir"": null}, {""move_vx"": 6.0, ""move_vy"": 0.0, ""kick_power"": 0.0, ""kick_dir"": null}, {""move_vx"": 4.313351365237939, ""move_vy"": 4.313351365237939, ""kick_power"": 0.0, ""kick_dir"": null}, {""move_vx"": 4.787798757596563, ""move_vy"": -2.497395254411448, ""kick_power"": 0.0, ""kick_dir"": null}, {""move_vx"": 0.0, ""move_vy"": 0.0, ""kick_power"": 1.0, ""kick_dir"": [0.9786878877854742, 0.20535329656993753]}, {""move_vx"": -0.0, ""move_vy"": 0.0, ""kick_power"": 0.9, ""kick_dir"": [-0.9989797454886248, 0.04515992010098631]}, {""move_vx"": -0.0, ""move_vy"": -5.8, ""kick_power"": 0.0, ""kick_dir"": null}, {""move_vx"": -3.8183766184073566, ""move_vy"": 3.8183766184073566, ""kick_power"": 0.0, ""kick_dir"": null}, {""move_vx"": -5.135725182739996, ""move_vy"": -1.6686302308690903, ""kick_power"": 0.0, ""kick_dir"": null}, {""move_vx"": -0.0, ""move_vy"": 0.0, ""kick_power"": 0.9, ""kick_dir"": [-0.9021677873574191, 0.43138524203635353]}, {""move_vx"": 4.783044440671578, ""move_vy"": -1.7698830126764626, ""kick_power"": 0.0, ""kick_dir"": null}, {""move_vx"": -0.0, ""move_vy"": 0.0, ""kick_power"": 0.4, ""kick_dir"": [-0.8923389920912108, 0.4513647341057917]}, {""move_vx"": -6.0, ""move_vy"": 0.0, ""kick_power"": 0.0, ""kick_dir"": null}, {""move_vx"": -5.77264647973511, ""move_vy"": 2.7634313126983714, ""kick_power"": 0.0, ""kick_dir"": null}, {""move_vx"": 4.242640687119285, ""move_vy"": -4.242640687119285, ""kick_power"": 0.0, ""kick_dir"": null}, {""move_vx"": -0.0, ""move_vy"": 0.0, ""kick_power"": 1.0, ""kick_dir"": [-0.9886704802957559, -0.15010212802999204]}]"
238,114,default,default,0,60.66796457235828,13.996062496763415,9,A,,1.5803584383784897,0.343609783245305,-0.024370407735090156,"[{""move_vx"": -0.5203858812200383, ""move_vy"": 4.218020689212755, ""kick_power"": 0.0, ""kick_dir"": null}, {""move_vx"": 0.0, ""move_vy"": 5.8, ""kick_power"": 0.0, ""kick_dir"": null}, {""move_vx"": 5.900678562236199, ""move_vy"": -2.6781322792509976, ""kick_power"": 0.0, ""kick_dir"": null}, {""move_vx"": 5.5638735075202055, ""move_vy"": -3.321703116221377, ""kick_power"": 0.0, ""kick_dir"": null}, {""move_vx"": 0.0, ""move_vy"": 0.0, ""kick_power"": 0.6, ""kick_dir"": [0.9896439730660714, -0.1435436135919075]}, {""move_vx"": 5.146925471072293, ""move_vy"": 3.2740125526984865, ""kick_power"": 0.0, ""kick_dir"": null}, {""move_vx"": 4.910783433008014, ""move_vy"": -3.9464168652201503, ""kick_power"": 0.0, ""kick_dir"": null}, {""move_vx"": 6.0, ""move_vy"": 0.0, ""kick_power"": 0.0, ""kick_dir"": null}, {""move_vx"": 4.313351365237939, ""move_vy"": 4.313351365237939, ""kick_power"": 0.0, ""kick_dir"": null}, {""move_vx"": 5.4, ""move_vy"": 0.0, ""kick_power"": 0.0, ""kick_dir"": null}, {""move_vx"": 0.0, ""move_vy"": 0.0, ""kick_power"": 1.0, ""kick_dir"": [0.9786878877854742, 0.20535329656993753]}, {""move_vx"": -0.0, ""move_vy"": 0.0, ""kick_power"": 0.9, ""kick_dir"": [-0.9987431637318159, 0.05012028721350764]}, {""move_vx"": -0.0, ""move_vy"": -5.8, ""kick_power"": 0.0, ""kick_dir"": null}, {""move_vx"": -0.0, ""move_vy"": 0.0, ""kick_power"": 0.4, ""kick_dir"": [-0.9964445839186484, -0.08425053781322421]}, {""move_vx"": -5.135725182739996, ""move_vy"": -1.6686302308690908, ""kick_power"": 0.0, ""kick_dir"": null}, {""move_vx"": -0.0, ""move_vy"": 0.0, ""kick_power"": 0.9, ""kick_dir"": [-0.903008971195616, 0.4296216265422536]}, {""move_vx"": -0.0, ""move_vy"": 0.0, ""kick_power"": 0.65, ""kick_dir"": [0.9560539884711082, 0.2931904266073552]}, {""move_vx"": 4.242640687119285, ""move_vy"": 4.242640687119285, ""kick_power"": 0.0, ""kick_dir"": null}, {""move_vx"": -6.0, ""move_vy"": 0.0, ""kick_power"": 0.0, ""kick_dir"": null}, {""move_vx"": -5.7768919101424805, ""move_vy"": 2.754545308854146, ""kick_power"": 0.0, ""kick_dir"": null}, {""move_vx"": 4.242640687119285, ""move_vy"": -4.242640687119285, ""kick_power"": 0.0, ""kick_dir"": null}, {""move_vx"": 6.4, ""move_vy"": 0.0, ""kick_power"": 0.0, ""kick_dir"": null}]"
238,115,default,default,0,61.02796457235828,13.996062496763415,9,A,,1.5941682291728658,0.343462940214515,-0.025958592009746755,"[{""move_vx"": -0.5203858812200381, ""move_vy"": 4.2180206892127545, ""kick_power"": 0.0, ""kick_dir"": null}, {""move_vx"": 0.0, ""move_vy"": 0.0, ""kick_power"": 0.4, ""kick_dir"": [0.9681348135205798, 0.25042917625073485]}, {""move_vx"": 5.909726270386254, ""move_vy"": -2.6581074863719465, ""kick_power"": 0.0, ""kick_dir"": null}, {""move_vx"": 5.575580512090087, ""move_vy"": -3.3020148323714795, ""kick_power"": 0.0, ""kick_dir"": null}, {""move_vx"": 0.0, ""move_vy"": 0.0, ""kick_power"": 0.6, ""kick_dir"": [0.9892831077418615, -0.14600991468108024]}, {""move_vx"": 5.130328641424389, ""move_vy"": 3.299958792315531, ""kick_power"": 0.0, ""kick_dir"": null}, {""move_vx"": 4.955090335787237, ""move_vy"": -3.8906400198666446, ""kick_power"": 0.0, ""kick_dir"": null}, {""move_vx"": -4.871329661033182, ""move_vy"": 1.5100156732757242, ""kick_power"": 0.0, ""kick_dir"": null}, {""move_vx"": 0.0, ""move_vy"": 0.0, ""kick_power"": 0.9, ""kick_dir"": [0.8735387537342314, 0.4867535780301936]}, {""move_vx"": 5.4, ""move_vy"": 0.0, ""kick_power"": 0.0, ""kick_dir"": null}, {""move_vx"": 0.0, ""move_vy"": 0.0, ""kick_power"": 1.0, ""kick_dir"": [0.9786878877854742, 0.20535329656993753]}, {""move_vx"": -0.0, ""move_vy"": 0.0, ""kick_power"": 0.9, ""kick_dir"": [-0.9984820833324989, 0.055077033035229934]}, {""move_vx"": -0.0, ""move_vy"": 0.0, ""kick_power"": 0.0, ""kick_dir"": null}, {""move_vx"": -3.8183766184073566, ""move_vy"": 3.8183766184073566, ""kick_power"": 0.0, ""kick_dir"": null}, {""move_vx"": -5.1357251827399955, ""move_vy"": -1.6686302308690912, ""kick_power"": 0.0, ""kick_dir"": null}, {""move_vx"": -0.0, ""move_vy"": 0.0, ""kick_power"": 0.9, ""kick_dir"": [-0.9038812924343752, 0.42778330225881206]}, {""move_vx"": -4.242640687119285, ""move_vy"": 4.242640687119285, ""kick_power"": 0.0, ""kick_dir"": null}, {""move_vx"": 4.242640687119285, ""move_vy"": 4.242640687119285, ""kick_power"": 0.0, ""kick_dir"": null}, {""move_vx"": -6.0, ""move_vy"": 0.0, ""kick_power"": 0.0, ""kick_dir"": null}, {""move_vx"": 1.675050173226932, ""move_vy"": -5.8447075989455985, ""kick_power"": 0.0, ""kick_dir"": null}, {""move_vx"": 4.242640687119285, ""move_vy"": -4.242640687119285, ""kick_power"": 0.0, ""kick_dir"": null}, {""move_vx"": -0.0, ""move_vy"": 0.0, ""kick_power"": 1.0, ""kick_dir"": [-0.9888253489996459, -0.14907849222841263]}]"
238,116,default,default,0,61.38796457235828,13.996062496763415,9,A,,1.608080843315519,0.3416418397578483,-0.018971392264360638,"[{""move_vx"": -0.5203858812200383, ""move_vy"": 4.2180206892127545, ""kick_power"": 0.0, ""kick_dir"": null}, {""move_vx"": 0.0, ""move_vy"": 5.8, ""kick_power"": 0.0, ""kick_dir"": null}, {""move_vx"": 5.918660112432227, ""move_vy"": -2.638155126883889, ""kick_power"": 0.0, ""kick_dir"": null}, {""move_vx"": 5.587176077084364, ""move_vy"": -3.282356391931897, ""kick_power"": 0.0, ""kick_dir"": null}, {""move_vx"": 0.0, ""move_vy"": 0.0, ""kick_power"": 0.6, ""kick_dir"": [0.989240844254526, -0.14629598299081514]}, {""move_vx"": 5.113388608037131, ""move_vy"": 3.326147462635426, ""kick_power"": 0.0, ""kick_dir"": null}, {""move_vx"": 4.998443559702831, ""move_vy"": -3.834783172549042, ""kick_power"": 0.0, ""kick_dir"": null}, {""move_vx"": -4.871329661033202, ""move_vy"": 1.5100156732756604, ""kick_power"": 0.0, ""kick_dir"": null}, {""move_vx"": 4.313351365237939, ""move_vy"": 4.313351365237939, ""kick_power"": 0.0, ""kick_dir"": null}, {""move_vx"": 5.4, ""move_vy"": 0.0, ""kick_power"": 0.0, ""kick_dir"": null}, {""move_vx"": 0.0, ""move_vy"": 0.0, ""kick_power"": 1.0, ""kick_dir"": [0.9786878877854742, 0.20535329656993753]}, {""move_vx"": -0.0, ""move_vy"": 0.0, ""kick_power"": 0.9, ""kick_dir"": [-0.9981965607667987, 0.06002979586080208]}, {""move_vx"": -0.0, ""move_vy"": 0.0, ""kick_power"": 0.0, ""kick_dir"": null}, {""move_vx"": -0.0, ""move_vy"": 0.0, ""kick_power"": 0.4, ""kick_dir"": [-0.9962503817522024, -0.08651669659655091]}, {""move_vx"": -5.142084170362007, ""move_vy"": -1.6489300727782483, ""kick_power"": 0.0, ""kick_dir"": null}, {""move_vx"": -0.0, ""move_vy"": 0.0, ""kick_power"": 0.9, ""kick_dir"": [-0.9047359839604936, 0.42597270367481116]}, {""move_vx"": 4.774293096943235, ""move_vy"": -1.7933559112680806, ""kick_power"": 0.0, ""kick_dir"": null}, {""move_vx"": 4.242640687119285, ""move_vy"": 4.242640687119285, ""kick_power"": 0.0, ""kick_dir"": null}, {""move_vx"": -3.629483090935787, ""move_vy"": -3.582855354687265, ""kick_power"": 0.0, ""kick_dir"": null}, {""move_vx"": -5.765807277688797, ""move_vy"": 2.777672845486112, ""kick_power"": 0.0, ""kick_dir"": null}, {""move_vx"": 4.242640687119285, ""move_vy"": -4.242640687119285, ""kick_power"": 0.0, ""kick_dir"": null}, {""move_vx"": 6.4, ""move_vy"": 0.0, ""kick_power"": 0.0, ""kick_dir"": null}]"
238,117,default,default,0,61.74796457235828,13.996062496763415,9,A,,1.622096402895664,0.3454376599241907,-0.023634421539788474,"[{""move_vx"": -0.5203858812200383, ""move_vy"": 4.218020689212755, ""kick_power"": 0.0, ""kick_dir"": null}, {""move_vx"": 0.0, ""move_vy"": 0.0, ""kick_power"": 0.4, ""kick_dir"": [0.9843158114108878, 0.1764148082775032]}, {""move_vx"": 5.927480954534945, ""move_vy"": -2.6182760613857186, ""kick_power"": 0.0, ""kick_dir"": null}, {""move_vx"": 5.598660577155456, ""move_vy"": -3.262728879604517, ""kick_power"": 0.0, ""kick_dir"": null}, {""move_vx"": 0.0, ""move_vy"": 0.0, ""kick_power"": 0.6, ""kick_dir"": [0.9888233830785175, -0.14909151448299984]}, {""move_vx"": 4.9952580611396336, ""move_vy"": -2.277607714822619, ""kick_power"": 0.0, ""kick_dir"": null}, {""move_vx"": 5.040841166418964, ""move_vy"": -3.778878184717775, ""kick_power"": 0.0, ""kick_dir"": null}, {""move_vx"": -4.871329661033198, ""move_vy"": 1.510015673275672, ""kick_power"": 0.0, ""kick_dir"": null}, {""move_vx"": 4.313351365237939, ""move_vy"": 4.313351365237939, ""kick_power"": 0.0, ""kick_dir"": null}, {""move_vx"": 5.4, ""move_vy"": 0.0, ""kick_power"": 0.0, ""kick_dir"": null}, {""move_vx"": 0.0, ""move_vy"": 0.0, ""kick_power"": 1.0, ""kick_dir"": [0.9786878877854742, 0.20535329656993753]}, {""move_vx"": -0.0, ""move_vy"": 0.0, ""kick_power"": 0.9, ""kick_dir"": [-0.9978866578061921, 0.06497821561982446]}, {""move_vx"": -0.0, ""move_vy"": -5.8, ""kick_power"": 0.0, ""kick_dir"": null}, {""move_vx"": -0.0, ""move_vy"": 0.0, ""kick_power"": 0.4, ""kick_dir"": [-0.9965031669449057, -0.08355477458516102]}, {""move_vx"": -0.0, ""move_vy"": 0.0, ""kick_power"": 0.0, ""kick_dir"": null}, {""move_vx"": -0.0, ""move_vy"": 0.0, ""kick_power"": 0.9, ""kick_dir"": [-0.9055735425135725, 0.4241892319310502]}, {""move_vx"": -0.0, ""move_vy"": 0.0, ""kick_power"": 0.65, ""kick_dir"": [0.976868277892741, 0.21384159426450153]}, {""move_vx"": 4.242640687119285, ""move_vy"": 4.242640687119285, ""kick_power"": 0.0, ""kick_dir"": null}, {""move_vx"": -6.0, ""move_vy"": 0.0, ""kick_power"": 0.0, ""kick_dir"": null}, {""move_vx"": -5.770138861538381, ""move_vy"": 2.7686634895856437, ""kick_power"": 0.0, ""kick_dir"": null}, {""move_vx"": 4.242640687119285, ""move_vy"": -4.242640687119285, ""kick_power"": 0.0, ""kick_dir"": null}, {""move_vx"": -0.0, ""move_vy"": 0.0, ""kick_power"": 1.0, ""kick_dir"": [-0.98897708116969, -0.14806856793212697]}]"
238,118,default,default,0,62.10796457235828,13.996062496763415,9,A,,1.6349683636905548,0.34933831396006026,-0.02354751911712424,"[{""move_vx"": -4.09223415033785, ""move_vy"": -1.8717958379077162, ""kick_power"": 0.0, ""kick_dir"": null}, {""move_vx"": 0.0, ""move_vy"": 5.8, ""kick_power"": 0.0, ""kick_dir"": null}, {""move_vx"": 5.936189668704912, ""move_vy"": -2.5984711307153434, ""kick_power"": 0.0, ""kick_dir"": null}, {""move_vx"": 5.6100343988052765, ""move_vy"": -3.243133368244593, ""kick_power"": 0.0, ""kick_dir"": null}, {""move_vx"": 0.0, ""move_vy"": 0.0, ""kick_power"": 0.6, ""kick_dir"": [0.9883816441646555, -0.1519923949802711]}, {""move_vx"": 5.078806978019996, ""move_vy"": 3.378715684992656, ""kick_power"": 0.0, ""kick_dir"": null}, {""move_vx"": 5.08228242315051, ""move_vy"": -3.7229565363210173, ""kick_power"": 0.0, ""kick_dir"": null}, {""move_vx"": 6.0, ""move_vy"": 0.0, ""kick_power"": 0.0, ""kick_dir"": null}, {""move_vx"": 4.313351365237939, ""move_vy"": 4.313351365237939, ""kick_power"": 0.0, ""kick_dir"": null}, {""move_vx"": 5.4, ""move_vy"": 0.0, ""kick_power"": 0.0, ""kick_dir"": null}, {""move_vx"": 0.0, ""move_vy"": 0.0, ""kick_power"": 1.0, ""kick_dir"": [0.9786878877854742, 0.20535329656993753]}, {""move_vx"": -0.0, ""move_vy"": 0.0, ""kick_power"": 0.9, ""kick_dir"": [-0.9975524414865807, 0.06992193384848612]}, {""move_vx"": -0.0, ""move_vy"": 0.0, ""kick_power"": 0.0, ""kick_dir"": null}, {""move_vx"": -0.0, ""move_vy"": 0.0, ""kick_power"": 0.4, ""kick_dir"": [-0.9967451906086274, -0.0806162963714482]}, {""move_vx"": -0.0, ""move_vy"": 0.0, ""kick_power"": 0.0, ""kick_dir"": null}, {""move_vx"": -0.0, ""move_vy"": 0.0, ""kick_power"": 0.9, ""kick_dir"": [-0.9063944472018934, 0.4224323045170067]}, {""move_vx"": -4.242640687119285, ""move_vy"": 4.242640687119285, ""kick_power"": 0.0, ""kick_dir"": null}, {""move_vx"": 4.242640687119285, ""move_vy"": 4.242640687119285, ""kick_power"": 0.0, ""kick_dir"": null}, {""move_vx"": -4.2431342820249505, ""move_vy"": -3.3400316562428896, ""kick_power"": 0.0, ""kick_dir"": null}, {""move_vx"": -5.774474784665659, ""move_vy"": 2.759608842075358, ""kick_power"": 0.0, ""kick_dir"": null}, {""move_vx"": 4.242640687119285, ""move_vy"": -4.242640687119285, ""kick_power"": 0.0, ""kick_dir"": null}, {""move_vx"": 6.4, ""move_vy"": 0.0, ""kick_power"": 0.0, ""kick_dir"": null}]"
238,119,default,default,0,61.80927331483091,14.350421041793687,-1,,,1.6353117499796002,-0.2120144613652079,0.05035432593193349,"[{""move_vx"": -4.092234150337851, ""move_vy"": -1.8717958379077142, ""kick_power"": 0.0, ""kick_dir"": null}, {""move_vx"": 0.0, ""move_vy"": 0.0, ""kick_power"": 0.4, ""kick_dir"": [0.9938216980980298, 0.11098758995827002]}, {""move_vx"": 5.944787132461035, ""move_vy"": -2.578741156015025, ""kick_power"": 0.0, ""kick_dir"": null}, {""move_vx"": 5.621297940151174, ""move_vy"": -3.2235709187254074, ""kick_power"": 0.0, ""kick_dir"": null}, {""move_vx"": 0.0, ""move_vy"": 0.0, ""kick_power"": 0.6, ""kick_dir"": [0.9879092711487651, -0.1550330115875828]}, {""move_vx"": 5.060806775397354, ""move_vy"": 3.405618120414007, ""kick_power"": 0.0, ""kick_dir"": null}, {""move_vx"": 5.122767774815488, ""move_vy"": -3.6670492668236663, ""kick_power"": 0.0, ""kick_dir"": null}, {""move_vx"": 6.0, ""move_vy"": 0.0, ""kick_power"": 0.0, ""kick_dir"": null}, {""move_vx"": 4.313351365237939, ""move_vy"": 4.313351365237939, ""kick_power"": 0.0, ""kick_dir"": null}, {""move_vx"": 0.0, ""move_vy"": 0.0, ""kick_power"": 0.65, ""kick_dir"": [-0.29532449404543115, 0.9553969351728716]}, {""move_vx"": 0.0, ""move_vy"": 0.0, ""kick_power"": 1.0, ""kick_dir"": [0.9786878877854742, 0.20535329656993753]}, {""move_vx"": -0.0, ""move_vy"": 0.0, ""kick_power"": 0.9, ""kick_dir"": [-0.9971939840670787, 0.07486059381798714]}, {""move_vx"": -0.0, ""move_vy"": 0.0, ""kick_power"": 0.0, ""kick_dir"": null}, {""move_vx"": -0.0, ""move_vy"": 0.0, ""kick_power"": 0.4, ""kick_dir"": [-0.9969766835597178, -0.0777010607024217]}, {""move_vx"": -0.0, ""move_vy"": 0.0, ""kick_power"": 0.0, ""kick_dir"": null}, {""move_vx"": -0.0, ""move_vy"": 0.0, ""kick_power"": 0.9, ""kick_dir"": [-0.907199160243364, 0.42070135475927983]}, {""move_vx"": 4.772553616351559, ""move_vy"": -1.7979799718154945, ""kick_power"": 0.0, ""kick_dir"": null}, {""move_vx"": 4.242640687119285, ""move_vy"": 4.242640687119285, ""kick_power"": 0.0, ""kick_dir"": null}, {""move_vx"": -6.0, ""move_vy"": 0.0, ""kick_power"": 0.0, ""kick_dir"": null}, {""move_vx"": -5.778814995346892, ""move_vy"": 2.750508543806749, ""kick_power"": 0.0, ""kick_dir"": null}, {""move_vx"": 4.242640687119285, ""move_vy"": -4.242640687119285, ""kick_power"": 0.0, ""kick_dir"": null}, {""move_vx"": -0.0, ""move_vy"": 0.0, ""kick_power"": 1.0, ""kick_dir"": [-0.9891257604738606, -0.14707208460991059]}]"
238,120,default,default,0,61.507964572358276,14.996062496763413,9,A,,1.8966520878310678,2.8312249101015357,0.07243028579927265,"[{""move_vx"": 3.5355339059327373, ""move_vy"": 3.5355339059327373, ""kick_power"": 0.0, ""kick_dir"": null}, {""move_vx"": 4.1012193308819755, ""move_vy"": 4.1012193308819755, ""kick_power"": 0.0, ""kick_dir"": null}, {""move_vx"": -4.509475966299997, ""move_vy"": 0.8559944563855033, ""kick_power"": 0.0, ""kick_dir"": null}, {""move_vx"": -3.8183766184073566, ""move_vy"": -3.8183766184073566, ""kick_power"": 0.0, ""kick_dir"": null}, {""move_vx"": 0.0, ""move_vy"": 5.8, ""kick_power"": 0.0, ""kick_dir"": null}, {""move_vx"": 5.0424383254561524, ""move_vy"": 3.432756288170039, ""kick_power"": 0.0, ""kick_dir"": null}, {""move_vx"": 5.398251668931444, ""move_vy"": 0.1374005781606867, ""kick_power"": 0.0, ""kick_dir"": null}, {""move_vx"": -5.099466725657448, ""move_vy"": -0.0737503485584973, ""kick_power"": 0.0, ""kick_dir"": null}, {""move_vx"": 0.0, ""move_vy"": -6.1, ""kick_power"": 0.0, ""kick_dir"": null}, {""move_vx"": 0.0, ""move_vy"": 6.0, ""kick_power"": 0.0, ""kick_dir"": null}, {""move_vx"": 3.3946545633294574, ""move_vy"": -5.307195153342912, ""kick_power"": 0.0, ""kick_dir"": null}, {""move_vx"": -4.484057022465949, ""move_vy"": -0.3784608556691339, ""kick_power"": 0.0, ""kick_dir"": null}, {""move_vx"": -0.0, ""move_vy"": 5.8, ""kick_power"": 0.0, ""kick_dir"": null}, {""move_vx"": 3.8183766184073566, ""move_vy"": -3.8183766184073566, ""kick_power"": 0.0, ""kick_dir"": null}, {""move_vx"": 3.6387730969138676, ""move_vy"": -5.361877502253839, ""kick_power"": 0.0, ""kick_dir"": null}, {""move_vx"": -0.0, ""move_vy"": 5.8, ""kick_power"": 0.0, ""kick_dir"": null}, {""move_vx"": -0.0, ""move_vy"": 0.0, ""kick_power"": 0.65, ""kick_dir"": [0.9988154197467143, -0.0486583483891709]}, {""move_vx"": -6.0, ""move_vy"": 0.0, ""kick_power"": 0.0, ""kick_dir"": null}, {""move_vx"": -4.235636690987192, ""move_vy"": -3.34953456796061, ""kick_power"": 0.0, ""kick_dir"": null}, {""move_vx"": 4.287459068671349, ""move_vy"": -3.3483271546352538, ""kick_power"": 0.0, ""kick_dir"": null}, {""move_vx"": -3.8512569388488704, ""move_vy"": -3.785210693074883, ""kick_power"": 0.0, ""kick_dir"": null}, {""move_vx"": 6.4, ""move_vy"": 0.0, ""kick_power"": 0.0, ""kick_dir"": null}]"
238,121,default,default,0,62.32539981952242,14.899450633983282,9,A,,1.9074078934767211,0.3537299572928913,-0.05689365901339818,"[{""move_vx"": -0.2736053057741021, ""move_vy"": 4.241183813117779, ""kick_power"": 0.0, ""kick_dir"": null}, {""move_vx"": 4.971016523173858, ""move_vy"": -2.3767824314254113, ""kick_power"": 0.0, ""kick_dir"": null}, {""move_vx"": 5.989243711277503, ""move_vy"": -2.4737339725449217, ""kick_power"": 0.0, ""kick_dir"": null}, {""move_vx"": 5.679014500700021, ""move_vy"": -3.1207682228641875, ""kick_power"": 0.0, ""kick_dir"": null}, {""move_vx"": 0.0, ""move_vy"": 0.0, ""kick_power"": 0.6, ""kick_dir"": [0.9862493642042237, -0.16526389327479274]}, {""move_vx"": 5.023695384998112, ""move_vy"": 3.460127841388041, ""kick_power"": 0.0, ""kick_dir"": null}, {""move_vx"": 5.17360228796447, ""move_vy"": -3.5949741815441185, ""kick_power"": 0.0, ""kick_dir"": null}, {""move_vx"": 6.0, ""move_vy"": 0.0, ""kick_power"": 0.0, ""kick_dir"": null}, {""move_vx"": 3.067438918227178, ""move_vy"": -4.916588602165659, ""kick_power"": 0.0, ""kick_dir"": null}, {""move_vx"": 4.598073265298334, ""move_vy"": 2.8315582718617556, ""kick_power"": 0.0, ""kick_dir"": null}, {""move_vx"": 0.0, ""move_vy"": 0.0, ""kick_power"": 1.0, ""kick_dir"": [0.9769601000662118, 0.21342193153280342]}, {""move_vx"": -0.0, ""move_vy"": 0.0, ""kick_power"": 0.9, ""kick_dir"": [-0.9967517743959116, 0.08053477852823739]}, {""move_vx"": -0.0, ""move_vy"": 0.0, ""kick_power"": 0.0, ""kick_dir"": null}, {""move_vx"": -3.8183766184073566, ""move_vy"": 3.8183766184073566, ""kick_power"": 0.0, ""kick_dir"": null}, {""move_vx"": -0.0, ""move_vy"": 0.0, ""kick_power"": 0.0, ""kick_dir"": null}, {""move_vx"": -0.0, ""move_vy"": 0.0, ""kick_power"": 0.9, ""kick_dir"": [-0.9121062179697723, 0.40995389199745047]}, {""move_vx"": -0.0, ""move_vy"": 0.0, ""kick_power"": 0.65, ""kick_dir"": [0.9912656905265687, 0.1318794675927167]}, {""move_vx"": 4.242640687119285, ""move_vy"": 4.242640687119285, ""kick_power"": 0.0, ""kick_dir"": null}, {""move_vx"": -0.0, ""move_vy"": -6.0, ""kick_power"": 0.0, ""kick_dir"": null}, {""move_vx"": -0.0, ""move_vy"": 0.0, ""kick_power"": 0.65, ""kick_dir"": [0.9451082960243767, -0.32675682957203467]}, {""move_vx"": 4.242640687119285, ""move_vy"": -4.242640687119285, ""kick_power"": 0.0, ""kick_dir"": null}, {""move_vx"": -0.0, ""move_vy"": 0.0, ""kick_power"": 1.0, ""kick_dir"": [-0.9892714678240634, -0.1460887787168141]}]"
238,122,default,default,0,62.63193803720897,15.088221185440736,9,A,,1.9227264628327703,0.36997044271376683,0.0030627775071946388,"[{""move_vx"": -0.2736053057741023, ""move_vy"": 4.241183813117778, ""kick_power"": 0.0, ""kick_dir"": null}, {""move_vx"": 4.988698718652835, ""move_vy"": -2.3394411927876195, ""kick_power"": 0.0, ""kick_dir"": null}, {""move_vx"": 6.002052166360078, ""move_vy"": -2.4424925367935737, ""kick_power"": 0.0, ""kick_dir"": null}, {""move_vx"": 5.697927295859827, ""move_vy"": -3.0861018342069544, ""kick_power"": 0.0, ""kick_dir"": null}, {""move_vx"": 4.1012193308819755, ""move_vy"": 4.1012193308819755, ""kick_power"": 0.0, ""kick_dir"": null}, {""move_vx"": 5.004571753522598, ""move_vy"": 3.4877301449286104, ""kick_power"": 0.0, ""kick_dir"": null}, {""move_vx"": 5.249921188457517, ""move_vy"": -3.4825748398253875, ""kick_power"": 0.0, ""kick_dir"": null}, {""move_vx"": 6.0, ""move_vy"": 0.0, ""kick_power"": 0.0, ""kick_dir"": null}, {""move_vx"": 4.313351365237939, ""move_vy"": 4.313351365237939, ""kick_power"": 0.0, ""kick_dir"": null}, {""move_vx"": 4.598073265298329, ""move_vy"": 2.8315582718617605, ""kick_power"": 0.0, ""kick_dir"": null}, {""move_vx"": 0.0, ""move_vy"": 0.0, ""kick_power"": 1.0, ""kick_dir"": [0.9769601000662118, 0.21342193153280342]}, {""move_vx"": -0.0, ""move_vy"": 0.0, ""kick_power"": 0.9, ""kick_dir"": [-0.9963408424014406, 0.08546856788872464]}, {""move_vx"": -0.0, ""move_vy"": 0.0, ""kick_power"": 0.0, ""kick_dir"": null}, {""move_vx"": -0.0, ""move_vy"": 0.0, ""kick_power"": 0.4, ""kick_dir"": [-0.997197340895102, -0.07481594656852375]}, {""move_vx"": -0.0, ""move_vy"": 0.0, ""kick_power"": 0.0, ""kick_dir"": null}, {""move_vx"": -0.0, ""move_vy"": 0.0, ""kick_power"": 0.9, ""kick_dir"": [-0.9123914189848957, 0.4093187577072797]}, {""move_vx"": -0.0, ""move_vy"": 0.0, ""kick_power"": 0.65, ""kick_dir"": [0.9938576439954542, 0.11066548209736321]}, {""move_vx"": 4.242640687119285, ""move_vy"": 4.242640687119285, ""kick_power"": 0.0, ""kick_dir"": null}, {""move_vx"": -6.0, ""move_vy"": 0.0, ""kick_power"": 0.0, ""kick_dir"": null}, {""move_vx"": 4.287459068671349, ""move_vy"": -3.3483271546352547, ""kick_power"": 0.0, ""kick_dir"": null}, {""move_vx"": 4.242640687119285, ""move_vy"": -4.242640687119285, ""kick_power"": 0.0, ""kick_dir"": null}, {""move_vx"": -0.0, ""move_vy"": 0.0, ""kick_power"": 1.0, ""kick_dir"": [-0.9892714678240634, -0.1460887787168141]}]"
238,123,default,default,0,62.93847625489552,15.276991736898188,9,A,,1.938136972018441,0.3680451559380703,-0.00406931637958664,"[{""move_vx"": -0.27360530577410264, ""move_vy"": 4.241183813117779, ""kick_power"": 0.0, ""kick_dir"": null}, {""move_vx"": 0.0, ""move_vy"": 0.0, ""kick_power"": 0.4, ""kick_dir"": [0.9973062167684733, 0.07334937249666784]}, {""move_vx"": 6.018588289074523, ""move_vy"": -2.4014568508751113, ""kick_power"": 0.0, ""kick_dir"": null}, {""move_vx"": 5.7169007072704385, ""move_vy"": -3.0508107616190747, ""kick_power"": 0.0, ""kick_dir"": null}, {""move_vx"": 0.0, ""move_vy"": 0.0, ""kick_power"": 0.6, ""kick_dir"": [0.9855762426445731, -0.1692318905799035]}, {""move_vx"": 4.985061286102754, ""move_vy"": 3.5155602645665947, ""kick_power"": 0.0, ""kick_dir"": null}, {""move_vx"": 5.313367144840396, ""move_vy"": -3.3849859060460856, ""kick_power"": 0.0, ""kick_dir"": null}, {""move_vx"": 6.0, ""move_vy"": 0.0, ""kick_power"": 0.0, ""kick_dir"": null}, {""move_vx"": 4.313351365237939, ""move_vy"": 4.313351365237939, ""kick_power"": 0.0, ""kick_dir"": null}, {""move_vx"": 4.598073265298323, ""move_vy"": 2.831558271861772, ""kick_power"": 0.0, ""kick_dir"": null}, {""move_vx"": 0.0, ""move_vy"": 0.0, ""kick_power"": 1.0, ""kick_dir"": [0.9769601000662118, 0.21342193153280342]}, {""move_vx"": -0.0, ""move_vy"": 0.0, ""kick_power"": 0.9, ""kick_dir"": [-0.9959058627860904, 0.09039614385482214]}, {""move_vx"": -0.0, ""move_vy"": 0.0, ""kick_power"": 0.0, ""kick_dir"": null}, {""move_vx"": -0.0, ""move_vy"": 0.0, ""kick_power"": 0.4, ""kick_dir"": [-0.9974065848149454, -0.07197268419163112]}, {""move_vx"": -0.0, ""move_vy"": 0.0, ""kick_power"": 0.0, ""kick_dir"": null}, {""move_vx"": -0.0, ""move_vy"": 0.0, ""kick_power"": 0.9, ""kick_dir"": [-0.9127691715583853, 0.40847568681425367]}, {""move_vx"": -0.0, ""move_vy"": 0.0, ""kick_power"": 0.65, ""kick_dir"": [0.9959322650495601, 0.09010433475236686]}, {""move_vx"": 4.242640687119285, ""move_vy"": 4.242640687119285, ""kick_power"": 0.0, ""kick_dir"": null}, {""move_vx"": -6.0, ""move_vy"": 0.0, ""kick_power"": 0.0, ""kick_dir"": null}, {""move_vx"": -5.772908691299393, ""move_vy"": 2.762883501329711, ""kick_power"": 0.0, ""kick_dir"": null}, {""move_vx"": 4.242640687119285, ""move_vy"": -4.242640687119285, ""kick_power"": 0.0, ""kick_dir"": null}, {""move_vx"": -0.0, ""move_vy"": 0.0, ""kick_power"": 1.0, ""kick_dir"": [-0.9892714678240634, -0.1460887787168141]}]"
238,124,default,default,0,63.24501447258207,15.46576228835564,9,A,,1.9516466179711869,0.36627964688620435,0.0015080422838178267,"[{""move_vx"": -3.5355339059327373, ""move_vy"": 3.5355339059327373, ""kick_power"": 0.0, ""kick_dir"": null}, {""move_vx"": 5.046515273844075, ""move_vy"": -2.211963740855273, ""kick_power"": 0.0, ""kick_dir"": null}, {""move_vx"": 6.034844806306998, ""move_vy"": -2.3603067944208984, ""kick_power"": 0.0, ""kick_dir"": null}, {""move_vx"": 5.735681116435091, ""move_vy"": -3.0153543955180293, ""kick_power"": 0.0, ""kick_dir"": null}, {""move_vx"": 0.0, ""move_vy"": 0.0, ""kick_power"": 0.6, ""kick_dir"": [0.9858961093543951, -0.16735837178935023]}, {""move_vx"": 4.965157907031177, ""move_vy"": 3.5436149562622883, ""kick_power"": 0.0, ""kick_dir"": null}, {""move_vx"": 0.0, ""move_vy"": 0.0, ""kick_power"": 0.0, ""kick_dir"": null}, {""move_vx"": 6.0, ""move_vy"": 0.0, ""kick_power"": 0.0, ""kick_dir"": null}, {""move_vx"": 4.313351365237939, ""move_vy"": 4.313351365237939, ""kick_power"": 0.0, ""kick_dir"": null}, {""move_vx"": 4.598073265298323, ""move_vy"": 2.831558271861772, ""kick_power"": 0.0, ""kick_dir"": null}, {""move_vx"": 0.0, ""move_vy"": 0.0, ""kick_power"": 1.0, ""kick_dir"": [0.9769601000662118, 0.21342193153280342]}, {""move_vx"": -0.0, ""move_vy"": 0.0, ""kick_power"": 0.9, ""kick_dir"": [-0.9954469294809053, 0.09531715986705443]}, {""move_vx"": -0.0, ""move_vy"": 0.0, ""kick_power"": 0.0, ""kick_dir"": null}, {""move_vx"": -0.0, ""move_vy"": 0.0, ""kick_power"": 0.4, ""kick_dir"": [-0.9976057528050808, -0.06915724708312689]}, {""move_vx"": -0.0, ""move_vy"": 0.0, ""kick_power"": 0.0, ""kick_dir"": null}, {""move_vx"": -0.0, ""move_vy"": 0.0, ""kick_power"": 0.9, ""kick_dir"": [-0.9136177877698836, 0.4065740836978536]}, {""move_vx"": -0.0, ""move_vy"": 0.0, ""kick_power"": 0.65, ""kick_dir"": [0.9975334613476012, 0.07019161937401794]}, {""move_vx"": 4.242640687119285, ""move_vy"": 4.242640687119285, ""kick_power"": 0.0, ""kick_dir"": null}, {""move_vx"": -6.0, ""move_vy"": 0.0, ""kick_power"": 0.0, ""kick_dir"": null}, {""move_vx"": 4.286879334995426, ""move_vy"": -3.3490693583724394, ""kick_power"": 0.0, ""kick_dir"": null}, {""move_vx"": 4.242640687119285, ""move_vy"": -4.242640687119285, ""kick_power"": 0.0, ""kick_dir"": null}, {""move_vx"": -0.0, ""move_vy"": 0.0, ""kick_power"": 1.0, ""kick_dir"": [-0.9892714678240634, -0.1460887787168141]}]"
238,125,default,default,0,63.55155269026862,15.654532839813092,9,A,,1.965246957953119,0.37170825892720155,-0.012228541017769405,"[{""move_vx"": -3.5355339059327373, ""move_vy"": 3.5355339059327373, ""kick_power"": 0.0, ""kick_dir"": null}, {""move_vx"": 5.064915593123257, ""move_vy"": -2.1694999503426766, ""kick_power"": 0.0, ""kick_dir"": null}, {""move_vx"": 6.050819435213127, ""move_vy"": -2.3190481155955154, ""kick_power"": 0.0, ""kick_dir"": null}, {""move_vx"": 5.7542656420925695, ""move_vy"": -2.979736048752136, ""kick_power"": 0.0, ""kick_dir"": null}, {""move_vx"": 0.0, ""move_vy"": 0.0, ""kick_power"": 0.6, ""kick_dir"": [0.9859263953058408, -0.16717986211834998]}, {""move_vx"": 4.94485562424517, ""move_vy"": 3.571890655573167, ""kick_power"": 0.0, ""kick_dir"": null}, {""move_vx"": 5.434413062960894, ""move_vy"": -3.1870291277489144, ""kick_power"": 0.0, ""kick_dir"": null}, {""move_vx"": 6.0, ""move_vy"": 0.0, ""kick_power"": 0.0, ""kick_dir"": null}, {""move_vx"": 4.313351365237939, ""move_vy"": 4.313351365237939, ""kick_power"": 0.0, ""kick_dir"": null}, {""move_vx"": 4.598073265298323, ""move_vy"": 2.831558271861772, ""kick_power"": 0.0, ""kick_dir"": null}, {""move_vx"": 0.0, ""move_vy"": 0.0, ""kick_power"": 1.0, ""kick_dir"": [0.9769601000662118, 0.21342193153280342]}, {""move_vx"": -0.0, ""move_vy"": 0.0, ""kick_power"": 0.9, ""kick_dir"": [-0.9949641415654105, 0.10023126957605903]}, {""move_vx"": -0.0, ""move_vy"": 0.0, ""kick_power"": 0.0, ""kick_dir"": null}, {""move_vx"": -0.0, ""move_vy"": 0.0, ""kick_power"": 0.4, ""kick_dir"": [-0.9977950971602539, -0.0663694740675946]}, {""move_vx"": -0.0, ""move_vy"": 0.0, ""kick_power"": 0.0, ""kick_dir"": null}, {""move_vx"": -0.0, ""move_vy"": 0.0, ""kick_power"": 0.9, ""kick_dir"": [-0.9142897657254344, 0.4050607015198192]}, {""move_vx"": -0.0, ""move_vy"": 0.0, ""kick_power"": 0.65, ""kick_dir"": [0.9987026742311008, 0.05091994331511585]}, {""move_vx"": 4.242640687119285, ""move_vy"": 4.242640687119285, ""kick_power"": 0.0, ""kick_dir"": null}, {""move_vx"": -6.0, ""move_vy"": 0.0, ""kick_power"": 0.0, ""kick_dir"": null}, {""move_vx"": -5.772159331425627, ""move_vy"": 2.7644487068195125, ""kick_power"": 0.0, ""kick_dir"": null}, {""move_vx"": -7.199953944410342, ""move_vy"": -0.025752638116578547, ""kick_power"": 0.0, ""kick_dir"": null}, {""move_vx"": -0.0, ""move_vy"": 0.0, ""kick_power"": 1.0, ""kick_dir"": [-0.9892714678240634, -0.1460887787168141]}]"
238,126,default,default,0,63.85809090795517,15.843303391270544,9,A,,1.9789380255250142,0.3734078398349878,-0.0058834028690585615,"[{""move_vx"": -3.5355339059327373, ""move_vy"": 3.5355339059327373, ""kick_power"": 0.0, ""kick_dir"": null}, {""move_vx"": 5.082934384450646, ""move_vy"": -2.126941006085813, ""kick_power"": 0.0, ""kick_dir"": null}, {""move_vx"": 6.0665100038969495, ""move_vy"": -2.2776866273959295, ""kick_power"": 0.0, ""kick_dir"": null}, {""move_vx"": 5.77265144947393, ""move_vy"": -2.9439591102606273, ""kick_power"": 0.0, ""kick_dir"": null}, {""move_vx"": 0.0, ""move_vy"": 0.0, ""kick_power"": 0.6, ""kick_dir"": [0.9859791138603978, -0.1668686624700473]}, {""move_vx"": 4.924148544538241, ""move_vy"": 3.6003834672603854, ""kick_power"": 0.0, ""kick_dir"": null}, {""move_vx"": 5.491916289566852, ""move_vy"": -3.086884427443029, ""kick_power"": 0.0, ""kick_dir"": null}, {""move_vx"": 6.0, ""move_vy"": 0.0, ""kick_power"": 0.0, ""kick_dir"": null}, {""move_vx"": 4.313351365237939, ""move_vy"": 4.313351365237939, ""kick_power"": 0.0, ""kick_dir"": null}, {""move_vx"": 4.598073265298323, ""move_vy"": 2.831558271861772, ""kick_power"": 0.0, ""kick_dir"": null}, {""move_vx"": 0.0, ""move_vy"": 0.0, ""kick_power"": 1.0, ""kick_dir"": [0.9769601000662118, 0.21342193153280342]}, {""move_vx"": -0.0, ""move_vy"": 0.0, ""kick_power"": 0.9, ""kick_dir"": [-0.994457603023275, 0.10513812922028726]}, {""move_vx"": -0.0, ""move_vy"": 0.0, ""kick_power"": 0.0, ""kick_dir"": null}, {""move_vx"": -0.0, ""move_vy"": 0.0, ""kick_power"": 0.4, ""kick_dir"": [-0.9979748655025724, -0.06360920515544694]}, {""move_vx"": -0.0, ""move_vy"": 0.0, ""kick_power"": 0.0, ""kick_dir"": null}, {""move_vx"": -0.0, ""move_vy"": 0.0, ""kick_power"": 0.9, ""kick_dir"": [-0.9149440181795016, 0.40358071212375535]}, {""move_vx"": -0.0, ""move_vy"": 0.0, ""kick_power"": 0.65, ""kick_dir"": [0.998625230446666, 0.05241676464830708]}, {""move_vx"": 4.242640687119285, ""move_vy"": 4.242640687119285, ""kick_power"": 0.0, ""kick_dir"": null}, {""move_vx"": -6.0, ""move_vy"": 0.0, ""kick_power"": 0.0, ""kick_dir"": null}, {""move_vx"": -5.776492592378376, ""move_vy"": 2.7553826104912815, ""kick_power"": 0.0, ""kick_dir"": null}, {""move_vx"": 4.242640687119285, ""move_vy"": -4.242640687119285, ""kick_power"": 0.0, ""kick_dir"": null}, {""move_vx"": -0.0, ""move_vy"": 0.0, ""kick_power"": 1.0, ""kick_dir"": [-0.9892714678240634, -0.1460887787168141]}]"
238,127,default,default,0,64.16462912564172,16.032073942727997,9,A,,1.9927198530804382,0.36967797795880886,-0.009805666105319065,"[{""move_vx"": -3.5355339059327373, ""move_vy"": 3.5355339059327373, ""kick_power"": 0.0, ""kick_dir"": null}, {""move_vx"": 5.10056929691875, ""move_vy"": -2.0842967272751176, ""kick_power"": 0.0, ""kick_dir"": null}, {""move_vx"": 6.081914453453327, ""move_vy"": -2.236228204114134, ""kick_power"": 0.0, ""kick_dir"": null}, {""move_vx"": 5.790835752403844, ""move_vy"": -2.9080270440079166, ""kick_power"": 0.0, ""kick_dir"": null}, {""move_vx"": 0.0, ""move_vy"": 0.0, ""kick_power"": 0.6, ""kick_dir"": [0.9862892489440347, -0.16502569826508717]}, {""move_vx"": 4.903030889560669, ""move_vy"": 3.62908915514815, ""kick_power"": 0.0, ""kick_dir"": null}, {""move_vx"": 5.547800012913749, ""move_vy"": -2.9852830714547367, ""kick_power"": 0.0, ""kick_dir"": null}, {""move_vx"": -5.099987958747955, ""move_vy"": -0.01108244674548525, ""kick_power"": 0.0, ""kick_dir"": null}, {""move_vx"": 4.313351365237939, ""move_vy"": 4.313351365237939, ""kick_power"": 0.0, ""kick_dir"": null}, {""move_vx"": 4.598073265298323, ""move_vy"": 2.831558271861772, ""kick_power"": 0.0, ""kick_dir"": null}, {""move_vx"": 0.0, ""move_vy"": 0.0, ""kick_power"": 1.0, ""kick_dir"": [0.9769601000662118, 0.21342193153280342]}, {""move_vx"": -0.0, ""move_vy"": 0.0, ""kick_power"": 0.9, ""kick_dir"": [-0.9939274226770961, 0.11003739774864219]}, {""move_vx"": -0.0, ""move_vy"": 0.0, ""kick_power"": 0.0, ""kick_dir"": null}, {""move_vx"": -0.0, ""move_vy"": 0.0, ""kick_power"": 0.4, ""kick_dir"": [-0.9981453008637737, -0.06087628165782655]}, {""move_vx"": -0.0, ""move_vy"": 0.0, ""kick_power"": 0.0, ""kick_dir"": null}, {""move_vx"": 3.9941729544507494, ""move_vy"": 2.8898931485323414, ""kick_power"": 0.0, ""kick_dir"": null}, {""move_vx"": -0.0, ""move_vy"": 0.0, ""kick_power"": 0.65, ""kick_dir"": [0.9992319259415504, 0.039184538451324406]}, {""move_vx"": 4.242640687119285, ""move_vy"": -4.242640687119285, ""kick_power"": 0.0, ""kick_dir"": null}, {""move_vx"": -6.0, ""move_vy"": 0.0, ""kick_power"": 0.0, ""kick_dir"": null}, {""move_vx"": -5.777388673429476, ""move_vy"": 2.753503244256089, ""kick_power"": 0.0, ""kick_dir"": null}, {""move_vx"": -0.0, ""move_vy"": 6.0, ""kick_power"": 0.0, ""kick_dir"": null}, {""move_vx"": -0.0, ""move_vy"": 0.0, ""kick_power"": 1.0, ""kick_dir"": [-0.9892714678240634, -0.1460887787168141]}]"
238,128,default,default,0,64.47116734332828,16.22084449418545,9,A,,2.0065924718957384,0.3800676260744019,-0.004657168583549749,"[{""move_vx"": -3.5355339059327373, ""move_vy"": 3.5355339059327373, ""kick_power"": 0.0, ""kick_dir"": null}, {""move_vx"": 5.1178182294739205, ""move_vy"": -2.041576981175197, ""kick_power"": 0.0, ""kick_dir"": null}, {""move_vx"": 6.097030839896819, ""move_vy"": -2.194678777713746, ""kick_power"": 0.0, ""kick_dir"": null}, {""move_vx"": 5.808815815383164, ""move_vy"": -2.871943387839396, ""kick_power"": 0.0, ""kick_dir"": null}, {""move_vx"": 0.0, ""move_vy"": 0.0, ""kick_power"": 0.6, ""kick_dir"": [0.9865885632295394, -0.16322674646236043]}, {""move_vx"": 4.881497012607717, ""move_vy"": 3.658003132297995, ""kick_power"": 0.0, ""kick_dir"": null}, {""move_vx"": 5.6019899679189145, ""move_vy"": -2.8823095599424846, ""kick_power"": 0.0, ""kick_dir"": null}, {""move_vx"": 6.0, ""move_vy"": 0.0, ""kick_power"": 0.0, ""kick_dir"": null}, {""move_vx"": 4.827319426044247, ""move_vy"": -2.6147824305161307, ""kick_power"": 0.0, ""kick_dir"": null}, {""move_vx"": 4.598073265298315, ""move_vy"": 2.831558271861783, ""kick_power"": 0.0, ""kick_dir"": null}, {""move_vx"": 0.0, ""move_vy"": 0.0, ""kick_power"": 1.0, ""kick_dir"": [0.9769601000662118, 0.21342193153280342]}, {""move_vx"": -0.0, ""move_vy"": 0.0, ""kick_power"": 0.9, ""kick_dir"": [-0.9933737141202648, 0.11492873694160889]}, {""move_vx"": -0.0, ""move_vy"": 0.0, ""kick_power"": 0.0, ""kick_dir"": null}, {""move_vx"": -0.0, ""move_vy"": 0.0, ""kick_power"": 0.4, ""kick_dir"": [-0.998306641767331, -0.058170546300321785]}, {""move_vx"": -0.0, ""move_vy"": 0.0, ""kick_power"": 0.0, ""kick_dir"": null}, {""move_vx"": -0.0, ""move_vy"": 0.0, ""kick_power"": 0.9, ""kick_dir"": [-0.9184697729781766, 0.395491117393729]}, {""move_vx"": -0.0, ""move_vy"": 0.0, ""kick_power"": 0.65, ""kick_dir"": [0.9978772944183016, 0.06512123567102501]}, {""move_vx"": 4.242640687119285, ""move_vy"": 4.242640687119285, ""kick_power"": 0.0, ""kick_dir"": null}, {""move_vx"": -6.0, ""move_vy"": 0.0, ""kick_power"": 0.0, ""kick_dir"": null}, {""move_vx"": -5.781740375759908, ""move_vy"": 2.7443538815735273, ""kick_power"": 0.0, ""kick_dir"": null}, {""move_vx"": 4.242640687119285, ""move_vy"": -4.242640687119285, ""kick_power"": 0.0, ""kick_dir"": null}, {""move_vx"": -0.0, ""move_vy"": 0.0, ""kick_power"": 1.0, ""kick_dir"": [-0.9892714678240634, -0.1460887787168141]}]"
238,129,default,default,0,64.77770556101483,16.4096150456429,9,A,,2.023887840814302,0.38301600252732837,-0.012295219090452596,"[{""move_vx"": 0.0, ""move_vy"": 0.0, ""kick_power"": 0.0, ""kick_dir"": null}, {""move_vx"": 5.134679332632675, ""move_vy"": -1.9987916727450252, ""kick_power"": 0.0, ""kick_dir"": null}, {""move_vx"": 6.111857335973242, ""move_vy"": -2.1530443341255365, ""kick_power"": 0.0, ""kick_dir"": null}, {""move_vx"": 5.82658895564976, ""move_vy"": -2.8357117522590745, ""kick_power"": 0.0, ""kick_dir"": null}, {""move_vx"": 0.0, ""move_vy"": 0.0, ""kick_power"": 0.6, ""kick_dir"": [0.9868772653922443, -0.16147206288413402]}, {""move_vx"": 4.859541416189364, ""move_vy"": 3.687120451563831, ""kick_power"": 0.0, ""kick_dir"": null}, {""move_vx"": 5.654415590433229, ""move_vy"": -2.7780540546694996, ""kick_power"": 0.0, ""kick_dir"": null}, {""move_vx"": 6.0, ""move_vy"": 0.0, ""kick_power"": 0.0, ""kick_dir"": null}, {""move_vx"": 4.837736066356481, ""move_vy"": -2.595459449167666, ""kick_power"": 0.0, ""kick_dir"": null}, {""move_vx"": 4.598073265298315, ""move_vy"": 2.831558271861783, ""kick_power"": 0.0, ""kick_dir"": null}, {""move_vx"": 0.0, ""move_vy"": 0.0, ""kick_power"": 1.0, ""kick_dir"": [0.9769601000662118, 0.21342193153280342]}, {""move_vx"": -0.0, ""move_vy"": 0.0, ""kick_power"": 0.9, ""kick_dir"": [-0.9927965956459498, 0.11981181153087893]}, {""move_vx"": -0.0, ""move_vy"": 0.0, ""kick_power"": 0.0, ""kick_dir"": null}, {""move_vx"": -0.0, ""move_vy"": 0.0, ""kick_power"": 0.4, ""kick_dir"": [-0.9984591223103596, -0.05549184333572124]}, {""move_vx"": -0.0, ""move_vy"": 0.0, ""kick_power"": 0.0, ""kick_dir"": null}, {""move_vx"": -0.0, ""move_vy"": 0.0, ""kick_power"": 0.9, ""kick_dir"": [-0.9161518292997877, 0.40083135258424213]}, {""move_vx"": -0.0, ""move_vy"": 0.0, ""kick_power"": 0.65, ""kick_dir"": [0.9984484510310138, -0.05568273803473317]}, {""move_vx"": 4.242640687119285, ""move_vy"": 4.242640687119285, ""kick_power"": 0.0, ""kick_dir"": null}, {""move_vx"": -6.0, ""move_vy"": 0.0, ""kick_power"": 0.0, ""kick_dir"": null}, {""move_vx"": -5.77316404648417, ""move_vy"": 2.762349885945394, ""kick_power"": 0.0, ""kick_dir"": null}, {""move_vx"": -0.0, ""move_vy"": 6.0, ""kick_power"": 0.0, ""kick_dir"": null}, {""move_vx"": -0.0, ""move_vy"": 0.0, ""kick_power"": 1.0, ""kick_dir"": [-0.9892714678240634, -0.1460887787168141]}]"
238,130,default,default,0,65.08424377870138,16.598385597100354,9,A,,2.0392607762197548,0.37297269496886465,-0.013353407903665826,"[{""move_vx"": -3.0869173233485405, ""move_vy"": -3.2742848744131416, ""kick_power"": 0.0, ""kick_dir"": null}, {""move_vx"": -4.889686995382434, ""move_vy"": -0.6291749257463299, ""kick_power"": 0.0, ""kick_dir"": null}, {""move_vx"": 6.126392232850322, ""move_vy"": -2.1113309094671195, ""kick_power"": 0.0, ""kick_dir"": null}, {""move_vx"": 5.844152545214626, ""move_vy"": -2.7993358191294977, ""kick_power"": 0.0, ""kick_dir"": null}, {""move_vx"": 0.0, ""move_vy"": 0.0, ""kick_power"": 0.6, ""kick_dir"": [0.9871555527753171, -0.15976194430367538]}, {""move_vx"": 4.83715877037024, ""move_vy"": 3.716435796597361, ""kick_power"": 0.0, ""kick_dir"": null}, {""move_vx"": 5.705010480969756, ""move_vy"": -2.672612095315225, ""kick_power"": 0.0, ""kick_dir"": null}, {""move_vx"": 6.0, ""move_vy"": 0.0, ""kick_power"": 0.0, ""kick_dir"": null}, {""move_vx"": 4.313351365237939, ""move_vy"": 4.313351365237939, ""kick_power"": 0.0, ""kick_dir"": null}, {""move_vx"": 4.598073265298315, ""move_vy"": 2.831558271861783, ""kick_power"": 0.0, ""kick_dir"": null}, {""move_vx"": 0.0, ""move_vy"": 0.0, ""kick_power"": 1.0, ""kick_dir"": [0.9769601000662118, 0.21342193153280342]}, {""move_vx"": -0.0, ""move_vy"": 0.0, ""kick_power"": 0.9, ""kick_dir"": [-0.9921961901732457, 0.12468628931748625]}, {""move_vx"": -0.0, ""move_vy"": 0.0, ""kick_power"": 0.0, ""kick_dir"": null}, {""move_vx"": -0.0, ""move_vy"": -5.4, ""kick_power"": 0.0, ""kick_dir"": null}, {""move_vx"": -0.0, ""move_vy"": 0.0, ""kick_power"": 0.0, ""kick_dir"": null}, {""move_vx"": -0.0, ""move_vy"": 0.0, ""kick_power"": 0.9, ""kick_dir"": [-0.9166371376746919, 0.399720283841078]}, {""move_vx"": -0.0, ""move_vy"": 0.0, ""kick_power"": 0.65, ""kick_dir"": [0.9989872250889451, -0.044993321046325835]}, {""move_vx"": 4.242640687119285, ""move_vy"": 4.242640687119285, ""kick_power"": 0.0, ""kick_dir"": null}, {""move_vx"": -6.0, ""move_vy"": 0.0, ""kick_power"": 0.0, ""kick_dir"": null}, {""move_vx"": -5.777579135489223, ""move_vy"": 2.753103581988808, ""kick_power"": 0.0, ""kick_dir"": null}, {""move_vx"": -0.0, ""move_vy"": 6.0, ""kick_power"": 0.0, ""kick_dir"": null}, {""move_vx"": -0.0, ""move_vy"": 0.0, ""kick_power"": 1.0, ""kick_dir"": [-0.9892714678240634, -0.1460887787168141]}]"
238,131,default,default,0,65.39078199638793,16.787156148557806,9,A,,2.0533958936539958,0.3756194135465673,-0.01282238459386636,"[{""move_vx"": -3.5355339059327373, ""move_vy"": 3.5355339059327373, ""kick_power"": 0.0, ""kick_dir"": null}, {""move_vx"": 5.175358947783853, ""move_vy"": -1.890967943037005, ""kick_power"": 0.0, ""kick_dir"": null}, {""move_vx"": -4.418604519177436, ""move_vy"": 1.2425916880072618, ""kick_power"": 0.0, ""kick_dir"": null}, {""move_vx"": 5.861504012870262, ""move_vy"": -2.7628193402945866, ""kick_power"": 0.0, ""kick_dir"": null}, {""move_vx"": 0.0, ""move_vy"": 0.0, ""kick_power"": 0.6, ""kick_dir"": [0.9874236110928355, -0.1580967319729115]}, {""move_vx"": 4.8143439318628145, ""move_vy"": 3.7459434733769927, ""kick_power"": 0.0, ""kick_dir"": null}, {""move_vx"": 5.753712848940441, ""move_vy"": -2.5660842643876083, ""kick_power"": 0.0, ""kick_dir"": null}, {""move_vx"": 6.0, ""move_vy"": 0.0, ""kick_power"": 0.0, ""kick_dir"": null}, {""move_vx"": 4.823086804656643, ""move_vy"": -2.622581490582699, ""kick_power"": 0.0, ""kick_dir"": null}, {""move_vx"": 4.598073265298315, ""move_vy"": 2.831558271861783, ""kick_power"": 0.0, ""kick_dir"": null}, {""move_vx"": 0.0, ""move_vy"": -6.0, ""kick_power"": 0.0, ""kick_dir"": null}, {""move_vx"": -0.0, ""move_vy"": 0.0, ""kick_power"": 0.9, ""kick_dir"": [-0.9915726251705143, 0.12955184128849082]}, {""move_vx"": -0.0, ""move_vy"": 0.0, ""kick_power"": 0.0, ""kick_dir"": null}, {""move_vx"": -0.0, ""move_vy"": 0.0, ""kick_power"": 0.4, ""kick_dir"": [-0.9989261813441682, -0.04632977403484982]}, {""move_vx"": -0.0, ""move_vy"": 0.0, ""kick_power"": 0.0, ""kick_dir"": null}, {""move_vx"": -0.0, ""move_vy"": 0.0, ""kick_power"": 0.9, ""kick_dir"": [-0.9175141412501447, 0.39770309028035306]}, {""move_vx"": -0.0, ""move_vy"": 0.0, ""kick_power"": 0.65, ""kick_dir"": [0.999421311901892, -0.03401344222399318]}, {""move_vx"": 4.242640687119285, ""move_vy"": 4.242640687119285, ""kick_power"": 0.0, ""kick_dir"": null}, {""move_vx"": -0.0, ""move_vy"": 0.0, ""kick_power"": 0.9, ""kick_dir"": [-0.5500207615783379, -0.8351509088071019]}, {""move_vx"": -5.781998625103992, ""move_vy"": 2.743809741818034, ""kick_power"": 0.0, ""kick_dir"": null}, {""move_vx"": -0.0, ""move_vy"": 6.0, ""kick_power"": 0.0, ""kick_dir"": null}, {""move_vx"": 6.4, ""move_vy"": 0.0, ""kick_power"": 0.0, ""kick_dir"": null}]"
238,132,default,default,0,65.69732021407448,16.975926700015258,9,A,,2.069050045754202,0.37489387170987665,-0.0077181043981533574,"[{""move_vx"": -2.900710398872275, ""move_vy"": -3.4403312604855727, ""kick_power"": 0.0, ""kick_dir"": null}, {""move_vx"": 5.190523555190283, ""move_vy"": -1.8489362409274221, ""kick_power"": 0.0, ""kick_dir"": null}, {""move_vx"": -4.418604519177437, ""move_vy"": 1.2425916880072618, ""kick_power"": 0.0, ""kick_dir"": null}, {""move_vx"": 5.8786408461683815, ""move_vy"": -2.7261661361260994, ""kick_power"": 0.0, ""kick_dir"": null}, {""move_vx"": 0.0, ""move_vy"": 0.0, ""kick_power"": 0.6, ""kick_dir"": [0.9876816140673211, -0.15647681559070611]}, {""move_vx"": 4.791091963850772, ""move_vy"": 3.775637402336796, ""kick_power"": 0.0, ""kick_dir"": null}, {""move_vx"": 5.800465931494284, ""move_vy"": -2.4585758026902798, ""kick_power"": 0.0, ""kick_dir"": null}, {""move_vx"": 6.0, ""move_vy"": 0.0, ""kick_power"": 0.0, ""kick_dir"": null}, {""move_vx"": 4.313351365237939, ""move_vy"": 4.313351365237939, ""kick_power"": 0.0, ""kick_dir"": null}, {""move_vx"": 4.598073265298315, ""move_vy"": 2.831558271861783, ""kick_power"": 0.0, ""kick_dir"": null}, {""move_vx"": 0.0, ""move_vy"": 0.0, ""kick_power"": 1.0, ""kick_dir"": [0.9760765505198363, 0.21742705798468182]}, {""move_vx"": -0.0, ""move_vy"": 0.0, ""kick_power"": 0.9, ""kick_dir"": [-0.9909260325759531, 0.13440814173226595]}, {""move_vx"": -0.0, ""move_vy"": 0.0, ""kick_power"": 0.0, ""kick_dir"": null}, {""move_vx"": -0.0, ""move_vy"": 0.0, ""kick_power"": 0.4, ""kick_dir"": [-0.9990407019944516, -0.04379086256089051]}, {""move_vx"": -0.0, ""move_vy"": 0.0, ""kick_power"": 0.0, ""kick_dir"": null}, {""move_vx"": -0.0, ""move_vy"": 0.0, ""kick_power"": 0.9, ""kick_dir"": [-0.9183940959752496, 0.39566681926951586]}, {""move_vx"": -0.0, ""move_vy"": 0.0, ""kick_power"": 0.65, ""kick_dir"": [0.9997414960848665, -0.02273349960513422]}, {""move_vx"": 4.242640687119285, ""move_vy"": 4.242640687119285, ""kick_power"": 0.0, ""kick_dir"": null}, {""move_vx"": -6.0, ""move_vy"": 0.0, ""kick_power"": 0.0, ""kick_dir"": null}, {""move_vx"": -5.7864224588185955, ""move_vy"": 2.7344679789823423, ""kick_power"": 0.0, ""kick_dir"": null}, {""move_vx"": 4.242640687119285, ""move_vy"": -4.242640687119285, ""kick_power"": 0.0, ""kick_dir"": null}, {""move_vx"": -0.0, ""move_vy"": 0.0, ""kick_power"": 0.65, ""kick_dir"": [0.9598673080384379, -0.2804539767483299]}]"
238,133,default,default,0,66.00385843176103,17.16469725147271,9,A,,2.0833622911528376,0.3767707864292668,-0.012311958834321717,"[{""move_vx"": -3.5355339059327373, ""move_vy"": 3.5355339059327373, ""kick_power"": 0.0, ""kick_dir"": null}, {""move_vx"": 5.205311541453454, ""move_vy"": -1.8068845442948127, ""kick_power"": 0.0, ""kick_dir"": null}, {""move_vx"": -4.4186045191774355, ""move_vy"": 1.2425916880072616, ""kick_power"": 0.0, ""kick_dir"": null}, {""move_vx"": 5.895560593363911, ""move_vy"": -2.689380093994635, ""kick_power"": 0.0, ""kick_dir"": null}, {""move_vx"": 0.0, ""move_vy"": 0.0, ""kick_power"": 0.6, ""kick_dir"": [0.9879297229916273, -0.15490263778338986]}, {""move_vx"": 4.76739815651296, ""move_vy"": 3.8055111111750577, ""kick_power"": 0.0, ""kick_dir"": null}, {""move_vx"": 5.845218381224286, ""move_vy"": -2.350196178151464, ""kick_power"": 0.0, ""kick_dir"": null}, {""move_vx"": 6.0, ""move_vy"": 0.0, ""kick_power"": 0.0, ""kick_dir"": null}, {""move_vx"": 4.80545559931265, ""move_vy"": -2.654749796691714, ""kick_power"": 0.0, ""kick_dir"": null}, {""move_vx"": 4.598073265298315, ""move_vy"": 2.831558271861783, ""kick_power"": 0.0, ""kick_dir"": null}, {""move_vx"": 0.0, ""move_vy"": 0.0, ""kick_power"": 1.0, ""kick_dir"": [0.9760765505198363, 0.21742705798468182]}, {""move_vx"": -0.0, ""move_vy"": 0.0, ""kick_power"": 0.9, ""kick_dir"": [-0.9902565487154148, 0.1392548683524726]}, {""move_vx"": -0.0, ""move_vy"": 0.0, ""kick_power"": 0.0, ""kick_dir"": null}, {""move_vx"": -0.0, ""move_vy"": 0.0, ""kick_power"": 0.4, ""kick_dir"": [-0.9991476670823165, -0.04127836475613798]}, {""move_vx"": -0.0, ""move_vy"": 0.0, ""kick_power"": 0.0, ""kick_dir"": null}, {""move_vx"": -0.0, ""move_vy"": 0.0, ""kick_power"": 0.9, ""kick_dir"": [-0.9189758246310752, 0.39431381048477326]}, {""move_vx"": -0.0, ""move_vy"": 0.0, ""kick_power"": 0.65, ""kick_dir"": [0.9999378415864378, -0.01114369689337128]}, {""move_vx"": 4.242640687119285, ""move_vy"": 4.242640687119285, ""kick_power"": 0.0, ""kick_dir"": null}, {""move_vx"": -6.0, ""move_vy"": 0.0, ""kick_power"": 0.0, ""kick_dir"": null}, {""move_vx"": -5.790850578902574, ""move_vy"": 2.725077902156877, ""kick_power"": 0.0, ""kick_dir"": null}, {""move_vx"": -0.0, ""move_vy"": 6.0, ""kick_power"": 0.0, ""kick_dir"": null}, {""move_vx"": 6.4, ""move_vy"": 0.0, ""kick_power"": 0.0, ""kick_dir"": null}]"
238,134,default,default,0,66.31039664944758,17.35346780293016,9,A,,2.099308008283361,0.3858065705032857,-0.012568867595999995,"[{""move_vx"": -2.69714150844013, ""move_vy"": -3.602142096509978, ""kick_power"": 0.0, ""kick_dir"": null}, {""move_vx"": 5.21972247594902, ""move_vy"": -1.7648221649992488, ""kick_power"": 0.0, ""kick_dir"": null}, {""move_vx"": -3.8183766184073566, ""move_vy"": -3.8183766184073566, ""kick_power"": 0.0, ""kick_dir"": null}, {""move_vx"": 5.912260865322377, ""move_vy"": -2.652465166666192, ""kick_power"": 0.0, ""kick_dir"": null}, {""move_vx"": 6.877650000539191, ""move_vy"": -1.0674879250292528, ""kick_power"": 0.0, ""kick_dir"": null}, {""move_vx"": 4.743258048211268, ""move_vy"": 3.835557728424776, ""kick_power"": 0.0, ""kick_dir"": null}, {""move_vx"": 5.887924617311112, ""move_vy"": -2.241058611652495, ""kick_power"": 0.0, ""kick_dir"": null}, {""move_vx"": 6.0, ""move_vy"": 0.0, ""kick_power"": 0.0, ""kick_dir"": null}, {""move_vx"": 4.804000189447591, ""move_vy"": -2.657382580620922, ""kick_power"": 0.0, ""kick_dir"": null}, {""move_vx"": 4.598073265298315, ""move_vy"": 2.831558271861783, ""kick_power"": 0.0, ""kick_dir"": null}, {""move_vx"": 0.0, ""move_vy"": 0.0, ""kick_power"": 1.0, ""kick_dir"": [0.9760765505198363, 0.21742705798468182]}, {""move_vx"": -0.0, ""move_vy"": 0.0, ""kick_power"": 0.9, ""kick_dir"": [-0.9895643142174934, 0.14409170238083013]}, {""move_vx"": -0.0, ""move_vy"": 0.0, ""kick_power"": 0.0, ""kick_dir"": null}, {""move_vx"": -0.0, ""move_vy"": 0.0, ""kick_power"": 0.4, ""kick_dir"": [-0.9992472843147815, -0.03879212509321335]}, {""move_vx"": -0.0, ""move_vy"": 0.0, ""kick_power"": 0.0, ""kick_dir"": null}, {""move_vx"": -0.0, ""move_vy"": 0.0, ""kick_power"": 0.9, ""kick_dir"": [-0.9194153134009935, 0.3932879719472954]}, {""move_vx"": -0.0, ""move_vy"": 0.0, ""kick_power"": 0.65, ""kick_dir"": [0.9999996401686693, 0.0007659331255347301]}, {""move_vx"": 4.242640687119285, ""move_vy"": 4.242640687119285, ""kick_power"": 0.0, ""kick_dir"": null}, {""move_vx"": -6.0, ""move_vy"": 0.0, ""kick_power"": 0.0, ""kick_dir"": null}, {""move_vx"": -5.7952829263827175, ""move_vy"": 2.715639115047686, ""kick_power"": 0.0, ""kick_dir"": null}, {""move_vx"": -0.0, ""move_vy"": 6.0, ""kick_power"": 0.0, ""kick_dir"": null}, {""move_vx"": 6.4, ""move_vy"": 0.0, ""kick_power"": 0.0, ""kick_dir"": null}]"
238,135,default,default,0,66.50660640115656,17.745956998354288,9,A,,2.1150047356503383,0.3974778166863876,0.005482380963561486,"[{""move_vx"": -3.5355339059327373, ""move_vy"": 3.5355339059327373, ""kick_power"": 0.0, ""kick_dir"": null}, {""move_vx"": 5.233756159525054, ""move_vy"": -1.7227583877704824, ""kick_power"": 0.0, ""kick_dir"": null}, {""move_vx"": 6.208249582103902, ""move_vy"": -1.856889099086621, ""kick_power"": 0.0, ""kick_dir"": null}, {""move_vx"": 5.928739337387725, ""move_vy"": -2.6154253706254695, ""kick_power"": 0.0, ""kick_dir"": null}, {""move_vx"": 0.0, ""move_vy"": 0.0, ""kick_power"": 0.6, ""kick_dir"": [0.9881680860609671, -0.1533746991612908]}, {""move_vx"": 4.71866744729833, ""move_vy"": 3.865769977870781, ""kick_power"": 0.0, ""kick_dir"": null}, {""move_vx"": 5.928545135096883, ""move_vy"": -2.131279564280362, ""kick_power"": 0.0, ""kick_dir"": null}, {""move_vx"": 6.0, ""move_vy"": 0.0, ""kick_power"": 0.0, ""kick_dir"": null}, {""move_vx"": 4.802715499783628, ""move_vy"": -2.6597037105922343, ""kick_power"": 0.0, ""kick_dir"": null}, {""move_vx"": 4.242640687119285, ""move_vy"": 4.242640687119285, ""kick_power"": 0.0, ""kick_dir"": null}, {""move_vx"": 0.0, ""move_vy"": 0.0, ""kick_power"": 1.0, ""kick_dir"": [0.9760765505198363, 0.21742705798468182]}, {""move_vx"": -0.0, ""move_vy"": 0.0, ""kick_power"": 0.9, ""kick_dir"": [-0.9888494739258866, 0.14891832868882796]}, {""move_vx"": -0.0, ""move_vy"": 0.0, ""kick_power"": 0.0, ""kick_dir"": null}, {""move_vx"": -0.0, ""move_vy"": 0.0, ""kick_power"": 0.4, ""kick_dir"": [-0.9993397574349308, -0.036331990524898654]}, {""move_vx"": -0.0, ""move_vy"": 0.0, ""kick_power"": 0.0, ""kick_dir"": null}, {""move_vx"": -0.0, ""move_vy"": 0.0, ""kick_power"": 0.9, ""kick_dir"": [-0.9198059980713416, 0.3923733850426269]}, {""move_vx"": -4.242640687119285, ""move_vy"": 4.242640687119285, ""kick_power"": 0.0, ""kick_dir"": null}, {""move_vx"": -0.0, ""move_vy"": 6.0, ""kick_power"": 0.0, ""kick_dir"": null}, {""move_vx"": -6.0, ""move_vy"": 0.0, ""kick_power"": 0.0, ""kick_dir"": null}, {""move_vx"": -5.799719441020399, ""move_vy"": 2.7061512162940984, ""kick_power"": 0.0, ""kick_dir"": null}, {""move_vx"": -0.0, ""move_vy"": 6.0, ""kick_power"": 0.0, ""kick_dir"": null}, {""move_vx"": 6.4, ""move_vy"": 0.0, ""kick_power"": 0.0, ""kick_dir"": null}]"
238,136,default,default,0,67.08234233244463,17.32169292964236,9,A,,2.1263607106103106,0.3531244408924168,-0.07700888548427245,"[{""move_vx"": -3.5355339059327373, ""move_vy"": 3.5355339059327373, ""kick_power"": 0.0, ""kick_dir"": null}, {""move_vx"": 5.255253623867808, ""move_vy"": -1.6560221462360554, ""kick_power"": 0.0, ""kick_dir"": null}, {""move_vx"": 6.22680334335565, ""move_vy"": -1.793688970578483, ""kick_power"": 0.0, ""kick_dir"": null}, {""move_vx"": 5.952781502602335, ""move_vy"": -2.5602328765710944, ""kick_power"": 0.0, ""kick_dir"": null}, {""move_vx"": 0.0, ""move_vy"": 0.0, ""kick_power"": 0.6, ""kick_dir"": [0.9883807702045933, -0.15199808525723896]}, {""move_vx"": 4.693622454493185, ""move_vy"": 3.8961401738999792, ""kick_power"": 0.0, ""kick_dir"": null}, {""move_vx"": 5.987941644236451, ""move_vy"": -1.958201946995989, ""kick_power"": 0.0, ""kick_dir"": null}, {""move_vx"": 6.0, ""move_vy"": 0.0, ""kick_power"": 0.0, ""kick_dir"": null}, {""move_vx"": 4.8004600826794706, ""move_vy"": -2.663772324092472, ""kick_power"": 0.0, ""kick_dir"": null}, {""move_vx"": 6.0, ""move_vy"": 0.0, ""kick_power"": 0.0, ""kick_dir"": null}, {""move_vx"": 0.0, ""move_vy"": 0.0, ""kick_power"": 1.0, ""kick_dir"": [0.9760765505198363, 0.21742705798468182]}, {""move_vx"": -0.0, ""move_vy"": 0.0, ""kick_power"": 0.9, ""kick_dir"": [-0.9881121759934408, 0.15373444114063847]}, {""move_vx"": -0.0, ""move_vy"": 0.0, ""kick_power"": 0.0, ""kick_dir"": null}, {""move_vx"": -0.0, ""move_vy"": 0.0, ""kick_power"": 0.4, ""kick_dir"": [-0.9994251982444862, -0.033900406851354536]}, {""move_vx"": -0.0, ""move_vy"": 0.0, ""kick_power"": 0.0, ""kick_dir"": null}, {""move_vx"": -0.0, ""move_vy"": 0.0, ""kick_power"": 0.9, ""kick_dir"": [-0.9201010319117672, 0.3916810418505113]}, {""move_vx"": 4.777818556504939, ""move_vy"": -1.783942219108305, ""kick_power"": 0.0, ""kick_dir"": null}, {""move_vx"": -0.0, ""move_vy"": 6.0, ""kick_power"": 0.0, ""kick_dir"": null}, {""move_vx"": -4.020965973183579, ""move_vy"": -3.6044184888133945, ""kick_power"": 0.0, ""kick_dir"": null}, {""move_vx"": -5.804160061288468, ""move_vy"": 2.6966137993683583, ""kick_power"": 0.0, ""kick_dir"": null}, {""move_vx"": -0.0, ""move_vy"": 6.0, ""kick_power"": 0.0, ""kick_dir"": null}, {""move_vx"": 6.4, ""move_vy"": 0.0, ""kick_power"": 0.0, ""kick_dir"": null}]"
238,137,default,default,0,67.1894491136312,16.614586148455814,9,A,,2.1425015259424103,0.3293290092143593,-0.07466832997495508,"[{""move_vx"": -2.2525416091293726, ""move_vy"": -3.8956458128455234, ""kick_power"": 0.0, ""kick_dir"": null}, {""move_vx"": 0.0, ""move_vy"": 5.8, ""kick_power"": 0.0, ""kick_dir"": null}, {""move_vx"": 6.216283079927404, ""move_vy"": -1.8298154743602617, ""kick_power"": 0.0, ""kick_dir"": null}, {""move_vx"": 5.943989569649876, ""move_vy"": -2.580579004001521, ""kick_power"": 0.0, ""kick_dir"": null}, {""move_vx"": 0.0, ""move_vy"": 0.0, ""kick_power"": 0.4, ""kick_dir"": [-0.9088431205392501, -0.4171371806435593]}, {""move_vx"": 4.66811948576475, ""move_vy"": 3.9266602178726178, ""kick_power"": 0.0, ""kick_dir"": null}, {""move_vx"": -4.466987027357757, ""move_vy"": 2.460899611405858, ""kick_power"": 0.0, ""kick_dir"": null}, {""move_vx"": -5.099997992408304, ""move_vy"": -0.004525199583209407, ""kick_power"": 0.0, ""kick_dir"": null}, {""move_vx"": 7.5096892780963485, ""move_vy"": -1.3210571321652718, ""kick_power"": 0.0, ""kick_dir"": null}, {""move_vx"": 4.242640687119285, ""move_vy"": -4.242640687119285, ""kick_power"": 0.0, ""kick_dir"": null}, {""move_vx"": 0.0, ""move_vy"": 0.0, ""kick_power"": 1.0, ""kick_dir"": [0.9760765505198363, 0.21742705798468182]}, {""move_vx"": -0.0, ""move_vy"": 0.0, ""kick_power"": 0.9, ""kick_dir"": [-0.9873525756169725, 0.15853971804974984]}, {""move_vx"": -0.0, ""move_vy"": 0.0, ""kick_power"": 0.0, ""kick_dir"": null}, {""move_vx"": -0.0, ""move_vy"": 0.0, ""kick_power"": 0.4, ""kick_dir"": [-0.9995040461173845, -0.03149010018836024]}, {""move_vx"": -0.0, ""move_vy"": 0.0, ""kick_power"": 0.0, ""kick_dir"": null}, {""move_vx"": -0.0, ""move_vy"": 0.0, ""kick_power"": 0.9, ""kick_dir"": [-0.9191032033184809, 0.39401681310586806]}, {""move_vx"": -4.242640687119285, ""move_vy"": 4.242640687119285, ""kick_power"": 0.0, ""kick_dir"": null}, {""move_vx"": 4.242640687119285, ""move_vy"": 4.242640687119285, ""kick_power"": 0.0, ""kick_dir"": null}, {""move_vx"": -6.0, ""move_vy"": 0.0, ""kick_power"": 0.0, ""kick_dir"": null}, {""move_vx"": -5.808604724347627, ""move_vy"": 2.6870264524724043, ""kick_power"": 0.0, ""kick_dir"": null}, {""move_vx"": -0.0, ""move_vy"": 6.0, ""kick_power"": 0.0, ""kick_dir"": null}, {""move_vx"": 6.4, ""move_vy"": 0.0, ""kick_power"": 0.0, ""kick_dir"": null}]"
238,138,default,default,0,67.76518504491926,17.03885021716774,9,A,,2.1590995401478303,0.3913354341005761,-0.004896322714704872,"[{""move_vx"": 0.0, ""move_vy"": 0.0, ""kick_power"": 0.0, ""kick_dir"": null}, {""move_vx"": 5.764941963356007, ""move_vy"": 0.6367449718191683, ""kick_power"": 0.0, ""kick_dir"": null}, {""move_vx"": 5.395932585567728, ""move_vy"": -0.20955078622706327, ""kick_power"": 0.0, ""kick_dir"": null}, {""move_vx"": 5.910509437485091, ""move_vy"": -2.656365597842225, ""kick_power"": 0.0, ""kick_dir"": null}, {""move_vx"": 0.0, ""move_vy"": 0.0, ""kick_power"": 0.6, ""kick_dir"": [0.9888045661454045, -0.14921626974268062]}, {""move_vx"": 4.642155295654524, ""move_vy"": 3.957321595603099, ""kick_power"": 0.0, ""kick_dir"": null}, {""move_vx"": -4.466987027357757, ""move_vy"": 2.4608996114058566, ""kick_power"": 0.0, ""kick_dir"": null}, {""move_vx"": -5.099997992408303, ""move_vy"": -0.004525199583212548, ""kick_power"": 0.0, ""kick_dir"": null}, {""move_vx"": 0.0, ""move_vy"": 0.0, ""kick_power"": 0.7, ""kick_dir"": [0.9843042026365119, -0.1764800178949314]}, {""move_vx"": 6.0, ""move_vy"": 0.0, ""kick_power"": 0.0, ""kick_dir"": null}, {""move_vx"": 0.0, ""move_vy"": 0.0, ""kick_power"": 1.0, ""kick_dir"": [0.9760765505198363, 0.21742705798468182]}, {""move_vx"": -0.0, ""move_vy"": 0.0, ""kick_power"": 0.9, ""kick_dir"": [-0.9865708368297333, 0.16333381380597226]}, {""move_vx"": -0.0, ""move_vy"": -5.8, ""kick_power"": 0.0, ""kick_dir"": null}, {""move_vx"": -4.785468682963832, ""move_vy"": -2.5018572070308918, ""kick_power"": 0.0, ""kick_dir"": null}, {""move_vx"": -0.0, ""move_vy"": 0.0, ""kick_power"": 0.0, ""kick_dir"": null}, {""move_vx"": -6.915006045504466, ""move_vy"": -0.7901211240288902, ""kick_power"": 0.0, ""kick_dir"": null}, {""move_vx"": 4.776050335906766, ""move_vy"": -1.7886707882908106, ""kick_power"": 0.0, ""kick_dir"": null}, {""move_vx"": -0.0, ""move_vy"": 0.0, ""kick_power"": 0.4, ""kick_dir"": [-0.805097392915246, -0.5931423612271677]}, {""move_vx"": -3.952462992616637, ""move_vy"": -3.679407057121561, ""kick_power"": 0.0, ""kick_dir"": null}, {""move_vx"": 4.312860658040371, ""move_vy"": -3.3155441400059167, ""kick_power"": 0.0, ""kick_dir"": null}, {""move_vx"": -0.0, ""move_vy"": 6.0, ""kick_power"": 0.0, ""kick_dir"": null}, {""move_vx"": 6.4, ""move_vy"": 0.0, ""kick_power"": 0.0, ""kick_dir"": null}]"
238,139,default,default,0,68.16518504491927,17.03885021716774,9,A,,2.17475006936718,0.3700387035661949,-0.03229936326198229,"[{""move_vx"": -2.3316062674555393, ""move_vy"": -3.848845568941685, ""kick_power"": 0.0, ""kick_dir"": null}, {""move_vx"": 5.762267149483975, ""move_vy"": 0.6605129052318567, ""kick_power"": 0.0, ""kick_dir"": null}, {""move_vx"": 6.209095844987208, ""move_vy"": -1.8540573852398952, ""kick_power"": 0.0, ""kick_dir"": null}, {""move_vx"": 5.944971379311106, ""move_vy"": -2.578316369100544, ""kick_power"": 0.0, ""kick_dir"": null}, {""move_vx"": 0.0, ""move_vy"": 0.0, ""kick_power"": 0.6, ""kick_dir"": [0.9890221971109123, -0.14776690759912559]}, {""move_vx"": 4.6157270009611535, ""move_vy"": 3.988115376038932, ""kick_power"": 0.0, ""kick_dir"": null}, {""move_vx"": -4.466987027357758, ""move_vy"": 2.4608996114058557, ""kick_power"": 0.0, ""kick_dir"": null}, {""move_vx"": -5.099997992408304, ""move_vy"": -0.004525199583216085, ""kick_power"": 0.0, ""kick_dir"": null}, {""move_vx"": 0.0, ""move_vy"": 0.0, ""kick_power"": 0.7, ""kick_dir"": [0.9843042026365119, -0.1764800178949314]}, {""move_vx"": 6.0, ""move_vy"": 0.0, ""kick_power"": 0.0, ""kick_dir"": null}, {""move_vx"": 0.0, ""move_vy"": 0.0, ""kick_power"": 1.0, ""kick_dir"": [0.9760765505198363, 0.21742705798468182]}, {""move_vx"": -0.0, ""move_vy"": 0.0, ""kick_power"": 0.9, ""kick_dir"": [-0.9857671187471889, 0.16811644313346868]}, {""move_vx"": -0.0, ""move_vy"": 0.0, ""kick_power"": 0.0, ""kick_dir"": null}, {""move_vx"": -0.0, ""move_vy"": 0.0, ""kick_power"": 0.4, ""kick_dir"": [-0.9996542512942278, -0.026293391281401526]}, {""move_vx"": -0.0, ""move_vy"": 0.0, ""kick_power"": 0.4, ""kick_dir"": [-0.9984961157498498, 0.05482216239098751]}, {""move_vx"": -6.915006045504467, ""move_vy"": -0.7901211240288911, ""kick_power"": 0.0, ""kick_dir"": null}, {""move_vx"": 4.242640687119285, ""move_vy"": -4.242640687119285, ""kick_power"": 0.0, ""kick_dir"": null}, {""move_vx"": 4.242640687119285, ""move_vy"": 4.242640687119285, ""kick_power"": 0.0, ""kick_dir"": null}, {""move_vx"": -6.0, ""move_vy"": 0.0, ""kick_power"": 0.0, ""kick_dir"": null}, {""move_vx"": -5.807594933303092, ""move_vy"": 2.6892082646519344, ""kick_power"": 0.0, ""kick_dir"": null}, {""move_vx"": -0.0, ""move_vy"": 6.0, ""kick_power"": 0.0, ""kick_dir"": null}, {""move_vx"": 6.4, ""move_vy"": 0.0, ""kick_power"": 0.0, ""kick_dir"": null}]"
238,140,default,default,0,68.56518504491928,17.03885021716774,9,A,,2.1905010450014437,0.3763172250682227,-0.03458333641943238,"[{""move_vx"": -2.331606267455539, ""move_vy"": -3.848845568941686, ""kick_power"": 0.0, ""kick_dir"": null}, {""move_vx"": 5.7626139606141775, ""move_vy"": 0.657480296993441, ""kick_power"": 0.0, ""kick_dir"": null}, {""move_vx"": 5.3970838668896635, ""move_vy"": -0.1774421983613655, ""kick_power"": 0.0, ""kick_dir"": null}, {""move_vx"": 5.953621881142698, ""move_vy"": -2.5582780334394637, ""kick_power"": 0.0, ""kick_dir"": null}, {""move_vx"": 0.0, ""move_vy"": 0.0, ""kick_power"": 0.6, ""kick_dir"": [0.9892299351117414, -0.14636974076169226]}, {""move_vx"": 4.588832104700594, ""move_vy"": 4.019032211225622, ""kick_power"": 0.0, ""kick_dir"": null}, {""move_vx"": -4.466987027357759, ""move_vy"": 2.4608996114058552, ""kick_power"": 0.0, ""kick_dir"": null}, {""move_vx"": 6.0, ""move_vy"": 0.0, ""kick_power"": 0.0, ""kick_dir"": null}, {""move_vx"": 0.0, ""move_vy"": 0.0, ""kick_power"": 0.7, ""kick_dir"": [0.9837165355128036, -0.17972684219528529]}, {""move_vx"": 6.0, ""move_vy"": 0.0, ""kick_power"": 0.0, ""kick_dir"": null}, {""move_vx"": 0.0, ""move_vy"": 0.0, ""kick_power"": 1.0, ""kick_dir"": [0.9760765505198363, 0.21742705798468182]}, {""move_vx"": -0.0, ""move_vy"": 0.0, ""kick_power"": 0.9, ""kick_dir"": [-0.9849415815817106, 0.17288733836530107]}, {""move_vx"": -0.0, ""move_vy"": 0.0, ""kick_power"": 0.0, ""kick_dir"": null}, {""move_vx"": -0.0, ""move_vy"": 0.0, ""kick_power"": 0.4, ""kick_dir"": [-0.9997128850227172, -0.023960638977842997]}, {""move_vx"": -0.0, ""move_vy"": 0.0, ""kick_power"": 0.0, ""kick_dir"": null}, {""move_vx"": -6.915006045504466, ""move_vy"": -0.7901211240288918, ""kick_power"": 0.0, ""kick_dir"": null}, {""move_vx"": -0.0, ""move_vy"": 0.0, ""kick_power"": 0.4, ""kick_dir"": [0.9941064184289914, 0.10840768493910616]}, {""move_vx"": 4.242640687119285, ""move_vy"": 4.242640687119285, ""kick_power"": 0.0, ""kick_dir"": null}, {""move_vx"": -3.9174932192208463, ""move_vy"": -3.7166176662872785, ""kick_power"": 0.0, ""kick_dir"": null}, {""move_vx"": -4.525483399593904, ""move_vy"": 4.525483399593904, ""kick_power"": 0.0, ""kick_dir"": null}, {""move_vx"": -0.0, ""move_vy"": 6.0, ""kick_power"": 0.0, ""kick_dir"": null}, {""move_vx"": 6.4, ""move_vy"": 0.0, ""kick_power"": 0.0, ""kick_dir"": null}]"
238,141,default,default,0,68.96518504491928,17.03885021716774,9,A,,2.2063528934320136,0.3821612693015558,-0.032596199478821884,"[{""move_vx"": -2.3316062674555376, ""move_vy"": -3.8488455689416865, ""kick_power"": 0.0, ""kick_dir"": null}, {""move_vx"": 5.7629590897582075, ""move_vy"": 0.6544482636337656, ""kick_power"": 0.0, ""kick_dir"": null}, {""move_vx"": 6.215023863214578, ""move_vy"": -1.8340878876633337, ""kick_power"": 0.0, ""kick_dir"": null}, {""move_vx"": 5.962149942569501, ""move_vy"": -2.5383396270630327, ""kick_power"": 0.0, ""kick_dir"": null}, {""move_vx"": 0.0, ""move_vy"": 0.0, ""kick_power"": 0.4, ""kick_dir"": [-0.8883776508568134, -0.4591123860598092]}, {""move_vx"": 4.561468520246513, ""move_vy"": 4.050062337643715, ""kick_power"": 0.0, ""kick_dir"": null}, {""move_vx"": -4.46698702735776, ""move_vy"": 2.4608996114058543, ""kick_power"": 0.0, ""kick_dir"": null}, {""move_vx"": 0.0, ""move_vy"": -6.0, ""kick_power"": 0.0, ""kick_dir"": null}, {""move_vx"": 7.496763568613119, ""move_vy"": -1.3925376103772176, ""kick_power"": 0.0, ""kick_dir"": null}, {""move_vx"": 6.0, ""move_vy"": 0.0, ""kick_power"": 0.0, ""kick_dir"": null}, {""move_vx"": 0.0, ""move_vy"": 0.0, ""kick_power"": 1.0, ""kick_dir"": [0.9760765505198363, 0.21742705798468182]}, {""move_vx"": -0.0, ""move_vy"": 0.0, ""kick_power"": 0.9, ""kick_dir"": [-0.9840943969144557, 0.17764619021837905]}, {""move_vx"": -0.0, ""move_vy"": 0.0, ""kick_power"": 0.0, ""kick_dir"": null}, {""move_vx"": -0.0, ""move_vy"": 0.0, ""kick_power"": 0.4, ""kick_dir"": [-0.9997656635333276, -0.021646774919491994]}, {""move_vx"": -0.0, ""move_vy"": 0.0, ""kick_power"": 0.0, ""kick_dir"": null}, {""move_vx"": -6.915006045504465, ""move_vy"": -0.7901211240288926, ""kick_power"": 0.0, ""kick_dir"": null}, {""move_vx"": -4.242640687119285, ""move_vy"": 4.242640687119285, ""kick_power"": 0.0, ""kick_dir"": null}, {""move_vx"": 4.242640687119285, ""move_vy"": 4.242640687119285, ""kick_power"": 0.0, ""kick_dir"": null}, {""move_vx"": -3.906603222748906, ""move_vy"": -3.7280626684657356, ""kick_power"": 0.0, ""kick_dir"": null}, {""move_vx"": -4.525483399593904, ""move_vy"": 4.525483399593904, ""kick_power"": 0.0, ""kick_dir"": null}, {""move_vx"": 4.630052925492204, ""move_vy"": -2.1383661770475806, ""kick_power"": 0.0, ""kick_dir"": null}, {""move_vx"": 6.4, ""move_vy"": 0.0, ""kick_power"": 0.0, ""kick_dir"": null}]"
238,142,default,default,0,69.36518504491929,17.03885021716774,9,A,,2.2223060303124185,0.38717398378760304,-0.03906459091771787,"[{""move_vx"": -2.3316062674555367, ""move_vy"": -3.8488455689416874, ""kick_power"": 0.0, ""kick_dir"": null}, {""move_vx"": 5.763302537471796, ""move_vy"": 0.6514168109368625, ""kick_power"": 0.0, ""kick_dir"": null}, {""move_vx"": 5.397453725900506, ""move_vy"": -0.16581096695557254, ""kick_power"": 0.0, ""kick_dir"": null}, {""move_vx"": 5.970556850086872, ""move_vy"": -2.518501717267775, ""kick_power"": 0.0, ""kick_dir"": null}, {""move_vx"": 0.0, ""move_vy"": 0.0, ""kick_power"": 0.4, ""kick_dir"": [-0.7614759840618156, -0.6481923614012526]}, {""move_vx"": 4.533634595546598, ""move_vy"": 4.081195579001702, ""kick_power"": 0.0, ""kick_dir"": null}, {""move_vx"": -4.46698702735776, ""move_vy"": 2.460899611405853, ""kick_power"": 0.0, ""kick_dir"": null}, {""move_vx"": 6.0, ""move_vy"": 0.0, ""kick_power"": 0.0, ""kick_dir"": null}, {""move_vx"": 7.491627028010367, ""move_vy"": -1.4199117835924042, ""kick_power"": 0.0, ""kick_dir"": null}, {""move_vx"": 6.0, ""move_vy"": 0.0, ""kick_power"": 0.0, ""kick_dir"": null}, {""move_vx"": 5.925082881045634, ""move_vy"": -0.9451946110404799, ""kick_power"": 0.0, ""kick_dir"": null}, {""move_vx"": -0.0, ""move_vy"": 0.0, ""kick_power"": 0.9, ""kick_dir"": [-0.9832257374970113, 0.18239270847231334]}, {""move_vx"": -0.0, ""move_vy"": 0.0, ""kick_power"": 0.0, ""kick_dir"": null}, {""move_vx"": -0.0, ""move_vy"": 0.0, ""kick_power"": 0.4, ""kick_dir"": [-0.999812722603492, -0.019351607370895006]}, {""move_vx"": -0.0, ""move_vy"": 0.0, ""kick_power"": 0.9, ""kick_dir"": [-0.775635040550605, -0.6311816061317258]}, {""move_vx"": -6.915006045504466, ""move_vy"": -0.7901211240288936, ""kick_power"": 0.0, ""kick_dir"": null}, {""move_vx"": -4.242640687119285, ""move_vy"": 4.242640687119285, ""kick_power"": 0.0, ""kick_dir"": null}, {""move_vx"": 4.242640687119285, ""move_vy"": 4.242640687119285, ""kick_power"": 0.0, ""kick_dir"": null}, {""move_vx"": -3.8955271608850675, ""move_vy"": -3.7396347600810875, ""kick_power"": 0.0, ""kick_dir"": null}, {""move_vx"": -4.525483399593904, ""move_vy"": 4.525483399593904, ""kick_power"": 0.0, ""kick_dir"": null}, {""move_vx"": -0.0, ""move_vy"": 6.0, ""kick_power"": 0.0, ""kick_dir"": null}, {""move_vx"": -0.0, ""move_vy"": 0.0, ""kick_power"": 0.4, ""kick_dir"": [-0.8284165839507857, -0.5601120242713414]}]"
238,143,default,default,0,69.76518504491929,17.03885021716774,9,A,,2.2383608608400483,0.3821661801498609,-0.02776130399679432,"[{""move_vx"": -2.331606267455535, ""move_vy"": -3.8488455689416883, ""kick_power"": 0.0, ""kick_dir"": null}, {""move_vx"": 5.763644304317497, ""move_vy"": 0.6483859447184784, ""kick_power"": 0.0, ""kick_dir"": null}, {""move_vx"": 5.397471770948884, ""move_vy"": -0.1652225221025422, ""kick_power"": 0.0, ""kick_dir"": null}, {""move_vx"": 5.978843888776273, ""move_vy"": -2.498764845607246, ""kick_power"": 0.0, ""kick_dir"": null}, {""move_vx"": 0.0, ""move_vy"": 0.0, ""kick_power"": 0.4, ""kick_dir"": [-0.5707947269798803, -0.8210921870610596]}, {""move_vx"": 4.505329137301393, ""move_vy"": 4.112421350565027, ""kick_power"": 0.0, ""kick_dir"": null}, {""move_vx"": -4.466987027357761, ""move_vy"": 2.460899611405852, ""kick_power"": 0.0, ""kick_dir"": null}, {""move_vx"": 6.0, ""move_vy"": 0.0, ""kick_power"": 0.0, ""kick_dir"": null}, {""move_vx"": 0.0, ""move_vy"": 0.0, ""kick_power"": 0.7, ""kick_dir"": [0.9818751742629432, -0.189528629540751]}, {""move_vx"": 6.0, ""move_vy"": 0.0, ""kick_power"": 0.0, ""kick_dir"": null}, {""move_vx"": 0.0, ""move_vy"": 0.0, ""kick_power"": 1.0, ""kick_dir"": [0.9753938344362472, 0.22046955670176704]}, {""move_vx"": -0.0, ""move_vy"": 0.0, ""kick_power"": 0.9, ""kick_dir"": [-0.9823357796333657, 0.18712660707780154]}, {""move_vx"": -0.0, ""move_vy"": 0.0, ""kick_power"": 0.0, ""kick_dir"": null}, {""move_vx"": -0.0, ""move_vy"": 0.0, ""kick_power"": 0.4, ""kick_dir"": [-0.9998541950363949, -0.01707494649434726]}, {""move_vx"": -0.0, ""move_vy"": 0.0, ""kick_power"": 0.0, ""kick_dir"": null}, {""move_vx"": -0.0, ""move_vy"": 0.0, ""kick_power"": 0.9, ""kick_dir"": [-0.9053467883184462, 0.4246729771250286]}, {""move_vx"": 4.7742925807989325, ""move_vy"": -1.793357285352883, ""kick_power"": 0.0, ""kick_dir"": null}, {""move_vx"": 4.242640687119285, ""move_vy"": 4.242640687119285, ""kick_power"": 0.0, ""kick_dir"": null}, {""move_vx"": -3.8842600768525894, ""move_vy"": -3.7513362493075877, ""kick_power"": 0.0, ""kick_dir"": null}, {""move_vx"": -4.525483399593904, ""move_vy"": 4.525483399593904, ""kick_power"": 0.0, ""kick_dir"": null}, {""move_vx"": -0.0, ""move_vy"": 6.0, ""kick_power"": 0.0, ""kick_dir"": null}, {""move_vx"": -0.0, ""move_vy"": -6.4, ""kick_power"": 0.0, ""kick_dir"": null}]"
238,144,default,default,0,70.1651850449193,17.03885021716774,9,A,,2.254517780022867,0.3839671269904912,-0.03687414378925879,"[{""move_vx"": -2.331606267455533, ""move_vy"": -3.8488455689416896, ""kick_power"": 0.0, ""kick_dir"": null}, {""move_vx"": 5.763984390864716, ""move_vy"": 0.6453556708264832, ""kick_power"": 0.0, ""kick_dir"": null}, {""move_vx"": 5.397489739121264, ""move_vy"": -0.16463449237832967, ""kick_power"": 0.0, ""kick_dir"": null}, {""move_vx"": 5.987012341917699, ""move_vy"": -2.4791295282266237, ""kick_power"": 0.0, ""kick_dir"": null}, {""move_vx"": 0.0, ""move_vy"": 0.0, ""kick_power"": 0.4, ""kick_dir"": [-0.2875161637541563, -0.9577752636087672]}, {""move_vx"": 4.47655143498363, ""move_vy"": 4.143728665096932, ""kick_power"": 0.0, ""kick_dir"": null}, {""move_vx"": -4.466987027357761, ""move_vy"": 2.460899611405851, ""kick_power"": 0.0, ""kick_dir"": null}, {""move_vx"": 6.0, ""move_vy"": 0.0, ""kick_power"": 0.0, ""kick_dir"": null}, {""move_vx"": 0.0, ""move_vy"": 0.0, ""kick_power"": 0.7, ""kick_dir"": [0.9812245355289846, -0.19286878992652934]}, {""move_vx"": 6.0, ""move_vy"": 0.0, ""kick_power"": 0.0, ""kick_dir"": null}, {""move_vx"": 0.0, ""move_vy"": 0.0, ""kick_power"": 1.0, ""kick_dir"": [0.9753938344362472, 0.22046955670176704]}, {""move_vx"": -0.0, ""move_vy"": 0.0, ""kick_power"": 0.9, ""kick_dir"": [-0.9814247030826186, 0.19184760422929267]}, {""move_vx"": -0.0, ""move_vy"": 0.0, ""kick_power"": 0.0, ""kick_dir"": null}, {""move_vx"": -0.0, ""move_vy"": 0.0, ""kick_power"": 0.4, ""kick_dir"": [-0.999890210726359, -0.014816604344700904]}, {""move_vx"": -0.0, ""move_vy"": 0.0, ""kick_power"": 0.0, ""kick_dir"": null}, {""move_vx"": -0.0, ""move_vy"": 0.0, ""kick_power"": 0.9, ""kick_dir"": [-0.9072820435202059, 0.42052257787803793]}, {""move_vx"": -4.242640687119285, ""move_vy"": 4.242640687119285, ""kick_power"": 0.0, ""kick_dir"": null}, {""move_vx"": -0.0, ""move_vy"": 6.0, ""kick_power"": 0.0, ""kick_dir"": null}, {""move_vx"": -3.872796834878146, ""move_vy"": -3.763169498674995, ""kick_power"": 0.0, ""kick_dir"": null}, {""move_vx"": -4.525483399593904, ""move_vy"": -4.525483399593904, ""kick_power"": 0.0, ""kick_dir"": null}, {""move_vx"": -7.155007648185086, ""move_vy"": -0.8036576101878844, ""kick_power"": 0.0, ""kick_dir"": null}, {""move_vx"": 6.4, ""move_vy"": 0.0, ""kick_power"": 0.0, ""kick_dir"": null}]"
238,145,default,default,0,70.5651850449193,17.03885021716774,9,A,,2.270777172941002,0.38971637158164074,-0.029442184963063427,"[{""move_vx"": -2.3316062674555313, ""move_vy"": -3.848845568941691, ""kick_power"": 0.0, ""kick_dir"": null}, {""move_vx"": 5.764322797689747, ""move_vy"": 0.6423259951412847, ""kick_power"": 0.0, ""kick_dir"": null}, {""move_vx"": 5.397507630526108, ""move_vy"": -0.1640468787037675, ""kick_power"": 0.0, ""kick_dir"": null}, {""move_vx"": 5.995063490613018, ""move_vy"": -2.4595962562011793, ""kick_power"": 0.0, ""kick_dir"": null}, {""move_vx"": 0.0, ""move_vy"": 0.0, ""kick_power"": 0.4, ""kick_dir"": [0.05541514344212181, -0.9984628996002]}, {""move_vx"": 7.578152969869288, ""move_vy"": 0.8439327966498725, ""kick_power"": 0.0, ""kick_dir"": null}, {""move_vx"": -4.466987027357762, ""move_vy"": 2.46089961140585, ""kick_power"": 0.0, ""kick_dir"": null}, {""move_vx"": 6.0, ""move_vy"": 0.0, ""kick_power"": 0.0, ""kick_dir"": null}, {""move_vx"": 7.475865007483815, ""move_vy"": -1.5006889717323242, ""kick_power"": 0.0, ""kick_dir"": null}, {""move_vx"": 6.0, ""move_vy"": 0.0, ""kick_power"": 0.0, ""kick_dir"": null}, {""move_vx"": 0.0, ""move_vy"": 0.0, ""kick_power"": 1.0, ""kick_dir"": [0.9753938344362472, 0.22046955670176704]}, {""move_vx"": -0.0, ""move_vy"": 0.0, ""kick_power"": 0.9, ""kick_dir"": [-0.9804926909604461, 0.19655542243471832]}, {""move_vx"": -0.0, ""move_vy"": 0.0, ""kick_power"": 0.0, ""kick_dir"": null}, {""move_vx"": -0.0, ""move_vy"": 0.0, ""kick_power"": 0.4, ""kick_dir"": [-0.9999208967228532, -0.012576394863426694]}, {""move_vx"": -0.0, ""move_vy"": 0.0, ""kick_power"": 0.0, ""kick_dir"": null}, {""move_vx"": -0.0, ""move_vy"": 0.0, ""kick_power"": 0.9, ""kick_dir"": [-0.9091722010424239, 0.41642028556210153]}, {""move_vx"": 4.772545296781991, ""move_vy"": -1.7980020551056353, ""kick_power"": 0.0, ""kick_dir"": null}, {""move_vx"": 4.242640687119285, ""move_vy"": 4.242640687119285, ""kick_power"": 0.0, ""kick_dir"": null}, {""move_vx"": -3.8611321120423514, ""move_vy"": -3.775136926437951, ""kick_power"": 0.0, ""kick_dir"": null}, {""move_vx"": -4.525483399593904, ""move_vy"": 4.525483399593904, ""kick_power"": 0.0, ""kick_dir"": null}, {""move_vx"": -7.155007648185088, ""move_vy"": -0.8036576101878836, ""kick_power"": 0.0, ""kick_dir"": null}, {""move_vx"": 4.525483399593904, ""move_vy"": -4.525483399593904, ""kick_power"": 0.0, ""kick_dir"": null}]"
238,146,default,default,0,70.96518504491931,17.03885021716774,9,A,,2.285526393279279,0.38101168142794095,-0.04004525337985518,"[{""move_vx"": -3.5355339059327373, ""move_vy"": 3.5355339059327373, ""kick_power"": 0.0, ""kick_dir"": null}, {""move_vx"": 5.7646595253758, ""move_vy"": 0.6392969235762472, ""kick_power"": 0.0, ""kick_dir"": null}, {""move_vx"": 5.397525445272038, ""move_vy"": -0.16345968200414943, ""kick_power"": 0.0, ""kick_dir"": null}, {""move_vx"": 6.002998613420197, ""move_vy"": -2.4401654958783423, ""kick_power"": 0.0, ""kick_dir"": null}, {""move_vx"": 0.0, ""move_vy"": 0.0, ""kick_power"": 0.4, ""kick_dir"": [0.3832225127700423, -0.9236555388913626]}, {""move_vx"": 0.0, ""move_vy"": 0.0, ""kick_power"": 0.7, ""kick_dir"": [0.9936385317036919, 0.11261615610497426]}, {""move_vx"": -4.466987027357762, ""move_vy"": 2.4608996114058486, ""kick_power"": 0.0, ""kick_dir"": null}, {""move_vx"": -5.064829151138706, ""move_vy"": 0.5979177784407967, ""kick_power"": 0.0, ""kick_dir"": null}, {""move_vx"": 0.0, ""move_vy"": 0.0, ""kick_power"": 0.7, ""kick_dir"": [0.9798004453756465, -0.19997761389371008]}, {""move_vx"": 6.0, ""move_vy"": 0.0, ""kick_power"": 0.0, ""kick_dir"": null}, {""move_vx"": 0.0, ""move_vy"": 0.0, ""kick_power"": 1.0, ""kick_dir"": [0.9753938344362472, 0.22046955670176704]}, {""move_vx"": -0.0, ""move_vy"": 0.0, ""kick_power"": 0.9, ""kick_dir"": [-0.9795399296394126, 0.20124978858228226]}, {""move_vx"": -0.0, ""move_vy"": 0.0, ""kick_power"": 0.0, ""kick_dir"": null}, {""move_vx"": -0.0, ""move_vy"": 0.0, ""kick_power"": 0.4, ""kick_dir"": [-0.9999463772931466, -0.01035413387197243]}, {""move_vx"": -0.0, ""move_vy"": 0.0, ""kick_power"": 0.0, ""kick_dir"": null}, {""move_vx"": -0.0, ""move_vy"": 0.0, ""kick_power"": 0.9, ""kick_dir"": [-0.911018444272534, 0.4123655416541494]}, {""move_vx"": -4.242640687119285, ""move_vy"": 4.242640687119285, ""kick_power"": 0.0, ""kick_dir"": null}, {""move_vx"": 4.242640687119285, ""move_vy"": 4.242640687119285, ""kick_power"": 0.0, ""kick_dir"": null}, {""move_vx"": -3.8492603896829265, ""move_vy"": -3.787241007965832, ""kick_power"": 0.0, ""kick_dir"": null}, {""move_vx"": -4.525483399593904, ""move_vy"": -4.525483399593904, ""kick_power"": 0.0, ""kick_dir"": null}, {""move_vx"": -7.155007648185086, ""move_vy"": -0.8036576101878826, ""kick_power"": 0.0, ""kick_dir"": null}, {""move_vx"": -0.0, ""move_vy"": 6.4, ""kick_power"": 0.0, ""kick_dir"": null}]"
238,147,default,default,0,71.36518504491931,17.03885021716774,9,A,,2.3023106308561525,0.39042549439717544,-0.04614993621162448,"[{""move_vx"": -1.9188360048816187, ""move_vy"": -4.070389218044135, ""kick_power"": 0.0, ""kick_dir"": null}, {""move_vx"": 5.764994574513035, ""move_vy"": 0.6362684620781259, ""kick_power"": 0.0, ""kick_dir"": null}, {""move_vx"": 5.356408540470769, ""move_vy"": -0.6847536400573635, ""kick_power"": 0.0, ""kick_dir"": null}, {""move_vx"": 6.010818985998296, ""move_vy"": -2.420837689222972, ""kick_power"": 0.0, ""kick_dir"": null}, {""move_vx"": 0.0, ""move_vy"": 0.0, ""kick_power"": 0.4, ""kick_dir"": [0.3817592918521303, -0.924261241795473]}, {""move_vx"": 4.396249913642399, ""move_vy"": 4.228828052404021, ""kick_power"": 0.0, ""kick_dir"": null}, {""move_vx"": -4.466987027357763, ""move_vy"": 2.4608996114058477, ""kick_power"": 0.0, ""kick_dir"": null}, {""move_vx"": 6.0, ""move_vy"": 0.0, ""kick_power"": 0.0, ""kick_dir"": null}, {""move_vx"": 0.0, ""move_vy"": 0.0, ""kick_power"": 0.7, ""kick_dir"": [0.979071193755645, -0.20351795096649433]}, {""move_vx"": 6.0, ""move_vy"": 0.0, ""kick_power"": 0.0, ""kick_dir"": null}, {""move_vx"": 0.0, ""move_vy"": 0.0, ""kick_power"": 1.0, ""kick_dir"": [0.9753938344362472, 0.22046955670176704]}, {""move_vx"": -0.0, ""move_vy"": 0.0, ""kick_power"": 0.9, ""kick_dir"": [-0.9785666086482139, 0.20593043400431033]}, {""move_vx"": -0.0, ""move_vy"": 0.0, ""kick_power"": 0.0, ""kick_dir"": null}, {""move_vx"": -0.0, ""move_vy"": 0.0, ""kick_power"": 0.4, ""kick_dir"": [-0.9999667739836308, -0.008149639064457304]}, {""move_vx"": -0.0, ""move_vy"": 0.0, ""kick_power"": 0.0, ""kick_dir"": null}, {""move_vx"": 4.0938261873787285, ""move_vy"": 2.7469050124698793, ""kick_power"": 0.0, ""kick_dir"": null}, {""move_vx"": -4.242640687119285, ""move_vy"": 4.242640687119285, ""kick_power"": 0.0, ""kick_dir"": null}, {""move_vx"": 4.242640687119285, ""move_vy"": 4.242640687119285, ""kick_power"": 0.0, ""kick_dir"": null}, {""move_vx"": -3.83717594432181, ""move_vy"": -3.799484277151049, ""kick_power"": 0.0, ""kick_dir"": null}, {""move_vx"": -4.525483399593904, ""move_vy"": 4.525483399593904, ""kick_power"": 0.0, ""kick_dir"": null}, {""move_vx"": -7.155007648185087, ""move_vy"": -0.8036576101878817, ""kick_power"": 0.0, ""kick_dir"": null}, {""move_vx"": -0.0, ""move_vy"": 6.4, ""kick_power"": 0.0, ""kick_dir"": null}]"
238,148,default,default,0,71.76518504491932,17.03885021716774,9,A,,2.3173039355631895,0.382725826164785,-0.039195560308159114,"[{""move_vx"": -3.5355339059327373, ""move_vy"": 3.5355339059327373, ""kick_power"": 0.0, ""kick_dir"": null}, {""move_vx"": 5.765327945698598, ""move_vy"": 0.6332406166275021, ""kick_power"": 0.0, ""kick_dir"": null}, {""move_vx"": 5.39766165574004, ""move_vy"": -0.15889823835929806, ""kick_power"": 0.0, ""kick_dir"": null}, {""move_vx"": -5.4, ""move_vy"": 0.0, ""kick_power"": 0.0, ""kick_dir"": null}, {""move_vx"": 0.0, ""move_vy"": 0.0, ""kick_power"": 0.4, ""kick_dir"": [0.6308768193167277, -0.7758824483932683]}, {""move_vx"": 4.365723588644521, ""move_vy"": 4.2603353797034345, ""kick_power"": 0.0, ""kick_dir"": null}, {""move_vx"": -4.466987027357764, ""move_vy"": 2.460899611405846, ""kick_power"": 0.0, ""kick_dir"": null}, {""move_vx"": 6.0, ""move_vy"": 0.0, ""kick_power"": 0.0, ""kick_dir"": null}, {""move_vx"": 0.0, ""move_vy"": 0.0, ""kick_power"": 0.7, ""kick_dir"": [0.9783773514808114, -0.20682774698951298]}, {""move_vx"": 6.0, ""move_vy"": 0.0, ""kick_power"": 0.0, ""kick_dir"": null}, {""move_vx"": 0.0, ""move_vy"": 0.0, ""kick_power"": 1.0, ""kick_dir"": [0.9753938344362472, 0.22046955670176704]}, {""move_vx"": -0.0, ""move_vy"": 0.0, ""kick_power"": 0.9, ""kick_dir"": [-0.9775729205699367, 0.21059709453816425]}, {""move_vx"": -0.0, ""move_vy"": 0.0, ""kick_power"": 0.0, ""kick_dir"": null}, {""move_vx"": -0.0, ""move_vy"": 0.0, ""kick_power"": 0.4, ""kick_dir"": [-0.9999822056798332, -0.005962729999742061]}, {""move_vx"": -0.0, ""move_vy"": 0.0, ""kick_power"": 0.0, ""kick_dir"": null}, {""move_vx"": 4.093826187378727, ""move_vy"": 2.7469050124698806, ""kick_power"": 0.0, ""kick_dir"": null}, {""move_vx"": 4.776075385166712, ""move_vy"": -1.78860390114878, ""kick_power"": 0.0, ""kick_dir"": null}, {""move_vx"": 4.242640687119285, ""move_vy"": 4.242640687119285, ""kick_power"": 0.0, ""kick_dir"": null}, {""move_vx"": -0.0, ""move_vy"": 0.0, ""kick_power"": 0.0, ""kick_dir"": null}, {""move_vx"": -4.525483399593904, ""move_vy"": -4.525483399593904, ""kick_power"": 0.0, ""kick_dir"": null}, {""move_vx"": -7.155007648185087, ""move_vy"": -0.8036576101878807, ""kick_power"": 0.0, ""kick_dir"": null}, {""move_vx"": -0.0, ""move_vy"": 6.4, ""kick_power"": 0.0, ""kick_dir"": null}]"
238,149,default,default,0,72.16518504491933,17.03885021716774,9,A,,2.334628999226031,0.3822218901076468,-0.049338546138855195,"[{""move_vx"": -1.4740703870564322, ""move_vy"": -4.251719239790335, ""kick_power"": 0.0, ""kick_dir"": null}, {""move_vx"": -4.1012193308819755, ""move_vy"": -4.1012193308819755, ""kick_power"": 0.0, ""kick_dir"": null}, {""move_vx"": 5.397678513992398, ""move_vy"": -0.158324538795538, ""kick_power"": 0.0, ""kick_dir"": null}, {""move_vx"": 0.0, ""move_vy"": 0.0, ""kick_power"": 0.0, ""kick_dir"": null}, {""move_vx"": 0.0, ""move_vy"": 0.0, ""kick_power"": 0.4, ""kick_dir"": [0.7780180529040063, -0.6282413443609196]}, {""move_vx"": 4.3347288600595695, ""move_vy"": 4.291867391913066, ""kick_power"": 0.0, ""kick_dir"": null}, {""move_vx"": -4.4669870273577645, ""move_vy"": 2.4608996114058446, ""kick_power"": 0.0, ""kick_dir"": null}, {""move_vx"": 6.0, ""move_vy"": 0.0, ""kick_power"": 0.0, ""kick_dir"": null}, {""move_vx"": 0.0, ""move_vy"": 0.0, ""kick_power"": 0.7, ""kick_dir"": [0.9777522845549412, -0.20976279195059203]}, {""move_vx"": 6.0, ""move_vy"": 0.0, ""kick_power"": 0.0, ""kick_dir"": null}, {""move_vx"": 0.0, ""move_vy"": 0.0, ""kick_power"": 1.0, ""kick_dir"": [0.9753938344362472, 0.22046955670176704]}, {""move_vx"": -0.0, ""move_vy"": 0.0, ""kick_power"": 0.9, ""kick_dir"": [-0.9765590609394208, 0.21524951058423072]}, {""move_vx"": -0.0, ""move_vy"": 0.0, ""kick_power"": 0.0, ""kick_dir"": null}, {""move_vx"": -0.0, ""move_vy"": 0.0, ""kick_power"": 0.4, ""kick_dir"": [-0.9999927886651485, -0.0037932280929125024]}, {""move_vx"": -0.0, ""move_vy"": 0.0, ""kick_power"": 0.0, ""kick_dir"": null}, {""move_vx"": 4.093826187378727, ""move_vy"": 2.746905012469881, ""kick_power"": 0.0, ""kick_dir"": null}, {""move_vx"": -4.242640687119285, ""move_vy"": 4.242640687119285, ""kick_power"": 0.0, ""kick_dir"": null}, {""move_vx"": 4.242640687119285, ""move_vy"": 4.242640687119285, ""kick_power"": 0.0, ""kick_dir"": null}, {""move_vx"": -0.0, ""move_vy"": 0.0, ""kick_power"": 0.0, ""kick_dir"": null}, {""move_vx"": -4.525483399593904, ""move_vy"": 4.525483399593904, ""kick_power"": 0.0, ""kick_dir"": null}, {""move_vx"": -7.155007648185088, ""move_vy"": -0.8036576101878798, ""kick_power"": 0.0, ""kick_dir"": null}, {""move_vx"": -0.0, ""move_vy"": 6.4, ""kick_power"": 0.0, ""kick_dir"": null}]"
238,150,default,default,0,72.56518504491933,17.03885021716774,9,A,,2.349285178330287,0.38767656184825433,-0.04000953100430273,"[{""move_vx"": -5.0, ""move_vy"": 0.0, ""kick_power"": 0.0, ""kick_dir"": null}, {""move_vx"": 5.76228110650794, ""move_vy"": 0.660391133784839, ""kick_power"": 0.0, ""kick_dir"": null}, {""move_vx"": 5.397695299172748, ""move_vy"": -0.15775125130541937, ""kick_power"": 0.0, ""kick_dir"": null}, {""move_vx"": 0.0, ""move_vy"": 0.0, ""kick_power"": 0.0, ""kick_dir"": null}, {""move_vx"": 0.0, ""move_vy"": 0.0, ""kick_power"": 0.4, ""kick_dir"": [0.865147813428038, -0.5015163530276583]}, {""move_vx"": 4.303268210289988, ""move_vy"": 4.32341100409244, ""kick_power"": 0.0, ""kick_dir"": null}, {""move_vx"": -4.466987027357765, ""move_vy"": 2.4608996114058432, ""kick_power"": 0.0, ""kick_dir"": null}, {""move_vx"": 6.0, ""move_vy"": 0.0, ""kick_power"": 0.0, ""kick_dir"": null}, {""move_vx"": 0.0, ""move_vy"": 0.0, ""kick_power"": 0.7, ""kick_dir"": [0.9772344946611518, -0.21216196954279343]}, {""move_vx"": 6.0, ""move_vy"": 0.0, ""kick_power"": 0.0, ""kick_dir"": null}, {""move_vx"": 0.0, ""move_vy"": 0.0, ""kick_power"": 1.0, ""kick_dir"": [0.9753938344362472, 0.22046955670176704]}, {""move_vx"": -0.0, ""move_vy"": 0.0, ""kick_power"": 0.9, ""kick_dir"": [-0.9755252281398065, 0.21988742716100257]}, {""move_vx"": -0.0, ""move_vy"": 0.0, ""kick_power"": 0.0, ""kick_dir"": null}, {""move_vx"": -0.0, ""move_vy"": 0.0, ""kick_power"": 0.4, ""kick_dir"": [-0.9999986366783044, -0.0016409566062105245]}, {""move_vx"": -0.0, ""move_vy"": 0.0, ""kick_power"": 0.0, ""kick_dir"": null}, {""move_vx"": 4.093826187378727, ""move_vy"": 2.746905012469881, ""kick_power"": 0.0, ""kick_dir"": null}, {""move_vx"": 4.774327194875144, ""move_vy"": -1.7932651327329237, ""kick_power"": 0.0, ""kick_dir"": null}, {""move_vx"": 4.242640687119285, ""move_vy"": 4.242640687119285, ""kick_power"": 0.0, ""kick_dir"": null}, {""move_vx"": -0.0, ""move_vy"": 0.0, ""kick_power"": 0.0, ""kick_dir"": null}, {""move_vx"": -4.525483399593904, ""move_vy"": -4.525483399593904, ""kick_power"": 0.0, ""kick_dir"": null}, {""move_vx"": -7.155680712411682, ""move_vy"": -0.7976424901040868, ""kick_power"": 0.0, ""kick_dir"": null}, {""move_vx"": -0.0, ""move_vy"": 6.4, ""kick_power"": 0.0, ""kick_dir"": null}]"
238,151,default,default,0,72.96518504491934,17.03885021716774,9,A,,2.367194749335247,0.3949678063409331,-0.04990958861669388,"[{""move_vx"": -0.9384393246926285, ""move_vy"": -4.401060285189291, ""kick_power"": 0.0, ""kick_dir"": null}, {""move_vx"": 5.762639165788791, ""move_vy"": 0.657259343727479, ""kick_power"": 0.0, ""kick_dir"": null}, {""move_vx"": 5.397712011386065, ""move_vy"": -0.15717837681630234, ""kick_power"": 0.0, ""kick_dir"": null}, {""move_vx"": 0.0, ""move_vy"": 0.0, ""kick_power"": 0.0, ""kick_dir"": null}, {""move_vx"": 0.0, ""move_vy"": 0.0, ""kick_power"": 0.4, ""kick_dir"": [0.9118078479944909, -0.41061652782699287]}, {""move_vx"": 4.271344750926457, ""move_vy"": 4.35495281475391, ""kick_power"": 0.0, ""kick_dir"": null}, {""move_vx"": -4.466987027357766, ""move_vy"": 2.4608996114058423, ""kick_power"": 0.0, ""kick_dir"": null}, {""move_vx"": 4.626714929075992, ""move_vy"": -4.275922001751827, ""kick_power"": 0.0, ""kick_dir"": null}, {""move_vx"": 0.0, ""move_vy"": 0.0, ""kick_power"": 0.7, ""kick_dir"": [0.9768582310686151, -0.21388771659717024]}, {""move_vx"": 6.0, ""move_vy"": 0.0, ""kick_power"": 0.0, ""kick_dir"": null}, {""move_vx"": 0.0, ""move_vy"": 0.0, ""kick_power"": 1.0, ""kick_dir"": [0.9753938344362472, 0.22046955670176704]}, {""move_vx"": -0.0, ""move_vy"": 0.0, ""kick_power"": 0.9, ""kick_dir"": [-0.9744716232983451, 0.22451059395727394]}, {""move_vx"": -0.0, ""move_vy"": 0.0, ""kick_power"": 0.0, ""kick_dir"": null}, {""move_vx"": -0.0, ""move_vy"": 0.0, ""kick_power"": 0.4, ""kick_dir"": [-0.9999998609695917, 0.000494259360552218]}, {""move_vx"": -0.0, ""move_vy"": 0.0, ""kick_power"": 0.0, ""kick_dir"": null}, {""move_vx"": 4.093826187378727, ""move_vy"": 2.7469050124698815, ""kick_power"": 0.0, ""kick_dir"": null}, {""move_vx"": -4.242640687119285, ""move_vy"": 4.242640687119285, ""kick_power"": 0.0, ""kick_dir"": null}, {""move_vx"": -0.0, ""move_vy"": 0.0, ""kick_power"": 0.0, ""kick_dir"": null}, {""move_vx"": -0.0, ""move_vy"": 0.0, ""kick_power"": 0.0, ""kick_dir"": null}, {""move_vx"": -8.317793258504036, ""move_vy"": -0.19161239204399153, ""kick_power"": 0.0, ""kick_dir"": null}, {""move_vx"": -7.155680712411681, ""move_vy"": -0.7976424901040874, ""kick_power"": 0.0, ""kick_dir"": null}, {""move_vx"": -0.0, ""move_vy"": 6.4, ""kick_power"": 0.0, ""kick_dir"": null}]"
238,152,default,default,0,73.36518504491934,17.03885021716774,9,A,,2.3820833489697586,0.3918723101339035,-0.044197345131269584,"[{""move_vx"": -5.0, ""move_vy"": 0.0, ""kick_power"": 0.0, ""kick_dir"": null}, {""move_vx"": 5.76299543126999, ""move_vy"": 0.6541281672281235, ""kick_power"": 0.0, ""kick_dir"": null}, {""move_vx"": 5.397728650737487, ""move_vy"": -0.1566059162601312, ""kick_power"": 0.0, ""kick_dir"": null}, {""move_vx"": 0.0, ""move_vy"": 0.0, ""kick_power"": 0.0, ""kick_dir"": null}, {""move_vx"": 0.0, ""move_vy"": 0.0, ""kick_power"": 0.4, ""kick_dir"": [0.9152095145721959, -0.4029777940211179]}, {""move_vx"": 4.238962240635535, ""move_vy"": 4.386479125958102, ""kick_power"": 0.0, ""kick_dir"": null}, {""move_vx"": -4.466987027357766, ""move_vy"": 2.46089961140584, ""kick_power"": 0.0, ""kick_dir"": null}, {""move_vx"": 6.0, ""move_vy"": 0.0, ""kick_power"": 0.0, ""kick_dir"": null}, {""move_vx"": 0.0, ""move_vy"": 0.0, ""kick_power"": 0.7, ""kick_dir"": [0.9768582310686151, -0.21388771659717024]}, {""move_vx"": 6.0, ""move_vy"": 0.0, ""kick_power"": 0.0, ""kick_dir"": null}, {""move_vx"": 0.0, ""move_vy"": 0.0, ""kick_power"": 1.0, ""kick_dir"": [0.9753938344362472, 0.22046955670176704]}, {""move_vx"": -0.0, ""move_vy"": 0.0, ""kick_power"": 0.9, ""kick_dir"": [-0.9733984501815526, 0.22911876538147968]}, {""move_vx"": -0.0, ""move_vy"": 0.0, ""kick_power"": 0.0, ""kick_dir"": null}, {""move_vx"": -0.0, ""move_vy"": 0.0, ""kick_power"": 0.4, ""kick_dir"": [-0.9999965703558777, 0.0026125928800646765]}, {""move_vx"": -0.0, ""move_vy"": 0.0, ""kick_power"": 0.0, ""kick_dir"": null}, {""move_vx"": 4.093826187378726, ""move_vy"": 2.7469050124698815, ""kick_power"": 0.0, ""kick_dir"": null}, {""move_vx"": 4.77258935984098, ""move_vy"": -1.797885091526337, ""kick_power"": 0.0, ""kick_dir"": null}, {""move_vx"": 4.242640687119285, ""move_vy"": 4.242640687119285, ""kick_power"": 0.0, ""kick_dir"": null}, {""move_vx"": -0.0, ""move_vy"": 0.0, ""kick_power"": 0.0, ""kick_dir"": null}, {""move_vx"": -4.525483399593904, ""move_vy"": 4.525483399593904, ""kick_power"": 0.0, ""kick_dir"": null}, {""move_vx"": -7.155680712411681, ""move_vy"": -0.7976424901040883, ""kick_power"": 0.0, ""kick_dir"": null}, {""move_vx"": -0.0, ""move_vy"": 6.4, ""kick_power"": 0.0, ""kick_dir"": null}]"
238,153,default,default,0,73.72518504491936,17.03885021716774,9,A,,2.4011103555365914,0.3983514574216683,-0.04668610626280073,"[{""move_vx"": 0.0, ""move_vy"": 0.0, ""kick_power"": 0.0, ""kick_dir"": null}, {""move_vx"": 5.763349903564288, ""move_vy"": 0.650997610660373, ""kick_power"": 0.0, ""kick_dir"": null}, {""move_vx"": 5.3977452173323135, ""move_vy"": -0.15603387057347254, ""kick_power"": 0.0, ""kick_dir"": null}, {""move_vx"": 0.0, ""move_vy"": 0.0, ""kick_power"": 0.0, ""kick_dir"": null}, {""move_vx"": 0.0, ""move_vy"": 0.0, ""kick_power"": 0.4, ""kick_dir"": [0.9391669611532274, -0.3434603772100941]}, {""move_vx"": 4.206125101543078, ""move_vy"": 4.417975965322721, ""kick_power"": 0.0, ""kick_dir"": null}, {""move_vx"": -4.466987027357768, ""move_vy"": 2.460899611405839, ""kick_power"": 0.0, ""kick_dir"": null}, {""move_vx"": 6.0, ""move_vy"": 0.0, ""kick_power"": 0.0, ""kick_dir"": null}, {""move_vx"": 0.0, ""move_vy"": 0.0, ""kick_power"": 0.7, ""kick_dir"": [0.9766394457726937, -0.2148845083164281]}, {""move_vx"": 5.4, ""move_vy"": 0.0, ""kick_power"": 0.0, ""kick_dir"": null}, {""move_vx"": 0.0, ""move_vy"": 0.0, ""kick_power"": 1.0, ""kick_dir"": [0.9753938344362472, 0.22046955670176704]}, {""move_vx"": -0.0, ""move_vy"": 0.0, ""kick_power"": 0.9, ""kick_dir"": [-0.972305915089783, 0.23371170060821478]}, {""move_vx"": -0.0, ""move_vy"": 0.0, ""kick_power"": 0.0, ""kick_dir"": null}, {""move_vx"": -0.0, ""move_vy"": 0.0, ""kick_power"": 0.4, ""kick_dir"": [-0.9999888712744258, 0.0047142152080416125]}, {""move_vx"": -0.0, ""move_vy"": 0.0, ""kick_power"": 0.0, ""kick_dir"": null}, {""move_vx"": 4.093826187378726, ""move_vy"": 2.746905012469882, ""kick_power"": 0.0, ""kick_dir"": null}, {""move_vx"": -4.242640687119285, ""move_vy"": 4.242640687119285, ""kick_power"": 0.0, ""kick_dir"": null}, {""move_vx"": 4.242640687119285, ""move_vy"": 4.242640687119285, ""kick_power"": 0.0, ""kick_dir"": null}, {""move_vx"": -0.0, ""move_vy"": 0.0, ""kick_power"": 0.0, ""kick_dir"": null}, {""move_vx"": -4.525483399593904, ""move_vy"": 4.525483399593904, ""kick_power"": 0.0, ""kick_dir"": null}, {""move_vx"": -7.155680712411681, ""move_vy"": -0.797642490104089, ""kick_power"": 0.0, ""kick_dir"": null}, {""move_vx"": -0.0, ""move_vy"": 6.4, ""kick_power"": 0.0, ""kick_dir"": null}]"
238,154,default,default,0,74.12518504491936,17.03885021716774,9,A,,2.4190098575082715,0.3990187342950083,-0.03839824007570539,"[{""move_vx"": 0.0, ""move_vy"": 5.0, ""kick_power"": 0.0, ""kick_dir"": null}, {""move_vx"": 5.7636675441965615, ""move_vy"": 0.648179327019294, ""kick_power"": 0.0, ""kick_dir"": null}, {""move_vx"": 5.397760070038083, ""move_vy"": -0.15551921521945203, ""kick_power"": 0.0, ""kick_dir"": null}, {""move_vx"": 0.0, ""move_vy"": 0.0, ""kick_power"": 0.0, ""kick_dir"": null}, {""move_vx"": 0.0, ""move_vy"": 0.0, ""kick_power"": 0.4, ""kick_dir"": [0.95519799942162, -0.2959669517564236]}, {""move_vx"": 4.172838433944171, ""move_vy"": 4.449429109919424, ""kick_power"": 0.0, ""kick_dir"": null}, {""move_vx"": -4.466987027357768, ""move_vy"": 2.4608996114058392, ""kick_power"": 0.0, ""kick_dir"": null}, {""move_vx"": 6.0, ""move_vy"": 0.0, ""kick_power"": 0.0, ""kick_dir"": null}, {""move_vx"": 0.0, ""move_vy"": 0.0, ""kick_power"": 0.7, ""kick_dir"": [0.9765637954278793, -0.21522804750108798]}, {""move_vx"": 6.0, ""move_vy"": 0.0, ""kick_power"": 0.0, ""kick_dir"": null}, {""move_vx"": 0.0, ""move_vy"": 0.0, ""kick_power"": 1.0, ""kick_dir"": [0.9753938344362472, 0.22046955670176704]}, {""move_vx"": -0.0, ""move_vy"": 0.0, ""kick_power"": 0.9, ""kick_dir"": [-0.9711942267512891, 0.23828916362197597]}, {""move_vx"": -0.0, ""move_vy"": 0.0, ""kick_power"": 0.0, ""kick_dir"": null}, {""move_vx"": -0.0, ""move_vy"": 0.0, ""kick_power"": 0.4, ""kick_dir"": [-0.9999768678355452, 0.006799295794171495]}, {""move_vx"": -0.0, ""move_vy"": 0.0, ""kick_power"": 0.0, ""kick_dir"": null}, {""move_vx"": 4.093826187378726, ""move_vy"": 2.7469050124698824, ""kick_power"": 0.0, ""kick_dir"": null}, {""move_vx"": 4.7778480904122596, ""move_vy"": -1.783863118331652, ""kick_power"": 0.0, ""kick_dir"": null}, {""move_vx"": 4.242640687119285, ""move_vy"": 4.242640687119285, ""kick_power"": 0.0, ""kick_dir"": null}, {""move_vx"": -0.0, ""move_vy"": 0.0, ""kick_power"": 0.0, ""kick_dir"": null}, {""move_vx"": -4.525483399593904, ""move_vy"": -4.525483399593904, ""kick_power"": 0.0, ""kick_dir"": null}, {""move_vx"": -0.0, ""move_vy"": 0.0, ""kick_power"": 0.65, ""kick_dir"": [0.7934811471581339, -0.6085945147639673]}, {""move_vx"": -0.0, ""move_vy"": 6.4, ""kick_power"": 0.0, ""kick_dir"": null}]"
238,155,default,default,0,74.52518504491937,17.03885021716774,9,A,,2.437539163209652,0.4014862228752378,-0.05147695669157157,"[{""move_vx"": -5.0, ""move_vy"": 0.0, ""kick_power"": 0.0, ""kick_dir"": null}, {""move_vx"": 5.764018938973454, ""move_vy"": 0.645047030188761, ""kick_power"": 0.0, ""kick_dir"": null}, {""move_vx"": 5.397776509504092, ""move_vy"": -0.1549475828976606, ""kick_power"": 0.0, ""kick_dir"": null}, {""move_vx"": 0.0, ""move_vy"": 0.0, ""kick_power"": 0.0, ""kick_dir"": null}, {""move_vx"": 0.0, ""move_vy"": 0.0, ""kick_power"": 0.4, ""kick_dir"": [0.9662846831483959, -0.2574754371395914]}, {""move_vx"": 4.13910802917232, ""move_vy"": 4.480824112017927, ""kick_power"": 0.0, ""kick_dir"": null}, {""move_vx"": -4.466987027357768, ""move_vy"": 2.46089961140584, ""kick_power"": 0.0, ""kick_dir"": null}, {""move_vx"": 6.0, ""move_vy"": 0.0, ""kick_power"": 0.0, ""kick_dir"": null}, {""move_vx"": 0.0, ""move_vy"": 0.0, ""kick_power"": 0.7, ""kick_dir"": [0.9765637954278793, -0.21522804750108798]}, {""move_vx"": 6.0, ""move_vy"": 0.0, ""kick_power"": 0.0, ""kick_dir"": null}, {""move_vx"": 0.0, ""move_vy"": 0.0, ""kick_power"": 1.0, ""kick_dir"": [0.9753938344362472, 0.22046955670176704]}, {""move_vx"": -0.0, ""move_vy"": 0.0, ""kick_power"": 0.9, ""kick_dir"": [-0.9700635962158436, 0.2428509232581765]}, {""move_vx"": -0.0, ""move_vy"": 0.0, ""kick_power"": 0.0, ""kick_dir"": null}, {""move_vx"": -0.0, ""move_vy"": 0.0, ""kick_power"": 0.4, ""kick_dir"": [-0.999960661874093, 0.008868002293460223]}, {""move_vx"": -0.0, ""move_vy"": 0.0, ""kick_power"": 0.0, ""kick_dir"": null}, {""move_vx"": 4.093826187378725, ""move_vy"": 2.7469050124698833, ""kick_power"": 0.0, ""kick_dir"": null}, {""move_vx"": -4.242640687119285, ""move_vy"": 4.242640687119285, ""kick_power"": 0.0, ""kick_dir"": null}, {""move_vx"": 4.242640687119285, ""move_vy"": 4.242640687119285, ""kick_power"": 0.0, ""kick_dir"": null}, {""move_vx"": -0.0, ""move_vy"": 0.0, ""kick_power"": 0.0, ""kick_dir"": null}, {""move_vx"": -8.316988083829328, ""move_vy"": -0.22385087321912345, ""kick_power"": 0.0, ""kick_dir"": null}, {""move_vx"": -7.155680712411681, ""move_vy"": -0.7976424901040899, ""kick_power"": 0.0, ""kick_dir"": null}, {""move_vx"": -0.0, ""move_vy"": 6.4, ""kick_power"": 0.0, ""kick_dir"": null}]"
238,156,default,default,0,74.92518504491937,17.03885021716774,9,A,,2.4566208543063976,0.40387866195349864,-0.04751822377436281,"[{""move_vx"": 0.0, ""move_vy"": 0.0, ""kick_power"": 0.0, ""kick_dir"": null}, {""move_vx"": 5.764368539021944, ""move_vy"": 0.6419153731871619, ""kick_power"": 0.0, ""kick_dir"": null}, {""move_vx"": 5.397792876424053, ""move_vy"": -0.1543763687413002, ""kick_power"": 0.0, ""kick_dir"": null}, {""move_vx"": 0.0, ""move_vy"": 0.0, ""kick_power"": 0.0, ""kick_dir"": null}, {""move_vx"": 0.0, ""move_vy"": 0.0, ""kick_power"": 0.4, ""kick_dir"": [0.9741742795905123, -0.2257967924622428]}, {""move_vx"": 4.104940380464506, ""move_vy"": 4.512146326620172, ""kick_power"": 0.0, ""kick_dir"": null}, {""move_vx"": -4.466987027357767, ""move_vy"": 2.4608996114058406, ""kick_power"": 0.0, ""kick_dir"": null}, {""move_vx"": 6.0, ""move_vy"": 0.0, ""kick_power"": 0.0, ""kick_dir"": null}, {""move_vx"": 0.0, ""move_vy"": 0.0, ""kick_power"": 0.7, ""kick_dir"": [0.9765637954278793, -0.21522804750108798]}, {""move_vx"": 6.0, ""move_vy"": 0.0, ""kick_power"": 0.0, ""kick_dir"": null}, {""move_vx"": 0.0, ""move_vy"": 0.0, ""kick_power"": 1.0, ""kick_dir"": [0.9753938344362472, 0.22046955670176704]}, {""move_vx"": -0.0, ""move_vy"": 0.0, ""kick_power"": 0.0, ""kick_dir"": null}, {""move_vx"": -0.0, ""move_vy"": 0.0, ""kick_power"": 0.0, ""kick_dir"": null}, {""move_vx"": -0.0, ""move_vy"": 0.0, ""kick_power"": 0.4, ""kick_dir"": [-0.9999403529998488, 0.01092050057794275]}, {""move_vx"": -0.0, ""move_vy"": 0.0, ""kick_power"": 0.0, ""kick_dir"": null}, {""move_vx"": 4.093826187378725, ""move_vy"": 2.7469050124698837, ""kick_power"": 0.0, ""kick_dir"": null}, {""move_vx"": -4.242640687119285, ""move_vy"": 4.242640687119285, ""kick_power"": 0.0, ""kick_dir"": null}, {""move_vx"": 4.242640687119285, ""move_vy"": 4.242640687119285, ""kick_power"": 0.0, ""kick_dir"": null}, {""move_vx"": -0.0, ""move_vy"": 0.0, ""kick_power"": 0.0, ""kick_dir"": null}, {""move_vx"": -8.317020988160348, ""move_vy"": -0.22262498175242476, ""kick_power"": 0.0, ""kick_dir"": null}, {""move_vx"": -0.0, ""move_vy"": 0.0, ""kick_power"": 0.65, ""kick_dir"": [0.7662734922741574, -0.6425142482556297]}, {""move_vx"": -0.0, ""move_vy"": 6.4, ""kick_power"": 0.0, ""kick_dir"": null}]"
238,157,default,default,0,75.32518504491938,17.03885021716774,9,A,,2.4738665778850213,0.4091902867982517,-0.04842750334983894,"[{""move_vx"": -3.5355339059327373, ""move_vy"": 3.5355339059327373, ""kick_power"": 0.0, ""kick_dir"": null}, {""move_vx"": 5.764716344987097, ""move_vy"": 0.6387843625501517, ""kick_power"": 0.0, ""kick_dir"": null}, {""move_vx"": 5.397809170904117, ""move_vy"": -0.15380557370722606, ""kick_power"": 0.0, ""kick_dir"": null}, {""move_vx"": 3.8183766184073566, ""move_vy"": -3.8183766184073566, ""kick_power"": 0.0, ""kick_dir"": null}, {""move_vx"": 0.0, ""move_vy"": 0.0, ""kick_power"": 0.4, ""kick_dir"": [0.9799280091189079, -0.1993510461985422]}, {""move_vx"": 4.070342691664315, ""move_vy"": 4.543380940710882, ""kick_power"": 0.0, ""kick_dir"": null}, {""move_vx"": -4.466987027357768, ""move_vy"": 2.46089961140584, ""kick_power"": 0.0, ""kick_dir"": null}, {""move_vx"": 6.0, ""move_vy"": 0.0, ""kick_power"": 0.0, ""kick_dir"": null}, {""move_vx"": 0.0, ""move_vy"": 0.0, ""kick_power"": 0.7, ""kick_dir"": [0.9765637954278793, -0.21522804750108798]}, {""move_vx"": 6.0, ""move_vy"": 0.0, ""kick_power"": 0.0, ""kick_dir"": null}, {""move_vx"": 0.0, ""move_vy"": 0.0, ""kick_power"": 1.0, ""kick_dir"": [0.9753938344362472, 0.22046955670176704]}, {""move_vx"": -0.0, ""move_vy"": 0.0, ""kick_power"": 0.9, ""kick_dir"": [-0.9677463637199376, 0.25192643222161276]}, {""move_vx"": -0.0, ""move_vy"": 0.0, ""kick_power"": 0.0, ""kick_dir"": null}, {""move_vx"": -0.0, ""move_vy"": 0.0, ""kick_power"": 0.4, ""kick_dir"": [-0.9999160386467874, 0.012956954748736097]}, {""move_vx"": -0.0, ""move_vy"": 0.0, ""kick_power"": 0.0, ""kick_dir"": null}, {""move_vx"": -4.1012193308819755, ""move_vy"": -4.1012193308819755, ""kick_power"": 0.0, ""kick_dir"": null}, {""move_vx"": -4.242640687119285, ""move_vy"": 4.242640687119285, ""kick_power"": 0.0, ""kick_dir"": null}, {""move_vx"": 4.242640687119285, ""move_vy"": 4.242640687119285, ""kick_power"": 0.0, ""kick_dir"": null}, {""move_vx"": -0.0, ""move_vy"": 0.0, ""kick_power"": 0.0, ""kick_dir"": null}, {""move_vx"": -8.317053802349639, ""move_vy"": -0.22139568383651376, ""kick_power"": 0.0, ""kick_dir"": null}, {""move_vx"": -7.15568071241168, ""move_vy"": -0.7976424901040906, ""kick_power"": 0.0, ""kick_dir"": null}, {""move_vx"": -0.0, ""move_vy"": 6.4, ""kick_power"": 0.0, ""kick_dir"": null}]"
238,158,default,default,0,75.72518504491939,17.03885021716774,9,A,,2.493187007099301,0.4077563236564907,-0.04518573983976843,"[{""move_vx"": 0.0, ""move_vy"": 0.0, ""kick_power"": 0.0, ""kick_dir"": null}, {""move_vx"": 5.765062357521916, ""move_vy"": 0.6356540048515704, ""kick_power"": 0.0, ""kick_dir"": null}, {""move_vx"": 5.397825393050601, ""move_vy"": -0.15323519875711492, ""kick_power"": 0.0, ""kick_dir"": null}, {""move_vx"": 0.0, ""move_vy"": 0.0, ""kick_power"": 0.0, ""kick_dir"": null}, {""move_vx"": 0.0, ""move_vy"": 0.0, ""kick_power"": 0.4, ""kick_dir"": [0.984212928913745, -0.17698777844890184]}, {""move_vx"": 4.035322883613063, ""move_vy"": 4.574513004133747, ""kick_power"": 0.0, ""kick_dir"": null}, {""move_vx"": -4.466987027357766, ""move_vy"": 2.46089961140584, ""kick_power"": 0.0, ""kick_dir"": null}, {""move_vx"": 6.0, ""move_vy"": 0.0, ""kick_power"": 0.0, ""kick_dir"": null}, {""move_vx"": 0.0, ""move_vy"": 0.0, ""kick_power"": 0.7, ""kick_dir"": [0.9765637954278793, -0.21522804750108798]}, {""move_vx"": 6.0, ""move_vy"": 0.0, ""kick_power"": 0.0, ""kick_dir"": null}, {""move_vx"": 0.0, ""move_vy"": 0.0, ""kick_power"": 1.0, ""kick_dir"": [0.9753938344362472, 0.22046955670176704]}, {""move_vx"": -0.0, ""move_vy"": 0.0, ""kick_power"": 0.9, ""kick_dir"": [-0.9665601945042906, 0.25643974380645024]}, {""move_vx"": -0.0, ""move_vy"": 0.0, ""kick_power"": 0.0, ""kick_dir"": null}, {""move_vx"": -0.0, ""move_vy"": 0.0, ""kick_power"": 0.4, ""kick_dir"": [-0.9998878141212663, 0.014977527148409742]}, {""move_vx"": -0.0, ""move_vy"": 0.0, ""kick_power"": 0.6, ""kick_dir"": [-0.9995130938762696, 0.031201617771107703]}, {""move_vx"": -4.1012193308819755, ""move_vy"": -4.1012193308819755, ""kick_power"": 0.0, ""kick_dir"": null}, {""move_vx"": -4.242640687119285, ""move_vy"": 4.242640687119285, ""kick_power"": 0.0, ""kick_dir"": null}, {""move_vx"": 4.242640687119285, ""move_vy"": 4.242640687119285, ""kick_power"": 0.0, ""kick_dir"": null}, {""move_vx"": -0.0, ""move_vy"": 0.0, ""kick_power"": 0.0, ""kick_dir"": null}, {""move_vx"": -8.31708652588876, ""move_vy"": -0.22016294165830988, ""kick_power"": 0.0, ""kick_dir"": null}, {""move_vx"": -0.0, ""move_vy"": 0.0, ""kick_power"": 0.65, ""kick_dir"": [0.7533121755406782, -0.6576628154488244]}, {""move_vx"": -0.0, ""move_vy"": 6.4, ""kick_power"": 0.0, ""kick_dir"": null}]"
238,159,default,default,0,76.0851850449194,17.03885021716774,9,A,,2.512484379499589,0.40976537309198124,-0.048958902972220227,"[{""move_vx"": -5.0, ""move_vy"": 0.0, ""kick_power"": 0.0, ""kick_dir"": null}, {""move_vx"": 5.765406577287387, ""move_vy"": 0.632524306703964, ""kick_power"": 0.0, ""kick_dir"": null}, {""move_vx"": 5.397841542969986, ""move_vy"": -0.1526652448575064, ""kick_power"": 0.0, ""kick_dir"": null}, {""move_vx"": 0.0, ""move_vy"": 0.0, ""kick_power"": 0.0, ""kick_dir"": null}, {""move_vx"": 0.0, ""move_vy"": 0.0, ""kick_power"": 0.4, ""kick_dir"": [0.987461722084649, -0.15785793655255353]}, {""move_vx"": 3.999889598088365, ""move_vy"": 4.605527461985705, ""kick_power"": 0.0, ""kick_dir"": null}, {""move_vx"": -4.466987027357768, ""move_vy"": 2.4608996114058383, ""kick_power"": 0.0, ""kick_dir"": null}, {""move_vx"": 6.0, ""move_vy"": 0.0, ""kick_power"": 0.0, ""kick_dir"": null}, {""move_vx"": 0.0, ""move_vy"": 0.0, ""kick_power"": 0.7, ""kick_dir"": [0.9765637954278793, -0.21522804750108798]}, {""move_vx"": 5.4, ""move_vy"": 0.0, ""kick_power"": 0.0, ""kick_dir"": null}, {""move_vx"": 0.0, ""move_vy"": 0.0, ""kick_power"": 1.0, ""kick_dir"": [0.9753938344362472, 0.22046955670176704]}, {""move_vx"": -5.216220342484356, ""move_vy"": 0.5945967866145838, ""kick_power"": 0.0, ""kick_dir"": null}, {""move_vx"": -0.0, ""move_vy"": 0.0, ""kick_power"": 0.0, ""kick_dir"": null}, {""move_vx"": -0.0, ""move_vy"": 0.0, ""kick_power"": 0.4, ""kick_dir"": [-0.999855772649155, 0.01698237837364901]}, {""move_vx"": -0.0, ""move_vy"": 0.0, ""kick_power"": 0.0, ""kick_dir"": null}, {""move_vx"": -6.901402174427641, ""move_vy"": -0.901248038447476, ""kick_power"": 0.0, ""kick_dir"": null}, {""move_vx"": -4.242640687119285, ""move_vy"": 4.242640687119285, ""kick_power"": 0.0, ""kick_dir"": null}, {""move_vx"": 4.242640687119285, ""move_vy"": 4.242640687119285, ""kick_power"": 0.0, ""kick_dir"": null}, {""move_vx"": -0.0, ""move_vy"": 0.0, ""kick_power"": 0.0, ""kick_dir"": null}, {""move_vx"": -8.317119158262196, ""move_vy"": -0.2189267166609472, ""kick_power"": 0.0, ""kick_dir"": null}, {""move_vx"": -7.15568071241168, ""move_vy"": -0.7976424901040914, ""kick_power"": 0.0, ""kick_dir"": null}, {""move_vx"": -0.0, ""move_vy"": 6.4, ""kick_power"": 0.0, ""kick_dir"": null}]"
238,160,default,default,0,76.44518504491941,17.03885021716774,9,A,,2.5323161679630055,0.4074850504979353,-0.041864277535916324,"[{""move_vx"": 0.0, ""move_vy"": 0.0, ""kick_power"": 0.0, ""kick_dir"": null}, {""move_vx"": 0.0, ""move_vy"": 5.8, ""kick_power"": 0.0, ""kick_dir"": null}, {""move_vx"": 5.397856021085278, ""move_vy"": -0.15215247494999776, ""kick_power"": 0.0, ""kick_dir"": null}, {""move_vx"": 0.0, ""move_vy"": 0.0, ""kick_power"": 0.0, ""kick_dir"": null}, {""move_vx"": 0.0, ""move_vy"": 0.0, ""kick_power"": 0.4, ""kick_dir"": [0.9899630909849242, -0.1413254202027747]}, {""move_vx"": 3.9640521991612174, ""move_vy"": 4.636409188404871, ""kick_power"": 0.0, ""kick_dir"": null}, {""move_vx"": -4.466987027357768, ""move_vy"": 2.4608996114058392, ""kick_power"": 0.0, ""kick_dir"": null}, {""move_vx"": 6.0, ""move_vy"": 0.0, ""kick_power"": 0.0, ""kick_dir"": null}, {""move_vx"": 0.0, ""move_vy"": 0.0, ""kick_power"": 0.7, ""kick_dir"": [0.9765637954278793, -0.21522804750108798]}, {""move_vx"": 5.4, ""move_vy"": 0.0, ""kick_power"": 0.0, ""kick_dir"": null}, {""move_vx"": 0.0, ""move_vy"": 0.0, ""kick_power"": 1.0, ""kick_dir"": [0.9753938344362472, 0.22046955670176704]}, {""move_vx"": -5.7913288878343705, ""move_vy"": -2.9513572662310987, ""kick_power"": 0.0, ""kick_dir"": null}, {""move_vx"": -0.0, ""move_vy"": 0.0, ""kick_power"": 0.0, ""kick_dir"": null}, {""move_vx"": -0.0, ""move_vy"": 0.0, ""kick_power"": 0.4, ""kick_dir"": [-0.999820005421924, 0.018971667288188304]}, {""move_vx"": -0.0, ""move_vy"": 0.0, ""kick_power"": 0.6, ""kick_dir"": [-0.9995810654641462, 0.028942350405247595]}, {""move_vx"": -4.1012193308819755, ""move_vy"": -4.1012193308819755, ""kick_power"": 0.0, ""kick_dir"": null}, {""move_vx"": -4.242640687119285, ""move_vy"": 4.242640687119285, ""kick_power"": 0.0, ""kick_dir"": null}, {""move_vx"": 4.242640687119285, ""move_vy"": 4.242640687119285, ""kick_power"": 0.0, ""kick_dir"": null}, {""move_vx"": -0.0, ""move_vy"": 0.0, ""kick_power"": 0.0, ""kick_dir"": null}, {""move_vx"": -8.317151698947184, ""move_vy"": -0.21768696952269842, ""kick_power"": 0.0, ""kick_dir"": null}, {""move_vx"": -0.0, ""move_vy"": 0.0, ""kick_power"": 0.65, ""kick_dir"": [0.7392402618843027, -0.673441486504657]}, {""move_vx"": -0.0, ""move_vy"": 6.4, ""kick_power"": 0.0, ""kick_dir"": null}]"
238,161,default,default,0,76.80518504491943,17.03885021716774,9,A,,2.5522501852394925,0.4121200374902785,-0.04562085383731577,"[{""move_vx"": 0.0, ""move_vy"": 0.0, ""kick_power"": 0.4, ""kick_dir"": [0.952659005771748, 0.30404069882774754]}, {""move_vx"": 5.7717356589119895, ""move_vy"": 0.5718981409689919, ""kick_power"": 0.0, ""kick_dir"": null}, {""move_vx"": 5.397870450528373, ""move_vy"": -0.1516397022966777, ""kick_power"": 0.0, ""kick_dir"": null}, {""move_vx"": 0.0, ""move_vy"": 0.0, ""kick_power"": 0.0, ""kick_dir"": null}, {""move_vx"": 0.0, ""move_vy"": 0.0, ""kick_power"": 0.4, ""kick_dir"": [0.9919145925929856, -0.12690646231180927]}, {""move_vx"": 3.9278207718561786, ""move_vy"": 4.667143021611308, ""kick_power"": 0.0, ""kick_dir"": null}, {""move_vx"": -4.466987027357768, ""move_vy"": 2.4608996114058397, ""kick_power"": 0.0, ""kick_dir"": null}, {""move_vx"": 6.0, ""move_vy"": 0.0, ""kick_power"": 0.0, ""kick_dir"": null}, {""move_vx"": 0.0, ""move_vy"": 0.0, ""kick_power"": 0.7, ""kick_dir"": [0.9765637954278793, -0.21522804750108798]}, {""move_vx"": 5.4, ""move_vy"": 0.0, ""kick_power"": 0.0, ""kick_dir"": null}, {""move_vx"": 0.0, ""move_vy"": 6.0, ""kick_power"": 0.0, ""kick_dir"": null}, {""move_vx"": -5.788030337477338, ""move_vy"": -2.957820956792682, ""kick_power"": 0.0, ""kick_dir"": null}, {""move_vx"": -0.0, ""move_vy"": 0.0, ""kick_power"": 0.0, ""kick_dir"": null}, {""move_vx"": -0.0, ""move_vy"": 0.0, ""kick_power"": 0.4, ""kick_dir"": [-0.999780601641713, 0.020945551035994086]}, {""move_vx"": -0.0, ""move_vy"": 0.0, ""kick_power"": 0.6, ""kick_dir"": [-0.9996127248066476, 0.02782744390049629]}, {""move_vx"": -6.90458372413449, ""move_vy"": -0.8765406986655531, ""kick_power"": 0.0, ""kick_dir"": null}, {""move_vx"": -4.242640687119285, ""move_vy"": 4.242640687119285, ""kick_power"": 0.0, ""kick_dir"": null}, {""move_vx"": 6.0, ""move_vy"": 0.0, ""kick_power"": 0.0, ""kick_dir"": null}, {""move_vx"": -0.0, ""move_vy"": 0.0, ""kick_power"": 0.0, ""kick_dir"": null}, {""move_vx"": -5.7178608937039055, ""move_vy"": 2.8750768337996773, ""kick_power"": 0.0, ""kick_dir"": null}, {""move_vx"": -7.155680712411681, ""move_vy"": -0.7976424901040923, ""kick_power"": 0.0, ""kick_dir"": null}, {""move_vx"": -0.0, ""move_vy"": 6.4, ""kick_power"": 0.0, ""kick_dir"": null}]"
238,162,default,default,0,77.16518504491944,17.03885021716774,9,A,,2.572286569479642,0.41554917312311856,-0.043680350007936415,"[{""move_vx"": 0.0, ""move_vy"": 0.0, ""kick_power"": 0.0, ""kick_dir"": null}, {""move_vx"": 5.771988213655311, ""move_vy"": 0.5693435355074995, ""kick_power"": 0.0, ""kick_dir"": null}, {""move_vx"": 5.397884831298618, ""move_vy"": -0.1511269269067838, ""kick_power"": 0.0, ""kick_dir"": null}, {""move_vx"": 0.0, ""move_vy"": 0.0, ""kick_power"": 0.0, ""kick_dir"": null}, {""move_vx"": 0.0, ""move_vy"": 0.0, ""kick_power"": 0.4, ""kick_dir"": [0.993454491177787, -0.11422781978645175]}, {""move_vx"": 3.891206118014707, ""move_vy"": 4.697713800044115, ""kick_power"": 0.0, ""kick_dir"": null}, {""move_vx"": -4.466987027357767, ""move_vy"": 2.46089961140584, ""kick_power"": 0.0, ""kick_dir"": null}, {""move_vx"": 6.0, ""move_vy"": 0.0, ""kick_power"": 0.0, ""kick_dir"": null}, {""move_vx"": 0.0, ""move_vy"": 0.0, ""kick_power"": 0.7, ""kick_dir"": [0.9765637954278793, -0.21522804750108798]}, {""move_vx"": 5.4, ""move_vy"": 0.0, ""kick_power"": 0.0, ""kick_dir"": null}, {""move_vx"": 0.0, ""move_vy"": 0.0, ""kick_power"": 1.0, ""kick_dir"": [0.9771835958599289, 0.21239627490410512]}, {""move_vx"": -5.213831036239299, ""move_vy"": 0.615195843246556, ""kick_power"": 0.0, ""kick_dir"": null}, {""move_vx"": -0.0, ""move_vy"": 0.0, ""kick_power"": 0.0, ""kick_dir"": null}, {""move_vx"": -0.0, ""move_vy"": 0.0, ""kick_power"": 0.4, ""kick_dir"": [-0.9997376485654049, 0.022904185054675077]}, {""move_vx"": -0.0, ""move_vy"": 0.0, ""kick_power"": 0.6, ""kick_dir"": [-0.999642881673027, 0.02672219108898972]}, {""move_vx"": -4.1012193308819755, ""move_vy"": -4.1012193308819755, ""kick_power"": 0.0, ""kick_dir"": null}, {""move_vx"": -4.242640687119285, ""move_vy"": 4.242640687119285, ""kick_power"": 0.0, ""kick_dir"": null}, {""move_vx"": 4.242640687119285, ""move_vy"": 4.242640687119285, ""kick_power"": 0.0, ""kick_dir"": null}, {""move_vx"": -0.0, ""move_vy"": 0.0, ""kick_power"": 0.0, ""kick_dir"": null}, {""move_vx"": -5.72360923710953, ""move_vy"": 2.8636161231691766, ""kick_power"": 0.0, ""kick_dir"": null}, {""move_vx"": -0.0, ""move_vy"": 0.0, ""kick_power"": 0.65, ""kick_dir"": [0.7549833613109449, -0.6557436287588031]}, {""move_vx"": -0.0, ""move_vy"": 6.4, ""kick_power"": 0.0, ""kick_dir"": null}]"
238,163,default,default,0,77.29032631684747,16.379630879051355,9,A,,2.5927758497974844,0.3941537650693589,-0.07440009230639015,"[{""move_vx"": -5.0, ""move_vy"": 0.0, ""kick_power"": 0.0, ""kick_dir"": null}, {""move_vx"": 5.7722398163331805, ""move_vy"": 0.5667869994432464, ""kick_power"": 0.0, ""kick_dir"": null}, {""move_vx"": 5.397899163395367, ""move_vy"": -0.15061414878955365, ""kick_power"": 0.0, ""kick_dir"": null}, {""move_vx"": 5.333075364207456, ""move_vy"": -0.8475300346793103, ""kick_power"": 0.0, ""kick_dir"": null}, {""move_vx"": 0.0, ""move_vy"": 0.0, ""kick_power"": 0.4, ""kick_dir"": [0.9946815181955627, -0.10299761438758238]}, {""move_vx"": 3.8542197492789434, ""move_vy"": 4.728106399423362, ""kick_power"": 0.0, ""kick_dir"": null}, {""move_vx"": -4.466987027357766, ""move_vy"": 2.4608996114058406, ""kick_power"": 0.0, ""kick_dir"": null}, {""move_vx"": 6.0, ""move_vy"": 0.0, ""kick_power"": 0.0, ""kick_dir"": null}, {""move_vx"": 0.0, ""move_vy"": 0.0, ""kick_power"": 0.7, ""kick_dir"": [0.9765637954278793, -0.21522804750108798]}, {""move_vx"": 4.217658418356877, ""move_vy"": -3.8342349257789827, ""kick_power"": 0.0, ""kick_dir"": null}, {""move_vx"": 0.0, ""move_vy"": 0.0, ""kick_power"": 1.0, ""kick_dir"": [0.9771835958599289, 0.21239627490410512]}, {""move_vx"": -5.214040703602846, ""move_vy"": 0.6134162870129406, ""kick_power"": 0.0, ""kick_dir"": null}, {""move_vx"": -0.0, ""move_vy"": 0.0, ""kick_power"": 0.0, ""kick_dir"": null}, {""move_vx"": -0.0, ""move_vy"": 0.0, ""kick_power"": 0.4, ""kick_dir"": [-0.9996912315477186, 0.02484772308910077]}, {""move_vx"": -0.0, ""move_vy"": 0.0, ""kick_power"": 0.6, ""kick_dir"": [-0.9996715713168238, 0.025626471130777703]}, {""move_vx"": -4.1012193308819755, ""move_vy"": 4.1012193308819755, ""kick_power"": 0.0, ""kick_dir"": null}, {""move_vx"": -4.242640687119285, ""move_vy"": 4.242640687119285, ""kick_power"": 0.0, ""kick_dir"": null}, {""move_vx"": -0.0, ""move_vy"": 0.0, ""kick_power"": 0.4, ""kick_dir"": [0.9263468297950138, -0.37667137455000704]}, {""move_vx"": -0.0, ""move_vy"": 0.0, ""kick_power"": 0.0, ""kick_dir"": null}, {""move_vx"": -5.7293663025110755, ""move_vy"": 2.8520802533678076, ""kick_power"": 0.0, ""kick_dir"": null}, {""move_vx"": -0.0, ""move_vy"": 0.0, ""kick_power"": 0.65, ""kick_dir"": [0.7541073929712128, -0.6567507858272056]}, {""move_vx"": -0.0, ""move_vy"": 6.4, ""kick_power"": 0.0, ""kick_dir"": null}]"
238,164,default,default,0,77.55670474327,16.13746867321269,9,A,,2.6132919561395447,0.407829525419181,-0.04680683950362681,"[{""move_vx"": 0.0, ""move_vy"": 0.0, ""kick_power"": 0.0, ""kick_dir"": null}, {""move_vx"": 5.776823716718493, ""move_vy"": 0.5179843105333679, ""kick_power"": 0.0, ""kick_dir"": null}, {""move_vx"": 5.396859037946768, ""move_vy"": -0.18415353521528938, ""kick_power"": 0.0, ""kick_dir"": null}, {""move_vx"": 0.0, ""move_vy"": 0.0, ""kick_power"": 0.0, ""kick_dir"": null}, {""move_vx"": 0.0, ""move_vy"": 0.0, ""kick_power"": 0.4, ""kick_dir"": [0.9958408022548311, -0.09110947755865188]}, {""move_vx"": 3.8168738771322372, ""move_vy"": 4.758305770551691, ""kick_power"": 0.0, ""kick_dir"": null}, {""move_vx"": -4.466987027357768, ""move_vy"": 2.4608996114058383, ""kick_power"": 0.0, ""kick_dir"": null}, {""move_vx"": 6.0, ""move_vy"": 0.0, ""kick_power"": 0.0, ""kick_dir"": null}, {""move_vx"": 0.0, ""move_vy"": 0.0, ""kick_power"": 0.7, ""kick_dir"": [0.9765637954278793, -0.21522804750108798]}, {""move_vx"": 3.9956763963381228, ""move_vy"": -3.632433087580059, ""kick_power"": 0.0, ""kick_dir"": null}, {""move_vx"": 0.0, ""move_vy"": 0.0, ""kick_power"": 1.0, ""kick_dir"": [0.9771835958599289, 0.21239627490410512]}, {""move_vx"": -5.214145243209354, ""move_vy"": 0.6125270465189808, ""kick_power"": 0.0, ""kick_dir"": null}, {""move_vx"": -0.0, ""move_vy"": 0.0, ""kick_power"": 0.0, ""kick_dir"": null}, {""move_vx"": -0.0, ""move_vy"": 0.0, ""kick_power"": 0.4, ""kick_dir"": [-0.9996411064892327, 0.02678854449323967]}, {""move_vx"": -0.0, ""move_vy"": 0.0, ""kick_power"": 0.6, ""kick_dir"": [-0.9996984740091671, 0.024554586737013735]}, {""move_vx"": -6.903648964258378, ""move_vy"": -0.8838727161159714, ""kick_power"": 0.0, ""kick_dir"": null}, {""move_vx"": -4.242640687119285, ""move_vy"": 4.242640687119285, ""kick_power"": 0.0, ""kick_dir"": null}, {""move_vx"": -0.0, ""move_vy"": 0.0, ""kick_power"": 0.4, ""kick_dir"": [0.9328813881393477, -0.36018339724672754]}, {""move_vx"": -0.0, ""move_vy"": 0.0, ""kick_power"": 0.0, ""kick_dir"": null}, {""move_vx"": 4.583481474450384, ""move_vy"": -2.9300678444995336, ""kick_power"": 0.0, ""kick_dir"": null}, {""move_vx"": -0.0, ""move_vy"": 0.0, ""kick_power"": 0.65, ""kick_dir"": [0.7418213773450075, -0.6705971774560832]}, {""move_vx"": -0.0, ""move_vy"": 6.4, ""kick_power"": 0.0, ""kick_dir"": null}]"
238,165,default,default,0,77.82308316969254,15.895306467374024,9,A,,2.6338871944287328,0.4126743738219128,-0.05926649911654942,"[{""move_vx"": 0.0, ""move_vy"": 0.0, ""kick_power"": 0.0, ""kick_dir"": null}, {""move_vx"": 5.778538294455573, ""move_vy"": 0.4984929081847336, ""kick_power"": 0.0, ""kick_dir"": null}, {""move_vx"": 5.396437382631583, ""move_vy"": -0.19612132810176444, ""kick_power"": 0.0, ""kick_dir"": null}, {""move_vx"": -5.4, ""move_vy"": 0.0, ""kick_power"": 0.0, ""kick_dir"": null}, {""move_vx"": 0.0, ""move_vy"": 0.0, ""kick_power"": 0.4, ""kick_dir"": [0.9970138648027026, -0.07722176978497008]}, {""move_vx"": 3.7791813999531616, ""move_vy"": 4.78829697765793, ""kick_power"": 0.0, ""kick_dir"": null}, {""move_vx"": -4.466987027357768, ""move_vy"": 2.4608996114058392, ""kick_power"": 0.0, ""kick_dir"": null}, {""move_vx"": 6.0, ""move_vy"": 0.0, ""kick_power"": 0.0, ""kick_dir"": null}, {""move_vx"": 3.970082735179357, ""move_vy"": -5.026178277362511, ""kick_power"": 0.0, ""kick_dir"": null}, {""move_vx"": 3.9956763963381388, ""move_vy"": -3.6324330875800417, ""kick_power"": 0.0, ""kick_dir"": null}, {""move_vx"": 0.0, ""move_vy"": 0.0, ""kick_power"": 1.0, ""kick_dir"": [0.9771835958599289, 0.21239627490410512]}, {""move_vx"": -5.214145243209354, ""move_vy"": 0.6125270465189807, ""kick_power"": 0.0, ""kick_dir"": null}, {""move_vx"": -0.0, ""move_vy"": 0.0, ""kick_power"": 0.0, ""kick_dir"": null}, {""move_vx"": -3.8183766184073566, ""move_vy"": 3.8183766184073566, ""kick_power"": 0.0, ""kick_dir"": null}, {""move_vx"": -4.957872521869103, ""move_vy"": -2.1399766486799106, ""kick_power"": 0.0, ""kick_dir"": null}, {""move_vx"": -6.903648964258378, ""move_vy"": -0.8838727161159711, ""kick_power"": 0.0, ""kick_dir"": null}, {""move_vx"": -4.242640687119285, ""move_vy"": 4.242640687119285, ""kick_power"": 0.0, ""kick_dir"": null}, {""move_vx"": -0.0, ""move_vy"": 0.0, ""kick_power"": 0.4, ""kick_dir"": [0.9226788685630849, -0.38556900503953245]}, {""move_vx"": -0.0, ""move_vy"": 0.0, ""kick_power"": 0.0, ""kick_dir"": null}, {""move_vx"": -4.525483399593904, ""move_vy"": -4.525483399593904, ""kick_power"": 0.0, ""kick_dir"": null}, {""move_vx"": -0.0, ""move_vy"": 0.0, ""kick_power"": 0.65, ""kick_dir"": [0.7504759720473582, -0.6608974066459419]}, {""move_vx"": -0.0, ""move_vy"": 6.4, ""kick_power"": 0.0, ""kick_dir"": null}]"
238,166,default,default,0,76.51992942822389,16.680214567858748,9,A,,2.6674765797152373,0.48217271018299307,0.15068639252333432,"[{""move_vx"": 0.0, ""move_vy"": 0.0, ""kick_power"": 0.0, ""kick_dir"": null}, {""move_vx"": 5.780192992383248, ""move_vy"": 0.4789248070455173, ""kick_power"": 0.0, ""kick_dir"": null}, {""move_vx"": 5.395988438110334, ""move_vy"": -0.2081076062512064, ""kick_power"": 0.0, ""kick_dir"": null}, {""move_vx"": 0.0, ""move_vy"": 0.0, ""kick_power"": 0.0, ""kick_dir"": null}, {""move_vx"": 0.0, ""move_vy"": 0.0, ""kick_power"": 0.4, ""kick_dir"": [0.9980560210496384, -0.06232202048844155]}, {""move_vx"": 3.741155887061603, ""move_vy"": 4.818065237074349, ""kick_power"": 0.0, ""kick_dir"": null}, {""move_vx"": -4.466987027357768, ""move_vy"": 2.46089961140584, ""kick_power"": 0.0, ""kick_dir"": null}, {""move_vx"": 6.0, ""move_vy"": 0.0, ""kick_power"": 0.0, ""kick_dir"": null}, {""move_vx"": 3.9773884527562897, ""move_vy"": -5.020398997677469, ""kick_power"": 0.0, ""kick_dir"": null}, {""move_vx"": -4.661561124360169, ""move_vy"": 2.0687793221738153, ""kick_power"": 0.0, ""kick_dir"": null}, {""move_vx"": 0.0, ""move_vy"": 0.0, ""kick_power"": 1.0, ""kick_dir"": [0.9771835958599289, 0.21239627490410512]}, {""move_vx"": -5.214145243209354, ""move_vy"": 0.6125270465189805, ""kick_power"": 0.0, ""kick_dir"": null}, {""move_vx"": -0.0, ""move_vy"": 0.0, ""kick_power"": 0.0, ""kick_dir"": null}, {""move_vx"": -3.8183766184073566, ""move_vy"": 3.8183766184073566, ""kick_power"": 0.0, ""kick_dir"": null}, {""move_vx"": -0.0, ""move_vy"": 0.0, ""kick_power"": 0.6, ""kick_dir"": [-0.9996612671679038, 0.02602532521843635]}, {""move_vx"": -6.9036489642583785, ""move_vy"": -0.8838727161159708, ""kick_power"": 0.0, ""kick_dir"": null}, {""move_vx"": -4.242640687119285, ""move_vy"": 4.242640687119285, ""kick_power"": 0.0, ""kick_dir"": null}, {""move_vx"": -0.0, ""move_vy"": 0.0, ""kick_power"": 0.4, ""kick_dir"": [0.9106046041645811, -0.4132783494689672]}, {""move_vx"": -0.0, ""move_vy"": 0.0, ""kick_power"": 0.0, ""kick_dir"": null}, {""move_vx"": -4.525483399593904, ""move_vy"": -4.525483399593904, ""kick_power"": 0.0, ""kick_dir"": null}, {""move_vx"": -0.0, ""move_vy"": 0.0, ""kick_power"": 0.65, ""kick_dir"": [0.6996927625592749, -0.7144435679609553]}, {""move_vx"": -0.0, ""move_vy"": 6.4, ""kick_power"": 0.0, ""kick_dir"": null}]"
238,167,default,default,0,78.06834838403097,16.436828765250063,9,A,,2.6775316725781533,0.3995676084323866,-0.1574403835070587,"[{""move_vx"": 0.0, ""move_vy"": 5.0, ""kick_power"": 0.0, ""kick_dir"": null}, {""move_vx"": 4.677149909788176, ""move_vy"": 3.4299079756413944, ""kick_power"": 0.0, ""kick_dir"": null}, {""move_vx"": 4.905617385108759, ""move_vy"": 2.2571925196842875, ""kick_power"": 0.0, ""kick_dir"": null}, {""move_vx"": 0.0, ""move_vy"": 0.0, ""kick_power"": 0.0, ""kick_dir"": null}, {""move_vx"": 0.0, ""move_vy"": 0.0, ""kick_power"": 0.4, ""kick_dir"": [-0.7792950732867199, -0.6266570170837603]}, {""move_vx"": 3.702811559758477, ""move_vy"": 4.84759595603006, ""kick_power"": 0.0, ""kick_dir"": null}, {""move_vx"": 5.999115648509169, ""move_vy"": -1.9236973347729156, ""kick_power"": 0.0, ""kick_dir"": null}, {""move_vx"": 6.0, ""move_vy"": 0.0, ""kick_power"": 0.0, ""kick_dir"": null}, {""move_vx"": 3.6411551388239327, ""move_vy"": -4.5082163052604365, ""kick_power"": 0.0, ""kick_dir"": null}, {""move_vx"": 6.0, ""move_vy"": 0.0, ""kick_power"": 0.0, ""kick_dir"": null}, {""move_vx"": 0.0, ""move_vy"": 0.0, ""kick_power"": 1.0, ""kick_dir"": [0.9771835958599289, 0.21239627490410512]}, {""move_vx"": -5.214145243209354, ""move_vy"": 0.6125270465189804, ""kick_power"": 0.0, ""kick_dir"": null}, {""move_vx"": -0.0, ""move_vy"": 0.0, ""kick_power"": 0.0, ""kick_dir"": null}, {""move_vx"": -3.8183766184073566, ""move_vy"": 3.8183766184073566, ""kick_power"": 0.0, ""kick_dir"": null}, {""move_vx"": -0.0, ""move_vy"": 0.0, ""kick_power"": 0.6, ""kick_dir"": [-0.9996838437184757, 0.025143176776146536]}, {""move_vx"": 1.1697574523998113, ""move_vy"": -5.384400384681205, ""kick_power"": 0.0, ""kick_dir"": null}, {""move_vx"": -4.242640687119285, ""move_vy"": 4.242640687119285, ""kick_power"": 0.0, ""kick_dir"": null}, {""move_vx"": 4.242640687119285, ""move_vy"": 4.242640687119285, ""kick_power"": 0.0, ""kick_dir"": null}, {""move_vx"": -0.0, ""move_vy"": 0.0, ""kick_power"": 0.0, ""kick_dir"": null}, {""move_vx"": -5.664361473872614, ""move_vy"": 2.9790953481397118, ""kick_power"": 0.0, ""kick_dir"": null}, {""move_vx"": -0.0, ""move_vy"": 0.0, ""kick_power"": 0.65, ""kick_dir"": [0.6471864583303932, -0.7623314704985579]}, {""move_vx"": 4.525483399593904, ""move_vy"": -4.525483399593904, ""kick_power"": 0.0, ""kick_dir"": null}]"
238,168,default,default,0,78.42834838403098,16.436828765250063,9,A,,2.6981924303193425,0.4196905625555583,-0.03589744503254414,"[{""move_vx"": 4.999829446191731, ""move_vy"": -0.041297808587018384, ""kick_power"": 0.0, ""kick_dir"": null}, {""move_vx"": 0.0, ""move_vy"": 5.8, ""kick_power"": 0.0, ""kick_dir"": null}, {""move_vx"": 5.396427571829788, ""move_vy"": -0.19639109449072237, ""kick_power"": 0.0, ""kick_dir"": null}, {""move_vx"": 0.0, ""move_vy"": 0.0, ""kick_power"": 0.0, ""kick_dir"": null}, {""move_vx"": 0.0, ""move_vy"": 0.0, ""kick_power"": 0.4, ""kick_dir"": [-0.792916243831931, -0.6093304995616512]}, {""move_vx"": 3.6641632693843773, ""move_vy"": 4.876874771336086, ""kick_power"": 0.0, ""kick_dir"": null}, {""move_vx"": -4.486012260153823, ""move_vy"": 2.4260449298703426, ""kick_power"": 0.0, ""kick_dir"": null}, {""move_vx"": 6.0, ""move_vy"": 0.0, ""kick_power"": 0.0, ""kick_dir"": null}, {""move_vx"": 0.0, ""move_vy"": 0.0, ""kick_power"": 0.7, ""kick_dir"": [0.9799519662027313, -0.19923378750980858]}, {""move_vx"": 5.4, ""move_vy"": 0.0, ""kick_power"": 0.0, ""kick_dir"": null}, {""move_vx"": 0.0, ""move_vy"": 0.0, ""kick_power"": 1.0, ""kick_dir"": [0.9771835958599289, 0.21239627490410512]}, {""move_vx"": -5.214145243209354, ""move_vy"": 0.6125270465189803, ""kick_power"": 0.0, ""kick_dir"": null}, {""move_vx"": -0.0, ""move_vy"": 0.0, ""kick_power"": 0.0, ""kick_dir"": null}, {""move_vx"": -0.0, ""move_vy"": 0.0, ""kick_power"": 0.4, ""kick_dir"": [-0.9998774534232161, 0.015653942329094044]}, {""move_vx"": -0.0, ""move_vy"": 0.0, ""kick_power"": 0.0, ""kick_dir"": null}, {""move_vx"": -6.908628992933095, ""move_vy"": -0.8440648304509849, ""kick_power"": 0.0, ""kick_dir"": null}, {""move_vx"": -4.242640687119285, ""move_vy"": 4.242640687119285, ""kick_power"": 0.0, ""kick_dir"": null}, {""move_vx"": 2.958074921772011, ""move_vy"": -4.517719862627995, ""kick_power"": 0.0, ""kick_dir"": null}, {""move_vx"": -0.0, ""move_vy"": 0.0, ""kick_power"": 0.0, ""kick_dir"": null}, {""move_vx"": -0.0, ""move_vy"": -6.4, ""kick_power"": 0.0, ""kick_dir"": null}, {""move_vx"": -0.0, ""move_vy"": 0.0, ""kick_power"": 0.65, ""kick_dir"": [0.6396617874768008, -0.7686561993240434]}, {""move_vx"": -0.0, ""move_vy"": 6.4, ""kick_power"": 0.0, ""kick_dir"": null}]"
238,169,default,default,0,78.788348384031,16.436828765250063,9,A,,2.718960917554537,0.41926743297594404,-0.03946480223625224,"[{""move_vx"": 4.999831153955304, ""move_vy"": -0.0410905334350727, ""kick_power"": 0.0, ""kick_dir"": null}, {""move_vx"": 4.698054279007131, ""move_vy"": 3.401218309885855, ""kick_power"": 0.0, ""kick_dir"": null}, {""move_vx"": 5.396452469074802, ""move_vy"": -0.19570577154613883, ""kick_power"": 0.0, ""kick_dir"": null}, {""move_vx"": 0.0, ""move_vy"": 0.0, ""kick_power"": 0.0, ""kick_dir"": null}, {""move_vx"": 0.0, ""move_vy"": 0.0, ""kick_power"": 0.4, ""kick_dir"": [-0.8066034027884895, -0.5910928670341409]}, {""move_vx"": 3.625226472446913, ""move_vy"": 4.905887587732734, ""kick_power"": 0.0, ""kick_dir"": null}, {""move_vx"": -4.486012260153823, ""move_vy"": 2.4260449298703417, ""kick_power"": 0.0, ""kick_dir"": null}, {""move_vx"": 0.0, ""move_vy"": 6.0, ""kick_power"": 0.0, ""kick_dir"": null}, {""move_vx"": 0.0, ""move_vy"": 0.0, ""kick_power"": 0.7, ""kick_dir"": [0.9799519662027313, -0.19923378750980858]}, {""move_vx"": 5.4, ""move_vy"": 0.0, ""kick_power"": 0.0, ""kick_dir"": null}, {""move_vx"": 0.0, ""move_vy"": 0.0, ""kick_power"": 1.0, ""kick_dir"": [0.9771835958599289, 0.21239627490410512]}, {""move_vx"": -5.214145243209354, ""move_vy"": 0.6125270465189802, ""kick_power"": 0.0, ""kick_dir"": null}, {""move_vx"": -0.0, ""move_vy"": 0.0, ""kick_power"": 0.0, ""kick_dir"": null}, {""move_vx"": -0.0, ""move_vy"": 0.0, ""kick_power"": 0.4, ""kick_dir"": [-0.9998443067796444, 0.017644549106464902]}, {""move_vx"": -0.0, ""move_vy"": 0.0, ""kick_power"": 0.6, ""kick_dir"": [-0.9997090080120643, 0.024121902299696272]}, {""move_vx"": 1.5069590309186796, ""move_vy"": -5.299922120100694, ""kick_power"": 0.0, ""kick_dir"": null}, {""move_vx"": -4.242640687119285, ""move_vy"": 4.242640687119285, ""kick_power"": 0.0, ""kick_dir"": null}, {""move_vx"": -0.0, ""move_vy"": 0.0, ""kick_power"": 0.4, ""kick_dir"": [0.8421211387825394, -0.5392881327762838]}, {""move_vx"": -0.0, ""move_vy"": 0.0, ""kick_power"": 0.0, ""kick_dir"": null}, {""move_vx"": -5.63710153644321, ""move_vy"": 3.0303607487937154, ""kick_power"": 0.0, ""kick_dir"": null}, {""move_vx"": -0.0, ""move_vy"": 0.0, ""kick_power"": 0.65, ""kick_dir"": [0.59521803369676, -0.8035639852494295]}, {""move_vx"": -0.0, ""move_vy"": 6.4, ""kick_power"": 0.0, ""kick_dir"": null}]"
238,170,default,default,0,79.14834838403101,16.436828765250063,9,A,,2.7398371373774038,0.4267181346192248,-0.03971708683887773,"[{""move_vx"": 4.999832842475028, ""move_vy"": -0.0408845607543951, ""kick_power"": 0.0, ""kick_dir"": null}, {""move_vx"": 4.69805427900713, ""move_vy"": 3.4012183098858553, ""kick_power"": 0.0, ""kick_dir"": null}, {""move_vx"": 5.396477279400798, ""move_vy"": -0.1950204422899464, ""kick_power"": 0.0, ""kick_dir"": null}, {""move_vx"": 0.0, ""move_vy"": 0.0, ""kick_power"": 0.0, ""kick_dir"": null}, {""move_vx"": 0.0, ""move_vy"": 0.0, ""kick_power"": 0.4, ""kick_dir"": [-0.8199523265979051, -0.5724316627009556]}, {""move_vx"": 3.586017202891029, ""move_vy"": 4.934620615667388, ""kick_power"": 0.0, ""kick_dir"": null}, {""move_vx"": -4.486012260153823, ""move_vy"": 2.4260449298703413, ""kick_power"": 0.0, ""kick_dir"": null}, {""move_vx"": 6.0, ""move_vy"": 0.0, ""kick_power"": 0.0, ""kick_dir"": null}, {""move_vx"": 0.0, ""move_vy"": 0.0, ""kick_power"": 0.7, ""kick_dir"": [0.9799519662027313, -0.19923378750980858]}, {""move_vx"": 5.4, ""move_vy"": 0.0, ""kick_power"": 0.0, ""kick_dir"": null}, {""move_vx"": 0.0, ""move_vy"": 0.0, ""kick_power"": 1.0, ""kick_dir"": [0.9771835958599289, 0.21239627490410512]}, {""move_vx"": -5.214145243209354, ""move_vy"": 0.61252704651898, ""kick_power"": 0.0, ""kick_dir"": null}, {""move_vx"": -0.0, ""move_vy"": 0.0, ""kick_power"": 0.0, ""kick_dir"": null}, {""move_vx"": -0.0, ""move_vy"": 0.0, ""kick_power"": 0.4, ""kick_dir"": [-0.9998060199406116, 0.019694936824192568]}, {""move_vx"": -0.0, ""move_vy"": 0.0, ""kick_power"": 0.6, ""kick_dir"": [-0.9997324552178651, 0.023129742354944607]}, {""move_vx"": 1.558130510800921, ""move_vy"": -5.2851044749665315, ""kick_power"": 0.0, ""kick_dir"": null}, {""move_vx"": -4.242640687119285, ""move_vy"": 4.242640687119285, ""kick_power"": 0.0, ""kick_dir"": null}, {""move_vx"": -0.0, ""move_vy"": 0.0, ""kick_power"": 0.4, ""kick_dir"": [0.8228710774558102, -0.5682278630017863]}, {""move_vx"": -0.0, ""move_vy"": 0.0, ""kick_power"": 0.0, ""kick_dir"": null}, {""move_vx"": -5.643512071684896, ""move_vy"": 3.018405455989447, ""kick_power"": 0.0, ""kick_dir"": null}, {""move_vx"": -0.0, ""move_vy"": 0.0, ""kick_power"": 0.65, ""kick_dir"": [0.5843660114305466, -0.8114899405908583]}, {""move_vx"": -0.0, ""move_vy"": 6.4, ""kick_power"": 0.0, ""kick_dir"": null}]"
238,171,default,default,0,79.50834838403102,16.436828765250063,9,A,,2.7608210928358385,0.4348993077712886,-0.039989908707255425,"[{""move_vx"": 4.999834511991842, ""move_vy"": -0.04067988071895532, ""kick_power"": 0.0, ""kick_dir"": null}, {""move_vx"": 4.69805427900713, ""move_vy"": 3.401218309885855, ""kick_power"": 0.0, ""kick_dir"": null}, {""move_vx"": 5.396502002805774, ""move_vy"": -0.19433510674418175, ""kick_power"": 0.0, ""kick_dir"": null}, {""move_vx"": 5.993874708165871, ""move_vy"": -2.462491823907139, ""kick_power"": 0.0, ""kick_dir"": null}, {""move_vx"": 0.0, ""move_vy"": 0.0, ""kick_power"": 0.4, ""kick_dir"": [-0.8329353057336927, -0.5533702218362309]}, {""move_vx"": 3.546552041611278, ""move_vy"": 4.963060408270573, ""kick_power"": 0.0, ""kick_dir"": null}, {""move_vx"": -4.4860122601538235, ""move_vy"": 2.4260449298703404, ""kick_power"": 0.0, ""kick_dir"": null}, {""move_vx"": 6.0, ""move_vy"": 0.0, ""kick_power"": 0.0, ""kick_dir"": null}, {""move_vx"": 0.0, ""move_vy"": 0.0, ""kick_power"": 0.7, ""kick_dir"": [0.9799519662027313, -0.19923378750980858]}, {""move_vx"": 5.4, ""move_vy"": 0.0, ""kick_power"": 0.0, ""kick_dir"": null}, {""move_vx"": 0.0, ""move_vy"": 0.0, ""kick_power"": 1.0, ""kick_dir"": [0.9771835958599289, 0.21239627490410512]}, {""move_vx"": -5.214145243209354, ""move_vy"": 0.6125270465189799, ""kick_power"": 0.0, ""kick_dir"": null}, {""move_vx"": -0.0, ""move_vy"": 0.0, ""kick_power"": 0.0, ""kick_dir"": null}, {""move_vx"": -0.0, ""move_vy"": 0.0, ""kick_power"": 0.4, ""kick_dir"": [-0.9997627759430815, 0.021779807442830045]}, {""move_vx"": -0.0, ""move_vy"": 0.0, ""kick_power"": 0.6, ""kick_dir"": [-0.9997558200512808, 0.02209677354486715]}, {""move_vx"": 1.6093909862188356, ""move_vy"": -5.269721117239277, ""kick_power"": 0.0, ""kick_dir"": null}, {""move_vx"": -4.242640687119285, ""move_vy"": 4.242640687119285, ""kick_power"": 0.0, ""kick_dir"": null}, {""move_vx"": -0.0, ""move_vy"": 0.0, ""kick_power"": 0.4, ""kick_dir"": [0.804465806119509, -0.5939987310770894]}, {""move_vx"": -0.0, ""move_vy"": 0.0, ""kick_power"": 0.0, ""kick_dir"": null}, {""move_vx"": -5.649935434038178, ""move_vy"": 3.0063648466544834, ""kick_power"": 0.0, ""kick_dir"": null}, {""move_vx"": -0.0, ""move_vy"": 0.0, ""kick_power"": 0.65, ""kick_dir"": [0.5717429109707577, -0.820432551829165]}, {""move_vx"": -0.0, ""move_vy"": 6.4, ""kick_power"": 0.0, ""kick_dir"": null}]"
238,172,default,default,0,79.86834838403104,16.436828765250063,9,A,,2.781912786932791,0.4312844039400221,-0.040277880242153626,"[{""move_vx"": 4.99983616274336, ""move_vy"": -0.04047648358918208, ""kick_power"": 0.0, ""kick_dir"": null}, {""move_vx"": 5.790654962259276, ""move_vy"": 0.3291126069630567, ""kick_power"": 0.0, ""kick_dir"": null}, {""move_vx"": 5.39652663928774, ""move_vy"": -0.193649764930883, ""kick_power"": 0.0, ""kick_dir"": null}, {""move_vx"": 0.0, ""move_vy"": 0.0, ""kick_power"": 0.0, ""kick_dir"": null}, {""move_vx"": 0.0, ""move_vy"": 0.0, ""kick_power"": 0.4, ""kick_dir"": [-0.8149189049581447, -0.5795748447270836]}, {""move_vx"": 3.506848083329218, ""move_vy"": 4.991193897300543, ""kick_power"": 0.0, ""kick_dir"": null}, {""move_vx"": -4.4860122601538235, ""move_vy"": 2.426044929870339, ""kick_power"": 0.0, ""kick_dir"": null}, {""move_vx"": 6.0, ""move_vy"": 0.0, ""kick_power"": 0.0, ""kick_dir"": null}, {""move_vx"": 0.0, ""move_vy"": 0.0, ""kick_power"": 0.7, ""kick_dir"": [0.9799519662027313, -0.19923378750980858]}, {""move_vx"": 5.4, ""move_vy"": 0.0, ""kick_power"": 0.0, ""kick_dir"": null}, {""move_vx"": 0.0, ""move_vy"": 0.0, ""kick_power"": 1.0, ""kick_dir"": [0.9771835958599289, 0.21239627490410512]}, {""move_vx"": -5.214145243209354, ""move_vy"": 0.6125270465189798, ""kick_power"": 0.0, ""kick_dir"": null}, {""move_vx"": -0.0, ""move_vy"": 0.0, ""kick_power"": 0.0, ""kick_dir"": null}, {""move_vx"": -0.0, ""move_vy"": 0.0, ""kick_power"": 0.4, ""kick_dir"": [-0.9997150437259846, 0.023870476401568363]}, {""move_vx"": -0.0, ""move_vy"": 0.0, ""kick_power"": 0.6, ""kick_dir"": [-0.999778356261119, 0.021052449110154785]}, {""move_vx"": 1.6607266925764828, ""move_vy"": -5.253768823669725, ""kick_power"": 0.0, ""kick_dir"": null}, {""move_vx"": -4.242640687119285, ""move_vy"": 4.242640687119285, ""kick_power"": 0.0, ""kick_dir"": null}, {""move_vx"": -0.0, ""move_vy"": 0.0, ""kick_power"": 0.4, ""kick_dir"": [0.7870017660535525, -0.6169505302196661]}, {""move_vx"": -0.0, ""move_vy"": 0.0, ""kick_power"": 0.0, ""kick_dir"": null}, {""move_vx"": -5.656371528467497, ""move_vy"": 2.994237988527677, ""kick_power"": 0.0, ""kick_dir"": null}, {""move_vx"": -0.0, ""move_vy"": 0.0, ""kick_power"": 0.65, ""kick_dir"": [0.5569305657227336, -0.8305587506609423]}, {""move_vx"": -0.0, ""move_vy"": 6.4, ""kick_power"": 0.0, ""kick_dir"": null}]"
238,173,default,default,0,79.86834838403104,16.436828765250063,9,A,,2.8057371031277407,0.4347558130265195,-0.012659030245474209,"[{""move_vx"": 4.999837794963939, ""move_vy"": -0.0402743597110946, ""kick_power"": 0.0, ""kick_dir"": null}, {""move_vx"": 5.790743360645254, ""move_vy"": 0.32755355461802255, ""kick_power"": 0.0, ""kick_dir"": null}, {""move_vx"": 5.396551188844707, ""move_vy"": -0.19296441687208976, ""kick_power"": 0.0, ""kick_dir"": null}, {""move_vx"": 0.0, ""move_vy"": 0.0, ""kick_power"": 0.0, ""kick_dir"": null}, {""move_vx"": 0.0, ""move_vy"": 0.0, ""kick_power"": 0.4, ""kick_dir"": [-0.8283221210577518, -0.5602519848519697]}, {""move_vx"": 3.466922900982533, ""move_vy"": 5.019008427831422, ""kick_power"": 0.0, ""kick_dir"": null}, {""move_vx"": -4.486012260153824, ""move_vy"": 2.426044929870338, ""kick_power"": 0.0, ""kick_dir"": null}, {""move_vx"": 0.0, ""move_vy"": 0.0, ""kick_power"": 0.0, ""kick_dir"": null}, {""move_vx"": 0.0, ""move_vy"": 0.0, ""kick_power"": 0.7, ""kick_dir"": [0.9799519662027313, -0.19923378750980858]}, {""move_vx"": 0.0, ""move_vy"": 0.0, ""kick_power"": 0.0, ""kick_dir"": null}, {""move_vx"": 0.0, ""move_vy"": 0.0, ""kick_power"": 1.0, ""kick_dir"": [0.9771835958599289, 0.21239627490410512]}, {""move_vx"": -5.214145243209354, ""move_vy"": 0.6125270465189796, ""kick_power"": 0.0, ""kick_dir"": null}, {""move_vx"": -0.0, ""move_vy"": 0.0, ""kick_power"": 0.0, ""kick_dir"": null}, {""move_vx"": -0.0, ""move_vy"": 0.0, ""kick_power"": 0.4, ""kick_dir"": [-0.9996634776131035, 0.02594031493968216]}, {""move_vx"": -0.0, ""move_vy"": 0.0, ""kick_power"": 0.6, ""kick_dir"": [-0.999799486941262, 0.02002381860073737]}, {""move_vx"": 1.7121235673866277, ""move_vy"": -5.237244780416443, ""kick_power"": 0.0, ""kick_dir"": null}, {""move_vx"": -4.242640687119285, ""move_vy"": 4.242640687119285, ""kick_power"": 0.0, ""kick_dir"": null}, {""move_vx"": -0.0, ""move_vy"": 0.0, ""kick_power"": 0.4, ""kick_dir"": [0.7705305128738802, -0.6374029145281278]}, {""move_vx"": -0.0, ""move_vy"": 0.0, ""kick_power"": 0.0, ""kick_dir"": null}, {""move_vx"": -5.662820256243089, ""move_vy"": 2.982023934424899, ""kick_power"": 0.0, ""kick_dir"": null}, {""move_vx"": -5.584882732678707, ""move_vy"": 2.1929625765678775, ""kick_power"": 0.0, ""kick_dir"": null}, {""move_vx"": -0.0, ""move_vy"": 6.4, ""kick_power"": 0.0, ""kick_dir"": null}]"
238,174,default,default,0,80.22834838403105,16.436828765250063,9,A,,2.82693656417459,0.4360476590788656,-0.038117580288643246,"[{""move_vx"": 4.999838761396299, ""move_vy"": -0.040154203256003745, ""kick_power"": 0.0, ""kick_dir"": null}, {""move_vx"": 4.6689996233014055, ""move_vy"": 3.4409944082505173, ""kick_power"": 0.0, ""kick_dir"": null}, {""move_vx"": 5.396551188844707, ""move_vy"": -0.19296441687208965, ""kick_power"": 0.0, ""kick_dir"": null}, {""move_vx"": 0.0, ""move_vy"": 0.0, ""kick_power"": 0.0, ""kick_dir"": null}, {""move_vx"": 0.0, ""move_vy"": 0.0, ""kick_power"": 0.4, ""kick_dir"": [-0.8411938551952892, -0.5407335030363215]}, {""move_vx"": 3.426794507795044, ""move_vy"": 5.046491791467189, ""kick_power"": 0.0, ""kick_dir"": null}, {""move_vx"": -4.486012260153824, ""move_vy"": 2.4260449298703373, ""kick_power"": 0.0, ""kick_dir"": null}, {""move_vx"": 6.0, ""move_vy"": 0.0, ""kick_power"": 0.0, ""kick_dir"": null}, {""move_vx"": 4.212236727428428, ""move_vy"": -4.825047849721603, ""kick_power"": 0.0, ""kick_dir"": null}, {""move_vx"": 5.4, ""move_vy"": 0.0, ""kick_power"": 0.0, ""kick_dir"": null}, {""move_vx"": 0.0, ""move_vy"": 0.0, ""kick_power"": 1.0, ""kick_dir"": [0.9771835958599289, 0.21239627490410512]}, {""move_vx"": -4.784340825907226, ""move_vy"": -4.400009416075989, ""kick_power"": 0.0, ""kick_dir"": null}, {""move_vx"": -0.0, ""move_vy"": 0.0, ""kick_power"": 0.0, ""kick_dir"": null}, {""move_vx"": -3.8183766184073566, ""move_vy"": 3.8183766184073566, ""kick_power"": 0.0, ""kick_dir"": null}, {""move_vx"": -0.0, ""move_vy"": 0.0, ""kick_power"": 0.6, ""kick_dir"": [-0.9998193408232023, 0.01900666336833996]}, {""move_vx"": 1.7121235673866277, ""move_vy"": -5.237244780416444, ""kick_power"": 0.0, ""kick_dir"": null}, {""move_vx"": -4.242640687119285, ""move_vy"": 4.242640687119285, ""kick_power"": 0.0, ""kick_dir"": null}, {""move_vx"": 4.242640687119285, ""move_vy"": 4.242640687119285, ""kick_power"": 0.0, ""kick_dir"": null}, {""move_vx"": -0.0, ""move_vy"": 0.0, ""kick_power"": 0.0, ""kick_dir"": null}, {""move_vx"": -5.669281514844406, ""move_vy"": 2.9697217218863337, ""kick_power"": 0.0, ""kick_dir"": null}, {""move_vx"": -0.0, ""move_vy"": 0.0, ""kick_power"": 0.65, ""kick_dir"": [0.5733816116959245, -0.8192880970248476]}, {""move_vx"": -3.9101277898820674, ""move_vy"": -4.229479952286332, ""kick_power"": 0.0, ""kick_dir"": null}]"
238,175,default,default,0,80.58834838403106,16.436828765250063,9,A,,2.848243769392944,0.43492357083962374,-0.048438378739957794,"[{""move_vx"": 4.999840366893989, ""move_vy"": -0.03995379302868059, ""kick_power"": 0.0, ""kick_dir"": null}, {""move_vx"": 5.792582359442735, ""move_vy"": 0.2932398490533762, ""kick_power"": 0.0, ""kick_dir"": null}, {""move_vx"": 5.3965758262848444, ""move_vy"": -0.192274156240644, ""kick_power"": 0.0, ""kick_dir"": null}, {""move_vx"": 0.0, ""move_vy"": 0.0, ""kick_power"": 0.0, ""kick_dir"": null}, {""move_vx"": 0.0, ""move_vy"": 0.0, ""kick_power"": 0.4, ""kick_dir"": [-0.8535224361126049, -0.5210559231296302]}, {""move_vx"": 3.3864813172176844, ""move_vy"": 5.073632257873601, ""kick_power"": 0.0, ""kick_dir"": null}, {""move_vx"": -4.486012260153825, ""move_vy"": 2.426044929870336, ""kick_power"": 0.0, ""kick_dir"": null}, {""move_vx"": 6.0, ""move_vy"": 0.0, ""kick_power"": 0.0, ""kick_dir"": null}, {""move_vx"": 0.0, ""move_vy"": 0.0, ""kick_power"": 0.7, ""kick_dir"": [0.9810259479330736, -0.19387637126147533]}, {""move_vx"": 5.4, ""move_vy"": 0.0, ""kick_power"": 0.0, ""kick_dir"": null}, {""move_vx"": 0.0, ""move_vy"": 0.0, ""kick_power"": 1.0, ""kick_dir"": [0.9771835958599289, 0.21239627490410512]}, {""move_vx"": -5.211911656131813, ""move_vy"": 0.6312502583582379, ""kick_power"": 0.0, ""kick_dir"": null}, {""move_vx"": -0.0, ""move_vy"": 0.0, ""kick_power"": 0.0, ""kick_dir"": null}, {""move_vx"": -0.0, ""move_vy"": 0.0, ""kick_power"": 0.4, ""kick_dir"": [-0.9996829351328472, 0.025179311539892692]}, {""move_vx"": -5.4, ""move_vy"": 0.0, ""kick_power"": 0.0, ""kick_dir"": null}, {""move_vx"": 1.764115476245097, ""move_vy"": -5.2199613587145, ""kick_power"": 0.0, ""kick_dir"": null}, {""move_vx"": -4.242640687119285, ""move_vy"": 4.242640687119285, ""kick_power"": 0.0, ""kick_dir"": null}, {""move_vx"": 4.242640687119285, ""move_vy"": 4.242640687119285, ""kick_power"": 0.0, ""kick_dir"": null}, {""move_vx"": -5.9837966656719015, ""move_vy"": -0.4406557203689029, ""kick_power"": 0.0, ""kick_dir"": null}, {""move_vx"": -5.659548225848811, ""move_vy"": 2.988229221343565, ""kick_power"": 0.0, ""kick_dir"": null}, {""move_vx"": -0.0, ""move_vy"": 0.0, ""kick_power"": 0.65, ""kick_dir"": [0.5299502279891243, -0.8480284166337198]}, {""move_vx"": -0.0, ""move_vy"": 6.4, ""kick_power"": 0.0, ""kick_dir"": null}]"
238,176,default,default,0,80.94834838403108,16.436828765250063,9,A,,2.8696587216614473,0.4412124275378122,-0.04039499921332901,"[{""move_vx"": 4.999841954400796, ""move_vy"": -0.03975463512129086, ""kick_power"": 0.0, ""kick_dir"": null}, {""move_vx"": 5.792653924275384, ""move_vy"": 0.2918227434196969, ""kick_power"": 0.0, ""kick_dir"": null}, {""move_vx"": 5.396416170498446, ""move_vy"": -0.19670413006058604, ""kick_power"": 0.0, ""kick_dir"": null}, {""move_vx"": 0.0, ""move_vy"": 0.0, ""kick_power"": 0.0, ""kick_dir"": null}, {""move_vx"": 0.0, ""move_vy"": 0.0, ""kick_power"": 0.4, ""kick_dir"": [-0.8652990542551061, -0.5012557944021829]}, {""move_vx"": 3.346002100950087, ""move_vy"": 5.100418604432151, ""kick_power"": 0.0, ""kick_dir"": null}, {""move_vx"": 0.0, ""move_vy"": -6.0, ""kick_power"": 0.0, ""kick_dir"": null}, {""move_vx"": 6.0, ""move_vy"": 0.0, ""kick_power"": 0.0, ""kick_dir"": null}, {""move_vx"": 0.0, ""move_vy"": 0.0, ""kick_power"": 0.7, ""kick_dir"": [0.9810259479330736, -0.19387637126147533]}, {""move_vx"": 5.4, ""move_vy"": 0.0, ""kick_power"": 0.0, ""kick_dir"": null}, {""move_vx"": 0.0, ""move_vy"": 0.0, ""kick_power"": 1.0, ""kick_dir"": [0.9771835958599289, 0.21239627490410512]}, {""move_vx"": -4.542886605969582, ""move_vy"": -4.648890328379684, ""kick_power"": 0.0, ""kick_dir"": null}, {""move_vx"": -0.0, ""move_vy"": 0.0, ""kick_power"": 0.0, ""kick_dir"": null}, {""move_vx"": -0.0, ""move_vy"": 0.0, ""kick_power"": 0.4, ""kick_dir"": [-0.9996281365792486, 0.027268245242586045]}, {""move_vx"": -0.0, ""move_vy"": 0.0, ""kick_power"": 0.6, ""kick_dir"": [-0.9998562666759178, 0.016953269217794834]}, {""move_vx"": 1.7988299490931348, ""move_vy"": -5.2081004996299365, ""kick_power"": 0.0, ""kick_dir"": null}, {""move_vx"": -4.242640687119285, ""move_vy"": 4.242640687119285, ""kick_power"": 0.0, ""kick_dir"": null}, {""move_vx"": 4.242640687119285, ""move_vy"": 4.242640687119285, ""kick_power"": 0.0, ""kick_dir"": null}, {""move_vx"": -0.0, ""move_vy"": 0.0, ""kick_power"": 0.0, ""kick_dir"": null}, {""move_vx"": -5.649648593278748, ""move_vy"": 3.0069038515495445, ""kick_power"": 0.0, ""kick_dir"": null}, {""move_vx"": -0.0, ""move_vy"": 0.0, ""kick_power"": 0.65, ""kick_dir"": [0.4819965838158932, -0.8761727650150356]}, {""move_vx"": -0.0, ""move_vy"": 6.4, ""kick_power"": 0.0, ""kick_dir"": null}]"
238,177,default,default,0,81.30834838403109,16.436828765250063,9,A,,2.891181423816828,0.444294035130515,-0.03355692518822522,"[{""move_vx"": 4.999843524140719, ""move_vy"": -0.039556720138584495, ""kick_power"": 0.0, ""kick_dir"": null}, {""move_vx"": 5.792725194514206, ""move_vy"": 0.29040458130055474, ""kick_power"": 0.0, ""kick_dir"": null}, {""move_vx"": 5.3962970117279765, ""move_vy"": -0.1999463958557673, ""kick_power"": 0.0, ""kick_dir"": null}, {""move_vx"": 0.0, ""move_vy"": 0.0, ""kick_power"": 0.0, ""kick_dir"": null}, {""move_vx"": 0.0, ""move_vy"": 0.0, ""kick_power"": 0.4, ""kick_dir"": [-0.8765176509529441, -0.4813695390343566]}, {""move_vx"": 3.3053759452696805, ""move_vy"": 5.126840143834461, ""kick_power"": 0.0, ""kick_dir"": null}, {""move_vx"": -4.396933939390345, ""move_vy"": 2.58398373304425, ""kick_power"": 0.0, ""kick_dir"": null}, {""move_vx"": 6.0, ""move_vy"": 0.0, ""kick_power"": 0.0, ""kick_dir"": null}, {""move_vx"": 0.0, ""move_vy"": 0.0, ""kick_power"": 0.7, ""kick_dir"": [0.9810259479330736, -0.19387637126147533]}, {""move_vx"": 5.4, ""move_vy"": 0.0, ""kick_power"": 0.0, ""kick_dir"": null}, {""move_vx"": 5.399474574124718, ""move_vy"": -0.07532810485268941, ""kick_power"": 0.0, ""kick_dir"": null}, {""move_vx"": -4.45304668230232, ""move_vy"": -4.735015865362682, ""kick_power"": 0.0, ""kick_dir"": null}, {""move_vx"": -0.0, ""move_vy"": 0.0, ""kick_power"": 0.0, ""kick_dir"": null}, {""move_vx"": -0.0, ""move_vy"": 0.0, ""kick_power"": 0.4, ""kick_dir"": [-0.999569416180826, 0.029341966341884223]}, {""move_vx"": -0.0, ""move_vy"": 0.0, ""kick_power"": 0.6, ""kick_dir"": [-0.9998718278438876, 0.016009227669209307]}, {""move_vx"": 1.8329782728209567, ""move_vy"": -5.196180390572127, ""kick_power"": 0.0, ""kick_dir"": null}, {""move_vx"": -4.242640687119285, ""move_vy"": 4.242640687119285, ""kick_power"": 0.0, ""kick_dir"": null}, {""move_vx"": 2.642027273028223, ""move_vy"": -4.362303507159382, ""kick_power"": 0.0, ""kick_dir"": null}, {""move_vx"": -0.0, ""move_vy"": 0.0, ""kick_power"": 0.0, ""kick_dir"": null}, {""move_vx"": -5.639579584050232, ""move_vy"": 3.0257465384866293, ""kick_power"": 0.0, ""kick_dir"": null}, {""move_vx"": -0.0, ""move_vy"": 0.0, ""kick_power"": 0.65, ""kick_dir"": [0.4293825860526635, -0.9031223604522549]}, {""move_vx"": -0.0, ""move_vy"": 0.0, ""kick_power"": 0.0, ""kick_dir"": null}]"
238,178,default,default,0,81.6683483840311,16.436828765250063,9,A,,2.912811878654645,0.44966062895319825,-0.040274608897602794,"[{""move_vx"": 4.9998450763346876, ""move_vy"": -0.03936003876752443, ""kick_power"": 0.0, ""kick_dir"": null}, {""move_vx"": 5.7927961697130534, ""move_vy"": 0.288985356303335, ""kick_power"": 0.0, ""kick_dir"": null}, {""move_vx"": 5.395635380740676, ""move_vy"": -0.21706874049347719, ""kick_power"": 0.0, ""kick_dir"": null}, {""move_vx"": 0.0, ""move_vy"": 0.0, ""kick_power"": 0.0, ""kick_dir"": null}, {""move_vx"": 0.0, ""move_vy"": 0.0, ""kick_power"": 0.4, ""kick_dir"": [-0.8765175038432477, -0.48136980690382836]}, {""move_vx"": 3.2646222059104923, ""move_vy"": 5.152886749451816, ""kick_power"": 0.0, ""kick_dir"": null}, {""move_vx"": 5.185170551268074, ""move_vy"": -1.5079808865706306, ""kick_power"": 0.0, ""kick_dir"": null}, {""move_vx"": 6.0, ""move_vy"": 0.0, ""kick_power"": 0.0, ""kick_dir"": null}, {""move_vx"": 0.0, ""move_vy"": 0.0, ""kick_power"": 0.7, ""kick_dir"": [0.9810259479330736, -0.19387637126147533]}, {""move_vx"": 5.4, ""move_vy"": 0.0, ""kick_power"": 0.0, ""kick_dir"": null}, {""move_vx"": 0.0, ""move_vy"": 0.0, ""kick_power"": 1.0, ""kick_dir"": [0.976813113597231, 0.2140936673468108]}, {""move_vx"": -0.0, ""move_vy"": 5.0, ""kick_power"": 0.0, ""kick_dir"": null}, {""move_vx"": -0.0, ""move_vy"": 0.0, ""kick_power"": 0.0, ""kick_dir"": null}, {""move_vx"": -0.0, ""move_vy"": 0.0, ""kick_power"": 0.4, ""kick_dir"": [-0.9995068635637991, 0.03140061391808292]}, {""move_vx"": -0.0, ""move_vy"": 0.0, ""kick_power"": 0.6, ""kick_dir"": [-0.9998863777530684, 0.015073128650681156]}, {""move_vx"": 1.8665702846701933, ""move_vy"": -5.184208268615973, ""kick_power"": 0.0, ""kick_dir"": null}, {""move_vx"": -4.242640687119285, ""move_vy"": 4.242640687119285, ""kick_power"": 0.0, ""kick_dir"": null}, {""move_vx"": 2.333359068689644, ""move_vy"": -5.200522613792175, ""kick_power"": 0.0, ""kick_dir"": null}, {""move_vx"": -0.0, ""move_vy"": 0.0, ""kick_power"": 0.0, ""kick_dir"": null}, {""move_vx"": -5.62933812188277, ""move_vy"": 3.0447581692997185, ""kick_power"": 0.0, ""kick_dir"": null}, {""move_vx"": -0.0, ""move_vy"": 0.0, ""kick_power"": 0.65, ""kick_dir"": [0.37211203597089737, -0.928187491444991]}, {""move_vx"": -0.0, ""move_vy"": 0.0, ""kick_power"": 0.0, ""kick_dir"": null}]"
238,179,default,default,0,82.02834838403112,16.436828765250063,9,A,,2.93455008893002,0.44453975539917506,-0.044545602739318714,"[{""move_vx"": 4.999846611200615, ""move_vy"": -0.03916458177646419, ""kick_power"": 0.0, ""kick_dir"": null}, {""move_vx"": 5.792866849422779, ""move_vy"": 0.2875650619574449, ""kick_power"": 0.0, ""kick_dir"": null}, {""move_vx"": 5.395666637409933, ""move_vy"": -0.21629040187068693, ""kick_power"": 0.0, ""kick_dir"": null}, {""move_vx"": 0.0, ""move_vy"": 0.0, ""kick_power"": 0.0, ""kick_dir"": null}, {""move_vx"": 0.0, ""move_vy"": 0.0, ""kick_power"": 0.4, ""kick_dir"": [-0.8765173567490305, -0.4813700747449204]}, {""move_vx"": 3.223760461746578, ""move_vy"": 5.178548878332567, ""kick_power"": 0.0, ""kick_dir"": null}, {""move_vx"": -4.41975794834558, ""move_vy"": 2.5447474684211926, ""kick_power"": 0.0, ""kick_dir"": null}, {""move_vx"": 6.0, ""move_vy"": 0.0, ""kick_power"": 0.0, ""kick_dir"": null}, {""move_vx"": 0.0, ""move_vy"": 0.0, ""kick_power"": 0.7, ""kick_dir"": [0.9810259479330736, -0.19387637126147533]}, {""move_vx"": 5.4, ""move_vy"": 0.0, ""kick_power"": 0.0, ""kick_dir"": null}, {""move_vx"": 0.0, ""move_vy"": 0.0, ""kick_power"": 1.0, ""kick_dir"": [0.976813113597231, 0.2140936673468108]}, {""move_vx"": -5.209345055340012, ""move_vy"": 0.652092090432451, ""kick_power"": 0.0, ""kick_dir"": null}, {""move_vx"": -0.0, ""move_vy"": 0.0, ""kick_power"": 0.0, ""kick_dir"": null}, {""move_vx"": -0.0, ""move_vy"": 0.0, ""kick_power"": 0.4, ""kick_dir"": [-0.999440566541796, 0.03344432579975381]}, {""move_vx"": -0.0, ""move_vy"": 0.0, ""kick_power"": 0.6, ""kick_dir"": [-0.9998999401324522, 0.014144874778477975]}, {""move_vx"": 1.8996157672627303, ""move_vy"": -5.172191018975115, ""kick_power"": 0.0, ""kick_dir"": null}, {""move_vx"": -4.242640687119285, ""move_vy"": 4.242640687119285, ""kick_power"": 0.0, ""kick_dir"": null}, {""move_vx"": 4.242640687119285, ""move_vy"": 4.242640687119285, ""kick_power"": 0.0, ""kick_dir"": null}, {""move_vx"": -0.0, ""move_vy"": 0.0, ""kick_power"": 0.6, ""kick_dir"": [-0.9536841570472765, -0.300809739893524]}, {""move_vx"": -5.618921087728317, ""move_vy"": 3.0639395897899204, ""kick_power"": 0.0, ""kick_dir"": null}, {""move_vx"": -0.0, ""move_vy"": 0.0, ""kick_power"": 0.65, ""kick_dir"": [0.31037250960433693, -0.9506146837966558]}, {""move_vx"": -0.0, ""move_vy"": 6.4, ""kick_power"": 0.0, ""kick_dir"": null}]"
238,180,default,default,0,82.38834838403113,16.436828765250063,9,A,,2.956396057358351,0.44786952350591064,-0.04220487911043561,"[{""move_vx"": 4.9998481289534356, ""move_vy"": -0.03897034001433665, ""kick_power"": 0.0, ""kick_dir"": null}, {""move_vx"": 5.792937233191199, ""move_vy"": 0.2861436917129226, ""kick_power"": 0.0, ""kick_dir"": null}, {""move_vx"": 5.394851429216987, ""move_vy"": -0.2357499876467282, ""kick_power"": 0.0, ""kick_dir"": null}, {""move_vx"": 5.307607562818045, ""move_vy"": -0.9946365965098513, ""kick_power"": 0.0, ""kick_dir"": null}, {""move_vx"": 0.0, ""move_vy"": 5.8, ""kick_power"": 0.0, ""kick_dir"": null}, {""move_vx"": 3.182810467545073, ""move_vy"": 5.203817591699916, ""kick_power"": 0.0, ""kick_dir"": null}, {""move_vx"": -4.399912674886487, ""move_vy"": 2.5789083840596656, ""kick_power"": 0.0, ""kick_dir"": null}, {""move_vx"": 6.0, ""move_vy"": 0.0, ""kick_power"": 0.0, ""kick_dir"": null}, {""move_vx"": 0.0, ""move_vy"": 0.0, ""kick_power"": 0.7, ""kick_dir"": [0.9810259479330736, -0.19387637126147533]}, {""move_vx"": 5.4, ""move_vy"": 0.0, ""kick_power"": 0.0, ""kick_dir"": null}, {""move_vx"": 0.0, ""move_vy"": 0.0, ""kick_power"": 1.0, ""kick_dir"": [0.976813113597231, 0.2140936673468108]}, {""move_vx"": -3.932094160781154, ""move_vy"": -5.1757739045239175, ""kick_power"": 0.0, ""kick_dir"": null}, {""move_vx"": -0.0, ""move_vy"": 0.0, ""kick_power"": 0.0, ""kick_dir"": null}, {""move_vx"": -0.0, ""move_vy"": 0.0, ""kick_power"": 0.4, ""kick_dir"": [-0.999370611152064, 0.03547323856756627]}, {""move_vx"": -0.0, ""move_vy"": 0.0, ""kick_power"": 0.6, ""kick_dir"": [-0.9999125381385349, 0.013224370213082244]}, {""move_vx"": 1.9321244371280346, ""move_vy"": -5.160135188098532, ""kick_power"": 0.0, ""kick_dir"": null}, {""move_vx"": -4.242640687119285, ""move_vy"": 4.242640687119285, ""kick_power"": 0.0, ""kick_dir"": null}, {""move_vx"": 4.242640687119285, ""move_vy"": 4.242640687119285, ""kick_power"": 0.0, ""kick_dir"": null}, {""move_vx"": -0.0, ""move_vy"": 0.0, ""kick_power"": 0.0, ""kick_dir"": null}, {""move_vx"": -5.6083253202852426, ""move_vy"": 3.0832916018189778, ""kick_power"": 0.0, ""kick_dir"": null}, {""move_vx"": -0.0, ""move_vy"": 0.0, ""kick_power"": 0.65, ""kick_dir"": [0.24456935647251973, -0.9696314707531509]}, {""move_vx"": -0.0, ""move_vy"": 6.4, ""kick_power"": 0.0, ""kick_dir"": null}]"
238,181,default,default,0,82.74834838403115,16.436828765250063,9,A,,2.978133050710489,0.45785131683744673,-0.04260510693926993,"[{""move_vx"": 0.0, ""move_vy"": -5.0, ""kick_power"": 0.0, ""kick_dir"": null}, {""move_vx"": 5.793007320563046, ""move_vy"": 0.28472123893901796, ""kick_power"": 0.0, ""kick_dir"": null}, {""move_vx"": 5.3938212969001125, ""move_vy"": -0.25824758877247295, ""kick_power"": 0.0, ""kick_dir"": null}, {""move_vx"": 0.0, ""move_vy"": 0.0, ""kick_power"": 0.0, ""kick_dir"": null}, {""move_vx"": 5.946935449087949, ""move_vy"": -3.616014209648673, ""kick_power"": 0.0, ""kick_dir"": null}, {""move_vx"": 3.141792106061263, ""move_vy"": 5.228684572843453, ""kick_power"": 0.0, ""kick_dir"": null}, {""move_vx"": 4.242640687119285, ""move_vy"": -4.242640687119285, ""kick_power"": 0.0, ""kick_dir"": null}, {""move_vx"": 4.044183990312831, ""move_vy"": -4.016786757160177, ""kick_power"": 0.0, ""kick_dir"": null}, {""move_vx"": 0.0, ""move_vy"": 0.0, ""kick_power"": 0.7, ""kick_dir"": [0.9810259479330736, -0.19387637126147533]}, {""move_vx"": 5.4, ""move_vy"": 0.0, ""kick_power"": 0.0, ""kick_dir"": null}, {""move_vx"": 0.0, ""move_vy"": 0.0, ""kick_power"": 1.0, ""kick_dir"": [0.976813113597231, 0.2140936673468108]}, {""move_vx"": -3.804457167559355, ""move_vy"": -5.2703041335587315, ""kick_power"": 0.0, ""kick_dir"": null}, {""move_vx"": -0.0, ""move_vy"": 0.0, ""kick_power"": 0.0, ""kick_dir"": null}, {""move_vx"": -0.0, ""move_vy"": 0.0, ""kick_power"": 0.4, ""kick_dir"": [-0.9992970816909953, 0.037487487558468396]}, {""move_vx"": -0.0, ""move_vy"": 0.0, ""kick_power"": 0.6, ""kick_dir"": [-0.9999241943705884, 0.012311520629591791]}, {""move_vx"": 1.9641059343445815, ""move_vy"": -5.148046996548536, ""kick_power"": 0.0, ""kick_dir"": null}, {""move_vx"": -4.242640687119285, ""move_vy"": 4.242640687119285, ""kick_power"": 0.0, ""kick_dir"": null}, {""move_vx"": -0.0, ""move_vy"": 0.0, ""kick_power"": 0.4, ""kick_dir"": [0.6277275769907373, 0.7784329857418608]}, {""move_vx"": -0.0, ""move_vy"": 0.0, ""kick_power"": 0.0, ""kick_dir"": null}, {""move_vx"": -8.312795184142358, ""move_vy"": -0.3461736941184773, ""kick_power"": 0.0, ""kick_dir"": null}, {""move_vx"": -0.0, ""move_vy"": 0.0, ""kick_power"": 0.65, ""kick_dir"": [0.17534246977959259, -0.9845071699388491]}, {""move_vx"": -0.0, ""move_vy"": 6.4, ""kick_power"": 0.0, ""kick_dir"": null}]"
238,182,default,default,0,83.10834838403116,16.436828765250063,9,A,,2.9999607135103767,0.4480791135813623,-0.04479177237442072,"[{""move_vx"": 0.0, ""move_vy"": -5.0, ""kick_power"": 0.0, ""kick_dir"": null}, {""move_vx"": 5.7930771110799375, ""move_vy"": 0.28329769692273377, ""kick_power"": 0.0, ""kick_dir"": null}, {""move_vx"": 5.393865668107789, ""move_vy"": -0.25731916836511837, ""kick_power"": 0.0, ""kick_dir"": null}, {""move_vx"": 0.0, ""move_vy"": 0.0, ""kick_power"": 0.0, ""kick_dir"": null}, {""move_vx"": 0.0, ""move_vy"": 0.0, ""kick_power"": 0.4, ""kick_dir"": [-0.8751457412046677, -0.48385923848508516]}, {""move_vx"": 3.1007253397524717, ""move_vy"": 5.253142142319862, ""kick_power"": 0.0, ""kick_dir"": null}, {""move_vx"": -4.3359731754170046, ""move_vy"": 2.685020786151231, ""kick_power"": 0.0, ""kick_dir"": null}, {""move_vx"": 6.0, ""move_vy"": 0.0, ""kick_power"": 0.0, ""kick_dir"": null}, {""move_vx"": 0.0, ""move_vy"": 0.0, ""kick_power"": 0.7, ""kick_dir"": [0.9810259479330736, -0.19387637126147533]}, {""move_vx"": 5.4, ""move_vy"": 0.0, ""kick_power"": 0.0, ""kick_dir"": null}, {""move_vx"": 0.0, ""move_vy"": 0.0, ""kick_power"": 1.0, ""kick_dir"": [0.976813113597231, 0.2140936673468108]}, {""move_vx"": -3.6644466603849644, ""move_vy"": -5.368596713592248, ""kick_power"": 0.0, ""kick_dir"": null}, {""move_vx"": -0.0, ""move_vy"": 0.0, ""kick_power"": 0.0, ""kick_dir"": null}, {""move_vx"": -0.0, ""move_vy"": 0.0, ""kick_power"": 0.4, ""kick_dir"": [-0.9992200607489694, 0.0394872068702082]}, {""move_vx"": -0.0, ""move_vy"": 0.0, ""kick_power"": 0.6, ""kick_dir"": [-0.9999349308854787, 0.011406233188774458]}, {""move_vx"": 1.9955698132239401, ""move_vy"": -5.135932351632892, ""kick_power"": 0.0, ""kick_dir"": null}, {""move_vx"": -4.242640687119285, ""move_vy"": 4.242640687119285, ""kick_power"": 0.0, ""kick_dir"": null}, {""move_vx"": -0.0, ""move_vy"": 0.0, ""kick_power"": 0.4, ""kick_dir"": [0.6277275769907373, 0.7784329857418608]}, {""move_vx"": -0.0, ""move_vy"": 0.0, ""kick_power"": 0.0, ""kick_dir"": null}, {""move_vx"": -8.312886576628838, ""move_vy"": -0.34397203971268525, ""kick_power"": 0.0, ""kick_dir"": null}, {""move_vx"": -0.0, ""move_vy"": 6.0, ""kick_power"": 0.0, ""kick_dir"": null}, {""move_vx"": -0.0, ""move_vy"": 6.4, ""kick_power"": 0.0, ""kick_dir"": null}]"
238,183,default,default,0,83.46834838403117,16.436828765250063,9,A,,3.0218792420530938,0.45154600500777226,-0.04096934692472914,"[{""move_vx"": 0.0, ""move_vy"": -5.0, ""kick_power"": 0.0, ""kick_dir"": null}, {""move_vx"": 5.7931466042803335, ""move_vy"": 0.2818730588673358, ""kick_power"": 0.0, ""kick_dir"": null}, {""move_vx"": 5.393373162762558, ""move_vy"": -0.2674433158495625, ""kick_power"": 0.0, ""kick_dir"": null}, {""move_vx"": 0.0, ""move_vy"": 0.0, ""kick_power"": 0.0, ""kick_dir"": null}, {""move_vx"": 0.0, ""move_vy"": 0.0, ""kick_power"": 0.4, ""kick_dir"": [-0.8742898788446116, -0.4854039909001888]}, {""move_vx"": 3.059630162389223, ""move_vy"": 5.277183270400801, ""kick_power"": 0.0, ""kick_dir"": null}, {""move_vx"": -4.311828326382726, ""move_vy"": 2.7236256137368686, ""kick_power"": 0.0, ""kick_dir"": null}, {""move_vx"": 6.0, ""move_vy"": 0.0, ""kick_power"": 0.0, ""kick_dir"": null}, {""move_vx"": 0.0, ""move_vy"": 0.0, ""kick_power"": 0.7, ""kick_dir"": [0.9810259479330736, -0.19387637126147533]}, {""move_vx"": 5.4, ""move_vy"": 0.0, ""kick_power"": 0.0, ""kick_dir"": null}, {""move_vx"": 0.0, ""move_vy"": 0.0, ""kick_power"": 1.0, ""kick_dir"": [0.976813113597231, 0.2140936673468108]}, {""move_vx"": -3.510354934826053, ""move_vy"": -5.470594869988307, ""kick_power"": 0.0, ""kick_dir"": null}, {""move_vx"": -0.0, ""move_vy"": 0.0, ""kick_power"": 0.0, ""kick_dir"": null}, {""move_vx"": -0.0, ""move_vy"": 0.0, ""kick_power"": 0.4, ""kick_dir"": [-0.999139629244528, 0.04147252936617749]}, {""move_vx"": -0.0, ""move_vy"": 0.0, ""kick_power"": 0.6, ""kick_dir"": [-0.9999447692120464, 0.010508416508762584]}, {""move_vx"": 2.0265255339690094, ""move_vy"": -5.123796859768312, ""kick_power"": 0.0, ""kick_dir"": null}, {""move_vx"": -4.242640687119285, ""move_vy"": 4.242640687119285, ""kick_power"": 0.0, ""kick_dir"": null}, {""move_vx"": -0.0, ""move_vy"": 0.0, ""kick_power"": 0.4, ""kick_dir"": [0.6277275769907373, 0.7784329857418608]}, {""move_vx"": -0.0, ""move_vy"": 0.0, ""kick_power"": 0.0, ""kick_dir"": null}, {""move_vx"": -8.312977680124678, ""move_vy"": -0.3417632071316499, ""kick_power"": 0.0, ""kick_dir"": null}, {""move_vx"": -0.0, ""move_vy"": 6.0, ""kick_power"": 0.0, ""kick_dir"": null}, {""move_vx"": -0.0, ""move_vy"": 0.0, ""kick_power"": 0.0, ""kick_dir"": null}]"
238,184,default,default,0,82.86834838403118,17.436828765250063,9,A,,3.0520553397714365,0.5082248586737577,0.12068823165011282,"[{""move_vx"": 0.0, ""move_vy"": -5.0, ""kick_power"": 0.0, ""kick_dir"": null}, {""move_vx"": 5.793215799699493, ""move_vy"": 0.2804473178908256, ""kick_power"": 0.0, ""kick_dir"": null}, {""move_vx"": 3.8183766184073566, ""move_vy"": 3.8183766184073566, ""kick_power"": 0.0, ""kick_dir"": null}, {""move_vx"": 0.0, ""move_vy"": 0.0, ""kick_power"": 0.0, ""kick_dir"": null}, {""move_vx"": 0.0, ""move_vy"": 0.0, ""kick_power"": 0.4, ""kick_dir"": [-0.8742898018957046, -0.48540412949725487]}, {""move_vx"": 3.0185265508406482, ""move_vy"": 5.300801586729129, ""kick_power"": 0.0, ""kick_dir"": null}, {""move_vx"": -4.279500865236695, ""move_vy"": 2.774143533496126, ""kick_power"": 0.0, ""kick_dir"": null}, {""move_vx"": 6.0, ""move_vy"": 0.0, ""kick_power"": 0.0, ""kick_dir"": null}, {""move_vx"": 0.0, ""move_vy"": 0.0, ""kick_power"": 0.7, ""kick_dir"": [0.9810259479330736, -0.19387637126147533]}, {""move_vx"": 0.0, ""move_vy"": 6.0, ""kick_power"": 0.0, ""kick_dir"": null}, {""move_vx"": 0.0, ""move_vy"": 0.0, ""kick_power"": 1.0, ""kick_dir"": [0.976813113597231, 0.2140936673468108]}, {""move_vx"": -3.340186910018396, ""move_vy"": -5.576123331324529, ""kick_power"": 0.0, ""kick_dir"": null}, {""move_vx"": -0.0, ""move_vy"": 0.0, ""kick_power"": 0.0, ""kick_dir"": null}, {""move_vx"": -0.0, ""move_vy"": 0.0, ""kick_power"": 0.4, ""kick_dir"": [-0.999055866457892, 0.04344358668056121]}, {""move_vx"": -0.0, ""move_vy"": 0.0, ""kick_power"": 0.6, ""kick_dir"": [-0.9999537303650641, 0.00961798063737031]}, {""move_vx"": 2.0569824552407594, ""move_vy"": -5.1116458385564725, ""kick_power"": 0.0, ""kick_dir"": null}, {""move_vx"": -4.242640687119285, ""move_vy"": 4.242640687119285, ""kick_power"": 0.0, ""kick_dir"": null}, {""move_vx"": -0.0, ""move_vy"": 0.0, ""kick_power"": 0.4, ""kick_dir"": [0.6277275769907373, 0.7784329857418608]}, {""move_vx"": -0.0, ""move_vy"": 0.0, ""kick_power"": 0.0, ""kick_dir"": null}, {""move_vx"": -8.313068492691182, ""move_vy"": -0.339547103985839, ""kick_power"": 0.0, ""kick_dir"": null}, {""move_vx"": -0.0, ""move_vy"": 6.0, ""kick_power"": 0.0, ""kick_dir"": null}, {""move_vx"": -0.0, ""move_vy"": 0.0, ""kick_power"": 0.0, ""kick_dir"": null}]"
238,185,default,default,0,83.77824806132452,17.251657136099375,9,A,,3.069137682127127,0.4470184377632464,-0.10359895452222057,"[{""move_vx"": 1.4246018154948565, ""move_vy"": 4.004124082404135, ""kick_power"": 0.0, ""kick_dir"": null}, {""move_vx"": 4.5025118387639305, ""move_vy"": 3.6561437528891894, ""kick_power"": 0.0, ""kick_dir"": null}, {""move_vx"": 5.393981042086003, ""move_vy"": -0.25488922616854964, ""kick_power"": 0.0, ""kick_dir"": null}, {""move_vx"": 0.0, ""move_vy"": 0.0, ""kick_power"": 0.0, ""kick_dir"": null}, {""move_vx"": 0.0, ""move_vy"": 0.0, ""kick_power"": 0.4, ""kick_dir"": [-0.874032621645035, -0.48586706194508844]}, {""move_vx"": 2.977434417307031, ""move_vy"": 5.323991387167671, ""kick_power"": 0.0, ""kick_dir"": null}, {""move_vx"": 6.11278147220099, ""move_vy"": -1.5244351980705175, ""kick_power"": 0.0, ""kick_dir"": null}, {""move_vx"": 6.0, ""move_vy"": 0.0, ""kick_power"": 0.0, ""kick_dir"": null}, {""move_vx"": 4.106742477461453, ""move_vy"": -4.088605046200201, ""kick_power"": 0.0, ""kick_dir"": null}, {""move_vx"": 5.459398063759975, ""move_vy"": 2.488970225095879, ""kick_power"": 0.0, ""kick_dir"": null}, {""move_vx"": 5.399999945134461, ""move_vy"": -0.000769771280685198, ""kick_power"": 0.0, ""kick_dir"": null}, {""move_vx"": -3.96134660696796, ""move_vy"": -5.153419550110725, ""kick_power"": 0.0, ""kick_dir"": null}, {""move_vx"": 4.1012193308819755, ""move_vy"": 4.1012193308819755, ""kick_power"": 0.0, ""kick_dir"": null}, {""move_vx"": -0.0, ""move_vy"": 0.0, ""kick_power"": 0.4, ""kick_dir"": [-0.9989698680205751, 0.045378105105345845]}, {""move_vx"": -0.0, ""move_vy"": 0.0, ""kick_power"": 0.6, ""kick_dir"": [-0.9999620717694389, 0.008707673304551066]}, {""move_vx"": 2.0101292914962596, ""move_vy"": -5.130251478384734, ""kick_power"": 0.0, ""kick_dir"": null}, {""move_vx"": -4.242640687119285, ""move_vy"": 4.242640687119285, ""kick_power"": 0.0, ""kick_dir"": null}, {""move_vx"": 4.242640687119285, ""move_vy"": 4.242640687119285, ""kick_power"": 0.0, ""kick_dir"": null}, {""move_vx"": -0.0, ""move_vy"": 0.0, ""kick_power"": 0.0, ""kick_dir"": null}, {""move_vx"": -8.313159012358362, ""move_vy"": -0.3373236357638831, ""kick_power"": 0.0, ""kick_dir"": null}, {""move_vx"": -0.0, ""move_vy"": 0.0, ""kick_power"": 0.65, ""kick_dir"": [-0.18021539925646685, -0.9836269385546542]}, {""move_vx"": -0.0, ""move_vy"": 6.4, ""kick_power"": 0.0, ""kick_dir"": null}]"
238,186,default,default,0,82.23230825494852,17.002760113589787,9,A,,3.104875590128061,0.4696056445659099,0.11797359560734783,"[{""move_vx"": 0.0, ""move_vy"": 0.0, ""kick_power"": 0.0, ""kick_dir"": null}, {""move_vx"": 5.791781781992432, ""move_vy"": 0.30864832703348566, ""kick_power"": 0.0, ""kick_dir"": null}, {""move_vx"": 5.393607672328774, ""move_vy"": -0.26267142401901916, ""kick_power"": 0.0, ""kick_dir"": null}, {""move_vx"": 0.0, ""move_vy"": 0.0, ""kick_power"": 0.0, ""kick_dir"": null}, {""move_vx"": 0.0, ""move_vy"": 0.0, ""kick_power"": 0.4, ""kick_dir"": [-0.8734893493543158, -0.48684307735630195]}, {""move_vx"": 2.9363735622652656, ""move_vy"": 5.346747637847666, ""kick_power"": 0.0, ""kick_dir"": null}, {""move_vx"": -4.324816167127374, ""move_vy"": 2.7029548868883637, ""kick_power"": 0.0, ""kick_dir"": null}, {""move_vx"": 6.0, ""move_vy"": 0.0, ""kick_power"": 0.0, ""kick_dir"": null}, {""move_vx"": 0.0, ""move_vy"": 0.0, ""kick_power"": 0.7, ""kick_dir"": [0.9818974434016193, -0.18941322077892495]}, {""move_vx"": -6.0, ""move_vy"": 0.0, ""kick_power"": 0.0, ""kick_dir"": null}, {""move_vx"": 0.0, ""move_vy"": 0.0, ""kick_power"": 0.65, ""kick_dir"": [0.9548307551016769, -0.2971496695774452]}, {""move_vx"": -3.14824206898821, ""move_vy"": -5.10769731631122, ""kick_power"": 0.0, ""kick_dir"": null}, {""move_vx"": -0.0, ""move_vy"": -5.8, ""kick_power"": 0.0, ""kick_dir"": null}, {""move_vx"": -0.0, ""move_vy"": 0.0, ""kick_power"": 0.4, ""kick_dir"": [-0.9988820059442792, 0.047272697668885824]}, {""move_vx"": -0.0, ""move_vy"": 0.0, ""kick_power"": 0.6, ""kick_dir"": [-0.9999697714348036, 0.007773345254539042]}, {""move_vx"": 2.1074231913993424, ""move_vy"": -5.091057600573009, ""kick_power"": 0.0, ""kick_dir"": null}, {""move_vx"": -4.242640687119285, ""move_vy"": 4.242640687119285, ""kick_power"": 0.0, ""kick_dir"": null}, {""move_vx"": -3.3036957380932073, ""move_vy"": -4.271486213264042, ""kick_power"": 0.0, ""kick_dir"": null}, {""move_vx"": -0.0, ""move_vy"": 0.0, ""kick_power"": 0.0, ""kick_dir"": null}, {""move_vx"": -8.313249237124133, ""move_vy"": -0.33509270576225214, ""kick_power"": 0.0, ""kick_dir"": null}, {""move_vx"": -0.0, ""move_vy"": 0.0, ""kick_power"": 0.65, ""kick_dir"": [-0.2506187091080725, -0.9680856452539696]}, {""move_vx"": -0.0, ""move_vy"": 6.4, ""kick_power"": 0.0, ""kick_dir"": null}]"
238,187,default,default,0,81.83230825494852,17.002760113589787,9,A,,3.1320536749555337,0.46793457020175633,0.027618522696715445,"[{""move_vx"": 0.0, ""move_vy"": -5.0, ""kick_power"": 0.0, ""kick_dir"": null}, {""move_vx"": 5.792522245777787, ""move_vy"": 0.2944249177115512, ""kick_power"": 0.0, ""kick_dir"": null}, {""move_vx"": 5.392692785263045, ""move_vy"": -0.2808282816454091, ""kick_power"": 0.0, ""kick_dir"": null}, {""move_vx"": 0.0, ""move_vy"": 0.0, ""kick_power"": 0.0, ""kick_dir"": null}, {""move_vx"": 0.0, ""move_vy"": 0.0, ""kick_power"": 0.4, ""kick_dir"": [-0.8733589421756105, -0.48707697898426205]}, {""move_vx"": 2.895363628383556, ""move_vy"": 5.369065976446332, ""kick_power"": 0.0, ""kick_dir"": null}, {""move_vx"": 6.087259834223383, ""move_vy"": -1.6233507663628064, ""kick_power"": 0.0, ""kick_dir"": null}, {""move_vx"": 6.0, ""move_vy"": 0.0, ""kick_power"": 0.0, ""kick_dir"": null}, {""move_vx"": 4.043731026148373, ""move_vy"": -4.150935363043493, ""kick_power"": 0.0, ""kick_dir"": null}, {""move_vx"": -6.0, ""move_vy"": 0.0, ""kick_power"": 0.0, ""kick_dir"": null}, {""move_vx"": 0.0, ""move_vy"": 0.0, ""kick_power"": 1.0, ""kick_dir"": [0.9764565229082186, 0.21571419944101727]}, {""move_vx"": -4.123466173560879, ""move_vy"": -5.024641948984942, ""kick_power"": 0.0, ""kick_dir"": null}, {""move_vx"": -6.695504835488044, ""move_vy"": 1.900477571021618, ""kick_power"": 0.0, ""kick_dir"": null}, {""move_vx"": -3.8183766184073566, ""move_vy"": 3.8183766184073566, ""kick_power"": 0.0, ""kick_dir"": null}, {""move_vx"": -0.0, ""move_vy"": 0.0, ""kick_power"": 0.6, ""kick_dir"": [-0.99997646272156, 0.00685877611410135]}, {""move_vx"": 1.8575537538167617, ""move_vy"": -5.187445811927221, ""kick_power"": 0.0, ""kick_dir"": null}, {""move_vx"": -4.242640687119285, ""move_vy"": 4.242640687119285, ""kick_power"": 0.0, ""kick_dir"": null}, {""move_vx"": -3.3845663771211614, ""move_vy"": -4.2076965716245445, ""kick_power"": 0.0, ""kick_dir"": null}, {""move_vx"": -0.0, ""move_vy"": 0.0, ""kick_power"": 0.0, ""kick_dir"": null}, {""move_vx"": 4.83707529134086, ""move_vy"": -2.4892373582886265, ""kick_power"": 0.0, ""kick_dir"": null}, {""move_vx"": -0.0, ""move_vy"": 0.0, ""kick_power"": 0.65, ""kick_dir"": [-0.31660762342713716, -0.948556365181875]}, {""move_vx"": -0.0, ""move_vy"": 0.0, ""kick_power"": 0.0, ""kick_dir"": null}]"
238,188,default,default,0,81.43230825494851,17.002760113589787,9,A,,3.159391724950491,0.4631259189585665,0.035241379817042465,"[{""move_vx"": 4.999577738374649, ""move_vy"": 0.06498028892386319, ""kick_power"": 0.0, ""kick_dir"": null}, {""move_vx"": 0.0, ""move_vy"": 0.0, ""kick_power"": 0.4, ""kick_dir"": [-0.8480834006895344, 0.5298622404996517]}, {""move_vx"": 5.392631202056386, ""move_vy"": -0.28200836620196285, ""kick_power"": 0.0, ""kick_dir"": null}, {""move_vx"": 0.0, ""move_vy"": 0.0, ""kick_power"": 0.0, ""kick_dir"": null}, {""move_vx"": 0.0, ""move_vy"": 0.0, ""kick_power"": 0.4, ""kick_dir"": [-0.8733582135521463, -0.48707828544876886]}, {""move_vx"": 2.8544240556494027, ""move_vy"": 5.39094271074457, ""kick_power"": 0.0, ""kick_dir"": null}, {""move_vx"": 6.083173732116741, ""move_vy"": -1.6385961506377589, ""kick_power"": 0.0, ""kick_dir"": null}, {""move_vx"": 6.0, ""move_vy"": 0.0, ""kick_power"": 0.0, ""kick_dir"": null}, {""move_vx"": 4.019285151108972, ""move_vy"": -4.17461038590129, ""kick_power"": 0.0, ""kick_dir"": null}, {""move_vx"": -6.0, ""move_vy"": 0.0, ""kick_power"": 0.0, ""kick_dir"": null}, {""move_vx"": 5.399898769186141, ""move_vy"": -0.033064823332513, ""kick_power"": 0.0, ""kick_dir"": null}, {""move_vx"": -4.3005576754916595, ""move_vy"": -4.873931029443254, ""kick_power"": 0.0, ""kick_dir"": null}, {""move_vx"": -0.0, ""move_vy"": 0.0, ""kick_power"": 0.0, ""kick_dir"": null}, {""move_vx"": -3.8183766184073566, ""move_vy"": 3.8183766184073566, ""kick_power"": 0.0, ""kick_dir"": null}, {""move_vx"": -0.0, ""move_vy"": 0.0, ""kick_power"": 0.6, ""kick_dir"": [-0.9999822216212249, 0.005960316647013428]}, {""move_vx"": 1.7817878399311615, ""move_vy"": -5.213955513185114, ""kick_power"": 0.0, ""kick_dir"": null}, {""move_vx"": -4.242640687119285, ""move_vy"": 4.242640687119285, ""kick_power"": 0.0, ""kick_dir"": null}, {""move_vx"": -6.0, ""move_vy"": 0.0, ""kick_power"": 0.0, ""kick_dir"": null}, {""move_vx"": -0.0, ""move_vy"": 0.0, ""kick_power"": 0.0, ""kick_dir"": null}, {""move_vx"": 4.83707529134086, ""move_vy"": -2.4892373582886256, ""kick_power"": 0.0, ""kick_dir"": null}, {""move_vx"": -0.0, ""move_vy"": 0.0, ""kick_power"": 0.65, ""kick_dir"": [-0.24284413302243862, -0.9700651002031735]}, {""move_vx"": 4.525483399593904, ""move_vy"": -4.525483399593904, ""kick_power"": 0.0, ""kick_dir"": null}]"
238,189,default,default,0,81.0323082549485,17.002760113589787,9,A,,3.186609379940873,0.45881180563789625,0.030383450665232386,"[{""move_vx"": 4.999578366301839, ""move_vy"": 0.06493195828429407, ""kick_power"": 0.0, ""kick_dir"": null}, {""move_vx"": 0.0, ""move_vy"": 0.0, ""kick_power"": 0.4, ""kick_dir"": [-0.7715011304200982, 0.6362274513848498]}, {""move_vx"": 5.392568358584978, ""move_vy"": -0.28320751753460227, ""kick_power"": 0.0, ""kick_dir"": null}, {""move_vx"": 0.0, ""move_vy"": 0.0, ""kick_power"": 0.0, ""kick_dir"": null}, {""move_vx"": 0.0, ""move_vy"": 0.0, ""kick_power"": 0.4, ""kick_dir"": [-0.8733574892239936, -0.48707958420697733]}, {""move_vx"": 2.8135740379408656, ""move_vy"": 5.412374814536142, ""kick_power"": 0.0, ""kick_dir"": null}, {""move_vx"": 6.078926935480116, ""move_vy"": -1.6542815096271684, ""kick_power"": 0.0, ""kick_dir"": null}, {""move_vx"": 6.0, ""move_vy"": 0.0, ""kick_power"": 0.0, ""kick_dir"": null}, {""move_vx"": 3.9942185112093873, ""move_vy"": -4.198600181573883, ""kick_power"": 0.0, ""kick_dir"": null}, {""move_vx"": -6.0, ""move_vy"": 0.0, ""kick_power"": 0.0, ""kick_dir"": null}, {""move_vx"": 0.0, ""move_vy"": -6.0, ""kick_power"": 0.0, ""kick_dir"": null}, {""move_vx"": -4.47023539779083, ""move_vy"": -4.71879174030152, ""kick_power"": 0.0, ""kick_dir"": null}, {""move_vx"": 4.1012193308819755, ""move_vy"": 4.1012193308819755, ""kick_power"": 0.0, ""kick_dir"": null}, {""move_vx"": -3.8183766184073566, ""move_vy"": 3.8183766184073566, ""kick_power"": 0.0, ""kick_dir"": null}, {""move_vx"": -0.0, ""move_vy"": 0.0, ""kick_power"": 0.6, ""kick_dir"": [-0.9999871366061374, 0.00506909069424037]}, {""move_vx"": 1.7056231908775397, ""move_vy"": -5.239365374808357, ""kick_power"": 0.0, ""kick_dir"": null}, {""move_vx"": -4.242640687119285, ""move_vy"": 4.242640687119285, ""kick_power"": 0.0, ""kick_dir"": null}, {""move_vx"": -6.0, ""move_vy"": 0.0, ""kick_power"": 0.0, ""kick_dir"": null}, {""move_vx"": -0.0, ""move_vy"": 0.0, ""kick_power"": 0.0, ""kick_dir"": null}, {""move_vx"": 4.837075291340861, ""move_vy"": -2.489237358288625, ""kick_power"": 0.0, ""kick_dir"": null}, {""move_vx"": -0.0, ""move_vy"": 0.0, ""kick_power"": 0.65, ""kick_dir"": [-0.17027336317524167, -0.9853966521059524]}, {""move_vx"": -0.0, ""move_vy"": 0.0, ""kick_power"": 0.0, ""kick_dir"": null}]"
238,190,default,default,0,82.56536208659475,17.36249688853821,9,A,,3.1999361029217277,0.45570759305993125,-0.11847556936204127,"[{""move_vx"": 4.999578995166844, ""move_vy"": 0.06488351937501759, ""kick_power"": 0.0, ""kick_dir"": null}, {""move_vx"": 4.9658332303879025, ""move_vy"": -2.3875929988118245, ""kick_power"": 0.0, ""kick_dir"": null}, {""move_vx"": 5.392504213524326, ""move_vy"": -0.28442627713064195, ""kick_power"": 0.0, ""kick_dir"": null}, {""move_vx"": 0.0, ""move_vy"": 0.0, ""kick_power"": 0.0, ""kick_dir"": null}, {""move_vx"": 0.0, ""move_vy"": 0.0, ""kick_power"": 0.4, ""kick_dir"": [-0.8733567691297656, -0.4870808753690375]}, {""move_vx"": 2.772832481254621, ""move_vy"": 5.433359920978854, ""kick_power"": 0.0, ""kick_dir"": null}, {""move_vx"": 6.074509791392145, ""move_vy"": -1.6704283265920048, ""kick_power"": 0.0, ""kick_dir"": null}, {""move_vx"": 6.0, ""move_vy"": 0.0, ""kick_power"": 0.0, ""kick_dir"": null}, {""move_vx"": 3.968509212320653, ""move_vy"": -4.2229089063968805, ""kick_power"": 0.0, ""kick_dir"": null}, {""move_vx"": 5.598322989877374, ""move_vy"": 2.158420649690523, ""kick_power"": 0.0, ""kick_dir"": null}, {""move_vx"": 0.0, ""move_vy"": 0.0, ""kick_power"": 1.0, ""kick_dir"": [0.9742104529276527, 0.2256411977736311]}, {""move_vx"": -4.632058237594933, ""move_vy"": -4.560047859784907, ""kick_power"": 0.0, ""kick_dir"": null}, {""move_vx"": 4.1012193308819755, ""move_vy"": 4.1012193308819755, ""kick_power"": 0.0, ""kick_dir"": null}, {""move_vx"": -3.8183766184073566, ""move_vy"": 3.8183766184073566, ""kick_power"": 0.0, ""kick_dir"": null}, {""move_vx"": -0.0, ""move_vy"": 0.0, ""kick_power"": 0.6, ""kick_dir"": [-0.9999912273843474, 0.004185013348723663]}, {""move_vx"": 1.6291231337703358, ""move_vy"": -5.263654416374076, ""kick_power"": 0.0, ""kick_dir"": null}, {""move_vx"": -4.242640687119285, ""move_vy"": 4.242640687119285, ""kick_power"": 0.0, ""kick_dir"": null}, {""move_vx"": -6.0, ""move_vy"": 0.0, ""kick_power"": 0.0, ""kick_dir"": null}, {""move_vx"": -0.0, ""move_vy"": 0.0, ""kick_power"": 0.0, ""kick_dir"": null}, {""move_vx"": 4.837075291340861, ""move_vy"": -2.4892373582886242, ""kick_power"": 0.0, ""kick_dir"": null}, {""move_vx"": -0.0, ""move_vy"": 0.0, ""kick_power"": 0.65, ""kick_dir"": [-0.10004604296041017, -0.9949826027954944]}, {""move_vx"": -0.0, ""move_vy"": 0.0, ""kick_power"": 0.0, ""kick_dir"": null}]"
238,191,default,default,0,82.90126146598737,17.492002127519637,9,A,,3.2219273740162833,0.45065588344995744,-0.034315466378844826,"[{""move_vx"": 0.0, ""move_vy"": 0.0, ""kick_power"": 0.0, ""kick_dir"": null}, {""move_vx"": 0.0, ""move_vy"": 0.0, ""kick_power"": 0.4, ""kick_dir"": [-0.8014732685972225, 0.5980300582118553]}, {""move_vx"": 5.393781456661259, ""move_vy"": -0.2590783622326602, ""kick_power"": 0.0, ""kick_dir"": null}, {""move_vx"": 0.0, ""move_vy"": 0.0, ""kick_power"": 0.0, ""kick_dir"": null}, {""move_vx"": 0.0, ""move_vy"": 0.0, ""kick_power"": 0.4, ""kick_dir"": [-0.8735265169508741, -0.48677638563360576]}, {""move_vx"": 2.7322179637864625, ""move_vy"": 5.453896313495752, ""kick_power"": 0.0, ""kick_dir"": null}, {""move_vx"": -4.457395271710682, ""move_vy"": 2.478230697842968, ""kick_power"": 0.0, ""kick_dir"": null}, {""move_vx"": 6.0, ""move_vy"": 0.0, ""kick_power"": 0.0, ""kick_dir"": null}, {""move_vx"": 0.0, ""move_vy"": 0.0, ""kick_power"": 0.7, ""kick_dir"": [0.9854015619896529, -0.17024605145191998]}, {""move_vx"": 5.038490690889643, ""move_vy"": 1.9425785847214567, ""kick_power"": 0.0, ""kick_dir"": null}, {""move_vx"": 5.399734892625219, ""move_vy"": 0.053507843964462634, ""kick_power"": 0.0, ""kick_dir"": null}, {""move_vx"": -4.03034534840682, ""move_vy"": -5.0996388472690395, ""kick_power"": 0.0, ""kick_dir"": null}, {""move_vx"": -0.0, ""move_vy"": 0.0, ""kick_power"": 0.0, ""kick_dir"": null}, {""move_vx"": -0.0, ""move_vy"": 0.0, ""kick_power"": 0.4, ""kick_dir"": [-0.9994093731450104, 0.0343638506557074]}, {""move_vx"": -0.0, ""move_vy"": 0.0, ""kick_power"": 0.6, ""kick_dir"": [-0.9999945495594114, 0.003296992111491527]}, {""move_vx"": 1.85710831706204, ""move_vy"": -5.187605295191511, ""kick_power"": 0.0, ""kick_dir"": null}, {""move_vx"": -4.242640687119285, ""move_vy"": 4.242640687119285, ""kick_power"": 0.0, ""kick_dir"": null}, {""move_vx"": 4.242640687119285, ""move_vy"": 4.242640687119285, ""kick_power"": 0.0, ""kick_dir"": null}, {""move_vx"": -0.0, ""move_vy"": 0.0, ""kick_power"": 0.0, ""kick_dir"": null}, {""move_vx"": -8.318458211134505, ""move_vy"": -0.16016550692630044, ""kick_power"": 0.0, ""kick_dir"": null}, {""move_vx"": -0.0, ""move_vy"": 0.0, ""kick_power"": 0.65, ""kick_dir"": [-0.03305675213746693, -0.9994532772742951]}, {""move_vx"": -0.0, ""move_vy"": 6.4, ""kick_power"": 0.0, ""kick_dir"": null}]"
238,192,default,default,0,83.23716084538003,17.621507366501067,9,A,,3.2440083817969088,0.47200447242664295,-0.03788076327897655,"[{""move_vx"": 0.0, ""move_vy"": 0.0, ""kick_power"": 0.0, ""kick_dir"": null}, {""move_vx"": 5.786495512787672, ""move_vy"": 0.395562486199253, ""kick_power"": 0.0, ""kick_dir"": null}, {""move_vx"": 5.394179171991754, ""move_vy"": -0.2506612464071002, ""kick_power"": 0.0, ""kick_dir"": null}, {""move_vx"": 0.0, ""move_vy"": 0.0, ""kick_power"": 0.0, ""kick_dir"": null}, {""move_vx"": 6.020687183416424, ""move_vy"": -3.491837029336453, ""kick_power"": 0.0, ""kick_dir"": null}, {""move_vx"": 2.6917486980403145, ""move_vy"": 5.473982914350233, ""kick_power"": 0.0, ""kick_dir"": null}, {""move_vx"": 6.1091198167292395, ""move_vy"": -1.539043555214116, ""kick_power"": 0.0, ""kick_dir"": null}, {""move_vx"": 6.0, ""move_vy"": 0.0, ""kick_power"": 0.0, ""kick_dir"": null}, {""move_vx"": 0.0, ""move_vy"": 0.0, ""kick_power"": 0.7, ""kick_dir"": [0.9854015619896529, -0.17024605145191998]}, {""move_vx"": 5.038490690889653, ""move_vy"": 1.9425785847214285, ""kick_power"": 0.0, ""kick_dir"": null}, {""move_vx"": 5.399633198513092, ""move_vy"": 0.06293903014250356, ""kick_power"": 0.0, ""kick_dir"": null}, {""move_vx"": -4.431054291303998, ""move_vy"": 0.7847024069775883, ""kick_power"": 0.0, ""kick_dir"": null}, {""move_vx"": -0.0, ""move_vy"": 0.0, ""kick_power"": 0.0, ""kick_dir"": null}, {""move_vx"": -0.0, ""move_vy"": 0.0, ""kick_power"": 0.4, ""kick_dir"": [-0.9993365495868941, 0.03642018848700414]}, {""move_vx"": -0.0, ""move_vy"": 0.0, ""kick_power"": 0.6, ""kick_dir"": [-0.9999971119044488, 0.0023970002753725935]}, {""move_vx"": 1.8946347052885553, ""move_vy"": -5.174017716776407, ""kick_power"": 0.0, ""kick_dir"": null}, {""move_vx"": -4.242640687119285, ""move_vy"": 4.242640687119285, ""kick_power"": 0.0, ""kick_dir"": null}, {""move_vx"": 4.242640687119285, ""move_vy"": 4.242640687119285, ""kick_power"": 0.0, ""kick_dir"": null}, {""move_vx"": -0.0, ""move_vy"": 0.0, ""kick_power"": 0.0, ""kick_dir"": null}, {""move_vx"": -8.318478205719037, ""move_vy"": -0.15912366567352262, ""kick_power"": 0.0, ""kick_dir"": null}, {""move_vx"": -0.0, ""move_vy"": 0.0, ""kick_power"": 0.0, ""kick_dir"": null}, {""move_vx"": -0.0, ""move_vy"": 6.4, ""kick_power"": 0.0, ""kick_dir"": null}]"
238,193,default,default,0,83.57306022477269,17.751012605482497,9,A,,3.266179550685612,0.4577817059709613,-0.03310653846972352,"[{""move_vx"": 0.0, ""move_vy"": 0.0, ""kick_power"": 0.0, ""kick_dir"": null}, {""move_vx"": 5.785873115300704, ""move_vy"": 0.4045643257141299, ""kick_power"": 0.0, ""kick_dir"": null}, {""move_vx"": 5.3945640004102495, ""move_vy"": -0.24223799346462735, ""kick_power"": 0.0, ""kick_dir"": null}, {""move_vx"": 0.0, ""move_vy"": 0.0, ""kick_power"": 0.0, ""kick_dir"": null}, {""move_vx"": 0.0, ""move_vy"": 0.0, ""kick_power"": 0.4, ""kick_dir"": [-0.8794282264464447, -0.4760313285782937]}, {""move_vx"": 2.6514424951214717, ""move_vy"": 5.493619271032896, ""kick_power"": 0.0, ""kick_dir"": null}, {""move_vx"": -4.485080754157213, ""move_vy"": 2.4277665927120253, ""kick_power"": 0.0, ""kick_dir"": null}, {""move_vx"": 6.0, ""move_vy"": 0.0, ""kick_power"": 0.0, ""kick_dir"": null}, {""move_vx"": 0.0, ""move_vy"": 0.0, ""kick_power"": 1.0, ""kick_dir"": [0.9854015619896529, -0.17024605145191998]}, {""move_vx"": 5.038490690889653, ""move_vy"": 1.9425785847214285, ""kick_power"": 0.0, ""kick_dir"": null}, {""move_vx"": 5.3995149523217165, ""move_vy"": 0.07237596047183444, ""kick_power"": 0.0, ""kick_dir"": null}, {""move_vx"": -3.412216876427208, ""move_vy"": -5.532339106402042, ""kick_power"": 0.0, ""kick_dir"": null}, {""move_vx"": -0.0, ""move_vy"": 0.0, ""kick_power"": 0.0, ""kick_dir"": null}, {""move_vx"": -0.0, ""move_vy"": 0.0, ""kick_power"": 0.4, ""kick_dir"": [-0.9992603119517984, 0.0384551496529806]}, {""move_vx"": -0.0, ""move_vy"": 0.0, ""kick_power"": 0.6, ""kick_dir"": [-0.9999988688423784, 0.0014939419518258626]}, {""move_vx"": 1.931809765892492, ""move_vy"": -5.160253000425695, ""kick_power"": 0.0, ""kick_dir"": null}, {""move_vx"": -4.242640687119285, ""move_vy"": 4.242640687119285, ""kick_power"": 0.0, ""kick_dir"": null}, {""move_vx"": 4.242640687119285, ""move_vy"": 4.242640687119285, ""kick_power"": 0.0, ""kick_dir"": null}, {""move_vx"": -0.0, ""move_vy"": 0.0, ""kick_power"": 0.0, ""kick_dir"": null}, {""move_vx"": -8.318498135013712, ""move_vy"": -0.15807839122855807, ""kick_power"": 0.0, ""kick_dir"": null}, {""move_vx"": -0.0, ""move_vy"": 0.0, ""kick_power"": 0.65, ""kick_dir"": [-0.16258189243783816, -0.9866948552109477]}, {""move_vx"": -0.0, ""move_vy"": 6.4, ""kick_power"": 0.0, ""kick_dir"": null}]"
238,194,default,default,0,83.72033470697151,18.242277321699994,9,A,,3.2901492148333498,0.487297741754905,0.013641228929333771,"[{""move_vx"": 0.0, ""move_vy"": 0.0, ""kick_power"": 0.0, ""kick_dir"": null}, {""move_vx"": 5.785235907495608, ""move_vy"": 0.41357646768582285, ""kick_power"": 0.0, ""kick_dir"": null}, {""move_vx"": 5.394935914473677, ""move_vy"": -0.23380863697067122, ""kick_power"": 0.0, ""kick_dir"": null}, {""move_vx"": 0.0, ""move_vy"": 0.0, ""kick_power"": 0.0, ""kick_dir"": null}, {""move_vx"": 0.0, ""move_vy"": 0.0, ""kick_power"": 0.4, ""kick_dir"": [-0.8793468484850895, -0.4761816319091498]}, {""move_vx"": 2.611316731348118, ""move_vy"": 5.512805540610096, ""kick_power"": 0.0, ""kick_dir"": null}, {""move_vx"": 6.121179993776338, ""move_vy"": -1.4903541471047441, ""kick_power"": 0.0, ""kick_dir"": null}, {""move_vx"": 6.0, ""move_vy"": 0.0, ""kick_power"": 0.0, ""kick_dir"": null}, {""move_vx"": 0.0, ""move_vy"": 0.0, ""kick_power"": 0.7, ""kick_dir"": [0.9854015619896529, -0.17024605145191998]}, {""move_vx"": 4.242640687119285, ""move_vy"": 4.242640687119285, ""kick_power"": 0.0, ""kick_dir"": null}, {""move_vx"": 5.39938012362592, ""move_vy"": 0.08181858342302972, ""kick_power"": 0.0, ""kick_dir"": null}, {""move_vx"": -3.1535700486423224, ""move_vy"": -5.683748406492502, ""kick_power"": 0.0, ""kick_dir"": null}, {""move_vx"": -0.0, ""move_vy"": 0.0, ""kick_power"": 0.0, ""kick_dir"": null}, {""move_vx"": -0.0, ""move_vy"": 0.0, ""kick_power"": 0.4, ""kick_dir"": [-0.9991807905384501, 0.04046872252077468]}, {""move_vx"": -0.0, ""move_vy"": 0.0, ""kick_power"": 0.6, ""kick_dir"": [-0.9999998122066217, 0.0005875843291641515]}, {""move_vx"": 1.9686348951763408, ""move_vy"": -5.1463168042294125, ""kick_power"": 0.0, ""kick_dir"": null}, {""move_vx"": -4.242640687119285, ""move_vy"": 4.242640687119285, ""kick_power"": 0.0, ""kick_dir"": null}, {""move_vx"": 4.242640687119285, ""move_vy"": 4.242640687119285, ""kick_power"": 0.0, ""kick_dir"": null}, {""move_vx"": -0.0, ""move_vy"": 0.0, ""kick_power"": 0.0, ""kick_dir"": null}, {""move_vx"": -8.318517998583305, ""move_vy"": -0.1570296381121392, ""kick_power"": 0.0, ""kick_dir"": null}, {""move_vx"": -7.123003266096311, ""move_vy"": -1.0501544987197193, ""kick_power"": 0.0, ""kick_dir"": null}, {""move_vx"": -0.0, ""move_vy"": 0.0, ""kick_power"": 0.0, ""kick_dir"": null}]"
238,195,default,default,0,84.00317741944615,18.525120034174613,9,A,,3.3129528366159424,0.4833981286516439,-0.01047158660147398,"[{""move_vx"": 0.0, ""move_vy"": 0.0, ""kick_power"": 0.0, ""kick_dir"": null}, {""move_vx"": 5.7821425890065825, ""move_vy"": 0.4547824539230378, ""kick_power"": 0.0, ""kick_dir"": null}, {""move_vx"": 5.396122474043379, ""move_vy"": -0.20460265180094023, ""kick_power"": 0.0, ""kick_dir"": null}, {""move_vx"": 0.0, ""move_vy"": 0.0, ""kick_power"": 0.0, ""kick_dir"": null}, {""move_vx"": 6.080433838025655, ""move_vy"": -3.3867276745248653, ""kick_power"": 0.0, ""kick_dir"": null}, {""move_vx"": 2.571388317293491, ""move_vy"": 5.531542472194039, ""kick_power"": 0.0, ""kick_dir"": null}, {""move_vx"": 6.139220977979117, ""move_vy"": -1.4142014649763113, ""kick_power"": 0.0, ""kick_dir"": null}, {""move_vx"": 6.0, ""move_vy"": 0.0, ""kick_power"": 0.0, ""kick_dir"": null}, {""move_vx"": 0.0, ""move_vy"": 0.0, ""kick_power"": 0.7, ""kick_dir"": [0.9854015619896529, -0.17024605145191998]}, {""move_vx"": 4.242640687119285, ""move_vy"": 4.242640687119285, ""kick_power"": 0.0, ""kick_dir"": null}, {""move_vx"": 5.398687533606249, ""move_vy"": 0.11905005033380522, ""kick_power"": 0.0, ""kick_dir"": null}, {""move_vx"": -3.316370472126205, ""move_vy"": -5.590320821885754, ""kick_power"": 0.0, ""kick_dir"": null}, {""move_vx"": 4.1012193308819755, ""move_vy"": 4.1012193308819755, ""kick_power"": 0.0, ""kick_dir"": null}, {""move_vx"": -0.0, ""move_vy"": 0.0, ""kick_power"": 0.4, ""kick_dir"": [-0.9990984566087137, 0.04245284197665848]}, {""move_vx"": -0.0, ""move_vy"": 0.0, ""kick_power"": 0.6, ""kick_dir"": [-0.9999999290564263, -0.0003341776773819209]}, {""move_vx"": 1.998269065548678, ""move_vy"": -5.134882738843333, ""kick_power"": 0.0, ""kick_dir"": null}, {""move_vx"": -4.242640687119285, ""move_vy"": 4.242640687119285, ""kick_power"": 0.0, ""kick_dir"": null}, {""move_vx"": 4.242640687119285, ""move_vy"": 4.242640687119285, ""kick_power"": 0.0, ""kick_dir"": null}, {""move_vx"": -0.0, ""move_vy"": 0.0, ""kick_power"": 0.0, ""kick_dir"": null}, {""move_vx"": -8.318537795985346, ""move_vy"": -0.15597735977784719, ""kick_power"": 0.0, ""kick_dir"": null}, {""move_vx"": -0.0, ""move_vy"": 0.0, ""kick_power"": 0.65, ""kick_dir"": [-0.20037468560945204, -0.979719140046663]}, {""move_vx"": 4.525483399593904, ""move_vy"": 4.525483399593904, ""kick_power"": 0.0, ""kick_dir"": null}]"
238,196,default,default,0,84.28602013192078,18.80796274664923,9,A,,3.3358208823079325,0.4837170298152789,-0.018099655198113355,"[{""move_vx"": 0.0, ""move_vy"": 0.0, ""kick_power"": 0.0, ""kick_dir"": null}, {""move_vx"": 5.7803311726572355, ""move_vy"": 0.47725416122546976, ""kick_power"": 0.0, ""kick_dir"": null}, {""move_vx"": 4.762801775606118, ""move_vy"": 2.5447434539228544, ""kick_power"": 0.0, ""kick_dir"": null}, {""move_vx"": 0.0, ""move_vy"": 0.0, ""kick_power"": 0.0, ""kick_dir"": null}, {""move_vx"": 6.103801386338707, ""move_vy"": -3.344429493370982, ""kick_power"": 0.0, ""kick_dir"": null}, {""move_vx"": 2.5316736693487805, ""move_vy"": 5.54983138770234, ""kick_power"": 0.0, ""kick_dir"": null}, {""move_vx"": 6.150701567147133, ""move_vy"": -1.3634039137004927, ""kick_power"": 0.0, ""kick_dir"": null}, {""move_vx"": 6.0, ""move_vy"": 0.0, ""kick_power"": 0.0, ""kick_dir"": null}, {""move_vx"": 0.0, ""move_vy"": 0.0, ""kick_power"": 0.7, ""kick_dir"": [0.9854015619896529, -0.17024605145191998]}, {""move_vx"": 4.242640687119285, ""move_vy"": 4.242640687119285, ""kick_power"": 0.0, ""kick_dir"": null}, {""move_vx"": 5.398178853460778, ""move_vy"": 0.1402321862087421, ""kick_power"": 0.0, ""kick_dir"": null}, {""move_vx"": -3.1286153239298793, ""move_vy"": -5.697522808631057, ""kick_power"": 0.0, ""kick_dir"": null}, {""move_vx"": -0.0, ""move_vy"": 0.0, ""kick_power"": 0.9, ""kick_dir"": [0.07433170827104701, 0.9972335045237374]}, {""move_vx"": -0.0, ""move_vy"": 0.0, ""kick_power"": 0.4, ""kick_dir"": [-0.999013781107552, 0.04440084518395772]}, {""move_vx"": -0.0, ""move_vy"": 0.0, ""kick_power"": 0.6, ""kick_dir"": [-0.9999991643317742, -0.0012811093438672297]}, {""move_vx"": 2.036060115584939, ""move_vy"": -5.120015547410403, ""kick_power"": 0.0, ""kick_dir"": null}, {""move_vx"": -4.242640687119285, ""move_vy"": 4.242640687119285, ""kick_power"": 0.0, ""kick_dir"": null}, {""move_vx"": 4.242640687119285, ""move_vy"": 4.242640687119285, ""kick_power"": 0.0, ""kick_dir"": null}, {""move_vx"": -0.0, ""move_vy"": 0.0, ""kick_power"": 0.0, ""kick_dir"": null}, {""move_vx"": -8.318557526769924, ""move_vy"": -0.15492150857597872, ""kick_power"": 0.0, ""kick_dir"": null}, {""move_vx"": -5.6429321560665935, ""move_vy"": 2.038949896890463, ""kick_power"": 0.0, ""kick_dir"": null}, {""move_vx"": -0.0, ""move_vy"": 0.0, ""kick_power"": 0.0, ""kick_dir"": null}]"
238,197,default,default,0,84.38882730603869,18.09094621839567,9,A,,3.3593294673114795,0.43103237280517676,-0.06139391262387202,"[{""move_vx"": 0.0, ""move_vy"": 0.0, ""kick_power"": 0.0, ""kick_dir"": null}, {""move_vx"": 5.778427651363082, ""move_vy"": 0.4997738268082208, ""kick_power"": 0.0, ""kick_dir"": null}, {""move_vx"": -4.576119894732511, ""move_vy"": 0.3566885322425025, ""kick_power"": 0.0, ""kick_dir"": null}, {""move_vx"": 0.0, ""move_vy"": 0.0, ""kick_power"": 0.0, ""kick_dir"": null}, {""move_vx"": 0.0, ""move_vy"": 0.0, ""kick_power"": 0.4, ""kick_dir"": [-0.8990333832830447, -0.43787990299106955]}, {""move_vx"": 2.492188683874785, ""move_vy"": 5.567674161080771, ""kick_power"": 0.0, ""kick_dir"": null}, {""move_vx"": 6.161759231181126, ""move_vy"": -1.3125254957349126, ""kick_power"": 0.0, ""kick_dir"": null}, {""move_vx"": 6.0, ""move_vy"": 0.0, ""kick_power"": 0.0, ""kick_dir"": null}, {""move_vx"": 0.0, ""move_vy"": 0.0, ""kick_power"": 0.7, ""kick_dir"": [0.9854015619896529, -0.17024605145191998]}, {""move_vx"": 4.242640687119285, ""move_vy"": 4.242640687119285, ""kick_power"": 0.0, ""kick_dir"": null}, {""move_vx"": 5.397585799724018, ""move_vy"": 0.16145443511296054, ""kick_power"": 0.0, ""kick_dir"": null}, {""move_vx"": -2.8296685839992657, ""move_vy"": -5.8517497985412525, ""kick_power"": 0.0, ""kick_dir"": null}, {""move_vx"": 4.1012193308819755, ""move_vy"": 4.1012193308819755, ""kick_power"": 0.0, ""kick_dir"": null}, {""move_vx"": -0.0, ""move_vy"": 0.0, ""kick_power"": 0.4, ""kick_dir"": [-0.9989267169295057, 0.04631829234753929]}, {""move_vx"": -0.0, ""move_vy"": 0.0, ""kick_power"": 0.6, ""kick_dir"": [-0.9999974651675968, -0.00224492327986665]}, {""move_vx"": 2.0738539901165978, ""move_vy"": -5.104824152473566, ""kick_power"": 0.0, ""kick_dir"": null}, {""move_vx"": -4.242640687119285, ""move_vy"": 4.242640687119285, ""kick_power"": 0.0, ""kick_dir"": null}, {""move_vx"": 4.242640687119285, ""move_vy"": 4.242640687119285, ""kick_power"": 0.0, ""kick_dir"": null}, {""move_vx"": -0.0, ""move_vy"": 0.0, ""kick_power"": 0.0, ""kick_dir"": null}, {""move_vx"": -8.318577190479475, ""move_vy"": -0.153862035715794, ""kick_power"": 0.0, ""kick_dir"": null}, {""move_vx"": -0.0, ""move_vy"": 0.0, ""kick_power"": 0.65, ""kick_dir"": [-0.24656713744424918, -0.9691255185789177]}, {""move_vx"": -0.0, ""move_vy"": 0.0, ""kick_power"": 0.0, ""kick_dir"": null}]"
238,198,default,default,0,84.52618645968283,18.033730598151692,9,A,,3.383054582082608,0.45937874326776246,-0.022332665513907262,"[{""move_vx"": 0.0, ""move_vy"": -5.0, ""kick_power"": 0.0, ""kick_dir"": null}, {""move_vx"": 5.783583293520412, ""move_vy"": 0.4360783036469214, ""kick_power"": 0.0, ""kick_dir"": null}, {""move_vx"": 5.394893713579599, ""move_vy"": -0.23478036370047528, ""kick_power"": 0.0, ""kick_dir"": null}, {""move_vx"": -5.4, ""move_vy"": 0.0, ""kick_power"": 0.0, ""kick_dir"": null}, {""move_vx"": 0.0, ""move_vy"": 0.0, ""kick_power"": 0.4, ""kick_dir"": [-0.8886860569082817, -0.4585160019038666]}, {""move_vx"": 2.4529487139886377, ""move_vy"": 5.585073196166857, ""kick_power"": 0.0, ""kick_dir"": null}, {""move_vx"": 6.138948746820721, ""move_vy"": -1.4153827340717073, ""kick_power"": 0.0, ""kick_dir"": null}, {""move_vx"": 6.0, ""move_vy"": 0.0, ""kick_power"": 0.0, ""kick_dir"": null}, {""move_vx"": 0.0, ""move_vy"": 0.0, ""kick_power"": 0.7, ""kick_dir"": [0.9854015619896529, -0.17024605145191998]}, {""move_vx"": 4.242640687119285, ""move_vy"": 4.242640687119285, ""kick_power"": 0.0, ""kick_dir"": null}, {""move_vx"": 0.0, ""move_vy"": 0.0, ""kick_power"": 1.0, ""kick_dir"": [0.9714405499756618, 0.23728297906614923]}, {""move_vx"": -1.8076959841630211, ""move_vy"": -6.243575516388097, ""kick_power"": 0.0, ""kick_dir"": null}, {""move_vx"": 5.8, ""move_vy"": 0.0, ""kick_power"": 0.0, ""kick_dir"": null}, {""move_vx"": -0.0, ""move_vy"": 0.0, ""kick_power"": 0.4, ""kick_dir"": [-0.998837456198813, 0.04820483586924936]}, {""move_vx"": -0.0, ""move_vy"": 0.0, ""kick_power"": 0.6, ""kick_dir"": [-0.9999947812749592, -0.003226075121873369]}, {""move_vx"": 2.027337007883914, ""move_vy"": -5.123475837404164, ""kick_power"": 0.0, ""kick_dir"": null}, {""move_vx"": -4.242640687119285, ""move_vy"": 4.242640687119285, ""kick_power"": 0.0, ""kick_dir"": null}, {""move_vx"": -3.34683807694014, ""move_vy"": -4.237767677297049, ""kick_power"": 0.0, ""kick_dir"": null}, {""move_vx"": -0.0, ""move_vy"": 0.0, ""kick_power"": 0.0, ""kick_dir"": null}, {""move_vx"": -8.31859678664858, ""move_vy"": -0.15279889122608573, ""kick_power"": 0.0, ""kick_dir"": null}, {""move_vx"": -0.0, ""move_vy"": 0.0, ""kick_power"": 0.65, ""kick_dir"": [-0.30333412130703047, -0.9528840653060218]}, {""move_vx"": -0.0, ""move_vy"": 0.0, ""kick_power"": 0.0, ""kick_dir"": null}]"
238,199,default,default,0,84.6630424981412,17.970575834140753,9,A,,3.4072108165595942,0.46022521570981334,-0.030061397910037625,"[{""move_vx"": 4.996795350539413, ""move_vy"": 0.17898666103289967, ""kick_power"": 0.0, ""kick_dir"": null}, {""move_vx"": 5.784032240862715, ""move_vy"": 0.4300825928361279, ""kick_power"": 0.0, ""kick_dir"": null}, {""move_vx"": 5.394761106089111, ""move_vy"": -0.23780792297187237, ""kick_power"": 0.0, ""kick_dir"": null}, {""move_vx"": -5.4, ""move_vy"": 0.0, ""kick_power"": 0.0, ""kick_dir"": null}, {""move_vx"": 0.0, ""move_vy"": 0.0, ""kick_power"": 0.4, ""kick_dir"": [-0.8865869171770857, -0.4625618571171672]}, {""move_vx"": 2.413968549010725, ""move_vy"": 5.602031403373872, ""kick_power"": 0.0, ""kick_dir"": null}, {""move_vx"": 6.1380750748950685, ""move_vy"": -1.4191667889828545, ""kick_power"": 0.0, ""kick_dir"": null}, {""move_vx"": 6.0, ""move_vy"": 0.0, ""kick_power"": 0.0, ""kick_dir"": null}, {""move_vx"": 0.0, ""move_vy"": 0.0, ""kick_power"": 0.7, ""kick_dir"": [0.9854015619896529, -0.17024605145191998]}, {""move_vx"": 4.242640687119285, ""move_vy"": 4.242640687119285, ""kick_power"": 0.0, ""kick_dir"": null}, {""move_vx"": 0.0, ""move_vy"": 0.0, ""kick_power"": 1.0, ""kick_dir"": [0.9714405499756618, 0.23728297906614923]}, {""move_vx"": -1.6159067093612784, ""move_vy"": -6.295938810585853, ""kick_power"": 0.0, ""kick_dir"": null}, {""move_vx"": -0.0, ""move_vy"": 0.0, ""kick_power"": 0.0, ""kick_dir"": null}, {""move_vx"": -0.0, ""move_vy"": 0.0, ""kick_power"": 0.4, ""kick_dir"": [-0.9987427928508019, 0.05012787587143573]}, {""move_vx"": -0.0, ""move_vy"": 0.0, ""kick_power"": 0.6, ""kick_dir"": [-0.9999914685920851, -0.00412710506848477]}, {""move_vx"": 2.0244160283516734, ""move_vy"": -5.124630693440537, ""kick_power"": 0.0, ""kick_dir"": null}, {""move_vx"": -4.242640687119285, ""move_vy"": 4.242640687119285, ""kick_power"": 0.0, ""kick_dir"": null}, {""move_vx"": 4.242640687119285, ""move_vy"": 4.242640687119285, ""kick_power"": 0.0, ""kick_dir"": null}, {""move_vx"": -0.0, ""move_vy"": 0.0, ""kick_power"": 0.0, ""kick_dir"": null}, {""move_vx"": -8.31861631480374, ""move_vy"": -0.15173202391394727, ""kick_power"": 0.0, ""kick_dir"": null}, {""move_vx"": -0.0, ""move_vy"": 0.0, ""kick_power"": 0.65, ""kick_dir"": [-0.3568457369983643, -0.9341631329749306]}, {""move_vx"": -0.0, ""move_vy"": 0.0, ""kick_power"": 0.0, ""kick_dir"": null}]"
238,200,default,default,0,84.81261821434201,17.907351928236103,9,A,,3.431314017261995,0.4682877985107767,-0.028593818877447157,"[{""move_vx"": 4.996880489983747, ""move_vy"": 0.1765937960965548, ""kick_power"": 0.0, ""kick_dir"": null}, {""move_vx"": 5.784517201593891, ""move_vy"": 0.42351002876482924, ""kick_power"": 0.0, ""kick_dir"": null}, {""move_vx"": 5.394610304494432, ""move_vy"": -0.24120460742387895, ""kick_power"": 0.0, ""kick_dir"": null}, {""move_vx"": -5.4, ""move_vy"": 0.0, ""kick_power"": 0.0, ""kick_dir"": null}, {""move_vx"": 6.097530396496127, ""move_vy"": -3.355849082394167, ""kick_power"": 0.0, ""kick_dir"": null}, {""move_vx"": 2.3752623965765447, ""move_vy"": 5.618552175374848, ""kick_power"": 0.0, ""kick_dir"": null}, {""move_vx"": 6.136986947781944, ""move_vy"": -1.423864882197069, ""kick_power"": 0.0, ""kick_dir"": null}, {""move_vx"": 6.0, ""move_vy"": 0.0, ""kick_power"": 0.0, ""kick_dir"": null}, {""move_vx"": 0.0, ""move_vy"": 0.0, ""kick_power"": 0.7, ""kick_dir"": [0.9854015619896529, -0.17024605145191998]}, {""move_vx"": 4.242640687119285, ""move_vy"": 4.242640687119285, ""kick_power"": 0.0, ""kick_dir"": null}, {""move_vx"": 0.0, ""move_vy"": 0.0, ""kick_power"": 1.0, ""kick_dir"": [0.9714405499756618, 0.23728297906614923]}, {""move_vx"": -1.4262757890289683, ""move_vy"": -6.3415879220925255, ""kick_power"": 0.0, ""kick_dir"": null}, {""move_vx"": 4.1012193308819755, ""move_vy"": 4.1012193308819755, ""kick_power"": 0.0, ""kick_dir"": null}, {""move_vx"": -0.0, ""move_vy"": 0.0, ""kick_power"": 0.4, ""kick_dir"": [-0.998644924599593, 0.05204118451291871]}, {""move_vx"": -0.0, ""move_vy"": 0.0, ""kick_power"": 0.6, ""kick_dir"": [-0.9999874072011273, -0.0050155564894078415]}, {""move_vx"": 2.021125361962, ""move_vy"": -5.125929405603824, ""kick_power"": 0.0, ""kick_dir"": null}, {""move_vx"": -4.242640687119285, ""move_vy"": 4.242640687119285, ""kick_power"": 0.0, ""kick_dir"": null}, {""move_vx"": -3.3316983451975744, ""move_vy"": -4.24968070996019, ""kick_power"": 0.0, ""kick_dir"": null}, {""move_vx"": -0.0, ""move_vy"": 0.0, ""kick_power"": 0.0, ""kick_dir"": null}, {""move_vx"": -6.4, ""move_vy"": 0.0, ""kick_power"": 0.0, ""kick_dir"": null}, {""move_vx"": -7.1177067396701705, ""move_vy"": -1.0854726012451092, ""kick_power"": 0.0, ""kick_dir"": null}, {""move_vx"": -0.0, ""move_vy"": 0.0, ""kick_power"": 0.0, ""kick_dir"": null}]"
238,201,default,default,0,85.25394515818323,18.722048805121545,9,A,,3.453970407221599,0.49600616040890777,0.0052306501199991815,"[{""move_vx"": 4.9969646681983235, ""move_vy"": 0.17419559345062302, ""kick_power"": 0.0, ""kick_dir"": null}, {""move_vx"": 5.785004913311079, ""move_vy"": 0.41679509710008317, ""kick_power"": 0.0, ""kick_dir"": null}, {""move_vx"": 5.394457987424838, ""move_vy"": -0.2445874524753294, ""kick_power"": 0.0, ""kick_dir"": null}, {""move_vx"": -5.4, ""move_vy"": 0.0, ""kick_power"": 0.0, ""kick_dir"": null}, {""move_vx"": 0.0, ""move_vy"": 0.0, ""kick_power"": 0.4, ""kick_dir"": [-0.9045387315900238, -0.4263912821162347]}, {""move_vx"": 2.336843867398878, ""move_vy"": 5.634639361964548, ""kick_power"": 0.0, ""kick_dir"": null}, {""move_vx"": 6.135992768347642, ""move_vy"": -1.4281431114511751, ""kick_power"": 0.0, ""kick_dir"": null}, {""move_vx"": 6.0, ""move_vy"": 0.0, ""kick_power"": 0.0, ""kick_dir"": null}, {""move_vx"": 0.0, ""move_vy"": 0.0, ""kick_power"": 0.7, ""kick_dir"": [0.9854015619896529, -0.17024605145191998]}, {""move_vx"": 4.242640687119285, ""move_vy"": 4.242640687119285, ""kick_power"": 0.0, ""kick_dir"": null}, {""move_vx"": 0.0, ""move_vy"": 0.0, ""kick_power"": 1.0, ""kick_dir"": [0.9714405499756618, 0.23728297906614923]}, {""move_vx"": -4.92558032137871, ""move_vy"": 0.85945244059622, ""kick_power"": 0.0, ""kick_dir"": null}, {""move_vx"": 4.1012193308819755, ""move_vy"": 4.1012193308819755, ""kick_power"": 0.0, ""kick_dir"": null}, {""move_vx"": -0.0, ""move_vy"": 0.0, ""kick_power"": 0.4, ""kick_dir"": [-0.9985438848708, 0.05394516107794517]}, {""move_vx"": -0.0, ""move_vy"": 0.0, ""kick_power"": 0.6, ""kick_dir"": [-0.9999826327791547, -0.005891062851277313]}, {""move_vx"": 2.01968656379962, ""move_vy"": -5.1264964823949, ""kick_power"": 0.0, ""kick_dir"": null}, {""move_vx"": -4.242640687119285, ""move_vy"": 4.242640687119285, ""kick_power"": 0.0, ""kick_dir"": null}, {""move_vx"": 6.0, ""move_vy"": 0.0, ""kick_power"": 0.0, ""kick_dir"": null}, {""move_vx"": -0.0, ""move_vy"": 0.0, ""kick_power"": 0.0, ""kick_dir"": null}, {""move_vx"": -8.318613280303932, ""move_vy"": -0.1518982973935193, ""kick_power"": 0.0, ""kick_dir"": null}, {""move_vx"": -0.0, ""move_vy"": 0.0, ""kick_power"": 0.65, ""kick_dir"": [-0.37854830777366694, -0.9255813398439388]}, {""move_vx"": -0.0, ""move_vy"": 0.0, ""kick_power"": 0.0, ""kick_dir"": null}]"
238,202,default,default,0,85.49488546305436,18.141059715952363,9,A,,3.4768760153290836,0.4431162584695705,-0.07862929186273604,"[{""move_vx"": 0.0, ""move_vy"": 0.0, ""kick_power"": 0.0, ""kick_dir"": null}, {""move_vx"": 5.779438236959719, ""move_vy"": 0.4879484247007366, ""kick_power"": 0.0, ""kick_dir"": null}, {""move_vx"": 5.396497486232887, ""move_vy"": -0.1944604872002002, ""kick_power"": 0.0, ""kick_dir"": null}, {""move_vx"": -5.4, ""move_vy"": 0.0, ""kick_power"": 0.0, ""kick_dir"": null}, {""move_vx"": 0.0, ""move_vy"": 0.0, ""kick_power"": 0.4, ""kick_dir"": [-0.900925765796166, -0.43397305138118847]}, {""move_vx"": -4.313351365237939, ""move_vy"": -4.313351365237939, ""kick_power"": 0.0, ""kick_dir"": null}, {""move_vx"": 6.166592846390224, ""move_vy"": -1.2896250101672666, ""kick_power"": 0.0, ""kick_dir"": null}, {""move_vx"": 6.0, ""move_vy"": 0.0, ""kick_power"": 0.0, ""kick_dir"": null}, {""move_vx"": 0.0, ""move_vy"": 0.0, ""kick_power"": 0.7, ""kick_dir"": [0.9854015619896529, -0.17024605145191998]}, {""move_vx"": 4.242640687119285, ""move_vy"": 4.242640687119285, ""kick_power"": 0.0, ""kick_dir"": null}, {""move_vx"": 5.397842313524649, ""move_vy"": 0.15263799763779762, ""kick_power"": 0.0, ""kick_dir"": null}, {""move_vx"": 1.0738966681999351, ""move_vy"": -6.41067437529228, ""kick_power"": 0.0, ""kick_dir"": null}, {""move_vx"": 4.1012193308819755, ""move_vy"": 4.1012193308819755, ""kick_power"": 0.0, ""kick_dir"": null}, {""move_vx"": -0.0, ""move_vy"": 0.0, ""kick_power"": 0.4, ""kick_dir"": [-0.9984411154428854, 0.05581495778062484]}, {""move_vx"": -0.0, ""move_vy"": 0.0, ""kick_power"": 0.6, ""kick_dir"": [-0.9999769268622463, -0.006790901062374236]}, {""move_vx"": -4.1012193308819755, ""move_vy"": -4.1012193308819755, ""kick_power"": 0.0, ""kick_dir"": null}, {""move_vx"": -4.242640687119285, ""move_vy"": 4.242640687119285, ""kick_power"": 0.0, ""kick_dir"": null}, {""move_vx"": 4.242640687119285, ""move_vy"": 4.242640687119285, ""kick_power"": 0.0, ""kick_dir"": null}, {""move_vx"": -0.0, ""move_vy"": 0.0, ""kick_power"": 0.0, ""kick_dir"": null}, {""move_vx"": -8.318633153599478, ""move_vy"": -0.1508060205548945, ""kick_power"": 0.0, ""kick_dir"": null}, {""move_vx"": -7.11770673967017, ""move_vy"": -1.0854726012451084, ""kick_power"": 0.0, ""kick_dir"": null}, {""move_vx"": -0.0, ""move_vy"": 0.0, ""kick_power"": 0.0, ""kick_dir"": null}]"
238,203,default,default,0,85.81705998345582,17.980424793211093,9,A,,3.499887087323349,0.4532752127366652,-0.05205421981631764,"[{""move_vx"": 4.996426157494697, ""move_vy"": 0.18901230833672136, ""kick_power"": 0.0, ""kick_dir"": null}, {""move_vx"": 5.783825579684803, ""move_vy"": 0.43285293551478, ""kick_power"": 0.0, ""kick_dir"": null}, {""move_vx"": 5.395141318291908, ""move_vy"": -0.2290199896503488, ""kick_power"": 0.0, ""kick_dir"": null}, {""move_vx"": -5.4, ""move_vy"": 0.0, ""kick_power"": 0.0, ""kick_dir"": null}, {""move_vx"": 0.0, ""move_vy"": 0.0, ""kick_power"": 0.4, ""kick_dir"": [-0.9004772645351501, -0.43490291175422874]}, {""move_vx"": 2.36883579035287, ""move_vy"": 5.621264715199177, ""kick_power"": 0.0, ""kick_dir"": null}, {""move_vx"": -6.0, ""move_vy"": 0.0, ""kick_power"": 0.0, ""kick_dir"": null}, {""move_vx"": 6.0, ""move_vy"": 0.0, ""kick_power"": 0.0, ""kick_dir"": null}, {""move_vx"": 0.0, ""move_vy"": 0.0, ""kick_power"": 0.7, ""kick_dir"": [0.9854015619896529, -0.17024605145191998]}, {""move_vx"": 4.832617806021784, ""move_vy"": -2.4095238411190705, ""kick_power"": 0.0, ""kick_dir"": null}, {""move_vx"": 0.0, ""move_vy"": 0.0, ""kick_power"": 1.0, ""kick_dir"": [0.9710263159929126, 0.23897248287227357]}, {""move_vx"": -4.924958450757819, ""move_vy"": 0.8630088402265317, ""kick_power"": 0.0, ""kick_dir"": null}, {""move_vx"": 4.1012193308819755, ""move_vy"": 4.1012193308819755, ""kick_power"": 0.0, ""kick_dir"": null}, {""move_vx"": -0.0, ""move_vy"": 0.0, ""kick_power"": 0.4, ""kick_dir"": [-0.9983362666300556, 0.057659945819634524]}, {""move_vx"": -0.0, ""move_vy"": 0.0, ""kick_power"": 0.6, ""kick_dir"": [-0.9999703303910594, -0.007701236485016295]}, {""move_vx"": 2.148839206769011, ""move_vy"": -5.073715607269718, ""kick_power"": 0.0, ""kick_dir"": null}, {""move_vx"": -4.242640687119285, ""move_vy"": 4.242640687119285, ""kick_power"": 0.0, ""kick_dir"": null}, {""move_vx"": 4.242640687119285, ""move_vy"": 4.242640687119285, ""kick_power"": 0.0, ""kick_dir"": null}, {""move_vx"": -0.0, ""move_vy"": 0.0, ""kick_power"": 0.0, ""kick_dir"": null}, {""move_vx"": -8.318652955088124, ""move_vy"": -0.14970976188486682, ""kick_power"": 0.0, ""kick_dir"": null}, {""move_vx"": -0.0, ""move_vy"": 0.0, ""kick_power"": 0.0, ""kick_dir"": null}, {""move_vx"": -0.0, ""move_vy"": 0.0, ""kick_power"": 0.0, ""kick_dir"": null}]"
238,204,default,default,0,85.98720923063996,18.95525644563309,9,A,,3.5249191302621514,0.506390878967078,0.03587267654002837,"[{""move_vx"": 4.996622994816093, ""move_vy"": 0.18373526519168615, ""kick_power"": 0.0, ""kick_dir"": null}, {""move_vx"": 5.785078005539398, ""move_vy"": 0.4157793523304177, ""kick_power"": 0.0, ""kick_dir"": null}, {""move_vx"": 5.39475574217159, ""move_vy"": -0.2379295742581516, ""kick_power"": 0.0, ""kick_dir"": null}, {""move_vx"": -5.4, ""move_vy"": 0.0, ""kick_power"": 0.0, ""kick_dir"": null}, {""move_vx"": 0.0, ""move_vy"": 0.0, ""kick_power"": 0.4, ""kick_dir"": [-0.9065215144730664, -0.4221594415320813]}, {""move_vx"": 2.3304665035216656, ""move_vy"": 5.637280006879514, ""kick_power"": 0.0, ""kick_dir"": null}, {""move_vx"": -6.0, ""move_vy"": 0.0, ""kick_power"": 0.0, ""kick_dir"": null}, {""move_vx"": 6.0, ""move_vy"": 0.0, ""kick_power"": 0.0, ""kick_dir"": null}, {""move_vx"": 0.0, ""move_vy"": 0.0, ""kick_power"": 0.7, ""kick_dir"": [0.9854015619896529, -0.17024605145191998]}, {""move_vx"": 4.242640687119285, ""move_vy"": 4.242640687119285, ""kick_power"": 0.0, ""kick_dir"": null}, {""move_vx"": 0.0, ""move_vy"": 0.0, ""kick_power"": 1.0, ""kick_dir"": [0.9710263159929126, 0.23897248287227357]}, {""move_vx"": -4.925997941857293, ""move_vy"": 0.8570555856055745, ""kick_power"": 0.0, ""kick_dir"": null}, {""move_vx"": 4.1012193308819755, ""move_vy"": 4.1012193308819755, ""kick_power"": 0.0, ""kick_dir"": null}, {""move_vx"": -0.0, ""move_vy"": 0.0, ""kick_power"": 0.4, ""kick_dir"": [-0.998227338692048, 0.05951597272539509]}, {""move_vx"": -0.0, ""move_vy"": 0.0, ""kick_power"": 0.6, ""kick_dir"": [-0.9999632704435502, -0.008569047833203022]}, {""move_vx"": -0.0, ""move_vy"": 0.0, ""kick_power"": 0.0, ""kick_dir"": null}, {""move_vx"": -4.242640687119285, ""move_vy"": 4.242640687119285, ""kick_power"": 0.0, ""kick_dir"": null}, {""move_vx"": 4.242640687119285, ""move_vy"": 4.242640687119285, ""kick_power"": 0.0, ""kick_dir"": null}, {""move_vx"": -0.0, ""move_vy"": 0.0, ""kick_power"": 0.0, ""kick_dir"": null}, {""move_vx"": -8.318672684240225, ""move_vy"": -0.14860946294074864, ""kick_power"": 0.0, ""kick_dir"": null}, {""move_vx"": -0.0, ""move_vy"": 0.0, ""kick_power"": 0.65, ""kick_dir"": [-0.4583134460574461, -0.8887904334798422]}, {""move_vx"": -0.0, ""move_vy"": 0.0, ""kick_power"": 0.0, ""kick_dir"": null}]"
238,205,default,default,0,86.49993656589551,18.83146095028806,9,A,,3.5463748822192818,0.4665410484013943,-0.07139862254141298,"[{""move_vx"": 0.0, ""move_vy"": 0.0, ""kick_power"": 0.0, ""kick_dir"": null}, {""move_vx"": 5.777931710945739, ""move_vy"": 0.5054751662027007, ""kick_power"": 0.0, ""kick_dir"": null}, {""move_vx"": 5.397066498342831, ""move_vy"": -0.17796969535697477, ""kick_power"": 0.0, ""kick_dir"": null}, {""move_vx"": 0.0, ""move_vy"": -5.4, ""kick_power"": 0.0, ""kick_dir"": null}, {""move_vx"": 6.176694337367193, ""move_vy"": -3.2078103221256784, ""kick_power"": 0.0, ""kick_dir"": null}, {""move_vx"": 2.2923999490157705, ""move_vy"": 5.652866748274939, ""kick_power"": 0.0, ""kick_dir"": null}, {""move_vx"": -6.0, ""move_vy"": 0.0, ""kick_power"": 0.0, ""kick_dir"": null}, {""move_vx"": 6.0, ""move_vy"": 0.0, ""kick_power"": 0.0, ""kick_dir"": null}, {""move_vx"": 0.0, ""move_vy"": 0.0, ""kick_power"": 0.7, ""kick_dir"": [0.9854015619896529, -0.17024605145191998]}, {""move_vx"": 4.242640687119285, ""move_vy"": 4.242640687119285, ""kick_power"": 0.0, ""kick_dir"": null}, {""move_vx"": 5.397356634822314, ""move_vy"": 0.1689418732568952, ""kick_power"": 0.0, ""kick_dir"": null}, {""move_vx"": 4.6245346473668, ""move_vy"": -4.5676776698125305, ""kick_power"": 0.0, ""kick_dir"": null}, {""move_vx"": 4.1012193308819755, ""move_vy"": 4.1012193308819755, ""kick_power"": 0.0, ""kick_dir"": null}, {""move_vx"": 4.569261378680338, ""move_vy"": -0.4358330566859993, ""kick_power"": 0.0, ""kick_dir"": null}, {""move_vx"": -0.0, ""move_vy"": 0.0, ""kick_power"": 0.6, ""kick_dir"": [-0.9999552028493391, -0.009463784736467088]}, {""move_vx"": -4.1012193308819755, ""move_vy"": -4.1012193308819755, ""kick_power"": 0.0, ""kick_dir"": null}, {""move_vx"": -4.242640687119285, ""move_vy"": 4.242640687119285, ""kick_power"": 0.0, ""kick_dir"": null}, {""move_vx"": 4.242640687119285, ""move_vy"": 4.242640687119285, ""kick_power"": 0.0, ""kick_dir"": null}, {""move_vx"": -0.0, ""move_vy"": 0.0, ""kick_power"": 0.0, ""kick_dir"": null}, {""move_vx"": -8.318692340516352, ""move_vy"": -0.14750506375912065, ""kick_power"": 0.0, ""kick_dir"": null}, {""move_vx"": -7.1177067396701705, ""move_vy"": -1.0854726012451077, ""kick_power"": 0.0, ""kick_dir"": null}, {""move_vx"": -0.0, ""move_vy"": 0.0, ""kick_power"": 0.0, ""kick_dir"": null}]"
238,206,default,default,0,86.85553041227281,18.887612677052203,9,A,,3.569251836572634,0.466829091256482,-0.04155502701224325,"[{""move_vx"": 0.0, ""move_vy"": 0.0, ""kick_power"": 0.0, ""kick_dir"": null}, {""move_vx"": 5.779288489366427, ""move_vy"": 0.4897188547286381, ""kick_power"": 0.0, ""kick_dir"": null}, {""move_vx"": 5.3968467645521745, ""move_vy"": -0.18451287202450273, ""kick_power"": 0.0, ""kick_dir"": null}, {""move_vx"": 0.0, ""move_vy"": -5.4, ""kick_power"": 0.0, ""kick_dir"": null}, {""move_vx"": 0.0, ""move_vy"": 0.0, ""kick_power"": 0.4, ""kick_dir"": [0.6631362221238543, -0.7484986669741572]}, {""move_vx"": 2.25464840429198, ""move_vy"": 5.668029690555937, ""kick_power"": 0.0, ""kick_dir"": null}, {""move_vx"": -6.0, ""move_vy"": 0.0, ""kick_power"": 0.0, ""kick_dir"": null}, {""move_vx"": 6.0, ""move_vy"": 0.0, ""kick_power"": 0.0, ""kick_dir"": null}, {""move_vx"": 0.0, ""move_vy"": 0.0, ""kick_power"": 0.7, ""kick_dir"": [0.9854015619896529, -0.17024605145191998]}, {""move_vx"": 5.333907695659546, ""move_vy"": 0.8422759014621477, ""kick_power"": 0.0, ""kick_dir"": null}, {""move_vx"": 0.0, ""move_vy"": 0.0, ""kick_power"": 1.0, ""kick_dir"": [0.9706082415089564, 0.24066490200903554]}, {""move_vx"": -4.911957276447434, ""move_vy"": 0.934171137616176, ""kick_power"": 0.0, ""kick_dir"": null}, {""move_vx"": 4.65595660620257, ""move_vy"": -2.94655189690571, ""kick_power"": 0.0, ""kick_dir"": null}, {""move_vx"": 4.569261378680338, ""move_vy"": -0.4358330566860002, ""kick_power"": 0.0, ""kick_dir"": null}, {""move_vx"": -0.0, ""move_vy"": 0.0, ""kick_power"": 0.6, ""kick_dir"": [-0.9999456701932031, -0.010422461208479786]}, {""move_vx"": -4.1012193308819755, ""move_vy"": -4.1012193308819755, ""kick_power"": 0.0, ""kick_dir"": null}, {""move_vx"": -4.242640687119285, ""move_vy"": 4.242640687119285, ""kick_power"": 0.0, ""kick_dir"": null}, {""move_vx"": 4.242640687119285, ""move_vy"": 4.242640687119285, ""kick_power"": 0.0, ""kick_dir"": null}, {""move_vx"": -0.0, ""move_vy"": 0.0, ""kick_power"": 0.0, ""kick_dir"": null}, {""move_vx"": -8.318711923367003, ""move_vy"": -0.146396502798655, ""kick_power"": 0.0, ""kick_dir"": null}, {""move_vx"": 4.705546936959424, ""move_vy"": -3.2168040077181845, ""kick_power"": 0.0, ""kick_dir"": null}, {""move_vx"": -0.0, ""move_vy"": 0.0, ""kick_power"": 0.0, ""kick_dir"": null}]"
238,207,default,default,0,86.96998078283055,19.50113324696518,9,A,,3.594321542122603,0.49456506795924327,0.027216044027406176,"[{""move_vx"": 0.0, ""move_vy"": 0.0, ""kick_power"": 0.0, ""kick_dir"": null}, {""move_vx"": 5.779080515465018, ""move_vy"": 0.49216704051834304, ""kick_power"": 0.0, ""kick_dir"": null}, {""move_vx"": 5.39698868274597, ""move_vy"": -0.18031405467105818, ""kick_power"": 0.0, ""kick_dir"": null}, {""move_vx"": 0.0, ""move_vy"": -5.4, ""kick_power"": 0.0, ""kick_dir"": null}, {""move_vx"": 0.0, ""move_vy"": 0.0, ""kick_power"": 0.4, ""kick_dir"": [0.47287203153601476, -0.8811310612693175]}, {""move_vx"": 2.217223518642117, ""move_vy"": 5.682773958937682, ""kick_power"": 0.0, ""kick_dir"": null}, {""move_vx"": -6.0, ""move_vy"": 0.0, ""kick_power"": 0.0, ""kick_dir"": null}, {""move_vx"": 6.0, ""move_vy"": 0.0, ""kick_power"": 0.0, ""kick_dir"": null}, {""move_vx"": 0.0, ""move_vy"": 0.0, ""kick_power"": 0.7, ""kick_dir"": [0.9854015619896529, -0.17024605145191998]}, {""move_vx"": 4.242640687119285, ""move_vy"": 4.242640687119285, ""kick_power"": 0.0, ""kick_dir"": null}, {""move_vx"": 0.0, ""move_vy"": 0.0, ""kick_power"": 1.0, ""kick_dir"": [0.9706082415089564, 0.24066490200903554]}, {""move_vx"": 2.246854414833694, ""move_vy"": 3.6075123338032173, ""kick_power"": 0.0, ""kick_dir"": null}, {""move_vx"": 4.1012193308819755, ""move_vy"": 4.1012193308819755, ""kick_power"": 0.0, ""kick_dir"": null}, {""move_vx"": -0.0, ""move_vy"": 0.0, ""kick_power"": 0.6, ""kick_dir"": [-0.9980987771707717, 0.06163442293540549]}, {""move_vx"": -0.0, ""move_vy"": 0.0, ""kick_power"": 0.6, ""kick_dir"": [-0.9999355416858955, -0.011352692070897752]}, {""move_vx"": -4.1012193308819755, ""move_vy"": -4.1012193308819755, ""kick_power"": 0.0, ""kick_dir"": null}, {""move_vx"": -4.242640687119285, ""move_vy"": 4.242640687119285, ""kick_power"": 0.0, ""kick_dir"": null}, {""move_vx"": 4.242640687119285, ""move_vy"": 4.242640687119285, ""kick_power"": 0.0, ""kick_dir"": null}, {""move_vx"": -0.0, ""move_vy"": 0.0, ""kick_power"": 0.0, ""kick_dir"": null}, {""move_vx"": -0.0, ""move_vy"": -6.4, ""kick_power"": 0.0, ""kick_dir"": null}, {""move_vx"": 4.89851007430665, ""move_vy"": -1.4193657216927091, ""kick_power"": 0.0, ""kick_dir"": null}, {""move_vx"": -0.0, ""move_vy"": 0.0, ""kick_power"": 0.0, ""kick_dir"": null}]"
238,208,default,default,0,87.25282349530518,19.783975959439797,9,A,,3.617980850805087,0.48105935906038827,-0.013506736982123815,"[{""move_vx"": 0.0, ""move_vy"": 0.0, ""kick_power"": 0.0, ""kick_dir"": null}, {""move_vx"": 5.773909725753765, ""move_vy"": 0.5495147667224941, ""kick_power"": 0.0, ""kick_dir"": null}, {""move_vx"": 5.398130286581181, ""move_vy"": -0.14208944047668567, ""kick_power"": 0.0, ""kick_dir"": null}, {""move_vx"": 0.0, ""move_vy"": 0.0, ""kick_power"": 0.9, ""kick_dir"": [0.8726938699384624, 0.4882676216373606]}, {""move_vx"": 0.0, ""move_vy"": 0.0, ""kick_power"": 0.0, ""kick_dir"": null}, {""move_vx"": 2.180136308463644, ""move_vy"": 5.697105025933656, ""kick_power"": 0.0, ""kick_dir"": null}, {""move_vx"": -6.0, ""move_vy"": 0.0, ""kick_power"": 0.0, ""kick_dir"": null}, {""move_vx"": 3.6084447663889754, ""move_vy"": -4.017353154493642, ""kick_power"": 0.0, ""kick_dir"": null}, {""move_vx"": 0.0, ""move_vy"": 0.0, ""kick_power"": 0.7, ""kick_dir"": [0.9854015619896529, -0.17024605145191998]}, {""move_vx"": 4.242640687119285, ""move_vy"": 4.242640687119285, ""kick_power"": 0.0, ""kick_dir"": null}, {""move_vx"": 0.0, ""move_vy"": 0.0, ""kick_power"": 1.0, ""kick_dir"": [0.9706082415089564, 0.24066490200903554]}, {""move_vx"": 5.954331872422847, ""move_vy"": -2.6069008329910512, ""kick_power"": 0.0, ""kick_dir"": null}, {""move_vx"": 4.1012193308819755, ""move_vy"": 4.1012193308819755, ""kick_power"": 0.0, ""kick_dir"": null}, {""move_vx"": 4.573191618449471, ""move_vy"": -0.39245180716045647, ""kick_power"": 0.0, ""kick_dir"": null}, {""move_vx"": -0.0, ""move_vy"": 0.0, ""kick_power"": 0.6, ""kick_dir"": [-0.9999242091899099, -0.012310447878402532]}, {""move_vx"": -4.1012193308819755, ""move_vy"": -4.1012193308819755, ""kick_power"": 0.0, ""kick_dir"": null}, {""move_vx"": -4.242640687119285, ""move_vy"": 4.242640687119285, ""kick_power"": 0.0, ""kick_dir"": null}, {""move_vx"": 4.242640687119285, ""move_vy"": 4.242640687119285, ""kick_power"": 0.0, ""kick_dir"": null}, {""move_vx"": -0.0, ""move_vy"": 0.0, ""kick_power"": 0.0, ""kick_dir"": null}, {""move_vx"": -8.319966441216462, ""move_vy"": -0.023630849156884008, ""kick_power"": 0.0, ""kick_dir"": null}, {""move_vx"": 4.898510074306649, ""move_vy"": -1.4193657216927085, ""kick_power"": 0.0, ""kick_dir"": null}, {""move_vx"": -0.0, ""move_vy"": 0.0, ""kick_power"": 0.0, ""kick_dir"": null}]"
238,209,default,default,0,87.66550791289387,19.919212679474008,9,A,,3.640693835185235,0.47620979811184383,-0.02881916091084819,"[{""move_vx"": 0.0, ""move_vy"": 0.0, ""kick_power"": 0.0, ""kick_dir"": null}, {""move_vx"": 5.771529761091913, ""move_vy"": 0.5739723136444108, ""kick_power"": 0.0, ""kick_dir"": null}, {""move_vx"": 5.398575716952587, ""move_vy"": -0.12401704854518392, ""kick_power"": 0.0, ""kick_dir"": null}, {""move_vx"": 0.0, ""move_vy"": -5.4, ""kick_power"": 0.0, ""kick_dir"": null}, {""move_vx"": 0.0, ""move_vy"": 0.0, ""kick_power"": 0.0, ""kick_dir"": null}, {""move_vx"": 2.1433971548469732, ""move_vy"": 5.711028684623629, ""kick_power"": 0.0, ""kick_dir"": null}, {""move_vx"": -6.0, ""move_vy"": 0.0, ""kick_power"": 0.0, ""kick_dir"": null}, {""move_vx"": 3.650133046609031, ""move_vy"": -3.9795136313439956, ""kick_power"": 0.0, ""kick_dir"": null}, {""move_vx"": 0.0, ""move_vy"": 0.0, ""kick_power"": 0.7, ""kick_dir"": [0.9854015619896529, -0.17024605145191998]}, {""move_vx"": 4.242640687119285, ""move_vy"": 4.242640687119285, ""kick_power"": 0.0, ""kick_dir"": null}, {""move_vx"": 0.0, ""move_vy"": 0.0, ""kick_power"": 1.0, ""kick_dir"": [0.9706082415089564, 0.24066490200903554]}, {""move_vx"": 6.279570420961337, ""move_vy"": -1.6783906959309076, ""kick_power"": 0.0, ""kick_dir"": null}, {""move_vx"": 4.1012193308819755, ""move_vy"": 4.1012193308819755, ""kick_power"": 0.0, ""kick_dir"": null}, {""move_vx"": 4.573191618449471, ""move_vy"": -0.3924518071604566, ""kick_power"": 0.0, ""kick_dir"": null}, {""move_vx"": -0.0, ""move_vy"": 0.0, ""kick_power"": 0.6, ""kick_dir"": [-0.9999113078033112, -0.01331720256021565]}, {""move_vx"": 2.6251564757909653, ""move_vy"": -4.844445631608714, ""kick_power"": 0.0, ""kick_dir"": null}, {""move_vx"": -4.242640687119285, ""move_vy"": 4.242640687119285, ""kick_power"": 0.0, ""kick_dir"": null}, {""move_vx"": 4.242640687119285, ""move_vy"": 4.242640687119285, ""kick_power"": 0.0, ""kick_dir"": null}, {""move_vx"": -0.0, ""move_vy"": 0.0, ""kick_power"": 0.0, ""kick_dir"": null}, {""move_vx"": 5.536050146458666, ""move_vy"": -2.5136723684472058, ""kick_power"": 0.0, ""kick_dir"": null}, {""move_vx"": 4.89851007430665, ""move_vy"": -1.4193657216927085, ""kick_power"": 0.0, ""kick_dir"": null}, {""move_vx"": -0.0, ""move_vy"": 0.0, ""kick_power"": 0.0, ""kick_dir"": null}]"
238,210,default,default,0,87.98181540421501,20.091112565844348,9,A,,3.66425327080374,0.48511912109507055,-0.030289599347955113,"[{""move_vx"": 0.0, ""move_vy"": 0.0, ""kick_power"": 0.0, ""kick_dir"": null}, {""move_vx"": 5.770622772425222, ""move_vy"": 0.5830204270584779, ""kick_power"": 0.0, ""kick_dir"": null}, {""move_vx"": 5.398775882536684, ""move_vy"": -0.11497378022945068, ""kick_power"": 0.0, ""kick_dir"": null}, {""move_vx"": 0.0, ""move_vy"": -5.4, ""kick_power"": 0.0, ""kick_dir"": null}, {""move_vx"": 0.0, ""move_vy"": 0.0, ""kick_power"": 0.0, ""kick_dir"": null}, {""move_vx"": 2.10701580337599, ""move_vy"": 5.7245510220735945, ""kick_power"": 0.0, ""kick_dir"": null}, {""move_vx"": -6.0, ""move_vy"": 0.0, ""kick_power"": 0.0, ""kick_dir"": null}, {""move_vx"": 3.6934948739496734, ""move_vy"": -3.93930141219322, ""kick_power"": 0.0, ""kick_dir"": null}, {""move_vx"": 0.0, ""move_vy"": 0.0, ""kick_power"": 0.7, ""kick_dir"": [0.9854015619896529, -0.17024605145191998]}, {""move_vx"": 4.744612369816916, ""move_vy"": 2.5784982955550544, ""kick_power"": 0.0, ""kick_dir"": null}, {""move_vx"": 5.3407635418060275, ""move_vy"": -1.9915433187645017, ""kick_power"": 0.0, ""kick_dir"": null}, {""move_vx"": -4.900502778155604, ""move_vy"": 0.9925081970891764, ""kick_power"": 0.0, ""kick_dir"": null}, {""move_vx"": 4.1012193308819755, ""move_vy"": 4.1012193308819755, ""kick_power"": 0.0, ""kick_dir"": null}, {""move_vx"": 4.573191618449471, ""move_vy"": -0.3924518071604568, ""kick_power"": 0.0, ""kick_dir"": null}, {""move_vx"": -0.0, ""move_vy"": 0.0, ""kick_power"": 0.6, ""kick_dir"": [-0.9998969696417703, -0.014353451259070588]}, {""move_vx"": 3.6542198182077907, ""move_vy"": 3.3093167754413315, ""kick_power"": 0.0, ""kick_dir"": null}, {""move_vx"": -4.242640687119285, ""move_vy"": 4.242640687119285, ""kick_power"": 0.0, ""kick_dir"": null}, {""move_vx"": 4.242640687119285, ""move_vy"": 4.242640687119285, ""kick_power"": 0.0, ""kick_dir"": null}, {""move_vx"": -0.0, ""move_vy"": 0.0, ""kick_power"": 0.0, ""kick_dir"": null}, {""move_vx"": -8.319963700519523, ""move_vy"": 0.024576859797306286, ""kick_power"": 0.0, ""kick_dir"": null}, {""move_vx"": 4.898510074306649, ""move_vy"": -1.4193657216927076, ""kick_power"": 0.0, ""kick_dir"": null}, {""move_vx"": -0.0, ""move_vy"": 0.0, ""kick_power"": 0.0, ""kick_dir"": null}]"
238,211,default,default,0,88.1617430331997,20.511719536413665,9,A,,3.6889993202584312,0.4882920224992799,0.0041846377780515465,"[{""move_vx"": 0.0, ""move_vy"": 0.0, ""kick_power"": 0.0, ""kick_dir"": null}, {""move_vx"": 0.0, ""move_vy"": 0.0, ""kick_power"": 0.0, ""kick_dir"": null}, {""move_vx"": 5.39900309747442, ""move_vy"": -0.103757185108447, ""kick_power"": 0.0, ""kick_dir"": null}, {""move_vx"": 0.0, ""move_vy"": -5.4, ""kick_power"": 0.0, ""kick_dir"": null}, {""move_vx"": 0.0, ""move_vy"": 0.0, ""kick_power"": 0.0, ""kick_dir"": null}, {""move_vx"": 2.0710013660295234, ""move_vy"": 5.737678393035274, ""kick_power"": 0.0, ""kick_dir"": null}, {""move_vx"": -6.0, ""move_vy"": 0.0, ""kick_power"": 0.0, ""kick_dir"": null}, {""move_vx"": 3.7322461850850477, ""move_vy"": -3.9026066178796595, ""kick_power"": 0.0, ""kick_dir"": null}, {""move_vx"": 0.0, ""move_vy"": 0.0, ""kick_power"": 0.7, ""kick_dir"": [0.9854015619896529, -0.17024605145191998]}, {""move_vx"": 4.242640687119285, ""move_vy"": 4.242640687119285, ""kick_power"": 0.0, ""kick_dir"": null}, {""move_vx"": 0.0, ""move_vy"": 0.0, ""kick_power"": 1.0, ""kick_dir"": [0.9693878227183089, 0.24553452378282098]}, {""move_vx"": -0.0, ""move_vy"": 0.0, ""kick_power"": 0.7, ""kick_dir"": [-0.8681197703792501, 0.496354718193364]}, {""move_vx"": 4.1012193308819755, ""move_vy"": 4.1012193308819755, ""kick_power"": 0.0, ""kick_dir"": null}, {""move_vx"": 4.573191618449471, ""move_vy"": -0.3924518071604569, ""kick_power"": 0.0, ""kick_dir"": null}, {""move_vx"": -0.0, ""move_vy"": 0.0, ""kick_power"": 0.6, ""kick_dir"": [-0.9998814503321691, -0.015396650529008129]}, {""move_vx"": 3.611736714972555, ""move_vy"": 3.355630775535243, ""kick_power"": 0.0, ""kick_dir"": null}, {""move_vx"": -4.242640687119285, ""move_vy"": 4.242640687119285, ""kick_power"": 0.0, ""kick_dir"": null}, {""move_vx"": 4.242640687119285, ""move_vy"": 4.242640687119285, ""kick_power"": 0.0, ""kick_dir"": null}, {""move_vx"": -0.0, ""move_vy"": 0.0, ""kick_power"": 0.0, ""kick_dir"": null}, {""move_vx"": -8.319964256131973, ""move_vy"": 0.024388043922072816, ""kick_power"": 0.0, ""kick_dir"": null}, {""move_vx"": 4.89851007430665, ""move_vy"": -1.4193657216927074, ""kick_power"": 0.0, ""kick_dir"": null}, {""move_vx"": -0.0, ""move_vy"": 0.0, ""kick_power"": 0.0, ""kick_dir"": null}]"
238,212,default,default,0,88.44458574567433,20.794562248888283,9,A,,3.7129841219126356,0.4878509283911443,-0.015985801138396396,"[{""move_vx"": 0.0, ""move_vy"": 0.0, ""kick_power"": 0.0, ""kick_dir"": null}, {""move_vx"": 5.764593571497807, ""move_vy"": 0.6398913622218674, ""kick_power"": 0.0, ""kick_dir"": null}, {""move_vx"": 5.3994516098126475, ""move_vy"": -0.07695656756645755, ""kick_power"": 0.0, ""kick_dir"": null}, {""move_vx"": 3.8183766184073566, ""move_vy"": 3.8183766184073566, ""kick_power"": 0.0, ""kick_dir"": null}, {""move_vx"": 0.0, ""move_vy"": 0.0, ""kick_power"": 0.0, ""kick_dir"": null}, {""move_vx"": 2.0353623250643063, ""move_vy"": 5.750417394042699, ""kick_power"": 0.0, ""kick_dir"": null}, {""move_vx"": -6.0, ""move_vy"": 0.0, ""kick_power"": 0.0, ""kick_dir"": null}, {""move_vx"": 3.7805921427404026, ""move_vy"": -3.8557908462790786, ""kick_power"": 0.0, ""kick_dir"": null}, {""move_vx"": 0.0, ""move_vy"": 0.0, ""kick_power"": 0.7, ""kick_dir"": [0.9854015619896529, -0.17024605145191998]}, {""move_vx"": 4.242640687119285, ""move_vy"": 4.242640687119285, ""kick_power"": 0.0, ""kick_dir"": null}, {""move_vx"": 0.0, ""move_vy"": 0.0, ""kick_power"": 0.7, ""kick_dir"": [0.9693878227183089, 0.24553452378282098]}, {""move_vx"": -0.0, ""move_vy"": 0.0, ""kick_power"": 0.7, ""kick_dir"": [-0.8695000307204344, 0.4939328282940815]}, {""move_vx"": 4.1012193308819755, ""move_vy"": 4.1012193308819755, ""kick_power"": 0.0, ""kick_dir"": null}, {""move_vx"": 4.573191618449471, ""move_vy"": -0.3924518071604571, ""kick_power"": 0.0, ""kick_dir"": null}, {""move_vx"": -0.0, ""move_vy"": 0.0, ""kick_power"": 0.6, ""kick_dir"": [-0.9998643345269898, -0.016470707627902613]}, {""move_vx"": 3.5688396688266115, ""move_vy"": 3.40121793159591, ""kick_power"": 0.0, ""kick_dir"": null}, {""move_vx"": -4.242640687119285, ""move_vy"": 4.242640687119285, ""kick_power"": 0.0, ""kick_dir"": null}, {""move_vx"": 4.242640687119285, ""move_vy"": 4.242640687119285, ""kick_power"": 0.0, ""kick_dir"": null}, {""move_vx"": -0.0, ""move_vy"": 0.0, ""kick_power"": 0.0, ""kick_dir"": null}, {""move_vx"": -8.319964809593671, ""move_vy"": 0.024198494228944163, ""kick_power"": 0.0, ""kick_dir"": null}, {""move_vx"": 4.89851007430665, ""move_vy"": -1.4193657216927067, ""kick_power"": 0.0, ""kick_dir"": null}, {""move_vx"": -0.0, ""move_vy"": 0.0, ""kick_power"": 0.0, ""kick_dir"": null}]"
238,213,default,default,0,88.72742845814896,21.0774049613629,9,A,,3.737049783376601,0.4921747864599545,-0.017888997444231773,"[{""move_vx"": 0.0, ""move_vy"": 0.0, ""kick_power"": 0.0, ""kick_dir"": null}, {""move_vx"": 5.761864640894082, ""move_vy"": 0.6640149546617999, ""kick_power"": 0.0, ""kick_dir"": null}, {""move_vx"": 5.399680622373367, ""move_vy"": -0.05872968896191684, ""kick_power"": 0.0, ""kick_dir"": null}, {""move_vx"": 0.0, ""move_vy"": -5.4, ""kick_power"": 0.0, ""kick_dir"": null}, {""move_vx"": 0.0, ""move_vy"": 0.0, ""kick_power"": 0.0, ""kick_dir"": null}, {""move_vx"": 2.0001065387542085, ""move_vy"": 5.762774838012731, ""kick_power"": 0.0, ""kick_dir"": null}, {""move_vx"": -6.0, ""move_vy"": 0.0, ""kick_power"": 0.0, ""kick_dir"": null}, {""move_vx"": 3.827151273611287, ""move_vy"": -3.809581752488783, ""kick_power"": 0.0, ""kick_dir"": null}, {""move_vx"": 0.0, ""move_vy"": 0.0, ""kick_power"": 0.7, ""kick_dir"": [0.9854015619896529, -0.17024605145191998]}, {""move_vx"": 4.242640687119285, ""move_vy"": 4.242640687119285, ""kick_power"": 0.0, ""kick_dir"": null}, {""move_vx"": 6.0, ""move_vy"": 0.0, ""kick_power"": 0.0, ""kick_dir"": null}, {""move_vx"": -0.0, ""move_vy"": 0.0, ""kick_power"": 0.7, ""kick_dir"": [-0.8709471242746202, 0.49137668777853727]}, {""move_vx"": 4.1012193308819755, ""move_vy"": 4.1012193308819755, ""kick_power"": 0.0, ""kick_dir"": null}, {""move_vx"": 4.573191618449471, ""move_vy"": -0.39245180716045724, ""kick_power"": 0.0, ""kick_dir"": null}, {""move_vx"": -0.0, ""move_vy"": 0.0, ""kick_power"": 0.6, ""kick_dir"": [-0.9998452914112271, -0.017588775213202037]}, {""move_vx"": -0.0, ""move_vy"": 0.0, ""kick_power"": 0.9, ""kick_dir"": [-0.8999964056955908, 0.43589725951384717]}, {""move_vx"": -4.242640687119285, ""move_vy"": 4.242640687119285, ""kick_power"": 0.0, ""kick_dir"": null}, {""move_vx"": 4.242640687119285, ""move_vy"": 4.242640687119285, ""kick_power"": 0.0, ""kick_dir"": null}, {""move_vx"": -0.0, ""move_vy"": 0.0, ""kick_power"": 0.0, ""kick_dir"": null}, {""move_vx"": -8.319965360887766, ""move_vy"": 0.024008199176997553, ""kick_power"": 0.0, ""kick_dir"": null}, {""move_vx"": 4.89851007430665, ""move_vy"": -1.4193657216927065, ""kick_power"": 0.0, ""kick_dir"": null}, {""move_vx"": -0.0, ""move_vy"": 0.0, ""kick_power"": 0.0, ""kick_dir"": null}]"
238,214,default,default,0,89.0102711706236,21.36024767383752,9,A,,3.76089510061968,0.488827572508519,-0.021916066430598395,"[{""move_vx"": 0.0, ""move_vy"": -5.0, ""kick_power"": 0.0, ""kick_dir"": null}, {""move_vx"": 5.759027630902815, ""move_vy"": 0.6881865637295708, ""kick_power"": 0.0, ""kick_dir"": null}, {""move_vx"": 5.399848366269944, ""move_vy"": -0.04046753379960112, ""kick_power"": 0.0, ""kick_dir"": null}, {""move_vx"": 0.0, ""move_vy"": -5.4, ""kick_power"": 0.0, ""kick_dir"": null}, {""move_vx"": 0.0, ""move_vy"": 0.0, ""kick_power"": 0.0, ""kick_dir"": null}, {""move_vx"": 0.0, ""move_vy"": 0.0, ""kick_power"": 0.4, ""kick_dir"": [0.2164178854264756, -0.9763007505145688]}, {""move_vx"": -6.0, ""move_vy"": 0.0, ""kick_power"": 0.0, ""kick_dir"": null}, {""move_vx"": 3.8714718165632362, ""move_vy"": -3.7645326368032133, ""kick_power"": 0.0, ""kick_dir"": null}, {""move_vx"": 0.0, ""move_vy"": 0.0, ""kick_power"": 0.7, ""kick_dir"": [0.9854015619896529, -0.17024605145191998]}, {""move_vx"": 4.242640687119285, ""move_vy"": 4.242640687119285, ""kick_power"": 0.0, ""kick_dir"": null}, {""move_vx"": 0.0, ""move_vy"": 0.0, ""kick_power"": 1.0, ""kick_dir"": [0.9688158088366843, 0.24778192291527543]}, {""move_vx"": -0.0, ""move_vy"": 0.0, ""kick_power"": 0.7, ""kick_dir"": [-0.8724423397001351, 0.48871700067701124]}, {""move_vx"": 4.1012193308819755, ""move_vy"": 4.1012193308819755, ""kick_power"": 0.0, ""kick_dir"": null}, {""move_vx"": -3.8183766184073566, ""move_vy"": -3.8183766184073566, ""kick_power"": 0.0, ""kick_dir"": null}, {""move_vx"": -0.0, ""move_vy"": 0.0, ""kick_power"": 0.6, ""kick_dir"": [-0.9998243299792068, -0.018742493246309656]}, {""move_vx"": -0.0, ""move_vy"": 0.0, ""kick_power"": 0.4, ""kick_dir"": [-0.9977451053309011, -0.06711687516750188]}, {""move_vx"": -4.242640687119285, ""move_vy"": 4.242640687119285, ""kick_power"": 0.0, ""kick_dir"": null}, {""move_vx"": 4.242640687119285, ""move_vy"": 4.242640687119285, ""kick_power"": 0.0, ""kick_dir"": null}, {""move_vx"": -0.0, ""move_vy"": 0.0, ""kick_power"": 0.0, ""kick_dir"": null}, {""move_vx"": -8.31996590999707, ""move_vy"": 0.02381714690386859, ""kick_power"": 0.0, ""kick_dir"": null}, {""move_vx"": 4.89851007430665, ""move_vy"": -1.419365721692706, ""kick_power"": 0.0, ""kick_dir"": null}, {""move_vx"": -0.0, ""move_vy"": 0.0, ""kick_power"": 0.0, ""kick_dir"": null}]"
238,215,default,default,0,89.29311388309823,21.64309038631214,9,A,,3.785125599920156,0.4933715121445835,-0.01908941302646657,"[{""move_vx"": 0.0, ""move_vy"": 0.0, ""kick_power"": 0.0, ""kick_dir"": null}, {""move_vx"": 5.75608187025965, ""move_vy"": 0.7124054343336814, ""kick_power"": 0.0, ""kick_dir"": null}, {""move_vx"": 5.399954487752636, ""move_vy"": -0.02217048037764897, ""kick_power"": 0.0, ""kick_dir"": null}, {""move_vx"": 0.0, ""move_vy"": -5.4, ""kick_power"": 0.0, ""kick_dir"": null}, {""move_vx"": 0.0, ""move_vy"": 0.0, ""kick_power"": 0.0, ""kick_dir"": null}, {""move_vx"": 1.9652412488565347, ""move_vy"": 5.774757729445696, ""kick_power"": 0.0, ""kick_dir"": null}, {""move_vx"": -6.0, ""move_vy"": 0.0, ""kick_power"": 0.0, ""kick_dir"": null}, {""move_vx"": 3.9133461722624947, ""move_vy"": -3.7209839741711455, ""kick_power"": 0.0, ""kick_dir"": null}, {""move_vx"": 4.64783752421052, ""move_vy"": -3.461160404913446, ""kick_power"": 0.0, ""kick_dir"": null}, {""move_vx"": 4.242640687119285, ""move_vy"": 4.242640687119285, ""kick_power"": 0.0, ""kick_dir"": null}, {""move_vx"": 0.0, ""move_vy"": 0.0, ""kick_power"": 0.7, ""kick_dir"": [0.9688158088366843, 0.24778192291527543]}, {""move_vx"": -0.0, ""move_vy"": 0.0, ""kick_power"": 0.7, ""kick_dir"": [-0.8739842831208013, 0.48595412950234346]}, {""move_vx"": 4.1012193308819755, ""move_vy"": 4.1012193308819755, ""kick_power"": 0.0, ""kick_dir"": null}, {""move_vx"": 4.581461451570828, ""move_vy"": -0.2798409687135255, ""kick_power"": 0.0, ""kick_dir"": null}, {""move_vx"": -0.0, ""move_vy"": 0.0, ""kick_power"": 0.6, ""kick_dir"": [-0.9998012890399998, -0.01993375040146543]}, {""move_vx"": -0.0, ""move_vy"": 0.0, ""kick_power"": 0.9, ""kick_dir"": [-0.8967690739326649, 0.44249879022794325]}, {""move_vx"": -4.242640687119285, ""move_vy"": 4.242640687119285, ""kick_power"": 0.0, ""kick_dir"": null}, {""move_vx"": 4.242640687119285, ""move_vy"": 4.242640687119285, ""kick_power"": 0.0, ""kick_dir"": null}, {""move_vx"": -0.0, ""move_vy"": 0.0, ""kick_power"": 0.0, ""kick_dir"": null}, {""move_vx"": -8.319966456904053, ""move_vy"": 0.023625325212798327, ""kick_power"": 0.0, ""kick_dir"": null}, {""move_vx"": 4.89851007430665, ""move_vy"": -1.4193657216927054, ""kick_power"": 0.0, ""kick_dir"": null}, {""move_vx"": -0.0, ""move_vy"": 0.0, ""kick_power"": 0.0, ""kick_dir"": null}]"
238,216,default,default,0,89.57595659557286,21.925933098786757,9,A,,3.809070774918386,0.4946916810802378,-0.019697911025993664,"[{""move_vx"": 0.0, ""move_vy"": -5.0, ""kick_power"": 0.0, ""kick_dir"": null}, {""move_vx"": 5.753026693386528, ""move_vy"": 0.7366707983774516, ""kick_power"": 0.0, ""kick_dir"": null}, {""move_vx"": 4.583954027598294, ""move_vy"": 2.854359030126621, ""kick_power"": 0.0, ""kick_dir"": null}, {""move_vx"": 0.0, ""move_vy"": -5.4, ""kick_power"": 0.0, ""kick_dir"": null}, {""move_vx"": 0.0, ""move_vy"": 0.0, ""kick_power"": 0.0, ""kick_dir"": null}, {""move_vx"": 1.9307730896732052, ""move_vy"": 5.786373240311566, ""kick_power"": 0.0, ""kick_dir"": null}, {""move_vx"": -6.0, ""move_vy"": 0.0, ""kick_power"": 0.0, ""kick_dir"": null}, {""move_vx"": 3.9527044608427637, ""move_vy"": -3.679147652002258, ""kick_power"": 0.0, ""kick_dir"": null}, {""move_vx"": 4.675187905390664, ""move_vy"": -3.4241266111650783, ""kick_power"": 0.0, ""kick_dir"": null}, {""move_vx"": 4.242640687119285, ""move_vy"": 4.242640687119285, ""kick_power"": 0.0, ""kick_dir"": null}, {""move_vx"": 0.0, ""move_vy"": 0.0, ""kick_power"": 1.0, ""kick_dir"": [0.9688158088366843, 0.24778192291527543]}, {""move_vx"": -0.0, ""move_vy"": 0.0, ""kick_power"": 0.7, ""kick_dir"": [-0.8755713952024917, 0.48308868263358756]}, {""move_vx"": 4.1012193308819755, ""move_vy"": 4.1012193308819755, ""kick_power"": 0.0, ""kick_dir"": null}, {""move_vx"": 4.581461451570828, ""move_vy"": -0.2798409687135285, ""kick_power"": 0.0, ""kick_dir"": null}, {""move_vx"": -0.0, ""move_vy"": 0.0, ""kick_power"": 0.6, ""kick_dir"": [-0.9997759896482161, -0.021164654322128152]}, {""move_vx"": -0.0, ""move_vy"": 0.0, ""kick_power"": 0.9, ""kick_dir"": [-0.8949964135602453, 0.4460732799745607]}, {""move_vx"": -4.242640687119285, ""move_vy"": 4.242640687119285, ""kick_power"": 0.0, ""kick_dir"": null}, {""move_vx"": 4.242640687119285, ""move_vy"": 4.242640687119285, ""kick_power"": 0.0, ""kick_dir"": null}, {""move_vx"": -0.0, ""move_vy"": 0.0, ""kick_power"": 0.0, ""kick_dir"": null}, {""move_vx"": -8.319967001590832, ""move_vy"": 0.023432721559012444, ""kick_power"": 0.0, ""kick_dir"": null}, {""move_vx"": 4.8985100743066505, ""move_vy"": -1.4193657216927051, ""kick_power"": 0.0, ""kick_dir"": null}, {""move_vx"": -0.0, ""move_vy"": 0.0, ""kick_power"": 0.0, ""kick_dir"": null}]"
238,217,default,default,0,89.8587993080475,22.208775811261376,9,A,,3.8330572817461266,0.5005306835419279,-0.027446089480944336,"[{""move_vx"": 0.0, ""move_vy"": -5.0, ""kick_power"": 0.0, ""kick_dir"": null}, {""move_vx"": 5.749861440620252, ""move_vy"": 0.7609818747305301, ""kick_power"": 0.0, ""kick_dir"": null}, {""move_vx"": 5.399990389955539, ""move_vy"": -0.010187658603941689, ""kick_power"": 0.0, ""kick_dir"": null}, {""move_vx"": 0.0, ""move_vy"": -5.4, ""kick_power"": 0.0, ""kick_dir"": null}, {""move_vx"": 0.0, ""move_vy"": 0.0, ""kick_power"": 0.0, ""kick_dir"": null}, {""move_vx"": 1.8967080985733467, ""move_vy"": 5.797628686696509, ""kick_power"": 0.0, ""kick_dir"": null}, {""move_vx"": -6.0, ""move_vy"": 0.0, ""kick_power"": 0.0, ""kick_dir"": null}, {""move_vx"": 3.989717106297331, ""move_vy"": -3.638977522837762, ""kick_power"": 0.0, ""kick_dir"": null}, {""move_vx"": 4.702386836988182, ""move_vy"": -3.3866772853816873, ""kick_power"": 0.0, ""kick_dir"": null}, {""move_vx"": 4.242640687119285, ""move_vy"": 4.242640687119285, ""kick_power"": 0.0, ""kick_dir"": null}, {""move_vx"": 5.384646868201894, ""move_vy"": 0.4069128957940834, ""kick_power"": 0.0, ""kick_dir"": null}, {""move_vx"": -0.0, ""move_vy"": 0.0, ""kick_power"": 0.0, ""kick_dir"": null}, {""move_vx"": -6.832191887555815, ""move_vy"": 1.3276874675978982, ""kick_power"": 0.0, ""kick_dir"": null}, {""move_vx"": 4.581461451570827, ""move_vy"": -0.27984096871353165, ""kick_power"": 0.0, ""kick_dir"": null}, {""move_vx"": -0.0, ""move_vy"": 0.0, ""kick_power"": 0.6, ""kick_dir"": [-0.9997482321049467, -0.022437570502633324]}, {""move_vx"": -0.0, ""move_vy"": 0.0, ""kick_power"": 0.9, ""kick_dir"": [-0.8931417497636934, 0.44977523973306277]}, {""move_vx"": -4.242640687119285, ""move_vy"": 4.242640687119285, ""kick_power"": 0.0, ""kick_dir"": null}, {""move_vx"": 4.242640687119285, ""move_vy"": 4.242640687119285, ""kick_power"": 0.0, ""kick_dir"": null}, {""move_vx"": -0.0, ""move_vy"": 0.0, ""kick_power"": 0.0, ""kick_dir"": null}, {""move_vx"": -8.319967544039152, ""move_vy"": 0.02323932303535242, ""kick_power"": 0.0, ""kick_dir"": null}, {""move_vx"": 4.8985100743066505, ""move_vy"": -1.4193657216927045, ""kick_power"": 0.0, ""kick_dir"": null}, {""move_vx"": -0.0, ""move_vy"": 0.0, ""kick_power"": 0.0, ""kick_dir"": null}]"
238,218,default,default,0,90.43453523933556,21.784511742549448,9,A,,3.8549623849088523,0.46797373240210355,-0.09013089509949593,"[{""move_vx"": 0.0, ""move_vy"": -5.0, ""kick_power"": 0.0, ""kick_dir"": null}, {""move_vx"": 5.746585458443521, ""move_vy"": 0.7853378692037395, ""kick_power"": 0.0, ""kick_dir"": null}, {""move_vx"": 4.571938351075472, ""move_vy"": 2.873565679424311, ""kick_power"": 0.0, ""kick_dir"": null}, {""move_vx"": 0.0, ""move_vy"": -5.4, ""kick_power"": 0.0, ""kick_dir"": null}, {""move_vx"": 0.0, ""move_vy"": 0.0, ""kick_power"": 0.0, ""kick_dir"": null}, {""move_vx"": 1.8630517278435645, ""move_vy"": 5.808531506274121, ""kick_power"": 0.0, ""kick_dir"": null}, {""move_vx"": -6.0, ""move_vy"": 0.0, ""kick_power"": 0.0, ""kick_dir"": null}, {""move_vx"": 4.024946954685417, ""move_vy"": -3.5999725015572817, ""kick_power"": 0.0, ""kick_dir"": null}, {""move_vx"": 4.313351365237939, ""move_vy"": -4.313351365237939, ""kick_power"": 0.0, ""kick_dir"": null}, {""move_vx"": 6.0, ""move_vy"": 0.0, ""kick_power"": 0.0, ""kick_dir"": null}, {""move_vx"": 0.0, ""move_vy"": 0.0, ""kick_power"": 1.0, ""kick_dir"": [0.9684449942712454, 0.24922729675509978]}, {""move_vx"": -0.0, ""move_vy"": 0.0, ""kick_power"": 0.0, ""kick_dir"": null}, {""move_vx"": 4.1012193308819755, ""move_vy"": 4.1012193308819755, ""kick_power"": 0.0, ""kick_dir"": null}, {""move_vx"": 4.581461451570828, ""move_vy"": -0.27984096871353503, ""kick_power"": 0.0, ""kick_dir"": null}, {""move_vx"": 3.8183766184073566, ""move_vy"": 3.8183766184073566, ""kick_power"": 0.0, ""kick_dir"": null}, {""move_vx"": -0.0, ""move_vy"": 0.0, ""kick_power"": 0.9, ""kick_dir"": [-0.8912659667559778, 0.4534809014457039]}, {""move_vx"": -4.242640687119285, ""move_vy"": 4.242640687119285, ""kick_power"": 0.0, ""kick_dir"": null}, {""move_vx"": 4.242640687119285, ""move_vy"": 4.242640687119285, ""kick_power"": 0.0, ""kick_dir"": null}, {""move_vx"": -0.0, ""move_vy"": 0.0, ""kick_power"": 0.0, ""kick_dir"": null}, {""move_vx"": -8.319968084230377, ""move_vy"": 0.023045116357137817, ""kick_power"": 0.0, ""kick_dir"": null}, {""move_vx"": 4.898510074306651, ""move_vy"": -1.419365721692704, ""kick_power"": 0.0, ""kick_dir"": null}, {""move_vx"": -0.0, ""move_vy"": 0.0, ""kick_power"": 0.0, ""kick_dir"": null}]"
238,219,default,default,0,90.54164202052213,22.491618523735994,9,A,,3.880588023389564,0.5127293656217934,0.018591364332934027,"[{""move_vx"": 0.7874661591442723, ""move_vy"": 4.176409588175299, ""kick_power"": 0.0, ""kick_dir"": null}, {""move_vx"": 3.875708764109704, ""move_vy"": 4.314960205587444, ""kick_power"": 0.0, ""kick_dir"": null}, {""move_vx"": 3.8183766184073566, ""move_vy"": 3.8183766184073566, ""kick_power"": 0.0, ""kick_dir"": null}, {""move_vx"": 0.0, ""move_vy"": -5.4, ""kick_power"": 0.0, ""kick_dir"": null}, {""move_vx"": 0.0, ""move_vy"": 0.0, ""kick_power"": 0.0, ""kick_dir"": null}, {""move_vx"": 1.8298088577330958, ""move_vy"": 5.819089236655638, ""kick_power"": 0.0, ""kick_dir"": null}, {""move_vx"": -6.0, ""move_vy"": 0.0, ""kick_power"": 0.0, ""kick_dir"": null}, {""move_vx"": 4.021626655116583, ""move_vy"": -3.603681318715045, ""kick_power"": 0.0, ""kick_dir"": null}, {""move_vx"": 0.0, ""move_vy"": 0.0, ""kick_power"": 0.7, ""kick_dir"": [0.9881301324656211, -0.15361899747218857]}, {""move_vx"": 4.242640687119285, ""move_vy"": 4.242640687119285, ""kick_power"": 0.0, ""kick_dir"": null}, {""move_vx"": 0.0, ""move_vy"": 0.0, ""kick_power"": 1.0, ""kick_dir"": [0.9684449942712454, 0.24922729675509978]}, {""move_vx"": -0.0, ""move_vy"": 0.0, ""kick_power"": 0.7, ""kick_dir"": [-0.8805195697876492, 0.4740097376172362]}, {""move_vx"": 4.1012193308819755, ""move_vy"": 4.1012193308819755, ""kick_power"": 0.0, ""kick_dir"": null}, {""move_vx"": 4.581461451570827, ""move_vy"": -0.27984096871353864, ""kick_power"": 0.0, ""kick_dir"": null}, {""move_vx"": 3.8183766184073566, ""move_vy"": 3.8183766184073566, ""kick_power"": 0.0, ""kick_dir"": null}, {""move_vx"": -0.0, ""move_vy"": 0.0, ""kick_power"": 0.9, ""kick_dir"": [-0.8894680966079204, 0.45699721725695164]}, {""move_vx"": -4.242640687119285, ""move_vy"": 4.242640687119285, ""kick_power"": 0.0, ""kick_dir"": null}, {""move_vx"": 4.242640687119285, ""move_vy"": 4.242640687119285, ""kick_power"": 0.0, ""kick_dir"": null}, {""move_vx"": -0.0, ""move_vy"": 0.0, ""kick_power"": 0.0, ""kick_dir"": null}, {""move_vx"": -8.319968622145483, ""move_vy"": 0.022850087846191258, ""kick_power"": 0.0, ""kick_dir"": null}, {""move_vx"": 4.8985100743066505, ""move_vy"": -1.4193657216927031, ""kick_power"": 0.0, ""kick_dir"": null}, {""move_vx"": -0.0, ""move_vy"": 0.0, ""kick_power"": 0.0, ""kick_dir"": null}]"
238,220,default,default,0,91.1173779518102,22.067354455024066,9,A,,3.902701513579115,0.46016894403233094,-0.08475999402062229,"[{""move_vx"": 0.0, ""move_vy"": -5.0, ""kick_power"": 0.0, ""kick_dir"": null}, {""move_vx"": -4.1012193308819755, ""move_vy"": 4.1012193308819755, ""kick_power"": 0.0, ""kick_dir"": null}, {""move_vx"": -4.5845187080613545, ""move_vy"": 0.22425034099292956, ""kick_power"": 0.0, ""kick_dir"": null}, {""move_vx"": 0.0, ""move_vy"": -5.4, ""kick_power"": 0.0, ""kick_dir"": null}, {""move_vx"": 0.0, ""move_vy"": 0.0, ""kick_power"": 0.9, ""kick_dir"": [-0.3473024287649296, 0.9377531039956929]}, {""move_vx"": 4.313351365237939, ""move_vy"": 4.313351365237939, ""kick_power"": 0.0, ""kick_dir"": null}, {""move_vx"": -6.0, ""move_vy"": 0.0, ""kick_power"": 0.0, ""kick_dir"": null}, {""move_vx"": 4.079605431040862, ""move_vy"": -3.5379117466412167, ""kick_power"": 0.0, ""kick_dir"": null}, {""move_vx"": 4.776214918306849, ""move_vy"": -3.2817367435769564, ""kick_power"": 0.0, ""kick_dir"": null}, {""move_vx"": 6.0, ""move_vy"": 0.0, ""kick_power"": 0.0, ""kick_dir"": null}, {""move_vx"": 0.0, ""move_vy"": -6.0, ""kick_power"": 0.0, ""kick_dir"": null}, {""move_vx"": -0.0, ""move_vy"": 0.0, ""kick_power"": 0.0, ""kick_dir"": null}, {""move_vx"": 4.1012193308819755, ""move_vy"": 4.1012193308819755, ""kick_power"": 0.0, ""kick_dir"": null}, {""move_vx"": 4.581461451570828, ""move_vy"": -0.2798409687135357, ""kick_power"": 0.0, ""kick_dir"": null}, {""move_vx"": 3.8183766184073566, ""move_vy"": 3.8183766184073566, ""kick_power"": 0.0, ""kick_dir"": null}, {""move_vx"": -0.0, ""move_vy"": -5.8, ""kick_power"": 0.0, ""kick_dir"": null}, {""move_vx"": -4.242640687119285, ""move_vy"": 4.242640687119285, ""kick_power"": 0.0, ""kick_dir"": null}, {""move_vx"": 4.242640687119285, ""move_vy"": -4.242640687119285, ""kick_power"": 0.0, ""kick_dir"": null}, {""move_vx"": -0.0, ""move_vy"": 0.0, ""kick_power"": 0.0, ""kick_dir"": null}, {""move_vx"": -0.0, ""move_vy"": 0.0, ""kick_power"": 0.9, ""kick_dir"": [-0.9987899219638774, -0.04917830977684587]}, {""move_vx"": 4.898510074306651, ""move_vy"": -1.4193657216927025, ""kick_power"": 0.0, ""kick_dir"": null}, {""move_vx"": -0.0, ""move_vy"": 0.0, ""kick_power"": 0.0, ""kick_dir"": null}]"
238,221,default,default,0,91.47737795181021,22.067354455024066,9,A,,3.92669188144821,0.48266947701412577,-0.042917164500368574,"[{""move_vx"": 0.782185729860978, ""move_vy"": 4.177401762340062, ""kick_power"": 0.0, ""kick_dir"": null}, {""move_vx"": 3.920280515870822, ""move_vy"": 4.274505898566945, ""kick_power"": 0.0, ""kick_dir"": null}, {""move_vx"": -4.5845187080613545, ""move_vy"": 0.22425034099292965, ""kick_power"": 0.0, ""kick_dir"": null}, {""move_vx"": 0.0, ""move_vy"": -5.4, ""kick_power"": 0.0, ""kick_dir"": null}, {""move_vx"": 0.0, ""move_vy"": 0.0, ""kick_power"": 0.0, ""kick_dir"": null}, {""move_vx"": 1.7189299779041378, ""move_vy"": 5.852801015843822, ""kick_power"": 0.0, ""kick_dir"": null}, {""move_vx"": -6.0, ""move_vy"": 0.0, ""kick_power"": 0.0, ""kick_dir"": null}, {""move_vx"": 4.077496414783304, ""move_vy"": -3.5403422133219427, ""kick_power"": 0.0, ""kick_dir"": null}, {""move_vx"": 0.0, ""move_vy"": 0.0, ""kick_power"": 0.7, ""kick_dir"": [0.988704842525372, -0.1498755786772211]}, {""move_vx"": 5.4, ""move_vy"": 0.0, ""kick_power"": 0.0, ""kick_dir"": null}, {""move_vx"": 0.0, ""move_vy"": 0.0, ""kick_power"": 1.0, ""kick_dir"": [0.9684449942712454, 0.24922729675509978]}, {""move_vx"": -0.0, ""move_vy"": 0.0, ""kick_power"": 0.7, ""kick_dir"": [-0.8838200554910347, 0.46782694891059057]}, {""move_vx"": 4.1012193308819755, ""move_vy"": 4.1012193308819755, ""kick_power"": 0.0, ""kick_dir"": null}, {""move_vx"": 4.581461451570827, ""move_vy"": -0.27984096871353953, ""kick_power"": 0.0, ""kick_dir"": null}, {""move_vx"": 3.8183766184073566, ""move_vy"": 3.8183766184073566, ""kick_power"": 0.0, ""kick_dir"": null}, {""move_vx"": -0.0, ""move_vy"": -5.8, ""kick_power"": 0.0, ""kick_dir"": null}, {""move_vx"": -4.242640687119285, ""move_vy"": 4.242640687119285, ""kick_power"": 0.0, ""kick_dir"": null}, {""move_vx"": 4.242640687119285, ""move_vy"": -4.242640687119285, ""kick_power"": 0.0, ""kick_dir"": null}, {""move_vx"": -0.0, ""move_vy"": 0.0, ""kick_power"": 0.0, ""kick_dir"": null}, {""move_vx"": -8.31996915776504, ""move_vy"": 0.02265422341396899, ""kick_power"": 0.0, ""kick_dir"": null}, {""move_vx"": 4.898510074306651, ""move_vy"": -1.419365721692702, ""kick_power"": 0.0, ""kick_dir"": null}, {""move_vx"": -0.0, ""move_vy"": 0.0, ""kick_power"": 0.0, ""kick_dir"": null}]"
238,222,default,default,0,91.83737795181023,22.067354455024066,9,A,,3.950660326356215,0.4956057953806421,-0.03766957200423493,"[{""move_vx"": 0.0, ""move_vy"": -5.0, ""kick_power"": 0.0, ""kick_dir"": null}, {""move_vx"": 3.920280515870821, ""move_vy"": 4.274505898566946, ""kick_power"": 0.0, ""kick_dir"": null}, {""move_vx"": 5.399647782506181, ""move_vy"": -0.06167515606864097, ""kick_power"": 0.0, ""kick_dir"": null}, {""move_vx"": 0.0, ""move_vy"": -5.4, ""kick_power"": 0.0, ""kick_dir"": null}, {""move_vx"": 0.0, ""move_vy"": 0.0, ""kick_power"": 0.0, ""kick_dir"": null}, {""move_vx"": 1.6875642827536872, ""move_vy"": 5.861921766074162, ""kick_power"": 0.0, ""kick_dir"": null}, {""move_vx"": -6.0, ""move_vy"": 0.0, ""kick_power"": 0.0, ""kick_dir"": null}, {""move_vx"": 4.097778445916381, ""move_vy"": -3.5168468559468344, ""kick_power"": 0.0, ""kick_dir"": null}, {""move_vx"": 7.538874594947572, ""move_vy"": -1.1428013132885741, ""kick_power"": 0.0, ""kick_dir"": null}, {""move_vx"": 5.4, ""move_vy"": 0.0, ""kick_power"": 0.0, ""kick_dir"": null}, {""move_vx"": 0.0, ""move_vy"": -6.0, ""kick_power"": 0.0, ""kick_dir"": null}, {""move_vx"": -0.0, ""move_vy"": 0.0, ""kick_power"": 0.7, ""kick_dir"": [-0.8854080850668572, 0.46481444443342007]}, {""move_vx"": 4.1012193308819755, ""move_vy"": 4.1012193308819755, ""kick_power"": 0.0, ""kick_dir"": null}, {""move_vx"": 4.581461451570827, ""move_vy"": -0.2798409687135365, ""kick_power"": 0.0, ""kick_dir"": null}, {""move_vx"": 3.8183766184073566, ""move_vy"": 3.8183766184073566, ""kick_power"": 0.0, ""kick_dir"": null}, {""move_vx"": -0.0, ""move_vy"": -5.8, ""kick_power"": 0.0, ""kick_dir"": null}, {""move_vx"": -4.242640687119285, ""move_vy"": 4.242640687119285, ""kick_power"": 0.0, ""kick_dir"": null}, {""move_vx"": 4.242640687119285, ""move_vy"": -4.242640687119285, ""kick_power"": 0.0, ""kick_dir"": null}, {""move_vx"": -0.0, ""move_vy"": 0.0, ""kick_power"": 0.0, ""kick_dir"": null}, {""move_vx"": 4.525483399593904, ""move_vy"": 4.525483399593904, ""kick_power"": 0.0, ""kick_dir"": null}, {""move_vx"": 4.898510074306651, ""move_vy"": -1.4193657216927014, ""kick_power"": 0.0, ""kick_dir"": null}, {""move_vx"": -0.0, ""move_vy"": 0.0, ""kick_power"": 0.0, ""kick_dir"": null}]"
238,223,default,default,0,92.19737795181024,22.067354455024066,9,A,,3.9747245643392595,0.49268597427449745,-0.03503889735575295,"[{""move_vx"": 0.0, ""move_vy"": -5.0, ""kick_power"": 0.0, ""kick_dir"": null}, {""move_vx"": 3.92028051587082, ""move_vy"": 4.274505898566946, ""kick_power"": 0.0, ""kick_dir"": null}, {""move_vx"": 5.399650785610613, ""move_vy"": -0.061411671974347826, ""kick_power"": 0.0, ""kick_dir"": null}, {""move_vx"": 0.0, ""move_vy"": -5.4, ""kick_power"": 0.0, ""kick_dir"": null}, {""move_vx"": 0.0, ""move_vy"": 0.0, ""kick_power"": 0.0, ""kick_dir"": null}, {""move_vx"": 1.65662925546775, ""move_vy"": 5.870739264345536, ""kick_power"": 0.0, ""kick_dir"": null}, {""move_vx"": -6.0, ""move_vy"": 0.0, ""kick_power"": 0.0, ""kick_dir"": null}, {""move_vx"": 4.121106412094289, ""move_vy"": -3.489481614824091, ""kick_power"": 0.0, ""kick_dir"": null}, {""move_vx"": 0.0, ""move_vy"": 0.0, ""kick_power"": 0.7, ""kick_dir"": [0.9887048422647242, -0.1498755786377101]}, {""move_vx"": 5.4, ""move_vy"": 0.0, ""kick_power"": 0.0, ""kick_dir"": null}, {""move_vx"": 0.0, ""move_vy"": -6.0, ""kick_power"": 0.0, ""kick_dir"": null}, {""move_vx"": -0.0, ""move_vy"": 0.0, ""kick_power"": 0.7, ""kick_dir"": [-0.8869722273145779, 0.46182270739691117]}, {""move_vx"": 4.1012193308819755, ""move_vy"": 4.1012193308819755, ""kick_power"": 0.0, ""kick_dir"": null}, {""move_vx"": 4.581461451570826, ""move_vy"": -0.2798409687135331, ""kick_power"": 0.0, ""kick_dir"": null}, {""move_vx"": 3.8183766184073566, ""move_vy"": 3.8183766184073566, ""kick_power"": 0.0, ""kick_dir"": null}, {""move_vx"": -0.0, ""move_vy"": -5.8, ""kick_power"": 0.0, ""kick_dir"": null}, {""move_vx"": -0.0, ""move_vy"": 0.0, ""kick_power"": 0.9, ""kick_dir"": [0.9974215841380262, 0.07176357855088666]}, {""move_vx"": 4.242640687119285, ""move_vy"": -4.242640687119285, ""kick_power"": 0.0, ""kick_dir"": null}, {""move_vx"": -0.0, ""move_vy"": 0.0, ""kick_power"": 0.0, ""kick_dir"": null}, {""move_vx"": 4.525483399593904, ""move_vy"": 4.525483399593904, ""kick_power"": 0.0, ""kick_dir"": null}, {""move_vx"": 4.898510074306651, ""move_vy"": -1.4193657216927005, ""kick_power"": 0.0, ""kick_dir"": null}, {""move_vx"": -0.0, ""move_vy"": 0.0, ""kick_power"": 0.0, ""kick_dir"": null}]"
238,224,default,default,0,92.55737795181025,22.067354455024066,9,A,,3.998884742084421,0.4878507296436849,-0.04305558264862009,"[{""move_vx"": 0.0, ""move_vy"": -5.0, ""kick_power"": 0.0, ""kick_dir"": null}, {""move_vx"": 3.92028051587082, ""move_vy"": 4.274505898566947, ""kick_power"": 0.0, ""kick_dir"": null}, {""move_vx"": -4.584684593022874, ""move_vy"": 0.22083292892747222, ""kick_power"": 0.0, ""kick_dir"": null}, {""move_vx"": 0.0, ""move_vy"": -5.4, ""kick_power"": 0.0, ""kick_dir"": null}, {""move_vx"": 0.0, ""move_vy"": 0.0, ""kick_power"": 0.4, ""kick_dir"": [0.17073692112528524, -0.9853166008618252]}, {""move_vx"": 1.6261264690247061, ""move_vy"": 5.879261238177569, ""kick_power"": 0.0, ""kick_dir"": null}, {""move_vx"": -6.0, ""move_vy"": 0.0, ""kick_power"": 0.0, ""kick_dir"": null}, {""move_vx"": 4.146758102504666, ""move_vy"": -3.4589589820221778, ""kick_power"": 0.0, ""kick_dir"": null}, {""move_vx"": 0.0, ""move_vy"": 0.0, ""kick_power"": 0.7, ""kick_dir"": [0.9887048422647242, -0.1498755786377101]}, {""move_vx"": 5.4, ""move_vy"": 0.0, ""kick_power"": 0.0, ""kick_dir"": null}, {""move_vx"": 0.0, ""move_vy"": -6.0, ""kick_power"": 0.0, ""kick_dir"": null}, {""move_vx"": -0.0, ""move_vy"": 0.0, ""kick_power"": 0.7, ""kick_dir"": [-0.8885128692599078, 0.4588516388681223]}, {""move_vx"": 4.1012193308819755, ""move_vy"": 4.1012193308819755, ""kick_power"": 0.0, ""kick_dir"": null}, {""move_vx"": 4.581461451570827, ""move_vy"": -0.2798409687135373, ""kick_power"": 0.0, ""kick_dir"": null}, {""move_vx"": 3.8183766184073566, ""move_vy"": 3.8183766184073566, ""kick_power"": 0.0, ""kick_dir"": null}, {""move_vx"": -0.0, ""move_vy"": 0.0, ""kick_power"": 0.9, ""kick_dir"": [-0.8860652304283397, 0.463560523413504]}, {""move_vx"": -0.0, ""move_vy"": -6.0, ""kick_power"": 0.0, ""kick_dir"": null}, {""move_vx"": -4.242640687119285, ""move_vy"": 4.242640687119285, ""kick_power"": 0.0, ""kick_dir"": null}, {""move_vx"": -0.0, ""move_vy"": 0.0, ""kick_power"": 0.0, ""kick_dir"": null}, {""move_vx"": 4.525483399593904, ""move_vy"": 4.525483399593904, ""kick_power"": 0.0, ""kick_dir"": null}, {""move_vx"": 4.898510074306651, ""move_vy"": -1.4193657216926996, ""kick_power"": 0.0, ""kick_dir"": null}, {""move_vx"": -0.0, ""move_vy"": 0.0, ""kick_power"": 0.0, ""kick_dir"": null}]"
238,225,default,default,0,92.91737795181027,22.067354455024066,9,A,,4.023141004414098,0.4895619607214788,-0.03518891202600098,"[{""move_vx"": 0.0, ""move_vy"": -5.0, ""kick_power"": 0.0, ""kick_dir"": null}, {""move_vx"": 3.9202805158708194, ""move_vy"": 4.2745058985669475, ""kick_power"": 0.0, ""kick_dir"": null}, {""move_vx"": -4.584684593022874, ""move_vy"": 0.22083292892747206, ""kick_power"": 0.0, ""kick_dir"": null}, {""move_vx"": 0.0, ""move_vy"": -5.4, ""kick_power"": 0.0, ""kick_dir"": null}, {""move_vx"": 0.0, ""move_vy"": 0.0, ""kick_power"": 0.0, ""kick_dir"": null}, {""move_vx"": 1.5960570464292085, ""move_vy"": 5.887495384672812, ""kick_power"": 0.0, ""kick_dir"": null}, {""move_vx"": -6.0, ""move_vy"": 0.0, ""kick_power"": 0.0, ""kick_dir"": null}, {""move_vx"": 4.172028354478626, ""move_vy"": -3.4284368755201493, ""kick_power"": 0.0, ""kick_dir"": null}, {""move_vx"": 0.0, ""move_vy"": 0.0, ""kick_power"": 0.7, ""kick_dir"": [0.9887048422647242, -0.1498755786377101]}, {""move_vx"": 5.4, ""move_vy"": 0.0, ""kick_power"": 0.0, ""kick_dir"": null}, {""move_vx"": 0.0, ""move_vy"": -6.0, ""kick_power"": 0.0, ""kick_dir"": null}, {""move_vx"": -0.0, ""move_vy"": 0.0, ""kick_power"": 0.7, ""kick_dir"": [-0.8900303918409527, 0.4559011374937208]}, {""move_vx"": 4.1012193308819755, ""move_vy"": 4.1012193308819755, ""kick_power"": 0.0, ""kick_dir"": null}, {""move_vx"": 4.581461451570826, ""move_vy"": -0.27984096871353376, ""kick_power"": 0.0, ""kick_dir"": null}, {""move_vx"": 3.8183766184073566, ""move_vy"": 3.8183766184073566, ""kick_power"": 0.0, ""kick_dir"": null}, {""move_vx"": -0.0, ""move_vy"": 0.0, ""kick_power"": 0.9, ""kick_dir"": [-0.88566635560215, 0.4643221488536308]}, {""move_vx"": -0.0, ""move_vy"": -6.0, ""kick_power"": 0.0, ""kick_dir"": null}, {""move_vx"": 4.242640687119285, ""move_vy"": -4.242640687119285, ""kick_power"": 0.0, ""kick_dir"": null}, {""move_vx"": -0.0, ""move_vy"": 0.0, ""kick_power"": 0.0, ""kick_dir"": null}, {""move_vx"": 4.525483399593904, ""move_vy"": 4.525483399593904, ""kick_power"": 0.0, ""kick_dir"": null}, {""move_vx"": 4.898510074306651, ""move_vy"": -1.419365721692699, ""kick_power"": 0.0, ""kick_dir"": null}, {""move_vx"": -0.0, ""move_vy"": 0.0, ""kick_power"": 0.0, ""kick_dir"": null}]"
238,226,default,default,0,93.27737795181028,22.067354455024066,9,A,,4.047493494304159,0.4871647411700952,-0.04331732593335393,"[{""move_vx"": 0.0, ""move_vy"": -5.0, ""kick_power"": 0.0, ""kick_dir"": null}, {""move_vx"": 3.920280515870818, ""move_vy"": 4.2745058985669475, ""kick_power"": 0.0, ""kick_dir"": null}, {""move_vx"": -4.584684593022874, ""move_vy"": 0.220832928927472, ""kick_power"": 0.0, ""kick_dir"": null}, {""move_vx"": -5.4, ""move_vy"": 0.0, ""kick_power"": 0.0, ""kick_dir"": null}, {""move_vx"": 0.0, ""move_vy"": 0.0, ""kick_power"": 0.4, ""kick_dir"": [0.13159940639975085, -0.991302928371489]}, {""move_vx"": 1.5664216790147287, ""move_vy"": 5.895449357217199, ""kick_power"": 0.0, ""kick_dir"": null}, {""move_vx"": -6.0, ""move_vy"": 0.0, ""kick_power"": 0.0, ""kick_dir"": null}, {""move_vx"": 4.196917826430751, ""move_vy"": -3.3979230065126216, ""kick_power"": 0.0, ""kick_dir"": null}, {""move_vx"": 0.0, ""move_vy"": 0.0, ""kick_power"": 0.7, ""kick_dir"": [0.9887048422647242, -0.1498755786377101]}, {""move_vx"": 5.4, ""move_vy"": 0.0, ""kick_power"": 0.0, ""kick_dir"": null}, {""move_vx"": 0.0, ""move_vy"": -6.0, ""kick_power"": 0.0, ""kick_dir"": null}, {""move_vx"": -0.0, ""move_vy"": 0.0, ""kick_power"": 0.7, ""kick_dir"": [-0.8915251699732427, 0.45297109963833077]}, {""move_vx"": 4.1012193308819755, ""move_vy"": 4.1012193308819755, ""kick_power"": 0.0, ""kick_dir"": null}, {""move_vx"": 4.581461451570827, ""move_vy"": -0.27984096871353825, ""kick_power"": 0.0, ""kick_dir"": null}, {""move_vx"": 3.8183766184073566, ""move_vy"": 3.8183766184073566, ""kick_power"": 0.0, ""kick_dir"": null}, {""move_vx"": -0.0, ""move_vy"": 0.0, ""kick_power"": 0.9, ""kick_dir"": [-0.8852847946098036, 0.46504922719875874]}, {""move_vx"": -0.0, ""move_vy"": -6.0, ""kick_power"": 0.0, ""kick_dir"": null}, {""move_vx"": -4.242640687119285, ""move_vy"": 4.242640687119285, ""kick_power"": 0.0, ""kick_dir"": null}, {""move_vx"": -0.0, ""move_vy"": 0.0, ""kick_power"": 0.0, ""kick_dir"": null}, {""move_vx"": 4.525483399593904, ""move_vy"": 4.525483399593904, ""kick_power"": 0.0, ""kick_dir"": null}, {""move_vx"": 4.898510074306652, ""move_vy"": -1.4193657216926983, ""kick_power"": 0.0, ""kick_dir"": null}, {""move_vx"": -0.0, ""move_vy"": 0.0, ""kick_power"": 0.0, ""kick_dir"": null}]"
238,227,default,default,0,93.6373779518103,22.067354455024066,9,A,,4.071942352902235,0.4878577694251801,-0.04137225046703566,"[{""move_vx"": 0.0, ""move_vy"": -5.0, ""kick_power"": 0.0, ""kick_dir"": null}, {""move_vx"": -4.1012193308819755, ""move_vy"": 4.1012193308819755, ""kick_power"": 0.0, ""kick_dir"": null}, {""move_vx"": -4.584684593022874, ""move_vy"": 0.22083292892747183, ""kick_power"": 0.0, ""kick_dir"": null}, {""move_vx"": 0.0, ""move_vy"": -5.4, ""kick_power"": 0.0, ""kick_dir"": null}, {""move_vx"": 0.0, ""move_vy"": 0.0, ""kick_power"": 0.4, ""kick_dir"": [0.11178525613431063, -0.9937323361084051]}, {""move_vx"": 1.5372206448807046, ""move_vy"": 5.9031307531641675, ""kick_power"": 0.0, ""kick_dir"": null}, {""move_vx"": -6.0, ""move_vy"": 0.0, ""kick_power"": 0.0, ""kick_dir"": null}, {""move_vx"": 4.221427372984772, ""move_vy"": -3.3674249708961432, ""kick_power"": 0.0, ""kick_dir"": null}, {""move_vx"": 0.0, ""move_vy"": 0.0, ""kick_power"": 0.7, ""kick_dir"": [0.9887048422647242, -0.1498755786377101]}, {""move_vx"": 5.4, ""move_vy"": 0.0, ""kick_power"": 0.0, ""kick_dir"": null}, {""move_vx"": 0.0, ""move_vy"": -6.0, ""kick_power"": 0.0, ""kick_dir"": null}, {""move_vx"": -0.0, ""move_vy"": 0.0, ""kick_power"": 0.7, ""kick_dir"": [-0.8929975726159672, 0.45006141951813416]}, {""move_vx"": 4.1012193308819755, ""move_vy"": 4.1012193308819755, ""kick_power"": 0.0, ""kick_dir"": null}, {""move_vx"": 4.581461451570828, ""move_vy"": -0.27984096871353453, ""kick_power"": 0.0, ""kick_dir"": null}, {""move_vx"": 3.8183766184073566, ""move_vy"": 3.8183766184073566, ""kick_power"": 0.0, ""kick_dir"": null}, {""move_vx"": -6.950821278499488, ""move_vy"": -0.35732835649963546, ""kick_power"": 0.0, ""kick_dir"": null}, {""move_vx"": -0.0, ""move_vy"": -6.0, ""kick_power"": 0.0, ""kick_dir"": null}, {""move_vx"": 4.242640687119285, ""move_vy"": -4.242640687119285, ""kick_power"": 0.0, ""kick_dir"": null}, {""move_vx"": -0.0, ""move_vy"": 0.0, ""kick_power"": 0.0, ""kick_dir"": null}, {""move_vx"": 4.525483399593904, ""move_vy"": 4.525483399593904, ""kick_power"": 0.0, ""kick_dir"": null}, {""move_vx"": -0.0, ""move_vy"": 0.0, ""kick_power"": 0.65, ""kick_dir"": [-0.9867243402262857, -0.1624035507870758]}, {""move_vx"": -0.0, ""move_vy"": 0.0, ""kick_power"": 0.0, ""kick_dir"": null}]"
238,228,default,default,0,93.99737795181031,22.067354455024066,9,A,,4.096487719546162,0.4895945002295497,-0.04616471792577684,"[{""move_vx"": 0.0, ""move_vy"": -5.0, ""kick_power"": 0.0, ""kick_dir"": null}, {""move_vx"": -4.1012193308819755, ""move_vy"": 4.1012193308819755, ""kick_power"": 0.0, ""kick_dir"": null}, {""move_vx"": -4.584684593022874, ""move_vy"": 0.22083292892747175, ""kick_power"": 0.0, ""kick_dir"": null}, {""move_vx"": 0.0, ""move_vy"": -5.4, ""kick_power"": 0.0, ""kick_dir"": null}, {""move_vx"": 0.0, ""move_vy"": 0.0, ""kick_power"": 0.4, ""kick_dir"": [0.09183687705681065, -0.9957740140825342]}, {""move_vx"": 1.508453827381599, ""move_vy"": 5.910547102481952, ""kick_power"": 0.0, ""kick_dir"": null}, {""move_vx"": -6.0, ""move_vy"": 0.0, ""kick_power"": 0.0, ""kick_dir"": null}, {""move_vx"": 4.245558039752556, ""move_vy"": -3.3369502440240906, ""kick_power"": 0.0, ""kick_dir"": null}, {""move_vx"": 0.0, ""move_vy"": 0.0, ""kick_power"": 0.7, ""kick_dir"": [0.9887048422647242, -0.1498755786377101]}, {""move_vx"": 5.4, ""move_vy"": 0.0, ""kick_power"": 0.0, ""kick_dir"": null}, {""move_vx"": 0.0, ""move_vy"": -6.0, ""kick_power"": 0.0, ""kick_dir"": null}, {""move_vx"": -0.0, ""move_vy"": 0.0, ""kick_power"": 0.7, ""kick_dir"": [-0.8944479628392865, 0.4471719893298458]}, {""move_vx"": 4.1012193308819755, ""move_vy"": 4.1012193308819755, ""kick_power"": 0.0, ""kick_dir"": null}, {""move_vx"": 4.581461451570826, ""move_vy"": -0.2798409687135395, ""kick_power"": 0.0, ""kick_dir"": null}, {""move_vx"": 3.8183766184073566, ""move_vy"": 3.8183766184073566, ""kick_power"": 0.0, ""kick_dir"": null}, {""move_vx"": -6.950691829847944, ""move_vy"": -0.3598375834804501, ""kick_power"": 0.0, ""kick_dir"": null}, {""move_vx"": -0.0, ""move_vy"": -6.0, ""kick_power"": 0.0, ""kick_dir"": null}, {""move_vx"": -4.242640687119285, ""move_vy"": 4.242640687119285, ""kick_power"": 0.0, ""kick_dir"": null}, {""move_vx"": -0.0, ""move_vy"": 0.0, ""kick_power"": 0.0, ""kick_dir"": null}, {""move_vx"": 4.525483399593904, ""move_vy"": 4.525483399593904, ""kick_power"": 0.0, ""kick_dir"": null}, {""move_vx"": 4.898510074306652, ""move_vy"": -1.4193657216926974, ""kick_power"": 0.0, ""kick_dir"": null}, {""move_vx"": -0.0, ""move_vy"": 0.0, ""kick_power"": 0.0, ""kick_dir"": null}]"
238,229,default,default,0,94.35737795181032,22.067354455024066,9,A,,4.1211297317825215,0.4913329930814476,-0.03784668104460324,"[{""move_vx"": 0.0, ""move_vy"": -5.0, ""kick_power"": 0.0, ""kick_dir"": null}, {""move_vx"": -4.1012193308819755, ""move_vy"": 4.1012193308819755, ""kick_power"": 0.0, ""kick_dir"": null}, {""move_vx"": -4.584684593022874, ""move_vy"": 0.2208329289274716, ""kick_power"": 0.0, ""kick_dir"": null}, {""move_vx"": 0.0, ""move_vy"": -5.4, ""kick_power"": 0.0, ""kick_dir"": null}, {""move_vx"": 0.0, ""move_vy"": 0.0, ""kick_power"": 0.0, ""kick_dir"": null}, {""move_vx"": 1.4801207335914452, ""move_vy"": 5.91770585733971, ""kick_power"": 0.0, ""kick_dir"": null}, {""move_vx"": -6.0, ""move_vy"": 0.0, ""kick_power"": 0.0, ""kick_dir"": null}, {""move_vx"": 4.269311057955194, ""move_vy"": -3.306506175772473, ""kick_power"": 0.0, ""kick_dir"": null}, {""move_vx"": 0.0, ""move_vy"": 0.0, ""kick_power"": 0.7, ""kick_dir"": [0.9887048422647242, -0.1498755786377101]}, {""move_vx"": 5.4, ""move_vy"": 0.0, ""kick_power"": 0.0, ""kick_dir"": null}, {""move_vx"": 0.0, ""move_vy"": -6.0, ""kick_power"": 0.0, ""kick_dir"": null}, {""move_vx"": -0.0, ""move_vy"": 0.0, ""kick_power"": 0.7, ""kick_dir"": [-0.8958766978925883, 0.44430269937518385]}, {""move_vx"": 4.1012193308819755, ""move_vy"": 4.1012193308819755, ""kick_power"": 0.0, ""kick_dir"": null}, {""move_vx"": 4.581461451570827, ""move_vy"": -0.2798409687135354, ""kick_power"": 0.0, ""kick_dir"": null}, {""move_vx"": 3.8183766184073566, ""move_vy"": 3.8183766184073566, ""kick_power"": 0.0, ""kick_dir"": null}, {""move_vx"": -0.0, ""move_vy"": -5.8, ""kick_power"": 0.0, ""kick_dir"": null}, {""move_vx"": -0.0, ""move_vy"": -6.0, ""kick_power"": 0.0, ""kick_dir"": null}, {""move_vx"": 4.242640687119285, ""move_vy"": -4.242640687119285, ""kick_power"": 0.0, ""kick_dir"": null}, {""move_vx"": -0.0, ""move_vy"": 0.0, ""kick_power"": 0.0, ""kick_dir"": null}, {""move_vx"": 4.525483399593904, ""move_vy"": 4.525483399593904, ""kick_power"": 0.0, ""kick_dir"": null}, {""move_vx"": -0.0, ""move_vy"": 0.0, ""kick_power"": 0.65, ""kick_dir"": [-0.9873728463816008, -0.15841305250203863]}, {""move_vx"": -0.0, ""move_vy"": 0.0, ""kick_power"": 0.0, ""kick_dir"": null}]"
238,230,default,default,0,94.71737795181033,22.067354455024066,9,A,,4.145868525385293,0.48653027428013934,-0.055925052888464596,"[{""move_vx"": 0.0, ""move_vy"": -5.0, ""kick_power"": 0.0, ""kick_dir"": null}, {""move_vx"": -4.1012193308819755, ""move_vy"": 4.1012193308819755, ""kick_power"": 0.0, ""kick_dir"": null}, {""move_vx"": -4.584684593022874, ""move_vy"": 0.22083292892747153, ""kick_power"": 0.0, ""kick_dir"": null}, {""move_vx"": 0.0, ""move_vy"": -5.4, ""kick_power"": 0.0, ""kick_dir"": null}, {""move_vx"": 0.0, ""move_vy"": 0.0, ""kick_power"": 0.4, ""kick_dir"": [0.051630268535973245, -0.9986662176059619]}, {""move_vx"": 1.4522205126737973, ""move_vy"": 5.924614382604952, ""kick_power"": 0.0, ""kick_dir"": null}, {""move_vx"": -6.0, ""move_vy"": 0.0, ""kick_power"": 0.0, ""kick_dir"": null}, {""move_vx"": -5.064679416815982, ""move_vy"": 0.5991847835855959, ""kick_power"": 0.0, ""kick_dir"": null}, {""move_vx"": 0.0, ""move_vy"": 0.0, ""kick_power"": 0.7, ""kick_dir"": [0.9887048422647242, -0.1498755786377101]}, {""move_vx"": 5.4, ""move_vy"": 0.0, ""kick_power"": 0.0, ""kick_dir"": null}, {""move_vx"": 0.0, ""move_vy"": -6.0, ""kick_power"": 0.0, ""kick_dir"": null}, {""move_vx"": -0.0, ""move_vy"": 0.0, ""kick_power"": 0.7, ""kick_dir"": [-0.8972841292735728, 0.4414534381809509]}, {""move_vx"": -0.0, ""move_vy"": -5.8, ""kick_power"": 0.0, ""kick_dir"": null}, {""move_vx"": 4.581461451570826, ""move_vy"": -0.2798409687135408, ""kick_power"": 0.0, ""kick_dir"": null}, {""move_vx"": 3.8183766184073566, ""move_vy"": 3.8183766184073566, ""kick_power"": 0.0, ""kick_dir"": null}, {""move_vx"": -6.950559627687899, ""move_vy"": -0.36238220424716455, ""kick_power"": 0.0, ""kick_dir"": null}, {""move_vx"": -0.0, ""move_vy"": -6.0, ""kick_power"": 0.0, ""kick_dir"": null}, {""move_vx"": -4.242640687119285, ""move_vy"": 4.242640687119285, ""kick_power"": 0.0, ""kick_dir"": null}, {""move_vx"": -0.0, ""move_vy"": 0.0, ""kick_power"": 0.0, ""kick_dir"": null}, {""move_vx"": -5.109242304530644, ""move_vy"": 3.8543018918598473, ""kick_power"": 0.0, ""kick_dir"": null}, {""move_vx"": -0.0, ""move_vy"": 0.0, ""kick_power"": 0.65, ""kick_dir"": [-0.9867161700191444, -0.16245315798014093]}, {""move_vx"": -0.0, ""move_vy"": 0.0, ""kick_power"": 0.0, ""kick_dir"": null}]"
238,231,default,default,0,94.82448473299691,22.774461236210612,9,A,,4.172273773750339,0.5272426933854477,0.010819094828987285,"[{""move_vx"": 0.0, ""move_vy"": -5.0, ""kick_power"": 0.0, ""kick_dir"": null}, {""move_vx"": 4.105940618678108, ""move_vy"": 4.096492601712987, ""kick_power"": 0.0, ""kick_dir"": null}, {""move_vx"": -4.584684593022874, ""move_vy"": 0.22083292892747136, ""kick_power"": 0.0, ""kick_dir"": null}, {""move_vx"": 0.0, ""move_vy"": -5.4, ""kick_power"": 0.0, ""kick_dir"": null}, {""move_vx"": 0.0, ""move_vy"": 0.0, ""kick_power"": 0.0, ""kick_dir"": null}, {""move_vx"": 1.42475197409339, ""move_vy"": 5.93127994722193, ""kick_power"": 0.0, ""kick_dir"": null}, {""move_vx"": -6.0, ""move_vy"": 0.0, ""kick_power"": 0.0, ""kick_dir"": null}, {""move_vx"": 4.332924550051813, ""move_vy"": -3.2226952762491052, ""kick_power"": 0.0, ""kick_dir"": null}, {""move_vx"": 4.313351365237939, ""move_vy"": 4.313351365237939, ""kick_power"": 0.0, ""kick_dir"": null}, {""move_vx"": 4.242640687119285, ""move_vy"": 4.242640687119285, ""kick_power"": 0.0, ""kick_dir"": null}, {""move_vx"": 0.0, ""move_vy"": -6.0, ""kick_power"": 0.0, ""kick_dir"": null}, {""move_vx"": -0.0, ""move_vy"": 0.0, ""kick_power"": 0.7, ""kick_dir"": [-0.8986706027980501, 0.4386240926148449]}, {""move_vx"": -0.0, ""move_vy"": 0.0, ""kick_power"": 0.9, ""kick_dir"": [-0.9638837335697504, -0.26632330587094344]}, {""move_vx"": 4.581461451570827, ""move_vy"": -0.2798409687135365, ""kick_power"": 0.0, ""kick_dir"": null}, {""move_vx"": 3.8183766184073566, ""move_vy"": 3.8183766184073566, ""kick_power"": 0.0, ""kick_dir"": null}, {""move_vx"": -0.0, ""move_vy"": -5.8, ""kick_power"": 0.0, ""kick_dir"": null}, {""move_vx"": -6.0, ""move_vy"": 0.0, ""kick_power"": 0.0, ""kick_dir"": null}, {""move_vx"": 4.242640687119285, ""move_vy"": -4.242640687119285, ""kick_power"": 0.0, ""kick_dir"": null}, {""move_vx"": -0.0, ""move_vy"": 0.0, ""kick_power"": 0.0, ""kick_dir"": null}, {""move_vx"": -8.308835772184796, ""move_vy"": -0.43086901822047924, ""kick_power"": 0.0, ""kick_dir"": null}, {""move_vx"": -0.0, ""move_vy"": 0.0, ""kick_power"": 0.65, ""kick_dir"": [-0.9871663886046544, -0.15969456106199736]}, {""move_vx"": -0.0, ""move_vy"": 0.0, ""kick_power"": 0.0, ""kick_dir"": null}]"
238,232,default,default,0,95.10732744547154,23.05730394868523,9,A,,4.197531764966221,0.5154192424183204,-0.01891023729263504,"[{""move_vx"": 0.0, ""move_vy"": -5.0, ""kick_power"": 0.0, ""kick_dir"": null}, {""move_vx"": 4.105940618678108, ""move_vy"": 4.0964926017129875, ""kick_power"": 0.0, ""kick_dir"": null}, {""move_vx"": -4.584684593022874, ""move_vy"": 0.22083292892747128, ""kick_power"": 0.0, ""kick_dir"": null}, {""move_vx"": 0.0, ""move_vy"": -5.4, ""kick_power"": 0.0, ""kick_dir"": null}, {""move_vx"": 0.0, ""move_vy"": 0.0, ""kick_power"": 0.0, ""kick_dir"": null}, {""move_vx"": 4.313351365237939, ""move_vy"": 4.313351365237939, ""kick_power"": 0.0, ""kick_dir"": null}, {""move_vx"": -6.0, ""move_vy"": 0.0, ""kick_power"": 0.0, ""kick_dir"": null}, {""move_vx"": 4.397803698164094, ""move_vy"": -3.1335798429933486, ""kick_power"": 0.0, ""kick_dir"": null}, {""move_vx"": 4.875031354129403, ""move_vy"": -3.1330646811477125, ""kick_power"": 0.0, ""kick_dir"": null}, {""move_vx"": 4.242640687119285, ""move_vy"": 4.242640687119285, ""kick_power"": 0.0, ""kick_dir"": null}, {""move_vx"": 0.0, ""move_vy"": -6.0, ""kick_power"": 0.0, ""kick_dir"": null}, {""move_vx"": -0.0, ""move_vy"": 0.0, ""kick_power"": 0.0, ""kick_dir"": null}, {""move_vx"": 4.1012193308819755, ""move_vy"": 4.1012193308819755, ""kick_power"": 0.0, ""kick_dir"": null}, {""move_vx"": 4.581461451570827, ""move_vy"": -0.2798409687135316, ""kick_power"": 0.0, ""kick_dir"": null}, {""move_vx"": 3.8183766184073566, ""move_vy"": 3.8183766184073566, ""kick_power"": 0.0, ""kick_dir"": null}, {""move_vx"": -0.0, ""move_vy"": -5.8, ""kick_power"": 0.0, ""kick_dir"": null}, {""move_vx"": -0.0, ""move_vy"": -6.0, ""kick_power"": 0.0, ""kick_dir"": null}, {""move_vx"": 4.242640687119285, ""move_vy"": -4.242640687119285, ""kick_power"": 0.0, ""kick_dir"": null}, {""move_vx"": -0.0, ""move_vy"": 0.0, ""kick_power"": 0.0, ""kick_dir"": null}, {""move_vx"": -0.0, ""move_vy"": 0.0, ""kick_power"": 0.9, ""kick_dir"": [-0.9423887006708318, -0.3345196523184005]}, {""move_vx"": -0.0, ""move_vy"": 0.0, ""kick_power"": 0.65, ""kick_dir"": [-0.9874876465612021, -0.1576958594896941]}, {""move_vx"": -0.0, ""move_vy"": 0.0, ""kick_power"": 0.0, ""kick_dir"": null}]"
238,233,default,default,0,95.39017015794617,23.34014666115985,9,A,,4.222835917121266,0.5091795675077058,-0.015655045858173115,"[{""move_vx"": 0.0, ""move_vy"": -5.0, ""kick_power"": 0.0, ""kick_dir"": null}, {""move_vx"": 4.1059406186781064, ""move_vy"": 4.0964926017129875, ""kick_power"": 0.0, ""kick_dir"": null}, {""move_vx"": -4.584684593022874, ""move_vy"": 0.22083292892747114, ""kick_power"": 0.0, ""kick_dir"": null}, {""move_vx"": 0.0, ""move_vy"": -5.4, ""kick_power"": 0.0, ""kick_dir"": null}, {""move_vx"": -4.1012193308819755, ""move_vy"": 4.1012193308819755, ""kick_power"": 0.0, ""kick_dir"": null}, {""move_vx"": 4.313351365237939, ""move_vy"": 4.313351365237939, ""kick_power"": 0.0, ""kick_dir"": null}, {""move_vx"": -6.0, ""move_vy"": 0.0, ""kick_power"": 0.0, ""kick_dir"": null}, {""move_vx"": 4.4377876847496225, ""move_vy"": -3.0766931054436655, ""kick_power"": 0.0, ""kick_dir"": null}, {""move_vx"": 0.0, ""move_vy"": 0.0, ""kick_power"": 0.7, ""kick_dir"": [0.988106910283273, -0.15376829129828573]}, {""move_vx"": 4.242640687119285, ""move_vy"": 4.242640687119285, ""kick_power"": 0.0, ""kick_dir"": null}, {""move_vx"": 0.0, ""move_vy"": -6.0, ""kick_power"": 0.0, ""kick_dir"": null}, {""move_vx"": -0.0, ""move_vy"": 0.0, ""kick_power"": 0.0, ""kick_dir"": null}, {""move_vx"": 4.1012193308819755, ""move_vy"": 4.1012193308819755, ""kick_power"": 0.0, ""kick_dir"": null}, {""move_vx"": 4.581461451570826, ""move_vy"": -0.2798409687135377, ""kick_power"": 0.0, ""kick_dir"": null}, {""move_vx"": 3.8183766184073566, ""move_vy"": 3.8183766184073566, ""kick_power"": 0.0, ""kick_dir"": null}, {""move_vx"": -0.0, ""move_vy"": -5.8, ""kick_power"": 0.0, ""kick_dir"": null}, {""move_vx"": -0.0, ""move_vy"": -6.0, ""kick_power"": 0.0, ""kick_dir"": null}, {""move_vx"": 4.242640687119285, ""move_vy"": -4.242640687119285, ""kick_power"": 0.0, ""kick_dir"": null}, {""move_vx"": 3.455997926639379, ""move_vy"": -4.149226232813091, ""kick_power"": 0.0, ""kick_dir"": null}, {""move_vx"": -0.0, ""move_vy"": 0.0, ""kick_power"": 0.9, ""kick_dir"": [-0.933387148352678, -0.3588708591647202]}, {""move_vx"": -0.0, ""move_vy"": 0.0, ""kick_power"": 0.65, ""kick_dir"": [-0.9874876465612021, -0.1576958594896941]}, {""move_vx"": -0.0, ""move_vy"": 0.0, ""kick_power"": 0.0, ""kick_dir"": null}]"
238,234,default,default,0,95.6730128704208,23.622989373634468,9,A,,4.248186621847357,0.5103546441114036,-0.015994318966655267,"[{""move_vx"": 0.0, ""move_vy"": -5.0, ""kick_power"": 0.0, ""kick_dir"": null}, {""move_vx"": 4.105940618678106, ""move_vy"": 4.096492601712988, ""kick_power"": 0.0, ""kick_dir"": null}, {""move_vx"": -4.584684593022874, ""move_vy"": 0.220832928927471, ""kick_power"": 0.0, ""kick_dir"": null}, {""move_vx"": 0.0, ""move_vy"": -5.4, ""kick_power"": 0.0, ""kick_dir"": null}, {""move_vx"": -4.1012193308819755, ""move_vy"": 4.1012193308819755, ""kick_power"": 0.0, ""kick_dir"": null}, {""move_vx"": 4.313351365237939, ""move_vy"": 4.313351365237939, ""kick_power"": 0.0, ""kick_dir"": null}, {""move_vx"": -6.0, ""move_vy"": 0.0, ""kick_power"": 0.0, ""kick_dir"": null}, {""move_vx"": 4.477314351272911, ""move_vy"": -3.018883270331205, ""kick_power"": 0.0, ""kick_dir"": null}, {""move_vx"": 0.0, ""move_vy"": 0.0, ""kick_power"": 0.7, ""kick_dir"": [0.988106910283273, -0.15376829129828573]}, {""move_vx"": 4.242640687119285, ""move_vy"": 4.242640687119285, ""kick_power"": 0.0, ""kick_dir"": null}, {""move_vx"": 0.0, ""move_vy"": -6.0, ""kick_power"": 0.0, ""kick_dir"": null}, {""move_vx"": -0.0, ""move_vy"": 0.0, ""kick_power"": 0.0, ""kick_dir"": null}, {""move_vx"": 4.1012193308819755, ""move_vy"": 4.1012193308819755, ""kick_power"": 0.0, ""kick_dir"": null}, {""move_vx"": 4.581461451570828, ""move_vy"": -0.2798409687135324, ""kick_power"": 0.0, ""kick_dir"": null}, {""move_vx"": 3.8183766184073566, ""move_vy"": 3.8183766184073566, ""kick_power"": 0.0, ""kick_dir"": null}, {""move_vx"": -0.0, ""move_vy"": -5.8, ""kick_power"": 0.0, ""kick_dir"": null}, {""move_vx"": -0.0, ""move_vy"": -6.0, ""kick_power"": 0.0, ""kick_dir"": null}, {""move_vx"": 4.242640687119285, ""move_vy"": -4.242640687119285, ""kick_power"": 0.0, ""kick_dir"": null}, {""move_vx"": 3.4922544909789672, ""move_vy"": -4.118756920508569, ""kick_power"": 0.0, ""kick_dir"": null}, {""move_vx"": -0.0, ""move_vy"": 0.0, ""kick_power"": 0.9, ""kick_dir"": [-0.9239509434195883, -0.3825108074473796]}, {""move_vx"": -0.0, ""move_vy"": 0.0, ""kick_power"": 0.65, ""kick_dir"": [-0.9874876465612021, -0.1576958594896941]}, {""move_vx"": -0.0, ""move_vy"": 0.0, ""kick_power"": 0.0, ""kick_dir"": null}]"
238,235,default,default,0,95.95585558289544,23.905832086109086,9,A,,4.2735842701507325,0.506221345919431,-0.015729428275107038,"[{""move_vx"": 0.0, ""move_vy"": -5.0, ""kick_power"": 0.0, ""kick_dir"": null}, {""move_vx"": -4.1012193308819755, ""move_vy"": 4.1012193308819755, ""kick_power"": 0.0, ""kick_dir"": null}, {""move_vx"": -4.584684593022875, ""move_vy"": 0.22083292892747092, ""kick_power"": 0.0, ""kick_dir"": null}, {""move_vx"": 0.0, ""move_vy"": -5.4, ""kick_power"": 0.0, ""kick_dir"": null}, {""move_vx"": -4.1012193308819755, ""move_vy"": 4.1012193308819755, ""kick_power"": 0.0, ""kick_dir"": null}, {""move_vx"": 4.313351365237939, ""move_vy"": 4.313351365237939, ""kick_power"": 0.0, ""kick_dir"": null}, {""move_vx"": -6.0, ""move_vy"": 0.0, ""kick_power"": 0.0, ""kick_dir"": null}, {""move_vx"": 4.5163525615746964, ""move_vy"": -2.960162079947258, ""kick_power"": 0.0, ""kick_dir"": null}, {""move_vx"": 0.0, ""move_vy"": 0.0, ""kick_power"": 0.7, ""kick_dir"": [0.988106910283273, -0.15376829129828573]}, {""move_vx"": 4.242640687119285, ""move_vy"": 4.242640687119285, ""kick_power"": 0.0, ""kick_dir"": null}, {""move_vx"": 0.0, ""move_vy"": -6.0, ""kick_power"": 0.0, ""kick_dir"": null}, {""move_vx"": -0.0, ""move_vy"": 0.0, ""kick_power"": 0.0, ""kick_dir"": null}, {""move_vx"": 4.1012193308819755, ""move_vy"": 4.1012193308819755, ""kick_power"": 0.0, ""kick_dir"": null}, {""move_vx"": 4.581461451570827, ""move_vy"": -0.2798409687135393, ""kick_power"": 0.0, ""kick_dir"": null}, {""move_vx"": 3.8183766184073566, ""move_vy"": 3.8183766184073566, ""kick_power"": 0.0, ""kick_dir"": null}, {""move_vx"": -0.0, ""move_vy"": -5.8, ""kick_power"": 0.0, ""kick_dir"": null}, {""move_vx"": -0.0, ""move_vy"": -6.0, ""kick_power"": 0.0, ""kick_dir"": null}, {""move_vx"": 4.242640687119285, ""move_vy"": -4.242640687119285, ""kick_power"": 0.0, ""kick_dir"": null}, {""move_vx"": 4.116678195291929, ""move_vy"": -4.768958024181801, ""kick_power"": 0.0, ""kick_dir"": null}, {""move_vx"": -0.0, ""move_vy"": 0.0, ""kick_power"": 0.9, ""kick_dir"": [-0.9141292122124074, -0.40542280213282367]}, {""move_vx"": -0.0, ""move_vy"": 0.0, ""kick_power"": 0.65, ""kick_dir"": [-0.9874876465612021, -0.1576958594896941]}, {""move_vx"": -0.0, ""move_vy"": 0.0, ""kick_power"": 0.0, ""kick_dir"": null}]"
238,236,default,default,0,96.23869829537007,24.188674798583705,9,A,,4.299029252264926,0.5073937874604822,-0.023355691094710793,"[{""move_vx"": 0.0, ""move_vy"": -5.0, ""kick_power"": 0.0, ""kick_dir"": null}, {""move_vx"": -4.1012193308819755, ""move_vy"": 4.1012193308819755, ""kick_power"": 0.0, ""kick_dir"": null}, {""move_vx"": -4.584684593022874, ""move_vy"": 0.22083292892747075, ""kick_power"": 0.0, ""kick_dir"": null}, {""move_vx"": 0.0, ""move_vy"": -5.4, ""kick_power"": 0.0, ""kick_dir"": null}, {""move_vx"": -4.1012193308819755, ""move_vy"": 4.1012193308819755, ""kick_power"": 0.0, ""kick_dir"": null}, {""move_vx"": 4.313351365237939, ""move_vy"": 4.313351365237939, ""kick_power"": 0.0, ""kick_dir"": null}, {""move_vx"": -6.0, ""move_vy"": 0.0, ""kick_power"": 0.0, ""kick_dir"": null}, {""move_vx"": 4.554871100427301, ""move_vy"": -2.900542924780153, ""kick_power"": 0.0, ""kick_dir"": null}, {""move_vx"": 0.0, ""move_vy"": 0.0, ""kick_power"": 0.7, ""kick_dir"": [0.988106910283273, -0.15376829129828573]}, {""move_vx"": 4.242640687119285, ""move_vy"": 4.242640687119285, ""kick_power"": 0.0, ""kick_dir"": null}, {""move_vx"": 0.0, ""move_vy"": -6.0, ""kick_power"": 0.0, ""kick_dir"": null}, {""move_vx"": -0.0, ""move_vy"": 0.0, ""kick_power"": 0.0, ""kick_dir"": null}, {""move_vx"": 4.1012193308819755, ""move_vy"": 4.1012193308819755, ""kick_power"": 0.0, ""kick_dir"": null}, {""move_vx"": 4.581461451570827, ""move_vy"": -0.2798409687135334, ""kick_power"": 0.0, ""kick_dir"": null}, {""move_vx"": 3.8183766184073566, ""move_vy"": 3.8183766184073566, ""kick_power"": 0.0, ""kick_dir"": null}, {""move_vx"": -0.0, ""move_vy"": -5.8, ""kick_power"": 0.0, ""kick_dir"": null}, {""move_vx"": -0.0, ""move_vy"": -6.0, ""kick_power"": 0.0, ""kick_dir"": null}, {""move_vx"": 4.242640687119285, ""move_vy"": 4.242640687119285, ""kick_power"": 0.0, ""kick_dir"": null}, {""move_vx"": 3.565017031241289, ""move_vy"": -4.055940528035335, ""kick_power"": 0.0, ""kick_dir"": null}, {""move_vx"": -8.309015065983465, ""move_vy"": -0.4273975119953341, ""kick_power"": 0.0, ""kick_dir"": null}, {""move_vx"": -0.0, ""move_vy"": 0.0, ""kick_power"": 0.65, ""kick_dir"": [-0.9874876465612021, -0.1576958594896941]}, {""move_vx"": -0.0, ""move_vy"": 0.0, ""kick_power"": 0.0, ""kick_dir"": null}]"
238,237,default,default,0,96.5215410078447,24.471517511058323,9,A,,4.324521957508778,0.5068083629602582,-0.024045243520547828,"[{""move_vx"": 0.0, ""move_vy"": -5.0, ""kick_power"": 0.0, ""kick_dir"": null}, {""move_vx"": -4.1012193308819755, ""move_vy"": 4.1012193308819755, ""kick_power"": 0.0, ""kick_dir"": null}, {""move_vx"": -4.584684593022874, ""move_vy"": 0.2208329289274706, ""kick_power"": 0.0, ""kick_dir"": null}, {""move_vx"": 0.0, ""move_vy"": -5.4, ""kick_power"": 0.0, ""kick_dir"": null}, {""move_vx"": -4.1012193308819755, ""move_vy"": 4.1012193308819755, ""kick_power"": 0.0, ""kick_dir"": null}, {""move_vx"": 0.0, ""move_vy"": 0.0, ""kick_power"": 0.0, ""kick_dir"": null}, {""move_vx"": -6.0, ""move_vy"": 0.0, ""kick_power"": 0.0, ""kick_dir"": null}, {""move_vx"": 4.59283875744554, ""move_vy"": -2.840040870851353, ""kick_power"": 0.0, ""kick_dir"": null}, {""move_vx"": 0.0, ""move_vy"": 0.0, ""kick_power"": 0.7, ""kick_dir"": [0.988106910283273, -0.15376829129828573]}, {""move_vx"": 4.242640687119285, ""move_vy"": 4.242640687119285, ""kick_power"": 0.0, ""kick_dir"": null}, {""move_vx"": 0.0, ""move_vy"": -6.0, ""kick_power"": 0.0, ""kick_dir"": null}, {""move_vx"": -0.0, ""move_vy"": 0.0, ""kick_power"": 0.0, ""kick_dir"": null}, {""move_vx"": 4.1012193308819755, ""move_vy"": 4.1012193308819755, ""kick_power"": 0.0, ""kick_dir"": null}, {""move_vx"": 4.581461451570826, ""move_vy"": -0.27984096871354125, ""kick_power"": 0.0, ""kick_dir"": null}, {""move_vx"": 3.8183766184073566, ""move_vy"": 3.8183766184073566, ""kick_power"": 0.0, ""kick_dir"": null}, {""move_vx"": -0.0, ""move_vy"": -5.8, ""kick_power"": 0.0, ""kick_dir"": null}, {""move_vx"": -0.0, ""move_vy"": -6.0, ""kick_power"": 0.0, ""kick_dir"": null}, {""move_vx"": 4.242640687119285, ""move_vy"": 4.242640687119285, ""kick_power"": 0.0, ""kick_dir"": null}, {""move_vx"": -0.0, ""move_vy"": 0.0, ""kick_power"": 0.0, ""kick_dir"": null}, {""move_vx"": -0.0, ""move_vy"": 0.0, ""kick_power"": 0.9, ""kick_dir"": [-0.8897490802210879, -0.4564498216147374]}, {""move_vx"": -0.0, ""move_vy"": 0.0, ""kick_power"": 0.65, ""kick_dir"": [-0.9877909843341198, -0.1557845044409541]}, {""move_vx"": -0.0, ""move_vy"": 0.0, ""kick_power"": 0.0, ""kick_dir"": null}]"
238,238,default,default,0,96.80438372031934,24.75436022353294,9,A,,4.3500627741494995,0.513676271813825,-0.027520299409303083,"[{""move_vx"": 0.0, ""move_vy"": -5.0, ""kick_power"": 0.0, ""kick_dir"": null}, {""move_vx"": -4.1012193308819755, ""move_vy"": 4.1012193308819755, ""kick_power"": 0.0, ""kick_dir"": null}, {""move_vx"": -4.584684593022874, ""move_vy"": 0.22083292892747047, ""kick_power"": 0.0, ""kick_dir"": null}, {""move_vx"": 5.906467842906297, ""move_vy"": 0.6302678959885616, ""kick_power"": 0.0, ""kick_dir"": null}, {""move_vx"": -4.1012193308819755, ""move_vy"": 4.1012193308819755, ""kick_power"": 0.0, ""kick_dir"": null}, {""move_vx"": 4.313351365237939, ""move_vy"": 4.313351365237939, ""kick_power"": 0.0, ""kick_dir"": null}, {""move_vx"": -6.0, ""move_vy"": 0.0, ""kick_power"": 0.0, ""kick_dir"": null}, {""move_vx"": 4.242640687119285, ""move_vy"": -4.242640687119285, ""kick_power"": 0.0, ""kick_dir"": null}, {""move_vx"": 0.0, ""move_vy"": 0.0, ""kick_power"": 0.7, ""kick_dir"": [0.988106910283273, -0.15376829129828573]}, {""move_vx"": 4.242640687119285, ""move_vy"": 4.242640687119285, ""kick_power"": 0.0, ""kick_dir"": null}, {""move_vx"": 0.0, ""move_vy"": 0.0, ""kick_power"": 0.0, ""kick_dir"": null}, {""move_vx"": -0.0, ""move_vy"": 0.0, ""kick_power"": 0.0, ""kick_dir"": null}, {""move_vx"": 4.1012193308819755, ""move_vy"": 4.1012193308819755, ""kick_power"": 0.0, ""kick_dir"": null}, {""move_vx"": 4.581461451570827, ""move_vy"": -0.2798409687135347, ""kick_power"": 0.0, ""kick_dir"": null}, {""move_vx"": 3.8183766184073566, ""move_vy"": 3.8183766184073566, ""kick_power"": 0.0, ""kick_dir"": null}, {""move_vx"": -0.0, ""move_vy"": -5.8, ""kick_power"": 0.0, ""kick_dir"": null}, {""move_vx"": -0.0, ""move_vy"": -6.0, ""kick_power"": 0.0, ""kick_dir"": null}, {""move_vx"": 4.242640687119285, ""move_vy"": 4.242640687119285, ""kick_power"": 0.0, ""kick_dir"": null}, {""move_vx"": -0.0, ""move_vy"": 0.0, ""kick_power"": 0.0, ""kick_dir"": null}, {""move_vx"": -8.30919364507833, ""move_vy"": -0.4239115103295793, ""kick_power"": 0.0, ""kick_dir"": null}, {""move_vx"": -0.0, ""move_vy"": 0.0, ""kick_power"": 0.65, ""kick_dir"": [-0.9877909843341198, -0.1557845044409541]}, {""move_vx"": -0.0, ""move_vy"": 0.0, ""kick_power"": 0.0, ""kick_dir"": null}]"
238,239,default,default,0,97.08722643279397,25.03720293600756,9,A,,4.375652089270775,0.5146265321901592,-0.024593660757484034,"[{""move_vx"": 0.0, ""move_vy"": -5.0, ""kick_power"": 0.0, ""kick_dir"": null}, {""move_vx"": -4.1012193308819755, ""move_vy"": 4.1012193308819755, ""kick_power"": 0.0, ""kick_dir"": null}, {""move_vx"": -4.584684593022874, ""move_vy"": 0.22083292892747033, ""kick_power"": 0.0, ""kick_dir"": null}, {""move_vx"": 5.906467842906298, ""move_vy"": 0.6302678959885618, ""kick_power"": 0.0, ""kick_dir"": null}, {""move_vx"": -4.1012193308819755, ""move_vy"": 4.1012193308819755, ""kick_power"": 0.0, ""kick_dir"": null}, {""move_vx"": 4.313351365237939, ""move_vy"": 4.313351365237939, ""kick_power"": 0.0, ""kick_dir"": null}, {""move_vx"": -6.0, ""move_vy"": 0.0, ""kick_power"": 0.0, ""kick_dir"": null}, {""move_vx"": 4.6760989248089055, ""move_vy"": -2.7007589387801727, ""kick_power"": 0.0, ""kick_dir"": null}, {""move_vx"": 0.0, ""move_vy"": 0.0, ""kick_power"": 0.7, ""kick_dir"": [0.988106910283273, -0.15376829129828573]}, {""move_vx"": 4.242640687119285, ""move_vy"": 4.242640687119285, ""kick_power"": 0.0, ""kick_dir"": null}, {""move_vx"": 0.0, ""move_vy"": -6.0, ""kick_power"": 0.0, ""kick_dir"": null}, {""move_vx"": -0.0, ""move_vy"": 0.0, ""kick_power"": 0.7, ""kick_dir"": [-0.9118937414379584, 0.4104263060832005]}, {""move_vx"": 4.1012193308819755, ""move_vy"": 4.1012193308819755, ""kick_power"": 0.0, ""kick_dir"": null}, {""move_vx"": 4.581461451570826, ""move_vy"": -0.27984096871354397, ""kick_power"": 0.0, ""kick_dir"": null}, {""move_vx"": 3.8183766184073566, ""move_vy"": 3.8183766184073566, ""kick_power"": 0.0, ""kick_dir"": null}, {""move_vx"": -0.0, ""move_vy"": -5.8, ""kick_power"": 0.0, ""kick_dir"": null}, {""move_vx"": -0.0, ""move_vy"": -6.0, ""kick_power"": 0.0, ""kick_dir"": null}, {""move_vx"": 4.242640687119285, ""move_vy"": 4.242640687119285, ""kick_power"": 0.0, ""kick_dir"": null}, {""move_vx"": -0.0, ""move_vy"": 0.0, ""kick_power"": 0.0, ""kick_dir"": null}, {""move_vx"": -0.0, ""move_vy"": 0.0, ""kick_power"": 0.9, ""kick_dir"": [-0.8627325321726417, -0.5056604038866558]}, {""move_vx"": -0.0, ""move_vy"": 0.0, ""kick_power"": 0.65, ""kick_dir"": [-0.9880779859539309, -0.1539536889752378]}, {""move_vx"": -0.0, ""move_vy"": 0.0, ""kick_power"": 0.0, ""kick_dir"": null}]"
238,240,default,default,0,97.3700691452686,25.32004564848218,9,A,,4.401290288645864,0.5216154124869608,-0.028757655261702292,"[{""move_vx"": 0.0, ""move_vy"": -5.0, ""kick_power"": 0.0, ""kick_dir"": null}, {""move_vx"": 4.336418697282998, ""move_vy"": 3.8516844213739043, ""kick_power"": 0.0, ""kick_dir"": null}, {""move_vx"": -4.584684593022874, ""move_vy"": 0.2208329289274702, ""kick_power"": 0.0, ""kick_dir"": null}, {""move_vx"": 5.906467842906297, ""move_vy"": 0.630267895988562, ""kick_power"": 0.0, ""kick_dir"": null}, {""move_vx"": -4.1012193308819755, ""move_vy"": 4.1012193308819755, ""kick_power"": 0.0, ""kick_dir"": null}, {""move_vx"": 4.313351365237939, ""move_vy"": 4.313351365237939, ""kick_power"": 0.0, ""kick_dir"": null}, {""move_vx"": -6.0, ""move_vy"": 0.0, ""kick_power"": 0.0, ""kick_dir"": null}, {""move_vx"": 4.242640687119285, ""move_vy"": -4.242640687119285, ""kick_power"": 0.0, ""kick_dir"": null}, {""move_vx"": 0.0, ""move_vy"": 0.0, ""kick_power"": 0.7, ""kick_dir"": [0.988106910283273, -0.15376829129828573]}, {""move_vx"": 4.242640687119285, ""move_vy"": 4.242640687119285, ""kick_power"": 0.0, ""kick_dir"": null}, {""move_vx"": 0.0, ""move_vy"": -6.0, ""kick_power"": 0.0, ""kick_dir"": null}, {""move_vx"": -0.0, ""move_vy"": 0.0, ""kick_power"": 0.0, ""kick_dir"": null}, {""move_vx"": 4.1012193308819755, ""move_vy"": 4.1012193308819755, ""kick_power"": 0.0, ""kick_dir"": null}, {""move_vx"": 4.581461451570827, ""move_vy"": -0.2798409687135365, ""kick_power"": 0.0, ""kick_dir"": null}, {""move_vx"": 3.8183766184073566, ""move_vy"": 3.8183766184073566, ""kick_power"": 0.0, ""kick_dir"": null}, {""move_vx"": -0.0, ""move_vy"": -5.8, ""kick_power"": 0.0, ""kick_dir"": null}, {""move_vx"": -0.0, ""move_vy"": -6.0, ""kick_power"": 0.0, ""kick_dir"": null}, {""move_vx"": -7.407564292267051, ""move_vy"": -1.173878722837311, ""kick_power"": 0.0, ""kick_dir"": null}, {""move_vx"": -0.0, ""move_vy"": 0.0, ""kick_power"": 0.0, ""kick_dir"": null}, {""move_vx"": -0.0, ""move_vy"": 0.0, ""kick_power"": 0.9, ""kick_dir"": [-0.8509872401371329, -0.5251862384660921]}, {""move_vx"": -0.0, ""move_vy"": 0.0, ""kick_power"": 0.65, ""kick_dir"": [-0.9880779859539309, -0.1539536889752378]}, {""move_vx"": -0.0, ""move_vy"": 0.0, ""kick_power"": 0.0, ""kick_dir"": null}]"
238,241,default,default,0,97.65291185774323,25.602888360956797,9,A,,4.426977756615664,0.5305529042158785,-0.017826707760369254,"[{""move_vx"": 0.0, ""move_vy"": -5.0, ""kick_power"": 0.0, ""kick_dir"": null}, {""move_vx"": 4.336418697282997, ""move_vy"": 3.8516844213739057, ""kick_power"": 0.0, ""kick_dir"": null}, {""move_vx"": 6.980026214309619, ""move_vy"": -0.7480869251300484, ""kick_power"": 0.0, ""kick_dir"": null}, {""move_vx"": 5.906467842906297, ""move_vy"": 0.6302678959885624, ""kick_power"": 0.0, ""kick_dir"": null}, {""move_vx"": -4.1012193308819755, ""move_vy"": 4.1012193308819755, ""kick_power"": 0.0, ""kick_dir"": null}, {""move_vx"": 4.313351365237939, ""move_vy"": 4.313351365237939, ""kick_power"": 0.0, ""kick_dir"": null}, {""move_vx"": -6.0, ""move_vy"": 0.0, ""kick_power"": 0.0, ""kick_dir"": null}, {""move_vx"": 4.242640687119285, ""move_vy"": -4.242640687119285, ""kick_power"": 0.0, ""kick_dir"": null}, {""move_vx"": 0.0, ""move_vy"": 0.0, ""kick_power"": 0.7, ""kick_dir"": [0.988106910283273, -0.15376829129828573]}, {""move_vx"": 4.242640687119285, ""move_vy"": 4.242640687119285, ""kick_power"": 0.0, ""kick_dir"": null}, {""move_vx"": 0.0, ""move_vy"": -6.0, ""kick_power"": 0.0, ""kick_dir"": null}, {""move_vx"": -0.0, ""move_vy"": 0.0, ""kick_power"": 0.0, ""kick_dir"": null}, {""move_vx"": 4.1012193308819755, ""move_vy"": 4.1012193308819755, ""kick_power"": 0.0, ""kick_dir"": null}, {""move_vx"": 3.8183766184073566, ""move_vy"": -3.8183766184073566, ""kick_power"": 0.0, ""kick_dir"": null}, {""move_vx"": 3.8183766184073566, ""move_vy"": 3.8183766184073566, ""kick_power"": 0.0, ""kick_dir"": null}, {""move_vx"": -0.0, ""move_vy"": -5.8, ""kick_power"": 0.0, ""kick_dir"": null}, {""move_vx"": -0.0, ""move_vy"": -6.0, ""kick_power"": 0.0, ""kick_dir"": null}, {""move_vx"": 4.242640687119285, ""move_vy"": -4.242640687119285, ""kick_power"": 0.0, ""kick_dir"": null}, {""move_vx"": 3.7447715897075224, ""move_vy"": -3.8905893822041144, ""kick_power"": 0.0, ""kick_dir"": null}, {""move_vx"": -0.0, ""move_vy"": 0.0, ""kick_power"": 0.9, ""kick_dir"": [-0.839139267888239, -0.5439164999122975]}, {""move_vx"": -0.0, ""move_vy"": 0.0, ""kick_power"": 0.65, ""kick_dir"": [-0.9880779859539309, -0.1539536889752378]}, {""move_vx"": -0.0, ""move_vy"": 0.0, ""kick_power"": 0.0, ""kick_dir"": null}]"
238,242,default,default,0,97.93575457021787,25.885731073431415,9,A,,4.452904032274588,0.5308478885566548,-1.778738166707895,"[{""move_vx"": 0.0, ""move_vy"": -5.0, ""kick_power"": 0.0, ""kick_dir"": null}, {""move_vx"": 4.336418697282996, ""move_vy"": 3.8516844213739065, ""kick_power"": 0.0, ""kick_dir"": null}, {""move_vx"": 5.4, ""move_vy"": 0.0, ""kick_power"": 0.0, ""kick_dir"": null}, {""move_vx"": 5.906467842906297, ""move_vy"": 0.6302678959885628, ""kick_power"": 0.0, ""kick_dir"": null}, {""move_vx"": -4.1012193308819755, ""move_vy"": 4.1012193308819755, ""kick_power"": 0.0, ""kick_dir"": null}, {""move_vx"": 4.313351365237939, ""move_vy"": 4.313351365237939, ""kick_power"": 0.0, ""kick_dir"": null}, {""move_vx"": -6.0, ""move_vy"": 0.0, ""kick_power"": 0.0, ""kick_dir"": null}, {""move_vx"": 4.242640687119285, ""move_vy"": -4.242640687119285, ""kick_power"": 0.0, ""kick_dir"": null}, {""move_vx"": 0.0, ""move_vy"": 0.0, ""kick_power"": 0.7, ""kick_dir"": [0.988106910283273, -0.15376829129828573]}, {""move_vx"": 4.242640687119285, ""move_vy"": 4.242640687119285, ""kick_power"": 0.0, ""kick_dir"": null}, {""move_vx"": 0.0, ""move_vy"": -6.0, ""kick_power"": 0.0, ""kick_dir"": null}, {""move_vx"": -0.0, ""move_vy"": 0.0, ""kick_power"": 0.0, ""kick_dir"": null}, {""move_vx"": -6.920309874271099, ""move_vy"": 0.7422339550747661, ""kick_power"": 0.0, ""kick_dir"": null}, {""move_vx"": 3.8183766184073566, ""move_vy"": -3.8183766184073566, ""kick_power"": 0.0, ""kick_dir"": null}, {""move_vx"": 3.8183766184073566, ""move_vy"": 3.8183766184073566, ""kick_power"": 0.0, ""kick_dir"": null}, {""move_vx"": -0.0, ""move_vy"": -5.8, ""kick_power"": 0.0, ""kick_dir"": null}, {""move_vx"": -0.0, ""move_vy"": -6.0, ""kick_power"": 0.0, ""kick_dir"": null}, {""move_vx"": 4.242640687119285, ""move_vy"": -4.242640687119285, ""kick_power"": 0.0, ""kick_dir"": null}, {""move_vx"": -0.0, ""move_vy"": 0.0, ""kick_power"": 0.0, ""kick_dir"": null}, {""move_vx"": -0.0, ""move_vy"": 0.0, ""kick_power"": 0.9, ""kick_dir"": [-0.8272270206668852, -0.5618677138934868]}, {""move_vx"": -0.0, ""move_vy"": 0.0, ""kick_power"": 0.65, ""kick_dir"": [-0.9880779859539309, -0.1539536889752378]}, {""move_vx"": -0.0, ""move_vy"": 0.0, ""kick_power"": 0.0, ""kick_dir"": null}]"
238,243,default,default,0,98.2185972826925,26.168573785906034,9,A,,4.479090747533303,0.5322618538331841,-1.7775104448293793,"[{""move_vx"": 0.0, ""move_vy"": -5.0, ""kick_power"": 0.0, ""kick_dir"": null}, {""move_vx"": 4.336418697282995, ""move_vy"": 3.8516844213739074, ""kick_power"": 0.0, ""kick_dir"": null}, {""move_vx"": 5.4, ""move_vy"": 0.0, ""kick_power"": 0.0, ""kick_dir"": null}, {""move_vx"": 5.906467842906297, ""move_vy"": 0.6302678959885629, ""kick_power"": 0.0, ""kick_dir"": null}, {""move_vx"": -4.1012193308819755, ""move_vy"": 4.1012193308819755, ""kick_power"": 0.0, ""kick_dir"": null}, {""move_vx"": 4.313351365237939, ""move_vy"": 4.313351365237939, ""kick_power"": 0.0, ""kick_dir"": null}, {""move_vx"": -6.0, ""move_vy"": 0.0, ""kick_power"": 0.0, ""kick_dir"": null}, {""move_vx"": 4.242640687119285, ""move_vy"": -4.242640687119285, ""kick_power"": 0.0, ""kick_dir"": null}, {""move_vx"": 0.0, ""move_vy"": 0.0, ""kick_power"": 0.7, ""kick_dir"": [0.988106910283273, -0.15376829129828573]}, {""move_vx"": 4.242640687119285, ""move_vy"": 4.242640687119285, ""kick_power"": 0.0, ""kick_dir"": null}, {""move_vx"": 0.0, ""move_vy"": -6.0, ""kick_power"": 0.0, ""kick_dir"": null}, {""move_vx"": -0.0, ""move_vy"": 0.0, ""kick_power"": 0.0, ""kick_dir"": null}, {""move_vx"": -6.920309874271099, ""move_vy"": 0.7422339550747663, ""kick_power"": 0.0, ""kick_dir"": null}, {""move_vx"": 3.8183766184073566, ""move_vy"": -3.8183766184073566, ""kick_power"": 0.0, ""kick_dir"": null}, {""move_vx"": 3.8183766184073566, ""move_vy"": 3.8183766184073566, ""kick_power"": 0.0, ""kick_dir"": null}, {""move_vx"": -0.0, ""move_vy"": -5.8, ""kick_power"": 0.0, ""kick_dir"": null}, {""move_vx"": -1.4096879356226557, ""move_vy"": 5.832047661341592, ""kick_power"": 0.0, ""kick_dir"": null}, {""move_vx"": 4.242640687119285, ""move_vy"": -4.242640687119285, ""kick_power"": 0.0, ""kick_dir"": null}, {""move_vx"": -0.0, ""move_vy"": 0.0, ""kick_power"": 0.0, ""kick_dir"": null}, {""move_vx"": 4.525483399593904, ""move_vy"": 4.525483399593904, ""kick_power"": 0.0, ""kick_dir"": null}, {""move_vx"": -0.0, ""move_vy"": 0.0, ""kick_power"": 1.0, ""kick_dir"": [-0.9970695736235538, -0.07649980063041645]}, {""move_vx"": -0.0, ""move_vy"": 0.0, ""kick_power"": 0.0, ""kick_dir"": null}]"
238,244,default,default,0,98.50143999516713,26.451416498380652,9,A,,4.505355944877556,0.533490738219894,-1.7884346041073944,"[{""move_vx"": 0.0, ""move_vy"": -5.0, ""kick_power"": 0.0, ""kick_dir"": null}, {""move_vx"": 4.336418697282993, ""move_vy"": 3.8516844213739088, ""kick_power"": 0.0, ""kick_dir"": null}, {""move_vx"": 5.4, ""move_vy"": 0.0, ""kick_power"": 0.0, ""kick_dir"": null}, {""move_vx"": 5.906467842906297, ""move_vy"": 0.6302678959885633, ""kick_power"": 0.0, ""kick_dir"": null}, {""move_vx"": -4.1012193308819755, ""move_vy"": 4.1012193308819755, ""kick_power"": 0.0, ""kick_dir"": null}, {""move_vx"": 4.313351365237939, ""move_vy"": 4.313351365237939, ""kick_power"": 0.0, ""kick_dir"": null}, {""move_vx"": -6.0, ""move_vy"": 0.0, ""kick_power"": 0.0, ""kick_dir"": null}, {""move_vx"": 4.242640687119285, ""move_vy"": -4.242640687119285, ""kick_power"": 0.0, ""kick_dir"": null}, {""move_vx"": 0.0, ""move_vy"": 0.0, ""kick_power"": 0.7, ""kick_dir"": [0.988106910283273, -0.15376829129828573]}, {""move_vx"": 4.242640687119285, ""move_vy"": 4.242640687119285, ""kick_power"": 0.0, ""kick_dir"": null}, {""move_vx"": 0.0, ""move_vy"": -6.0, ""kick_power"": 0.0, ""kick_dir"": null}, {""move_vx"": -0.0, ""move_vy"": 0.0, ""kick_power"": 0.0, ""kick_dir"": null}, {""move_vx"": -6.9203098742711, ""move_vy"": 0.7422339550747665, ""kick_power"": 0.0, ""kick_dir"": null}, {""move_vx"": -0.0, ""move_vy"": 0.0, ""kick_power"": 0.0, ""kick_dir"": null}, {""move_vx"": 3.8183766184073566, ""move_vy"": 3.8183766184073566, ""kick_power"": 0.0, ""kick_dir"": null}, {""move_vx"": -0.0, ""move_vy"": -5.8, ""kick_power"": 0.0, ""kick_dir"": null}, {""move_vx"": -0.0, ""move_vy"": -6.0, ""kick_power"": 0.0, ""kick_dir"": null}, {""move_vx"": 4.242640687119285, ""move_vy"": 4.242640687119285, ""kick_power"": 0.0, ""kick_dir"": null}, {""move_vx"": -0.0, ""move_vy"": 0.0, ""kick_power"": 0.0, ""kick_dir"": null}, {""move_vx"": -0.0, ""move_vy"": 0.0, ""kick_power"": 0.9, ""kick_dir"": [-0.8346742894014552, -0.5507437743193684]}, {""move_vx"": -0.0, ""move_vy"": 0.0, ""kick_power"": 0.65, ""kick_dir"": [-0.9875027445539202, -0.15760130232410122]}, {""move_vx"": -0.0, ""move_vy"": 0.0, ""kick_power"": 0.0, ""kick_dir"": null}]"
238,245,default,default,0,98.78428270764176,26.73425921085527,9,A,,4.531699685853485,0.5436578678969074,-1.7920457283607683,"[{""move_vx"": 0.0, ""move_vy"": -5.0, ""kick_power"": 0.0, ""kick_dir"": null}, {""move_vx"": 4.336418697282992, ""move_vy"": 3.851684421373909, ""kick_power"": 0.0, ""kick_dir"": null}, {""move_vx"": 5.4, ""move_vy"": 0.0, ""kick_power"": 0.0, ""kick_dir"": null}, {""move_vx"": 5.906467842906297, ""move_vy"": 0.6302678959885635, ""kick_power"": 0.0, ""kick_dir"": null}, {""move_vx"": -4.1012193308819755, ""move_vy"": 4.1012193308819755, ""kick_power"": 0.0, ""kick_dir"": null}, {""move_vx"": 4.313351365237939, ""move_vy"": 4.313351365237939, ""kick_power"": 0.0, ""kick_dir"": null}, {""move_vx"": 7.413196991065696, ""move_vy"": 1.1377655169913132, ""kick_power"": 0.0, ""kick_dir"": null}, {""move_vx"": 4.242640687119285, ""move_vy"": -4.242640687119285, ""kick_power"": 0.0, ""kick_dir"": null}, {""move_vx"": 0.0, ""move_vy"": 0.0, ""kick_power"": 0.7, ""kick_dir"": [0.988106910283273, -0.15376829129828573]}, {""move_vx"": 4.242640687119285, ""move_vy"": 4.242640687119285, ""kick_power"": 0.0, ""kick_dir"": null}, {""move_vx"": 0.0, ""move_vy"": -6.0, ""kick_power"": 0.0, ""kick_dir"": null}, {""move_vx"": -0.0, ""move_vy"": 0.0, ""kick_power"": 0.0, ""kick_dir"": null}, {""move_vx"": -6.920309874271098, ""move_vy"": 0.7422339550747665, ""kick_power"": 0.0, ""kick_dir"": null}, {""move_vx"": -0.0, ""move_vy"": 0.0, ""kick_power"": 0.0, ""kick_dir"": null}, {""move_vx"": 3.8183766184073566, ""move_vy"": 3.8183766184073566, ""kick_power"": 0.0, ""kick_dir"": null}, {""move_vx"": -0.0, ""move_vy"": -5.8, ""kick_power"": 0.0, ""kick_dir"": null}, {""move_vx"": -0.0, ""move_vy"": -6.0, ""kick_power"": 0.0, ""kick_dir"": null}, {""move_vx"": 4.242640687119285, ""move_vy"": 4.242640687119285, ""kick_power"": 0.0, ""kick_dir"": null}, {""move_vx"": -0.0, ""move_vy"": 0.0, ""kick_power"": 0.0, ""kick_dir"": null}, {""move_vx"": -8.309606702891616, ""move_vy"": -0.4157360259332148, ""kick_power"": 0.0, ""kick_dir"": null}, {""move_vx"": -0.0, ""move_vy"": 0.0, ""kick_power"": 0.65, ""kick_dir"": [-0.9875027445539202, -0.15760130232410122]}, {""move_vx"": -0.0, ""move_vy"": 0.0, ""kick_power"": 0.0, ""kick_dir"": null}]"
238,246,default,default,0,99.0671254201164,27.01710192332989,9,A,,4.558122031338342,0.5466239127615722,-1.7891843296641707,"[{""move_vx"": 0.0, ""move_vy"": -5.0, ""kick_power"": 0.0, ""kick_dir"": null}, {""move_vx"": 4.3364186972829915, ""move_vy"": 3.8516844213739105, ""kick_power"": 0.0, ""kick_dir"": null}, {""move_vx"": 5.4, ""move_vy"": 0.0, ""kick_power"": 0.0, ""kick_dir"": null}, {""move_vx"": -3.8183766184073566, ""move_vy"": -3.8183766184073566, ""kick_power"": 0.0, ""kick_dir"": null}, {""move_vx"": 6.567703336654098, ""move_vy"": -2.3036650975570696, ""kick_power"": 0.0, ""kick_dir"": null}, {""move_vx"": 4.313351365237939, ""move_vy"": 4.313351365237939, ""kick_power"": 0.0, ""kick_dir"": null}, {""move_vx"": 7.413196991065696, ""move_vy"": 1.137765516991313, ""kick_power"": 0.0, ""kick_dir"": null}, {""move_vx"": 4.242640687119285, ""move_vy"": -4.242640687119285, ""kick_power"": 0.0, ""kick_dir"": null}, {""move_vx"": 0.0, ""move_vy"": 0.0, ""kick_power"": 0.7, ""kick_dir"": [0.988106910283273, -0.15376829129828573]}, {""move_vx"": 4.242640687119285, ""move_vy"": 4.242640687119285, ""kick_power"": 0.0, ""kick_dir"": null}, {""move_vx"": 0.0, ""move_vy"": -6.0, ""kick_power"": 0.0, ""kick_dir"": null}, {""move_vx"": -0.0, ""move_vy"": 0.0, ""kick_power"": 0.0, ""kick_dir"": null}, {""move_vx"": -6.920309874271099, ""move_vy"": 0.7422339550747666, ""kick_power"": 0.0, ""kick_dir"": null}, {""move_vx"": -0.0, ""move_vy"": 0.0, ""kick_power"": 0.0, ""kick_dir"": null}, {""move_vx"": 3.8183766184073566, ""move_vy"": 3.8183766184073566, ""kick_power"": 0.0, ""kick_dir"": null}, {""move_vx"": -0.0, ""move_vy"": -5.8, ""kick_power"": 0.0, ""kick_dir"": null}, {""move_vx"": -0.0, ""move_vy"": -6.0, ""kick_power"": 0.0, ""kick_dir"": null}, {""move_vx"": 4.242640687119285, ""move_vy"": 4.242640687119285, ""kick_power"": 0.0, ""kick_dir"": null}, {""move_vx"": -0.0, ""move_vy"": 0.0, ""kick_power"": 0.0, ""kick_dir"": null}, {""move_vx"": -0.0, ""move_vy"": 0.0, ""kick_power"": 0.9, ""kick_dir"": [-0.8052298580797359, -0.5929626896509893]}, {""move_vx"": -0.0, ""move_vy"": 0.0, ""kick_power"": 0.65, ""kick_dir"": [-0.9878062450664516, -0.1556877236647408]}, {""move_vx"": -0.0, ""move_vy"": 0.0, ""kick_power"": 0.0, ""kick_dir"": null}]"
238,247,default,default,0,99.34996813259103,27.299944635804508,9,A,,4.584623041547321,0.5524443017340718,-1.7895371734136214,"[{""move_vx"": 0.0, ""move_vy"": -5.0, ""kick_power"": 0.0, ""kick_dir"": null}, {""move_vx"": 4.3364186972829915, ""move_vy"": 3.8516844213739123, ""kick_power"": 0.0, ""kick_dir"": null}, {""move_vx"": 5.4, ""move_vy"": 0.0, ""kick_power"": 0.0, ""kick_dir"": null}, {""move_vx"": 5.90453895629892, ""move_vy"": 0.6480892789951705, ""kick_power"": 0.0, ""kick_dir"": null}, {""move_vx"": 0.0, ""move_vy"": 0.0, ""kick_power"": 0.0, ""kick_dir"": null}, {""move_vx"": 4.313351365237939, ""move_vy"": 4.313351365237939, ""kick_power"": 0.0, ""kick_dir"": null}, {""move_vx"": 7.413196991065696, ""move_vy"": 1.1377655169913126, ""kick_power"": 0.0, ""kick_dir"": null}, {""move_vx"": 4.242640687119285, ""move_vy"": -4.242640687119285, ""kick_power"": 0.0, ""kick_dir"": null}, {""move_vx"": 0.0, ""move_vy"": 0.0, ""kick_power"": 0.7, ""kick_dir"": [0.988106910283273, -0.15376829129828573]}, {""move_vx"": 4.242640687119285, ""move_vy"": 4.242640687119285, ""kick_power"": 0.0, ""kick_dir"": null}, {""move_vx"": 0.0, ""move_vy"": -6.0, ""kick_power"": 0.0, ""kick_dir"": null}, {""move_vx"": -0.0, ""move_vy"": 0.0, ""kick_power"": 0.0, ""kick_dir"": null}, {""move_vx"": -6.920309874271099, ""move_vy"": 0.7422339550747667, ""kick_power"": 0.0, ""kick_dir"": null}, {""move_vx"": -0.0, ""move_vy"": 0.0, ""kick_power"": 0.0, ""kick_dir"": null}, {""move_vx"": 3.8183766184073566, ""move_vy"": 3.8183766184073566, ""kick_power"": 0.0, ""kick_dir"": null}, {""move_vx"": -0.0, ""move_vy"": -5.8, ""kick_power"": 0.0, ""kick_dir"": null}, {""move_vx"": -0.0, ""move_vy"": -6.0, ""kick_power"": 0.0, ""kick_dir"": null}, {""move_vx"": 4.242640687119285, ""move_vy"": -4.242640687119285, ""kick_power"": 0.0, ""kick_dir"": null}, {""move_vx"": -0.0, ""move_vy"": 0.0, ""kick_power"": 0.0, ""kick_dir"": null}, {""move_vx"": -8.309777979261938, ""move_vy"": -0.41229835722858266, ""kick_power"": 0.0, ""kick_dir"": null}, {""move_vx"": -0.0, ""move_vy"": 0.0, ""kick_power"": 0.65, ""kick_dir"": [-0.9878062450664516, -0.1556877236647408]}, {""move_vx"": -0.0, ""move_vy"": 0.0, ""kick_power"": 0.0, ""kick_dir"": null}]"
238,248,default,default,0,99.63281084506566,27.582787348279126,9,A,,4.611202776040354,0.5544817147298947,-1.783785943088357,"[{""move_vx"": 0.0, ""move_vy"": -5.0, ""kick_power"": 0.0, ""kick_dir"": null}, {""move_vx"": 4.336418697282989, ""move_vy"": 3.851684421373913, ""kick_power"": 0.0, ""kick_dir"": null}, {""move_vx"": 5.8781788081463775, ""move_vy"": 0.8547595565179931, ""kick_power"": 0.0, ""kick_dir"": null}, {""move_vx"": 5.90453895629892, ""move_vy"": 0.6480892789951705, ""kick_power"": 0.0, ""kick_dir"": null}, {""move_vx"": 0.0, ""move_vy"": 0.0, ""kick_power"": 0.0, ""kick_dir"": null}, {""move_vx"": 4.313351365237939, ""move_vy"": 4.313351365237939, ""kick_power"": 0.0, ""kick_dir"": null}, {""move_vx"": 7.413196991065696, ""move_vy"": 1.1377655169913123, ""kick_power"": 0.0, ""kick_dir"": null}, {""move_vx"": 4.242640687119285, ""move_vy"": -4.242640687119285, ""kick_power"": 0.0, ""kick_dir"": null}, {""move_vx"": 0.0, ""move_vy"": 0.0, ""kick_power"": 0.7, ""kick_dir"": [0.988106910283273, -0.15376829129828573]}, {""move_vx"": 4.242640687119285, ""move_vy"": 4.242640687119285, ""kick_power"": 0.0, ""kick_dir"": null}, {""move_vx"": 0.0, ""move_vy"": -6.0, ""kick_power"": 0.0, ""kick_dir"": null}, {""move_vx"": -0.0, ""move_vy"": 0.0, ""kick_power"": 0.0, ""kick_dir"": null}, {""move_vx"": -6.9203098742711, ""move_vy"": 0.742233955074767, ""kick_power"": 0.0, ""kick_dir"": null}, {""move_vx"": -0.0, ""move_vy"": 0.0, ""kick_power"": 0.0, ""kick_dir"": null}, {""move_vx"": 3.8183766184073566, ""move_vy"": 3.8183766184073566, ""kick_power"": 0.0, ""kick_dir"": null}, {""move_vx"": -0.0, ""move_vy"": 0.0, ""kick_power"": 0.9, ""kick_dir"": [0.5474869735198173, 0.8368140623289121]}, {""move_vx"": -0.0, ""move_vy"": -6.0, ""kick_power"": 0.0, ""kick_dir"": null}, {""move_vx"": 4.242640687119285, ""move_vy"": -4.242640687119285, ""kick_power"": 0.0, ""kick_dir"": null}, {""move_vx"": -0.0, ""move_vy"": 0.0, ""kick_power"": 0.0, ""kick_dir"": null}, {""move_vx"": -0.0, ""move_vy"": 0.0, ""kick_power"": 0.9, ""kick_dir"": [-0.7744058349975625, -0.6326890863552642]}, {""move_vx"": -0.0, ""move_vy"": 0.0, ""kick_power"": 0.65, ""kick_dir"": [-0.9880937089247712, -0.15385275872185308]}, {""move_vx"": 6.4, ""move_vy"": 0.0, ""kick_power"": 0.0, ""kick_dir"": null}]"
238,249,default,default,0,99.9156535575403,27.865630060753745,9,A,,4.6378612937288715,0.5556589961326683,-1.7842677455840983,"[{""move_vx"": 0.0, ""move_vy"": -5.0, ""kick_power"": 0.0, ""kick_dir"": null}, {""move_vx"": 4.311726935453887, ""move_vy"": 3.8793054576923214, ""kick_power"": 0.0, ""kick_dir"": null}, {""move_vx"": 5.878178808146378, ""move_vy"": 0.8547595565179935, ""kick_power"": 0.0, ""kick_dir"": null}, {""move_vx"": 5.90453895629892, ""move_vy"": 0.6480892789951705, ""kick_power"": 0.0, ""kick_dir"": null}, {""move_vx"": 0.0, ""move_vy"": 0.0, ""kick_power"": 0.0, ""kick_dir"": null}, {""move_vx"": 4.313351365237939, ""move_vy"": 4.313351365237939, ""kick_power"": 0.0, ""kick_dir"": null}, {""move_vx"": 7.413196991065696, ""move_vy"": 1.137765516991312, ""kick_power"": 0.0, ""kick_dir"": null}, {""move_vx"": 4.242640687119285, ""move_vy"": -4.242640687119285, ""kick_power"": 0.0, ""kick_dir"": null}, {""move_vx"": 0.0, ""move_vy"": 0.0, ""kick_power"": 0.7, ""kick_dir"": [0.988106910283273, -0.15376829129828573]}, {""move_vx"": 4.242640687119285, ""move_vy"": 4.242640687119285, ""kick_power"": 0.0, ""kick_dir"": null}, {""move_vx"": 0.0, ""move_vy"": -6.0, ""kick_power"": 0.0, ""kick_dir"": null}, {""move_vx"": -0.0, ""move_vy"": 0.0, ""kick_power"": 0.0, ""kick_dir"": null}, {""move_vx"": -6.920309874271098, ""move_vy"": 0.742233955074767, ""kick_power"": 0.0, ""kick_dir"": null}, {""move_vx"": -0.0, ""move_vy"": 0.0, ""kick_power"": 0.0, ""kick_dir"": null}, {""move_vx"": 3.8183766184073566, ""move_vy"": 3.8183766184073566, ""kick_power"": 0.0, ""kick_dir"": null}, {""move_vx"": -0.0, ""move_vy"": 0.0, ""kick_power"": 0.9, ""kick_dir"": [-0.8772475520709928, 0.4800382090009296]}, {""move_vx"": -0.0, ""move_vy"": -6.0, ""kick_power"": 0.0, ""kick_dir"": null}, {""move_vx"": 4.242640687119285, ""move_vy"": -4.242640687119285, ""kick_power"": 0.0, ""kick_dir"": null}, {""move_vx"": -0.0, ""move_vy"": 0.0, ""kick_power"": 0.0, ""kick_dir"": null}, {""move_vx"": 4.525483399593904, ""move_vy"": 4.525483399593904, ""kick_power"": 0.0, ""kick_dir"": null}, {""move_vx"": -0.0, ""move_vy"": 0.0, ""kick_power"": 0.65, ""kick_dir"": [-0.9880937089247712, -0.15385275872185308]}, {""move_vx"": -0.0, ""move_vy"": 0.0, ""kick_power"": 0.0, ""kick_dir"": null}]"
238,250,default,default,0,100,28.148472773228363,9,A,,4.416047972731981,-2.636334285069246,-3.4156287931580245,"[{""move_vx"": 0.0, ""move_vy"": -5.0, ""kick_power"": 0.0, ""kick_dir"": null}, {""move_vx"": 4.286644956526109, ""move_vy"": 3.907003329495545, ""kick_power"": 0.0, ""kick_dir"": null}, {""move_vx"": 5.878178808146378, ""move_vy"": 0.8547595565179941, ""kick_power"": 0.0, ""kick_dir"": null}, {""move_vx"": 5.90453895629892, ""move_vy"": 0.6480892789951704, ""kick_power"": 0.0, ""kick_dir"": null}, {""move_vx"": 0.0, ""move_vy"": 0.0, ""kick_power"": 0.0, ""kick_dir"": null}, {""move_vx"": 4.313351365237939, ""move_vy"": 4.313351365237939, ""kick_power"": 0.0, ""kick_dir"": null}, {""move_vx"": 7.413196991065696, ""move_vy"": 1.1377655169913115, ""kick_power"": 0.0, ""kick_dir"": null}, {""move_vx"": 4.242640687119285, ""move_vy"": -4.242640687119285, ""kick_power"": 0.0, ""kick_dir"": null}, {""move_vx"": 0.0, ""move_vy"": 0.0, ""kick_power"": 0.7, ""kick_dir"": [0.988106910283273, -0.15376829129828573]}, {""move_vx"": 4.242640687119285, ""move_vy"": 4.242640687119285, ""kick_power"": 0.0, ""kick_dir"": null}, {""move_vx"": 0.0, ""move_vy"": -6.0, ""kick_power"": 0.0, ""kick_dir"": null}, {""move_vx"": -0.0, ""move_vy"": 0.0, ""kick_power"": 0.0, ""kick_dir"": null}, {""move_vx"": -6.9203098742711, ""move_vy"": 0.7422339550747673, ""kick_power"": 0.0, ""kick_dir"": null}, {""move_vx"": -0.0, ""move_vy"": 0.0, ""kick_power"": 0.0, ""kick_dir"": null}, {""move_vx"": 3.8183766184073566, ""move_vy"": 3.8183766184073566, ""kick_power"": 0.0, ""kick_dir"": null}, {""move_vx"": -0.0, ""move_vy"": -5.8, ""kick_power"": 0.0, ""kick_dir"": null}, {""move_vx"": -0.0, ""move_vy"": -6.0, ""kick_power"": 0.0, ""kick_dir"": null}, {""move_vx"": 4.242640687119285, ""move_vy"": -4.242640687119285, ""kick_power"": 0.0, ""kick_dir"": null}, {""move_vx"": -0.0, ""move_vy"": 0.0, ""kick_power"": 0.0, ""kick_dir"": null}, {""move_vx"": -8.307764398491942, ""move_vy"": -0.45105509547038874, ""kick_power"": 0.0, ""kick_dir"": null}, {""move_vx"": -0.0, ""move_vy"": 0.0, ""kick_power"": 0.65, ""kick_dir"": [-0.9892844951530799, -0.14600011261141968]}, {""move_vx"": -0.0, ""move_vy"": 0.0, ""kick_power"": 0.0, ""kick_dir"": null}]"
